granule,file,size,sha256,etag,last_modified
S3A_OL_2_WFR____20220101T060107_20220101T060407_20220102T184048_0180_080_205_2520_MAR_O_NT_003.SEN3,chl_oc4me.nc,8596879,575bb2c1ba5c77331d7bd5b9197bfea197f6046dcd426303b42b44b014e487e2,165c7f9290dd87d53f581bc534eb8bf5-2,"Sun, 02 Jan 2022 19:38:28 GMT"
S3A_OL_2_WFR____20220101T060107_20220101T060407_20220102T184048_0180_080_205_2520_MAR_O_NT_003.SEN3,geo_coordinates.nc,58817487,3f9e78154d0699e0d1b2cacdcfdb4d87a1ffe57e40b974f0418a6a545ac0248f,cc9d1cd2391f1affbd7b63f00bfdca55-8,"Sun, 02 Jan 2022 19:38:27 GMT"
S3A_OL_2_WFR____20220101T060107_20220101T060407_20220102T184048_0180_080_205_2520_MAR_O_NT_003.SEN3,tie_geo_coordinates.nc,1135768,09facfc4984b09c9da45e5f3015f85b39b45584c1e8b0ca4af702b435726b879,5e52e08dd2d70818c1cec4c7b25de691,"Sun, 02 Jan 2022 19:38:26 GMT"
S3A_OL_2_WFR____20220101T060107_20220101T060407_20220102T184048_0180_080_205_2520_MAR_O_NT_003.SEN3,wqsf.nc,9539743,f48cb2d0a4baaca1245c9d9de2eb75b1a86f3b17b74bd6459aa38310fb652ced,16863e051ce592c5983714478df292f1-2,"Sun, 02 Jan 2022 19:38:26 GMT"
S3A_OL_2_WFR____20220103T064944_20220103T065244_20220104T183035_0179_080_234_2520_MAR_O_NT_003.SEN3,chl_oc4me.nc,2981755,c3e9f578670a248bfbbca3578d5faf8067dd088d6a5e0cfe2e4ab58fca301729,32cce70c25c9f1769aeb682862f30069,"Tue, 04 Jan 2022 19:08:50 GMT"
S3A_OL_2_WFR____20220103T064944_20220103T065244_20220104T183035_0179_080_234_2520_MAR_O_NT_003.SEN3,geo_coordinates.nc,59199513,581a7a083af71fdafc8ef90fb9187924d8e0ec01caf24dbf4431d77e3af6d23c,0bbdb096e875816bfa716cf09ee5d85c-8,"Tue, 04 Jan 2022 19:08:50 GMT"
S3A_OL_2_WFR____20220103T064944_20220103T065244_20220104T183035_0179_080_234_2520_MAR_O_NT_003.SEN3,tie_geo_coordinates.nc,1135805,8d7096a0cb2d46c163763605e32a9fc38aee5dfad30ca97d22638502b09edcb2,b00b747f191a0fcb4a4be0260fa948fb,"Tue, 04 Jan 2022 19:08:49 GMT"
S3A_OL_2_WFR____20220103T064944_20220103T065244_20220104T183035_0179_080_234_2520_MAR_O_NT_003.SEN3,wqsf.nc,5269106,9a0fc347a0826bfedee1cf2fb3bb747c70de0fd086f394f5755d9e579b7dbc33,a040cbb6fcd8e3ec0a019492ce0e54b4,"Tue, 04 Jan 2022 19:08:49 GMT"
S3A_OL_2_WFR____20220104T062333_20220104T062633_20220105T165133_0179_080_248_2520_MAR_O_NT_003.SEN3,chl_oc4me.nc,4204756,08461ac8aac8035bee6bb5ef71d5b7a1e8c0a6b72bbcaf62a60e24c5516af28b,1f0e521b1dca547d2497eab9ea30955b,"Thu, 06 Jan 2022 02:49:53 GMT"
S3A_OL_2_WFR____20220104T062333_20220104T062633_20220105T165133_0179_080_248_2520_MAR_O_NT_003.SEN3,geo_coordinates.nc,59984601,b4ca0101f2517b10ab528a0cf3634c9c1885c3df485d201e07659dd62b6f25a2,4e36d7b6599a6074a0e21da3d0582f2f-8,"Thu, 06 Jan 2022 02:49:53 GMT"
S3A_OL_2_WFR____20220104T062333_20220104T062633_20220105T165133_0179_080_248_2520_MAR_O_NT_003.SEN3,tie_geo_coordinates.nc,1138283,69fedacd32d7c5686b6e004e32a3d3c783baaf410836d99e5726cf806f38f4e6,e80a4f04dee448ef843a078a3a8001f1,"Thu, 06 Jan 2022 02:49:52 GMT"
S3A_OL_2_WFR____20220104T062333_20220104T062633_20220105T165133_0179_080_248_2520_MAR_O_NT_003.SEN3,wqsf.nc,5979404,1b707ad32961cd3b7bfdfdc7ed8da169db3c6f4280e13503f1453750a58ee46d,614d46733810327dd2fb3a271a67eaaa,"Thu, 06 Jan 2022 02:49:53 GMT"
S3A_OL_2_WFR____20220105T055722_20220105T060022_20220106T173537_0180_080_262_2520_MAR_O_NT_003.SEN3,chl_oc4me.nc,6564759,55fef9de76032dfc8ba579971a5a3b7876a1a78bfaba41ec16de07c34eb34477,dfebd1b1ec58eeb54a09be394d8d97df,"Thu, 06 Jan 2022 18:46:23 GMT"
S3A_OL_2_WFR____20220105T055722_20220105T060022_20220106T173537_0180_080_262_2520_MAR_O_NT_003.SEN3,geo_coordinates.nc,58546942,61d1689d4465114c0d5716d430f788e53b3578ef0bd277aabc7341559ff786b9,3d55f71915abd720dafab628861d3314-7,"Thu, 06 Jan 2022 18:46:22 GMT"
S3A_OL_2_WFR____20220105T055722_20220105T060022_20220106T173537_0180_080_262_2520_MAR_O_NT_003.SEN3,tie_geo_coordinates.nc,1134560,a53673e5bf29232a76006572662206aa2cc9651d954e393167b4aeff6c90ca9b,92e2c2fe3aa5e16aee4d4c45b604da7c,"Thu, 06 Jan 2022 18:46:21 GMT"
S3A_OL_2_WFR____20220105T055722_20220105T060022_20220106T173537_0180_080_262_2520_MAR_O_NT_003.SEN3,wqsf.nc,8383146,4550febab0f50cf0088bb47c921574d0ffedf6b942cf47b482d9ce958e674b7f,7743ee34606d75a1f65b8f802d7fcaa4,"Thu, 06 Jan 2022 18:46:21 GMT"
S3A_OL_2_WFR____20220108T061949_20220108T062249_20220109T190805_0179_080_305_2520_MAR_O_NT_003.SEN3,chl_oc4me.nc,7397705,6e56a809c412c55dbe03dd393c58287a657dbbd5996dd04b1bb708428bbb6608,a8caeb16130ba98a7ca24a8f99e872dd,"Sun, 09 Jan 2022 21:17:06 GMT"
S3A_OL_2_WFR____20220108T061949_20220108T062249_20220109T190805_0179_080_305_2520_MAR_O_NT_003.SEN3,geo_coordinates.nc,59827397,e7e6fba7d264c508fa377a413bffa00889bc365f5874b63a60c26cf721b816a4,1f4b4903e5268c43df232640bbc7e9e6-8,"Sun, 09 Jan 2022 21:17:05 GMT"
S3A_OL_2_WFR____20220108T061949_20220108T062249_20220109T190805_0179_080_305_2520_MAR_O_NT_003.SEN3,tie_geo_coordinates.nc,1140817,6cfd0731efd6d49d4692ce18155a2da8e8415d1a16b341ce74b1d033799e7f1c,7cf717898a21d1a6dbef1ba611164240,"Sun, 09 Jan 2022 21:17:04 GMT"
S3A_OL_2_WFR____20220108T061949_20220108T062249_20220109T190805_0179_080_305_2520_MAR_O_NT_003.SEN3,wqsf.nc,6471110,18eef922cad96f6dd14ad83752534e8e76a38484f9e6d52c9450a5e20e2037f5,91cd6426a0ad2eccdca536793b4889fc,"Sun, 09 Jan 2022 21:17:05 GMT"
S3A_OL_2_WFR____20220109T055339_20220109T055639_20220110T181349_0179_080_319_2520_MAR_O_NT_003.SEN3,chl_oc4me.nc,10616183,23abdb869d069a74f2ce56372a8afa4285a0d11a5c45a4caa0ced735966aeeb4,5489142cc037ef6c474c4ffc3529efdd-2,"Mon, 10 Jan 2022 19:47:02 GMT"
S3A_OL_2_WFR____20220109T055339_20220109T055639_20220110T181349_0179_080_319_2520_MAR_O_NT_003.SEN3,geo_coordinates.nc,58181374,f0d2ccac4ebfa3b6cbe0be0fb14340a12e1a402fe4943ea6100f1d9d0b54c6b1,edd68f2f2be2bf932bcba49ee155aa02-7,"Mon, 10 Jan 2022 19:47:02 GMT"
S3A_OL_2_WFR____20220109T055339_20220109T055639_20220110T181349_0179_080_319_2520_MAR_O_NT_003.SEN3,tie_geo_coordinates.nc,1139663,1306981bbc60f23df7dccd44dcc49c116f58a64384f948b30e92aa27db30a9c8,2854b935b92abeed11bb112abbf6d560,"Mon, 10 Jan 2022 19:47:01 GMT"
S3A_OL_2_WFR____20220109T055339_20220109T055639_20220110T181349_0179_080_319_2520_MAR_O_NT_003.SEN3,wqsf.nc,9412084,709b8c4aaf3378764c8e4f8050b850ae951f830d07d7473d06584216556c8100,403363bd4c7e78e41b3d8b585148f766-2,"Mon, 10 Jan 2022 19:47:01 GMT"
S3A_OL_2_WFR____20220111T064217_20220111T064517_20220112T183536_0179_080_348_2520_MAR_O_NT_003.SEN3,chl_oc4me.nc,3614883,dbfcc664c73e46eb77d55b0875b6c67138c5435f71dad442b5aa31b9eb09a5b1,02022d6de01dde063ad9be8b8c3524e7,"Wed, 12 Jan 2022 19:11:16 GMT"
S3A_OL_2_WFR____20220111T064217_20220111T064517_20220112T183536_0179_080_348_2520_MAR_O_NT_003.SEN3,geo_coordinates.nc,59523602,bc865a4a6efa8f4dba94967bbc10f0915d25ac239a80fa418749b7625d4da6c0,e7e2b763c6133c5260f0e3a49431fd32-8,"Wed, 12 Jan 2022 19:11:15 GMT"
S3A_OL_2_WFR____20220111T064217_20220111T064517_20220112T183536_0179_080_348_2520_MAR_O_NT_003.SEN3,tie_geo_coordinates.nc,1136634,caa66b7078cb1b8b8cf3611aa8a07d8520906a1f7b7c333656339872cf64832b,53bee5cad57744b5c2cd23b1f23f3954,"Wed, 12 Jan 2022 19:11:15 GMT"
S3A_OL_2_WFR____20220111T064217_20220111T064517_20220112T183536_0179_080_348_2520_MAR_O_NT_003.SEN3,wqsf.nc,4379056,e7e5373a26a72c929e88bf62e41dada2abd26661721a9977e07dccb675e8e645,91ddf36801e901bd9569c86320788440,"Wed, 12 Jan 2022 19:11:15 GMT"
S3A_OL_2_WFR____20220112T061606_20220112T061906_20220113T165127_0179_080_362_2520_MAR_O_NT_003.SEN3,chl_oc4me.nc,8274949,e55e8075afb1bb03555a1b39ca5052f6633420b10432ade9a25af108cd4e05ae,9a686a636450873430d343a929bb86e8,"Thu, 13 Jan 2022 17:38:29 GMT"
S3A_OL_2_WFR____20220112T061606_20220112T061906_20220113T165127_0179_080_362_2520_MAR_O_NT_003.SEN3,geo_coordinates.nc,59659129,4b94975585e5adb052f02d1fa5764213cbded2bf54f3fd0fb521be501b798ab0,45b3e3e39302307cddee044192f2bd9a-8,"Thu, 13 Jan 2022 17:38:28 GMT"
S3A_OL_2_WFR____20220112T061606_20220112T061906_20220113T165127_0179_080_362_2520_MAR_O_NT_003.SEN3,tie_geo_coordinates.nc,1133825,587ea50ace8ed2d62f4a6a06e1d774673b96bfd5b7a31f27a1121b08ede0cebe,4e473efbc6e0eea87184103fc3a15a5d,"Thu, 13 Jan 2022 17:38:27 GMT"
S3A_OL_2_WFR____20220112T061606_20220112T061906_20220113T165127_0179_080_362_2520_MAR_O_NT_003.SEN3,wqsf.nc,6131324,8e2a4de9b16e9751f94895675284bdb11cbfb6b860a345c67888171039e1abd4,8776913b1d2e6a786201cc79123ad925,"Thu, 13 Jan 2022 17:38:27 GMT"
S3A_OL_2_WFR____20220113T054956_20220113T055256_20220114T182629_0179_080_376_2520_MAR_O_NT_003.SEN3,chl_oc4me.nc,11015185,d5f0cc98c2ba8355d4dd1250703837564a46d78cce9d24b49e8ae03d0486ce73,b48e0825a3394260fdbdde0912b53ba0-2,"Fri, 14 Jan 2022 19:40:11 GMT"
S3A_OL_2_WFR____20220113T054956_20220113T055256_20220114T182629_0179_080_376_2520_MAR_O_NT_003.SEN3,geo_coordinates.nc,57698677,ba6d824e10dc4a84f86bba8fe34365d113979a6c3c1db47bb22f6b5ecabe07d2,3aefc0e1cf56450d104a518f65da1aff-7,"Fri, 14 Jan 2022 19:40:11 GMT"
S3A_OL_2_WFR____20220113T054956_20220113T055256_20220114T182629_0179_080_376_2520_MAR_O_NT_003.SEN3,tie_geo_coordinates.nc,1135067,409cf2ca759a8bb6c953f8edcb22e57f684ae54296f252029f6f1313cd1540b7,acced4029871da95fd3a490d7fe7500d,"Fri, 14 Jan 2022 19:40:10 GMT"
S3A_OL_2_WFR____20220113T054956_20220113T055256_20220114T182629_0179_080_376_2520_MAR_O_NT_003.SEN3,wqsf.nc,9592153,9ae3a3c380ca0f79ef9f9063a3ee9f64dd627e82cadd047f74113a665820fbf2,3cd7089b80f004e05ff970264880052b-2,"Fri, 14 Jan 2022 19:40:10 GMT"
S3A_OL_2_WFR____20220115T063834_20220115T064134_20220116T175453_0179_081_020_2520_MAR_O_NT_003.SEN3,chl_oc4me.nc,1599533,187c6d20a8f187251a911de726b09e14d0566033b6a9473c68ad54e5a49355e4,d6e707c0b3f561993153f3718fdc9669,"Sun, 16 Jan 2022 18:40:36 GMT"
S3A_OL_2_WFR____20220115T063834_20220115T064134_20220116T175453_0179_081_020_2520_MAR_O_NT_003.SEN3,geo_coordinates.nc,59764655,cd32a8d23187f93f240252a74d0cc36ce49c9175089a972e932fab0384398e59,361b80221b0d9ace21777c36c702c533-8,"Sun, 16 Jan 2022 18:40:36 GMT"
S3A_OL_2_WFR____20220115T063834_20220115T064134_20220116T175453_0179_081_020_2520_MAR_O_NT_003.SEN3,tie_geo_coordinates.nc,1138122,781cbdb7edd475420bf4e0181b87be7e3edfd9616d1baef233ae1768a3c5d8d6,1858e4f27515a4ee44ca9d597a559fc2,"Sun, 16 Jan 2022 18:40:36 GMT"
S3A_OL_2_WFR____20220115T063834_20220115T064134_20220116T175453_0179_081_020_2520_MAR_O_NT_003.SEN3,wqsf.nc,3651756,882cd101bb24d8456c1f1c0e5f4ad5e8d527e4923032d080bc21a3b03520798f,73e5cda3af24eb82eb39ac8c97ab6701,"Sun, 16 Jan 2022 18:40:36 GMT"
S3A_OL_2_WFR____20220116T061223_20220116T061523_20220117T183517_0179_081_034_2520_MAR_O_NT_003.SEN3,chl_oc4me.nc,5244972,b8719c223c8095694636e799baa6160c963fc0bd009693135fd2092e90e376e8,1a771614b123fd67be5f1dc6a4471b84,"Mon, 17 Jan 2022 19:41:39 GMT"
S3A_OL_2_WFR____20220116T061223_20220116T061523_20220117T183517_0179_081_034_2520_MAR_O_NT_003.SEN3,geo_coordinates.nc,59391721,6ce30a430f37dc25d8abe893fe2c7b2608835622109ad7b3bab3b5de624e5254,1e38a7634fcb03be4dd4e0f7e530620b-8,"Mon, 17 Jan 2022 19:41:38 GMT"
S3A_OL_2_WFR____20220116T061223_20220116T061523_20220117T183517_0179_081_034_2520_MAR_O_NT_003.SEN3,tie_geo_coordinates.nc,1138060,ccc5180ee2a578a3ff76f7d68f782c903b8328b6e888a8007512c4bbcb5c3832,a1e884781eaf8eaba41c544f00a0ea82,"Mon, 17 Jan 2022 19:41:38 GMT"
S3A_OL_2_WFR____20220116T061223_20220116T061523_20220117T183517_0179_081_034_2520_MAR_O_NT_003.SEN3,wqsf.nc,7095048,f32ec6b68adc50a5a0ed49b3a3d546c2396631c7749a55904c24165a842d42b7,80069886330f63d8e790656dfc0c5cff,"Mon, 17 Jan 2022 19:41:38 GMT"
S3A_OL_2_WFR____20220117T054612_20220117T054912_20220118T162339_0179_081_048_2520_MAR_O_NT_003.SEN3,chl_oc4me.nc,11334203,b4e52148e8e077f1335f1b9eb984c229f1daf4a58cf87b12d99d00b427df7d42,d7e14f32f53de97c5193f8ebe0100b8a-2,"Tue, 18 Jan 2022 20:07:53 GMT"
S3A_OL_2_WFR____20220117T054612_20220117T054912_20220118T162339_0179_081_048_2520_MAR_O_NT_003.SEN3,geo_coordinates.nc,57452969,865b870a331d45fd86d62140cf88fb3347d004374d19069b71f66e24d7de7cca,a76409185c0aae0f3ee71ea69d32ea29-7,"Tue, 18 Jan 2022 20:07:53 GMT"
S3A_OL_2_WFR____20220117T054612_20220117T054912_20220118T162339_0179_081_048_2520_MAR_O_NT_003.SEN3,tie_geo_coordinates.nc,1138746,2019c3c2babca8d38d1dd1f70e647fe7ff00463c6a98070f93046bbba1d85c74,ac1c42a6eded25705bdd186dec58c932,"Tue, 18 Jan 2022 20:07:52 GMT"
S3A_OL_2_WFR____20220117T054612_20220117T054912_20220118T162339_0179_081_048_2520_MAR_O_NT_003.SEN3,wqsf.nc,11753892,66151929ca73dbefcf10e84406a8185a4f289236bed5016c2273c78532804b65,ec8d615f62ab72ac4cd9164f531ba803-2,"Tue, 18 Jan 2022 20:07:52 GMT"
S3A_OL_2_WFR____20220119T063450_20220119T063750_20220120T162611_0179_081_077_2520_MAR_O_NT_003.SEN3,chl_oc4me.nc,2902066,a7465edda2a52b0a7179771e4e167e83633e594ba17edcf7174878855708cda3,94526147621774ed0467893750d4cd08,"Thu, 20 Jan 2022 17:38:40 GMT"
S3A_OL_2_WFR____20220119T063450_20220119T063750_20220120T162611_0179_081_077_2520_MAR_O_NT_003.SEN3,geo_coordinates.nc,59922896,fff94f3541f77e2ea4ea6f71b21497d2917e22de6e0c1a400b2df456f40fc1c8,c97996c21e4459af9a32db915a368b33-8,"Thu, 20 Jan 2022 17:38:40 GMT"
S3A_OL_2_WFR____20220119T063450_20220119T063750_20220120T162611_0179_081_077_2520_MAR_O_NT_003.SEN3,tie_geo_coordinates.nc,1143635,f660f821ed963d38e4cd931d937b6d96439e22038d20ab1912599ec0de4df982,8d928ea04e56c6759e39df74dff38071,"Thu, 20 Jan 2022 17:38:39 GMT"
S3A_OL_2_WFR____20220119T063450_20220119T063750_20220120T162611_0179_081_077_2520_MAR_O_NT_003.SEN3,wqsf.nc,5545096,8823616e41a1b7ae0963e9cc5ccbac2b879fd83396360eec8a4db4d98a82920e,4262631ee6be1c7851087b1fec9395e8,"Thu, 20 Jan 2022 17:38:39 GMT"
S3A_OL_2_WFR____20220120T060839_20220120T061139_20220121T190455_0180_081_091_2520_MAR_O_NT_003.SEN3,chl_oc4me.nc,8603875,b3c49c3b1d3b2f713539d23d406afcbeb557948b0cac1d8fdc5ccde2002d0348,cb979a2fc7540b8332e75abd034c55f7-2,"Fri, 21 Jan 2022 21:05:55 GMT"
S3A_OL_2_WFR____20220120T060839_20220120T061139_20220121T190455_0180_081_091_2520_MAR_O_NT_003.SEN3,geo_coordinates.nc,59286629,5a5cd3c5f91b68b43918566f631640cbaca7897671e3ea9efe2722034c9fa5a5,e93a6895a4a44561ec6844b7d6a423bd-8,"Fri, 21 Jan 2022 21:05:54 GMT"
S3A_OL_2_WFR____20220120T060839_20220120T061139_20220121T190455_0180_081_091_2520_MAR_O_NT_003.SEN3,tie_geo_coordinates.nc,1137193,f396414b808b25f8531fef5a09c7c4dceb27c44954ccf1ccdd14757d31997913,3a354fe98c2cd922953bae9a09a3a6c0,"Fri, 21 Jan 2022 21:05:53 GMT"
S3A_OL_2_WFR____20220120T060839_20220120T061139_20220121T190455_0180_081_091_2520_MAR_O_NT_003.SEN3,wqsf.nc,8553244,69848bcb73aa65719ae9879dd3e920d69d6544c01e1b5bea1e57114d2c03f08d,8f90e68d259257146e2f705e8c90471f-2,"Fri, 21 Jan 2022 21:05:53 GMT"
S3A_OL_2_WFR____20220121T054229_20220121T054529_20220122T182823_0179_081_105_2520_MAR_O_NT_003.SEN3,chl_oc4me.nc,10871499,840d9b3dffd3deefb4b846317c3f44a82d3617638a33f267c8fdb1959547ee0e,200beb6145b383209b18c1583a24bbc3-2,"Sat, 22 Jan 2022 19:07:59 GMT"
S3A_OL_2_WFR____20220121T054229_20220121T054529_20220122T182823_0179_081_105_2520_MAR_O_NT_003.SEN3,geo_coordinates.nc,57374640,7eb7c937616038b2e09b8b99712d6087e0c5d2b7513cf9d18ff1fccaff4ac445,d77d2c00fc70784e89b961ef824723b0-7,"Sat, 22 Jan 2022 19:07:58 GMT"
S3A_OL_2_WFR____20220121T054229_20220121T054529_20220122T182823_0179_081_105_2520_MAR_O_NT_003.SEN3,tie_geo_coordinates.nc,1138455,c0f9699396b9505698a2b4734afbbb0e0a1263656c6f7f3ddb69969da84b3a75,0dd0ab12ec426656c23e88a510f1383b,"Sat, 22 Jan 2022 19:07:57 GMT"
S3A_OL_2_WFR____20220121T054229_20220121T054529_20220122T182823_0179_081_105_2520_MAR_O_NT_003.SEN3,wqsf.nc,11376680,a292ef3dfc2bae1f7f4bf2b7b9d3aba5ba7c7faae7e17f70f57dce073f53a899,863d2f69afca76bf1b38639009251eb3-2,"Sat, 22 Jan 2022 19:07:58 GMT"
S3A_OL_2_WFR____20220123T063106_20220123T063406_20220125T002707_0179_081_134_2520_MAR_O_NT_003.SEN3,chl_oc4me.nc,5214346,28a12f80a0c0a970ddd1ed848aa7efed3180106f043acda78abbcf01692f6bd5,4c669e9e08be13cd3d6953bdcd9f13cb,"Tue, 25 Jan 2022 03:07:29 GMT"
S3A_OL_2_WFR____20220123T063106_20220123T063406_20220125T002707_0179_081_134_2520_MAR_O_NT_003.SEN3,geo_coordinates.nc,60067383,e46c590caf55b285f2f209052e25c20ef0dcf2b5dad6be848f8e4a80d291a56f,ea957907f6a6996a9f32d42b97dbbf46-8,"Tue, 25 Jan 2022 03:07:29 GMT"
S3A_OL_2_WFR____20220123T063106_20220123T063406_20220125T002707_0179_081_134_2520_MAR_O_NT_003.SEN3,tie_geo_coordinates.nc,1138596,8b42024746bf0e12dc967d3e9f04ec2c793250731585b292ba45e66eb280b222,56251c120ce5eb7fdebd749baebff2ea,"Tue, 25 Jan 2022 03:07:28 GMT"
S3A_OL_2_WFR____20220123T063106_20220123T063406_20220125T002707_0179_081_134_2520_MAR_O_NT_003.SEN3,wqsf.nc,5436838,370d9c88bf820edc67986f2503fccdf0cbc48c10be3e2c5723eccec086fd2e96,f9f29c8cc3a0f6d52039cf71808a839b,"Tue, 25 Jan 2022 03:07:29 GMT"
S3A_OL_2_WFR____20220124T060455_20220124T060755_20220125T181313_0179_081_148_2520_MAR_O_NT_003.SEN3,chl_oc4me.nc,9486432,20a20a04b55dd4fcde802a6192fdfdeb47dc1e929953049fed856c2e66c905ff,472f7868f8224ebd8e74bcf5603c292b-2,"Tue, 25 Jan 2022 19:59:31 GMT"
S3A_OL_2_WFR____20220124T060455_20220124T060755_20220125T181313_0179_081_148_2520_MAR_O_NT_003.SEN3,geo_coordinates.nc,59082705,995706859f34e39da268c6b994ea1585a313abb17674ffa1048ce3a4ba5fca2d,6089caeb783c6a5a6af6d001a1e76dfa-8,"Tue, 25 Jan 2022 19:59:30 GMT"
S3A_OL_2_WFR____20220124T060455_20220124T060755_20220125T181313_0179_081_148_2520_MAR_O_NT_003.SEN3,tie_geo_coordinates.nc,1133502,3a664ecbe7e45cfff48909990f538826cb9fd6880aa3b64d3b74d0c641124624,bbed1e76758ff16008d3cbd4cba4b9f3,"Tue, 25 Jan 2022 19:59:29 GMT"
S3A_OL_2_WFR____20220124T060455_20220124T060755_20220125T181313_0179_081_148_2520_MAR_O_NT_003.SEN3,wqsf.nc,8026932,93c582434159ef9299a6940d83815b7cf9a14a071cde38d5c6fb53277839b00b,afe86334be40414ee9a05e15ca41162e,"Tue, 25 Jan 2022 19:59:30 GMT"
S3A_OL_2_WFR____20220125T053844_20220125T054144_20220126T172623_0179_081_162_2520_MAR_O_NT_003.SEN3,chl_oc4me.nc,10733512,b08240750c16a25fb0b2c533f865179e3a60a434bef37422a7b8aaad13099d99,15f0d0728c236e1564f621bcf1899fee-2,"Fri, 28 Jan 2022 10:21:18 GMT"
S3A_OL_2_WFR____20220125T053844_20220125T054144_20220126T172623_0179_081_162_2520_MAR_O_NT_003.SEN3,geo_coordinates.nc,57194654,cc0dfb606e7d4deada6e1bdaa3c7dfc4975e1f09375fd501e2ea157f45eccf93,795c656101ec4c95aa49dda4c65a0979-7,"Fri, 28 Jan 2022 10:21:18 GMT"
S3A_OL_2_WFR____20220125T053844_20220125T054144_20220126T172623_0179_081_162_2520_MAR_O_NT_003.SEN3,tie_geo_coordinates.nc,1139751,a2a264180425d5d6e57a7a43ec600a2ce8a1aee599319bff98fb8f50f3ef2477,68b943e35ffab4fc204d066bc34709bf,"Fri, 28 Jan 2022 10:21:18 GMT"
S3A_OL_2_WFR____20220125T053844_20220125T054144_20220126T172623_0179_081_162_2520_MAR_O_NT_003.SEN3,wqsf.nc,8037023,4232b70a1ae9bc93271f0dfb3574d23c487d68aab525658a57ce63d01c5fe113,aef4ba2c4f27ebca5aa8b162c88235dc,"Fri, 28 Jan 2022 10:21:18 GMT"
S3A_OL_2_WFR____20220126T065333_20220126T065633_20220127T180556_0179_081_177_2520_MAR_O_NT_003.SEN3,chl_oc4me.nc,3542942,2b05f5067cc2df8d95cf5dd7f8b95e99cba49edcdb4b0a654f7245f5ab95c29d,ee8d7b50bda05364385063267bd61d21,"Sat, 29 Jan 2022 09:59:10 GMT"
S3A_OL_2_WFR____20220126T065333_20220126T065633_20220127T180556_0179_081_177_2520_MAR_O_NT_003.SEN3,geo_coordinates.nc,59241137,5a5304a85d59126aa62caef47366e1d85d5e5ba0d973ed859200337de540774c,c200d07c0c408976e02f52985ba03783-8,"Sat, 29 Jan 2022 09:59:11 GMT"
S3A_OL_2_WFR____20220126T065333_20220126T065633_20220127T180556_0179_081_177_2520_MAR_O_NT_003.SEN3,tie_geo_coordinates.nc,1138036,b532d5c1b7241c4067b11d48776c08991c957a2bf9c3f98ece96eb8f08154b3c,2ff986bacb0ac8aae5bbd8486a2491a1,"Sat, 29 Jan 2022 09:59:11 GMT"
S3A_OL_2_WFR____20220126T065333_20220126T065633_20220127T180556_0179_081_177_2520_MAR_O_NT_003.SEN3,wqsf.nc,3735554,a0f0aa18ae9c7bc85e10f304a1a328c81077fcef6b6793511375ce549490a2e6,aed81111528de3d01e3b6d1d3c270805,"Sat, 29 Jan 2022 09:59:10 GMT"
S3A_OL_2_WFR____20220127T062722_20220127T063022_20220128T175117_0179_081_191_2520_MAR_O_NT_003.SEN3,chl_oc4me.nc,5730670,69a1d5fcc46c52591582034f23822817910904dd193424a48ec1700593600711,402303ede6907ab115c47318063d0593,"Fri, 28 Jan 2022 19:11:21 GMT"
S3A_OL_2_WFR____20220127T062722_20220127T063022_20220128T175117_0179_081_191_2520_MAR_O_NT_003.SEN3,geo_coordinates.nc,60120628,9ee80253692a0bf7571c4dc13d28503a265e8f08f05b9589f6aa7e587c9b9fa5,87355f58308264723bbe08ff8a42058f-8,"Fri, 28 Jan 2022 19:11:21 GMT"
S3A_OL_2_WFR____20220127T062722_20220127T063022_20220128T175117_0179_081_191_2520_MAR_O_NT_003.SEN3,tie_geo_coordinates.nc,1135637,cff899211ff5f514634191029c1db4677dc2d447ffa5112f179a85a443bf5c72,88551b624947f6cc2d5d64bbd63298f8,"Fri, 28 Jan 2022 19:11:20 GMT"
S3A_OL_2_WFR____20220127T062722_20220127T063022_20220128T175117_0179_081_191_2520_MAR_O_NT_003.SEN3,wqsf.nc,5071376,30caa6d807ac2c95348bfde1c35e210a222e75bafa337be0cdf81c175748f8b6,e0f3f34e73ad85d65215c5d784ebe72e,"Fri, 28 Jan 2022 19:11:20 GMT"
S3A_OL_2_WFR____20220128T060111_20220128T060411_20220129T184010_0180_081_205_2520_MAR_O_NT_003.SEN3,chl_oc4me.nc,10785538,15e12f26cd1c8970977675a0e2b850ea505aeb637ac5148b3e64a0cb014f03c8,25c45ea53bb772e6f181069bcfe86aea-2,"Sat, 29 Jan 2022 19:38:37 GMT"
S3A_OL_2_WFR____20220128T060111_20220128T060411_20220129T184010_0180_081_205_2520_MAR_O_NT_003.SEN3,geo_coordinates.nc,58917362,d0273a7ec4287e6d6fa16de23adc623c4b6a09dfb8a2733adf5bfdc58a6ec444,6217cc584aa7082317765f4702b15184-8,"Sat, 29 Jan 2022 19:38:37 GMT"
S3A_OL_2_WFR____20220128T060111_20220128T060411_20220129T184010_0180_081_205_2520_MAR_O_NT_003.SEN3,tie_geo_coordinates.nc,1138779,573b40176897ae13a3db8bdda72bde8fb34237200e3cc6f5a4a5c0c988ae66ea,bc441c31f2f3b0df7fa4cc2649afc57b,"Sat, 29 Jan 2022 19:38:36 GMT"
S3A_OL_2_WFR____20220128T060111_20220128T060411_20220129T184010_0180_081_205_2520_MAR_O_NT_003.SEN3,wqsf.nc,7757278,a2e64cb56bb9c5fb806251d90604bae67d7b2b703819470d471698690e5d6a61,81f331d4c1113ed18508bc387f0d68d4,"Sat, 29 Jan 2022 19:38:37 GMT"
S3A_OL_2_WFR____20220130T064949_20220130T065249_20220131T190245_0180_081_234_2520_MAR_O_NT_003.SEN3,chl_oc4me.nc,4108788,ce7f7bae78bd9fca2c7e03a16ec5a5f358b4c1c918981460c7b3d0dcb7149437,2cfc3f48803372570896e112f961fce1,"Mon, 31 Jan 2022 20:42:15 GMT"
S3A_OL_2_WFR____20220130T064949_20220130T065249_20220131T190245_0180_081_234_2520_MAR_O_NT_003.SEN3,geo_coordinates.nc,59294864,dff75435efc1aaea11b55f9af1a1af8c779f084193de8d288b0c1932d4bf4f4e,876143874aec6e62ff71b757d4225998-8,"Mon, 31 Jan 2022 20:42:14 GMT"
S3A_OL_2_WFR____20220130T064949_20220130T065249_20220131T190245_0180_081_234_2520_MAR_O_NT_003.SEN3,tie_geo_coordinates.nc,1139925,4c1906d78b49575ecd6300a1dc9fd5d5b7d39f430daa495f5b1081cdb9c4677e,c9c7fd6b887de115325fe7f6dc24cb03,"Mon, 31 Jan 2022 20:42:14 GMT"
S3A_OL_2_WFR____20220130T064949_20220130T065249_20220131T190245_0180_081_234_2520_MAR_O_NT_003.SEN3,wqsf.nc,4959742,8d845133c8f05b97010faa8fde60d061084f7296368af3df75db80b04376abf5,3d4defabd67ba8daa8c694ce2784ae34,"Mon, 31 Jan 2022 20:42:14 GMT"
S3A_OL_2_WFR____20220131T062338_20220131T062638_20220201T190029_0179_081_248_2520_MAR_O_NT_003.SEN3,chl_oc4me.nc,4618234,73a4cf1f5d32d9e0a8f7ab41e6cd238033ce380a1fa5d0ef92986d4fb3018e96,f199fdf8625086f6025833fc77c36c30,"Tue, 01 Feb 2022 20:20:49 GMT"
S3A_OL_2_WFR____20220131T062338_20220131T062638_20220201T190029_0179_081_248_2520_MAR_O_NT_003.SEN3,geo_coordinates.nc,60092679,b9936427d4d109041e8c56b745b880a1035c0f98c7380433c13b3c61a0a84256,af0a7736ae2489b8829633c61f721e3f-8,"Tue, 01 Feb 2022 20:20:48 GMT"
S3A_OL_2_WFR____20220131T062338_20220131T062638_20220201T190029_0179_081_248_2520_MAR_O_NT_003.SEN3,tie_geo_coordinates.nc,1137680,2fed2b0bc391b26af5a6d5e58759d886d2a453e9d397ccc955b0499e31bfaad4,c9ac43f7a73ec097baa92b1b87c446ef,"Tue, 01 Feb 2022 20:20:47 GMT"
S3A_OL_2_WFR____20220131T062338_20220131T062638_20220201T190029_0179_081_248_2520_MAR_O_NT_003.SEN3,wqsf.nc,5076808,158ee9ef2f9b698b949485d56ecdde115907306607de0d4d9b18f87dad5e6633,226f31514021590dbf1bddecc7ccfaab,"Tue, 01 Feb 2022 20:20:48 GMT"
S3A_OL_2_WFR____20220201T055727_20220201T060027_20220202T163237_0179_081_262_2520_MAR_O_NT_003.SEN3,chl_oc4me.nc,11554289,6facbf91ea1970b942000e3543a369893002f50433c565e0d39f9e3e2b78580b,31b55b59bb92c8bb630464b7b8c80d23-2,"Wed, 02 Feb 2022 18:05:34 GMT"
S3A_OL_2_WFR____20220201T055727_20220201T060027_20220202T163237_0179_081_262_2520_MAR_O_NT_003.SEN3,geo_coordinates.nc,58664065,b101e8b0c045ca543db8e15b1bb90416e2d179614e16e19d23e82cf10905a12d,e3eb2acf239adcdc5e9fd3f26d453a06-7,"Wed, 02 Feb 2022 18:05:33 GMT"
S3A_OL_2_WFR____20220201T055727_20220201T060027_20220202T163237_0179_081_262_2520_MAR_O_NT_003.SEN3,tie_geo_coordinates.nc,1135074,16d5fd961720e9b2129bc06e045904957c8d9cda38f5d28dad818eaab35f06ae,d3de2a979768755b40f5db44b5192eba,"Wed, 02 Feb 2022 18:05:33 GMT"
S3A_OL_2_WFR____20220201T055727_20220201T060027_20220202T163237_0179_081_262_2520_MAR_O_NT_003.SEN3,wqsf.nc,8439399,30fee0a482e37a396b8aabcb92d72cfc63a6e007aad0b0c25cfec8624a1ff3e4,e8c935109bc027dbc5a200ac849dea4a-2,"Wed, 02 Feb 2022 18:05:33 GMT"
S3A_OL_2_WFR____20220204T061953_20220204T062253_20220205T174414_0179_081_305_2520_MAR_O_NT_003.SEN3,chl_oc4me.nc,7971513,deb67f089028d14f7fa97627e05c3befa70b55dd8146f91b94ebebdfe96eac19,b8f44ef0e2ce014778a12d31c81e5864,"Sat, 05 Feb 2022 21:05:27 GMT"
S3A_OL_2_WFR____20220204T061953_20220204T062253_20220205T174414_0179_081_305_2520_MAR_O_NT_003.SEN3,geo_coordinates.nc,59959334,8094058aca54c9b62e171234c41ece2fff895eba235e0faee7821b1eb54d666b,eb2845d24995ceb299bf6758019715b7-8,"Sat, 05 Feb 2022 21:05:27 GMT"
S3A_OL_2_WFR____20220204T061953_20220204T062253_20220205T174414_0179_081_305_2520_MAR_O_NT_003.SEN3,tie_geo_coordinates.nc,1141119,ea544891f6af62afbdacbb609ecfff58d3cd69d156daf2c658f2a631ef4b8fe4,1ffca011bd846813da54d6948f182ec4,"Sat, 05 Feb 2022 21:05:26 GMT"
S3A_OL_2_WFR____20220204T061953_20220204T062253_20220205T174414_0179_081_305_2520_MAR_O_NT_003.SEN3,wqsf.nc,6896924,ffc603254f6806a3a0bb7dc4490580e6e69c6eec6a99280fc5af1d06298a715a,2e8a2546a3c5c0408b50c4324c141e60,"Sat, 05 Feb 2022 21:05:27 GMT"
S3A_OL_2_WFR____20220205T055342_20220205T055642_20220206T183538_0179_081_319_2520_MAR_O_NT_003.SEN3,chl_oc4me.nc,11914582,8b3df83e86023202ab5d7458fb7debdc8e9bbe4f96cb56b647caf5f52a0d3e4c,133dcaadc4e0e0bf5f40247b41c5a502-2,"Sun, 06 Feb 2022 21:58:57 GMT"
S3A_OL_2_WFR____20220205T055342_20220205T055642_20220206T183538_0179_081_319_2520_MAR_O_NT_003.SEN3,geo_coordinates.nc,58305358,7df22ae08074708a410a117937778b67211dd755c74e75e262ee9267f915ba51,656a5e2a020e8b6d7981805c3a57beac-7,"Sun, 06 Feb 2022 21:58:56 GMT"
S3A_OL_2_WFR____20220205T055342_20220205T055642_20220206T183538_0179_081_319_2520_MAR_O_NT_003.SEN3,tie_geo_coordinates.nc,1138551,b8e0b2ae87ea71340d147ef66cebc6c0bcfe66eeebc6e6317b9cb55c061bf90d,972143f8a32ccfaab61af28e3629963b,"Sun, 06 Feb 2022 21:58:55 GMT"
S3A_OL_2_WFR____20220205T055342_20220205T055642_20220206T183538_0179_081_319_2520_MAR_O_NT_003.SEN3,wqsf.nc,8344228,f8ca2acf6504efdd69a28f04acfd414e93a2374cb2b53838d31f5da9fb686b44,c5cd34a0eeff6602fcc4a3dc4e03375b,"Sun, 06 Feb 2022 21:58:56 GMT"
S3A_OL_2_WFR____20220207T064219_20220207T064519_20220208T181459_0179_081_348_2520_MAR_O_NT_003.SEN3,chl_oc4me.nc,4352963,d81d08dc73566984e11d463e7fba9b83c447e9ae42abf75e30b14c21f982b627,71ba2777759333d2ef3125c18c70b052,"Tue, 08 Feb 2022 19:10:36 GMT"
S3A_OL_2_WFR____20220207T064219_20220207T064519_20220208T181459_0179_081_348_2520_MAR_O_NT_003.SEN3,geo_coordinates.nc,59670605,64248b943201e00e09117bf5be7d80400eb00fc1856545dc54238e6029f75f3c,920be82386efaca1dadc8359378dd50d-8,"Tue, 08 Feb 2022 19:10:36 GMT"
S3A_OL_2_WFR____20220207T064219_20220207T064519_20220208T181459_0179_081_348_2520_MAR_O_NT_003.SEN3,tie_geo_coordinates.nc,1140330,3fb05a75b203a33aa90318ef6a2cbce74761a578651c446c003cc56705ee38eb,c7fb7038e6a6e6e42595b5b2c564990b,"Tue, 08 Feb 2022 19:10:35 GMT"
S3A_OL_2_WFR____20220207T064219_20220207T064519_20220208T181459_0179_081_348_2520_MAR_O_NT_003.SEN3,wqsf.nc,5223404,9c3935c9bf6a95c6510238bd4f498e7d33efc66a18f5d0b23c042cc3d46d81d1,8f3eddefb670aa67fa73ed6ef548f2df,"Tue, 08 Feb 2022 19:10:36 GMT"
S3A_OL_2_WFR____20220208T061608_20220208T061908_20220209T183555_0179_081_362_2520_MAR_O_NT_003.SEN3,chl_oc4me.nc,7944204,7d47bd5ca0b049230cb51802e642bc62675ad8070a523deb144835f9bc5aedf1,e1d8dc286589153626c9e8bcf9af18ee,"Wed, 09 Feb 2022 19:35:17 GMT"
S3A_OL_2_WFR____20220208T061608_20220208T061908_20220209T183555_0179_081_362_2520_MAR_O_NT_003.SEN3,geo_coordinates.nc,59762649,960222e20c7f322d7d5eda84acbc94701acef3590e4f75512f4a6f433f50a03b,9fb603aa474d8ec9e4d7969b5c005373-8,"Wed, 09 Feb 2022 19:35:17 GMT"
S3A_OL_2_WFR____20220208T061608_20220208T061908_20220209T183555_0179_081_362_2520_MAR_O_NT_003.SEN3,tie_geo_coordinates.nc,1137393,cf37d627d5c7bdbd6b649a30e6aa75b9599646b0c22440da517aa125430f6a45,01e741f7b569cc2065e00f4b5f6b7988,"Wed, 09 Feb 2022 19:35:16 GMT"
S3A_OL_2_WFR____20220208T061608_20220208T061908_20220209T183555_0179_081_362_2520_MAR_O_NT_003.SEN3,wqsf.nc,7423795,1811a72598b01e21d4f6d29ea0e907674503e28a66c69a75f5719d8b57dd3cc6,45ace9e964a8df3f72cb1c68dc7b47d3,"Wed, 09 Feb 2022 19:35:16 GMT"
S3A_OL_2_WFR____20220209T054957_20220209T055257_20220210T173733_0179_081_376_2520_MAR_O_NT_003.SEN3,chl_oc4me.nc,12076871,fe2437633e9e3b27dba25a2b18fb29d0b345d2203ef865834d90354d918197b8,f44b2c5eb8bb295cee74a02cb615d1e6-2,"Thu, 10 Feb 2022 18:18:30 GMT"
S3A_OL_2_WFR____20220209T054957_20220209T055257_20220210T173733_0179_081_376_2520_MAR_O_NT_003.SEN3,geo_coordinates.nc,57839019,ae4939ebd2189a803fa41364de2904b83ffbd8b39ef4fe3f68888b1211c8e193,a905ae0855344c765d13e284dbc6aaea-7,"Thu, 10 Feb 2022 18:18:30 GMT"
S3A_OL_2_WFR____20220209T054957_20220209T055257_20220210T173733_0179_081_376_2520_MAR_O_NT_003.SEN3,tie_geo_coordinates.nc,1137087,d5ddb8f22f972eb21c029c3ad4777e8d09262810daf031899aa812b139759c87,08ba4470c8f09daa43baea399d509013,"Thu, 10 Feb 2022 18:18:29 GMT"
S3A_OL_2_WFR____20220209T054957_20220209T055257_20220210T173733_0179_081_376_2520_MAR_O_NT_003.SEN3,wqsf.nc,9400884,a521f5db81b419c0887a55f3c40cd73eb6dbc2941a93acb4cb8dd29d68abde85,0211bf6b9cca17908f1c431966b76600-2,"Thu, 10 Feb 2022 18:18:29 GMT"
S3A_OL_2_WFR____20220211T063835_20220211T064135_20220212T191758_0179_082_020_2520_MAR_O_NT_003.SEN3,chl_oc4me.nc,4547966,0f964fd6be45d4518075bbc29f8aade3c3b3171f9774e49deb842fc6dc10370b,8b69ccdf44ccfb343e61206469c06d77,"Sat, 12 Feb 2022 21:12:12 GMT"
S3A_OL_2_WFR____20220211T063835_20220211T064135_20220212T191758_0179_082_020_2520_MAR_O_NT_003.SEN3,geo_coordinates.nc,59899239,304940eca8a4aa649d25a3ecbb162fc07087db96351dd1c076732dbba2d23182,80f384833e8ffff245592e02ab85d32f-8,"Sat, 12 Feb 2022 21:12:12 GMT"
S3A_OL_2_WFR____20220211T063835_20220211T064135_20220212T191758_0179_082_020_2520_MAR_O_NT_003.SEN3,tie_geo_coordinates.nc,1138036,6bc8ae1520050f1570b616247aaf1a812e7902e71420ba5fb70909fc806cb860,8b853a53d5e821281d0896b51b0d4d10,"Sat, 12 Feb 2022 21:12:11 GMT"
S3A_OL_2_WFR____20220211T063835_20220211T064135_20220212T191758_0179_082_020_2520_MAR_O_NT_003.SEN3,wqsf.nc,5327542,9af97d3ea510389029289c61d77597f284dc21e635335e04f2d52a4f52da6a42,4a2d82872be6235a595311f1b629ab8c,"Sat, 12 Feb 2022 21:12:12 GMT"
S3A_OL_2_WFR____20220212T061224_20220212T061524_20220213T193725_0179_082_034_2520_MAR_O_NT_003.SEN3,chl_oc4me.nc,9136551,69069989c77a523437c7bfeb8b9fb1b157686d905a93e76173060fa6001e9df6,ed03bbef12c5dc4168649c879cf8aacd-2,"Sun, 13 Feb 2022 20:51:05 GMT"
S3A_OL_2_WFR____20220212T061224_20220212T061524_20220213T193725_0179_082_034_2520_MAR_O_NT_003.SEN3,geo_coordinates.nc,59498534,b8891b84f1315adaf9c20557560ab2fc1d2384d0e17f858f65cf7a2137be8d98,fb74f0067877ea4f1638b990ec1a1f91-8,"Sun, 13 Feb 2022 20:51:04 GMT"
S3A_OL_2_WFR____20220212T061224_20220212T061524_20220213T193725_0179_082_034_2520_MAR_O_NT_003.SEN3,tie_geo_coordinates.nc,1131460,65c03e22f8fd9aadb1b1c4e52c504dad277708ed187258694a760ce4fa59c78e,1604dcf558f76ed70a648298cd19ee23,"Sun, 13 Feb 2022 20:51:03 GMT"
S3A_OL_2_WFR____20220212T061224_20220212T061524_20220213T193725_0179_082_034_2520_MAR_O_NT_003.SEN3,wqsf.nc,7437231,48a98d554d6fc65702edbba4a0a8ae0e19c83ff2a64d22bc052c95dd118747c5,801932dd9dd4675d519f0791f93ccec4,"Sun, 13 Feb 2022 20:51:04 GMT"
S3A_OL_2_WFR____20220213T054613_20220213T054913_20220214T164838_0179_082_048_2520_MAR_O_NT_003.SEN3,chl_oc4me.nc,11590706,75ecb1af93d898de924b4deb83b431db9a9412f1abc8df7f8ced937625e7ae1a,86c2040b97ce09ab8e69f501a8d4cfab-2,"Wed, 16 Feb 2022 19:23:48 GMT"
S3A_OL_2_WFR____20220213T054613_20220213T054913_20220214T164838_0179_082_048_2520_MAR_O_NT_003.SEN3,geo_coordinates.nc,57570555,94a2d6672cf7ca7fec000f3e474e2234d5f30b8d9a7934d6ac3376feb91ed1d0,20b5280a989a12aa5e9c0872cd5779f7-7,"Wed, 16 Feb 2022 19:23:48 GMT"
S3A_OL_2_WFR____20220213T054613_20220213T054913_20220214T164838_0179_082_048_2520_MAR_O_NT_003.SEN3,tie_geo_coordinates.nc,1140583,543dcfbad44afa4b904292f53d8f2cf6a8d416b8f9902fa8a2541b5b395402aa,f0ae1a97915aed97091f01948300ea6f,"Wed, 16 Feb 2022 19:23:48 GMT"
S3A_OL_2_WFR____20220213T054613_20220213T054913_20220214T164838_0179_082_048_2520_MAR_O_NT_003.SEN3,wqsf.nc,10024272,c8fa6a9214c707e4b142d0b851827d472aaac1980fe89a03ab2a846c603b8b98,2765584c38d68b45dc4018084d19b768-2,"Wed, 16 Feb 2022 19:23:48 GMT"
S3A_OL_2_WFR____20220215T063450_20220215T063750_20220216T181331_0179_082_077_2520_MAR_O_NT_003.SEN3,chl_oc4me.nc,5155909,489b20419f41856b40aefd32e081a7731598d9fce90b57eae5144eab1fbfd60a,e4dc874e9a182a0acd9c40d873cd8e22,"Mon, 21 Feb 2022 20:33:35 GMT"
S3A_OL_2_WFR____20220215T063450_20220215T063750_20220216T181331_0179_082_077_2520_MAR_O_NT_003.SEN3,geo_coordinates.nc,60038706,3362b9d8afc20c315dcdecee77c239090ff5bc987e347c07151dabf81e36bf77,d30399398996c52b1144fd8fa99d0494-8,"Mon, 21 Feb 2022 20:33:35 GMT"
S3A_OL_2_WFR____20220215T063450_20220215T063750_20220216T181331_0179_082_077_2520_MAR_O_NT_003.SEN3,tie_geo_coordinates.nc,1137119,51a6350c2fa328fd40c07fd807f3618c40e2c1cf35999f44ddd22e6c9cb685d4,17013a990f60f8d7abf05996fb6291e5,"Mon, 21 Feb 2022 20:33:34 GMT"
S3A_OL_2_WFR____20220215T063450_20220215T063750_20220216T181331_0179_082_077_2520_MAR_O_NT_003.SEN3,wqsf.nc,5422027,ec5d72c5553d633c1fd9d8e6a877ecae36083e23a05cd9d2dc909c8b39111990,9224bd91de04360bfe3b0d65b41a90e8,"Mon, 21 Feb 2022 20:33:34 GMT"
S3A_OL_2_WFR____20220216T060839_20220216T061139_20220217T181911_0179_082_091_2520_MAR_O_NT_003.SEN3,chl_oc4me.nc,10234515,7ae76b81bd11399ca3733a81bf7cbfce8a95b9f9e7be7f1e0e8c8f2403d99f32,819811e08465b0dc74909dd907ad2617-2,"Sat, 19 Feb 2022 17:43:28 GMT"
S3A_OL_2_WFR____20220216T060839_20220216T061139_20220217T181911_0179_082_091_2520_MAR_O_NT_003.SEN3,geo_coordinates.nc,59274734,a3be39690546fb292eef185db262a494b67e143ef1e5c77fb8aaa252a3f8aed1,691188a173474854d88048a9f0d4f150-8,"Sat, 19 Feb 2022 17:43:29 GMT"
S3A_OL_2_WFR____20220216T060839_20220216T061139_20220217T181911_0179_082_091_2520_MAR_O_NT_003.SEN3,tie_geo_coordinates.nc,1136230,b40da9411471d24cb1b43b62c5935e521e47ae1aad6dab8ad18fd7865114e9f3,e5341379caecd71f1a9149b65052365c,"Sat, 19 Feb 2022 17:43:29 GMT"
S3A_OL_2_WFR____20220216T060839_20220216T061139_20220217T181911_0179_082_091_2520_MAR_O_NT_003.SEN3,wqsf.nc,7569409,5bcf13b1c04a1a71a5544beec82db5eccb6266c788c7354d548a0d852aa4be0e,a8f73f924c357748cbfd3046eae15370,"Sat, 19 Feb 2022 17:43:29 GMT"
S3A_OL_2_WFR____20220217T054227_20220217T054527_20220218T170431_0179_082_105_2520_MAR_O_NT_003.SEN3,chl_oc4me.nc,12529116,50d2f4b0360d843b2a3fbb49ee1bc5628034f1765aa48d25ff10c9a4885e9d76,09e5b67c485cb83c11d196181c91fc9c-2,"Sun, 20 Feb 2022 15:46:43 GMT"
S3A_OL_2_WFR____20220217T054227_20220217T054527_20220218T170431_0179_082_105_2520_MAR_O_NT_003.SEN3,geo_coordinates.nc,57381399,be704a4bcc491766cb860ec636d0112c10447b2bb777e949292448d473d9ed16,ff77890297500824ca1dfa7afc92bfe9-7,"Sun, 20 Feb 2022 15:46:43 GMT"
S3A_OL_2_WFR____20220217T054227_20220217T054527_20220218T170431_0179_082_105_2520_MAR_O_NT_003.SEN3,tie_geo_coordinates.nc,1140456,fc39de4d7dffed36667d96e4a3523c3ee2e6d8ea69f8199b4990ce6344e941ac,71621dd46a3e4dd15468d13c6cf3b13e,"Sun, 20 Feb 2022 15:46:43 GMT"
S3A_OL_2_WFR____20220217T054227_20220217T054527_20220218T170431_0179_082_105_2520_MAR_O_NT_003.SEN3,wqsf.nc,8454434,120e7ac4483bc6538b65551d2d999f2994dd42e5af3378a2bc5de46d6da960a3,a0d7876045874e69fea920852d620f4c-2,"Sun, 20 Feb 2022 15:46:43 GMT"
S3A_OL_2_WFR____20220218T065716_20220218T070016_20220219T191228_0179_082_120_2520_MAR_O_NT_003.SEN3,tie_geo_coordinates.nc,1139200,18a688e0b35da5199bdf4cd733cfcb7755c84ee3f2f3671301780ee338fabf2f,6493d0a2666117bdd2ccf929de12ee6c,"Mon, 21 Feb 2022 20:11:50 GMT"
S3A_OL_2_WFR____20220219T063104_20220219T063404_20220220T190335_0179_082_134_2520_MAR_O_NT_003.SEN3,chl_oc4me.nc,4874987,95ce6ecd8a0d004e1a7696e73035630f838f41ee1ac4b01f03ee61a308db4790,93a61ac00c5d0ff300d41dd9b4905bff,"Tue, 22 Feb 2022 15:52:09 GMT"
S3A_OL_2_WFR____20220219T063104_20220219T063404_20220220T190335_0179_082_134_2520_MAR_O_NT_003.SEN3,geo_coordinates.nc,60076069,0da43bebe379043ddec44540977c688f6e55d84acea814e20ecac8178232a63a,4f48f883da615722ac227e0a833742d5-8,"Tue, 22 Feb 2022 15:52:10 GMT"
S3A_OL_2_WFR____20220219T063104_20220219T063404_20220220T190335_0179_082_134_2520_MAR_O_NT_003.SEN3,tie_geo_coordinates.nc,1138204,914ad9fc158d6dbf94fe8a945c92e3cccd38f0354fca2e34502bbcde2d3256ad,1c7fc7eef7538b00bbdf948b8b5f3b1a,"Tue, 22 Feb 2022 15:52:10 GMT"
S3A_OL_2_WFR____20220219T063104_20220219T063404_20220220T190335_0179_082_134_2520_MAR_O_NT_003.SEN3,wqsf.nc,4725567,486cf634a5198ad8f7337d723bc707077707513f9ffb6c5e61fe00bcf19fc1af,7e8eafaedcdaaf773cf670ede5b3857a,"Tue, 22 Feb 2022 15:52:10 GMT"
S3A_OL_2_WFR____20220220T060453_20220220T060753_20220221T185111_0179_082_148_2520_MAR_O_NT_003.SEN3,chl_oc4me.nc,11114905,c30b73a46e0ee23e88e2deb47a4c934c661cef3b7ce57fb00700ed56ac3a40c0,b82b839f70b4c9465594ff20fbf909b9-2,"Mon, 21 Feb 2022 19:43:23 GMT"
S3A_OL_2_WFR____20220220T060453_20220220T060753_20220221T185111_0179_082_148_2520_MAR_O_NT_003.SEN3,geo_coordinates.nc,59088726,65cdca960cbaf663327f9cab5f10a62505826b815a8c0a539634878c9f2669d2,e48a41eeb25958a477b361047dda3b28-8,"Mon, 21 Feb 2022 19:43:23 GMT"
S3A_OL_2_WFR____20220220T060453_20220220T060753_20220221T185111_0179_082_148_2520_MAR_O_NT_003.SEN3,tie_geo_coordinates.nc,1132888,1016d01367936d7c7a2b6ee55795e280b53cc28a7bf82b8b14a4bb6151399068,f5bc57d38036edcaaad47925d6a48786,"Mon, 21 Feb 2022 19:43:22 GMT"
S3A_OL_2_WFR____20220220T060453_20220220T060753_20220221T185111_0179_082_148_2520_MAR_O_NT_003.SEN3,wqsf.nc,7558347,cefcdc60a3bd44fb3925897e7f7903e1646fd5ddb23ef2dc3629e14813290df2,f91405e561d8949b076ced6046e02527,"Mon, 21 Feb 2022 19:43:22 GMT"
S3A_OL_2_WFR____20220221T053842_20220221T054142_20220222T181116_0179_082_162_2520_MAR_O_NT_003.SEN3,chl_oc4me.nc,11442430,3553c8abdecb099ca79ea28e33d5a0d9c68d00703a78e77fbd691cebd6a77351,9ca32171f43f5709800ab3743413ce7b-2,"Tue, 22 Feb 2022 21:18:24 GMT"
S3A_OL_2_WFR____20220221T053842_20220221T054142_20220222T181116_0179_082_162_2520_MAR_O_NT_003.SEN3,geo_coordinates.nc,57183965,4ab8777e080d24c60ae8ec27ff3ec6ba522b0bf7f7353ed851859a958ab2424f,8cbf487b9fb605a745ff5bef4e0def18-7,"Tue, 22 Feb 2022 21:18:24 GMT"
S3A_OL_2_WFR____20220221T053842_20220221T054142_20220222T181116_0179_082_162_2520_MAR_O_NT_003.SEN3,tie_geo_coordinates.nc,1141769,8e5e67cccfae30fff67d8363df0c78aba922c1f0a6a797fa870c737c6ad35f66,a2383e898480336a7624ef9ef8549295,"Tue, 22 Feb 2022 21:18:23 GMT"
S3A_OL_2_WFR____20220221T053842_20220221T054142_20220222T181116_0179_082_162_2520_MAR_O_NT_003.SEN3,wqsf.nc,6754134,30e38514ab5c99357cc0dddcc947251c489d9115b165b4136e8b905e3131cab2,6f5739f258ee6379ea2cbc514ae75c85,"Tue, 22 Feb 2022 21:18:23 GMT"
S3A_OL_2_WFR____20220222T065330_20220222T065630_20220223T173541_0179_082_177_2520_MAR_O_NT_003.SEN3,chl_oc4me.nc,3450120,f80f109ed587c7c4934eae059a77c14f9e88bb6bc17118ee78d208764efd8d0b,50eb131a22e14ddb38e201b615fdb374,"Wed, 23 Feb 2022 21:07:48 GMT"
S3A_OL_2_WFR____20220222T065330_20220222T065630_20220223T173541_0179_082_177_2520_MAR_O_NT_003.SEN3,geo_coordinates.nc,59262921,0c44fafab03c07144808d0e41e6e1ea2bdd2ce20cf930d15c915d9ce7a897263,56dee76b04b8c301adf6552e3007834b-8,"Wed, 23 Feb 2022 21:07:47 GMT"
S3A_OL_2_WFR____20220222T065330_20220222T065630_20220223T173541_0179_082_177_2520_MAR_O_NT_003.SEN3,tie_geo_coordinates.nc,1136754,9def40058db0ed9972524f36e77c54f188d6f1bf0244389041a97362bf51b096,d17f3e0fcf9b4677fa6e5e71b11b9962,"Wed, 23 Feb 2022 21:07:47 GMT"
S3A_OL_2_WFR____20220222T065330_20220222T065630_20220223T173541_0179_082_177_2520_MAR_O_NT_003.SEN3,wqsf.nc,5711803,6cc78730cec355f901dfc47a11f552ccfa20a13f10c5cb6af8fb6b2eade0345d,82ccc1c69d091d370a589ca6192cff27,"Wed, 23 Feb 2022 21:07:47 GMT"
S3A_OL_2_WFR____20220223T062719_20220223T063019_20220224T183618_0179_082_191_2520_MAR_O_NT_003.SEN3,chl_oc4me.nc,6354142,e21dbf496fbff7201a564b7ff1d1dd317d7afddbbb3592cc03a8edcfbbe6e947,9ed1ea5790e6d14c52824a0e728e3441,"Thu, 24 Feb 2022 19:25:12 GMT"
S3A_OL_2_WFR____20220223T062719_20220223T063019_20220224T183618_0179_082_191_2520_MAR_O_NT_003.SEN3,geo_coordinates.nc,60131291,a0824d54ad77f374417aa0bc423666ddfc21e63f03bf1a0f17fb3593691a7c97,1fb688b72d25c49f3c42dbd441077937-8,"Thu, 24 Feb 2022 19:25:12 GMT"
S3A_OL_2_WFR____20220223T062719_20220223T063019_20220224T183618_0179_082_191_2520_MAR_O_NT_003.SEN3,tie_geo_coordinates.nc,1139261,d1a8ee86886b7ddf19b31fed6bee7cbe2e257cc12e248860bf1d2944fa4bc35f,0b371193badf039e870b023a82524ad5,"Thu, 24 Feb 2022 19:25:11 GMT"
S3A_OL_2_WFR____20220223T062719_20220223T063019_20220224T183618_0179_082_191_2520_MAR_O_NT_003.SEN3,wqsf.nc,6996132,83c3c02eaee578a5450a2860e8373e1bd73f4a98a49517f7805f65082c360756,b961ed844a4f39452c719890071b02aa,"Thu, 24 Feb 2022 19:25:11 GMT"
S3A_OL_2_WFR____20220224T060108_20220224T060408_20220225T180647_0179_082_205_2520_MAR_O_NT_003.SEN3,chl_oc4me.nc,11738812,5357034df9f1ba9aa3ae7ce705246aeee59bce8b08c7b0dd4a668e184ca6a638,d0dd016b524444702967b67d643df0ff-2,"Fri, 25 Feb 2022 19:14:41 GMT"
S3A_OL_2_WFR____20220224T060108_20220224T060408_20220225T180647_0179_082_205_2520_MAR_O_NT_003.SEN3,geo_coordinates.nc,58894528,7ffbd49170751a8c9205ad13264a6a5689a617a0d42c87de32afcadbf2a7258c,eeea95f370181b07a5485338540ba4e5-8,"Fri, 25 Feb 2022 19:14:40 GMT"
S3A_OL_2_WFR____20220224T060108_20220224T060408_20220225T180647_0179_082_205_2520_MAR_O_NT_003.SEN3,tie_geo_coordinates.nc,1134670,9b7277fc4172fc76525ca62049eaf1c88c453071ef68d343b9c55b3b40cdcd98,25e58070e95f13ffe13c9235eb54a372,"Fri, 25 Feb 2022 19:14:39 GMT"
S3A_OL_2_WFR____20220224T060108_20220224T060408_20220225T180647_0179_082_205_2520_MAR_O_NT_003.SEN3,wqsf.nc,10000667,735ef62d5c356e583e9f861eb2d3f86b09092e6d3705c9319c1c83a5058f0462,780774e42e352af9b75325a718b290d9-2,"Fri, 25 Feb 2022 19:14:40 GMT"
S3A_OL_2_WFR____20220226T064946_20220226T065246_20220227T190405_0179_082_234_2520_MAR_O_NT_003.SEN3,chl_oc4me.nc,3945760,bdafdaa789bc9249852817441bbde4677c9763a3cc8806ee3d06a0ccc7ff6e55,1d646cc732a60bc2a0b73650f7db486e,"Sun, 27 Feb 2022 20:10:53 GMT"
S3A_OL_2_WFR____20220226T064946_20220226T065246_20220227T190405_0179_082_234_2520_MAR_O_NT_003.SEN3,geo_coordinates.nc,59300233,a5d26368186b467e0538f8c3b1a2d69e895a037426d6293a82e1ca8f3c466b16,d54c6fa12041e7f83cad222eaaf1380a-8,"Sun, 27 Feb 2022 20:10:53 GMT"
S3A_OL_2_WFR____20220226T064946_20220226T065246_20220227T190405_0179_082_234_2520_MAR_O_NT_003.SEN3,tie_geo_coordinates.nc,1139905,c2ddb6df5b8d4e7c685b843b9f3d52ba49f89ba86f1c0497b0c6212f7076b9db,8a6acb605d7366bf5a805ec6ecf7fd4f,"Sun, 27 Feb 2022 20:10:52 GMT"
S3A_OL_2_WFR____20220226T064946_20220226T065246_20220227T190405_0179_082_234_2520_MAR_O_NT_003.SEN3,wqsf.nc,5199110,022d6e248186f8e1fe39977c4fd1f2c116c7a1c62665d1eff1dd7b64ea9228ac,d5c6af78b765e840d30a3546e74c4596,"Sun, 27 Feb 2022 20:10:52 GMT"
S3A_OL_2_WFR____20220227T062335_20220227T062635_20220228T184741_0179_082_248_2520_MAR_O_NT_003.SEN3,chl_oc4me.nc,7378907,99bcfda4279e07e996214432ad4c4cb838b81321c1e8472f8f311925925a689a,223b49523029913f3ea68f5064dec4c0,"Mon, 28 Feb 2022 19:40:45 GMT"
S3A_OL_2_WFR____20220227T062335_20220227T062635_20220228T184741_0179_082_248_2520_MAR_O_NT_003.SEN3,geo_coordinates.nc,60100770,72d3db4d95aeef45f9350a18847231ae22de745d2c53c0171ed5ae2db93609ef,4807ea663e20d0b4ace9d4cc8b8173dd-8,"Mon, 28 Feb 2022 19:40:44 GMT"
S3A_OL_2_WFR____20220227T062335_20220227T062635_20220228T184741_0179_082_248_2520_MAR_O_NT_003.SEN3,tie_geo_coordinates.nc,1139392,5579bea67c91ac7b066adea324542af8956cf123d1b550f017c37f1a40b61af8,52b0b61922c858edf1e33567816c0d42,"Mon, 28 Feb 2022 19:40:44 GMT"
S3A_OL_2_WFR____20220227T062335_20220227T062635_20220228T184741_0179_082_248_2520_MAR_O_NT_003.SEN3,wqsf.nc,8680266,85935001e0e1a7fd9724068a5b381783c1f7be6a9fb975dc40ce0ad4ee8a2dc4,d4c095f0ee03cbcdc01822a4a6cd8041-2,"Mon, 28 Feb 2022 19:40:44 GMT"
S3A_OL_2_WFR____20220228T055724_20220228T060024_20220301T184028_0180_082_262_2520_MAR_O_NT_003.SEN3,chl_oc4me.nc,11279837,f2e1ea5e9b9d03d7e0fa53546ebb47c3fd42a215c8bad10083d3ad3c8873808e,61e933da0f49ff7050cbc732001c9749-2,"Tue, 01 Mar 2022 21:12:57 GMT"
S3A_OL_2_WFR____20220228T055724_20220228T060024_20220301T184028_0180_082_262_2520_MAR_O_NT_003.SEN3,geo_coordinates.nc,58646607,91fbebac625c8746615226845c819b23bc60005237fde70027f963a5a6567458,f9f8bafae223514242fc4777dffba814-7,"Tue, 01 Mar 2022 21:12:56 GMT"
S3A_OL_2_WFR____20220228T055724_20220228T060024_20220301T184028_0180_082_262_2520_MAR_O_NT_003.SEN3,tie_geo_coordinates.nc,1142119,245d32732b7f2399f133d9a7dc4fa00d28d707b1e56a81c9ebd7eba94f6ab1aa,9efa0c74dc08f7197d7d9aea3f216c8c,"Tue, 01 Mar 2022 21:12:55 GMT"
S3A_OL_2_WFR____20220228T055724_20220228T060024_20220301T184028_0180_082_262_2520_MAR_O_NT_003.SEN3,wqsf.nc,10767923,89079263dd4c6a297dd714eb79c153fa4427c0cd4b225a86caa8dd8ae78d3d62,f3ae94fde68b770151e7fdab5988ee4b-2,"Tue, 01 Mar 2022 21:12:56 GMT"
S3A_OL_2_WFR____20220302T064601_20220302T064901_20220303T180911_0179_082_291_2520_MAR_O_NT_003.SEN3,chl_oc4me.nc,4270237,938082c1b9563d74de72681d8f044e2fc93b25222c25b772a241745501624ce2,73468fcf6db24b3638dc1d9370d6bbf3,"Thu, 03 Mar 2022 20:55:01 GMT"
S3A_OL_2_WFR____20220302T064601_20220302T064901_20220303T180911_0179_082_291_2520_MAR_O_NT_003.SEN3,geo_coordinates.nc,59508340,4079d2b00f9187eaf75f17376691d9db9b9d52cd9e48dde80244a5642d02e9a0,15ff8fff229b8874589f9c0a0c722162-8,"Thu, 03 Mar 2022 20:55:01 GMT"
S3A_OL_2_WFR____20220302T064601_20220302T064901_20220303T180911_0179_082_291_2520_MAR_O_NT_003.SEN3,tie_geo_coordinates.nc,1137193,65b5b79ab5bd3c1fd34c8ab1b63f81c713794d9a81e9a5dce2b0de93d78fa16d,202848de23814ce77c833c68a8630c24,"Thu, 03 Mar 2022 20:55:00 GMT"
S3A_OL_2_WFR____20220302T064601_20220302T064901_20220303T180911_0179_082_291_2520_MAR_O_NT_003.SEN3,wqsf.nc,5144804,1cf3a1361ea383387bcc067893d360e8396937d32ad0f41736324245ecf4b871,7c783b865b41715f15fb40b5fc4336aa,"Thu, 03 Mar 2022 20:55:01 GMT"
S3A_OL_2_WFR____20220303T061950_20220303T062250_20220304T181740_0179_082_305_2520_MAR_O_NT_003.SEN3,chl_oc4me.nc,7886836,23a1c6e6e7a65d6fd24c31bdc9cdb760aae516b1693688612d49b73e9fdda2b2,63afca46556bab5b586f2600411aff76,"Fri, 04 Mar 2022 19:31:05 GMT"
S3A_OL_2_WFR____20220303T061950_20220303T062250_20220304T181740_0179_082_305_2520_MAR_O_NT_003.SEN3,geo_coordinates.nc,59934080,089e9c2caa424e28f5ffde0fcbceb37664677b3ddb76b3b2511b20924710230c,e2a51ae12d7325594a34158bfa2564f6-8,"Fri, 04 Mar 2022 19:31:04 GMT"
S3A_OL_2_WFR____20220303T061950_20220303T062250_20220304T181740_0179_082_305_2520_MAR_O_NT_003.SEN3,tie_geo_coordinates.nc,1135063,df38691dd9499e0c786c286feffe4a9587a2298d7d1de226dace30688829e67e,178450ec3cdb04ea113f82c069434bc7,"Fri, 04 Mar 2022 19:31:03 GMT"
S3A_OL_2_WFR____20220303T061950_20220303T062250_20220304T181740_0179_082_305_2520_MAR_O_NT_003.SEN3,wqsf.nc,7565634,fed99301c83136d2546f1a4303a76f513fa4438574be0c38d2000213bee6c8e4,b33632ba48dc1de7955adc1b25d98ca2,"Fri, 04 Mar 2022 19:31:04 GMT"
S3A_OL_2_WFR____20220304T055339_20220304T055639_20220305T171735_0179_082_319_2520_MAR_O_NT_003.SEN3,chl_oc4me.nc,11623020,49fc1558dbd1ae08cc379f78a350702a7b87b13dcb45e7015b74ccc15b0da4e4,89e5623d1442b4b3191936b354b11c3a-2,"Sat, 05 Mar 2022 18:25:31 GMT"
S3A_OL_2_WFR____20220304T055339_20220304T055639_20220305T171735_0179_082_319_2520_MAR_O_NT_003.SEN3,geo_coordinates.nc,58292684,8d7774272b81de31146759263edc81232e2840889a039ee7e54d8cc0185ee05e,750f1de753d3552e4f99c4d21dc9599b-7,"Sat, 05 Mar 2022 18:25:30 GMT"
S3A_OL_2_WFR____20220304T055339_20220304T055639_20220305T171735_0179_082_319_2520_MAR_O_NT_003.SEN3,tie_geo_coordinates.nc,1135682,596d370ce9301b639dda1e4f12aa57c321a56b5b7189739f388622a6d5833d5c,058a5a2f4de8f937b9b2a9ad068442c8,"Sat, 05 Mar 2022 18:25:30 GMT"
S3A_OL_2_WFR____20220304T055339_20220304T055639_20220305T171735_0179_082_319_2520_MAR_O_NT_003.SEN3,wqsf.nc,8269477,536e299a8a67228f84fbb384610977a2cd7f3c693ebf559e5ce419b949558202,c1371345c8a523bb3551d16d5a209950,"Sat, 05 Mar 2022 18:25:30 GMT"
S3A_OL_2_WFR____20220306T064216_20220306T064516_20220307T175930_0179_082_348_2520_MAR_O_NT_003.SEN3,chl_oc4me.nc,2687702,cfc44d4ef37f7fac98cb9299fa1d4b73bba8da58cdbfaa0e35fa88c0437903a5,0bc4f83e0d0b5840bbe361fca31ebebb,"Mon, 07 Mar 2022 21:11:02 GMT"
S3A_OL_2_WFR____20220306T064216_20220306T064516_20220307T175930_0179_082_348_2520_MAR_O_NT_003.SEN3,geo_coordinates.nc,59660475,4b3f1665a2a6c8b937d4e59ba291196982e1090174c8f56f6aedda8c66dd75a5,37fec598a2d2db1cbe7fb700d04dfc69-8,"Mon, 07 Mar 2022 21:11:01 GMT"
S3A_OL_2_WFR____20220306T064216_20220306T064516_20220307T175930_0179_082_348_2520_MAR_O_NT_003.SEN3,tie_geo_coordinates.nc,1139602,348a625e7fb1c2009aec4a237da94879fc06937c7642a67db7a641dcf45758d0,66fb0629bf9ec42defe7b61d9bfb3876,"Mon, 07 Mar 2022 21:11:01 GMT"
S3A_OL_2_WFR____20220306T064216_20220306T064516_20220307T175930_0179_082_348_2520_MAR_O_NT_003.SEN3,wqsf.nc,4416850,7d6bc2580f62c1cb95cf070f146f20580ed158cf623b64a78df23ff3415fec4a,30fd81eb45b5be91f73619c7bcd85e66,"Mon, 07 Mar 2022 21:11:01 GMT"
S3A_OL_2_WFR____20220307T061605_20220307T061905_20220308T190827_0179_082_362_2520_MAR_O_NT_003.SEN3,chl_oc4me.nc,4711660,f30b64d78f7021b9f8090608f5c9584c12c7608cf4d1a483e3cafae0a7d624bf,aba2efed907f6007944e0ff13d2acb09,"Tue, 08 Mar 2022 21:05:08 GMT"
S3A_OL_2_WFR____20220307T061605_20220307T061905_20220308T190827_0179_082_362_2520_MAR_O_NT_003.SEN3,geo_coordinates.nc,59764843,5426fc8f69ca9168fc644d8b67bb5c0574fa24026f636b731c0fe6700ef2b33d,404b02cd2dfb29bd078a468b4c440be1-8,"Tue, 08 Mar 2022 21:05:07 GMT"
S3A_OL_2_WFR____20220307T061605_20220307T061905_20220308T190827_0179_082_362_2520_MAR_O_NT_003.SEN3,tie_geo_coordinates.nc,1138103,154f91a533c8e79171d4e3b4d1f6ca718db000f1b5fb0127acad120da0f864c8,ca72382957a4275e974802feef21a946,"Tue, 08 Mar 2022 21:05:06 GMT"
S3A_OL_2_WFR____20220307T061605_20220307T061905_20220308T190827_0179_082_362_2520_MAR_O_NT_003.SEN3,wqsf.nc,6986521,d5d3fea45977e7fc49ed22fc5b1c154398235a80b3f97b7e86fb774e54a0fd0f,7a3b81b5261b9817d88056bb55c708b5,"Tue, 08 Mar 2022 21:05:07 GMT"
S3A_OL_2_WFR____20220308T054954_20220308T055254_20220309T181856_0180_082_376_2520_MAR_O_NT_003.SEN3,chl_oc4me.nc,11358702,e9e31ef707944a537ef34d066bb314d6ae1055e72d27fe740b6747a2f2af06e7,71d9c6bc0b5f0509589633776d94d1af-2,"Wed, 09 Mar 2022 19:41:30 GMT"
S3A_OL_2_WFR____20220308T054954_20220308T055254_20220309T181856_0180_082_376_2520_MAR_O_NT_003.SEN3,geo_coordinates.nc,57836846,fecb35d4c092d8c1e3836a871b0457c98ecc309f770ac861e88d91d9ec7ec913,b5bc8f5601d12b194513f7d2c54e4fe7-7,"Wed, 09 Mar 2022 19:41:30 GMT"
S3A_OL_2_WFR____20220308T054954_20220308T055254_20220309T181856_0180_082_376_2520_MAR_O_NT_003.SEN3,tie_geo_coordinates.nc,1137042,592b87d87411ea1828ef80f6a9b276a2ec3634733d020b867adf1b5fe0943a8a,8a107b7a627d95f3e0e8b924045ceadb,"Wed, 09 Mar 2022 19:41:29 GMT"
S3A_OL_2_WFR____20220308T054954_20220308T055254_20220309T181856_0180_082_376_2520_MAR_O_NT_003.SEN3,wqsf.nc,10272242,c55c25268c613a20ac14fafa221ebace6d301da24e7bce5df0398904776bec2f,7e25413248a6b8c22416236312d20df8-2,"Wed, 09 Mar 2022 19:41:29 GMT"
S3A_OL_2_WFR____20220310T063831_20220310T064131_20220311T183819_0179_083_020_2520_MAR_O_NT_003.SEN3,chl_oc4me.nc,4362418,03eb7ae74368dec3be0384572b4b8b1d612cb92621a9533183d9e92a11bfa7df,a45bbc2e916022a07c51456458eb07e6,"Fri, 11 Mar 2022 19:10:43 GMT"
S3A_OL_2_WFR____20220310T063831_20220310T064131_20220311T183819_0179_083_020_2520_MAR_O_NT_003.SEN3,geo_coordinates.nc,59881281,824e76f741c2f4b8e7a39ba68b85bc26d30594267d084002b5518259df8c1b6e,12a3494ed3b095b795f14a18d89e5c3a-8,"Fri, 11 Mar 2022 19:10:43 GMT"
S3A_OL_2_WFR____20220310T063831_20220310T064131_20220311T183819_0179_083_020_2520_MAR_O_NT_003.SEN3,tie_geo_coordinates.nc,1140776,1633dbe4c3404d05188aacdc7abc8c461c1c230cd9b489e38ba24dabc545d3c7,1ea98b2aa853cf352c951716b17bf9c3,"Fri, 11 Mar 2022 19:10:42 GMT"
S3A_OL_2_WFR____20220310T063831_20220310T064131_20220311T183819_0179_083_020_2520_MAR_O_NT_003.SEN3,wqsf.nc,5778842,b59f7e40d7d5919bcf1c0da95f0e90f3a965f48435cf46e3853de3b9b7bd0077,fbf2b2a4582282db69230199c6e4223f,"Fri, 11 Mar 2022 19:10:42 GMT"
S3A_OL_2_WFR____20220311T061220_20220311T061520_20220312T194502_0180_083_034_2520_MAR_O_NT_003.SEN3,chl_oc4me.nc,8866702,9d8cf684987755c3e7e861f44b8d3f687ad178ffd0af3444f809367fb5b262c3,45c53a95e9804f97ad3588006d2e4eae-2,"Sat, 12 Mar 2022 21:26:29 GMT"
S3A_OL_2_WFR____20220311T061220_20220311T061520_20220312T194502_0180_083_034_2520_MAR_O_NT_003.SEN3,geo_coordinates.nc,59499927,36b785639836dbaf1a23c6f4aa04ba75f04487551a4f724e9aa300ef4bda36cd,31ae6df67d75b4e4d90c9d42abce6146-8,"Sat, 12 Mar 2022 21:26:28 GMT"
S3A_OL_2_WFR____20220311T061220_20220311T061520_20220312T194502_0180_083_034_2520_MAR_O_NT_003.SEN3,tie_geo_coordinates.nc,1136698,01cc7db0867fab9c29a59fa72192b12081cf7ede879d77ba4ea1c05f2f0fea6f,0160a6ccb5b3a411bf3838a60930189f,"Sat, 12 Mar 2022 21:26:27 GMT"
S3A_OL_2_WFR____20220311T061220_20220311T061520_20220312T194502_0180_083_034_2520_MAR_O_NT_003.SEN3,wqsf.nc,8512984,ee0e9b1bc111ce97a9f39dc60536e8d75144045a2f6965952da09b8b20be251b,3a53c9bb258da20ed80ece0a6a8eb786-2,"Sat, 12 Mar 2022 21:26:28 GMT"
S3A_OL_2_WFR____20220312T054609_20220312T054909_20220313T191753_0179_083_048_2520_MAR_O_NT_003.SEN3,chl_oc4me.nc,11465027,e689c27de96eb210c5c0c26e5c564540f1fe06b6047ab7b235961f6b665de684,395b3798747e808ac991648b219bf437-2,"Sun, 13 Mar 2022 23:31:32 GMT"
S3A_OL_2_WFR____20220312T054609_20220312T054909_20220313T191753_0179_083_048_2520_MAR_O_NT_003.SEN3,geo_coordinates.nc,57540339,c796df03d96520a79f5698a6b8875f893185477d35916a3bc3154d6baa95d45f,cbdb5d4e94c4d62368f4180964dd1632-7,"Sun, 13 Mar 2022 23:31:31 GMT"
S3A_OL_2_WFR____20220312T054609_20220312T054909_20220313T191753_0179_083_048_2520_MAR_O_NT_003.SEN3,tie_geo_coordinates.nc,1135350,02f04a29aae025f66e13ed5c8005b0058ea9ede237c1d887866c57df5f7db8e9,a671ec0149ecdca1b084ee067d5c5c59,"Sun, 13 Mar 2022 23:31:30 GMT"
S3A_OL_2_WFR____20220312T054609_20220312T054909_20220313T191753_0179_083_048_2520_MAR_O_NT_003.SEN3,wqsf.nc,8681007,db5893bb4fe5cc793e78be5a282554f4d2310ff0d80b09e9c7f3556771222f4f,c2a18d5dbb16b7c5c0504f16e374090e-2,"Sun, 13 Mar 2022 23:31:30 GMT"
S3A_OL_2_WFR____20220314T063447_20220314T063747_20220315T183659_0179_083_077_2520_MAR_O_NT_003.SEN3,chl_oc4me.nc,4484363,1ed04f9fe5d15b148e116fa21f2840498b887cd00ebc3ebcd3eabb868c653d36,b7dddbbf71aa012bf082b64e9ff6474e,"Tue, 15 Mar 2022 21:07:02 GMT"
S3A_OL_2_WFR____20220314T063447_20220314T063747_20220315T183659_0179_083_077_2520_MAR_O_NT_003.SEN3,geo_coordinates.nc,60054042,cb98ba17b27e6866afcf1cf1ed3d51f25e66aa870d0d22e04440c7d4240ebf9a,ab32fc18984ea63db2f088480b4ee260-8,"Tue, 15 Mar 2022 21:07:02 GMT"
S3A_OL_2_WFR____20220314T063447_20220314T063747_20220315T183659_0179_083_077_2520_MAR_O_NT_003.SEN3,tie_geo_coordinates.nc,1142182,99fefeb523b3d710745deccd62334bd27bfc4eed55ac53b1dbd6cc05ed679016,40fbf8b12481fe23c90db844bdd396d2,"Tue, 15 Mar 2022 21:07:01 GMT"
S3A_OL_2_WFR____20220314T063447_20220314T063747_20220315T183659_0179_083_077_2520_MAR_O_NT_003.SEN3,wqsf.nc,5758599,65f8fbae45a3acb6bf698c5ac477eebc9262686a481cfee7a39a2aad99259393,6689f2fdcbc2411f49b29d1cce4f1c68,"Tue, 15 Mar 2022 21:07:01 GMT"
S3A_OL_2_WFR____20220315T060836_20220315T061136_20220316T185457_0179_083_091_2520_MAR_O_NT_003.SEN3,chl_oc4me.nc,9178454,a970590d5143a12654f7c4eefa5916a0562c60b263ce34b6df0c3d9b9dd2462b,c5e762bb548adb3cdb6bc454c09ad1f0-2,"Wed, 16 Mar 2022 20:02:21 GMT"
S3A_OL_2_WFR____20220315T060836_20220315T061136_20220316T185457_0179_083_091_2520_MAR_O_NT_003.SEN3,geo_coordinates.nc,59284961,026331c8d2455c176d266ce03ea6fa9547b0fba0ab4cf7ac0e74693e8db56f44,e8ac3628356330fb6942958ebc7ef6b8-8,"Wed, 16 Mar 2022 20:02:21 GMT"
S3A_OL_2_WFR____20220315T060836_20220315T061136_20220316T185457_0179_083_091_2520_MAR_O_NT_003.SEN3,tie_geo_coordinates.nc,1130448,b68448f5bba8f5d9c6be12fd6f9b6dd60baa82562a0ebb4814f80b5b7f9ef417,22e5a3e556d1e1215aecc168135f791e,"Wed, 16 Mar 2022 20:02:20 GMT"
S3A_OL_2_WFR____20220315T060836_20220315T061136_20220316T185457_0179_083_091_2520_MAR_O_NT_003.SEN3,wqsf.nc,6715479,b968b189692601e0c4afc6237c8a7fb525850edddeda993469d3f5720f79d95e,ec51a2a4e179d560c674020ba199c3ec,"Wed, 16 Mar 2022 20:02:20 GMT"
S3A_OL_2_WFR____20220316T054225_20220316T054525_20220317T181713_0179_083_105_2520_MAR_O_NT_003.SEN3,chl_oc4me.nc,10918864,c9fd0208b40775521760d77ea5787ec648d84b2e1d300ac29b4d44a37c81c0d3,b48890d190c55276fde8bad24fdefdfd-2,"Thu, 17 Mar 2022 21:02:24 GMT"
S3A_OL_2_WFR____20220316T054225_20220316T054525_20220317T181713_0179_083_105_2520_MAR_O_NT_003.SEN3,geo_coordinates.nc,57390878,3d0fa5959615951a3446e2f578e97141c435859ce6e49b31daa1faa7e395ce1f,ac4d71a6b757addeaa4ccbea42b30d9a-7,"Thu, 17 Mar 2022 21:02:24 GMT"
S3A_OL_2_WFR____20220316T054225_20220316T054525_20220317T181713_0179_083_105_2520_MAR_O_NT_003.SEN3,tie_geo_coordinates.nc,1134125,1e585d3f58321ce90c9bc0b19ff8f5bf9295709fefbd3f75f2e59e316a0db97f,96587c33024603aaa0f377dc6ec48426,"Thu, 17 Mar 2022 21:02:23 GMT"
S3A_OL_2_WFR____20220316T054225_20220316T054525_20220317T181713_0179_083_105_2520_MAR_O_NT_003.SEN3,wqsf.nc,6931733,620c24fa6e82d72a73e8a00aed0ea32c0431159e3836a32c7e00ad39a4fa55f1,d4df128768cabdfed23fed9a1507871c,"Thu, 17 Mar 2022 21:02:23 GMT"
S3A_OL_2_WFR____20220317T065714_20220317T070014_20220318T175414_0179_083_120_2520_MAR_O_NT_003.SEN3,tie_geo_coordinates.nc,1141337,ab10514e21077cbc56f04fce53ed6d294fed4e23eecc0d66c72765c7d144bf70,3fd4e20d002e272dd3f7ff2c3f49ce43,"Fri, 18 Mar 2022 19:09:39 GMT"
S3A_OL_2_WFR____20220318T063103_20220318T063403_20220319T180613_0179_083_134_2520_MAR_O_NT_003.SEN3,chl_oc4me.nc,4865090,87f647d941249e830b162ea621849c61274e1843ae6df3a49012d9da78895f97,bbd0b233af2e4233638130c54b08113f,"Sat, 19 Mar 2022 18:54:42 GMT"
S3A_OL_2_WFR____20220318T063103_20220318T063403_20220319T180613_0179_083_134_2520_MAR_O_NT_003.SEN3,geo_coordinates.nc,60069796,d1d33e4edf78a6f1df14e568fe3871c646cb3c1b58ade1e22360da9bee716ddd,815e415ee134a102f15ab43824b827ef-8,"Sat, 19 Mar 2022 18:54:42 GMT"
S3A_OL_2_WFR____20220318T063103_20220318T063403_20220319T180613_0179_083_134_2520_MAR_O_NT_003.SEN3,tie_geo_coordinates.nc,1139609,78bb53f91c7198089deae146df658104c481494b327e31fa932d94bd3da91911,b1ded9b4dbbe3f2d37376727bf813a70,"Sat, 19 Mar 2022 18:54:41 GMT"
S3A_OL_2_WFR____20220318T063103_20220318T063403_20220319T180613_0179_083_134_2520_MAR_O_NT_003.SEN3,wqsf.nc,5327138,1e7a875f7be05b8a63571fcf15f6f44feeafe85e5aceb2d875e8f1ca33913fd9,3e590a4a0d2e53a516da47c15f8da1f3,"Sat, 19 Mar 2022 18:54:41 GMT"
S3A_OL_2_WFR____20220319T060453_20220319T060753_20220320T191846_0180_083_148_2520_MAR_O_NT_003.SEN3,chl_oc4me.nc,8389026,6fb99ddd8f7e71d17dd8a5a584f1ce326c90932fda99a3bf67b8048671c0348e,4372c1821661c3b0cd6455e9d1ca9f3b-2,"Sun, 20 Mar 2022 23:07:06 GMT"
S3A_OL_2_WFR____20220319T060453_20220319T060753_20220320T191846_0180_083_148_2520_MAR_O_NT_003.SEN3,geo_coordinates.nc,59095205,a5abf393430f91a5a8c2cf2b7a5fcb2d81d72d809055364b51c713bfd7eafbdb,c3de5ee3c0ebd1519355f39a120077cf-8,"Sun, 20 Mar 2022 23:07:06 GMT"
S3A_OL_2_WFR____20220319T060453_20220319T060753_20220320T191846_0180_083_148_2520_MAR_O_NT_003.SEN3,tie_geo_coordinates.nc,1133740,32a8901e9afd7fac7deb36ba2e7c162af11b0c203122ae750a41cc751afd9429,6eace9298cca2ee3487eb1440cf914c6,"Sun, 20 Mar 2022 23:07:05 GMT"
S3A_OL_2_WFR____20220319T060453_20220319T060753_20220320T191846_0180_083_148_2520_MAR_O_NT_003.SEN3,wqsf.nc,7917452,dfb647f1ff9eae2205e8eaa7184f3035912064c412349619bd4b6d10aba3fd4b,8dd5188233bc77767b9d9aa3247ff931,"Sun, 20 Mar 2022 23:07:05 GMT"
S3A_OL_2_WFR____20220320T053842_20220320T054142_20220321T184339_0179_083_162_2520_MAR_O_NT_003.SEN3,chl_oc4me.nc,9414119,a2b34aae24009c0785417d74e9a21b6e77132ac94be6a94783b4fe339df3c1a6,294f850527e8737aac2725fa8dc4a194-2,"Mon, 21 Mar 2022 21:28:46 GMT"
S3A_OL_2_WFR____20220320T053842_20220320T054142_20220321T184339_0179_083_162_2520_MAR_O_NT_003.SEN3,geo_coordinates.nc,57194289,3e73d67810a731fd2a36d7651d2b81f9284de73523ac239874f81b6d115efb6e,b7e045638b9957ae2af8ab3b2feed462-7,"Mon, 21 Mar 2022 21:28:45 GMT"
S3A_OL_2_WFR____20220320T053842_20220320T054142_20220321T184339_0179_083_162_2520_MAR_O_NT_003.SEN3,tie_geo_coordinates.nc,1140307,598186a78cf059f85e109f44092b8fa95d0d86b1a1cfcb40db52518ef467909c,a8194ccf7a8d8cb36a2b9783e2dc2d9d,"Mon, 21 Mar 2022 21:28:44 GMT"
S3A_OL_2_WFR____20220320T053842_20220320T054142_20220321T184339_0179_083_162_2520_MAR_O_NT_003.SEN3,wqsf.nc,8031060,653114fbab6f353083bc9ba309e9795bc25fc9c4204183995d1c7bd42db2aa89,ce3808c94dba58fdfdb97d1c4b834a36,"Mon, 21 Mar 2022 21:28:45 GMT"
S3A_OL_2_WFR____20220321T065330_20220321T065630_20220322T190008_0179_083_177_2520_MAR_O_NT_003.SEN3,chl_oc4me.nc,1538431,68138711428e06f98084419da6e89dc589d6b70b99c7e8f6944da7501ebb034d,d1a47a6c9c33816537bb3c57ff2cfc81,"Tue, 22 Mar 2022 19:50:50 GMT"
S3A_OL_2_WFR____20220321T065330_20220321T065630_20220322T190008_0179_083_177_2520_MAR_O_NT_003.SEN3,geo_coordinates.nc,59241754,c1a82ec5af2f4a53542ab6ead3d0f7dfeb6e09039a63f32b2f170ff4fe6da934,8ed007494f5b90feb6adecd19d898c9a-8,"Tue, 22 Mar 2022 19:50:50 GMT"
S3A_OL_2_WFR____20220321T065330_20220321T065630_20220322T190008_0179_083_177_2520_MAR_O_NT_003.SEN3,tie_geo_coordinates.nc,1136268,733ffb08accce0390f2970bb18da639d2cb9bc8f54c3d3c7aa25cf744ab51d61,0056392a9ad459e2a5bea2e514325353,"Tue, 22 Mar 2022 19:50:49 GMT"
S3A_OL_2_WFR____20220321T065330_20220321T065630_20220322T190008_0179_083_177_2520_MAR_O_NT_003.SEN3,wqsf.nc,4285152,81e907b4a07f7d8ee521b1e098361d83644c5a2d6910f92e69f0ec4df639ad99,eb9c0e040d282f3d6403e3d3ed115792,"Tue, 22 Mar 2022 19:50:49 GMT"
S3A_OL_2_WFR____20220322T062720_20220322T063020_20220323T191706_0179_083_191_2520_MAR_O_NT_003.SEN3,chl_oc4me.nc,4278502,01e06d2891ff2d02af664d20a4c766bd80c8b18e7d8e7f286416fa728ae7a016,6673f2cae47728d651e20a2cabb9e58b,"Wed, 23 Mar 2022 21:52:09 GMT"
S3A_OL_2_WFR____20220322T062720_20220322T063020_20220323T191706_0179_083_191_2520_MAR_O_NT_003.SEN3,geo_coordinates.nc,60126696,94beb9425084e4a33ac6942ce09f7ec4bdfb7f4c5cb2c2de7a91c9e2e3689d9b,2b7376ca16a118be67e500d342b8a397-8,"Wed, 23 Mar 2022 21:52:08 GMT"
S3A_OL_2_WFR____20220322T062720_20220322T063020_20220323T191706_0179_083_191_2520_MAR_O_NT_003.SEN3,tie_geo_coordinates.nc,1137343,7c2fe9ef79086dfa51e8d6624f9933811f1ecbd8653e044cf6450b46b4abce09,bbcf30a5c2ff422a6e2be550039cd859,"Wed, 23 Mar 2022 21:52:08 GMT"
S3A_OL_2_WFR____20220322T062720_20220322T063020_20220323T191706_0179_083_191_2520_MAR_O_NT_003.SEN3,wqsf.nc,5200631,099204ccb4556b499ffeffcfa61045307b417e3b25f5e7bb1803141603896224,b5776006815d0f78807b86b56b3d387c,"Wed, 23 Mar 2022 21:52:09 GMT"
S3A_OL_2_WFR____20220323T060109_20220323T060409_20220324T185025_0179_083_205_2520_MAR_O_NT_003.SEN3,chl_oc4me.nc,9097311,ae4cd0cd323c6045af29c788e28a27170490427fc3edea58ff1d70b46efc5228,517df4508c917d9af62248139e74014e-2,"Thu, 24 Mar 2022 22:41:08 GMT"
S3A_OL_2_WFR____20220323T060109_20220323T060409_20220324T185025_0179_083_205_2520_MAR_O_NT_003.SEN3,geo_coordinates.nc,58912842,01756187c24c4e49717efc97576db6d2b6c5a2002664e3d42cd6a96761750b8c,1cf8ba2bbb1300973100c3d6cc14b628-8,"Thu, 24 Mar 2022 22:41:07 GMT"
S3A_OL_2_WFR____20220323T060109_20220323T060409_20220324T185025_0179_083_205_2520_MAR_O_NT_003.SEN3,tie_geo_coordinates.nc,1131883,9e0c6409e598cd7012a2a4b32b258f94321736b863bee26a51aafe3c027fada1,f9205bf930d77950ec05f663ec29c971,"Thu, 24 Mar 2022 22:41:07 GMT"
S3A_OL_2_WFR____20220323T060109_20220323T060409_20220324T185025_0179_083_205_2520_MAR_O_NT_003.SEN3,wqsf.nc,7548526,c3338d5818edbdd58b07dc1afc4eaeb7a283c3db84e2e99771128f7135857939,2989d08c1413a566f5ffdaa59f88761c,"Thu, 24 Mar 2022 22:41:07 GMT"
S3A_OL_2_WFR____20220325T064947_20220325T065247_20220326T181012_0179_083_234_2520_MAR_O_NT_003.SEN3,chl_oc4me.nc,3507947,8175108031c9fded6140e74ccc5f92901a375ae71d9c2e295dd6515469ca795a,fe2ec60dbcb8095e98a0e2a59b46e15c,"Sat, 26 Mar 2022 22:30:53 GMT"
S3A_OL_2_WFR____20220325T064947_20220325T065247_20220326T181012_0179_083_234_2520_MAR_O_NT_003.SEN3,geo_coordinates.nc,59297417,6daac131fc4e43f930ff40895454981734d8e7607e4473c919115d7bdf21b22d,b77309bf7d23efe6303daa759ae9e482-8,"Sat, 26 Mar 2022 22:30:52 GMT"
S3A_OL_2_WFR____20220325T064947_20220325T065247_20220326T181012_0179_083_234_2520_MAR_O_NT_003.SEN3,tie_geo_coordinates.nc,1137927,0b5cccbd9b2d32beae9546f943d0cb10a518a65c21cafaf5ec2f31ef128a6bb1,4da07577b7b3154f50dae405e9678804,"Sat, 26 Mar 2022 22:30:51 GMT"
S3A_OL_2_WFR____20220325T064947_20220325T065247_20220326T181012_0179_083_234_2520_MAR_O_NT_003.SEN3,wqsf.nc,6199426,30f0af2c1a22abd3f48042cf9667ee228c915b829ef6262a1971f5ca44fde10d,7d30323fcdbed795033346a0afab19d9,"Sat, 26 Mar 2022 22:30:52 GMT"
S3A_OL_2_WFR____20220326T062336_20220326T062636_20220327T181417_0179_083_248_2520_MAR_O_NT_003.SEN3,chl_oc4me.nc,6338638,e03774ec6cedc3ef6f1980528250dc067484991307cc5c315c7e41c8ee11454f,716b243b8f755b303486ee98f47025ee,"Sun, 27 Mar 2022 22:18:53 GMT"
S3A_OL_2_WFR____20220326T062336_20220326T062636_20220327T181417_0179_083_248_2520_MAR_O_NT_003.SEN3,geo_coordinates.nc,60089154,70d445a0bf2e1c464428ad82207a1a4556da8fb76eb3de6b84f9f5e30714079b,aa1f4cf74c9c9e93d8c346b0786a786e-8,"Sun, 27 Mar 2022 22:18:53 GMT"
S3A_OL_2_WFR____20220326T062336_20220326T062636_20220327T181417_0179_083_248_2520_MAR_O_NT_003.SEN3,tie_geo_coordinates.nc,1142715,70d00413ac8ccfcb143fc524ca53ee3f1352847b99dc70b19c672796b7d1e8cb,2fddd47ea00ffef339e3e84d043c8b32,"Sun, 27 Mar 2022 22:18:52 GMT"
S3A_OL_2_WFR____20220326T062336_20220326T062636_20220327T181417_0179_083_248_2520_MAR_O_NT_003.SEN3,wqsf.nc,5728242,ab52cf0ead614ea584421392d491a8313a6739685310f4ffeff27e0577061a62,d35749651799edbbb686c7ed3415bd4c,"Sun, 27 Mar 2022 22:18:52 GMT"
S3A_OL_2_WFR____20220327T055725_20220327T060025_20220328T174830_0179_083_262_2520_MAR_O_NT_003.SEN3,chl_oc4me.nc,10468724,6af334ca668ad9f39ea61ec28336b4ddda23397997fb847aa81c90f0b45f29bf,0a3c505ef265487d4936a34c867e559c-2,"Mon, 28 Mar 2022 18:46:45 GMT"
S3A_OL_2_WFR____20220327T055725_20220327T060025_20220328T174830_0179_083_262_2520_MAR_O_NT_003.SEN3,geo_coordinates.nc,58673612,2196d9060b1c8ee42384db766f1d3e17073348d7cc090d327fa99798fd0ff319,d65109ef429a0acf40a7e938627e024d-7,"Mon, 28 Mar 2022 18:46:45 GMT"
S3A_OL_2_WFR____20220327T055725_20220327T060025_20220328T174830_0179_083_262_2520_MAR_O_NT_003.SEN3,tie_geo_coordinates.nc,1138672,939ec4733a1676873fb91734008ffd24ed62b64c4c2fc6300c06c58a803f6e69,d9ea4865ace5c95cef46dbdd14f3e875,"Mon, 28 Mar 2022 18:46:44 GMT"
S3A_OL_2_WFR____20220327T055725_20220327T060025_20220328T174830_0179_083_262_2520_MAR_O_NT_003.SEN3,wqsf.nc,8009720,a1205abbbe8aa88c8594860a1edfb82e5267c4de7ce6a06070436767e8a652a3,c93b6c7201791993f6d5b57a63d871cb,"Mon, 28 Mar 2022 18:46:44 GMT"
S3A_OL_2_WFR____20220329T064603_20220329T064903_20220330T195113_0179_083_291_2520_MAR_O_NT_003.SEN3,chl_oc4me.nc,3712711,684826865d3804597c26076daad812bf8cf98559b79f3c85d0548011c851407a,a752188f408dc106ecb43be21db1f169,"Wed, 30 Mar 2022 22:12:24 GMT"
S3A_OL_2_WFR____20220329T064603_20220329T064903_20220330T195113_0179_083_291_2520_MAR_O_NT_003.SEN3,geo_coordinates.nc,59515632,b11aac29f318e596f6f5723b6cc0b8eb56dce753545739807752456094f45475,cf90f37ee4b6bd9c36d8cba329dae41e-8,"Wed, 30 Mar 2022 22:12:23 GMT"
S3A_OL_2_WFR____20220329T064603_20220329T064903_20220330T195113_0179_083_291_2520_MAR_O_NT_003.SEN3,tie_geo_coordinates.nc,1141112,24842275ab958fc359cdd19a4beb11d5c09ff432d159d07e259af7602f28704a,6e44c161c00a5c41e8762bf76b23ce33,"Wed, 30 Mar 2022 22:12:23 GMT"
S3A_OL_2_WFR____20220329T064603_20220329T064903_20220330T195113_0179_083_291_2520_MAR_O_NT_003.SEN3,wqsf.nc,5185219,5e43f02d2d17179a7b0b81f3be178fade45194dfb9d0ba4542fc044a212c8806,e4deab1e1ef95972bc2c40d1055ddf44,"Wed, 30 Mar 2022 22:12:23 GMT"
S3A_OL_2_WFR____20220330T061952_20220330T062252_20220331T175050_0179_083_305_2520_MAR_O_NT_003.SEN3,chl_oc4me.nc,5468679,3fd846413a65e0e39250b9766034562c338adafeb9e00bbdf67da2275d79fffd,13484fbbed5185479077b6af7d1d5d78,"Thu, 31 Mar 2022 20:13:19 GMT"
S3A_OL_2_WFR____20220330T061952_20220330T062252_20220331T175050_0179_083_305_2520_MAR_O_NT_003.SEN3,geo_coordinates.nc,59958360,7c5f754c8a1972b708719c751b0cf563aa8c01b396dc1e5150c1213d741dca8d,deb9149a6da411c6cebd0abdf00922bf-8,"Thu, 31 Mar 2022 20:13:18 GMT"
S3A_OL_2_WFR____20220330T061952_20220330T062252_20220331T175050_0179_083_305_2520_MAR_O_NT_003.SEN3,tie_geo_coordinates.nc,1135770,04ddc4a0f21077dbb471a30744de6b7113192e5ef4f2582c7f5239abd6957c32,d115b27cef5ffef8709d87e92cd0d49d,"Thu, 31 Mar 2022 20:13:17 GMT"
S3A_OL_2_WFR____20220330T061952_20220330T062252_20220331T175050_0179_083_305_2520_MAR_O_NT_003.SEN3,wqsf.nc,6037725,355ac4ae9e62ac69ae044824291fa0e24c226a2c06a16132f28f22731a398a9b,565c8f34b0cca34b0aea1a9c5e534149,"Thu, 31 Mar 2022 20:13:18 GMT"
S3A_OL_2_WFR____20220331T055341_20220331T055641_20220401T183207_0179_083_319_2520_MAR_O_NT_003.SEN3,chl_oc4me.nc,9661206,b25c066c7d53d4a6b67d95a38e9a92de42e950e10cac6aba0076dde6421f59ec,44695d1643d477e52ae52417aa63085d-2,"Fri, 01 Apr 2022 19:41:10 GMT"
S3A_OL_2_WFR____20220331T055341_20220331T055641_20220401T183207_0179_083_319_2520_MAR_O_NT_003.SEN3,geo_coordinates.nc,58319431,84736efddf5b2e4aa55972f98b70760ef28a70c587c51c6944254055c5a92c77,6194d7b7fb94993dbe943c7b3083c08b-7,"Fri, 01 Apr 2022 19:41:09 GMT"
S3A_OL_2_WFR____20220331T055341_20220331T055641_20220401T183207_0179_083_319_2520_MAR_O_NT_003.SEN3,tie_geo_coordinates.nc,1139094,e39e2cfb203145c84138a87e610620266dad38f78e2a28777135e3afb9baea3d,26cebaaee0ba3297aacce99348171c1b,"Fri, 01 Apr 2022 19:41:08 GMT"
S3A_OL_2_WFR____20220331T055341_20220331T055641_20220401T183207_0179_083_319_2520_MAR_O_NT_003.SEN3,wqsf.nc,7244729,6fc414e9226331865d6b99a66fc4d1ba084349daa1464be9da336fd804677cdc,aa7214ddd23bd7327ca803335490672b,"Fri, 01 Apr 2022 19:41:09 GMT"
S3A_OL_2_WFR____20220402T064219_20220402T064519_20220403T193007_0179_083_348_2520_MAR_O_NT_003.SEN3,chl_oc4me.nc,4320801,2127fc681f03618560e5ab3fa897f87faeadf50165e503da994f9b36666974c6,075dd4f294945fb157346bb90924ae5e,"Sun, 03 Apr 2022 20:11:09 GMT"
S3A_OL_2_WFR____20220402T064219_20220402T064519_20220403T193007_0179_083_348_2520_MAR_O_NT_003.SEN3,geo_coordinates.nc,59663069,3f28528dad55cf474360b37b92ea0b36159d7125235dadeb87472e2c21c10a85,df7564d42131e7ee881631e4d17146c0-8,"Sun, 03 Apr 2022 20:11:09 GMT"
S3A_OL_2_WFR____20220402T064219_20220402T064519_20220403T193007_0179_083_348_2520_MAR_O_NT_003.SEN3,tie_geo_coordinates.nc,1138011,7aa43f32b932ec69e8a9d4854be8c052996a9a0e575ee8556e66d3fa42225c96,dcb0d2a6109a866a64f29ba10b6eccfa,"Sun, 03 Apr 2022 20:11:08 GMT"
S3A_OL_2_WFR____20220402T064219_20220402T064519_20220403T193007_0179_083_348_2520_MAR_O_NT_003.SEN3,wqsf.nc,5606992,bf142f71344d5044cde24d949f81380b61485fce7f908bf8cc40f7ff4a904408,72489ede06f51f3e828f3b06e86c8bf4,"Sun, 03 Apr 2022 20:11:08 GMT"
S3A_OL_2_WFR____20220403T061608_20220403T061908_20220404T191247_0180_083_362_2520_MAR_O_NT_003.SEN3,chl_oc4me.nc,6685820,e7eaea939ef505d61d2afbac7b4f87c45ca058aff48ec91e417050659f651202,87c6cb9f3845c33c86428ca1dc434b6b,"Mon, 04 Apr 2022 21:58:01 GMT"
S3A_OL_2_WFR____20220403T061608_20220403T061908_20220404T191247_0180_083_362_2520_MAR_O_NT_003.SEN3,geo_coordinates.nc,59769452,a9295e2fdf14979374d64f4b2b46080b734a52821a8586cce5f34b1c8477803d,66adbed9defd7957a7163386cbe6e31d-8,"Mon, 04 Apr 2022 21:58:00 GMT"
S3A_OL_2_WFR____20220403T061608_20220403T061908_20220404T191247_0180_083_362_2520_MAR_O_NT_003.SEN3,tie_geo_coordinates.nc,1137018,5d960c844b3a39ff83addb3858bddccc2b19f7c991fb211a13a46b5d83311a79,4d5871adc395a964de15fadaf60a1ab9,"Mon, 04 Apr 2022 21:57:59 GMT"
S3A_OL_2_WFR____20220403T061608_20220403T061908_20220404T191247_0180_083_362_2520_MAR_O_NT_003.SEN3,wqsf.nc,6129510,79e9d5977496ea36b07c8af6d34d792102bfa1213aacc475d55a99cf91589e90,ce6f52b6641d3f3860b22abdeb2dd8b1,"Mon, 04 Apr 2022 21:58:00 GMT"
S3A_OL_2_WFR____20220404T054957_20220404T055257_20220405T183145_0179_083_376_2520_MAR_O_NT_003.SEN3,chl_oc4me.nc,9965859,5aa094bc37d8cb02847a0ae82bceeaf4484f7458bf35f0463669abfd67b46b25,4e1cead330d2d6355e2ad965ec0fc515-2,"Tue, 05 Apr 2022 19:55:11 GMT"
S3A_OL_2_WFR____20220404T054957_20220404T055257_20220405T183145_0179_083_376_2520_MAR_O_NT_003.SEN3,geo_coordinates.nc,57836519,9d07b5992cb07de6c5f5f0206ecdd29295a07015b5762a9c954a5fb3abd07a30,f061915615f8cdd3c179b654259e8cd0-7,"Tue, 05 Apr 2022 19:55:11 GMT"
S3A_OL_2_WFR____20220404T054957_20220404T055257_20220405T183145_0179_083_376_2520_MAR_O_NT_003.SEN3,tie_geo_coordinates.nc,1135248,eae735b7dc733e24818d51cdd99e398e2a075405c41e73ea25a65f0a806eee21,7579aa5ecf2fe992a2450570d48686d4,"Tue, 05 Apr 2022 19:55:10 GMT"
S3A_OL_2_WFR____20220404T054957_20220404T055257_20220405T183145_0179_083_376_2520_MAR_O_NT_003.SEN3,wqsf.nc,9103013,a6d4108a708ca3a6c1a95b90a6a566f27733509e0cef7b774f35a8f978198a7a,551a9672f077783f214b7040242a4955-2,"Tue, 05 Apr 2022 19:55:10 GMT"
S3A_OL_2_WFR____20220406T063834_20220406T064134_20220407T171617_0179_084_020_2520_MAR_O_NT_003.SEN3,chl_oc4me.nc,4697079,afd0807fe5d9d4785f8115b0f7e68ce6ac780c3b726740966fa6a9ac2587b3b6,f0478dcf0717dad7e5dd5301a5905e50,"Thu, 07 Apr 2022 19:48:12 GMT"
S3A_OL_2_WFR____20220406T063834_20220406T064134_20220407T171617_0179_084_020_2520_MAR_O_NT_003.SEN3,geo_coordinates.nc,59881336,c7400e271fd770decdd36400bf3ead967e5ef1b5f202d73254f6ced9835ea56b,b985320db59bde4a9abcb94505527bb9-8,"Thu, 07 Apr 2022 19:48:11 GMT"
S3A_OL_2_WFR____20220406T063834_20220406T064134_20220407T171617_0179_084_020_2520_MAR_O_NT_003.SEN3,tie_geo_coordinates.nc,1139938,aa246a72822f47168158c4448ab7700c213fffc19e30039518f677105975e81d,e57106ff6c223920677050b4765da01d,"Thu, 07 Apr 2022 19:48:11 GMT"
S3A_OL_2_WFR____20220406T063834_20220406T064134_20220407T171617_0179_084_020_2520_MAR_O_NT_003.SEN3,wqsf.nc,5417031,e5d651c3b3b229309989814a1a4556615a2c6e5ac4a11ac72af98053147e9a59,40ceb20c67f329614c3a573d54ce4c04,"Thu, 07 Apr 2022 19:48:11 GMT"
S3A_OL_2_WFR____20220407T061223_20220407T061523_20220408T170359_0180_084_034_2520_MAR_O_NT_003.SEN3,chl_oc4me.nc,7793277,1e0131942fbb00c6f465499a82a2a21322d2af4b832cf85410fe3963966a9400,c9aa3758d152e2d3adbe5980168c98ad,"Fri, 08 Apr 2022 20:06:49 GMT"
S3A_OL_2_WFR____20220407T061223_20220407T061523_20220408T170359_0180_084_034_2520_MAR_O_NT_003.SEN3,geo_coordinates.nc,59507146,775ae3c9b443b4ce6bd24232df52b62ae3c1a852f6cb4d5aacaede21aca7376e,8c663790928ace96804058250bae6836-8,"Fri, 08 Apr 2022 20:06:48 GMT"
S3A_OL_2_WFR____20220407T061223_20220407T061523_20220408T170359_0180_084_034_2520_MAR_O_NT_003.SEN3,tie_geo_coordinates.nc,1135623,581db1e039ec2268978142c73d8dc0d256f5c675f5ace2ce5371546af71adf77,f8446c67e292e6899ad5363fbb9ac94f,"Fri, 08 Apr 2022 20:06:48 GMT"
S3A_OL_2_WFR____20220407T061223_20220407T061523_20220408T170359_0180_084_034_2520_MAR_O_NT_003.SEN3,wqsf.nc,7009082,00795a400099a9fe5ab0f34b1471f0dee04f9eca339812d518be70341680e6b2,b285d935b8658cd7f034d5a90fe4cc52,"Fri, 08 Apr 2022 20:06:48 GMT"
S3A_OL_2_WFR____20220408T054612_20220408T054912_20220409T180833_0179_084_048_2520_MAR_O_NT_003.SEN3,chl_oc4me.nc,10088599,c11e03a014ef234ef94c481d198072c1ba0b637589592abc231dbb0a9252bf5e,080e682421dd88db7fe056ed9f474b71-2,"Sat, 09 Apr 2022 22:46:53 GMT"
S3A_OL_2_WFR____20220408T054612_20220408T054912_20220409T180833_0179_084_048_2520_MAR_O_NT_003.SEN3,geo_coordinates.nc,57543267,221d64306545caabd1a65b44810bbda0bf295a462c4fa12b0e4a1513a6a596b6,aa808bff051ecc236e1f25ca3f97371a-7,"Sat, 09 Apr 2022 22:46:52 GMT"
S3A_OL_2_WFR____20220408T054612_20220408T054912_20220409T180833_0179_084_048_2520_MAR_O_NT_003.SEN3,tie_geo_coordinates.nc,1141535,e7349718d8b12def162356e2d0c37881d8a56b058e8e5f42c12446b0d21f7729,b92b700b769c1c3d279f9d1ec235b93c,"Sat, 09 Apr 2022 22:46:51 GMT"
S3A_OL_2_WFR____20220408T054612_20220408T054912_20220409T180833_0179_084_048_2520_MAR_O_NT_003.SEN3,wqsf.nc,8027725,4d5c0a707d28f9cff64a5e3928e7eb87d6184bb30325e9add471a8cc9f9237e0,222e0561aad4f29a26faa399cbdcdebc,"Sat, 09 Apr 2022 22:46:51 GMT"
S3A_OL_2_WFR____20220410T063449_20220410T063749_20220411T185248_0179_084_077_2520_MAR_O_NT_003.SEN3,chl_oc4me.nc,3020778,465025b68ad22e868cabe095173795f2ee2b59110c674111adfad4c5c5ef87f8,b3c200b45296bdd4d631d71b264c679b,"Mon, 11 Apr 2022 20:35:22 GMT"
S3A_OL_2_WFR____20220410T063449_20220410T063749_20220411T185248_0179_084_077_2520_MAR_O_NT_003.SEN3,geo_coordinates.nc,60035802,d0c803f528500da602d8cc7484176803443177488b2c831bf4fa9efeb6b19fae,09163a19e050f63525fc147230d05db8-8,"Mon, 11 Apr 2022 20:35:21 GMT"
S3A_OL_2_WFR____20220410T063449_20220410T063749_20220411T185248_0179_084_077_2520_MAR_O_NT_003.SEN3,tie_geo_coordinates.nc,1136353,5afbffe25ee5be3f3f0df4a3f650d211a754099b985a1bd80354c4f0d7d89664,eba9ae5a81bfc155358f370579da64d3,"Mon, 11 Apr 2022 20:35:21 GMT"
S3A_OL_2_WFR____20220410T063449_20220410T063749_20220411T185248_0179_084_077_2520_MAR_O_NT_003.SEN3,wqsf.nc,5334766,9124bed93c025cacf1ef1810b3670e169326d6f63d9fe5d1b874ba5e339f1949,781017b6e9a021c643e684dc1351a643,"Mon, 11 Apr 2022 20:35:21 GMT"
S3A_OL_2_WFR____20220411T060838_20220411T061138_20220412T225517_0179_084_091_2520_MAR_O_NT_003.SEN3,chl_oc4me.nc,7687227,0f6b177c987c6cfb4d85fe3497dce0c430d6049cf070bdf1ab98f466f410188f,04eb7910417f5f4e7ef87cab021267b8,"Wed, 13 Apr 2022 01:46:08 GMT"
S3A_OL_2_WFR____20220411T060838_20220411T061138_20220412T225517_0179_084_091_2520_MAR_O_NT_003.SEN3,geo_coordinates.nc,59261706,527db7af119f8b2ab4a7b8b03679e8862dbeb74bfa3bde82f853b5d60a3baf00,1af06d5c2f4def2a08a5d837c55c3b5e-8,"Wed, 13 Apr 2022 01:46:07 GMT"
S3A_OL_2_WFR____20220411T060838_20220411T061138_20220412T225517_0179_084_091_2520_MAR_O_NT_003.SEN3,tie_geo_coordinates.nc,1132220,985e1ca1381945629b9ea08f5daaa83785df5abe2f5075c5f7faee8e2981231d,544b0a0867e618c7cdaf7064f0fbb9c3,"Wed, 13 Apr 2022 01:46:06 GMT"
S3A_OL_2_WFR____20220411T060838_20220411T061138_20220412T225517_0179_084_091_2520_MAR_O_NT_003.SEN3,wqsf.nc,7208419,f25d3ae42b86ead33db6ee6085b6afde2cbfc0b6d7a34da5a8ab2ac4116469c0,dbc98c1f733aca196bc45cb76ac46595,"Wed, 13 Apr 2022 01:46:07 GMT"
S3A_OL_2_WFR____20220412T054227_20220412T054527_20220413T180612_0179_084_105_2520_MAR_O_NT_003.SEN3,chl_oc4me.nc,10223144,41d7a9d50a8148499d7750d06dd761d8c1f0ef622dab57679d3b8da3de4ee0d2,1d2551d22a7ff62261c92ec4f6ddcb77-2,"Fri, 15 Apr 2022 09:48:31 GMT"
S3A_OL_2_WFR____20220412T054227_20220412T054527_20220413T180612_0179_084_105_2520_MAR_O_NT_003.SEN3,geo_coordinates.nc,57352605,03a344b55366efc60d12e704878c7800a88779fd1161a246281b741aa0632660,1879a9228a546b9c58419e17f7bb8a46-7,"Fri, 15 Apr 2022 09:48:32 GMT"
S3A_OL_2_WFR____20220412T054227_20220412T054527_20220413T180612_0179_084_105_2520_MAR_O_NT_003.SEN3,tie_geo_coordinates.nc,1134914,ead4e4ebf15f28c6395cd9f08246f5fd36af1626e6c4a12aef0aacd229232015,e611e8544b91bb52b598597de1d546f7,"Fri, 15 Apr 2022 09:48:32 GMT"
S3A_OL_2_WFR____20220412T054227_20220412T054527_20220413T180612_0179_084_105_2520_MAR_O_NT_003.SEN3,wqsf.nc,8780725,4bd27b26e25b5be6a4281f6daccff377693d52a02f52da2c5027585563b79f0b,77dfd34996529bcdaf2347339071afa8-2,"Fri, 15 Apr 2022 09:48:32 GMT"
S3A_OL_2_WFR____20220413T065716_20220413T070016_20220414T181921_0179_084_120_2520_MAR_O_NT_003.SEN3,tie_geo_coordinates.nc,1140237,b35ea57757a0f33b9c73d0472c9eae10e16f01368c6de2139030b5df652c865d,904872f807889bde7fa5d0aa96f9c607,"Thu, 14 Apr 2022 19:11:07 GMT"
S3A_OL_2_WFR____20220414T063105_20220414T063405_20220415T180840_0179_084_134_2520_MAR_O_NT_003.SEN3,chl_oc4me.nc,3187251,8c126939a9bea725259eb37d16ef6105744c9f518185e56b838022e11a89bc72,53a1ab23aaa3f8d6e7dc2ac026a5392a,"Fri, 15 Apr 2022 19:13:00 GMT"
S3A_OL_2_WFR____20220414T063105_20220414T063405_20220415T180840_0179_084_134_2520_MAR_O_NT_003.SEN3,geo_coordinates.nc,60069146,4956e8d7a0e08f6a9eec853c8fcf58aeab9afd163397b5f55857073feb3f8eda,7ad02dc8d92efa7502c902c234882249-8,"Fri, 15 Apr 2022 19:12:59 GMT"
S3A_OL_2_WFR____20220414T063105_20220414T063405_20220415T180840_0179_084_134_2520_MAR_O_NT_003.SEN3,tie_geo_coordinates.nc,1142421,55e72d11648e539c9f85f4ae626da76f947e554a17b6b00bf5f43418b5660ed7,d34c90e11aa4b054d1adf2e375b7a54a,"Fri, 15 Apr 2022 19:12:58 GMT"
S3A_OL_2_WFR____20220414T063105_20220414T063405_20220415T180840_0179_084_134_2520_MAR_O_NT_003.SEN3,wqsf.nc,5240416,f36acff59ef43c78c5272028e6e7f8da17b7bede8d8233c8e9232a138991c668,842def697b90cb7e9117d517734e25cd,"Fri, 15 Apr 2022 19:12:59 GMT"
S3A_OL_2_WFR____20220415T060454_20220415T060754_20220416T165146_0179_084_148_2520_MAR_O_NT_003.SEN3,chl_oc4me.nc,7878465,ea42dc16cb7c61fb8254fe8de2765ea6ca5294cce06bfd0d2fe9a29dcd6a83e0,a99009204a7bd357df6b6376c6041b4f,"Sat, 16 Apr 2022 17:51:31 GMT"
S3A_OL_2_WFR____20220415T060454_20220415T060754_20220416T165146_0179_084_148_2520_MAR_O_NT_003.SEN3,geo_coordinates.nc,59121132,c27529b6f68c7465d2f6d21e6b746d6630799e5e7a0cbe9e6d5ee864040d5f94,63a16a47ef4cf0118ac23bb39c437d3f-8,"Sat, 16 Apr 2022 17:51:30 GMT"
S3A_OL_2_WFR____20220415T060454_20220415T060754_20220416T165146_0179_084_148_2520_MAR_O_NT_003.SEN3,tie_geo_coordinates.nc,1132737,f3bc5d9fc736f2ed4790807ca5eb1756d5f5a3ceed6a000d1fddb3b791008a24,36e8b0a9bdb8aab059a4adc9303778c4,"Sat, 16 Apr 2022 17:51:29 GMT"
S3A_OL_2_WFR____20220415T060454_20220415T060754_20220416T165146_0179_084_148_2520_MAR_O_NT_003.SEN3,wqsf.nc,7840656,f51c3b68ad86b224f4ca81921874af3912f258f44234ae6c18706c3e3ed92baf,6b39f8c5eaa9433d4a9f9d48997ed3db,"Sat, 16 Apr 2022 17:51:29 GMT"
S3A_OL_2_WFR____20220416T053844_20220416T054144_20220417T184403_0179_084_162_2520_MAR_O_NT_003.SEN3,chl_oc4me.nc,8899558,3893d47927d97e42a18bb2306bbd7fd8cd21d4780c3e867785eec61ec8dadedd,e7ae53454dd6900b96b58ef267d757bb-2,"Sun, 17 Apr 2022 19:48:22 GMT"
S3A_OL_2_WFR____20220416T053844_20220416T054144_20220417T184403_0179_084_162_2520_MAR_O_NT_003.SEN3,geo_coordinates.nc,57201045,f518723eb44d9339e1dd515c659c51b88d817076ff3cf18c4e0bf7f7602d9fef,4352bc673868d5c806f0bcbf5dcc6853-7,"Sun, 17 Apr 2022 19:48:22 GMT"
S3A_OL_2_WFR____20220416T053844_20220416T054144_20220417T184403_0179_084_162_2520_MAR_O_NT_003.SEN3,tie_geo_coordinates.nc,1137860,c0ef35675021bdb7ac924d1340ef0415839399d9f32923fc8a0f9494c704b637,fa2e9d90bdd164afe82c424935ea7ad6,"Sun, 17 Apr 2022 19:48:21 GMT"
S3A_OL_2_WFR____20220416T053844_20220416T054144_20220417T184403_0179_084_162_2520_MAR_O_NT_003.SEN3,wqsf.nc,8596114,6bbaeaef99b9bff926fe4a4b8fe51d3b1b8adbf7248e4d59635561b2b818ff5d,bcbe31de4730b3e71c31d637e47efaa6-2,"Sun, 17 Apr 2022 19:48:21 GMT"
S3A_OL_2_WFR____20220417T065332_20220417T065632_20220418T173103_0180_084_177_2520_MAR_O_NT_003.SEN3,chl_oc4me.nc,2534367,b3864d5f0a8cea3ea3dc66afda53777b8110286c76cc75a1ec7377313f30ab90,378de78fa9a9e66ebff53ab7a7e0707a,"Mon, 18 Apr 2022 18:34:02 GMT"
S3A_OL_2_WFR____20220417T065332_20220417T065632_20220418T173103_0180_084_177_2520_MAR_O_NT_003.SEN3,geo_coordinates.nc,59271749,4c66bb72ac2ec89ff6d6cf978ae4e1d6db1a521b950de4272222e58cde15ac54,3da0be210dd2af3f2a7120afa8e5de80-8,"Mon, 18 Apr 2022 18:34:02 GMT"
S3A_OL_2_WFR____20220417T065332_20220417T065632_20220418T173103_0180_084_177_2520_MAR_O_NT_003.SEN3,tie_geo_coordinates.nc,1140316,a2d0efe223546dd47423d324374a83caba89ee7a998f95151e8dfb0dff3462b0,1b53cdf7fa35c2c4d1f27e0077ef91f7,"Mon, 18 Apr 2022 18:34:01 GMT"
S3A_OL_2_WFR____20220417T065332_20220417T065632_20220418T173103_0180_084_177_2520_MAR_O_NT_003.SEN3,wqsf.nc,4216494,20ea1c3aa686520f0dd09a2837e1dcfe9d7aa3f2b0a9c0cf4d725f90bf4d96fa,571c3ec2c3c62a3a4d2d8692b0e08c9b,"Mon, 18 Apr 2022 18:34:01 GMT"
S3A_OL_2_WFR____20220418T062722_20220418T063022_20220419T175908_0179_084_191_2520_MAR_O_NT_003.SEN3,chl_oc4me.nc,3133954,3d79c201e8406ac0c405bb532fa57ed288b8063bc1e9b7e547eca9626c8dc568,02a1a9d5b0ee5706cb096f9d6ec3be6e,"Tue, 19 Apr 2022 19:06:39 GMT"
S3A_OL_2_WFR____20220418T062722_20220418T063022_20220419T175908_0179_084_191_2520_MAR_O_NT_003.SEN3,geo_coordinates.nc,60133648,3756edc07f156f469532e13ca27e39cd631e3eee410ae972ad06bfd814719343,b7ddecde4717510075cd63ff08ae578f-8,"Tue, 19 Apr 2022 19:06:39 GMT"
S3A_OL_2_WFR____20220418T062722_20220418T063022_20220419T175908_0179_084_191_2520_MAR_O_NT_003.SEN3,tie_geo_coordinates.nc,1141763,fbb2d19168d7322303e95c908874c731497d6d65f34487979d6f246d77a0e623,0f476e81f5fdacbe2d443cad97ad9f19,"Tue, 19 Apr 2022 19:06:38 GMT"
S3A_OL_2_WFR____20220418T062722_20220418T063022_20220419T175908_0179_084_191_2520_MAR_O_NT_003.SEN3,wqsf.nc,5045826,830f276e3c5324919f8c628ddc7aec41285c59047043a36a2e0e3e7e741496b1,ede131d6df1ad61bf2ee27541c81087d,"Tue, 19 Apr 2022 19:06:38 GMT"
S3A_OL_2_WFR____20220419T060111_20220419T060411_20220420T171404_0179_084_205_2520_MAR_O_NT_003.SEN3,chl_oc4me.nc,7916780,32d2af7ec9e51dae0f11bae90527a2a110d1ac8cba8506b7bf7868345b21f3fb,11c9fb1bf680e3e69dd630da0f26d617,"Wed, 20 Apr 2022 18:58:12 GMT"
S3A_OL_2_WFR____20220419T060111_20220419T060411_20220420T171404_0179_084_205_2520_MAR_O_NT_003.SEN3,geo_coordinates.nc,58915702,b332e7a168719dd349e3ddcdf2c07f004dc32c8f9061b3436d0ba784d9e463c7,97868403c0466933dd978da37e62925a-8,"Wed, 20 Apr 2022 18:58:11 GMT"
S3A_OL_2_WFR____20220419T060111_20220419T060411_20220420T171404_0179_084_205_2520_MAR_O_NT_003.SEN3,tie_geo_coordinates.nc,1137451,e77b67adf17abb9e681adf3494f7e12f378fa89975c5e13b81dc7af4f642b102,b7688e4f3a170d288edb0bd59921db02,"Wed, 20 Apr 2022 18:58:11 GMT"
S3A_OL_2_WFR____20220419T060111_20220419T060411_20220420T171404_0179_084_205_2520_MAR_O_NT_003.SEN3,wqsf.nc,10850624,27c8b7571731862ed0c939fe1af554bddaa135f7e498498ff1302473326a120b,2ba754f35fc9e8d8cf60df95799a4786-2,"Wed, 20 Apr 2022 18:58:11 GMT"
S3A_OL_2_WFR____20220421T064949_20220421T065249_20220422T172532_0179_084_234_2520_MAR_O_NT_003.SEN3,chl_oc4me.nc,2832166,58a3a7bd160d2c5d5e2d8fc1804af97c16cb6cc9cc71666baa2aeb98caf07f4d,0b5cc4a6502e1bf9554236affd0fecb1,"Fri, 22 Apr 2022 18:10:25 GMT"
S3A_OL_2_WFR____20220421T064949_20220421T065249_20220422T172532_0179_084_234_2520_MAR_O_NT_003.SEN3,geo_coordinates.nc,59316291,d10f6b4d7b32cc0c38610060995d3da31c45404a6cc75a0bca8ee76cec1b7235,94a799306be8495bd4d8df4b2b459121-8,"Fri, 22 Apr 2022 18:10:25 GMT"
S3A_OL_2_WFR____20220421T064949_20220421T065249_20220422T172532_0179_084_234_2520_MAR_O_NT_003.SEN3,tie_geo_coordinates.nc,1139144,99975701be648b1505d35a0f263fbd0888de458411855a30253fe0561ad826f3,c98b59f956140c377e12beb3f36e1adf,"Fri, 22 Apr 2022 18:10:24 GMT"
S3A_OL_2_WFR____20220421T064949_20220421T065249_20220422T172532_0179_084_234_2520_MAR_O_NT_003.SEN3,wqsf.nc,5722396,9fc9091478d8034d086c722ea55349865611958ae831c558e21b0f6b981bdd3e,fd217e42d4f3bc6910abb2eaa24c5c8c,"Fri, 22 Apr 2022 18:10:24 GMT"
S3A_OL_2_WFR____20220422T062338_20220422T062638_20220423T180622_0179_084_248_2520_MAR_O_NT_003.SEN3,chl_oc4me.nc,4201776,6cba0710c23afcb47d3305acc3a6d4b3593994fcf200a03915f6760672826e6c,36c3f1fff5c58569216d62379dc0f568,"Sat, 23 Apr 2022 19:21:14 GMT"
S3A_OL_2_WFR____20220422T062338_20220422T062638_20220423T180622_0179_084_248_2520_MAR_O_NT_003.SEN3,geo_coordinates.nc,60096401,4895d4cc089cc37710a656c579b9dc9b98a807228657bcbb2352da024b44d005,6002b3e21891d6f3b14ca0f538601838-8,"Sat, 23 Apr 2022 19:21:13 GMT"
S3A_OL_2_WFR____20220422T062338_20220422T062638_20220423T180622_0179_084_248_2520_MAR_O_NT_003.SEN3,tie_geo_coordinates.nc,1133334,a52034881239cf0d218755c43c265bfc3f17faaa12ba1610f53e5a5df9ee5f1d,57d419fb5d839523e2564dd9b26e780f,"Sat, 23 Apr 2022 19:21:12 GMT"
S3A_OL_2_WFR____20220422T062338_20220422T062638_20220423T180622_0179_084_248_2520_MAR_O_NT_003.SEN3,wqsf.nc,4780725,1ed60bfce42c5941aaebb9d05599f3825c7a9ab822387ffcadb709b521160d3f,9635349d36039b06b8fe6cb01eb81173,"Sat, 23 Apr 2022 19:21:13 GMT"
S3A_OL_2_WFR____20220423T055727_20220423T060027_20220424T191625_0179_084_262_2520_MAR_O_NT_003.SEN3,chl_oc4me.nc,6767252,de9eed6752457609739d8003944eaec2513eafe7432f7bfe81449dfdf35c4e06,066db1a4b651ff2a6a4439ec869587aa,"Tue, 26 Apr 2022 08:59:48 GMT"
S3A_OL_2_WFR____20220423T055727_20220423T060027_20220424T191625_0179_084_262_2520_MAR_O_NT_003.SEN3,geo_coordinates.nc,58658367,8b4036bbaad790af413d67000cbca085683a4f4ac8beeef8affd9debb87a06c1,ace17dd388c3bbc41eabdc578ec1e9ff-7,"Tue, 26 Apr 2022 08:59:47 GMT"
S3A_OL_2_WFR____20220423T055727_20220423T060027_20220424T191625_0179_084_262_2520_MAR_O_NT_003.SEN3,tie_geo_coordinates.nc,1136863,af1cc8733556163082477ef44e78bbd42fc71d39cd734d9f8de57f4588dd0d30,01248d303ce035fc078ea4b13f69d3da,"Tue, 26 Apr 2022 08:59:47 GMT"
S3A_OL_2_WFR____20220423T055727_20220423T060027_20220424T191625_0179_084_262_2520_MAR_O_NT_003.SEN3,wqsf.nc,8137864,d2cf63f4c8011b37148b17b8609e1ef7c6d7f2decca33e88324db947bb09fb9e,e1fe91c8dd2ea4960c25bc482989a0c7,"Tue, 26 Apr 2022 08:59:48 GMT"
S3A_OL_2_WFR____20220426T061954_20220426T062254_20220427T185843_0179_084_305_2520_MAR_O_NT_003.SEN3,chl_oc4me.nc,4360828,25315db3896b7dd58cf2f812f4d2716b2b0f2ae7883af960f85a844a57b80374,5a7ddc1176e335e2778821ccb9baad47,"Thu, 28 Apr 2022 00:30:18 GMT"
S3A_OL_2_WFR____20220426T061954_20220426T062254_20220427T185843_0179_084_305_2520_MAR_O_NT_003.SEN3,geo_coordinates.nc,59956178,d94a1a05fbddb2e2cf52f7a4a1522e2e340ab6d97577bb76bfa4a1aba8e8aa92,589b444141b229876fc51dea9b88863d-8,"Thu, 28 Apr 2022 00:30:17 GMT"
S3A_OL_2_WFR____20220426T061954_20220426T062254_20220427T185843_0179_084_305_2520_MAR_O_NT_003.SEN3,tie_geo_coordinates.nc,1134555,78e6d714f90ce86f301eeaa2e804dfad6b3c934163073cf7b346c2e5a4ba1b76,28e00b40328338066ed63d914e722e80,"Thu, 28 Apr 2022 00:30:17 GMT"
S3A_OL_2_WFR____20220426T061954_20220426T062254_20220427T185843_0179_084_305_2520_MAR_O_NT_003.SEN3,wqsf.nc,4415088,b7cc427a5a59a46bb21196662a9f6152c39ced961a53fcbfd9953d7b832a56f1,c0500dea1e3646f4b09c3dea80c20947,"Thu, 28 Apr 2022 00:30:17 GMT"
S3A_OL_2_WFR____20220427T055343_20220427T055643_20220428T183121_0179_084_319_2520_MAR_O_NT_003.SEN3,chl_oc4me.nc,9206560,3a31ad3f3278aa3d49c46150b16c37e96b9d4c77fd8a7185f93e658a7efa2026,8c77ae03e78b30e1e5dab326592b4c19-2,"Thu, 28 Apr 2022 19:56:29 GMT"
S3A_OL_2_WFR____20220427T055343_20220427T055643_20220428T183121_0179_084_319_2520_MAR_O_NT_003.SEN3,geo_coordinates.nc,58297988,b20beafaffd3c6cb838a7e97d6078bf37ea11ba0fb40008c78a7e87a8a5e369b,ce4aa303e09104c1f085ca4e07a61199-7,"Thu, 28 Apr 2022 19:56:29 GMT"
S3A_OL_2_WFR____20220427T055343_20220427T055643_20220428T183121_0179_084_319_2520_MAR_O_NT_003.SEN3,tie_geo_coordinates.nc,1137546,b2c0af7dd283c3236932f5701969fd678e385ab8ae8bacfb58fd5aeed9decd41,ba22864ca765c8a08099a9ca2ffaa29a,"Thu, 28 Apr 2022 19:56:28 GMT"
S3A_OL_2_WFR____20220427T055343_20220427T055643_20220428T183121_0179_084_319_2520_MAR_O_NT_003.SEN3,wqsf.nc,7811107,e052a9867c70bb686a470512766e5764a117917d8bd071ea5a2096304015f1c6,514ca3f20bd944e63247ad8e9303d6d9,"Thu, 28 Apr 2022 19:56:28 GMT"
S3A_OL_2_WFR____20220429T064221_20220429T064521_20220430T181310_0179_084_348_2520_MAR_O_NT_003.SEN3,chl_oc4me.nc,1306584,73e80a06d5327951c154d202f63a966d72a93e8ebae22499ab431c30c5a1b4b2,4d562a2208f0b2d99b34c20dfd653a3e,"Sat, 30 Apr 2022 19:11:28 GMT"
S3A_OL_2_WFR____20220429T064221_20220429T064521_20220430T181310_0179_084_348_2520_MAR_O_NT_003.SEN3,geo_coordinates.nc,59651611,42b1521d39f968a310a7a667e4b4953c467665bcbe723467aa9d5ae501570499,75d32a96ddb25976ac09da9159399f0d-8,"Sat, 30 Apr 2022 19:11:27 GMT"
S3A_OL_2_WFR____20220429T064221_20220429T064521_20220430T181310_0179_084_348_2520_MAR_O_NT_003.SEN3,tie_geo_coordinates.nc,1138010,666a1b3a30742770629b4b63ca6482a08d7c4fb47a6d7def41ce822868d98997,952f3356f475d98de84ce9b3ca135862,"Sat, 30 Apr 2022 19:11:27 GMT"
S3A_OL_2_WFR____20220429T064221_20220429T064521_20220430T181310_0179_084_348_2520_MAR_O_NT_003.SEN3,wqsf.nc,3236048,5f35891a5d7eb0000377f41de89fe2f7ecdc5eda11fd1177019ebca2eb8a545d,1f15fa4eeb7037ab96fb0b7351299e6d,"Sat, 30 Apr 2022 19:11:27 GMT"
S3A_OL_2_WFR____20220430T061610_20220430T061910_20220501T174821_0179_084_362_2520_MAR_O_NT_003.SEN3,chl_oc4me.nc,6208172,cb463bfa455afa84cc8a6ff12efaf4c59002aae9fa7b85f2e61aed60c5cef6a2,950e75dcc85f19213b00856a26779be8,"Sun, 01 May 2022 21:12:29 GMT"
S3A_OL_2_WFR____20220430T061610_20220430T061910_20220501T174821_0179_084_362_2520_MAR_O_NT_003.SEN3,geo_coordinates.nc,59738620,e1d2652ae097ee6a3b13259eec672a7c8d92181c48f7e22883ecce53f70a50a2,982de7662cdf4355c000dab7c86c7a79-8,"Sun, 01 May 2022 21:12:28 GMT"
S3A_OL_2_WFR____20220430T061610_20220430T061910_20220501T174821_0179_084_362_2520_MAR_O_NT_003.SEN3,tie_geo_coordinates.nc,1136358,8c265f6728ef98667420287b695d5d6efb79c526a9a79a2b8137ef47cb260b02,49c27ebf115f0513d27883569c3f8d98,"Sun, 01 May 2022 21:12:27 GMT"
S3A_OL_2_WFR____20220430T061610_20220430T061910_20220501T174821_0179_084_362_2520_MAR_O_NT_003.SEN3,wqsf.nc,6297200,38ce5d929136682fbb7da14609678abb85f6edc034ebf1a5a0ba9a54bbbc0a49,b01958d318b25ae3658a82ebade3971b,"Sun, 01 May 2022 21:12:28 GMT"
S3A_OL_2_WFR____20220501T054959_20220501T055259_20220502T192805_0179_084_376_2520_MAR_O_NT_003.SEN3,chl_oc4me.nc,8297592,0689930be2fd060de4735ac927f1dfd6d297390eea7c2aeca7a20d84f36a7fd7,da8041bb1b7c2ba6983021d06d4673ff,"Mon, 02 May 2022 22:12:00 GMT"
S3A_OL_2_WFR____20220501T054959_20220501T055259_20220502T192805_0179_084_376_2520_MAR_O_NT_003.SEN3,geo_coordinates.nc,57822860,00b92035e40bd9014158109c69b470ebad00151604369addee86b16cdadea72a,70f055f27095a4066bf3fca7a42cf06d-7,"Mon, 02 May 2022 22:11:59 GMT"
S3A_OL_2_WFR____20220501T054959_20220501T055259_20220502T192805_0179_084_376_2520_MAR_O_NT_003.SEN3,tie_geo_coordinates.nc,1137582,181600288e2fb16ea9f7334f7cbf4563ea410981ee2c22c8971ca7208a2a16b1,ea8dea10d038977ec98b287479632304,"Mon, 02 May 2022 22:11:58 GMT"
S3A_OL_2_WFR____20220501T054959_20220501T055259_20220502T192805_0179_084_376_2520_MAR_O_NT_003.SEN3,wqsf.nc,9363179,14bffe6439ff736b853ae44cc87e9509ab4157563b9341fab37dc34140ac0196,09e5f2991530ad75097f6eb1d89798d3-2,"Mon, 02 May 2022 22:11:58 GMT"
S3A_OL_2_WFR____20220503T063837_20220503T064137_20220504T174503_0179_085_020_2520_MAR_O_NT_003.SEN3,chl_oc4me.nc,3101865,4067da7033b862a3329d126136e94b1689f51eac1ba65e49e6dac775070d2f87,843d9127e2e443fd8eb6b9ee17ece023,"Wed, 04 May 2022 19:05:58 GMT"
S3A_OL_2_WFR____20220503T063837_20220503T064137_20220504T174503_0179_085_020_2520_MAR_O_NT_003.SEN3,geo_coordinates.nc,59888251,8660b76a498c3feb7cef1427a26161db52897538fe9b0489793e8489bc9cbcf5,e60206f512aa23c68335a61d331e8551-8,"Wed, 04 May 2022 19:05:57 GMT"
S3A_OL_2_WFR____20220503T063837_20220503T064137_20220504T174503_0179_085_020_2520_MAR_O_NT_003.SEN3,tie_geo_coordinates.nc,1138630,32070681a2924afbd2e3dc10557276379cc51923d4dfba26538ace9e1530af66,695e916422d7c50eab350a068b256704,"Wed, 04 May 2022 19:05:57 GMT"
S3A_OL_2_WFR____20220503T063837_20220503T064137_20220504T174503_0179_085_020_2520_MAR_O_NT_003.SEN3,wqsf.nc,4258476,82d69bf6beee55dcbe0ba14bf6ff8efa083cb1a6a7f8b00d8f1324a95b090282,b4c05f08864ee108bf0396b3727b4ec9,"Wed, 04 May 2022 19:05:57 GMT"
S3A_OL_2_WFR____20220504T061226_20220504T061526_20220505T173859_0179_085_034_2520_MAR_O_NT_003.SEN3,chl_oc4me.nc,5543270,586c2a5f535c92c20ed5d9762e45ddf2a02bfb05270f7cf84c2690df967b0328,860db9eeb5816144cfc97dc1ed2d6a75,"Thu, 05 May 2022 18:41:31 GMT"
S3A_OL_2_WFR____20220504T061226_20220504T061526_20220505T173859_0179_085_034_2520_MAR_O_NT_003.SEN3,geo_coordinates.nc,59506454,d530c0b5d2152fdd11fbd3770bba0ccb8255fd34deabfa271c41bc81b1c05c96,db231ae6bdb1f9c5da2610547ea7afcb-8,"Thu, 05 May 2022 18:41:31 GMT"
S3A_OL_2_WFR____20220504T061226_20220504T061526_20220505T173859_0179_085_034_2520_MAR_O_NT_003.SEN3,tie_geo_coordinates.nc,1136077,b3adc52b3e3cf1967f4f41e9b9e26340774d94c075f7d64b2b99fbc4911e1033,abf04181c08271e842690de861ef2c2a,"Thu, 05 May 2022 18:41:30 GMT"
S3A_OL_2_WFR____20220504T061226_20220504T061526_20220505T173859_0179_085_034_2520_MAR_O_NT_003.SEN3,wqsf.nc,5814483,7087689cab0991fe67ae19aafe82e411fc7a4c789baa46ed455a55b7aa22b46c,56a76755fe4e0d6b6f4878079cb54895,"Thu, 05 May 2022 18:41:30 GMT"
S3A_OL_2_WFR____20220505T054615_20220505T054915_20220506T164923_0179_085_048_2520_MAR_O_NT_003.SEN3,chl_oc4me.nc,7959616,c48d24142a704f2b71a5dd55dd4c8343a378d0fa18a7b3e186ca86cc1377f9eb,0f0d6c1f1e7cab886d60ba9a13febcc4,"Fri, 06 May 2022 18:56:28 GMT"
S3A_OL_2_WFR____20220505T054615_20220505T054915_20220506T164923_0179_085_048_2520_MAR_O_NT_003.SEN3,geo_coordinates.nc,57535568,7988716b6f927bfc14b0daeebe77a8eb8efbf932dd64391fe0216526922e0457,2080570875e7620ae27e07a2e5300d2f-7,"Fri, 06 May 2022 18:56:28 GMT"
S3A_OL_2_WFR____20220505T054615_20220505T054915_20220506T164923_0179_085_048_2520_MAR_O_NT_003.SEN3,tie_geo_coordinates.nc,1135779,aaa92d52088c0af673b6c106e963dd9b3c50d36c4d89064880c9ce95db6256ca,72e6856f0537ddd55b3a8bf1dec24e76,"Fri, 06 May 2022 18:56:26 GMT"
S3A_OL_2_WFR____20220505T054615_20220505T054915_20220506T164923_0179_085_048_2520_MAR_O_NT_003.SEN3,wqsf.nc,9746263,a65bd913b0aaa564abd842499314bcb28bbd098e233774a124576cf718c91f4e,9dff9e8fbddc1f840b0235630a63b444-2,"Fri, 06 May 2022 18:56:27 GMT"
S3A_OL_2_WFR____20220507T063452_20220507T063752_20220508T181922_0179_085_077_2520_MAR_O_NT_003.SEN3,chl_oc4me.nc,1043153,45344e9f338e762e2ea4156e34e801cf764d5ee916c1f26aeccd7c5441973a91,a186bc02e0396c1f862684a3623157e1,"Sun, 08 May 2022 23:00:25 GMT"
S3A_OL_2_WFR____20220507T063452_20220507T063752_20220508T181922_0179_085_077_2520_MAR_O_NT_003.SEN3,geo_coordinates.nc,60029220,183e6cd87140dce7aa9172ba31668d7406b678ad7750918e51d06325eee158b9,795ff0d9c0d6c3fcce1741bcb0e951fd-8,"Sun, 08 May 2022 23:00:24 GMT"
S3A_OL_2_WFR____20220507T063452_20220507T063752_20220508T181922_0179_085_077_2520_MAR_O_NT_003.SEN3,tie_geo_coordinates.nc,1133777,139cd7e2a8801e4c8af72721d5d3e0625f65efd9aeb77085d1758be00e1b17f4,5e6e5ad09156572ece8e7a152d45c125,"Sun, 08 May 2022 23:00:24 GMT"
S3A_OL_2_WFR____20220507T063452_20220507T063752_20220508T181922_0179_085_077_2520_MAR_O_NT_003.SEN3,wqsf.nc,3207088,a154e9a7c38b193989e233bb294eacd322202da5cad3777a0c212efb18701a91,88c7069339c055024268dc7a67080cfa,"Sun, 08 May 2022 23:00:24 GMT"
S3A_OL_2_WFR____20220508T060841_20220508T061141_20220509T194001_0179_085_091_2520_MAR_O_NT_003.SEN3,chl_oc4me.nc,6490516,e5c5685e9f5af3cc307427607aeab7338cb3b06f420669774bf8abe2ff160f06,6dc2a5a3dc24e63f7ebd89e3459357b4,"Mon, 09 May 2022 21:41:04 GMT"
S3A_OL_2_WFR____20220508T060841_20220508T061141_20220509T194001_0179_085_091_2520_MAR_O_NT_003.SEN3,geo_coordinates.nc,59263212,273c7a55a1402f11e29a2c70d84202cde38c9d79d63732cf729b6ab29a63ac76,47a03a3ce3c0881b02b72bba6806a22b-8,"Mon, 09 May 2022 21:41:03 GMT"
S3A_OL_2_WFR____20220508T060841_20220508T061141_20220509T194001_0179_085_091_2520_MAR_O_NT_003.SEN3,tie_geo_coordinates.nc,1136866,1cf48032bc799732273ee506056eb08674e596772b64c0f8efc2b5f3230a5dbd,c0cef7d12041743f1ed4b2a77aea7a84,"Mon, 09 May 2022 21:41:02 GMT"
S3A_OL_2_WFR____20220508T060841_20220508T061141_20220509T194001_0179_085_091_2520_MAR_O_NT_003.SEN3,wqsf.nc,7072193,43a8eb3ef6ae74df623ba4983c61de296c438985f5d7f7de93556be32e182b9e,89b9c0f699fd68e563a27f276ce3df6c,"Mon, 09 May 2022 21:41:03 GMT"
S3A_OL_2_WFR____20220509T054230_20220509T054530_20220510T192446_0179_085_105_2520_MAR_O_NT_003.SEN3,chl_oc4me.nc,8985597,0e123a020c8086349c7e612e654c2624182532202670a090fe921a29a466431b,5eb06b8ad3dda1c7934502388749756d-2,"Tue, 10 May 2022 20:12:57 GMT"
S3A_OL_2_WFR____20220509T054230_20220509T054530_20220510T192446_0179_085_105_2520_MAR_O_NT_003.SEN3,geo_coordinates.nc,57361675,ff2e87955e30d2aaf53786dd11cda65951222bc31fedcad791526701e743ef48,b262ab1684f7fe34455ca8bd198b694b-7,"Tue, 10 May 2022 20:12:57 GMT"
S3A_OL_2_WFR____20220509T054230_20220509T054530_20220510T192446_0179_085_105_2520_MAR_O_NT_003.SEN3,tie_geo_coordinates.nc,1139289,5e6c19b08e09d0814b7902af475ba5fc2f2ab6c2bc99002d6899d9b66dea50a4,44df2d1538da2651cf8e4042fcc1de37,"Tue, 10 May 2022 20:12:56 GMT"
S3A_OL_2_WFR____20220509T054230_20220509T054530_20220510T192446_0179_085_105_2520_MAR_O_NT_003.SEN3,wqsf.nc,10879624,7d65449e97f757249682c9a95c7cad3f34eeb0716fc509f2fb9b5a910f556f44,e919b285537688ef7d46ee03a16b2280-2,"Tue, 10 May 2022 20:12:56 GMT"
S3A_OL_2_WFR____20220510T065718_20220510T070018_20220511T175636_0179_085_120_2520_MAR_O_NT_003.SEN3,tie_geo_coordinates.nc,1135142,cc2b6cf57bfdeed3ad7c4739974ebd4ff33ff5c0673e7656bb5bab7f2e3ec90a,2a1b2615635e9e058af2a6e9ac8cb199,"Wed, 11 May 2022 18:48:26 GMT"
S3A_OL_2_WFR____20220511T063107_20220511T063407_20220512T191436_0180_085_134_2520_MAR_O_NT_003.SEN3,chl_oc4me.nc,4769602,28eabcf4fb2a673034d423357c78805cbb683824962e4fc1611f2ed9bdd7772d,45734e6542815c15e41df07b926681a3,"Thu, 12 May 2022 20:40:34 GMT"
S3A_OL_2_WFR____20220511T063107_20220511T063407_20220512T191436_0180_085_134_2520_MAR_O_NT_003.SEN3,geo_coordinates.nc,60061876,aac277ee13286b505b1d1e3fc7778bb07671847f8323c0abd95257f9764a1dec,249d4cb3af77157dbc06c7f7cb9c03c6-8,"Thu, 12 May 2022 20:40:34 GMT"
S3A_OL_2_WFR____20220511T063107_20220511T063407_20220512T191436_0180_085_134_2520_MAR_O_NT_003.SEN3,tie_geo_coordinates.nc,1142287,349af4f6a23ee69e62f239384f278831c8ca2d1bb7c330f85f6974b7ce4edf55,54ad4f9233cd79aa5dc79238c64a0070,"Thu, 12 May 2022 20:40:33 GMT"
S3A_OL_2_WFR____20220511T063107_20220511T063407_20220512T191436_0180_085_134_2520_MAR_O_NT_003.SEN3,wqsf.nc,5378575,d408190a454daa6051bb5467cdf4483461f40af2c272f26926f1abe7a7ffbc90,93cda94427ccd2f5cb575a47baf4f3a8,"Thu, 12 May 2022 20:40:33 GMT"
S3A_OL_2_WFR____20220512T060456_20220512T060756_20220513T173413_0179_085_148_2520_MAR_O_NT_003.SEN3,chl_oc4me.nc,7138198,ece5935a4fa3039f2cec0960ab49cf5e92c424e59d80813628c2ab13301c3fe5,60a3da7e942186547b57585a510727be,"Fri, 13 May 2022 19:05:46 GMT"
S3A_OL_2_WFR____20220512T060456_20220512T060756_20220513T173413_0179_085_148_2520_MAR_O_NT_003.SEN3,geo_coordinates.nc,59070656,7cc532571c79f70ba8f1e8dabdf4a55abca06edc047d4d7cd87698f6d199f43d,e2c930148f941ebcc4d341d991013040-8,"Fri, 13 May 2022 19:05:45 GMT"
S3A_OL_2_WFR____20220512T060456_20220512T060756_20220513T173413_0179_085_148_2520_MAR_O_NT_003.SEN3,tie_geo_coordinates.nc,1133186,69bb6e55435ed1e1d08aacc0e5017ddc0849e2fb8d9c324b840c65073c6b7512,bc947b094836ccc250a686f7f9160c1c,"Fri, 13 May 2022 19:05:44 GMT"
S3A_OL_2_WFR____20220512T060456_20220512T060756_20220513T173413_0179_085_148_2520_MAR_O_NT_003.SEN3,wqsf.nc,6367953,6c11d598d8510e53829c7b5bad050ba82ffde8a5d8a023f6e999c26805a40192,02cba5f3562b8d9ff9b71b5296ca5d97,"Fri, 13 May 2022 19:05:45 GMT"
S3A_OL_2_WFR____20220513T053845_20220513T054145_20220514T181458_0179_085_162_2520_MAR_O_NT_003.SEN3,chl_oc4me.nc,9412934,c430a178f2ca61a4f4992298a036d9620ae1530b9772c714591cd4f1063ff825,46e1d45649e9b195a85f9a329a7e7ff7-2,"Mon, 16 May 2022 08:50:20 GMT"
S3A_OL_2_WFR____20220513T053845_20220513T054145_20220514T181458_0179_085_162_2520_MAR_O_NT_003.SEN3,geo_coordinates.nc,57176840,01b9456d0ae743825897e5dd2e1e43363de97662034cbc95d0427d32a67b5f7e,d6b43515486014d6d966f90e0ba8a77b-7,"Mon, 16 May 2022 08:50:21 GMT"
S3A_OL_2_WFR____20220513T053845_20220513T054145_20220514T181458_0179_085_162_2520_MAR_O_NT_003.SEN3,tie_geo_coordinates.nc,1139121,a6d0be8192deb479331b41a3ebc668c3b5a30f435b380ad559cf902eb55e4c8a,3c755de8063c2eb0bbacbf7db034ea03,"Mon, 16 May 2022 08:50:21 GMT"
S3A_OL_2_WFR____20220513T053845_20220513T054145_20220514T181458_0179_085_162_2520_MAR_O_NT_003.SEN3,wqsf.nc,9486682,24e69023ae9f22647275969cf7c5420406f2e80ed49f1c171be1758c5d3e77e8,79fafb86535ff4dbec88fbef464a21f8-2,"Mon, 16 May 2022 08:50:21 GMT"
S3A_OL_2_WFR____20220514T065333_20220514T065633_20220515T184706_0179_085_177_2520_MAR_O_NT_003.SEN3,chl_oc4me.nc,2145374,ec3cc9344a9ea77ba9643b280cf6445f0cded089694357f538c137caa15076a9,24a48b8862088ff247cea402063e3b8c,"Sun, 15 May 2022 19:40:18 GMT"
S3A_OL_2_WFR____20220514T065333_20220514T065633_20220515T184706_0179_085_177_2520_MAR_O_NT_003.SEN3,geo_coordinates.nc,59261026,ba9cee78ab05e01d0fcbdcfd26a2df5c78e35fdcbfcbe5bae6e4431948118fe9,874cbfcb04a8219f5a081eb58d571917-8,"Sun, 15 May 2022 19:40:18 GMT"
S3A_OL_2_WFR____20220514T065333_20220514T065633_20220515T184706_0179_085_177_2520_MAR_O_NT_003.SEN3,tie_geo_coordinates.nc,1141972,1018d5cc1d139716fe21a822f12e33fad43eecdf58c7b61fc35421b472f5fcad,1b49513669fce59781eedcb781996ab8,"Sun, 15 May 2022 19:40:17 GMT"
S3A_OL_2_WFR____20220514T065333_20220514T065633_20220515T184706_0179_085_177_2520_MAR_O_NT_003.SEN3,wqsf.nc,5213689,b0c52ef5125cd6908615e9fbc8087aaf8fedc549075ef2e2da967c896d69fc44,508acbe1883d3665f55d75b7ff901e4e,"Sun, 15 May 2022 19:40:18 GMT"
S3A_OL_2_WFR____20220515T062722_20220515T063022_20220516T195859_0179_085_191_2520_MAR_O_NT_003.SEN3,chl_oc4me.nc,3321700,758b43b4ef19bde3748c498460e2ffb56f9421e47d59a6e569cbc09c003ea954,d7764192e8903dda83e2991db8ffd566,"Mon, 16 May 2022 20:54:06 GMT"
S3A_OL_2_WFR____20220515T062722_20220515T063022_20220516T195859_0179_085_191_2520_MAR_O_NT_003.SEN3,geo_coordinates.nc,60103326,48524ab0e2309f6cdd1efdd3009faa1cae463a4e449e511e3a5dd2b762dc9e7c,2ce493fa644e924ccbe8718da51c2d7a-8,"Mon, 16 May 2022 20:54:05 GMT"
S3A_OL_2_WFR____20220515T062722_20220515T063022_20220516T195859_0179_085_191_2520_MAR_O_NT_003.SEN3,tie_geo_coordinates.nc,1140982,5856fbd46a0c72d6be77b928c9cf4ab6438ce666ee5395a5e92769394b164879,ef08b6ab183cdfd3bcaa778a3e1f5ffb,"Mon, 16 May 2022 20:54:05 GMT"
S3A_OL_2_WFR____20220515T062722_20220515T063022_20220516T195859_0179_085_191_2520_MAR_O_NT_003.SEN3,wqsf.nc,4235170,118a545da4296ead782fc249ce0d4b6d1e620754d7163ffbcf5e3e2f3300fb6d,492cb66ced65c7359e2a0c1f4c70b71f,"Mon, 16 May 2022 20:54:05 GMT"
S3A_OL_2_WFR____20220516T060110_20220516T060410_20220517T194435_0179_085_205_2520_MAR_O_NT_003.SEN3,chl_oc4me.nc,6674270,45f149e7f16c30812f43246d707462956f6f614fa8a3afdb498971fd6e9f5f88,81da8403404805787a7f45b44bf5a7f9,"Tue, 17 May 2022 20:46:22 GMT"
S3A_OL_2_WFR____20220516T060110_20220516T060410_20220517T194435_0179_085_205_2520_MAR_O_NT_003.SEN3,geo_coordinates.nc,58914605,8916254675463139e519e9394fa5cd52640bee06aa384086596a2638f924d6bf,094c598908306b79abb2ee07d8fe6bdd-8,"Tue, 17 May 2022 20:46:22 GMT"
S3A_OL_2_WFR____20220516T060110_20220516T060410_20220517T194435_0179_085_205_2520_MAR_O_NT_003.SEN3,tie_geo_coordinates.nc,1131885,853a0a67ecb22b7dc6c620ceb81bae57953080deb292eb7bf74b5ccda5fd93ac,7d1f48a6cd281a62ea2bdf24eaa68e07,"Tue, 17 May 2022 20:46:20 GMT"
S3A_OL_2_WFR____20220516T060110_20220516T060410_20220517T194435_0179_085_205_2520_MAR_O_NT_003.SEN3,wqsf.nc,7009463,d3244a1a1a6e89fa5581ce927b399fa35549b0eba0aa0b5b44bba63685f99585,2b353c768c6a89941977973e5bc700e8,"Tue, 17 May 2022 20:46:21 GMT"
S3A_OL_2_WFR____20220518T064947_20220518T065247_20220519T191827_0179_085_234_2520_MAR_O_NT_003.SEN3,chl_oc4me.nc,2517344,e64f2eba5e3c84543c2a3234eac4213e6e37bd506c3fd77e93aa7f6dd93095c0,a3d86b3657b0e86ab8690faed81d76ca,"Thu, 19 May 2022 21:44:00 GMT"
S3A_OL_2_WFR____20220518T064947_20220518T065247_20220519T191827_0179_085_234_2520_MAR_O_NT_003.SEN3,geo_coordinates.nc,59310297,c73187df585fb3925886e70b3c7d5579760df1b74bcb3785a08f3d55a3070f90,629d347bd690b182c6843dcdf4ec9aa3-8,"Thu, 19 May 2022 21:44:00 GMT"
S3A_OL_2_WFR____20220518T064947_20220518T065247_20220519T191827_0179_085_234_2520_MAR_O_NT_003.SEN3,tie_geo_coordinates.nc,1140299,fc363474c6616c8015668e0677f715f538ce6274e4bbfa787d462260d8fec8ac,eb220f9e2e868047d32589c6cb6eb50f,"Thu, 19 May 2022 21:43:59 GMT"
S3A_OL_2_WFR____20220518T064947_20220518T065247_20220519T191827_0179_085_234_2520_MAR_O_NT_003.SEN3,wqsf.nc,4349561,e1bce6ab25ed990c5aff45838b13acb54b6d61f74cae3ae149800fc4823fe9f2,dd87d5922724ef85e43c5fef455c2ed7,"Thu, 19 May 2022 21:43:59 GMT"
S3A_OL_2_WFR____20220519T062337_20220519T062637_20220520T180720_0179_085_248_2520_MAR_O_NT_003.SEN3,chl_oc4me.nc,3959381,b4d04fab0a14313278fb418631db4fb94d3d51130924ecaa92341449e55b9160,ee34fafc002c0168143738cdeb10bb23,"Fri, 20 May 2022 19:10:34 GMT"
S3A_OL_2_WFR____20220519T062337_20220519T062637_20220520T180720_0179_085_248_2520_MAR_O_NT_003.SEN3,geo_coordinates.nc,60074171,47c9eff9b790cc19625f7ec327d5c6e9862915662d2f005c1d1c579250bf5b3b,5abd2e79c0ad524553057c38621fc29c-8,"Fri, 20 May 2022 19:10:33 GMT"
S3A_OL_2_WFR____20220519T062337_20220519T062637_20220520T180720_0179_085_248_2520_MAR_O_NT_003.SEN3,tie_geo_coordinates.nc,1136541,66af157800ce85987e433479592f585d66d094a643f7e4a9eed0e302266060f8,a3ce4f182a792457d2d2ed707418dbda,"Fri, 20 May 2022 19:10:32 GMT"
S3A_OL_2_WFR____20220519T062337_20220519T062637_20220520T180720_0179_085_248_2520_MAR_O_NT_003.SEN3,wqsf.nc,4661721,a1bd44be2fee41a5c42213007373db47f1914745c177b0adeb521cedfda76ea2,4863c356f25b6d7f2ff8a0e95deeb6d8,"Fri, 20 May 2022 19:10:32 GMT"
S3A_OL_2_WFR____20220520T055726_20220520T060026_20220521T185911_0179_085_262_2520_MAR_O_NT_003.SEN3,chl_oc4me.nc,7685793,52b39fe1a6e04d4f821169da2843e76eae2e39fbd5c5b3b151ba86eef410e83a,90f52e01a4b72fb20cef025e82620573,"Sat, 21 May 2022 19:42:17 GMT"
S3A_OL_2_WFR____20220520T055726_20220520T060026_20220521T185911_0179_085_262_2520_MAR_O_NT_003.SEN3,geo_coordinates.nc,58636749,f1fabc7eba6aae72603fb6dc6e937ad605ed482933d3703c0786412a0ebc808c,9c120732f386c1f6c039264cec9ce1fb-7,"Sat, 21 May 2022 19:42:16 GMT"
S3A_OL_2_WFR____20220520T055726_20220520T060026_20220521T185911_0179_085_262_2520_MAR_O_NT_003.SEN3,tie_geo_coordinates.nc,1135390,5d264fb908fb35a6f58be392c67ed76a40b200159edc0f0bbab978638cc51198,e235ebc8af5e4531257d5ecf57c137c7,"Sat, 21 May 2022 19:42:16 GMT"
S3A_OL_2_WFR____20220520T055726_20220520T060026_20220521T185911_0179_085_262_2520_MAR_O_NT_003.SEN3,wqsf.nc,10511894,c9c4d43b5864f524d0db8b4ca6af2bb9b31663818308699de10b3e0225db70b2,01b96bb2ac1eb4ef75c5cb7f02e9647a-2,"Sat, 21 May 2022 19:42:16 GMT"
S3A_OL_2_WFR____20220522T064604_20220522T064904_20220523T180958_0179_085_291_2520_MAR_O_NT_003.SEN3,chl_oc4me.nc,3574750,72ca21662ff91314c12aaef2a6a19f207134b2946e5b30c0a8f6829be964795f,b533b02469402d62c70c26ce942fe16a,"Mon, 23 May 2022 19:11:04 GMT"
S3A_OL_2_WFR____20220522T064604_20220522T064904_20220523T180958_0179_085_291_2520_MAR_O_NT_003.SEN3,geo_coordinates.nc,59510888,15c3c0099922cea5ec0202736066743cd3fb4bba4d6ba0722c9e36544db7e752,75a79fc0cbe95f94c22434c298ea2ded-8,"Mon, 23 May 2022 19:11:03 GMT"
S3A_OL_2_WFR____20220522T064604_20220522T064904_20220523T180958_0179_085_291_2520_MAR_O_NT_003.SEN3,tie_geo_coordinates.nc,1139635,c8b46fc780453ec6fa8200b8ac632adb00dfa5bb184eab901af17c1eec5d9536,1d8083bdee067f735fe2e5e52a7899f3,"Mon, 23 May 2022 19:11:03 GMT"
S3A_OL_2_WFR____20220522T064604_20220522T064904_20220523T180958_0179_085_291_2520_MAR_O_NT_003.SEN3,wqsf.nc,4852900,8973e807ad1b278c61a4504c9f827392c2a89ac0e2c3a5a48bd0790671334161,12eb088426fcf5b62f79ffcf925424ee,"Mon, 23 May 2022 19:11:03 GMT"
S3A_OL_2_WFR____20220523T061953_20220523T062253_20220524T191112_0179_085_305_2520_MAR_O_NT_003.SEN3,chl_oc4me.nc,4658952,6a14e2533ccf25ecc650d43cd38f720c4c3cf3ac9ff4218be642a555ee93c189,4cd18cd6e5ad4b879ceb2a150a632607,"Tue, 24 May 2022 20:18:57 GMT"
S3A_OL_2_WFR____20220523T061953_20220523T062253_20220524T191112_0179_085_305_2520_MAR_O_NT_003.SEN3,geo_coordinates.nc,59949897,cd42f60f9522c9131a493f75c69bea15dd199879f42b3d479ea13d023b9df3ca,6f6a7d26c9cb67f3b39ca48f3e763188-8,"Tue, 24 May 2022 20:18:56 GMT"
S3A_OL_2_WFR____20220523T061953_20220523T062253_20220524T191112_0179_085_305_2520_MAR_O_NT_003.SEN3,tie_geo_coordinates.nc,1137743,240a9d3498841ad5f40c1282acc95e10eddc77c8de08965074e5752acc609001,9cf10e7cfa09b23e451f8c13f55caece,"Tue, 24 May 2022 20:18:56 GMT"
S3A_OL_2_WFR____20220523T061953_20220523T062253_20220524T191112_0179_085_305_2520_MAR_O_NT_003.SEN3,wqsf.nc,5707700,cfda40f2dfb419eb557e223204d530bf341876c05c6686f7a8668c979131d4b7,a5099e678e46d8683277e6f99ba08e74,"Tue, 24 May 2022 20:18:56 GMT"
S3A_OL_2_WFR____20220524T055342_20220524T055642_20220525T181832_0180_085_319_2520_MAR_O_NT_003.SEN3,chl_oc4me.nc,5579312,78bf64713314f11e42b0e3b45fc38bc1d6dbaefbedfab0e73a888dc5213b2c0a,e3c7f5e4168fbf205a47201188ebdc7a,"Wed, 25 May 2022 19:11:37 GMT"
S3A_OL_2_WFR____20220524T055342_20220524T055642_20220525T181832_0180_085_319_2520_MAR_O_NT_003.SEN3,geo_coordinates.nc,58320288,6fdc528ca454b8e3db86bca3f7bec0bf5dffbf0f38bf55ca25dc94fb807a4662,9a00cd34705cebf9a4f9c372f58e09dd-7,"Wed, 25 May 2022 19:11:36 GMT"
S3A_OL_2_WFR____20220524T055342_20220524T055642_20220525T181832_0180_085_319_2520_MAR_O_NT_003.SEN3,tie_geo_coordinates.nc,1133163,0f11ea8a8ce1bb9ffefaea062aa328b642da970d6af6bee3d955f86388279e8b,c47d3b1b1d5cf9bb7e4a525e4888cff8,"Wed, 25 May 2022 19:11:35 GMT"
S3A_OL_2_WFR____20220524T055342_20220524T055642_20220525T181832_0180_085_319_2520_MAR_O_NT_003.SEN3,wqsf.nc,8982023,1341316bae566a2675cc0f1a91e3d142d82fb3ed2fcc22558e75b5db490d4908,d02aa9a2aa01e86b4f424dfbe3be0948-2,"Wed, 25 May 2022 19:11:36 GMT"
S3A_OL_2_WFR____20220526T064220_20220526T064520_20220527T191453_0179_085_348_2520_MAR_O_NT_003.SEN3,chl_oc4me.nc,1279775,0c4ea978313e173c58b29f34c526122d599375b72438663428757bf38f26a643,31bbb643351faeb26c1e1cb4ccb9ad6c,"Sun, 29 May 2022 09:53:50 GMT"
S3A_OL_2_WFR____20220526T064220_20220526T064520_20220527T191453_0179_085_348_2520_MAR_O_NT_003.SEN3,geo_coordinates.nc,59663895,9cfab17d912912eeae84358e904651be10dffde8715a3bdbecda7bc57c21619c,1d533a98cf63e05ed52d7b62226d3889-8,"Sun, 29 May 2022 09:53:50 GMT"
S3A_OL_2_WFR____20220526T064220_20220526T064520_20220527T191453_0179_085_348_2520_MAR_O_NT_003.SEN3,tie_geo_coordinates.nc,1141926,89400e5f3a723fe91d418674b2cf9de31385ded6b85f749f828495debcc1c45f,fb65a2693ffcac7397004864851f8784,"Sun, 29 May 2022 09:53:50 GMT"
S3A_OL_2_WFR____20220526T064220_20220526T064520_20220527T191453_0179_085_348_2520_MAR_O_NT_003.SEN3,wqsf.nc,2866086,dea7657995633c34a4bbf67c4c910bd943e6c0c72ff790c5f209b148e856b9fe,640cf8be844fb0140ea349b96ecc5771,"Sun, 29 May 2022 09:53:50 GMT"
S3A_OL_2_WFR____20220527T061609_20220527T061909_20220528T182538_0179_085_362_2520_MAR_O_NT_003.SEN3,chl_oc4me.nc,4000891,d8e3a33911cc43768f5e2c40fbd4593e425d50264318adba8f6969ede2873786,0ce492264089f25862648c86b55365fb,"Sun, 29 May 2022 00:23:16 GMT"
S3A_OL_2_WFR____20220527T061609_20220527T061909_20220528T182538_0179_085_362_2520_MAR_O_NT_003.SEN3,geo_coordinates.nc,59750396,6ccd92e0fdc11974814385e8e868838f6e0da7e6b6504abafe85bb977a6a88fa,6596885b11e187c500e69dfeefca0153-8,"Sun, 29 May 2022 00:23:15 GMT"
S3A_OL_2_WFR____20220527T061609_20220527T061909_20220528T182538_0179_085_362_2520_MAR_O_NT_003.SEN3,tie_geo_coordinates.nc,1133959,e07b19d05c0333a855c9c656a5085697282867f82a1e1d1a55491d40a9f93dde,25def7cdb9c1499b043a2ecacca6eb92,"Sun, 29 May 2022 00:23:15 GMT"
S3A_OL_2_WFR____20220527T061609_20220527T061909_20220528T182538_0179_085_362_2520_MAR_O_NT_003.SEN3,wqsf.nc,5011336,82c8cb3755a180b95aab56885522546d511ad89cb1b9dfcbfb07cf9b8f19037f,a07fb312b3ed74dfacbb8b3b775c9a21,"Sun, 29 May 2022 00:23:15 GMT"
S3A_OL_2_WFR____20220528T054958_20220528T055258_20220529T170520_0179_085_376_2520_MAR_O_NT_003.SEN3,chl_oc4me.nc,5481000,2322e404c11015cac8b892054ee6905430510a71465b3f23ce882845fbc5742c,e7c259e413936ee7459dc44e6062137c,"Sun, 29 May 2022 18:24:02 GMT"
S3A_OL_2_WFR____20220528T054958_20220528T055258_20220529T170520_0179_085_376_2520_MAR_O_NT_003.SEN3,geo_coordinates.nc,57837359,4256e886953dd2869b1dd8e5c96e5e5dfb18cd6f9e01fcc47dbbf25e108b251b,3b98d992e9a1d5402fbef6652c80227c-7,"Sun, 29 May 2022 18:24:01 GMT"
S3A_OL_2_WFR____20220528T054958_20220528T055258_20220529T170520_0179_085_376_2520_MAR_O_NT_003.SEN3,tie_geo_coordinates.nc,1136430,3b3675306696366507e0322771889508b8234b6cc06e17cf02bf248b035388b7,ea650ea895557c8b344c98603e22398f,"Sun, 29 May 2022 18:24:00 GMT"
S3A_OL_2_WFR____20220528T054958_20220528T055258_20220529T170520_0179_085_376_2520_MAR_O_NT_003.SEN3,wqsf.nc,8190598,3afec9e6b95a2ea224f83ee3cb9bc6d35faecc9096d92ef3f91b4a5f14147415,2076db46229636d104730ec4422f7a37,"Sun, 29 May 2022 18:24:01 GMT"
S3A_OL_2_WFR____20220530T063835_20220530T064135_20220531T200909_0180_086_020_2520_MAR_O_NT_003.SEN3,chl_oc4me.nc,4404655,bbd835cd8ee4eaae65aebfabc9e1c17e5d762ae88aa3c9ceb655e9864ac4090f,91b450e9c81706f49c8318cee293f974,"Tue, 31 May 2022 21:25:46 GMT"
S3A_OL_2_WFR____20220530T063835_20220530T064135_20220531T200909_0180_086_020_2520_MAR_O_NT_003.SEN3,geo_coordinates.nc,59876030,cea60a3597b09c53a9719527385339233083d6a274df818528b6cbc158bd72db,258b6ede42dff3297a1920c06b38d52e-8,"Tue, 31 May 2022 21:25:45 GMT"
S3A_OL_2_WFR____20220530T063835_20220530T064135_20220531T200909_0180_086_020_2520_MAR_O_NT_003.SEN3,tie_geo_coordinates.nc,1133332,abc92d22873cc092761045862d7d2aebf759cb4f8c9661da178891d70091d7d5,26f470565892d7ba0d0e4615d009d7f2,"Tue, 31 May 2022 21:25:45 GMT"
S3A_OL_2_WFR____20220530T063835_20220530T064135_20220531T200909_0180_086_020_2520_MAR_O_NT_003.SEN3,wqsf.nc,5230800,7a693ecd37cd0094852597af9af30a39e2e5a40007af64e4950c72714f0e140b,44338672bc70f2b30147b644bdab83bd,"Tue, 31 May 2022 21:25:45 GMT"
S3A_OL_2_WFR____20220531T061224_20220531T061524_20220601T191251_0180_086_034_2520_MAR_O_NT_003.SEN3,chl_oc4me.nc,6447009,19e69261a393162d59d2a5373949e31cf259a112c484196df2c5017a89d8bf92,01aaaa7a44db0397a4707efefe2a7235,"Wed, 01 Jun 2022 20:16:20 GMT"
S3A_OL_2_WFR____20220531T061224_20220531T061524_20220601T191251_0180_086_034_2520_MAR_O_NT_003.SEN3,geo_coordinates.nc,59489413,8688f4c9f64c30cbc888fd668aafde2ed898fbee20b560322a5185cac3be6a3e,646fbee9fd444c8f188652da428bd8c7-8,"Wed, 01 Jun 2022 20:16:19 GMT"
S3A_OL_2_WFR____20220531T061224_20220531T061524_20220601T191251_0180_086_034_2520_MAR_O_NT_003.SEN3,tie_geo_coordinates.nc,1134039,270b450834531521aab4884fd9b818702a5a024dd00685040f3a8f133e7d1c59,66f13718e5a993b3d9070d4941db99b4,"Wed, 01 Jun 2022 20:16:18 GMT"
S3A_OL_2_WFR____20220531T061224_20220531T061524_20220601T191251_0180_086_034_2520_MAR_O_NT_003.SEN3,wqsf.nc,7676760,2f0bc9f9430524d8b51ff32f920192d0323f9e7b9df60b3ac6097dfa62f5e131,15bd66e2b7b8a9ecbbbf89a7de786b9f,"Wed, 01 Jun 2022 20:16:19 GMT"
S3A_OL_2_WFR____20220601T054613_20220601T054913_20220602T184715_0179_086_048_2520_MAR_O_NT_003.SEN3,chl_oc4me.nc,8267553,e94909c376882a724711d3a561222b3a5ac54d1fad725aca44a9730306a5e900,bbfba4b9ea1096dfbb612d7ee078f1f7,"Thu, 02 Jun 2022 19:40:38 GMT"
S3A_OL_2_WFR____20220601T054613_20220601T054913_20220602T184715_0179_086_048_2520_MAR_O_NT_003.SEN3,geo_coordinates.nc,57552950,2b9367984dc9dda525117b67f3d659083c649bc086194c94ce004b057d4766c8,6ff6a6a10139a186d2345da6384af0b3-7,"Thu, 02 Jun 2022 19:40:37 GMT"
S3A_OL_2_WFR____20220601T054613_20220601T054913_20220602T184715_0179_086_048_2520_MAR_O_NT_003.SEN3,tie_geo_coordinates.nc,1138597,cb357879fe7e8359b6d2069739a2c568e463876db895cb8e0e5e131236ab57df,4e785a8895a45fce970b944737c30b5c,"Thu, 02 Jun 2022 19:40:35 GMT"
S3A_OL_2_WFR____20220601T054613_20220601T054913_20220602T184715_0179_086_048_2520_MAR_O_NT_003.SEN3,wqsf.nc,12084094,5444563d7303920430c64bf76c43c019ecdbf7e1f6637d13ae8dc169e2f479ba,ef5a0e673fdcbff7682d74aec185a8fe-2,"Thu, 02 Jun 2022 19:40:36 GMT"
S3A_OL_2_WFR____20220603T063451_20220603T063751_20220604T191132_0179_086_077_2520_MAR_O_NT_003.SEN3,chl_oc4me.nc,4765965,5c8c189fde65fcb1820e13ccf2836849e3c69b33321deb53eb2b902757f52937,a043a1967610da778344dadb660f229a,"Sat, 04 Jun 2022 22:46:28 GMT"
S3A_OL_2_WFR____20220603T063451_20220603T063751_20220604T191132_0179_086_077_2520_MAR_O_NT_003.SEN3,geo_coordinates.nc,60039790,33d0ed750a7c198fb8a089ae467926f57efa256adbc490c0b8b088cfaa38e115,36513f01aea3b8f10fbac3072b3dde29-8,"Sat, 04 Jun 2022 22:46:28 GMT"
S3A_OL_2_WFR____20220603T063451_20220603T063751_20220604T191132_0179_086_077_2520_MAR_O_NT_003.SEN3,tie_geo_coordinates.nc,1135648,a26ec78a1d2fa46e2e8cdd8993351ac769413ae15b2bbec4abbd2e2a7bd86e2e,43b70a1453f0c9b9dd2dff8b1ecbd66a,"Sat, 04 Jun 2022 22:46:27 GMT"
S3A_OL_2_WFR____20220603T063451_20220603T063751_20220604T191132_0179_086_077_2520_MAR_O_NT_003.SEN3,wqsf.nc,4970209,6d31fc0de082d8819f9bca58090096af85f6ec53851dd82045e6c0e2f6affd7e,92d83ce49f9dec9ce2ee3f2e2c3b0936,"Sat, 04 Jun 2022 22:46:27 GMT"
S3A_OL_2_WFR____20220604T060840_20220604T061140_20220605T171651_0180_086_091_2520_MAR_O_NT_003.SEN3,chl_oc4me.nc,6649070,4e513af72738f71d06161c124d69f541f78ce34b368dde131f8709f4a0ee3100,658d4f48da221e93460e4d67aee412be,"Sun, 05 Jun 2022 23:10:22 GMT"
S3A_OL_2_WFR____20220604T060840_20220604T061140_20220605T171651_0180_086_091_2520_MAR_O_NT_003.SEN3,geo_coordinates.nc,59278986,17039c0d8191fefd0d2a189642aae0967946a778f1af80a4902f20d948f186fd,312273e883f49d6c98f361e56f269ffc-8,"Sun, 05 Jun 2022 23:10:22 GMT"
S3A_OL_2_WFR____20220604T060840_20220604T061140_20220605T171651_0180_086_091_2520_MAR_O_NT_003.SEN3,tie_geo_coordinates.nc,1132989,dfd78c5c3f88d7a9c03491f3ebc85a7df873770de055b9d5d92388682c378752,5fe3253ae6998cb40c4583a6a055fe9a,"Sun, 05 Jun 2022 23:10:21 GMT"
S3A_OL_2_WFR____20220604T060840_20220604T061140_20220605T171651_0180_086_091_2520_MAR_O_NT_003.SEN3,wqsf.nc,7244749,212f417548f942bb5a1a24a5a130cfc5422d5dc41f7192c84628bda7d360e786,93469eb1da6e48158c557a7542b29b7f,"Sun, 05 Jun 2022 23:10:21 GMT"
S3A_OL_2_WFR____20220605T054228_20220605T054528_20220606T191342_0179_086_105_2520_MAR_O_NT_003.SEN3,chl_oc4me.nc,7573294,ce276560907e5eb8114040948d0a978f6a0e3f0b170bebdb4c80135d10c8bc22,36a0ca47876625712854b6e5c4146f4c,"Mon, 06 Jun 2022 20:10:41 GMT"
S3A_OL_2_WFR____20220605T054228_20220605T054528_20220606T191342_0179_086_105_2520_MAR_O_NT_003.SEN3,geo_coordinates.nc,57368868,d2cfc5eb11cb0e8d03c7996b923dca175b113e00f4f03eab0b57045b7de09557,d690a58c8abed1403918ee18964a9d90-7,"Mon, 06 Jun 2022 20:10:40 GMT"
S3A_OL_2_WFR____20220605T054228_20220605T054528_20220606T191342_0179_086_105_2520_MAR_O_NT_003.SEN3,tie_geo_coordinates.nc,1141622,04656b82776f3ebe5ce6e09ad194951629cc77f928f6e816b5880089a6b1113d,ca9d47ed19b505d4b1505b50ef372cee,"Mon, 06 Jun 2022 20:10:39 GMT"
S3A_OL_2_WFR____20220605T054228_20220605T054528_20220606T191342_0179_086_105_2520_MAR_O_NT_003.SEN3,wqsf.nc,10391791,20ed1ab8e22b2535c53e0510c9f161b1f1765d5313e8b4c7da9e9f6008a21a31,cc471040f410765da36704c9a06b53a9-2,"Mon, 06 Jun 2022 20:10:39 GMT"
S3A_OL_2_WFR____20220606T065717_20220606T070017_20220607T195332_0179_086_120_2520_MAR_O_NT_003.SEN3,tie_geo_coordinates.nc,1139092,7d5b1360ddedeadc832d78eb9e2e3c6b2adad0bda151561487c07192ca100d18,342adacfff812aabb381c4c812e5f333,"Tue, 07 Jun 2022 21:25:12 GMT"
S3A_OL_2_WFR____20220607T063106_20220607T063406_20220608T193404_0179_086_134_2520_MAR_O_NT_003.SEN3,chl_oc4me.nc,5109742,9a52c1dc4868a707b6c51335049338ac208d92dc79e113fc1aabbfc627597959,623845457c05a85edf22b4b2bdf51cc5,"Wed, 08 Jun 2022 21:10:33 GMT"
S3A_OL_2_WFR____20220607T063106_20220607T063406_20220608T193404_0179_086_134_2520_MAR_O_NT_003.SEN3,geo_coordinates.nc,60067444,45fa0b39554f56598d45c058774256a030888ec5cb74eab69ff1a0131bbc42de,4c5316e2d62167817da0d18c7007083d-8,"Wed, 08 Jun 2022 21:10:32 GMT"
S3A_OL_2_WFR____20220607T063106_20220607T063406_20220608T193404_0179_086_134_2520_MAR_O_NT_003.SEN3,tie_geo_coordinates.nc,1137666,33bd51d7f45d71cbd0b30552b44aa45554afb26faa0056db7ec90620966764a3,a434e446fe1148949eab1de47f329527,"Wed, 08 Jun 2022 21:10:32 GMT"
S3A_OL_2_WFR____20220607T063106_20220607T063406_20220608T193404_0179_086_134_2520_MAR_O_NT_003.SEN3,wqsf.nc,5481272,e91afd22909ca69c3d0976de0f321124c7a54c7347493e77b0ad889a89571cbf,2e823416c59dfa1d6e6faf016b344d34,"Wed, 08 Jun 2022 21:10:32 GMT"
S3A_OL_2_WFR____20220608T060455_20220608T060755_20220609T191829_0179_086_148_2520_MAR_O_NT_003.SEN3,chl_oc4me.nc,7867587,3f26ffd08034b87b691d0d2d0128a5ac52a0ba45f41db3fc2469919a92b67cb6,6e22cc5ef3138994aa498dc30bba8eb1,"Thu, 09 Jun 2022 20:20:10 GMT"
S3A_OL_2_WFR____20220608T060455_20220608T060755_20220609T191829_0179_086_148_2520_MAR_O_NT_003.SEN3,geo_coordinates.nc,59101597,02bc25bde31e911263d647bbd92b06a1fdc1cfe1e9feb5be340b912f17fe38c0,b5a4b886a4baadc8e21fdb46abed41fa-8,"Thu, 09 Jun 2022 20:20:09 GMT"
S3A_OL_2_WFR____20220608T060455_20220608T060755_20220609T191829_0179_086_148_2520_MAR_O_NT_003.SEN3,tie_geo_coordinates.nc,1133299,f43bfd96df7bf31379afaa9e37022685d713c4afb4fc1d98c80020cc62df4a3c,4479a05e7bbd9b1d5fd9be7383904b15,"Thu, 09 Jun 2022 20:20:08 GMT"
S3A_OL_2_WFR____20220608T060455_20220608T060755_20220609T191829_0179_086_148_2520_MAR_O_NT_003.SEN3,wqsf.nc,8505730,f7b3fa09c4ce5768d1ea5478aabb3c8cabe2740604f88bd002b0a6ab72584858,25ea0910fde42c9fc7aa345551ba47bd-2,"Thu, 09 Jun 2022 20:20:08 GMT"
S3A_OL_2_WFR____20220609T053844_20220609T054144_20220610T171820_0179_086_162_2520_MAR_O_NT_003.SEN3,chl_oc4me.nc,7244987,c7ee2519f483d622fdc0f0bce6c195e9962a17e236c6264c1463e425b4e9b1fb,2d1d3ad9118ce2ab8f8188b6efd177f1,"Fri, 10 Jun 2022 18:11:06 GMT"
S3A_OL_2_WFR____20220609T053844_20220609T054144_20220610T171820_0179_086_162_2520_MAR_O_NT_003.SEN3,geo_coordinates.nc,57171742,74cbc1b38494d912d9ca318d3a75477a54e803780c903070dddeaa76bb29680d,68f97ab26101a63e4c6afd383fbc5d5a-7,"Fri, 10 Jun 2022 18:11:05 GMT"
S3A_OL_2_WFR____20220609T053844_20220609T054144_20220610T171820_0179_086_162_2520_MAR_O_NT_003.SEN3,tie_geo_coordinates.nc,1138408,8f01eb246edd8be4f06b4c406ac62db389d5894efbc54c8df51e8feab328735e,363a71c4793062c551a365fca42de44b,"Fri, 10 Jun 2022 18:11:04 GMT"
S3A_OL_2_WFR____20220609T053844_20220609T054144_20220610T171820_0179_086_162_2520_MAR_O_NT_003.SEN3,wqsf.nc,11298322,22a47033116352de6da99564ded673115418d048f94a422397755b6ba5b9745e,96da8a866ebbd11e318eb249fe0eca92-2,"Fri, 10 Jun 2022 18:11:04 GMT"
S3A_OL_2_WFR____20220610T065332_20220610T065632_20220611T184318_0179_086_177_2520_MAR_O_NT_003.SEN3,chl_oc4me.nc,2744663,248f8e6e1339764710c28ac7323955f252f6a7ef16c39aa30a22080b72a5d059,d0574640f76b8bdddbdfa7c45431139f,"Mon, 13 Jun 2022 18:22:14 GMT"
S3A_OL_2_WFR____20220610T065332_20220610T065632_20220611T184318_0179_086_177_2520_MAR_O_NT_003.SEN3,geo_coordinates.nc,59261749,86fd051c85ae02b6b7dcca26069a231bfe523e3e0f204090aa80f8c244d1aa68,cd7457d95b134083f746b0599a0daa13-8,"Mon, 13 Jun 2022 18:22:14 GMT"
S3A_OL_2_WFR____20220610T065332_20220610T065632_20220611T184318_0179_086_177_2520_MAR_O_NT_003.SEN3,tie_geo_coordinates.nc,1137221,693cddec1020f09bc198c11e7d1e0dc4b7baef0b056a8d8b46a06f82c4f82eb6,e9c0cd2f90c6622d9801e189fbfcfba1,"Mon, 13 Jun 2022 18:22:14 GMT"
S3A_OL_2_WFR____20220610T065332_20220610T065632_20220611T184318_0179_086_177_2520_MAR_O_NT_003.SEN3,wqsf.nc,4383620,894bb38cc0bffa224a99dd06ad86a24eb4971bbb9a2b7d11b85d3a0801a3fefa,72b8aed2273956b3c2a3c3b45bf11be3,"Mon, 13 Jun 2022 18:22:14 GMT"
S3A_OL_2_WFR____20220611T062721_20220611T063021_20220612T171239_0179_086_191_2520_MAR_O_NT_003.SEN3,chl_oc4me.nc,4860233,722d510dc5be08dd9fbad2ee4d565ce19e874264d6bb1c90c32d4ff84ea4d1bd,0f17fbc02e385a9d80829610dc27c6df,"Tue, 14 Jun 2022 12:48:36 GMT"
S3A_OL_2_WFR____20220611T062721_20220611T063021_20220612T171239_0179_086_191_2520_MAR_O_NT_003.SEN3,geo_coordinates.nc,60129179,c108b95cb1eb326fa8f18e3007434af331dc634fcc5673520ab92276dfb83121,cd774bc1e1d2a54a2188fe971045ea23-8,"Tue, 14 Jun 2022 12:48:37 GMT"
S3A_OL_2_WFR____20220611T062721_20220611T063021_20220612T171239_0179_086_191_2520_MAR_O_NT_003.SEN3,tie_geo_coordinates.nc,1141755,0af0d1583adf7d74f1fded78322d036a0b932157fc28556de485fdd67ac9141a,5f6f71c5ba67ddfa13af62522497dfe0,"Tue, 14 Jun 2022 12:48:37 GMT"
S3A_OL_2_WFR____20220611T062721_20220611T063021_20220612T171239_0179_086_191_2520_MAR_O_NT_003.SEN3,wqsf.nc,5537747,68faaaabf5191fdd7e56a2936a09de079a3b1549db263d255a2e86e0f8cf2e40,ed1828e6affa8fa24079d4a9872c403d,"Tue, 14 Jun 2022 12:48:37 GMT"
S3A_OL_2_WFR____20220612T060110_20220612T060410_20220613T192330_0180_086_205_2520_MAR_O_NT_003.SEN3,chl_oc4me.nc,5989942,491b17d5894d4bdff7b8caa1e97a19806bdff95a1fdbae1d8fd532d6da23a35f,dd7ed4757edca59db545aa901fdbd910,"Mon, 13 Jun 2022 20:10:58 GMT"
S3A_OL_2_WFR____20220612T060110_20220612T060410_20220613T192330_0180_086_205_2520_MAR_O_NT_003.SEN3,geo_coordinates.nc,58902330,f6163c556d0d8685cd440e344122567ce133c04cc6fb139aa6b51fb0be9a1fb2,f62bd80d9c1930d3506bb3bcdb210614-8,"Mon, 13 Jun 2022 20:10:57 GMT"
S3A_OL_2_WFR____20220612T060110_20220612T060410_20220613T192330_0180_086_205_2520_MAR_O_NT_003.SEN3,tie_geo_coordinates.nc,1136485,68daa0e1e40fbfdbddd898c7d0a683baed2cc74e15a93a2424d7a9435f9f0f01,786eb3c8761ead66e2ed18e4720f4239,"Mon, 13 Jun 2022 20:10:57 GMT"
S3A_OL_2_WFR____20220612T060110_20220612T060410_20220613T192330_0180_086_205_2520_MAR_O_NT_003.SEN3,wqsf.nc,8795150,b3865bae5f28007a4b18511177f8341992dfae803ac76dd913ef5693c0734fa3,9159e0176a2ff9195a2266a6dbb67a49-2,"Mon, 13 Jun 2022 20:10:57 GMT"
S3A_OL_2_WFR____20220614T064947_20220614T065247_20220615T193313_0179_086_234_2520_MAR_O_NT_003.SEN3,chl_oc4me.nc,3251485,3577c0db51c10196be25d44662ee6a85d820e642f54ff6b2653eaba6ee92b987,ea97dad21973c9abc7fe59142473d1ec,"Wed, 15 Jun 2022 20:41:47 GMT"
S3A_OL_2_WFR____20220614T064947_20220614T065247_20220615T193313_0179_086_234_2520_MAR_O_NT_003.SEN3,geo_coordinates.nc,59310832,cf3e31121e769bda462cd054abc3c3ae102d79554f5f94b0f46a20b846ec0a25,1af50f0253bc0274ced83686b8d27cfc-8,"Wed, 15 Jun 2022 20:41:47 GMT"
S3A_OL_2_WFR____20220614T064947_20220614T065247_20220615T193313_0179_086_234_2520_MAR_O_NT_003.SEN3,tie_geo_coordinates.nc,1135433,da497130a93842a07b9758a3b2d1df2f4187b1f7d6cb83506a9de1eb2f1c8da7,3e330840d6867c00f4e4ae40c0f33dce,"Wed, 15 Jun 2022 20:41:46 GMT"
S3A_OL_2_WFR____20220614T064947_20220614T065247_20220615T193313_0179_086_234_2520_MAR_O_NT_003.SEN3,wqsf.nc,4211232,1db2c2aea0c71dba64ad0a85b9caf7a5de0bc1aff3b22b53f1cf969e0a2d9f5c,6cc23a5eb901d8b31ed90c0d3e2e4196,"Wed, 15 Jun 2022 20:41:46 GMT"
S3A_OL_2_WFR____20220615T062336_20220615T062636_20220616T193043_0180_086_248_2520_MAR_O_NT_003.SEN3,chl_oc4me.nc,6021022,7d548418e94f3e113e230f15afb1d4c3834d247d1c92c1c42caedfe6f8bff6a2,37a232d86e970f22e3573206030151f1,"Thu, 16 Jun 2022 20:46:29 GMT"
S3A_OL_2_WFR____20220615T062336_20220615T062636_20220616T193043_0180_086_248_2520_MAR_O_NT_003.SEN3,geo_coordinates.nc,60072997,601fe2f8b71939ea4378a93bf7f02a2e185354fc77a6d2688658abcfefa66d0c,41f5394abb68dfb29058aa7b7d546717-8,"Thu, 16 Jun 2022 20:46:28 GMT"
S3A_OL_2_WFR____20220615T062336_20220615T062636_20220616T193043_0180_086_248_2520_MAR_O_NT_003.SEN3,tie_geo_coordinates.nc,1142364,78ac019d1c08bfc0fcea8673e7345ef8ef2b7bb46c8a5dd30bc4cadfdd840bec,ce558961b62e3ad75c9532a9cefa56d8,"Thu, 16 Jun 2022 20:46:28 GMT"
S3A_OL_2_WFR____20220615T062336_20220615T062636_20220616T193043_0180_086_248_2520_MAR_O_NT_003.SEN3,wqsf.nc,5973662,1ba03ed390a601867d1e314f8586112e63bf770c98f4c8a634f94f11c5dd9ffc,c91a096361b266ebcb1bde812895c6ff,"Thu, 16 Jun 2022 20:46:28 GMT"
S3A_OL_2_WFR____20220616T055725_20220616T060025_20220617T182858_0180_086_262_2520_MAR_O_NT_003.SEN3,chl_oc4me.nc,5643146,9c55f3d6566ed792abc5fc745c5a1c75978987388756b22dcab6dfb9a820744f,ab330ac37f929c8f692713fcb29d10df,"Fri, 17 Jun 2022 20:48:55 GMT"
S3A_OL_2_WFR____20220616T055725_20220616T060025_20220617T182858_0180_086_262_2520_MAR_O_NT_003.SEN3,geo_coordinates.nc,58642033,b43b4a4b0c6bc63824dfb64cc658015c4f87da6dfe101c1b3c9eb63ff69018aa,094e1c7aa076cf0743c27206f440fe16-7,"Fri, 17 Jun 2022 20:48:54 GMT"
S3A_OL_2_WFR____20220616T055725_20220616T060025_20220617T182858_0180_086_262_2520_MAR_O_NT_003.SEN3,tie_geo_coordinates.nc,1138311,322c963e7ce8164fcfb1131207d2f76ab8df947008755551861b075cb64720ac,b15ddd50d1422f1f48301916fc37c9d2,"Fri, 17 Jun 2022 20:48:54 GMT"
S3A_OL_2_WFR____20220616T055725_20220616T060025_20220617T182858_0180_086_262_2520_MAR_O_NT_003.SEN3,wqsf.nc,9862425,390f10342363492b68db7776d5fe8fe1eec48401dde579c26b7d5ebdab87196e,320eace87e62fd7acd6ad95d24d9d7fc-2,"Fri, 17 Jun 2022 20:48:54 GMT"
S3A_OL_2_WFR____20220618T064603_20220618T064903_20220619T184824_0179_086_291_2520_MAR_O_NT_003.SEN3,chl_oc4me.nc,3709862,5b4716477aa926a7ff8be494eb1d5308d2279dba08fa08bcb4ed865f3c9d13c2,9556a188b41b39e80185a8d98899f63d,"Sun, 19 Jun 2022 19:54:37 GMT"
S3A_OL_2_WFR____20220618T064603_20220618T064903_20220619T184824_0179_086_291_2520_MAR_O_NT_003.SEN3,geo_coordinates.nc,59506947,6b2fd0e2b56fca01c54c10e54d5a25547a68773771caa794ac6b52f8a92c6027,5d84bdb8e4919ab9442504a71e6f28af-8,"Sun, 19 Jun 2022 19:54:37 GMT"
S3A_OL_2_WFR____20220618T064603_20220618T064903_20220619T184824_0179_086_291_2520_MAR_O_NT_003.SEN3,tie_geo_coordinates.nc,1138539,53f9e5a1f849c5ea4d2dc49ec0a8073f2530b4d8adc04fe46265d526884c779e,ca037a6c3205c8367f0a3e384309c5c0,"Sun, 19 Jun 2022 19:54:36 GMT"
S3A_OL_2_WFR____20220618T064603_20220618T064903_20220619T184824_0179_086_291_2520_MAR_O_NT_003.SEN3,wqsf.nc,5085754,49f78da4c8378150f868aeed7059aef912fc0345a40c5e687db43115c950d29e,97ef75a0cddaad45c25fc75b2c60f40c,"Sun, 19 Jun 2022 19:54:36 GMT"
S3A_OL_2_WFR____20220619T061952_20220619T062252_20220620T200521_0179_086_305_2520_MAR_O_NT_003.SEN3,chl_oc4me.nc,5863370,ec0f2d6637e97e0ddd8450aff793af359f38a6f549bf0e380e45e8a22cf9a951,a1774aa99843d1d447df883a2a2bed93,"Mon, 20 Jun 2022 22:12:55 GMT"
S3A_OL_2_WFR____20220619T061952_20220619T062252_20220620T200521_0179_086_305_2520_MAR_O_NT_003.SEN3,geo_coordinates.nc,59946299,35dd1976a47a96d57c7bb99d54c61799168c34e6655018eb4941628d0e0b7baf,94ec7ca1436dd8fe794f3c31f27488b6-8,"Mon, 20 Jun 2022 22:12:54 GMT"
S3A_OL_2_WFR____20220619T061952_20220619T062252_20220620T200521_0179_086_305_2520_MAR_O_NT_003.SEN3,tie_geo_coordinates.nc,1138997,b0504433287230279568d3630a360712a4ecffb7fc4439dd8454e6a064d08d42,0fcbf1d8d650f2c47f25e722ae9fef10,"Mon, 20 Jun 2022 22:12:53 GMT"
S3A_OL_2_WFR____20220619T061952_20220619T062252_20220620T200521_0179_086_305_2520_MAR_O_NT_003.SEN3,wqsf.nc,6001983,75107f99f77fd274b6c3c7d4425fe2460f0777117de56ad043d427ff834fdc94,3d489ca7955202f96f92e93939dce0ca,"Mon, 20 Jun 2022 22:12:53 GMT"
S3A_OL_2_WFR____20220620T055341_20220620T055641_20220621T190202_0180_086_319_2520_MAR_O_NT_003.SEN3,chl_oc4me.nc,4018703,280d8e70b23a0704b5d9546fde4f6d9cb797fdf369f31cf2a0342cd7f5a20db8,df0ccd74bc0b9207845b6c89d71564b6,"Tue, 21 Jun 2022 20:23:41 GMT"
S3A_OL_2_WFR____20220620T055341_20220620T055641_20220621T190202_0180_086_319_2520_MAR_O_NT_003.SEN3,geo_coordinates.nc,58287957,2f7e362317057986e5eafa993856d7a4e14c44ff162adfce89035ba9cdc3695d,93f994fc383855fca654372074a1cc8a-7,"Tue, 21 Jun 2022 20:23:41 GMT"
S3A_OL_2_WFR____20220620T055341_20220620T055641_20220621T190202_0180_086_319_2520_MAR_O_NT_003.SEN3,tie_geo_coordinates.nc,1139011,da1eb030395e7a0154fa9964974be2dbd1bf06caecc4e5138d13513a5cd218ec,83e7a332905d268db1be5aa07d2372f2,"Tue, 21 Jun 2022 20:23:40 GMT"
S3A_OL_2_WFR____20220620T055341_20220620T055641_20220621T190202_0180_086_319_2520_MAR_O_NT_003.SEN3,wqsf.nc,7055519,28f37f9e0749b408ed8fc6b79ac55bd3ffe535f526d04b00737ae0342e0fff61,597e65d871f3657e7d0a6e2e94072382,"Tue, 21 Jun 2022 20:23:41 GMT"
S3A_OL_2_WFR____20220622T064219_20220622T064519_20220623T181452_0179_086_348_2520_MAR_O_NT_003.SEN3,chl_oc4me.nc,4178657,8bf6fcb89761999b9e25adcb0eb826897363869a3be626501f0c50deb671b455,c344e69a3392be1ad8172742accc11db,"Thu, 23 Jun 2022 19:34:54 GMT"
S3A_OL_2_WFR____20220622T064219_20220622T064519_20220623T181452_0179_086_348_2520_MAR_O_NT_003.SEN3,geo_coordinates.nc,59661869,6e0a779ac00908277cc7b01ed7ba28596015978e9288f0f0af332c14435e223b,f903e225ba02c18e82554e8db5bb9d3a-8,"Thu, 23 Jun 2022 19:34:53 GMT"
S3A_OL_2_WFR____20220622T064219_20220622T064519_20220623T181452_0179_086_348_2520_MAR_O_NT_003.SEN3,tie_geo_coordinates.nc,1133981,6bb1a0c2cb35fdcc3537d648dac5d5e9dc02dfcd57fc85008c5f9256205f2d39,ac56643927fe7a59bfe6a6719802ffe3,"Thu, 23 Jun 2022 19:34:52 GMT"
S3A_OL_2_WFR____20220622T064219_20220622T064519_20220623T181452_0179_086_348_2520_MAR_O_NT_003.SEN3,wqsf.nc,5264884,694464eae3edb49ca30cc8bc7b42bf8d847a17909dfaefcfa793760ef6090e26,11dfe2b535a976326c95932a5e7075be,"Thu, 23 Jun 2022 19:34:53 GMT"
S3A_OL_2_WFR____20220623T061608_20220623T061908_20220624T172037_0179_086_362_2520_MAR_O_NT_003.SEN3,chl_oc4me.nc,4609593,f8ced7889066e19179fa50b4e156aa6fc41775cb0ae1c9610b31cff7dc161f59,f75375d528777ba85704de868eabe217,"Fri, 24 Jun 2022 18:23:09 GMT"
S3A_OL_2_WFR____20220623T061608_20220623T061908_20220624T172037_0179_086_362_2520_MAR_O_NT_003.SEN3,geo_coordinates.nc,59768226,74d2df71717b52829ac52e5c4e93fd7db6a932f86d3be94d37c3cdde3db24211,4fe8de888d44ba1213b994724e887bdc-8,"Fri, 24 Jun 2022 18:23:08 GMT"
S3A_OL_2_WFR____20220623T061608_20220623T061908_20220624T172037_0179_086_362_2520_MAR_O_NT_003.SEN3,tie_geo_coordinates.nc,1137388,c7f3e99d398107a8f20d578af58bf04c8275b170ad64b5d73a5a735440b1bb15,237b762afad6633f9fe0b79136df9ca4,"Fri, 24 Jun 2022 18:23:07 GMT"
S3A_OL_2_WFR____20220623T061608_20220623T061908_20220624T172037_0179_086_362_2520_MAR_O_NT_003.SEN3,wqsf.nc,6098205,60671b6b93f2efa2839c34df9b7eaf01803f72c7d45b6cea9b6fc8d6d2b0808e,d5a299b11654444663c1a6cc55439fdc,"Fri, 24 Jun 2022 18:23:08 GMT"
S3A_OL_2_WFR____20220624T054957_20220624T055257_20220625T175209_0179_086_376_2520_MAR_O_NT_003.SEN3,chl_oc4me.nc,3939751,a58d5bf38ce463bbc1876c5fd0d626b65bc2aff5a4838634d9960b154a52670b,270e9cabf1e84bbbe3bda46c1930363b,"Sat, 25 Jun 2022 18:52:04 GMT"
S3A_OL_2_WFR____20220624T054957_20220624T055257_20220625T175209_0179_086_376_2520_MAR_O_NT_003.SEN3,geo_coordinates.nc,57825724,8817fbee26c85d47974c82a83d0cd45cf5cc165b115736e7af9f80ad4d7918e5,57bcea9ff4b7044e883b0f9bba6cfa8e-7,"Sat, 25 Jun 2022 18:52:04 GMT"
S3A_OL_2_WFR____20220624T054957_20220624T055257_20220625T175209_0179_086_376_2520_MAR_O_NT_003.SEN3,tie_geo_coordinates.nc,1136790,27cff668a868c78760be765fa5985679446822ab74c5d1b0f8fcf7fea6007377,176d01c8d6b15fac374d74e100196ed9,"Sat, 25 Jun 2022 18:52:03 GMT"
S3A_OL_2_WFR____20220624T054957_20220624T055257_20220625T175209_0179_086_376_2520_MAR_O_NT_003.SEN3,wqsf.nc,8394808,132920c7fe715c7e8836ae2b25753634baa9d40397783184d0ab102b1853bba6,4c148e4b32baab811cd3a02a88f54a5a-2,"Sat, 25 Jun 2022 18:52:03 GMT"
S3A_OL_2_WFR____20220626T063834_20220626T064134_20220627T181510_0179_087_020_2520_MAR_O_NT_003.SEN3,chl_oc4me.nc,3423941,ce1a3f36103a2a439164051f41949d2fc9083ee1a1feb111e5e74cf7b4e57893,45ddded96cd2cf7835eafd2206814476,"Mon, 27 Jun 2022 20:48:27 GMT"
S3A_OL_2_WFR____20220626T063834_20220626T064134_20220627T181510_0179_087_020_2520_MAR_O_NT_003.SEN3,geo_coordinates.nc,59892204,2cb5aa4a69ad49cc46d69688d391714343d9b1a96a652c337004dbb557b7a43b,f63b2ae6ecd3cfc9e3c80153f241490c-8,"Mon, 27 Jun 2022 20:48:27 GMT"
S3A_OL_2_WFR____20220626T063834_20220626T064134_20220627T181510_0179_087_020_2520_MAR_O_NT_003.SEN3,tie_geo_coordinates.nc,1139256,20d006373054d6b5321b1c0c18e22f3d2a50fec93f1fe60dab7e3e9233e29a95,4a47778ea88baa0f00c67c1fcb71b9f4,"Mon, 27 Jun 2022 20:48:26 GMT"
S3A_OL_2_WFR____20220626T063834_20220626T064134_20220627T181510_0179_087_020_2520_MAR_O_NT_003.SEN3,wqsf.nc,5453911,33a35ec60a2c7acb3b75e9b7c4fc5bd1bc2c294ea4e3e57f2e1199323ea4785e,febcf34462e8fc9424f40dfadcced04f,"Mon, 27 Jun 2022 20:48:27 GMT"
S3A_OL_2_WFR____20220627T061223_20220627T061523_20220628T185837_0179_087_034_2520_MAR_O_NT_003.SEN3,chl_oc4me.nc,1262751,62994dedd579b3aaa01054ae0d31743d4c482333ac54eb5cbeac006ef2720c28,a2c8291ba6840cda76772b47ecc5f000,"Tue, 28 Jun 2022 23:21:32 GMT"
S3A_OL_2_WFR____20220627T061223_20220627T061523_20220628T185837_0179_087_034_2520_MAR_O_NT_003.SEN3,geo_coordinates.nc,59483211,8daa5165d966e5896b2c34208c5d37290062ab96380c6044fa6a9b78f00e0a09,13563e8d3d2c635ee8f650cc6b2b7a96-8,"Tue, 28 Jun 2022 23:21:31 GMT"
S3A_OL_2_WFR____20220627T061223_20220627T061523_20220628T185837_0179_087_034_2520_MAR_O_NT_003.SEN3,tie_geo_coordinates.nc,1136950,03259c23b1cc45ff5b9e8697df0177bf7a0d73ff7e61caabba66abb3ed1a30e0,61d9166b1e369e04ee8aeaac1dc2b6a5,"Tue, 28 Jun 2022 23:21:31 GMT"
S3A_OL_2_WFR____20220627T061223_20220627T061523_20220628T185837_0179_087_034_2520_MAR_O_NT_003.SEN3,wqsf.nc,3777435,76f5de6088f645326f182351b815add1eb7375e495237af2e342a55929471aea,178512af33845bc63aa514c42cb3214c,"Tue, 28 Jun 2022 23:21:31 GMT"
S3A_OL_2_WFR____20220628T054612_20220628T054912_20220629T201015_0180_087_048_2520_MAR_O_NT_003.SEN3,chl_oc4me.nc,6022331,86928c037177428d3a02b92ba95d409562c2f96b1567b95b843b2c138cc60f36,17209cfe9f676dd34c617678f057265f,"Wed, 29 Jun 2022 21:14:19 GMT"
S3A_OL_2_WFR____20220628T054612_20220628T054912_20220629T201015_0180_087_048_2520_MAR_O_NT_003.SEN3,geo_coordinates.nc,57539384,4ed9e5121c57bce16244b456c1a767b70ffdf6e1ea27fc5a02109827980986bc,96229b55bc58d5ee434060686aed5a95-7,"Wed, 29 Jun 2022 21:14:19 GMT"
S3A_OL_2_WFR____20220628T054612_20220628T054912_20220629T201015_0180_087_048_2520_MAR_O_NT_003.SEN3,tie_geo_coordinates.nc,1140660,e8d4e70a5507ba7fdeaeb0c182b20f2987362525f11848ae95ed2d2d6f9b802c,dc50a6d0a1104c567d4ea4d4010fb119,"Wed, 29 Jun 2022 21:14:18 GMT"
S3A_OL_2_WFR____20220628T054612_20220628T054912_20220629T201015_0180_087_048_2520_MAR_O_NT_003.SEN3,wqsf.nc,9011571,6dcaa899fd01317720ecaee2cd7a693c30d8f82edd2f08675850401680f07ed1,216bd3bead1e25faa79665036e16118c-2,"Wed, 29 Jun 2022 21:14:18 GMT"
S3A_OL_2_WFR____20220630T063450_20220630T063750_20220701T190950_0179_087_077_2520_MAR_O_NT_003.SEN3,chl_oc4me.nc,4617861,95353659cbcafccb513b55c9b511dc0a592dabbb7c972466369a522809469b02,b741c70294da5105ebbbb7aaab775312,"Fri, 01 Jul 2022 22:15:13 GMT"
S3A_OL_2_WFR____20220630T063450_20220630T063750_20220701T190950_0179_087_077_2520_MAR_O_NT_003.SEN3,geo_coordinates.nc,60042741,69f52ac4ec2e8bb4e256aa6f95a17f8f200476872b68212610fb2bd0eb0ee6b3,f9ae4695233ab44905c1e0e085e9b4c8-8,"Fri, 01 Jul 2022 22:15:12 GMT"
S3A_OL_2_WFR____20220630T063450_20220630T063750_20220701T190950_0179_087_077_2520_MAR_O_NT_003.SEN3,tie_geo_coordinates.nc,1141735,7cbf80d973110af9b717f885b104b7dd8c441cdc77d07e3be0c831fd444ae102,77eea3e81d8f07f46d6f1e16f5296351,"Fri, 01 Jul 2022 22:15:12 GMT"
S3A_OL_2_WFR____20220630T063450_20220630T063750_20220701T190950_0179_087_077_2520_MAR_O_NT_003.SEN3,wqsf.nc,5772163,531da4907d2d55fb70a25e7d5c8f6d248ab7edd5e9796bd8354b18ec8c3a8fe3,4ffe979529f2d623acb9fe6bf2f5c9b1,"Fri, 01 Jul 2022 22:15:12 GMT"
S3A_OL_2_WFR____20220701T060839_20220701T061139_20220702T184703_0179_087_091_2520_MAR_O_NT_003.SEN3,chl_oc4me.nc,3325463,a87ef619ef749a7a24595c8a69ed9fd6a63a579251ef91b3e10327b9329d29e7,5d12fb1d80801836970aa5b39233f691,"Sun, 03 Jul 2022 00:18:23 GMT"
S3A_OL_2_WFR____20220701T060839_20220701T061139_20220702T184703_0179_087_091_2520_MAR_O_NT_003.SEN3,geo_coordinates.nc,59284959,25559b2c79b8c2f522dbe768511cd839b52fe535b9ff35916f05753ca67351d9,25388f9c93bd32fc449fcd6c2162e0eb-8,"Sun, 03 Jul 2022 00:18:22 GMT"
S3A_OL_2_WFR____20220701T060839_20220701T061139_20220702T184703_0179_087_091_2520_MAR_O_NT_003.SEN3,tie_geo_coordinates.nc,1138246,4d7f9ee650e9385eba9251c7b873d25013530be78b631d801244e9cd944f04fe,f0f07521c22ae00e133a094ea8621b93,"Sun, 03 Jul 2022 00:18:22 GMT"
S3A_OL_2_WFR____20220701T060839_20220701T061139_20220702T184703_0179_087_091_2520_MAR_O_NT_003.SEN3,wqsf.nc,6324978,b96e86611653d3cf234eaeaa97415366bdd39ef77a9f3217ea18710e319f0be0,a58a56aec7471fda6d571c062165422a,"Sun, 03 Jul 2022 00:18:22 GMT"
S3A_OL_2_WFR____20220702T054228_20220702T054528_20220703T180323_0179_087_105_2520_MAR_O_NT_003.SEN3,chl_oc4me.nc,1116551,9b5a53b7e9e1384287a8289fc4aca2f057527881559919798d61fec00062587c,b9824d79e0c7fe21f59cb3a719b56c93,"Sun, 03 Jul 2022 18:46:03 GMT"
S3A_OL_2_WFR____20220702T054228_20220702T054528_20220703T180323_0179_087_105_2520_MAR_O_NT_003.SEN3,geo_coordinates.nc,57393862,fda1451c4e633df4d4a3317658fe2387390a99427596bc2da976c4c3c6323c4b,f4270789980e324e94a5213e4f18d713-7,"Sun, 03 Jul 2022 18:46:02 GMT"
S3A_OL_2_WFR____20220702T054228_20220702T054528_20220703T180323_0179_087_105_2520_MAR_O_NT_003.SEN3,tie_geo_coordinates.nc,1139997,26857fb7ca7f9f36fd62c2c1c6c4dc8d49507a3bc1982f033ff0c56272867929,a1aac6a8242beb878d99a3dbece6d4d3,"Sun, 03 Jul 2022 18:46:02 GMT"
S3A_OL_2_WFR____20220702T054228_20220702T054528_20220703T180323_0179_087_105_2520_MAR_O_NT_003.SEN3,wqsf.nc,3366438,73a470b59e29df4e0302cd3894171d576ac0d531bb0d3b07f6e934c27b3a712b,401f15d7dff01e21f12730f93ccdae3d,"Sun, 03 Jul 2022 18:46:02 GMT"
S3A_OL_2_WFR____20220703T065716_20220703T070016_20220704T171401_0180_087_120_2520_MAR_O_NT_003.SEN3,tie_geo_coordinates.nc,1136440,d8563a32543b92a058dbe370bcfb3589597def5452d0563b44e476c62b4f8d27,9e70f3023f50baafc75cfae4e5ac9c3d,"Mon, 04 Jul 2022 21:24:39 GMT"
S3A_OL_2_WFR____20220704T063105_20220704T063405_20220705T182811_0180_087_134_2520_MAR_O_NT_003.SEN3,chl_oc4me.nc,2975316,32c683c009cc380f53e91c3fe25cbc437eadeba8f37c0fcbf07e17a8b0b20bd9,23c88a53c0a5b6f0f728ba695d8e1f59,"Thu, 07 Jul 2022 10:01:46 GMT"
S3A_OL_2_WFR____20220704T063105_20220704T063405_20220705T182811_0180_087_134_2520_MAR_O_NT_003.SEN3,geo_coordinates.nc,60053429,611f375ed5cf417ddbcf1007fbda623e11045e88d3d2d64b988b58e0d59f2ea3,4ede0d6c749d4927708cc28fedc2222e-8,"Thu, 07 Jul 2022 10:01:46 GMT"
S3A_OL_2_WFR____20220704T063105_20220704T063405_20220705T182811_0180_087_134_2520_MAR_O_NT_003.SEN3,tie_geo_coordinates.nc,1138514,1ad5a81eb15f25e113a2a3f1f51b4df0711bd768bae29d12aa0d8b7a15abafc7,5cd30828ee65fe2cb2a370c1f21ee9e0,"Thu, 07 Jul 2022 10:01:46 GMT"
S3A_OL_2_WFR____20220704T063105_20220704T063405_20220705T182811_0180_087_134_2520_MAR_O_NT_003.SEN3,wqsf.nc,5264812,cdb60e3b34c8990fc7bb30b12a58cc58de1e7716b9c8cc1bec355c6688d6e39e,016fd2f988f69b78a723822ff3fe28eb,"Thu, 07 Jul 2022 10:01:46 GMT"
S3A_OL_2_WFR____20220705T060454_20220705T060754_20220706T172315_0179_087_148_2520_MAR_O_NT_003.SEN3,chl_oc4me.nc,913882,5320d3c9a788903248ff8b1c4de114b68054a49852975dc5b05b9377de17100d,b35921d2167fc6f30b625389e9fd7ab4,"Wed, 06 Jul 2022 18:16:00 GMT"
S3A_OL_2_WFR____20220705T060454_20220705T060754_20220706T172315_0179_087_148_2520_MAR_O_NT_003.SEN3,geo_coordinates.nc,59086584,293afd3f5d453df36927e966dfda76a42d08722c66a55b27a8d1a7b59fc4af14,217720611515ac42f0196f724fca40c9-8,"Wed, 06 Jul 2022 18:16:00 GMT"
S3A_OL_2_WFR____20220705T060454_20220705T060754_20220706T172315_0179_087_148_2520_MAR_O_NT_003.SEN3,tie_geo_coordinates.nc,1132320,27fee1634bfec59fef30b16a929bc9ffd30d94ce349d31ef408a66fd57d4dbad,ac37292eba2d0f1bc921a8b6cbcd3894,"Wed, 06 Jul 2022 18:15:59 GMT"
S3A_OL_2_WFR____20220705T060454_20220705T060754_20220706T172315_0179_087_148_2520_MAR_O_NT_003.SEN3,wqsf.nc,3229699,a46f8d2c265b4dd635d45d000b113ae082063f797258dd972e5fe4fc8f650c23,e9854ebd38c37684c21bd1697ba85dfb,"Wed, 06 Jul 2022 18:15:59 GMT"
S3A_OL_2_WFR____20220706T053843_20220706T054143_20220707T175559_0179_087_162_2520_MAR_O_NT_003.SEN3,chl_oc4me.nc,991795,89d8c5d443f14d1a8baf2e7a98e81c4963d85755dbbcef08517da265f6a1f3df,b30e2cfe638ced3af399324110fc5cc8,"Thu, 07 Jul 2022 18:41:03 GMT"
S3A_OL_2_WFR____20220706T053843_20220706T054143_20220707T175559_0179_087_162_2520_MAR_O_NT_003.SEN3,geo_coordinates.nc,57185857,b8a39aa0c36f0c113b01ef30e0a1d9f680545829aa9e33fc35a53954c04ac6cc,ccde543e7bb41af0d1776aa389899048-7,"Thu, 07 Jul 2022 18:41:02 GMT"
S3A_OL_2_WFR____20220706T053843_20220706T054143_20220707T175559_0179_087_162_2520_MAR_O_NT_003.SEN3,tie_geo_coordinates.nc,1139609,8e644ed09615409ef72e749f1eba6bbbc1f14b76ba22b25a7ba4d97c7630069c,43abb0563ec4ae047a41cf921b4aa716,"Thu, 07 Jul 2022 18:41:02 GMT"
S3A_OL_2_WFR____20220706T053843_20220706T054143_20220707T175559_0179_087_162_2520_MAR_O_NT_003.SEN3,wqsf.nc,3741530,b2508761e59ed7f221c4295bde7b2942458390dfb1fd67c562bc598018ed1e85,e491dcd8b04ee5ab5408fd500d04283c,"Thu, 07 Jul 2022 18:41:02 GMT"
S3A_OL_2_WFR____20220707T065331_20220707T065631_20220708T192323_0179_087_177_2520_MAR_O_NT_003.SEN3,chl_oc4me.nc,1052591,d7b2f3dec19dea77e8c4dac6cdedb0ddc727b1ebf25d4a4df64eefbfab7c5ed3,53249d248bdef207e753cd3ab89419af,"Sun, 10 Jul 2022 13:40:06 GMT"
S3A_OL_2_WFR____20220707T065331_20220707T065631_20220708T192323_0179_087_177_2520_MAR_O_NT_003.SEN3,geo_coordinates.nc,59256182,beb7f50a2d21ba1c2eac01732bbf47ab7f3c52c0f34905ff4669bc4bc2cb1301,ae2e94f42ba3e3bc3f6750f8211b0dd4-8,"Sun, 10 Jul 2022 13:40:06 GMT"
S3A_OL_2_WFR____20220707T065331_20220707T065631_20220708T192323_0179_087_177_2520_MAR_O_NT_003.SEN3,tie_geo_coordinates.nc,1136678,52ba13b9d94d2bcd80bbd447c9a4d5608d92cf1e637caa8400ecf08ae5fe3d71,f3bd0b0382b1cc12e689dde150e677e8,"Sun, 10 Jul 2022 13:40:06 GMT"
S3A_OL_2_WFR____20220707T065331_20220707T065631_20220708T192323_0179_087_177_2520_MAR_O_NT_003.SEN3,wqsf.nc,4058799,858179f44654bd82728a61f0a09a999a40bca37706986c5c5d1ef04e989bf3eb,1bd483a94a5ad76d03561114f287f573,"Sun, 10 Jul 2022 13:40:06 GMT"
S3A_OL_2_WFR____20220708T062720_20220708T063020_20220709T190646_0179_087_191_2520_MAR_O_NT_003.SEN3,chl_oc4me.nc,1476848,9ab8b6d7f6d11543d7884302252ebd2268cd040d6671c4c4b773b8638072d6f9,1d0a5274c6e69ebb04071350e58456e0,"Tue, 12 Jul 2022 00:21:04 GMT"
S3A_OL_2_WFR____20220708T062720_20220708T063020_20220709T190646_0179_087_191_2520_MAR_O_NT_003.SEN3,geo_coordinates.nc,60127476,e16eab97876086ea577a7aeec939f66b6f990d08c3dbfbecd5fc75324565a54a,bf560cd96d7e331508deed6b99807bff-8,"Tue, 12 Jul 2022 00:21:04 GMT"
S3A_OL_2_WFR____20220708T062720_20220708T063020_20220709T190646_0179_087_191_2520_MAR_O_NT_003.SEN3,tie_geo_coordinates.nc,1135779,3ad5117da8789ad2d7200c3917be447eefdafd3aafd8b0a355724f125798cba6,5d0c62ab78359b3c1f86ede5e46bb790,"Tue, 12 Jul 2022 00:21:04 GMT"
S3A_OL_2_WFR____20220708T062720_20220708T063020_20220709T190646_0179_087_191_2520_MAR_O_NT_003.SEN3,wqsf.nc,4765413,4c69987f125c6625ff2f07d7c5d19b637afeda2da64efd15eb6856d5936ce75e,fde9b4a02e8eb62dc1b2aa19a2d9c427,"Tue, 12 Jul 2022 00:21:04 GMT"
S3A_OL_2_WFR____20220709T060109_20220709T060409_20220710T181805_0179_087_205_2520_MAR_O_NT_003.SEN3,chl_oc4me.nc,1396709,3be64b763981a3c1fdf01a72b98a63635b01a24fb25be4c4bc083744c06c231f,53a340cbaf15d3920379baabcf6188a5,"Tue, 12 Jul 2022 21:14:35 GMT"
S3A_OL_2_WFR____20220709T060109_20220709T060409_20220710T181805_0179_087_205_2520_MAR_O_NT_003.SEN3,geo_coordinates.nc,58908414,acce8fb7298bfaa22e34c9e048f6f27e6f88585b4b1c83a7d39b1440be3fdb45,01fa8e0953326a82f778b717ed4f0b03-8,"Tue, 12 Jul 2022 21:14:35 GMT"
S3A_OL_2_WFR____20220709T060109_20220709T060409_20220710T181805_0179_087_205_2520_MAR_O_NT_003.SEN3,tie_geo_coordinates.nc,1134138,cba8c45d8b9abc579f5be433812cb403548f4534f8a05e65aeb14cd6c49e70bb,03db0e311de65f5ca631e33b6d4a1f68,"Tue, 12 Jul 2022 21:14:35 GMT"
S3A_OL_2_WFR____20220709T060109_20220709T060409_20220710T181805_0179_087_205_2520_MAR_O_NT_003.SEN3,wqsf.nc,4098036,96105b4d8e470ffa9997a242241e4c0a33325b8db837dbacfcaa0e950a224029,6009c48b4101b6f410f09288120f4ba3,"Tue, 12 Jul 2022 21:14:35 GMT"
S3A_OL_2_WFR____20220711T064946_20220711T065246_20220712T192924_0179_087_234_2520_MAR_O_NT_003.SEN3,chl_oc4me.nc,1557157,aca534e95ed3a6781a2079740e2bb410e69f3265970e96db641789be3fc9dd1d,8954767bc529814e05e839abbf7ad3d9,"Tue, 12 Jul 2022 20:25:26 GMT"
S3A_OL_2_WFR____20220711T064946_20220711T065246_20220712T192924_0179_087_234_2520_MAR_O_NT_003.SEN3,geo_coordinates.nc,59315887,0e1bd0acfef916d7a60896ebfa2b08dfdcbcb4ea80b7c80443688a24d6b4fb10,307ae707d84614eafba42a54e0de136b-8,"Tue, 12 Jul 2022 20:25:25 GMT"
S3A_OL_2_WFR____20220711T064946_20220711T065246_20220712T192924_0179_087_234_2520_MAR_O_NT_003.SEN3,tie_geo_coordinates.nc,1136246,2788bf191d80180ec03715e6e24128ec0e72124e3cf8f4f0098edaf71d1ed7ae,d092a1fabcafa9ed9ab269c5b136644c,"Tue, 12 Jul 2022 20:25:25 GMT"
S3A_OL_2_WFR____20220711T064946_20220711T065246_20220712T192924_0179_087_234_2520_MAR_O_NT_003.SEN3,wqsf.nc,4579354,bd15990e7680cb8c0906c9bc621c20ee20edce5f151695f51e281e6311e638cc,e4af5bf6706372f49c1452d9c75b0104,"Tue, 12 Jul 2022 20:25:25 GMT"
S3A_OL_2_WFR____20220712T062335_20220712T062635_20220713T193416_0179_087_248_2520_MAR_O_NT_003.SEN3,chl_oc4me.nc,2114109,34524dd2491e64659b5bb3b68409a25f8c6c3ad31c46382741c48ccff0c98432,a27c9c52f07cdd03f7067a76bbe6187b,"Wed, 13 Jul 2022 20:41:25 GMT"
S3A_OL_2_WFR____20220712T062335_20220712T062635_20220713T193416_0179_087_248_2520_MAR_O_NT_003.SEN3,geo_coordinates.nc,60070386,1ca0026450a41d6d355ba8b2e9c2f86b1a1ae625a92fbd476edc9ff0c27a6695,4954f010fb44d4215b882ce6d4b5c43e-8,"Wed, 13 Jul 2022 20:41:24 GMT"
S3A_OL_2_WFR____20220712T062335_20220712T062635_20220713T193416_0179_087_248_2520_MAR_O_NT_003.SEN3,tie_geo_coordinates.nc,1141851,dbb49e428b0dc085e968c8ec842da40435fcb811118d86aa621bf0c1854c8197,adbc954b15e489c571cb9f53f8cf5660,"Wed, 13 Jul 2022 20:41:24 GMT"
S3A_OL_2_WFR____20220712T062335_20220712T062635_20220713T193416_0179_087_248_2520_MAR_O_NT_003.SEN3,wqsf.nc,4623610,bdb51287871d0856e338a471bf5c28b54dd1c0aad32428219f4182403ffd8d1d,9d03841169dbb1782d8b00104209bd4c,"Wed, 13 Jul 2022 20:41:24 GMT"
S3A_OL_2_WFR____20220713T055724_20220713T060024_20220714T181511_0179_087_262_2520_MAR_O_NT_003.SEN3,chl_oc4me.nc,2996389,44a5a39d7cd968aa1c0adc74b6fc3848f4af813401de433c16165c8e160c4c86,82cfb817cafc000ae4eafc9deaf542ce,"Thu, 14 Jul 2022 19:10:39 GMT"
S3A_OL_2_WFR____20220713T055724_20220713T060024_20220714T181511_0179_087_262_2520_MAR_O_NT_003.SEN3,geo_coordinates.nc,58661973,404a2cdfe4062806108e97f54c409ae76a2e87219d52a9cf1b5d66307a177ae8,739a887454b334f12daa9c95b00f47d1-7,"Thu, 14 Jul 2022 19:10:38 GMT"
S3A_OL_2_WFR____20220713T055724_20220713T060024_20220714T181511_0179_087_262_2520_MAR_O_NT_003.SEN3,tie_geo_coordinates.nc,1134093,f829da5f0a8a43fcbda00ccd9fa7a62586b1c03451652a73bfc10d0e0b754b5c,f4147d613391c98590acdb5d7a0bc22e,"Thu, 14 Jul 2022 19:10:38 GMT"
S3A_OL_2_WFR____20220713T055724_20220713T060024_20220714T181511_0179_087_262_2520_MAR_O_NT_003.SEN3,wqsf.nc,6119735,fdaca21910a0ccf00afe35ed4d1d4963d7789a1231b98e7087d00e5bb11ff3ff,cc2f65dd81c399b13c0a9e984d3dc6b1,"Thu, 14 Jul 2022 19:10:38 GMT"
S3A_OL_2_WFR____20220715T064601_20220715T064901_20220716T184736_0179_087_291_2520_MAR_O_NT_003.SEN3,chl_oc4me.nc,3855960,788215ffce46acc47c5d5bdea71ff1eaa824772f39491a1b612928fce2abcffd,0bd84dbd847bf90620e15f1624cb1515,"Sat, 16 Jul 2022 19:51:18 GMT"
S3A_OL_2_WFR____20220715T064601_20220715T064901_20220716T184736_0179_087_291_2520_MAR_O_NT_003.SEN3,geo_coordinates.nc,59517288,a67aa2454c22e142b42b37f2961cf07c363e8ca266a09723ba8bf6ecc039ed41,d97da3d23f6abde0aa404a695598ce5a-8,"Sat, 16 Jul 2022 19:51:17 GMT"
S3A_OL_2_WFR____20220715T064601_20220715T064901_20220716T184736_0179_087_291_2520_MAR_O_NT_003.SEN3,tie_geo_coordinates.nc,1142634,b5616420436fb9c53b4196ba6bd6ea604309e652bf31333e7fbc4ae7f159b6d3,f4d0a973f8c9c9e9c76c0ad612302cd1,"Sat, 16 Jul 2022 19:51:17 GMT"
S3A_OL_2_WFR____20220715T064601_20220715T064901_20220716T184736_0179_087_291_2520_MAR_O_NT_003.SEN3,wqsf.nc,4819248,9661f6938a536fe9398e92193d4604452f0ce4a5d2b27c49b3d0afd144583427,ea9c7806218b52ad523f17beef2fa935,"Sat, 16 Jul 2022 19:51:17 GMT"
S3A_OL_2_WFR____20220716T061949_20220716T062249_20220717T182041_0179_087_305_2520_MAR_O_NT_003.SEN3,chl_oc4me.nc,2419133,4136687c32b677bf7bf00a33e530db388fb4d2d515cd1e704b5f97d5c3b7dca6,10552aebf256d212098e56ff564ea3d7,"Sun, 17 Jul 2022 19:45:10 GMT"
S3A_OL_2_WFR____20220716T061949_20220716T062249_20220717T182041_0179_087_305_2520_MAR_O_NT_003.SEN3,geo_coordinates.nc,59932775,035ff4e0157b88d587cfcf810c4a923ea3c1e72fb139628848aac5e5cce91c6f,ee845829d745075718f68a08c0aeba37-8,"Sun, 17 Jul 2022 19:45:09 GMT"
S3A_OL_2_WFR____20220716T061949_20220716T062249_20220717T182041_0179_087_305_2520_MAR_O_NT_003.SEN3,tie_geo_coordinates.nc,1135473,ffcce875aa600aed30f974b437615b84fdc66b2982370e904e866c166265132b,fff45132c3716d39de4fde2ca8c80802,"Sun, 17 Jul 2022 19:45:08 GMT"
S3A_OL_2_WFR____20220716T061949_20220716T062249_20220717T182041_0179_087_305_2520_MAR_O_NT_003.SEN3,wqsf.nc,5014035,bcdc258c9317e94e91bdaa6e832ba602fbc06493a30e8620e26bc078862909ac,5b2e6e588c4b6ce861d28c0fa4e1b8ff,"Sun, 17 Jul 2022 19:45:09 GMT"
S3A_OL_2_WFR____20220717T055338_20220717T055638_20220718T160232_0179_087_319_2520_MAR_O_NT_003.SEN3,chl_oc4me.nc,1561157,a3aa6c0fa7400f65e227980ba5ad78c92f8240bf42e3d36e04865262775eabef,f4a09cdb0dc4c1b7716d0b0b249fddd7,"Mon, 18 Jul 2022 17:12:44 GMT"
S3A_OL_2_WFR____20220717T055338_20220717T055638_20220718T160232_0179_087_319_2520_MAR_O_NT_003.SEN3,geo_coordinates.nc,58322503,469f0feee2fe57ade79ef10b788ac0b580f7d6abc84feca658dd136d340df54f,e679ed32a4b38849f1f51c7b0ce3467f-7,"Mon, 18 Jul 2022 17:12:43 GMT"
S3A_OL_2_WFR____20220717T055338_20220717T055638_20220718T160232_0179_087_319_2520_MAR_O_NT_003.SEN3,tie_geo_coordinates.nc,1134099,96b6c9f4e92ef4250d7886626fc50b5852e728fd7a2d265eb40069b1395ec64f,e2f8f6bff714505c8756420d6d6ad3ea,"Mon, 18 Jul 2022 17:12:42 GMT"
S3A_OL_2_WFR____20220717T055338_20220717T055638_20220718T160232_0179_087_319_2520_MAR_O_NT_003.SEN3,wqsf.nc,4766257,6549b6e6ea1ec8686de4e0eddc1431f034884b4cf8b17c3e80d61cba60a79cfe,3f02036d1c747441097d81a723e3c128,"Mon, 18 Jul 2022 17:12:43 GMT"
S3A_OL_2_WFR____20220719T064215_20220719T064515_20220720T175704_0180_087_348_2520_MAR_O_NT_003.SEN3,chl_oc4me.nc,4016628,3e0c23eee8966984e45f07d6d137ca2112ab402bb24af86e265d9cf91252bd1d,bd22573ff28e6fc01339894255cf0ac3,"Wed, 20 Jul 2022 21:19:42 GMT"
S3A_OL_2_WFR____20220719T064215_20220719T064515_20220720T175704_0180_087_348_2520_MAR_O_NT_003.SEN3,geo_coordinates.nc,59660387,fdd547610dc35f1283d745ebaf1918dc3d6fdd5efad80e303b386351a31cc3a6,87f5615ee2cc0dfc852113447d38db5b-8,"Wed, 20 Jul 2022 21:19:42 GMT"
S3A_OL_2_WFR____20220719T064215_20220719T064515_20220720T175704_0180_087_348_2520_MAR_O_NT_003.SEN3,tie_geo_coordinates.nc,1135639,4d5aa22085ed04037c7a6d28b3d90aaef3e33962287a49eae888903a0dcf026d,e032a8c36d28b8f9881461c324698cbe,"Wed, 20 Jul 2022 21:19:41 GMT"
S3A_OL_2_WFR____20220719T064215_20220719T064515_20220720T175704_0180_087_348_2520_MAR_O_NT_003.SEN3,wqsf.nc,5967521,3316091d8ffb61754f489995004c228100be73f36bee984fbf6da0c61c0ba8d6,eda741fb3ca503581d627f98938bfcce,"Wed, 20 Jul 2022 21:19:41 GMT"
S3A_OL_2_WFR____20220720T061604_20220720T061904_20220721T184759_0179_087_362_2520_MAR_O_NT_003.SEN3,chl_oc4me.nc,3705953,81776341b863be8592ad40e8d2a391180c38796456fde905967842ad17e29411,ed3e1b713be8d1792fd630c370155eeb,"Thu, 21 Jul 2022 19:49:55 GMT"
S3A_OL_2_WFR____20220720T061604_20220720T061904_20220721T184759_0179_087_362_2520_MAR_O_NT_003.SEN3,geo_coordinates.nc,59760348,6d4b141dd0c3b86b303cd53a1b97d1da8831dfeb84cd9820c68a99b6638a6a2b,d38529a79bffa9ac5ac8b5891c7d540d-8,"Thu, 21 Jul 2022 19:49:54 GMT"
S3A_OL_2_WFR____20220720T061604_20220720T061904_20220721T184759_0179_087_362_2520_MAR_O_NT_003.SEN3,tie_geo_coordinates.nc,1137108,78bd2cc15d9f2957dc39b9ec77040501378b3f087fccb5509c5b6710f328c4f2,36e8676a9f79b0f9fa014e2552a6dd3a,"Thu, 21 Jul 2022 19:49:54 GMT"
S3A_OL_2_WFR____20220720T061604_20220720T061904_20220721T184759_0179_087_362_2520_MAR_O_NT_003.SEN3,wqsf.nc,6378761,5cdb8a30e046b628927c39d991a5c94159dd446e010c398177d7372fab9feeac,5585c055f3fab108c7b96216996546d3,"Thu, 21 Jul 2022 19:49:54 GMT"
S3A_OL_2_WFR____20220721T054953_20220721T055253_20220722T183545_0179_087_376_2520_MAR_O_NT_003.SEN3,chl_oc4me.nc,2453295,6aea79bf945af107be9564656e73af28b69cd5bffb1742ab4cfdddb7f55a201e,95cc6f440d15bf48f1d250801ee8a59c,"Fri, 22 Jul 2022 19:41:22 GMT"
S3A_OL_2_WFR____20220721T054953_20220721T055253_20220722T183545_0179_087_376_2520_MAR_O_NT_003.SEN3,geo_coordinates.nc,57835104,debb2e00f412beef9f87facf4e56a0f4705e5dbd53635135d06b446bd1ba80e4,5cc10058c5b652881adb12c783ced599-7,"Fri, 22 Jul 2022 19:41:22 GMT"
S3A_OL_2_WFR____20220721T054953_20220721T055253_20220722T183545_0179_087_376_2520_MAR_O_NT_003.SEN3,tie_geo_coordinates.nc,1135748,b7609be1244f880aa3fd04e3fca8f97ff337c5bd472c84162c642c3cbc0defb4,bf26d2fe2b885c6253411ed440b105d3,"Fri, 22 Jul 2022 19:41:21 GMT"
S3A_OL_2_WFR____20220721T054953_20220721T055253_20220722T183545_0179_087_376_2520_MAR_O_NT_003.SEN3,wqsf.nc,5463551,9199d57d5702bc00a6d527513a9c0a441aa0d73402d42ece5f04768ca041569f,09fa4512edd3661fe17051a76a7405a6,"Fri, 22 Jul 2022 19:41:21 GMT"
S3A_OL_2_WFR____20220723T063830_20220723T064130_20220724T182422_0179_088_020_2520_MAR_O_NT_003.SEN3,chl_oc4me.nc,4319801,39973c33132cf79ba571d69a0b6a74b8873214bc8aa78df4407b32269ae16a63,9e9aa6ca332a19fd8cb7891d869d119b,"Sun, 24 Jul 2022 21:39:37 GMT"
S3A_OL_2_WFR____20220723T063830_20220723T064130_20220724T182422_0179_088_020_2520_MAR_O_NT_003.SEN3,geo_coordinates.nc,59889607,22c8d7c4a78a9a2235165c8a29a5fcde5a664dfeda32cb5de9382fe83dbe3d6c,479793ccfbc810d81c62e8771f312cce-8,"Sun, 24 Jul 2022 21:39:36 GMT"
S3A_OL_2_WFR____20220723T063830_20220723T064130_20220724T182422_0179_088_020_2520_MAR_O_NT_003.SEN3,tie_geo_coordinates.nc,1138883,77df4740c918746012125fad4538f50f12727994de2642b28f8585d852695a73,2f6d66a959b3914be18d7db8508d50fe,"Sun, 24 Jul 2022 21:39:35 GMT"
S3A_OL_2_WFR____20220723T063830_20220723T064130_20220724T182422_0179_088_020_2520_MAR_O_NT_003.SEN3,wqsf.nc,5268951,084c6b26483afa69fdd6dda171222c603e73232e8634c8b7de75c3e6e556b342,13bceaf34165ee2dd980b2923cc23a66,"Sun, 24 Jul 2022 21:39:36 GMT"
S3A_OL_2_WFR____20220724T061219_20220724T061519_20220725T163347_0179_088_034_2520_MAR_O_NT_003.SEN3,chl_oc4me.nc,3349103,57b241b9e1626aafb1c2c86473b7a21e69c6de02d3c68f567600c9e0ffbe1fd1,19a73b5315f7cd59d9990f404d7201a9,"Mon, 25 Jul 2022 17:19:38 GMT"
S3A_OL_2_WFR____20220724T061219_20220724T061519_20220725T163347_0179_088_034_2520_MAR_O_NT_003.SEN3,geo_coordinates.nc,59503749,ffcaba7b214e16f3edf8f906d8728fbdfa5d6972471ad3ce7ddb6ce0c0ae57c4,0a6ad0d4a35ff6ea7fb7cf25a5bf4f48-8,"Mon, 25 Jul 2022 17:19:37 GMT"
S3A_OL_2_WFR____20220724T061219_20220724T061519_20220725T163347_0179_088_034_2520_MAR_O_NT_003.SEN3,tie_geo_coordinates.nc,1134249,f0ba8e6c9f42043008b09cad212f11db7cbf24b0516474128d9d75d5bd43ba14,4daadec9d8c2453ad54bae26cc56532e,"Mon, 25 Jul 2022 17:19:37 GMT"
S3A_OL_2_WFR____20220724T061219_20220724T061519_20220725T163347_0179_088_034_2520_MAR_O_NT_003.SEN3,wqsf.nc,6319081,2bfdb9058b2d43143ba16fb47d1bb20a28a0cd8b5235019bcdc4cb1263092787,07b22476d164b03f929e8f06065b3178,"Mon, 25 Jul 2022 17:19:37 GMT"
S3A_OL_2_WFR____20220725T054608_20220725T054908_20220726T184439_0179_088_048_2520_MAR_O_NT_003.SEN3,chl_oc4me.nc,574074,34e48cfbd733d50fb38cb940d9ed120e3ff1481e1ab05157f53884c6c395241b,e09f66da08394db362206721b28903ef,"Wed, 27 Jul 2022 01:07:56 GMT"
S3A_OL_2_WFR____20220725T054608_20220725T054908_20220726T184439_0179_088_048_2520_MAR_O_NT_003.SEN3,geo_coordinates.nc,57547568,1f29d5705f269e8a27c02e72eea23f3d685e1f35c807d03cf399470636698419,fdf8fec7f1ef9c3a674479c2d1c09309-7,"Wed, 27 Jul 2022 01:07:56 GMT"
S3A_OL_2_WFR____20220725T054608_20220725T054908_20220726T184439_0179_088_048_2520_MAR_O_NT_003.SEN3,tie_geo_coordinates.nc,1139791,484f7b86771ccc570fe14cdd85e225a530e74ec8a3590408149c191b3f110c2a,c3d72c543c959db07eed3af25b2d0444,"Wed, 27 Jul 2022 01:07:56 GMT"
S3A_OL_2_WFR____20220725T054608_20220725T054908_20220726T184439_0179_088_048_2520_MAR_O_NT_003.SEN3,wqsf.nc,3219608,71564b84b12dd3d7512375be7cbc2107a6d3d55ba09a25097268885fe14031a0,2ccef8802272db7ceca3ebe98a264d49,"Wed, 27 Jul 2022 01:07:56 GMT"
S3A_OL_2_WFR____20220727T063446_20220727T063746_20220728T183852_0180_088_077_2520_MAR_O_NT_003.SEN3,chl_oc4me.nc,833186,5df9df240f8aa97b4cab2724e4cb5e4f1b896c7956ea6744b22fdc94b3486783,f4e4b2d50072cdce299f45117e2a9bdb,"Thu, 28 Jul 2022 19:24:16 GMT"
S3A_OL_2_WFR____20220727T063446_20220727T063746_20220728T183852_0180_088_077_2520_MAR_O_NT_003.SEN3,geo_coordinates.nc,60027959,822f7bc934f5f664ea6c93b335d51cca7bb87849c121d684d31471af72ea2e36,3a138f035e385dda897a3edca2415b2b-8,"Thu, 28 Jul 2022 19:24:16 GMT"
S3A_OL_2_WFR____20220727T063446_20220727T063746_20220728T183852_0180_088_077_2520_MAR_O_NT_003.SEN3,tie_geo_coordinates.nc,1142667,40cdd4fe8d7f34dce535aa62a6c20e22ebc13e6bd44a64c1684f4fe4d74b62f0,25003bcf4fda88f04163a7077773c367,"Thu, 28 Jul 2022 19:24:15 GMT"
S3A_OL_2_WFR____20220727T063446_20220727T063746_20220728T183852_0180_088_077_2520_MAR_O_NT_003.SEN3,wqsf.nc,3723040,01b24c0859c4fde64901b63f0331157588faf79c41da003f4cac3bf23b1c9eb3,979d12f1b903a3cc4d01eba432739294,"Thu, 28 Jul 2022 19:24:16 GMT"
S3A_OL_2_WFR____20220728T060835_20220728T061135_20220729T174958_0179_088_091_2520_MAR_O_NT_003.SEN3,chl_oc4me.nc,4124932,45a8c0cdfa8ab7b73fcd92c1b663400413427152d448d44bdcb5329989a07514,61e29f4585c1a4477d78ba3c23c8e56d,"Fri, 29 Jul 2022 20:09:24 GMT"
S3A_OL_2_WFR____20220728T060835_20220728T061135_20220729T174958_0179_088_091_2520_MAR_O_NT_003.SEN3,geo_coordinates.nc,59274011,4da63e323842c6efd40702c334425ce108bee74566ff4f8be9b48fbf2f7db19c,7f94aad8c082a92726e6a28e4427b42e-8,"Fri, 29 Jul 2022 20:09:24 GMT"
S3A_OL_2_WFR____20220728T060835_20220728T061135_20220729T174958_0179_088_091_2520_MAR_O_NT_003.SEN3,tie_geo_coordinates.nc,1128478,2b6b0792711faf9b9f26b9f627a3148b4c1aa48691a78c4bf7d4ed8ab5318460,1925616e1ee90faad2d59f94ce15045f,"Fri, 29 Jul 2022 20:09:23 GMT"
S3A_OL_2_WFR____20220728T060835_20220728T061135_20220729T174958_0179_088_091_2520_MAR_O_NT_003.SEN3,wqsf.nc,7607313,ebea83a80ba25991c3ab53da6cc3b8843de51fa379aa0aae07f65e9bb5fd1225,a66d2649445d199608118a1cad5586d5,"Fri, 29 Jul 2022 20:09:24 GMT"
S3A_OL_2_WFR____20220729T054224_20220729T054524_20220730T181001_0179_088_105_2520_MAR_O_NT_003.SEN3,chl_oc4me.nc,7163480,7edae1ecd768d967de840c6be2545333db29b0526f43132e86ec8977c52c95f5,e45f1e805b0a80f153f879414eeaf91e,"Sat, 30 Jul 2022 19:57:44 GMT"
S3A_OL_2_WFR____20220729T054224_20220729T054524_20220730T181001_0179_088_105_2520_MAR_O_NT_003.SEN3,geo_coordinates.nc,57385865,de831edd2aaf9676949317a34bb90f7651cae8af72f8490994a1ae32cb034e87,67636be758d4027d429015eb113cf729-7,"Sat, 30 Jul 2022 19:57:43 GMT"
S3A_OL_2_WFR____20220729T054224_20220729T054524_20220730T181001_0179_088_105_2520_MAR_O_NT_003.SEN3,tie_geo_coordinates.nc,1136343,9b484be9f16087ba78764d1167648cffd1a07ff3619d88764814dc3748aa1b14,9b5aafd66604bac7b4f45f2d8137808d,"Sat, 30 Jul 2022 19:57:42 GMT"
S3A_OL_2_WFR____20220729T054224_20220729T054524_20220730T181001_0179_088_105_2520_MAR_O_NT_003.SEN3,wqsf.nc,10874446,fdd8ee1bfe4df07495c1494b721678803b854a9c0504fca3ba7a1156ab578787,f5f7077d9acb94cb11b23bb508a0708b-2,"Sat, 30 Jul 2022 19:57:42 GMT"
S3A_OL_2_WFR____20220730T065712_20220730T070012_20220731T181612_0179_088_120_2520_MAR_O_NT_003.SEN3,tie_geo_coordinates.nc,1133168,3505951fdfc8ef13052b6f9e71e4521df06aac00089c304529911f06cf6dc0e4,542f5f9d4e2ca753ddae06889942ce8b,"Sun, 31 Jul 2022 23:12:52 GMT"
S3A_OL_2_WFR____20220731T063101_20220731T063401_20220801T182307_0179_088_134_2520_MAR_O_NT_003.SEN3,chl_oc4me.nc,3165861,9ea8b5ccb1fd4621fe02a41485d7eae2b2c090bbf6e55a46ea134d7c936f5273,2a93e5cd41de88a987653ffdef956927,"Mon, 01 Aug 2022 19:31:10 GMT"
S3A_OL_2_WFR____20220731T063101_20220731T063401_20220801T182307_0179_088_134_2520_MAR_O_NT_003.SEN3,geo_coordinates.nc,60072646,d695ff6362b677dd60ab691fd1852d5bf6832a0ab04f51d4fe7cf51f35a61aa4,9d790ff15500a4be901f862afe30b893-8,"Mon, 01 Aug 2022 19:31:09 GMT"
S3A_OL_2_WFR____20220731T063101_20220731T063401_20220801T182307_0179_088_134_2520_MAR_O_NT_003.SEN3,tie_geo_coordinates.nc,1140936,de90477f2966743f1581e2583c2b37174c09f6e392ddbf4eb6b56bb48d1a41c2,277b2ec7ed5c129da85bfa62d38f2e97,"Mon, 01 Aug 2022 19:31:09 GMT"
S3A_OL_2_WFR____20220731T063101_20220731T063401_20220801T182307_0179_088_134_2520_MAR_O_NT_003.SEN3,wqsf.nc,5052529,52db1a7feee21e0159e745dd7fcc67bcd8d38bc379813016c5d53c58f15276db,94ebbdaf181ce048b71c064413a32ff9,"Mon, 01 Aug 2022 19:31:09 GMT"
S3A_OL_2_WFR____20220801T060450_20220801T060750_20220802T201133_0180_088_148_2520_MAR_O_NT_003.SEN3,chl_oc4me.nc,4887065,f5c5055e9669ce3361d9eacb619e190b0bccc1359e252ff1a8d0100e30fbd1bc,6d5caa902422846b98936bacf3cb1f20,"Tue, 02 Aug 2022 21:32:56 GMT"
S3A_OL_2_WFR____20220801T060450_20220801T060750_20220802T201133_0180_088_148_2520_MAR_O_NT_003.SEN3,geo_coordinates.nc,59110123,36dd2340c78f632848a700cb54d462c6a772951a8e867ca1c80db2962f16641d,9534ca692f12032e2442e6df7008d767-8,"Tue, 02 Aug 2022 21:32:55 GMT"
S3A_OL_2_WFR____20220801T060450_20220801T060750_20220802T201133_0180_088_148_2520_MAR_O_NT_003.SEN3,tie_geo_coordinates.nc,1140224,bddb7f3cfd3b427a9111b782238e3db8a18048e8ea18d53c9b3e0dc57ac6a8f1,65edd07386068247163f6d88062cd2ce,"Tue, 02 Aug 2022 21:32:55 GMT"
S3A_OL_2_WFR____20220801T060450_20220801T060750_20220802T201133_0180_088_148_2520_MAR_O_NT_003.SEN3,wqsf.nc,8477222,f3fef33c8b2b3da23b5441ad9d3f3afa3e161fbddad60244ee8c863b5ee8352f,45a9d90590b3fd3bd47d182b4915c0a3-2,"Tue, 02 Aug 2022 21:32:55 GMT"
S3A_OL_2_WFR____20220802T053839_20220802T054139_20220803T184010_0179_088_162_2520_MAR_O_NT_003.SEN3,chl_oc4me.nc,2826174,1c265aa9ba96251e6717142a1ee48544eb5cca240cfff676053a1d9b30dc2aa1,0b5ad5569996f71fa1d5663ef4044080,"Wed, 03 Aug 2022 23:30:51 GMT"
S3A_OL_2_WFR____20220802T053839_20220802T054139_20220803T184010_0179_088_162_2520_MAR_O_NT_003.SEN3,geo_coordinates.nc,57187637,45f9ced3fbdbee6a24c42b7260f540db7f3a3efbe7d3a4241216d27d868886ae,0ef94742c0faa4749c19ab4284c16d07-7,"Wed, 03 Aug 2022 23:30:51 GMT"
S3A_OL_2_WFR____20220802T053839_20220802T054139_20220803T184010_0179_088_162_2520_MAR_O_NT_003.SEN3,tie_geo_coordinates.nc,1135570,e5d9dd95b120db91d24444f66190289a2354e144defab385b16e51cbeb163126,8a3a23b22dff31a8efd2733c9630cb7f,"Wed, 03 Aug 2022 23:30:50 GMT"
S3A_OL_2_WFR____20220802T053839_20220802T054139_20220803T184010_0179_088_162_2520_MAR_O_NT_003.SEN3,wqsf.nc,5782464,ab59a2c519407502541842089995f1fa8e6b6a34b6df7eda71585bce02327e00,fe0356d07be676f8f29f62011a2ee9c9,"Wed, 03 Aug 2022 23:30:51 GMT"
S3A_OL_2_WFR____20220803T065328_20220803T065628_20220804T190811_0179_088_177_2520_MAR_O_NT_003.SEN3,chl_oc4me.nc,2796280,eb6f0acb27b30de4dc4f08831748f08290af929127c0671bb64909deab4f4c22,d8fcd529b448ba96be82dbb2f2ec8ac8,"Thu, 04 Aug 2022 20:01:08 GMT"
S3A_OL_2_WFR____20220803T065328_20220803T065628_20220804T190811_0179_088_177_2520_MAR_O_NT_003.SEN3,geo_coordinates.nc,59244884,d2b9be6bb31fd2cda0baf905412a996113102f116e7bd9c570f695b074b4a3d8,85c4d69549b6a3c39638decc397d5d79-8,"Thu, 04 Aug 2022 20:01:07 GMT"
S3A_OL_2_WFR____20220803T065328_20220803T065628_20220804T190811_0179_088_177_2520_MAR_O_NT_003.SEN3,tie_geo_coordinates.nc,1141116,e4664d918602340467edbea21ad2c69fdb7e14cc0a4fcdd60ca12cfec3a4e9d5,4fb50d306399218b3393c424250b2286,"Thu, 04 Aug 2022 20:01:07 GMT"
S3A_OL_2_WFR____20220803T065328_20220803T065628_20220804T190811_0179_088_177_2520_MAR_O_NT_003.SEN3,wqsf.nc,3295366,c51100b98487c08716521e44a979a3b3a63bbb0c7643ca5a2dd091421f11596c,d6df8d254a37b0822e6ca4193aae101a,"Thu, 04 Aug 2022 20:01:07 GMT"
S3A_OL_2_WFR____20220804T062717_20220804T063017_20220805T174127_0179_088_191_2520_MAR_O_NT_003.SEN3,chl_oc4me.nc,4962656,be5cb72e91b0bcbf9f4820035d672a43c09f8ec9d4a28a9a941455ea24d6b084,8132ed27471d26c4854899775c022b93,"Fri, 05 Aug 2022 20:02:10 GMT"
S3A_OL_2_WFR____20220804T062717_20220804T063017_20220805T174127_0179_088_191_2520_MAR_O_NT_003.SEN3,geo_coordinates.nc,60131651,574da3b95f70a3ec67806cdce98ef486a9f2587264b435df40dc0ef98f016492,8905c0c975d3b81c9a791a8f690e7cca-8,"Fri, 05 Aug 2022 20:02:09 GMT"
S3A_OL_2_WFR____20220804T062717_20220804T063017_20220805T174127_0179_088_191_2520_MAR_O_NT_003.SEN3,tie_geo_coordinates.nc,1140685,dd1e8af690059c77dfafa8a8401e134efef16c20a43846a8ce6c9db20151ba4c,cf2f8711843367454904b0b16fb06e07,"Fri, 05 Aug 2022 20:02:08 GMT"
S3A_OL_2_WFR____20220804T062717_20220804T063017_20220805T174127_0179_088_191_2520_MAR_O_NT_003.SEN3,wqsf.nc,5831270,cc49f04ab6a81a8b62618f97964cfb9a1c99e7e7334e6261b4e7b3673869a091,ba3c9a80f75a4acc6fa8af65e43299d2,"Fri, 05 Aug 2022 20:02:09 GMT"
S3A_OL_2_WFR____20220805T060106_20220805T060406_20220806T181422_0179_088_205_2520_MAR_O_NT_003.SEN3,chl_oc4me.nc,6792880,ecfa10733273add18a709dc943ccbb3207118dbb030fe47f39e9957c1fb5d3f9,c82059ec65fab1e84b02875d557cbbb2,"Sat, 06 Aug 2022 21:35:45 GMT"
S3A_OL_2_WFR____20220805T060106_20220805T060406_20220806T181422_0179_088_205_2520_MAR_O_NT_003.SEN3,geo_coordinates.nc,58910427,76a2eee6458f607ea22ce0f8354d506c9f9e5ea0557552b1273e1051cb45b60d,d01322b9e0777f2b52fe6850bc281de0-8,"Sat, 06 Aug 2022 21:35:44 GMT"
S3A_OL_2_WFR____20220805T060106_20220805T060406_20220806T181422_0179_088_205_2520_MAR_O_NT_003.SEN3,tie_geo_coordinates.nc,1131790,d1bacd47cc05d8a13bdbc47f1225b23d69a6feda7f720b75f623540c062688f0,dadd1cbbab6dc489f60d34d6f69ecb54,"Sat, 06 Aug 2022 21:35:43 GMT"
S3A_OL_2_WFR____20220805T060106_20220805T060406_20220806T181422_0179_088_205_2520_MAR_O_NT_003.SEN3,wqsf.nc,9117523,8d036f2be82421689cb4f9e1ea465a966b00806014b196235263b59be3901c05,a7e6e7198678d5dc5e76a96f0cf47685-2,"Sat, 06 Aug 2022 21:35:43 GMT"
S3A_OL_2_WFR____20220807T064943_20220807T065243_20220808T181148_0179_088_234_2520_MAR_O_NT_003.SEN3,chl_oc4me.nc,3596005,e4c44375e73ba142eff13e1494af821f25f8d4b541d909cedda584abcb31f885,d8da4aea47988cba4f74b83f979e97fc,"Mon, 08 Aug 2022 19:24:31 GMT"
S3A_OL_2_WFR____20220807T064943_20220807T065243_20220808T181148_0179_088_234_2520_MAR_O_NT_003.SEN3,geo_coordinates.nc,59288211,2ae4b4593dd953db48418590ac06bb3d8cc61fa50a36f28080982bd411c06eeb,f254f06785034beb71ed918e71a8fb81-8,"Mon, 08 Aug 2022 19:24:30 GMT"
S3A_OL_2_WFR____20220807T064943_20220807T065243_20220808T181148_0179_088_234_2520_MAR_O_NT_003.SEN3,tie_geo_coordinates.nc,1140918,6ad6e6e86e137b81f74359a483b45832ab9fb8d8a723c442b68dc2ecc96ac31a,b6f0ac3966042b215673c010755963ac,"Mon, 08 Aug 2022 19:24:30 GMT"
S3A_OL_2_WFR____20220807T064943_20220807T065243_20220808T181148_0179_088_234_2520_MAR_O_NT_003.SEN3,wqsf.nc,4415664,013c67c6d268475807afc117ebf995ceaf80ee72f209c89fcbeb0f65baf7c5d2,8aa3922b95b00ee74711afa3e93ec64d,"Mon, 08 Aug 2022 19:24:31 GMT"
S3A_OL_2_WFR____20220808T062332_20220808T062632_20220809T194247_0179_088_248_2520_MAR_O_NT_003.SEN3,chl_oc4me.nc,4968289,d640ea7075398d9ae5a8b31b447056ead3051cf394d519fceafc766ffa55e2d6,efb514579768b40ccb1bc9b7bc7085cc,"Tue, 09 Aug 2022 20:41:19 GMT"
S3A_OL_2_WFR____20220808T062332_20220808T062632_20220809T194247_0179_088_248_2520_MAR_O_NT_003.SEN3,geo_coordinates.nc,60096386,b885b80a4c62f9f959ef8174894c57bdf0a458465739424cf5e5910803a323c5,42abfd327d59580d35f7799d639caa3e-8,"Tue, 09 Aug 2022 20:41:18 GMT"
S3A_OL_2_WFR____20220808T062332_20220808T062632_20220809T194247_0179_088_248_2520_MAR_O_NT_003.SEN3,tie_geo_coordinates.nc,1136896,d48dd141bce99e37fd4b7059b603f6d833d7b82e0559b8a7bd468004ddf456ce,a9cb9bdae58832b26a0b99603590032f,"Tue, 09 Aug 2022 20:41:18 GMT"
S3A_OL_2_WFR____20220808T062332_20220808T062632_20220809T194247_0179_088_248_2520_MAR_O_NT_003.SEN3,wqsf.nc,5300142,29f33d6366f8ec975ebc33ec88d7d5baa23010f7844f661bcbd8161de859d7f4,11079bd2d08c882a5ac50fb0476b16d3,"Tue, 09 Aug 2022 20:41:18 GMT"
S3A_OL_2_WFR____20220809T055721_20220809T060021_20220810T184507_0179_088_262_2520_MAR_O_NT_003.SEN3,chl_oc4me.nc,2463860,33804d527a2a39447c40af2c24e6407bc050505063a11aac561c75e245469623,e2cefd4b4733c8c966af3d0aa2a7768b,"Wed, 10 Aug 2022 20:19:43 GMT"
S3A_OL_2_WFR____20220809T055721_20220809T060021_20220810T184507_0179_088_262_2520_MAR_O_NT_003.SEN3,geo_coordinates.nc,58660994,9d255d04cb07f13d9c94b0cfa2dac9e73f870479beb763eef9a810b486683e71,feef1cb79e99ce1fe7f994660f9ee4e8-7,"Wed, 10 Aug 2022 20:19:42 GMT"
S3A_OL_2_WFR____20220809T055721_20220809T060021_20220810T184507_0179_088_262_2520_MAR_O_NT_003.SEN3,tie_geo_coordinates.nc,1138368,df6fbb736452dbbb0ea1c754653c83da7d3ec7b657c6472dd7ba48be63f1afd4,e945f64da21026d7707d8447b0190adf,"Wed, 10 Aug 2022 20:19:41 GMT"
S3A_OL_2_WFR____20220809T055721_20220809T060021_20220810T184507_0179_088_262_2520_MAR_O_NT_003.SEN3,wqsf.nc,5269449,700803166a4c16a3c2022c55bbe3f276d97e57c7a0928c5e3013075e417ef3fa,f0eb52dfed5cb0e69d8f7ec6f0e55ed6,"Wed, 10 Aug 2022 20:19:42 GMT"
S3A_OL_2_WFR____20220811T064558_20220811T064858_20220812T191125_0179_088_291_2520_MAR_O_NT_003.SEN3,chl_oc4me.nc,3747928,5e155c47a7ea7f999dded68c29e186272e1bcfd4564fcaf2ddd9ae08666ec80c,9489786295d85a1568b5aa4fa69c85a5,"Sat, 13 Aug 2022 01:57:44 GMT"
S3A_OL_2_WFR____20220811T064558_20220811T064858_20220812T191125_0179_088_291_2520_MAR_O_NT_003.SEN3,geo_coordinates.nc,59524893,06e5815f9da3766ec15e73d8d99c06cf70080be7ebbcfc5335804bf8301a6a00,be9f2ea54824697f4046a97b1449f2c1-8,"Sat, 13 Aug 2022 01:57:44 GMT"
S3A_OL_2_WFR____20220811T064558_20220811T064858_20220812T191125_0179_088_291_2520_MAR_O_NT_003.SEN3,tie_geo_coordinates.nc,1141070,46c6df77c766a2a1cf91cd9e0f902cae23b99871915dd751da488f2efd556fd3,a4f6cadcc473b19a5ebe3407de1685b4,"Sat, 13 Aug 2022 01:57:43 GMT"
S3A_OL_2_WFR____20220811T064558_20220811T064858_20220812T191125_0179_088_291_2520_MAR_O_NT_003.SEN3,wqsf.nc,4930745,12c4e5025f6d33a65166b8b74dbbe2d0fd35277645aa78f98af63af14fdd2647,e0244e1daa60652bf09b059771875757,"Sat, 13 Aug 2022 01:57:43 GMT"
S3A_OL_2_WFR____20220812T061947_20220812T062247_20220813T174518_0180_088_305_2520_MAR_O_NT_003.SEN3,chl_oc4me.nc,2883971,c3736ef6761f4d282ea7a630d19d3a08537847bded392a40c5ee1eafb84fc104,4193aaba51d1d8c2faccda2f04c7d8f9,"Sat, 13 Aug 2022 18:40:23 GMT"
S3A_OL_2_WFR____20220812T061947_20220812T062247_20220813T174518_0180_088_305_2520_MAR_O_NT_003.SEN3,geo_coordinates.nc,59945105,14be5cfd963967f583803aba14e6a988028408bde8777503f9471c281acc939d,6a9ff9f01f951798cf3348b53a58264b-8,"Sat, 13 Aug 2022 18:40:22 GMT"
S3A_OL_2_WFR____20220812T061947_20220812T062247_20220813T174518_0180_088_305_2520_MAR_O_NT_003.SEN3,tie_geo_coordinates.nc,1134915,7cfde9681722992d2fd0d980eb09ed31252b07438f7422c1782fd5d4ce9f0180,bf2133b6778887bf8097d56170804f4a,"Sat, 13 Aug 2022 18:40:21 GMT"
S3A_OL_2_WFR____20220812T061947_20220812T062247_20220813T174518_0180_088_305_2520_MAR_O_NT_003.SEN3,wqsf.nc,4859362,9a4bcd213f4e155d669313eb491185bd14eff45bfe7bfaba46339f8d7f4ed268,3edd463f2e7c4c11d08bf72e45a1b636,"Sat, 13 Aug 2022 18:40:21 GMT"
S3A_OL_2_WFR____20220813T055336_20220813T055636_20220814T180242_0179_088_319_2520_MAR_O_NT_003.SEN3,chl_oc4me.nc,1366826,9872374a4a10482103a1791e075b7e22c3e9927226b39b9fd569765a0f6c1c8b,2ad59262043ce76dfc505d00ee877ac2,"Sun, 14 Aug 2022 19:43:25 GMT"
S3A_OL_2_WFR____20220813T055336_20220813T055636_20220814T180242_0179_088_319_2520_MAR_O_NT_003.SEN3,geo_coordinates.nc,58318719,207db434a810038be128da0ef175c4736f0803f5099ca6bd6fc03dab15ba4da2,e6d6a2cf872cc9034501bb188b2a477d-7,"Sun, 14 Aug 2022 19:43:25 GMT"
S3A_OL_2_WFR____20220813T055336_20220813T055636_20220814T180242_0179_088_319_2520_MAR_O_NT_003.SEN3,tie_geo_coordinates.nc,1132368,62fd1e08087238b39740d988d63da91f766218aecbeeeca755b1a2b366320aee,32ead1f17e4f840e1a50bd7b4a3d1407,"Sun, 14 Aug 2022 19:43:24 GMT"
S3A_OL_2_WFR____20220813T055336_20220813T055636_20220814T180242_0179_088_319_2520_MAR_O_NT_003.SEN3,wqsf.nc,3904394,9916d80b92dd73e74fd83b8ce60c720477822f294dd4c524594727ef1e83f867,f8617df92970ebbb7055dc2776538586,"Sun, 14 Aug 2022 19:43:24 GMT"
S3A_OL_2_WFR____20220815T064213_20220815T064513_20220816T193549_0179_088_348_2520_MAR_O_NT_003.SEN3,chl_oc4me.nc,4047782,101df984ba2edd39e6475dd15dc5543212296e3a9badfa9829a70315178fea49,65f245ff3a59a2b5bef86e9fe103fb10,"Wed, 17 Aug 2022 13:43:00 GMT"
S3A_OL_2_WFR____20220815T064213_20220815T064513_20220816T193549_0179_088_348_2520_MAR_O_NT_003.SEN3,geo_coordinates.nc,59654175,d5527792f428c03249a3568ca298c4d421fceaeb479eb6f495ad66531dec71fb,50abf8406f5c5d058ec8a484ff9673bc-8,"Wed, 17 Aug 2022 13:43:00 GMT"
S3A_OL_2_WFR____20220815T064213_20220815T064513_20220816T193549_0179_088_348_2520_MAR_O_NT_003.SEN3,tie_geo_coordinates.nc,1142207,d75849e9657ea0ccf2a9728ad4d0a982a6cf436e8a4e3bbe0a452d63a33fe2dd,f310193b515faceecdc9f81bef7a7ea7,"Wed, 17 Aug 2022 13:42:59 GMT"
S3A_OL_2_WFR____20220815T064213_20220815T064513_20220816T193549_0179_088_348_2520_MAR_O_NT_003.SEN3,wqsf.nc,4865873,8facc434b0b62fb7fc1eaef6b85616e04f2e593606a276e2efd390f0c60f61ce,d0613340b649c60b492b2fe21b798eaa,"Wed, 17 Aug 2022 13:42:59 GMT"
S3A_OL_2_WFR____20220816T061602_20220816T061902_20220817T192031_0180_088_362_2520_MAR_O_NT_003.SEN3,chl_oc4me.nc,2315576,8d9a1c918af6430ee461464d4d5ce256d16781bc2bfc72301c3026dc274c39e7,bdf7b00aea9f6133bd14ab77a5ba235b,"Wed, 17 Aug 2022 20:13:19 GMT"
S3A_OL_2_WFR____20220816T061602_20220816T061902_20220817T192031_0180_088_362_2520_MAR_O_NT_003.SEN3,geo_coordinates.nc,59754086,4a94b9941486d230112fedf5643c9138f983b0ae69500c0579d9bee86a9b0168,ffcb34d6f89454a2d2a1e9844af0141c-8,"Wed, 17 Aug 2022 20:13:19 GMT"
S3A_OL_2_WFR____20220816T061602_20220816T061902_20220817T192031_0180_088_362_2520_MAR_O_NT_003.SEN3,tie_geo_coordinates.nc,1133995,edf9cbdbd3c3cb816bbd042c7494ad715ab57a34b473e3bbf196cda5eec600b3,3c73ca00718b78b7df296ad68c0f55bc,"Wed, 17 Aug 2022 20:13:18 GMT"
S3A_OL_2_WFR____20220816T061602_20220816T061902_20220817T192031_0180_088_362_2520_MAR_O_NT_003.SEN3,wqsf.nc,5176041,e8bcb602c58b0f513c873213e94aee374ce4bdadc4b306f7d91304d9145bfc36,967f51a5726447947ac711b93fc26556,"Wed, 17 Aug 2022 20:13:18 GMT"
S3A_OL_2_WFR____20220817T054951_20220817T055251_20220818T175607_0179_088_376_2520_MAR_O_NT_003.SEN3,chl_oc4me.nc,546169,8c24ae4f7a191dc2fbfb8ad6f0722f5495e057dcb7d99e0ed57001d07870e8ea,a32ab125d1ad60c4bca38f626787dacf,"Thu, 18 Aug 2022 18:57:06 GMT"
S3A_OL_2_WFR____20220817T054951_20220817T055251_20220818T175607_0179_088_376_2520_MAR_O_NT_003.SEN3,geo_coordinates.nc,57829457,4cac414cf955ea03eb2b910df7e407f31bc563cbf1551b9c9d6b4e49cd65d478,c925c2143dce131896b6ac16db83f8ab-7,"Thu, 18 Aug 2022 18:57:06 GMT"
S3A_OL_2_WFR____20220817T054951_20220817T055251_20220818T175607_0179_088_376_2520_MAR_O_NT_003.SEN3,tie_geo_coordinates.nc,1134189,6554f79bf17803f2b147e81a503223bfbadcb930ac6cf6739399ccfa0dc67185,436c304cd5138ac80030e6bdbd2ca6c7,"Thu, 18 Aug 2022 18:57:05 GMT"
S3A_OL_2_WFR____20220817T054951_20220817T055251_20220818T175607_0179_088_376_2520_MAR_O_NT_003.SEN3,wqsf.nc,2528359,a346d69ee5a91df281c31025f0f05138cf0fda4e4a2a5ea48dbd24796a5b6d36,4b9833adeb9ca9dc4b9eaa18dfc32b04,"Thu, 18 Aug 2022 18:57:05 GMT"
S3A_OL_2_WFR____20220819T063828_20220819T064128_20220820T183846_0179_089_020_2520_MAR_O_NT_003.SEN3,chl_oc4me.nc,4776790,5dd09e4bf82a8c4d11a9dd258257155548feec8cfcea4284dec58c4f400bca51,6333398d54b275c981f6d8982ef14492,"Sat, 20 Aug 2022 23:48:33 GMT"
S3A_OL_2_WFR____20220819T063828_20220819T064128_20220820T183846_0179_089_020_2520_MAR_O_NT_003.SEN3,geo_coordinates.nc,59892393,8b563a860615fb70350769fa1acb2da77b62921bddb5e4939de41d2c7b3a8bc0,d5ac590a3ca7aaed7683f1269459832e-8,"Sat, 20 Aug 2022 23:48:32 GMT"
S3A_OL_2_WFR____20220819T063828_20220819T064128_20220820T183846_0179_089_020_2520_MAR_O_NT_003.SEN3,tie_geo_coordinates.nc,1133490,3de882c82186534aefbbee370258d49f9dae9b48dfb05473abdd3f8e838226a7,8feb3279d0ebbbd9c4422bf9fce20818,"Sat, 20 Aug 2022 23:48:32 GMT"
S3A_OL_2_WFR____20220819T063828_20220819T064128_20220820T183846_0179_089_020_2520_MAR_O_NT_003.SEN3,wqsf.nc,5105960,7ee75b4cd371d559cec8f78dde8751c2071dd79a5e1c881ff8063751502788b7,c988e893adb01f011642824811aa196e,"Sat, 20 Aug 2022 23:48:32 GMT"
S3A_OL_2_WFR____20220820T061216_20220820T061516_20220821T183549_0179_089_034_2520_MAR_O_NT_003.SEN3,chl_oc4me.nc,5134414,6a0cce9e945c3c149da237f4b2dc946dbbab4813357e6fc04cc13c28dd58c022,9f6a19800eefbec9fbc3461bd36a5f1c,"Mon, 22 Aug 2022 00:26:15 GMT"
S3A_OL_2_WFR____20220820T061216_20220820T061516_20220821T183549_0179_089_034_2520_MAR_O_NT_003.SEN3,geo_coordinates.nc,59496263,8499ebf694eca252e13669ef8165c7d0e5dee3d97ae471dda728533514631dbf,1aa0ba7f4ea289055d01d0e09545e78f-8,"Mon, 22 Aug 2022 00:26:14 GMT"
S3A_OL_2_WFR____20220820T061216_20220820T061516_20220821T183549_0179_089_034_2520_MAR_O_NT_003.SEN3,tie_geo_coordinates.nc,1138018,efd03048ad7d192bb70b7436fe78cc7b22f898fc5f6473a4bb3e82c1c780af56,78640a0b37ab7ed7745233c7cc4df146,"Mon, 22 Aug 2022 00:26:14 GMT"
S3A_OL_2_WFR____20220820T061216_20220820T061516_20220821T183549_0179_089_034_2520_MAR_O_NT_003.SEN3,wqsf.nc,6801474,e4aab8ac25615c6cb5b5aa6450dc8e0f574ab40b35b12b64b24e05c69274321d,3c37af24f70697e662d9fff0289b6560,"Mon, 22 Aug 2022 00:26:14 GMT"
S3A_OL_2_WFR____20220821T054605_20220821T054905_20220822T170609_0179_089_048_2520_MAR_O_NT_003.SEN3,chl_oc4me.nc,2159022,34080c00d365ef441dc43073555abe346015362836efb1ba44787c81afc1ca7b,5dcc72bdc91b2e9fd67469051185f612,"Mon, 22 Aug 2022 18:43:30 GMT"
S3A_OL_2_WFR____20220821T054605_20220821T054905_20220822T170609_0179_089_048_2520_MAR_O_NT_003.SEN3,geo_coordinates.nc,57545661,851e71d016eb9757004910405da7cede0e110b28fa098b5bbe2f4288fb0899ba,4161353e6464659a3570172638d152b3-7,"Mon, 22 Aug 2022 18:43:30 GMT"
S3A_OL_2_WFR____20220821T054605_20220821T054905_20220822T170609_0179_089_048_2520_MAR_O_NT_003.SEN3,tie_geo_coordinates.nc,1138952,1f033750a09f73a56a28dda808065576a03d0b642c275f7cfd7971d17a989a9f,60d4d0f2d1b297536f8c09d35320fb02,"Mon, 22 Aug 2022 18:43:29 GMT"
S3A_OL_2_WFR____20220821T054605_20220821T054905_20220822T170609_0179_089_048_2520_MAR_O_NT_003.SEN3,wqsf.nc,4189844,0055d79c7103ad27bcd0e1101c5a406f778d6e5cc5123c8c1e32f85ee860f155,70057c056773a498a84e6b7e2466a9de,"Mon, 22 Aug 2022 18:43:29 GMT"
S3A_OL_2_WFR____20220823T063442_20220823T063742_20220824T174856_0180_089_077_2520_MAR_O_NT_003.SEN3,chl_oc4me.nc,4830700,50a0b39f6d74e20ab2030abd969b442b9987080e61d917088eb2ae3c76d52f36,29090ba08de6bb5b1195196995c9ab87,"Wed, 24 Aug 2022 19:55:42 GMT"
S3A_OL_2_WFR____20220823T063442_20220823T063742_20220824T174856_0180_089_077_2520_MAR_O_NT_003.SEN3,geo_coordinates.nc,60043990,68136dcd4fd67b999eeda86bf0b2d03bcd9a8365a8567c249c4dbfb196026682,8c78093872b506a3e96c26498e1dec38-8,"Wed, 24 Aug 2022 19:55:41 GMT"
S3A_OL_2_WFR____20220823T063442_20220823T063742_20220824T174856_0180_089_077_2520_MAR_O_NT_003.SEN3,tie_geo_coordinates.nc,1138631,4d5d969d953ecd6518ecface9dd166cfecdb17b7bfe2b6b60c2c03c7da4d6475,ecb1178831b2c1a659a7fdec5158b345,"Wed, 24 Aug 2022 19:55:41 GMT"
S3A_OL_2_WFR____20220823T063442_20220823T063742_20220824T174856_0180_089_077_2520_MAR_O_NT_003.SEN3,wqsf.nc,5115860,39f9d2b92ad4304557c97774cf4bb78e8ac8c9dbf851d17217e01fbf4f30ae86,41bd284c1e40bf5baade0ece97ed8a98,"Wed, 24 Aug 2022 19:55:41 GMT"
S3A_OL_2_WFR____20220824T060831_20220824T061131_20220825T173352_0179_089_091_2520_MAR_O_NT_003.SEN3,chl_oc4me.nc,3271813,a6874eb394d8eeb174339cef90a0ea49702aa0b9dbdac610096ac24c7ea1a1c8,76a98d63f8dc0e2d3ee1209d186965af,"Thu, 25 Aug 2022 21:35:21 GMT"
S3A_OL_2_WFR____20220824T060831_20220824T061131_20220825T173352_0179_089_091_2520_MAR_O_NT_003.SEN3,geo_coordinates.nc,59270735,07fd487a3a44bc1650ba6eb67bb1e8e682749c2b355443c753109d484aa2070f,ba7a653aee2328d1f57dee325a5fe6c6-8,"Thu, 25 Aug 2022 21:35:20 GMT"
S3A_OL_2_WFR____20220824T060831_20220824T061131_20220825T173352_0179_089_091_2520_MAR_O_NT_003.SEN3,tie_geo_coordinates.nc,1134220,214fa35b685d0e6fd8006b06661f5d6a40323075489e97cfaf98f03e98a1609c,ffcb21c3df75b4f79c2f2297c5861f8d,"Thu, 25 Aug 2022 21:35:19 GMT"
S3A_OL_2_WFR____20220824T060831_20220824T061131_20220825T173352_0179_089_091_2520_MAR_O_NT_003.SEN3,wqsf.nc,5841228,0b574ff925e3ac1dfe2ebfbada4979b48c721eb9711487bd08d19c13ba64022d,f7ba273c9e9a44df7d3c553c8106919f,"Thu, 25 Aug 2022 21:35:20 GMT"
S3A_OL_2_WFR____20220825T054220_20220825T054520_20220826T174801_0179_089_105_2520_MAR_O_NT_003.SEN3,chl_oc4me.nc,2862855,3747f06d3b960c87a6a2dec55d3c595959c9e9f1b3c59bf11c754947c5ddff50,a7b876ee5b4e5e81d18f84815b6e8dee,"Fri, 26 Aug 2022 19:57:32 GMT"
S3A_OL_2_WFR____20220825T054220_20220825T054520_20220826T174801_0179_089_105_2520_MAR_O_NT_003.SEN3,geo_coordinates.nc,57370366,48088c36e4ef9753e2e28a51dc24a46473ad825a8c9b06f8a87463e04ae4cea5,4356783f5a65ccae0a37c68206687c96-7,"Fri, 26 Aug 2022 19:57:31 GMT"
S3A_OL_2_WFR____20220825T054220_20220825T054520_20220826T174801_0179_089_105_2520_MAR_O_NT_003.SEN3,tie_geo_coordinates.nc,1133682,a69da261b7592a1a2e14c85717a14b706ef4920b628104aa8d137821ecbf6f9d,a9abc086b72ff5200c67a3f44d599434,"Fri, 26 Aug 2022 19:57:31 GMT"
S3A_OL_2_WFR____20220825T054220_20220825T054520_20220826T174801_0179_089_105_2520_MAR_O_NT_003.SEN3,wqsf.nc,6492682,7e202a7c64db6838907418f90f4176be5e77a0e0c8a7ce83121c87969eeaa1f2,68ac2657ad69d34c76c077e8359cb0fe,"Fri, 26 Aug 2022 19:57:31 GMT"
S3A_OL_2_WFR____20220826T065708_20220826T070008_20220827T185107_0179_089_120_2520_MAR_O_NT_003.SEN3,tie_geo_coordinates.nc,1135490,31580298192e30cf4578714b83b3c19e9e419566174fda86797ae3a96aa27e34,946bd8581674c1c11b6adb74fcdddf74,"Sat, 27 Aug 2022 20:41:54 GMT"
S3A_OL_2_WFR____20220827T063058_20220827T063358_20220828T175920_0179_089_134_2520_MAR_O_NT_003.SEN3,chl_oc4me.nc,5168128,9a8ef3da3c1d9ce6ae8471f5e649eb4638107b93fb63f07f38af264bb066532a,82cde6df568407e9f56d61a3b3fa8a58,"Sun, 28 Aug 2022 19:29:03 GMT"
S3A_OL_2_WFR____20220827T063058_20220827T063358_20220828T175920_0179_089_134_2520_MAR_O_NT_003.SEN3,geo_coordinates.nc,60088185,415ab5a15e306a6e27db59470a8b367ff914829919885f9bca33f968c2b61d69,179b9cb71ecb54a6854eedd7889edb92-8,"Sun, 28 Aug 2022 19:29:02 GMT"
S3A_OL_2_WFR____20220827T063058_20220827T063358_20220828T175920_0179_089_134_2520_MAR_O_NT_003.SEN3,tie_geo_coordinates.nc,1138388,3eb36afb89854762b7a84b98b48dee039928e7ce5b49a2734b9d70f42f97dd54,9a847bb50009c718588856656861db13,"Sun, 28 Aug 2022 19:29:02 GMT"
S3A_OL_2_WFR____20220827T063058_20220827T063358_20220828T175920_0179_089_134_2520_MAR_O_NT_003.SEN3,wqsf.nc,5288687,a13852254d2a385ce1e58956a01c1f837423ef837341a486efe95850448bf66b,baf1a4634fda411c834165b911f10480,"Sun, 28 Aug 2022 19:29:02 GMT"
S3A_OL_2_WFR____20220828T060447_20220828T060747_20220829T184910_0179_089_148_2520_MAR_O_NT_003.SEN3,chl_oc4me.nc,6882692,46a9045664a8295cefaf70eb3bc87758312c9561f86ee08be025e5be4c5b8aa6,715146cedcf893e2f97e954d08789e47,"Mon, 29 Aug 2022 21:12:24 GMT"
S3A_OL_2_WFR____20220828T060447_20220828T060747_20220829T184910_0179_089_148_2520_MAR_O_NT_003.SEN3,geo_coordinates.nc,59102089,f0a85562160b48ad27a07ad5f21af2a16f6d4d47c1eac6bba7e1fa0e5402d48e,b3cc17ab8f37bf6aa3a1b874069239cd-8,"Mon, 29 Aug 2022 21:12:24 GMT"
S3A_OL_2_WFR____20220828T060447_20220828T060747_20220829T184910_0179_089_148_2520_MAR_O_NT_003.SEN3,tie_geo_coordinates.nc,1140788,c9aab594cd5d9186048245076bdc461ff25aa12efe8c387d1e3452f765048479,45a9106a1691c139e4fbb75d5bfb23d8,"Mon, 29 Aug 2022 21:12:23 GMT"
S3A_OL_2_WFR____20220828T060447_20220828T060747_20220829T184910_0179_089_148_2520_MAR_O_NT_003.SEN3,wqsf.nc,8036102,539d5310389eefe5d88277f4da320345bcc163404ae96deee7d6a3d0728ca527,abb73821c324c8feb7a6dfeff1e75a5b,"Mon, 29 Aug 2022 21:12:24 GMT"
S3A_OL_2_WFR____20220829T053836_20220829T054136_20220830T182856_0179_089_162_2520_MAR_O_NT_003.SEN3,chl_oc4me.nc,7552458,ade3b7938f7301a82f4255a00bed9c36c1e4e5f95984ff9642809b9c511f23e6,edce7cc784cf73093422b5928e2c2e21,"Tue, 30 Aug 2022 19:56:08 GMT"
S3A_OL_2_WFR____20220829T053836_20220829T054136_20220830T182856_0179_089_162_2520_MAR_O_NT_003.SEN3,geo_coordinates.nc,57213783,d3d1fb6bc8aa757593a7a4afcad5a7c2a38d63455b25ab443ffbde6674217a71,d5e5896704cb21886992551da5e0d463-7,"Tue, 30 Aug 2022 19:56:07 GMT"
S3A_OL_2_WFR____20220829T053836_20220829T054136_20220830T182856_0179_089_162_2520_MAR_O_NT_003.SEN3,tie_geo_coordinates.nc,1139567,6d5b7a6a008969b36d5ebb47cdc91011206a5a39b0994e78591fde6a214f99fe,c9b8c89cf074b1eb31e660ebbea2cb95,"Tue, 30 Aug 2022 19:56:07 GMT"
S3A_OL_2_WFR____20220829T053836_20220829T054136_20220830T182856_0179_089_162_2520_MAR_O_NT_003.SEN3,wqsf.nc,11049108,8a5399463f727193ce31cd6dc0217326fa1e20f78c0e0b17912a80e91d40ade2,f3664c0054e1e1c3ad31ec72ef0f94ed-2,"Tue, 30 Aug 2022 19:56:07 GMT"
S3A_OL_2_WFR____20220830T065325_20220830T065625_20220831T180941_0179_089_177_2520_MAR_O_NT_003.SEN3,chl_oc4me.nc,3121115,ab2f132a61f36991bc81abe0023b54b931add5c1ad5e2e7d3d46ec1b7a82947a,306295982b102307087ee0cff16382ac,"Thu, 01 Sep 2022 00:22:42 GMT"
S3A_OL_2_WFR____20220830T065325_20220830T065625_20220831T180941_0179_089_177_2520_MAR_O_NT_003.SEN3,geo_coordinates.nc,59268692,9878996534f43eb4e5199fb4d8d21c706a26247b9427a9d1bc16f49ed795308d,2a3b9eaead5f00342220b9c1795e5cb5-8,"Thu, 01 Sep 2022 00:22:42 GMT"
S3A_OL_2_WFR____20220830T065325_20220830T065625_20220831T180941_0179_089_177_2520_MAR_O_NT_003.SEN3,tie_geo_coordinates.nc,1136977,7f2a68c8d45be591289bd4f237133f11e9a2b10f657a8198dc7af95d4b488d05,a61e0254e28eb06a2f198cbe8eea1c4a,"Thu, 01 Sep 2022 00:22:41 GMT"
S3A_OL_2_WFR____20220830T065325_20220830T065625_20220831T180941_0179_089_177_2520_MAR_O_NT_003.SEN3,wqsf.nc,4093257,cd7dc1df1383831eecb9714707385028d49fb3af22df92531d967fb5c42deaf8,2c3ce4d6005a72fb5bb82d646cd309a9,"Thu, 01 Sep 2022 00:22:41 GMT"
S3A_OL_2_WFR____20220831T062714_20220831T063014_20220901T174126_0180_089_191_2520_MAR_O_NT_003.SEN3,chl_oc4me.nc,5375126,419e40600fced70c5386946edf68b6d13673db0a72beb8205ae2811c406b4a38,18df25c7889988f40165d8b4fe9f3358,"Thu, 01 Sep 2022 18:53:12 GMT"
S3A_OL_2_WFR____20220831T062714_20220831T063014_20220901T174126_0180_089_191_2520_MAR_O_NT_003.SEN3,geo_coordinates.nc,60114126,2c95e6b7a0e6ee7030fa29c345b3e961e3110f036235cc6a69fca0a3543b4b5d,ca4e7247640523f206b396edcdb60da8-8,"Thu, 01 Sep 2022 18:53:11 GMT"
S3A_OL_2_WFR____20220831T062714_20220831T063014_20220901T174126_0180_089_191_2520_MAR_O_NT_003.SEN3,tie_geo_coordinates.nc,1132832,692db862cbb1fdddbdf324388fabec66b48662d321c42a59d6add0008b818cb6,c1ee2b2a4bfb2c2fe18075d2ac6b7436,"Thu, 01 Sep 2022 18:53:11 GMT"
S3A_OL_2_WFR____20220831T062714_20220831T063014_20220901T174126_0180_089_191_2520_MAR_O_NT_003.SEN3,wqsf.nc,5291349,8e8309ae1307539e7110f1e6ccbbafef73e754f4511bb0bddd734c085a2e4a99,f0372d9aab1f667ffb1600604e4ff9ef,"Thu, 01 Sep 2022 18:53:11 GMT"
S3A_OL_2_WFR____20220901T060104_20220901T060404_20220902T184728_0179_089_205_2520_MAR_O_NT_003.SEN3,chl_oc4me.nc,8529213,9670b8e436c24b21396f759f84e94db3916fa0ed439550d476988176781e6c8b,c3df9ecaf6594a7ae26f3bedd44bbb8e-2,"Fri, 02 Sep 2022 20:10:25 GMT"
S3A_OL_2_WFR____20220901T060104_20220901T060404_20220902T184728_0179_089_205_2520_MAR_O_NT_003.SEN3,geo_coordinates.nc,58921327,752c9140580a608377dfbd0948e7f7f9886210f0685705b67a1d6b713187fbe0,a49403b4a81913a151f618c6c1c7322e-8,"Fri, 02 Sep 2022 20:10:24 GMT"
S3A_OL_2_WFR____20220901T060104_20220901T060404_20220902T184728_0179_089_205_2520_MAR_O_NT_003.SEN3,tie_geo_coordinates.nc,1134892,35af8baa04979ca9c92bda0681ae31279f4b1dfacecf83528b6660285d6750eb,15aabb850887811b408f30110e2764fb,"Fri, 02 Sep 2022 20:10:24 GMT"
S3A_OL_2_WFR____20220901T060104_20220901T060404_20220902T184728_0179_089_205_2520_MAR_O_NT_003.SEN3,wqsf.nc,8933453,90bb2fba11285cc77a6aaff28e8a0982d0802a10331e8a7db2816060d80c36c6,f5b75f9a4a66a3cfdeb0b1b9d1078469-2,"Fri, 02 Sep 2022 20:10:24 GMT"
S3A_OL_2_WFR____20220903T064942_20220903T065242_20220904T172635_0179_089_234_2520_MAR_O_NT_003.SEN3,chl_oc4me.nc,3703269,2291766520384351ab25e6ac5635da4f2acf7b6b737115424ed6448785112d75,668b7f0783b2de4768558029a7e5b69b,"Sun, 04 Sep 2022 19:03:27 GMT"
S3A_OL_2_WFR____20220903T064942_20220903T065242_20220904T172635_0179_089_234_2520_MAR_O_NT_003.SEN3,geo_coordinates.nc,59310150,40bad93232a9f827e3d7f47ca779c37294393a90135e6a13436b7524f1d9810d,d8a249db3f6d3934b76ddf69b41b8399-8,"Sun, 04 Sep 2022 19:03:26 GMT"
S3A_OL_2_WFR____20220903T064942_20220903T065242_20220904T172635_0179_089_234_2520_MAR_O_NT_003.SEN3,tie_geo_coordinates.nc,1140991,848b7cac8c3f6ab70dc0853a33f31cf06d0ffa667fdea30e0fe7e3d3f714b3de,f6b102a6a84bf809f7721755713fd6c6,"Sun, 04 Sep 2022 19:03:26 GMT"
S3A_OL_2_WFR____20220903T064942_20220903T065242_20220904T172635_0179_089_234_2520_MAR_O_NT_003.SEN3,wqsf.nc,4806883,77cc247f489dcc3e5473a392a3b4165db89c3136552cef707ba9904453457e57,dc4962e2107eeba115f37123ed82d606,"Sun, 04 Sep 2022 19:03:26 GMT"
S3A_OL_2_WFR____20220904T062331_20220904T062631_20220905T183729_0179_089_248_2520_MAR_O_NT_003.SEN3,chl_oc4me.nc,6102066,dc024dcf6892ced981f4ee6724d3d8c412612f1be8cdbb25624082b1c9f6255d,9705658be07765b7c763897d74f55fd7,"Mon, 05 Sep 2022 19:51:02 GMT"
S3A_OL_2_WFR____20220904T062331_20220904T062631_20220905T183729_0179_089_248_2520_MAR_O_NT_003.SEN3,geo_coordinates.nc,60097485,61436356bb37adc069708ac3bdd2d418cf24393e0612f02dade722c2aa79a30c,dc7a120884737c002705f410e5fef1ab-8,"Mon, 05 Sep 2022 19:51:02 GMT"
S3A_OL_2_WFR____20220904T062331_20220904T062631_20220905T183729_0179_089_248_2520_MAR_O_NT_003.SEN3,tie_geo_coordinates.nc,1138179,0c4703446ab9670609a802ac21ab5203438b047658ee8a8242fccb126bde80b1,7374f7c18c6bcaa5912dd1b9e0319a9a,"Mon, 05 Sep 2022 19:51:01 GMT"
S3A_OL_2_WFR____20220904T062331_20220904T062631_20220905T183729_0179_089_248_2520_MAR_O_NT_003.SEN3,wqsf.nc,5641501,e64d7761e900edd337a5df88ba9a0a46d95ee5e8a20e82b1b514ab8d490656d4,e9a2f6282010ac70b8de6bd25472f9b9,"Mon, 05 Sep 2022 19:51:01 GMT"
S3A_OL_2_WFR____20220905T055720_20220905T060020_20220906T190342_0179_089_262_2520_MAR_O_NT_003.SEN3,chl_oc4me.nc,8286263,e62ed1af649a19f651ed619654696933dd25a979b3843ab70645a0172d2bcca1,a7ce5a2845e57a0b27d95470484ceb9d,"Tue, 06 Sep 2022 20:59:23 GMT"
S3A_OL_2_WFR____20220905T055720_20220905T060020_20220906T190342_0179_089_262_2520_MAR_O_NT_003.SEN3,geo_coordinates.nc,58639537,d67a2f24bec0a0bdaefe0e88b1b3f1dbb280e99384b3f773510b14d03acf6c27,d0ce6f7e2adbcc6bb43e9e34518b4955-7,"Tue, 06 Sep 2022 20:59:22 GMT"
S3A_OL_2_WFR____20220905T055720_20220905T060020_20220906T190342_0179_089_262_2520_MAR_O_NT_003.SEN3,tie_geo_coordinates.nc,1139143,4a9d7d0ad226d7992b99994681b854374f73381d8c4a85825522fbb0bda8933f,caf8920122d4828a0c57904d74125ce8,"Tue, 06 Sep 2022 20:59:21 GMT"
S3A_OL_2_WFR____20220905T055720_20220905T060020_20220906T190342_0179_089_262_2520_MAR_O_NT_003.SEN3,wqsf.nc,11277626,7061f70db08331990d6875874badb6bc99893e415b27801280170c29617bfc44,ed73d9b75d5ee952def80b10ee5522d0-2,"Tue, 06 Sep 2022 20:59:22 GMT"
S3A_OL_2_WFR____20220907T064558_20220907T064858_20220908T185727_0179_089_291_2520_MAR_O_NT_003.SEN3,chl_oc4me.nc,4044418,0865e74b4375367e107cdb6a1012141fcec1ac5805c54b1425f6465196319e90,0be362da65833e6f6e7ecd36fecf6b5b,"Thu, 08 Sep 2022 19:59:46 GMT"
S3A_OL_2_WFR____20220907T064558_20220907T064858_20220908T185727_0179_089_291_2520_MAR_O_NT_003.SEN3,geo_coordinates.nc,59511654,a7192fed9920da437eb72487a6d33253fd78459da1008e4579205893c903eeae,5d6decfda273a57b0aaa8e44019e49a4-8,"Thu, 08 Sep 2022 19:59:45 GMT"
S3A_OL_2_WFR____20220907T064558_20220907T064858_20220908T185727_0179_089_291_2520_MAR_O_NT_003.SEN3,tie_geo_coordinates.nc,1143085,43bcd7acbc8dad012d08823eb811b1a05baef850330b5e0ed7746b4a3df476e9,d232e00f59a92b5184b6e5a257047b9a,"Thu, 08 Sep 2022 19:59:45 GMT"
S3A_OL_2_WFR____20220907T064558_20220907T064858_20220908T185727_0179_089_291_2520_MAR_O_NT_003.SEN3,wqsf.nc,5140351,03e1e363f5101e5172858f2d411ebd422df821ba77b35c11bcf11b16c6bf0633,6a3978e6ace7ac228b9d41142a9f57b5,"Thu, 08 Sep 2022 19:59:45 GMT"
S3A_OL_2_WFR____20220908T061947_20220908T062247_20220909T174017_0179_089_305_2520_MAR_O_NT_003.SEN3,chl_oc4me.nc,6146232,60cffafabd6e8bed658bda2d2a486fb964703fac907cda4fa0ad44b12e6a42ae,817a7c67384995155237256b309fe3c6,"Fri, 09 Sep 2022 18:46:52 GMT"
S3A_OL_2_WFR____20220908T061947_20220908T062247_20220909T174017_0179_089_305_2520_MAR_O_NT_003.SEN3,geo_coordinates.nc,59953494,00f4f4bfcb43f7cb83ef864066989f59f7dad4a457c44ad98de75a9a28fab25a,ba6a8b66e21a0d384b97834abb534eaa-8,"Fri, 09 Sep 2022 18:46:51 GMT"
S3A_OL_2_WFR____20220908T061947_20220908T062247_20220909T174017_0179_089_305_2520_MAR_O_NT_003.SEN3,tie_geo_coordinates.nc,1138523,0f8d58e4dbe8021c94f38aa2148bf3e7efccc20f338264df6e3b62952be683fc,38acb63facea04ffc9fa3b3cf2ce23ca,"Fri, 09 Sep 2022 18:46:50 GMT"
S3A_OL_2_WFR____20220908T061947_20220908T062247_20220909T174017_0179_089_305_2520_MAR_O_NT_003.SEN3,wqsf.nc,6783602,6b716684871bd31c23e38da3d19f0243a764157a60261364e2e43f9e67115563,56293df37dbc4d8715d9e2066fe17285,"Fri, 09 Sep 2022 18:46:51 GMT"
S3A_OL_2_WFR____20220909T055337_20220909T055637_20220910T184159_0179_089_319_2520_MAR_O_NT_003.SEN3,chl_oc4me.nc,8696850,7a200ea29f7f398db8e6e07ae80219a08907682c95d4e234f9c7903cf8c26b6e,5199b388cb43eadda6bbcc49d56d0157-2,"Sat, 10 Sep 2022 21:04:19 GMT"
S3A_OL_2_WFR____20220909T055337_20220909T055637_20220910T184159_0179_089_319_2520_MAR_O_NT_003.SEN3,geo_coordinates.nc,58311776,68c7d49934fb8117a4c0ddbb743798c0f92a9ec9ceed48d2007aac19c44b6a0d,259b21038911253c87e3d64174c16b8f-7,"Sat, 10 Sep 2022 21:04:18 GMT"
S3A_OL_2_WFR____20220909T055337_20220909T055637_20220910T184159_0179_089_319_2520_MAR_O_NT_003.SEN3,tie_geo_coordinates.nc,1135927,e364f3b77cd4af0eea76f667b99a550dcd3bb93f91a33afb0defcd4c12164b2a,735087908d981414b92886d507a074fd,"Sat, 10 Sep 2022 21:04:18 GMT"
S3A_OL_2_WFR____20220909T055337_20220909T055637_20220910T184159_0179_089_319_2520_MAR_O_NT_003.SEN3,wqsf.nc,9295119,0bbf20855f10eb48bc3bc2d7cb064e20ca04ac5b5b2e5ae491dd029ffa2fffa1,62f8522372f2886ec7632de503e505a7-2,"Sat, 10 Sep 2022 21:04:18 GMT"
S3A_OL_2_WFR____20220911T064214_20220911T064514_20220912T183503_0179_089_348_2520_MAR_O_NT_003.SEN3,chl_oc4me.nc,4448549,4dd2d75fe4d5be5efae0ceeaf97e70fdb07d9bec5f50e43f24a3bf3758921e05,2f9859a3cc536ef3494bf8c342541bce,"Mon, 12 Sep 2022 19:13:17 GMT"
S3A_OL_2_WFR____20220911T064214_20220911T064514_20220912T183503_0179_089_348_2520_MAR_O_NT_003.SEN3,geo_coordinates.nc,59649691,aa6ce0c01679db76a97f5617be54af50c9cfdcd95fcf9328265909c1e914583d,1675f20e73e0a399765873fa2a84a18c-8,"Mon, 12 Sep 2022 19:13:16 GMT"
S3A_OL_2_WFR____20220911T064214_20220911T064514_20220912T183503_0179_089_348_2520_MAR_O_NT_003.SEN3,tie_geo_coordinates.nc,1139355,a88f5c602051848b770783394f193235c633a169105d4805fbaafd5623e0e7a8,779c9a2be21e3329678359706244d297,"Mon, 12 Sep 2022 19:13:15 GMT"
S3A_OL_2_WFR____20220911T064214_20220911T064514_20220912T183503_0179_089_348_2520_MAR_O_NT_003.SEN3,wqsf.nc,5306691,1073b942c1fb3d3cae0177394bfa8874575cdb41b5226277d942352751de9b2d,b5636e86ed12d11f60e43f45b8ff95f9,"Mon, 12 Sep 2022 19:13:16 GMT"
S3A_OL_2_WFR____20220912T061604_20220912T061904_20220913T181058_0179_089_362_2520_MAR_O_NT_003.SEN3,chl_oc4me.nc,5771410,b99e4d5255519f5ff2007ff56e96d84adf97ee83643917308971cfcf5bcf3f2b,2f44fc80cd4c2d3710ae221f240a5943,"Tue, 13 Sep 2022 19:31:38 GMT"
S3A_OL_2_WFR____20220912T061604_20220912T061904_20220913T181058_0179_089_362_2520_MAR_O_NT_003.SEN3,geo_coordinates.nc,59758837,2d70b823460936d00d8c55d8697c776136a155c0e46d95c8fd17fbc9c9d8769e,36193dfffb8859cda0317c718306e4c5-8,"Tue, 13 Sep 2022 19:31:38 GMT"
S3A_OL_2_WFR____20220912T061604_20220912T061904_20220913T181058_0179_089_362_2520_MAR_O_NT_003.SEN3,tie_geo_coordinates.nc,1134516,a03dee0d854b7375cf81b6446423a6288093d85d2e300dcee19dd635fcc2799a,53cf6893e7e74d8b1add3f6e98e29553,"Tue, 13 Sep 2022 19:31:37 GMT"
S3A_OL_2_WFR____20220912T061604_20220912T061904_20220913T181058_0179_089_362_2520_MAR_O_NT_003.SEN3,wqsf.nc,7232966,e8bb2d0529abfbebbbcc924ca434c872cf5f52105f9d16287821cea24ccc26f9,ac3d54b6be3e8c6c44c20dcbcb530810,"Tue, 13 Sep 2022 19:31:37 GMT"
S3A_OL_2_WFR____20220913T054953_20220913T055253_20220916T024139_0179_089_376_2520_MAR_O_NT_003.SEN3,chl_oc4me.nc,6494635,d49e09e197c41f9d9cb7f8aaa59ece65ee8d748ca475f45a2157230ec2f713f8,39b238ee164c8b44d8e1aa38aa4a48ae,"Fri, 16 Sep 2022 04:58:42 GMT"
S3A_OL_2_WFR____20220913T054953_20220913T055253_20220916T024139_0179_089_376_2520_MAR_O_NT_003.SEN3,geo_coordinates.nc,57843937,b35bb48da19bfeae54b36d339deddb42ea13cb9c3407ad47eb1d366b2be98320,91bbd8e06bf344d4016c309f1579fdc6-7,"Fri, 16 Sep 2022 04:58:41 GMT"
S3A_OL_2_WFR____20220913T054953_20220913T055253_20220916T024139_0179_089_376_2520_MAR_O_NT_003.SEN3,tie_geo_coordinates.nc,1140995,ef7a72ee5326029b8a9712af634d998f3de1f50ec9cb6c45275402be2ead1f60,2d2696d7601b1c30399ba680bfbc320c,"Fri, 16 Sep 2022 04:58:41 GMT"
S3A_OL_2_WFR____20220913T054953_20220913T055253_20220916T024139_0179_089_376_2520_MAR_O_NT_003.SEN3,wqsf.nc,8403196,a27d8a0cc15049b29beef413b330a22160f10645c71e04b29e08d5b7dec0aca3,00a34ef7589b0825c75d34a782b8cf9a-2,"Fri, 16 Sep 2022 04:58:41 GMT"
S3A_OL_2_WFR____20220915T063830_20220915T064130_20220916T215422_0180_090_020_2520_MAR_O_NT_003.SEN3,chl_oc4me.nc,4801269,04975d180bb8206dcc589ad5cf7a00b9b8f6728ceb87119031c297e3fef09abe,2da8e87dfcdf85b259b5f8f356279a6b,"Fri, 16 Sep 2022 23:53:32 GMT"
S3A_OL_2_WFR____20220915T063830_20220915T064130_20220916T215422_0180_090_020_2520_MAR_O_NT_003.SEN3,geo_coordinates.nc,59854671,d237833f21e73c8b66c47ddbf9b2e04fe0fa2d5ca9c5f6c7dcea081ab002c951,6284a3006c9a7d5c4f14d0c270164ca3-8,"Fri, 16 Sep 2022 23:53:32 GMT"
S3A_OL_2_WFR____20220915T063830_20220915T064130_20220916T215422_0180_090_020_2520_MAR_O_NT_003.SEN3,tie_geo_coordinates.nc,1140436,e32f3ddecc6e51c9f813d36a081f0cc44fb08aaf594b4bbcf4a3edcf1ec01cd5,08b98244ef6e3bb5532d8445d47652e0,"Fri, 16 Sep 2022 23:53:31 GMT"
S3A_OL_2_WFR____20220915T063830_20220915T064130_20220916T215422_0180_090_020_2520_MAR_O_NT_003.SEN3,wqsf.nc,5310571,8f9d923cf40b1026aa293d0121d78e3a8348e75929ae5b89fe694c9fdc6eaa71,a00cf75007389ae5483a918fe78c12df,"Fri, 16 Sep 2022 23:53:31 GMT"
S3A_OL_2_WFR____20220916T061219_20220916T061519_20220917T183708_0180_090_034_2520_MAR_O_NT_003.SEN3,chl_oc4me.nc,7261781,49452490fa57223eb30168b4a8ef47008842ec2f966b51f84d62cc326e2df9bd,2a9c5d5fad144ab0489fa971a0c39f59,"Sat, 17 Sep 2022 19:41:43 GMT"
S3A_OL_2_WFR____20220916T061219_20220916T061519_20220917T183708_0180_090_034_2520_MAR_O_NT_003.SEN3,geo_coordinates.nc,59506669,4f7442254260f62fd5202392bed49727cb9cff2492907c22bff58c522945aaeb,56fa4a97a65839e1f52543410e0a944a-8,"Sat, 17 Sep 2022 19:41:42 GMT"
S3A_OL_2_WFR____20220916T061219_20220916T061519_20220917T183708_0180_090_034_2520_MAR_O_NT_003.SEN3,tie_geo_coordinates.nc,1137378,692ea85a0e9583cd3d1805edff8a8c19e52405093db2af8d97c67ab294e6d786,093f297434a1067cd9d9e2f64cc037ca,"Sat, 17 Sep 2022 19:41:41 GMT"
S3A_OL_2_WFR____20220916T061219_20220916T061519_20220917T183708_0180_090_034_2520_MAR_O_NT_003.SEN3,wqsf.nc,8276856,accff35983056b3e3b9584a3ad664fcd1ecc1e02aa4c20038701003a45755af3,398d6363c035bfe3936e2eb72c9f0676,"Sat, 17 Sep 2022 19:41:42 GMT"
S3A_OL_2_WFR____20220917T054609_20220917T054909_20220918T180644_0179_090_048_2520_MAR_O_NT_003.SEN3,chl_oc4me.nc,7041574,86e81a8ab060d1b3ed4c69571045d5f116c597faf206db54037d8a3658143adf,e6d735a4cdb25e7f5fc7337dc5deb7d2,"Sun, 18 Sep 2022 19:12:33 GMT"
S3A_OL_2_WFR____20220917T054609_20220917T054909_20220918T180644_0179_090_048_2520_MAR_O_NT_003.SEN3,geo_coordinates.nc,57533685,1b4f06aa742da7092fba303cb1cfbd919c425668d39db57719fe2233e541297b,c77c257e372f5a42ffb067e0d5945194-7,"Sun, 18 Sep 2022 19:12:32 GMT"
S3A_OL_2_WFR____20220917T054609_20220917T054909_20220918T180644_0179_090_048_2520_MAR_O_NT_003.SEN3,tie_geo_coordinates.nc,1138228,dd7c5c12c3d634b6160ab91c6b3721266e0abc4aba9805c48954097acaf64b43,49f7cc36dd8c87bd3c46568f3cfaf3c9,"Sun, 18 Sep 2022 19:12:31 GMT"
S3A_OL_2_WFR____20220917T054609_20220917T054909_20220918T180644_0179_090_048_2520_MAR_O_NT_003.SEN3,wqsf.nc,10960342,ac0f301136dd08ab743c31f9f41d419593c424110f8d99b2b7b2bf6d12838d20,771a7c651a676c2e3a879097ef03edeb-2,"Sun, 18 Sep 2022 19:12:31 GMT"
S3A_OL_2_WFR____20220919T063446_20220919T063746_20220920T192853_0179_090_077_2520_MAR_O_NT_003.SEN3,chl_oc4me.nc,4733490,ecf7d0ac335303d861265fc013fc320e13ebf955da7ce3bf4bf6b01829e1ab06,7efe98a417ae18f277c3cc708bc16bb7,"Tue, 20 Sep 2022 20:10:37 GMT"
S3A_OL_2_WFR____20220919T063446_20220919T063746_20220920T192853_0179_090_077_2520_MAR_O_NT_003.SEN3,geo_coordinates.nc,60023815,8a6844938e10628231009907c137d4431278c6f23cb26795f70e26e47ba93329,142b996a10b39dd6ff7de33075a7347a-8,"Tue, 20 Sep 2022 20:10:37 GMT"
S3A_OL_2_WFR____20220919T063446_20220919T063746_20220920T192853_0179_090_077_2520_MAR_O_NT_003.SEN3,tie_geo_coordinates.nc,1141582,d64727afb3c38cfd0c73e53efc52b7039198209b9fcd5b7740f7917ea7ced40a,5c0547d7bf2f71bb0d3c9cbc78341124,"Tue, 20 Sep 2022 20:10:36 GMT"
S3A_OL_2_WFR____20220919T063446_20220919T063746_20220920T192853_0179_090_077_2520_MAR_O_NT_003.SEN3,wqsf.nc,5824558,4b3d3f3faba3b262b0172bc36b903d4b21ea51fac571bfcce660e57ed7eec13a,1d4c44c8dff2b43f6867ac726b9d3ea8,"Tue, 20 Sep 2022 20:10:37 GMT"
S3A_OL_2_WFR____20220920T060835_20220920T061135_20220921T193254_0179_090_091_2520_MAR_O_NT_003.SEN3,chl_oc4me.nc,8199755,36943a7b0d1537cf272eb2c645bb42f55ab3af4a2d4278807f423e30ab40f1d4,14bbcebb0ed8ff78812ceabe7c8f89e7,"Wed, 21 Sep 2022 20:51:14 GMT"
S3A_OL_2_WFR____20220920T060835_20220920T061135_20220921T193254_0179_090_091_2520_MAR_O_NT_003.SEN3,geo_coordinates.nc,59297406,f0546856a18be48e13ea26ea5119fed7b8f9345ba8d7f23b0b29ef35ce75d007,de9faddd9b15025b3ca52f143b0d5eb1-8,"Wed, 21 Sep 2022 20:51:13 GMT"
S3A_OL_2_WFR____20220920T060835_20220920T061135_20220921T193254_0179_090_091_2520_MAR_O_NT_003.SEN3,tie_geo_coordinates.nc,1136034,e25e756c640aa203d1af222b5b8b80cca89e6056563d1721c03e03c3ed2b4f1e,d91ece06ec9044e308f5050be1a9f6cd,"Wed, 21 Sep 2022 20:51:12 GMT"
S3A_OL_2_WFR____20220920T060835_20220920T061135_20220921T193254_0179_090_091_2520_MAR_O_NT_003.SEN3,wqsf.nc,10170756,17bc7e86189c8cece1faf1a4691de0449c0f52f13bb9a23adc99b81ac190f0c6,e780bf9e76ea0db2c2c4dc398c52efa8-2,"Wed, 21 Sep 2022 20:51:13 GMT"
S3A_OL_2_WFR____20220921T054224_20220921T054524_20220922T192238_0179_090_105_2520_MAR_O_NT_003.SEN3,chl_oc4me.nc,10553581,45f6bc43e18d7dddd181a92b11352a25ca3322bb930df2de39fc669b3739fbd7,f282707967cf1ead92b787fbde926d2a-2,"Thu, 22 Sep 2022 21:07:37 GMT"
S3A_OL_2_WFR____20220921T054224_20220921T054524_20220922T192238_0179_090_105_2520_MAR_O_NT_003.SEN3,geo_coordinates.nc,57367175,ff8d90366656966e596c30fe62f9bae291078fd8170daf87f59684f42f54e8c4,e0931d282cde0a6ddc9d8345c510a59d-7,"Thu, 22 Sep 2022 21:07:36 GMT"
S3A_OL_2_WFR____20220921T054224_20220921T054524_20220922T192238_0179_090_105_2520_MAR_O_NT_003.SEN3,tie_geo_coordinates.nc,1141059,b360b3465fba5ed595f387a397964c87d0a349cc734d3e5977fbd951fb11e44a,5235b19a17f56b2b51a64a0235fbbb4d,"Thu, 22 Sep 2022 21:07:36 GMT"
S3A_OL_2_WFR____20220921T054224_20220921T054524_20220922T192238_0179_090_105_2520_MAR_O_NT_003.SEN3,wqsf.nc,11477167,7dc116e0617467b2a521dde67f06017b783c864da6b0f6d453365dab5f0c173f,f5154c79243bd4e118edf86f6a466a30-2,"Thu, 22 Sep 2022 21:07:36 GMT"
S3A_OL_2_WFR____20220922T065712_20220922T070012_20220923T190503_0179_090_120_2520_MAR_O_NT_003.SEN3,tie_geo_coordinates.nc,1139915,9757cec374015f20d62cd709ffa6c583f7110de4ac65f2454ee3251a6b171e21,d21e5e1ad0426ab24877290987d720c3,"Fri, 23 Sep 2022 19:53:35 GMT"
S3A_OL_2_WFR____20220923T063102_20220923T063402_20220924T172416_0179_090_134_2520_MAR_O_NT_003.SEN3,chl_oc4me.nc,5566645,22b2195d4d02b6476eda343e0b40815ab772ed4c845740dab8813156feb55206,2c67609ec4128184e60d6ad060869e4e,"Sat, 24 Sep 2022 18:10:26 GMT"
S3A_OL_2_WFR____20220923T063102_20220923T063402_20220924T172416_0179_090_134_2520_MAR_O_NT_003.SEN3,geo_coordinates.nc,60077533,94a24d70b431066bbf5cdd2873e8fb959f952f77c8eeddaafd2d25069452d240,1deccb1f7a19da856f57580adc4f3e6c-8,"Sat, 24 Sep 2022 18:10:25 GMT"
S3A_OL_2_WFR____20220923T063102_20220923T063402_20220924T172416_0179_090_134_2520_MAR_O_NT_003.SEN3,tie_geo_coordinates.nc,1139197,77fc08e1b48a848456cda7597e9d902e095aa57ea1a25e5b1ddd664ab431c45d,ba6bab0eac5013b6968f1a8e10ac9c7c,"Sat, 24 Sep 2022 18:10:24 GMT"
S3A_OL_2_WFR____20220923T063102_20220923T063402_20220924T172416_0179_090_134_2520_MAR_O_NT_003.SEN3,wqsf.nc,5858376,8c745f3cd6c448b84f1f3ebf1113b0fbda74dd708729f39b678c2d9fffb42eb5,c447f36a560930eaeff14980180e9ada,"Sat, 24 Sep 2022 18:10:24 GMT"
S3A_OL_2_WFR____20220924T060451_20220924T060751_20220925T184238_0179_090_148_2520_MAR_O_NT_003.SEN3,chl_oc4me.nc,8726715,efdad377a7ea7ea8100762ada786a39f7055bf36183fa851a5b968447e8affbf,d2bd0189d36c1193130e8334f612f202-2,"Sun, 25 Sep 2022 22:37:41 GMT"
S3A_OL_2_WFR____20220924T060451_20220924T060751_20220925T184238_0179_090_148_2520_MAR_O_NT_003.SEN3,geo_coordinates.nc,59105717,28283221e03a55ed845db239497bad0a63fbc6813ba9da71629412a252d61429,efdf249e7b02ed94974b8cb518874bcd-8,"Sun, 25 Sep 2022 22:37:40 GMT"
S3A_OL_2_WFR____20220924T060451_20220924T060751_20220925T184238_0179_090_148_2520_MAR_O_NT_003.SEN3,tie_geo_coordinates.nc,1135383,74450500df9ceb19075fd99ccf646dd8d61ed777663db835688d6489fb51e051,44c3a86c9dc6e703efeaf1bc36979cc0,"Sun, 25 Sep 2022 22:37:39 GMT"
S3A_OL_2_WFR____20220924T060451_20220924T060751_20220925T184238_0179_090_148_2520_MAR_O_NT_003.SEN3,wqsf.nc,11239194,d2714a056a089e7ace9694144a685c9c28aa93f22cbb34109487328d4a5f18d9,18486ea1243bb9ec1b9e9d20366e4541-2,"Sun, 25 Sep 2022 22:37:40 GMT"
S3A_OL_2_WFR____20220925T053840_20220925T054140_20220926T174739_0180_090_162_2520_MAR_O_NT_003.SEN3,chl_oc4me.nc,9219782,e492d820d223ff3ec6c789982018d8ac81fd063ef996ab11d0d58454d0190bc2,8a7ddbddb41a65de5fdb4030f970859c-2,"Mon, 26 Sep 2022 20:10:59 GMT"
S3A_OL_2_WFR____20220925T053840_20220925T054140_20220926T174739_0180_090_162_2520_MAR_O_NT_003.SEN3,geo_coordinates.nc,57170395,2fae59de61f18c8403cd5069b1808753f46f887f82fbc58843d323ef78cb6e87,10ef2077e24fc4edc3fb20eafc105027-7,"Mon, 26 Sep 2022 20:10:58 GMT"
S3A_OL_2_WFR____20220925T053840_20220925T054140_20220926T174739_0180_090_162_2520_MAR_O_NT_003.SEN3,tie_geo_coordinates.nc,1135426,b72c6fce493702ceff8baf627273a86debd80e1213f6b7d2b7fd17f5aeea2330,7ce18a980419cf67de0f909c255c7d39,"Mon, 26 Sep 2022 20:10:58 GMT"
S3A_OL_2_WFR____20220925T053840_20220925T054140_20220926T174739_0180_090_162_2520_MAR_O_NT_003.SEN3,wqsf.nc,12695277,6326f87e4d15339211144366e7a7f82b20d4bea9e9cf92d2db739cbc91f49008,4715d4bf89fb2d00f6d8a9848449a5aa-2,"Mon, 26 Sep 2022 20:10:58 GMT"
S3A_OL_2_WFR____20220926T065328_20220926T065628_20220927T191359_0179_090_177_2520_MAR_O_NT_003.SEN3,chl_oc4me.nc,3526284,bec4f1a6e128d9996bbad0bdc734394e57201441b50deed00d4c38715d438864,d3ed5ecffcc33a8fd1bed1d5d66a4948,"Tue, 27 Sep 2022 20:11:44 GMT"
S3A_OL_2_WFR____20220926T065328_20220926T065628_20220927T191359_0179_090_177_2520_MAR_O_NT_003.SEN3,geo_coordinates.nc,59251074,72a1d9dd2b204fa83676b00b2d446a37a76ff2799a96ff68ae8f48d6c4c1a16d,7beb909d3394b358021fbdf8e2bb83a3-8,"Tue, 27 Sep 2022 20:11:43 GMT"
S3A_OL_2_WFR____20220926T065328_20220926T065628_20220927T191359_0179_090_177_2520_MAR_O_NT_003.SEN3,tie_geo_coordinates.nc,1139149,975544b5043adadd844985f152e35517e60758107e94d1f149f440e1c1100316,0c3b61cfab40734a0cab8c26054d006a,"Tue, 27 Sep 2022 20:11:43 GMT"
S3A_OL_2_WFR____20220926T065328_20220926T065628_20220927T191359_0179_090_177_2520_MAR_O_NT_003.SEN3,wqsf.nc,5222372,5453c7ed1abcea116602fa69ce2191f0a8326c332d2247ca6f9cf5abbc4ae046,0e5f2951bb6ebbacb1a8c5f5633bb59a,"Tue, 27 Sep 2022 20:11:43 GMT"
S3A_OL_2_WFR____20220927T062717_20220927T063017_20220928T182220_0179_090_191_2520_MAR_O_NT_003.SEN3,chl_oc4me.nc,5522450,308d8f2270a24bbeab2642b6f50bd0c86f20d35c75b48f14807fbdc5e37def90,6dc4d16ba299649c4959a0f50d677d1f,"Wed, 28 Sep 2022 19:18:33 GMT"
S3A_OL_2_WFR____20220927T062717_20220927T063017_20220928T182220_0179_090_191_2520_MAR_O_NT_003.SEN3,geo_coordinates.nc,60131847,8e66d3e469216cccf41026d429362c5da3e663d55bd23eda717f1e8b07485c39,e51ad88e6a3d725eb0ffae8209182c85-8,"Wed, 28 Sep 2022 19:18:32 GMT"
S3A_OL_2_WFR____20220927T062717_20220927T063017_20220928T182220_0179_090_191_2520_MAR_O_NT_003.SEN3,tie_geo_coordinates.nc,1137233,d18accd8327c72f237adb646b0e391b204d86ba780591fbee82a2a8dfdaa38f6,6bc022b77c9d9abafd0d4ede55214d51,"Wed, 28 Sep 2022 19:18:32 GMT"
S3A_OL_2_WFR____20220927T062717_20220927T063017_20220928T182220_0179_090_191_2520_MAR_O_NT_003.SEN3,wqsf.nc,6700007,a181fd6acb2cbeded4c72f9da9e7975311371add103cdf18bd8d70e5ff55cfca,1e393a010494e9d7ac8fe0c0fb0073f1,"Wed, 28 Sep 2022 19:18:32 GMT"
S3A_OL_2_WFR____20220928T060106_20220928T060406_20220929T172002_0179_090_205_2520_MAR_O_NT_003.SEN3,chl_oc4me.nc,8829087,73bb9a37db29608d878f621fc1dd7108c9f4bd0ffe96503db7aac2a34a29260f,2f2d824246c3b26f698d3d66293b416e-2,"Thu, 29 Sep 2022 19:12:35 GMT"
S3A_OL_2_WFR____20220928T060106_20220928T060406_20220929T172002_0179_090_205_2520_MAR_O_NT_003.SEN3,geo_coordinates.nc,58897627,50597e727a477d380de82a1fd39e685ddc88007489bed60ca2e397ec614ee8d3,e906bf955e1ba617ec2d7028848ba980-8,"Thu, 29 Sep 2022 19:12:35 GMT"
S3A_OL_2_WFR____20220928T060106_20220928T060406_20220929T172002_0179_090_205_2520_MAR_O_NT_003.SEN3,tie_geo_coordinates.nc,1136694,9925b2fcc2e75d61787c85080369e16d76b6dadf99e23931a076467890b2bb21,d175f48b5bde42631dfc3878b2f39084,"Thu, 29 Sep 2022 19:12:34 GMT"
S3A_OL_2_WFR____20220928T060106_20220928T060406_20220929T172002_0179_090_205_2520_MAR_O_NT_003.SEN3,wqsf.nc,11301449,1da97ae3edb6ed27e3630e4183f24c4a491335f1cd02b194dd99ace27020d711,219c5c703f5ada66763d716f3e695b2b-2,"Thu, 29 Sep 2022 19:12:34 GMT"
S3A_OL_2_WFR____20220930T064943_20220930T065243_20221001T185134_0179_090_234_2520_MAR_O_NT_003.SEN3,chl_oc4me.nc,4068719,06cc970d91a4a83126cbf5d593cbfc9b5581f63aaf30a9900339b635dd4b9db0,199604f9dec0623868cc8a8b88681a99,"Sat, 01 Oct 2022 21:49:40 GMT"
S3A_OL_2_WFR____20220930T064943_20220930T065243_20221001T185134_0179_090_234_2520_MAR_O_NT_003.SEN3,geo_coordinates.nc,59309486,128f8149d52cad2c005c4857034da19887ada23855dcbe8c9f000671dd3580c3,904058ec63243c72ddb2ccdda11ccabd-8,"Sat, 01 Oct 2022 21:49:39 GMT"
S3A_OL_2_WFR____20220930T064943_20220930T065243_20221001T185134_0179_090_234_2520_MAR_O_NT_003.SEN3,tie_geo_coordinates.nc,1137456,22cc1726f8ffed45c6180991d3d0d1b1e413b5ad8c8ba160097e7606522b1530,1e7d44621d7f95023ee5f85491863118,"Sat, 01 Oct 2022 21:49:39 GMT"
S3A_OL_2_WFR____20220930T064943_20220930T065243_20221001T185134_0179_090_234_2520_MAR_O_NT_003.SEN3,wqsf.nc,5156276,9a92e6c8d792fafd3db7ee8a1c02d0daeec235d7b7cd5740579906842dbfecbe,43df2678c12b53071712743bfa8d4285,"Sat, 01 Oct 2022 21:49:39 GMT"
S3A_OL_2_WFR____20221001T062332_20221001T062632_20221002T174150_0179_090_248_2520_MAR_O_NT_003.SEN3,chl_oc4me.nc,6021448,030dca1c484b0a4aeabb2d0c9b440aaa885309fceca3f70da5628aaf07a9f3cd,47b676c94bc9e1e4b2b1f60ebe52cefc,"Sun, 02 Oct 2022 19:09:54 GMT"
S3A_OL_2_WFR____20221001T062332_20221001T062632_20221002T174150_0179_090_248_2520_MAR_O_NT_003.SEN3,geo_coordinates.nc,60084719,55e5faf1935aa26dbc07cae657e8ad3d95c9c916797adad2ff38e71c183f8913,384403862df8f0c4c7e4b489e483bf1e-8,"Sun, 02 Oct 2022 19:09:53 GMT"
S3A_OL_2_WFR____20221001T062332_20221001T062632_20221002T174150_0179_090_248_2520_MAR_O_NT_003.SEN3,tie_geo_coordinates.nc,1134284,59bd7029a26a30ec9dc224ff0c728c348c264df5455a1d02512f9d9e5013c48b,da6a3b2f823e425da8f775c0923c8d9e,"Sun, 02 Oct 2022 19:09:53 GMT"
S3A_OL_2_WFR____20221001T062332_20221001T062632_20221002T174150_0179_090_248_2520_MAR_O_NT_003.SEN3,wqsf.nc,6751958,197b22f6a6d90d7578c367de1666057d43a3d8884995712087a84a8db1131893,25c4a88729a5c2b5c8c01c9d242ee697,"Sun, 02 Oct 2022 19:09:53 GMT"
S3A_OL_2_WFR____20221002T055721_20221002T060021_20221003T175900_0179_090_262_2520_MAR_O_NT_003.SEN3,chl_oc4me.nc,8765011,791aad4868147f9a86602d132975d213dc798d33360624e85c05ca1a72bcd4ca,5d0e051969403e82f2698533b487278e-2,"Mon, 03 Oct 2022 18:48:29 GMT"
S3A_OL_2_WFR____20221002T055721_20221002T060021_20221003T175900_0179_090_262_2520_MAR_O_NT_003.SEN3,geo_coordinates.nc,58664159,c9f6a197b786cf1dd68b8fb590a0877ee16e0646fcd81bb58055fdac0dd5d198,7099f840d0fb9ee57a72470e6df76a4d-7,"Mon, 03 Oct 2022 18:48:28 GMT"
S3A_OL_2_WFR____20221002T055721_20221002T060021_20221003T175900_0179_090_262_2520_MAR_O_NT_003.SEN3,tie_geo_coordinates.nc,1134947,c8b0cc36f566b36765bb2962963b3a55b2fb5c6b327b72439f6e536127d64266,ecebf1c271be28e30678d21f0e1e2c2f,"Mon, 03 Oct 2022 18:48:27 GMT"
S3A_OL_2_WFR____20221002T055721_20221002T060021_20221003T175900_0179_090_262_2520_MAR_O_NT_003.SEN3,wqsf.nc,10224047,4953f03addc8aa25cf84a7e02b6fd04e1be241102235cc412c2cfce452d29492,3afb8ec69bc56586139a91e174940303-2,"Mon, 03 Oct 2022 18:48:27 GMT"
S3A_OL_2_WFR____20221004T064558_20221004T064858_20221005T181014_0179_090_291_2520_MAR_O_NT_003.SEN3,chl_oc4me.nc,4390058,3c01401283cf2e5a458a1d28b66fb68296835ce39d7e0d99a638e83f3d53bdf9,a8dfd0b9bbf1b6226667e453a6316d11,"Wed, 05 Oct 2022 20:24:41 GMT"
S3A_OL_2_WFR____20221004T064558_20221004T064858_20221005T181014_0179_090_291_2520_MAR_O_NT_003.SEN3,geo_coordinates.nc,59508828,91f36a4a6d6044d5973f19d4f0514ea8b8afc900cd798c299da8f1be6025e1b8,7d00357a6858022a51de3d9d925422d1-8,"Wed, 05 Oct 2022 20:24:40 GMT"
S3A_OL_2_WFR____20221004T064558_20221004T064858_20221005T181014_0179_090_291_2520_MAR_O_NT_003.SEN3,tie_geo_coordinates.nc,1138166,26b4da0d22e8a971470f8efe8aa56d6796aa786d10a932768abad1df76b53c7e,e6d5085e8f437897c7c102bd9226986f,"Wed, 05 Oct 2022 20:24:39 GMT"
S3A_OL_2_WFR____20221004T064558_20221004T064858_20221005T181014_0179_090_291_2520_MAR_O_NT_003.SEN3,wqsf.nc,5684114,d2239db90d8d21f9f7fb3ca2e167f15c4a92fca92d562686ccf3d9ba2436a52f,142f6b41a344bafbdabbb7f139a64b70,"Wed, 05 Oct 2022 20:24:40 GMT"
S3A_OL_2_WFR____20221005T061947_20221005T062247_20221006T175204_0179_090_305_2520_MAR_O_NT_003.SEN3,chl_oc4me.nc,7458370,5088a547b2c92984c4160412a4902230bd1dcdcde01b88fe4c3419a01fd5e500,472ba9ce77da43505f9ee1df4f35766a,"Thu, 06 Oct 2022 18:45:12 GMT"
S3A_OL_2_WFR____20221005T061947_20221005T062247_20221006T175204_0179_090_305_2520_MAR_O_NT_003.SEN3,geo_coordinates.nc,59948123,ad06a2c6e3f15009d769067795fb83dceae0dd0a71804e2791378d3f8ad0e27a,d76a326e65e36b71b40e3f47283b4735-8,"Thu, 06 Oct 2022 18:45:11 GMT"
S3A_OL_2_WFR____20221005T061947_20221005T062247_20221006T175204_0179_090_305_2520_MAR_O_NT_003.SEN3,tie_geo_coordinates.nc,1136265,505348d43e73eb1d75110ec7ce8778a755ebe6cd7684f589056210e675d88d1a,5f35e6dc2d15531a0c347a20b798ea3b,"Thu, 06 Oct 2022 18:45:10 GMT"
S3A_OL_2_WFR____20221005T061947_20221005T062247_20221006T175204_0179_090_305_2520_MAR_O_NT_003.SEN3,wqsf.nc,6812804,77ccd13ac07f9dcf76f80820a38c92ca6474a9bf16f5a1a73d3d9d0b0081fc73,1bb1c72f2050812d5a26239aa95586da,"Thu, 06 Oct 2022 18:45:11 GMT"
S3A_OL_2_WFR____20221006T055335_20221006T055635_20221007T190134_0179_090_319_2520_MAR_O_NT_003.SEN3,chl_oc4me.nc,10331806,484ee56d11c398342d12abdb3de7f6eaa478547409a05597f1e36b7218f309a4,ca8b4fd4575e7200ca5bf77a4bc31b47-2,"Fri, 07 Oct 2022 20:23:51 GMT"
S3A_OL_2_WFR____20221006T055335_20221006T055635_20221007T190134_0179_090_319_2520_MAR_O_NT_003.SEN3,geo_coordinates.nc,58309605,7955b4d05ffb8153ae20b7756db77c515d9867d394f11244c109a717d14cc6c7,d7e68fd4c8e72c70afd46004b46467de-7,"Fri, 07 Oct 2022 20:23:50 GMT"
S3A_OL_2_WFR____20221006T055335_20221006T055635_20221007T190134_0179_090_319_2520_MAR_O_NT_003.SEN3,tie_geo_coordinates.nc,1136645,1e048cb7e8b6eed0f01d04bd0c5633d0e227b7fcc5eb5989de1b7dab4850f621,628348bb6209b512d7a8dc968dd0b748,"Fri, 07 Oct 2022 20:23:50 GMT"
S3A_OL_2_WFR____20221006T055335_20221006T055635_20221007T190134_0179_090_319_2520_MAR_O_NT_003.SEN3,wqsf.nc,11459345,3c9b0f57dd2b4bab4cbde62ef77411940c57fdf0352483103319ec3310468125,ed34fe4157975e036fdc10f76960cce7-2,"Fri, 07 Oct 2022 20:23:49 GMT"
S3A_OL_2_WFR____20221008T064213_20221008T064513_20221009T184652_0179_090_348_2520_MAR_O_NT_003.SEN3,chl_oc4me.nc,4737226,122ec96a3f0cd82f2f056b6210a2622a8acb00c2be35d79857411b5fb9948ccc,66323090b7258f3f8f35cde4894fa948,"Sun, 09 Oct 2022 20:18:00 GMT"
S3A_OL_2_WFR____20221008T064213_20221008T064513_20221009T184652_0179_090_348_2520_MAR_O_NT_003.SEN3,geo_coordinates.nc,59675750,2fae968b2894c61f626a32fed8d30dfe4870bfac441053ab55506ad23ec6599d,11d008eb92cdbc753eb5f15b53af6642-8,"Sun, 09 Oct 2022 20:18:00 GMT"
S3A_OL_2_WFR____20221008T064213_20221008T064513_20221009T184652_0179_090_348_2520_MAR_O_NT_003.SEN3,tie_geo_coordinates.nc,1142368,e46bf60cb9bf0b5f29972cea563b9d24a7330ff56c82b4c2437c50564172d739,c1b6edf95b352757fb1b636ebff2b99b,"Sun, 09 Oct 2022 20:17:59 GMT"
S3A_OL_2_WFR____20221008T064213_20221008T064513_20221009T184652_0179_090_348_2520_MAR_O_NT_003.SEN3,wqsf.nc,5498554,53fba5fac60ccf6868eb137496fbd60291731258717019f2f88dd96eca63b36e,b49954cf942eda634402e1f46455aca7,"Sun, 09 Oct 2022 20:18:00 GMT"
S3A_OL_2_WFR____20221010T054952_20221010T055252_20221011T185720_0179_090_376_2520_MAR_O_NT_003.SEN3,chl_oc4me.nc,10789784,850a6e08d32db772b3742a2bcb0e204cc6958279c8044525c18c5516a4bf6e77,f90c2459c4177ebb6af06b6afea8d2d2-2,"Sun, 30 Oct 2022 04:06:12 GMT"
S3A_OL_2_WFR____20221010T054952_20221010T055252_20221011T185720_0179_090_376_2520_MAR_O_NT_003.SEN3,geo_coordinates.nc,57857924,de7963bb7fe9ed81ce2b6b7997b3816c5424ea2c4e87ca4c6e6441e416bdbaf8,6a0f09aeca69521fc99a7c77eb59aa5a-7,"Sun, 30 Oct 2022 04:06:12 GMT"
S3A_OL_2_WFR____20221010T054952_20221010T055252_20221011T185720_0179_090_376_2520_MAR_O_NT_003.SEN3,tie_geo_coordinates.nc,1141108,65c16db7d3cd01ae076c39d5e25bbc8c0a1f03009bd876576a737d4c1b5d7be6,f0549573cb672ce87c7da8c4ba1c5098,"Sun, 30 Oct 2022 04:06:12 GMT"
S3A_OL_2_WFR____20221010T054952_20221010T055252_20221011T185720_0179_090_376_2520_MAR_O_NT_003.SEN3,wqsf.nc,9311191,1a8e30a0a1db9e28d8f2401df0e0305240a7359d3cb6859774bf04d416b6c60f,5274cf6fcc74418b8243b11bec7961db-2,"Sun, 30 Oct 2022 04:06:10 GMT"
S3A_OL_2_WFR____20221012T063830_20221012T064130_20221013T191843_0179_091_020_2520_MAR_O_NT_003.SEN3,chl_oc4me.nc,5006092,78df6b69a319310baf2aeb74939a693f8c59531ed70f2af0d398d9db736b57c2,54ae022b1a7ffc85e94550a41f4fdcb5,"Mon, 31 Oct 2022 02:32:47 GMT"
S3A_OL_2_WFR____20221012T063830_20221012T064130_20221013T191843_0179_091_020_2520_MAR_O_NT_003.SEN3,geo_coordinates.nc,59892801,70626974ca620309b1e5c3e66121c267903cd27079a6b089482688272fd85a59,f7e57fe8c82cba815e0aeeabbc30d4dc-8,"Mon, 31 Oct 2022 02:32:46 GMT"
S3A_OL_2_WFR____20221012T063830_20221012T064130_20221013T191843_0179_091_020_2520_MAR_O_NT_003.SEN3,tie_geo_coordinates.nc,1138695,b527469a4a8a6daa2fcec535a4c99d0b61847c19246dcb6abba0d5a4ac67093c,279100ef038e3fb2b55cb283ee2bb220,"Mon, 31 Oct 2022 02:32:48 GMT"
S3A_OL_2_WFR____20221012T063830_20221012T064130_20221013T191843_0179_091_020_2520_MAR_O_NT_003.SEN3,wqsf.nc,5401176,2fd5844fb40e159d6b944c86a82414da45d6ef8fca29331bdadf3fbbaeae5b42,654648ae296b79d6aa8be0acb2660e01,"Mon, 31 Oct 2022 02:32:46 GMT"
S3A_OL_2_WFR____20221013T061219_20221013T061519_20221014T185253_0180_091_034_2520_MAR_O_NT_003.SEN3,chl_oc4me.nc,8404615,b4e7fbabf7337f849425e3d80cbbbba32baff0a7c4ac040a5a5e5f726c977481,be7df0735f39386e4f76e5495206a8d6-2,"Tue, 01 Nov 2022 01:47:30 GMT"
S3A_OL_2_WFR____20221013T061219_20221013T061519_20221014T185253_0180_091_034_2520_MAR_O_NT_003.SEN3,geo_coordinates.nc,59491074,b5a4a6d7795555077ab6ebf4746b9130d7ba484be25c80b2b0faa186f339fc72,cc16b2a0d2c5eb0ae2a5d2b6457f76af-8,"Tue, 01 Nov 2022 01:47:31 GMT"
S3A_OL_2_WFR____20221013T061219_20221013T061519_20221014T185253_0180_091_034_2520_MAR_O_NT_003.SEN3,tie_geo_coordinates.nc,1138997,93ad861bbec7700756d40fc7b7e48bee9d712112016b0eb54fc1b774d483ff80,d26239b204c826305bb0f8e5d40a3bf0,"Tue, 01 Nov 2022 01:47:30 GMT"
S3A_OL_2_WFR____20221013T061219_20221013T061519_20221014T185253_0180_091_034_2520_MAR_O_NT_003.SEN3,wqsf.nc,6521838,463531b7cc43116f6bce0d0b5dac6b1292e9505c65d75b615686a761faddb175,f5f1aab3df1dd4b8f6eae7cc58bab62d,"Tue, 01 Nov 2022 01:47:30 GMT"
S3A_OL_2_WFR____20221014T054608_20221014T054908_20221015T184408_0179_091_048_2520_MAR_O_NT_003.SEN3,chl_oc4me.nc,10231232,dda79d8c85c09934671f47088586164dd98cc16d551d1a1020bb525b09cd1793,874903e6bd3db0473f3f5209e73e16a7-2,"Mon, 07 Nov 2022 20:38:01 GMT"
S3A_OL_2_WFR____20221014T054608_20221014T054908_20221015T184408_0179_091_048_2520_MAR_O_NT_003.SEN3,geo_coordinates.nc,57536879,bc63665a5fa64a996351819becc07eb143fd4179527a84f90ecee890b0a7f911,53afb1a7261fe6724df18da8fd1ba048-7,"Mon, 07 Nov 2022 20:38:03 GMT"
S3A_OL_2_WFR____20221014T054608_20221014T054908_20221015T184408_0179_091_048_2520_MAR_O_NT_003.SEN3,tie_geo_coordinates.nc,1136413,8dcafbfac6059a71525d74aa90c73037ebdaf959c3e03863a3b2e95918d2ea29,a03c47ef876e8500842d74910df48f90,"Mon, 07 Nov 2022 20:38:03 GMT"
S3A_OL_2_WFR____20221014T054608_20221014T054908_20221015T184408_0179_091_048_2520_MAR_O_NT_003.SEN3,wqsf.nc,8146125,e85d5620c6e12cc75ccc6fafa400d71547d6a1191df74b81dc67932124ccf4f1,8d33f901f80ff16fead23151a6b756dc,"Mon, 07 Nov 2022 20:38:01 GMT"
S3B_OL_2_WFR____20220102T063632_20220102T063932_20220103T192228_0180_061_077_2520_MAR_O_NT_003.SEN3,chl_oc4me.nc,1374624,ec911721d83a9bdb86608d9137e217e263b2a3a489aa8291a46f1329f64ce161,2a7c94ab6ce94c048b64ce53264b825f,"Mon, 03 Jan 2022 20:09:06 GMT"
S3B_OL_2_WFR____20220102T063632_20220102T063932_20220103T192228_0180_061_077_2520_MAR_O_NT_003.SEN3,geo_coordinates.nc,60291111,11390f767f821e3facb0ec4424bf13cf16f44f07bd36a398d3c9090eec4a3176,ee68b1d06db2f252d01c9fc94655e250-8,"Mon, 03 Jan 2022 20:09:05 GMT"
S3B_OL_2_WFR____20220102T063632_20220102T063932_20220103T192228_0180_061_077_2520_MAR_O_NT_003.SEN3,tie_geo_coordinates.nc,1135542,03c8057cf5276843a836f887bfa778fdcd5787d708c812b5c39beb51b8792283,8e9da5d84d203b3545aaa7cefbac5842,"Mon, 03 Jan 2022 20:09:05 GMT"
S3B_OL_2_WFR____20220102T063632_20220102T063932_20220103T192228_0180_061_077_2520_MAR_O_NT_003.SEN3,wqsf.nc,3997605,6c3954a562e5c666222093d65e7d5c7bf80f6029b4b09f378dfe13f03451c02a,d8913699900816971f5f0045e223945d,"Mon, 03 Jan 2022 20:09:05 GMT"
S3B_OL_2_WFR____20220103T061021_20220103T061321_20220104T174656_0179_061_091_2520_MAR_O_NT_003.SEN3,chl_oc4me.nc,5488576,db463847d65cf39fd7f2f67f516771e66d3fac162a6dc350e49322330cb59074,2428b423d6d8511caf9ad9aaae62fa7c,"Tue, 04 Jan 2022 21:13:27 GMT"
S3B_OL_2_WFR____20220103T061021_20220103T061321_20220104T174656_0179_061_091_2520_MAR_O_NT_003.SEN3,geo_coordinates.nc,59891345,49b29c1d5db2a9128570e2052725ed14c255fc4a574a32bf67f7fc690daf201f,72184ee079d3618fcce3dddfbf3fb955-8,"Tue, 04 Jan 2022 21:13:26 GMT"
S3B_OL_2_WFR____20220103T061021_20220103T061321_20220104T174656_0179_061_091_2520_MAR_O_NT_003.SEN3,tie_geo_coordinates.nc,1134500,63b47bc06f3babb53f55642f15d69c5c91d45dea913a6337b1b3d1fd1721183c,5c5352c50b20a3490afca764d71929bb,"Tue, 04 Jan 2022 21:13:25 GMT"
S3B_OL_2_WFR____20220103T061021_20220103T061321_20220104T174656_0179_061_091_2520_MAR_O_NT_003.SEN3,wqsf.nc,8352487,e7c93ae62bb54aee52b12d68034271ae54c3127ad06d922bcc48bb8d18547e0e,63cd0bb30a5009c1043ae26d167472f9,"Tue, 04 Jan 2022 21:13:26 GMT"
S3B_OL_2_WFR____20220104T054410_20220104T054710_20220105T192109_0179_061_105_2520_MAR_O_NT_003.SEN3,chl_oc4me.nc,7223887,09c0e82cc3f52e08e11b474f66ed0fe868996be3a98d7c652859f9c5591231c1,7686db57b85a507fb9bc3d6882794c02,"Wed, 05 Jan 2022 23:53:18 GMT"
S3B_OL_2_WFR____20220104T054410_20220104T054710_20220105T192109_0179_061_105_2520_MAR_O_NT_003.SEN3,geo_coordinates.nc,58022131,306fcc55622410c6b89f7126d00a26d21ad5d76c6e1d227108fedd5bbe8f23e1,e73eddf556f7b0dfc2f5a66c3f3a9343-7,"Wed, 05 Jan 2022 23:53:17 GMT"
S3B_OL_2_WFR____20220104T054410_20220104T054710_20220105T192109_0179_061_105_2520_MAR_O_NT_003.SEN3,tie_geo_coordinates.nc,1133244,2ba8d18ec2bed9353bdd758a995a08c2f7e88e1e14cd6fe422c5c42b55dac3cb,02771d75eb6679e683168b214b6bd74f,"Wed, 05 Jan 2022 23:53:16 GMT"
S3B_OL_2_WFR____20220104T054410_20220104T054710_20220105T192109_0179_061_105_2520_MAR_O_NT_003.SEN3,wqsf.nc,8761016,cbf96b9c525d09127d6f1b0289fcdd3fa429663cd1c4c19b5d270e7539c898af,25d3d798ac38c205c53269df20d08821-2,"Wed, 05 Jan 2022 23:53:17 GMT"
S3B_OL_2_WFR____20220105T065859_20220105T070159_20220106T190256_0179_061_120_2520_MAR_O_NT_003.SEN3,tie_geo_coordinates.nc,1136687,8c809de3b1cf142907a117a5daa001c70bbfbe193360719a210ab0316af99225,c1be976a9032a5bd59cdd0c3fdaf5dca,"Thu, 06 Jan 2022 20:12:07 GMT"
S3B_OL_2_WFR____20220106T063247_20220106T063547_20220107T183141_0180_061_134_2520_MAR_O_NT_003.SEN3,chl_oc4me.nc,4664593,68cc642742f989e0f3ba2226a9aea1d19eda2888d66d357d70caf16b319aeac3,ed34934fe3e85523b933e87a16312485,"Fri, 07 Jan 2022 19:45:04 GMT"
S3B_OL_2_WFR____20220106T063247_20220106T063547_20220107T183141_0180_061_134_2520_MAR_O_NT_003.SEN3,geo_coordinates.nc,60470723,70115b88f6e8351e49237e90f994934a784e74819529a9f1e773fa18a7319afe,2ecf48e890f1093e98a133621858f2ce-8,"Fri, 07 Jan 2022 19:45:04 GMT"
S3B_OL_2_WFR____20220106T063247_20220106T063547_20220107T183141_0180_061_134_2520_MAR_O_NT_003.SEN3,tie_geo_coordinates.nc,1137029,529695c3419dbccfd93b4d72d48e20eb41a46530acab6e187932212cf6dbdc2e,ed507ef5e5a5420f15f308dc91397877,"Fri, 07 Jan 2022 19:45:03 GMT"
S3B_OL_2_WFR____20220106T063247_20220106T063547_20220107T183141_0180_061_134_2520_MAR_O_NT_003.SEN3,wqsf.nc,5720103,2df73415a0ce07e21add10981da1ce1e31b314440e38f0645ab23268e1d165c9,97c9fe23c6af4c520cec252a437514a9,"Fri, 07 Jan 2022 19:45:03 GMT"
S3B_OL_2_WFR____20220107T060636_20220107T060936_20220108T183928_0179_061_148_2520_MAR_O_NT_003.SEN3,chl_oc4me.nc,9453127,07e8062dd34b3e22ec42964c90be9cd55b10c9aa13a430773ed112eaad6f6954,7392a3182c98e0b253cbe263fb52d1a3-2,"Sat, 08 Jan 2022 19:38:28 GMT"
S3B_OL_2_WFR____20220107T060636_20220107T060936_20220108T183928_0179_061_148_2520_MAR_O_NT_003.SEN3,geo_coordinates.nc,59779743,9407edefbbf388ecd2ba697684a83f829c5de5df14ff503c52d0bd595fe930db,d48fc8f763363226d0e5ae567ce9d5b8-8,"Sat, 08 Jan 2022 19:38:27 GMT"
S3B_OL_2_WFR____20220107T060636_20220107T060936_20220108T183928_0179_061_148_2520_MAR_O_NT_003.SEN3,tie_geo_coordinates.nc,1134991,c86978c256e9848fc3e8af4c3cb482f8db29e88bc6326c1214baf7f61855c41e,23a2a4755df66cbee062959085ad7e0c,"Sat, 08 Jan 2022 19:38:27 GMT"
S3B_OL_2_WFR____20220107T060636_20220107T060936_20220108T183928_0179_061_148_2520_MAR_O_NT_003.SEN3,wqsf.nc,9041988,d35e6551953b526f910b259e8757e57e00d577d23c5a85f9841df49bcc91bc0b,586ff1ab3d48a903874bce037ee4f65b-2,"Sat, 08 Jan 2022 19:38:27 GMT"
S3B_OL_2_WFR____20220110T062902_20220110T063202_20220111T181449_0179_061_191_2520_MAR_O_NT_003.SEN3,chl_oc4me.nc,5500769,2b3607c1fe10cae63cfb032a93bf8fbab7c2151d4ec9eadbe3af362a4e72f3ce,64fd0e68727c40b1687259014eed7c53,"Tue, 11 Jan 2022 20:52:38 GMT"
S3B_OL_2_WFR____20220110T062902_20220110T063202_20220111T181449_0179_061_191_2520_MAR_O_NT_003.SEN3,geo_coordinates.nc,60474472,f96541ec30e484fb0be2a6a6fed4cf17d36797cda19d7ff157146e1ef0b9bbf4,01bfbfc93c7f17b71f12af0b9f708f2c-8,"Tue, 11 Jan 2022 20:52:37 GMT"
S3B_OL_2_WFR____20220110T062902_20220110T063202_20220111T181449_0179_061_191_2520_MAR_O_NT_003.SEN3,tie_geo_coordinates.nc,1140156,96f33d72e3e595f582d85f01bf534d4d6b83fa34fa276de65e3f596f5b6bf3bb,c199ae7214a2e9e7da6a93c361315d98,"Tue, 11 Jan 2022 20:52:37 GMT"
S3B_OL_2_WFR____20220110T062902_20220110T063202_20220111T181449_0179_061_191_2520_MAR_O_NT_003.SEN3,wqsf.nc,5284998,5ca68d83957c1cea1ead2dbc25bab33db807bb68d0d2b51939792bdd74685935,e4b5ff3ad0516d6780bf56f481eabff8,"Tue, 11 Jan 2022 20:52:37 GMT"
S3B_OL_2_WFR____20220113T065128_20220113T065428_20220114T183013_0179_061_234_2520_MAR_O_NT_003.SEN3,chl_oc4me.nc,3531088,aa6ebfe2147bb62245ec786c8c27921ac3420b78715d79fcc078c33a4340676b,b749ab2ad7c50594da3463b9259d0165,"Fri, 14 Jan 2022 19:45:41 GMT"
S3B_OL_2_WFR____20220113T065128_20220113T065428_20220114T183013_0179_061_234_2520_MAR_O_NT_003.SEN3,geo_coordinates.nc,59673243,faf3336255d01648e87441d11e6133e9dda0c6fd9e15dd86355ec6b592438da3,a63ebfcc917cf1c1dade4af803e747c6-8,"Fri, 14 Jan 2022 19:45:40 GMT"
S3B_OL_2_WFR____20220113T065128_20220113T065428_20220114T183013_0179_061_234_2520_MAR_O_NT_003.SEN3,tie_geo_coordinates.nc,1139906,9de125dc70104190bcebf97cbe60a928cc4252c66980cb0a54b6c5af45de883b,7acabee29b6c4a58ebcb28fec9c97107,"Fri, 14 Jan 2022 19:45:40 GMT"
S3B_OL_2_WFR____20220113T065128_20220113T065428_20220114T183013_0179_061_234_2520_MAR_O_NT_003.SEN3,wqsf.nc,4153590,f90fa7d5b4c2c3a3a58a6fe92df2f1e285f75a6b2a67081b8e4de49f0ea223bc,3ca0bf668ee1eb4cd7377777daa87616,"Fri, 14 Jan 2022 19:45:40 GMT"
S3B_OL_2_WFR____20220114T062517_20220114T062817_20220115T155200_0179_061_248_2520_MAR_O_NT_003.SEN3,chl_oc4me.nc,5348757,27da8ffd373bd1c2655c45e3dd961b64942791236e2f62cf24bdd7dce084d55f,71f65574c59e4c66868788d1e88bac90,"Sat, 15 Jan 2022 18:24:17 GMT"
S3B_OL_2_WFR____20220114T062517_20220114T062817_20220115T155200_0179_061_248_2520_MAR_O_NT_003.SEN3,geo_coordinates.nc,60480230,e5148d3563531dc7ee2731c8e00183c3eca1b66e616ac28353619059c8badd39,3ad43a7dfb8cc6c599e762109fc48307-8,"Sat, 15 Jan 2022 18:24:16 GMT"
S3B_OL_2_WFR____20220114T062517_20220114T062817_20220115T155200_0179_061_248_2520_MAR_O_NT_003.SEN3,tie_geo_coordinates.nc,1139223,31fe62b57562d6844ed92b1bf9a07d298033d879559e82f2eb00e6f72a215cd7,4cffca24a78bf69f2d80fd44eb4276b1,"Sat, 15 Jan 2022 18:24:16 GMT"
S3B_OL_2_WFR____20220114T062517_20220114T062817_20220115T155200_0179_061_248_2520_MAR_O_NT_003.SEN3,wqsf.nc,5001863,8b83ea20875ea378da08fb41b49fd75a87839bdd6611cbb6c5cc550c1aeaa4e7,ad66cb3824e23f4c821e0fd371f6a1a3,"Sat, 15 Jan 2022 18:24:16 GMT"
S3B_OL_2_WFR____20220115T055906_20220115T060206_20220116T163856_0180_061_262_2520_MAR_O_NT_003.SEN3,chl_oc4me.nc,10026458,599e88e917eb2c86f969c6f7946108bff1a7667e82fdfb5e7c91597e331e8e95,e34990713caa30dd62a66f0ba0d823b7-2,"Sun, 16 Jan 2022 17:39:00 GMT"
S3B_OL_2_WFR____20220115T055906_20220115T060206_20220116T163856_0180_061_262_2520_MAR_O_NT_003.SEN3,geo_coordinates.nc,59413580,3496c5a42cf1291c9bb882dce05c23478287182735d2ea82ac080c8a514ef323,9d7d1e894453ac84c2ebbedeee25ca7b-8,"Sun, 16 Jan 2022 17:39:00 GMT"
S3B_OL_2_WFR____20220115T055906_20220115T060206_20220116T163856_0180_061_262_2520_MAR_O_NT_003.SEN3,tie_geo_coordinates.nc,1132183,05fec0432e864da9188b152673fd2286a9a2da8ca50980d160ae16296040404f,bc78937ebf490542d90fdd214bf1acca,"Sun, 16 Jan 2022 17:38:59 GMT"
S3B_OL_2_WFR____20220115T055906_20220115T060206_20220116T163856_0180_061_262_2520_MAR_O_NT_003.SEN3,wqsf.nc,10612931,2806d9d937c0f5ad5606f226c790471705df70d56e8191eaa5c4f96e8c22ae52,1ccc176792a874049c6ca18ec689d4eb-2,"Sun, 16 Jan 2022 17:38:59 GMT"
S3B_OL_2_WFR____20220117T064744_20220117T065044_20220118T192914_0179_061_291_2520_MAR_O_NT_003.SEN3,chl_oc4me.nc,3600200,23847ccf0614f051b1b4dbd0b5e7136e0193716ce9447a15087b771de71caa6f,c7f2482b4758c4d942d015aed0b1c570,"Tue, 18 Jan 2022 20:25:39 GMT"
S3B_OL_2_WFR____20220117T064744_20220117T065044_20220118T192914_0179_061_291_2520_MAR_O_NT_003.SEN3,geo_coordinates.nc,59808761,864f735ce77b9e7e11b442dc699eee07c4bdc562318d6715e5a4f2c0e1fe0e0f,1a37e5ec0bcb150e77c57bc6d3078ded-8,"Tue, 18 Jan 2022 20:25:39 GMT"
S3B_OL_2_WFR____20220117T064744_20220117T065044_20220118T192914_0179_061_291_2520_MAR_O_NT_003.SEN3,tie_geo_coordinates.nc,1137709,2ece40d9d71a28f73a08529a4aa0baab9e54a53b5e52adac166d2b36d58c52f9,4ff28749a765af3dcbece1b31d422fe2,"Tue, 18 Jan 2022 20:25:38 GMT"
S3B_OL_2_WFR____20220117T064744_20220117T065044_20220118T192914_0179_061_291_2520_MAR_O_NT_003.SEN3,wqsf.nc,5041906,745000674e98954d1f6c00bb5aadf902f2259c6acb6c15a7ea0291a2f98754bd,4bc49cecd935ea89db44e5eab8c82f28,"Tue, 18 Jan 2022 20:25:38 GMT"
S3B_OL_2_WFR____20220118T062133_20220118T062433_20220119T191837_0179_061_305_2520_MAR_O_NT_003.SEN3,chl_oc4me.nc,4614685,027c7abd96e2eea193a0839010726ce5f3147445677adc04d09728c618e49037,31b3b17af104d274da58d92293b3ec30,"Wed, 19 Jan 2022 22:28:20 GMT"
S3B_OL_2_WFR____20220118T062133_20220118T062433_20220119T191837_0179_061_305_2520_MAR_O_NT_003.SEN3,geo_coordinates.nc,60473582,3a626a53ed230f7f8ff4281c03fb4a2054a894ee9b0a6faaec13a31edd52e695,140b80708dcd0a7551b6c6bbf4514845-8,"Wed, 19 Jan 2022 22:28:20 GMT"
S3B_OL_2_WFR____20220118T062133_20220118T062433_20220119T191837_0179_061_305_2520_MAR_O_NT_003.SEN3,tie_geo_coordinates.nc,1136940,780f17a0a014d27a6a419fcf4ad1ba113169578f52b6bd603251db109962d7db,b345a01c80877aab384ad7cc164b4d09,"Wed, 19 Jan 2022 22:28:19 GMT"
S3B_OL_2_WFR____20220118T062133_20220118T062433_20220119T191837_0179_061_305_2520_MAR_O_NT_003.SEN3,wqsf.nc,6515252,ef7a5f6b80f713bf868de0bbd6715ffa236575cd9e91f75f375cbeefbe708620,4f706df03b4b1407a49eee766f9291b7,"Wed, 19 Jan 2022 22:28:20 GMT"
S3B_OL_2_WFR____20220119T055522_20220119T055822_20220120T182719_0179_061_319_2520_MAR_O_NT_003.SEN3,chl_oc4me.nc,10086963,36c8b745a731be2b05548cc24d23ea96fc845022669a439a847c15f6492515bf,dec83f725bdc71c25a5cfc1f68da9389-2,"Thu, 20 Jan 2022 19:47:19 GMT"
S3B_OL_2_WFR____20220119T055522_20220119T055822_20220120T182719_0179_061_319_2520_MAR_O_NT_003.SEN3,geo_coordinates.nc,59126204,8caa61b599aede791ca27635aa738839b99e7100c0b95bade9f243ae6b4f21ba,8710a63bd183203682c6f7cf02bd9483-8,"Thu, 20 Jan 2022 19:47:18 GMT"
S3B_OL_2_WFR____20220119T055522_20220119T055822_20220120T182719_0179_061_319_2520_MAR_O_NT_003.SEN3,tie_geo_coordinates.nc,1138515,08245b7dce619824ed62268e420f3fa9ceaa8be47215b69743d69584c23388bb,e0964bfcf64d29e14b43de88df49c896,"Thu, 20 Jan 2022 19:47:18 GMT"
S3B_OL_2_WFR____20220119T055522_20220119T055822_20220120T182719_0179_061_319_2520_MAR_O_NT_003.SEN3,wqsf.nc,11093525,37221d6cb7895d4a7cffa7032a473ea31cd68384c3e12d844892e34fbb422611,d80721e5f8dfded4feb042d1782b1523-2,"Thu, 20 Jan 2022 19:47:18 GMT"
S3B_OL_2_WFR____20220121T064359_20220121T064659_20220122T184513_0179_061_348_2520_MAR_O_NT_003.SEN3,chl_oc4me.nc,3436426,9e843323bdb13a1cb03eefe7fbccb2fce014170e2ab23a71a4e191f8b41d2a94,40e2b125b832b49e8e54c140c91d396a,"Sat, 22 Jan 2022 20:48:38 GMT"
S3B_OL_2_WFR____20220121T064359_20220121T064659_20220122T184513_0179_061_348_2520_MAR_O_NT_003.SEN3,geo_coordinates.nc,60098193,7deddc4ca8934ec29ca4c158f29ab7ef9b5c4cef41d2baf1a96b36852b146580,eab7922778c5418701139fb4165bcccf-8,"Sat, 22 Jan 2022 20:48:37 GMT"
S3B_OL_2_WFR____20220121T064359_20220121T064659_20220122T184513_0179_061_348_2520_MAR_O_NT_003.SEN3,tie_geo_coordinates.nc,1137548,654929c6d0d3d6c701ec6cca2f794a4d70617d01f524c065c2cd983261bea5fe,c44e368fed9b238dce7d373fc3dde73c,"Sat, 22 Jan 2022 20:48:36 GMT"
S3B_OL_2_WFR____20220121T064359_20220121T064659_20220122T184513_0179_061_348_2520_MAR_O_NT_003.SEN3,wqsf.nc,5099272,2942ffed2876f10d8c31499b8639993e5691789b360e6682c4c4da7437ebf0db,07da8f524334113e775fe97da67989c8,"Sat, 22 Jan 2022 20:48:37 GMT"
S3B_OL_2_WFR____20220122T061748_20220122T062048_20220123T180519_0179_061_362_2520_MAR_O_NT_003.SEN3,chl_oc4me.nc,5629203,e9bb09f2dacd1cc9d2fe7abdd2b9e8568e071cdf9a73975522d20688fc75a40b,3302f512bc6df22f5981f39506894fae,"Sun, 23 Jan 2022 19:15:53 GMT"
S3B_OL_2_WFR____20220122T061748_20220122T062048_20220123T180519_0179_061_362_2520_MAR_O_NT_003.SEN3,geo_coordinates.nc,60459507,8e975c33f54defa57487844abd8d70d99c909d7ab6f74613c91044f111404c62,7b7f7f2d288d6d08a9a5b99debefc20b-8,"Sun, 23 Jan 2022 19:15:52 GMT"
S3B_OL_2_WFR____20220122T061748_20220122T062048_20220123T180519_0179_061_362_2520_MAR_O_NT_003.SEN3,tie_geo_coordinates.nc,1137103,d8cdc2275eec372616fbbf59fcd29f828cd2397a6989a85c24e14f1cbdbad56b,6d886cdb517bdb9d9040b7e76aa63bea,"Sun, 23 Jan 2022 19:15:51 GMT"
S3B_OL_2_WFR____20220122T061748_20220122T062048_20220123T180519_0179_061_362_2520_MAR_O_NT_003.SEN3,wqsf.nc,6825443,9a57e1924a6611b4c25f124c9d3aa766e21b77646f4f5d219425c05b6553a8d9,1e4b170bdb2d3fe33edc7327c6423606,"Sun, 23 Jan 2022 19:15:51 GMT"
S3B_OL_2_WFR____20220123T055137_20220123T055437_20220125T003026_0179_061_376_2520_MAR_O_NT_003.SEN3,chl_oc4me.nc,9491818,203e67aae1e6503623729242eef7bfcc78b4fb6c0b2011d9b12e6835f1a2135c,ec0696d2da96ad2d4c18b3c9f7ba325a-2,"Tue, 25 Jan 2022 01:47:45 GMT"
S3B_OL_2_WFR____20220123T055137_20220123T055437_20220125T003026_0179_061_376_2520_MAR_O_NT_003.SEN3,geo_coordinates.nc,58758019,2f21ccebca796c7efb10e0075c0fa11850794a52a198b5cecf6e120c3697dba9,de55f04257defe7f85f616d21492c7ba-8,"Tue, 25 Jan 2022 01:47:45 GMT"
S3B_OL_2_WFR____20220123T055137_20220123T055437_20220125T003026_0179_061_376_2520_MAR_O_NT_003.SEN3,tie_geo_coordinates.nc,1136594,41e703cf151a9512e7ad08bf3e7fcd8821f45bab6a0600273128eb99ad945393,e576617060971560841d8ac3cc0a26ab,"Tue, 25 Jan 2022 01:47:44 GMT"
S3B_OL_2_WFR____20220123T055137_20220123T055437_20220125T003026_0179_061_376_2520_MAR_O_NT_003.SEN3,wqsf.nc,10467865,8948d3cc753fb6dfc93dc9f1c351a650e8fd4a6c7ae3349212755789d255f3a0,e407b4bbec7cddd5cccd143cba52f464-2,"Tue, 25 Jan 2022 01:47:44 GMT"
S3B_OL_2_WFR____20220125T064014_20220125T064314_20220126T184759_0179_062_020_2520_MAR_O_NT_003.SEN3,chl_oc4me.nc,5012181,50143766e08b4ed718c1e2b4f2bcc9aed41791c72923524f0a1ce99ed13ebca0,64f8e99f80591ceba79dee98a29fad59,"Wed, 26 Jan 2022 19:39:40 GMT"
S3B_OL_2_WFR____20220125T064014_20220125T064314_20220126T184759_0179_062_020_2520_MAR_O_NT_003.SEN3,geo_coordinates.nc,60231092,ac25327d48cecebe87b93ea70854f57fbf14be53d14068b71a7ce404bc151c73,5ce40a38d611d95a14e4df0ec5c8b426-8,"Wed, 26 Jan 2022 19:39:39 GMT"
S3B_OL_2_WFR____20220125T064014_20220125T064314_20220126T184759_0179_062_020_2520_MAR_O_NT_003.SEN3,tie_geo_coordinates.nc,1138349,b7bd9923f531d066bc82192ab3b1a4d2ded1dd2794d441817aea02d2ec5c568e,b1f759c86c9468fed7ed0bcb135e56be,"Wed, 26 Jan 2022 19:39:39 GMT"
S3B_OL_2_WFR____20220125T064014_20220125T064314_20220126T184759_0179_062_020_2520_MAR_O_NT_003.SEN3,wqsf.nc,4753307,678c848bf95a391c5085e810af8f92233591042373f7485c5924076233657ab9,d294366e575a38141dd36b55e4b027f6,"Wed, 26 Jan 2022 19:39:39 GMT"
S3B_OL_2_WFR____20220126T061403_20220126T061703_20220127T155733_0179_062_034_2520_MAR_O_NT_003.SEN3,chl_oc4me.nc,8767411,82700c16bba268566ad6c65f9abbc75313efe7f7765444f5eea5869f90f47f1b,8b8e46024214ee4decd6e68dcb0ed03f-2,"Thu, 27 Jan 2022 17:10:08 GMT"
S3B_OL_2_WFR____20220126T061403_20220126T061703_20220127T155733_0179_062_034_2520_MAR_O_NT_003.SEN3,geo_coordinates.nc,60258185,5e1f2403bec000e98c815427d5108d02bf8ca6186b7bb4c1950b769c48a56c0a,18044b0072c1472b61444414ca88b60c-8,"Thu, 27 Jan 2022 17:10:07 GMT"
S3B_OL_2_WFR____20220126T061403_20220126T061703_20220127T155733_0179_062_034_2520_MAR_O_NT_003.SEN3,tie_geo_coordinates.nc,1137455,dc16d460aa3919c5d4b6591e4e9593b04cc0179d463621530145abccabd5b578,33e32bb50a6f7270a8e2ec9dc9388453,"Thu, 27 Jan 2022 17:10:07 GMT"
S3B_OL_2_WFR____20220126T061403_20220126T061703_20220127T155733_0179_062_034_2520_MAR_O_NT_003.SEN3,wqsf.nc,6905714,89850a8542774cc410f69ed3f8edcfc86a9e4a04d9fca62d3d935cd94b45b5cf,dfc5bbeb512f06dfc9e1dc29d5261334,"Thu, 27 Jan 2022 17:10:07 GMT"
S3B_OL_2_WFR____20220127T054752_20220127T055052_20220128T164336_0180_062_048_2520_MAR_O_NT_003.SEN3,chl_oc4me.nc,11526458,bc3fab65911aa1a12557e426db76a0a5b97fee9184b16e0de026848d83567712,732722cec453ac13e77fb9ae69cedb9e-2,"Sun, 30 Jan 2022 09:08:27 GMT"
S3B_OL_2_WFR____20220127T054752_20220127T055052_20220128T164336_0180_062_048_2520_MAR_O_NT_003.SEN3,geo_coordinates.nc,58427527,6c50f9da8aa2c03d65df1d2ee3c12e98d3f82bfe92e43f6ec97f221d39e0376b,29b788427b5cb636d16e8e3835b5dae1-7,"Sun, 30 Jan 2022 09:08:27 GMT"
S3B_OL_2_WFR____20220127T054752_20220127T055052_20220128T164336_0180_062_048_2520_MAR_O_NT_003.SEN3,tie_geo_coordinates.nc,1136331,8e80ee54669541b90c11415b21bf6a34103bb5684da78ddc27f4f6f7d55b11ab,5a9e100d9f3aa3794eee72cd21ea3d1b,"Sun, 30 Jan 2022 09:08:27 GMT"
S3B_OL_2_WFR____20220127T054752_20220127T055052_20220128T164336_0180_062_048_2520_MAR_O_NT_003.SEN3,wqsf.nc,6939588,017e8e35c1a6828b8ac851be77cfba3994b8eeb7f33db0183d7d00ae9e7f56ea,cf6828141badf441373d09a48625c654,"Sun, 30 Jan 2022 09:08:26 GMT"
S3B_OL_2_WFR____20220129T063629_20220129T063929_20220130T165618_0179_062_077_2520_MAR_O_NT_003.SEN3,chl_oc4me.nc,3436686,a4427761199ddc863e38b7e8325e58de7e4d4ed81f12156e2f9d81c2ce9edc83,27104f16483d4ecb6c013ef7e9e8af46,"Sun, 30 Jan 2022 18:00:01 GMT"
S3B_OL_2_WFR____20220129T063629_20220129T063929_20220130T165618_0179_062_077_2520_MAR_O_NT_003.SEN3,geo_coordinates.nc,60402938,d95301ba3bf0a1f8e1620d43f31d6ea35823a68c619ef15950e5cb02e5727ffd,1a43e4ba600826fbb9ecf72cf60e0e36-8,"Sun, 30 Jan 2022 18:00:01 GMT"
S3B_OL_2_WFR____20220129T063629_20220129T063929_20220130T165618_0179_062_077_2520_MAR_O_NT_003.SEN3,tie_geo_coordinates.nc,1137415,43131e15da4a5180e8d772b670073893d4869102a0574a9840945acf5a0fb0eb,d78f568e1ae86c92f2f4830561e52c05,"Sun, 30 Jan 2022 18:00:00 GMT"
S3B_OL_2_WFR____20220129T063629_20220129T063929_20220130T165618_0179_062_077_2520_MAR_O_NT_003.SEN3,wqsf.nc,4866941,ea5d88c9ed0b1fa90ff4b11525356dee838e7080b64623c0385475f7cbc2eded,934a9d964a58e93ad119d8142eabe3f4,"Sun, 30 Jan 2022 18:00:01 GMT"
S3B_OL_2_WFR____20220130T061017_20220130T061317_20220131T195445_0179_062_091_2520_MAR_O_NT_003.SEN3,chl_oc4me.nc,9265344,8c938656aa4448730b3876a1cf1e7408afb9e409a6af3fbb251672e1d97281f6,4df94734466a1b14e0964b47a1362747-2,"Mon, 31 Jan 2022 21:35:16 GMT"
S3B_OL_2_WFR____20220130T061017_20220130T061317_20220131T195445_0179_062_091_2520_MAR_O_NT_003.SEN3,geo_coordinates.nc,60001341,d2637539a5ba18faaac35703ccc6c6b7310becb8710046c30a83b8aa9eb98b80,ebfaeaa6ff047afb31b6e0033fd926c9-8,"Mon, 31 Jan 2022 21:35:16 GMT"
S3B_OL_2_WFR____20220130T061017_20220130T061317_20220131T195445_0179_062_091_2520_MAR_O_NT_003.SEN3,tie_geo_coordinates.nc,1132897,e31fbb60ef0dad212870f42a550f2513d96ffe156b5f42775455fec9f136b6f7,a8e7f20dce06ac3a9f999be8d1a5c0fa,"Mon, 31 Jan 2022 21:35:15 GMT"
S3B_OL_2_WFR____20220130T061017_20220130T061317_20220131T195445_0179_062_091_2520_MAR_O_NT_003.SEN3,wqsf.nc,7444997,fc83ba81db772401cb5f66a3bb356dd2005a97eeb62d1787ff554c855c9ff50e,f4e1e6f329d126ea5b7ae42e1fe4913b,"Mon, 31 Jan 2022 21:35:15 GMT"
S3B_OL_2_WFR____20220131T054406_20220131T054706_20220201T184748_0179_062_105_2520_MAR_O_NT_003.SEN3,chl_oc4me.nc,11788874,2e90e202e69e0560a9ccbb49c4e52c29d9a3c70f95feb80d4a2978e67c2903b1,1f91e97b52efc1df8ce9183ee455ed0a-2,"Tue, 01 Feb 2022 20:55:57 GMT"
S3B_OL_2_WFR____20220131T054406_20220131T054706_20220201T184748_0179_062_105_2520_MAR_O_NT_003.SEN3,geo_coordinates.nc,58142707,63c4dd8d60202a04994e5b443b03da2c8ef290b3539006f777a9d2541056f0a6,af91baee5dca04146bb4e33eef99e371-7,"Tue, 01 Feb 2022 20:55:57 GMT"
S3B_OL_2_WFR____20220131T054406_20220131T054706_20220201T184748_0179_062_105_2520_MAR_O_NT_003.SEN3,tie_geo_coordinates.nc,1140433,a39fda5a3e49c4483f448109a7ece840c7bac908ad98ba840487d0d1cab52c4b,465d820c0d3cf101e64c26bc4454dcc8,"Tue, 01 Feb 2022 20:55:56 GMT"
S3B_OL_2_WFR____20220131T054406_20220131T054706_20220201T184748_0179_062_105_2520_MAR_O_NT_003.SEN3,wqsf.nc,8485505,c0e67c3a86158196887ad7e87d22585dbdc2b74a6703e5357b2a691b29251dd2,9cab323d9f887fc310f0130a22bad715-2,"Tue, 01 Feb 2022 20:55:56 GMT"
S3B_OL_2_WFR____20220201T065855_20220201T070155_20220202T185658_0179_062_120_2520_MAR_O_NT_003.SEN3,tie_geo_coordinates.nc,1138390,aa140a293bcd85893fde73079191146b9c489020289f578dce330fc768f6f935,b81ed2e3eef54df3f2b21569b1c55151,"Wed, 02 Feb 2022 19:47:34 GMT"
S3B_OL_2_WFR____20220202T063243_20220202T063543_20220203T183029_0179_062_134_2520_MAR_O_NT_003.SEN3,chl_oc4me.nc,5586093,19b3fae639098f1191994531cf299d35fcdf45a2c2a331d51346176b2919ed0b,9b75836b0b7549d6d8ff08f538cba97d,"Thu, 03 Feb 2022 20:56:54 GMT"
S3B_OL_2_WFR____20220202T063243_20220202T063543_20220203T183029_0179_062_134_2520_MAR_O_NT_003.SEN3,geo_coordinates.nc,60568872,982bb642c5e912fd579406a0598afd21a1d0e9fa8d4129ba637d2c7a53203194,dc723ff23352e8f621cfcf31d13cacf6-8,"Thu, 03 Feb 2022 20:56:53 GMT"
S3B_OL_2_WFR____20220202T063243_20220202T063543_20220203T183029_0179_062_134_2520_MAR_O_NT_003.SEN3,tie_geo_coordinates.nc,1136196,4a8fca5048f9f8a22f3285c8e868da2212b51a160019d3d2f142e1a161b7b028,f1cb9f925489411a675ed27935ebe678,"Thu, 03 Feb 2022 20:56:52 GMT"
S3B_OL_2_WFR____20220202T063243_20220202T063543_20220203T183029_0179_062_134_2520_MAR_O_NT_003.SEN3,wqsf.nc,5376850,6673e28c9a21f123107eb48c5ab9c161c797142f4a43d5cb6df14167ed991af8,4c032232af477366e60f460b80c8cb85,"Thu, 03 Feb 2022 20:56:53 GMT"
S3B_OL_2_WFR____20220203T060633_20220203T060933_20220204T155959_0179_062_148_2520_MAR_O_NT_003.SEN3,chl_oc4me.nc,9936700,49ddc5412ad0f6de7baa8b6b19d06a9fd87d84302a43288b999266871132a248,630e1c254e6569674febdd8594bb5b86-2,"Fri, 04 Feb 2022 18:29:18 GMT"
S3B_OL_2_WFR____20220203T060633_20220203T060933_20220204T155959_0179_062_148_2520_MAR_O_NT_003.SEN3,geo_coordinates.nc,59918704,8d9f871bb59515c9963065e2019d87dc76d731315d1b3473b8980139579c825f,3bf5099a9fddad3a40f1b62c0658149b-8,"Fri, 04 Feb 2022 18:29:18 GMT"
S3B_OL_2_WFR____20220203T060633_20220203T060933_20220204T155959_0179_062_148_2520_MAR_O_NT_003.SEN3,tie_geo_coordinates.nc,1130470,9bbf3b086aa34d34e731d68bec6bbe3033f6e33bbb144e1b2c8af4950122ed06,a125d9466df740b39a7b2835ea71c6b0,"Fri, 04 Feb 2022 18:29:17 GMT"
S3B_OL_2_WFR____20220203T060633_20220203T060933_20220204T155959_0179_062_148_2520_MAR_O_NT_003.SEN3,wqsf.nc,10077307,0b5358ff4f0aecfcb5c09c01e66d3475d2cc8145e57dfe0cac47cef7fc36433f,e9067b966039028f1f7ea9c8c4ac7e89-2,"Fri, 04 Feb 2022 18:29:17 GMT"
S3B_OL_2_WFR____20220204T054022_20220204T054322_20220205T164610_0179_062_162_2520_MAR_O_NT_003.SEN3,chl_oc4me.nc,11673324,e52d8f2d2e60a6bed67e8ca84dcb8e6400d34f2e4e375e5dee63d289687a6cf3,3ebf04baa0cd559962a8d2c414d4ace5-2,"Sat, 05 Feb 2022 18:59:35 GMT"
S3B_OL_2_WFR____20220204T054022_20220204T054322_20220205T164610_0179_062_162_2520_MAR_O_NT_003.SEN3,geo_coordinates.nc,57964832,dd5650b3c60a0d79ae24d4010b9d5b85c7a60d09a9b083bfaa631223824242ef,3909579508d951af75e9158e70557c9b-7,"Sat, 05 Feb 2022 18:59:35 GMT"
S3B_OL_2_WFR____20220204T054022_20220204T054322_20220205T164610_0179_062_162_2520_MAR_O_NT_003.SEN3,tie_geo_coordinates.nc,1137343,f5614c70ce0ea04170d0b6087f98f250978c3288519c8ca867dbbb1b88eaade8,5d01925aa649eb82191db73e101db6b9,"Sat, 05 Feb 2022 18:59:34 GMT"
S3B_OL_2_WFR____20220204T054022_20220204T054322_20220205T164610_0179_062_162_2520_MAR_O_NT_003.SEN3,wqsf.nc,8112946,141e4d6de9d7294268b4b47c9b6ca4573f555a09346c8b655549fe99942d1403,a7354f831e603613a1ba9bd2fb190e03,"Sat, 05 Feb 2022 18:59:34 GMT"
S3B_OL_2_WFR____20220205T065511_20220205T065811_20220206T174721_0179_062_177_2520_MAR_O_NT_003.SEN3,tie_geo_coordinates.nc,1136982,1b3e5defdbfe547ee0793d43c7fd6b104230a3cacd01627fd1ab093b1687bf2d,5ae94a026ff704e5dadb33c11f0c7f92,"Sun, 06 Feb 2022 18:46:04 GMT"
S3B_OL_2_WFR____20220206T062900_20220206T063200_20220207T190852_0179_062_191_2520_MAR_O_NT_003.SEN3,chl_oc4me.nc,5946659,4b94a41b06e1b97ac24535d5816f028b660c1cc2739666adf63d9f036f57fc71,85beb3e3916e5795362c0bd344478b66,"Mon, 07 Feb 2022 20:22:12 GMT"
S3B_OL_2_WFR____20220206T062900_20220206T063200_20220207T190852_0179_062_191_2520_MAR_O_NT_003.SEN3,geo_coordinates.nc,60587065,755089d91fbf02a5369df4b886d36626d8fc5bb30d85bf5d87bd6ff39b43f781,814e2bfecb49459602005cf8a24e0cb9-8,"Mon, 07 Feb 2022 20:22:12 GMT"
S3B_OL_2_WFR____20220206T062900_20220206T063200_20220207T190852_0179_062_191_2520_MAR_O_NT_003.SEN3,tie_geo_coordinates.nc,1135973,68d05cb2ede644a32043612088fdb8d44d12f630a57f2a17e559648f6a427842,bc3c864f30cc60f8bc7dce30dbe3873f,"Mon, 07 Feb 2022 20:22:11 GMT"
S3B_OL_2_WFR____20220206T062900_20220206T063200_20220207T190852_0179_062_191_2520_MAR_O_NT_003.SEN3,wqsf.nc,5873782,d38b6fd0837a71c5e020af8f25cd3177d276fd40e2226245579d7c51223dd65b,4fa35bad908abbe7e7d15a7c8d009186,"Mon, 07 Feb 2022 20:22:11 GMT"
S3B_OL_2_WFR____20220207T060249_20220207T060549_20220208T180925_0179_062_205_2520_MAR_O_NT_003.SEN3,chl_oc4me.nc,11172614,523e981136c6e18947f4830c27a39139adcd6ea20dd4d334fdb8eee05e9722dd,781ff8f6055c4dc485fe392d08f9076f-2,"Tue, 08 Feb 2022 19:37:54 GMT"
S3B_OL_2_WFR____20220207T060249_20220207T060549_20220208T180925_0179_062_205_2520_MAR_O_NT_003.SEN3,geo_coordinates.nc,59757201,39dc7d1e26689b6ee70780e16aa854c69afae92636b6342afdcf5c16288d2c61,007096cdc1380f1e46fb2ca81229743d-8,"Tue, 08 Feb 2022 19:37:54 GMT"
S3B_OL_2_WFR____20220207T060249_20220207T060549_20220208T180925_0179_062_205_2520_MAR_O_NT_003.SEN3,tie_geo_coordinates.nc,1130565,c12b2281d351d105a8c6f398183dfb666a8de2dc7c9a00c0a4452b6b0622b7e1,bc072467dfca63990a2a1523adc8c4e3,"Tue, 08 Feb 2022 19:37:53 GMT"
S3B_OL_2_WFR____20220207T060249_20220207T060549_20220208T180925_0179_062_205_2520_MAR_O_NT_003.SEN3,wqsf.nc,10099652,de052ed4f8591ab056f8bf0f7afdc30d25896c5a19583635e97c9f1400020bae,25ad9bdad21790ce0ce5922da2e348d6-2,"Tue, 08 Feb 2022 19:37:53 GMT"
S3B_OL_2_WFR____20220208T053639_20220208T053939_20220209T180032_0179_062_219_2520_MAR_O_NT_003.SEN3,tie_geo_coordinates.nc,1136593,eaf64660ba07730f18f9a314c58937ff3c4e49c23abf215d0c4d3a7785b5d453,7bad9a948f8da70b1c76e9ee94805753,"Wed, 09 Feb 2022 21:19:25 GMT"
S3B_OL_2_WFR____20220209T065127_20220209T065427_20220210T190704_0179_062_234_2520_MAR_O_NT_003.SEN3,chl_oc4me.nc,3419239,c6bbce932db564729fc935457e4eaf039a49bde3a8a195cd397f8983137090a9,59d3d604653926cbc5c38e7bd551c39c,"Thu, 10 Feb 2022 20:10:53 GMT"
S3B_OL_2_WFR____20220209T065127_20220209T065427_20220210T190704_0179_062_234_2520_MAR_O_NT_003.SEN3,geo_coordinates.nc,59757443,9d7acb2b3326bbf734398fbab6cb4a90424299fbc2131f98136a314cfa56934f,f9d85801c1ec97dcbb22f5e304513061-8,"Thu, 10 Feb 2022 20:10:52 GMT"
S3B_OL_2_WFR____20220209T065127_20220209T065427_20220210T190704_0179_062_234_2520_MAR_O_NT_003.SEN3,tie_geo_coordinates.nc,1138003,c7fd8a7e5a9554b805c0289d6c099ece42976be102e9229dec3bfbe2892d2310,9e67a787e166d6df4217699db9c1dc60,"Thu, 10 Feb 2022 20:10:52 GMT"
S3B_OL_2_WFR____20220209T065127_20220209T065427_20220210T190704_0179_062_234_2520_MAR_O_NT_003.SEN3,wqsf.nc,3912728,1b9c85016655c509e9e4a0ef97195eb6c3e304bf4707a5b7653cfcb3f8a142ce,e4b048e72b96ad69a3acdca5e99ffe01,"Thu, 10 Feb 2022 20:10:52 GMT"
S3B_OL_2_WFR____20220210T062516_20220210T062816_20220211T161335_0179_062_248_2520_MAR_O_NT_003.SEN3,chl_oc4me.nc,6581139,311101ada697fdaefe4206332af7ed6cda3681277398e9630add6766d1a4b43e,8736115a4c9469fe07f9a843d9fc5fb0,"Fri, 11 Feb 2022 20:28:56 GMT"
S3B_OL_2_WFR____20220210T062516_20220210T062816_20220211T161335_0179_062_248_2520_MAR_O_NT_003.SEN3,geo_coordinates.nc,60616514,bece809fa29b8454aace4f227d32a72bbb39d1b08bacbd9ba05705b0b2bf9e89,5d81064c2ce7de55d8a4c5f6942b17d8-8,"Fri, 11 Feb 2022 20:28:56 GMT"
S3B_OL_2_WFR____20220210T062516_20220210T062816_20220211T161335_0179_062_248_2520_MAR_O_NT_003.SEN3,tie_geo_coordinates.nc,1139318,26565a25c5097bdbfb9bdc3d3ee4106ad58bb49389120388caa384ab657991cb,d8961917035676df0e7fde2878faea20,"Fri, 11 Feb 2022 20:28:54 GMT"
S3B_OL_2_WFR____20220210T062516_20220210T062816_20220211T161335_0179_062_248_2520_MAR_O_NT_003.SEN3,wqsf.nc,5560617,391f4feab73b7acd159f2e77de2c86c44a98be98fad2d807cf3fe28a94767302,dc00f640229a4cde6b759f38df3c5f82,"Fri, 11 Feb 2022 20:28:55 GMT"
S3B_OL_2_WFR____20220211T055906_20220211T060206_20220212T171426_0179_062_262_2520_MAR_O_NT_003.SEN3,chl_oc4me.nc,11258914,1175ca62c7646f037591d4a76f52bd158e3fd6aa8e0bb39dc8c4c013b2dd392f,3e5830540f254318ec068ea459cad621-2,"Sat, 12 Feb 2022 19:39:48 GMT"
S3B_OL_2_WFR____20220211T055906_20220211T060206_20220212T171426_0179_062_262_2520_MAR_O_NT_003.SEN3,geo_coordinates.nc,59495666,9b9bcbae98fe14aa4d1b543c49b364b41cecb4fac5eb2929c906b8540c07d57f,efd5a43b229ca09f15acab90d58ade8f-8,"Sat, 12 Feb 2022 19:39:48 GMT"
S3B_OL_2_WFR____20220211T055906_20220211T060206_20220212T171426_0179_062_262_2520_MAR_O_NT_003.SEN3,tie_geo_coordinates.nc,1136795,6cae9b352692b64ab0bbccb87e152164aab3e889df51484b146f5393b5476f17,1cbd03c576b201e24b7da95c27bc6207,"Sat, 12 Feb 2022 19:39:47 GMT"
S3B_OL_2_WFR____20220211T055906_20220211T060206_20220212T171426_0179_062_262_2520_MAR_O_NT_003.SEN3,wqsf.nc,7752927,ad789d82c233f4a6adfd00f895fd8c73fc77f3cec3114e112634e4f35e650ad2,44e3426f55955b41c61d26fffe93b151,"Sat, 12 Feb 2022 19:39:47 GMT"
S3B_OL_2_WFR____20220213T064744_20220213T065044_20220214T194605_0179_062_291_2520_MAR_O_NT_003.SEN3,chl_oc4me.nc,3491837,f4ef6f7f1e686424d4f8b8e6ace13c73e489bce5ce1af3ccf544f6bc0ab9d331,6ca3b05c85c4926c171851991552216d,"Wed, 16 Feb 2022 23:26:51 GMT"
S3B_OL_2_WFR____20220213T064744_20220213T065044_20220214T194605_0179_062_291_2520_MAR_O_NT_003.SEN3,geo_coordinates.nc,59926514,80dfe17604b5f121644cad385ee8aa298bbe9b493d72b6dead1ea0e5162251a0,bc2bff5c0e13004c0437bc8ab688b774-8,"Wed, 16 Feb 2022 23:26:51 GMT"
S3B_OL_2_WFR____20220213T064744_20220213T065044_20220214T194605_0179_062_291_2520_MAR_O_NT_003.SEN3,tie_geo_coordinates.nc,1138619,d2092f84b7f3f0f93289775dcb45eb71e832fcb9d1b80239f78777c3ea927646,7c7a46708c21325a6eb184f7c02c50c3,"Wed, 16 Feb 2022 23:26:51 GMT"
S3B_OL_2_WFR____20220213T064744_20220213T065044_20220214T194605_0179_062_291_2520_MAR_O_NT_003.SEN3,wqsf.nc,4980736,db9c0d3879f57aa8adc2b313e3d7f0b43790e620b660e091edd879cd39ab931f,876efe2a8446bab57f538cfb8b787529,"Wed, 16 Feb 2022 23:26:51 GMT"
S3B_OL_2_WFR____20220217T064400_20220217T064700_20220218T172903_0179_062_348_2520_MAR_O_NT_003.SEN3,chl_oc4me.nc,4345317,848d9b58d38edcc01227a5b52bb1101c46db5484362747fdfd3ba5954d92ce2b,caf262e8ba65590d05941410c1cbde43,"Sun, 20 Feb 2022 12:57:30 GMT"
S3B_OL_2_WFR____20220217T064400_20220217T064700_20220218T172903_0179_062_348_2520_MAR_O_NT_003.SEN3,geo_coordinates.nc,60064249,aa74ae31cac702c65a7df63c1ccd2bfe405827c8dbb685843fc2a1329fae37ae,3448d2458b7a2f36abee2a0cf6a3d7ad-8,"Sun, 20 Feb 2022 12:57:30 GMT"
S3B_OL_2_WFR____20220217T064400_20220217T064700_20220218T172903_0179_062_348_2520_MAR_O_NT_003.SEN3,tie_geo_coordinates.nc,1138943,5bc3739b798b903d31a6f8c6a7111779cb159f5c4279cebfdd671b23fa5a7d03,d846016b3adf670ae7852495e02d2862,"Sun, 20 Feb 2022 12:57:30 GMT"
S3B_OL_2_WFR____20220217T064400_20220217T064700_20220218T172903_0179_062_348_2520_MAR_O_NT_003.SEN3,wqsf.nc,4721192,e44e2844ef16a3b86c1cd5c15d05eff16fd490f9a181d64152bc29c8bf4e200b,f7e51ae6720835cb93a33dc7fb263c5a,"Sun, 20 Feb 2022 12:57:30 GMT"
S3B_OL_2_WFR____20220218T061749_20220218T062049_20220219T164042_0179_062_362_2520_MAR_O_NT_003.SEN3,chl_oc4me.nc,8363712,ae97f2f750bdfdbebcb75cf88dce008ea97f6bcc3423ead0cc80233e74bb8c77,75ae4b3e072aba22e438a53c2837e8f4,"Mon, 21 Feb 2022 17:43:15 GMT"
S3B_OL_2_WFR____20220218T061749_20220218T062049_20220219T164042_0179_062_362_2520_MAR_O_NT_003.SEN3,geo_coordinates.nc,60437933,873822e66a174bed7cc121f03fe77ce89edf227740e905085be861eee493f24b,ac95a35b4cea00bb6d7f2e8d9799b78b-8,"Mon, 21 Feb 2022 17:43:15 GMT"
S3B_OL_2_WFR____20220218T061749_20220218T062049_20220219T164042_0179_062_362_2520_MAR_O_NT_003.SEN3,tie_geo_coordinates.nc,1138283,d963636b102147b44fb34f05e9802102aed5fdbece68ba3afde5f345e6e054a1,24508191c649662adcf592bfe192e8e2,"Mon, 21 Feb 2022 17:43:15 GMT"
S3B_OL_2_WFR____20220218T061749_20220218T062049_20220219T164042_0179_062_362_2520_MAR_O_NT_003.SEN3,wqsf.nc,6369186,c269af6003fc12c8fa44e79cbf630896887731f3d2296ebcddacaef96bddb60d,5a4324900b38d0a865a96288eb78303d,"Mon, 21 Feb 2022 17:43:15 GMT"
S3B_OL_2_WFR____20220219T055138_20220219T055438_20220220T152510_0179_062_376_2520_MAR_O_NT_003.SEN3,chl_oc4me.nc,12214734,7e439018c9def7d323df893298d96a600ffe28580b16066c646350b3ece90cd7,ce28fcd44ada23707ad885ebf1b7d66d-2,"Tue, 22 Feb 2022 13:35:07 GMT"
S3B_OL_2_WFR____20220219T055138_20220219T055438_20220220T152510_0179_062_376_2520_MAR_O_NT_003.SEN3,geo_coordinates.nc,58773171,d47f16f721e89e75292f2387fa97eff975d59ade4c81b12391325d236609996d,18a07c2f7228edd2f185217f830175de-8,"Tue, 22 Feb 2022 13:35:07 GMT"
S3B_OL_2_WFR____20220219T055138_20220219T055438_20220220T152510_0179_062_376_2520_MAR_O_NT_003.SEN3,tie_geo_coordinates.nc,1136713,cec7b2eea81e3ed4c01aa1ecd437d26a28b6864af32a848fb53e44c686d0d782,ad243f543400f05c671d6b690a330329,"Tue, 22 Feb 2022 13:35:08 GMT"
S3B_OL_2_WFR____20220219T055138_20220219T055438_20220220T152510_0179_062_376_2520_MAR_O_NT_003.SEN3,wqsf.nc,7448393,5e3c6e08186c922197d9124eda65c87e5bf5561d682d115af469dd667b5dabb4,927f58db67115b87a685c39497f7eff1,"Tue, 22 Feb 2022 13:35:08 GMT"
S3B_OL_2_WFR____20220221T064016_20220221T064316_20220222T193812_0179_063_020_2520_MAR_O_NT_003.SEN3,chl_oc4me.nc,3617859,809ff944918ba8592aee05775e1721610195bc910eb8a3b96cdf3461f3ba369e,4f6206502ec744dffc51c3f5dc933ef7,"Tue, 22 Feb 2022 22:52:54 GMT"
S3B_OL_2_WFR____20220221T064016_20220221T064316_20220222T193812_0179_063_020_2520_MAR_O_NT_003.SEN3,geo_coordinates.nc,60202669,772258d72584eb123184ad7082ffa8d78ac8e1d09aac161e36e3e6b9ccd1d961,426cdfaeec13552da36f43eccaf2ef42-8,"Tue, 22 Feb 2022 22:52:54 GMT"
S3B_OL_2_WFR____20220221T064016_20220221T064316_20220222T193812_0179_063_020_2520_MAR_O_NT_003.SEN3,tie_geo_coordinates.nc,1134621,e62d5644bdce51f06be484357d0f8c3c31232fa6cc292ae4b5a8677b6116f1d3,b34d23d1935ba165860ff5e5fd29c6ed,"Tue, 22 Feb 2022 22:52:53 GMT"
S3B_OL_2_WFR____20220221T064016_20220221T064316_20220222T193812_0179_063_020_2520_MAR_O_NT_003.SEN3,wqsf.nc,5804574,5b83bc31e5ed8350b7f41770952b1c418ff8af7263a13d7c50ca390fbce03e6e,98f709f06af4b12f5b33c2260113f6b0,"Tue, 22 Feb 2022 22:52:53 GMT"
S3B_OL_2_WFR____20220222T061405_20220222T061705_20220223T180927_0179_063_034_2520_MAR_O_NT_003.SEN3,chl_oc4me.nc,9532160,7944194b4042c6c1f105f1169c81a843172fd6f529d2e436a1a41340240b5f5d,97ebb9da417c21bd3421727a88f3d23b-2,"Wed, 23 Feb 2022 19:11:25 GMT"
S3B_OL_2_WFR____20220222T061405_20220222T061705_20220223T180927_0179_063_034_2520_MAR_O_NT_003.SEN3,geo_coordinates.nc,60239120,bd0c3884692f4aea98dc85fa898a791312b8a624f646a2efcc055892e39d5231,dd7d19743b93d1d61ce95056b8992251-8,"Wed, 23 Feb 2022 19:11:24 GMT"
S3B_OL_2_WFR____20220222T061405_20220222T061705_20220223T180927_0179_063_034_2520_MAR_O_NT_003.SEN3,tie_geo_coordinates.nc,1137637,bcaf632b64d30c092d53732e7b09247af425ae02fd0b92998f28a2f0c6180cf5,31b481f4cc04cdc76e6af8457f21eac5,"Wed, 23 Feb 2022 19:11:23 GMT"
S3B_OL_2_WFR____20220222T061405_20220222T061705_20220223T180927_0179_063_034_2520_MAR_O_NT_003.SEN3,wqsf.nc,9273860,17f7516d91fa1c0a26d1af3c2010f3fc817d178e3db16ed31d00b3532a1bf2b9,2ab140b79e203ddc59fcb533cbedb15d-2,"Wed, 23 Feb 2022 19:11:24 GMT"
S3B_OL_2_WFR____20220223T054754_20220223T055054_20220224T190004_0179_063_048_2520_MAR_O_NT_003.SEN3,chl_oc4me.nc,12720861,8c97e873f0e60f87e30f8b8e73d610336c0ed341e4b67b48d1021a1d40e854ad,c3b7ea86103daa020063b1a4316b1264-2,"Thu, 24 Feb 2022 20:19:11 GMT"
S3B_OL_2_WFR____20220223T054754_20220223T055054_20220224T190004_0179_063_048_2520_MAR_O_NT_003.SEN3,geo_coordinates.nc,58382393,ebaafe0d1b81e155b27095527d4202c71d003d9557ea8abd2afebc84fb8056eb,2700900a9f08c76bfe652d749bc2f560-7,"Thu, 24 Feb 2022 20:19:11 GMT"
S3B_OL_2_WFR____20220223T054754_20220223T055054_20220224T190004_0179_063_048_2520_MAR_O_NT_003.SEN3,tie_geo_coordinates.nc,1138804,3a0bd796a4fe3ed9ebcbdbc08d035a8381eac97e10219b173f3e6a634030c54f,3523e484a8963e274e81bd38a8eda3f0,"Thu, 24 Feb 2022 20:19:10 GMT"
S3B_OL_2_WFR____20220223T054754_20220223T055054_20220224T190004_0179_063_048_2520_MAR_O_NT_003.SEN3,wqsf.nc,9864227,542838f78cfc5a64eb9358504c70b93b5423c4b3a2d48bc41f1d92580f23c186,a6366d4cb6f46aa30598ee6a6fcf3ee6-2,"Thu, 24 Feb 2022 20:19:10 GMT"
S3B_OL_2_WFR____20220225T063632_20220225T063932_20220226T185758_0179_063_077_2520_MAR_O_NT_003.SEN3,chl_oc4me.nc,4314384,be5699325fa5d05e1958b7630f8d0dbb7e98cd2656f6f303878537c738a4301a,6075b208ec114b13ef37ca2d82415e65,"Sat, 26 Feb 2022 21:09:20 GMT"
S3B_OL_2_WFR____20220225T063632_20220225T063932_20220226T185758_0179_063_077_2520_MAR_O_NT_003.SEN3,geo_coordinates.nc,60388400,0d8e2af5d9629b26e90993f2cb3adf6fa0afa406f5eb3f75da2a5ec49671f9b7,e607748fe3484e94cf6319d468fcea72-8,"Sat, 26 Feb 2022 21:09:19 GMT"
S3B_OL_2_WFR____20220225T063632_20220225T063932_20220226T185758_0179_063_077_2520_MAR_O_NT_003.SEN3,tie_geo_coordinates.nc,1134967,91b55b2104b233823d77b26670ed2791858a44ce8d1696edf35a15453cb9c25c,466d584ac11290c52f84a9fff0d5d4ef,"Sat, 26 Feb 2022 21:09:18 GMT"
S3B_OL_2_WFR____20220225T063632_20220225T063932_20220226T185758_0179_063_077_2520_MAR_O_NT_003.SEN3,wqsf.nc,5568032,b95361ffc51c029666d01fcb1aec1c787d3a54ed33cec5fb6bbaf93d1874ec66,1ea3ede4d39236b3feddcd4fde45db33,"Sat, 26 Feb 2022 21:09:19 GMT"
S3B_OL_2_WFR____20220226T061021_20220226T061321_20220227T153958_0179_063_091_2520_MAR_O_NT_003.SEN3,chl_oc4me.nc,10369526,21a8d02428e63623cb87ff5e41c692ef25652b232822df7bebafccf950df81a7,fd7a53d95a372ae69d6bdc66b4fa2ff8-2,"Sun, 27 Feb 2022 18:42:37 GMT"
S3B_OL_2_WFR____20220226T061021_20220226T061321_20220227T153958_0179_063_091_2520_MAR_O_NT_003.SEN3,geo_coordinates.nc,60004176,ec80549e9c562f985dcf920287555563d444e7b54dde95bc00a1d346c1757bf7,2f47f52d7f7412c1316c531575d1290d-8,"Sun, 27 Feb 2022 18:42:36 GMT"
S3B_OL_2_WFR____20220226T061021_20220226T061321_20220227T153958_0179_063_091_2520_MAR_O_NT_003.SEN3,tie_geo_coordinates.nc,1132358,4b307467235ad9cf87a941b5d1fc8bf132a0a965a1683e2f8082b743808d1150,dadfaca7b431a64e490350159b58873e,"Sun, 27 Feb 2022 18:42:36 GMT"
S3B_OL_2_WFR____20220226T061021_20220226T061321_20220227T153958_0179_063_091_2520_MAR_O_NT_003.SEN3,wqsf.nc,8131199,2d075eaad59270442ebc2364f2a3d97362d982bcaa1bdd8acc446b2bbff5acea,b1c587a3c4ef67086017a4aa255a1513,"Sun, 27 Feb 2022 18:42:36 GMT"
S3B_OL_2_WFR____20220227T054410_20220227T054710_20220228T172905_0179_063_105_2520_MAR_O_NT_003.SEN3,chl_oc4me.nc,12433710,3886f06be99f1382db6b2928c01c6499089dcfd71c37b6cb3d90842b780bbf6a,0d3f64f90af424ff1ec60b6a4621ecfd-2,"Mon, 28 Feb 2022 18:11:54 GMT"
S3B_OL_2_WFR____20220227T054410_20220227T054710_20220228T172905_0179_063_105_2520_MAR_O_NT_003.SEN3,geo_coordinates.nc,58137105,c5651895cf90b497b3c986c8c7c918a15880c237b7b0d34523f60cd9394bc452,678a1c53ae6db68f8a5e666389a61e60-7,"Mon, 28 Feb 2022 18:11:53 GMT"
S3B_OL_2_WFR____20220227T054410_20220227T054710_20220228T172905_0179_063_105_2520_MAR_O_NT_003.SEN3,tie_geo_coordinates.nc,1137990,afd956202439ce9e716c639a5693a7a95cdd28b7978106e28cc33612b7c17de0,50e919b968db6c3830f2dfef51c78a92,"Mon, 28 Feb 2022 18:11:53 GMT"
S3B_OL_2_WFR____20220227T054410_20220227T054710_20220228T172905_0179_063_105_2520_MAR_O_NT_003.SEN3,wqsf.nc,11421053,9e7fe15845ca824e39fc6d0ba185801f134dc5b67194cdfa57db78b078ff59bd,cae833a746bd5909097218740886ae4d-2,"Mon, 28 Feb 2022 18:11:53 GMT"
S3B_OL_2_WFR____20220228T065858_20220228T070158_20220301T192025_0179_063_120_2520_MAR_O_NT_003.SEN3,tie_geo_coordinates.nc,1135714,e7af57de38de41bb9b7d81dfe98578326c952d4d2e75a8238c1d776f6551a831,5943a8b34c66758bb0ee94ee79963f11,"Tue, 01 Mar 2022 21:09:12 GMT"
S3B_OL_2_WFR____20220301T063247_20220301T063547_20220302T193136_0179_063_134_2520_MAR_O_NT_003.SEN3,chl_oc4me.nc,5330729,9bec250afae257e98c8316c557ca606f801d2508de42f48df2c7ddfb8b978974,999251eb6fcfc8607c557b2c9859e2e9,"Wed, 02 Mar 2022 21:15:48 GMT"
S3B_OL_2_WFR____20220301T063247_20220301T063547_20220302T193136_0179_063_134_2520_MAR_O_NT_003.SEN3,geo_coordinates.nc,60542280,8593b014a496b72db6f74317506724e2ce6107ecd6cdfc73e386236e567b2d50,d6dcbe9842f24da12afa1dac3c2933b1-8,"Wed, 02 Mar 2022 21:15:47 GMT"
S3B_OL_2_WFR____20220301T063247_20220301T063547_20220302T193136_0179_063_134_2520_MAR_O_NT_003.SEN3,tie_geo_coordinates.nc,1136860,2921321931416c5a7a0e6c86c13990496faa7c5a6d3f8a31462ab636f1f44482,c62d4f497d20cc6d7f636b051e3a25e9,"Wed, 02 Mar 2022 21:15:46 GMT"
S3B_OL_2_WFR____20220301T063247_20220301T063547_20220302T193136_0179_063_134_2520_MAR_O_NT_003.SEN3,wqsf.nc,5516755,b1964fc001216a03b43d455912a3050863084b3922abb17ecda189d068ee1859,308b9adc1b05585808ab9b4ab5ed1f6a,"Wed, 02 Mar 2022 21:15:47 GMT"
S3B_OL_2_WFR____20220302T060636_20220302T060936_20220303T180457_0179_063_148_2520_MAR_O_NT_003.SEN3,chl_oc4me.nc,10594815,997d8bda7cdfc3fac8d1902bdbce7c86ebc190035135bc508e5932c64e7bcdb6,edb5acd8a5cc472fa4709a39f635c183-2,"Thu, 03 Mar 2022 19:53:40 GMT"
S3B_OL_2_WFR____20220302T060636_20220302T060936_20220303T180457_0179_063_148_2520_MAR_O_NT_003.SEN3,geo_coordinates.nc,59867455,25c0f4e04ee4326a228fe844eb48cd197fa8eb14f33dcf10959f561ec7e3639f,9f89d43de58f62d081f9aefdd8961228-8,"Thu, 03 Mar 2022 19:53:39 GMT"
S3B_OL_2_WFR____20220302T060636_20220302T060936_20220303T180457_0179_063_148_2520_MAR_O_NT_003.SEN3,tie_geo_coordinates.nc,1134516,4e952237afb0765271c8f3cdf00f792d2d4d80b9758b0518f0052c41b6dd396b,41fbb8e2a351b3a221dfd365db1beaa7,"Thu, 03 Mar 2022 19:53:38 GMT"
S3B_OL_2_WFR____20220302T060636_20220302T060936_20220303T180457_0179_063_148_2520_MAR_O_NT_003.SEN3,wqsf.nc,8771311,987df45e33e9dcf4eb397fb705a43caf106c2b7822cf2aed215c04f009ac8bed,4345b337690a0d4a02785a9d5ec39f59-2,"Thu, 03 Mar 2022 19:53:38 GMT"
S3B_OL_2_WFR____20220303T054025_20220303T054325_20220304T155303_0180_063_162_2520_MAR_O_NT_003.SEN3,chl_oc4me.nc,12147301,aa41e97407158f6a38bcd390657d3bc69a0e5b2f134765b20598ddf775b67bcd,f026d4d816665b720cc41b7d25bb668d-2,"Fri, 04 Mar 2022 17:06:20 GMT"
S3B_OL_2_WFR____20220303T054025_20220303T054325_20220304T155303_0180_063_162_2520_MAR_O_NT_003.SEN3,geo_coordinates.nc,57936677,60f13daa184c23326695132eca4206c57e36eb023dd29061e57a33d401fd8cdd,ffd1915643f233c57bab6f947e8c7ff7-7,"Fri, 04 Mar 2022 17:06:20 GMT"
S3B_OL_2_WFR____20220303T054025_20220303T054325_20220304T155303_0180_063_162_2520_MAR_O_NT_003.SEN3,tie_geo_coordinates.nc,1138392,e44bccc71ea39fbbfddfbbbd657682514d756f3ed89f6accc7b594830a4f3d6d,87891d0322fe026afa1532c6f0e1c779,"Fri, 04 Mar 2022 17:06:19 GMT"
S3B_OL_2_WFR____20220303T054025_20220303T054325_20220304T155303_0180_063_162_2520_MAR_O_NT_003.SEN3,wqsf.nc,9018836,3929d1907b4a12232306afaa4d1864f3dc16f9bd105b359d5009baf7b14d612c,e4a6a582b40515c7a58a99bf748a33fe-2,"Fri, 04 Mar 2022 17:06:19 GMT"
S3B_OL_2_WFR____20220304T065514_20220304T065814_20220305T183250_0179_063_177_2520_MAR_O_NT_003.SEN3,tie_geo_coordinates.nc,1137340,354ec058e36d12750045fccb72a5d55d0fb519fdd6273986dd23b7e753332118,eed2010fc8432d14fdae05911e81d96e,"Sat, 05 Mar 2022 20:00:20 GMT"
S3B_OL_2_WFR____20220305T062903_20220305T063203_20220306T183013_0179_063_191_2520_MAR_O_NT_003.SEN3,chl_oc4me.nc,2210634,28dba370120bbd625133980a6f889b39a19889e9bc5b856f7bc37eaac6f8116a,5f25bbba0d68eb31d89e921f51ee0061,"Sun, 06 Mar 2022 20:19:39 GMT"
S3B_OL_2_WFR____20220305T062903_20220305T063203_20220306T183013_0179_063_191_2520_MAR_O_NT_003.SEN3,geo_coordinates.nc,60553560,b82385602549424e887fc7e8d3410cde051a98b6b15a618f8cd127adfad6d225,f1ca9b58617274d4ca64fad44f32629b-8,"Sun, 06 Mar 2022 20:19:38 GMT"
S3B_OL_2_WFR____20220305T062903_20220305T063203_20220306T183013_0179_063_191_2520_MAR_O_NT_003.SEN3,tie_geo_coordinates.nc,1137548,02660b2573709b53c3de120497b20044845224b7ddc5286e388209ba2f5f90de,92ce50cf9618ce182ae22b793486ce01,"Sun, 06 Mar 2022 20:19:38 GMT"
S3B_OL_2_WFR____20220305T062903_20220305T063203_20220306T183013_0179_063_191_2520_MAR_O_NT_003.SEN3,wqsf.nc,4665011,1574e5bc69c2536bca80b5a03e27106e7c30fd0bd28f39a1d0d28855b5770d41,26b67be95d2ce6824623504088d9ce34,"Sun, 06 Mar 2022 20:19:38 GMT"
S3B_OL_2_WFR____20220306T060252_20220306T060552_20220307T180000_0179_063_205_2520_MAR_O_NT_003.SEN3,chl_oc4me.nc,9196884,5c59c8572a87cffca3326d8cb4c2f894eae0bf7a8a9b33dfff77edcda70df0a9,72f018cf3bdbb5e24215ef995e4a7bc9-2,"Mon, 07 Mar 2022 21:59:00 GMT"
S3B_OL_2_WFR____20220306T060252_20220306T060552_20220307T180000_0179_063_205_2520_MAR_O_NT_003.SEN3,geo_coordinates.nc,59728156,249682eea712ebfd4e676b673c4ffb889f2fa980d11729ad7aff7c3a013b444b,89154eec2f07cb9f61d18ff0825acda0-8,"Mon, 07 Mar 2022 21:59:00 GMT"
S3B_OL_2_WFR____20220306T060252_20220306T060552_20220307T180000_0179_063_205_2520_MAR_O_NT_003.SEN3,tie_geo_coordinates.nc,1133119,7ef84a7cf5adc3a3d2d234fac03aaf320d8a6a5c4d10f1caed4f9561ef3b9c46,1184f557180d7cca5abbbfd316edd3eb,"Mon, 07 Mar 2022 21:58:59 GMT"
S3B_OL_2_WFR____20220306T060252_20220306T060552_20220307T180000_0179_063_205_2520_MAR_O_NT_003.SEN3,wqsf.nc,8399920,1bae8c2ba8dd5ee7cffc2e8b0ead3ecaa85604b5e513ea172856ac56c49fcca3,281467bf20d82c7d6bd67af4b07e97dd-2,"Mon, 07 Mar 2022 21:58:59 GMT"
S3B_OL_2_WFR____20220307T053641_20220307T053941_20220308T162752_0179_063_219_2520_MAR_O_NT_003.SEN3,tie_geo_coordinates.nc,1135617,fd1d4c6729cb11e9c192a8d1238b656663dd837dbc87cdaa6b4cc775d9998646,ea1d9bd11791eb8f553ecadee531c38e,"Tue, 08 Mar 2022 17:10:30 GMT"
S3B_OL_2_WFR____20220308T065129_20220308T065429_20220309T193634_0179_063_234_2520_MAR_O_NT_003.SEN3,chl_oc4me.nc,1200740,b878e050c7759ed90140eac6edddda6a3a94afc8d86fcf55b49d30b2d51bef8f,f189f69ecd5ec0e1957ed02d14ff0106,"Wed, 09 Mar 2022 20:54:08 GMT"
S3B_OL_2_WFR____20220308T065129_20220308T065429_20220309T193634_0179_063_234_2520_MAR_O_NT_003.SEN3,geo_coordinates.nc,59753493,ef88452b1550c2ff97f3e6f2b782a9ffa99188f08cf7cbaa5c1c63311a1feea8,752fb5479c3a7aab178fed7cd7b0fa94-8,"Wed, 09 Mar 2022 20:54:08 GMT"
S3B_OL_2_WFR____20220308T065129_20220308T065429_20220309T193634_0179_063_234_2520_MAR_O_NT_003.SEN3,tie_geo_coordinates.nc,1136795,700660e871a1ca5cc496695062fed2ea0d226899a4ea0ddc5e2bd68af4501e59,45d497402611078ec98ec5ffee8c9154,"Wed, 09 Mar 2022 20:54:07 GMT"
S3B_OL_2_WFR____20220308T065129_20220308T065429_20220309T193634_0179_063_234_2520_MAR_O_NT_003.SEN3,wqsf.nc,4148691,7b07638b91ae35b1b32c389eb2060ddc7fc81a05d56c4d98c1e07b9bc62dcc99,d6a7bab7959a3fd1e82d0317584df890,"Wed, 09 Mar 2022 20:54:08 GMT"
S3B_OL_2_WFR____20220309T062518_20220309T062818_20220310T185844_0179_063_248_2520_MAR_O_NT_003.SEN3,chl_oc4me.nc,3782558,17a599c841f2675cffa31eb9c37e4e1b83d6f173cb5f8bfb6f662cd0cac81fde,d302f88e99e9bcafc922d8ab9f560e93,"Thu, 10 Mar 2022 20:32:39 GMT"
S3B_OL_2_WFR____20220309T062518_20220309T062818_20220310T185844_0179_063_248_2520_MAR_O_NT_003.SEN3,geo_coordinates.nc,60595929,4c87f8a2665847545a349b35ac7de11a953c94cbbd1994c0a64ccfedda114faf,49ef8c0cd1051feffba1b993e0b0119b-8,"Thu, 10 Mar 2022 20:32:39 GMT"
S3B_OL_2_WFR____20220309T062518_20220309T062818_20220310T185844_0179_063_248_2520_MAR_O_NT_003.SEN3,tie_geo_coordinates.nc,1136508,ddde45f2aa39aebc723fb702476ef8bfc7749e8de32db099bd8ad52fb45b78b3,dcae844ac8f95b6bcb6ae7412d67b6be,"Thu, 10 Mar 2022 20:32:38 GMT"
S3B_OL_2_WFR____20220309T062518_20220309T062818_20220310T185844_0179_063_248_2520_MAR_O_NT_003.SEN3,wqsf.nc,6238803,80e68e5e038066dcd5c95cdffa9d4dc6a68c2c14b43d98e5ebda462b258f0bf7,5d92dbfeccf4bbd3f020f3d2af6005cc,"Thu, 10 Mar 2022 20:32:38 GMT"
S3B_OL_2_WFR____20220310T055907_20220310T060207_20220311T190125_0179_063_262_2520_MAR_O_NT_003.SEN3,chl_oc4me.nc,10373547,53338fa21b8ae3739c2a2d520f0679f054cf28b7334ee2f88dd0d1ad4f032abc,ebd1d85f4524143d84b1e28f410d954b-2,"Fri, 11 Mar 2022 20:24:31 GMT"
S3B_OL_2_WFR____20220310T055907_20220310T060207_20220311T190125_0179_063_262_2520_MAR_O_NT_003.SEN3,geo_coordinates.nc,59425353,931c589f64a2c91f1b0286d9f91dca7a077dfd52f643937631497c04ce0fe737,d6e2d87b86320fa340686232f27bce7a-8,"Fri, 11 Mar 2022 20:24:30 GMT"
S3B_OL_2_WFR____20220310T055907_20220310T060207_20220311T190125_0179_063_262_2520_MAR_O_NT_003.SEN3,tie_geo_coordinates.nc,1134457,14705a97b853eafab8ef947a4d5b339747ffee7cfd2d46b4761eaa7a3ffd58bd,954030da62a1ced244530bc9634f1622,"Fri, 11 Mar 2022 20:24:29 GMT"
S3B_OL_2_WFR____20220310T055907_20220310T060207_20220311T190125_0179_063_262_2520_MAR_O_NT_003.SEN3,wqsf.nc,9945056,dcbbc8d3c9c8986fe5bcf95d936a648592873bdcaf4ddb46e40ddde1a352a4e0,d7808ae9ee78adc8f2acc7bf3647f311-2,"Fri, 11 Mar 2022 20:24:29 GMT"
S3B_OL_2_WFR____20220312T064744_20220312T065044_20220313T182810_0179_063_291_2520_MAR_O_NT_003.SEN3,chl_oc4me.nc,2594314,598f18439b5b422c5aa122329855509d16a6b1375a0b0cf8241b870b2cd4676c,4f0ebaac91b1fae5282c5672181f453f,"Sun, 13 Mar 2022 20:11:54 GMT"
S3B_OL_2_WFR____20220312T064744_20220312T065044_20220313T182810_0179_063_291_2520_MAR_O_NT_003.SEN3,geo_coordinates.nc,59858924,1cba4a6ed828054ab34d0bcce3bae02d09f45ec9ac7c3d0a06058487ef338d6a,450203d4084a77abe4c99b57425b2a0e-8,"Sun, 13 Mar 2022 20:11:53 GMT"
S3B_OL_2_WFR____20220312T064744_20220312T065044_20220313T182810_0179_063_291_2520_MAR_O_NT_003.SEN3,tie_geo_coordinates.nc,1133506,d8a90a11bc23d976267fcdbd9b135f117c90d3d0d8eebff3669efa670b62d6cf,7e621e2690baac953e23de307277774e,"Sun, 13 Mar 2022 20:11:52 GMT"
S3B_OL_2_WFR____20220312T064744_20220312T065044_20220313T182810_0179_063_291_2520_MAR_O_NT_003.SEN3,wqsf.nc,5381370,c29501c20d0535a965f1e4759d64e03f8c425f3aebd26a3a9239e140147e9bb0,19b0e9a55be7316c27cd34e5b37037ae,"Sun, 13 Mar 2022 20:11:53 GMT"
S3B_OL_2_WFR____20220313T062133_20220313T062433_20220314T182818_0179_063_305_2520_MAR_O_NT_003.SEN3,chl_oc4me.nc,6180295,53660ea2ec92ccac1556a8c5b20dc401c66ef94cc50acbbb5f906cb984be5f13,f82e16169a31c224af91273acb1188ba,"Mon, 14 Mar 2022 21:14:19 GMT"
S3B_OL_2_WFR____20220313T062133_20220313T062433_20220314T182818_0179_063_305_2520_MAR_O_NT_003.SEN3,geo_coordinates.nc,60578404,a65602cf8c95da96d64ec317fd6887a672c37e16447f453743b214c8ad12458a,9d27f3e6ea58a540f999cc4f21f0d59f-8,"Mon, 14 Mar 2022 21:14:19 GMT"
S3B_OL_2_WFR____20220313T062133_20220313T062433_20220314T182818_0179_063_305_2520_MAR_O_NT_003.SEN3,tie_geo_coordinates.nc,1139320,37ff01ca6db5b6b16c2e70ca6e0798e9559ef0c7b6f55bf9cac034d6741bed87,5b6591996ecd466c283aa749a5bbced7,"Mon, 14 Mar 2022 21:14:18 GMT"
S3B_OL_2_WFR____20220313T062133_20220313T062433_20220314T182818_0179_063_305_2520_MAR_O_NT_003.SEN3,wqsf.nc,6954680,a782c85b95afff388b839bfe31cca43044fb59e953c3238637309c287b3534d3,0357f7014790a72e329481494740bb6d,"Mon, 14 Mar 2022 21:14:19 GMT"
S3B_OL_2_WFR____20220314T055522_20220314T055822_20220315T192842_0179_063_319_2520_MAR_O_NT_003.SEN3,chl_oc4me.nc,10793247,fd34bf51d69645fe2e3b8a0420993360d618620dbad1191684ce14572be7806b,0b45f7127167913440c45e78a0dce4ec-2,"Tue, 15 Mar 2022 20:54:55 GMT"
S3B_OL_2_WFR____20220314T055522_20220314T055822_20220315T192842_0179_063_319_2520_MAR_O_NT_003.SEN3,geo_coordinates.nc,59182411,10b24c53ac1d69188b334d76766e761061f97e765b744a32ec945fe7313340fa,df9a07f740dbd9cb58f75fc2bc61ee6c-8,"Tue, 15 Mar 2022 20:54:54 GMT"
S3B_OL_2_WFR____20220314T055522_20220314T055822_20220315T192842_0179_063_319_2520_MAR_O_NT_003.SEN3,tie_geo_coordinates.nc,1137722,f14bbe4142d9af24243ebf34b0c89ebc59170813ed437b985380a5fafbe25ddd,1120e52b8004577b4282e4dbc1db642c,"Tue, 15 Mar 2022 20:54:53 GMT"
S3B_OL_2_WFR____20220314T055522_20220314T055822_20220315T192842_0179_063_319_2520_MAR_O_NT_003.SEN3,wqsf.nc,7229102,9856a0bf2d2f08ccdddcbcd1fefb934c7fde4e333151a579a50e3ba1e622720b,a643f35086ac00a80c520052cfa578f0,"Tue, 15 Mar 2022 20:54:53 GMT"
S3B_OL_2_WFR____20220316T064359_20220316T064659_20220317T190205_0179_063_348_2520_MAR_O_NT_003.SEN3,chl_oc4me.nc,3952782,2eee2792c1f9e86f2afa02fe15f1c5217d7e1a860742268ff1cd5115c785e3f0,d6951a14700a61dae0c809a3e7c8f550,"Thu, 17 Mar 2022 20:10:58 GMT"
S3B_OL_2_WFR____20220316T064359_20220316T064659_20220317T190205_0179_063_348_2520_MAR_O_NT_003.SEN3,geo_coordinates.nc,60079909,5463bf25b277df161c1499de7713b5596b95195293b4f13742ea14afdad25b0b,68f3279727d20f3d32cd1b0028a64c04-8,"Thu, 17 Mar 2022 20:10:57 GMT"
S3B_OL_2_WFR____20220316T064359_20220316T064659_20220317T190205_0179_063_348_2520_MAR_O_NT_003.SEN3,tie_geo_coordinates.nc,1138625,9f436804269c7be0a02d031101734323924961da44724fadc12a6c9759dd2b29,2e734cb7b4f652a28a01b209d9436201,"Thu, 17 Mar 2022 20:10:57 GMT"
S3B_OL_2_WFR____20220316T064359_20220316T064659_20220317T190205_0179_063_348_2520_MAR_O_NT_003.SEN3,wqsf.nc,4733331,2213e1063caa1977de2641c5afef32ed30146241da0ce8339ccada7b8793c295,18f67e29a4969fc129103ef8f6094f32,"Thu, 17 Mar 2022 20:10:57 GMT"
S3B_OL_2_WFR____20220317T061749_20220317T062049_20220318T162716_0179_063_362_2520_MAR_O_NT_003.SEN3,chl_oc4me.nc,7130444,11b60abe7ae0ea6efc1b7eb20c2671bb104fa6c842838c754113323752f80421,95a9f094acea55622d4219e9e279ee03,"Fri, 18 Mar 2022 17:16:53 GMT"
S3B_OL_2_WFR____20220317T061749_20220317T062049_20220318T162716_0179_063_362_2520_MAR_O_NT_003.SEN3,geo_coordinates.nc,60434988,bf11dbb6cc1308fee55154d8c1d76ec65798bce0ea277d0ef6d37b7427327672,05150847d4066db1d350752f9e5b8afe-8,"Fri, 18 Mar 2022 17:16:52 GMT"
S3B_OL_2_WFR____20220317T061749_20220317T062049_20220318T162716_0179_063_362_2520_MAR_O_NT_003.SEN3,tie_geo_coordinates.nc,1138248,77811ec2c50595a880eee89f191097b3ce5e19bdd9d7cbc62ab6986eadf1f63d,74162c89e1242e594e9357a0b6bf1d79,"Fri, 18 Mar 2022 17:16:52 GMT"
S3B_OL_2_WFR____20220317T061749_20220317T062049_20220318T162716_0179_063_362_2520_MAR_O_NT_003.SEN3,wqsf.nc,6204823,32024481266da7730b40774055c1fc1e83e2cc91404a4b6b3b7954dc59698fab,a62ce9c7abb091675b4823dbfc585153,"Fri, 18 Mar 2022 17:16:52 GMT"
S3B_OL_2_WFR____20220318T055138_20220318T055438_20220319T182344_0179_063_376_2520_MAR_O_NT_003.SEN3,chl_oc4me.nc,10819215,9b684f84dd2f119507cf839559e75bd6a0f980121b6d5149c423d3d09d82f6a2,485034fb86822d885f233d39d5e0bee6-2,"Sat, 19 Mar 2022 20:44:38 GMT"
S3B_OL_2_WFR____20220318T055138_20220318T055438_20220319T182344_0179_063_376_2520_MAR_O_NT_003.SEN3,geo_coordinates.nc,58738361,d17513dae0684a0ea65a143c567e79f7af658f0c5407d0bec8787f8a7f5b9091,f5d8e3f15fd0fc4edbff3b68a5f274a3-8,"Sat, 19 Mar 2022 20:44:37 GMT"
S3B_OL_2_WFR____20220318T055138_20220318T055438_20220319T182344_0179_063_376_2520_MAR_O_NT_003.SEN3,tie_geo_coordinates.nc,1137994,49d500a8e2374ba6977138499fbff986dde519040ad172090b3345bf92303265,22c10af3e7364824ae4d2a5ad6884a9c,"Sat, 19 Mar 2022 20:44:37 GMT"
S3B_OL_2_WFR____20220318T055138_20220318T055438_20220319T182344_0179_063_376_2520_MAR_O_NT_003.SEN3,wqsf.nc,8039374,af296d9a0cf3126bba62a3b4c53742967deecccc07de663c96574f4a6a5f1175,2b2b0c0045430c1351074740b472b4d1,"Sat, 19 Mar 2022 20:44:37 GMT"
S3B_OL_2_WFR____20220320T064015_20220320T064315_20220321T170633_0179_064_020_2520_MAR_O_NT_003.SEN3,chl_oc4me.nc,3962413,b339e486b5ff5174f982e80daf07e726ff9429f6e86c86c6fd902068e15975ad,ce3952544e9b5f3b5168b019b88a0fd0,"Mon, 21 Mar 2022 18:45:34 GMT"
S3B_OL_2_WFR____20220320T064015_20220320T064315_20220321T170633_0179_064_020_2520_MAR_O_NT_003.SEN3,geo_coordinates.nc,60213029,6c9c52156c57b2e2f0117534517ab3b4bfab5b96d4292028bffbaa93224f52c2,d7671c73e48585244ad845a228192973-8,"Mon, 21 Mar 2022 18:45:33 GMT"
S3B_OL_2_WFR____20220320T064015_20220320T064315_20220321T170633_0179_064_020_2520_MAR_O_NT_003.SEN3,tie_geo_coordinates.nc,1140166,b9514f0acc608ae29fe69d6f5d7fa003b2a9a6540418e2a59aa40899660c343a,bbd8a0b558d6ada0af4dccfefd146b84,"Mon, 21 Mar 2022 18:45:32 GMT"
S3B_OL_2_WFR____20220320T064015_20220320T064315_20220321T170633_0179_064_020_2520_MAR_O_NT_003.SEN3,wqsf.nc,5125747,bce6021bfc2c0f1cdaf6c4e5629e661e77f51b9d4d590283ae2d4977c09c4d05,346694cbd6382060cc944d3728de9a19,"Mon, 21 Mar 2022 18:45:33 GMT"
S3B_OL_2_WFR____20220321T061405_20220321T061705_20220322T200207_0179_064_034_2520_MAR_O_NT_003.SEN3,chl_oc4me.nc,6731895,b7337c7ce778c76e65602305c69cab72bdfc78593cc0476986bc673659919d64,34ed69449161daf79a18d543dbcd4019,"Tue, 22 Mar 2022 20:55:22 GMT"
S3B_OL_2_WFR____20220321T061405_20220321T061705_20220322T200207_0179_064_034_2520_MAR_O_NT_003.SEN3,geo_coordinates.nc,60220856,ec20635219b814b2079a9692e92cf230c185dcd7e32618f9ffe509d50ee15bf0,8d1f27c88bfdfaa951d9eac94fdb74b2-8,"Tue, 22 Mar 2022 20:55:21 GMT"
S3B_OL_2_WFR____20220321T061405_20220321T061705_20220322T200207_0179_064_034_2520_MAR_O_NT_003.SEN3,tie_geo_coordinates.nc,1136203,f1e260bd7838bcb5f3893e212be4e759bfd9f81011305e2f4e42f1936331c548,187bd6b58c40254eb3c9a504ac61ca07,"Tue, 22 Mar 2022 20:55:21 GMT"
S3B_OL_2_WFR____20220321T061405_20220321T061705_20220322T200207_0179_064_034_2520_MAR_O_NT_003.SEN3,wqsf.nc,6725516,8667c51d35d98996e12bd1a03168aca8c93577d8c4032d1789806b6788c777b3,7975371a9db9c0be28a9ae8e7a454fcf,"Tue, 22 Mar 2022 20:55:21 GMT"
S3B_OL_2_WFR____20220322T054754_20220322T055054_20220323T192633_0180_064_048_2520_MAR_O_NT_003.SEN3,chl_oc4me.nc,10850063,178e7131fdf3e57f26adc08e6c315fe6d5d03b871a50f98176eb25a9ade402f3,a2729dd67658aee7cff7e66732554b4f-2,"Wed, 23 Mar 2022 21:15:02 GMT"
S3B_OL_2_WFR____20220322T054754_20220322T055054_20220323T192633_0180_064_048_2520_MAR_O_NT_003.SEN3,geo_coordinates.nc,58364598,1af25cd41aa953c4c89f99097b424c7f07c4885638fcbb10254d9576abcbfd29,2898bf603527da7372690336a434a9d5-7,"Wed, 23 Mar 2022 21:15:02 GMT"
S3B_OL_2_WFR____20220322T054754_20220322T055054_20220323T192633_0180_064_048_2520_MAR_O_NT_003.SEN3,tie_geo_coordinates.nc,1133269,ab18a71f000bc1ea544763ae6314e03652532cf56b7eb9f3221b62f46051e816,476ff62d5c35bf04600e4e5b90e2fe20,"Wed, 23 Mar 2022 21:15:01 GMT"
S3B_OL_2_WFR____20220322T054754_20220322T055054_20220323T192633_0180_064_048_2520_MAR_O_NT_003.SEN3,wqsf.nc,10302538,a3451658807cca8b457e306fa7261c9a25f6a724e2089b0c89e99f7caeb46980,625029de16d09e1e844755242b4ed621-2,"Wed, 23 Mar 2022 21:15:01 GMT"
S3B_OL_2_WFR____20220324T063631_20220324T063931_20220325T175854_0179_064_077_2520_MAR_O_NT_003.SEN3,chl_oc4me.nc,4650740,465a05623d239d78ff01fc7244cc84c69e6faa0b2401948c741242b557b54ec1,1593d4cacecb8a5eb0c86099e54924dd,"Fri, 25 Mar 2022 19:13:50 GMT"
S3B_OL_2_WFR____20220324T063631_20220324T063931_20220325T175854_0179_064_077_2520_MAR_O_NT_003.SEN3,geo_coordinates.nc,60375951,04ced3de2b0bfbdcd10ffbae66f971582173f7c99a2e96cffa6648da572fc566,5ccdd9eb56234980d1c6c47fd7d2f0fa-8,"Fri, 25 Mar 2022 19:13:49 GMT"
S3B_OL_2_WFR____20220324T063631_20220324T063931_20220325T175854_0179_064_077_2520_MAR_O_NT_003.SEN3,tie_geo_coordinates.nc,1138048,77fa58fb962c942f47a0ac76dcf6d06681ba3cf5c6a6107f5bc9b94f1f6cbaae,7a1a71ca9c68d8e5e146f54ffce8cce7,"Fri, 25 Mar 2022 19:13:49 GMT"
S3B_OL_2_WFR____20220324T063631_20220324T063931_20220325T175854_0179_064_077_2520_MAR_O_NT_003.SEN3,wqsf.nc,5951965,0375d0e2cef0898027661315f3e7ebd2b955775ac4795dc21dde946cd9477a6b,e04a6d89ca27c4c379668f39146aae31,"Fri, 25 Mar 2022 19:13:49 GMT"
S3B_OL_2_WFR____20220325T061020_20220325T061320_20220326T174034_0180_064_091_2520_MAR_O_NT_003.SEN3,chl_oc4me.nc,7279939,5af9d5021b9270315047ec80a56c48240cb21ae0ce59e134cb8ee17f659ce263,9ae01f28318ced6e8f7682887962e22f,"Sat, 26 Mar 2022 21:30:05 GMT"
S3B_OL_2_WFR____20220325T061020_20220325T061320_20220326T174034_0180_064_091_2520_MAR_O_NT_003.SEN3,geo_coordinates.nc,59969335,2445407994fc52888a924c81e1ec1945f239f4b3fcab6e9558cfcf944b064f0b,6f1a64977cb0daa9c1772072c47336cf-8,"Sat, 26 Mar 2022 21:30:04 GMT"
S3B_OL_2_WFR____20220325T061020_20220325T061320_20220326T174034_0180_064_091_2520_MAR_O_NT_003.SEN3,tie_geo_coordinates.nc,1134960,cd0606f375b62030105f0c72e86ee57366e668f65189ab666a00a8cbad44b07f,c2a831e56cf44cc1a453060f5dfa2010,"Sat, 26 Mar 2022 21:30:03 GMT"
S3B_OL_2_WFR____20220325T061020_20220325T061320_20220326T174034_0180_064_091_2520_MAR_O_NT_003.SEN3,wqsf.nc,7607606,f19db408d9c642cd52bc06ffbb3409576662d4691311ccd08d949f1871a0199d,033e298eb68573e2de72e501d54b822c,"Sat, 26 Mar 2022 21:30:03 GMT"
S3B_OL_2_WFR____20220326T054410_20220326T054710_20220327T174509_0179_064_105_2520_MAR_O_NT_003.SEN3,chl_oc4me.nc,11799474,46bf69ec65335b5ab277aaeab5f3ef7694158457eba1cd6cfb4c34a362c30b3d,79d9d763d6f61f9d4d552a507d430c76-2,"Sun, 27 Mar 2022 19:14:08 GMT"
S3B_OL_2_WFR____20220326T054410_20220326T054710_20220327T174509_0179_064_105_2520_MAR_O_NT_003.SEN3,geo_coordinates.nc,58077952,608fd50bb45e3da81434a4fbbbee37c7c143f9c288b8b451d1f49f05183b507c,8db2d9aef5dc58df8093fe115a262e29-7,"Sun, 27 Mar 2022 19:14:07 GMT"
S3B_OL_2_WFR____20220326T054410_20220326T054710_20220327T174509_0179_064_105_2520_MAR_O_NT_003.SEN3,tie_geo_coordinates.nc,1137146,f6d7622c7ef0bbc13482487e74926e76462393c4caf9aa08e01eb3be5c309d49,6437c32c5b62d0d43a5de6e1ac106e52,"Sun, 27 Mar 2022 19:14:06 GMT"
S3B_OL_2_WFR____20220326T054410_20220326T054710_20220327T174509_0179_064_105_2520_MAR_O_NT_003.SEN3,wqsf.nc,9155037,adc50d4fed10815c1e9cf6754eea57288590b24be1e7e09b01d9b4cd0d138557,75520f2d296a0da8f92b8f6537b520d4-2,"Sun, 27 Mar 2022 19:14:07 GMT"
S3B_OL_2_WFR____20220327T065858_20220327T070158_20220328T180650_0179_064_120_2520_MAR_O_NT_003.SEN3,tie_geo_coordinates.nc,1136513,7b7c0fdd1e5c6a6f92c55d92d2fee879b06421588b25c47a11bbcd967b135fbd,cb5f0c2fa59c5f862c920f2607547728,"Mon, 28 Mar 2022 19:24:54 GMT"
S3B_OL_2_WFR____20220328T063247_20220328T063547_20220329T212539_0179_064_134_2520_MAR_O_NT_003.SEN3,chl_oc4me.nc,4425401,58affff746b47f5a26e43154811035b69bb23d26e0f25c7759e0dd505a09dbe5,0f6489f82578360be1838bd808709d55,"Tue, 29 Mar 2022 22:16:01 GMT"
S3B_OL_2_WFR____20220328T063247_20220328T063547_20220329T212539_0179_064_134_2520_MAR_O_NT_003.SEN3,geo_coordinates.nc,60539777,027a229f5dcce0d55d1fe77859bf65f862ee8a6b7deb07b14d54c38251421806,4a8052210326fc439c2a1bc714e8b8b9-8,"Tue, 29 Mar 2022 22:16:00 GMT"
S3B_OL_2_WFR____20220328T063247_20220328T063547_20220329T212539_0179_064_134_2520_MAR_O_NT_003.SEN3,tie_geo_coordinates.nc,1136478,ac9bab39f02a6484010f3faa2480d7dc055861cd80862dd485e97fe9e0e83811,5b0cc90c2cf14045f34d3a7e9dfb2bf4,"Tue, 29 Mar 2022 22:15:59 GMT"
S3B_OL_2_WFR____20220328T063247_20220328T063547_20220329T212539_0179_064_134_2520_MAR_O_NT_003.SEN3,wqsf.nc,4880189,e2bf87bb9a520c0853189a0691150e89ba73b2c22efbb5df7f572abe41b692ef,338f363c5106186911cfcb163821555d,"Tue, 29 Mar 2022 22:16:00 GMT"
S3B_OL_2_WFR____20220329T060636_20220329T060936_20220330T182323_0179_064_148_2520_MAR_O_NT_003.SEN3,chl_oc4me.nc,8155414,802b777d3080f2fc3c7881dc57245446e2ac3438950249ddcac7df841511b717,1f985c2230abab504fa52d6ded67416b,"Wed, 30 Mar 2022 22:43:08 GMT"
S3B_OL_2_WFR____20220329T060636_20220329T060936_20220330T182323_0179_064_148_2520_MAR_O_NT_003.SEN3,geo_coordinates.nc,59823502,dc447e53ec46d4f220c3e0e7fd95f60ef46bf92fef5937e9d7a76566764d53ec,32b2d68cefc7d2214cd87efa1491ae6a-8,"Wed, 30 Mar 2022 22:43:07 GMT"
S3B_OL_2_WFR____20220329T060636_20220329T060936_20220330T182323_0179_064_148_2520_MAR_O_NT_003.SEN3,tie_geo_coordinates.nc,1132989,d0343e2163ef8530b7ffa63f8fd1bcd3fab108cea678046416cb9d430680d455,0ff725be1d7d9f366ceeef45510ac4d8,"Wed, 30 Mar 2022 22:43:07 GMT"
S3B_OL_2_WFR____20220329T060636_20220329T060936_20220330T182323_0179_064_148_2520_MAR_O_NT_003.SEN3,wqsf.nc,7513030,697da5f68fff7a28c8d470addbe3e5fe85915d0c810edc1616a205529c1a245f,235ead1a23814f1ab9b52e522b83e01e,"Wed, 30 Mar 2022 22:43:07 GMT"
S3B_OL_2_WFR____20220330T054025_20220330T054325_20220331T184125_0179_064_162_2520_MAR_O_NT_003.SEN3,chl_oc4me.nc,8168184,f9d6d8230c51984d751cb40d7bdf5fb14a76aac9a16140f26a74ed2e7e16ae1d,7cfb4e87c06967251f5e134e5b26ed5a,"Thu, 31 Mar 2022 20:27:27 GMT"
S3B_OL_2_WFR____20220330T054025_20220330T054325_20220331T184125_0179_064_162_2520_MAR_O_NT_003.SEN3,geo_coordinates.nc,57932086,5b2eaa05379e0d0750e4bb98f600a80c14aa1d9bd5e99b2e7e8489cf8dff4337,0163eac2d2f96ceed9a41a9207e9f4f7-7,"Thu, 31 Mar 2022 20:27:26 GMT"
S3B_OL_2_WFR____20220330T054025_20220330T054325_20220331T184125_0179_064_162_2520_MAR_O_NT_003.SEN3,tie_geo_coordinates.nc,1132890,d97d0bdc7d279ddbfdea5c933505cbabd99a009f33aafd2ef7a2841a93972e00,97f9e6b64ca63e99460e06cce3fc1cb4,"Thu, 31 Mar 2022 20:27:26 GMT"
S3B_OL_2_WFR____20220330T054025_20220330T054325_20220331T184125_0179_064_162_2520_MAR_O_NT_003.SEN3,wqsf.nc,8679107,36027fd1b55c4e006c083a003ac449af3d2264b766ea6b354c12d5dad5a6ec13,e866c3bf5f2f4f449c811a216ed91001-2,"Thu, 31 Mar 2022 20:27:26 GMT"
S3B_OL_2_WFR____20220331T065514_20220331T065814_20220401T163629_0179_064_177_2520_MAR_O_NT_003.SEN3,tie_geo_coordinates.nc,1139823,a51889b4d77dd731f1ebc4f9fd3a97c2bc2aaaeca9f6b008014c0202330612e0,dbdd2e043a5f8527f4d583dbab6dab80,"Fri, 01 Apr 2022 17:40:47 GMT"
S3B_OL_2_WFR____20220401T062903_20220401T063203_20220402T184918_0179_064_191_2520_MAR_O_NT_003.SEN3,chl_oc4me.nc,5480637,755a8358b3c82dbd54c8d04e33fec89867dcd53617292b34941e9c5e9a6c47bd,906458c8fd2c5e6f87d1c6394dbafeb6,"Sat, 02 Apr 2022 20:47:09 GMT"
S3B_OL_2_WFR____20220401T062903_20220401T063203_20220402T184918_0179_064_191_2520_MAR_O_NT_003.SEN3,geo_coordinates.nc,60565985,2d61fd7d973b83629c328a554603e294b90a1b46fac6ef800fb4ecc0cf8e8350,fc7275cf9038ae51710293a9c3e5c0e3-8,"Sat, 02 Apr 2022 20:47:08 GMT"
S3B_OL_2_WFR____20220401T062903_20220401T063203_20220402T184918_0179_064_191_2520_MAR_O_NT_003.SEN3,tie_geo_coordinates.nc,1136555,47083271925e9434ee3438ba9bcac0daeb2f5ce9fa7ac32dc04f77b685d613c8,3a5f9c20be31606725b2a2569b17f726,"Sat, 02 Apr 2022 20:47:08 GMT"
S3B_OL_2_WFR____20220401T062903_20220401T063203_20220402T184918_0179_064_191_2520_MAR_O_NT_003.SEN3,wqsf.nc,5669529,c0844b29cc53ea06855f12ac61f4ff8a9749cba2184765baf37325213b22fc77,3b104f064570f959dd6331d7cf534c69,"Sat, 02 Apr 2022 20:47:08 GMT"
S3B_OL_2_WFR____20220402T060252_20220402T060552_20220403T154741_0179_064_205_2520_MAR_O_NT_003.SEN3,chl_oc4me.nc,8976995,498ed9f2859a1bc8e35522bfcfb256771a6c6b16fcb78787d1e8860660dcb226,e99a04dba61bf5c6a07e7fccbfc49acb-2,"Sun, 03 Apr 2022 18:29:53 GMT"
S3B_OL_2_WFR____20220402T060252_20220402T060552_20220403T154741_0179_064_205_2520_MAR_O_NT_003.SEN3,geo_coordinates.nc,59695204,0174f1bb4aca2342e6b4fc9f065d955213f10f13132223346e27cb81d0006fe5,9146995cdd895d690fb3e48714b1768c-8,"Sun, 03 Apr 2022 18:29:53 GMT"
S3B_OL_2_WFR____20220402T060252_20220402T060552_20220403T154741_0179_064_205_2520_MAR_O_NT_003.SEN3,tie_geo_coordinates.nc,1135595,e2a1d9a875008e1d0f7de7ddb27c6303182fb72a65517f6a1be82659bcc9e71c,1cef6c7811795e54c9c9a907eb8b6117,"Sun, 03 Apr 2022 18:29:52 GMT"
S3B_OL_2_WFR____20220402T060252_20220402T060552_20220403T154741_0179_064_205_2520_MAR_O_NT_003.SEN3,wqsf.nc,6541681,2c071cb3b5e4ab136bd915113a0720ffe668b3449c253727406d1d38245082ab,a0e94b611050117410f81c51594cc763,"Sun, 03 Apr 2022 18:29:53 GMT"
S3B_OL_2_WFR____20220403T053641_20220403T053941_20220404T145354_0180_064_219_2520_MAR_O_NT_003.SEN3,tie_geo_coordinates.nc,1135857,f6b0b451dbcbb9b047f45dc43e27c1b29a9de658792b2d54423972c7d697865e,e6b2be17fd46e5c3d64bdad231617f0f,"Mon, 04 Apr 2022 15:43:34 GMT"
S3B_OL_2_WFR____20220404T065129_20220404T065429_20220405T175559_0180_064_234_2520_MAR_O_NT_003.SEN3,chl_oc4me.nc,3261671,7105c369ebb3c05a46df6856225bf06822a0c083d2575a8052857a59cdef2e8c,1b222e59ebd16dc0cde0b51ac5f15113,"Tue, 05 Apr 2022 18:52:56 GMT"
S3B_OL_2_WFR____20220404T065129_20220404T065429_20220405T175559_0180_064_234_2520_MAR_O_NT_003.SEN3,geo_coordinates.nc,59737323,a1b5e915755fdf68646b4e33bfa0e52cf5e71cd9f13422dbbbfe508c46e3c73e,3f1cbebe4e55617f659571c111cd4542-8,"Tue, 05 Apr 2022 18:52:55 GMT"
S3B_OL_2_WFR____20220404T065129_20220404T065429_20220405T175559_0180_064_234_2520_MAR_O_NT_003.SEN3,tie_geo_coordinates.nc,1136850,bb7b278dbca97174c7dc14b6ce46f5685fbbc09ee78f9652f0a21d46e8376d29,ed2a18e3be9f1e7a5ce4ef2e104415fd,"Tue, 05 Apr 2022 18:52:55 GMT"
S3B_OL_2_WFR____20220404T065129_20220404T065429_20220405T175559_0180_064_234_2520_MAR_O_NT_003.SEN3,wqsf.nc,5429923,ceeb90fa7649bd01829395c26761b18efa40181868b23c11fcb6cfef9440877f,1e6a91428f061d66872b9fd42785ae17,"Tue, 05 Apr 2022 18:52:55 GMT"
S3B_OL_2_WFR____20220405T062518_20220405T062818_20220406T185033_0180_064_248_2520_MAR_O_NT_003.SEN3,chl_oc4me.nc,5755838,ccfc3c91c8cf91fd84de062ff61d28f67836c6b6ccaa45d21314885ed00ad039,c1ab7026d6deec3b3ced03316bf4be26,"Wed, 06 Apr 2022 19:41:24 GMT"
S3B_OL_2_WFR____20220405T062518_20220405T062818_20220406T185033_0180_064_248_2520_MAR_O_NT_003.SEN3,geo_coordinates.nc,60579047,3055eeaadac8ff6f9ad66219447f275b2ddff9c7655ac9290ea56897774ea432,7d621fe98bceae87af6feeeb93774917-8,"Wed, 06 Apr 2022 19:41:23 GMT"
S3B_OL_2_WFR____20220405T062518_20220405T062818_20220406T185033_0180_064_248_2520_MAR_O_NT_003.SEN3,tie_geo_coordinates.nc,1140217,4e8438224dd6593b155a033c5bcfe58887452afc5b3bcaf86712bbf5e17678c9,eb329f301c2071a8b9bb71939081bb96,"Wed, 06 Apr 2022 19:41:23 GMT"
S3B_OL_2_WFR____20220405T062518_20220405T062818_20220406T185033_0180_064_248_2520_MAR_O_NT_003.SEN3,wqsf.nc,5670916,db01e2b970bc2b4447f803ae0ba1e40e016a26710567b94680db9dbde75603a7,3eef9090a41972fb0ecbd371de2a6267,"Wed, 06 Apr 2022 19:41:23 GMT"
S3B_OL_2_WFR____20220406T055907_20220406T060207_20220407T190237_0179_064_262_2520_MAR_O_NT_003.SEN3,chl_oc4me.nc,8202647,b324b50c64cbb3bbd0a998bb844431c6aebb804d1c444502c993b4b95a6b91b3,15ea263b41a513fc55100429e1ab06ba,"Fri, 08 Apr 2022 01:14:57 GMT"
S3B_OL_2_WFR____20220406T055907_20220406T060207_20220407T190237_0179_064_262_2520_MAR_O_NT_003.SEN3,geo_coordinates.nc,59451857,d6337e6c5331e7f0013a33cf7695afc90c55d05eb7312b184617638c79ebb967,5eba485176b5bc50a5c7daf67c02faaa-8,"Fri, 08 Apr 2022 01:14:56 GMT"
S3B_OL_2_WFR____20220406T055907_20220406T060207_20220407T190237_0179_064_262_2520_MAR_O_NT_003.SEN3,tie_geo_coordinates.nc,1135017,a561567e5bde02810686a0c1fb261674e4f279c6da737d007bf0f7773033c496,109eec49e30da4eabc496896da12b0e7,"Fri, 08 Apr 2022 01:14:55 GMT"
S3B_OL_2_WFR____20220406T055907_20220406T060207_20220407T190237_0179_064_262_2520_MAR_O_NT_003.SEN3,wqsf.nc,8649477,b87f76ff00f8aa2f255657a76c2548102b0687fd277009bca2796aba7a5e7a39,d30dba9267909c2395ee4e586a46dd9d-2,"Fri, 08 Apr 2022 01:14:55 GMT"
S3B_OL_2_WFR____20220408T064745_20220408T065045_20220409T183920_0179_064_291_2520_MAR_O_NT_003.SEN3,chl_oc4me.nc,3642487,b99c58a96a4d376a96543e37ddce1f6ebfabf8a020193399210b9f7ce55d05fc,28ce4e5282e6cbdcfa80baa27475ac39,"Sat, 09 Apr 2022 21:10:38 GMT"
S3B_OL_2_WFR____20220408T064745_20220408T065045_20220409T183920_0179_064_291_2520_MAR_O_NT_003.SEN3,geo_coordinates.nc,59923061,b8ac902c6f6f468b1997aa06b1c706c8b8a9b184813be36e337dfe2f69261f85,4f8e2bd2ed677fb1f7e8820c4135334e-8,"Sat, 09 Apr 2022 21:10:38 GMT"
S3B_OL_2_WFR____20220408T064745_20220408T065045_20220409T183920_0179_064_291_2520_MAR_O_NT_003.SEN3,tie_geo_coordinates.nc,1133772,0796d481a489115637e894684059850df89b6f56937cedec6eaa95cf97817570,dac2a198addf93108e8fb6def397a3a7,"Sat, 09 Apr 2022 21:10:37 GMT"
S3B_OL_2_WFR____20220408T064745_20220408T065045_20220409T183920_0179_064_291_2520_MAR_O_NT_003.SEN3,wqsf.nc,5762497,7da1bb4a417a5e8e7e2c0a972c58a07165d4457bf680d6018fb7bd2af896ac5d,0897dc4a0f01c6c9f8e8f685dfcc964b,"Sat, 09 Apr 2022 21:10:37 GMT"
S3B_OL_2_WFR____20220409T062134_20220409T062434_20220410T182248_0179_064_305_2520_MAR_O_NT_003.SEN3,chl_oc4me.nc,4765165,7eb8b9d5a60e66c562814bcaea90b2ec96df53265c046195f78753ce0d0f91d8,d650eac70f7bca06db0926887a2333b5,"Sun, 10 Apr 2022 20:17:47 GMT"
S3B_OL_2_WFR____20220409T062134_20220409T062434_20220410T182248_0179_064_305_2520_MAR_O_NT_003.SEN3,geo_coordinates.nc,60584863,4a155dc66cf407dc00a59e9e2ddbbcb34433aecfc4c75507532380efbf712a08,3b81854cc681df84fe60158ed7d5149d-8,"Sun, 10 Apr 2022 20:17:47 GMT"
S3B_OL_2_WFR____20220409T062134_20220409T062434_20220410T182248_0179_064_305_2520_MAR_O_NT_003.SEN3,tie_geo_coordinates.nc,1136610,f7239fee52c9035d2690175eb3e0ab8767b006f4e937caac5a96cc35866030d9,2b063d27c67929fd2129a67bcc88a92a,"Sun, 10 Apr 2022 20:17:46 GMT"
S3B_OL_2_WFR____20220409T062134_20220409T062434_20220410T182248_0179_064_305_2520_MAR_O_NT_003.SEN3,wqsf.nc,5212677,ba44890bb77579ef5bae7485757b97ff20bbe2af681f744880d3f9dc14a7034b,c9563a6d4f502b57cf5f8a0e7a459206,"Sun, 10 Apr 2022 20:17:46 GMT"
S3B_OL_2_WFR____20220410T055523_20220410T055823_20220411T180932_0179_064_319_2520_MAR_O_NT_003.SEN3,chl_oc4me.nc,7614349,1443a60c0083e851d4359cf1730b7a2c83aa492dae727d065c3b1caf0eca7f26,72f81c35f48ac33fc3467840e679d51e,"Mon, 11 Apr 2022 18:47:19 GMT"
S3B_OL_2_WFR____20220410T055523_20220410T055823_20220411T180932_0179_064_319_2520_MAR_O_NT_003.SEN3,geo_coordinates.nc,59211238,2fc9c98acf617491bdfa8f6ba8836743b37f0649b4be7236cb04e924be5d0ded,66feaa899f84de021e3a21668674a1df-8,"Mon, 11 Apr 2022 18:47:18 GMT"
S3B_OL_2_WFR____20220410T055523_20220410T055823_20220411T180932_0179_064_319_2520_MAR_O_NT_003.SEN3,tie_geo_coordinates.nc,1136184,687ee2c27869447316cb2dcd3bfcfbd284b9b95295bf8861b4db376a727c4526,ced53560ae9587454a687c79e8ea3672,"Mon, 11 Apr 2022 18:47:17 GMT"
S3B_OL_2_WFR____20220410T055523_20220410T055823_20220411T180932_0179_064_319_2520_MAR_O_NT_003.SEN3,wqsf.nc,8712293,329749438d5117ee820bd55449403799cc24a060ba93d49af7be918f69345c56,b488c618c48233b82bb56ddb54286ec6-2,"Mon, 11 Apr 2022 18:47:18 GMT"
S3B_OL_2_WFR____20220412T064401_20220412T064701_20220413T181745_0179_064_348_2520_MAR_O_NT_003.SEN3,chl_oc4me.nc,2055962,9d4f7a79ea6dd4f0d7df555538820716005d6a63f878c815544d8d8e89476035,eae8e234d1ef31753db7d93c70f11c23,"Fri, 15 Apr 2022 09:26:35 GMT"
S3B_OL_2_WFR____20220412T064401_20220412T064701_20220413T181745_0179_064_348_2520_MAR_O_NT_003.SEN3,geo_coordinates.nc,60076679,2dfdc83f0b607be88632af10681bae800ffb7f466f36a85f2305341c13455d7d,5b9979f1afe411730c7778b050338df8-8,"Fri, 15 Apr 2022 09:26:36 GMT"
S3B_OL_2_WFR____20220412T064401_20220412T064701_20220413T181745_0179_064_348_2520_MAR_O_NT_003.SEN3,tie_geo_coordinates.nc,1138921,c35d5750ad1b93490c079b7cec2b23875e01c2ec335be0c3298c541cf17ca4fa,267c4979d059d255bd05e9cbdf1b0c8c,"Fri, 15 Apr 2022 09:26:36 GMT"
S3B_OL_2_WFR____20220412T064401_20220412T064701_20220413T181745_0179_064_348_2520_MAR_O_NT_003.SEN3,wqsf.nc,4291589,138a07956343ad8f2035adaa3c81abdbf0a9f21b8d83b62497b8afa66e0f027b,07502fcc3b6a11694649cb1651771d18,"Fri, 15 Apr 2022 09:26:36 GMT"
S3B_OL_2_WFR____20220413T061751_20220413T062051_20220414T164822_0180_064_362_2520_MAR_O_NT_003.SEN3,chl_oc4me.nc,5116906,06cf419ffe4380a9b8c259b48fb6ce332d3db46ad993544febecc5134d7873fd,200ce6bb790105322df48be41cd607dc,"Thu, 14 Apr 2022 18:12:19 GMT"
S3B_OL_2_WFR____20220413T061751_20220413T062051_20220414T164822_0180_064_362_2520_MAR_O_NT_003.SEN3,geo_coordinates.nc,60438185,f316e8392dbe8ff46a9d63b82aa508d0b0e832c9dca39fac84bf1bfb76ee02e7,70d1755c698e6739df8fe46bc1b339c1-8,"Thu, 14 Apr 2022 18:12:18 GMT"
S3B_OL_2_WFR____20220413T061751_20220413T062051_20220414T164822_0180_064_362_2520_MAR_O_NT_003.SEN3,tie_geo_coordinates.nc,1137766,49b2b3680bd2a9320fde6f7c7ccc9c08a8dad8e2ad1a696f7fefd47e18f1f4f5,83c7e2d270d3c8577ff8b9d71e8ea02c,"Thu, 14 Apr 2022 18:12:18 GMT"
S3B_OL_2_WFR____20220413T061751_20220413T062051_20220414T164822_0180_064_362_2520_MAR_O_NT_003.SEN3,wqsf.nc,5485655,5dbc687a2152c089f13ab62fb7c4456174d4b4111f2e038b585289a439f43369,e72c84329f89212e46987584cf7b43a1,"Thu, 14 Apr 2022 18:12:18 GMT"
S3B_OL_2_WFR____20220414T055140_20220414T055440_20220415T163230_0179_064_376_2520_MAR_O_NT_003.SEN3,chl_oc4me.nc,9070169,6b99bfd8da7bd7c29abb403b225a221ee5718e23f95fe8e6fdf537813cedb9f2,635765c15af64ee24e8ba8863cd1ed2f-2,"Fri, 15 Apr 2022 17:27:59 GMT"
S3B_OL_2_WFR____20220414T055140_20220414T055440_20220415T163230_0179_064_376_2520_MAR_O_NT_003.SEN3,geo_coordinates.nc,58749852,7d9bb8a48f17b06d920dbb98c3225f2364f4c8ac0968219f7d967a1577bf641f,c1db74e71920ac7f437594c97d8c54a0-8,"Fri, 15 Apr 2022 17:27:58 GMT"
S3B_OL_2_WFR____20220414T055140_20220414T055440_20220415T163230_0179_064_376_2520_MAR_O_NT_003.SEN3,tie_geo_coordinates.nc,1139922,67d79094767d0a24af43cc2a94df2058baa382ecb17ebb2ced5a32470322b546,e3d196d3844d7e9c263b63463a65e044,"Fri, 15 Apr 2022 17:27:57 GMT"
S3B_OL_2_WFR____20220414T055140_20220414T055440_20220415T163230_0179_064_376_2520_MAR_O_NT_003.SEN3,wqsf.nc,9343713,7e2f81c1e743148c95760c987c7cad17a873669359501bdfc5aba86f0d8897c2,c9ab1e5b6c479f390e7c20c59cd613d7-2,"Fri, 15 Apr 2022 17:27:58 GMT"
S3B_OL_2_WFR____20220416T064018_20220416T064318_20220417T172505_0179_065_020_2520_MAR_O_NT_003.SEN3,chl_oc4me.nc,2134167,a7b7a9de380a86b2cdae765ef095544ecec8c006878afedf1d9020830e5e5772,6929707340071eca4e4cb23fcf5482e7,"Sun, 17 Apr 2022 23:09:47 GMT"
S3B_OL_2_WFR____20220416T064018_20220416T064318_20220417T172505_0179_065_020_2520_MAR_O_NT_003.SEN3,geo_coordinates.nc,60205784,72eabc5fec3e416377a422975a94f86f81283ee5bf17a91ea2ab3950c84c7e7b,6f4e5938f2722a76624a3c7baf95ea16-8,"Sun, 17 Apr 2022 23:09:46 GMT"
S3B_OL_2_WFR____20220416T064018_20220416T064318_20220417T172505_0179_065_020_2520_MAR_O_NT_003.SEN3,tie_geo_coordinates.nc,1136545,72cdcffe2b6539756f8f1cd3cf3b621904292805d2066f19116e8e752ae50a58,43868316f0eb1aabd37cd29494183977,"Sun, 17 Apr 2022 23:09:46 GMT"
S3B_OL_2_WFR____20220416T064018_20220416T064318_20220417T172505_0179_065_020_2520_MAR_O_NT_003.SEN3,wqsf.nc,4653918,710f3e12300dd6d8f425dc4583aca58bd58b991577cea105b35d6fdc8af85f97,c4d05ebafe5ba519e452323d1d3d78c1,"Sun, 17 Apr 2022 23:09:46 GMT"
S3B_OL_2_WFR____20220417T061407_20220417T061707_20220418T181315_0179_065_034_2520_MAR_O_NT_003.SEN3,chl_oc4me.nc,5513429,16e2ffbb085a602dc164c2f916123ea7d0925f07a312b1242c33144681adc8d6,e86dc473d0244d01a14b7ec3cb16c9bc,"Mon, 18 Apr 2022 19:33:30 GMT"
S3B_OL_2_WFR____20220417T061407_20220417T061707_20220418T181315_0179_065_034_2520_MAR_O_NT_003.SEN3,geo_coordinates.nc,60246265,f3c28ee6380aa2f564e65c11486c30242948d9aa7aa55525c47d665f2ba03b51,937160231188873611538541ebc1fe97-8,"Mon, 18 Apr 2022 19:33:29 GMT"
S3B_OL_2_WFR____20220417T061407_20220417T061707_20220418T181315_0179_065_034_2520_MAR_O_NT_003.SEN3,tie_geo_coordinates.nc,1137113,63f2ebeae439f483486cffbee1eda0b033200810744f330e3257829f85bf67e2,c3acc6476678d8428f44f16ce0213aa1,"Mon, 18 Apr 2022 19:33:29 GMT"
S3B_OL_2_WFR____20220417T061407_20220417T061707_20220418T181315_0179_065_034_2520_MAR_O_NT_003.SEN3,wqsf.nc,6429358,2cc4a379fff9bc84e32526d1483c6388e3aa1f99a8b958b5f29c521374c9edda,ce87fa884494cc673e58685cf4295f51,"Mon, 18 Apr 2022 19:33:29 GMT"
S3B_OL_2_WFR____20220418T054756_20220418T055056_20220419T183136_0179_065_048_2520_MAR_O_NT_003.SEN3,chl_oc4me.nc,8481342,89d1a249d1e4b82d41d94d41f26b75fe1b7a30448cb2b030fe93ce8df4778382,2deab6a7598cec4d5b6087f3357e6809-2,"Tue, 19 Apr 2022 19:10:50 GMT"
S3B_OL_2_WFR____20220418T054756_20220418T055056_20220419T183136_0179_065_048_2520_MAR_O_NT_003.SEN3,geo_coordinates.nc,58381217,8eedbbbf6f13581ac4dbbb80871624437fc1f18ed96b4b0b713164608cd4de60,6c1b624f212996401cdac7f85af17c58-7,"Tue, 19 Apr 2022 19:10:48 GMT"
S3B_OL_2_WFR____20220418T054756_20220418T055056_20220419T183136_0179_065_048_2520_MAR_O_NT_003.SEN3,tie_geo_coordinates.nc,1139663,a2372f1355e95ee23552b90a3d2036203631d18f0efdba84bfae48a47a6c00d0,a382a42c0f0e6f7b659d125008768ff4,"Tue, 19 Apr 2022 19:10:46 GMT"
S3B_OL_2_WFR____20220418T054756_20220418T055056_20220419T183136_0179_065_048_2520_MAR_O_NT_003.SEN3,wqsf.nc,11116493,104a6bba5f4684c27dea08c16190ad2d6fccce13eda381943341c6d4ff90316a,a33db7388f4a5fd38ea993b0c12fd6b0-2,"Tue, 19 Apr 2022 19:10:47 GMT"
S3B_OL_2_WFR____20220420T063634_20220420T063934_20220421T191037_0179_065_077_2520_MAR_O_NT_003.SEN3,chl_oc4me.nc,2576319,bbec990c4edb7112a82c7635aa331dd4b4a50c3fd988cf8e85ad55e6f62c18d8,04f1b4beacaa4beb765c1e95352fdc33,"Thu, 21 Apr 2022 21:29:39 GMT"
S3B_OL_2_WFR____20220420T063634_20220420T063934_20220421T191037_0179_065_077_2520_MAR_O_NT_003.SEN3,geo_coordinates.nc,60402549,fd211fcc3691534f8cda20fccbae92e02646c98b15d75c2a7113877b54c2d400,1a893c5ba880cc2d7da8b4b115429a1e-8,"Thu, 21 Apr 2022 21:29:39 GMT"
S3B_OL_2_WFR____20220420T063634_20220420T063934_20220421T191037_0179_065_077_2520_MAR_O_NT_003.SEN3,tie_geo_coordinates.nc,1139410,d608e008abda8b3deaec059a1045b560845c20fb342edfe1ccdba8563b41e84b,fad475477d8f1edf21368995bf2f3133,"Thu, 21 Apr 2022 21:29:38 GMT"
S3B_OL_2_WFR____20220420T063634_20220420T063934_20220421T191037_0179_065_077_2520_MAR_O_NT_003.SEN3,wqsf.nc,4931181,20bb7b80412b838b2ced6381e8048569bb44069312749b033af5a070bfefc13f,60b5d805b50b026f4a2440b75c97bea3,"Thu, 21 Apr 2022 21:29:39 GMT"
S3B_OL_2_WFR____20220421T061023_20220421T061323_20220422T161541_0179_065_091_2520_MAR_O_NT_003.SEN3,chl_oc4me.nc,7369630,a6e86a682a28ff6aa6edaee5a163e30b006c3f71c2ce1995c9770f832992b3e9,ebf124f03b5bf5684988aa91fc391b8d,"Fri, 22 Apr 2022 18:13:15 GMT"
S3B_OL_2_WFR____20220421T061023_20220421T061323_20220422T161541_0179_065_091_2520_MAR_O_NT_003.SEN3,geo_coordinates.nc,60019443,7e994fecd0a589b227d614d82a09cda7776d3f49802da7865e665c12c508352f,7ed5b90707b6aa416d7c22facefdf420-8,"Fri, 22 Apr 2022 18:13:14 GMT"
S3B_OL_2_WFR____20220421T061023_20220421T061323_20220422T161541_0179_065_091_2520_MAR_O_NT_003.SEN3,tie_geo_coordinates.nc,1134120,f1569b0732ccb90db08db227ab9c36c85693b60aa5cae31485d8f224da1df2c6,189c2742a3043f29c0c75edfd03f56f1,"Fri, 22 Apr 2022 18:13:14 GMT"
S3B_OL_2_WFR____20220421T061023_20220421T061323_20220422T161541_0179_065_091_2520_MAR_O_NT_003.SEN3,wqsf.nc,7763863,893de29c8fd7b3763f923fcbe8ac0399daa0021df7d7f7cc0d94680e1d1a7ad8,9a60e32837d882815fc71fb49923c4b6,"Fri, 22 Apr 2022 18:13:14 GMT"
S3B_OL_2_WFR____20220422T054412_20220422T054712_20220423T161942_0180_065_105_2520_MAR_O_NT_003.SEN3,chl_oc4me.nc,10224144,fdece74fef23f6bc06567714d8e88c46edbd381052f0dba11a243ee8713c8777,a94416593ea22e1aced96f00a200f23f-2,"Sat, 23 Apr 2022 23:31:22 GMT"
S3B_OL_2_WFR____20220422T054412_20220422T054712_20220423T161942_0180_065_105_2520_MAR_O_NT_003.SEN3,geo_coordinates.nc,58128232,674cf1b6403bbda29be4228462c3ef2f4b68242607a73aabea09eda267675d34,fd8b6576e6b54a22322af0d5789bdf60-7,"Sat, 23 Apr 2022 23:31:21 GMT"
S3B_OL_2_WFR____20220422T054412_20220422T054712_20220423T161942_0180_065_105_2520_MAR_O_NT_003.SEN3,tie_geo_coordinates.nc,1135921,dd3c2c627a7c03697413b07831262216e5b2a122506c8c4402610237dd8e14a3,206889462883ec7c36fa0fff82f89cc4,"Sat, 23 Apr 2022 23:31:21 GMT"
S3B_OL_2_WFR____20220422T054412_20220422T054712_20220423T161942_0180_065_105_2520_MAR_O_NT_003.SEN3,wqsf.nc,10011493,057dfb6c871592aba2557f246ae6a81d2b9484d377abe5ebd0446fbffa9f77dc,e868e2c91dd6b51b842c435c36249244-2,"Sat, 23 Apr 2022 23:31:21 GMT"
S3B_OL_2_WFR____20220423T065901_20220423T070201_20220424T171146_0179_065_120_2520_MAR_O_NT_003.SEN3,tie_geo_coordinates.nc,1138903,724565ea62af9b606c26aeb1f47ada5a3cfc2b95b65ced002280d26c728173c3,e73bbdda13950de134062b905c9351ff,"Sun, 24 Apr 2022 18:17:23 GMT"
S3B_OL_2_WFR____20220424T063250_20220424T063550_20220425T184631_0179_065_134_2520_MAR_O_NT_003.SEN3,chl_oc4me.nc,3607569,87449fa46741d424b1a7fcacf92deef12fa2126e60e9083b04cef54f73a250ec,28833ce44246c16170c0a388694c8ca6,"Mon, 25 Apr 2022 19:41:41 GMT"
S3B_OL_2_WFR____20220424T063250_20220424T063550_20220425T184631_0179_065_134_2520_MAR_O_NT_003.SEN3,geo_coordinates.nc,60561492,060fb6fd163e638ae49b313ebd7864337ea333087e53dda3ff1d29fe15868b5d,92f76fb2e84d94e1b079168ffa6eaf8c-8,"Mon, 25 Apr 2022 19:41:41 GMT"
S3B_OL_2_WFR____20220424T063250_20220424T063550_20220425T184631_0179_065_134_2520_MAR_O_NT_003.SEN3,tie_geo_coordinates.nc,1137751,c7484ca112d4a7bc2b248176d6ea3776489808d7728993f4c13867e1992e3446,500d4a38df1ac4b0143505f15cb07b47,"Mon, 25 Apr 2022 19:41:40 GMT"
S3B_OL_2_WFR____20220424T063250_20220424T063550_20220425T184631_0179_065_134_2520_MAR_O_NT_003.SEN3,wqsf.nc,4986479,d6d245fd0345f8ea88ddf15d5dbae5352e59b174b9f357197fa49bc0cd8758fc,cad875b2cba47fc7a8bd0b6248ad7a0b,"Mon, 25 Apr 2022 19:41:41 GMT"
S3B_OL_2_WFR____20220425T060639_20220425T060939_20220426T180542_0179_065_148_2520_MAR_O_NT_003.SEN3,chl_oc4me.nc,7862030,3aae519c6c20a39916aea5c5ea5f9f92935d3d9733126ed3f472e6681c084acd,39462aed39c5e2be63fa77fd4bcc2102,"Tue, 26 Apr 2022 20:45:00 GMT"
S3B_OL_2_WFR____20220425T060639_20220425T060939_20220426T180542_0179_065_148_2520_MAR_O_NT_003.SEN3,geo_coordinates.nc,59871926,d7baf148833dfb844f9c17f7beb9b3acf8a5a993ffbda9144e2fbaaae7a2959f,069fb94c4c2c6924061000a8cbb3679d-8,"Tue, 26 Apr 2022 20:45:00 GMT"
S3B_OL_2_WFR____20220425T060639_20220425T060939_20220426T180542_0179_065_148_2520_MAR_O_NT_003.SEN3,tie_geo_coordinates.nc,1135958,86485192e1c3760d2207a3780686b9c730aa9902e8122ddd611ea5c238d81724,b46b5adaa265f328d1cf670005b8e52b,"Tue, 26 Apr 2022 20:44:59 GMT"
S3B_OL_2_WFR____20220425T060639_20220425T060939_20220426T180542_0179_065_148_2520_MAR_O_NT_003.SEN3,wqsf.nc,6976902,514e2ed01fbaf67d34c67ad8f0466a1cc389a07bc22c74b9f82010a5fa2310c6,fceb75ba63d6199756405fbb212c3a61,"Tue, 26 Apr 2022 20:44:59 GMT"
S3B_OL_2_WFR____20220426T054028_20220426T054328_20220427T190227_0179_065_162_2520_MAR_O_NT_003.SEN3,chl_oc4me.nc,9604890,4edb6d689d4806c40e721743a53a7fff491d55954997a541333c8328b486c9f8,0eff1c27fb6fb381bdb28375145b32ec-2,"Wed, 27 Apr 2022 23:57:24 GMT"
S3B_OL_2_WFR____20220426T054028_20220426T054328_20220427T190227_0179_065_162_2520_MAR_O_NT_003.SEN3,geo_coordinates.nc,57935473,c4eff48b626540b6f339897f9f06ab6d11b3330f1d80dae24182fb9b179753dc,442e4870dd0aa7e567701bf0f40d77ed-7,"Wed, 27 Apr 2022 23:57:23 GMT"
S3B_OL_2_WFR____20220426T054028_20220426T054328_20220427T190227_0179_065_162_2520_MAR_O_NT_003.SEN3,tie_geo_coordinates.nc,1135809,63150413068abc536ff09bdcff7f30c3aee3b9f2f86196a7cf497d5e03d1798b,e1516d2222c13a587cad6e7a54e0f901,"Wed, 27 Apr 2022 23:57:22 GMT"
S3B_OL_2_WFR____20220426T054028_20220426T054328_20220427T190227_0179_065_162_2520_MAR_O_NT_003.SEN3,wqsf.nc,7258086,dfe86c86a5994fab204ee22ff6b39c18ea1cb5384343eeb89c203357b172df8a,adb1deba79ffb4a23df0b107f2b064e3,"Wed, 27 Apr 2022 23:57:23 GMT"
S3B_OL_2_WFR____20220427T065516_20220427T065816_20220428T182412_0179_065_177_2520_MAR_O_NT_003.SEN3,tie_geo_coordinates.nc,1140042,d90c08cb6b547980a1daee93685b060f417dd3e447054fcec9c4d58fd87687c1,076d33e490ed13fc7d3f298c7f1fd71b,"Thu, 28 Apr 2022 22:59:29 GMT"
S3B_OL_2_WFR____20220428T062906_20220428T063206_20220429T163730_0179_065_191_2520_MAR_O_NT_003.SEN3,chl_oc4me.nc,3656021,36d50fb81fcb3a4ebe309343d301c750cda121d197099d06739555cd7ad11ea0,020d4c1c521f183c868992e8b489ecb3,"Fri, 29 Apr 2022 17:11:48 GMT"
S3B_OL_2_WFR____20220428T062906_20220428T063206_20220429T163730_0179_065_191_2520_MAR_O_NT_003.SEN3,geo_coordinates.nc,60575948,1efaf6a28d008df7844deaf6b0d25578a2482a2b114f9c256c3d953757bfd64d,db6cd161ed1fbfa1e12a436abfdf43b6-8,"Fri, 29 Apr 2022 17:11:47 GMT"
S3B_OL_2_WFR____20220428T062906_20220428T063206_20220429T163730_0179_065_191_2520_MAR_O_NT_003.SEN3,tie_geo_coordinates.nc,1137139,118c8910b78e47367a2f04d602b907daa9bc6a47922413de99db1c0850084d75,7f13cf4368312e8c40aef05e23aefacc,"Fri, 29 Apr 2022 17:11:46 GMT"
S3B_OL_2_WFR____20220428T062906_20220428T063206_20220429T163730_0179_065_191_2520_MAR_O_NT_003.SEN3,wqsf.nc,4786418,f0b705e58e27585ed4157367e2e3fc2eae1496b91494f63f17f767f850d382bc,49987c980fa747d998f30eeeaa1a00c3,"Fri, 29 Apr 2022 17:11:47 GMT"
S3B_OL_2_WFR____20220429T060255_20220429T060555_20220430T162026_0180_065_205_2520_MAR_O_NT_003.SEN3,chl_oc4me.nc,8195227,dba9dfb8c4802cc7b0cf07b7083cd0bfc835045ede7fc19c8de5c2125e7764ab,10e29841b327cda67de382a8032a3c04,"Sat, 30 Apr 2022 19:27:10 GMT"
S3B_OL_2_WFR____20220429T060255_20220429T060555_20220430T162026_0180_065_205_2520_MAR_O_NT_003.SEN3,geo_coordinates.nc,59732799,cc169a28b7b82696cfcf8eff4ffe36a957fd72869d660c8e70e75baf6940361f,07853e6aa7c045ec9b4808920253ec11-8,"Sat, 30 Apr 2022 19:27:09 GMT"
S3B_OL_2_WFR____20220429T060255_20220429T060555_20220430T162026_0180_065_205_2520_MAR_O_NT_003.SEN3,tie_geo_coordinates.nc,1134264,158eaa0c03e18ea1dfa4afb515240e4960ad3cf7086972f8e995f3d3a9713c5e,58a6984f0a261562b9142be812c94000,"Sat, 30 Apr 2022 19:27:08 GMT"
S3B_OL_2_WFR____20220429T060255_20220429T060555_20220430T162026_0180_065_205_2520_MAR_O_NT_003.SEN3,wqsf.nc,6251914,7339ee42be1a9dd395c79444f19a259f86c10a9b1c81554e1af43ae150fb5b3d,ca6f8204261a2bad33c1d0e6ad62d684,"Sat, 30 Apr 2022 19:27:09 GMT"
S3B_OL_2_WFR____20220430T053645_20220430T053945_20220501T152917_0179_065_219_2520_MAR_O_NT_003.SEN3,tie_geo_coordinates.nc,1137676,5e2ff57f49819ff7fbaebd7160b8258092253498071d219ae163dd083b96abb9,393bb6ede429299aa6afbf171b46405f,"Sun, 01 May 2022 16:20:09 GMT"
S3B_OL_2_WFR____20220501T065134_20220501T065434_20220502T183425_0180_065_234_2520_MAR_O_NT_003.SEN3,chl_oc4me.nc,2994325,9762d856e6fd12e7c367813138d6fdfe517673a55043c8e48a581885097cd983,d729ff30d619f5060b313c14a1243f17,"Mon, 02 May 2022 20:06:06 GMT"
S3B_OL_2_WFR____20220501T065134_20220501T065434_20220502T183425_0180_065_234_2520_MAR_O_NT_003.SEN3,geo_coordinates.nc,59784672,e6ef6be665e90561a6033e4283cbd2a0ca607e3b7feb7b51253cb5f9e3862113,ac47a445dfec866af31cd7ea5b982edf-8,"Mon, 02 May 2022 20:06:05 GMT"
S3B_OL_2_WFR____20220501T065134_20220501T065434_20220502T183425_0180_065_234_2520_MAR_O_NT_003.SEN3,tie_geo_coordinates.nc,1137831,bac167bed126a39cc2c60b93f25b9268cea958757446b48a46b14b407fa019b5,b2944130fc7c372ad162ffb00b852b11,"Mon, 02 May 2022 20:06:05 GMT"
S3B_OL_2_WFR____20220501T065134_20220501T065434_20220502T183425_0180_065_234_2520_MAR_O_NT_003.SEN3,wqsf.nc,3805682,00c590df1fe06fc5b421675cf0a0f685f1ebba1ffdd33d2a76228117d5d10ce4,98a2dad7fa2128960794047a85e04539,"Mon, 02 May 2022 20:06:05 GMT"
S3B_OL_2_WFR____20220502T062523_20220502T062823_20220503T181914_0179_065_248_2520_MAR_O_NT_003.SEN3,chl_oc4me.nc,3602260,c6c07f44bb031ecb33ceeb4091b15bc997fec60c28e26d2684ff6b10332e878d,36a886114914a91b8530b401c4987f21,"Tue, 03 May 2022 20:38:54 GMT"
S3B_OL_2_WFR____20220502T062523_20220502T062823_20220503T181914_0179_065_248_2520_MAR_O_NT_003.SEN3,geo_coordinates.nc,60623811,45970a76ee8f4b4ff417cdf1823f6073db1aa7e52d5b752dcf11106fa4ae93e3,db0627cd64523e026b0dfcd6f586f9e7-8,"Tue, 03 May 2022 20:38:53 GMT"
S3B_OL_2_WFR____20220502T062523_20220502T062823_20220503T181914_0179_065_248_2520_MAR_O_NT_003.SEN3,tie_geo_coordinates.nc,1140482,bf1e38dd777aed96967da2ea040899c1ea7a9ab96e24226e4505320668862b9f,41fcd97f9ff58001825b29f88ebf512d,"Tue, 03 May 2022 20:38:53 GMT"
S3B_OL_2_WFR____20220502T062523_20220502T062823_20220503T181914_0179_065_248_2520_MAR_O_NT_003.SEN3,wqsf.nc,4031020,cbf2a5aa5d03b45386b0ae57143fa3d7758b07ab7d86445707a11c9b9e6acdc1,6a421b2177a75b17ba4e2efbf7223f75,"Tue, 03 May 2022 20:38:53 GMT"
S3B_OL_2_WFR____20220503T055912_20220503T060212_20220504T185732_0179_065_262_2520_MAR_O_NT_003.SEN3,chl_oc4me.nc,7027048,67b774597cd3f2efe6fc4ab4847f4d36b6e5c8a2c2c38307e4a831c4cbffde33,798ed6e21055869f551ee65fcb771f7d,"Wed, 04 May 2022 20:14:00 GMT"
S3B_OL_2_WFR____20220503T055912_20220503T060212_20220504T185732_0179_065_262_2520_MAR_O_NT_003.SEN3,geo_coordinates.nc,59511968,70a95d16b1a13654ee074faae6c797db829a068dec2c736599874c100c234a34,e912807128e566647e018461b8777c8a-8,"Wed, 04 May 2022 20:13:59 GMT"
S3B_OL_2_WFR____20220503T055912_20220503T060212_20220504T185732_0179_065_262_2520_MAR_O_NT_003.SEN3,tie_geo_coordinates.nc,1133935,7085113dae95d7fb440e16f9fe5c31c7fbfd48c54927560d9b4959479ac204a7,8822ecec1cf81e345176091b76ddd8fc,"Wed, 04 May 2022 20:13:59 GMT"
S3B_OL_2_WFR____20220503T055912_20220503T060212_20220504T185732_0179_065_262_2520_MAR_O_NT_003.SEN3,wqsf.nc,7986654,31e08c261defcc38ae8794a58d0980fdb3afca8319e7f2166248503dc0d53ff8,cc0d9115d000fe409b6c54194e02a1df,"Wed, 04 May 2022 20:13:59 GMT"
S3B_OL_2_WFR____20220505T064750_20220505T065050_20220506T193101_0179_065_291_2520_MAR_O_NT_003.SEN3,chl_oc4me.nc,2212183,06b4400e6bf61cdffc59bbff10469f8fbd084d4299b3db83e452d6a7e75cf6cf,6f7073ae0480311f55476897769b255e,"Fri, 06 May 2022 22:56:05 GMT"
S3B_OL_2_WFR____20220505T064750_20220505T065050_20220506T193101_0179_065_291_2520_MAR_O_NT_003.SEN3,geo_coordinates.nc,59917809,746726122b1cab4b15333c8c433afc91694ba76f310f95ab51693f7453239613,3d67b7c44119d6b8322427c5cc1cafc4-8,"Fri, 06 May 2022 22:56:04 GMT"
S3B_OL_2_WFR____20220505T064750_20220505T065050_20220506T193101_0179_065_291_2520_MAR_O_NT_003.SEN3,tie_geo_coordinates.nc,1136148,6cce151166bf3ffee0bba4ee1eff307105bae1050dc8dcc289bcba5ec5be9ea5,993ea9de23e1e9ad205b3fd992b22d0e,"Fri, 06 May 2022 22:56:04 GMT"
S3B_OL_2_WFR____20220505T064750_20220505T065050_20220506T193101_0179_065_291_2520_MAR_O_NT_003.SEN3,wqsf.nc,4118298,af1ff218c974d41499f8dbf1e07ec5d7473ee8775a6639de8f5396e3ecbf3a35,53951985fb8432d81c54b5c2dc0c012a,"Fri, 06 May 2022 22:56:04 GMT"
S3B_OL_2_WFR____20220506T062140_20220506T062440_20220507T192520_0180_065_305_2520_MAR_O_NT_003.SEN3,chl_oc4me.nc,2791937,20d2800b6dab56dc57143e85c976070330757cffa1e9760c6ba773b40ad11ceb,ff49fb64ab160a5726e70e4798f432df,"Sat, 07 May 2022 20:42:12 GMT"
S3B_OL_2_WFR____20220506T062140_20220506T062440_20220507T192520_0180_065_305_2520_MAR_O_NT_003.SEN3,geo_coordinates.nc,60594019,e00ae84707690b10bc27a572e53ebd8b9b4d946bf4612a6a9d7e3ee41121f88e,2d6b5681656c79a30f150e35801ae9ac-8,"Sat, 07 May 2022 20:42:12 GMT"
S3B_OL_2_WFR____20220506T062140_20220506T062440_20220507T192520_0180_065_305_2520_MAR_O_NT_003.SEN3,tie_geo_coordinates.nc,1136046,5113080f3112bd799f402a3f438c7ca3dfa34650baa999e45ce7c29a5e17d414,ff9b6772b121a216373e218c93da796a,"Sat, 07 May 2022 20:42:11 GMT"
S3B_OL_2_WFR____20220506T062140_20220506T062440_20220507T192520_0180_065_305_2520_MAR_O_NT_003.SEN3,wqsf.nc,3909879,840f40ac66b4ba743c7e7038ca8099d0dce5fcd6de0c2e0573595479c1c2c744,e0248be54d53cda3fb9481a3d495d497,"Sat, 07 May 2022 20:42:11 GMT"
S3B_OL_2_WFR____20220507T055529_20220507T055829_20220508T184855_0179_065_319_2520_MAR_O_NT_003.SEN3,chl_oc4me.nc,8215873,ddcf9ea3226e715b2b853a78a3557dea35400bccb7355dd0f885f16ff3ebc164,ca333fd3938e177369ffffeddd62f316,"Sun, 08 May 2022 19:53:53 GMT"
S3B_OL_2_WFR____20220507T055529_20220507T055829_20220508T184855_0179_065_319_2520_MAR_O_NT_003.SEN3,geo_coordinates.nc,59235382,886751deb2fd228c8e19e827f12472ff1df4c4679ff75d660f88f31b7031c1de,be50a5322278d65e80289441444dfc17-8,"Sun, 08 May 2022 19:53:52 GMT"
S3B_OL_2_WFR____20220507T055529_20220507T055829_20220508T184855_0179_065_319_2520_MAR_O_NT_003.SEN3,tie_geo_coordinates.nc,1133345,4f243676d9ad21916382f4a4d9f5cd96d9a2254777cf60c5f1afb47a94f4eb76,e1fa6971921e545c7beee16a07d86a60,"Sun, 08 May 2022 19:53:52 GMT"
S3B_OL_2_WFR____20220507T055529_20220507T055829_20220508T184855_0179_065_319_2520_MAR_O_NT_003.SEN3,wqsf.nc,9352861,23c0eb1e8a734935c4b3ff0394d1a21a03ba1b7a83dd7aff255d1641dc1f85b4,2173dbb437ee83050a24e995e0a28d4e-2,"Sun, 08 May 2022 19:53:52 GMT"
S3B_OL_2_WFR____20220509T064407_20220509T064707_20220510T173635_0180_065_348_2520_MAR_O_NT_003.SEN3,chl_oc4me.nc,3995719,f939aab4241d7361ac029812c3543936775a78bbba3d4719e0be28339811dbef,5574fd791328d07b5eabf21b2566f107,"Tue, 10 May 2022 19:52:33 GMT"
S3B_OL_2_WFR____20220509T064407_20220509T064707_20220510T173635_0180_065_348_2520_MAR_O_NT_003.SEN3,geo_coordinates.nc,60100524,26891627f89fc08ebab56420240d2aae86f4087e0c8505e688b7dea5100a88d2,9decf714cec18411db850e5056f5443a-8,"Tue, 10 May 2022 19:52:33 GMT"
S3B_OL_2_WFR____20220509T064407_20220509T064707_20220510T173635_0180_065_348_2520_MAR_O_NT_003.SEN3,tie_geo_coordinates.nc,1136720,402bc3638744a450bbdccf74b292799ce41e26185146ad36935d692671b72552,7960d75bb0cbdae400ee804b2f754ac7,"Tue, 10 May 2022 19:52:32 GMT"
S3B_OL_2_WFR____20220509T064407_20220509T064707_20220510T173635_0180_065_348_2520_MAR_O_NT_003.SEN3,wqsf.nc,4429117,61d15f6274011c730c76b44b892692b9f7fe6140140d6c61166ccc7ef8a278bb,6d4997750073298b3793c0ca33ec5a67,"Tue, 10 May 2022 19:52:32 GMT"
S3B_OL_2_WFR____20220510T061756_20220510T062056_20220511T200938_0179_065_362_2520_MAR_O_NT_003.SEN3,chl_oc4me.nc,5157396,9bbab34295565ea3d1abd094985cec3a9e646ac35073bf816c9b3c48e882f033,1b51c482b4e4c3cedb8681c424e66e50,"Wed, 11 May 2022 21:59:46 GMT"
S3B_OL_2_WFR____20220510T061756_20220510T062056_20220511T200938_0179_065_362_2520_MAR_O_NT_003.SEN3,geo_coordinates.nc,60451717,1009eaa58228f88486f57d6a9d6bd301c03de174bdbcc95423d3372da7052741,1fa6066e84513a02faf802422b02b99e-8,"Wed, 11 May 2022 21:59:46 GMT"
S3B_OL_2_WFR____20220510T061756_20220510T062056_20220511T200938_0179_065_362_2520_MAR_O_NT_003.SEN3,tie_geo_coordinates.nc,1139760,d04b88f8bf230431ba995077fd91861caa162b30b6f5f745410fe02d27fae994,dcd3d8e227ee8295d312895f011c58ec,"Wed, 11 May 2022 21:59:45 GMT"
S3B_OL_2_WFR____20220510T061756_20220510T062056_20220511T200938_0179_065_362_2520_MAR_O_NT_003.SEN3,wqsf.nc,4752439,c9d8733a6c94d1235f7a36905af29f666b6d9e22443a5375b50849fcc6f81a09,8bed819920ac722a545c491ad9637ebb,"Wed, 11 May 2022 21:59:45 GMT"
S3B_OL_2_WFR____20220511T055145_20220511T055445_20220512T193705_0179_065_376_2520_MAR_O_NT_003.SEN3,chl_oc4me.nc,7485172,8ea3fded37b120e38917595df19e632decebc1d7fae576a68087542123f73b44,1109998675454d1ed5e4a06d15d3e2f1,"Thu, 12 May 2022 22:55:01 GMT"
S3B_OL_2_WFR____20220511T055145_20220511T055445_20220512T193705_0179_065_376_2520_MAR_O_NT_003.SEN3,geo_coordinates.nc,58769234,913015869d7164beeb61eca6ea69c2b394a0f32902ad71721e5042f144c82989,097dd3c57c8d4cf4ad2928d03adce177-8,"Thu, 12 May 2022 22:55:00 GMT"
S3B_OL_2_WFR____20220511T055145_20220511T055445_20220512T193705_0179_065_376_2520_MAR_O_NT_003.SEN3,tie_geo_coordinates.nc,1136539,a27fea5ecc6aa5ce55e1626454ca26e032035287ded4999f46199a451ac77d43,5e39f4de0cb78a0fbce6325ea381007b,"Thu, 12 May 2022 22:54:59 GMT"
S3B_OL_2_WFR____20220511T055145_20220511T055445_20220512T193705_0179_065_376_2520_MAR_O_NT_003.SEN3,wqsf.nc,8276653,bc8b3eae74c69b1faaa6eb6084693261a36d7908567d98ab6388d6c5e66c8b45,3e53b5a9e9886e354e8f564e4b945598,"Thu, 12 May 2022 22:55:00 GMT"
S3B_OL_2_WFR____20220513T064023_20220513T064323_20220514T183853_0179_066_020_2520_MAR_O_NT_003.SEN3,chl_oc4me.nc,4183428,a2e28998ba4dd080098cccd5cb60823380ae48143b148751081565d70d8496e9,c6a503948f4643209a641470bea3488f,"Sat, 14 May 2022 19:50:40 GMT"
S3B_OL_2_WFR____20220513T064023_20220513T064323_20220514T183853_0179_066_020_2520_MAR_O_NT_003.SEN3,geo_coordinates.nc,60250227,6552042fad740d33fd87cbc3c680b8523f9e0db1a6cbd039ca964cdcbb11f309,56030bb438a9228efa11b493259e0c6e-8,"Sat, 14 May 2022 19:50:40 GMT"
S3B_OL_2_WFR____20220513T064023_20220513T064323_20220514T183853_0179_066_020_2520_MAR_O_NT_003.SEN3,tie_geo_coordinates.nc,1140518,d4e2539248ac4f7415270eaecf8b94dc6e1e0bdddfd14e636355e7780ad13afd,32d2c9ae218e87d53706fd6eda2b5310,"Sat, 14 May 2022 19:50:39 GMT"
S3B_OL_2_WFR____20220513T064023_20220513T064323_20220514T183853_0179_066_020_2520_MAR_O_NT_003.SEN3,wqsf.nc,4869563,49b61a426c91b1498814c73ec4a21036d695d53b033d801afc8815d75f1ca9a9,149c7e2b5be46b1b53dc508a34a3c20b,"Sat, 14 May 2022 19:50:40 GMT"
S3B_OL_2_WFR____20220514T061412_20220514T061712_20220515T195055_0179_066_034_2520_MAR_O_NT_003.SEN3,chl_oc4me.nc,6261633,1d7dd2239ffa3ce2b5cc7d7934a12343448562575df960a1baff33d36ad7f673,be8127569645e5a7f648bd45ee88765b,"Sun, 15 May 2022 22:22:03 GMT"
S3B_OL_2_WFR____20220514T061412_20220514T061712_20220515T195055_0179_066_034_2520_MAR_O_NT_003.SEN3,geo_coordinates.nc,60255070,dfeba60165e95956018882b4f0931fd46b24a125e6cf204499ccf311886e177a,640302428c44b6425b4259147660e65c-8,"Sun, 15 May 2022 22:22:02 GMT"
S3B_OL_2_WFR____20220514T061412_20220514T061712_20220515T195055_0179_066_034_2520_MAR_O_NT_003.SEN3,tie_geo_coordinates.nc,1135445,f89160a921145a664c8d7e935e229565e84b9121512a3ebfda17eb1a3aad8ab8,f96d1bceadfb811ec46881cdffe0857b,"Sun, 15 May 2022 22:22:01 GMT"
S3B_OL_2_WFR____20220514T061412_20220514T061712_20220515T195055_0179_066_034_2520_MAR_O_NT_003.SEN3,wqsf.nc,6128298,3077be34b953499d5a04f843b634dcb87da1b8015ca7e9af0d3ab06ec14db935,8b1ce626de913299b2eed03b50d8ff59,"Sun, 15 May 2022 22:22:02 GMT"
S3B_OL_2_WFR____20220515T054802_20220515T055102_20220516T185355_0179_066_048_2520_MAR_O_NT_003.SEN3,chl_oc4me.nc,7795423,4280e828612cd1935f4987e2ef5e88d09598d5183f07e97dc08fb70ee563ad9d,8e5eb397bb661cff817de25e6e021ee9,"Mon, 16 May 2022 20:37:00 GMT"
S3B_OL_2_WFR____20220515T054802_20220515T055102_20220516T185355_0179_066_048_2520_MAR_O_NT_003.SEN3,geo_coordinates.nc,58404567,a85ff808aea853cd4d0e11743b7b9aa9c724c6ddbb6f12629a45b5d6aa3ddbc6,0a7b460bb815aaeb177889682f0d44f8-7,"Mon, 16 May 2022 20:36:59 GMT"
S3B_OL_2_WFR____20220515T054802_20220515T055102_20220516T185355_0179_066_048_2520_MAR_O_NT_003.SEN3,tie_geo_coordinates.nc,1138603,9af74aef287d7e1abd6ca3bc8698187965bf6ef40f3095ebb782ec0773deb637,47b212404feae2ffea7d7417234663df,"Mon, 16 May 2022 20:36:58 GMT"
S3B_OL_2_WFR____20220515T054802_20220515T055102_20220516T185355_0179_066_048_2520_MAR_O_NT_003.SEN3,wqsf.nc,10164682,b3802f3755a03935267d9776d43c09047bdbfadef29621dc9e58bc51fca7bf61,5132fcab810f2ca01422c69d766a26e2-2,"Mon, 16 May 2022 20:36:58 GMT"
S3B_OL_2_WFR____20220517T063639_20220517T063939_20220518T182822_0179_066_077_2520_MAR_O_NT_003.SEN3,chl_oc4me.nc,2556971,59cd70b2ea415f49009e04a3c560bdf76c38a5a9067ab024e82cf02fec29563f,c9211991c6fd01238c2bb83295a26b86,"Wed, 18 May 2022 19:10:42 GMT"
S3B_OL_2_WFR____20220517T063639_20220517T063939_20220518T182822_0179_066_077_2520_MAR_O_NT_003.SEN3,geo_coordinates.nc,60385456,c6e69b47daf704f227a36909e78b7236a12236de1a584bcef159640d72d6b873,45342b20f23148e00993bb3706d971ac-8,"Wed, 18 May 2022 19:10:42 GMT"
S3B_OL_2_WFR____20220517T063639_20220517T063939_20220518T182822_0179_066_077_2520_MAR_O_NT_003.SEN3,tie_geo_coordinates.nc,1135542,f700de72d09a286f9f754f0c65f4b1232cf1d82bebe940015740b83c9c3f9ab4,b1d3012dd7144a78e4e1037db55652e7,"Wed, 18 May 2022 19:10:41 GMT"
S3B_OL_2_WFR____20220517T063639_20220517T063939_20220518T182822_0179_066_077_2520_MAR_O_NT_003.SEN3,wqsf.nc,3766330,601a62109182f09dabdb9f860879ec4b37e1054d356cefbea19b953c1a54aaf5,e31614ae3287a86c26e6bdf8b09ab925,"Wed, 18 May 2022 19:10:42 GMT"
S3B_OL_2_WFR____20220518T061028_20220518T061328_20220519T170341_0180_066_091_2520_MAR_O_NT_003.SEN3,chl_oc4me.nc,5750032,ff8c13e7da3a549b135d146567c958802cff35ba1eebbe549bdb0d83e331664c,c35047c050e7972130e8731709c08b16,"Thu, 19 May 2022 17:40:47 GMT"
S3B_OL_2_WFR____20220518T061028_20220518T061328_20220519T170341_0180_066_091_2520_MAR_O_NT_003.SEN3,geo_coordinates.nc,60004615,0c85fb3034811afcf4110cd54cfb03595a1c52ea27d7748961804a775d609d4b,aa8178fea31a872b4d0cb90f4deb9d67-8,"Thu, 19 May 2022 17:40:46 GMT"
S3B_OL_2_WFR____20220518T061028_20220518T061328_20220519T170341_0180_066_091_2520_MAR_O_NT_003.SEN3,tie_geo_coordinates.nc,1132937,780f6e9609805191376ee8dc963e9ffa49422c5cdc4b8306f894b3feeea8554f,20bbd78eaba3a8ce810c6acf800ce6a5,"Thu, 19 May 2022 17:40:45 GMT"
S3B_OL_2_WFR____20220518T061028_20220518T061328_20220519T170341_0180_066_091_2520_MAR_O_NT_003.SEN3,wqsf.nc,6633846,f7dc484876b150f74dca5566883e78b8765c6af9b7fa63781bffc0bc6ee71974,ca65b3e7b0b732637d0171f730e3672e,"Thu, 19 May 2022 17:40:46 GMT"
S3B_OL_2_WFR____20220519T054417_20220519T054717_20220520T191942_0179_066_105_2520_MAR_O_NT_003.SEN3,chl_oc4me.nc,9091967,6e890767d916bcf19238d3ea461fd85e232a14bfa9d9f7f50220d46f950a491e,c452103ff86c8e42bf5af0b0ef6cfd41-2,"Fri, 20 May 2022 20:11:09 GMT"
S3B_OL_2_WFR____20220519T054417_20220519T054717_20220520T191942_0179_066_105_2520_MAR_O_NT_003.SEN3,geo_coordinates.nc,58157076,b7e60523fd304397c235a9dc62fda211881aa832d401ad9d4519d26a1755d302,6c4ab550e6cd6562b42e2f75f0858a6b-7,"Fri, 20 May 2022 20:11:08 GMT"
S3B_OL_2_WFR____20220519T054417_20220519T054717_20220520T191942_0179_066_105_2520_MAR_O_NT_003.SEN3,tie_geo_coordinates.nc,1137352,bae0102053aba48e3791a9d4134450cb3a484993fd082066db2873e0e40b2924,84094379eda5b97527903adab4d6029f,"Fri, 20 May 2022 20:11:07 GMT"
S3B_OL_2_WFR____20220519T054417_20220519T054717_20220520T191942_0179_066_105_2520_MAR_O_NT_003.SEN3,wqsf.nc,11349448,483917f53edc793d3991e0ddcad2911b7e0a6568241c8ab7f1f1c23c4a0464fa,f2aae2258cae0fca3e4b1293a54cfa79-2,"Fri, 20 May 2022 20:11:08 GMT"
S3B_OL_2_WFR____20220520T065906_20220520T070206_20220521T170222_0179_066_120_2520_MAR_O_NT_003.SEN3,tie_geo_coordinates.nc,1139949,d383c47cc58c1314ab791483a6329b9b91c2066dd7a3be5ea5603ae7deb77205,16988de521669b0a9834810b1fa3f440,"Sat, 21 May 2022 17:40:47 GMT"
S3B_OL_2_WFR____20220521T063255_20220521T063555_20220522T191056_0180_066_134_2520_MAR_O_NT_003.SEN3,chl_oc4me.nc,4170314,3dc481322073f93861f17bd59045663d347fbad0feb18ca8c7449366f15557b7,d7e6545c331995c3b4bbe162686498f6,"Sun, 22 May 2022 20:11:22 GMT"
S3B_OL_2_WFR____20220521T063255_20220521T063555_20220522T191056_0180_066_134_2520_MAR_O_NT_003.SEN3,geo_coordinates.nc,60567450,3432e34a46c1ee1187c4a7c3fe9b265cb47588cfefcd112b0be6dca6c63f813e,89a22f368cabfceb4c6d7aaed1ed96e4-8,"Sun, 22 May 2022 20:11:22 GMT"
S3B_OL_2_WFR____20220521T063255_20220521T063555_20220522T191056_0180_066_134_2520_MAR_O_NT_003.SEN3,tie_geo_coordinates.nc,1132012,7038e2b232d0956015ece0600618693ea23e2a3a49557e03164680b9d6e9c7f5,14dc5fcaf5c3ccd51cc21a2dea1daeca,"Sun, 22 May 2022 20:11:21 GMT"
S3B_OL_2_WFR____20220521T063255_20220521T063555_20220522T191056_0180_066_134_2520_MAR_O_NT_003.SEN3,wqsf.nc,5135297,0a5d794b24e066cade8928bab024febd97fec7851633740eedff55193b48b16e,8a8da3ba6a72f851150500dd8a515b9d,"Sun, 22 May 2022 20:11:21 GMT"
S3B_OL_2_WFR____20220522T060644_20220522T060944_20220523T161931_0179_066_148_2520_MAR_O_NT_003.SEN3,chl_oc4me.nc,7217677,11fd45735ebc8a03cc81ac2b4700d71a1e10c9f39608c6cb5717e6a7cd5799b2,73273a4dce35d5f35ac4b5dc0fb7400f,"Mon, 23 May 2022 17:10:51 GMT"
S3B_OL_2_WFR____20220522T060644_20220522T060944_20220523T161931_0179_066_148_2520_MAR_O_NT_003.SEN3,geo_coordinates.nc,59880589,e185602ec574dd0071945de648076859aa8cfe96e2e8414a3e1a70151117ef68,0809ab3ee6c9e2115b37128eb802fec2-8,"Mon, 23 May 2022 17:10:50 GMT"
S3B_OL_2_WFR____20220522T060644_20220522T060944_20220523T161931_0179_066_148_2520_MAR_O_NT_003.SEN3,tie_geo_coordinates.nc,1134518,92eb1964da09a217cb09cc1ae5496adeb1ada0d1ea5e8a041fd843b000c2865b,94caeac44d0f997453d48742d78cd593,"Mon, 23 May 2022 17:10:49 GMT"
S3B_OL_2_WFR____20220522T060644_20220522T060944_20220523T161931_0179_066_148_2520_MAR_O_NT_003.SEN3,wqsf.nc,9394625,eebae11ada93ae44b7abc14ce1781d052ea876e4dfd2716ced30f18291bf5a4f,4f75b725641a36d2580e9c143301b6ee-2,"Mon, 23 May 2022 17:10:49 GMT"
S3B_OL_2_WFR____20220523T054033_20220523T054333_20220524T160539_0179_066_162_2520_MAR_O_NT_003.SEN3,chl_oc4me.nc,5573830,119725cb54dfe0c61c85391fa0fe89bdd158e0ec43b32794083ae78542eb5867,fb551f67325cf9737d285be9d76e2418,"Tue, 24 May 2022 19:10:02 GMT"
S3B_OL_2_WFR____20220523T054033_20220523T054333_20220524T160539_0179_066_162_2520_MAR_O_NT_003.SEN3,geo_coordinates.nc,57934951,3828e30ca93fa6858c28795c21a7ecdd50c66482bf94a09fab03fee428a625a5,68349203f2326fe28530f60bc47dbfad-7,"Tue, 24 May 2022 19:10:01 GMT"
S3B_OL_2_WFR____20220523T054033_20220523T054333_20220524T160539_0179_066_162_2520_MAR_O_NT_003.SEN3,tie_geo_coordinates.nc,1137907,b27d1ac608e2ebf8e97a94ed8f4b80968a49272c486a807d6db8037d27b813fb,1898cdf8b2293ec2ca2fa5079c5a4425,"Tue, 24 May 2022 19:10:00 GMT"
S3B_OL_2_WFR____20220523T054033_20220523T054333_20220524T160539_0179_066_162_2520_MAR_O_NT_003.SEN3,wqsf.nc,9692252,0a1b08ecb0a672f4de5b331b3826b17b686bee1efdc39ca1225116bbaee40e2d,0ac2c764a5e2f8895fcf1b132fafcb86-2,"Tue, 24 May 2022 19:10:01 GMT"
S3B_OL_2_WFR____20220524T065521_20220524T065821_20220525T181059_0180_066_177_2520_MAR_O_NT_003.SEN3,tie_geo_coordinates.nc,1141705,874e31e39652b2e50b5e6d16280a03651f3a8679300b7bba45d72bbe723af233,6f2a1b14037ff82077b18e6c5d67d030,"Thu, 26 May 2022 03:12:01 GMT"
S3B_OL_2_WFR____20220525T062910_20220525T063210_20220526T195847_0179_066_191_2520_MAR_O_NT_003.SEN3,chl_oc4me.nc,2936230,ab8e3f41ddd5e583b4aae5a56c18325d774debc8831b4e42b296fc9096ffef2e,a84dff108287534d7ee8638d173b455e,"Thu, 26 May 2022 20:41:02 GMT"
S3B_OL_2_WFR____20220525T062910_20220525T063210_20220526T195847_0179_066_191_2520_MAR_O_NT_003.SEN3,geo_coordinates.nc,60597886,f2602e0fc2c689425e6c54d4cba4210ce2943204abb2363b3b15d85785919b2e,4da4fe723c2f65fee6db620ecc2c44db-8,"Thu, 26 May 2022 20:41:01 GMT"
S3B_OL_2_WFR____20220525T062910_20220525T063210_20220526T195847_0179_066_191_2520_MAR_O_NT_003.SEN3,tie_geo_coordinates.nc,1139009,0a7393de309c6566587fb19da91b84907afad6f816723acba8f3440f2fc87686,e4fa2eb02e8e9e745fd0af71f660afa9,"Thu, 26 May 2022 20:41:01 GMT"
S3B_OL_2_WFR____20220525T062910_20220525T063210_20220526T195847_0179_066_191_2520_MAR_O_NT_003.SEN3,wqsf.nc,4018126,259a0facee5fdc75b6c29cad3377e3d6ba87415a6ba4c4fcba6be1b8f8ad1708,b59b52dd818caaadfa38ddfb36c6bba3,"Thu, 26 May 2022 20:41:01 GMT"
S3B_OL_2_WFR____20220526T060300_20220526T060600_20220527T201243_0179_066_205_2520_MAR_O_NT_003.SEN3,chl_oc4me.nc,6496265,ca39cc5525bfaf6364633b4133ed20db17813cac73c5361aa6df6274383cb99c,2832ec00860d20a415e3aca5e6f5e0eb,"Fri, 27 May 2022 22:34:59 GMT"
S3B_OL_2_WFR____20220526T060300_20220526T060600_20220527T201243_0179_066_205_2520_MAR_O_NT_003.SEN3,geo_coordinates.nc,59759363,6db4cd73e957dc7dbd3b8ba2ca301b82e07e3751818161a74ba5ee821885ca4c,d5f0e4d0370a1cf94d3516b6b6fad097-8,"Fri, 27 May 2022 22:34:58 GMT"
S3B_OL_2_WFR____20220526T060300_20220526T060600_20220527T201243_0179_066_205_2520_MAR_O_NT_003.SEN3,tie_geo_coordinates.nc,1139326,4bffac89b3cb114b9969f2781a9b952ab4319382f23489ec71f52ee20278e11d,747e28e38af98e8fb41da2ea78dac8ee,"Fri, 27 May 2022 22:34:57 GMT"
S3B_OL_2_WFR____20220526T060300_20220526T060600_20220527T201243_0179_066_205_2520_MAR_O_NT_003.SEN3,wqsf.nc,8717726,f0789a7977a35844214268206a4f1195e3a79ee482eb2d07650807369a86afb6,40dd7661fb9e13ecf032f374cfb73f17-2,"Fri, 27 May 2022 22:34:57 GMT"
S3B_OL_2_WFR____20220527T053649_20220527T053949_20220528T192205_0179_066_219_2520_MAR_O_NT_003.SEN3,tie_geo_coordinates.nc,1132742,016e157a63b4cd4f276f7c8b5f836fc0defbc466ea8cc729083d3e7e89ab3b8b,b478203164f36c985258ab0508c3d431,"Sat, 28 May 2022 22:03:46 GMT"
S3B_OL_2_WFR____20220528T065138_20220528T065438_20220529T181331_0180_066_234_2520_MAR_O_NT_003.SEN3,chl_oc4me.nc,2336617,9ce6d70e197696bb22c4b9dd58a8f68964a78eea5ed44875b1105cd321e964fb,ab44f89474ffff06e84dafdb6aaedd6d,"Sun, 29 May 2022 19:18:18 GMT"
S3B_OL_2_WFR____20220528T065138_20220528T065438_20220529T181331_0180_066_234_2520_MAR_O_NT_003.SEN3,geo_coordinates.nc,59779129,168f8d98afa69b22e4868aa2f687043bdcb2589ebd859b846830acb90cff308a,a25e7e5bfe5dd97e3ce550ae8860e1de-8,"Sun, 29 May 2022 19:18:17 GMT"
S3B_OL_2_WFR____20220528T065138_20220528T065438_20220529T181331_0180_066_234_2520_MAR_O_NT_003.SEN3,tie_geo_coordinates.nc,1136827,06fd3578129f5cea9b6148a68488c3c4fc90c88e786586b82d62e2ac47f89376,7fb74b092309208b7f22e03526b1496b,"Sun, 29 May 2022 19:18:16 GMT"
S3B_OL_2_WFR____20220528T065138_20220528T065438_20220529T181331_0180_066_234_2520_MAR_O_NT_003.SEN3,wqsf.nc,3987306,71ff2c2b007bf531c65b2eb18663f93a3c0e8e79a4dca6b1586078fd7eb1919e,2694bf1bc0c0bd0b59ff10eac28932ca,"Sun, 29 May 2022 19:18:17 GMT"
S3B_OL_2_WFR____20220529T062527_20220529T062827_20220530T164253_0180_066_248_2520_MAR_O_NT_003.SEN3,chl_oc4me.nc,5265565,947120e540012dab235debdf96a18838978eab30e58fc89f9939a498b11fa8d8,178dfe317883137ef6cf26b646f5dffd,"Mon, 30 May 2022 18:25:08 GMT"
S3B_OL_2_WFR____20220529T062527_20220529T062827_20220530T164253_0180_066_248_2520_MAR_O_NT_003.SEN3,geo_coordinates.nc,60620389,8c86bd792f63eb998c14ceef882709c39281efa0f99f73d250cdf8cf5b38f921,ed7bc8a68b90f68ed84764b71af28857-8,"Mon, 30 May 2022 18:25:07 GMT"
S3B_OL_2_WFR____20220529T062527_20220529T062827_20220530T164253_0180_066_248_2520_MAR_O_NT_003.SEN3,tie_geo_coordinates.nc,1132245,ad5cae75df3f0d908f99d123f14959f2740b96af6a0ffc232beb942f6311f7a1,0bf59e4a5a553aa498ab86ea05eaf5dd,"Mon, 30 May 2022 18:25:07 GMT"
S3B_OL_2_WFR____20220529T062527_20220529T062827_20220530T164253_0180_066_248_2520_MAR_O_NT_003.SEN3,wqsf.nc,5520216,3764644897cee8d376d7f60cd045a32bef05fca993fbc04b4398d7a76f0022bd,051f5c9c17d6c50467bf0fc21aa45b68,"Mon, 30 May 2022 18:25:07 GMT"
S3B_OL_2_WFR____20220530T055917_20220530T060217_20220531T155338_0180_066_262_2520_MAR_O_NT_003.SEN3,chl_oc4me.nc,7923820,9fdfdb52dae72ccdeae0d305e99b13ad0ab71c63f633f0be0d63a719751841a1,4bc5f5baa2f9cca44aaccaf671785d13,"Tue, 31 May 2022 20:27:09 GMT"
S3B_OL_2_WFR____20220530T055917_20220530T060217_20220531T155338_0180_066_262_2520_MAR_O_NT_003.SEN3,geo_coordinates.nc,59521697,8b5638c15d01f290bf283afad4029b1b774c2a4aef794d19c88b72ba180fe42e,7a7e1b88ca921c5d4547a15adee16c83-8,"Tue, 31 May 2022 20:27:09 GMT"
S3B_OL_2_WFR____20220530T055917_20220530T060217_20220531T155338_0180_066_262_2520_MAR_O_NT_003.SEN3,tie_geo_coordinates.nc,1136055,8d756dc7b0192e273c8cdefc348580c9e8c240614744ba70f5d404265cef38d0,d3c46dde3ba1bcc9bcd835189899d779,"Tue, 31 May 2022 20:27:08 GMT"
S3B_OL_2_WFR____20220530T055917_20220530T060217_20220531T155338_0180_066_262_2520_MAR_O_NT_003.SEN3,wqsf.nc,10913169,4d53ea35c40743f146f59b80e06a186e7e1a10059c6ba5cc877c7ea078428899,a9c5f369b62bc9069869d93ed372a8f8-2,"Tue, 31 May 2022 20:27:08 GMT"
S3B_OL_2_WFR____20220601T064755_20220601T065055_20220602T213213_0179_066_291_2520_MAR_O_NT_003.SEN3,chl_oc4me.nc,3628167,fc274f136ebb021bf9bb4085289087281dfd6c725b890128617c5075c04889bf,b9d641b2ee5a64349fc09ec362d7240c,"Fri, 03 Jun 2022 00:16:19 GMT"
S3B_OL_2_WFR____20220601T064755_20220601T065055_20220602T213213_0179_066_291_2520_MAR_O_NT_003.SEN3,geo_coordinates.nc,59920465,74b56845f1cd19ee35653d5362de216a59a2e649e025a22068438451b6023586,9233380c8bf42532e93413f449a3ac28-8,"Fri, 03 Jun 2022 00:16:18 GMT"
S3B_OL_2_WFR____20220601T064755_20220601T065055_20220602T213213_0179_066_291_2520_MAR_O_NT_003.SEN3,tie_geo_coordinates.nc,1139385,5edeeaad404320cdff268f9cff9b4f54ba1df8e20a09b72e2cadac663fb3f8b6,0f552c2ed1f9e55dace4c704943c291e,"Fri, 03 Jun 2022 00:16:18 GMT"
S3B_OL_2_WFR____20220601T064755_20220601T065055_20220602T213213_0179_066_291_2520_MAR_O_NT_003.SEN3,wqsf.nc,4560474,ae5685d9f888e5eceff51b1fdccd27a1934bbfadb22cac867a3ef2c45c4e787f,639ef77862d778bcf0d1ad4a70c0d267,"Fri, 03 Jun 2022 00:16:18 GMT"
S3B_OL_2_WFR____20220602T062144_20220602T062444_20220603T192113_0179_066_305_2520_MAR_O_NT_003.SEN3,chl_oc4me.nc,6281507,1845f00a54ca8691b2fdf0d0491fcea2d47637ec71ced31da52652691e99d0af,8865c9ec8c0150a3b27c3120f9798fdf,"Sat, 04 Jun 2022 00:20:26 GMT"
S3B_OL_2_WFR____20220602T062144_20220602T062444_20220603T192113_0179_066_305_2520_MAR_O_NT_003.SEN3,geo_coordinates.nc,60598963,37ad39878c24382dfd1d0b3a1fa6aec7202ad3a2a99ed62f3f171a48513a7a4f,7a06bad04bcc90f3b2830ef7f7fca992-8,"Sat, 04 Jun 2022 00:20:25 GMT"
S3B_OL_2_WFR____20220602T062144_20220602T062444_20220603T192113_0179_066_305_2520_MAR_O_NT_003.SEN3,tie_geo_coordinates.nc,1137174,679837542366da61f4f377c2696bcf803369c308d233607ddc8a2d0fbb4d8095,1b58d334034ea3823ca24dcd3b0c12a9,"Sat, 04 Jun 2022 00:20:24 GMT"
S3B_OL_2_WFR____20220602T062144_20220602T062444_20220603T192113_0179_066_305_2520_MAR_O_NT_003.SEN3,wqsf.nc,6132550,494889396ea49e0e4e9743f885e21ccdd966f856725bb51e7c31b5b337073b2a,f4dfbfa037e596198f02429f48359737,"Sat, 04 Jun 2022 00:20:25 GMT"
S3B_OL_2_WFR____20220603T055533_20220603T055833_20220604T181311_0179_066_319_2520_MAR_O_NT_003.SEN3,chl_oc4me.nc,8741826,3f6f5f19e98b6524d6531508dc15ef888ea63ca18ec727778fe142ecd69f4b55,61f2560d92a4e5a16be4b4c1bd3d1787-2,"Sat, 04 Jun 2022 19:51:37 GMT"
S3B_OL_2_WFR____20220603T055533_20220603T055833_20220604T181311_0179_066_319_2520_MAR_O_NT_003.SEN3,geo_coordinates.nc,59245334,57abc0ef74879969d7943e92b27b5512190c8ae2d4c354d098da0cba4d79df61,393a1848e8c89818199c8576716abb04-8,"Sat, 04 Jun 2022 19:51:36 GMT"
S3B_OL_2_WFR____20220603T055533_20220603T055833_20220604T181311_0179_066_319_2520_MAR_O_NT_003.SEN3,tie_geo_coordinates.nc,1137716,7f509da8f25bbcc819a9f0e8533d7819ba878b728fec32cf5a41811895206aa4,1b8fdbf6017b6b4e64934dde50d2077d,"Sat, 04 Jun 2022 19:51:35 GMT"
S3B_OL_2_WFR____20220603T055533_20220603T055833_20220604T181311_0179_066_319_2520_MAR_O_NT_003.SEN3,wqsf.nc,10000706,2aae9ed17f3f9a85b49ba3196ea037257aa4468192311906f4063dc36a92c8f6,7a6b574d222a02434320701d8209ead5-2,"Sat, 04 Jun 2022 19:51:36 GMT"
S3B_OL_2_WFR____20220605T064411_20220605T064711_20220606T191650_0179_066_348_2520_MAR_O_NT_003.SEN3,chl_oc4me.nc,3905728,b85f48ddf48c966e24b25ff20fd5561668333d59b26ee01be9f1e9a5a0738d8c,3593a0815b9ad1e443666399d0d65248,"Tue, 07 Jun 2022 00:49:30 GMT"
S3B_OL_2_WFR____20220605T064411_20220605T064711_20220606T191650_0179_066_348_2520_MAR_O_NT_003.SEN3,geo_coordinates.nc,60101563,55395adade9de757d60405cb211f62c4e34191bb63adf47cb5a6d0a648504e86,dfd7c8761024eac10f719c71410c07c1-8,"Tue, 07 Jun 2022 00:49:29 GMT"
S3B_OL_2_WFR____20220605T064411_20220605T064711_20220606T191650_0179_066_348_2520_MAR_O_NT_003.SEN3,tie_geo_coordinates.nc,1139056,6eecd2f767eec3988531d2262fdd7f003ce584fc5ee5c9afdf5c2dda68cd5858,50f03230decd7c126afdb2318cdba796,"Tue, 07 Jun 2022 00:49:29 GMT"
S3B_OL_2_WFR____20220605T064411_20220605T064711_20220606T191650_0179_066_348_2520_MAR_O_NT_003.SEN3,wqsf.nc,4856200,e518b44dd590ddb892fced3486fc8d855d7f40cb8f1907cd92ea046adc32d8b9,a3ea2c5322b0fc4f7d3613f77cfceff0,"Tue, 07 Jun 2022 00:49:29 GMT"
S3B_OL_2_WFR____20220606T061800_20220606T062100_20220607T173805_0179_066_362_2520_MAR_O_NT_003.SEN3,chl_oc4me.nc,6361109,1b61078a3a64d4fb84694d0ade225f7b9ddcaedd79799f2240f746cb60422a22,66fee4a129f78e389ea7edb8c5f468cd,"Tue, 07 Jun 2022 18:49:43 GMT"
S3B_OL_2_WFR____20220606T061800_20220606T062100_20220607T173805_0179_066_362_2520_MAR_O_NT_003.SEN3,geo_coordinates.nc,60461676,31c16dc0e652765315b913a57762120cf0a7c498b4755e86ad2c8630ea662c7b,745f44c66c80398c835dfede0cd19a44-8,"Tue, 07 Jun 2022 18:49:42 GMT"
S3B_OL_2_WFR____20220606T061800_20220606T062100_20220607T173805_0179_066_362_2520_MAR_O_NT_003.SEN3,tie_geo_coordinates.nc,1138581,b6cb231a1ef3f6fee6ea07bf5475aea56612dd20190b7743427b244a858b57b0,d29e5a6d5d468c6398be8d1a92e4bf72,"Tue, 07 Jun 2022 18:49:41 GMT"
S3B_OL_2_WFR____20220606T061800_20220606T062100_20220607T173805_0179_066_362_2520_MAR_O_NT_003.SEN3,wqsf.nc,5678569,6050ea18980382b6188b791029b24f80c2781dade0c8c33425b24a1c6cc9592d,b73245138750a7ec6b3db58c7755b808,"Tue, 07 Jun 2022 18:49:42 GMT"
S3B_OL_2_WFR____20220607T055149_20220607T055449_20220608T175342_0179_066_376_2520_MAR_O_NT_003.SEN3,chl_oc4me.nc,9209292,2946cf3879990dd476861b32cbaa24aa1c5816afd0667979255975837459ca6d,1913201e269ebf0ca28586e275bf19d3-2,"Wed, 08 Jun 2022 18:48:06 GMT"
S3B_OL_2_WFR____20220607T055149_20220607T055449_20220608T175342_0179_066_376_2520_MAR_O_NT_003.SEN3,geo_coordinates.nc,58746178,deb251827a3fdf6531f4b082fb3c4d436ac07ddafb569570d7c683ea0f4d4061,8ea46d71b4189d997f5475666277b015-8,"Wed, 08 Jun 2022 18:48:05 GMT"
S3B_OL_2_WFR____20220607T055149_20220607T055449_20220608T175342_0179_066_376_2520_MAR_O_NT_003.SEN3,tie_geo_coordinates.nc,1139863,5726f8962a577fc07c3b867a7cbf9a78e5af13dd0a024639581cba955079e299,ea6c7cf6ec9673caaa663f1be7cab328,"Wed, 08 Jun 2022 18:48:04 GMT"
S3B_OL_2_WFR____20220607T055149_20220607T055449_20220608T175342_0179_066_376_2520_MAR_O_NT_003.SEN3,wqsf.nc,10321895,8001af6a45f9000222f5810c068f9db277f6363a656da7e1d9fd9d23c7fcddf6,32af8843b24fed2b95941998701e1420-2,"Wed, 08 Jun 2022 18:48:05 GMT"
S3B_OL_2_WFR____20220609T064027_20220609T064327_20220610T183616_0180_067_020_2520_MAR_O_NT_003.SEN3,chl_oc4me.nc,4439729,0f2f167a4a84eb9575d792f94e805734e9813707a9efd1105809c3ae1a078540,b36a8a90b5e67a1d402cd7a83fcc4cff,"Fri, 10 Jun 2022 21:16:10 GMT"
S3B_OL_2_WFR____20220609T064027_20220609T064327_20220610T183616_0180_067_020_2520_MAR_O_NT_003.SEN3,geo_coordinates.nc,60225022,cc4d720808d34c6da639665c3adbd4815721f104898921539b7ed73dd02c7894,f300379415e9dcf5fa5e30e08f1a9943-8,"Fri, 10 Jun 2022 21:16:09 GMT"
S3B_OL_2_WFR____20220609T064027_20220609T064327_20220610T183616_0180_067_020_2520_MAR_O_NT_003.SEN3,tie_geo_coordinates.nc,1138129,5dd3ef1822c87b3a3f9e46207f0e29e793b3722db6e1ab9530eec444560d8e8f,e62cc0517f697610c88beaff6c238c9e,"Fri, 10 Jun 2022 21:16:09 GMT"
S3B_OL_2_WFR____20220609T064027_20220609T064327_20220610T183616_0180_067_020_2520_MAR_O_NT_003.SEN3,wqsf.nc,4830724,b133f86e9c39dce20664b35bbcb53f9d547cf3ad632bf70f2726c230f10cdff7,0717d184f0b7391155b1932a82009beb,"Fri, 10 Jun 2022 21:16:09 GMT"
S3B_OL_2_WFR____20220610T061416_20220610T061716_20220611T193410_0180_067_034_2520_MAR_O_NT_003.SEN3,chl_oc4me.nc,6215138,46ecf9cf7a18aa4b6c36361d27989b211a3e016399b2a10b974ea450916e307f,2f83aad6d48e0dd152bc239757c829c0,"Mon, 13 Jun 2022 23:33:42 GMT"
S3B_OL_2_WFR____20220610T061416_20220610T061716_20220611T193410_0180_067_034_2520_MAR_O_NT_003.SEN3,geo_coordinates.nc,60259221,ccda81a3081285f97ca9fb8fc6a3caf5fc93592810670d40088c50426802a5cc,2e4290329304e7c2e374479dfebce793-8,"Mon, 13 Jun 2022 23:33:42 GMT"
S3B_OL_2_WFR____20220610T061416_20220610T061716_20220611T193410_0180_067_034_2520_MAR_O_NT_003.SEN3,tie_geo_coordinates.nc,1137809,31bd5d0bd5caffeaf2483c5c2c963e504a4cb141f48eade52bce4a37919ae95d,66e3e707e5f3d3d4f1a36891e23d3203,"Mon, 13 Jun 2022 23:33:42 GMT"
S3B_OL_2_WFR____20220610T061416_20220610T061716_20220611T193410_0180_067_034_2520_MAR_O_NT_003.SEN3,wqsf.nc,6963222,6b3cfba0e30f657a4ae6d0ab11805d8ba623178f44bb02a45016faa1675d385a,99666fcc0d786de47b4b5e6d0d914264,"Mon, 13 Jun 2022 23:33:42 GMT"
S3B_OL_2_WFR____20220611T054805_20220611T055105_20220612T174518_0179_067_048_2520_MAR_O_NT_003.SEN3,chl_oc4me.nc,6904675,87e12cf4524f886805b6ecf5a426a78bc44f559fddbff962216d85addc8a36f3,794b9e0e375c6a7f3f36bdd15dba3cf1,"Tue, 14 Jun 2022 18:49:48 GMT"
S3B_OL_2_WFR____20220611T054805_20220611T055105_20220612T174518_0179_067_048_2520_MAR_O_NT_003.SEN3,geo_coordinates.nc,58391980,4c2bce519f46470c53caed1c862105f03a8166f22da2fb8520c148f2e16242d5,3ae6ab3b4e0720e52981908c7d573e8f-7,"Tue, 14 Jun 2022 18:49:47 GMT"
S3B_OL_2_WFR____20220611T054805_20220611T055105_20220612T174518_0179_067_048_2520_MAR_O_NT_003.SEN3,tie_geo_coordinates.nc,1136820,01dff13dff722a43673d5086bcfcbbce99eb7b3c1dfbca9ec030ee0a92f5a9c7,04bca580631fa02dbe502f7b62fff893,"Tue, 14 Jun 2022 18:49:48 GMT"
S3B_OL_2_WFR____20220611T054805_20220611T055105_20220612T174518_0179_067_048_2520_MAR_O_NT_003.SEN3,wqsf.nc,11052989,a14073715f2eaa6a2886527a6f2067192ff86a6bb53434cb42b151666dc708f3,1f9a07251229a39cc153e6e0dd03facc-2,"Tue, 14 Jun 2022 18:49:47 GMT"
S3B_OL_2_WFR____20220613T063643_20220613T063943_20220614T161200_0179_067_077_2520_MAR_O_NT_003.SEN3,chl_oc4me.nc,4445055,d72724a4dd16a71db90997138f4dd6dda90dc246b89f814696d3c7ada1f4b05d,78d18b546cac53cb0f9675fec772fff2,"Tue, 14 Jun 2022 17:10:49 GMT"
S3B_OL_2_WFR____20220613T063643_20220613T063943_20220614T161200_0179_067_077_2520_MAR_O_NT_003.SEN3,geo_coordinates.nc,60391034,e0a8da1bb4a184e59bbb4ab0f6e67959f04d53a996f32e6c667e50837f42cc82,452ef6dbcb748428811bd0b636b23b0c-8,"Tue, 14 Jun 2022 17:10:49 GMT"
S3B_OL_2_WFR____20220613T063643_20220613T063943_20220614T161200_0179_067_077_2520_MAR_O_NT_003.SEN3,tie_geo_coordinates.nc,1139337,4c10d5d46c0664b436b7b0aeaaf715613e0840dd74bdd271b77948d1d17248ff,5c77e2c271ae3c2facd1c5692fcbf182,"Tue, 14 Jun 2022 17:10:48 GMT"
S3B_OL_2_WFR____20220613T063643_20220613T063943_20220614T161200_0179_067_077_2520_MAR_O_NT_003.SEN3,wqsf.nc,5075236,727f1094d131c086efc66373f4c195562f2cce6f8e9ab3564bb38044252e9655,c77f7f7488d4647c6e0ffd79a76398f5,"Tue, 14 Jun 2022 17:10:48 GMT"
S3B_OL_2_WFR____20220614T061032_20220614T061332_20220615T184202_0179_067_091_2520_MAR_O_NT_003.SEN3,chl_oc4me.nc,6060649,def08f0354549913de161f6e0df234e0c7f0b2e8a7eb0474b17b3658f08503d1,7b66ff1252bf9cd7f109029e727acbb6,"Wed, 15 Jun 2022 19:51:46 GMT"
S3B_OL_2_WFR____20220614T061032_20220614T061332_20220615T184202_0179_067_091_2520_MAR_O_NT_003.SEN3,geo_coordinates.nc,60005078,63931c80f973e58bc1e374bff45f57acb2f6ba76f1366310203864fa1bd1ab99,ac888029c7505314613de77b1e13756b-8,"Wed, 15 Jun 2022 19:51:45 GMT"
S3B_OL_2_WFR____20220614T061032_20220614T061332_20220615T184202_0179_067_091_2520_MAR_O_NT_003.SEN3,tie_geo_coordinates.nc,1136886,3f5609f6af881574a93cd93aef831bcb5dd7913e588aa3bbed275181dabbd7bb,0246fde104e7a92364342b8393ccc277,"Wed, 15 Jun 2022 19:51:44 GMT"
S3B_OL_2_WFR____20220614T061032_20220614T061332_20220615T184202_0179_067_091_2520_MAR_O_NT_003.SEN3,wqsf.nc,7281644,a8bcb4c295cefc4409b6299cc3afc9b66b7276e948c1965282d0656489206608,bc16f49d46e558abd923c5b92136bb02,"Wed, 15 Jun 2022 19:51:45 GMT"
S3B_OL_2_WFR____20220615T054421_20220615T054721_20220616T194709_0179_067_105_2520_MAR_O_NT_003.SEN3,chl_oc4me.nc,7217166,9b3e6bd255e748824a6b9cfba65b07beab2cba142a65dcdf296c69f00f25e0c8,d1eef2184a1906475d83d900e2de9977,"Thu, 16 Jun 2022 20:42:42 GMT"
S3B_OL_2_WFR____20220615T054421_20220615T054721_20220616T194709_0179_067_105_2520_MAR_O_NT_003.SEN3,geo_coordinates.nc,58143437,88a661a9304d1c0324afcc5c95b1f880140db4d14ab2c04fb88385b1f62194a2,0b293107f78337ece1718137c1e2f547-7,"Thu, 16 Jun 2022 20:42:41 GMT"
S3B_OL_2_WFR____20220615T054421_20220615T054721_20220616T194709_0179_067_105_2520_MAR_O_NT_003.SEN3,tie_geo_coordinates.nc,1138511,a4dd6f86842c517ef5d51e152deae22c67d3833002d44dcc9bdbf635d13ebb79,161dd459e0cfaa1702ce04933bad8d02,"Thu, 16 Jun 2022 20:42:40 GMT"
S3B_OL_2_WFR____20220615T054421_20220615T054721_20220616T194709_0179_067_105_2520_MAR_O_NT_003.SEN3,wqsf.nc,11036553,300050db99758578ea3f63f8f9ba33eea83a93d755f35b318bea978fada923e1,f691488b2ccd432ad36bf0aead908359-2,"Thu, 16 Jun 2022 20:42:40 GMT"
S3B_OL_2_WFR____20220616T065910_20220616T070210_20220617T202719_0179_067_120_2520_MAR_O_NT_003.SEN3,tie_geo_coordinates.nc,1136609,14ff890844f317f77a15f35a055b12a3ba0c3120bfb8997174fa8489797a85d1,f7e0119e1b9d4cd034f81b00e54f3954,"Fri, 17 Jun 2022 21:10:22 GMT"
S3B_OL_2_WFR____20220617T063259_20220617T063559_20220618T193859_0179_067_134_2520_MAR_O_NT_003.SEN3,chl_oc4me.nc,4636781,f6b621ab16bf8bedf980112a5239e3519f149f8ce7bfca0852516831f14a3b79,5f06c931ea47b1eea38612963c4d4ac1,"Sat, 18 Jun 2022 23:52:01 GMT"
S3B_OL_2_WFR____20220617T063259_20220617T063559_20220618T193859_0179_067_134_2520_MAR_O_NT_003.SEN3,geo_coordinates.nc,60566974,566e1d9eb1bb14dde8baa672b82c915e7aea24e781098ee6e46600d61c464df0,21d5090b288758a4d0cc9b205c2aa2e6-8,"Sat, 18 Jun 2022 23:52:00 GMT"
S3B_OL_2_WFR____20220617T063259_20220617T063559_20220618T193859_0179_067_134_2520_MAR_O_NT_003.SEN3,tie_geo_coordinates.nc,1136125,3cef326d8ae0d414eb70632d1e424c25b86ab9f9ac2fe132d2ace980825ec0a8,c92bb0339ac5f51e4505f8c00a704d8c,"Sat, 18 Jun 2022 23:51:59 GMT"
S3B_OL_2_WFR____20220617T063259_20220617T063559_20220618T193859_0179_067_134_2520_MAR_O_NT_003.SEN3,wqsf.nc,4710119,36f18db0d5f22ad0c075435536c379c9c05dbcf471617dcade93afa8fcb9eeab,3fd96d2b5fd8549328725b01f73e60cb,"Sat, 18 Jun 2022 23:52:00 GMT"
S3B_OL_2_WFR____20220618T060648_20220618T060948_20220619T175753_0179_067_148_2520_MAR_O_NT_003.SEN3,chl_oc4me.nc,5474368,a78f216c1635a2fb4e8b8dda133ec204b300eaeb2baac5a3113d739e94ef7465,99c56968621fb1b6c2c0e7d0572dcdf0,"Sun, 19 Jun 2022 20:01:32 GMT"
S3B_OL_2_WFR____20220618T060648_20220618T060948_20220619T175753_0179_067_148_2520_MAR_O_NT_003.SEN3,geo_coordinates.nc,59877576,67ea975dd1f6bc7efb7128079f8ad3e1ff1f88ca6940221634bcb479d6d773f2,777faf48a5302f5fa673d0280303df3f-8,"Sun, 19 Jun 2022 20:01:31 GMT"
S3B_OL_2_WFR____20220618T060648_20220618T060948_20220619T175753_0179_067_148_2520_MAR_O_NT_003.SEN3,tie_geo_coordinates.nc,1136693,e0c53d433fcc56df595a409cd71c82fa1107c1b29ecc0a692cffe3c0a38cb4f4,e379477e42041dac584ae4841a035620,"Sun, 19 Jun 2022 20:01:31 GMT"
S3B_OL_2_WFR____20220618T060648_20220618T060948_20220619T175753_0179_067_148_2520_MAR_O_NT_003.SEN3,wqsf.nc,7863526,24fe236ff7b2593cee54de68e12637a5fc287d7718acdee1a08132739a63d9a0,981a80c412ebc7ce990d1e14e609dfaf,"Sun, 19 Jun 2022 20:01:31 GMT"
S3B_OL_2_WFR____20220619T054037_20220619T054337_20220620T182641_0179_067_162_2520_MAR_O_NT_003.SEN3,chl_oc4me.nc,2412986,c6e7f2828b48e89b4cad02a260ccf9af240e5b293a2161887f3cf02d2b62e21e,64a734c9141d9ffa43be9e06814ae42e,"Mon, 20 Jun 2022 20:50:59 GMT"
S3B_OL_2_WFR____20220619T054037_20220619T054337_20220620T182641_0179_067_162_2520_MAR_O_NT_003.SEN3,geo_coordinates.nc,57937366,50c9d62d89c6970ec88c54e34bb464497937ab43f0ad1eb1c31e4eac3298bee1,cc0ee9478e85f330860953647332550d-7,"Mon, 20 Jun 2022 20:50:58 GMT"
S3B_OL_2_WFR____20220619T054037_20220619T054337_20220620T182641_0179_067_162_2520_MAR_O_NT_003.SEN3,tie_geo_coordinates.nc,1137863,b55cfc018a18c913693cfebe9e45c20ff604213cc0c9f30ffdcae2df5ca22b61,2054376221756e41b0be02eb5e353ebb,"Mon, 20 Jun 2022 20:50:58 GMT"
S3B_OL_2_WFR____20220619T054037_20220619T054337_20220620T182641_0179_067_162_2520_MAR_O_NT_003.SEN3,wqsf.nc,6333975,347fa356fc07161822b631c3fb323f5c27ae6932d499ee6f1d4b9e49a9f94b31,154d976e2897698ee9a612406bbcc82c,"Mon, 20 Jun 2022 20:50:58 GMT"
S3B_OL_2_WFR____20220620T065525_20220620T065825_20220621T162702_0179_067_177_2520_MAR_O_NT_003.SEN3,tie_geo_coordinates.nc,1140782,afc7c5625d8dfad68e8f5b04c8965b252280605da08a99a2abe81c4b6508fbba,f4c33711c882bd0b8acfc2007e4f5504,"Tue, 21 Jun 2022 17:40:25 GMT"
S3B_OL_2_WFR____20220621T062914_20220621T063214_20220622T183203_0180_067_191_2520_MAR_O_NT_003.SEN3,chl_oc4me.nc,5395707,40e60d0967aa1874d9c2a70ccd8c04a86864af95bfa269b00172285cb13c995e,a99da8f7eac17fbab7b76a039ffe1392,"Wed, 22 Jun 2022 21:44:22 GMT"
S3B_OL_2_WFR____20220621T062914_20220621T063214_20220622T183203_0180_067_191_2520_MAR_O_NT_003.SEN3,geo_coordinates.nc,60583944,c32152d55670a665e7192c082d64ee3acbf91df9781555c14bcf54c773fa908a,2f85e00ed35e8175d6189de6de0e6720-8,"Wed, 22 Jun 2022 21:44:21 GMT"
S3B_OL_2_WFR____20220621T062914_20220621T063214_20220622T183203_0180_067_191_2520_MAR_O_NT_003.SEN3,tie_geo_coordinates.nc,1135452,8ea26fd940e9ec1b80c7b3a9b46e8e1a3068289c5b84d3549ebdd606760ee034,f14f9f9eb1a024ca0a95645cb72760c0,"Wed, 22 Jun 2022 21:44:20 GMT"
S3B_OL_2_WFR____20220621T062914_20220621T063214_20220622T183203_0180_067_191_2520_MAR_O_NT_003.SEN3,wqsf.nc,5525624,b2e2305aa6fae93da5d15af03447f87ab0b3531655006d5d4db8565d5962c0a7,e2c732a65918b4bac379e271d3ff5fab,"Wed, 22 Jun 2022 21:44:21 GMT"
S3B_OL_2_WFR____20220622T060303_20220622T060603_20220623T192700_0179_067_205_2520_MAR_O_NT_003.SEN3,chl_oc4me.nc,5243707,e8ffde83f1830cbf2391e752c393f20efe4339668b5d5276210eec75ff54b7a9,c46de349febb9c91a6292db84066bd51,"Thu, 23 Jun 2022 23:59:59 GMT"
S3B_OL_2_WFR____20220622T060303_20220622T060603_20220623T192700_0179_067_205_2520_MAR_O_NT_003.SEN3,geo_coordinates.nc,59699097,cd483b298bd75c44473195316f04d002f189ae4bf27b858a343a43fe966ed87c,4b04e8af38fc7f1b9b0a9d591aa5affc-8,"Thu, 23 Jun 2022 23:59:59 GMT"
S3B_OL_2_WFR____20220622T060303_20220622T060603_20220623T192700_0179_067_205_2520_MAR_O_NT_003.SEN3,tie_geo_coordinates.nc,1138616,be83a74e640cc42765303f97bdb7801954b7f31d536c1a26261bc3c61ee422ab,0681dd7b157eb094d92d1ba6a7baab71,"Thu, 23 Jun 2022 23:59:58 GMT"
S3B_OL_2_WFR____20220622T060303_20220622T060603_20220623T192700_0179_067_205_2520_MAR_O_NT_003.SEN3,wqsf.nc,8481031,5936265d82186020b706710b416fe994f84eefeb2086326503eb7a52c9cea21c,e4fbb151d791fceb6862f8fcd3773895-2,"Thu, 23 Jun 2022 23:59:58 GMT"
S3B_OL_2_WFR____20220623T053652_20220623T053952_20220624T184056_0180_067_219_2520_MAR_O_NT_003.SEN3,tie_geo_coordinates.nc,1139837,7b26037f8eb73fb73b3df7b1418290a8b5b05f156f2940467d68118a189292d0,762d19b25a9de522cb2319ff3cd38d67,"Fri, 24 Jun 2022 19:42:05 GMT"
S3B_OL_2_WFR____20220624T065141_20220624T065441_20220625T200845_0179_067_234_2520_MAR_O_NT_003.SEN3,chl_oc4me.nc,3172373,05380a0364fba389c2df5a421337fe3bb3b3bb6da0897e022b32541669d9a112,b23e1d61d56b601e48e12be440690aa5,"Sun, 26 Jun 2022 03:00:20 GMT"
S3B_OL_2_WFR____20220624T065141_20220624T065441_20220625T200845_0179_067_234_2520_MAR_O_NT_003.SEN3,geo_coordinates.nc,59744435,a3d5dbe2d1bc6b103e9279079ee919086ee7bf6d67cd2f11a95bcf9cb6119707,354f868708b41ba4630a5eface2b400c-8,"Sun, 26 Jun 2022 03:00:20 GMT"
S3B_OL_2_WFR____20220624T065141_20220624T065441_20220625T200845_0179_067_234_2520_MAR_O_NT_003.SEN3,tie_geo_coordinates.nc,1137341,65a860419a7fa8f43adb62e9aa094c104125a7c8c2c6c153a70c4e74ea44a469,a7b810ce1c1ecc4eb7dfc8c1c20a36a3,"Sun, 26 Jun 2022 03:00:19 GMT"
S3B_OL_2_WFR____20220624T065141_20220624T065441_20220625T200845_0179_067_234_2520_MAR_O_NT_003.SEN3,wqsf.nc,4436309,cfd3ff813d300df398549a6041a8b5b2f95bf8e3c925f03767d711a27844f61b,283a07b747dff0c379e388e07ee1fa42,"Sun, 26 Jun 2022 03:00:20 GMT"
S3B_OL_2_WFR____20220625T062530_20220625T062830_20220626T183624_0179_067_248_2520_MAR_O_NT_003.SEN3,chl_oc4me.nc,4371706,7b6812db2e6bbc27047c5526f7a5abc7ba9e8c2dde9a1ff60c1d71a9c0e6bd74,fe6b2418ed6c204e5b108d836029b1b6,"Sun, 26 Jun 2022 21:29:21 GMT"
S3B_OL_2_WFR____20220625T062530_20220625T062830_20220626T183624_0179_067_248_2520_MAR_O_NT_003.SEN3,geo_coordinates.nc,60604688,4a1b80ddf71a7863cd5f430b2c191d9887d6bafd543e59a668555c8d620dddf6,8201833f76976ec5d0cbde6c7c8b197f-8,"Sun, 26 Jun 2022 21:29:21 GMT"
S3B_OL_2_WFR____20220625T062530_20220625T062830_20220626T183624_0179_067_248_2520_MAR_O_NT_003.SEN3,tie_geo_coordinates.nc,1138942,64fe7f760b9e7eafdf136aef3c69c982f24872e9a4ef4fa36fe63d1f71c7379a,cdafcab8a0c51cc8396953869f62dd9f,"Sun, 26 Jun 2022 21:29:20 GMT"
S3B_OL_2_WFR____20220625T062530_20220625T062830_20220626T183624_0179_067_248_2520_MAR_O_NT_003.SEN3,wqsf.nc,6164800,e2092c33056925a7c3dfa8eff2c7547beef5fe1ce9083670ba9b636ca9a66169,4aa849d44bdef481503bf51500fdcb64,"Sun, 26 Jun 2022 21:29:21 GMT"
S3B_OL_2_WFR____20220626T055919_20220626T060219_20220627T160028_0179_067_262_2520_MAR_O_NT_003.SEN3,chl_oc4me.nc,2140885,5837ed6dd58ce909f65a692152911c82665cafc2a512aa697696ff3045c7a837,7bf9865daf85792fdeaa5b880cae27c1,"Mon, 27 Jun 2022 17:29:00 GMT"
S3B_OL_2_WFR____20220626T055919_20220626T060219_20220627T160028_0179_067_262_2520_MAR_O_NT_003.SEN3,geo_coordinates.nc,59483997,f45f2abdfdc571601ac7860d54ea300bf43dc1d943e8ed8c09e547d40cded275,d5cf2b301eb65a1c909f7b5e7e552f08-8,"Mon, 27 Jun 2022 17:28:59 GMT"
S3B_OL_2_WFR____20220626T055919_20220626T060219_20220627T160028_0179_067_262_2520_MAR_O_NT_003.SEN3,tie_geo_coordinates.nc,1137562,d04730b1ff697c0e6e40773772aa0ccd4a7fdab972b19b3bf586036a50985b99,1200bb37b6be855748ca1b0eef39f8d0,"Mon, 27 Jun 2022 17:28:58 GMT"
S3B_OL_2_WFR____20220626T055919_20220626T060219_20220627T160028_0179_067_262_2520_MAR_O_NT_003.SEN3,wqsf.nc,4296680,78371e003fbb0d172dcc88f7cd7ca22a53c45210551b793615982903c9083bae,840c60075bc6e1168acaf4955f2d678b,"Mon, 27 Jun 2022 17:28:59 GMT"
S3B_OL_2_WFR____20220628T064756_20220628T065056_20220629T183903_0179_067_291_2520_MAR_O_NT_003.SEN3,chl_oc4me.nc,3234917,1fb96ba0cd137648195733c5f792f3b7af9856593b255a0122fd9640026fa7aa,ed9cafd7fb42e531cac9f7c25032be2a,"Wed, 29 Jun 2022 22:03:54 GMT"
S3B_OL_2_WFR____20220628T064756_20220628T065056_20220629T183903_0179_067_291_2520_MAR_O_NT_003.SEN3,geo_coordinates.nc,59905736,8cf215cea2df6400229d4fe20f5f900f3cbdab8a3b8b0c2c3b975a49f6fd26f3,d3373ca02b982735eff8e98abe26ffc9-8,"Wed, 29 Jun 2022 22:03:54 GMT"
S3B_OL_2_WFR____20220628T064756_20220628T065056_20220629T183903_0179_067_291_2520_MAR_O_NT_003.SEN3,tie_geo_coordinates.nc,1137144,fec7b7368df746dda03e4ebb62d930b442bf6e4b44daf6d7ae5918528a56a9ae,893724b82664faef821a2cbcc4e317a6,"Wed, 29 Jun 2022 22:03:53 GMT"
S3B_OL_2_WFR____20220628T064756_20220628T065056_20220629T183903_0179_067_291_2520_MAR_O_NT_003.SEN3,wqsf.nc,4699212,e4856ee05eca63498c51a5e0e3d585c4b0f2316223ad4bf9df5475d08c49fc7a,d1e7fea1b17c0a5e7a50ce0357e5c07b,"Wed, 29 Jun 2022 22:03:53 GMT"
S3B_OL_2_WFR____20220629T062145_20220629T062445_20220630T193834_0180_067_305_2520_MAR_O_NT_003.SEN3,chl_oc4me.nc,4569216,4ee7973196cdb0615bb11798d2b3bfb7d1bcf6fcdc45bcc7fea36170404e3d0b,c561ce5793ece50985b5315f1b8988d3,"Thu, 30 Jun 2022 20:55:25 GMT"
S3B_OL_2_WFR____20220629T062145_20220629T062445_20220630T193834_0180_067_305_2520_MAR_O_NT_003.SEN3,geo_coordinates.nc,60576092,9b57263ea15e5eef4153444ca38620c261263b1562f5a3cd49a676ee6d7e53ff,dfe86392238b0dce0ddef8a1680b993b-8,"Thu, 30 Jun 2022 20:55:24 GMT"
S3B_OL_2_WFR____20220629T062145_20220629T062445_20220630T193834_0180_067_305_2520_MAR_O_NT_003.SEN3,tie_geo_coordinates.nc,1136019,51b840b99a88db8a88d11d88ba9d28fffc1012be7fd8f31488014cd210fff246,a2e7925427550d4aa62bf6060656b470,"Thu, 30 Jun 2022 20:55:23 GMT"
S3B_OL_2_WFR____20220629T062145_20220629T062445_20220630T193834_0180_067_305_2520_MAR_O_NT_003.SEN3,wqsf.nc,5817538,76bd891b8f256474d72a35c8029d50b56ef8efd05b55e87777b607035ff13fdf,01d4d905172cf4bec01d325b4fc49a38,"Thu, 30 Jun 2022 20:55:24 GMT"
S3B_OL_2_WFR____20220630T055534_20220630T055834_20220701T174935_0179_067_319_2520_MAR_O_NT_003.SEN3,chl_oc4me.nc,3456384,a8b09b44a7c9d8c1b56a4f609d90a7d50c843faf8d2e5bfeec4626b183529bca,a75767a37736f503b64cc29d42b707e0,"Fri, 01 Jul 2022 18:42:41 GMT"
S3B_OL_2_WFR____20220630T055534_20220630T055834_20220701T174935_0179_067_319_2520_MAR_O_NT_003.SEN3,geo_coordinates.nc,59184585,9397533580ab263901ea21ce19c8f930d5aff7478d846890d08c9e1ca06d926d,15dd0d2e0fd08fb6a3a3a51c59fe697e-8,"Fri, 01 Jul 2022 18:42:40 GMT"
S3B_OL_2_WFR____20220630T055534_20220630T055834_20220701T174935_0179_067_319_2520_MAR_O_NT_003.SEN3,tie_geo_coordinates.nc,1136900,6f4a1f82810c0f50f09b4ab1a29f42cbbde41e2f1a6164694785480cb8b8c021,ead2f1c24bcb660e2dfac796d467ce4f,"Fri, 01 Jul 2022 18:42:40 GMT"
S3B_OL_2_WFR____20220630T055534_20220630T055834_20220701T174935_0179_067_319_2520_MAR_O_NT_003.SEN3,wqsf.nc,7229358,4dd369a3292ccb48079aeca1670de2b8baa746c0e4d325cadcdcce07c3866cd0,0c8e1bfca02b67915e846f177a4d5589,"Fri, 01 Jul 2022 18:42:40 GMT"
S3B_OL_2_WFR____20220702T064412_20220702T064712_20220703T191309_0179_067_348_2520_MAR_O_NT_003.SEN3,chl_oc4me.nc,4004341,90315c1d71577baa34b70daceec6684f763d8b2110f1b3a096010c7eaf74c9e9,da59681ee0b33e5a25bb7ebb56ea7cd8,"Sun, 03 Jul 2022 23:53:14 GMT"
S3B_OL_2_WFR____20220702T064412_20220702T064712_20220703T191309_0179_067_348_2520_MAR_O_NT_003.SEN3,geo_coordinates.nc,60060704,125b1149e249f34a723b25c8705f358570c58b944245f9206da3dea5a7e05cfb,d111797015315e6c03a94802709fed09-8,"Sun, 03 Jul 2022 23:53:14 GMT"
S3B_OL_2_WFR____20220702T064412_20220702T064712_20220703T191309_0179_067_348_2520_MAR_O_NT_003.SEN3,tie_geo_coordinates.nc,1139978,5a4e32a5b3aa4e4cde2a83e110b268076537652b9b0bd28b9674fda6b5126ef8,61493fc9c51c8d7a1e57bde0b0b26b78,"Sun, 03 Jul 2022 23:53:13 GMT"
S3B_OL_2_WFR____20220702T064412_20220702T064712_20220703T191309_0179_067_348_2520_MAR_O_NT_003.SEN3,wqsf.nc,5443609,552f048c36f790a8014b510887ed34ef584236c9475158bb49e8b900faf24bf1,18e0628859039bef6e25a750337a677c,"Sun, 03 Jul 2022 23:53:14 GMT"
S3B_OL_2_WFR____20220703T061801_20220703T062101_20220704T174120_0179_067_362_2520_MAR_O_NT_003.SEN3,chl_oc4me.nc,3480072,01ba3262bc78ffc64f69784d1e90b8dd0e8ba139ee2238569fccae459d5a3db1,d620829a4227708e96384d5215ad8847,"Mon, 04 Jul 2022 18:40:22 GMT"
S3B_OL_2_WFR____20220703T061801_20220703T062101_20220704T174120_0179_067_362_2520_MAR_O_NT_003.SEN3,geo_coordinates.nc,60445455,75bd5f76e7f0d6fb3b492f037cc8114474ae90742076e454ffd51f1ce7684594,c029726bdf0e40ffb758a3c3eea8fe9c-8,"Mon, 04 Jul 2022 18:40:22 GMT"
S3B_OL_2_WFR____20220703T061801_20220703T062101_20220704T174120_0179_067_362_2520_MAR_O_NT_003.SEN3,tie_geo_coordinates.nc,1139217,6cd5f9a971a6df0106ce1ac6b612f57fb99456480ea8a4503c19a81efe569a91,e36a136595682c87c4fec11a9ae379d9,"Mon, 04 Jul 2022 18:40:21 GMT"
S3B_OL_2_WFR____20220703T061801_20220703T062101_20220704T174120_0179_067_362_2520_MAR_O_NT_003.SEN3,wqsf.nc,5354437,23f5b3f0be9f686c5c4728c480290d779d6310b2f0ec8e85c372f245546b626d,5cbd50c88abb706a6f18bc6a479719d7,"Mon, 04 Jul 2022 18:40:21 GMT"
S3B_OL_2_WFR____20220704T055151_20220704T055451_20220705T180100_0179_067_376_2520_MAR_O_NT_003.SEN3,chl_oc4me.nc,2494710,449189c028dc39c052f492ed7d6f65990e7e4e3ea89c33a306a55c3b27415f67,9fccccff97c2a35fb317d790c1a707c0,"Wed, 06 Jul 2022 00:30:15 GMT"
S3B_OL_2_WFR____20220704T055151_20220704T055451_20220705T180100_0179_067_376_2520_MAR_O_NT_003.SEN3,geo_coordinates.nc,58748112,41f96b434789197c278ca36ad4ab23cc47ba0ceef5381a6faad7f3ad1507eece,a291204d68ed4ee67f91760f0adf5b78-8,"Wed, 06 Jul 2022 00:30:14 GMT"
S3B_OL_2_WFR____20220704T055151_20220704T055451_20220705T180100_0179_067_376_2520_MAR_O_NT_003.SEN3,tie_geo_coordinates.nc,1138650,133c394261f6ab613ac867127d479679ed59f9a0112a68a9cf23cac4ea4cf491,7c136ccb91adf887d3a6d2f68a760483,"Wed, 06 Jul 2022 00:30:14 GMT"
S3B_OL_2_WFR____20220704T055151_20220704T055451_20220705T180100_0179_067_376_2520_MAR_O_NT_003.SEN3,wqsf.nc,5982261,1cbe8a58aa20681d2ab9ca118512fe1eaac568e27622f53342ca1a2af2496c38,9e2816023fe84d338af70bce977c14f7,"Wed, 06 Jul 2022 00:30:14 GMT"
S3B_OL_2_WFR____20220706T064029_20220706T064329_20220707T195445_0179_068_020_2520_MAR_O_NT_003.SEN3,chl_oc4me.nc,2230940,2aed25ad467e386114e57ff18073adf8e073cb59f56c9adcfd9f85af3a72fd1f,f0894b9e3021683184d8db862d008b0c,"Thu, 07 Jul 2022 20:40:56 GMT"
S3B_OL_2_WFR____20220706T064029_20220706T064329_20220707T195445_0179_068_020_2520_MAR_O_NT_003.SEN3,geo_coordinates.nc,60211170,b5da15c774f3cb4768c930001739ab11a04ccba051dc61f89d3af3f94266909a,bd83ed44a54d667207227631cc06954c-8,"Thu, 07 Jul 2022 20:40:56 GMT"
S3B_OL_2_WFR____20220706T064029_20220706T064329_20220707T195445_0179_068_020_2520_MAR_O_NT_003.SEN3,tie_geo_coordinates.nc,1137332,daca925ae198152b7124ec0c01b48bf46fb848a86346c1d0c425dcea2a23842b,0676d7791b86ed4e43a04e1996f13493,"Thu, 07 Jul 2022 20:40:55 GMT"
S3B_OL_2_WFR____20220706T064029_20220706T064329_20220707T195445_0179_068_020_2520_MAR_O_NT_003.SEN3,wqsf.nc,4554278,960e567fa4854bb3baf2383f7b99e173fa50e021a3f32cd1513970fc49a3bd38,a6381c342fcd1b5b19166543d5367880,"Thu, 07 Jul 2022 20:40:55 GMT"
S3B_OL_2_WFR____20220707T061418_20220707T061718_20220708T195154_0179_068_034_2520_MAR_O_NT_003.SEN3,chl_oc4me.nc,740130,e7a025c159c7203bd8a87745da15692db14e06afda5a043ad55634b7071c7f7f,d89081ccaeb7024ee03f0539998bc062,"Sun, 10 Jul 2022 16:42:31 GMT"
S3B_OL_2_WFR____20220707T061418_20220707T061718_20220708T195154_0179_068_034_2520_MAR_O_NT_003.SEN3,geo_coordinates.nc,60230504,12a854d0c0c24d44e2a097131dd96466bc6833d5be41f4b0eef1b09ceebbf059,d137ea762103d5410bf22f965c8172af-8,"Sun, 10 Jul 2022 16:42:31 GMT"
S3B_OL_2_WFR____20220707T061418_20220707T061718_20220708T195154_0179_068_034_2520_MAR_O_NT_003.SEN3,tie_geo_coordinates.nc,1138127,e7a49f1dacf53afd9cc5f998e307f0fc2a802de0c3e92034156664adc583d276,af8a561ead3f5b2214aac1fcf7a998bb,"Sun, 10 Jul 2022 16:42:31 GMT"
S3B_OL_2_WFR____20220707T061418_20220707T061718_20220708T195154_0179_068_034_2520_MAR_O_NT_003.SEN3,wqsf.nc,2781581,7c8f9a499bf8c4d0011a4544f312398743c48b4afbd7369ac181212bcef6971d,3f7f4ecc73a284ea0c85c8808fcce778,"Sun, 10 Jul 2022 16:42:31 GMT"
S3B_OL_2_WFR____20220708T054807_20220708T055107_20220709T183239_0179_068_048_2520_MAR_O_NT_003.SEN3,chl_oc4me.nc,1278904,d4e3c639fe0bc50f30b764e3fecbe1b28b0db95dbf2fc4b4e3e2771adfdd9221,55245cf528fde0c436f3946de886b9e6,"Mon, 11 Jul 2022 09:13:39 GMT"
S3B_OL_2_WFR____20220708T054807_20220708T055107_20220709T183239_0179_068_048_2520_MAR_O_NT_003.SEN3,geo_coordinates.nc,58383182,ab74ca3d44dd3815fe66da5f4fdc6f063e5369e930a3689627c11a3750163222,f360acdd0d6da69cd64c0789aa9afb5f-7,"Mon, 11 Jul 2022 09:13:39 GMT"
S3B_OL_2_WFR____20220708T054807_20220708T055107_20220709T183239_0179_068_048_2520_MAR_O_NT_003.SEN3,tie_geo_coordinates.nc,1141236,b945c9d1874b0aecda82a0abf11593f52e297bb105d4a0e82ff984150805cb17,4aae7d9f67ee653fb0b158e3781df08c,"Mon, 11 Jul 2022 09:13:39 GMT"
S3B_OL_2_WFR____20220708T054807_20220708T055107_20220709T183239_0179_068_048_2520_MAR_O_NT_003.SEN3,wqsf.nc,3977636,273b07a8a510569b00864680e9d3afda27af4308cc8f4707520d55bab11d2130,b1e6f6956c7d651fca10fdfa255a8e9b,"Mon, 11 Jul 2022 09:13:39 GMT"
S3B_OL_2_WFR____20220710T063645_20220710T063945_20220711T191747_0179_068_077_2520_MAR_O_NT_003.SEN3,chl_oc4me.nc,2987519,42f0cdea002345174256ea8566cd3796262e6bbf45ff4743ce3019b6a879e63e,ff278083d35ab36b7450541e1d9706c3,"Mon, 11 Jul 2022 22:59:22 GMT"
S3B_OL_2_WFR____20220710T063645_20220710T063945_20220711T191747_0179_068_077_2520_MAR_O_NT_003.SEN3,geo_coordinates.nc,60386887,9a64fbd78235f9c325e243b6b550316528c2ca3d58d9f37ad6c5f2b20e08ecaf,f60bdbb619a8df6cf5e2a0447e121b3e-8,"Mon, 11 Jul 2022 22:59:21 GMT"
S3B_OL_2_WFR____20220710T063645_20220710T063945_20220711T191747_0179_068_077_2520_MAR_O_NT_003.SEN3,tie_geo_coordinates.nc,1141977,85917368b4ba09c49550e91d162bc4b2d49760fac0fec0d70b88a72d28b5d1e2,11fc6bc3f82f683296490829eb8c00bd,"Mon, 11 Jul 2022 22:59:21 GMT"
S3B_OL_2_WFR____20220710T063645_20220710T063945_20220711T191747_0179_068_077_2520_MAR_O_NT_003.SEN3,wqsf.nc,5148401,efd53e207c92a701a93e45929d218b67f9da45fe17ec2aa5b5938dfcff2b4a1c,64738b469f47b7b33b06627e37281fbb,"Mon, 11 Jul 2022 22:59:21 GMT"
S3B_OL_2_WFR____20220711T061034_20220711T061334_20220712T182238_0180_068_091_2520_MAR_O_NT_003.SEN3,chl_oc4me.nc,2433834,94abb60badc39bdc33459b10e20c95537c222feb8b534fed1d44f72e96be3204,45226249a20922b71cccdf74b5821932,"Tue, 12 Jul 2022 23:29:45 GMT"
S3B_OL_2_WFR____20220711T061034_20220711T061334_20220712T182238_0180_068_091_2520_MAR_O_NT_003.SEN3,geo_coordinates.nc,60002267,0c3d7db0472cbf5ab740df8d733d84ea9a941f0449f42414f3580e3559ddaa8a,134212bd8ebb9fb5cacab97782388ef5-8,"Tue, 12 Jul 2022 23:29:44 GMT"
S3B_OL_2_WFR____20220711T061034_20220711T061334_20220712T182238_0180_068_091_2520_MAR_O_NT_003.SEN3,tie_geo_coordinates.nc,1134595,eec5f487ea1363b71f850092457f4a7bbc85d7050c685db52e538942e61ca045,fc07626cc313b98e94df22cab6459d5b,"Tue, 12 Jul 2022 23:29:44 GMT"
S3B_OL_2_WFR____20220711T061034_20220711T061334_20220712T182238_0180_068_091_2520_MAR_O_NT_003.SEN3,wqsf.nc,5759051,04228677442504a0ba1472ecfd4cbdb70d6ac8c57bc8125d6163b955cfa31268,f0ea027ac30c04e6c9bc83e8f0142573,"Tue, 12 Jul 2022 23:29:44 GMT"
S3B_OL_2_WFR____20220712T054424_20220712T054724_20220713T170333_0179_068_105_2520_MAR_O_NT_003.SEN3,chl_oc4me.nc,2041060,3f5690b25e210e9af1fae4ede64e4663c4a9b1b325433b225bbd0cef38a917e0,2760eaa6d003606f1f254d1c529eddc4,"Wed, 13 Jul 2022 23:20:38 GMT"
S3B_OL_2_WFR____20220712T054424_20220712T054724_20220713T170333_0179_068_105_2520_MAR_O_NT_003.SEN3,geo_coordinates.nc,58127985,a3b7fe96745f23569cfe4d07aa6ec4c522c4083b57c8ab7ced5a07160deec3a9,4bfcc60fb5842cd28661f0b2dc2d18c0-7,"Wed, 13 Jul 2022 23:20:38 GMT"
S3B_OL_2_WFR____20220712T054424_20220712T054724_20220713T170333_0179_068_105_2520_MAR_O_NT_003.SEN3,tie_geo_coordinates.nc,1138580,5cfdf7286410342549b37de3a05c313e8a9b03a5200bd9b4e493df1f46ee1c06,ba42bef2426b872f57521524c86e1de1,"Wed, 13 Jul 2022 23:20:37 GMT"
S3B_OL_2_WFR____20220712T054424_20220712T054724_20220713T170333_0179_068_105_2520_MAR_O_NT_003.SEN3,wqsf.nc,5013795,ea7ca635c1ea5e7ef0acfcbf783003a6d2434ef00f4faecc7611ae68f9a45495,c89e2e23e68e707385ad2df0dba30582,"Wed, 13 Jul 2022 23:20:37 GMT"
S3B_OL_2_WFR____20220713T065912_20220713T070212_20220714T185425_0179_068_120_2520_MAR_O_NT_003.SEN3,tie_geo_coordinates.nc,1140322,7a20ccf0bab03ad2a8dd95a1e376e4599bcb3ab96633962812536c6ec11bfafe,a03738b6d0e6080b5012856add5decbb,"Thu, 14 Jul 2022 20:47:17 GMT"
S3B_OL_2_WFR____20220714T063301_20220714T063601_20220715T192135_0179_068_134_2520_MAR_O_NT_003.SEN3,chl_oc4me.nc,4507084,bfda4b90a7fbc9bc29e3c483f972690357d46272c5004c8abb71e83fd8dc1827,47cfd35af8d26173f482416ca27efae6,"Fri, 15 Jul 2022 20:17:45 GMT"
S3B_OL_2_WFR____20220714T063301_20220714T063601_20220715T192135_0179_068_134_2520_MAR_O_NT_003.SEN3,geo_coordinates.nc,60510258,1274ea0ef59e48396a71c36f65206984d1f9eb6e6a0a69e3f19db5193fc32ac3,861c128dff0139fa0f6227e2d68ad3c7-8,"Fri, 15 Jul 2022 20:17:45 GMT"
S3B_OL_2_WFR____20220714T063301_20220714T063601_20220715T192135_0179_068_134_2520_MAR_O_NT_003.SEN3,tie_geo_coordinates.nc,1137619,8fbb3c003380a98f07103639af7b06ee6755c0068cdf2a8b7bc61b4e299b6d59,6aab1086c493a69840aaef926af2d2fc,"Fri, 15 Jul 2022 20:17:45 GMT"
S3B_OL_2_WFR____20220714T063301_20220714T063601_20220715T192135_0179_068_134_2520_MAR_O_NT_003.SEN3,wqsf.nc,5687699,49d9004f8302418f297869fb8ba5a32f13c500fa1a1f17d6613bb3aae03ed0a9,6fd8c9ced00565d8eac98ef8faabc962,"Fri, 15 Jul 2022 20:17:45 GMT"
S3B_OL_2_WFR____20220715T060650_20220715T060950_20220716T191743_0180_068_148_2520_MAR_O_NT_003.SEN3,chl_oc4me.nc,1841281,240f3a77353588ebc35a07e012dc5ee1e2c09088419ccbdd22b60dba86c0ed40,dede9394e8f96c61b7ba89268cb4c6f9,"Sat, 16 Jul 2022 22:56:02 GMT"
S3B_OL_2_WFR____20220715T060650_20220715T060950_20220716T191743_0180_068_148_2520_MAR_O_NT_003.SEN3,geo_coordinates.nc,59834313,9460561085649245259430e46a7d017ebb294682f07bc95e2aa92d61efab7e35,d0099fe41078ac93389521358a464e59-8,"Sat, 16 Jul 2022 22:56:02 GMT"
S3B_OL_2_WFR____20220715T060650_20220715T060950_20220716T191743_0180_068_148_2520_MAR_O_NT_003.SEN3,tie_geo_coordinates.nc,1134844,00d5a1fbfbc04700f735e5f633debd440f24fb09c4e60e2e2c244a291253343c,3f220605fff788d90766f4f33e145d58,"Sat, 16 Jul 2022 22:56:01 GMT"
S3B_OL_2_WFR____20220715T060650_20220715T060950_20220716T191743_0180_068_148_2520_MAR_O_NT_003.SEN3,wqsf.nc,4636651,68fd8a9775a5718e1a44b95f54c43621277728efbbfe37b045bd424a218ccb89,92cc777eff47faef48abd45688ebe202,"Sat, 16 Jul 2022 22:56:01 GMT"
S3B_OL_2_WFR____20220716T054040_20220716T054340_20220717T152940_0179_068_162_2520_MAR_O_NT_003.SEN3,chl_oc4me.nc,984269,b1b4d26cae99226d496dc8e1890aa293b62fde0b8e1282d2f88f4ff5f96bd0a2,ea9da4b998412a9b6a5968f2cc3cf055,"Sun, 17 Jul 2022 22:40:27 GMT"
S3B_OL_2_WFR____20220716T054040_20220716T054340_20220717T152940_0179_068_162_2520_MAR_O_NT_003.SEN3,geo_coordinates.nc,57930669,e71c99d36d99c65d864294a2a5ecea37e0d400e86f4abc061eb8d5cc950f6563,7ec8283d49eefcd91dd4af093161b80f-7,"Sun, 17 Jul 2022 22:40:27 GMT"
S3B_OL_2_WFR____20220716T054040_20220716T054340_20220717T152940_0179_068_162_2520_MAR_O_NT_003.SEN3,tie_geo_coordinates.nc,1135200,43b20ab4d256737f27b0b186ef1c7c7240ede31aad3b2a7da6c968dd3fd384ee,1c6bf0d9170d551acd52b4577960b87c,"Sun, 17 Jul 2022 22:40:26 GMT"
S3B_OL_2_WFR____20220716T054040_20220716T054340_20220717T152940_0179_068_162_2520_MAR_O_NT_003.SEN3,wqsf.nc,4370404,683c8c0be3ad6f75123a4577d4b39d5d12fb6d3d8cc47350b12dd5bd8f5c2a94,50b0247fa9b1bb8a60905c0dfe879094,"Sun, 17 Jul 2022 22:40:27 GMT"
S3B_OL_2_WFR____20220717T065528_20220717T065828_20220718T183058_0180_068_177_2520_MAR_O_NT_003.SEN3,tie_geo_coordinates.nc,1138871,0358e594b18dd210a42a151cf33a36b8c14cb025a7156feb5cd7d228c558440e,2b9fdd97ebff762cd8e552774317e1d8,"Wed, 20 Jul 2022 14:56:23 GMT"
S3B_OL_2_WFR____20220718T062917_20220718T063217_20220719T183153_0179_068_191_2520_MAR_O_NT_003.SEN3,chl_oc4me.nc,3679819,3ce769e6cf96e7bc6517b882e4986179388c10f2e4274c4dde81be3ca39d2927,6d31387b30cd87334436b794c78b4148,"Tue, 19 Jul 2022 19:42:03 GMT"
S3B_OL_2_WFR____20220718T062917_20220718T063217_20220719T183153_0179_068_191_2520_MAR_O_NT_003.SEN3,geo_coordinates.nc,60560958,1c00da7adb0f4452de28578bd9903b643b128d5eb0b31116a3c0876ea8ef052b,e328fc561369fa432398df142a2819f1-8,"Tue, 19 Jul 2022 19:42:02 GMT"
S3B_OL_2_WFR____20220718T062917_20220718T063217_20220719T183153_0179_068_191_2520_MAR_O_NT_003.SEN3,tie_geo_coordinates.nc,1139347,b94be377aad337ef131f8092d1d267ef787d632b189044c108b748e424a61647,9400f53e365b3b8c0a54cd8bba44e54b,"Tue, 19 Jul 2022 19:42:01 GMT"
S3B_OL_2_WFR____20220718T062917_20220718T063217_20220719T183153_0179_068_191_2520_MAR_O_NT_003.SEN3,wqsf.nc,5268864,f80df1d8fc0341059b61229b920105f8fed7751986d456236cb6f1c1a4d8b592,7cfe80d660e91e465732c2d6a66c6c4d,"Tue, 19 Jul 2022 19:42:01 GMT"
S3B_OL_2_WFR____20220719T060306_20220719T060606_20220720T181514_0179_068_205_2520_MAR_O_NT_003.SEN3,chl_oc4me.nc,2908085,f35c2b5068624cb131cbb5934af250e6be6c6dd3a23c3b7773d49c1fdc8ac423,0513884901f438dc2f02d63590d9989b,"Wed, 20 Jul 2022 20:15:28 GMT"
S3B_OL_2_WFR____20220719T060306_20220719T060606_20220720T181514_0179_068_205_2520_MAR_O_NT_003.SEN3,geo_coordinates.nc,59719395,a5ddaba4e9d15c3776c0c02a97f87fee075148427c2d6860a4f0de01d7959738,4074866492139ddf4e4d7d9b5d02c716-8,"Wed, 20 Jul 2022 20:15:28 GMT"
S3B_OL_2_WFR____20220719T060306_20220719T060606_20220720T181514_0179_068_205_2520_MAR_O_NT_003.SEN3,tie_geo_coordinates.nc,1134667,9effad8fcac98caa3c16d08749e84d67dc517777bf9a53bdbe93483ce2a89951,c9e8591a4c53ff69364e9cca98380de2,"Wed, 20 Jul 2022 20:15:27 GMT"
S3B_OL_2_WFR____20220719T060306_20220719T060606_20220720T181514_0179_068_205_2520_MAR_O_NT_003.SEN3,wqsf.nc,5611311,5019e4ba8f773e6329128bb47c3a29bf0a918eedda57f855cbdfd0680127420d,aaabb7e5f01de30392cdcf855f6c1762,"Wed, 20 Jul 2022 20:15:27 GMT"
S3B_OL_2_WFR____20220720T053655_20220720T053955_20220721T153812_0179_068_219_2520_MAR_O_NT_003.SEN3,tie_geo_coordinates.nc,1137228,fe25dae35738af8352aef80e59746c9b227d95ca046483b40f449b00a3caacfd,668e2bdca4860983ebf7fe6f8e56633b,"Thu, 21 Jul 2022 18:56:19 GMT"
S3B_OL_2_WFR____20220721T065144_20220721T065444_20220722T192002_0179_068_234_2520_MAR_O_NT_003.SEN3,chl_oc4me.nc,3012587,c943ce8419a7d1f77f87b395fbfd384660d2c738f5a5a8a59127ec61aebf5c63,2f1b656753965a35fee0d3edabe2d217,"Sat, 23 Jul 2022 03:16:42 GMT"
S3B_OL_2_WFR____20220721T065144_20220721T065444_20220722T192002_0179_068_234_2520_MAR_O_NT_003.SEN3,geo_coordinates.nc,59743714,bc25753ddbded29ba4bc2efd01d9f3fe545899421fc880715a6f60c5861accbd,4be822553546cd773fa60d94c433b640-8,"Sat, 23 Jul 2022 03:16:42 GMT"
S3B_OL_2_WFR____20220721T065144_20220721T065444_20220722T192002_0179_068_234_2520_MAR_O_NT_003.SEN3,tie_geo_coordinates.nc,1136601,7cca9da67e4efbf339fc024156fbde9bf2e3fa6431afa19e93aa4b4f3519ffc9,0fd9a8aa34306745d4951cb9aeabf3a7,"Sat, 23 Jul 2022 03:16:41 GMT"
S3B_OL_2_WFR____20220721T065144_20220721T065444_20220722T192002_0179_068_234_2520_MAR_O_NT_003.SEN3,wqsf.nc,4503472,06ec42feea07ffad50f4657a946ee45e735c57e1d49357984936ae0ddaeaf51e,fe6e06aaad59e5b8a34309e348597ed7,"Sat, 23 Jul 2022 03:16:41 GMT"
S3B_OL_2_WFR____20220722T062533_20220722T062833_20220723T201206_0180_068_248_2520_MAR_O_NT_003.SEN3,chl_oc4me.nc,3748515,fe64e791216019e0873074ec80ef61ccc8ee4ae1ad48a1a4b2ff69cd9fbdb4b5,4cdf86981f5020a415759b60648e1bba,"Sat, 23 Jul 2022 21:11:29 GMT"
S3B_OL_2_WFR____20220722T062533_20220722T062833_20220723T201206_0180_068_248_2520_MAR_O_NT_003.SEN3,geo_coordinates.nc,60561280,63fcf77b67313d5118331fa8bd8b25260efd35e579a155d2e99fc2a73be67d4f,2ae6b39af086278598ce840a49a53c95-8,"Sat, 23 Jul 2022 21:11:28 GMT"
S3B_OL_2_WFR____20220722T062533_20220722T062833_20220723T201206_0180_068_248_2520_MAR_O_NT_003.SEN3,tie_geo_coordinates.nc,1138866,1bcaae8bde29ad80eaeb2c1d9a19eab79d331af347552e2b6e7d0f6aa7d5cc32,619633fef7cbafa1a3c934479d1548f0,"Sat, 23 Jul 2022 21:11:28 GMT"
S3B_OL_2_WFR____20220722T062533_20220722T062833_20220723T201206_0180_068_248_2520_MAR_O_NT_003.SEN3,wqsf.nc,5391780,6b94839dcb91186f7a1fbfe353a39f040cf2eb4f366034aa7991b1017bf2ff13,11f270c311f7e96ca9aaa1936305a9b4,"Sat, 23 Jul 2022 21:11:28 GMT"
S3B_OL_2_WFR____20220723T055922_20220723T060222_20220724T163146_0180_068_262_2520_MAR_O_NT_003.SEN3,chl_oc4me.nc,4468418,5279a3eaf68310ae6f365983b9a6db93bc7872e936bfb555abfdff2cf0d75baf,30e9d5f271f5e6365622d8238a73c21a,"Sun, 24 Jul 2022 17:46:06 GMT"
S3B_OL_2_WFR____20220723T055922_20220723T060222_20220724T163146_0180_068_262_2520_MAR_O_NT_003.SEN3,geo_coordinates.nc,59463781,c378f0a38c641535afca80e5c85b95197f2631163331fd50770573aecbfbea55,89d308425b560358d974e2e645ec3064-8,"Sun, 24 Jul 2022 17:46:05 GMT"
S3B_OL_2_WFR____20220723T055922_20220723T060222_20220724T163146_0180_068_262_2520_MAR_O_NT_003.SEN3,tie_geo_coordinates.nc,1140606,a0fae121b5696b385ef7528d12c690d3fc431fe28fb55db63d8d62c8da26c980,8445e7ef73bc1a43ec5eca100530f531,"Sun, 24 Jul 2022 17:46:05 GMT"
S3B_OL_2_WFR____20220723T055922_20220723T060222_20220724T163146_0180_068_262_2520_MAR_O_NT_003.SEN3,wqsf.nc,8269834,efc54d15c43833e90edd14846c5e3fecdbd1cbb56b36701bd03229ef3f26ca97,38bde61ecef956efe3d44ca705e2bbb1,"Sun, 24 Jul 2022 17:46:05 GMT"
S3B_OL_2_WFR____20220725T064759_20220725T065059_20220726T162419_0180_068_291_2520_MAR_O_NT_003.SEN3,chl_oc4me.nc,3631371,de7ddf8fd2ada82d0a1f572528e0c6a2f529805f9445c99872d4267b535e6244,fc70df714526a1e36b1cb4d48e3f59ea,"Tue, 26 Jul 2022 17:43:06 GMT"
S3B_OL_2_WFR____20220725T064759_20220725T065059_20220726T162419_0180_068_291_2520_MAR_O_NT_003.SEN3,geo_coordinates.nc,59909062,daeaeaddf2244a4488129893660b45aea27dcb6a87c917f0c018ce19dce0bff5,5db38fc4540b926c7abd180e65197aaa-8,"Tue, 26 Jul 2022 17:43:05 GMT"
S3B_OL_2_WFR____20220725T064759_20220725T065059_20220726T162419_0180_068_291_2520_MAR_O_NT_003.SEN3,tie_geo_coordinates.nc,1137209,408ee337590f9f33e5143464e118010f0d6c4f11b88fb945f6341654a3110752,19adf80022046761d4687225f6d9db49,"Tue, 26 Jul 2022 17:43:04 GMT"
S3B_OL_2_WFR____20220725T064759_20220725T065059_20220726T162419_0180_068_291_2520_MAR_O_NT_003.SEN3,wqsf.nc,4480159,d46823d22fa5d58584be9cb71f592d46d9312aaa8f5f96bea94674644b68071a,0da9a1b0ab6e2726dfd145e31c6a6086,"Tue, 26 Jul 2022 17:43:05 GMT"
S3B_OL_2_WFR____20220726T062148_20220726T062448_20220727T180900_0179_068_305_2520_MAR_O_NT_003.SEN3,chl_oc4me.nc,1749893,a9f227aa25514fb9ae956e7578a70036566bc066c726a5b976997d2e65a0f3ca,ced92149511ae3842d998506e0ceca7d,"Wed, 27 Jul 2022 19:29:52 GMT"
S3B_OL_2_WFR____20220726T062148_20220726T062448_20220727T180900_0179_068_305_2520_MAR_O_NT_003.SEN3,geo_coordinates.nc,60569222,6b04fc42d12e33d1d6388f993297c5b80da54b27b029357c89d018805273f0d9,0be33abd6415be9b409dc3405b59f6a9-8,"Wed, 27 Jul 2022 19:29:51 GMT"
S3B_OL_2_WFR____20220726T062148_20220726T062448_20220727T180900_0179_068_305_2520_MAR_O_NT_003.SEN3,tie_geo_coordinates.nc,1144257,1b239725ad13d11fdf9ef819a65e09fb5118195db44636b99e1583f45e767ded,a017210e684277aafe465a6817f23073,"Wed, 27 Jul 2022 19:29:51 GMT"
S3B_OL_2_WFR____20220726T062148_20220726T062448_20220727T180900_0179_068_305_2520_MAR_O_NT_003.SEN3,wqsf.nc,3926349,2edbf141d5e519e23c52d565243f42ee4f56b1ef3d4a5b18ad6ba5ba5feeb68b,b38add2342e94b48ee67e45cd86ed058,"Wed, 27 Jul 2022 19:29:51 GMT"
S3B_OL_2_WFR____20220727T055537_20220727T055837_20220728T152028_0179_068_319_2520_MAR_O_NT_003.SEN3,chl_oc4me.nc,2777585,5c58a5bc17bf2a1fde3cfe7af151cad54e2360524ed1715cd12461bdcb6ab59e,c59c38f18fa7c8ba23d21e11b0f6bbf1,"Thu, 28 Jul 2022 17:18:52 GMT"
S3B_OL_2_WFR____20220727T055537_20220727T055837_20220728T152028_0179_068_319_2520_MAR_O_NT_003.SEN3,geo_coordinates.nc,59177189,b8eae61a70943bc937c11843c115f7ad44e9050b2254469ef37c1c2c5d3d43f6,89335c13470499edae0d4a64cdedc5cf-8,"Thu, 28 Jul 2022 17:18:51 GMT"
S3B_OL_2_WFR____20220727T055537_20220727T055837_20220728T152028_0179_068_319_2520_MAR_O_NT_003.SEN3,tie_geo_coordinates.nc,1137679,6eb137a63e88330a6dabafc7eafbe015992349a94ce4308e3ac26da72ddef355,ff16201ee29010aa00caed4034db795c,"Thu, 28 Jul 2022 17:18:51 GMT"
S3B_OL_2_WFR____20220727T055537_20220727T055837_20220728T152028_0179_068_319_2520_MAR_O_NT_003.SEN3,wqsf.nc,5161522,b0a7dab2612a9e7351eca78c64a05cdd20b53fac1f2fe0f75e9d3d1c66f6d908,02ff87e6c7d1f0a4d8bca5cfbd85b64c,"Thu, 28 Jul 2022 17:18:51 GMT"
S3B_OL_2_WFR____20220729T064415_20220729T064715_20220730T185439_0179_068_348_2520_MAR_O_NT_003.SEN3,chl_oc4me.nc,2810285,ed35aead7f0be435d3c217b0e2aef957a6209553f1e74a3c83f8834e93b3f90e,83d3d2a202e9b30274556ec4d368faf0,"Sat, 30 Jul 2022 19:52:01 GMT"
S3B_OL_2_WFR____20220729T064415_20220729T064715_20220730T185439_0179_068_348_2520_MAR_O_NT_003.SEN3,geo_coordinates.nc,60056556,aede171a5e1f65eaaa00b2e9a9534cb0bac7c38f2864e7b3ce559947c8f87fe3,1eca4076d9ad01deda5fc9cba0ae36be-8,"Sat, 30 Jul 2022 19:52:00 GMT"
S3B_OL_2_WFR____20220729T064415_20220729T064715_20220730T185439_0179_068_348_2520_MAR_O_NT_003.SEN3,tie_geo_coordinates.nc,1133809,de98fd39a060f2892f793e7e6a25d1b454d0614a3553639516505b8e75b91832,1b558f85ed925a2734113b4ae486e783,"Sat, 30 Jul 2022 19:52:00 GMT"
S3B_OL_2_WFR____20220729T064415_20220729T064715_20220730T185439_0179_068_348_2520_MAR_O_NT_003.SEN3,wqsf.nc,5525703,133ab337c4d8cf1add854e18e5e58ff880b18c1b60eabf6f8ae057d76a8aa47f,0ec1586cc14e346a9854d21f346f12d4,"Sat, 30 Jul 2022 19:52:00 GMT"
S3B_OL_2_WFR____20220730T061804_20220730T062104_20220731T172508_0179_068_362_2520_MAR_O_NT_003.SEN3,chl_oc4me.nc,3967812,4cc849b63963425d7f8a0756920eba869f250fcf5db8189b179336403ecc30d0,a0f508c61152e939d504bbb35180d18e,"Sun, 31 Jul 2022 19:26:32 GMT"
S3B_OL_2_WFR____20220730T061804_20220730T062104_20220731T172508_0179_068_362_2520_MAR_O_NT_003.SEN3,geo_coordinates.nc,60423131,04640aba7abcd10a4f4d1aff1ea29e14f1e3f129981d01acd21cbee24c9986a7,415e349078562c67e3cfc65dd4662205-8,"Sun, 31 Jul 2022 19:26:31 GMT"
S3B_OL_2_WFR____20220730T061804_20220730T062104_20220731T172508_0179_068_362_2520_MAR_O_NT_003.SEN3,tie_geo_coordinates.nc,1139143,368584f2275e10706df720e5a0f9842946c1470aad7d0aaeeee2124319b989c7,1ef1042ff74ca56095994d6268279786,"Sun, 31 Jul 2022 19:26:31 GMT"
S3B_OL_2_WFR____20220730T061804_20220730T062104_20220731T172508_0179_068_362_2520_MAR_O_NT_003.SEN3,wqsf.nc,6572113,20d3d9b9f44d97d3f23646516eab8b4fd7c26f48a904cb618e39373bbf46d6ad,8f120d84be99d9a011e221dc95a79fd5,"Sun, 31 Jul 2022 19:26:31 GMT"
S3B_OL_2_WFR____20220731T055153_20220731T055453_20220801T181406_0179_068_376_2520_MAR_O_NT_003.SEN3,chl_oc4me.nc,6069767,39064f159160b731a0261bad92c0408c52b43d08cae40d4a869b44bfa3dc31fe,51e60b4339d730851bb4b2ac574c35ff,"Mon, 01 Aug 2022 19:48:03 GMT"
S3B_OL_2_WFR____20220731T055153_20220731T055453_20220801T181406_0179_068_376_2520_MAR_O_NT_003.SEN3,geo_coordinates.nc,58728312,a97367a947e466a0b46f77b333b0479806ccaf6a86e912fa1ba11bf5d1da669c,dfe1092d65beeca81e8aff53627eb765-8,"Mon, 01 Aug 2022 19:48:03 GMT"
S3B_OL_2_WFR____20220731T055153_20220731T055453_20220801T181406_0179_068_376_2520_MAR_O_NT_003.SEN3,tie_geo_coordinates.nc,1135484,78fd9f983b461d1b25c27e02ce7effa89ddf95257432ccedf5dec52be056b0fb,e2a77e0a1cb402d5c60c0866ab38c2a6,"Mon, 01 Aug 2022 19:48:02 GMT"
S3B_OL_2_WFR____20220731T055153_20220731T055453_20220801T181406_0179_068_376_2520_MAR_O_NT_003.SEN3,wqsf.nc,9458975,080b9e1e810ba25bca7f8fabb5114f6222a47a1dd437891b2b19f6d18a8b5ecb,7bc67f59a0fe8f07632743ab45c60efd-2,"Mon, 01 Aug 2022 19:48:02 GMT"
S3B_OL_2_WFR____20220802T064030_20220802T064330_20220803T183519_0179_069_020_2520_MAR_O_NT_003.SEN3,chl_oc4me.nc,4441521,e28d87950d1bf2469fa66fda6f1bc1a8a50e49f8c1959f8de362db6b650eb257,38c4f04a2990906679635db24189dd8f,"Wed, 03 Aug 2022 19:22:07 GMT"
S3B_OL_2_WFR____20220802T064030_20220802T064330_20220803T183519_0179_069_020_2520_MAR_O_NT_003.SEN3,geo_coordinates.nc,60223091,03c288ddb57ce7902631f336641a0b4ae9da1317bc5d0fae1e33d4e1407b6d44,8240715bf2e3316794f7ea49baa647e8-8,"Wed, 03 Aug 2022 19:22:07 GMT"
S3B_OL_2_WFR____20220802T064030_20220802T064330_20220803T183519_0179_069_020_2520_MAR_O_NT_003.SEN3,tie_geo_coordinates.nc,1138797,82c4942a7d4dc7ac61e06a51c2dbb367e6d512985ea97286743bca834d5be5d7,d857ad9a18866da353d16448399a31d5,"Wed, 03 Aug 2022 19:22:06 GMT"
S3B_OL_2_WFR____20220802T064030_20220802T064330_20220803T183519_0179_069_020_2520_MAR_O_NT_003.SEN3,wqsf.nc,5662633,cb781d810626be259a1113f59891525b1a49391cbd4e4bb9e2f506569b251c8c,794ead143ced420206b3de7876aeeb3b,"Wed, 03 Aug 2022 19:22:06 GMT"
S3B_OL_2_WFR____20220803T061419_20220803T061719_20220804T155732_0179_069_034_2520_MAR_O_NT_003.SEN3,chl_oc4me.nc,4528793,2cd5e3e867d57f3072c5be7fbcaa8fa2e726c450ad3d6bb5bf9568a15c84cf27,5615da44dbca5aec8fbe3c199616e318,"Thu, 04 Aug 2022 21:00:57 GMT"
S3B_OL_2_WFR____20220803T061419_20220803T061719_20220804T155732_0179_069_034_2520_MAR_O_NT_003.SEN3,geo_coordinates.nc,60203042,19fc56185ad4a8d3cfdef5d49ea0b47f12fde2266f3efdf0ae28b75e3041c23f,dfb5d4922e8e0239597b7adb5c4dd3b4-8,"Thu, 04 Aug 2022 21:00:57 GMT"
S3B_OL_2_WFR____20220803T061419_20220803T061719_20220804T155732_0179_069_034_2520_MAR_O_NT_003.SEN3,tie_geo_coordinates.nc,1137656,7cf6ac97d620b25a0296321f1d191805bfda5176b5646fddd1181620ebfbf0ac,f60e84ca629f872b3623416cde06865d,"Thu, 04 Aug 2022 21:00:56 GMT"
S3B_OL_2_WFR____20220803T061419_20220803T061719_20220804T155732_0179_069_034_2520_MAR_O_NT_003.SEN3,wqsf.nc,6290957,6c728f01049dd0928f85b31b429a128b8e4cd87e7c031e1c0fed5c50205d8f14,d99308b0880058813ea776fb6e992a81,"Thu, 04 Aug 2022 21:00:57 GMT"
S3B_OL_2_WFR____20220804T054808_20220804T055108_20220805T185753_0179_069_048_2520_MAR_O_NT_003.SEN3,chl_oc4me.nc,5616037,e21b629d3dbc05d5d75c3007cdebe237154ee06cc81b8cd53178d71d34e49378,72bac4780a568c1291fabedaee58ccfc,"Fri, 05 Aug 2022 21:39:28 GMT"
S3B_OL_2_WFR____20220804T054808_20220804T055108_20220805T185753_0179_069_048_2520_MAR_O_NT_003.SEN3,geo_coordinates.nc,58352256,ea70a17f9ec5463be77c18e586be9543ab28d0e10693a92dd0b876a27ce0cf26,b782dc17b52929bb99b415173f01322b-7,"Fri, 05 Aug 2022 21:39:27 GMT"
S3B_OL_2_WFR____20220804T054808_20220804T055108_20220805T185753_0179_069_048_2520_MAR_O_NT_003.SEN3,tie_geo_coordinates.nc,1138698,4229e7aa817dd821fa3ea2624d7295e96993017036af4298c91ce178bad8872c,b82a634003b49e1f088b00e692ee7f8f,"Fri, 05 Aug 2022 21:39:27 GMT"
S3B_OL_2_WFR____20220804T054808_20220804T055108_20220805T185753_0179_069_048_2520_MAR_O_NT_003.SEN3,wqsf.nc,8616100,6f9bf2ec8fb128de74182065b07ba0f69f97a3f945840cb318986dc6d53dfc20,225b9e60e51f6511529948ac09399769-2,"Fri, 05 Aug 2022 21:39:27 GMT"
S3B_OL_2_WFR____20220806T063645_20220806T063945_20220807T172645_0179_069_077_2520_MAR_O_NT_003.SEN3,chl_oc4me.nc,4904597,d80508a5c8f2c1901c02531f3983a067fd15164c62f7cc0f3567a43cca8650e0,8af7f680f19070caa4b38e3c79553d4f,"Sun, 07 Aug 2022 19:17:32 GMT"
S3B_OL_2_WFR____20220806T063645_20220806T063945_20220807T172645_0179_069_077_2520_MAR_O_NT_003.SEN3,geo_coordinates.nc,60359230,a7b2395541becbd8199f83af4e9e09f3dcb253604ba413d972dba61c0ca58f37,3789ba5e8211c7be2091c57676c0a1d3-8,"Sun, 07 Aug 2022 19:17:31 GMT"
S3B_OL_2_WFR____20220806T063645_20220806T063945_20220807T172645_0179_069_077_2520_MAR_O_NT_003.SEN3,tie_geo_coordinates.nc,1138866,90ab402827afeb23141ac22c6ec3205d48aa71f6b92635e13d7050c7dafe4ecb,62a66b496a700b9e31e7476a93ed7123,"Sun, 07 Aug 2022 19:17:31 GMT"
S3B_OL_2_WFR____20220806T063645_20220806T063945_20220807T172645_0179_069_077_2520_MAR_O_NT_003.SEN3,wqsf.nc,5279853,29f14fe4682606df5c5f4f774a9e76aa1e1aee76b654ae8acc2065092747ffd3,80ce608efd123ee878a75914e25f1751,"Sun, 07 Aug 2022 19:17:31 GMT"
S3B_OL_2_WFR____20220807T061034_20220807T061334_20220808T191415_0179_069_091_2520_MAR_O_NT_003.SEN3,chl_oc4me.nc,3922085,5f8b2f34a8662edbc5fbbf5f05f025c8eed40526e799db7495d29a1110cee2d5,15246179a3c1381e20416c482933536f,"Mon, 08 Aug 2022 21:18:54 GMT"
S3B_OL_2_WFR____20220807T061034_20220807T061334_20220808T191415_0179_069_091_2520_MAR_O_NT_003.SEN3,geo_coordinates.nc,59984431,42763ed8daa1e0ce6d7f48668fcebc5964442c12b763a99fa0fde2c98ed0f5bf,478faaadc311748bbb52d40f162ad944-8,"Mon, 08 Aug 2022 21:18:53 GMT"
S3B_OL_2_WFR____20220807T061034_20220807T061334_20220808T191415_0179_069_091_2520_MAR_O_NT_003.SEN3,tie_geo_coordinates.nc,1134626,d3873e3d21bb64ae6279a12bee5128643adb3723fd16d0d3513e0fc4d4526a68,38af6c93cda36ff7d7d13ea614d2861e,"Mon, 08 Aug 2022 21:18:53 GMT"
S3B_OL_2_WFR____20220807T061034_20220807T061334_20220808T191415_0179_069_091_2520_MAR_O_NT_003.SEN3,wqsf.nc,5562823,8bfebf2ee48cff5f014c9b186c7f1eafb5a1f87fce290c0cae240d0e533ae570,8920950c0675c9cbee05914f3a8900de,"Mon, 08 Aug 2022 21:18:53 GMT"
S3B_OL_2_WFR____20220808T054423_20220808T054723_20220809T175940_0180_069_105_2520_MAR_O_NT_003.SEN3,chl_oc4me.nc,2257422,351ac52d375e5c58b52bec7c32bc36ba8768cf5eb60f5ca8ab2ac1ff1c63c11e,c263f21816e1c142b38900f9820b2371,"Tue, 09 Aug 2022 19:14:45 GMT"
S3B_OL_2_WFR____20220808T054423_20220808T054723_20220809T175940_0180_069_105_2520_MAR_O_NT_003.SEN3,geo_coordinates.nc,58111074,8989d7fe8693063895e2814e63d6a3f00274b4cc0fb4791da286c621b322c4f4,2a1f704153f8d4b901bb5f70b75758b4-7,"Tue, 09 Aug 2022 19:14:45 GMT"
S3B_OL_2_WFR____20220808T054423_20220808T054723_20220809T175940_0180_069_105_2520_MAR_O_NT_003.SEN3,tie_geo_coordinates.nc,1138305,1e23e2e5e2d6a75a478ca1fd7bd5e5a59a98eefb3f2bfeb4df5ced784411c062,9293b585028096b28b1efc83704cc18a,"Tue, 09 Aug 2022 19:14:44 GMT"
S3B_OL_2_WFR____20220808T054423_20220808T054723_20220809T175940_0180_069_105_2520_MAR_O_NT_003.SEN3,wqsf.nc,5019107,6ee15ce4c54a4995fd494d34f3cb754ee960623653b5ba51c3d85dd0714c7021,e5b07fb4a3a436bc4a1749b0ca6485e1,"Tue, 09 Aug 2022 19:14:45 GMT"
S3B_OL_2_WFR____20220809T065911_20220809T070211_20220810T183547_0179_069_120_2520_MAR_O_NT_003.SEN3,tie_geo_coordinates.nc,1137101,472ec7332f3cb36fcfe7a3edb29ddc893e0dcfc5b19c398af0f31b6d9697f0a9,264fc87ff5e3703061940a70ae3ed872,"Wed, 10 Aug 2022 19:40:37 GMT"
S3B_OL_2_WFR____20220810T063300_20220810T063600_20220811T180901_0179_069_134_2520_MAR_O_NT_003.SEN3,chl_oc4me.nc,4632750,a804860dc649e93cea1c32669550689bc5ce552ca7ef357d8a670aea9109ab85,a7e968a1cb8b32f5bde4812994cdfe1e,"Thu, 11 Aug 2022 19:37:34 GMT"
S3B_OL_2_WFR____20220810T063300_20220810T063600_20220811T180901_0179_069_134_2520_MAR_O_NT_003.SEN3,geo_coordinates.nc,60541264,dc434a5cdaba328f1319b5bc79ced122484b46ff9c7064895ff06b8a4dcaf4ca,8433e4bf8faa272340502df0548c24b0-8,"Thu, 11 Aug 2022 19:37:33 GMT"
S3B_OL_2_WFR____20220810T063300_20220810T063600_20220811T180901_0179_069_134_2520_MAR_O_NT_003.SEN3,tie_geo_coordinates.nc,1137945,7fc26234f610306a26fc00e28edf1bed5e5d907538c345e37b0ccd73cac77342,17813d16b433f6c3ae8a94776b29bd69,"Thu, 11 Aug 2022 19:37:32 GMT"
S3B_OL_2_WFR____20220810T063300_20220810T063600_20220811T180901_0179_069_134_2520_MAR_O_NT_003.SEN3,wqsf.nc,5492681,938f3f03314254cf4613531dcc69f7e887e270c069ca31272f4fe2a16fb6af84,0c026b7291f8fc08eac78fa624be4acb,"Thu, 11 Aug 2022 19:37:32 GMT"
S3B_OL_2_WFR____20220811T060649_20220811T060949_20220812T191139_0179_069_148_2520_MAR_O_NT_003.SEN3,chl_oc4me.nc,1609114,5da1192f338ec2443c8a170e51c670b51326b6585572fa5d1dc93a45664c38d7,96644cc54c299d9c1ad38eade3817f11,"Fri, 12 Aug 2022 21:50:24 GMT"
S3B_OL_2_WFR____20220811T060649_20220811T060949_20220812T191139_0179_069_148_2520_MAR_O_NT_003.SEN3,geo_coordinates.nc,59838853,7a7c2de22e9316c1c46181323e6df4b1fca2119e5e9052c97eeef18aa1267f64,730ff5578bef4f88604e15bd34183b55-8,"Fri, 12 Aug 2022 21:50:24 GMT"
S3B_OL_2_WFR____20220811T060649_20220811T060949_20220812T191139_0179_069_148_2520_MAR_O_NT_003.SEN3,tie_geo_coordinates.nc,1135842,31102b721b7d524783664e4c5a5df7c8c540203c3402fbe933ab768b56b2ac4a,d5df9a9fcc50b6987dede6278611c08b,"Fri, 12 Aug 2022 21:50:23 GMT"
S3B_OL_2_WFR____20220811T060649_20220811T060949_20220812T191139_0179_069_148_2520_MAR_O_NT_003.SEN3,wqsf.nc,3385182,5120a953a522c18831b61a3f0f46f7b2e0528ca85ad2202730c95516af060b11,9384c3ddf9cc8cc6bc433d1adc07ec27,"Fri, 12 Aug 2022 21:50:23 GMT"
S3B_OL_2_WFR____20220812T054039_20220812T054339_20220813T182155_0179_069_162_2520_MAR_O_NT_003.SEN3,chl_oc4me.nc,596113,96c6bd8506b474f27f54360198544511c4395019617424a55cebdff1656a954d,06fc442e1ad6cd15eb6518ac4a563b55,"Sat, 13 Aug 2022 19:11:07 GMT"
S3B_OL_2_WFR____20220812T054039_20220812T054339_20220813T182155_0179_069_162_2520_MAR_O_NT_003.SEN3,geo_coordinates.nc,57900852,a82d30f1b042a2c8c7b4c3c5d9e8f0c44a7e54713fa4c14001f8d2ebf919b276,209935b3e62e4f470ce770f0f3f3f363-7,"Sat, 13 Aug 2022 19:11:06 GMT"
S3B_OL_2_WFR____20220812T054039_20220812T054339_20220813T182155_0179_069_162_2520_MAR_O_NT_003.SEN3,tie_geo_coordinates.nc,1138961,a42bf793a49fe5d51f12085287059f6cc2e395f9fefbb28ed57dedab27cdefc0,aae26be2caef7a556869505052a8ef29,"Sat, 13 Aug 2022 19:11:06 GMT"
S3B_OL_2_WFR____20220812T054039_20220812T054339_20220813T182155_0179_069_162_2520_MAR_O_NT_003.SEN3,wqsf.nc,3522797,30a620376171fe80d258030ae5bcb2e3992d9eb715eb29d4db7f2168c8224a39,8c6ae011646ccfe0968b1c5ffdd9ff42,"Sat, 13 Aug 2022 19:11:06 GMT"
S3B_OL_2_WFR____20220813T065527_20220813T065827_20220814T184548_0179_069_177_2520_MAR_O_NT_003.SEN3,tie_geo_coordinates.nc,1138469,df47ae4220a10ad2cfaf5b3c998bcb1566fc47bd0d536412568572b83aa73339,17b68684a64fa4f39281d2e6c4a6a379,"Sun, 14 Aug 2022 19:40:18 GMT"
S3B_OL_2_WFR____20220814T062916_20220814T063216_20220815T185032_0179_069_191_2520_MAR_O_NT_003.SEN3,chl_oc4me.nc,4080686,0b5b842800bbd5b18ef4c4b688a937e0510c3a9bf102e5fe012c541f9a3b4255,f7ab3b4d0082e3eb2c49c45cf5a46c60,"Mon, 15 Aug 2022 23:47:12 GMT"
S3B_OL_2_WFR____20220814T062916_20220814T063216_20220815T185032_0179_069_191_2520_MAR_O_NT_003.SEN3,geo_coordinates.nc,60543887,feeb2cb43520520ed45bb4f8b0e3fa3ce6f5210d1e5f2f87b957b1056cc183b6,b55a8a2824f8ba067e4716d25f5a0541-8,"Mon, 15 Aug 2022 23:47:12 GMT"
S3B_OL_2_WFR____20220814T062916_20220814T063216_20220815T185032_0179_069_191_2520_MAR_O_NT_003.SEN3,tie_geo_coordinates.nc,1142223,97382c372a5a544946f76cb42547c9f3ed8893628e9118dff540590c65486bd8,9c2ae8b9226f9b859d405465c7f15160,"Mon, 15 Aug 2022 23:47:11 GMT"
S3B_OL_2_WFR____20220814T062916_20220814T063216_20220815T185032_0179_069_191_2520_MAR_O_NT_003.SEN3,wqsf.nc,5296134,9acfcb677b14ba14c443eedc57806c3bf46eb2ec94d8a5408bce3b6d5dfc33c4,9310a96693b480c2460f5924ca5a52c6,"Mon, 15 Aug 2022 23:47:11 GMT"
S3B_OL_2_WFR____20220815T060306_20220815T060606_20220816T182112_0180_069_205_2520_MAR_O_NT_003.SEN3,chl_oc4me.nc,1042316,a8f014ee717efba9ce40c1811167cb53f80ba772fe7f5c7f2b3e0ff978dfdbf3,a375c846e24e98e2ba456bca60a90c30,"Tue, 16 Aug 2022 19:40:23 GMT"
S3B_OL_2_WFR____20220815T060306_20220815T060606_20220816T182112_0180_069_205_2520_MAR_O_NT_003.SEN3,geo_coordinates.nc,59722151,ec69b87e2853d3a0e0cc3cf261d8c842e0188049bc9f710476ebe2bff795be1a,1026aaba6df9cd5d13ed8d480ef4777d-8,"Tue, 16 Aug 2022 19:40:22 GMT"
S3B_OL_2_WFR____20220815T060306_20220815T060606_20220816T182112_0180_069_205_2520_MAR_O_NT_003.SEN3,tie_geo_coordinates.nc,1132811,89bdaeaa344ebf31ce741f84cdf2ab71684b7c561a3ed845d2701300785a2cef,336d41e30bfdd484e170a2e165770940,"Tue, 16 Aug 2022 19:40:22 GMT"
S3B_OL_2_WFR____20220815T060306_20220815T060606_20220816T182112_0180_069_205_2520_MAR_O_NT_003.SEN3,wqsf.nc,3241034,686656321f655744fa3a9be6188ba171f01cddd44479f26aac5185d9fa89dd5f,2a3948c91ac10807c744cbd97a74e241,"Tue, 16 Aug 2022 19:40:22 GMT"
S3B_OL_2_WFR____20220816T053655_20220816T053955_20220817T150425_0179_069_219_2520_MAR_O_NT_003.SEN3,tie_geo_coordinates.nc,1133021,bcd5d75a72f4f306514168e556533ee79b948ff56b18beed82913ca909b307cb,14aea323d8bb7c4dead1221bd2202f9c,"Wed, 17 Aug 2022 17:56:54 GMT"
S3B_OL_2_WFR____20220817T065143_20220817T065443_20220818T183103_0180_069_234_2520_MAR_O_NT_003.SEN3,chl_oc4me.nc,2962746,a444f9078d242425f74a06dd158542c98fc2df2abc84322fbf92f9dec70e6480,4d063243eaa2f222097c9e3210dbcbef,"Thu, 18 Aug 2022 20:45:24 GMT"
S3B_OL_2_WFR____20220817T065143_20220817T065443_20220818T183103_0180_069_234_2520_MAR_O_NT_003.SEN3,geo_coordinates.nc,59780942,bab07b4fb88820993f2187c8e142da62a08b996a86ebd945614455efc02c9bfe,b2cfa0a1774ba4cf8d9a6a5583c0735b-8,"Thu, 18 Aug 2022 20:45:23 GMT"
S3B_OL_2_WFR____20220817T065143_20220817T065443_20220818T183103_0180_069_234_2520_MAR_O_NT_003.SEN3,tie_geo_coordinates.nc,1140511,1d9c9fa11a14d1b71c922071787c0d5ced1952dd6b6790fb73850ec9d86a08dc,cfdb352a60d2ed1722f38b6b057d531d,"Thu, 18 Aug 2022 20:45:23 GMT"
S3B_OL_2_WFR____20220817T065143_20220817T065443_20220818T183103_0180_069_234_2520_MAR_O_NT_003.SEN3,wqsf.nc,5150043,b222615c7483e6e0693b700b5f0cb6757068c3a938523030c47d9ab3116eba80,0a9077ee9f32c41d2c6f571c04b9ac22,"Thu, 18 Aug 2022 20:45:23 GMT"
S3B_OL_2_WFR____20220818T062532_20220818T062832_20220819T190131_0179_069_248_2520_MAR_O_NT_003.SEN3,chl_oc4me.nc,5242896,7dfcca8beaa1a9033e14f37793b58d3582e4304895442b7abe0e6f203759477e,b8f320725c5d25dfd271be49835bd013,"Fri, 19 Aug 2022 21:02:02 GMT"
S3B_OL_2_WFR____20220818T062532_20220818T062832_20220819T190131_0179_069_248_2520_MAR_O_NT_003.SEN3,geo_coordinates.nc,60611059,76753d735605741d1eb8a0c4a7802696b22af13f3a0ec52162b2cee7f6038e44,1c4367eef3e172efa2dba8686cb0d561-8,"Fri, 19 Aug 2022 21:02:01 GMT"
S3B_OL_2_WFR____20220818T062532_20220818T062832_20220819T190131_0179_069_248_2520_MAR_O_NT_003.SEN3,tie_geo_coordinates.nc,1136327,ef412f83db75e6b6194fba3087d0b242cea59978a5a757d0c511b1e7f0399f68,4ef35493ea24905bd04e556b3d4eb9aa,"Fri, 19 Aug 2022 21:02:01 GMT"
S3B_OL_2_WFR____20220818T062532_20220818T062832_20220819T190131_0179_069_248_2520_MAR_O_NT_003.SEN3,wqsf.nc,5290679,b6c690ee398d3dc3934c289bec0d9cb649f03c824e38f79ea858cf356cf19f57,04050cb65989e5be915c0f06ed0e94c6,"Fri, 19 Aug 2022 21:02:01 GMT"
S3B_OL_2_WFR____20220819T055922_20220819T060222_20220820T184227_0179_069_262_2520_MAR_O_NT_003.SEN3,chl_oc4me.nc,4908409,4a66caac8390fc50c0479553c4ce0c7dcbcea612b373852eea516d61a7c7d9fc,d4055c536a431648e7e1708ceba2f964,"Sat, 20 Aug 2022 19:19:23 GMT"
S3B_OL_2_WFR____20220819T055922_20220819T060222_20220820T184227_0179_069_262_2520_MAR_O_NT_003.SEN3,geo_coordinates.nc,59479099,848bc534f60b7135b214b1406c7f78fa3d1d64c3f0b1a86ff8d4e24befbe43d7,9452ff094d28041afb269701c4748fad-8,"Sat, 20 Aug 2022 19:19:22 GMT"
S3B_OL_2_WFR____20220819T055922_20220819T060222_20220820T184227_0179_069_262_2520_MAR_O_NT_003.SEN3,tie_geo_coordinates.nc,1136472,874d3430d77cbe91e52354471d0fabadad15a90465100c3890ae5809aa98184a,11be1736bdaa3929386cfe42a6e6b834,"Sat, 20 Aug 2022 19:19:22 GMT"
S3B_OL_2_WFR____20220819T055922_20220819T060222_20220820T184227_0179_069_262_2520_MAR_O_NT_003.SEN3,wqsf.nc,7707719,0c5fab9133caf14d38372dc799ed8aef736713e4a33166e704af42e5bcedd107,a912e5c709e74458d3c2a3b4967eb527,"Sat, 20 Aug 2022 19:19:22 GMT"
S3B_OL_2_WFR____20220821T064759_20220821T065059_20220822T183759_0179_069_291_2520_MAR_O_NT_003.SEN3,chl_oc4me.nc,3991415,93381747ac628d8675bb34423a05e0244cbf5d5a89fba108cbdf3fb3a722cb3e,cc5f8e8fa4c513df8edae63143a70b89,"Mon, 22 Aug 2022 22:59:52 GMT"
S3B_OL_2_WFR____20220821T064759_20220821T065059_20220822T183759_0179_069_291_2520_MAR_O_NT_003.SEN3,geo_coordinates.nc,59915120,1d7c628a7c0f47cb7bd453d396e9dbfd2d9078540174bcdd5224b07ceb1061b3,6e916410f245422190ffef01ec34c8d4-8,"Mon, 22 Aug 2022 22:59:51 GMT"
S3B_OL_2_WFR____20220821T064759_20220821T065059_20220822T183759_0179_069_291_2520_MAR_O_NT_003.SEN3,tie_geo_coordinates.nc,1135684,cb418545878e4504db2ca1d5a89a9478c67550de5ee71b9c9c92b11fffd94676,dfc8a465364becb43d55875176005816,"Mon, 22 Aug 2022 22:59:51 GMT"
S3B_OL_2_WFR____20220821T064759_20220821T065059_20220822T183759_0179_069_291_2520_MAR_O_NT_003.SEN3,wqsf.nc,4880264,861bbde5930ec6a388db960549d12948d7a4e09cb908ddc3f7310a35a28488b6,0f6cf5a49587780fca22ffbabf5fb139,"Mon, 22 Aug 2022 22:59:51 GMT"
S3B_OL_2_WFR____20220822T062148_20220822T062448_20220823T185446_0180_069_305_2520_MAR_O_NT_003.SEN3,chl_oc4me.nc,5500730,fcd44d2ea56784e21cf4d4003af8f3fa2ee2f7fff1c0aa7aef0c6ecc7672b801,e442208517367a7a0e215a2855648d35,"Tue, 23 Aug 2022 23:37:52 GMT"
S3B_OL_2_WFR____20220822T062148_20220822T062448_20220823T185446_0180_069_305_2520_MAR_O_NT_003.SEN3,geo_coordinates.nc,60582392,ffa3740ef23ce4d0e42beed238ca70337bf2e48be79138a9fcd882a4bddede40,ef7058187beeef871199f7618ae42980-8,"Tue, 23 Aug 2022 23:37:51 GMT"
S3B_OL_2_WFR____20220822T062148_20220822T062448_20220823T185446_0180_069_305_2520_MAR_O_NT_003.SEN3,tie_geo_coordinates.nc,1138058,21ef071c6b054f5c6aa499f484c9bf9780ffeffcbec78b40649236ae1ef4751a,a53abe2753ac83aaae37938d6529f97e,"Tue, 23 Aug 2022 23:37:50 GMT"
S3B_OL_2_WFR____20220822T062148_20220822T062448_20220823T185446_0180_069_305_2520_MAR_O_NT_003.SEN3,wqsf.nc,5320688,2233441bc1e34242671127da54a95d3d35816cd66ecce68c1942b0117d539135,0efc33fc90541991f7be4b180827e11a,"Tue, 23 Aug 2022 23:37:51 GMT"
S3B_OL_2_WFR____20220823T055537_20220823T055837_20220824T155010_0179_069_319_2520_MAR_O_NT_003.SEN3,chl_oc4me.nc,5536266,d63f8eeb2cc599e4d91f6d2765a4b52de211bbb9f23f113b0029661ab8d75bdd,7be17742ba182a7cdf00f28d1840cb08,"Wed, 24 Aug 2022 17:11:44 GMT"
S3B_OL_2_WFR____20220823T055537_20220823T055837_20220824T155010_0179_069_319_2520_MAR_O_NT_003.SEN3,geo_coordinates.nc,59220246,0e3465cb84eb3892636810712587cb5d1773a445bcff1a2a67d7d98c4f7fa2e7,a98f931b323c6301eed4b47a3318736e-8,"Wed, 24 Aug 2022 17:11:44 GMT"
S3B_OL_2_WFR____20220823T055537_20220823T055837_20220824T155010_0179_069_319_2520_MAR_O_NT_003.SEN3,tie_geo_coordinates.nc,1137533,fc73a8facf179a32583b28160a8e0878c8d84671d3bfb978dae06c24c7adf3e3,69b75d5881f5108d14a97485d03d4beb,"Wed, 24 Aug 2022 17:11:43 GMT"
S3B_OL_2_WFR____20220823T055537_20220823T055837_20220824T155010_0179_069_319_2520_MAR_O_NT_003.SEN3,wqsf.nc,8516000,cc5e9fb319fb125d555b4957bd1d424588055b04b35e0e08f4e7aff96f546d25,1dabfe30205e9ce02201e876cb906362-2,"Wed, 24 Aug 2022 17:11:43 GMT"
S3B_OL_2_WFR____20220825T064415_20220825T064715_20220826T194114_0179_069_348_2520_MAR_O_NT_003.SEN3,chl_oc4me.nc,4125188,a437b2532c28595c240f6b36ea775332a28fe218c68c71a160d4fef17c005721,6f11cf01735804bf43756c05b121cfad,"Fri, 26 Aug 2022 22:48:11 GMT"
S3B_OL_2_WFR____20220825T064415_20220825T064715_20220826T194114_0179_069_348_2520_MAR_O_NT_003.SEN3,geo_coordinates.nc,60085749,753d7312d415032e8b707f80d524558ff7abb354f91da2587f9022951ddaad5c,2de834ba54efe76acb95c9518cf47e99-8,"Fri, 26 Aug 2022 22:48:11 GMT"
S3B_OL_2_WFR____20220825T064415_20220825T064715_20220826T194114_0179_069_348_2520_MAR_O_NT_003.SEN3,tie_geo_coordinates.nc,1138238,fa108879e5edae130ae271964ca9e19a8ef1c6d043a920838249aea495805971,ac1da4db834a0524d15ab345c810ec99,"Fri, 26 Aug 2022 22:48:10 GMT"
S3B_OL_2_WFR____20220825T064415_20220825T064715_20220826T194114_0179_069_348_2520_MAR_O_NT_003.SEN3,wqsf.nc,5591183,e9396767c2bd796ccb65370db21cc3cb336ef29c7ac1ae153f801d4bceaae8ce,9071f8a9ab32e53abf396f66460882a1,"Fri, 26 Aug 2022 22:48:11 GMT"
S3B_OL_2_WFR____20220826T061804_20220826T062104_20220827T185652_0179_069_362_2520_MAR_O_NT_003.SEN3,chl_oc4me.nc,6097024,ed1ec6e7d69526b1e58850632508cd85e542648475c2dc762e14a32d8ebca636,047ed861d40a007b763651483b145998,"Sat, 27 Aug 2022 19:44:02 GMT"
S3B_OL_2_WFR____20220826T061804_20220826T062104_20220827T185652_0179_069_362_2520_MAR_O_NT_003.SEN3,geo_coordinates.nc,60430458,6b12b877dca2254372153cea8ebbc2b3a48d06f8e1fa4f61dc04ef1980ee7e4a,e37f3e499d692d0e9c6675f3504027ae-8,"Sat, 27 Aug 2022 19:44:01 GMT"
S3B_OL_2_WFR____20220826T061804_20220826T062104_20220827T185652_0179_069_362_2520_MAR_O_NT_003.SEN3,tie_geo_coordinates.nc,1136583,3ca8278fb6c5d16397eaf8a5c664d9f08425e9693bc448e13eb83c8b3b4177cb,2f92bc0e507c362a66fe53cb8d66972f,"Sat, 27 Aug 2022 19:44:01 GMT"
S3B_OL_2_WFR____20220826T061804_20220826T062104_20220827T185652_0179_069_362_2520_MAR_O_NT_003.SEN3,wqsf.nc,6484400,de67b449e8d7022d7633efa814bfbbbd6a0834336b42c56553bc8372f4f2e6e9,dca3dbdf2e53505d5d70869c8ff4864c,"Sat, 27 Aug 2022 19:44:01 GMT"
S3B_OL_2_WFR____20220827T055153_20220827T055453_20220828T162243_0179_069_376_2520_MAR_O_NT_003.SEN3,chl_oc4me.nc,7570909,e6653dcd130038b45d0924b02f61e5417d443fd13c91aed0d7ec2964b9bb51e2,7e78509a466a70f05b40c9870d3caf54,"Sun, 28 Aug 2022 19:09:07 GMT"
S3B_OL_2_WFR____20220827T055153_20220827T055453_20220828T162243_0179_069_376_2520_MAR_O_NT_003.SEN3,geo_coordinates.nc,58745262,9f4d43e86d7031afb4734bdaf83f845e8bf213998bc4b24e68dca74819ae876b,3a5d66e9affd6b7111171b81d8c409f3-8,"Sun, 28 Aug 2022 19:09:06 GMT"
S3B_OL_2_WFR____20220827T055153_20220827T055453_20220828T162243_0179_069_376_2520_MAR_O_NT_003.SEN3,tie_geo_coordinates.nc,1137921,f3b24a71a961e8790cfeaa9d2a9aae166df24c836ab4abb01bd55f1fe9c64fba,e3669e0b6a1d7f094497dbac5a36b09e,"Sun, 28 Aug 2022 19:09:05 GMT"
S3B_OL_2_WFR____20220827T055153_20220827T055453_20220828T162243_0179_069_376_2520_MAR_O_NT_003.SEN3,wqsf.nc,10192173,358427f7b15738a3659023f382599ef63e6e4615f6940bbebcd1323e3029793a,e261534c16386b7d516d3f4ca048c86e-2,"Sun, 28 Aug 2022 19:09:06 GMT"
S3B_OL_2_WFR____20220829T064030_20220829T064330_20220830T193414_0179_070_020_2520_MAR_O_NT_003.SEN3,chl_oc4me.nc,4584053,e67a590a3581a862e0eee85acb5c329051d1afddc14f57a94f8adf5ef47cbe21,639e1b00f3c2338dc29667fe41018c5d,"Tue, 30 Aug 2022 20:11:52 GMT"
S3B_OL_2_WFR____20220829T064030_20220829T064330_20220830T193414_0179_070_020_2520_MAR_O_NT_003.SEN3,geo_coordinates.nc,60237752,cc0522f1a62c0a3267484d1823f58910cef28d8b2e31d3323d0669e2af14aab0,7be27cecbdb600f2200504e530ce3ce8-8,"Tue, 30 Aug 2022 20:11:51 GMT"
S3B_OL_2_WFR____20220829T064030_20220829T064330_20220830T193414_0179_070_020_2520_MAR_O_NT_003.SEN3,tie_geo_coordinates.nc,1138866,f3c69e30f448b35fdbe6e7f8690c74d842080834081725833ea79fbf52286ed5,ffd81a5fc1644c4c13173c05914115a3,"Tue, 30 Aug 2022 20:11:51 GMT"
S3B_OL_2_WFR____20220829T064030_20220829T064330_20220830T193414_0179_070_020_2520_MAR_O_NT_003.SEN3,wqsf.nc,4966240,ba28d86cf847429a4e257736e5671647e0b9c2bf1e766ea0e588a19b8015292f,effd91671e15eb4ce017bd0478deddb6,"Tue, 30 Aug 2022 20:11:51 GMT"
S3B_OL_2_WFR____20220830T061419_20220830T061719_20220831T174732_0179_070_034_2520_MAR_O_NT_003.SEN3,chl_oc4me.nc,5459926,364855faf056e75b8883ea656dd3dcc9d8805bba69dcc47e3388459699c9fcd0,8740e8fa9ca63dd749cce3fd1e4a13ca,"Wed, 31 Aug 2022 19:38:47 GMT"
S3B_OL_2_WFR____20220830T061419_20220830T061719_20220831T174732_0179_070_034_2520_MAR_O_NT_003.SEN3,geo_coordinates.nc,60228858,9a7ab6b041dab01767467737a185f8b2c3e0cafd28d20c5f00bf6e0e76af93ad,f73888dedee150c553d7b0e26da68743-8,"Wed, 31 Aug 2022 19:38:46 GMT"
S3B_OL_2_WFR____20220830T061419_20220830T061719_20220831T174732_0179_070_034_2520_MAR_O_NT_003.SEN3,tie_geo_coordinates.nc,1132808,ff83045a5cf4e12463ed823c553fac0f566336f6dc9fbefadd09a28d5e512ae5,eec7fffde0cedfb7530b5d67eba44727,"Wed, 31 Aug 2022 19:38:46 GMT"
S3B_OL_2_WFR____20220830T061419_20220830T061719_20220831T174732_0179_070_034_2520_MAR_O_NT_003.SEN3,wqsf.nc,6311944,f1e250b74621d636a31d593fc12d466bfdf9d35650a5f8ce4999c06f68a65512,d208298327f934450edf4521c1bf8239,"Wed, 31 Aug 2022 19:38:46 GMT"
S3B_OL_2_WFR____20220831T054808_20220831T055108_20220901T165030_0179_070_048_2520_MAR_O_NT_003.SEN3,chl_oc4me.nc,9622244,8e30e6d3f493e4ba64776c76c7da5a9754d2e87a865e413eb5c1770ebcf75170,ee637475a9eb89cd69534fa6550b14c0-2,"Thu, 01 Sep 2022 18:49:08 GMT"
S3B_OL_2_WFR____20220831T054808_20220831T055108_20220901T165030_0179_070_048_2520_MAR_O_NT_003.SEN3,geo_coordinates.nc,58406272,163a29e7b47575b6c9376ce891ac4993c546faa5b57f2ac8d68ce0e13eb13c75,c91f669a05e84d6e912190046e48ce14-7,"Thu, 01 Sep 2022 18:49:07 GMT"
S3B_OL_2_WFR____20220831T054808_20220831T055108_20220901T165030_0179_070_048_2520_MAR_O_NT_003.SEN3,tie_geo_coordinates.nc,1137822,9de79a30749147643a098ec724641907ad840098e7406faa40ce71bd1d61ae8e,d997357655e92e9c09c3d3c974e0a951,"Thu, 01 Sep 2022 18:49:06 GMT"
S3B_OL_2_WFR____20220831T054808_20220831T055108_20220901T165030_0179_070_048_2520_MAR_O_NT_003.SEN3,wqsf.nc,10752903,971ec722d5571f411c580e2894eed5e9e1260c1ab9de36fdd530bb6e74213d04,75b7b1ea548cc634fec07777380a31dc-2,"Thu, 01 Sep 2022 18:49:06 GMT"
S3B_OL_2_WFR____20220902T063646_20220902T063946_20220903T182356_0179_070_077_2520_MAR_O_NT_003.SEN3,chl_oc4me.nc,4960022,c80a7542f3a18752c1336f15300a04b1fdd3e961f8f06dbf4e2d6d37bd160b4c,a05ba05d938f4852e2340b7fa034b808,"Sat, 03 Sep 2022 20:58:16 GMT"
S3B_OL_2_WFR____20220902T063646_20220902T063946_20220903T182356_0179_070_077_2520_MAR_O_NT_003.SEN3,geo_coordinates.nc,60397632,8594a4654f994e6826248552f33e65e69e1c0a2c3d513e7e5f4779b832f1a3a2,40164e1f9113da661dbd7000779e919e-8,"Sat, 03 Sep 2022 20:58:15 GMT"
S3B_OL_2_WFR____20220902T063646_20220902T063946_20220903T182356_0179_070_077_2520_MAR_O_NT_003.SEN3,tie_geo_coordinates.nc,1137729,9409687e15de00227b222f6ac0dfd38a5400ddfca117dba124113c59ec7c6779,1baae1340a0a54dbc4fa06661348d08e,"Sat, 03 Sep 2022 20:58:14 GMT"
S3B_OL_2_WFR____20220902T063646_20220902T063946_20220903T182356_0179_070_077_2520_MAR_O_NT_003.SEN3,wqsf.nc,5115389,34f034aae236eec6c9cff73359335998141635c3f5fcf8fd7c31a9c6e21b33db,fd684e16b03101f1f23db41afd4dcac4,"Sat, 03 Sep 2022 20:58:15 GMT"
S3B_OL_2_WFR____20220903T061035_20220903T061335_20220904T183448_0179_070_091_2520_MAR_O_NT_003.SEN3,chl_oc4me.nc,7752236,7fa0a901ef136966bd0fcfe7de64303a3b6fbcbf1b2b9d8380459ebdda48dbcf,4135e9f69925d33a4db8805831ca18ea,"Sun, 04 Sep 2022 20:43:49 GMT"
S3B_OL_2_WFR____20220903T061035_20220903T061335_20220904T183448_0179_070_091_2520_MAR_O_NT_003.SEN3,geo_coordinates.nc,60015256,62125c7fbaa63e69667cd09ffbcd90d6e0121ee5297edeba231641b39b744e6f,a01a59407a133d0243253dd95c5475b7-8,"Sun, 04 Sep 2022 20:43:48 GMT"
S3B_OL_2_WFR____20220903T061035_20220903T061335_20220904T183448_0179_070_091_2520_MAR_O_NT_003.SEN3,tie_geo_coordinates.nc,1131918,9e70c7a767301117cab237741aeb7330f0cf6974e8c7f350d311c9f4b6f01d2f,4840ca692b03db7263e21e009d653ac1,"Sun, 04 Sep 2022 20:43:48 GMT"
S3B_OL_2_WFR____20220903T061035_20220903T061335_20220904T183448_0179_070_091_2520_MAR_O_NT_003.SEN3,wqsf.nc,8094580,d0f6bebf1b2fb04a215116ee28a3aa881874aad54be2e3c1e0631642abbb3b3c,e6dba95372fecfd7971d3cffac15eb72,"Sun, 04 Sep 2022 20:43:48 GMT"
S3B_OL_2_WFR____20220904T054424_20220904T054724_20220905T181618_0179_070_105_2520_MAR_O_NT_003.SEN3,chl_oc4me.nc,10399565,3e00ed5f0df250b6af2d61fb92a5c7af58e68a25239764a669eec77e1b9647c5,bf216f33532e2641e07b3bd80feaeea1-2,"Mon, 05 Sep 2022 19:36:02 GMT"
S3B_OL_2_WFR____20220904T054424_20220904T054724_20220905T181618_0179_070_105_2520_MAR_O_NT_003.SEN3,geo_coordinates.nc,58170991,04307fc2d67a7c8fad708c5804aac6d3d4322121035fc125b82c41ef830792af,a52a857d4e57993e223bb16a6a9290b7-7,"Mon, 05 Sep 2022 19:36:02 GMT"
S3B_OL_2_WFR____20220904T054424_20220904T054724_20220905T181618_0179_070_105_2520_MAR_O_NT_003.SEN3,tie_geo_coordinates.nc,1133358,fd91bd90c43f1437c56cc3dadb04958e9fe09eb47c0fd47c63262e64677df14d,2d69b32de2dff5cf39de6224df07f7d8,"Mon, 05 Sep 2022 19:36:01 GMT"
S3B_OL_2_WFR____20220904T054424_20220904T054724_20220905T181618_0179_070_105_2520_MAR_O_NT_003.SEN3,wqsf.nc,12144015,ee5b4470be74c883f2f32674c23757361369f8bf304868dfe973fa902cc548e1,412409f735af91ea72b7b939265e9bf2-2,"Mon, 05 Sep 2022 19:36:01 GMT"
S3B_OL_2_WFR____20220905T065912_20220905T070212_20220906T185019_0179_070_120_2520_MAR_O_NT_003.SEN3,tie_geo_coordinates.nc,1136105,1f5e636888bfcfad5cc5b6b5f650202b872b47919e10c556e68aae3f28174b3b,23d3ca926a58b2071b1e7412a5bb8a1a,"Tue, 06 Sep 2022 20:45:13 GMT"
S3B_OL_2_WFR____20220906T063301_20220906T063601_20220907T174816_0179_070_134_2520_MAR_O_NT_003.SEN3,chl_oc4me.nc,4987028,ff59d1af1211805f6cd8172794ac0a8df909e433bc043d2b1c19e83adc5dbe2c,b91037418cafd22346b38eeb67c1f139,"Wed, 07 Sep 2022 19:17:53 GMT"
S3B_OL_2_WFR____20220906T063301_20220906T063601_20220907T174816_0179_070_134_2520_MAR_O_NT_003.SEN3,geo_coordinates.nc,60583202,25352f13976513531f6ab6564a9c8681f4882b5ad42abbd2ddf6189ffeeddcf4,234d7dd370410977a7dd51ec1f9f8edb-8,"Wed, 07 Sep 2022 19:17:52 GMT"
S3B_OL_2_WFR____20220906T063301_20220906T063601_20220907T174816_0179_070_134_2520_MAR_O_NT_003.SEN3,tie_geo_coordinates.nc,1138679,9727052dfe411433b2a956d32d0bbf98e2719aa5a37f632c06d666686f7b0ed3,0238b06b6fdd39a6b719c723286338cc,"Wed, 07 Sep 2022 19:17:51 GMT"
S3B_OL_2_WFR____20220906T063301_20220906T063601_20220907T174816_0179_070_134_2520_MAR_O_NT_003.SEN3,wqsf.nc,5215022,b369e304fdafabb116e2eecb21770bfcb9d2e15104d38e7348c5b1e0720378ad,434be8d3d55aa3633b63ccbcab18f726,"Wed, 07 Sep 2022 19:17:51 GMT"
S3B_OL_2_WFR____20220907T060650_20220907T060950_20220908T175646_0180_070_148_2520_MAR_O_NT_003.SEN3,chl_oc4me.nc,8392877,6a5aaa076ac93d9b50cfe8e995144487eb19bc98b071395a272be522f4fd42c1,ac06c806247fe0e86ef1b6f1603c267b-2,"Thu, 08 Sep 2022 18:42:11 GMT"
S3B_OL_2_WFR____20220907T060650_20220907T060950_20220908T175646_0180_070_148_2520_MAR_O_NT_003.SEN3,geo_coordinates.nc,59879556,341be9f7784d998a4bc23eab4f2ed6dc46a4a5eba1e4df7d45162ca342b755de,182cc1dfabe383390fd784155a6e5ead-8,"Thu, 08 Sep 2022 18:42:10 GMT"
S3B_OL_2_WFR____20220907T060650_20220907T060950_20220908T175646_0180_070_148_2520_MAR_O_NT_003.SEN3,tie_geo_coordinates.nc,1135178,41476bb3f37ce4f9d25e91577b2d66a16579326a98a7a031f7b12e3c0a725360,5909e09f4a01f44b7b7d3c330183c1c3,"Thu, 08 Sep 2022 18:42:09 GMT"
S3B_OL_2_WFR____20220907T060650_20220907T060950_20220908T175646_0180_070_148_2520_MAR_O_NT_003.SEN3,wqsf.nc,8396469,0b167b76043bb8662cfc426544553f6d1a374d0b7552a45706056b22ed4eaaff,c80dcbef5a92bf7cd388ab80ec9a423b-2,"Thu, 08 Sep 2022 18:42:10 GMT"
S3B_OL_2_WFR____20220908T054039_20220908T054339_20220909T192346_0180_070_162_2520_MAR_O_NT_003.SEN3,chl_oc4me.nc,10090982,a560b2ea055f0a98951e67b2ae0cd553f6f8e7a4b0efae857f056b1b49c2bda2,28754d69580db1fcc1dd879dbe661bd9-2,"Fri, 09 Sep 2022 20:38:31 GMT"
S3B_OL_2_WFR____20220908T054039_20220908T054339_20220909T192346_0180_070_162_2520_MAR_O_NT_003.SEN3,geo_coordinates.nc,57946207,d0208987f20a0b272f61127d6b898c53881f9a9ac0c77c3682b088c09a81fab9,e9a84571fc81bbd77245c1318e00396b-7,"Fri, 09 Sep 2022 20:38:31 GMT"
S3B_OL_2_WFR____20220908T054039_20220908T054339_20220909T192346_0180_070_162_2520_MAR_O_NT_003.SEN3,tie_geo_coordinates.nc,1139104,8f1a99e218000a03135c52fecac57b6645d397399a34967177c73becb21dad7d,430bafe06573fe00882ad0d50a1a63a6,"Fri, 09 Sep 2022 20:38:30 GMT"
S3B_OL_2_WFR____20220908T054039_20220908T054339_20220909T192346_0180_070_162_2520_MAR_O_NT_003.SEN3,wqsf.nc,10529038,cf1ea1781d85db559d2f1be6be45adf6dc37264c7d0927375e7b9fe178953a9e,ae47b4f47687685160effdfb064b0cb1-2,"Fri, 09 Sep 2022 20:38:30 GMT"
S3B_OL_2_WFR____20220909T065527_20220909T065827_20220910T163826_0179_070_177_2520_MAR_O_NT_003.SEN3,tie_geo_coordinates.nc,1140876,849031d8e708c6311680e1b30585fb24897a820a20d2d492fbda076b3c14d2d5,9b75488d722473639c9799de4f1554a4,"Sat, 10 Sep 2022 18:49:38 GMT"
S3B_OL_2_WFR____20220910T062916_20220910T063216_20220911T192106_0179_070_191_2520_MAR_O_NT_003.SEN3,chl_oc4me.nc,5442861,69d97674bf03975a6d5c2404c53ecdbd3703516fffa6262c60fc32e2354bb338,13126edcbe8bc55bfc7a499656c48358,"Sun, 11 Sep 2022 21:12:01 GMT"
S3B_OL_2_WFR____20220910T062916_20220910T063216_20220911T192106_0179_070_191_2520_MAR_O_NT_003.SEN3,geo_coordinates.nc,60562517,d6c5b70893f4fb717661b6d7df7a2c458f0f8d938a721b8d4244e09b81c2125c,2106296ed28c9b58cd7f2ced94bd45cb-8,"Sun, 11 Sep 2022 21:12:00 GMT"
S3B_OL_2_WFR____20220910T062916_20220910T063216_20220911T192106_0179_070_191_2520_MAR_O_NT_003.SEN3,tie_geo_coordinates.nc,1138343,4d1fca427da4bf53391ee2671bdec1c42c5efda32957cb8e5b78b2a2db07014a,2802cd35005323a01f2da6b5378ae19b,"Sun, 11 Sep 2022 21:12:00 GMT"
S3B_OL_2_WFR____20220910T062916_20220910T063216_20220911T192106_0179_070_191_2520_MAR_O_NT_003.SEN3,wqsf.nc,5322746,45eecd6dc195284b636d25e34758564e115f2e4f1ffda9a78a328010dee054b5,e172772fc454e07e9b8fb784d5ed8fe0,"Sun, 11 Sep 2022 21:12:00 GMT"
S3B_OL_2_WFR____20220911T060305_20220911T060605_20220912T183412_0179_070_205_2520_MAR_O_NT_003.SEN3,chl_oc4me.nc,6515718,3ce3aab2db59bb92f745d40c45d35a18dd0b8d225da62904cca1cfe82535138d,503bb41da38947ea94cddc709df54fda,"Mon, 12 Sep 2022 21:09:30 GMT"
S3B_OL_2_WFR____20220911T060305_20220911T060605_20220912T183412_0179_070_205_2520_MAR_O_NT_003.SEN3,geo_coordinates.nc,59766897,245e5ec3a499950bffae4a16b296226e9053d2234d0c1c23c91c2bcadf9840b8,ffbbbf7a56f57e0373f73d20c125916f-8,"Mon, 12 Sep 2022 21:09:29 GMT"
S3B_OL_2_WFR____20220911T060305_20220911T060605_20220912T183412_0179_070_205_2520_MAR_O_NT_003.SEN3,tie_geo_coordinates.nc,1132276,0d548726b910fded4ec5304b94839012c574daa9779c1efcc096d054e7f18d7e,435663a89b8ee85317d103c41dc2be00,"Mon, 12 Sep 2022 21:09:28 GMT"
S3B_OL_2_WFR____20220911T060305_20220911T060605_20220912T183412_0179_070_205_2520_MAR_O_NT_003.SEN3,wqsf.nc,8249384,dd36608dab7720711abbf69c012de5e8efa25a60125e218ab37627d5d45d1228,9ee235524dd812ac4ff0b9584357ae79,"Mon, 12 Sep 2022 21:09:29 GMT"
S3B_OL_2_WFR____20220912T053654_20220912T053954_20220913T160430_0179_070_219_2520_MAR_O_NT_003.SEN3,tie_geo_coordinates.nc,1139948,73a977219e4baa0cbf4639bee280e670723cd9e69fb04afd564b857cf71c1547,100eea5959c0f56f5d9c12f36f742371,"Tue, 13 Sep 2022 19:04:44 GMT"
S3B_OL_2_WFR____20220913T065142_20220913T065442_20220914T181624_0179_070_234_2520_MAR_O_NT_003.SEN3,chl_oc4me.nc,3544498,69617a915ddc38052982ee7d6370fd841eb1b821151538277e2449cb460cde13,00fcb9da36b804700a9933cc8228817e,"Wed, 14 Sep 2022 19:11:14 GMT"
S3B_OL_2_WFR____20220913T065142_20220913T065442_20220914T181624_0179_070_234_2520_MAR_O_NT_003.SEN3,geo_coordinates.nc,59780725,29480bed1142cbe55a42be7a669ac0b97eb025c8f117a67306cbd0bb911b675e,76e4eb46a64159c892ce58a94be99ac5-8,"Wed, 14 Sep 2022 19:11:13 GMT"
S3B_OL_2_WFR____20220913T065142_20220913T065442_20220914T181624_0179_070_234_2520_MAR_O_NT_003.SEN3,tie_geo_coordinates.nc,1136973,c0190a2fdd84791f197e95695881302f3370fecf5ca787cbbeae52c33ada475b,f9a6ddc0098bbaa3ee80e69aa75666bb,"Wed, 14 Sep 2022 19:11:13 GMT"
S3B_OL_2_WFR____20220913T065142_20220913T065442_20220914T181624_0179_070_234_2520_MAR_O_NT_003.SEN3,wqsf.nc,4432829,b9ba73323ad3b1e9e50faa2f4ffc3943f4f13ea5a2d2ab3826b1d22a5c64fb6c,9bb66094edcd7b63ba49033f38b4efd8,"Wed, 14 Sep 2022 19:11:13 GMT"
S3B_OL_2_WFR____20220914T062531_20220914T062831_20220915T185054_0179_070_248_2520_MAR_O_NT_003.SEN3,chl_oc4me.nc,5796909,d59f5e581176d0b1815584e6cccdb6930f27fc655309f0ce83bc0951e656e309,96521ad8d8a0676231e7ad465ff3836b,"Thu, 15 Sep 2022 23:31:36 GMT"
S3B_OL_2_WFR____20220914T062531_20220914T062831_20220915T185054_0179_070_248_2520_MAR_O_NT_003.SEN3,geo_coordinates.nc,60626858,2532113096702f9ce5b092815f1a1bc3049e37aa7b6a00437f2fd3f294853975,51d6cb13593d65ca5d5edff2f0c7b700-8,"Thu, 15 Sep 2022 23:31:35 GMT"
S3B_OL_2_WFR____20220914T062531_20220914T062831_20220915T185054_0179_070_248_2520_MAR_O_NT_003.SEN3,tie_geo_coordinates.nc,1134284,93130b99edb43992ab0f4a7ce79c650f2932df2defd9301becfcc4c2125b56c4,2c9faf4b8c1d7affc4b402eded7dc44e,"Thu, 15 Sep 2022 23:31:35 GMT"
S3B_OL_2_WFR____20220914T062531_20220914T062831_20220915T185054_0179_070_248_2520_MAR_O_NT_003.SEN3,wqsf.nc,5259984,d15403f66156c24fdfa81ecdea5abda53054b6fa331b4d0b89d951e0bf6ded53,6bcc9a270135b146f2318e82fb6882cc,"Thu, 15 Sep 2022 23:31:35 GMT"
S3B_OL_2_WFR____20220915T055920_20220915T060220_20220916T180541_0179_070_262_2520_MAR_O_NT_003.SEN3,chl_oc4me.nc,6945621,4b22093534fe42cb4efeeab4765d541d52455001e06d36d4a1568f04fad42b98,f5689914f8bbeb241e16a51641aec3bc,"Fri, 16 Sep 2022 19:51:11 GMT"
S3B_OL_2_WFR____20220915T055920_20220915T060220_20220916T180541_0179_070_262_2520_MAR_O_NT_003.SEN3,geo_coordinates.nc,59495253,f9fb75691acdb7c596195d33b44941ab68362cf73fbae93bf1f91be9c7886035,dc5b5eb60eae5b98a3b5a6e2417e8536-8,"Fri, 16 Sep 2022 19:51:10 GMT"
S3B_OL_2_WFR____20220915T055920_20220915T060220_20220916T180541_0179_070_262_2520_MAR_O_NT_003.SEN3,tie_geo_coordinates.nc,1136630,8da4bc756dc232d42c4cdbc307a2ee5fe4a8d5461764beb5b936a7876f2d5845,bb1f1a1dadd7f43846ebaaf531986f73,"Fri, 16 Sep 2022 19:51:09 GMT"
S3B_OL_2_WFR____20220915T055920_20220915T060220_20220916T180541_0179_070_262_2520_MAR_O_NT_003.SEN3,wqsf.nc,9802361,1f29ea63fdde7da706eb37bde903a977743add1e15dfe7eee0dc554ae507c13c,43e2a65adf9e9ef8a02bcd22fb520882-2,"Fri, 16 Sep 2022 19:51:09 GMT"
S3B_OL_2_WFR____20220917T064757_20220917T065057_20220918T191729_0179_070_291_2520_MAR_O_NT_003.SEN3,chl_oc4me.nc,3747865,c2de7e46e013b6771c40c25d9bb1fcd3ff17cc13b3a72c11bcb691410a84045f,55f18cc5947f1fa97216c898af32f7b8,"Sun, 18 Sep 2022 21:28:13 GMT"
S3B_OL_2_WFR____20220917T064757_20220917T065057_20220918T191729_0179_070_291_2520_MAR_O_NT_003.SEN3,geo_coordinates.nc,59938649,adfec0dfc926693f7ed649f7effd95038cb83c112f95ccf41fc2fd41131c730f,91f0921325e9070a0922fc75fd15ee17-8,"Sun, 18 Sep 2022 21:28:12 GMT"
S3B_OL_2_WFR____20220917T064757_20220917T065057_20220918T191729_0179_070_291_2520_MAR_O_NT_003.SEN3,tie_geo_coordinates.nc,1138791,afdaf0b18f6b14183a4b340bca1728b39779fb56f46116bc5b72f26cada9a8cc,244e872ae562db6a3ce408b81346460e,"Sun, 18 Sep 2022 21:28:11 GMT"
S3B_OL_2_WFR____20220917T064757_20220917T065057_20220918T191729_0179_070_291_2520_MAR_O_NT_003.SEN3,wqsf.nc,4540680,657e73afaf8b3422b894924416904651a4ef92cf5dbd41e61c39ab828bac0f98,79a3df4247ddd10955524987b3504eeb,"Sun, 18 Sep 2022 21:28:12 GMT"
S3B_OL_2_WFR____20220918T062145_20220918T062445_20220919T190837_0179_070_305_2520_MAR_O_NT_003.SEN3,chl_oc4me.nc,5894426,6c5f6ba99b1465532d51b8249823b5fb36b93d39459ce26516245979d229e998,ca6e82f107f24062acb8a1a4c1231fce,"Mon, 19 Sep 2022 20:55:05 GMT"
S3B_OL_2_WFR____20220918T062145_20220918T062445_20220919T190837_0179_070_305_2520_MAR_O_NT_003.SEN3,geo_coordinates.nc,60598838,6b31cf367550c8c32fe4c28b7bde3ec6b2b3f3e125d4e2ba210a5f26bcb0dd2e,4f28f614e23aa96d8e8db52f298277c9-8,"Mon, 19 Sep 2022 20:55:04 GMT"
S3B_OL_2_WFR____20220918T062145_20220918T062445_20220919T190837_0179_070_305_2520_MAR_O_NT_003.SEN3,tie_geo_coordinates.nc,1138264,5ec93cc8161b2490d7ade50e1538caed3aa199e93c39f6174a44c9216c254521,fa7315579b2c279ed930db61c64115e4,"Mon, 19 Sep 2022 20:55:03 GMT"
S3B_OL_2_WFR____20220918T062145_20220918T062445_20220919T190837_0179_070_305_2520_MAR_O_NT_003.SEN3,wqsf.nc,6653387,852bb2d09380be6816e2d85778a17eed5bb19d9f80e12aeb53dc324ce58a5a5a,c6ddb21b52929d1390ce8e410a949bcb,"Mon, 19 Sep 2022 20:55:04 GMT"
S3B_OL_2_WFR____20220919T055534_20220919T055834_20220920T171643_0179_070_319_2520_MAR_O_NT_003.SEN3,chl_oc4me.nc,7415622,09107a1aba531a23fa89f33e5374aad2befea91a77f463ff42b566377d6ffdc3,1d65cb0593ed8e25d4c00e7f1829481d,"Tue, 20 Sep 2022 18:11:45 GMT"
S3B_OL_2_WFR____20220919T055534_20220919T055834_20220920T171643_0179_070_319_2520_MAR_O_NT_003.SEN3,geo_coordinates.nc,59238746,881474df784dd956a252a3cd08a201689d1757f530289de8e3a21e454d0ff4b2,d69d9ed4387429f646e26c55223bf1af-8,"Tue, 20 Sep 2022 18:11:44 GMT"
S3B_OL_2_WFR____20220919T055534_20220919T055834_20220920T171643_0179_070_319_2520_MAR_O_NT_003.SEN3,tie_geo_coordinates.nc,1138599,39bb5451ca762d422b962122b200c6c7dcd7882c649dfa75ec45cd61ce84c235,a0f8dd1d89b29af119fadfb13f288dab,"Tue, 20 Sep 2022 18:11:44 GMT"
S3B_OL_2_WFR____20220919T055534_20220919T055834_20220920T171643_0179_070_319_2520_MAR_O_NT_003.SEN3,wqsf.nc,9548164,6eaaa4d0cbf16d1f6a997d74e74cda2b8480d82e583508592bcea0811bd9e92b,ef2661e09b82066328331fd88e9faac2-2,"Tue, 20 Sep 2022 18:11:44 GMT"
S3B_OL_2_WFR____20220921T064411_20220921T064711_20220922T164417_0179_070_348_2520_MAR_O_NT_003.SEN3,chl_oc4me.nc,4539517,3f52bae5df714dbb4b55bd3f5bcef955a054b1d6c34c14387046d7e6e38a52aa,f0bb97b9caeb2320da7cd26e94453205,"Thu, 22 Sep 2022 17:49:37 GMT"
S3B_OL_2_WFR____20220921T064411_20220921T064711_20220922T164417_0179_070_348_2520_MAR_O_NT_003.SEN3,geo_coordinates.nc,60083377,7b8ecb59ca5c431453ab245fcc0b4bf393f98a46fc9763b94afa6a696d548c93,c815edec1ef9f125d9c1f64ef9e3dc4d-8,"Thu, 22 Sep 2022 17:49:36 GMT"
S3B_OL_2_WFR____20220921T064411_20220921T064711_20220922T164417_0179_070_348_2520_MAR_O_NT_003.SEN3,tie_geo_coordinates.nc,1136690,ee88f31a4352d94147f9a66126b2e2e05d5214b84264311b1128b2e0a186338b,521936e9b1dc15176100f860bf09f7e2,"Thu, 22 Sep 2022 17:49:35 GMT"
S3B_OL_2_WFR____20220921T064411_20220921T064711_20220922T164417_0179_070_348_2520_MAR_O_NT_003.SEN3,wqsf.nc,5083991,e4e47639798e5e1777ca90c57c80362593ba2f8c29dea58ae1b7364738186475,7325ee86cfab367e4927f5b47ade7958,"Thu, 22 Sep 2022 17:49:36 GMT"
S3B_OL_2_WFR____20220922T061800_20220922T062100_20220923T192908_0179_070_362_2520_MAR_O_NT_003.SEN3,chl_oc4me.nc,6917330,644e6d47fd4b524a9c1e4f8b60b881238dd481192197031d80dbaad5ceee8415,85057579270f8f02a68c1de33be0ecbf,"Fri, 23 Sep 2022 21:23:06 GMT"
S3B_OL_2_WFR____20220922T061800_20220922T062100_20220923T192908_0179_070_362_2520_MAR_O_NT_003.SEN3,geo_coordinates.nc,60461524,c16e52f9ca8c009a67ede0da41e7c4ec8c4d120d59b8a27f274d400ee1a34196,c42e3bf06c8d3b7897d095ee07664fd1-8,"Fri, 23 Sep 2022 21:23:05 GMT"
S3B_OL_2_WFR____20220922T061800_20220922T062100_20220923T192908_0179_070_362_2520_MAR_O_NT_003.SEN3,tie_geo_coordinates.nc,1137794,4d0b4a27ae20dd059dccc742a826bc95ca16be53ce9985ecb752c68de849cd9f,d70e3bc2c06628afd0dc1b511056e4f3,"Fri, 23 Sep 2022 21:23:04 GMT"
S3B_OL_2_WFR____20220922T061800_20220922T062100_20220923T192908_0179_070_362_2520_MAR_O_NT_003.SEN3,wqsf.nc,7947922,ad4075420977c7013deab30cd9f5b9504a50ce6a576c893703db5353545d238b,6d12e51bdadb3f8b009a62ad191cd461,"Fri, 23 Sep 2022 21:23:05 GMT"
S3B_OL_2_WFR____20220923T055149_20220923T055449_20220924T185000_0179_070_376_2520_MAR_O_NT_003.SEN3,chl_oc4me.nc,9298947,d722332ffffe7f76c11d1f6cf9a4ab620c83d57219f66725ab790445900fa5f7,2a7b8cf6ef9db2d7d4203e8485e15f0f-2,"Sat, 24 Sep 2022 19:40:41 GMT"
S3B_OL_2_WFR____20220923T055149_20220923T055449_20220924T185000_0179_070_376_2520_MAR_O_NT_003.SEN3,geo_coordinates.nc,58796426,7e79ca376c77469dca92943ad418745a1708fcf67f8e84782eae75220708f805,2eba80708920bf79edb3d25f15f0cdfe-8,"Sat, 24 Sep 2022 19:40:41 GMT"
S3B_OL_2_WFR____20220923T055149_20220923T055449_20220924T185000_0179_070_376_2520_MAR_O_NT_003.SEN3,tie_geo_coordinates.nc,1134493,da3a24bb8dd0a59a12a41ca5ffb163267fd72339867c9eaa59ec99708bfffb24,a22df6d0b49d2bbeabdac0f10edda392,"Sat, 24 Sep 2022 19:40:40 GMT"
S3B_OL_2_WFR____20220923T055149_20220923T055449_20220924T185000_0179_070_376_2520_MAR_O_NT_003.SEN3,wqsf.nc,11435331,6d91d720843381afa924ec45d00fe16be5d37f967e06915f27b4c45c0d948cfd,4207081ea239a7819887c1e8c9aa44a2-2,"Sat, 24 Sep 2022 19:40:41 GMT"
S3B_OL_2_WFR____20220925T064027_20220925T064327_20220926T184116_0180_071_020_2520_MAR_O_NT_003.SEN3,chl_oc4me.nc,4721870,538e822ab2cff9232f86cc0ad4597a99dbec7fb9d981c4634f4b0f2fa5c1c486,9b31f36a2831979bdd83ebd2712c274a,"Mon, 26 Sep 2022 19:49:56 GMT"
S3B_OL_2_WFR____20220925T064027_20220925T064327_20220926T184116_0180_071_020_2520_MAR_O_NT_003.SEN3,geo_coordinates.nc,60242790,955d3483e716dc110f17ff7a99eba134505d80dc539df59177ec9c936c57d17f,5c7140729dffdd0136a1e58c0aac2b14-8,"Mon, 26 Sep 2022 19:49:55 GMT"
S3B_OL_2_WFR____20220925T064027_20220925T064327_20220926T184116_0180_071_020_2520_MAR_O_NT_003.SEN3,tie_geo_coordinates.nc,1136055,9148db152b36b706848748680e436fe40d46eb6dfb771fa0566fb83f90668afa,95cc5b74f6384a3746b06403fa198a09,"Mon, 26 Sep 2022 19:49:54 GMT"
S3B_OL_2_WFR____20220925T064027_20220925T064327_20220926T184116_0180_071_020_2520_MAR_O_NT_003.SEN3,wqsf.nc,5457554,0cfbf3936026997d1b932df8235e245bc997f3dacf284b3150653c1342c36fa7,2df4249f3e0597579fb3e69701848912,"Mon, 26 Sep 2022 19:49:54 GMT"
S3B_OL_2_WFR____20220926T061416_20220926T061716_20220927T203252_0179_071_034_2520_MAR_O_NT_003.SEN3,chl_oc4me.nc,6854608,4f425ded03b4508da6581644922bd0f28fcb37357942c4e8b0e5e1c4195f84c4,ba872be13818d79877e9a676ff6f8a12,"Tue, 27 Sep 2022 21:11:27 GMT"
S3B_OL_2_WFR____20220926T061416_20220926T061716_20220927T203252_0179_071_034_2520_MAR_O_NT_003.SEN3,geo_coordinates.nc,60260071,d274ef47abf956610fbb673d7347e207e1ff0e747a7f5025ac1ac3be5c7763ca,04d4a524e08605e169795030508fbd89-8,"Tue, 27 Sep 2022 21:11:27 GMT"
S3B_OL_2_WFR____20220926T061416_20220926T061716_20220927T203252_0179_071_034_2520_MAR_O_NT_003.SEN3,tie_geo_coordinates.nc,1136157,337e177fff7a297977793aa2d7920c0703b5b852b03ce6b716feb0f14fd895d7,9be7f7e7f48e0475e75f3cf348730126,"Tue, 27 Sep 2022 21:11:26 GMT"
S3B_OL_2_WFR____20220926T061416_20220926T061716_20220927T203252_0179_071_034_2520_MAR_O_NT_003.SEN3,wqsf.nc,9220311,be0d1a07e071a64dd5de26cd11acd7caf52abb99bf9ab54272d57558602b022f,ebf196cacf621a8d84132125d780ed9b-2,"Tue, 27 Sep 2022 21:11:26 GMT"
S3B_OL_2_WFR____20220927T054805_20220927T055105_20220928T182322_0180_071_048_2520_MAR_O_NT_003.SEN3,chl_oc4me.nc,10733438,dd25b65826790833bb4ea19fe2b7afb6058fac8f277035dc6b3af966fd3a1ac3,771736adc4c5f2b5ed995a9825a7520d-2,"Wed, 28 Sep 2022 22:13:18 GMT"
S3B_OL_2_WFR____20220927T054805_20220927T055105_20220928T182322_0180_071_048_2520_MAR_O_NT_003.SEN3,geo_coordinates.nc,58395674,e3f344a1629268708845f65f35a9aa20547336e39195be01b81ea8019224eaf5,8ee5e481318f6888aa83559f32d95790-7,"Wed, 28 Sep 2022 22:13:18 GMT"
S3B_OL_2_WFR____20220927T054805_20220927T055105_20220928T182322_0180_071_048_2520_MAR_O_NT_003.SEN3,tie_geo_coordinates.nc,1139184,7636e52bd8f3cbdd6804ed417ad4dd1c65215ede55f69ada1c21a1f39d780225,086eb94b3788c9793774d40157a4655c,"Wed, 28 Sep 2022 22:13:17 GMT"
S3B_OL_2_WFR____20220927T054805_20220927T055105_20220928T182322_0180_071_048_2520_MAR_O_NT_003.SEN3,wqsf.nc,11966038,187efd79a2bfcd54675b625d6969f686da81ecafcde40d7eb0f0b58d1ca3826b,c09af224ca29744dcbd31fb4d33712f7-2,"Wed, 28 Sep 2022 22:13:18 GMT"
S3B_OL_2_WFR____20220929T063642_20220929T063942_20220930T193612_0179_071_077_2520_MAR_O_NT_003.SEN3,chl_oc4me.nc,4882758,bd45e6a90f9366d65b76e63284fb08ceed29c8e5302fb3feab8301ab832a3bc5,773c4b1205ec277be78e71b94ab850e9,"Fri, 30 Sep 2022 20:26:36 GMT"
S3B_OL_2_WFR____20220929T063642_20220929T063942_20220930T193612_0179_071_077_2520_MAR_O_NT_003.SEN3,geo_coordinates.nc,60401612,9beb72fe105673845e55610d2cfb856098d350d4135020fa615e43efa2a6b98e,b92f5d4b4968e0f6dff655491c5ca2ca-8,"Fri, 30 Sep 2022 20:26:36 GMT"
S3B_OL_2_WFR____20220929T063642_20220929T063942_20220930T193612_0179_071_077_2520_MAR_O_NT_003.SEN3,tie_geo_coordinates.nc,1132097,fe32307f1a8577eac250c15be77bfa7646421f1632e76508a0f216e3344f2e02,6b6976d430a6eef7b3b659ecc84ee5db,"Fri, 30 Sep 2022 20:26:35 GMT"
S3B_OL_2_WFR____20220929T063642_20220929T063942_20220930T193612_0179_071_077_2520_MAR_O_NT_003.SEN3,wqsf.nc,5537029,fbb49fe7ac60d0ee909232fd4dc43656c5d9eff48c404c09c832065486dc42da,934890bae5bb878544074068098feb9d,"Fri, 30 Sep 2022 20:26:35 GMT"
S3B_OL_2_WFR____20220930T061031_20220930T061331_20221001T185823_0179_071_091_2520_MAR_O_NT_003.SEN3,chl_oc4me.nc,8446011,baabaede8da18fcd120eba8055f7ffaa4c7c89d14aa2c1365aa47767e9dd1e55,38b2841418935d706b9db8b245648dc5-2,"Sat, 01 Oct 2022 20:23:13 GMT"
S3B_OL_2_WFR____20220930T061031_20220930T061331_20221001T185823_0179_071_091_2520_MAR_O_NT_003.SEN3,geo_coordinates.nc,60016781,a812df1819e9ebb6c4bea9c51f0720cde4b5efcf16ee591ac5b5f9f2f37174eb,e92979fbc9b376fea7577ce710c14ac7-8,"Sat, 01 Oct 2022 20:23:12 GMT"
S3B_OL_2_WFR____20220930T061031_20220930T061331_20221001T185823_0179_071_091_2520_MAR_O_NT_003.SEN3,tie_geo_coordinates.nc,1135190,9c6e916a7d0926e2008ebc2979d2c0ae1ce724ab75392a9e7983d33629d55083,8da535725d95dc56cd034f3444559924,"Sat, 01 Oct 2022 20:23:12 GMT"
S3B_OL_2_WFR____20220930T061031_20220930T061331_20221001T185823_0179_071_091_2520_MAR_O_NT_003.SEN3,wqsf.nc,8986167,fe4582b054517151ddf5d7fedd0c8f65a618810ebf4b4a04a2d6a713a78efa1a,cabfad605997bf2d57f05d141b472bcf-2,"Sat, 01 Oct 2022 20:23:12 GMT"
S3B_OL_2_WFR____20221001T054420_20221001T054720_20221002T154344_0179_071_105_2520_MAR_O_NT_003.SEN3,chl_oc4me.nc,10338335,ead646b45d25e3855dc9e8c25699d81a285995989d8f39a45227907ff081a733,90fc958083e54d0388573638293943e0-2,"Sun, 02 Oct 2022 17:23:09 GMT"
S3B_OL_2_WFR____20221001T054420_20221001T054720_20221002T154344_0179_071_105_2520_MAR_O_NT_003.SEN3,geo_coordinates.nc,58149927,8381119b13950108e75930818cea596b6bbba37e6a9821a608da951d92a9a5ef,deeb7374ec6ae3bf03c65a81790fb641-7,"Sun, 02 Oct 2022 17:23:08 GMT"
S3B_OL_2_WFR____20221001T054420_20221001T054720_20221002T154344_0179_071_105_2520_MAR_O_NT_003.SEN3,tie_geo_coordinates.nc,1138130,3d6e5d23f6dae9413166890c15f9010c503469c15833185f557fa49105a87795,10c27eabf1c699c82d8a850ffa53317f,"Sun, 02 Oct 2022 17:23:07 GMT"
S3B_OL_2_WFR____20221001T054420_20221001T054720_20221002T154344_0179_071_105_2520_MAR_O_NT_003.SEN3,wqsf.nc,11280885,0aaa7565d728ea5c865d232b4bfae70c72a5a9d322769894ad4e8dc23bfef524,f737c61237af232010bd635cfe4ad67f-2,"Sun, 02 Oct 2022 17:23:07 GMT"
S3B_OL_2_WFR____20221002T065908_20221002T070208_20221003T183719_0179_071_120_2520_MAR_O_NT_003.SEN3,tie_geo_coordinates.nc,1136591,f357906af4d52f947625ba736930c7d46d344916b5e342517c0c22279284d699,240c01511f65c0ab7da4f8ed93837eb7,"Mon, 03 Oct 2022 19:41:25 GMT"
S3B_OL_2_WFR____20221003T063257_20221003T063557_20221004T190151_0180_071_134_2520_MAR_O_NT_003.SEN3,chl_oc4me.nc,5362565,062da40fe00649e78f9565d27a690278809b6357b856b51f1d0472fb1815df15,ae6297af03aca7b963b5a9b32b824a1c,"Wed, 05 Oct 2022 12:15:43 GMT"
S3B_OL_2_WFR____20221003T063257_20221003T063557_20221004T190151_0180_071_134_2520_MAR_O_NT_003.SEN3,geo_coordinates.nc,60556279,fd0b4bfea0caacbc02f2f21a198369dca8d8c55cdd8911c3439e1b237de8e18b,61e1fc2dbfc01de82e8923c9eb672f26-8,"Wed, 05 Oct 2022 12:15:42 GMT"
S3B_OL_2_WFR____20221003T063257_20221003T063557_20221004T190151_0180_071_134_2520_MAR_O_NT_003.SEN3,tie_geo_coordinates.nc,1141098,fcb4e8199ea5e495a5f4888d20dab235644ddd58d0ac983a6539fb2f12f48e4a,848a3f1015c08780233f315d34fc65f1,"Wed, 05 Oct 2022 12:15:39 GMT"
S3B_OL_2_WFR____20221003T063257_20221003T063557_20221004T190151_0180_071_134_2520_MAR_O_NT_003.SEN3,wqsf.nc,6509414,effacdee608606f35dbb911c149ad28a5df2ffb6e75a91b4a8f18b0460ecc5a7,52e8918ffbee7f0a91369f532b2ff0f3,"Wed, 05 Oct 2022 12:15:41 GMT"
S3B_OL_2_WFR____20221004T060646_20221004T060946_20221005T170942_0179_071_148_2520_MAR_O_NT_003.SEN3,chl_oc4me.nc,9339471,ef00d04d2c8a5ec0f69e92de95de2c9d4312d823ec42f52b40eba0c315586d15,9a86e8d6569875694f04575ce517f04b-2,"Wed, 05 Oct 2022 17:40:41 GMT"
S3B_OL_2_WFR____20221004T060646_20221004T060946_20221005T170942_0179_071_148_2520_MAR_O_NT_003.SEN3,geo_coordinates.nc,59896549,3fcf302fb7be5836105b0e4c1e1850ed6ccbac73a669c92a27ce7112fd5ce14a,004dd31f9ec72c565b53610d7dd84384-8,"Wed, 05 Oct 2022 17:40:41 GMT"
S3B_OL_2_WFR____20221004T060646_20221004T060946_20221005T170942_0179_071_148_2520_MAR_O_NT_003.SEN3,tie_geo_coordinates.nc,1133446,1e74e4f49e6a6bbf3cae2862512df41185c22883f06e0640c529b107ac1107b3,a70b467b4ccc28f4cbcc8493b460d259,"Wed, 05 Oct 2022 17:40:40 GMT"
S3B_OL_2_WFR____20221004T060646_20221004T060946_20221005T170942_0179_071_148_2520_MAR_O_NT_003.SEN3,wqsf.nc,9079181,b41c6c9f392a6b0b3be7f8afb6a150dac5f9930d7d2cfd5a88db1a1268f49c30,62f2f332e7c71b94dfd858bd0c107e62-2,"Wed, 05 Oct 2022 17:40:40 GMT"
S3B_OL_2_WFR____20221005T054035_20221005T054335_20221006T175903_0179_071_162_2520_MAR_O_NT_003.SEN3,chl_oc4me.nc,9995617,f7d6fb0511b4a39b6cac1a2062ac0652e823d39949296e2c8f216f3b44ea8987,0823711698e48c35f802a4cc35695772-2,"Thu, 06 Oct 2022 19:58:36 GMT"
S3B_OL_2_WFR____20221005T054035_20221005T054335_20221006T175903_0179_071_162_2520_MAR_O_NT_003.SEN3,geo_coordinates.nc,57956178,49626bdd856fafb3ce5600c5701dcb7ff9ce0ae43e467864c94ec6c62d4bca4d,e8406e4f4592cf309cee648eebc5687a-7,"Thu, 06 Oct 2022 19:58:36 GMT"
S3B_OL_2_WFR____20221005T054035_20221005T054335_20221006T175903_0179_071_162_2520_MAR_O_NT_003.SEN3,tie_geo_coordinates.nc,1136021,f3a71a813cc88403309d2ddf1cb727a8ee75bfcefa6b727428b4cd32174592cd,0360fafb9fa49cf1d38d72907fb3aafd,"Thu, 06 Oct 2022 19:58:35 GMT"
S3B_OL_2_WFR____20221005T054035_20221005T054335_20221006T175903_0179_071_162_2520_MAR_O_NT_003.SEN3,wqsf.nc,10504781,ac9d9156943a9b0816226e8521bc63f0c3b905e51be760d3ca7b2b4ba064395e,95ac3490ed3c54de29eebbc74af65220-2,"Thu, 06 Oct 2022 19:58:35 GMT"
S3B_OL_2_WFR____20221006T065523_20221006T065823_20221007T192420_0179_071_177_2520_MAR_O_NT_003.SEN3,tie_geo_coordinates.nc,1140271,f31d2cbbcaa785b9a163fa68c2bc122191d894fbab4360a94a8e73ecd5be9a33,fa2f8b0ecec7ad4ae6b9fa66154a1821,"Fri, 07 Oct 2022 21:08:06 GMT"
S3B_OL_2_WFR____20221007T062912_20221007T063212_20221008T184129_0180_071_191_2520_MAR_O_NT_003.SEN3,chl_oc4me.nc,5734760,523d607d4fd3e2c1873b4b360ee75b9698476933c055edb69778249a9d3ceb21,635e9a25c5e4409730517700ab8f6102,"Sat, 08 Oct 2022 20:25:10 GMT"
S3B_OL_2_WFR____20221007T062912_20221007T063212_20221008T184129_0180_071_191_2520_MAR_O_NT_003.SEN3,geo_coordinates.nc,60574756,3cc64218e78f4a3515e116e3704ef09220dcfef2cddec62485af74d1c7e0feba,877a367ee773f276d1e81e5e69eb9801-8,"Sat, 08 Oct 2022 20:25:10 GMT"
S3B_OL_2_WFR____20221007T062912_20221007T063212_20221008T184129_0180_071_191_2520_MAR_O_NT_003.SEN3,tie_geo_coordinates.nc,1135946,0646e1812600526a8f132b25249ccee9f0656a340a0da52aaaf2454c7efce959,b3f69ba1d56b0d07154b1bb624935ff7,"Sat, 08 Oct 2022 20:25:09 GMT"
S3B_OL_2_WFR____20221007T062912_20221007T063212_20221008T184129_0180_071_191_2520_MAR_O_NT_003.SEN3,wqsf.nc,5736250,a092ec03654009259d696a30b9490cecea1320c0d30b0a3ee5424d6cebc3a303,5eb9d09cbbffefeae61cdee2aa1b2185,"Sat, 08 Oct 2022 20:25:09 GMT"
S3B_OL_2_WFR____20221008T060301_20221008T060601_20221009T162412_0179_071_205_2520_MAR_O_NT_003.SEN3,chl_oc4me.nc,9586655,26e76dbe4c15e68fd81ce4b5dbe25c185d3ba0bd144ed9668d0ac1193e200293,a54f7c8ea26087c60d4594bf1287e6ee-2,"Sun, 09 Oct 2022 17:32:00 GMT"
S3B_OL_2_WFR____20221008T060301_20221008T060601_20221009T162412_0179_071_205_2520_MAR_O_NT_003.SEN3,geo_coordinates.nc,59768263,a73b58cd938b7ea0d6ae5740f36faaa851ba493d0b63d7c3c04c08aa128c2a41,8b718e2ffd3fc3cae1a6623e86c3edda-8,"Sun, 09 Oct 2022 17:32:00 GMT"
S3B_OL_2_WFR____20221008T060301_20221008T060601_20221009T162412_0179_071_205_2520_MAR_O_NT_003.SEN3,tie_geo_coordinates.nc,1135449,5d7d2f0151c9545a5ee49f317cee0421d355b5e06a9f4237d1ed0962d5091e65,d53043553dc97260efff36f95210c54a,"Sun, 09 Oct 2022 17:31:59 GMT"
S3B_OL_2_WFR____20221008T060301_20221008T060601_20221009T162412_0179_071_205_2520_MAR_O_NT_003.SEN3,wqsf.nc,9453580,8520403bc5572e9082802178e8c2cb0e9007a9e35bebc61aa2ed4f323e2afc05,836ee9189a16bf9ffe7ee2800afc3460-2,"Sun, 09 Oct 2022 17:31:59 GMT"
S3B_OL_2_WFR____20221010T065139_20221010T065439_20221011T182858_0179_071_234_2520_MAR_O_NT_003.SEN3,chl_oc4me.nc,3809071,5cf643d16451b5bcb3584735b48dfd9c38666bccfe95108b079034f9a2a974a3,1763461526003e498923943022d59f83,"Thu, 20 Oct 2022 19:03:22 GMT"
S3B_OL_2_WFR____20221010T065139_20221010T065439_20221011T182858_0179_071_234_2520_MAR_O_NT_003.SEN3,geo_coordinates.nc,59760926,a216dfb9bc955176b17e5f54e91b6b2cd64f02e02a5aa896674ec9abc0d3ec04,de42b6346115968080073c35bf8a9da4-8,"Thu, 20 Oct 2022 19:03:20 GMT"
S3B_OL_2_WFR____20221010T065139_20221010T065439_20221011T182858_0179_071_234_2520_MAR_O_NT_003.SEN3,tie_geo_coordinates.nc,1134818,108625641b6e95b99dbec692e8219ac26bde55cf2a99a502f1ad753808686f24,5d58d5d7c7501b39e9b1dda6aa3addb8,"Thu, 20 Oct 2022 19:03:23 GMT"
S3B_OL_2_WFR____20221010T065139_20221010T065439_20221011T182858_0179_071_234_2520_MAR_O_NT_003.SEN3,wqsf.nc,4129642,966c05354cce4892d1dfe2a2f128374778e04515d46ac20d24787b68b455b727,fa2927e7d3ddfe647797dc974d2c1bdf,"Thu, 20 Oct 2022 19:03:22 GMT"
S3B_OL_2_WFR____20221011T062528_20221011T062828_20221012T181927_0179_071_248_2520_MAR_O_NT_003.SEN3,chl_oc4me.nc,6430195,98242dab30b24b82d302f8eb1c9409f3cc3d1cf5366bad8e2d6cc5ecf564863d,08b626319385539072ff4e3a89a765cb,"Sun, 30 Oct 2022 16:19:29 GMT"
S3B_OL_2_WFR____20221011T062528_20221011T062828_20221012T181927_0179_071_248_2520_MAR_O_NT_003.SEN3,geo_coordinates.nc,60628154,4569874cd627c4293a2a14b4a6adcf4b2faa178a7b778d32809f36837de4eaea,7ec2b42528ef5b711ea9ae22d95bb8d0-8,"Sun, 30 Oct 2022 16:19:26 GMT"
S3B_OL_2_WFR____20221011T062528_20221011T062828_20221012T181927_0179_071_248_2520_MAR_O_NT_003.SEN3,tie_geo_coordinates.nc,1134749,28152529af6347185a2d4b04a61cc8d0106b31ff8948d82d7724f555219970b8,4cea4c646fa93854fcebedc3b81af5d9,"Sun, 30 Oct 2022 16:19:29 GMT"
S3B_OL_2_WFR____20221011T062528_20221011T062828_20221012T181927_0179_071_248_2520_MAR_O_NT_003.SEN3,wqsf.nc,5532790,ba67f65473388ad433f64527ddea0138eb226062718c8918ab5ff9b3616c0b50,d46ff1f6e52d877431c1d14035651986,"Sun, 30 Oct 2022 16:19:28 GMT"
S3B_OL_2_WFR____20221012T055917_20221012T060217_20221013T151913_0179_071_262_2520_MAR_O_NT_003.SEN3,chl_oc4me.nc,9745597,fc81761e2c5dea88ddddb1beb01794691e2aff2cf1a49ee4128501fa79d23ea4,9faa0e57a2f257435d078492ae41ae54-2,"Mon, 31 Oct 2022 06:44:55 GMT"
S3B_OL_2_WFR____20221012T055917_20221012T060217_20221013T151913_0179_071_262_2520_MAR_O_NT_003.SEN3,geo_coordinates.nc,59516125,29470d8c4664f9da151a50edf8db83aa4c20e3c9754a160bd758b2ad62c0e3cf,a31e09aaf1d2727ce421a442f305e355-8,"Mon, 31 Oct 2022 06:44:55 GMT"
S3B_OL_2_WFR____20221012T055917_20221012T060217_20221013T151913_0179_071_262_2520_MAR_O_NT_003.SEN3,tie_geo_coordinates.nc,1135739,cdbcfe1c71327f57d5959b3a5aa6c94e2c0ee828886242b4ba76b5331aeccebf,1044fd07215c55493e1f427bb7715f25,"Mon, 31 Oct 2022 06:44:52 GMT"
S3B_OL_2_WFR____20221012T055917_20221012T060217_20221013T151913_0179_071_262_2520_MAR_O_NT_003.SEN3,wqsf.nc,7166521,78d04e9441fb693f70bdeb1826223166017cc99cf6cac7b2d4256c6eafbf4b31,e45d49de23c56d1dd171502af5d5c924,"Mon, 31 Oct 2022 06:44:55 GMT"
S3B_OL_2_WFR____20221014T064755_20221014T065055_20221015T183502_0179_071_291_2520_MAR_O_NT_003.SEN3,chl_oc4me.nc,4309464,8a785a82a9f25968ef2bb2a008b4c5d4ae837dadb93602bd88030d3268dc2203,7c5a7297f1653d086d7d9aa4b5b22290,"Mon, 07 Nov 2022 16:42:10 GMT"
S3B_OL_2_WFR____20221014T064755_20221014T065055_20221015T183502_0179_071_291_2520_MAR_O_NT_003.SEN3,geo_coordinates.nc,59904131,906263342edd61464023d4b11d174a08a63bf0a1c6c2ee9193e064d6a1bcf4ab,8de864c6582d0ed46b0844d65e6452af-8,"Mon, 07 Nov 2022 16:42:09 GMT"
S3B_OL_2_WFR____20221014T064755_20221014T065055_20221015T183502_0179_071_291_2520_MAR_O_NT_003.SEN3,tie_geo_coordinates.nc,1137556,b5a51a55ea2a9d502c2d88b0e0e829126ae01235af5e072b5efc6d8e2c19ce53,03b4a638a055cff84eeda06b336ae168,"Mon, 07 Nov 2022 16:42:11 GMT"
S3B_OL_2_WFR____20221014T064755_20221014T065055_20221015T183502_0179_071_291_2520_MAR_O_NT_003.SEN3,wqsf.nc,4482500,e5e7c09a6ff85c68b85b20c4598b0ad0940c10226f6c85f9b2b61a0a3ba3e1f7,c76a15c62ba6d2dc9c34c1faaaf9ba06,"Mon, 07 Nov 2022 16:42:11 GMT"
