granule,file,size,sha256,etag,last_modified
S3A_OL_2_WFR____20200101T065318_20200101T065618_20200105T160028_0179_053_177_2520_MAR_O_NT_002.SEN3,chl_oc4me.nc,2970491,c552de51a65257abf90ad67c4a1b4559cca70f9b8750ba01c3525f4d885c9feb,a749f803789059cfaa602be34a0cd2e1,"Mon, 22 Mar 2021 23:21:14 GMT"
S3A_OL_2_WFR____20200101T065318_20200101T065618_20200105T160028_0179_053_177_2520_MAR_O_NT_002.SEN3,geo_coordinates.nc,59160411,e97f7b1ac025c1ba07ccfff4627e85db315294b4bde2c628c76f9c65dd430436,7f944dccd237eb09b7651bc63b84b962-8,"Mon, 22 Mar 2021 23:21:14 GMT"
S3A_OL_2_WFR____20200101T065318_20200101T065618_20200105T160028_0179_053_177_2520_MAR_O_NT_002.SEN3,tie_geo_coordinates.nc,1140701,c1ec0f3076f094810b9c2e02ca2c6b77c219c637640bd13a5c92a5af61072995,e01e1418d2befaacc1d56bf6a9749288,"Mon, 22 Mar 2021 23:21:14 GMT"
S3A_OL_2_WFR____20200101T065318_20200101T065618_20200105T160028_0179_053_177_2520_MAR_O_NT_002.SEN3,wqsf.nc,5196281,77112a8bfcea431d41a6fe120eb3c62e4b29bb0457bc48f275fe32aa0d99530a,7ef78414f07c03d72c480c8c13eada17,"Mon, 22 Mar 2021 23:21:14 GMT"
S3A_OL_2_WFR____20200102T062708_20200102T063008_20200106T111700_0180_053_191_2520_MAR_O_NT_002.SEN3,chl_oc4me.nc,4598144,07fdbfe4f270cb0a3cc5d0496b36070259d73d0ae79ca3415a68873aa3750543,61b86bfcaf6a05a1feb625490d24763b,"Tue, 06 Apr 2021 15:26:42 GMT"
S3A_OL_2_WFR____20200102T062708_20200102T063008_20200106T111700_0180_053_191_2520_MAR_O_NT_002.SEN3,geo_coordinates.nc,60029830,87c49105c3688b6ee46319be82ae1645cf40ef3d663519510208acca6390053f,738982e618ac2d0c4ad7a2519dcce880-8,"Tue, 06 Apr 2021 15:26:42 GMT"
S3A_OL_2_WFR____20200102T062708_20200102T063008_20200106T111700_0180_053_191_2520_MAR_O_NT_002.SEN3,tie_geo_coordinates.nc,1135353,ae54259e2fc1f8887e7167f43a93b759ae5bdc43be41ee3bc1c7612780312223,83ba6f5def98b3a05304f9f7213712c1,"Tue, 06 Apr 2021 15:26:42 GMT"
S3A_OL_2_WFR____20200102T062708_20200102T063008_20200106T111700_0180_053_191_2520_MAR_O_NT_002.SEN3,wqsf.nc,6920147,e06a18dd5260a0ee943196b443fa372e49e11a66b941f90a32e2223fcaddc268,6926b596c7c104d1afcc369ae5a331b1,"Tue, 06 Apr 2021 15:26:42 GMT"
S3A_OL_2_WFR____20200103T060057_20200103T060357_20200107T063335_0179_053_205_2520_MAR_O_NT_002.SEN3,chl_oc4me.nc,7477505,ebf02bdb8ea95b8d6ddb6ba22f779fa28b5407218b5423a3998c31e6fd511690,e2b9aea9d7c1724afa900bf1c77b4ec3,"Mon, 22 Mar 2021 23:20:14 GMT"
S3A_OL_2_WFR____20200103T060057_20200103T060357_20200107T063335_0179_053_205_2520_MAR_O_NT_002.SEN3,geo_coordinates.nc,58797672,ae9da38d80a182ed2a57fff5bba10f62129d2ad1203b4175bc27682a11081f56,7bbe536963f53214d49fcf4528ade538-8,"Mon, 22 Mar 2021 23:20:14 GMT"
S3A_OL_2_WFR____20200103T060057_20200103T060357_20200107T063335_0179_053_205_2520_MAR_O_NT_002.SEN3,tie_geo_coordinates.nc,1136112,d395bbbed273837e991b233003e2d79dc6335ec7a93ea375f19f1d4e8577e7aa,6bce55d4109e16d0007ef705e5fbd9e3,"Mon, 22 Mar 2021 23:20:14 GMT"
S3A_OL_2_WFR____20200103T060057_20200103T060357_20200107T063335_0179_053_205_2520_MAR_O_NT_002.SEN3,wqsf.nc,12227394,181ea3ba9c272e191a420cd3bd4e8ee4db7288e17db1732836fe1994c34a4f2b,c9cc23fc8852f0a08fe6e1f55e423f49-2,"Mon, 22 Mar 2021 23:20:14 GMT"
S3A_OL_2_WFR____20200106T062324_20200106T062624_20200109T160902_0179_053_248_2520_MAR_O_NT_002.SEN3,chl_oc4me.nc,5780590,11ef66a8f456d4517a8ca19d5ed0084f1853d171c29fa238732f24105313bc3d,1791192287d00be91b1bd4051c792da2,"Mon, 22 Mar 2021 23:18:34 GMT"
S3A_OL_2_WFR____20200106T062324_20200106T062624_20200109T160902_0179_053_248_2520_MAR_O_NT_002.SEN3,geo_coordinates.nc,59984220,3c579d48a113e2ca432275c687ebcb58e3623ede288049798b3c2a8df79dc3a9,872a36c5e48245b479e107710e825f11-8,"Mon, 22 Mar 2021 23:18:34 GMT"
S3A_OL_2_WFR____20200106T062324_20200106T062624_20200109T160902_0179_053_248_2520_MAR_O_NT_002.SEN3,tie_geo_coordinates.nc,1136438,5132700683ae40ea448ab50cec33ee83166d43ce53ff073554fd74943e2b76e4,1740d78cd81b858a0807a2fe6f9f272c,"Mon, 22 Mar 2021 23:18:34 GMT"
S3A_OL_2_WFR____20200106T062324_20200106T062624_20200109T160902_0179_053_248_2520_MAR_O_NT_002.SEN3,wqsf.nc,7517152,c271f6918b0b1c99076436f74aa972da5ac9bc36b2dc0d15703adfff97e128a9,8fe1da12688cbdf55b8c5585d9cac5a8,"Mon, 22 Mar 2021 23:18:34 GMT"
S3A_OL_2_WFR____20200107T055713_20200107T060013_20200113T025041_0179_053_262_2520_MAR_O_NT_002.SEN3,chl_oc4me.nc,7385806,86f7a9def1c2b104ae681f790482e0b366de0110dac4211606b10787040ec84c,a4b973a1cf63ba145d181011601afefd,"Thu, 25 Mar 2021 11:39:22 GMT"
S3A_OL_2_WFR____20200107T055713_20200107T060013_20200113T025041_0179_053_262_2520_MAR_O_NT_002.SEN3,geo_coordinates.nc,58564537,99912f8395a626b46b799fef5ef4569847c826a5e5c6b46400bb46c1e61bb81c,dc68edc7476329546148103105763555-7,"Thu, 25 Mar 2021 11:39:22 GMT"
S3A_OL_2_WFR____20200107T055713_20200107T060013_20200113T025041_0179_053_262_2520_MAR_O_NT_002.SEN3,tie_geo_coordinates.nc,1135951,91e289fbe0638e82880aceeb7a0497a4871660e94a3cfe6e84bfc90bd971be21,92eccd175a252d903c53ae782afd3142,"Thu, 25 Mar 2021 11:39:22 GMT"
S3A_OL_2_WFR____20200107T055713_20200107T060013_20200113T025041_0179_053_262_2520_MAR_O_NT_002.SEN3,wqsf.nc,10931473,a931ae11797cff3c0d0ec323db29ee6f3b62717c5afa9cc7f7429075941107ba,1b0691776cef16271a7a857ae1333a84-2,"Thu, 25 Mar 2021 11:39:22 GMT"
S3A_OL_2_WFR____20200109T064550_20200109T064850_20200110T152204_0179_053_291_2520_MAR_O_NT_002.SEN3,chl_oc4me.nc,1873909,814940ab29b1067c49b0cd5c4f328c68a7d11b1480eb25750116806d02c23cad,c5b2fafe9ae273b0220436434304cf30,"Thu, 25 Mar 2021 11:38:19 GMT"
S3A_OL_2_WFR____20200109T064550_20200109T064850_20200110T152204_0179_053_291_2520_MAR_O_NT_002.SEN3,geo_coordinates.nc,59369460,b037ba5a3eaea0e7d5be4bacd8d44b17e378aa9dd4e7f1ee2d7831417f3ff4c9,2dd6385d82f7a6f7815a9fb339dcf817-8,"Thu, 25 Mar 2021 11:38:19 GMT"
S3A_OL_2_WFR____20200109T064550_20200109T064850_20200110T152204_0179_053_291_2520_MAR_O_NT_002.SEN3,tie_geo_coordinates.nc,1138415,e0b5097558a3a4dda5911a12ef0e3b397816323e3df937656c5fe8aff75e72bb,0f82c003d302e39bbc3611a4b84b7ed5,"Thu, 25 Mar 2021 11:38:19 GMT"
S3A_OL_2_WFR____20200109T064550_20200109T064850_20200110T152204_0179_053_291_2520_MAR_O_NT_002.SEN3,wqsf.nc,4557801,587f7f450b885a5dadafd606850169c360aa8d0f13b6014d86aaa936b774b41e,729b6882b35285867170f6ccc0aa428d,"Thu, 25 Mar 2021 11:38:19 GMT"
S3A_OL_2_WFR____20200110T061939_20200110T062239_20200111T151551_0179_053_305_2520_MAR_O_NT_002.SEN3,chl_oc4me.nc,2253800,aab28483a3ca1e253406167f8bc2f3dbab362313feeacecf5adc0cfc92d3db93,6e67526e9672a125ce0e1640c9a9a9b8,"Mon, 22 Mar 2021 23:15:47 GMT"
S3A_OL_2_WFR____20200110T061939_20200110T062239_20200111T151551_0179_053_305_2520_MAR_O_NT_002.SEN3,geo_coordinates.nc,59846854,e4d35e913cf988d70a1c4cd12c32cf7bbe0c1864f023546d99f952d4161174ab,ddfe8dc0231d225602f646d2cd41d06b-8,"Mon, 22 Mar 2021 23:15:47 GMT"
S3A_OL_2_WFR____20200110T061939_20200110T062239_20200111T151551_0179_053_305_2520_MAR_O_NT_002.SEN3,tie_geo_coordinates.nc,1135694,8c5faefd3fed9d100e05dcb7244956442289dc3d1be679f533fdc6358bd4b273,4b099d10bfec60c1c241670e9e91695e,"Mon, 22 Mar 2021 23:15:47 GMT"
S3A_OL_2_WFR____20200110T061939_20200110T062239_20200111T151551_0179_053_305_2520_MAR_O_NT_002.SEN3,wqsf.nc,4474558,804b9a0764dcd4ccacd783ce48d5dca7665ce95b42a5ce7c370f89cd00dc57b2,0a4a03213ec83bcf8e32b4c56836a473,"Mon, 22 Mar 2021 23:15:47 GMT"
S3A_OL_2_WFR____20200113T064206_20200113T064506_20200114T160934_0179_053_348_2520_MAR_O_NT_002.SEN3,chl_oc4me.nc,3979037,52853bfa649e74f163a878d39ce7e5d0a898ff2138ac1de73ad6921765a5f743,c49ce039df28923bf3af36a2325fbd15,"Mon, 22 Mar 2021 23:14:08 GMT"
S3A_OL_2_WFR____20200113T064206_20200113T064506_20200114T160934_0179_053_348_2520_MAR_O_NT_002.SEN3,geo_coordinates.nc,59535249,9f77f027179df9dcb552a6ac90a967c8c380e6c2e160d1440fc9a61520709d51,ab4e39fb9bacb0166243b461886948fe-8,"Mon, 22 Mar 2021 23:14:07 GMT"
S3A_OL_2_WFR____20200113T064206_20200113T064506_20200114T160934_0179_053_348_2520_MAR_O_NT_002.SEN3,tie_geo_coordinates.nc,1137617,5f2d993d1fdeb602ccc95c99efb45b92f052575641fad86e53262874c7e20c41,f5d7fa7183390d5da062e5aa266f452c,"Mon, 22 Mar 2021 23:14:07 GMT"
S3A_OL_2_WFR____20200113T064206_20200113T064506_20200114T160934_0179_053_348_2520_MAR_O_NT_002.SEN3,wqsf.nc,5535241,43e6aef33920242671feaa85a0ac7d7b4a8cf69373a99a16ed7896339c804ec0,3b6873cd74a91f1b869895dc25e17bac,"Mon, 22 Mar 2021 23:14:07 GMT"
S3A_OL_2_WFR____20200114T061555_20200114T061855_20200115T150016_0179_053_362_2520_MAR_O_NT_002.SEN3,chl_oc4me.nc,6696981,289fb988f46711b00e0aaee7a3d7f34c74ce07d260cda9446b7ce3c967434f01,819720dd4f61276fd31a2e4229d179ae,"Tue, 06 Apr 2021 15:25:37 GMT"
S3A_OL_2_WFR____20200114T061555_20200114T061855_20200115T150016_0179_053_362_2520_MAR_O_NT_002.SEN3,geo_coordinates.nc,59636528,be7a73cda8e9ebbf01ae1826e58d66b1fcd42be44e4eec981fe8d1921c59958e,e3b7a65f9ade6c96f0189e27290839b8-8,"Tue, 06 Apr 2021 15:25:37 GMT"
S3A_OL_2_WFR____20200114T061555_20200114T061855_20200115T150016_0179_053_362_2520_MAR_O_NT_002.SEN3,tie_geo_coordinates.nc,1136509,077fed283c4eefab3d264c3cf0795df43aa4788302b74b85fc2bfa91a74ad912,8588922b750ca5f23153be3c298f5174,"Tue, 06 Apr 2021 15:25:37 GMT"
S3A_OL_2_WFR____20200114T061555_20200114T061855_20200115T150016_0179_053_362_2520_MAR_O_NT_002.SEN3,wqsf.nc,7843120,ab3a30ec16a50f749fd5f158911e19d1d777e1b9fcb61c607374310f2209f1fd,27aeec56726542f34493a6739aac3e4f,"Tue, 06 Apr 2021 15:25:37 GMT"
S3A_OL_2_WFR____20200117T063822_20200117T064122_20200118T145635_0179_054_020_2520_MAR_O_NT_002.SEN3,chl_oc4me.nc,4325836,5b443adeca1cf77a949169b8c7f1fe1fbe4b35bc7513d466ec7c91b7166f2619,8c19f982f58d8781176ee439223d9151,"Mon, 22 Mar 2021 23:11:34 GMT"
S3A_OL_2_WFR____20200117T063822_20200117T064122_20200118T145635_0179_054_020_2520_MAR_O_NT_002.SEN3,geo_coordinates.nc,59760036,c012e71bf781af42cfc2338acd55f63232c8b8db796bb0a477c81c95d490d40d,87ee16aafb65cf207203853d6007f866-8,"Mon, 22 Mar 2021 23:11:34 GMT"
S3A_OL_2_WFR____20200117T063822_20200117T064122_20200118T145635_0179_054_020_2520_MAR_O_NT_002.SEN3,tie_geo_coordinates.nc,1139826,e878045bc9099554c4ad17a5068a55898782b5cc0634b2cd35c143d12c76cc90,59e6a7a532ae2fe77c088ffc50a3427b,"Mon, 22 Mar 2021 23:11:34 GMT"
S3A_OL_2_WFR____20200117T063822_20200117T064122_20200118T145635_0179_054_020_2520_MAR_O_NT_002.SEN3,wqsf.nc,5124787,c28e5fd72eabed7735c93964fe87d03279b3df8ab59c1c66610cb48a6fb6b7b9,5b9bd70cceb66e0c25db19dd9eb9021f,"Mon, 22 Mar 2021 23:11:34 GMT"
S3A_OL_2_WFR____20200118T061211_20200118T061511_20200119T142008_0180_054_034_2520_MAR_O_NT_002.SEN3,chl_oc4me.nc,8398850,3bfda7d76f1b3bfecb8bee00a6e5eae06524d00fca329436495883c0f209332d,4370982075d74e5b8a0dd32fc3dc77c6-2,"Thu, 25 Mar 2021 11:35:13 GMT"
S3A_OL_2_WFR____20200118T061211_20200118T061511_20200119T142008_0180_054_034_2520_MAR_O_NT_002.SEN3,geo_coordinates.nc,59379440,298ca373da8d83d852f8413323cb03669b9742b835633278c99474e30bb011f5,60bc7381946346fbe53e0157d35866de-8,"Thu, 25 Mar 2021 11:35:13 GMT"
S3A_OL_2_WFR____20200118T061211_20200118T061511_20200119T142008_0180_054_034_2520_MAR_O_NT_002.SEN3,tie_geo_coordinates.nc,1137522,248a36aaec6683807734dd29946ea56b7d11fff3d5de7f94bd57b48afcebd876,2aec749503b50d3637505da32419b33c,"Thu, 25 Mar 2021 11:35:13 GMT"
S3A_OL_2_WFR____20200118T061211_20200118T061511_20200119T142008_0180_054_034_2520_MAR_O_NT_002.SEN3,wqsf.nc,8529229,0068fd5b81f8bc991ce44400dc8b87287d4d4dd5201d32bea3168166aecfab4f,3748fd295f6116caeeb617b25c4270be-2,"Thu, 25 Mar 2021 11:35:13 GMT"
S3A_OL_2_WFR____20200121T063438_20200121T063738_20200122T141821_0179_054_077_2520_MAR_O_NT_002.SEN3,chl_oc4me.nc,4843954,ebecc90a34b16233d0c705f719d2cd792c92b420cebcea6fc24dc01db65fc8fa,b9727d9998866d26ed17b7b883e59dfc,"Thu, 25 Mar 2021 11:34:05 GMT"
S3A_OL_2_WFR____20200121T063438_20200121T063738_20200122T141821_0179_054_077_2520_MAR_O_NT_002.SEN3,geo_coordinates.nc,59905578,d5500a2235ce0af6c4f6822e76e1af8ebba5dae405dfc5f8e7d3ed06236c72de,26df004cc6a09abda71e3d5a72af8257-8,"Thu, 25 Mar 2021 11:34:05 GMT"
S3A_OL_2_WFR____20200121T063438_20200121T063738_20200122T141821_0179_054_077_2520_MAR_O_NT_002.SEN3,tie_geo_coordinates.nc,1138346,8aab793e5f3e3ddb1527840316b5c418042beb277bbc1fa348979bc64465f5af,9a1a98cc774aa8ce1c95c12ffde5e59a,"Thu, 25 Mar 2021 11:34:05 GMT"
S3A_OL_2_WFR____20200121T063438_20200121T063738_20200122T141821_0179_054_077_2520_MAR_O_NT_002.SEN3,wqsf.nc,4895575,1937986a100d2e938bc1ec93c02ed0fb43b99e1b6cdb14ad46e6e494912f6f16,acf4d25a011a12fa5afa11bbd96eea40,"Thu, 25 Mar 2021 11:34:05 GMT"
S3A_OL_2_WFR____20200122T060827_20200122T061127_20200123T144826_0179_054_091_2520_MAR_O_NT_002.SEN3,chl_oc4me.nc,8509252,b892cb645854baf0b7c501bd4524bd31a0795b1ba1389f82200814d8c9a08b49,46b4df05252036a976de3d5527fa687b-2,"Mon, 22 Mar 2021 23:09:01 GMT"
S3A_OL_2_WFR____20200122T060827_20200122T061127_20200123T144826_0179_054_091_2520_MAR_O_NT_002.SEN3,geo_coordinates.nc,59159561,0b26b9e9e82be85729750a643c4a62008faebfaf8572d5d2cc238cf09cc88f70,bc5a75eb8563403002783060fc3ef379-8,"Mon, 22 Mar 2021 23:09:01 GMT"
S3A_OL_2_WFR____20200122T060827_20200122T061127_20200123T144826_0179_054_091_2520_MAR_O_NT_002.SEN3,tie_geo_coordinates.nc,1130561,39ff8d81ae28c774abf3a9906649a492dd035b822cef84219e3924fb9a5462bf,ea4857ac8bd4080c5d1065545dcdeb15,"Mon, 22 Mar 2021 23:09:00 GMT"
S3A_OL_2_WFR____20200122T060827_20200122T061127_20200123T144826_0179_054_091_2520_MAR_O_NT_002.SEN3,wqsf.nc,11114616,99773448aedc89c838d88926d62eec9f54e4b5c3936c19892210c41698575d87,0f7598a171baacc1e82fb47bb4337c07-2,"Mon, 22 Mar 2021 23:09:01 GMT"
S3A_OL_2_WFR____20200124T065704_20200124T070004_20200125T143149_0180_054_120_2520_MAR_O_NT_002.SEN3,tie_geo_coordinates.nc,1136996,106e62f8d540b33f18a0307e2a4b1705c8276e6ebe2e5f95308717dd42228836,987104d71129abb87f6505183599313b,"Thu, 25 Mar 2021 11:32:48 GMT"
S3A_OL_2_WFR____20200125T063054_20200125T063354_20200126T140112_0179_054_134_2520_MAR_O_NT_002.SEN3,chl_oc4me.nc,4862402,e3b818d92ceb45dfd26b7a0048a8739369a3e9ab5f0a1fb4a4622aac69ab1bbb,2eab5dbb560575b351b65cd69e377c7b,"Mon, 22 Mar 2021 23:07:06 GMT"
S3A_OL_2_WFR____20200125T063054_20200125T063354_20200126T140112_0179_054_134_2520_MAR_O_NT_002.SEN3,geo_coordinates.nc,59952836,4d096f29e73fc360d3a9466b04872ad5bb32ab1ba9317e1f259831ee3c869c50,5174de850135583fdf94c2922eafe431-8,"Mon, 22 Mar 2021 23:07:06 GMT"
S3A_OL_2_WFR____20200125T063054_20200125T063354_20200126T140112_0179_054_134_2520_MAR_O_NT_002.SEN3,tie_geo_coordinates.nc,1135280,2555f76d2c16994ae454e1912f82c80f5f7afcc930039810ad7845716e11c70f,8b35a7ac8ce69bf9cd9b5cc89e34c78e,"Mon, 22 Mar 2021 23:07:06 GMT"
S3A_OL_2_WFR____20200125T063054_20200125T063354_20200126T140112_0179_054_134_2520_MAR_O_NT_002.SEN3,wqsf.nc,5441269,73be39d4948020eb92f36586e67b32d84db1020889142cb2d9ba86ae1882ea5b,2db8ced321e0892cf44eb2b5b9dc4a06,"Mon, 22 Mar 2021 23:07:06 GMT"
S3A_OL_2_WFR____20200126T060443_20200126T060743_20200128T010400_0180_054_148_2520_MAR_O_NT_002.SEN3,chl_oc4me.nc,6894271,8d3aa9b5e5b0d466e98d3265f079f10b66edbc927e35018356e0b9c4ff7c88bb,0fde9292059ae705176f4343f05d03a8,"Tue, 30 Mar 2021 08:21:45 GMT"
S3A_OL_2_WFR____20200126T060443_20200126T060743_20200128T010400_0180_054_148_2520_MAR_O_NT_002.SEN3,geo_coordinates.nc,58997669,1b1a064630b6cfe94a6a0d6b415e49cf7a97be931c78036b5d0fe113f8edf76b,451be6e9ecf2b1fb4e2f6b4f462f0664-8,"Tue, 30 Mar 2021 08:21:44 GMT"
S3A_OL_2_WFR____20200126T060443_20200126T060743_20200128T010400_0180_054_148_2520_MAR_O_NT_002.SEN3,tie_geo_coordinates.nc,1135502,fbfdaed7fe200639b6f7d9b865910f791dd497e20d5bc42a0d21fff25ce79ec2,f3ad66b429d704bc7a81fe887a7b1db3,"Tue, 30 Mar 2021 08:21:44 GMT"
S3A_OL_2_WFR____20200126T060443_20200126T060743_20200128T010400_0180_054_148_2520_MAR_O_NT_002.SEN3,wqsf.nc,9795205,239772ea7cee56a3bad50180a11c07e86fa67f366b98804baba96f925444ee42,ff84c3a05e4db3709bf5ee73c037790c-2,"Tue, 30 Mar 2021 08:21:44 GMT"
S3A_OL_2_WFR____20200128T065320_20200128T065620_20200129T171258_0180_054_177_2520_MAR_O_NT_002.SEN3,chl_oc4me.nc,3200063,c82c92900577bd2a517b47f8e6ee842b064acdbec0dd01d04018b3b49d1a8711,72c32c538d6b409f8a4239948c541504,"Tue, 30 Mar 2021 08:20:27 GMT"
S3A_OL_2_WFR____20200128T065320_20200128T065620_20200129T171258_0180_054_177_2520_MAR_O_NT_002.SEN3,geo_coordinates.nc,59130962,9b338ae735bd542d4038656bddf21b23c50fe564af1caedd8e2e316e595e3060,0e0c0999282f82caea77ce262f0d080e-8,"Tue, 30 Mar 2021 08:20:27 GMT"
S3A_OL_2_WFR____20200128T065320_20200128T065620_20200129T171258_0180_054_177_2520_MAR_O_NT_002.SEN3,tie_geo_coordinates.nc,1132649,b9ccd23edf670b158d82b92f7aa637de5273e6a093e17a4d1b7602d58cf2f4de,19a600d4c19113eed6c4efe1dadbe875,"Tue, 30 Mar 2021 08:20:27 GMT"
S3A_OL_2_WFR____20200128T065320_20200128T065620_20200129T171258_0180_054_177_2520_MAR_O_NT_002.SEN3,wqsf.nc,3670586,c9f0c2a698bbc7691c890b8555402073af3780c0265da78f01874c5cc5a9bb84,cec8f8ab6a9b7c6feb72b1673317dad9,"Tue, 30 Mar 2021 08:20:27 GMT"
S3A_OL_2_WFR____20200129T062709_20200129T063009_20200130T185107_0180_054_191_2520_MAR_O_NT_002.SEN3,chl_oc4me.nc,4204199,2afa89048ba0181ad43792315bb478b1235c88265168f338e83f93e074ed19e0,d972a3c49a32fb3ac92b2b93e6f08057,"Mon, 22 Mar 2021 23:04:25 GMT"
S3A_OL_2_WFR____20200129T062709_20200129T063009_20200130T185107_0180_054_191_2520_MAR_O_NT_002.SEN3,geo_coordinates.nc,60011380,d2417e51ade0a7e1d03bf0082e4737b2b5c260b90e3f8316c7b0d84d62739dc0,cdc009c6470fd2b6c131a77c4c0bcfc8-8,"Mon, 22 Mar 2021 23:04:25 GMT"
S3A_OL_2_WFR____20200129T062709_20200129T063009_20200130T185107_0180_054_191_2520_MAR_O_NT_002.SEN3,tie_geo_coordinates.nc,1140811,0bf98046ef8391f1c4d53b97f43899929e13efa8b5629861e2148f44cdfc7357,bc5453fd10d73fe53bf7909ca0292988,"Mon, 22 Mar 2021 23:04:25 GMT"
S3A_OL_2_WFR____20200129T062709_20200129T063009_20200130T185107_0180_054_191_2520_MAR_O_NT_002.SEN3,wqsf.nc,5802414,2662a13009ab0ab173b268bcb76be87c0077907b108b30bd1181776096fceb1f,cd99cde6b69b96178451d04ec4896934,"Mon, 22 Mar 2021 23:04:25 GMT"
S3A_OL_2_WFR____20200130T060058_20200130T060358_20200131T150706_0179_054_205_2520_MAR_O_NT_002.SEN3,chl_oc4me.nc,10115685,3b94ab6789d6743b58250740ed736b8f5d3219290407406c26f5d3000b7e105e,a6187b9dfe3ca628c9a9d11b8ffe69ad-2,"Thu, 25 Mar 2021 11:31:04 GMT"
S3A_OL_2_WFR____20200130T060058_20200130T060358_20200131T150706_0179_054_205_2520_MAR_O_NT_002.SEN3,geo_coordinates.nc,58799916,0f93b3bbeff39cfd12643af5f9cdf49fb992b40b3ea3c68d0b2e3a5f09aeeb6b,be3b6f60e8a5a22369bf5c331aea077d-8,"Thu, 25 Mar 2021 11:31:04 GMT"
S3A_OL_2_WFR____20200130T060058_20200130T060358_20200131T150706_0179_054_205_2520_MAR_O_NT_002.SEN3,tie_geo_coordinates.nc,1138990,efa5e613d5bc8264293aced77c22cc30d7af95200a45a3c85aa30fe9cacee548,93f67bd5efa60c538e7450240f9bf724,"Thu, 25 Mar 2021 11:31:04 GMT"
S3A_OL_2_WFR____20200130T060058_20200130T060358_20200131T150706_0179_054_205_2520_MAR_O_NT_002.SEN3,wqsf.nc,8915536,acd3a0e83de2803dafd026718183f99f43fca1323bac78edf27aee469fb6aa2c,7b6d4e5288a71fac30652f4c43b2be2c-2,"Thu, 25 Mar 2021 11:31:04 GMT"
S3A_OL_2_WFR____20200201T064936_20200201T065236_20200202T144114_0179_054_234_2520_MAR_O_NT_002.SEN3,chl_oc4me.nc,2849738,f73e5c6471649940f28188f0c01b87440a1355494819fb7e9d1237fb5a644b04,f40e1d1d0f651e4f1a2c82619bb4a74a,"Thu, 01 Apr 2021 16:05:00 GMT"
S3A_OL_2_WFR____20200201T064936_20200201T065236_20200202T144114_0179_054_234_2520_MAR_O_NT_002.SEN3,geo_coordinates.nc,59146059,1e67203ec5a3d1a470eace4649b4701fe84522a567382c84d1840d1e19b397ea,a78e8a34f9038cece8046e0b88dbb6a0-8,"Thu, 01 Apr 2021 16:05:00 GMT"
S3A_OL_2_WFR____20200201T064936_20200201T065236_20200202T144114_0179_054_234_2520_MAR_O_NT_002.SEN3,tie_geo_coordinates.nc,1140017,c22b73b2fc9af86c45c2996bc12a20a7878dab5dbd58b19cfa5eb3129cb50bb2,e801ec38e8785fcf62847c559f483d73,"Thu, 01 Apr 2021 16:05:01 GMT"
S3A_OL_2_WFR____20200201T064936_20200201T065236_20200202T144114_0179_054_234_2520_MAR_O_NT_002.SEN3,wqsf.nc,5034001,0697ea111c8a1e2f8a8b1b36ee320e3c60c900ebd3c89302d8932fba268109d9,cd718b141ddb48fb2611249e99be24f2,"Thu, 01 Apr 2021 16:05:00 GMT"
S3A_OL_2_WFR____20200202T062325_20200202T062625_20200203T135936_0179_054_248_2520_MAR_O_NT_002.SEN3,chl_oc4me.nc,5640970,bcabe0cecc663cfd251d1dd5dc8cc5beb727284919599398752a5bd3fd7b9bb7,e2ff112043970595a1048f1c27e4bc67,"Mon, 22 Mar 2021 23:01:14 GMT"
S3A_OL_2_WFR____20200202T062325_20200202T062625_20200203T135936_0179_054_248_2520_MAR_O_NT_002.SEN3,geo_coordinates.nc,59973537,08d9d637d67c0055eabf0277d587ad4e4d8ec9884cab0dacd15ac9b30c42e89b,2e95c885bbb244576297733f01919c65-8,"Mon, 22 Mar 2021 23:01:14 GMT"
S3A_OL_2_WFR____20200202T062325_20200202T062625_20200203T135936_0179_054_248_2520_MAR_O_NT_002.SEN3,tie_geo_coordinates.nc,1140529,db667cf4bcdb106c3d079798633cd4f5572cf012cbaa9e06cdd1b23a2bf7cef7,52a04a218c8132f440770f3b8537d86e,"Mon, 22 Mar 2021 23:01:14 GMT"
S3A_OL_2_WFR____20200202T062325_20200202T062625_20200203T135936_0179_054_248_2520_MAR_O_NT_002.SEN3,wqsf.nc,7253031,3e08b9b7d137ad0dfeea133e2a03b1e030b0ca86dc482dfbf37563ef6c83b07b,265e3ece1b33947e28738b81b830e2b6,"Mon, 22 Mar 2021 23:01:14 GMT"
S3A_OL_2_WFR____20200203T055714_20200203T060014_20200204T154558_0179_054_262_2520_MAR_O_NT_002.SEN3,chl_oc4me.nc,10779286,f8efe67c089a9aa5705ac1e60778f6444f4ce4f2da8883c4cc2bc1fe50a4b90b,8072abb5f3519ed0c45bd5ab12b6477c-2,"Thu, 25 Mar 2021 11:28:40 GMT"
S3A_OL_2_WFR____20200203T055714_20200203T060014_20200204T154558_0179_054_262_2520_MAR_O_NT_002.SEN3,geo_coordinates.nc,58543164,6aa05a52cfe86ccae57cc5bb127a0fa7bb1813fe7ad2d2c923e794cbddd93619,1724a39c3fa53aa9421340e689d61341-7,"Thu, 25 Mar 2021 11:28:40 GMT"
S3A_OL_2_WFR____20200203T055714_20200203T060014_20200204T154558_0179_054_262_2520_MAR_O_NT_002.SEN3,tie_geo_coordinates.nc,1139050,5f5acc9fa4bcab61132dba6473630f7296e9813dd42718d23b1f44b591e041cf,f727162a9e8326fccb6d95fb418337d5,"Thu, 25 Mar 2021 11:28:40 GMT"
S3A_OL_2_WFR____20200203T055714_20200203T060014_20200204T154558_0179_054_262_2520_MAR_O_NT_002.SEN3,wqsf.nc,9865463,198f76c01f98074b048bf8db93e78e3d17cc62ad495cd72ca72a5e3d397f2030,7cf81f6a40650e475fa5da2e5695d31e-2,"Thu, 25 Mar 2021 11:28:40 GMT"
S3A_OL_2_WFR____20200205T064551_20200205T064851_20200206T153037_0179_054_291_2520_MAR_O_NT_002.SEN3,chl_oc4me.nc,4223021,6400c2b26d8f5d31b957beb60de2fa160e93cba485190cc87173122dcca9a540,7344151a25d38290dd11a0ba85a1c8b7,"Thu, 25 Mar 2021 11:27:19 GMT"
S3A_OL_2_WFR____20200205T064551_20200205T064851_20200206T153037_0179_054_291_2520_MAR_O_NT_002.SEN3,geo_coordinates.nc,59374293,a19c1e92899b21d604ff87dbbb49aba7fad60363d0fff67e6466d2ae878fbe8e,5567ecfcfde8f1946059649c0ba98e4c-8,"Thu, 25 Mar 2021 11:27:19 GMT"
S3A_OL_2_WFR____20200205T064551_20200205T064851_20200206T153037_0179_054_291_2520_MAR_O_NT_002.SEN3,tie_geo_coordinates.nc,1138476,1b1571f720306b1c3fc5c7f1f22f5df74224c25238d9c0684ccaf5ffabd30c5a,dcfc8f2711f91bba8eac75c51adc030e,"Thu, 25 Mar 2021 11:27:19 GMT"
S3A_OL_2_WFR____20200205T064551_20200205T064851_20200206T153037_0179_054_291_2520_MAR_O_NT_002.SEN3,wqsf.nc,5254194,8a3c2747936dc65a17d315783ebde230a6c34e4d8562f652c345c2a390c3313d,4854e3261e492ae08fad0688c0b3eb2a,"Thu, 25 Mar 2021 11:27:19 GMT"
S3A_OL_2_WFR____20200206T061940_20200206T062240_20200207T141604_0179_054_305_2520_MAR_O_NT_002.SEN3,chl_oc4me.nc,6464323,6003766a49b526a8d45ac6e3883559f90d69731c6cbff70499388187202ef486,1256afbee2d7388aa194bf32a860d1b6,"Mon, 22 Mar 2021 22:58:40 GMT"
S3A_OL_2_WFR____20200206T061940_20200206T062240_20200207T141604_0179_054_305_2520_MAR_O_NT_002.SEN3,geo_coordinates.nc,59854872,713918268f1070928be8c4f656322e65b35b1dd5c554b8ced64b35ad639e0102,53c001287efc9dfc3e0ab5b975b7039e-8,"Mon, 22 Mar 2021 22:58:40 GMT"
S3A_OL_2_WFR____20200206T061940_20200206T062240_20200207T141604_0179_054_305_2520_MAR_O_NT_002.SEN3,tie_geo_coordinates.nc,1139758,5157596251ee2c8ea469a7e411180af70d790a6a72073b4079ddf9f84ba458a3,1559988ea1e13533526697274d6b336e,"Mon, 22 Mar 2021 22:58:40 GMT"
S3A_OL_2_WFR____20200206T061940_20200206T062240_20200207T141604_0179_054_305_2520_MAR_O_NT_002.SEN3,wqsf.nc,7950947,c11f338d073c641c0ee4db2cb54869f5f916a692367411f51c44aa7754abb7fa,e7a126d8b236297820567b613b2353be,"Mon, 22 Mar 2021 22:58:40 GMT"
S3A_OL_2_WFR____20200209T064207_20200209T064507_20200210T125840_0179_054_348_2520_MAR_O_NT_002.SEN3,chl_oc4me.nc,2399028,82f5bac3fdc6f79ebf7ac2b2271e5e9e9ff4f9d28b15dbc3e87405217b825b95,633f555175df4142529524775e9cc53b,"Mon, 22 Mar 2021 22:56:43 GMT"
S3A_OL_2_WFR____20200209T064207_20200209T064507_20200210T125840_0179_054_348_2520_MAR_O_NT_002.SEN3,geo_coordinates.nc,59546999,6a55fa18577bb5d8763213cfb2285ba630b8cf69d82083dca06d73fef72a4ac4,202abc5e73c2fb3df4058eab1e3a84ef-8,"Mon, 22 Mar 2021 22:56:43 GMT"
S3A_OL_2_WFR____20200209T064207_20200209T064507_20200210T125840_0179_054_348_2520_MAR_O_NT_002.SEN3,tie_geo_coordinates.nc,1140721,50f6aa77729690842bd36a4a4fd5b30b8dfbf0809696480e10231e3d1413980f,d020bc0939b5be9cb08f36ce7aa64467,"Mon, 22 Mar 2021 22:56:42 GMT"
S3A_OL_2_WFR____20200209T064207_20200209T064507_20200210T125840_0179_054_348_2520_MAR_O_NT_002.SEN3,wqsf.nc,4911011,703dc122a862a53c2e998de3702b140c359a667e1d80e516fd377f742708db09,391e8f5152e01126e36e20e8405dfe0c,"Mon, 22 Mar 2021 22:56:43 GMT"
S3A_OL_2_WFR____20200210T061556_20200210T061856_20200211T153627_0179_054_362_2520_MAR_O_NT_002.SEN3,chl_oc4me.nc,5627225,9545d04a2f48b9ec7aa862ddef70752f866bdf7eea6b2d0df4cd07dfa0756c72,48ff389687ad33df8a7fc37e350a26dd,"Thu, 01 Apr 2021 16:02:53 GMT"
S3A_OL_2_WFR____20200210T061556_20200210T061856_20200211T153627_0179_054_362_2520_MAR_O_NT_002.SEN3,geo_coordinates.nc,59631792,6cd9e179e67d791c7a9a4014a95017089579fb720bcf703a1f7c948bc86a7447,4af1980c398fd449a1f25150fdf1a68b-8,"Thu, 01 Apr 2021 16:02:53 GMT"
S3A_OL_2_WFR____20200210T061556_20200210T061856_20200211T153627_0179_054_362_2520_MAR_O_NT_002.SEN3,tie_geo_coordinates.nc,1133496,59202d107b1dbcbcea26a36027410c2b64b40e6aec9f55a7cc0f654b955f012c,3564d8b1fc3b753ccee2fd29e7f23996,"Thu, 01 Apr 2021 16:02:53 GMT"
S3A_OL_2_WFR____20200210T061556_20200210T061856_20200211T153627_0179_054_362_2520_MAR_O_NT_002.SEN3,wqsf.nc,8007789,086e7169a599543ee50cc8076e3e64d884a4d8154b687542910ba2d801e02e0b,bdc409432d2a39bf2e2741385cf4f535,"Thu, 01 Apr 2021 16:02:53 GMT"
S3A_OL_2_WFR____20200213T063822_20200213T064122_20200214T151149_0179_055_020_2520_MAR_O_NT_002.SEN3,chl_oc4me.nc,4500762,3f0acbe3aa87f472eea9a09f6bac192bb362897f39a873f9b797ba1086f6d9a7,fb5ae073a5c9520641fbe699b541e732,"Mon, 22 Mar 2021 22:54:25 GMT"
S3A_OL_2_WFR____20200213T063822_20200213T064122_20200214T151149_0179_055_020_2520_MAR_O_NT_002.SEN3,geo_coordinates.nc,59758882,958b73902b36c3f090e79e0bd4d9cdfc4cd4d91aedf467639f92cfbe361d1fa7,0af8fc8c14674f403b953a832d9269bc-8,"Mon, 22 Mar 2021 22:54:25 GMT"
S3A_OL_2_WFR____20200213T063822_20200213T064122_20200214T151149_0179_055_020_2520_MAR_O_NT_002.SEN3,tie_geo_coordinates.nc,1137929,c6f2a242621ca5295eb6cdd48bf7ce22db68a6607f49a46440499f60c3576574,a9527c5a31d76858440d01c5c2e0f4b4,"Mon, 22 Mar 2021 22:54:24 GMT"
S3A_OL_2_WFR____20200213T063822_20200213T064122_20200214T151149_0179_055_020_2520_MAR_O_NT_002.SEN3,wqsf.nc,5216576,8e8f7e4023456242239a1cf743faffeb2cae64db3f7e21e30f41b5a2c8fbd93b,d23bd60e85c032010ae125fe73b60357,"Mon, 22 Mar 2021 22:54:25 GMT"
S3A_OL_2_WFR____20200214T061211_20200214T061511_20200215T150025_0179_055_034_2520_MAR_O_NT_002.SEN3,chl_oc4me.nc,7854921,a106f11e389437c71c2a7eec409a6a1ad07303103833997ed3bd1365423fa5a7,4c8e34b607ca3c174e337efeb0f719b7,"Thu, 25 Mar 2021 11:24:10 GMT"
S3A_OL_2_WFR____20200214T061211_20200214T061511_20200215T150025_0179_055_034_2520_MAR_O_NT_002.SEN3,geo_coordinates.nc,59372286,89475d828c4d81201fe8e5a2b05a5485a0c686f0fa303e7122ed5f5bd8303e22,296f2d159e809ba78b49963e3c68d1d8-8,"Thu, 25 Mar 2021 11:24:11 GMT"
S3A_OL_2_WFR____20200214T061211_20200214T061511_20200215T150025_0179_055_034_2520_MAR_O_NT_002.SEN3,tie_geo_coordinates.nc,1138202,5b7bf837c824d4377eb835d7a95138d216570c727357c5a860e239530e4c02c2,9d4ea7d9b1071690ed6053a79e4e279c,"Thu, 25 Mar 2021 11:24:10 GMT"
S3A_OL_2_WFR____20200214T061211_20200214T061511_20200215T150025_0179_055_034_2520_MAR_O_NT_002.SEN3,wqsf.nc,8145190,307cf3415469bddb96c7b9ba4e4602282d91ad298bb981827aa037857f18eaaa,871ea7e5f8f2ed7a2c80f3746b0afeb7,"Thu, 25 Mar 2021 11:24:11 GMT"
S3A_OL_2_WFR____20200217T063438_20200217T063738_20200218T161218_0179_055_077_2520_MAR_O_NT_002.SEN3,chl_oc4me.nc,1646719,c2b396add3d9b7be8ffc0d604f911354ccebd4515d6fe1e0a18b57410b5c7e83,355edb4ed719d9db140f887aa80d8975,"Thu, 25 Mar 2021 11:22:57 GMT"
S3A_OL_2_WFR____20200217T063438_20200217T063738_20200218T161218_0179_055_077_2520_MAR_O_NT_002.SEN3,geo_coordinates.nc,59908240,4cfba266c424c3c845abc0a6342382a7afc0acd57fbf3514d3fa0e153e5c13c5,f3b24106384cde0fa41071b2f55726c2-8,"Thu, 25 Mar 2021 11:22:57 GMT"
S3A_OL_2_WFR____20200217T063438_20200217T063738_20200218T161218_0179_055_077_2520_MAR_O_NT_002.SEN3,tie_geo_coordinates.nc,1138180,ddc0b12d0cdaa354f8eae40099432ddfc1731d9bae9445450af50f0f8e12c2f3,40b804ea52b1c144f17f956f7909f8f6,"Thu, 25 Mar 2021 11:22:56 GMT"
S3A_OL_2_WFR____20200217T063438_20200217T063738_20200218T161218_0179_055_077_2520_MAR_O_NT_002.SEN3,wqsf.nc,5473620,48cdd644c812071227cac701f55876f5202cc30f348b60053eed3d162cd455af,25f7dff9ae41b543675991240a449d84,"Thu, 25 Mar 2021 11:22:57 GMT"
S3A_OL_2_WFR____20200218T060827_20200218T061127_20200219T155713_0179_055_091_2520_MAR_O_NT_002.SEN3,chl_oc4me.nc,6272441,9230031aba2bccae8db6566357914246706086e8993cdec75a27095454d73199,9af4bf0af3b96d9bb0bc60be206de7a1,"Mon, 22 Mar 2021 22:51:30 GMT"
S3A_OL_2_WFR____20200218T060827_20200218T061127_20200219T155713_0179_055_091_2520_MAR_O_NT_002.SEN3,geo_coordinates.nc,59156406,268979b4418688e2d55f89ceb4133928e7d891b516a8683776be754d4c6ddae2,214064ff307b8f44a71789cb936fd966-8,"Mon, 22 Mar 2021 22:51:30 GMT"
S3A_OL_2_WFR____20200218T060827_20200218T061127_20200219T155713_0179_055_091_2520_MAR_O_NT_002.SEN3,tie_geo_coordinates.nc,1131368,16bb3bafb97fdabcb9f35d9ea19b34c995e6938b32391e60d7cb48378f62c65b,a3035bcbf6c9a69de68acf90638bbfb5,"Mon, 22 Mar 2021 22:51:30 GMT"
S3A_OL_2_WFR____20200218T060827_20200218T061127_20200219T155713_0179_055_091_2520_MAR_O_NT_002.SEN3,wqsf.nc,8682097,261cb708326ce987542862e9a12f609dac771248964db466e9f5d793a9c50b6d,936bd5d1cfd3e99131f5e391e10bffc7-2,"Mon, 22 Mar 2021 22:51:29 GMT"
S3A_OL_2_WFR____20200220T065704_20200220T070004_20200221T144404_0179_055_120_2520_MAR_O_NT_002.SEN3,tie_geo_coordinates.nc,1140824,cf559c61c2e988db8a4cb9fe2b32cc6904f267319b6835459c1fe4f98f6d8d2f,0230f79ac72beb767ad50dd96f54d030,"Thu, 25 Mar 2021 11:22:20 GMT"
S3A_OL_2_WFR____20200221T063053_20200221T063353_20200222T151041_0180_055_134_2520_MAR_O_NT_002.SEN3,chl_oc4me.nc,4379601,bc0799bd29b41408221c97bb3e7c6e5d66bdac172d0ccf5f493802832ace0ead,0900caeff3c37e16bfb3b936bc904cfc,"Mon, 22 Mar 2021 22:49:40 GMT"
S3A_OL_2_WFR____20200221T063053_20200221T063353_20200222T151041_0180_055_134_2520_MAR_O_NT_002.SEN3,geo_coordinates.nc,59954340,f548fa2888a960e73efbaa10e3e25557d7bca29eee8dd4ae0342443275e5522a,160cc34fb30327b0e31e1c64ddfbddb4-8,"Mon, 22 Mar 2021 22:49:40 GMT"
S3A_OL_2_WFR____20200221T063053_20200221T063353_20200222T151041_0180_055_134_2520_MAR_O_NT_002.SEN3,tie_geo_coordinates.nc,1132310,f98e9b95a3b80027c5e6ef547e54250ac6a1fbfb63d2a052e0be08dcbcb5c36d,edbf2edd7deaa8b2b7024c258a8e90fb,"Mon, 22 Mar 2021 22:49:40 GMT"
S3A_OL_2_WFR____20200221T063053_20200221T063353_20200222T151041_0180_055_134_2520_MAR_O_NT_002.SEN3,wqsf.nc,6138468,e1a8fd97fd32bb7878678177602e1624329c1618baf20fb43d13c8bdff3f8180,0534dc8a861b95f7672d6ea2a3152200,"Mon, 22 Mar 2021 22:49:40 GMT"
S3A_OL_2_WFR____20200222T060442_20200222T060742_20200223T145520_0179_055_148_2520_MAR_O_NT_002.SEN3,chl_oc4me.nc,4928920,4251995e53daa1a814be18a1a5c8d9bc20b7e9f029db4d29b29199fed5a90f74,130189f79d317fb0d2cbaee2017f6073,"Thu, 01 Apr 2021 15:59:20 GMT"
S3A_OL_2_WFR____20200222T060442_20200222T060742_20200223T145520_0179_055_148_2520_MAR_O_NT_002.SEN3,geo_coordinates.nc,58974653,3f67b553a126c13c8fb45162320960b7fb427144562861712c196ca82f5fffef,4a8a59f1655835ce2670153f4c7de013-8,"Thu, 01 Apr 2021 15:59:20 GMT"
S3A_OL_2_WFR____20200222T060442_20200222T060742_20200223T145520_0179_055_148_2520_MAR_O_NT_002.SEN3,tie_geo_coordinates.nc,1135895,d456973806cdb3d09dc108110ae8d0139a4ba0a35a536f30faa3d0967b3482f1,2bc96f015d96727324d082fe5bac3022,"Thu, 01 Apr 2021 15:59:20 GMT"
S3A_OL_2_WFR____20200222T060442_20200222T060742_20200223T145520_0179_055_148_2520_MAR_O_NT_002.SEN3,wqsf.nc,11174289,be0eda7b863b09ef3e94a898ed43b9a8ff385344fc428b6075612f6267be408a,d8249f6f10baadec83afafe29af6daa4-2,"Thu, 01 Apr 2021 15:59:20 GMT"
S3A_OL_2_WFR____20200224T065319_20200224T065619_20200225T141635_0179_055_177_2520_MAR_O_NT_002.SEN3,chl_oc4me.nc,1876123,d8f7c31da2d85010ce74ccbdf2895f6cb87f11d2a87d982ade7a473212ced226,06a0a85e848e629ae8fbe11d99e314c3,"Thu, 01 Apr 2021 15:58:23 GMT"
S3A_OL_2_WFR____20200224T065319_20200224T065619_20200225T141635_0179_055_177_2520_MAR_O_NT_002.SEN3,geo_coordinates.nc,59142693,865a4ed06f98c72c05c08794c4ae15aec6af0657e5187fd9adea08dd44f20848,09577b4abfc42c87fcba98ddd46cc003-8,"Thu, 01 Apr 2021 15:58:23 GMT"
S3A_OL_2_WFR____20200224T065319_20200224T065619_20200225T141635_0179_055_177_2520_MAR_O_NT_002.SEN3,tie_geo_coordinates.nc,1139546,7f687314b2ab03141ec840baf8d8471e11fd846a88ae867e5d8de400b1d87d50,d18dc98e29e9e76b7f0ba461f7a1b58e,"Thu, 01 Apr 2021 15:58:23 GMT"
S3A_OL_2_WFR____20200224T065319_20200224T065619_20200225T141635_0179_055_177_2520_MAR_O_NT_002.SEN3,wqsf.nc,4856957,42d56eec84638bb02f1c6560feb2453035bc45ba57762edb5e4293f28cd85328,2cacef3030a9348d8a5106e098dd2d6a,"Thu, 01 Apr 2021 15:58:23 GMT"
S3A_OL_2_WFR____20200225T062708_20200225T063008_20200228T025813_0179_055_191_2520_MAR_O_NT_002.SEN3,chl_oc4me.nc,4105179,762f430448ea863cce4b19247dd1479461dfe86505574a2084bb4dfa7a0d80c8,3486269fdf2dcf3060bf0481bf5ca81b,"Mon, 22 Mar 2021 22:46:55 GMT"
S3A_OL_2_WFR____20200225T062708_20200225T063008_20200228T025813_0179_055_191_2520_MAR_O_NT_002.SEN3,geo_coordinates.nc,59990211,29d5d79ed0e3ddc4fb9ea5831bd4f26fe7bae5ec99e7226b186ad3bbca13fe07,2555e78bf995dc2d99d043b237bed7f5-8,"Mon, 22 Mar 2021 22:46:55 GMT"
S3A_OL_2_WFR____20200225T062708_20200225T063008_20200228T025813_0179_055_191_2520_MAR_O_NT_002.SEN3,tie_geo_coordinates.nc,1136691,f71fe0ec4d43a3718e59307d2d24b9eea17098ac2eea10cd7832fbdff7680c61,3ab334175fda462d237313591f6259d2,"Mon, 22 Mar 2021 22:46:55 GMT"
S3A_OL_2_WFR____20200225T062708_20200225T063008_20200228T025813_0179_055_191_2520_MAR_O_NT_002.SEN3,wqsf.nc,6325880,fbb7f02178dc3b8d464c43e5f35aa1bd3b5110793a14ece381641d946e1eff7a,33e7c5d6f6862cc95be7685632280f16,"Mon, 22 Mar 2021 22:46:55 GMT"
S3A_OL_2_WFR____20200226T060057_20200226T060357_20200229T230954_0179_055_205_2520_MAR_O_NT_002.SEN3,chl_oc4me.nc,10024750,411d371540d71f1524556f7c286818cdb10c4c322622ca049769e3932b6e45fc,210ecb664a5207ecbe7e4d26cc379334-2,"Thu, 25 Mar 2021 11:20:30 GMT"
S3A_OL_2_WFR____20200226T060057_20200226T060357_20200229T230954_0179_055_205_2520_MAR_O_NT_002.SEN3,geo_coordinates.nc,58789299,aee171df2b54cf185a88b344d22ed00761b1acb64be5f8cb99f3ab30d670887f,73e0ec5b8e932e9e5ffacf4753ce64b4-8,"Thu, 25 Mar 2021 11:20:30 GMT"
S3A_OL_2_WFR____20200226T060057_20200226T060357_20200229T230954_0179_055_205_2520_MAR_O_NT_002.SEN3,tie_geo_coordinates.nc,1136241,36e3ef8c7fe8f832556f52892110dc3f2f543e962c19827c492881bc65f6fe25,5785ae9257b5483cee9d17d4b85c81bf,"Thu, 25 Mar 2021 11:20:30 GMT"
S3A_OL_2_WFR____20200226T060057_20200226T060357_20200229T230954_0179_055_205_2520_MAR_O_NT_002.SEN3,wqsf.nc,8937508,1b18ee912e24fefe4a88ef1ca2904c18c378480a2109e6eca6fe4d914ee96d2d,d58f431b0bdc6a299f794a782f04e2ee-2,"Thu, 25 Mar 2021 11:20:30 GMT"
S3A_OL_2_WFR____20200228T064935_20200228T065235_20200229T150839_0179_055_234_2520_MAR_O_NT_002.SEN3,chl_oc4me.nc,3687997,6310561f11cbf4761249f7029cb358cf227383e0fdc316ccb0b729a6c35deffb,b8ed29b2bbe88c8a9f67ce76a0c673bb,"Thu, 25 Mar 2021 11:19:26 GMT"
S3A_OL_2_WFR____20200228T064935_20200228T065235_20200229T150839_0179_055_234_2520_MAR_O_NT_002.SEN3,geo_coordinates.nc,59177018,468233d79b69fdad5a9db494bf2c5b191e087430de9af4f5aba6b512d10bdd12,3dd9bf8c34fb006085262b9e85647ab9-8,"Thu, 25 Mar 2021 11:19:26 GMT"
S3A_OL_2_WFR____20200228T064935_20200228T065235_20200229T150839_0179_055_234_2520_MAR_O_NT_002.SEN3,tie_geo_coordinates.nc,1135138,4fb7eb5aa7a9da9cf3a68ff91133be47503e539bf935a22eb79c67e7c21e6a1b,8bb0484ae919e8e17520ede27c4e70db,"Thu, 25 Mar 2021 11:19:26 GMT"
S3A_OL_2_WFR____20200228T064935_20200228T065235_20200229T150839_0179_055_234_2520_MAR_O_NT_002.SEN3,wqsf.nc,5235822,e2c08b95b21857c089a7afc39cfee00f67e3b27063e4c4af8dc4598634a2ef6e,92ce147edd15a258bcdff61744dacb54,"Thu, 25 Mar 2021 11:19:26 GMT"
S3A_OL_2_WFR____20200229T062324_20200229T062624_20200301T144531_0179_055_248_2520_MAR_O_NT_002.SEN3,chl_oc4me.nc,4861579,7dbbd7b48b344f5c7a9600448c60f473b68de04e00116c2000ff7c73a74031ef,cda559acaa4b51ffe791c81200c1e2da,"Mon, 22 Mar 2021 22:44:01 GMT"
S3A_OL_2_WFR____20200229T062324_20200229T062624_20200301T144531_0179_055_248_2520_MAR_O_NT_002.SEN3,geo_coordinates.nc,59954169,626c8606051cf3595970c00832808e806b3ee4e08c458ad6826c65c920a105c2,205adfc946bea5b90e45b2261e9c6e42-8,"Mon, 22 Mar 2021 22:44:02 GMT"
S3A_OL_2_WFR____20200229T062324_20200229T062624_20200301T144531_0179_055_248_2520_MAR_O_NT_002.SEN3,tie_geo_coordinates.nc,1141375,8400492f2d49acfc82e47ee32cedb818a04bc8d5b2117964d4f49f783847c86a,88cd918ebe1035ddd063f610d3c01d85,"Mon, 22 Mar 2021 22:44:01 GMT"
S3A_OL_2_WFR____20200229T062324_20200229T062624_20200301T144531_0179_055_248_2520_MAR_O_NT_002.SEN3,wqsf.nc,7425295,331e896faa56f64bb681e6db879ea8dbae1f1c03c318426bdfc7afc4fdd61ae7,ab8f81a818cb67f6b6e4bbe37afd5431,"Mon, 22 Mar 2021 22:44:02 GMT"
S3A_OL_2_WFR____20200301T055713_20200301T060013_20200302T135906_0179_055_262_2520_MAR_O_NT_002.SEN3,chl_oc4me.nc,7903542,8ed03e8282cb4a9f009a1c171429f17262c102459bca18419f149b0ade3b97ac,80d07d6ef53f0065412c702c9f340112,"Thu, 01 Apr 2021 15:57:10 GMT"
S3A_OL_2_WFR____20200301T055713_20200301T060013_20200302T135906_0179_055_262_2520_MAR_O_NT_002.SEN3,geo_coordinates.nc,58509740,58f4183623ec26558a586f62eb7482ad6d507f8585691c4ee93f229bf1c3f2df,505cda719bd2c79238488bf8e0ee74df-7,"Thu, 01 Apr 2021 15:57:10 GMT"
S3A_OL_2_WFR____20200301T055713_20200301T060013_20200302T135906_0179_055_262_2520_MAR_O_NT_002.SEN3,tie_geo_coordinates.nc,1136486,4292b1a8b8c93b6a5a58682b1debdf106342dc9177a0adfb25fe813c7aa6cba3,a2229ee827e4966174bced17115081d7,"Thu, 01 Apr 2021 15:57:09 GMT"
S3A_OL_2_WFR____20200301T055713_20200301T060013_20200302T135906_0179_055_262_2520_MAR_O_NT_002.SEN3,wqsf.nc,11247960,0504579e3cb877028eebd5601550473cec74b142a89e817e5b12e562f4873a75,d2a5c60a682727895db6785e7cd70a82-2,"Thu, 01 Apr 2021 15:57:10 GMT"
S3A_OL_2_WFR____20200303T064550_20200303T064850_20200304T153715_0179_055_291_2520_MAR_O_NT_002.SEN3,chl_oc4me.nc,3951429,1bcf005ad90774f0b10138043018e920a0e438aeda96160b81b0336ef4ea5ddb,761c91c33d10a4effaee88378446a3e4,"Thu, 01 Apr 2021 15:56:09 GMT"
S3A_OL_2_WFR____20200303T064550_20200303T064850_20200304T153715_0179_055_291_2520_MAR_O_NT_002.SEN3,geo_coordinates.nc,59365503,b2403a2db02c311c2fa64dd67239a48777af85fc483844940bf839e914a8b234,5b2ff2bfe80d0b1deab2aee20ff9e1fc-8,"Thu, 01 Apr 2021 15:56:09 GMT"
S3A_OL_2_WFR____20200303T064550_20200303T064850_20200304T153715_0179_055_291_2520_MAR_O_NT_002.SEN3,tie_geo_coordinates.nc,1140384,20636907273cda82be9dda7d649852200a9f5048ae1b7973ff309a76c74fb86e,f2a154b6a444782181e7720d90760f1e,"Thu, 01 Apr 2021 15:56:09 GMT"
S3A_OL_2_WFR____20200303T064550_20200303T064850_20200304T153715_0179_055_291_2520_MAR_O_NT_002.SEN3,wqsf.nc,4805225,b1cc769d50a054674365ef894e2ae91078bc9a3dd43148cc14ae6b36b7b7a5d8,76ee5f09a494d0c746b027192f7b6136,"Thu, 01 Apr 2021 15:56:09 GMT"
S3A_OL_2_WFR____20200304T061939_20200304T062239_20200305T145036_0179_055_305_2520_MAR_O_NT_002.SEN3,chl_oc4me.nc,5267577,61654c3b602e5af277febd9c45a0bef3f8f558e912931a960c990ecd0e7b024e,969b3ebcb2513dd9936861a60effb4c1,"Mon, 22 Mar 2021 22:41:04 GMT"
S3A_OL_2_WFR____20200304T061939_20200304T062239_20200305T145036_0179_055_305_2520_MAR_O_NT_002.SEN3,geo_coordinates.nc,59819953,dd1603e736d270954413613a55fd6ba799f46f7b9e8f3908fed06979127d8c7a,f7e9c3c3fe2256f44d60953b668cc7a3-8,"Mon, 22 Mar 2021 22:41:04 GMT"
S3A_OL_2_WFR____20200304T061939_20200304T062239_20200305T145036_0179_055_305_2520_MAR_O_NT_002.SEN3,tie_geo_coordinates.nc,1131979,89ee27f9b3f6a426adb3ccd6f7bc6e6afec6ecd1767e646fd26ca6f4f6a647b3,43f1ba0652871820316949900f84b0c1,"Mon, 22 Mar 2021 22:41:04 GMT"
S3A_OL_2_WFR____20200304T061939_20200304T062239_20200305T145036_0179_055_305_2520_MAR_O_NT_002.SEN3,wqsf.nc,7240851,8fc684a33bf321aa923be1f1bfd016d38ec259f703309349506c412f1d2795b9,7e5f07a8f9cf53ea0dc6c84c413662ef,"Mon, 22 Mar 2021 22:41:04 GMT"
S3A_OL_2_WFR____20200307T064205_20200307T064505_20200308T150209_0179_055_348_2520_MAR_O_NT_002.SEN3,chl_oc4me.nc,3779038,1ace8f572d536fe854fef7df4fac4c8f873bbf83a5a23d2de6ed0a598f7f018a,5ef9e35ba6c8bf59a742f3bd808fad0d,"Mon, 22 Mar 2021 22:38:59 GMT"
S3A_OL_2_WFR____20200307T064205_20200307T064505_20200308T150209_0179_055_348_2520_MAR_O_NT_002.SEN3,geo_coordinates.nc,59525330,d44cf721d46a3ac1b4c7e239f015ed5a9343bd7f03b67ff61fd59ce09330f560,208ef9b86355e91218ba53a51abd7d06-8,"Mon, 22 Mar 2021 22:38:59 GMT"
S3A_OL_2_WFR____20200307T064205_20200307T064505_20200308T150209_0179_055_348_2520_MAR_O_NT_002.SEN3,tie_geo_coordinates.nc,1134740,8522ac0341eafd905b3991b67ade21ff53bf5fa939ae9994b3e14da271f560c4,9d8152b1aadb539c8efc30a6c9bbab63,"Mon, 22 Mar 2021 22:38:59 GMT"
S3A_OL_2_WFR____20200307T064205_20200307T064505_20200308T150209_0179_055_348_2520_MAR_O_NT_002.SEN3,wqsf.nc,5559080,12a8f184741c93c40bf4d44635eb0b9159effea0c0f7b6e4dc19e148b2af2da6,5f7f7ee6c72fd1640aea8880d69ac267,"Mon, 22 Mar 2021 22:38:59 GMT"
S3A_OL_2_WFR____20200308T061554_20200308T061854_20200309T142712_0179_055_362_2520_MAR_O_NT_002.SEN3,chl_oc4me.nc,6344488,1d0c312a5d13211edc0407f2fbc72865dd102930b18df34e71d79cfc4ca62469,63ff95159f0c6f07b8974e4802b6bd87,"Thu, 25 Mar 2021 11:16:37 GMT"
S3A_OL_2_WFR____20200308T061554_20200308T061854_20200309T142712_0179_055_362_2520_MAR_O_NT_002.SEN3,geo_coordinates.nc,59626418,2d9c27d2dd044adbd96e60f78e1e076105e06bddacfedccc4c0338b4be1a4124,b25d90d283e7d77956205e0d7ab476ea-8,"Thu, 25 Mar 2021 11:16:37 GMT"
S3A_OL_2_WFR____20200308T061554_20200308T061854_20200309T142712_0179_055_362_2520_MAR_O_NT_002.SEN3,tie_geo_coordinates.nc,1134879,b2afc534d9e07e194ccd11701cb57ecbcd00e3e0681208b040e0411a2c4af534,248feb4fb78f1bc44ab4ceba9309577d,"Thu, 25 Mar 2021 11:16:36 GMT"
S3A_OL_2_WFR____20200308T061554_20200308T061854_20200309T142712_0179_055_362_2520_MAR_O_NT_002.SEN3,wqsf.nc,7361469,46ec416fe90dc8c496fbbf04d386bd668bb8836220f508b6685b19e564f00937,b6093ab84c4f57149c6f59456332eaf9,"Thu, 25 Mar 2021 11:16:37 GMT"
S3A_OL_2_WFR____20200311T063820_20200311T064120_20200312T140745_0179_056_020_2520_MAR_O_NT_002.SEN3,chl_oc4me.nc,4536769,6b7d6d517c6cb61978d125e18419cd734cbeebe170270d16204e9792c7833fb9,2c1c2c78b563a121ac8130a49b4c52f0,"Mon, 22 Mar 2021 22:36:30 GMT"
S3A_OL_2_WFR____20200311T063820_20200311T064120_20200312T140745_0179_056_020_2520_MAR_O_NT_002.SEN3,geo_coordinates.nc,59755800,6cc6555b44fe83e7872787b7819f69fe347a6a4c881c70be43e1fe6cbcaed3b1,16303524ec1f5f75a2a628e6fce99d34-8,"Mon, 22 Mar 2021 22:36:30 GMT"
S3A_OL_2_WFR____20200311T063820_20200311T064120_20200312T140745_0179_056_020_2520_MAR_O_NT_002.SEN3,tie_geo_coordinates.nc,1139816,811e5800671e8592fdf88d54aac1597b8a7ff070d8fe4138235134fc9fc0e6ba,8dc25965c0da27cc526228cf9b896faa,"Mon, 22 Mar 2021 22:36:30 GMT"
S3A_OL_2_WFR____20200311T063820_20200311T064120_20200312T140745_0179_056_020_2520_MAR_O_NT_002.SEN3,wqsf.nc,5723024,edbc11ffdaac9727cb6e0acc767ecfa1ef1c2d72ffd2e9cbb4569e6d41631bc6,6dd31b8cef67478f9047f4379e4fcb91,"Mon, 22 Mar 2021 22:36:30 GMT"
S3A_OL_2_WFR____20200312T061210_20200312T061510_20200313T150620_0179_056_034_2520_MAR_O_NT_002.SEN3,chl_oc4me.nc,7061220,fcab6237da76e4e97a92182a3cd9f521256910452ee35faf4a2ad02da90a838e,2919a2561b88ddfd0e5dcd6c5d37e255,"Thu, 01 Apr 2021 15:53:15 GMT"
S3A_OL_2_WFR____20200312T061210_20200312T061510_20200313T150620_0179_056_034_2520_MAR_O_NT_002.SEN3,geo_coordinates.nc,59387559,72f4fe2315fcaef2136d451e9980853d0f8f73698f6cfad35e0ba0ae1fb8423d,51f34810ae1b49e977aab4de5bcca188-8,"Thu, 01 Apr 2021 15:53:16 GMT"
S3A_OL_2_WFR____20200312T061210_20200312T061510_20200313T150620_0179_056_034_2520_MAR_O_NT_002.SEN3,tie_geo_coordinates.nc,1137249,51fd89a97e72d89ded6caf7828268f70bc85fd6c6de878c8dd260ae42bbe59cc,35a319e03b48dbacdb891a2502442178,"Thu, 01 Apr 2021 15:53:15 GMT"
S3A_OL_2_WFR____20200312T061210_20200312T061510_20200313T150620_0179_056_034_2520_MAR_O_NT_002.SEN3,wqsf.nc,8262123,518d17b102ed28f56d01bcf15fb2585122bd005f9e4a15f47f4149da38a6a768,645f890c7c0251f30da75550d838479c,"Thu, 01 Apr 2021 15:53:15 GMT"
S3A_OL_2_WFR____20200315T063437_20200315T063737_20200316T140031_0179_056_077_2520_MAR_O_NT_002.SEN3,chl_oc4me.nc,2294985,714878f6a1bcfbec88ddf90be99530bfb574864e03be5103795ec0a82b641298,6e7a7f2f50ae771576cefa86eb98da91,"Thu, 01 Apr 2021 15:52:13 GMT"
S3A_OL_2_WFR____20200315T063437_20200315T063737_20200316T140031_0179_056_077_2520_MAR_O_NT_002.SEN3,geo_coordinates.nc,59917570,044305283ff85d63bad3dd4c4cecd17525b0d2f7d62bdd897921ba275e874892,350aa4cb0e7d3b41ce85181815dd036c-8,"Thu, 01 Apr 2021 15:52:13 GMT"
S3A_OL_2_WFR____20200315T063437_20200315T063737_20200316T140031_0179_056_077_2520_MAR_O_NT_002.SEN3,tie_geo_coordinates.nc,1140313,1cbc244a2c06d9077e91bc5b258c515b47e72c2100660eed5705932c840b7711,fa8bf1a3c4114b1c40a9d25417a2f15e,"Thu, 01 Apr 2021 15:52:13 GMT"
S3A_OL_2_WFR____20200315T063437_20200315T063737_20200316T140031_0179_056_077_2520_MAR_O_NT_002.SEN3,wqsf.nc,5861932,554b3493244401ee79068311e9bc9329a5e1d6dc617be42e6c4056c9a693b151,acdc6a8e105d16b27e3a9fa7ecbe9766,"Thu, 01 Apr 2021 15:52:13 GMT"
S3A_OL_2_WFR____20200316T060826_20200316T061126_20200317T125010_0179_056_091_2520_MAR_O_NT_002.SEN3,chl_oc4me.nc,3360045,be97ac33d35139734c2409dfb8710083d775cad949f4b20237294018ed1d05f3,aace3d6b1878155df57cd473812b6d8c,"Mon, 22 Mar 2021 22:34:13 GMT"
S3A_OL_2_WFR____20200316T060826_20200316T061126_20200317T125010_0179_056_091_2520_MAR_O_NT_002.SEN3,geo_coordinates.nc,59161693,907fd7e110e34e8303aed052c7705c86e060724fb7d07ebda8b92c47b73cc907,f3c1f44382a3704087f0d4926c5133f6-8,"Mon, 22 Mar 2021 22:34:12 GMT"
S3A_OL_2_WFR____20200316T060826_20200316T061126_20200317T125010_0179_056_091_2520_MAR_O_NT_002.SEN3,tie_geo_coordinates.nc,1131390,02381a7e05bbdc1990d4c6809eb978f41da9be76c72916963f9ae99f69dfd809,309e63a3423651e9eca182f429755dab,"Mon, 22 Mar 2021 22:34:12 GMT"
S3A_OL_2_WFR____20200316T060826_20200316T061126_20200317T125010_0179_056_091_2520_MAR_O_NT_002.SEN3,wqsf.nc,9596841,e67ce72955127d42d148a00812500289d66edb8201af3aaed4d84eab9fa95821,04826e3a683e8c687d619f1d42e66700-2,"Mon, 22 Mar 2021 22:34:12 GMT"
S3A_OL_2_WFR____20200318T065704_20200318T070004_20200319T141717_0179_056_120_2520_MAR_O_NT_002.SEN3,tie_geo_coordinates.nc,1134439,a3665965054734201afbf5a511e031434f430e920aa783ac86fbe336eea17c77,0e0eebc85bd964c3a9285750c77f2718,"Thu, 01 Apr 2021 15:51:38 GMT"
S3A_OL_2_WFR____20200319T063053_20200319T063353_20200320T142324_0179_056_134_2520_MAR_O_NT_002.SEN3,chl_oc4me.nc,3006221,e95cd63db07428c003bab92d7cdcd5ab526db3bf80316ddabaf79aff7c446b8d,5c3ed87beac6a22320cad7d890d89562,"Mon, 22 Mar 2021 22:32:26 GMT"
S3A_OL_2_WFR____20200319T063053_20200319T063353_20200320T142324_0179_056_134_2520_MAR_O_NT_002.SEN3,geo_coordinates.nc,59947669,94a9f978766cbc3d616862bbfa519088340c3a4e2a1f1d35cf85cb16bbb42a36,307e8e77e35b9873827e96618be4f467-8,"Mon, 22 Mar 2021 22:32:26 GMT"
S3A_OL_2_WFR____20200319T063053_20200319T063353_20200320T142324_0179_056_134_2520_MAR_O_NT_002.SEN3,tie_geo_coordinates.nc,1135265,6db01e0c20b3e9de338747ce989bfdedaa5087fa1c34727f6f5fa5afe591dcca,d97af640f7a3bfb8aea62681b5b90e20,"Mon, 22 Mar 2021 22:32:26 GMT"
S3A_OL_2_WFR____20200319T063053_20200319T063353_20200320T142324_0179_056_134_2520_MAR_O_NT_002.SEN3,wqsf.nc,6090569,a354b163424c2eadf439c2ac2e702fc1d4c35ef66ed0d5cd52aa6863da26b730,91a3f33eb7cbc6d32dcdb1d546e9689d,"Mon, 22 Mar 2021 22:32:26 GMT"
S3A_OL_2_WFR____20200320T060443_20200320T060743_20200321T141026_0180_056_148_2520_MAR_O_NT_002.SEN3,chl_oc4me.nc,4994448,fa078b61ae9a66584de5343e9c999d24d33ed622da3ba19390e3156dd44aeb46,8b636ee5366dceb13d79122a8bce23e1,"Thu, 25 Mar 2021 11:12:43 GMT"
S3A_OL_2_WFR____20200320T060443_20200320T060743_20200321T141026_0180_056_148_2520_MAR_O_NT_002.SEN3,geo_coordinates.nc,58979398,8ba20aad644dd4515753c9ef3c78c4108af8c597fc4676ec14e3293690f34654,6d2419ec7094d7004ca440547ba7edea-8,"Thu, 25 Mar 2021 11:12:43 GMT"
S3A_OL_2_WFR____20200320T060443_20200320T060743_20200321T141026_0180_056_148_2520_MAR_O_NT_002.SEN3,tie_geo_coordinates.nc,1137424,8a6a7aabd52ef797d134fec36d528366e240289f434945d11e5400605cab6ed2,80b2ebc9b68962627be49b1f6dfe8083,"Thu, 25 Mar 2021 11:12:43 GMT"
S3A_OL_2_WFR____20200320T060443_20200320T060743_20200321T141026_0180_056_148_2520_MAR_O_NT_002.SEN3,wqsf.nc,11114597,770ce5ec98c14a9ec2917b37051cd468107050d6769af79aef035923fb5603fe,389db4f406414eb58eac1b5aa1e84c7f-2,"Thu, 25 Mar 2021 11:12:43 GMT"
S3A_OL_2_WFR____20200322T065321_20200322T065621_20200323T131541_0179_056_177_2520_MAR_O_NT_002.SEN3,chl_oc4me.nc,894679,7fd59326479dbf92a68a5a56128f3c9689ed7400d515227a18f251799ef26277,838c460155c4226a57c6c41aa24bd1ec,"Thu, 25 Mar 2021 11:11:46 GMT"
S3A_OL_2_WFR____20200322T065321_20200322T065621_20200323T131541_0179_056_177_2520_MAR_O_NT_002.SEN3,geo_coordinates.nc,59154694,0607f190447665247ff8971c9fce4afab12bf6c2fc1d8977fc8b7ea30ccc19b4,ce6619c1c7d9b00095dd7d0e13cac6a7-8,"Thu, 25 Mar 2021 11:11:46 GMT"
S3A_OL_2_WFR____20200322T065321_20200322T065621_20200323T131541_0179_056_177_2520_MAR_O_NT_002.SEN3,tie_geo_coordinates.nc,1140533,5f8a38b44c4dbd5360663a90f5595b6cfc052223f508b126b8a0ef524a9b841a,e9e5736a655103fe269c7a4a61e0b8da,"Thu, 25 Mar 2021 11:11:46 GMT"
S3A_OL_2_WFR____20200322T065321_20200322T065621_20200323T131541_0179_056_177_2520_MAR_O_NT_002.SEN3,wqsf.nc,5356408,8d0bc7e3b237fca4b15515fd180102ca6e788901e1dfd4ce51f6714c0f7562a0,3f9e26c8c43b3a5add8561320d87bc5c,"Thu, 25 Mar 2021 11:11:46 GMT"
S3A_OL_2_WFR____20200323T062710_20200323T063010_20200324T135249_0179_056_191_2520_MAR_O_NT_002.SEN3,chl_oc4me.nc,3651034,753cd13ea5c34b3f670f32789700d8221a1ab3f5875785e1aeb88b1c8ee5f742,7bfc10e687a52fc6b847106cb7c3eb5e,"Mon, 22 Mar 2021 22:29:55 GMT"
S3A_OL_2_WFR____20200323T062710_20200323T063010_20200324T135249_0179_056_191_2520_MAR_O_NT_002.SEN3,geo_coordinates.nc,59998332,e6b96fc90bb4e53730a841e21c20840c815b11dfd08f403df565e3821bf6e278,c04bcd8b8ccc804142eb58f4d5cadaca-8,"Mon, 22 Mar 2021 22:29:54 GMT"
S3A_OL_2_WFR____20200323T062710_20200323T063010_20200324T135249_0179_056_191_2520_MAR_O_NT_002.SEN3,tie_geo_coordinates.nc,1137213,25afbf851348398f35f131a3a9dc3fc26ef54fa325132ad6f6f8713424a77f57,48ecd797b33f8d07be306f362bbbceff,"Mon, 22 Mar 2021 22:29:54 GMT"
S3A_OL_2_WFR____20200323T062710_20200323T063010_20200324T135249_0179_056_191_2520_MAR_O_NT_002.SEN3,wqsf.nc,7260148,37003949e8765d1bdc630bf42a5ed4e92ebe310d6e025691a1eaa76a799b9c73,22d4f1da742d1f15cb7891e2f8237db2,"Mon, 22 Mar 2021 22:29:55 GMT"
S3A_OL_2_WFR____20200324T060059_20200324T060359_20200325T150052_0179_056_205_2520_MAR_O_NT_002.SEN3,chl_oc4me.nc,6514219,2b723712d0d198710ebfc9ba2bd0d3ef09d42f44813f91aebd0cdd245ae638c7,bd2da823390aee4afffb79ba96527c0f,"Thu, 01 Apr 2021 15:50:34 GMT"
S3A_OL_2_WFR____20200324T060059_20200324T060359_20200325T150052_0179_056_205_2520_MAR_O_NT_002.SEN3,geo_coordinates.nc,58805535,ed55db0a6e9e84b3ef7f399293042505f60bbac95dad3fc9458efdc7cf398cea,775f1dce2a1de0241cbc0b4f472aa546-8,"Thu, 01 Apr 2021 15:50:34 GMT"
S3A_OL_2_WFR____20200324T060059_20200324T060359_20200325T150052_0179_056_205_2520_MAR_O_NT_002.SEN3,tie_geo_coordinates.nc,1134446,d568883c55121f7e67858cb7c617bdff0b36b23e774c4dc508f8fa4f13a1f2a5,ad1c0e341646cd38a7c9a033928b0c67,"Thu, 01 Apr 2021 15:50:33 GMT"
S3A_OL_2_WFR____20200324T060059_20200324T060359_20200325T150052_0179_056_205_2520_MAR_O_NT_002.SEN3,wqsf.nc,10645012,c512481c828c1399ede95a2fbe56a435e76d523df7036e56e38710a3af1aeb6b,988822d1ad7bdbbf04b42ce070e4eae2-2,"Thu, 01 Apr 2021 15:50:34 GMT"
S3A_OL_2_WFR____20200326T064937_20200326T065237_20200327T135057_0179_056_234_2520_MAR_O_NT_002.SEN3,chl_oc4me.nc,1326459,a2fa48e1966a5ac64b5351fc725df7832a3028d347411cb430a61d680913a64f,b82c3919de2a17b3655ca0ae87edae98,"Thu, 01 Apr 2021 15:49:32 GMT"
S3A_OL_2_WFR____20200326T064937_20200326T065237_20200327T135057_0179_056_234_2520_MAR_O_NT_002.SEN3,geo_coordinates.nc,59200561,e3bcd68141ccaad45f7d876061601c960ebb5cce82e7c244402a0745f87f0c37,49010758277667c2334a9fa06e3300ca-8,"Thu, 01 Apr 2021 15:49:32 GMT"
S3A_OL_2_WFR____20200326T064937_20200326T065237_20200327T135057_0179_056_234_2520_MAR_O_NT_002.SEN3,tie_geo_coordinates.nc,1138510,354a341af8883850c62c47cebd0d2c5a2d6ae2fad87c73624d02c55d8af4ecba,2eea44a7edd421dc8bfc9483ae5d171d,"Thu, 01 Apr 2021 15:49:32 GMT"
S3A_OL_2_WFR____20200326T064937_20200326T065237_20200327T135057_0179_056_234_2520_MAR_O_NT_002.SEN3,wqsf.nc,4731506,4c38f8a86b9907d20b58ac4be429ccea2f674c32a4d4cb948c3f1e80d48dafaa,607d25ba876da88733222a1dbaa3894b,"Thu, 01 Apr 2021 15:49:33 GMT"
S3A_OL_2_WFR____20200327T062326_20200327T062626_20200328T134428_0179_056_248_2520_MAR_O_NT_002.SEN3,chl_oc4me.nc,3815703,1c6fb2a440a824d5f6d19eba8ce2be5ec3d0e23d91297147c6b833aa56b25c65,4a1fc07d9ea8c7cf496ae7b209bcee6c,"Mon, 22 Mar 2021 22:27:02 GMT"
S3A_OL_2_WFR____20200327T062326_20200327T062626_20200328T134428_0179_056_248_2520_MAR_O_NT_002.SEN3,geo_coordinates.nc,59966459,cfbe173fd9489b4786460c56bc2f8610a535ba8e9b122b968d46822ce72e350e,ebf0454662706b88894280fde9057ee1-8,"Mon, 22 Mar 2021 22:27:01 GMT"
S3A_OL_2_WFR____20200327T062326_20200327T062626_20200328T134428_0179_056_248_2520_MAR_O_NT_002.SEN3,tie_geo_coordinates.nc,1135564,5ce9c76d615444c1db2d87843fa8246b9284320f44b7c93c64eb9a500e6038b7,1549f81f223887dfe924ef9de53fc7c9,"Mon, 22 Mar 2021 22:27:02 GMT"
S3A_OL_2_WFR____20200327T062326_20200327T062626_20200328T134428_0179_056_248_2520_MAR_O_NT_002.SEN3,wqsf.nc,6509763,9b59dcbabf63b3226f7408f567efa27a5c2dbc2052e8556516a49438217be416,b63b266fb721b887e834c96ecca8ed3e,"Mon, 22 Mar 2021 22:27:02 GMT"
S3A_OL_2_WFR____20200328T055716_20200328T060016_20200329T135605_0179_056_262_2520_MAR_O_NT_002.SEN3,chl_oc4me.nc,8532677,ab009f5e60ee393313ea7c3944695a56917ca041fa8c9b519ee2d5641d997a04,38ad88eac9f24ebc137d5562b64dea2a-2,"Thu, 25 Mar 2021 11:10:11 GMT"
S3A_OL_2_WFR____20200328T055716_20200328T060016_20200329T135605_0179_056_262_2520_MAR_O_NT_002.SEN3,geo_coordinates.nc,58505352,4039d1d56469b21c14e8c5fa2c0fec9045799a0d4f0cd308827edf2dab1f528c,5c0e9cd4bc1283b0e11e233e44e9a3cb-7,"Thu, 25 Mar 2021 11:10:11 GMT"
S3A_OL_2_WFR____20200328T055716_20200328T060016_20200329T135605_0179_056_262_2520_MAR_O_NT_002.SEN3,tie_geo_coordinates.nc,1139434,794411cc5502a034ddb9780217c52932e3e4f263136174ed44ec0bc7ec03624c,881a27561346cd93a455fdbe298a1b52,"Thu, 25 Mar 2021 11:10:11 GMT"
S3A_OL_2_WFR____20200328T055716_20200328T060016_20200329T135605_0179_056_262_2520_MAR_O_NT_002.SEN3,wqsf.nc,9201671,5d7bf89b5535e0aa02f5fa2b8a3a3cfb23ac3311a4c6c5cb2fdefce029984aa6,290d3e82ef3e19008c116937dff27c96-2,"Thu, 25 Mar 2021 11:10:11 GMT"
S3A_OL_2_WFR____20200330T064554_20200330T064854_20200331T142958_0179_056_291_2520_MAR_O_NT_002.SEN3,chl_oc4me.nc,3393969,8f660e2d3c54812cdea1d6b6314e255ebb04434776b0bf57faff1b18ce81d02f,ec73d077858316b1ae85c390a28f9eef,"Thu, 25 Mar 2021 11:08:53 GMT"
S3A_OL_2_WFR____20200330T064554_20200330T064854_20200331T142958_0179_056_291_2520_MAR_O_NT_002.SEN3,geo_coordinates.nc,59376669,bb3a0a9df4c9ae3ea46cabecf9bac1a154a57a984048ad91ddb3ccea3f17f7cf,b9cdb3c073215b91bf6b625723871f11-8,"Thu, 25 Mar 2021 11:08:53 GMT"
S3A_OL_2_WFR____20200330T064554_20200330T064854_20200331T142958_0179_056_291_2520_MAR_O_NT_002.SEN3,tie_geo_coordinates.nc,1135545,f646610bebe5a9294edee80c7055238103fca346cc5275f893c4c4ea964904ca,998345217d73c738bb9702257bedb6c7,"Thu, 25 Mar 2021 11:08:53 GMT"
S3A_OL_2_WFR____20200330T064554_20200330T064854_20200331T142958_0179_056_291_2520_MAR_O_NT_002.SEN3,wqsf.nc,5633834,6a7bf662d984e99df72e559b62ecf70e0acbe36651431d8c60ee2a68d4271ac8,de3403f2cbd125958b26e9595be5ef75,"Thu, 25 Mar 2021 11:08:53 GMT"
S3A_OL_2_WFR____20200331T061943_20200331T062243_20200401T162041_0179_056_305_2520_MAR_O_NT_002.SEN3,chl_oc4me.nc,5337767,bf06f55016fc4936bd9b0c5b5183d6e760f71647c5bded7892b3f415a6f23aaa,ee849bdfe6b3ad535e67ad7d2e1553c8,"Mon, 22 Mar 2021 22:24:49 GMT"
S3A_OL_2_WFR____20200331T061943_20200331T062243_20200401T162041_0179_056_305_2520_MAR_O_NT_002.SEN3,geo_coordinates.nc,59821942,52b312d9c8a954d1fa44adf9446a2b3b6fc4e3121bdafb268e19c57b7b31e31e,f9361c3a42b90d3750af8cc59b7395f6-8,"Mon, 22 Mar 2021 22:24:49 GMT"
S3A_OL_2_WFR____20200331T061943_20200331T062243_20200401T162041_0179_056_305_2520_MAR_O_NT_002.SEN3,tie_geo_coordinates.nc,1141221,52a527b879efd8d7a99eedf1fb566e295152aa05da325961301ad63aa642fe7b,7cfea77eec08ba7f59778c205c863e11,"Mon, 22 Mar 2021 22:24:49 GMT"
S3A_OL_2_WFR____20200331T061943_20200331T062243_20200401T162041_0179_056_305_2520_MAR_O_NT_002.SEN3,wqsf.nc,6675951,defc5b4f62fe00bb32a42abd6116c5d451dc617fdad3b8e49cc7c764d8f273c5,34186a4adec1193fcd8cae0d59be0e60,"Mon, 22 Mar 2021 22:24:49 GMT"
S3A_OL_2_WFR____20200403T064210_20200403T064510_20200404T150958_0179_056_348_2520_MAR_O_NT_002.SEN3,chl_oc4me.nc,1140407,2d1818087b819b5f76f7e1dfcc50d6e7077d5522a5d4663d54ae90f2d2d66a6d,1cf16a3599b8915ac7ba434fbd994c75,"Mon, 22 Mar 2021 22:23:14 GMT"
S3A_OL_2_WFR____20200403T064210_20200403T064510_20200404T150958_0179_056_348_2520_MAR_O_NT_002.SEN3,geo_coordinates.nc,59551235,b349a0aaaa1e6dffabfc3ed9bb5b53a7299615af843a8b49c449cbd7a72e49c0,318f1c57088d320ecf52330a5148fb04-8,"Mon, 22 Mar 2021 22:23:14 GMT"
S3A_OL_2_WFR____20200403T064210_20200403T064510_20200404T150958_0179_056_348_2520_MAR_O_NT_002.SEN3,tie_geo_coordinates.nc,1139286,79b7b15062a291dfff37ff8c1668af2bdb4c6d87206c1d8aa3038501c462b7ca,dc7d7107107bd8cd366d8dd5287d6531,"Mon, 22 Mar 2021 22:23:14 GMT"
S3A_OL_2_WFR____20200403T064210_20200403T064510_20200404T150958_0179_056_348_2520_MAR_O_NT_002.SEN3,wqsf.nc,4741137,142e6161abbdf6c12cb20b029e9d8533dfe025882477f81d2adbe3742e95ea9b,2bba1afea58958dca40b634c57e3e19b,"Mon, 22 Mar 2021 22:23:14 GMT"
S3A_OL_2_WFR____20200404T061559_20200404T061859_20200405T151013_0179_056_362_2520_MAR_O_NT_002.SEN3,chl_oc4me.nc,3832471,a376b1d8c39e4a1b7468ec3b12b76a51f3ef47de966d9020f514fd3e3db3e150,ce80a470beb23bfc19a03c66b66b859c,"Thu, 01 Apr 2021 15:47:28 GMT"
S3A_OL_2_WFR____20200404T061559_20200404T061859_20200405T151013_0179_056_362_2520_MAR_O_NT_002.SEN3,geo_coordinates.nc,59650968,538da7f5f1d73f7f44c203b5a24d3c7e8af8ffb78f7c63f48c6a6e5794b296f9,3f9a6e2420a0381b52d3cc93668a2d3b-8,"Thu, 01 Apr 2021 15:47:29 GMT"
S3A_OL_2_WFR____20200404T061559_20200404T061859_20200405T151013_0179_056_362_2520_MAR_O_NT_002.SEN3,tie_geo_coordinates.nc,1136398,d5482fb81c70bb350a3f6b52b983dfe2ae24d0cff7f10d2b619f896ffb1744de,d9c3362c30ff841a8bee1dbffda04fd5,"Thu, 01 Apr 2021 15:47:28 GMT"
S3A_OL_2_WFR____20200404T061559_20200404T061859_20200405T151013_0179_056_362_2520_MAR_O_NT_002.SEN3,wqsf.nc,7931124,ad74b1947d7e4756311e2f045090026e4c0640b760d19b58b614ad76db0164e1,df64651c1335fb40f2720bd0ef687e20,"Thu, 01 Apr 2021 15:47:28 GMT"
S3A_OL_2_WFR____20200407T063826_20200407T064126_20200408T160435_0179_057_020_2520_MAR_O_NT_002.SEN3,chl_oc4me.nc,2465030,c7cd8a329370be9fc396ce18b359b26f4957c8eab6f9120a33b5a83b9ff4d2ad,4c18782eb0c043be7842c62c12f7b0f5,"Mon, 22 Mar 2021 22:20:48 GMT"
S3A_OL_2_WFR____20200407T063826_20200407T064126_20200408T160435_0179_057_020_2520_MAR_O_NT_002.SEN3,geo_coordinates.nc,59760141,d97d0d2d6634ae966ab5a68d2bc072ceb810a7c030a5dc0b1ce06437902985d7,af257e5ec0c7e9eef943bbe120040a38-8,"Mon, 22 Mar 2021 22:20:48 GMT"
S3A_OL_2_WFR____20200407T063826_20200407T064126_20200408T160435_0179_057_020_2520_MAR_O_NT_002.SEN3,tie_geo_coordinates.nc,1138619,cc15a60943b0abd4d616ca598bc51033f2817317989826e6b542a1ca138e2788,0dd8c7597f55aa8243638d21636bb60d,"Mon, 22 Mar 2021 22:20:48 GMT"
S3A_OL_2_WFR____20200407T063826_20200407T064126_20200408T160435_0179_057_020_2520_MAR_O_NT_002.SEN3,wqsf.nc,4707513,9dddc6bd340236d93a4e178038609ef77c99f064902dd6acd429c9aad1bd563a,38b947c7054027f05de306e10a655682,"Mon, 22 Mar 2021 22:20:48 GMT"
S3A_OL_2_WFR____20200408T061216_20200408T061516_20200409T153630_0179_057_034_2520_MAR_O_NT_002.SEN3,chl_oc4me.nc,6041286,a7849ab17e1ec5ab99cae8660f9293cefa3ed5e700c1d50be1c45dca62e70792,08fdeb69c813226c8ff57b85fedf4563,"Thu, 25 Mar 2021 11:05:41 GMT"
S3A_OL_2_WFR____20200408T061216_20200408T061516_20200409T153630_0179_057_034_2520_MAR_O_NT_002.SEN3,geo_coordinates.nc,59389771,8d88eb10e320e3257b70130b364bd529b738a43b0d0f7ddabb62cd3771c339cb,d638ff4e39d511a465686525ce05656b-8,"Thu, 25 Mar 2021 11:05:41 GMT"
S3A_OL_2_WFR____20200408T061216_20200408T061516_20200409T153630_0179_057_034_2520_MAR_O_NT_002.SEN3,tie_geo_coordinates.nc,1132826,8abb2139db11d41d8419a816c8f3539e8c16e4766deffdbd48afa80d2b374bfa,3bc7196c674cfcaaaf49560fbe7cb8b0,"Thu, 25 Mar 2021 11:05:40 GMT"
S3A_OL_2_WFR____20200408T061216_20200408T061516_20200409T153630_0179_057_034_2520_MAR_O_NT_002.SEN3,wqsf.nc,8224927,78dc4ab4a16d9f45246e0babadcf8117c18bff027d7b353cfb94ff8ac8652087,578be0a5a7503362dd2eb202254c0678,"Thu, 25 Mar 2021 11:05:41 GMT"
S3A_OL_2_WFR____20200411T063442_20200411T063742_20200412T134658_0179_057_077_2520_MAR_O_NT_002.SEN3,chl_oc4me.nc,976239,2d95f74851b7bd6caf58875e17b943a896ec83ea0f15f0c6276be319af882467,b098bdc241df7c400f090778ae2080cf,"Mon, 22 Mar 2021 22:18:17 GMT"
S3A_OL_2_WFR____20200411T063442_20200411T063742_20200412T134658_0179_057_077_2520_MAR_O_NT_002.SEN3,geo_coordinates.nc,59918104,3765d9358ac7415bdc888788297745bbd1cb6fb93f44f749610544a50e456f3a,35aa2f2a9e71f0379b283363d2c7d02e-8,"Mon, 22 Mar 2021 22:18:17 GMT"
S3A_OL_2_WFR____20200411T063442_20200411T063742_20200412T134658_0179_057_077_2520_MAR_O_NT_002.SEN3,tie_geo_coordinates.nc,1138791,14327924105069b1089604e05ea54ef3a72c08d9b88e1218aec720104d976495,1fd4defb28439d7b398d32ebaeb95ca0,"Mon, 22 Mar 2021 22:18:17 GMT"
S3A_OL_2_WFR____20200411T063442_20200411T063742_20200412T134658_0179_057_077_2520_MAR_O_NT_002.SEN3,wqsf.nc,3682354,6c7eff74277b5af3eb8f3741c2e1fdf1184244c459fb0ff3ec18c88775f210ab,0670e67d8418f240cd7e1d4e73fdb5da,"Mon, 22 Mar 2021 22:18:17 GMT"
S3A_OL_2_WFR____20200412T060832_20200412T061132_20200413T145623_0179_057_091_2520_MAR_O_NT_002.SEN3,chl_oc4me.nc,5800460,8d46512d0e0b3946d5ba7a640d152c717295dc98cdde6e8afc80d1019e4d8034,7084c6b5c08814db47cbfab04514e50f,"Thu, 01 Apr 2021 15:44:40 GMT"
S3A_OL_2_WFR____20200412T060832_20200412T061132_20200413T145623_0179_057_091_2520_MAR_O_NT_002.SEN3,geo_coordinates.nc,59151606,b59875dfb7736a9bf0efd114767fde58a8c69321a967ea4c71d1f363c884250b,c46024a8413a13feed3c85e23711d89f-8,"Thu, 01 Apr 2021 15:44:40 GMT"
S3A_OL_2_WFR____20200412T060832_20200412T061132_20200413T145623_0179_057_091_2520_MAR_O_NT_002.SEN3,tie_geo_coordinates.nc,1130419,923bba69ad5ef50151fc3d222b3859118406d3d3d433223fd64aba2a02aabee9,e7e5b954cc7c5149c89cf978935c5590,"Thu, 01 Apr 2021 15:44:39 GMT"
S3A_OL_2_WFR____20200412T060832_20200412T061132_20200413T145623_0179_057_091_2520_MAR_O_NT_002.SEN3,wqsf.nc,7750600,aed49061d28df6d8ed79c863e169f7979c2583991c8c8c981e12063f57df413a,a1658b9acf03b489fc22863057a31546,"Thu, 01 Apr 2021 15:44:40 GMT"
S3A_OL_2_WFR____20200414T065709_20200414T070009_20200415T155114_0180_057_120_2520_MAR_O_NT_002.SEN3,tie_geo_coordinates.nc,1136588,d683ae0eb17efd93e3b72da69805c9403f0ba8f4369911b4f8bb2e09f0e9c42a,085177c10d491c4ce33378f07d5e6baa,"Mon, 22 Mar 2021 22:16:47 GMT"
S3A_OL_2_WFR____20200415T063059_20200415T063359_20200416T142615_0180_057_134_2520_MAR_O_NT_002.SEN3,chl_oc4me.nc,530725,f58b63a297c71ed39877e74a81874191843ea9f13966b08bf2808d0b55f28ad5,b0d57d06fc280b468d0580f15b6a5610,"Thu, 01 Apr 2021 15:43:41 GMT"
S3A_OL_2_WFR____20200415T063059_20200415T063359_20200416T142615_0180_057_134_2520_MAR_O_NT_002.SEN3,geo_coordinates.nc,59947206,b559fd337214e8f69f98ba351920d4d7ef063fe4b3563bb3ad410d6e6d11eb95,2bd4def306f75b05c16c242321029279-8,"Thu, 01 Apr 2021 15:43:42 GMT"
S3A_OL_2_WFR____20200415T063059_20200415T063359_20200416T142615_0180_057_134_2520_MAR_O_NT_002.SEN3,tie_geo_coordinates.nc,1141487,df35cf7593f4d6057d067fbaf02eeb4bbb8dd7394a18adff747b83b93b0c769a,7c707bfae8cc34c39508bcb96bdf6418,"Thu, 01 Apr 2021 15:43:41 GMT"
S3A_OL_2_WFR____20200415T063059_20200415T063359_20200416T142615_0180_057_134_2520_MAR_O_NT_002.SEN3,wqsf.nc,2752004,d3738c6c21e27296bfb30abf299ac2e16727b38d0bbf6ba8737da6f2354435ab,443c6225236ea7cc0e5f198d8d4e8cc0,"Thu, 01 Apr 2021 15:43:42 GMT"
S3A_OL_2_WFR____20200416T060448_20200416T060748_20200417T151002_0179_057_148_2520_MAR_O_NT_002.SEN3,chl_oc4me.nc,2634154,97452ccf2b8524a51e800be2fa95219068f49a5ffd6961daa0f417723d363c3c,a3d4a9d1f48a618d10a7b06943814c36,"Mon, 22 Mar 2021 22:16:03 GMT"
S3A_OL_2_WFR____20200416T060448_20200416T060748_20200417T151002_0179_057_148_2520_MAR_O_NT_002.SEN3,geo_coordinates.nc,58990091,021bedb16be29cb8d64c7a8b6b45f1c2d329f737079e1908e369e4464640349f,56d25d42fd7c37a508fdf064ea804977-8,"Mon, 22 Mar 2021 22:16:03 GMT"
S3A_OL_2_WFR____20200416T060448_20200416T060748_20200417T151002_0179_057_148_2520_MAR_O_NT_002.SEN3,tie_geo_coordinates.nc,1134953,690900c8519e2e89e9d7ac8e59e3c3078f0f69675d8ef30ff41724801d58c545,d91c90f47548dd03554e1d4079e57ba6,"Mon, 22 Mar 2021 22:16:03 GMT"
S3A_OL_2_WFR____20200416T060448_20200416T060748_20200417T151002_0179_057_148_2520_MAR_O_NT_002.SEN3,wqsf.nc,5289105,1a0cb6fd59af90593646d5ff51ab95827b498c6ceb48fbff2296ee8aaf6efce9,96f3f1e2cf654e92059867d135279e28,"Mon, 22 Mar 2021 22:16:03 GMT"
S3A_OL_2_WFR____20200418T065326_20200418T065626_20200419T152917_0179_057_177_2520_MAR_O_NT_002.SEN3,chl_oc4me.nc,462442,662b35a6081a7f2c0413adadc7e8ba1a141e0890b6461ae72906c085e0fb203b,99813e2baf4e5dc92973d90f2aa50c2a,"Mon, 22 Mar 2021 22:14:25 GMT"
S3A_OL_2_WFR____20200418T065326_20200418T065626_20200419T152917_0179_057_177_2520_MAR_O_NT_002.SEN3,geo_coordinates.nc,59146275,81a78e19a5929139c8661929ea63300cbef5ab725a48ca92c7e4f5884ffa54a1,fed5dd0e36ef5dc06c68bf9cccf30240-8,"Mon, 22 Mar 2021 22:14:25 GMT"
S3A_OL_2_WFR____20200418T065326_20200418T065626_20200419T152917_0179_057_177_2520_MAR_O_NT_002.SEN3,tie_geo_coordinates.nc,1134565,f2336f1b453d84fb418017b12fd8cf3d97695553dce58598f86a1e54a8101694,ccbe4d255c8ff0258397b122669fdefd,"Mon, 22 Mar 2021 22:14:25 GMT"
S3A_OL_2_WFR____20200418T065326_20200418T065626_20200419T152917_0179_057_177_2520_MAR_O_NT_002.SEN3,wqsf.nc,3641127,8ac62e7a8fd0548d1ba8c337cd5419dde45c1772089279a79b59b119ef0bb100,63dbf1008e975bbc77b5090bcccbbde9,"Mon, 22 Mar 2021 22:14:25 GMT"
S3A_OL_2_WFR____20200419T062715_20200419T063015_20200420T150750_0179_057_191_2520_MAR_O_NT_002.SEN3,chl_oc4me.nc,1884933,898bca1b917313695d0a66ab675fe98cec58b48f53f11d4c69555ff468b4fae5,a4a59d341130c120d81cc71f755c94a3,"Thu, 25 Mar 2021 11:02:36 GMT"
S3A_OL_2_WFR____20200419T062715_20200419T063015_20200420T150750_0179_057_191_2520_MAR_O_NT_002.SEN3,geo_coordinates.nc,59986815,631fd0147c8f6969bb360196784a3e1efc791735526cf16c2cbedc6c94fb45d5,f9ab65402b31c9169941e47e74bac215-8,"Thu, 25 Mar 2021 11:02:36 GMT"
S3A_OL_2_WFR____20200419T062715_20200419T063015_20200420T150750_0179_057_191_2520_MAR_O_NT_002.SEN3,tie_geo_coordinates.nc,1137433,66352e8626475899f4bfe10e9bf2405b037252dfac5fc15ef88020ba3e0b107c,df9ae19588b91a2a5a3a18e2293b2955,"Thu, 25 Mar 2021 11:02:36 GMT"
S3A_OL_2_WFR____20200419T062715_20200419T063015_20200420T150750_0179_057_191_2520_MAR_O_NT_002.SEN3,wqsf.nc,4380223,ce18e85e718ef340418194c5e192d31053763abee806034964e1b3a96af0db40,2ad415cdf5c369a1e134aa2befd8f95f,"Thu, 25 Mar 2021 11:02:36 GMT"
S3A_OL_2_WFR____20200420T060104_20200420T060404_20200421T141622_0179_057_205_2520_MAR_O_NT_002.SEN3,chl_oc4me.nc,7786652,fb2e16c14684baa62f499efe7a6e81fc58f6c0ee432c504b5591b27699bd217a,b41c38f258f17f627053382d503ef415,"Mon, 22 Mar 2021 22:13:50 GMT"
S3A_OL_2_WFR____20200420T060104_20200420T060404_20200421T141622_0179_057_205_2520_MAR_O_NT_002.SEN3,geo_coordinates.nc,58780370,570468e82e1a297dfd5c701fed7c32082dbc57b132c04f646c72a130bf39749a,4de3c267819325f3854b6bcaa0215ce0-8,"Mon, 22 Mar 2021 22:13:50 GMT"
S3A_OL_2_WFR____20200420T060104_20200420T060404_20200421T141622_0179_057_205_2520_MAR_O_NT_002.SEN3,tie_geo_coordinates.nc,1138701,5a09cdd1a53e01251d009490d405de876731cc1cd453281d4882c1b950b8e679,23004266b95190f5f36f6d38d15e60e7,"Mon, 22 Mar 2021 22:13:50 GMT"
S3A_OL_2_WFR____20200420T060104_20200420T060404_20200421T141622_0179_057_205_2520_MAR_O_NT_002.SEN3,wqsf.nc,7931289,5e2a3f95ddbaa960065a0302e20a0e259184b60a785e47283a5a24271d5ac682,7b4a0886374c1460cecbc466eca5e1f0,"Mon, 22 Mar 2021 22:13:50 GMT"
S3A_OL_2_WFR____20200422T064942_20200422T065242_20200423T153302_0179_057_234_2520_MAR_O_NT_002.SEN3,chl_oc4me.nc,2859755,f6102b441c51174215a1ba6b9bee1bf510bc3510b756b35ab6375fd0b6b4f498,9ddf773e6202d30888573f1f3f4f8897,"Mon, 22 Mar 2021 22:12:01 GMT"
S3A_OL_2_WFR____20200422T064942_20200422T065242_20200423T153302_0179_057_234_2520_MAR_O_NT_002.SEN3,geo_coordinates.nc,59207301,4c3bda7c3305167aa459b01896cc18ee1094275bc8f0b768cb33c7933204d9b6,a2d818ea1dfca21a3b3dd5f28c082b45-8,"Mon, 22 Mar 2021 22:12:01 GMT"
S3A_OL_2_WFR____20200422T064942_20200422T065242_20200423T153302_0179_057_234_2520_MAR_O_NT_002.SEN3,tie_geo_coordinates.nc,1136614,35eec0da5ffc69dc6d6369824d20ff8564a0175595489f30f41d93c5b84f7f23,e72bdda9295164cf4e998c1c5de6d3d9,"Mon, 22 Mar 2021 22:12:01 GMT"
S3A_OL_2_WFR____20200422T064942_20200422T065242_20200423T153302_0179_057_234_2520_MAR_O_NT_002.SEN3,wqsf.nc,3886073,4021caa4babdec6f93e5a1e95f7bb33eb7b066b2bd1743bfe3c931211ed1b632,3d9c07a8948d6fbc485f3523adad9c95,"Mon, 22 Mar 2021 22:12:01 GMT"
S3A_OL_2_WFR____20200423T062331_20200423T062631_20200424T163629_0179_057_248_2520_MAR_O_NT_002.SEN3,chl_oc4me.nc,5382772,5186a84de1d333415cd70bf9f4d9c368ce5447666e431fc32716667c9f1240a0,b9951149de0828125577b9b65575f574,"Thu, 01 Apr 2021 15:41:48 GMT"
S3A_OL_2_WFR____20200423T062331_20200423T062631_20200424T163629_0179_057_248_2520_MAR_O_NT_002.SEN3,geo_coordinates.nc,59978507,bfe9030bf65661ab47d76be536ba3635512cd8656c4ab17a64d5ab875becdd3e,b03587f096a0dd1061e5b0acbb47d32e-8,"Thu, 01 Apr 2021 15:41:48 GMT"
S3A_OL_2_WFR____20200423T062331_20200423T062631_20200424T163629_0179_057_248_2520_MAR_O_NT_002.SEN3,tie_geo_coordinates.nc,1140729,d208cbff5208d527e83ebef1a11a62f853810715ababf0dc0626c5af0ffb72c4,abfe58768610e55fca873f94ade63db6,"Thu, 01 Apr 2021 15:41:48 GMT"
S3A_OL_2_WFR____20200423T062331_20200423T062631_20200424T163629_0179_057_248_2520_MAR_O_NT_002.SEN3,wqsf.nc,6543639,bdc4fb4dd829cd13ec6747d5f716e0c25feb4ef2dd426716e5e79974a8bab81f,83a15533bcc3ef15a896b4c9cd7d374b,"Thu, 01 Apr 2021 15:41:48 GMT"
S3A_OL_2_WFR____20200424T055720_20200424T060020_20200425T143413_0180_057_262_2520_MAR_O_NT_002.SEN3,chl_oc4me.nc,9200360,3646defe9043bf25e343101622d10e71e30c4616633e3ebf5be705b6886b0982,d6ed71f58d751413a499fa89c19f26e9-2,"Mon, 22 Mar 2021 22:11:16 GMT"
S3A_OL_2_WFR____20200424T055720_20200424T060020_20200425T143413_0180_057_262_2520_MAR_O_NT_002.SEN3,geo_coordinates.nc,58560138,1f61a311e24a389a83edd165d288393b829e96c6a8fc4d8dc09d4d9e3c185e5d,b92b8be6edc995063e59f7b8cea4af02-7,"Mon, 22 Mar 2021 22:11:16 GMT"
S3A_OL_2_WFR____20200424T055720_20200424T060020_20200425T143413_0180_057_262_2520_MAR_O_NT_002.SEN3,tie_geo_coordinates.nc,1133436,1a3935db3215831ecef0d571b7d8d41b5d8dcfd20ac3667b30cc3a8da1daf8b9,441c17462b95dcd873e543e21f6a0b82,"Mon, 22 Mar 2021 22:11:16 GMT"
S3A_OL_2_WFR____20200424T055720_20200424T060020_20200425T143413_0180_057_262_2520_MAR_O_NT_002.SEN3,wqsf.nc,8287969,a86606c353248d3af0aac38e40199f2250a5c8abb57a64afc7b5872c61866cde,986d276e821fbfb047d73f78d9923179,"Mon, 22 Mar 2021 22:11:16 GMT"
S3A_OL_2_WFR____20200426T064558_20200426T064858_20200427T144051_0179_057_291_2520_MAR_O_NT_002.SEN3,chl_oc4me.nc,1669738,706690d629301364164ed7f20501c0b8f92c406d609f72583863e6bc29eb5537,ab576baee3b1567b8f418596d2211caf,"Mon, 22 Mar 2021 22:09:29 GMT"
S3A_OL_2_WFR____20200426T064558_20200426T064858_20200427T144051_0179_057_291_2520_MAR_O_NT_002.SEN3,geo_coordinates.nc,59368001,44a2396ed1f3eb1c5a96dba4aef68adcbd60d0a78179e4d11a1196d2dafdf1d5,32690ad14619f515e647aadd7ef26852-8,"Mon, 22 Mar 2021 22:09:29 GMT"
S3A_OL_2_WFR____20200426T064558_20200426T064858_20200427T144051_0179_057_291_2520_MAR_O_NT_002.SEN3,tie_geo_coordinates.nc,1138735,15872f3cefe95197bd41a32bcdaf889e074f3bdb489c3697a53c30f55d471d6a,d56cff22026dfa8ce1d5f79e26d2e2c6,"Mon, 22 Mar 2021 22:09:29 GMT"
S3A_OL_2_WFR____20200426T064558_20200426T064858_20200427T144051_0179_057_291_2520_MAR_O_NT_002.SEN3,wqsf.nc,5063916,4c83a52b55e8e9b6b6257eeb31dfe6cf28e825a9877eeb9c9d279cb897874844,026f5269dcf11bc4513e5c7e2734fb8f,"Mon, 22 Mar 2021 22:09:29 GMT"
S3A_OL_2_WFR____20200427T061947_20200427T062247_20200428T143033_0179_057_305_2520_MAR_O_NT_002.SEN3,chl_oc4me.nc,4291380,ec54803094fdccabb0b9013a9fb536b4498dcc05720ab3f9aa099906bc5b7574,ab4bad9696e9589895250120e20ebce9,"Thu, 25 Mar 2021 11:00:13 GMT"
S3A_OL_2_WFR____20200427T061947_20200427T062247_20200428T143033_0179_057_305_2520_MAR_O_NT_002.SEN3,geo_coordinates.nc,59833052,4d81ec8e9d478148ab7128660350177073bdb72556683ceb0739722979e78ddd,03539a8c0dfb9ea3bc2b83b1fe5dde7e-8,"Thu, 25 Mar 2021 11:00:13 GMT"
S3A_OL_2_WFR____20200427T061947_20200427T062247_20200428T143033_0179_057_305_2520_MAR_O_NT_002.SEN3,tie_geo_coordinates.nc,1134714,142890b667e11e1b3ac57d5a8001845d725fad7b8f2e6a3d4eca51e851a67fee,77d11f913c222a1cc2372decfe481da1,"Thu, 25 Mar 2021 11:00:13 GMT"
S3A_OL_2_WFR____20200427T061947_20200427T062247_20200428T143033_0179_057_305_2520_MAR_O_NT_002.SEN3,wqsf.nc,6956605,7c009a191e5cadd9b0535b4ecd4b2b5cc148ca5dedf523be320a8ffbe1fa90e5,36deb862313291af4c828cac6240f949,"Thu, 25 Mar 2021 11:00:13 GMT"
S3A_OL_2_WFR____20200430T064213_20200430T064513_20200501T152121_0179_057_348_2520_MAR_O_NT_002.SEN3,chl_oc4me.nc,1498960,dc2ee261dca254391050646d4fea2701d4a2d52d1a22c637aab70d2e9ab6b6dc,49fedac6d3ef9e822f6bb0841bb54047,"Thu, 25 Mar 2021 10:59:46 GMT"
S3A_OL_2_WFR____20200430T064213_20200430T064513_20200501T152121_0179_057_348_2520_MAR_O_NT_002.SEN3,geo_coordinates.nc,59539184,5eb1499a0276f620121c59f7d739eec8f6b360ca9baa2aaec6288277fe79aafd,f7bc5c92bd27383a3dbf9b653260e947-8,"Thu, 25 Mar 2021 10:59:46 GMT"
S3A_OL_2_WFR____20200430T064213_20200430T064513_20200501T152121_0179_057_348_2520_MAR_O_NT_002.SEN3,tie_geo_coordinates.nc,1143377,eefaa43f1159f65744a1915f2730d45c7144981cf0ec5a930d34b8e4e3fc2224,2340d753910392feff26d1c074010640,"Thu, 25 Mar 2021 10:59:45 GMT"
S3A_OL_2_WFR____20200430T064213_20200430T064513_20200501T152121_0179_057_348_2520_MAR_O_NT_002.SEN3,wqsf.nc,5301127,16d22b26e23f1a291175b4bb282e1ade35ad163e75f72baa44f9fa7668f8c0fa,f8220a21824ba5b0d3a4dfac6252718a,"Thu, 25 Mar 2021 10:59:46 GMT"
S3A_OL_2_WFR____20200501T061603_20200501T061903_20200502T145445_0179_057_362_2520_MAR_O_NT_002.SEN3,chl_oc4me.nc,4554915,5c3219686ef65a1e241cd8d9ead387b1b23a2548ccb77ba49676ae3473831bbb,a098e9006a1f3080e663297a23c4d88b,"Mon, 22 Mar 2021 22:06:58 GMT"
S3A_OL_2_WFR____20200501T061603_20200501T061903_20200502T145445_0179_057_362_2520_MAR_O_NT_002.SEN3,geo_coordinates.nc,59632559,9ebf7f558e29012110deea0a34fb1fc1127baff489451ab5b30e0d38032c85e5,20741e5f5c5edd8a07708f101d8e0119-8,"Mon, 22 Mar 2021 22:06:58 GMT"
S3A_OL_2_WFR____20200501T061603_20200501T061903_20200502T145445_0179_057_362_2520_MAR_O_NT_002.SEN3,tie_geo_coordinates.nc,1138686,de4d5976cd8439cdf9dc9d7ec2fd404d74c44ed872f16e4124646187f09ec62f,d093597d558719032834e5d41800906a,"Mon, 22 Mar 2021 22:06:58 GMT"
S3A_OL_2_WFR____20200501T061603_20200501T061903_20200502T145445_0179_057_362_2520_MAR_O_NT_002.SEN3,wqsf.nc,8058636,b630fa62b5b6f530bb198d2bc44b607eb28eb5390785ce54406ac73dd25bfca4,7b461ae49e7dba204ccdb0b404123100,"Mon, 22 Mar 2021 22:06:58 GMT"
S3A_OL_2_WFR____20200504T063829_20200504T064129_20200505T150017_0179_058_020_2520_MAR_O_NT_002.SEN3,chl_oc4me.nc,4046709,4ea702f4512f8fa6ae94daef7c511649540c527b220163354517decc3589275d,f68d818db2eaedd9ec95fbf545041bd7,"Thu, 01 Apr 2021 15:38:39 GMT"
S3A_OL_2_WFR____20200504T063829_20200504T064129_20200505T150017_0179_058_020_2520_MAR_O_NT_002.SEN3,geo_coordinates.nc,59765764,76c89ab12c6303e3334d37e7dc25cadb2016deb39d7b9f2230eb88ce467a7f01,33a534201ad47888393081113693bae5-8,"Thu, 01 Apr 2021 15:38:39 GMT"
S3A_OL_2_WFR____20200504T063829_20200504T064129_20200505T150017_0179_058_020_2520_MAR_O_NT_002.SEN3,tie_geo_coordinates.nc,1135901,8525dba4373efbbfa513d8f0eaf3d55206f76d338044aeb5bb4bbdb9d8c98160,e9aa8597c0cd517726fd2dcae5dbf120,"Thu, 01 Apr 2021 15:38:39 GMT"
S3A_OL_2_WFR____20200504T063829_20200504T064129_20200505T150017_0179_058_020_2520_MAR_O_NT_002.SEN3,wqsf.nc,4631077,e0bf21d0eb407dec192268a8ed3410010a84840904758230a9f3df15dcbe9099,1404b38a542bcfcf769a49c6b713b899,"Thu, 01 Apr 2021 15:38:40 GMT"
S3A_OL_2_WFR____20200505T061218_20200505T061518_20200506T140004_0180_058_034_2520_MAR_O_NT_002.SEN3,chl_oc4me.nc,6857950,4fe976e23f32307a86e354fe18b082bc9f2f022587d4261fb7b3f39aeaa41b94,a2365f628705f471922ba16bf5340c83,"Mon, 22 Mar 2021 22:03:56 GMT"
S3A_OL_2_WFR____20200505T061218_20200505T061518_20200506T140004_0180_058_034_2520_MAR_O_NT_002.SEN3,geo_coordinates.nc,59392296,6eb990340b70af51e25aeb5e47b4a2363d4529d65fb64c3acb5a5f1b0e519d8a,e1f5f6fecd33c4adf55c0d072f2daab0-8,"Mon, 22 Mar 2021 22:03:56 GMT"
S3A_OL_2_WFR____20200505T061218_20200505T061518_20200506T140004_0180_058_034_2520_MAR_O_NT_002.SEN3,tie_geo_coordinates.nc,1134432,9481ea3306e093f5f6a0d7682c9f868e14bb6746f009b1e21a03ab4674929b4b,3ec990527bfd3bea348879c655ed0130,"Mon, 22 Mar 2021 22:03:56 GMT"
S3A_OL_2_WFR____20200505T061218_20200505T061518_20200506T140004_0180_058_034_2520_MAR_O_NT_002.SEN3,wqsf.nc,7453977,ef22bef3dbe731c7b19e2ef26559d9ee9a33cc263b38f46e7434b496d75e153b,831e0366ee78949a0e9401922036a596,"Mon, 22 Mar 2021 22:03:56 GMT"
S3A_OL_2_WFR____20200508T063445_20200508T063745_20200509T134922_0179_058_077_2520_MAR_O_NT_002.SEN3,chl_oc4me.nc,4081735,2cdb56560f5a7b35c188647ab5c0d9c84710e60cbd85af1d0f552faa5ca54785,e1a2ada8791fa45f8b65c6d14200a9ae,"Mon, 22 Mar 2021 22:02:17 GMT"
S3A_OL_2_WFR____20200508T063445_20200508T063745_20200509T134922_0179_058_077_2520_MAR_O_NT_002.SEN3,geo_coordinates.nc,59928889,bae0250078c35d37f93dec599a1a6e79e6771b880d22467f91e75e447f2c7266,e5022ebd1c2f2adf5daf6b8517dc04b3-8,"Mon, 22 Mar 2021 22:02:17 GMT"
S3A_OL_2_WFR____20200508T063445_20200508T063745_20200509T134922_0179_058_077_2520_MAR_O_NT_002.SEN3,tie_geo_coordinates.nc,1138734,c25e8110ac631c486f6986744e3dbb6b59564b2823b3e40c25107a3f533e3308,ceb4524b0d276c698815cf0d70991ba8,"Mon, 22 Mar 2021 22:02:17 GMT"
S3A_OL_2_WFR____20200508T063445_20200508T063745_20200509T134922_0179_058_077_2520_MAR_O_NT_002.SEN3,wqsf.nc,4936138,715128a15d9c106323d67d4e953e398a1d37573335beb4fd63f5f2eb28a7897e,bbcd0848236293fae6498f02713cdae0,"Mon, 22 Mar 2021 22:02:17 GMT"
S3A_OL_2_WFR____20200509T060834_20200509T061134_20200510T153123_0179_058_091_2520_MAR_O_NT_002.SEN3,chl_oc4me.nc,6638449,4e459dfade22547359c5faa7625812b7594a458011388ec02fdbd232217b43ce,d6ba22276ecc43fc91d5b723416a7b74,"Thu, 25 Mar 2021 10:57:33 GMT"
S3A_OL_2_WFR____20200509T060834_20200509T061134_20200510T153123_0179_058_091_2520_MAR_O_NT_002.SEN3,geo_coordinates.nc,59161119,a7dc74e4cfd7583c4b23176a12c01cede9aa4aff9436500654d49e1fef370a04,a2f2ef39ef97a128d339d13df1ebcbcc-8,"Thu, 25 Mar 2021 10:57:32 GMT"
S3A_OL_2_WFR____20200509T060834_20200509T061134_20200510T153123_0179_058_091_2520_MAR_O_NT_002.SEN3,tie_geo_coordinates.nc,1131799,ecf8b876f9b34fb0980a2204eead1b07eb2f5e4e9d8ec2e15b60ec027b6a1ad1,659c84a6c15e9ad464fc067096a3b3b1,"Thu, 25 Mar 2021 10:57:32 GMT"
S3A_OL_2_WFR____20200509T060834_20200509T061134_20200510T153123_0179_058_091_2520_MAR_O_NT_002.SEN3,wqsf.nc,8249350,8b6a304270bf0157f11d7d5e19a13b1b95ab03810c4965a82af608982d066d84,2733862063c39742c21fa8d99e2cfb19,"Thu, 25 Mar 2021 10:57:33 GMT"
S3A_OL_2_WFR____20200511T065712_20200511T070012_20200512T150250_0179_058_120_2520_MAR_O_NT_002.SEN3,tie_geo_coordinates.nc,1143771,3c1aa33642650c46c022e4ba08b08d644526113aa51aa780b94dae8180510da5,7f98a00d6034351a6612379b9b6926d3,"Mon, 22 Mar 2021 22:00:37 GMT"
S3A_OL_2_WFR____20200512T063101_20200512T063401_20200513T144512_0179_058_134_2520_MAR_O_NT_002.SEN3,chl_oc4me.nc,4383414,0ed84ad4b962565e5617ec36d40d6dc5ef99b19f899b19253eb6a520461905ae,a28a23136d55f3e6066f9403323038d2,"Thu, 25 Mar 2021 10:56:25 GMT"
S3A_OL_2_WFR____20200512T063101_20200512T063401_20200513T144512_0179_058_134_2520_MAR_O_NT_002.SEN3,geo_coordinates.nc,59955744,c032789bd6e9775001a2af57379bda547fa5f2a1f4027487a2f82aa37c65a4b0,4a1ad9f7e7046cbeb11fd4480df241c4-8,"Thu, 25 Mar 2021 10:56:25 GMT"
S3A_OL_2_WFR____20200512T063101_20200512T063401_20200513T144512_0179_058_134_2520_MAR_O_NT_002.SEN3,tie_geo_coordinates.nc,1131640,9c0161832c8a2605feefc2c8fa4948332328bdbc5bd1cea08748d8241e88dcd7,9e3e1a5aaca908c667dbd1f1ed27db5b,"Thu, 25 Mar 2021 10:56:25 GMT"
S3A_OL_2_WFR____20200512T063101_20200512T063401_20200513T144512_0179_058_134_2520_MAR_O_NT_002.SEN3,wqsf.nc,4792769,0abb593697c0895c332726e8da63312688871860b87c5d491ebdd09941358b49,1a434c465762cbc6c95ddd07f960baf7,"Thu, 25 Mar 2021 10:56:25 GMT"
S3A_OL_2_WFR____20200513T060450_20200513T060750_20200514T153236_0179_058_148_2520_MAR_O_NT_002.SEN3,chl_oc4me.nc,7517624,0a2182f09a9cf81cec3bb049fc29ff076dce03be98db4a3223e4dfa2dc30b33f,8a1800404110f88aff372da9ae9be61a,"Mon, 22 Mar 2021 21:59:55 GMT"
S3A_OL_2_WFR____20200513T060450_20200513T060750_20200514T153236_0179_058_148_2520_MAR_O_NT_002.SEN3,geo_coordinates.nc,58984952,ca80bb924ee8b3cc97d11bfa6d61579c69ed7c172ad8a1b7e529cf0cfa7affe2,c2e91d9b8c48257a0ca20e0d351e52c5-8,"Mon, 22 Mar 2021 21:59:55 GMT"
S3A_OL_2_WFR____20200513T060450_20200513T060750_20200514T153236_0179_058_148_2520_MAR_O_NT_002.SEN3,tie_geo_coordinates.nc,1134816,4229969bcdb0befee696a5968b12a88e9d95a00c9ea99264fb489100b4329117,00f6e253ea8aad444d08cd02321dd4a3,"Mon, 22 Mar 2021 21:59:55 GMT"
S3A_OL_2_WFR____20200513T060450_20200513T060750_20200514T153236_0179_058_148_2520_MAR_O_NT_002.SEN3,wqsf.nc,10249915,f7bc76350f80f9e73f75267da22f5dd1dc87be884e7e75f716ab209ec351b624,41d9375e994c52856f762ee5de4cd2e0-2,"Mon, 22 Mar 2021 21:59:55 GMT"
S3A_OL_2_WFR____20200515T065327_20200515T065627_20200516T151842_0179_058_177_2520_MAR_O_NT_002.SEN3,chl_oc4me.nc,2149081,aa2a5b40e3cb7980e858b15a108b43cf549e639438f480bb481bf593a08b765d,02c4c2537c51870d68a8b5a24d5a02af,"Mon, 22 Mar 2021 21:58:14 GMT"
S3A_OL_2_WFR____20200515T065327_20200515T065627_20200516T151842_0179_058_177_2520_MAR_O_NT_002.SEN3,geo_coordinates.nc,59154587,5c1fa3ba4fb58e66b16cc59a6bb5980e6259fccb03af6fb84c551550465954af,f4105f540a15d6c821ef0a516577c637-8,"Mon, 22 Mar 2021 21:58:14 GMT"
S3A_OL_2_WFR____20200515T065327_20200515T065627_20200516T151842_0179_058_177_2520_MAR_O_NT_002.SEN3,tie_geo_coordinates.nc,1140718,94907cfd72529d531986737925f46722332aee11cb9d6bf0de181dbab0615be9,05e8ad7ef4b971fdeff2de367ccf0e3f,"Mon, 22 Mar 2021 21:58:14 GMT"
S3A_OL_2_WFR____20200515T065327_20200515T065627_20200516T151842_0179_058_177_2520_MAR_O_NT_002.SEN3,wqsf.nc,3976101,a771b7ecaf82e31705db709ce16daae081eee50e42d5deb033e96dce7bcac85c,28acbd54fb97512be20af5f3e298649c,"Mon, 22 Mar 2021 21:58:13 GMT"
S3A_OL_2_WFR____20200516T062716_20200516T063016_20200517T150357_0179_058_191_2520_MAR_O_NT_002.SEN3,chl_oc4me.nc,4769191,6c177fa3146a4f335d2c073d0dab3c4b7d9a1a6185ec16e649f7beafb960f25f,bc5bf6ad553ab561e9f8c9bebdd98df6,"Thu, 01 Apr 2021 15:35:37 GMT"
S3A_OL_2_WFR____20200516T062716_20200516T063016_20200517T150357_0179_058_191_2520_MAR_O_NT_002.SEN3,geo_coordinates.nc,60009002,4ef3ac1117d4243de6c4cfe085e6acba803de430f64e477a4fa2e77ad7ae3f26,3f654c3249e3c4226e64de9425d3daa1-8,"Thu, 01 Apr 2021 15:35:37 GMT"
S3A_OL_2_WFR____20200516T062716_20200516T063016_20200517T150357_0179_058_191_2520_MAR_O_NT_002.SEN3,tie_geo_coordinates.nc,1143592,cf96f96ba1cf9e4e798c9d9019ece6df029be88d3bdb06841eb3a9aedaaf03ba,b6724544299fd2297e5968a1cf90fdc0,"Thu, 01 Apr 2021 15:35:37 GMT"
S3A_OL_2_WFR____20200516T062716_20200516T063016_20200517T150357_0179_058_191_2520_MAR_O_NT_002.SEN3,wqsf.nc,5641690,6b3882e2be2230cc32c09c9221f03ac94bbac17f289a8b7d6bb5fc83a2807446,05a786b5b573b139861a39e4ee867ef0,"Thu, 01 Apr 2021 15:35:37 GMT"
S3A_OL_2_WFR____20200517T060105_20200517T060405_20200518T143759_0179_058_205_2520_MAR_O_NT_002.SEN3,chl_oc4me.nc,8535844,0ac7cac04d9ab6ec4f46820ca8bca100da10a1addc891275e7a88b6047baef51,2f5a098831b1b58366fa4012068dd1af-2,"Mon, 22 Mar 2021 21:57:29 GMT"
S3A_OL_2_WFR____20200517T060105_20200517T060405_20200518T143759_0179_058_205_2520_MAR_O_NT_002.SEN3,geo_coordinates.nc,58793511,920d8458726ad3d7ade4e103376cfde8e4f18adf057684063bb798eeb7919869,a5a90514b71a453ebdc076cd3e7e6cf2-8,"Mon, 22 Mar 2021 21:57:29 GMT"
S3A_OL_2_WFR____20200517T060105_20200517T060405_20200518T143759_0179_058_205_2520_MAR_O_NT_002.SEN3,tie_geo_coordinates.nc,1131677,ff5b7d21b8dbdfb27b712c8fb55db90a7b3cce6780b5806e0b8c989b088f2496,dd98c7bd67f7158391e87a6ec78be9f7,"Mon, 22 Mar 2021 21:57:29 GMT"
S3A_OL_2_WFR____20200517T060105_20200517T060405_20200518T143759_0179_058_205_2520_MAR_O_NT_002.SEN3,wqsf.nc,8788171,cbcbdd8257596c024bd68dcd3394bf9034a7a338eddf4d5da4d6241d6bafaab9,c222fdafb7d2c4e0408d39c73a0094a3-2,"Mon, 22 Mar 2021 21:57:29 GMT"
S3A_OL_2_WFR____20200519T064943_20200519T065243_20200520T135023_0179_058_234_2520_MAR_O_NT_002.SEN3,chl_oc4me.nc,2280387,11113285eba24cd8e32f91015a51a40c203ba474746d19db4fc677227594237e,3611af0dcc39085e8cc52a01a3109411,"Mon, 22 Mar 2021 21:55:42 GMT"
S3A_OL_2_WFR____20200519T064943_20200519T065243_20200520T135023_0179_058_234_2520_MAR_O_NT_002.SEN3,geo_coordinates.nc,59168064,e84215a6000ba7631d22648f5200339d7b575b97b936c000c8accceda2738903,2662d5f0aee3d50cfa85b48adcf98c82-8,"Mon, 22 Mar 2021 21:55:42 GMT"
S3A_OL_2_WFR____20200519T064943_20200519T065243_20200520T135023_0179_058_234_2520_MAR_O_NT_002.SEN3,tie_geo_coordinates.nc,1142312,654cafff93ca417cc0fa35d6fb11b9b9c6ff35802a540bd2ab68dab4f3d05cd2,5d2492055f65a9615010c4297c29c24f,"Mon, 22 Mar 2021 21:55:42 GMT"
S3A_OL_2_WFR____20200519T064943_20200519T065243_20200520T135023_0179_058_234_2520_MAR_O_NT_002.SEN3,wqsf.nc,4967000,9f6c9dbee7e12f111dae2b0e2f8ccae5bb8c1158d4946bb2f55483ccf6cb9437,b38cd65f263c4ba34056e86471ff1635,"Mon, 22 Mar 2021 21:55:42 GMT"
S3A_OL_2_WFR____20200520T062332_20200520T062632_20200521T152807_0179_058_248_2520_MAR_O_NT_002.SEN3,chl_oc4me.nc,3364475,eab72e56a2b3d6d027e44761ae987a7b96415ea4847feca4d329c1755d9c15de,acb0beb9130bb62b6acee9d7e5c9a9eb,"Thu, 25 Mar 2021 10:53:48 GMT"
S3A_OL_2_WFR____20200520T062332_20200520T062632_20200521T152807_0179_058_248_2520_MAR_O_NT_002.SEN3,geo_coordinates.nc,59974718,bfed0729ffb35b0af19ad55619eb1145e97150700ffd50e927e0f0c49ef6f88d,ae2c09f8237013f8b3716fab3657d4ef-8,"Thu, 25 Mar 2021 10:53:48 GMT"
S3A_OL_2_WFR____20200520T062332_20200520T062632_20200521T152807_0179_058_248_2520_MAR_O_NT_002.SEN3,tie_geo_coordinates.nc,1133061,17878d94eb7d9f91d8cc7ce194295872a3515983c96200c3ee46067bf06f1f55,a03558e54159cc332fbf209a8ea1bf4a,"Thu, 25 Mar 2021 10:53:48 GMT"
S3A_OL_2_WFR____20200520T062332_20200520T062632_20200521T152807_0179_058_248_2520_MAR_O_NT_002.SEN3,wqsf.nc,6529148,dea01e08ebb619686500b347bea4a73262afd34bec55f465dcbaeadf8b65e925,2fa59782188379016bf0b6c5246cb651,"Thu, 25 Mar 2021 10:53:48 GMT"
S3A_OL_2_WFR____20200521T055721_20200521T060021_20200522T151411_0179_058_262_2520_MAR_O_NT_002.SEN3,chl_oc4me.nc,8810925,2ba39d8fb8392982697c12ba957f4e5a9d19e19a9c55af3d1ac7997e6370b30d,b66f51c308e3f0e4c10678052ff08bab-2,"Mon, 22 Mar 2021 21:54:55 GMT"
S3A_OL_2_WFR____20200521T055721_20200521T060021_20200522T151411_0179_058_262_2520_MAR_O_NT_002.SEN3,geo_coordinates.nc,58543640,8398df81f17b23c7b7c1fa0ba2126c40a36e70649803ded2b4c71359ab265813,36b21eb909d82b01522dd34911123030-7,"Mon, 22 Mar 2021 21:54:55 GMT"
S3A_OL_2_WFR____20200521T055721_20200521T060021_20200522T151411_0179_058_262_2520_MAR_O_NT_002.SEN3,tie_geo_coordinates.nc,1133308,24a702346e4ef7c7a64a76bb940c5ab9b2256579a825eeada015d8c4fb9d3bd8,f0b4e36bfe45870114d93d91e4ce907e,"Mon, 22 Mar 2021 21:54:54 GMT"
S3A_OL_2_WFR____20200521T055721_20200521T060021_20200522T151411_0179_058_262_2520_MAR_O_NT_002.SEN3,wqsf.nc,9681303,e3bb481fac258c0cb108fbe9689741fd7201036f072c26c299cade105d778e08,a35a9bad4d0a333f7d97ad92cb1d3c6e-2,"Mon, 22 Mar 2021 21:54:55 GMT"
S3A_OL_2_WFR____20200523T064558_20200523T064858_20200524T153136_0179_058_291_2520_MAR_O_NT_002.SEN3,chl_oc4me.nc,3797735,20b5e9f34c33c933b793577c28c09edaa068e5358660a1c5314f8d7966b9dc21,1345592ddfaf5263fe39368a50fc1eda,"Mon, 22 Mar 2021 21:53:06 GMT"
S3A_OL_2_WFR____20200523T064558_20200523T064858_20200524T153136_0179_058_291_2520_MAR_O_NT_002.SEN3,geo_coordinates.nc,59401818,23f0835b878f5b11eb05583466c6a34b8fd8a508e3815bd5e9e8edcf472b7e67,02f831371a503d7dac9a3549089e4678-8,"Mon, 22 Mar 2021 21:53:06 GMT"
S3A_OL_2_WFR____20200523T064558_20200523T064858_20200524T153136_0179_058_291_2520_MAR_O_NT_002.SEN3,tie_geo_coordinates.nc,1142223,179882fd505ee9254543ebc9dbd2ed884817d7cd81a565b5097a2928d89cfc96,bc87863e63417ad39cf757854b13b91c,"Mon, 22 Mar 2021 21:53:06 GMT"
S3A_OL_2_WFR____20200523T064558_20200523T064858_20200524T153136_0179_058_291_2520_MAR_O_NT_002.SEN3,wqsf.nc,4968030,cff347b62d2769467cbcd59fd67a8b9f98ea3aba7ee6877f4c878cc2b32f1c51,fcd70fec3d82b9676dbdc82048b68430,"Mon, 22 Mar 2021 21:53:06 GMT"
S3A_OL_2_WFR____20200524T061947_20200524T062247_20200525T134209_0179_058_305_2520_MAR_O_NT_002.SEN3,chl_oc4me.nc,5551964,d53e88ef3f3f1e118e2c3a0d12108c7b05f0c56bdcbb75cb5f3c8e73161940eb,5eeaec4190ba657dd75797c11e0992f2,"Thu, 01 Apr 2021 15:33:04 GMT"
S3A_OL_2_WFR____20200524T061947_20200524T062247_20200525T134209_0179_058_305_2520_MAR_O_NT_002.SEN3,geo_coordinates.nc,59847778,169198d5e227c74f176618c2f366fe2b73257f0fafe49db7f136edfb9db3c6d1,1df8b20e58824f5778d943c4a2732dfe-8,"Thu, 01 Apr 2021 15:33:04 GMT"
S3A_OL_2_WFR____20200524T061947_20200524T062247_20200525T134209_0179_058_305_2520_MAR_O_NT_002.SEN3,tie_geo_coordinates.nc,1136269,1061cbdf7c928798fd33a646c46c7d39052eb3a854b042a365713c6f21683509,3f537e0ed0dc75abb44d82e032b19d2c,"Thu, 01 Apr 2021 15:33:04 GMT"
S3A_OL_2_WFR____20200524T061947_20200524T062247_20200525T134209_0179_058_305_2520_MAR_O_NT_002.SEN3,wqsf.nc,6798351,34e7e6403facda25bd5155a972dd04b9eabc6d24a95dc2e4047acf41738ef657,1ee75ddb84ebd06f32d692be81333e23,"Thu, 01 Apr 2021 15:33:04 GMT"
S3A_OL_2_WFR____20200527T064214_20200527T064514_20200528T142009_0179_058_348_2520_MAR_O_NT_002.SEN3,chl_oc4me.nc,3958582,d2ca67a0273d25bf66787b2c8f7609879bcdd0754b0f4e3403bc290cd9f23364,55b485399f1fe95ed1ebea78bfde589f,"Thu, 01 Apr 2021 15:31:53 GMT"
S3A_OL_2_WFR____20200527T064214_20200527T064514_20200528T142009_0179_058_348_2520_MAR_O_NT_002.SEN3,geo_coordinates.nc,59541721,b7ba427edd384bf9993d2df978e611db4a674a1600700076df343d1e8692fc5e,68dbbbab593ea6cd472478c79c3918f4-8,"Thu, 01 Apr 2021 15:31:53 GMT"
S3A_OL_2_WFR____20200527T064214_20200527T064514_20200528T142009_0179_058_348_2520_MAR_O_NT_002.SEN3,tie_geo_coordinates.nc,1139905,bca4930c569215b9e9aa8f7fcb2c8af1c37b3ea09414affc8f73d1c8fa129f4b,23359d52e5001e9b5845371391ce29ee,"Thu, 01 Apr 2021 15:31:53 GMT"
S3A_OL_2_WFR____20200527T064214_20200527T064514_20200528T142009_0179_058_348_2520_MAR_O_NT_002.SEN3,wqsf.nc,4663741,b59af976d437cee0b03448488651c8c06526251e2f7a8f12fb6101430d413c56,c222c82de49c25210cc3f0146967108d,"Thu, 01 Apr 2021 15:31:53 GMT"
S3A_OL_2_WFR____20200528T061603_20200528T061903_20200529T154506_0179_058_362_2520_MAR_O_NT_002.SEN3,chl_oc4me.nc,5979410,c603e8081e923efa470354a758a22e46a8e5c864bcef78d8f7d34e1a664c8c03,038c9343a104860a7e7b127e6fba06b3,"Mon, 22 Mar 2021 21:50:11 GMT"
S3A_OL_2_WFR____20200528T061603_20200528T061903_20200529T154506_0179_058_362_2520_MAR_O_NT_002.SEN3,geo_coordinates.nc,59647147,90b742d4504744073e0674de861e4a2dcdf67b14d658c30318fe6380a2735c02,5c97b60555a8e77ad09ec9422bdd44aa-8,"Mon, 22 Mar 2021 21:50:11 GMT"
S3A_OL_2_WFR____20200528T061603_20200528T061903_20200529T154506_0179_058_362_2520_MAR_O_NT_002.SEN3,tie_geo_coordinates.nc,1140026,9eb94bc12c0b441f87884d17c1418f5bc6159a7765c588d57cd1e7eb5fba8309,7d35acf77878cfee7b31314cf5f5922f,"Mon, 22 Mar 2021 21:50:11 GMT"
S3A_OL_2_WFR____20200528T061603_20200528T061903_20200529T154506_0179_058_362_2520_MAR_O_NT_002.SEN3,wqsf.nc,7531574,aedfb2559b33b6403903363c9c579af0c80b1b94faff8f7a42ee929cba695a27,0383963c4f5ab4b4b07ac4121767b92a,"Mon, 22 Mar 2021 21:50:11 GMT"
S3A_OL_2_WFR____20200531T063829_20200531T064129_20200601T135204_0179_059_020_2520_MAR_O_NT_002.SEN3,chl_oc4me.nc,4119129,63287cf4534d782418705f9ed61a91b2d19e274982dfb5e9444a003ede92088f,4396e72e7cb79b6ef8fd273651ad9b2d,"Thu, 25 Mar 2021 10:49:52 GMT"
S3A_OL_2_WFR____20200531T063829_20200531T064129_20200601T135204_0179_059_020_2520_MAR_O_NT_002.SEN3,geo_coordinates.nc,59743538,2bc4858aec436865a520a0406cd91a47add360db8039f923ac26d7e289270ee5,f102f112e42c2d0d3f4f9f2422dbae75-8,"Thu, 25 Mar 2021 10:49:52 GMT"
S3A_OL_2_WFR____20200531T063829_20200531T064129_20200601T135204_0179_059_020_2520_MAR_O_NT_002.SEN3,tie_geo_coordinates.nc,1139756,b8f73611d4b9384dad4e40fe218467f77833cf1b31ee79bc2d1b5c3dbc921aa1,39510b657c39a6a9924742e4d98484a5,"Thu, 25 Mar 2021 10:49:52 GMT"
S3A_OL_2_WFR____20200531T063829_20200531T064129_20200601T135204_0179_059_020_2520_MAR_O_NT_002.SEN3,wqsf.nc,5201318,98e31edf8a64bbac9b93e909435ceba66a3ac4e3c14ee7952bd511e31b117539,ceec2716934409efb570301e439ecfad,"Thu, 25 Mar 2021 10:49:52 GMT"
S3A_OL_2_WFR____20200601T061218_20200601T061518_20200602T140553_0179_059_034_2520_MAR_O_NT_002.SEN3,chl_oc4me.nc,5949994,eaf81fae1ed0570d5c77a1fdbf74eef086a5d407e9276e2f85165c5acc58a70d,f004abc8a9018e668b5605a5f161b61a,"Mon, 22 Mar 2021 21:45:46 GMT"
S3A_OL_2_WFR____20200601T061218_20200601T061518_20200602T140553_0179_059_034_2520_MAR_O_NT_002.SEN3,geo_coordinates.nc,59370372,1c869f97c85c8e4680cfa04c7bee3cc8a4fe519da447a267c824538518d7449d,97401f86dd5d28cf35830d41ea1bcf37-8,"Mon, 22 Mar 2021 21:45:46 GMT"
S3A_OL_2_WFR____20200601T061218_20200601T061518_20200602T140553_0179_059_034_2520_MAR_O_NT_002.SEN3,tie_geo_coordinates.nc,1131885,b612ef2b0ac150cc796d0c59d3184c8f3bc994276d2ff1c84b171be26cfb54fc,b0b93a3febec5201a692ec7743714a0b,"Mon, 22 Mar 2021 21:45:45 GMT"
S3A_OL_2_WFR____20200601T061218_20200601T061518_20200602T140553_0179_059_034_2520_MAR_O_NT_002.SEN3,wqsf.nc,8198463,aebd4f740e8409098dd793750de5bc2ffbc96933a7e74426088478642f8f810d,215f03093d58426ecda1df83558d87ea,"Mon, 22 Mar 2021 21:45:46 GMT"
S3A_OL_2_WFR____20200604T063444_20200604T063744_20200605T154923_0179_059_077_2520_MAR_O_NT_002.SEN3,chl_oc4me.nc,4497926,0b142c73e8a4323da061af1e76eab058352d473542e761afcd0749782f3fca21,094af4948d0d520cd71c3370fbb092aa,"Mon, 22 Mar 2021 21:42:00 GMT"
S3A_OL_2_WFR____20200604T063444_20200604T063744_20200605T154923_0179_059_077_2520_MAR_O_NT_002.SEN3,geo_coordinates.nc,59903525,a276a60ee39e229ea627da4c8e534ccf1b8f44b03be6740ed98f455350286ff8,ac128dcc56f8ea3f1bc70d687cfca61b-8,"Mon, 22 Mar 2021 21:42:00 GMT"
S3A_OL_2_WFR____20200604T063444_20200604T063744_20200605T154923_0179_059_077_2520_MAR_O_NT_002.SEN3,tie_geo_coordinates.nc,1141083,35f22d2ad2e604609f837aac619513fcda69bfc8c266ec1c0370375d69a0682e,7550e8673cbdba65727ef6bbffbe862a,"Mon, 22 Mar 2021 21:42:00 GMT"
S3A_OL_2_WFR____20200604T063444_20200604T063744_20200605T154923_0179_059_077_2520_MAR_O_NT_002.SEN3,wqsf.nc,4942306,6977ab229d18267eac9bb6094c50b32eeac6d7f2781800cf3fad527be7d6ae1f,bfb45bb3301a945e26e80059354d7541,"Mon, 22 Mar 2021 21:42:00 GMT"
S3A_OL_2_WFR____20200605T060833_20200605T061133_20200606T151835_0179_059_091_2520_MAR_O_NT_002.SEN3,chl_oc4me.nc,7275791,e81a8dc905c845d5983c0b6e8a62cfc24fc3b14afa4043a2bf9674bad3504a85,802817d3cc715383be4da68a8a06b386,"Thu, 01 Apr 2021 15:29:29 GMT"
S3A_OL_2_WFR____20200605T060833_20200605T061133_20200606T151835_0179_059_091_2520_MAR_O_NT_002.SEN3,geo_coordinates.nc,59147443,5a1fe07123572969cd118ab360af98278555e047cc146a531c06635d078f422f,4a00790962384aacde7b5fb9cbd4f5e7-8,"Thu, 01 Apr 2021 15:29:29 GMT"
S3A_OL_2_WFR____20200605T060833_20200605T061133_20200606T151835_0179_059_091_2520_MAR_O_NT_002.SEN3,tie_geo_coordinates.nc,1136189,6f7dde8b232fcaa68859a19668af0618f58fd97e666fd6f8b3fa36ab85ede457,928717182430dda728c97657627f05d7,"Thu, 01 Apr 2021 15:29:29 GMT"
S3A_OL_2_WFR____20200605T060833_20200605T061133_20200606T151835_0179_059_091_2520_MAR_O_NT_002.SEN3,wqsf.nc,9139155,77a58abcc1e819ffb6ad919a1b9e6ae7422206e3da1f298b4124ab375b56dc00,d5d89d7a6495f28aa4b92a38b19b14c6-2,"Thu, 01 Apr 2021 15:29:29 GMT"
S3A_OL_2_WFR____20200607T065711_20200607T070011_20200608T152800_0179_059_120_2520_MAR_O_NT_002.SEN3,tie_geo_coordinates.nc,1135818,edf858d8b2ec3b17e88240675b4c2385f54f7ff485acaaa30048adb2ce9fd19e,675dfe875779cdbaa936b670aa209916,"Mon, 22 Mar 2021 21:40:02 GMT"
S3A_OL_2_WFR____20200608T063100_20200608T063400_20200609T152040_0179_059_134_2520_MAR_O_NT_002.SEN3,chl_oc4me.nc,4576933,ed82fb48c2cdffde66aa7a1d2c3f26da94983050845f730e55e1d3278632deef,657e7945ddee6ca160dc125881974ed7,"Thu, 01 Apr 2021 15:28:19 GMT"
S3A_OL_2_WFR____20200608T063100_20200608T063400_20200609T152040_0179_059_134_2520_MAR_O_NT_002.SEN3,geo_coordinates.nc,59946810,69dc783bc0b995b4e8d1ce68a9198730df31de8f81c6883b4ac615c74643c15f,0690f346c888436f0ea6e611efa96183-8,"Thu, 01 Apr 2021 15:28:19 GMT"
S3A_OL_2_WFR____20200608T063100_20200608T063400_20200609T152040_0179_059_134_2520_MAR_O_NT_002.SEN3,tie_geo_coordinates.nc,1138289,9eb2e3aa192ac8e2dd00c987c5717b6ebcbf0a504c9e0672be3f02b63aca1e34,e19c990d0aa3dc993399ba10d5a9bd56,"Thu, 01 Apr 2021 15:28:19 GMT"
S3A_OL_2_WFR____20200608T063100_20200608T063400_20200609T152040_0179_059_134_2520_MAR_O_NT_002.SEN3,wqsf.nc,5312779,2d225b2f403ca148b7ea6c9bbdbbb54dcf0f8a9b5666b39af6deffa0a780ed32,8ed1f1297ee2d44a32ac319dc2794d07,"Thu, 01 Apr 2021 15:28:19 GMT"
S3A_OL_2_WFR____20200609T060449_20200609T060749_20200610T144913_0179_059_148_2520_MAR_O_NT_002.SEN3,chl_oc4me.nc,6832761,54ea514485f09c6375d3b000b6867fc25fe2082096008c2d741d20be20ece0c9,740202402846c8c1cb8744ea1bcff46e,"Mon, 22 Mar 2021 21:38:49 GMT"
S3A_OL_2_WFR____20200609T060449_20200609T060749_20200610T144913_0179_059_148_2520_MAR_O_NT_002.SEN3,geo_coordinates.nc,58984953,74573e828cb0f2430330f893c754a41434b515e4b52d9f3d4525d7ba57632560,2ab34dfe01cfebb37f55a28d1d5fe50f-8,"Mon, 22 Mar 2021 21:38:50 GMT"
S3A_OL_2_WFR____20200609T060449_20200609T060749_20200610T144913_0179_059_148_2520_MAR_O_NT_002.SEN3,tie_geo_coordinates.nc,1131985,c8f14191ec1a04704d6ad5ca9513f6a87c6cac325a51b8f50521e395c1871e71,1d70feaf3e3dd779945a2491e258d568,"Mon, 22 Mar 2021 21:38:49 GMT"
S3A_OL_2_WFR____20200609T060449_20200609T060749_20200610T144913_0179_059_148_2520_MAR_O_NT_002.SEN3,wqsf.nc,10316955,7e30d98d63956235514b7ffd1204a88e7f17d71c1fc5425ae8f63055e2ec45f7,88668f4c49b5f4288d48256a97458d79-2,"Mon, 22 Mar 2021 21:38:50 GMT"
S3A_OL_2_WFR____20200611T065326_20200611T065626_20200612T153831_0179_059_177_2520_MAR_O_NT_002.SEN3,chl_oc4me.nc,2790516,8df389e8e020729d6664f5e7d406bcfdab36cacf875c95750448883b9dc0d097,02898fa7613ef80204519fce49db9dc2,"Mon, 22 Mar 2021 21:34:22 GMT"
S3A_OL_2_WFR____20200611T065326_20200611T065626_20200612T153831_0179_059_177_2520_MAR_O_NT_002.SEN3,geo_coordinates.nc,59128958,284a66b9b6f254f211fe42e9cfe11e316fdd27dd7288ad6862ca8f0a1ce7a2b9,c5f2555b2a31b68b2133e1698c4c1df2-8,"Mon, 22 Mar 2021 21:34:22 GMT"
S3A_OL_2_WFR____20200611T065326_20200611T065626_20200612T153831_0179_059_177_2520_MAR_O_NT_002.SEN3,tie_geo_coordinates.nc,1135981,291c9856cb0330639b713503bd40f4a7b67c586d3a1f58e23c2d65dcbc3f4fe9,e8fe0fe01ff7cf15ee2dba71b5b87052,"Mon, 22 Mar 2021 21:34:22 GMT"
S3A_OL_2_WFR____20200611T065326_20200611T065626_20200612T153831_0179_059_177_2520_MAR_O_NT_002.SEN3,wqsf.nc,4395326,394a6af7c43b840dc6831be28bfd2bcb5847448d8ec098df7b92382ecf39a92b,ce1ca1e31c23fbfaa6cf0534c1dd6a76,"Mon, 22 Mar 2021 21:34:22 GMT"
S3A_OL_2_WFR____20200612T062715_20200612T063015_20200613T152144_0179_059_191_2520_MAR_O_NT_002.SEN3,chl_oc4me.nc,5128646,f1c68ab70f0c4bd133a4c672698bc5ebae02dec08c51d44ccb029a27da4408b8,2b5f4b6cb46134210d7909e4227f1ac6,"Thu, 25 Mar 2021 10:46:43 GMT"
S3A_OL_2_WFR____20200612T062715_20200612T063015_20200613T152144_0179_059_191_2520_MAR_O_NT_002.SEN3,geo_coordinates.nc,59965486,f667146db9ddd9603f861578502bc5158ddbffc4ded2312133715a69fd666d89,de4b87f36a6c67a1532221b34f41dcb8-8,"Thu, 25 Mar 2021 10:46:43 GMT"
S3A_OL_2_WFR____20200612T062715_20200612T063015_20200613T152144_0179_059_191_2520_MAR_O_NT_002.SEN3,tie_geo_coordinates.nc,1138566,5a02b64993c90c038fc143248bcc7a457c86e324e8b44069151edbf36a95e70f,5e94f449aa701e613091a5fda338edc4,"Thu, 25 Mar 2021 10:46:43 GMT"
S3A_OL_2_WFR____20200612T062715_20200612T063015_20200613T152144_0179_059_191_2520_MAR_O_NT_002.SEN3,wqsf.nc,5568344,51eca80b66df322f34ae616ec96374440ed4aa680144df8b25c8c1cc314f84be,cb3f1fcad2f36c1881464eb674d5df53,"Thu, 25 Mar 2021 10:46:43 GMT"
S3A_OL_2_WFR____20200613T060104_20200613T060404_20200614T131933_0179_059_205_2520_MAR_O_NT_002.SEN3,chl_oc4me.nc,6155066,76c209eea25e873509068f514cec7799e4f042e80837d152ad3db2573d42ae01,0f1503383b30e87b0fe307bf8dfd0a39,"Mon, 22 Mar 2021 21:32:47 GMT"
S3A_OL_2_WFR____20200613T060104_20200613T060404_20200614T131933_0179_059_205_2520_MAR_O_NT_002.SEN3,geo_coordinates.nc,58757413,777e5b6fa6e04bb83b5a2b3394ffe6b26943ba6e7cc91ca25466fd69aef80712,d705264106590cd8467cc7a4d0f9dad4-8,"Mon, 22 Mar 2021 21:32:47 GMT"
S3A_OL_2_WFR____20200613T060104_20200613T060404_20200614T131933_0179_059_205_2520_MAR_O_NT_002.SEN3,tie_geo_coordinates.nc,1135626,d43d0d2963bbc56f415ae84ce3db048520c66adc0f86e66407a38886ae390886,28c4fe09e4bfe9322e068a2c8542f2d0,"Mon, 22 Mar 2021 21:32:47 GMT"
S3A_OL_2_WFR____20200613T060104_20200613T060404_20200614T131933_0179_059_205_2520_MAR_O_NT_002.SEN3,wqsf.nc,8082386,3af305d6faa46c7a27bbc38127cbee9033c4b75f55afc888094ddbfe41250a1c,dd276073a81d466eaedf76994e1a6e85,"Mon, 22 Mar 2021 21:32:47 GMT"
S3A_OL_2_WFR____20200615T064941_20200615T065241_20200616T141032_0179_059_234_2520_MAR_O_NT_002.SEN3,chl_oc4me.nc,2720886,477f292edbda304438f234f21d9dedd10c9ad838e9fa129431571db0a7efa374,316612f9534c63b26e49368ac2bcf95f,"Mon, 22 Mar 2021 21:28:59 GMT"
S3A_OL_2_WFR____20200615T064941_20200615T065241_20200616T141032_0179_059_234_2520_MAR_O_NT_002.SEN3,geo_coordinates.nc,59202473,9a023fc988d65d1eaee31983687acb9c68f0fb8b3393f979c76aebe843066f86,840f67dda69601ed5a1bd7b5d3d908ef-8,"Mon, 22 Mar 2021 21:28:59 GMT"
S3A_OL_2_WFR____20200615T064941_20200615T065241_20200616T141032_0179_059_234_2520_MAR_O_NT_002.SEN3,tie_geo_coordinates.nc,1140806,bda19b40c252a47c0001c025816937e61a1bf50b20a894474f0d8f391ec42bb0,1aa1c65331ebab5a2c268a87a9652006,"Mon, 22 Mar 2021 21:28:59 GMT"
S3A_OL_2_WFR____20200615T064941_20200615T065241_20200616T141032_0179_059_234_2520_MAR_O_NT_002.SEN3,wqsf.nc,4589271,b1a02c04af58b4a4fe7066b7e5576e62ab1f1ff1d8267ecec8b2e4cf08ab926e,f8f5279a65426cfd964b729a52428aea,"Mon, 22 Mar 2021 21:28:59 GMT"
S3A_OL_2_WFR____20200616T062330_20200616T062630_20200617T143313_0179_059_248_2520_MAR_O_NT_002.SEN3,chl_oc4me.nc,4709012,de364ccca5d76a642bec4f0e72f5765d974064097f91275abb71054479dcd7cc,3001ba88c2a53dd3bbf4a13b563cf718,"Thu, 01 Apr 2021 15:25:33 GMT"
S3A_OL_2_WFR____20200616T062330_20200616T062630_20200617T143313_0179_059_248_2520_MAR_O_NT_002.SEN3,geo_coordinates.nc,59966945,1eee34f0fc959ac1f5a4c1e96d5eda3951006fd58facac9732f3ba292a55ce30,51c3636c18db3047a9871ea983712d48-8,"Thu, 01 Apr 2021 15:25:33 GMT"
S3A_OL_2_WFR____20200616T062330_20200616T062630_20200617T143313_0179_059_248_2520_MAR_O_NT_002.SEN3,tie_geo_coordinates.nc,1139205,366a2a78381813fcc778be791c79e0d7a88284aac3a401b880fd820358965ca7,6db0cb0656c4c233e1f4c81d1cd52b55,"Thu, 01 Apr 2021 15:25:33 GMT"
S3A_OL_2_WFR____20200616T062330_20200616T062630_20200617T143313_0179_059_248_2520_MAR_O_NT_002.SEN3,wqsf.nc,5709706,171b70a98a4cc7162bbcdf05ab9441394bbbe7d6537b00ce69b1e826c0d305ea,1d7410814146d278f897cfd89e62a567,"Thu, 01 Apr 2021 15:25:33 GMT"
S3A_OL_2_WFR____20200617T055719_20200617T060019_20200618T130549_0179_059_262_2520_MAR_O_NT_002.SEN3,chl_oc4me.nc,5496037,99c28e909b6665dd205d6f98cd63404de1b94a40bec6642cf67529b62beb159c,78cbe60592b6ce305fb16c35df478708,"Mon, 22 Mar 2021 21:27:54 GMT"
S3A_OL_2_WFR____20200617T055719_20200617T060019_20200618T130549_0179_059_262_2520_MAR_O_NT_002.SEN3,geo_coordinates.nc,58521743,23f22ea635febd780d6e1bc64a210dede41c8967ccf5fb8cb6fa2c4982b6b49f,dd4807d40d584183c6f85144f5ada810-7,"Mon, 22 Mar 2021 21:27:55 GMT"
S3A_OL_2_WFR____20200617T055719_20200617T060019_20200618T130549_0179_059_262_2520_MAR_O_NT_002.SEN3,tie_geo_coordinates.nc,1135182,532ddde1a70f1abf0332c5f9d9de3cc0dbbcfb5c8513d9146946d5830bd1edd2,8062507212ff28a129b500781e715af9,"Mon, 22 Mar 2021 21:27:54 GMT"
S3A_OL_2_WFR____20200617T055719_20200617T060019_20200618T130549_0179_059_262_2520_MAR_O_NT_002.SEN3,wqsf.nc,9493953,aff13e3967bff7b7e92e00590dac36ff3faa4bc7450d53f8169dd51db2ee58eb,b637e70446e3121919694b103581d107-2,"Mon, 22 Mar 2021 21:27:53 GMT"
S3A_OL_2_WFR____20200619T064556_20200619T064856_20200620T160322_0179_059_291_2520_MAR_O_NT_002.SEN3,chl_oc4me.nc,3650045,8ece05d049fa4f6ce9c1f368c1613e4731e7491b58fca7e13ca6a3e3a08c8559,5ede600fd793f5e60121191759445967,"Mon, 22 Mar 2021 21:24:03 GMT"
S3A_OL_2_WFR____20200619T064556_20200619T064856_20200620T160322_0179_059_291_2520_MAR_O_NT_002.SEN3,geo_coordinates.nc,59367717,56e38b39c7c65aeebb28b0362627a82dfc55246528f5e259a6341858f7f386e2,0b4cf0c6bb26b81e66cc8f1f95002f57-8,"Mon, 22 Mar 2021 21:24:03 GMT"
S3A_OL_2_WFR____20200619T064556_20200619T064856_20200620T160322_0179_059_291_2520_MAR_O_NT_002.SEN3,tie_geo_coordinates.nc,1136337,f1319f2c4c263ce5c1a0ce845d93534c1dc9d1fa258f80caa24e38753bb8c321,d9a53e667d2f166ae589a85a063dff4c,"Mon, 22 Mar 2021 21:24:03 GMT"
S3A_OL_2_WFR____20200619T064556_20200619T064856_20200620T160322_0179_059_291_2520_MAR_O_NT_002.SEN3,wqsf.nc,5364394,a6d862a0693da82d68ca2f680b277520ad8c4a1eaee1431ade185f781bba4589,736b696f0cc1978b01444ac85e5e5b72,"Mon, 22 Mar 2021 21:24:03 GMT"
S3A_OL_2_WFR____20200620T061946_20200620T062246_20200621T131857_0179_059_305_2520_MAR_O_NT_002.SEN3,chl_oc4me.nc,5137209,0f3ebe470f776a6526e5e12dc0fc79b99f51cc335b6f4f43453d14000d1f18a7,ad3164c69d9ea45bab8d631e0b6ec100,"Thu, 25 Mar 2021 10:44:06 GMT"
S3A_OL_2_WFR____20200620T061946_20200620T062246_20200621T131857_0179_059_305_2520_MAR_O_NT_002.SEN3,geo_coordinates.nc,59831271,6175bec3baf6d517e0b01298e38bcabefd0bc6280ec590eef6539edb9aa6f07d,03640b665e15b4367cabeebfb72949f9-8,"Thu, 25 Mar 2021 10:44:05 GMT"
S3A_OL_2_WFR____20200620T061946_20200620T062246_20200621T131857_0179_059_305_2520_MAR_O_NT_002.SEN3,tie_geo_coordinates.nc,1137721,517e6d84ce06dd58ba29d48cf89736f8df0eb81ed50ab2eb966844f7009a2ee7,55e8f5853fa16e49b7a6eecedc26a78a,"Thu, 25 Mar 2021 10:44:05 GMT"
S3A_OL_2_WFR____20200620T061946_20200620T062246_20200621T131857_0179_059_305_2520_MAR_O_NT_002.SEN3,wqsf.nc,6526565,044bec95bd26676d59e4052805c68436253132a4e1c8eb83553c6f674fa9e9c4,fb0a7dd611439d1b7824b9461d41d967,"Thu, 25 Mar 2021 10:44:06 GMT"
S3A_OL_2_WFR____20200623T064212_20200623T064512_20200624T141447_0179_059_348_2520_MAR_O_NT_002.SEN3,chl_oc4me.nc,3869199,ebb75c26887860209881075d5b6e35a63d7bbb860e3c2692d48077768c8ff97a,5ddcf38f8a26b45604d86083d7ddf0db,"Thu, 25 Mar 2021 10:43:05 GMT"
S3A_OL_2_WFR____20200623T064212_20200623T064512_20200624T141447_0179_059_348_2520_MAR_O_NT_002.SEN3,geo_coordinates.nc,59528653,43e90b4d493c584f25c55d395ae9c0dd026d5291651337199783a79afcfcc46c,fbe59357a2763ea4c20fd2c62e050d97-8,"Thu, 25 Mar 2021 10:43:05 GMT"
S3A_OL_2_WFR____20200623T064212_20200623T064512_20200624T141447_0179_059_348_2520_MAR_O_NT_002.SEN3,tie_geo_coordinates.nc,1141954,72db5ce19755d9ad0c4e49c935975c491905033202492ad7266d3598686e17fe,29759f7b6c4047d43dd10ff65e109a2b,"Thu, 25 Mar 2021 10:43:05 GMT"
S3A_OL_2_WFR____20200623T064212_20200623T064512_20200624T141447_0179_059_348_2520_MAR_O_NT_002.SEN3,wqsf.nc,5226891,b6487ee82210b8e0c88aa5c301adb8068f17c22ff7b5c1c0bc7de468bd7ed13c,94a7a4cebf1102c7a16df525e71f781c,"Thu, 25 Mar 2021 10:43:05 GMT"
S3A_OL_2_WFR____20200624T061601_20200624T061901_20200625T134908_0179_059_362_2520_MAR_O_NT_002.SEN3,chl_oc4me.nc,4937240,0e7f8519689d45e9a65e7034dd4967121b135489df4d86134ed263e00307db76,0a27b924ce768bddd12f6d7bd18c38e5,"Mon, 22 Mar 2021 21:13:14 GMT"
S3A_OL_2_WFR____20200624T061601_20200624T061901_20200625T134908_0179_059_362_2520_MAR_O_NT_002.SEN3,geo_coordinates.nc,59608270,fdd81214f90ebc85201c5470a024d364a2841109bc0dbec525a5b01522a64ed8,03dde088bf7a43c4c2ff344066a8b6e3-8,"Mon, 22 Mar 2021 21:13:14 GMT"
S3A_OL_2_WFR____20200624T061601_20200624T061901_20200625T134908_0179_059_362_2520_MAR_O_NT_002.SEN3,tie_geo_coordinates.nc,1138477,8dd8fd214920e1b6c53cbb0423128f7da6b9407bf4fe58ceaa759c9a24dde874,48bc27891c11ec8a4821c109339a017e,"Mon, 22 Mar 2021 21:13:13 GMT"
S3A_OL_2_WFR____20200624T061601_20200624T061901_20200625T134908_0179_059_362_2520_MAR_O_NT_002.SEN3,wqsf.nc,7402324,932ca19469028998c77cc291e3f3f0adbbe22610e9e2c974ecf1759ffa78ad17,d81125635b797c83b6856eaa270b064b,"Mon, 22 Mar 2021 21:13:13 GMT"
S3A_OL_2_WFR____20200627T063828_20200627T064128_20200628T153806_0179_060_020_2520_MAR_O_NT_002.SEN3,chl_oc4me.nc,4195837,98a42a69e5c196a280b223a1e6c15a8345814c286b4047fcef0cc497d3b91780,72ee1f5279ebb9937c27e5c52ba3a6e3,"Thu, 01 Apr 2021 15:22:21 GMT"
S3A_OL_2_WFR____20200627T063828_20200627T064128_20200628T153806_0179_060_020_2520_MAR_O_NT_002.SEN3,geo_coordinates.nc,59764829,1f7634ea738074c91e4a1e8ac94d7494a40ed447b324e86a32e40fe173480b93,b78ec2dd9279d9ee4926eaa9d6566536-8,"Thu, 01 Apr 2021 15:22:22 GMT"
S3A_OL_2_WFR____20200627T063828_20200627T064128_20200628T153806_0179_060_020_2520_MAR_O_NT_002.SEN3,tie_geo_coordinates.nc,1141785,bd51df2710960b31fa962604f4fad3cb9945be2783486db8e55bf5bf3cb0e2a0,9f868ab29a247a3a2ca5208669bf48f4,"Thu, 01 Apr 2021 15:22:21 GMT"
S3A_OL_2_WFR____20200627T063828_20200627T064128_20200628T153806_0179_060_020_2520_MAR_O_NT_002.SEN3,wqsf.nc,5090587,f05087d410513a4ea52b2fa853568b6aa0aa6e63d02369f6b241eb286bc85a48,92f28df024dcbb99a32458e3f26e65bc,"Thu, 01 Apr 2021 15:22:22 GMT"
S3A_OL_2_WFR____20200628T061217_20200628T061517_20200629T143953_0179_060_034_2520_MAR_O_NT_002.SEN3,chl_oc4me.nc,6016569,ee8189fee725d5fe94041deeb7c6a64db5c0721bad05240860d70e8de4028ad9,62d030b088fa752ab3c00d77736e9abf,"Mon, 22 Mar 2021 20:49:50 GMT"
S3A_OL_2_WFR____20200628T061217_20200628T061517_20200629T143953_0179_060_034_2520_MAR_O_NT_002.SEN3,geo_coordinates.nc,59364433,457d0f2b690e1372282dfc136322bd5d23168112f59da5cc4ec0f0faf0fe28d5,73d1a13dc588221327a415d6a8c5b3bb-8,"Mon, 22 Mar 2021 20:49:50 GMT"
S3A_OL_2_WFR____20200628T061217_20200628T061517_20200629T143953_0179_060_034_2520_MAR_O_NT_002.SEN3,tie_geo_coordinates.nc,1130228,88050cca15e612d4c3b24a8d4d08d0308bd8809fa9c10264d4526ed7f4f8df56,eeeed4612e560824df019cc292880ba3,"Mon, 22 Mar 2021 20:49:50 GMT"
S3A_OL_2_WFR____20200628T061217_20200628T061517_20200629T143953_0179_060_034_2520_MAR_O_NT_002.SEN3,wqsf.nc,9024449,f0a64acfa94254b83ebc4a79507f042ddec7ec21346197cf7e1d3293effc2128,8c9f5cdcd085a6900cf735f3abedb2a5-2,"Mon, 22 Mar 2021 20:49:50 GMT"
S3A_OL_2_WFR____20200701T063444_20200701T063744_20200702T140151_0179_060_077_2520_MAR_O_NT_002.SEN3,chl_oc4me.nc,4656193,ed0db93ee820171767b125ad60a448def38f14b83598d4cefb9e3a5ac45cf1d3,66a24efbe9dfd0b7f59f5d855b059ea0,"Mon, 22 Mar 2021 20:25:33 GMT"
S3A_OL_2_WFR____20200701T063444_20200701T063744_20200702T140151_0179_060_077_2520_MAR_O_NT_002.SEN3,geo_coordinates.nc,59898109,ae91e4e1be24af785d609c6199b699ea8f505e46540bc3ee4e2ca1c5bf51a83b,0a5ee6d17cb627adb75a33ee8d6a8e6e-8,"Mon, 22 Mar 2021 20:25:33 GMT"
S3A_OL_2_WFR____20200701T063444_20200701T063744_20200702T140151_0179_060_077_2520_MAR_O_NT_002.SEN3,tie_geo_coordinates.nc,1137398,7139f7ba8f5a55b31552ad854b9500747acd2b0454d80beab6a3fd416a49d3f9,c06671915bc8afc1bb35e1487d3974e4,"Mon, 22 Mar 2021 20:25:33 GMT"
S3A_OL_2_WFR____20200701T063444_20200701T063744_20200702T140151_0179_060_077_2520_MAR_O_NT_002.SEN3,wqsf.nc,5635321,bf9b8caacd89b3432f95d685acf20c333ab04824302552fa89900ab32f136656,42e56c9658abeab9a8c64ecc81b7d898,"Mon, 22 Mar 2021 20:25:33 GMT"
S3A_OL_2_WFR____20200702T060833_20200702T061133_20200703T151043_0179_060_091_2520_MAR_O_NT_002.SEN3,chl_oc4me.nc,6065240,3db26d74dcccf2d7224949c24b3fca6b4ba20d5b8172934e6b70bce17d5af482,3f968c70d0f68fa2ca7b098a7d2eeb5a,"Thu, 25 Mar 2021 10:40:46 GMT"
S3A_OL_2_WFR____20200702T060833_20200702T061133_20200703T151043_0179_060_091_2520_MAR_O_NT_002.SEN3,geo_coordinates.nc,59156942,fdf0c777196d18f0c04a9aee36c27ff9632de3b4fa72a8a9f88eee28b030cd26,23179ec82d0620c1630d42a3b9d1013e-8,"Thu, 25 Mar 2021 10:40:46 GMT"
S3A_OL_2_WFR____20200702T060833_20200702T061133_20200703T151043_0179_060_091_2520_MAR_O_NT_002.SEN3,tie_geo_coordinates.nc,1138088,4f6eceb08f07e48a4fe839a5a6a09fdef6fbd0ff5dfde32a6bebd09a30e28fb4,5d76ff2fdfe3d9b6597705126c241ad5,"Thu, 25 Mar 2021 10:40:46 GMT"
S3A_OL_2_WFR____20200702T060833_20200702T061133_20200703T151043_0179_060_091_2520_MAR_O_NT_002.SEN3,wqsf.nc,8901328,ffc4362ed4ad8149e4c0927533b36b8a4799259a10ac36a35fdd81ef113e6b99,e512edabb850cd682ff667cb3e181d2b-2,"Thu, 25 Mar 2021 10:40:45 GMT"
S3A_OL_2_WFR____20200704T065710_20200704T070010_20200705T152924_0180_060_120_2520_MAR_O_NT_002.SEN3,tie_geo_coordinates.nc,1139986,0c6747e91884c4fd5ee79d78f7c81179229e9e24cafca456e4519533d9afcbf8,c2c66e84a0f6de499eba352e46836b61,"Mon, 22 Mar 2021 20:14:32 GMT"
S3A_OL_2_WFR____20200705T063100_20200705T063400_20200706T143515_0179_060_134_2520_MAR_O_NT_002.SEN3,chl_oc4me.nc,4697457,d47c4cd4542b15becca3131d6aaebc5297a315a23b7c4442d7436c59838ada03,f9b2a106947095df38f8a8ef5d34d016,"Thu, 25 Mar 2021 10:39:48 GMT"
S3A_OL_2_WFR____20200705T063100_20200705T063400_20200706T143515_0179_060_134_2520_MAR_O_NT_002.SEN3,geo_coordinates.nc,59946118,0027b10eaf4c3ce03e86627e73a54241b1c97b71af0af324482f21a43d2986f1,82cf90161224e436ad3f43b459b56823-8,"Thu, 25 Mar 2021 10:39:48 GMT"
S3A_OL_2_WFR____20200705T063100_20200705T063400_20200706T143515_0179_060_134_2520_MAR_O_NT_002.SEN3,tie_geo_coordinates.nc,1136218,519a568ad761716f15f19e037d79db062f1e253da21a7ac1d071199a0b516749,db08618e881f823d84a709843909ecac,"Thu, 25 Mar 2021 10:39:48 GMT"
S3A_OL_2_WFR____20200705T063100_20200705T063400_20200706T143515_0179_060_134_2520_MAR_O_NT_002.SEN3,wqsf.nc,5520150,51a39bfbd3835d9cc8823ddedc0cc677dab3d9e7adbb7057357f4608a48ea127,7c08697aa63ae1446d1d4a9e8dd4f308,"Thu, 25 Mar 2021 10:39:48 GMT"
S3A_OL_2_WFR____20200706T060449_20200706T060749_20200707T131707_0179_060_148_2520_MAR_O_NT_002.SEN3,chl_oc4me.nc,2209129,1cf72031672ce9160c7ee266b36cd7890d306ae23b4290a19a869c83b2f9c490,a9af2f9e05867f6542fc6b42a4b2da23,"Mon, 22 Mar 2021 20:12:01 GMT"
S3A_OL_2_WFR____20200706T060449_20200706T060749_20200707T131707_0179_060_148_2520_MAR_O_NT_002.SEN3,geo_coordinates.nc,58967799,e2961208d63a5dc68f4eb98ac926d7b455a0abfe52cb586301642277078c27c0,b8cbd0ae1e925ba0a40a00fbac1a8f86-8,"Mon, 22 Mar 2021 20:12:01 GMT"
S3A_OL_2_WFR____20200706T060449_20200706T060749_20200707T131707_0179_060_148_2520_MAR_O_NT_002.SEN3,tie_geo_coordinates.nc,1131908,98add8987708562e915f18e7292529c7e9ed84f47600581fa4940e6e79bb93ce,66cff76283dce5e4c5557f36ad24e62b,"Mon, 22 Mar 2021 20:12:01 GMT"
S3A_OL_2_WFR____20200706T060449_20200706T060749_20200707T131707_0179_060_148_2520_MAR_O_NT_002.SEN3,wqsf.nc,5079927,6958048e1dddb776f879b5ca5231cf5786b0bf0f17615de3dcd0e3c058488fa8,98d7b38eb8b688b5c2883b7c15b0b9f0,"Mon, 22 Mar 2021 20:12:01 GMT"
S3A_OL_2_WFR____20200708T065326_20200708T065626_20200709T143602_0179_060_177_2520_MAR_O_NT_002.SEN3,chl_oc4me.nc,2960404,265c29c4ee8d7577bc898dc9edbb9d9fb317410b949cd22c76dd7ca0d6c6dc48,ca2d9a25733d87a44902a6b917102bb5,"Mon, 22 Mar 2021 20:07:43 GMT"
S3A_OL_2_WFR____20200708T065326_20200708T065626_20200709T143602_0179_060_177_2520_MAR_O_NT_002.SEN3,geo_coordinates.nc,59147712,9099e8f805aeac20402920a8987d61042a6f5f1f20fd8984c2f2b5f8195f0320,62db5143484a3f9cfe7937c7bbcb4213-8,"Mon, 22 Mar 2021 20:07:43 GMT"
S3A_OL_2_WFR____20200708T065326_20200708T065626_20200709T143602_0179_060_177_2520_MAR_O_NT_002.SEN3,tie_geo_coordinates.nc,1143580,bca2a693077589fb503d0152ee2cbda075b492fbc691264846db2bd22d728316,f45b9bfc20b24376f90f405832b630db,"Mon, 22 Mar 2021 20:07:43 GMT"
S3A_OL_2_WFR____20200708T065326_20200708T065626_20200709T143602_0179_060_177_2520_MAR_O_NT_002.SEN3,wqsf.nc,4421333,42883d85595891fecd0dec84f199a95e6a1e36448aacac334377fdac7806cedb,aa3572228daea800e4b24a2bc95fdf1d,"Mon, 22 Mar 2021 20:07:43 GMT"
S3A_OL_2_WFR____20200709T062715_20200709T063015_20200710T154616_0179_060_191_2520_MAR_O_NT_002.SEN3,chl_oc4me.nc,4438366,8696994fe0dbe0fd36f77e0ed4d9259a33c73e2b318a36cac9a4992a6da9047a,1a72e2b2af14400e202b050384c77dc7,"Thu, 01 Apr 2021 15:19:29 GMT"
S3A_OL_2_WFR____20200709T062715_20200709T063015_20200710T154616_0179_060_191_2520_MAR_O_NT_002.SEN3,geo_coordinates.nc,59988672,ed27a284afe42a4aca4c5419c08ca4679b16efbf698d241f388d8d7ee401a0ba,8b76d0572726dc20555bf20b94f31bdb-8,"Thu, 01 Apr 2021 15:19:29 GMT"
S3A_OL_2_WFR____20200709T062715_20200709T063015_20200710T154616_0179_060_191_2520_MAR_O_NT_002.SEN3,tie_geo_coordinates.nc,1140965,cdb3f79e3fe0d3f61d003b31f356ca83ec4cee0bf0b2941d5922102d21fa3bbd,8b1b482195d9ce2004019121e411bd76,"Thu, 01 Apr 2021 15:19:29 GMT"
S3A_OL_2_WFR____20200709T062715_20200709T063015_20200710T154616_0179_060_191_2520_MAR_O_NT_002.SEN3,wqsf.nc,5165212,ee302df48afe4aa3f73ddc789b2d83f38b80f1b12158afaacd9b592512dce6e3,095054ff13082f3c6e277e2c84651c80,"Thu, 01 Apr 2021 15:19:29 GMT"
S3A_OL_2_WFR____20200710T060104_20200710T060404_20200711T150101_0179_060_205_2520_MAR_O_NT_002.SEN3,chl_oc4me.nc,3197952,659559e2bfc99558aa086fa84a1fd9bfd19401c9a52c70bb4161da91b82f1b56,970338c690f39a3d932bc21734642d87,"Mon, 22 Mar 2021 20:05:39 GMT"
S3A_OL_2_WFR____20200710T060104_20200710T060404_20200711T150101_0179_060_205_2520_MAR_O_NT_002.SEN3,geo_coordinates.nc,58773555,90e590ed68194c89aea585eaaff4fcf42eee7b237eda169ddffc16184ac44eb8,6a47235e65721b5938b4d1f1b2a1e1c7-8,"Mon, 22 Mar 2021 20:05:39 GMT"
S3A_OL_2_WFR____20200710T060104_20200710T060404_20200711T150101_0179_060_205_2520_MAR_O_NT_002.SEN3,tie_geo_coordinates.nc,1134403,1029b69ce7424a117e339a0f53587c1de99aa90c2c4ab95f2d471d047b7b8d37,ee02277907e039eec63a7a930ccffef3,"Mon, 22 Mar 2021 20:05:39 GMT"
S3A_OL_2_WFR____20200710T060104_20200710T060404_20200711T150101_0179_060_205_2520_MAR_O_NT_002.SEN3,wqsf.nc,6549563,1ec46f59e889dc8b2561a8328fa7384758483dcc69e9a4ea5f1a76c7d7415e6b,4398c19422f7c66f3e5518637c1f6cba,"Mon, 22 Mar 2021 20:05:40 GMT"
S3A_OL_2_WFR____20200712T064942_20200712T065242_20200713T154128_0179_060_234_2520_MAR_O_NT_002.SEN3,chl_oc4me.nc,3077825,7914f6f97fff5b90f54463c21f28bef9771527cd234c8aca0e6cfc8e0a8c873d,7700e7d6c3a80d63cd8d57cea81fa250,"Mon, 22 Mar 2021 20:03:04 GMT"
S3A_OL_2_WFR____20200712T064942_20200712T065242_20200713T154128_0179_060_234_2520_MAR_O_NT_002.SEN3,geo_coordinates.nc,59169907,f1801d814652f9509554ac88ea9bf7938bef8fc0a6f5dee15e9973ef0443fcf9,43bcd55e1e29a64c0da35d081ef368f9-8,"Mon, 22 Mar 2021 20:03:04 GMT"
S3A_OL_2_WFR____20200712T064942_20200712T065242_20200713T154128_0179_060_234_2520_MAR_O_NT_002.SEN3,tie_geo_coordinates.nc,1139818,3bd6864a3d5253931b7c1f2fcc64ef9c1676e93c8742f294ea497c823f576689,d752d74539bc8c692d6b2318fc830931,"Mon, 22 Mar 2021 20:03:04 GMT"
S3A_OL_2_WFR____20200712T064942_20200712T065242_20200713T154128_0179_060_234_2520_MAR_O_NT_002.SEN3,wqsf.nc,5778974,48f6f27e9b9df3b68bb67a2746a4778a5bfdfdab16061067d82e0d1b6346e967,49f1486a53261ab2c0961123ad12b7f5,"Mon, 22 Mar 2021 20:03:04 GMT"
S3A_OL_2_WFR____20200713T062331_20200713T062631_20200714T145403_0179_060_248_2520_MAR_O_NT_002.SEN3,chl_oc4me.nc,4323690,ca0d159ced90b85eb3de9beaed25768d9574afa7a81b716c8eede68d2fa4cad4,7796f9c4659b0bb05cbe3a50af6ac446,"Thu, 25 Mar 2021 10:36:53 GMT"
S3A_OL_2_WFR____20200713T062331_20200713T062631_20200714T145403_0179_060_248_2520_MAR_O_NT_002.SEN3,geo_coordinates.nc,59956508,4e9063a81053c3b3104f9abf844709aa0733f33dd9f8be3d4653ec7e4c17960a,ab0db330120b55e25d9e150bd4327339-8,"Thu, 25 Mar 2021 10:36:53 GMT"
S3A_OL_2_WFR____20200713T062331_20200713T062631_20200714T145403_0179_060_248_2520_MAR_O_NT_002.SEN3,tie_geo_coordinates.nc,1136013,b66929df9f6ba2ced7ce94f92b3feddc9c27bf9796014d1c8bfa84959428cdb6,a3f0540f0c2c932207338ffc26d5b7a1,"Thu, 25 Mar 2021 10:36:53 GMT"
S3A_OL_2_WFR____20200713T062331_20200713T062631_20200714T145403_0179_060_248_2520_MAR_O_NT_002.SEN3,wqsf.nc,6399445,2b5f4ac2e30e03ef46a778f4d0848b2468298f46f6efdb0a5f01433adf2206d1,f432f463ef14de785e810263dfc0bc55,"Thu, 25 Mar 2021 10:36:53 GMT"
S3A_OL_2_WFR____20200714T055720_20200714T060020_20200715T124017_0179_060_262_2520_MAR_O_NT_002.SEN3,chl_oc4me.nc,6752284,a32158f5dfc439a75968d7c5376b8d6bcb399ed171401d34bfc00bc6253f75c8,4221b6f1d354b36ff8eae3895c9b9028,"Mon, 22 Mar 2021 20:02:04 GMT"
S3A_OL_2_WFR____20200714T055720_20200714T060020_20200715T124017_0179_060_262_2520_MAR_O_NT_002.SEN3,geo_coordinates.nc,58526066,b3027f60d6bd964d87fd46acd1d212f1d5209fb78bdbc3cb6eb2a3fc2353de2c,425fb594e202badd64ef32cb1c5d2036-7,"Mon, 22 Mar 2021 20:02:04 GMT"
S3A_OL_2_WFR____20200714T055720_20200714T060020_20200715T124017_0179_060_262_2520_MAR_O_NT_002.SEN3,tie_geo_coordinates.nc,1140032,7d5ee429d89fe3bbc1b36c3ddb737ffc762ba37e4da252d42664db75c5fd6fed,70a7d80d1f7a9918748c0d9708d76f1c,"Mon, 22 Mar 2021 20:02:04 GMT"
S3A_OL_2_WFR____20200714T055720_20200714T060020_20200715T124017_0179_060_262_2520_MAR_O_NT_002.SEN3,wqsf.nc,11016316,91c418bb77c98ac605401b88ae454d41d6be315e66eadd1932239ad5136c7681,79878c8117878ffda8aa0d1a9ca0371e-2,"Mon, 22 Mar 2021 20:02:04 GMT"
S3A_OL_2_WFR____20200716T064557_20200716T064857_20200717T160408_0180_060_291_2520_MAR_O_NT_002.SEN3,chl_oc4me.nc,3435416,39176c23d53146d0874b999c74a3d005850ad39e9c8f59015200cea5f4b63a2a,27430a388df8af848fbf97fee245c883,"Mon, 22 Mar 2021 19:58:57 GMT"
S3A_OL_2_WFR____20200716T064557_20200716T064857_20200717T160408_0180_060_291_2520_MAR_O_NT_002.SEN3,geo_coordinates.nc,59393636,ef165d648572f815358669e60699b424f55da55de75bdad0fab9c9b7de721dff,7838cd24dea197e7bad3410c0e51c3f0-8,"Mon, 22 Mar 2021 19:58:57 GMT"
S3A_OL_2_WFR____20200716T064557_20200716T064857_20200717T160408_0180_060_291_2520_MAR_O_NT_002.SEN3,tie_geo_coordinates.nc,1136237,561d91fc16be4c7ad1a06b504201cea0e0be0e848dae44f2bfa425fca723267f,5d7950f4db56133d69d046e0cdda23f8,"Mon, 22 Mar 2021 19:58:57 GMT"
S3A_OL_2_WFR____20200716T064557_20200716T064857_20200717T160408_0180_060_291_2520_MAR_O_NT_002.SEN3,wqsf.nc,5222679,338544ee62700e967a3115e6f0788049ff377a9baa8a15bbd462c12a1685e265,e81b2d83ee3db5385fa6d2725b4ffca3,"Mon, 22 Mar 2021 19:58:57 GMT"
S3A_OL_2_WFR____20200717T061946_20200717T062246_20200718T151155_0179_060_305_2520_MAR_O_NT_002.SEN3,chl_oc4me.nc,3725047,dc15f24d73dfd16e598ed334f054b3985f833a3965905f0f55f4c526c5f9dbdf,2d7e96a89cb050b4ff81f5ddab8ca3c4,"Thu, 01 Apr 2021 15:17:25 GMT"
S3A_OL_2_WFR____20200717T061946_20200717T062246_20200718T151155_0179_060_305_2520_MAR_O_NT_002.SEN3,geo_coordinates.nc,59832609,bdb6592656e9390a869117d52f1e364db448691b66734b87e3fcb058f9507819,fd7df83fcc6f8ef34cdfd730b0f601af-8,"Thu, 01 Apr 2021 15:17:24 GMT"
S3A_OL_2_WFR____20200717T061946_20200717T062246_20200718T151155_0179_060_305_2520_MAR_O_NT_002.SEN3,tie_geo_coordinates.nc,1139307,bc0d276d6689bde814de731545d7f41977f0746d0d610438c166a79fec1931f9,a44ae2a70d33200a69d393b6f1e233fd,"Thu, 01 Apr 2021 15:17:24 GMT"
S3A_OL_2_WFR____20200717T061946_20200717T062246_20200718T151155_0179_060_305_2520_MAR_O_NT_002.SEN3,wqsf.nc,5568897,fc28acb8bab174254faf8cfba06d9db42810c12c2ee8e6521f7b6cd49f8e5011,27209c14b56e7e3e8b51a80d869f8568,"Thu, 01 Apr 2021 15:17:24 GMT"
S3A_OL_2_WFR____20200720T064213_20200720T064513_20200721T143123_0180_060_348_2520_MAR_O_NT_002.SEN3,chl_oc4me.nc,3837148,d8a3ed5df004b667c9ff20226e1eab045ff93cc439abc959e9d1743701e17d9c,72037bd8e6c754c1eb97113e94db2d96,"Thu, 01 Apr 2021 15:16:41 GMT"
S3A_OL_2_WFR____20200720T064213_20200720T064513_20200721T143123_0180_060_348_2520_MAR_O_NT_002.SEN3,geo_coordinates.nc,59546887,1827a79fe3959d3cef4fdbb9544a4600865fd7bd7eead280e16ab0e04ad7bde8,fe75400f407e0da67d3fff070f70c2c7-8,"Thu, 01 Apr 2021 15:16:41 GMT"
S3A_OL_2_WFR____20200720T064213_20200720T064513_20200721T143123_0180_060_348_2520_MAR_O_NT_002.SEN3,tie_geo_coordinates.nc,1141763,ef36e65603efe6c0db931e82d58e54318634338b770633730bf19fc35b6e7694,b4fc28bb9b1b15681c9801ddf7b2e98f,"Thu, 01 Apr 2021 15:16:40 GMT"
S3A_OL_2_WFR____20200720T064213_20200720T064513_20200721T143123_0180_060_348_2520_MAR_O_NT_002.SEN3,wqsf.nc,4460420,279322fe68f48e5b035597e746b93c0de7038ec414b92be387cdf73262614f48,d152eafebaca93918a9f86d7e4115763,"Thu, 01 Apr 2021 15:16:41 GMT"
S3A_OL_2_WFR____20200721T061602_20200721T061902_20200722T131554_0179_060_362_2520_MAR_O_NT_002.SEN3,chl_oc4me.nc,5300560,bf95eb6c6a8b7c1c41d0de5a5813b65c3d2594ee3378e63ad804aeb77aac5879,b59119175e44fb08b6ab5daaa1942eb9,"Mon, 22 Mar 2021 19:55:43 GMT"
S3A_OL_2_WFR____20200721T061602_20200721T061902_20200722T131554_0179_060_362_2520_MAR_O_NT_002.SEN3,geo_coordinates.nc,59636204,0994577a1e771178cbc94bc9bb20229b8e281e1ea3f0a3755cb7595789e0ce70,9ad5eba82a5a8b41791fa424d593336d-8,"Mon, 22 Mar 2021 19:55:43 GMT"
S3A_OL_2_WFR____20200721T061602_20200721T061902_20200722T131554_0179_060_362_2520_MAR_O_NT_002.SEN3,tie_geo_coordinates.nc,1138150,6f2c3916c2aed1fb8c921cad562103569220650a5d8910fc7c052bd7c4034638,13cdaf0e92827bbe0459ce15653ee515,"Mon, 22 Mar 2021 19:55:43 GMT"
S3A_OL_2_WFR____20200721T061602_20200721T061902_20200722T131554_0179_060_362_2520_MAR_O_NT_002.SEN3,wqsf.nc,7406055,1de6b7bfa7cd80480d5f30ff2e5c446f04a217a1a866a031cab80f63717fadea,c10e32a9299789f00cdaf3d20ce0a5fb,"Mon, 22 Mar 2021 19:55:43 GMT"
S3A_OL_2_WFR____20200724T063828_20200724T064128_20200725T153918_0179_061_020_2520_MAR_O_NT_002.SEN3,chl_oc4me.nc,3996329,70c397e64847aaa6949c0b4752647f3e3646dcb90d0c12c5c081f5ea9a2a14ab,45f39e710cf2dab229b2a393901ddec5,"Thu, 25 Mar 2021 10:32:39 GMT"
S3A_OL_2_WFR____20200724T063828_20200724T064128_20200725T153918_0179_061_020_2520_MAR_O_NT_002.SEN3,geo_coordinates.nc,59757893,592be4c639aeb905363260712f7b583958b2ce35e371f55b226c2ba49cc3a721,0cc3d010b10fa7fa8ad1b0f9d87a712b-8,"Thu, 25 Mar 2021 10:32:39 GMT"
S3A_OL_2_WFR____20200724T063828_20200724T064128_20200725T153918_0179_061_020_2520_MAR_O_NT_002.SEN3,tie_geo_coordinates.nc,1141337,9ebce487ebaf8ca55b1cf45409fc677123f3a750dd1bfb5d4b587c1eeeb37ffb,f3da93c770a57212ac62053f28d63151,"Thu, 25 Mar 2021 10:32:39 GMT"
S3A_OL_2_WFR____20200724T063828_20200724T064128_20200725T153918_0179_061_020_2520_MAR_O_NT_002.SEN3,wqsf.nc,5497500,7b733656de2989b84ae1ea016423308a2822222e8333c1e82dd0a8b69d938858,42c95ccb28fb089d171a6f90610d63c8,"Thu, 25 Mar 2021 10:32:39 GMT"
S3A_OL_2_WFR____20200725T061217_20200725T061517_20200726T132124_0179_061_034_2520_MAR_O_NT_002.SEN3,chl_oc4me.nc,5712376,13d43ce7901741d4a3b200614492c944f86e295a7bf9b9dc1c798b592f4cf0ca,9db20e00ebcbb5ccb6ec1e7a527f3644,"Mon, 22 Mar 2021 19:52:17 GMT"
S3A_OL_2_WFR____20200725T061217_20200725T061517_20200726T132124_0179_061_034_2520_MAR_O_NT_002.SEN3,geo_coordinates.nc,59372129,0cf92bbe038be52c64a0a1dc1b522d0a05bbe0b09385eceb0f99d9677b491603,82aac585b47a83aa73ab4e514b3bd187-8,"Mon, 22 Mar 2021 19:52:17 GMT"
S3A_OL_2_WFR____20200725T061217_20200725T061517_20200726T132124_0179_061_034_2520_MAR_O_NT_002.SEN3,tie_geo_coordinates.nc,1139783,4f1e02b2b098b8f07c26ee15494563bc1b17459aea9be707077d8a3f8c820f77,1842695050e6009d21a52eab0df9db7e,"Mon, 22 Mar 2021 19:52:16 GMT"
S3A_OL_2_WFR____20200725T061217_20200725T061517_20200726T132124_0179_061_034_2520_MAR_O_NT_002.SEN3,wqsf.nc,9541500,e1a7b0d53370afc3295e3e6d21b7db0f735d2d6acf062c388011799ef9d9908f,4fcdee99326e5f73e0f0057bbb171ca6-2,"Mon, 22 Mar 2021 19:52:17 GMT"
S3A_OL_2_WFR____20200728T063443_20200728T063743_20200729T151602_0179_061_077_2520_MAR_O_NT_002.SEN3,chl_oc4me.nc,3544370,7d39c234332e97b39aecb0d79ac5ba42db5e31ec18571901c4eb86d236ada6fe,81870523b32cc17308a6d84eebadc453,"Mon, 22 Mar 2021 19:50:32 GMT"
S3A_OL_2_WFR____20200728T063443_20200728T063743_20200729T151602_0179_061_077_2520_MAR_O_NT_002.SEN3,geo_coordinates.nc,59898580,755240a928d601d0efc562573f932c70c724049c6d0a8889d4e6487778478d07,37068210b05595098cce7814a4d9794d-8,"Mon, 22 Mar 2021 19:50:32 GMT"
S3A_OL_2_WFR____20200728T063443_20200728T063743_20200729T151602_0179_061_077_2520_MAR_O_NT_002.SEN3,tie_geo_coordinates.nc,1138259,4f0693dc6c2a7c49c53a7cd17f63864a190541bad39ecc2b2f849ceb7c286b15,f2cf1b621c3633aa0fc4b5c35774e2ca,"Mon, 22 Mar 2021 19:50:32 GMT"
S3A_OL_2_WFR____20200728T063443_20200728T063743_20200729T151602_0179_061_077_2520_MAR_O_NT_002.SEN3,wqsf.nc,5188648,696c47ed674060b586e18d18467c5e1eb8c7f36aa1f29902b391dd0c3012a98e,25b8e9ca3e4042917114be145f2bd273,"Mon, 22 Mar 2021 19:50:32 GMT"
S3A_OL_2_WFR____20200729T060832_20200729T061132_20200730T144816_0179_061_091_2520_MAR_O_NT_002.SEN3,chl_oc4me.nc,6330466,d303d1e9263032d8051b7cae96600443b14c8bbd717e66e611843b9066df90ee,18883f7f5cf3c0acf959f309a585a989,"Thu, 01 Apr 2021 15:14:30 GMT"
S3A_OL_2_WFR____20200729T060832_20200729T061132_20200730T144816_0179_061_091_2520_MAR_O_NT_002.SEN3,geo_coordinates.nc,59155373,8638de6c32d4adb40d0503e4297b78163113e05284e3d09d7fa1a6b35c33330c,e8e4ae00b8526d33b411eb3429c6522e-8,"Thu, 01 Apr 2021 15:14:29 GMT"
S3A_OL_2_WFR____20200729T060832_20200729T061132_20200730T144816_0179_061_091_2520_MAR_O_NT_002.SEN3,tie_geo_coordinates.nc,1134609,5e8b374a189e789598305e761514766853784462b34126663f782b37a28725c3,6dee1058c5b792fa818484124f73acde,"Thu, 01 Apr 2021 15:14:29 GMT"
S3A_OL_2_WFR____20200729T060832_20200729T061132_20200730T144816_0179_061_091_2520_MAR_O_NT_002.SEN3,wqsf.nc,9714895,7d664ea3178f8d92bc876c1d3063cee413bbf6a50190f61d234049d808002392,cfede50ee7b9108a4b3d1c20b38e03a9-2,"Thu, 01 Apr 2021 15:14:29 GMT"
S3A_OL_2_WFR____20200731T065710_20200731T070010_20200801T155305_0179_061_120_2520_MAR_O_NT_002.SEN3,tie_geo_coordinates.nc,1138578,75f2943c3693e011c8f38d48cfa6f9c94a04ee5ac051e65a49aeacb3e93cf73f,e0cc6385f1bcc3112b9d7afaa8b89c76,"Mon, 22 Mar 2021 19:49:06 GMT"
S3A_OL_2_WFR____20200801T063059_20200801T063359_20200802T141248_0179_061_134_2520_MAR_O_NT_002.SEN3,chl_oc4me.nc,4451731,6514ea49ab0b61573b1097660654a7bbcc0645b7d1d2ad66875a978b683841c8,2a62397dd0d1def0171f81114712d119,"Thu, 01 Apr 2021 15:13:34 GMT"
S3A_OL_2_WFR____20200801T063059_20200801T063359_20200802T141248_0179_061_134_2520_MAR_O_NT_002.SEN3,geo_coordinates.nc,59936568,f3a6036af95138136e7b740a1d4619f335268ade1ed51a2704c73842141e88da,7590e344f01c9ae0c2c99cee4e58f148-8,"Thu, 01 Apr 2021 15:13:34 GMT"
S3A_OL_2_WFR____20200801T063059_20200801T063359_20200802T141248_0179_061_134_2520_MAR_O_NT_002.SEN3,tie_geo_coordinates.nc,1140129,de1442925a54ac1a65f8a4b4ca441255718627d5a6ab3dc0fc3a6f36627095bb,43dc8e5a9549f81a19237f6a15a8e33a,"Thu, 01 Apr 2021 15:13:34 GMT"
S3A_OL_2_WFR____20200801T063059_20200801T063359_20200802T141248_0179_061_134_2520_MAR_O_NT_002.SEN3,wqsf.nc,5352334,aebcc8f4de18a44bd58348cceb369bf8ed42607cd72867424b04852754acc10f,958e658b50d8e2d0797e41a811af303e,"Thu, 01 Apr 2021 15:13:34 GMT"
S3A_OL_2_WFR____20200802T060448_20200802T060748_20200803T150350_0179_061_148_2520_MAR_O_NT_002.SEN3,chl_oc4me.nc,6298461,9a624343b56a1131b9b3056df928c3e5a46dc33900182278d7d64ce76660b46e,3f433ca4308d79497afc0a73acb16a8d,"Mon, 22 Mar 2021 19:48:01 GMT"
S3A_OL_2_WFR____20200802T060448_20200802T060748_20200803T150350_0179_061_148_2520_MAR_O_NT_002.SEN3,geo_coordinates.nc,58983058,8706eb00a0cfbb8bc28f8147f696b2d4331d9f4c5a8aed7d1fd80f8f8681a7dd,1ad77df00252c734825edef45cd111da-8,"Mon, 22 Mar 2021 19:48:01 GMT"
S3A_OL_2_WFR____20200802T060448_20200802T060748_20200803T150350_0179_061_148_2520_MAR_O_NT_002.SEN3,tie_geo_coordinates.nc,1140273,91787cf1940d6db54516c97c2232a66ee1a936c11c04282df41382bcae00cf37,8dc2a11236fd7dd0b40f2d3706e46d74,"Mon, 22 Mar 2021 19:48:00 GMT"
S3A_OL_2_WFR____20200802T060448_20200802T060748_20200803T150350_0179_061_148_2520_MAR_O_NT_002.SEN3,wqsf.nc,8534321,be5981bd334ea440eab46391e07d0c79803aef7bb1e6c56b1c011c97c6deb0bf,14cb3752bea962b3ea3ca2e281df1e0a-2,"Mon, 22 Mar 2021 19:48:00 GMT"
S3A_OL_2_WFR____20200804T065325_20200804T065625_20200805T150526_0179_061_177_2520_MAR_O_NT_002.SEN3,chl_oc4me.nc,2853720,e99260822365137377c9811ed295f976343dfc8185ce6016923c3ae25fc33126,fd640f17dd1a7be1501ffe2f5452f618,"Mon, 22 Mar 2021 19:46:04 GMT"
S3A_OL_2_WFR____20200804T065325_20200804T065625_20200805T150526_0179_061_177_2520_MAR_O_NT_002.SEN3,geo_coordinates.nc,59143163,5ffc702862a7688c4a3b0e33a84c6d355269a9443e86b48b4b61c92ede7eb199,63ab2e53297395bae83da711f751685c-8,"Mon, 22 Mar 2021 19:46:04 GMT"
S3A_OL_2_WFR____20200804T065325_20200804T065625_20200805T150526_0179_061_177_2520_MAR_O_NT_002.SEN3,tie_geo_coordinates.nc,1135830,e8d586477419371aab273d9f111d45ffe6cd93220b3b3be7b541588087dfa829,d7b37a58b4859e0e1e62e88c95a7beba,"Mon, 22 Mar 2021 19:46:04 GMT"
S3A_OL_2_WFR____20200804T065325_20200804T065625_20200805T150526_0179_061_177_2520_MAR_O_NT_002.SEN3,wqsf.nc,4559802,11aa8a73a4e5c1d22e0796e26b33a4d5e824a5355dbf667229227238ad739d34,320ab6a701fbd572520cabb2ec971e99,"Mon, 22 Mar 2021 19:46:04 GMT"
S3A_OL_2_WFR____20200805T062714_20200805T063014_20200806T130603_0179_061_191_2520_MAR_O_NT_002.SEN3,chl_oc4me.nc,5051286,81ddb826f07b51c65f9c761a6eb375e1f4726b4edaf98caf8dce3bb1a77c24eb,cb5c9aeca48500baf3f8da884d492a36,"Thu, 25 Mar 2021 10:29:34 GMT"
S3A_OL_2_WFR____20200805T062714_20200805T063014_20200806T130603_0179_061_191_2520_MAR_O_NT_002.SEN3,geo_coordinates.nc,59994927,b1ea0dfc36dcbe0fc8403de6bcd619b306cf1fe6dc942553f72528f3b91d96ab,6475c64057922c93753e61b7b48083bb-8,"Thu, 25 Mar 2021 10:29:33 GMT"
S3A_OL_2_WFR____20200805T062714_20200805T063014_20200806T130603_0179_061_191_2520_MAR_O_NT_002.SEN3,tie_geo_coordinates.nc,1136454,1d197789585afaea0af3bfd4bdb106c3d3a63552b609493ca16a6c2d608abaf7,18ece2f4f758b1831c8529a84ca4432e,"Thu, 25 Mar 2021 10:29:33 GMT"
S3A_OL_2_WFR____20200805T062714_20200805T063014_20200806T130603_0179_061_191_2520_MAR_O_NT_002.SEN3,wqsf.nc,5621321,f043ce6114964e40544dba566028e0729960ecdac186561d04b0d0a0b0b73c26,9b8f0ce68b49dfbbf1f653d3a44836df,"Thu, 25 Mar 2021 10:29:34 GMT"
S3A_OL_2_WFR____20200806T060103_20200806T060403_20200807T145327_0179_061_205_2520_MAR_O_NT_002.SEN3,chl_oc4me.nc,1374172,ea5716eefe94e3cb4b88271ae7a706dae3bbab1701b89e4cad1fa3156768b25d,125d300642c0c8a4b3a6ca1169fd9a9b,"Mon, 22 Mar 2021 19:45:08 GMT"
S3A_OL_2_WFR____20200806T060103_20200806T060403_20200807T145327_0179_061_205_2520_MAR_O_NT_002.SEN3,geo_coordinates.nc,58788065,26cdcc78886fe9206da44bc6737cdebd37ebc9d2c78f8879d361367f909899e7,47d137541a8778474533063f42a8bd65-8,"Mon, 22 Mar 2021 19:45:08 GMT"
S3A_OL_2_WFR____20200806T060103_20200806T060403_20200807T145327_0179_061_205_2520_MAR_O_NT_002.SEN3,tie_geo_coordinates.nc,1137747,93e12d021c2ba38d6d14dd9f49085413be33cba2effc0fd8a2f4f28b098b7b77,6e6a9759ee2b2968f98ca551ad01013b,"Mon, 22 Mar 2021 19:45:08 GMT"
S3A_OL_2_WFR____20200806T060103_20200806T060403_20200807T145327_0179_061_205_2520_MAR_O_NT_002.SEN3,wqsf.nc,3810126,c54b5adce1b4d4526f9a059b47dd2cf25323ef9085c132f19178e3ff34eeb5c7,24552cf996cdb17e4b0c3839957a98cc,"Mon, 22 Mar 2021 19:45:08 GMT"
S3A_OL_2_WFR____20200808T064940_20200808T065240_20200809T140542_0179_061_234_2520_MAR_O_NT_002.SEN3,chl_oc4me.nc,2962759,8e6bb271fde7a9ad0f8e8f03fe601ff1b2547c1798dca7520eee91b5e3093c87,1cb1fc65e0778ebf5ffadcee282544ba,"Mon, 22 Mar 2021 19:43:09 GMT"
S3A_OL_2_WFR____20200808T064940_20200808T065240_20200809T140542_0179_061_234_2520_MAR_O_NT_002.SEN3,geo_coordinates.nc,59174583,7ebbc7e555ba65153b2684647277b28e72c5d8d9937dfe171b56cf8a0fb2b0bc,ac9403002623a433dc9ef258bfdb0ed1-8,"Mon, 22 Mar 2021 19:43:09 GMT"
S3A_OL_2_WFR____20200808T064940_20200808T065240_20200809T140542_0179_061_234_2520_MAR_O_NT_002.SEN3,tie_geo_coordinates.nc,1139947,39d69e94e2dcea466cad3fb4be4ce3aa274d2ea8da66d3d841bd4354231673de,7af125071499e88f814d630db0f3d00b,"Mon, 22 Mar 2021 19:43:08 GMT"
S3A_OL_2_WFR____20200808T064940_20200808T065240_20200809T140542_0179_061_234_2520_MAR_O_NT_002.SEN3,wqsf.nc,5056441,b3d900defe00c331ffc903e88b80575b9dd58669489a6186685ef97884474392,b144f7a26e99990a5a91cf367ef1a493,"Mon, 22 Mar 2021 19:43:09 GMT"
S3A_OL_2_WFR____20200809T062329_20200809T062629_20200810T145247_0179_061_248_2520_MAR_O_NT_002.SEN3,chl_oc4me.nc,2353502,63f43a13fbd7601cf2c02f15b86faec044aaf7fb857ba1ff1b1599230dd955f4,209bc75a418be0a1ada54ce9cd141808,"Thu, 01 Apr 2021 15:11:35 GMT"
S3A_OL_2_WFR____20200809T062329_20200809T062629_20200810T145247_0179_061_248_2520_MAR_O_NT_002.SEN3,geo_coordinates.nc,59962183,19370f295b3a19e8ce7343c7bcdc42dc84ddb44976e815cc2614d262117b148b,4b308bb10a9d7784fdcb06a647b92924-8,"Thu, 01 Apr 2021 15:11:35 GMT"
S3A_OL_2_WFR____20200809T062329_20200809T062629_20200810T145247_0179_061_248_2520_MAR_O_NT_002.SEN3,tie_geo_coordinates.nc,1134224,398d02725c86b9d066ddfec31cc44cfebac032064b3d4e36cc288db10aeddd60,14bae210986c59e36364a786622ea8bc,"Thu, 01 Apr 2021 15:11:35 GMT"
S3A_OL_2_WFR____20200809T062329_20200809T062629_20200810T145247_0179_061_248_2520_MAR_O_NT_002.SEN3,wqsf.nc,4621045,6f925a24897df5c671abae48af81c843d99a6d316e09cbffce69e794c14253fc,b8fc2ca2110a2f64984148d9c3812ee7,"Thu, 01 Apr 2021 15:11:35 GMT"
S3A_OL_2_WFR____20200810T055718_20200810T060018_20200811T145704_0179_061_262_2520_MAR_O_NT_002.SEN3,chl_oc4me.nc,5785744,5310c30d48c409a07ba7d66b63277bbddf009abb3d8f5e96d4a26111d62b4083,440220a26b610cd3de9d6366821f70a3,"Mon, 22 Mar 2021 19:42:28 GMT"
S3A_OL_2_WFR____20200810T055718_20200810T060018_20200811T145704_0179_061_262_2520_MAR_O_NT_002.SEN3,geo_coordinates.nc,58542887,0731fdf63c72f8fbcd475cf493ab8912cc02131b41eb66fadd9a45d516ad9f54,72ba473b77a42132c3ffbde7675f03b4-7,"Mon, 22 Mar 2021 19:42:28 GMT"
S3A_OL_2_WFR____20200810T055718_20200810T060018_20200811T145704_0179_061_262_2520_MAR_O_NT_002.SEN3,tie_geo_coordinates.nc,1139541,f9937f59c2c8bbc0f455fc94c1a71e7cac378c2208cb84e316e622107854d2ba,9ac31c1d89ad1287b62e82214d10694a,"Mon, 22 Mar 2021 19:42:28 GMT"
S3A_OL_2_WFR____20200810T055718_20200810T060018_20200811T145704_0179_061_262_2520_MAR_O_NT_002.SEN3,wqsf.nc,9089440,0d13079d50c1dc4291f78b26dd984c098b5bf0d5ed81543a8d202964b1bfa6f5,9c504bab25ae442b49e992cf39c00a51-2,"Mon, 22 Mar 2021 19:42:28 GMT"
S3A_OL_2_WFR____20200812T064555_20200812T064855_20200813T150034_0179_061_291_2520_MAR_O_NT_002.SEN3,chl_oc4me.nc,2989354,dcfa8f0b55824ee08bd32a0c87d78ac7fbf4cc011711d8b1e3b7c84cbeaafa96,ced9dd3495c41446326cc167d290712f,"Mon, 22 Mar 2021 19:40:34 GMT"
S3A_OL_2_WFR____20200812T064555_20200812T064855_20200813T150034_0179_061_291_2520_MAR_O_NT_002.SEN3,geo_coordinates.nc,59376913,0f782e56cda727746545acd2d712debec946e085df6e943bf923f9f9bdc49c0d,c717715d219aea6a482e5c3ab6693147-8,"Mon, 22 Mar 2021 19:40:34 GMT"
S3A_OL_2_WFR____20200812T064555_20200812T064855_20200813T150034_0179_061_291_2520_MAR_O_NT_002.SEN3,tie_geo_coordinates.nc,1137015,dfd8c3532132eada3eb47d84110ae455c0c2cf2113642ddfcbde19c01290e745,f1732ecfe3255d71fcfbca6165d704f5,"Mon, 22 Mar 2021 19:40:34 GMT"
S3A_OL_2_WFR____20200812T064555_20200812T064855_20200813T150034_0179_061_291_2520_MAR_O_NT_002.SEN3,wqsf.nc,4681134,de82b3a9cfde02d764c628009da17f4ead01ae2e25e88487cc1954e848444d08,d05ded11acbb4ba86b4d630ff6cb7e82,"Mon, 22 Mar 2021 19:40:34 GMT"
S3A_OL_2_WFR____20200813T061944_20200813T062244_20200814T154341_0179_061_305_2520_MAR_O_NT_002.SEN3,chl_oc4me.nc,5104488,9b62f92955902cd2cddf533d97a907ae76c4fc0fddcb1472c722d39839f625f5,64742a26e2aa9e4ddc2b3dd6f5e1f3aa,"Thu, 25 Mar 2021 10:27:09 GMT"
S3A_OL_2_WFR____20200813T061944_20200813T062244_20200814T154341_0179_061_305_2520_MAR_O_NT_002.SEN3,geo_coordinates.nc,59838759,9d85dce0b7aa5b1683640eaf8d53226557afd8ec2b939dddd1d08b4f76d21697,c4e1195f71a34b910f5955cb24b95cf7-8,"Thu, 25 Mar 2021 10:27:09 GMT"
S3A_OL_2_WFR____20200813T061944_20200813T062244_20200814T154341_0179_061_305_2520_MAR_O_NT_002.SEN3,tie_geo_coordinates.nc,1140756,65f7c5bcf8f4c074135008cbde9170703a2ad38b3c4816d72d0fa2daf67d96d6,178c7473351f5ef5c374ce053d145e15,"Thu, 25 Mar 2021 10:27:09 GMT"
S3A_OL_2_WFR____20200813T061944_20200813T062244_20200814T154341_0179_061_305_2520_MAR_O_NT_002.SEN3,wqsf.nc,6737659,28a3345a37f224a6419d9915b204cd3702d13dca54d7a9a12bb7b1e6f2d7db46,92d96f9ed115da2caf5891b4f80ce83d,"Thu, 25 Mar 2021 10:27:09 GMT"
S3A_OL_2_WFR____20200816T064210_20200816T064510_20200817T151801_0179_061_348_2520_MAR_O_NT_002.SEN3,chl_oc4me.nc,4163941,7a93337849ea98c9195e0bb47cef3820a137ec73f8a0f9de82c595110c06d632,41622a06dc3338cf6eb40ea5c0451bdf,"Thu, 25 Mar 2021 10:26:08 GMT"
S3A_OL_2_WFR____20200816T064210_20200816T064510_20200817T151801_0179_061_348_2520_MAR_O_NT_002.SEN3,geo_coordinates.nc,59551420,7a696d4ea6d82887440e259e446d30fcbd4829d7a983002fc954fd3c416eadd2,506f6ab9a12efcd78dee179724969488-8,"Thu, 25 Mar 2021 10:26:08 GMT"
S3A_OL_2_WFR____20200816T064210_20200816T064510_20200817T151801_0179_061_348_2520_MAR_O_NT_002.SEN3,tie_geo_coordinates.nc,1139506,f25181f7074f3169d9204d76c3ac22cfa7e48176211fe01b589cd2b1d0f7e412,7a6413a43b89981a1aca16d83a2fda61,"Thu, 25 Mar 2021 10:26:08 GMT"
S3A_OL_2_WFR____20200816T064210_20200816T064510_20200817T151801_0179_061_348_2520_MAR_O_NT_002.SEN3,wqsf.nc,5110936,49bce638de675a07a4ab82d972ce6d78b7a3f3d98f36b79b634ecd138af6c809,04b1f4dfc508a8141edf66aefa46b98c,"Thu, 25 Mar 2021 10:26:08 GMT"
S3A_OL_2_WFR____20200817T061559_20200817T061859_20200818T133323_0179_061_362_2520_MAR_O_NT_002.SEN3,chl_oc4me.nc,4731147,be5ba5b9fce8cb7c557681bcadb38af8fb53f6981f7d05653d2e278ad3b0fe90,0d34f1d64891959c8091a68283cc8a15,"Mon, 22 Mar 2021 19:38:01 GMT"
S3A_OL_2_WFR____20200817T061559_20200817T061859_20200818T133323_0179_061_362_2520_MAR_O_NT_002.SEN3,geo_coordinates.nc,59652793,eb6baa6f3e27279bd7dfa488ab233ecc0481568eae402bb5072141040fb9f788,7a0ce6ea0566ac2b84dcb705b531dd9b-8,"Mon, 22 Mar 2021 19:38:01 GMT"
S3A_OL_2_WFR____20200817T061559_20200817T061859_20200818T133323_0179_061_362_2520_MAR_O_NT_002.SEN3,tie_geo_coordinates.nc,1138448,01048b30523831d34e4bb6c490597d2493cdfa60812e59f816e5ec54b233e8de,a5557c96c968c04cd8f6d2efe0a50e77,"Mon, 22 Mar 2021 19:38:01 GMT"
S3A_OL_2_WFR____20200817T061559_20200817T061859_20200818T133323_0179_061_362_2520_MAR_O_NT_002.SEN3,wqsf.nc,6571462,cf615d1c64c6bc4854577a6829551d5b001d3beacccf4b2f99980a40c74b8d26,f8cb30710a9ca9d3072b3b566d7ed9c1,"Mon, 22 Mar 2021 19:38:01 GMT"
S3A_OL_2_WFR____20200820T063826_20200820T064126_20200821T153146_0179_062_020_2520_MAR_O_NT_002.SEN3,chl_oc4me.nc,4490845,9237b074a26061bfc980e48f84fcd43789d96c95934a30accc268b8a0fbda430,739e23de6594f9f7f2a2ffe358ee9811,"Mon, 22 Mar 2021 19:33:34 GMT"
S3A_OL_2_WFR____20200820T063826_20200820T064126_20200821T153146_0179_062_020_2520_MAR_O_NT_002.SEN3,geo_coordinates.nc,59759075,19d7b9a5c83b326cc6e41d71fd409d2cbd7c137a2a8db37e5712747b81bc2086,68ba1e57692bc9b88bd87f1594e64eb6-8,"Mon, 22 Mar 2021 19:33:34 GMT"
S3A_OL_2_WFR____20200820T063826_20200820T064126_20200821T153146_0179_062_020_2520_MAR_O_NT_002.SEN3,tie_geo_coordinates.nc,1136913,d1b299762a15c6e1a41b478d6d0ba36ccb175642ae4a5700076dd06d9a012443,f6e55a9f38c3605218411f6cb0b1da5c,"Mon, 22 Mar 2021 19:33:33 GMT"
S3A_OL_2_WFR____20200820T063826_20200820T064126_20200821T153146_0179_062_020_2520_MAR_O_NT_002.SEN3,wqsf.nc,5479939,d2f16daa79010b3715d4ca61545edfa1f728ccb1aa11099df7c6941cf1a56bb8,3f4e32e6c2e5e147ce631f8b7bee194a,"Mon, 22 Mar 2021 19:33:34 GMT"
S3A_OL_2_WFR____20200821T061214_20200821T061514_20200822T153939_0179_062_034_2520_MAR_O_NT_002.SEN3,chl_oc4me.nc,3885420,ee06b43e657c1e24a8f3d929c4501c79a94ead189cce52e579797af857730e3d,a1e0e73ffa05ad650f3d473f35e8f2b6,"Thu, 25 Mar 2021 10:22:49 GMT"
S3A_OL_2_WFR____20200821T061214_20200821T061514_20200822T153939_0179_062_034_2520_MAR_O_NT_002.SEN3,geo_coordinates.nc,59389508,d67ed1d14d7b3e594894b6b3221bbae1fca51e63c89224b741200045cd069098,6c7f5316212db5c45beaef92cd7aa48a-8,"Thu, 25 Mar 2021 10:22:49 GMT"
S3A_OL_2_WFR____20200821T061214_20200821T061514_20200822T153939_0179_062_034_2520_MAR_O_NT_002.SEN3,tie_geo_coordinates.nc,1136179,1df0b0f8d2ff0e0d77845111397ca3b6a2d3a9b53cb28673d59669615b25e5fe,28b1db746b9297de357daf085a40f520,"Thu, 25 Mar 2021 10:22:49 GMT"
S3A_OL_2_WFR____20200821T061214_20200821T061514_20200822T153939_0179_062_034_2520_MAR_O_NT_002.SEN3,wqsf.nc,7458132,a91721bb0e63ac8f579583791b2c3bf2a7eee0194a53531d6af91d02133283d1,a1fcb6a6a4d8500520b118e026202649,"Thu, 25 Mar 2021 10:22:49 GMT"
S3A_OL_2_WFR____20200824T063440_20200824T063740_20200825T133846_0179_062_077_2520_MAR_O_NT_002.SEN3,chl_oc4me.nc,4723695,0cca3708e1c153dcea52e2426dab141503f5efa38f0347d75000faf1d972fdf4,544811adfb2841180336e1710ca87572,"Thu, 25 Mar 2021 10:20:55 GMT"
S3A_OL_2_WFR____20200824T063440_20200824T063740_20200825T133846_0179_062_077_2520_MAR_O_NT_002.SEN3,geo_coordinates.nc,59920366,aba1216220916954292a709bcd707ee5fefe05a4e8a8ded6003443caa32b2e67,b88a65a9fdabe1815ff2de47639a1d6f-8,"Thu, 25 Mar 2021 10:20:55 GMT"
S3A_OL_2_WFR____20200824T063440_20200824T063740_20200825T133846_0179_062_077_2520_MAR_O_NT_002.SEN3,tie_geo_coordinates.nc,1135907,74089c4cec442064f1aeb6c45b06bfdd4071b2667115ddaf6b53ff58d66580f5,05258e927d8e0164dbf140f5ab11ba2e,"Thu, 25 Mar 2021 10:20:55 GMT"
S3A_OL_2_WFR____20200824T063440_20200824T063740_20200825T133846_0179_062_077_2520_MAR_O_NT_002.SEN3,wqsf.nc,5352145,55079dfa7e3c00a9c2cd1a13c7b509ca17f200e6ae949c880878dfd7fc1831c1,2932f744bbc97dd689c47ccd93a731b5,"Thu, 25 Mar 2021 10:20:55 GMT"
S3A_OL_2_WFR____20200825T060829_20200825T061129_20200826T144236_0179_062_091_2520_MAR_O_NT_002.SEN3,chl_oc4me.nc,3977598,db0804e760b8e66f19c31657adefa686c81873fdb41395e8dd9854b4278b88fe,f260d7ccc607d2a88d15635d1757f59a,"Thu, 01 Apr 2021 15:05:54 GMT"
S3A_OL_2_WFR____20200825T060829_20200825T061129_20200826T144236_0179_062_091_2520_MAR_O_NT_002.SEN3,geo_coordinates.nc,59162891,b711d1d72e2b3ee53e9ad8d7a08b3663c36826695633d8bc789bad2b03cdcf21,791812c126d0dbfe516994134d981f59-8,"Thu, 01 Apr 2021 15:05:54 GMT"
S3A_OL_2_WFR____20200825T060829_20200825T061129_20200826T144236_0179_062_091_2520_MAR_O_NT_002.SEN3,tie_geo_coordinates.nc,1133490,f395960ff69dd05cd6482df36aa6fc64a1a39b52adbf47dffbecf8ded59671ad,f7095a9c90ee81dd18b4f2c38feacbcf,"Thu, 01 Apr 2021 15:05:54 GMT"
S3A_OL_2_WFR____20200825T060829_20200825T061129_20200826T144236_0179_062_091_2520_MAR_O_NT_002.SEN3,wqsf.nc,7298400,1f3dedbc6a608fb775a0e2486df477d49f0b880cdb863fc657982667354bb5c1,3250f61b5931e71e10e1732614555107,"Thu, 01 Apr 2021 15:05:54 GMT"
S3A_OL_2_WFR____20200827T065706_20200827T070006_20200828T154902_0179_062_120_2520_MAR_O_NT_002.SEN3,tie_geo_coordinates.nc,1135857,036afecb4535d1cf6a7c326ce021e751f20dbfbbf23249d0361b2cc2ba572cd7,d921446469e013a451a6e0adbf8a9083,"Mon, 22 Mar 2021 19:26:50 GMT"
S3A_OL_2_WFR____20200828T063055_20200828T063355_20200829T154007_0179_062_134_2520_MAR_O_NT_002.SEN3,chl_oc4me.nc,4306700,992fbabd10a13ff3d96b5c2dc45c14c744104c1392984c6af0e62bccb2aa82e8,375d418d9b64a5ef41632cd1c4aa3b59,"Tue, 30 Mar 2021 08:16:13 GMT"
S3A_OL_2_WFR____20200828T063055_20200828T063355_20200829T154007_0179_062_134_2520_MAR_O_NT_002.SEN3,geo_coordinates.nc,59953929,b147f86de3d516e481c1e4fd220ee2416335f9694bb422dec40bd5f77b31a68b,0044933f41b126d41509fe3f130d88b1-8,"Tue, 30 Mar 2021 08:16:13 GMT"
S3A_OL_2_WFR____20200828T063055_20200828T063355_20200829T154007_0179_062_134_2520_MAR_O_NT_002.SEN3,tie_geo_coordinates.nc,1135127,6e7ca011a86ef0d0e121c7947926abf20dc1b1b83652196ef269596ac73e629a,5b53949cc9be036db537731e416dfe5d,"Tue, 30 Mar 2021 08:16:13 GMT"
S3A_OL_2_WFR____20200828T063055_20200828T063355_20200829T154007_0179_062_134_2520_MAR_O_NT_002.SEN3,wqsf.nc,6135292,c44a28b9607fb5fd45b0dd93aabac950e11c8baa182179d7d15fcd4adf2759e0,6b76ed22504c191e55fb5d22b7762a72,"Tue, 30 Mar 2021 08:16:13 GMT"
S3A_OL_2_WFR____20200829T060444_20200829T060744_20200830T145404_0179_062_148_2520_MAR_O_NT_002.SEN3,chl_oc4me.nc,3802442,876d60b2ceecab5c29dd46c32a25eec3df198ddd8391dd45796ff21a0931c7f1,7cd7d23833872f0ca7513b3afd5181fc,"Mon, 22 Mar 2021 19:25:09 GMT"
S3A_OL_2_WFR____20200829T060444_20200829T060744_20200830T145404_0179_062_148_2520_MAR_O_NT_002.SEN3,geo_coordinates.nc,59011614,b82c1f3adfe28a91fdb9ea370f73f5b3ec21b1b89ff454909c22f83f0ca13a9d,769e124c35571a446a6ac3f263049911-8,"Mon, 22 Mar 2021 19:25:09 GMT"
S3A_OL_2_WFR____20200829T060444_20200829T060744_20200830T145404_0179_062_148_2520_MAR_O_NT_002.SEN3,tie_geo_coordinates.nc,1136380,8b7462867c6800f8196e8b7c5e1207a8381ae254a7ac7c28ed53b6745b38606d,f376b3f43a9b2e498c7984639e9d6e5d,"Mon, 22 Mar 2021 19:25:09 GMT"
S3A_OL_2_WFR____20200829T060444_20200829T060744_20200830T145404_0179_062_148_2520_MAR_O_NT_002.SEN3,wqsf.nc,6025119,af4cedcd886a18e6085a61e1a4324b7e2947201921d80b07a80541bb85a9ff60,f4e512d1938c411d578c03104b24c43c,"Mon, 22 Mar 2021 19:25:09 GMT"
S3A_OL_2_WFR____20200831T065321_20200831T065621_20200901T151408_0179_062_177_2520_MAR_O_NT_002.SEN3,chl_oc4me.nc,3135756,a0007d62298574df86b42a5b081493c1e504de533a6f5481d3d46762322633de,f32f6a0a7d29a0a318286859b860687d,"Mon, 22 Mar 2021 19:22:21 GMT"
S3A_OL_2_WFR____20200831T065321_20200831T065621_20200901T151408_0179_062_177_2520_MAR_O_NT_002.SEN3,geo_coordinates.nc,59125057,16fdeb26c23895b0ea916b56043bb24688390d851ecc3067cc2d110da10bc994,817803ac4ed64cb7c2e7d5e208272937-8,"Mon, 22 Mar 2021 19:22:21 GMT"
S3A_OL_2_WFR____20200831T065321_20200831T065621_20200901T151408_0179_062_177_2520_MAR_O_NT_002.SEN3,tie_geo_coordinates.nc,1137414,96d831b879db28ac22b998691b8281b71368406fa20aeb0de561433d6aecabe2,4013d096753b45c5793882c7c6a24cf7,"Mon, 22 Mar 2021 19:22:20 GMT"
S3A_OL_2_WFR____20200831T065321_20200831T065621_20200901T151408_0179_062_177_2520_MAR_O_NT_002.SEN3,wqsf.nc,5227901,ff67648113c380494db948ff8c6c9050ae5adf4094a9fb52bcd9dace0facf20e,18049625645538dc22a4d44100e821be,"Mon, 22 Mar 2021 19:22:21 GMT"
S3A_OL_2_WFR____20200901T062710_20200901T063010_20200902T145236_0179_062_191_2520_MAR_O_NT_002.SEN3,chl_oc4me.nc,5298591,8b6f841d2013bdf04e1149a66dad03ea7a0cc73a30768c2f9fce0ca44f44cc99,7302c20d9aaae27421319dfc128ef739,"Thu, 25 Mar 2021 10:17:23 GMT"
S3A_OL_2_WFR____20200901T062710_20200901T063010_20200902T145236_0179_062_191_2520_MAR_O_NT_002.SEN3,geo_coordinates.nc,60012032,9604b00dc0dc150ff618a53662878a942b982468cdb18d35bd8f1f901a3cdc16,a594694fa498751f0113100c5c9ef1af-8,"Thu, 25 Mar 2021 10:17:23 GMT"
S3A_OL_2_WFR____20200901T062710_20200901T063010_20200902T145236_0179_062_191_2520_MAR_O_NT_002.SEN3,tie_geo_coordinates.nc,1135657,4d58da8fb503692626e3ff6877e947f316ddedddeabafd1265d50e73fc7dabe1,9f46bda4dc34fde4507fb1582b38a744,"Thu, 25 Mar 2021 10:17:23 GMT"
S3A_OL_2_WFR____20200901T062710_20200901T063010_20200902T145236_0179_062_191_2520_MAR_O_NT_002.SEN3,wqsf.nc,4884466,80686dd91b9b11a43953ed13b9d7b07c4a089bdf301d564d4037eca4b05587ff,c9a7533f84320d1d9f228bd823686bca,"Thu, 25 Mar 2021 10:17:23 GMT"
S3A_OL_2_WFR____20200905T062326_20200905T062626_20200906T150607_0179_062_248_2520_MAR_O_NT_002.SEN3,chl_oc4me.nc,5799892,82f33d1fa1c3e778bec2ad2920801f0a964f3c132b9cdf06b0ae648b3733460b,894e7742bd6b7abf8c0ddcd366d198cb,"Thu, 25 Mar 2021 10:14:31 GMT"
S3A_OL_2_WFR____20200905T062326_20200905T062626_20200906T150607_0179_062_248_2520_MAR_O_NT_002.SEN3,geo_coordinates.nc,59982258,45e8ce41052f6d09d27f4431e649e56b22ad7b1c090d1eccf549638cad9c001a,cad3366a394a13ac1c4d25fcc9f63ed2-8,"Thu, 25 Mar 2021 10:14:31 GMT"
S3A_OL_2_WFR____20200905T062326_20200905T062626_20200906T150607_0179_062_248_2520_MAR_O_NT_002.SEN3,tie_geo_coordinates.nc,1135409,40d5654aab13733fb438da98e2c0aba4d341b0ab8f6efb955246aad5e9efc1de,5264c6bd551d362436c0e743360013d7,"Thu, 25 Mar 2021 10:14:31 GMT"
S3A_OL_2_WFR____20200905T062326_20200905T062626_20200906T150607_0179_062_248_2520_MAR_O_NT_002.SEN3,wqsf.nc,5880077,d42901a5d6d4430816abacd35ad069e104c114be394be4babdc67048c1ec9a63,0a1716a55edb8b2e3d50ff2c722522ef,"Thu, 25 Mar 2021 10:14:31 GMT"
S3A_OL_2_WFR____20200906T055715_20200906T060015_20200907T145637_0179_062_262_2520_MAR_O_NT_002.SEN3,chl_oc4me.nc,9489979,ca840f8eca0611477c0f4ae1569c09265aa039051839906da5503530d0b594c3,3ceee4358a1c383f92da3c171bc6cf12-2,"Tue, 06 Apr 2021 15:22:51 GMT"
S3A_OL_2_WFR____20200906T055715_20200906T060015_20200907T145637_0179_062_262_2520_MAR_O_NT_002.SEN3,geo_coordinates.nc,58554780,20a266138ca0515d3aa2522bc9895eab6b27d792544620267eea7dbf8cf92c8d,7c1d46ff0109e40e8b66f03df92a677e-7,"Tue, 06 Apr 2021 15:22:51 GMT"
S3A_OL_2_WFR____20200906T055715_20200906T060015_20200907T145637_0179_062_262_2520_MAR_O_NT_002.SEN3,tie_geo_coordinates.nc,1141352,85ab6b880dc6eaf3fada43866a9aaf0546a917fc31b10fc14d8410a177f223ed,cb61d63d929dbea29a439980e2506662,"Tue, 06 Apr 2021 15:22:51 GMT"
S3A_OL_2_WFR____20200906T055715_20200906T060015_20200907T145637_0179_062_262_2520_MAR_O_NT_002.SEN3,wqsf.nc,9910578,a2392dddaf1b0bf3f7a7cf6ad524f3a401e969d3634e2962fa18c7c96a0f9c07,8aca2759748a564e96c217844cedf9a2-2,"Tue, 06 Apr 2021 15:22:51 GMT"
S3A_OL_2_WFR____20200908T064553_20200908T064853_20200909T152922_0180_062_291_2520_MAR_O_NT_002.SEN3,chl_oc4me.nc,4018780,fdbbff9f1f9063e3669c638a6670c317ccd2fae16553ce28bfb124e4916ad133,a90e1b7b0feb90d0a18bba51b880844d,"Mon, 22 Mar 2021 19:11:13 GMT"
S3A_OL_2_WFR____20200908T064553_20200908T064853_20200909T152922_0180_062_291_2520_MAR_O_NT_002.SEN3,geo_coordinates.nc,59389043,68713cad13b7b2017d50b686895ff8f8c76b46b70f19b5e28cd8a8137124a702,b7d47e13468ae86d74ca370c6fdde73d-8,"Mon, 22 Mar 2021 19:11:13 GMT"
S3A_OL_2_WFR____20200908T064553_20200908T064853_20200909T152922_0180_062_291_2520_MAR_O_NT_002.SEN3,tie_geo_coordinates.nc,1135023,fff8bfc5f009b0cced233c31f3f1c00804bbe8409537bd8014a2becdc6119e5b,7c72bd9f78d39d0190cd4798ad46feea,"Mon, 22 Mar 2021 19:11:13 GMT"
S3A_OL_2_WFR____20200908T064553_20200908T064853_20200909T152922_0180_062_291_2520_MAR_O_NT_002.SEN3,wqsf.nc,4651893,a3d301f18dbfb52b891da9587fb4baccc2f0ed44d49f9a279f3a5c35ed566bec,0990e3c03bb42f140a55ff47b4901248,"Mon, 22 Mar 2021 19:11:13 GMT"
S3A_OL_2_WFR____20200909T061942_20200909T062242_20200910T132802_0179_062_305_2520_MAR_O_NT_002.SEN3,chl_oc4me.nc,6219373,8cf8db9e7860aa42a2f23e42f90ad13c9de9530cebef4fdffe8d89af20261505,745bc55b8b383149947557b9af38ce54,"Mon, 22 Mar 2021 19:10:24 GMT"
S3A_OL_2_WFR____20200909T061942_20200909T062242_20200910T132802_0179_062_305_2520_MAR_O_NT_002.SEN3,geo_coordinates.nc,59824399,485359ebc80d62eeb64c6e284a5b1289d9edfd3627cac6e0a6bfc6a47ac7f299,51b7cf305a11e0fd7f8fa218788d2bec-8,"Mon, 22 Mar 2021 19:10:24 GMT"
S3A_OL_2_WFR____20200909T061942_20200909T062242_20200910T132802_0179_062_305_2520_MAR_O_NT_002.SEN3,tie_geo_coordinates.nc,1135619,8e302f022bd0bae1d07d0cf036aee0723877b4606db67e8d5a2101b9c423b42e,e63a22ae33b41aeee5e5a540749f9b2b,"Mon, 22 Mar 2021 19:10:24 GMT"
S3A_OL_2_WFR____20200909T061942_20200909T062242_20200910T132802_0179_062_305_2520_MAR_O_NT_002.SEN3,wqsf.nc,6813329,0ce5ba5a1e1a4c4d0db45459858251b4374a53e857951ce91a06e0413955f999,022846f7ae7cdc0c222fb84f254294b9,"Mon, 22 Mar 2021 19:10:24 GMT"
S3A_OL_2_WFR____20200912T064209_20200912T064509_20200913T144557_0179_062_348_2520_MAR_O_NT_002.SEN3,chl_oc4me.nc,4501766,36b5bfdd36a3394b0d0803800cd5aa568f010d3e39200ebdbd677097b74bbf7a,97776d0b31f2750d9b0951d06e03a888,"Mon, 22 Mar 2021 19:07:21 GMT"
S3A_OL_2_WFR____20200912T064209_20200912T064509_20200913T144557_0179_062_348_2520_MAR_O_NT_002.SEN3,geo_coordinates.nc,59539007,9e5e1f518387dbbe3230c86d80da7744ff2ae42c340dd248db4943c96684c454,fc680f1f17f6e615379ccbe96ebd60ef-8,"Mon, 22 Mar 2021 19:07:22 GMT"
S3A_OL_2_WFR____20200912T064209_20200912T064509_20200913T144557_0179_062_348_2520_MAR_O_NT_002.SEN3,tie_geo_coordinates.nc,1134877,6dc5944e2ebea46ca342846590a8a7fc114891135eaec328b671415597546c41,7b1cd7f8097dd29caaff8bbfd5b92e72,"Mon, 22 Mar 2021 19:07:21 GMT"
S3A_OL_2_WFR____20200912T064209_20200912T064509_20200913T144557_0179_062_348_2520_MAR_O_NT_002.SEN3,wqsf.nc,5115442,ff6831882cc39d55b84ef50ddffef2b300c08028999f67b59467dd6c137b4a15,c599cb99f7250ac92ab34341dccc543c,"Mon, 22 Mar 2021 19:07:21 GMT"
S3A_OL_2_WFR____20200913T061558_20200913T061858_20200914T145433_0179_062_362_2520_MAR_O_NT_002.SEN3,chl_oc4me.nc,6337178,a0ea080b51e875ef7fce700400f7f740da911c46c7d79e4041b7f05cd1a3d0d2,03972d512aa0888d7af44da17d2d6920,"Thu, 25 Mar 2021 10:09:54 GMT"
S3A_OL_2_WFR____20200913T061558_20200913T061858_20200914T145433_0179_062_362_2520_MAR_O_NT_002.SEN3,geo_coordinates.nc,59663300,0945ec0e55fe54eeb252d938e4522a8941304d62f84c3e07f71a60184c893aaf,b650d2f4b066e16f1cbdd11128e5e558-8,"Thu, 25 Mar 2021 10:09:54 GMT"
S3A_OL_2_WFR____20200913T061558_20200913T061858_20200914T145433_0179_062_362_2520_MAR_O_NT_002.SEN3,tie_geo_coordinates.nc,1136332,aa89869f3fca4a6a47920cddd46114296c8fc519ab688cb31ffba4617b4ad01a,a92ebcc4f0761aa80afc30db16d9d2e5,"Thu, 25 Mar 2021 10:09:54 GMT"
S3A_OL_2_WFR____20200913T061558_20200913T061858_20200914T145433_0179_062_362_2520_MAR_O_NT_002.SEN3,wqsf.nc,7428725,f046c644ffacdd9f5b62cb3d2bb4c6ad54778720c5d14a5b0087bb1b801fdb5a,1f385cf36c51f2aea5d1be55d704fa7c,"Thu, 25 Mar 2021 10:09:54 GMT"
S3A_OL_2_WFR____20200916T063825_20200916T064125_20200917T131523_0179_063_020_2520_MAR_O_NT_002.SEN3,chl_oc4me.nc,4891987,8fbf294bcc1207c4314d20fff49ffda89bb853debb85b3221570a2013a6339ab,0b03290c7fe6af847a77dccb9e0437b6,"Mon, 22 Mar 2021 19:02:55 GMT"
S3A_OL_2_WFR____20200916T063825_20200916T064125_20200917T131523_0179_063_020_2520_MAR_O_NT_002.SEN3,geo_coordinates.nc,59779053,31b2945e23cf56e7de06f0d269eba35e54d2271a674d44a68522e2162235cfcf,c8847d4cf25259e76ce4bf443bc0c5d1-8,"Mon, 22 Mar 2021 19:02:55 GMT"
S3A_OL_2_WFR____20200916T063825_20200916T064125_20200917T131523_0179_063_020_2520_MAR_O_NT_002.SEN3,tie_geo_coordinates.nc,1137370,6872bd2425d8a47fd601a1f8eeb79ed8c2ff7d0b2730d3a776337e0e5803326c,bd9798a80eabbbab187eb51a06d738ce,"Mon, 22 Mar 2021 19:02:55 GMT"
S3A_OL_2_WFR____20200916T063825_20200916T064125_20200917T131523_0179_063_020_2520_MAR_O_NT_002.SEN3,wqsf.nc,5429534,50a0f8ee1d2ff1e729d5d0044084e67e885686f9941975c6b866ea9e18a79576,a18c1d483f66640b738a94430a14167e,"Mon, 22 Mar 2021 19:02:55 GMT"
S3A_OL_2_WFR____20200920T063441_20200920T063741_20200921T155443_0180_063_077_2520_MAR_O_NT_002.SEN3,chl_oc4me.nc,4964080,9f2b5b075a870c431fc36f7ad26f5147b9823185e3a5892f38d3d07eb9628dea,c9426613e49067f64bbfd9ca86cd5847,"Mon, 22 Mar 2021 18:58:32 GMT"
S3A_OL_2_WFR____20200920T063441_20200920T063741_20200921T155443_0180_063_077_2520_MAR_O_NT_002.SEN3,geo_coordinates.nc,59916355,2854d1458fbfb67987499124b2f550650fb66222a69699023a725350206a59ad,28e76779892f5f59c5e79952ffe9053c-8,"Mon, 22 Mar 2021 18:58:32 GMT"
S3A_OL_2_WFR____20200920T063441_20200920T063741_20200921T155443_0180_063_077_2520_MAR_O_NT_002.SEN3,tie_geo_coordinates.nc,1142553,b63ed58d05cfb81416def29ee141e58001903e647ce19a9d5f43a1498e8c6474,d2bf484dcbd89d9b3653e9d690cc74e2,"Mon, 22 Mar 2021 18:58:32 GMT"
S3A_OL_2_WFR____20200920T063441_20200920T063741_20200921T155443_0180_063_077_2520_MAR_O_NT_002.SEN3,wqsf.nc,5427368,266d01d36175de5f37584e2a0c030904216757042d0b422a09707dfe02d615ad,450de97f5a4d4c60e7b4e348c9bdc37d,"Mon, 22 Mar 2021 18:58:32 GMT"
S3A_OL_2_WFR____20200921T060831_20200921T061131_20200922T150140_0179_063_091_2520_MAR_O_NT_002.SEN3,chl_oc4me.nc,8178759,44d017ccfc79116f70178b987178fb6c7a3497955310ff8685059c20c0bfeb51,f01446c725fb459e383a404a60a0a774,"Thu, 25 Mar 2021 10:05:05 GMT"
S3A_OL_2_WFR____20200921T060831_20200921T061131_20200922T150140_0179_063_091_2520_MAR_O_NT_002.SEN3,geo_coordinates.nc,59192172,14b0f766e04130e4a54310d99c37c5bc58e33fb7731ca28d2ab1e2e047120411,5be320b055f210e874bcd59372de82d2-8,"Thu, 25 Mar 2021 10:05:05 GMT"
S3A_OL_2_WFR____20200921T060831_20200921T061131_20200922T150140_0179_063_091_2520_MAR_O_NT_002.SEN3,tie_geo_coordinates.nc,1133772,0d9458ae62a693f9eeb8fadc746f161415f3dd354ed507a42558625de73c043e,f9bc044911aa6f6b845011f6f9035727,"Thu, 25 Mar 2021 10:05:05 GMT"
S3A_OL_2_WFR____20200921T060831_20200921T061131_20200922T150140_0179_063_091_2520_MAR_O_NT_002.SEN3,wqsf.nc,9068335,805b84a8c4685c400c9e44f1eb2335654b32b5b65c9c19b5996cde96f667d272,1cf69a69027a86669ba86d617d5846af-2,"Thu, 25 Mar 2021 10:05:05 GMT"
S3A_OL_2_WFR____20200923T065708_20200923T070008_20200924T125911_0179_063_120_2520_MAR_O_NT_002.SEN3,tie_geo_coordinates.nc,1138205,70b4ecd0662a40b379290e996d4045bbeb05cf8d5df07540acd30ce12d90075e,f31e9273ece7996c9f17a1c207e5dc5e,"Thu, 25 Mar 2021 10:03:41 GMT"
S3A_OL_2_WFR____20200925T060447_20200925T060747_20200926T154033_0179_063_148_2520_MAR_O_NT_002.SEN3,chl_oc4me.nc,8762947,01f17ba33cfd1691feadf3262d7dccb9b76d39c1e92ac2f606ea9edd5189c62d,5b4769c76000f6f015a4e8e56cd23d51-2,"Mon, 22 Mar 2021 18:52:30 GMT"
S3A_OL_2_WFR____20200925T060447_20200925T060747_20200926T154033_0179_063_148_2520_MAR_O_NT_002.SEN3,geo_coordinates.nc,58994469,82b3fb613f3a9b302ac65e4985b5a3ee5026a3102491e8c652d3f2b72c99c20e,edc050df17b022a40ddd19d3b06be774-8,"Mon, 22 Mar 2021 18:52:30 GMT"
S3A_OL_2_WFR____20200925T060447_20200925T060747_20200926T154033_0179_063_148_2520_MAR_O_NT_002.SEN3,tie_geo_coordinates.nc,1133537,2218af798c046466dba902fbe4174334ec388a586cb47bab2ca16ce1be4648e0,dce9acd542ee407705e0ea07da504c2a,"Mon, 22 Mar 2021 18:52:30 GMT"
S3A_OL_2_WFR____20200925T060447_20200925T060747_20200926T154033_0179_063_148_2520_MAR_O_NT_002.SEN3,wqsf.nc,10055863,ce5686ebdde1ee68409d986adebf70b3e32e0163489acb3017fd724487be3f00,9df933845732bf4ffacf3e67bddb1ae8-2,"Mon, 22 Mar 2021 18:52:30 GMT"
S3A_OL_2_WFR____20200927T065324_20200927T065624_20200928T143120_0179_063_177_2520_MAR_O_NT_002.SEN3,chl_oc4me.nc,3582099,7170a35c5a87cb0e6194eebcacff7ec227fb0f67705f3544bbbb5a56f07af454,94975acea2ff764eabb696170137ea9b,"Mon, 22 Mar 2021 18:48:22 GMT"
S3A_OL_2_WFR____20200927T065324_20200927T065624_20200928T143120_0179_063_177_2520_MAR_O_NT_002.SEN3,geo_coordinates.nc,59123098,ca83f0fb974a4facb59b5b32bb4c9d4a3e6d98d5abcdc2a5e82b21e8a4733de2,e97436587f5a9ac07ca16f3b8a918e97-8,"Mon, 22 Mar 2021 18:48:22 GMT"
S3A_OL_2_WFR____20200927T065324_20200927T065624_20200928T143120_0179_063_177_2520_MAR_O_NT_002.SEN3,tie_geo_coordinates.nc,1135428,07384cd3c41928a2b7da9fb9ddbbc4117cd5d42783caa032a522a00461982742,0d6eff988268421021d03deba793439f,"Mon, 22 Mar 2021 18:48:22 GMT"
S3A_OL_2_WFR____20200927T065324_20200927T065624_20200928T143120_0179_063_177_2520_MAR_O_NT_002.SEN3,wqsf.nc,4390141,96d407d06da2253e7183acf4b079962b8f1d86d011c4014aba7a044c66fe2840,36eec440e7b1dc529c450eeac4da6578,"Mon, 22 Mar 2021 18:48:22 GMT"
S3A_OL_2_WFR____20200928T062713_20200928T063013_20200929T151923_0179_063_191_2520_MAR_O_NT_002.SEN3,chl_oc4me.nc,5785907,78e6109f3abb4f655ac6fb449695c90dd9c0d6eb16e5cc4aedb0cf4fb7d66dd9,98c8384dc5ecc0d3d958fe0eb34f5e75,"Tue, 06 Apr 2021 15:18:04 GMT"
S3A_OL_2_WFR____20200928T062713_20200928T063013_20200929T151923_0179_063_191_2520_MAR_O_NT_002.SEN3,geo_coordinates.nc,60022174,734738c8e5e8bfb19594b4ee3636f7bfe673b00566e3be9dbe835853a545be34,41023e6407dd7378b20fd048fe944de9-8,"Tue, 06 Apr 2021 15:18:04 GMT"
S3A_OL_2_WFR____20200928T062713_20200928T063013_20200929T151923_0179_063_191_2520_MAR_O_NT_002.SEN3,tie_geo_coordinates.nc,1139749,1e94df4a0730687c8420fd9f607c3d6647e757d2ea75248a5d6fe1b104977383,defc80924787bd84d5b3fe974bd95b89,"Tue, 06 Apr 2021 15:18:04 GMT"
S3A_OL_2_WFR____20200928T062713_20200928T063013_20200929T151923_0179_063_191_2520_MAR_O_NT_002.SEN3,wqsf.nc,5774289,8caa39b41188a91f7dc3d9fb2e8f4b9319eae94e661d9c3e42fc0e109b178a7e,86a7fe80662e897a9184fa1807c2c843,"Tue, 06 Apr 2021 15:18:04 GMT"
S3A_OL_2_WFR____20200928T062713_20200928T063013_20201027T032748_0179_063_191_2520_MAR_O_NT_002.SEN3,chl_oc4me.nc,5783677,8529575f3e6ff38cadb22de1b44f81065f5704428904a53086287189cbb2082a,612f05cfafcbb8ac2c1a4078b3376ce2,"Thu, 25 Mar 2021 09:59:49 GMT"
S3A_OL_2_WFR____20200928T062713_20200928T063013_20201027T032748_0179_063_191_2520_MAR_O_NT_002.SEN3,geo_coordinates.nc,60022174,a3b6f9bc522d5f190af905242b7804e59615be95ec98d2cd54b493fbb63f581a,1eb5a493b139ce02aeb0ca4a659e5c68-8,"Thu, 25 Mar 2021 09:59:49 GMT"
S3A_OL_2_WFR____20200928T062713_20200928T063013_20201027T032748_0179_063_191_2520_MAR_O_NT_002.SEN3,tie_geo_coordinates.nc,1139749,9adc913064c4088c3cbe0ecfb4ce4550b4670ebce3530c11a290402f50744909,311674aaf4e018fb62a9d7bfadaa16b6,"Thu, 25 Mar 2021 09:59:49 GMT"
S3A_OL_2_WFR____20200928T062713_20200928T063013_20201027T032748_0179_063_191_2520_MAR_O_NT_002.SEN3,wqsf.nc,5697985,241732271663c1b24d5946f58c283f22b239e33fbce56cbb48c8ec3f42303464,864c167fad2f36110cb05f1dbca267b8,"Thu, 25 Mar 2021 09:59:49 GMT"
S3A_OL_2_WFR____20200929T060103_20200929T060403_20200930T150204_0179_063_205_2520_MAR_O_NT_002.SEN3,chl_oc4me.nc,9369072,ededa87c8f444a5cdb3e193bb962d4fc4ad73155d9842c0fc53906637dfec759,afad6cc75892237f95a2aab0ec807f09-2,"Mon, 22 Mar 2021 18:46:28 GMT"
S3A_OL_2_WFR____20200929T060103_20200929T060403_20200930T150204_0179_063_205_2520_MAR_O_NT_002.SEN3,geo_coordinates.nc,58828309,c79406ff32afc1c12ebac02af67644726a4cc5daefd7fbddf9cb83f6aa939534,67ad2818deaa851638eb39124658cfe0-8,"Mon, 22 Mar 2021 18:46:28 GMT"
S3A_OL_2_WFR____20200929T060103_20200929T060403_20200930T150204_0179_063_205_2520_MAR_O_NT_002.SEN3,tie_geo_coordinates.nc,1133048,15bcf08128830e7a627cc5d63c9cc1c1ff2864cee5d7b61eeba18f9e1743e818,a45a176992b10283eebb153160ed5a36,"Mon, 22 Mar 2021 18:46:28 GMT"
S3A_OL_2_WFR____20200929T060103_20200929T060403_20200930T150204_0179_063_205_2520_MAR_O_NT_002.SEN3,wqsf.nc,12256600,9173cf80dee6474fccd61aea879de3809b821cc094fb7a1693f1feda8595e559,ae85524db607111247472fa74b62fba1-2,"Mon, 22 Mar 2021 18:46:28 GMT"
S3A_OL_2_WFR____20201001T064940_20201001T065240_20201002T143238_0180_063_234_2520_MAR_O_NT_002.SEN3,chl_oc4me.nc,3587039,012dd8d47ec73b96e582cd070a8bb4c78ddeccd0090cdc6c71afbb38e730c452,69e39b7fb6c9900a2fc2b35b1853dcdc,"Thu, 25 Mar 2021 09:57:31 GMT"
S3A_OL_2_WFR____20201001T064940_20201001T065240_20201002T143238_0180_063_234_2520_MAR_O_NT_002.SEN3,geo_coordinates.nc,59195175,96f40afc660d51500bd4c952557e8141bbd57d3f5e7e9dbb82fbe2f765a95d15,cfcdd30ef7bd466d793333861d9f66f8-8,"Thu, 25 Mar 2021 09:57:31 GMT"
S3A_OL_2_WFR____20201001T064940_20201001T065240_20201002T143238_0180_063_234_2520_MAR_O_NT_002.SEN3,tie_geo_coordinates.nc,1144167,6856c97c999bc0b42de5485ea21007dbae106502648e92cefccd42fb70e10730,345721aca3fdc8d3bdf6c840ad4dd6c5,"Thu, 25 Mar 2021 09:57:30 GMT"
S3A_OL_2_WFR____20201001T064940_20201001T065240_20201002T143238_0180_063_234_2520_MAR_O_NT_002.SEN3,wqsf.nc,5252881,9c08ec2a3b86cdb787e374ad01a30948abd9895e0ad344c811e9f80aab6e01e2,3ea0b06eb8339a1d95f465e2a7e52886,"Thu, 25 Mar 2021 09:57:31 GMT"
S3A_OL_2_WFR____20201002T062329_20201002T062629_20201003T141528_0180_063_248_2520_MAR_O_NT_002.SEN3,chl_oc4me.nc,6264384,2c729cd6e8798af798d96980f05d70658dbf21fa5b548c05ea46a863f1be3bde,736f95966b90c68de87eed46035ccf23,"Mon, 22 Mar 2021 18:42:07 GMT"
S3A_OL_2_WFR____20201002T062329_20201002T062629_20201003T141528_0180_063_248_2520_MAR_O_NT_002.SEN3,geo_coordinates.nc,59983017,c426fd59143b04fe063a80edf631ad299a4f880c5d12d0ac38a53a374284065b,f1a8ba25048dc4f14db80c7092a87afd-8,"Mon, 22 Mar 2021 18:42:07 GMT"
S3A_OL_2_WFR____20201002T062329_20201002T062629_20201003T141528_0180_063_248_2520_MAR_O_NT_002.SEN3,tie_geo_coordinates.nc,1139255,04a1374aad0d27ad1bec674612fac1d02ad51fd0beba048c024ba3f946e58492,8c4844ef2706f43ac2971a564bf76e61,"Mon, 22 Mar 2021 18:42:07 GMT"
S3A_OL_2_WFR____20201002T062329_20201002T062629_20201003T141528_0180_063_248_2520_MAR_O_NT_002.SEN3,wqsf.nc,5957664,80d2e1051fdbc425c8160c4a722535e91ba4cbcf7d1d2438869a3da86d2710cc,57208a5854b6ff17d931e8388023a80a,"Mon, 22 Mar 2021 18:42:07 GMT"
S3A_OL_2_WFR____20201003T055718_20201003T060018_20201004T143249_0179_063_262_2520_MAR_O_NT_002.SEN3,chl_oc4me.nc,10433670,d1dce714706eabbe820e6b4360614f65d37cf7ab2bcef48005f5582d30448ffd,e32b89ea3f19002b2a557c709ba5badc-2,"Mon, 22 Mar 2021 18:41:05 GMT"
S3A_OL_2_WFR____20201003T055718_20201003T060018_20201004T143249_0179_063_262_2520_MAR_O_NT_002.SEN3,geo_coordinates.nc,58547060,6fb3b810feeeccfafd44c69f29395bfab86910e6f73245c086b0962fb7675439,ba0546d1c1501637c580b433ad433ea8-7,"Mon, 22 Mar 2021 18:41:05 GMT"
S3A_OL_2_WFR____20201003T055718_20201003T060018_20201004T143249_0179_063_262_2520_MAR_O_NT_002.SEN3,tie_geo_coordinates.nc,1138623,59be26e474985c3545edd42f7092849b4dda2d90a27d5f1107117cac056c6107,03c83b6d118ccef91104aad2c5c59fbe,"Mon, 22 Mar 2021 18:41:05 GMT"
S3A_OL_2_WFR____20201003T055718_20201003T060018_20201004T143249_0179_063_262_2520_MAR_O_NT_002.SEN3,wqsf.nc,9501269,66b97d87735328d21bf1f54fb9b42591cc496b3a71f70148aa936e435096328b,4728d41b75b8e531d0358a714abc5554-2,"Mon, 22 Mar 2021 18:41:05 GMT"
S3A_OL_2_WFR____20201006T061945_20201006T062245_20201007T140548_0179_063_305_2520_MAR_O_NT_002.SEN3,chl_oc4me.nc,6684803,716f24d99c64638a6f2c7c54c0a4ae4964f18bf6c8e7716b369911f3afaf208f,c34f3681140bf480cf86e18cc0184e8f,"Mon, 22 Mar 2021 18:36:43 GMT"
S3A_OL_2_WFR____20201006T061945_20201006T062245_20201007T140548_0179_063_305_2520_MAR_O_NT_002.SEN3,geo_coordinates.nc,59838726,7daa7d8c9c60d1527f2163b293bfeb5c73db5d85a36a0854382674de109962f7,df39cf467b431b976336c293a6769b81-8,"Mon, 22 Mar 2021 18:36:43 GMT"
S3A_OL_2_WFR____20201006T061945_20201006T062245_20201007T140548_0179_063_305_2520_MAR_O_NT_002.SEN3,tie_geo_coordinates.nc,1141139,011d10fbb23770335b89dbdf5e89f8f3acd68649703dbaab34edea06ab3ab518,84b866bc4217bcb31bb38271cf107a4f,"Mon, 22 Mar 2021 18:36:43 GMT"
S3A_OL_2_WFR____20201006T061945_20201006T062245_20201007T140548_0179_063_305_2520_MAR_O_NT_002.SEN3,wqsf.nc,7114129,4c85aaaf413b507cb1c3a17988b7298a4eae76910e18c300f1be76d2c93423c1,96ca64875c801621d028ab8dd791fe3a,"Mon, 22 Mar 2021 18:36:43 GMT"
S3A_OL_2_WFR____20201009T064212_20201009T064512_20201010T151041_0179_063_348_2520_MAR_O_NT_002.SEN3,chl_oc4me.nc,4554798,8f1b80ab60f292133d28fa79d5ec7647d3b4456ecde4e75cdd0ab63af56c9466,921c53b5e6f91ff35932163b34a3dbc9,"Thu, 25 Mar 2021 09:52:52 GMT"
S3A_OL_2_WFR____20201009T064212_20201009T064512_20201010T151041_0179_063_348_2520_MAR_O_NT_002.SEN3,geo_coordinates.nc,59546444,57ac15f1711b2dc43d26ffe5fd545fa229b0c4f758806f6ac136dcdac2d5aecc,d46c551395a6ddae9bb4cf4def4805e9-8,"Thu, 25 Mar 2021 09:52:52 GMT"
S3A_OL_2_WFR____20201009T064212_20201009T064512_20201010T151041_0179_063_348_2520_MAR_O_NT_002.SEN3,tie_geo_coordinates.nc,1139869,8ce0eef582cfb6b6e742600679c6193351786f9e367a54458496fd3dee01f863,5ab0d0c96b77b1caf51c8aef312df0bf,"Thu, 25 Mar 2021 09:52:51 GMT"
S3A_OL_2_WFR____20201009T064212_20201009T064512_20201010T151041_0179_063_348_2520_MAR_O_NT_002.SEN3,wqsf.nc,4901690,c10d90520719e80e79830b5b532434ccb672c11484de0800cf9ca573f296245d,592199e8ec24f3146f40115909ae85c0,"Thu, 25 Mar 2021 09:52:52 GMT"
S3A_OL_2_WFR____20201010T061601_20201010T061901_20201011T152822_0179_063_362_2520_MAR_O_NT_002.SEN3,chl_oc4me.nc,8138226,b9f81159aadee09fee1e9eff6a20b0c8566267ed4001eb84914ae1bd4f4edd5e,e306e033145838439c18fa7ae2764e95,"Mon, 22 Mar 2021 18:31:11 GMT"
S3A_OL_2_WFR____20201010T061601_20201010T061901_20201011T152822_0179_063_362_2520_MAR_O_NT_002.SEN3,geo_coordinates.nc,59629703,2d05c9be08c1ac13bd76f32d3634de6969a3643c396744da3235213f97539440,6529b1caa6670943fee71c956513b46e-8,"Mon, 22 Mar 2021 18:31:11 GMT"
S3A_OL_2_WFR____20201010T061601_20201010T061901_20201011T152822_0179_063_362_2520_MAR_O_NT_002.SEN3,tie_geo_coordinates.nc,1131687,e1f0eb15248ec0633a573655e16638903ee24f7b58f5558f0c070f3550e4c13c,bbb5cb704f097406816ab6f1dfc7e67a,"Mon, 22 Mar 2021 18:31:11 GMT"
S3A_OL_2_WFR____20201010T061601_20201010T061901_20201011T152822_0179_063_362_2520_MAR_O_NT_002.SEN3,wqsf.nc,7251053,cda989145ba62126c12b0578f8e70911892bbf62eda400726bb8dcc780d1e35c,eeaee2497e6ebe9e1eca3f48e129b069,"Mon, 22 Mar 2021 18:31:11 GMT"
S3A_OL_2_WFR____20201013T063827_20201013T064127_20201014T145733_0179_064_020_2520_MAR_O_NT_002.SEN3,chl_oc4me.nc,4994831,e50f1c44ee5db31da53a7b340ebc4c53e90b65bdb949ce1d5825584be09326a2,79e28956f0e3c5635bc53ff184bb1d77,"Mon, 22 Mar 2021 18:27:02 GMT"
S3A_OL_2_WFR____20201013T063827_20201013T064127_20201014T145733_0179_064_020_2520_MAR_O_NT_002.SEN3,geo_coordinates.nc,59758683,0118a1bf050a9c3bbe5412ce7f306f7628b7f4e034544bab1a8c4eb762e59407,df1aad3be1e44cf62367443b1e61e281-8,"Mon, 22 Mar 2021 18:27:02 GMT"
S3A_OL_2_WFR____20201013T063827_20201013T064127_20201014T145733_0179_064_020_2520_MAR_O_NT_002.SEN3,tie_geo_coordinates.nc,1136423,f00c12651f55b5c5714cefd401f4bc2d0a92f408fb4d7bd9ca6b04de8f334dcd,3d89f428f6c058a94cc5a7006834ddc0,"Mon, 22 Mar 2021 18:27:02 GMT"
S3A_OL_2_WFR____20201013T063827_20201013T064127_20201014T145733_0179_064_020_2520_MAR_O_NT_002.SEN3,wqsf.nc,5337127,b5ba22448cf660cd3807a35e5d851e323aabd00325f73ec2d71732d6dd115137,2dfe9be633cd2aaf1f6bb05e4dc45b23,"Mon, 22 Mar 2021 18:27:02 GMT"
S3A_OL_2_WFR____20201014T061216_20201014T061516_20201015T145025_0180_064_034_2520_MAR_O_NT_002.SEN3,chl_oc4me.nc,8171662,8415a681f60f44c90cb5ea145d0b1d2e573ee621b1ac320b74b85c16b3a7f7c9,b39a2c790cd3dcb6a5dd5e86ae023a8f,"Mon, 22 Mar 2021 18:26:02 GMT"
S3A_OL_2_WFR____20201014T061216_20201014T061516_20201015T145025_0180_064_034_2520_MAR_O_NT_002.SEN3,geo_coordinates.nc,59402350,e3cb5a70d79725fa036a14348338f92674a7a1be694414aaa2741bd54e859885,a3328350b32eb84497db228addd61c67-8,"Mon, 22 Mar 2021 18:26:02 GMT"
S3A_OL_2_WFR____20201014T061216_20201014T061516_20201015T145025_0180_064_034_2520_MAR_O_NT_002.SEN3,tie_geo_coordinates.nc,1134998,98df0d4ed514d814a098c9ca79246233da594fb3cc95375fe8165ac70544ae51,eab2fa949f9cf0f2c245a38514a93730,"Mon, 22 Mar 2021 18:26:02 GMT"
S3A_OL_2_WFR____20201014T061216_20201014T061516_20201015T145025_0180_064_034_2520_MAR_O_NT_002.SEN3,wqsf.nc,7476299,1a686483f5c1f8b9e8f69f11b0e582625d2f82aef48e9b6292486ec2970e17b7,a983081632a6691ce5c6c195450259ef,"Mon, 22 Mar 2021 18:26:02 GMT"
S3A_OL_2_WFR____20201018T060832_20201018T061132_20201019T151645_0179_064_091_2520_MAR_O_NT_002.SEN3,chl_oc4me.nc,5278588,9ed7295777cf464cf23bd0113010cb58ae2cbefe6944b517bb4e5cb8184c23ae,c7ff776065991841a4c501c3dd097ba9,"Mon, 22 Mar 2021 18:20:33 GMT"
S3A_OL_2_WFR____20201018T060832_20201018T061132_20201019T151645_0179_064_091_2520_MAR_O_NT_002.SEN3,geo_coordinates.nc,59175083,d38e3c7fc819702c5734bfee4c426c09153baa20a960489cbbcb69ea29db0ef5,a0bc2a35f01f58ffa793993073255121-8,"Mon, 22 Mar 2021 18:20:33 GMT"
S3A_OL_2_WFR____20201018T060832_20201018T061132_20201019T151645_0179_064_091_2520_MAR_O_NT_002.SEN3,tie_geo_coordinates.nc,1134475,e9435c7dceb29fb9bacf7c3a8d151125ca4fb9018b7f387be6432477d5d84632,8413652fa094eb7dae999557fe40960d,"Mon, 22 Mar 2021 18:20:33 GMT"
S3A_OL_2_WFR____20201018T060832_20201018T061132_20201019T151645_0179_064_091_2520_MAR_O_NT_002.SEN3,wqsf.nc,5769074,25f5a5f5dfb28e3d324b8aaa94dcfca995c288024db657e1f5d64e1f4c3adc7b,66b412e79618af7034647b19a7f0abf0,"Mon, 22 Mar 2021 18:20:33 GMT"
S3A_OL_2_WFR____20201021T063059_20201021T063359_20201022T145330_0179_064_134_2520_MAR_O_NT_002.SEN3,chl_oc4me.nc,5414796,546a6fbc1b3d095368e7836f43fc34b192a075eec873a41fb6c04053c6672126,5557edf3a247cfc4536fa6348bcad536,"Mon, 22 Mar 2021 18:16:38 GMT"
S3A_OL_2_WFR____20201021T063059_20201021T063359_20201022T145330_0179_064_134_2520_MAR_O_NT_002.SEN3,geo_coordinates.nc,59951086,e02f8e10b13c6e65fe09971516430e9dacc7eedec5d07824ae551eee91ca123d,2de637239f509d5d16216bb6f8c6a3fd-8,"Mon, 22 Mar 2021 18:16:38 GMT"
S3A_OL_2_WFR____20201021T063059_20201021T063359_20201022T145330_0179_064_134_2520_MAR_O_NT_002.SEN3,tie_geo_coordinates.nc,1138879,9d7f771351dcdc9eaa57b0163c920f52763602c6edb8fefb80fd7b332a162c86,fd3e0f902b8f63b962bc6c599bc1fc35,"Mon, 22 Mar 2021 18:16:37 GMT"
S3A_OL_2_WFR____20201021T063059_20201021T063359_20201022T145330_0179_064_134_2520_MAR_O_NT_002.SEN3,wqsf.nc,5337618,37460e4963a837a4ea772cc5b8c76193931198c28accd2f87a30082d550ebcbd,b63574afa4be6a976b6fbc83b06dbe3b,"Mon, 22 Mar 2021 18:16:38 GMT"
S3A_OL_2_WFR____20201024T065325_20201024T065625_20201025T153156_0180_064_177_2520_MAR_O_NT_002.SEN3,chl_oc4me.nc,3505009,19cdf42be1cbc8bf01545557da0d651eb7802b9d3e4f01100e0f63e6bd589ada,26233f105a46b45cac5a518499b44668,"Mon, 22 Mar 2021 18:12:58 GMT"
S3A_OL_2_WFR____20201024T065325_20201024T065625_20201025T153156_0180_064_177_2520_MAR_O_NT_002.SEN3,geo_coordinates.nc,59128261,51fba99d6a654c3c8a84e8df42b47c9ccf3564239e87106af2fe88c099b57758,42f0f5a3fa7019182212ecb947265a4d-8,"Mon, 22 Mar 2021 18:12:58 GMT"
S3A_OL_2_WFR____20201024T065325_20201024T065625_20201025T153156_0180_064_177_2520_MAR_O_NT_002.SEN3,tie_geo_coordinates.nc,1134892,6e576d1354a6d46e2596ad596cf49a904bc6738c89df87548fbf62b77acc8fa7,ba889427e270c76302c9d9a133384ca5,"Mon, 22 Mar 2021 18:12:58 GMT"
S3A_OL_2_WFR____20201024T065325_20201024T065625_20201025T153156_0180_064_177_2520_MAR_O_NT_002.SEN3,wqsf.nc,4608751,e515b54a1a91ab3d91ba1eb992e902c496fba2b7ec898da5513e78f55b87d299,92a31f2b4bc296f17721e966b3dc31e9,"Mon, 22 Mar 2021 18:12:58 GMT"
S3A_OL_2_WFR____20201025T062714_20201025T063014_20201026T150601_0179_064_191_2520_MAR_O_NT_002.SEN3,chl_oc4me.nc,5791137,a73235836d59667c72d6dce47cbc72bce9a46af620dc2e241f718752a652121d,13a00c904f54f8096403ca306e942b9a,"Thu, 25 Mar 2021 09:42:46 GMT"
S3A_OL_2_WFR____20201025T062714_20201025T063014_20201026T150601_0179_064_191_2520_MAR_O_NT_002.SEN3,geo_coordinates.nc,59982812,6bf06493ef414fbdfd14b6be768d6eb5fe01717565929227ff5855bf9bafe918,3e5a1d495cd458bf01d487d973703817-8,"Thu, 25 Mar 2021 09:42:46 GMT"
S3A_OL_2_WFR____20201025T062714_20201025T063014_20201026T150601_0179_064_191_2520_MAR_O_NT_002.SEN3,tie_geo_coordinates.nc,1138039,e5b399016a3dbdff09dbe491a3fca73c9c01a9769d13b8164b9620fdc730d785,6d26254e6b6107754b7b7945e36ccece,"Thu, 25 Mar 2021 09:42:46 GMT"
S3A_OL_2_WFR____20201025T062714_20201025T063014_20201026T150601_0179_064_191_2520_MAR_O_NT_002.SEN3,wqsf.nc,5920893,d89a6922f636ac04f0218b9cdd0d8837ec08417efae0b2d9c4604d08b889628e,2675db40a96ce7a8ba991a61fad4eda2,"Thu, 25 Mar 2021 09:42:46 GMT"
S3A_OL_2_WFR____20201026T060103_20201026T060403_20201027T144444_0179_064_205_2520_MAR_O_NT_002.SEN3,chl_oc4me.nc,10048806,a7914192473460790b736711aa27d559293605e0cba2458861e7a5a722aba53e,383b5b186febad897f9cdcdaa73e764a-2,"Mon, 22 Mar 2021 18:10:55 GMT"
S3A_OL_2_WFR____20201026T060103_20201026T060403_20201027T144444_0179_064_205_2520_MAR_O_NT_002.SEN3,geo_coordinates.nc,58771336,d9351597123999bc179ee88323a7819f0205eaf255fadda8b316d6e43bd5faf6,c93b62485ad0c4de01e3b78f50e8b02e-8,"Mon, 22 Mar 2021 18:10:55 GMT"
S3A_OL_2_WFR____20201026T060103_20201026T060403_20201027T144444_0179_064_205_2520_MAR_O_NT_002.SEN3,tie_geo_coordinates.nc,1135021,d4f6782ebe379d8d3c4787ae4944d205100d5aa225d158ab6ec17de565864db3,9e33f3785f88bd2d72d58320459d1538,"Mon, 22 Mar 2021 18:10:55 GMT"
S3A_OL_2_WFR____20201026T060103_20201026T060403_20201027T144444_0179_064_205_2520_MAR_O_NT_002.SEN3,wqsf.nc,8727135,75e1e0af52379ddbcc6bfa08f415cd9b438ce1f4459e3bd077b24ed8a5499435,5d82f777d07a3b55550155dd4d55c80d-2,"Mon, 22 Mar 2021 18:10:55 GMT"
S3A_OL_2_WFR____20201028T064940_20201028T065240_20201029T143231_0179_064_234_2520_MAR_O_NT_002.SEN3,chl_oc4me.nc,3969924,337c7fbadb6484fa12d4fdc78e0a4e7f4edfedc8b498d0068a20241fd281ec99,1e6e7318fedecad261bffac14f451b74,"Mon, 22 Mar 2021 18:06:36 GMT"
S3A_OL_2_WFR____20201028T064940_20201028T065240_20201029T143231_0179_064_234_2520_MAR_O_NT_002.SEN3,geo_coordinates.nc,59183309,6130ff081b2c251ad9b5de4e84a73e55fe0db749389bd4aa993c9d38b9556f17,99b88b83753a95d5ca63e0ad45d7f484-8,"Mon, 22 Mar 2021 18:06:36 GMT"
S3A_OL_2_WFR____20201028T064940_20201028T065240_20201029T143231_0179_064_234_2520_MAR_O_NT_002.SEN3,tie_geo_coordinates.nc,1137434,d0bc72aec27e59aa535947e7a9b0eff6a45e3f7495ac48f2346af9634451e0fc,ed811a9576055d16d205e430cf5066e6,"Mon, 22 Mar 2021 18:06:36 GMT"
S3A_OL_2_WFR____20201028T064940_20201028T065240_20201029T143231_0179_064_234_2520_MAR_O_NT_002.SEN3,wqsf.nc,4827665,9e236394e483ea8b479ad387bdfb1e645671269e07a691e6ae83dbce87b8b6ac,be8fa675b7a5283b9d77d066769f260e,"Mon, 22 Mar 2021 18:06:36 GMT"
S3A_OL_2_WFR____20201029T062329_20201029T062629_20201030T142752_0179_064_248_2520_MAR_O_NT_002.SEN3,chl_oc4me.nc,6284504,1d4976eb7ba5212d80e03544fa416a2e34fbe4babb543580053605ece40031b1,a942ba716a71a55b89725349fcbe8e68,"Mon, 22 Mar 2021 18:05:38 GMT"
S3A_OL_2_WFR____20201029T062329_20201029T062629_20201030T142752_0179_064_248_2520_MAR_O_NT_002.SEN3,geo_coordinates.nc,59971834,bb84da6b0d3eeb33c96126ef4e930d96baf2eb78e3029366755fb8fd05640629,7b3985052e73f5d62ad189a50f521f86-8,"Mon, 22 Mar 2021 18:05:38 GMT"
S3A_OL_2_WFR____20201029T062329_20201029T062629_20201030T142752_0179_064_248_2520_MAR_O_NT_002.SEN3,tie_geo_coordinates.nc,1142045,27cc0ca71cfd1eefd64dd8a8309d40ec129da398601c0a92d62d31bf69ae6420,81ad8ae52f1693df7c91f3b1ae534052,"Mon, 22 Mar 2021 18:05:38 GMT"
S3A_OL_2_WFR____20201029T062329_20201029T062629_20201030T142752_0179_064_248_2520_MAR_O_NT_002.SEN3,wqsf.nc,6331458,fb07cab8a5d21e3324f959120ebcc41717d5b394dd36fbcd7dd899be6caeb5a7,54dd83bef9da36b47392c9c7df78a078,"Mon, 22 Mar 2021 18:05:38 GMT"
S3A_OL_2_WFR____20201030T055718_20201030T060018_20201031T145514_0179_064_262_2520_MAR_O_NT_002.SEN3,chl_oc4me.nc,10445293,09ab0fbd853e7de91a95b32388f0bc16857935fa0c204004fb2503f4aad2326b,8272095f258b337b2c002e24c1da5be4-2,"Mon, 22 Mar 2021 18:04:28 GMT"
S3A_OL_2_WFR____20201030T055718_20201030T060018_20201031T145514_0179_064_262_2520_MAR_O_NT_002.SEN3,geo_coordinates.nc,58519153,8d186ce89f577ab1505f8415ac223ef0a0dbabbcea305578990f4dde731a3d5c,af9da70d6f4f8e97026df65f0800d866-7,"Mon, 22 Mar 2021 18:04:28 GMT"
S3A_OL_2_WFR____20201030T055718_20201030T060018_20201031T145514_0179_064_262_2520_MAR_O_NT_002.SEN3,tie_geo_coordinates.nc,1137059,d9230a43e9138d0679a021c4771d5e41d19bf6121aa4298095032d4036e6d1b0,97e0ba21e32ee21b24f49c82a492207d,"Mon, 22 Mar 2021 18:04:28 GMT"
S3A_OL_2_WFR____20201030T055718_20201030T060018_20201031T145514_0179_064_262_2520_MAR_O_NT_002.SEN3,wqsf.nc,8215112,087423ce96ffb1cc4ddf27f291a4e7dfb60af733ce159e351350499b56b4cb5d,aadba4e96c1cdd16a221bf738fcb1ad5,"Mon, 22 Mar 2021 18:04:29 GMT"
S3A_OL_2_WFR____20201101T064556_20201101T064856_20201102T143104_0179_064_291_2520_MAR_O_NT_002.SEN3,chl_oc4me.nc,4146279,d9695f7e8b853c098e911ab762a236a9d2656550d843193e37f436782e0ad0ff,7d51c7a9e9945bc49dce04145774bda1,"Thu, 25 Mar 2021 09:37:47 GMT"
S3A_OL_2_WFR____20201101T064556_20201101T064856_20201102T143104_0179_064_291_2520_MAR_O_NT_002.SEN3,geo_coordinates.nc,59393729,f109e420aa67cb8de4aaa8601d44f72ec06dbc175fa6cbfb252fb2aebe3aa6f2,19e790c337a62ed3d32c52300d2efaf8-8,"Thu, 25 Mar 2021 09:37:47 GMT"
S3A_OL_2_WFR____20201101T064556_20201101T064856_20201102T143104_0179_064_291_2520_MAR_O_NT_002.SEN3,tie_geo_coordinates.nc,1134691,4669741198bf172b7356b9243cae7b1bd6eea676daa7a7cd49a0587daad73f23,b096b3c25c2b3cc96d7687af91b3d001,"Thu, 25 Mar 2021 09:37:47 GMT"
S3A_OL_2_WFR____20201101T064556_20201101T064856_20201102T143104_0179_064_291_2520_MAR_O_NT_002.SEN3,wqsf.nc,4939821,f46718f7b0d539fb252659f8bb3d1e759cd376763ff56556290f9b7e3613c871,76c4a9573b7be89a157f96362fc95635,"Thu, 25 Mar 2021 09:37:47 GMT"
S3A_OL_2_WFR____20201102T061945_20201102T062245_20201103T150102_0179_064_305_2520_MAR_O_NT_002.SEN3,chl_oc4me.nc,7430845,18352138c52635b1da9a76caa776498d58680c2f2acc6dd28d24f0427f6780ae,02b50bde3bf8ba6d6648aabdf0555a87,"Mon, 22 Mar 2021 17:58:48 GMT"
S3A_OL_2_WFR____20201102T061945_20201102T062245_20201103T150102_0179_064_305_2520_MAR_O_NT_002.SEN3,geo_coordinates.nc,59837502,14b979f6cf92d10798916aa047fe9a04936966408e837196a06bceb388a438b8,70b7d4a93cc63bc750f957968b5cc4eb-8,"Mon, 22 Mar 2021 17:58:48 GMT"
S3A_OL_2_WFR____20201102T061945_20201102T062245_20201103T150102_0179_064_305_2520_MAR_O_NT_002.SEN3,tie_geo_coordinates.nc,1135982,69782f1acb908bd1619722ee864c8b114d477e45271145bceae9abd3bd3ce7a8,87635b9a924685bb2d8897130d891e54,"Mon, 22 Mar 2021 17:58:48 GMT"
S3A_OL_2_WFR____20201102T061945_20201102T062245_20201103T150102_0179_064_305_2520_MAR_O_NT_002.SEN3,wqsf.nc,6052110,c261ae0974cd598c3c380321f9d1e0c6d536e65f318568a4e1a71adda35f39d6,ee621de3092cdb22620e39aaa618aaf3,"Mon, 22 Mar 2021 17:58:48 GMT"
S3A_OL_2_WFR____20201105T064211_20201105T064511_20201106T145010_0179_064_348_2520_MAR_O_NT_002.SEN3,chl_oc4me.nc,4426467,51fe1be1e4b1296059c494515d068b9c45d32cd4967df0ed3a2f548fa87ff4a1,26f480006146c2c095f8765a76ed3936,"Mon, 22 Mar 2021 17:54:50 GMT"
S3A_OL_2_WFR____20201105T064211_20201105T064511_20201106T145010_0179_064_348_2520_MAR_O_NT_002.SEN3,geo_coordinates.nc,59539800,cef864b458641d1844c617b3d08d08b598bc64266a5ab32efe748e79a160a312,2fffd474239e6926ce2f13cdfa19a571-8,"Mon, 22 Mar 2021 17:54:50 GMT"
S3A_OL_2_WFR____20201105T064211_20201105T064511_20201106T145010_0179_064_348_2520_MAR_O_NT_002.SEN3,tie_geo_coordinates.nc,1142046,76a54d61cd42a8d868dfaa1729421bceb9e7d73ad6a7dc4d5dd99bfcc47d9a51,5ed1289290764f2b1ff66f942c68870c,"Mon, 22 Mar 2021 17:54:50 GMT"
S3A_OL_2_WFR____20201105T064211_20201105T064511_20201106T145010_0179_064_348_2520_MAR_O_NT_002.SEN3,wqsf.nc,5362813,4336b461935c13871d7c982f2060cc36ab59ca29e8fbcee89c53f0f1247b70e8,2cfa86a14b14f21d4e4ea160a3a4eef8,"Mon, 22 Mar 2021 17:54:50 GMT"
S3A_OL_2_WFR____20201106T061600_20201106T061900_20201107T144130_0179_064_362_2520_MAR_O_NT_002.SEN3,chl_oc4me.nc,6966619,b797b6270079b4da76c9513b6108d8847f2c030482e934d74423dbed777f474a,6dbd7cb1fd40d8bfff779fdb8f22b48c,"Thu, 25 Mar 2021 09:34:36 GMT"
S3A_OL_2_WFR____20201106T061600_20201106T061900_20201107T144130_0179_064_362_2520_MAR_O_NT_002.SEN3,geo_coordinates.nc,59647910,bbc6be178d9cc22a1b8f56854c00c5dacd3a104c32c3767217ed022334acc0e0,81a61116c5d3a41188877e8414d066b0-8,"Thu, 25 Mar 2021 09:34:36 GMT"
S3A_OL_2_WFR____20201106T061600_20201106T061900_20201107T144130_0179_064_362_2520_MAR_O_NT_002.SEN3,tie_geo_coordinates.nc,1139746,9c3ada7674bbdb3a4cd1476cff2902030565f5d781334b4ed649d4c6b51cc0dd,ecb299cf3ce8212c12c86a3869160629,"Thu, 25 Mar 2021 09:34:36 GMT"
S3A_OL_2_WFR____20201106T061600_20201106T061900_20201107T144130_0179_064_362_2520_MAR_O_NT_002.SEN3,wqsf.nc,6503223,9a842c6c867ec6b1ec589534d77bb362dda266160b95790c7ab897e033d47048,bee81b3291f82b6c0806b1e87d63a3b0,"Thu, 25 Mar 2021 09:34:36 GMT"
S3A_OL_2_WFR____20201109T063826_20201109T064126_20201110T152001_0179_065_020_2520_MAR_O_NT_002.SEN3,chl_oc4me.nc,4753167,4d2558d42eb9ee7c756a49e2bfdcb0baa88af02196c13a5823e593c245610db0,3bef51605bd6761128179b1e5bdfe28d,"Mon, 22 Mar 2021 17:48:21 GMT"
S3A_OL_2_WFR____20201109T063826_20201109T064126_20201110T152001_0179_065_020_2520_MAR_O_NT_002.SEN3,geo_coordinates.nc,59762227,bd0c90dd764e9736af0445997c1d1cd9de603ef37b4276f2e4845b4df15f6023,6228672bfc8d698c2ce9ec38e632142f-8,"Mon, 22 Mar 2021 17:48:21 GMT"
S3A_OL_2_WFR____20201109T063826_20201109T064126_20201110T152001_0179_065_020_2520_MAR_O_NT_002.SEN3,tie_geo_coordinates.nc,1139282,1f9affdc3d81d01960719f8cf55b841f2b1f3de5daccda16a2fd07405a3462a2,433de58edb083916c3f6d39e27fae231,"Mon, 22 Mar 2021 17:48:21 GMT"
S3A_OL_2_WFR____20201109T063826_20201109T064126_20201110T152001_0179_065_020_2520_MAR_O_NT_002.SEN3,wqsf.nc,4155825,4ddd3edfed7eeb90583c71d6fb1912dc3944aad0c738b1c263894f4289195d55,1bc3e21efc8667113bbb4c51a5976616,"Mon, 22 Mar 2021 17:48:21 GMT"
S3A_OL_2_WFR____20201110T061215_20201110T061515_20201111T150357_0179_065_034_2520_MAR_O_NT_002.SEN3,chl_oc4me.nc,8441368,3283385f71e837e184654a435ec54ebf19cf8d6b0764f91de40b7f08b88007ea,bf4a3b3c6b33d61d8aeceb11aff2d737-2,"Thu, 25 Mar 2021 09:30:56 GMT"
S3A_OL_2_WFR____20201110T061215_20201110T061515_20201111T150357_0179_065_034_2520_MAR_O_NT_002.SEN3,geo_coordinates.nc,59377412,5cec14802a1bb5a9d8c024d5957266a4bdc424a51b58af06dda243749f6c77aa,eac988df7287a644512fe4f085568336-8,"Thu, 25 Mar 2021 09:30:56 GMT"
S3A_OL_2_WFR____20201110T061215_20201110T061515_20201111T150357_0179_065_034_2520_MAR_O_NT_002.SEN3,tie_geo_coordinates.nc,1135266,1f58474396352f5d85988a65ce19488512986b5d4c86f585a7c9074d55567927,90af6caa6b9e855d017453a36f1a1e4c,"Thu, 25 Mar 2021 09:30:56 GMT"
S3A_OL_2_WFR____20201110T061215_20201110T061515_20201111T150357_0179_065_034_2520_MAR_O_NT_002.SEN3,wqsf.nc,7237854,ebccf93ecb4f73fc3326bc928f2b67c583cbdef35142cc8ac445ac1b03434374,053fa1099f8ba5f966236f404c6aad31,"Thu, 25 Mar 2021 09:30:56 GMT"
S3A_OL_2_WFR____20201113T063441_20201113T063741_20201114T154319_0179_065_077_2520_MAR_O_NT_002.SEN3,chl_oc4me.nc,4152363,418d72ec4362a336f4d4b1f71e0d4f4288eeb2653d867a31ed25e034367c1131,e9d6ee3b4b2a14b6a9ee9acf84bb9b10,"Thu, 25 Mar 2021 09:28:23 GMT"
S3A_OL_2_WFR____20201113T063441_20201113T063741_20201114T154319_0179_065_077_2520_MAR_O_NT_002.SEN3,geo_coordinates.nc,59897745,0d9092753580c54a53c71efc9a98f0f28effc39fe8f159a3789eb8f04a9606fd,98531f945e0e1ce21290f7deb7a81e0b-8,"Thu, 25 Mar 2021 09:28:23 GMT"
S3A_OL_2_WFR____20201113T063441_20201113T063741_20201114T154319_0179_065_077_2520_MAR_O_NT_002.SEN3,tie_geo_coordinates.nc,1137559,c4c1cb9900831b5e39936a68c8f2625636bfa565877473d2424a6b979ae74016,8ef7ae30c9867cd5cbe7bf75f14b1eac,"Thu, 25 Mar 2021 09:28:23 GMT"
S3A_OL_2_WFR____20201113T063441_20201113T063741_20201114T154319_0179_065_077_2520_MAR_O_NT_002.SEN3,wqsf.nc,4873589,2ea584f20822b90d5fcc40788ab5cc9e8954d37f17d5e4db9b91fa13154e99ee,7d32d8fea239d1a9d249c80cce83db05,"Thu, 25 Mar 2021 09:28:23 GMT"
S3A_OL_2_WFR____20201114T060830_20201114T061130_20201115T151647_0179_065_091_2520_MAR_O_NT_002.SEN3,chl_oc4me.nc,6961992,d6eaaf35ea1c12ab13b4e0ef7bc170690ad4119d153e5e795837dfe4fa5f0213,d1be653df1d759d9463b4c8a0c9df747,"Mon, 22 Mar 2021 17:41:42 GMT"
S3A_OL_2_WFR____20201114T060830_20201114T061130_20201115T151647_0179_065_091_2520_MAR_O_NT_002.SEN3,geo_coordinates.nc,59154262,b1670ba088649db2e2e2d09c6b6e976bcaff453f5c7392e939fed988ce81082f,035d47a0afa42a948f8ba5b591a3ac64-8,"Mon, 22 Mar 2021 17:41:43 GMT"
S3A_OL_2_WFR____20201114T060830_20201114T061130_20201115T151647_0179_065_091_2520_MAR_O_NT_002.SEN3,tie_geo_coordinates.nc,1135202,33d1ce3e6240d415e5631ecbb2076116737a9b202fd34e07f664f8ab305e8d1f,43aa8692660f9d7dc037377f64c7734e,"Mon, 22 Mar 2021 17:41:42 GMT"
S3A_OL_2_WFR____20201114T060830_20201114T061130_20201115T151647_0179_065_091_2520_MAR_O_NT_002.SEN3,wqsf.nc,9097033,897a9b2fcb0cb048b29e9bb6a2ca19bfb50cdd07a4d77f3a18a7ba464409b2d5,c363c5a2852d34ff2cc123dec24ef610-2,"Mon, 22 Mar 2021 17:41:42 GMT"
S3A_OL_2_WFR____20201116T065707_20201116T070007_20201117T150429_0179_065_120_2520_MAR_O_NT_002.SEN3,tie_geo_coordinates.nc,1141270,2013d35a1eef74e6071c199ef04118870b3ecfb64dcb332067bc243e53712b94,60f060a54318832468848004c6c61126,"Thu, 25 Mar 2021 09:26:41 GMT"
S3A_OL_2_WFR____20201117T063056_20201117T063356_20201118T151614_0179_065_134_2520_MAR_O_NT_002.SEN3,chl_oc4me.nc,3798209,f2ebe3f13ceea18b09a574d1a3871540d8c3f8a9dc43fff057c92540ffa6cd9d,7bbba00cb6deb60f00e436c864b2d16a,"Mon, 22 Mar 2021 17:37:11 GMT"
S3A_OL_2_WFR____20201117T063056_20201117T063356_20201118T151614_0179_065_134_2520_MAR_O_NT_002.SEN3,geo_coordinates.nc,59942625,c84453585507da323cf72baebbe3a9c12a4d705b6e0f05eb23e80e4f3a9ee37b,55b7db3a4d9dd3659838b5ca8250f5c2-8,"Mon, 22 Mar 2021 17:37:11 GMT"
S3A_OL_2_WFR____20201117T063056_20201117T063356_20201118T151614_0179_065_134_2520_MAR_O_NT_002.SEN3,tie_geo_coordinates.nc,1136063,ed587bdeb33b6458e4e589d5b86519730814b7f948759241e6e8661fef9b83f1,9d1e965918311580ea8e7ef47f5c92bf,"Mon, 22 Mar 2021 17:37:11 GMT"
S3A_OL_2_WFR____20201117T063056_20201117T063356_20201118T151614_0179_065_134_2520_MAR_O_NT_002.SEN3,wqsf.nc,5981137,b964f2cfd471ed6c94076f983a30d5420c8ee81b63e9400fbe1c02fa2f783366,052b79b9168bc7bbc59c99cd9b3b4f66,"Mon, 22 Mar 2021 17:37:11 GMT"
S3A_OL_2_WFR____20201118T060445_20201118T060745_20201119T135922_0179_065_148_2520_MAR_O_NT_002.SEN3,chl_oc4me.nc,8670690,602e5fc0a65c6619301335e72345e91189ecd3d6b893d9ef78719b4a1d21c0e2,efffed45b16f1fa4a9331d4527618691-2,"Thu, 25 Mar 2021 09:25:52 GMT"
S3A_OL_2_WFR____20201118T060445_20201118T060745_20201119T135922_0179_065_148_2520_MAR_O_NT_002.SEN3,geo_coordinates.nc,58967986,33076ea4d122736245bbc9230cf4d4a89a1ada71c9fde9f7d83b74f0e5948d8c,eba38c31e04bf2644f21743dc36161f2-8,"Thu, 25 Mar 2021 09:25:52 GMT"
S3A_OL_2_WFR____20201118T060445_20201118T060745_20201119T135922_0179_065_148_2520_MAR_O_NT_002.SEN3,tie_geo_coordinates.nc,1133903,9766109c2964c03b13a03bb81ce7f0c80857e061f1c2339b9535ff4dfdec6022,032229081c6dfe5c53978f8b68f3a568,"Thu, 25 Mar 2021 09:25:52 GMT"
S3A_OL_2_WFR____20201118T060445_20201118T060745_20201119T135922_0179_065_148_2520_MAR_O_NT_002.SEN3,wqsf.nc,9556302,956b14b90d2a1397079b1f4bb96966fe705a1218159856f5b328f5007ea4b1c1,9f8b6ec72e6eec13b683dee3977d2952-2,"Thu, 25 Mar 2021 09:25:52 GMT"
S3A_OL_2_WFR____20201120T065322_20201120T065622_20201121T153241_0179_065_177_2520_MAR_O_NT_002.SEN3,chl_oc4me.nc,3353309,433cf67c35c091a8cb929e27fd0df28765cc3289ea22001da4b2e76e21633429,54dce22ece3500f7126f0d3ec4d1bf6a,"Thu, 25 Mar 2021 09:23:22 GMT"
S3A_OL_2_WFR____20201120T065322_20201120T065622_20201121T153241_0179_065_177_2520_MAR_O_NT_002.SEN3,geo_coordinates.nc,59116268,a9256ccf9b67f92b8c22d9223ac3d9c7b8bfc811474eda159c679eb3f4b3149a,133f1a1f5a975eebc8dd4f65d9600fd0-8,"Thu, 25 Mar 2021 09:23:22 GMT"
S3A_OL_2_WFR____20201120T065322_20201120T065622_20201121T153241_0179_065_177_2520_MAR_O_NT_002.SEN3,tie_geo_coordinates.nc,1141131,2c967e53dd9a4fd3afbb3e4b1565688176666f5325add04994e15de7fdc84299,0e4e08c8751d0f7dce2d491bd10dc72c,"Thu, 25 Mar 2021 09:23:22 GMT"
S3A_OL_2_WFR____20201120T065322_20201120T065622_20201121T153241_0179_065_177_2520_MAR_O_NT_002.SEN3,wqsf.nc,3839707,96222934e33117635548c5cd26359d300e41179c289272cedf1af593eaba6d2c,199e02e60bde0f3b66f46a693b8d8ea4,"Thu, 25 Mar 2021 09:23:22 GMT"
S3A_OL_2_WFR____20201122T060059_20201122T060359_20201123T142858_0179_065_205_2520_MAR_O_NT_002.SEN3,chl_oc4me.nc,9857253,8c788446f0753c99e90897ca3e2c1a90e055729fbbb37e37732ce84483b16c90,2889a0c09a7de902573eac27f3e98fef-2,"Mon, 22 Mar 2021 17:29:41 GMT"
S3A_OL_2_WFR____20201122T060059_20201122T060359_20201123T142858_0179_065_205_2520_MAR_O_NT_002.SEN3,geo_coordinates.nc,58769029,a7689044fe27a547c2ea0ab522d104c5602515a39288ca7bb0ee950dce519348,421c70e121fb724e117d1cec6d041439-8,"Mon, 22 Mar 2021 17:29:41 GMT"
S3A_OL_2_WFR____20201122T060059_20201122T060359_20201123T142858_0179_065_205_2520_MAR_O_NT_002.SEN3,tie_geo_coordinates.nc,1138219,ac38d313a13cbec8d6ad13bda4c42f152b4fb80738a01a0a42b70535a50cac93,2f453411105fe377c43d2e2432a691cf,"Mon, 22 Mar 2021 17:29:42 GMT"
S3A_OL_2_WFR____20201122T060059_20201122T060359_20201123T142858_0179_065_205_2520_MAR_O_NT_002.SEN3,wqsf.nc,7807345,aeb3f0f5499d7d857b162c0e90e987e83fae1c1fde603a18587f477a037c68d1,f304d6358eec87a1709a3ff4e3fc055b,"Mon, 22 Mar 2021 17:29:41 GMT"
S3A_OL_2_WFR____20201124T064936_20201124T065236_20201125T144805_0179_065_234_2520_MAR_O_NT_002.SEN3,chl_oc4me.nc,3646123,f65a8f424fec4ecc505133d4c72b3fa48636da921cb211e2de9afeb059048c29,90b132686d0c8d2b22b147a847238b47,"Thu, 25 Mar 2021 09:20:34 GMT"
S3A_OL_2_WFR____20201124T064936_20201124T065236_20201125T144805_0179_065_234_2520_MAR_O_NT_002.SEN3,geo_coordinates.nc,59183650,0dc62ccfc49127505ea4c2c47669d7cce88d834f5c18736e0e0880be1aa02af4,0a6b71cca184f17a901e3b84ae17d09a-8,"Thu, 25 Mar 2021 09:20:34 GMT"
S3A_OL_2_WFR____20201124T064936_20201124T065236_20201125T144805_0179_065_234_2520_MAR_O_NT_002.SEN3,tie_geo_coordinates.nc,1137483,b2b7b9168b8de6c0a97d097a3ffd0b9c4a7a16880107ae9e3cf5f85cdd3e6c07,4815c07e37d42fd1e6931cd3c263e782,"Thu, 25 Mar 2021 09:20:34 GMT"
S3A_OL_2_WFR____20201124T064936_20201124T065236_20201125T144805_0179_065_234_2520_MAR_O_NT_002.SEN3,wqsf.nc,4330010,a1970b280c74e1814a890c2c34d036fcc86f16bfa7f6d1b59d44531d42db5392,bec5cfba7d1ec7321e35f143d12a3d53,"Thu, 25 Mar 2021 09:20:34 GMT"
S3A_OL_2_WFR____20201125T062325_20201125T062625_20201126T142945_0180_065_248_2520_MAR_O_NT_002.SEN3,chl_oc4me.nc,6516012,96ce868e36446b8f851c8d77cd3a0d7230b8288b15ae4dad21b5dfa5e366a084,cda2ff9b354364c97910fa0bbbe48b35,"Tue, 06 Apr 2021 15:05:01 GMT"
S3A_OL_2_WFR____20201125T062325_20201125T062625_20201126T142945_0180_065_248_2520_MAR_O_NT_002.SEN3,geo_coordinates.nc,59935566,b5cb05f234c739d811c310c6edc39acda80bbfe4a1e26aa595a93a6aae18bcaa,799740c9b2565ace5722fd7d5f82ba34-8,"Tue, 06 Apr 2021 15:05:01 GMT"
S3A_OL_2_WFR____20201125T062325_20201125T062625_20201126T142945_0180_065_248_2520_MAR_O_NT_002.SEN3,tie_geo_coordinates.nc,1136237,79eb05c2b4311852a68248d8b4c41da3a311ec678173d21d7e3f76a2a83056ee,a4672766cba21336b9fa2cc0935d4680,"Tue, 06 Apr 2021 15:05:01 GMT"
S3A_OL_2_WFR____20201125T062325_20201125T062625_20201126T142945_0180_065_248_2520_MAR_O_NT_002.SEN3,wqsf.nc,5817452,c3d6b39961f83b360d49ddacdb575143e620ec5ee6b4cea3bd80206a268d63fb,eda66492f8dff7034108daeea5890a2f,"Tue, 06 Apr 2021 15:05:02 GMT"
S3A_OL_2_WFR____20201126T055714_20201126T060014_20201127T142704_0179_065_262_2520_MAR_O_NT_002.SEN3,chl_oc4me.nc,10011773,620fb3ad487ee49a7551e88d17085e2fede79b50ac9651582e1d1bbd734c6efe,29281109737d147a239ebd6ef1d1f943-2,"Thu, 25 Mar 2021 09:19:34 GMT"
S3A_OL_2_WFR____20201126T055714_20201126T060014_20201127T142704_0179_065_262_2520_MAR_O_NT_002.SEN3,geo_coordinates.nc,58541178,6623eb1b9bdf7775786ac782e932eec0c945f3e9b49ecc3cc4f7dee2d99545cc,477bbfa8707ba0e619e8632bec20a974-7,"Thu, 25 Mar 2021 09:19:34 GMT"
S3A_OL_2_WFR____20201126T055714_20201126T060014_20201127T142704_0179_065_262_2520_MAR_O_NT_002.SEN3,tie_geo_coordinates.nc,1132244,19b494b3f1ff4cb3246385f8d3301b352c593ee46f7f3191ff6429cba0c80398,8b0621a14a152731c5960cfa9b19dca4,"Thu, 25 Mar 2021 09:19:34 GMT"
S3A_OL_2_WFR____20201126T055714_20201126T060014_20201127T142704_0179_065_262_2520_MAR_O_NT_002.SEN3,wqsf.nc,9916645,47aceaff11d80a53c8664c825a29545f9fdf09304ce97a261f255b548ccef850,0664a53b7595df04d51dad91a6e9e7c0-2,"Thu, 25 Mar 2021 09:19:34 GMT"
S3A_OL_2_WFR____20201128T064551_20201128T064851_20201129T152445_0179_065_291_2520_MAR_O_NT_002.SEN3,chl_oc4me.nc,1202414,faf4efe5fd9ef42f9494b853da9e528c7d795c996d173d9c311086b4b6f19bb0,09da1b4b4367cf63fcede12e8d0de792,"Mon, 22 Mar 2021 17:17:28 GMT"
S3A_OL_2_WFR____20201128T064551_20201128T064851_20201129T152445_0179_065_291_2520_MAR_O_NT_002.SEN3,geo_coordinates.nc,59369358,d77d29564b122bcba260e6a796ccaeb40746539be24e4e0b3a4031d9e5af2613,aed4eaead58cae42ccecfbc3fa7e83e8-8,"Mon, 22 Mar 2021 17:17:28 GMT"
S3A_OL_2_WFR____20201128T064551_20201128T064851_20201129T152445_0179_065_291_2520_MAR_O_NT_002.SEN3,tie_geo_coordinates.nc,1135918,265c654567754b588d44ee431f90d32f88d34dfce79ed9ce11177f628adbcb71,6f62d2f2615701d03494b4c7c7d23398,"Mon, 22 Mar 2021 17:17:28 GMT"
S3A_OL_2_WFR____20201128T064551_20201128T064851_20201129T152445_0179_065_291_2520_MAR_O_NT_002.SEN3,wqsf.nc,3483638,deccb263b591efb6e8ea27dffa7b4171d10e8a5d1f31e817954e73138f681cc3,9dee96c5e63cb8c1203d86eb46c067e3,"Mon, 22 Mar 2021 17:17:29 GMT"
S3A_OL_2_WFR____20201203T061555_20201203T061855_20201204T134828_0179_065_362_2520_MAR_O_NT_002.SEN3,chl_oc4me.nc,7925443,326b619a50d1924efe9056a31bc61d4a06fbfdc1d0b8e85c66aa23bac09cdd65,e21acd07209baf6a8e99e62c1cefa31d,"Mon, 22 Mar 2021 17:10:33 GMT"
S3A_OL_2_WFR____20201203T061555_20201203T061855_20201204T134828_0179_065_362_2520_MAR_O_NT_002.SEN3,geo_coordinates.nc,59646862,3d660a3327594806fef615e539753cbbba4500c32b09432615fafcbde27a1b98,7d1d3971e5268d7c30947025622b1b6a-8,"Mon, 22 Mar 2021 17:10:32 GMT"
S3A_OL_2_WFR____20201203T061555_20201203T061855_20201204T134828_0179_065_362_2520_MAR_O_NT_002.SEN3,tie_geo_coordinates.nc,1139319,8b4ea0b2e31545f9d11885a270ca33924d11aa9e584da2b2a37d9aebda968647,78f15024cd0a541c453bf72662dc3453,"Mon, 22 Mar 2021 17:10:31 GMT"
S3A_OL_2_WFR____20201203T061555_20201203T061855_20201204T134828_0179_065_362_2520_MAR_O_NT_002.SEN3,wqsf.nc,6550363,772e4a5427bbdec9153fb603af29512652b7942fa8cbb6adbcaf642388d378a0,84e2a9ff18e8590b060054e6c1b20d6c,"Mon, 22 Mar 2021 17:10:32 GMT"
S3A_OL_2_WFR____20201206T063821_20201206T064121_20201207T153301_0179_066_020_2520_MAR_O_NT_002.SEN3,chl_oc4me.nc,3571434,b1243eaa8a1e3cd8f8312caa19668bb0cab9a07a81d819207e2e3c1502218f39,6be2aaf51baacbb270cb10d699319170,"Mon, 22 Mar 2021 17:04:29 GMT"
S3A_OL_2_WFR____20201206T063821_20201206T064121_20201207T153301_0179_066_020_2520_MAR_O_NT_002.SEN3,geo_coordinates.nc,59775691,127465f762b32eeb539d2f61c2708591aa688f746c7d04c7013770725bb37960,82bf2f66f5f2da1af62147994b73e3b7-8,"Mon, 22 Mar 2021 17:04:29 GMT"
S3A_OL_2_WFR____20201206T063821_20201206T064121_20201207T153301_0179_066_020_2520_MAR_O_NT_002.SEN3,tie_geo_coordinates.nc,1134205,d57040ad185aa8e26039a68ea7f02e185fa625a0b97f9e4417c31e5645cb30eb,89d8461fd9f86788dbdb25c94fa68821,"Mon, 22 Mar 2021 17:04:29 GMT"
S3A_OL_2_WFR____20201206T063821_20201206T064121_20201207T153301_0179_066_020_2520_MAR_O_NT_002.SEN3,wqsf.nc,4786677,470e38b16979ec5c2cadd7815a85af4393a4ec9c7578436adf0917e713d97d21,c4c1a629b14bfcc0131e6f295e96926c,"Mon, 22 Mar 2021 17:04:29 GMT"
S3A_OL_2_WFR____20201207T061210_20201207T061510_20201208T150736_0179_066_034_2520_MAR_O_NT_002.SEN3,chl_oc4me.nc,8531715,befee03cd314d047fecdc1eb67a787621c53a8b7204c550abe291c8db41e5783,c30ca20390f5564733f3a08dda6d11de-2,"Mon, 22 Mar 2021 17:03:01 GMT"
S3A_OL_2_WFR____20201207T061210_20201207T061510_20201208T150736_0179_066_034_2520_MAR_O_NT_002.SEN3,geo_coordinates.nc,59365906,4de098fc2cb17bbf8a18f20003e86aabb994b491657a8ce28e18f38f77b76d44,466f7446a15a517088b4b65a8895cf5b-8,"Mon, 22 Mar 2021 17:03:02 GMT"
S3A_OL_2_WFR____20201207T061210_20201207T061510_20201208T150736_0179_066_034_2520_MAR_O_NT_002.SEN3,tie_geo_coordinates.nc,1132123,eb1f43ec7061f1b53262b6891d20201c365a42726f16c10c2dfc797a574abf54,36a18a333945d08aa17a50079161231a,"Mon, 22 Mar 2021 17:03:01 GMT"
S3A_OL_2_WFR____20201207T061210_20201207T061510_20201208T150736_0179_066_034_2520_MAR_O_NT_002.SEN3,wqsf.nc,10389952,2512d8e20b01a92c32dd491a46dc4288cbbc68cad9e6187506b1200d8d6a450c,1c92db92027d1b487906987f0e89f84d-2,"Mon, 22 Mar 2021 17:03:01 GMT"
S3A_OL_2_WFR____20201210T063436_20201210T063736_20201211T140110_0179_066_077_2520_MAR_O_NT_002.SEN3,chl_oc4me.nc,4800253,7c68d334a3857005dca0cc85d4dc742beba4760576d3b43f5f8662d2fbd8a435,aa80f6e2de3c7ce94f1e0f77e6912bd9,"Thu, 25 Mar 2021 09:09:59 GMT"
S3A_OL_2_WFR____20201210T063436_20201210T063736_20201211T140110_0179_066_077_2520_MAR_O_NT_002.SEN3,geo_coordinates.nc,59916991,4bca800dd55f1c61c1cf973d29359118e87517c6c377d5a025a889bc28e9c1ff,1ea76dfc1d8d1f4bc03d6bba7140fe1c-8,"Thu, 25 Mar 2021 09:09:59 GMT"
S3A_OL_2_WFR____20201210T063436_20201210T063736_20201211T140110_0179_066_077_2520_MAR_O_NT_002.SEN3,tie_geo_coordinates.nc,1141457,0a1f99bd3e042e1bf181f9f87bf4263315d46a0de61f79d5b0d42c3e7406531a,6e0d96d4d6fe6095b90b0dd21c35c0ca,"Thu, 25 Mar 2021 09:09:59 GMT"
S3A_OL_2_WFR____20201210T063436_20201210T063736_20201211T140110_0179_066_077_2520_MAR_O_NT_002.SEN3,wqsf.nc,5306691,1c20cd73369dc9cb895bc472703d8ddad23fc9b9a877ce3e836b3f1fb442bb71,aa2bbdf9e4b2ff5dc6a9d07278cff1ac,"Thu, 25 Mar 2021 09:09:59 GMT"
S3A_OL_2_WFR____20201211T060825_20201211T061125_20201212T142914_0179_066_091_2520_MAR_O_NT_002.SEN3,chl_oc4me.nc,8773696,58983f12e187401211ead1266810e516d136446f37f3fb0bd7d5f9953257f2d4,37d54bdec1f16716b715ad747e781e91-2,"Mon, 22 Mar 2021 16:56:47 GMT"
S3A_OL_2_WFR____20201211T060825_20201211T061125_20201212T142914_0179_066_091_2520_MAR_O_NT_002.SEN3,geo_coordinates.nc,59158749,f78112ca8073623a587a006c0b962dcdb64d3ac5f96e57da5cac5889ff9d9ad2,52c7e69cc2896ba5710edbb657caa108-8,"Mon, 22 Mar 2021 16:56:47 GMT"
S3A_OL_2_WFR____20201211T060825_20201211T061125_20201212T142914_0179_066_091_2520_MAR_O_NT_002.SEN3,tie_geo_coordinates.nc,1131619,589e4dd336391558119ba2097a1189b8de0bfd78fe30565ec56f7e7f50a7f57e,53c3e1cc3c51b45f0459c4bff5d14284,"Mon, 22 Mar 2021 16:56:47 GMT"
S3A_OL_2_WFR____20201211T060825_20201211T061125_20201212T142914_0179_066_091_2520_MAR_O_NT_002.SEN3,wqsf.nc,7988687,33e9002ba54b318ef33f7d41bf74fc07147e0878bbd75fca57e61e4ed9315c01,cf26ccaf0711ef39b3b7b2e3645946fe,"Mon, 22 Mar 2021 16:56:47 GMT"
S3A_OL_2_WFR____20201213T065703_20201213T070003_20201214T133217_0180_066_120_2520_MAR_O_NT_002.SEN3,tie_geo_coordinates.nc,1135845,1a83f0c99c774a58b59d5b7e197cfbf5e550dba0e0e1f7ca8595b217869c29c8,1f101ffb04bb1974d51860610dd55786,"Thu, 25 Mar 2021 09:08:23 GMT"
S3A_OL_2_WFR____20201215T060441_20201215T060741_20201216T124534_0179_066_148_2520_MAR_O_NT_002.SEN3,chl_oc4me.nc,9133146,b1cca714b4fb417f9e818ee5f918988d1709e98a16bc119361b742842e98bdd4,2da91249425b90c5be9bdb9906637c58-2,"Thu, 25 Mar 2021 09:07:41 GMT"
S3A_OL_2_WFR____20201215T060441_20201215T060741_20201216T124534_0179_066_148_2520_MAR_O_NT_002.SEN3,geo_coordinates.nc,59004229,4f585b5689d54f8f5001b9599df34947bb3d86362efa3ff460537e3588d1f430,128a12f670de5e0b7a36804e3dc20570-8,"Thu, 25 Mar 2021 09:07:41 GMT"
S3A_OL_2_WFR____20201215T060441_20201215T060741_20201216T124534_0179_066_148_2520_MAR_O_NT_002.SEN3,tie_geo_coordinates.nc,1133618,444c1dce546fe3c66c819ee5a2477fd6ca1f1e2fb70db0eb4fd38462b9d6e584,464f847c4e96bf807f946d304cc87593,"Thu, 25 Mar 2021 09:07:41 GMT"
S3A_OL_2_WFR____20201215T060441_20201215T060741_20201216T124534_0179_066_148_2520_MAR_O_NT_002.SEN3,wqsf.nc,8810356,1adbc618b8ca1176318b76871943002c9c74a63aeabf2882dad047e3ce5fdfeb,bfe2d72468e25d42d23674c105135be8-2,"Thu, 25 Mar 2021 09:07:41 GMT"
S3A_OL_2_WFR____20201217T065318_20201217T065618_20201218T135421_0179_066_177_2520_MAR_O_NT_002.SEN3,chl_oc4me.nc,2887809,909188d2bc5123affc41568aa59c41834b2b4e4a63764a4ce58146e213ecf375,821121d8d64b0830909e12dcf1cdb062,"Mon, 22 Mar 2021 16:44:49 GMT"
S3A_OL_2_WFR____20201217T065318_20201217T065618_20201218T135421_0179_066_177_2520_MAR_O_NT_002.SEN3,geo_coordinates.nc,59135508,a392d298b983fd62ac9ad0472273d6fc7a3c47fb57c5ab5072481595008e044f,d6fae4e6553a0b0de3a7a5d32c8e3989-8,"Mon, 22 Mar 2021 16:44:49 GMT"
S3A_OL_2_WFR____20201217T065318_20201217T065618_20201218T135421_0179_066_177_2520_MAR_O_NT_002.SEN3,tie_geo_coordinates.nc,1136215,8abf6c3102556435bef4f5025463032101d5d242fe4b7eda05ddfa3ad05e165f,3001e8bcbd565dda79e28dc18edce63b,"Mon, 22 Mar 2021 16:44:49 GMT"
S3A_OL_2_WFR____20201217T065318_20201217T065618_20201218T135421_0179_066_177_2520_MAR_O_NT_002.SEN3,wqsf.nc,4567117,e8bbc94aaa6dee7bc2c7697a8b25165c1f41e940035834083767f1d5108fa079,90a85b4b74ad6abaf6da1683445e514e,"Mon, 22 Mar 2021 16:44:49 GMT"
S3A_OL_2_WFR____20201218T062708_20201218T063008_20201219T151554_0179_066_191_2520_MAR_O_NT_002.SEN3,chl_oc4me.nc,4824699,8af7df03c4473055ca2f42791335329fa263749db60a1526782546ef0ba0532e,5305be56c6305236e1c034e34156e9a2,"Tue, 06 Apr 2021 14:59:36 GMT"
S3A_OL_2_WFR____20201218T062708_20201218T063008_20201219T151554_0179_066_191_2520_MAR_O_NT_002.SEN3,geo_coordinates.nc,60029054,2a276c9f035e0700a3bb5d506caa9ac4af79e31481174ff56cd8037a192b69d8,dd1432c9c696e8930adb64365f5e4fdc-8,"Tue, 06 Apr 2021 14:59:36 GMT"
S3A_OL_2_WFR____20201218T062708_20201218T063008_20201219T151554_0179_066_191_2520_MAR_O_NT_002.SEN3,tie_geo_coordinates.nc,1134797,8aaf646920304c4cc2c305395099936cf7745daaf89a399fad5e1e1f272c0a49,19940497b19ab14840a240aea3775c81,"Tue, 06 Apr 2021 14:59:35 GMT"
S3A_OL_2_WFR____20201218T062708_20201218T063008_20201219T151554_0179_066_191_2520_MAR_O_NT_002.SEN3,wqsf.nc,5369584,a913d57c1d99f971d04ef36e95f0fcfbcbbf16388754f512921a1f72be89270d,1b92dbb766ff076cb8067c291edb6397,"Tue, 06 Apr 2021 14:59:35 GMT"
S3A_OL_2_WFR____20201219T060057_20201219T060357_20201220T144547_0179_066_205_2520_MAR_O_NT_002.SEN3,chl_oc4me.nc,8952213,eedce0e043c1b4dfa5ababc2ee813a734206e801666c5415d4294c46678e06e6,7205d3fef159f318934e7fb7996f36b6-2,"Thu, 25 Mar 2021 09:04:43 GMT"
S3A_OL_2_WFR____20201219T060057_20201219T060357_20201220T144547_0179_066_205_2520_MAR_O_NT_002.SEN3,geo_coordinates.nc,58803935,18f67e7d273e17bb8119a1e26cecc9a8caa8cea07f6dd4b3b32f6f9979719fab,6a605bca4d5b4f30a46faa6991b8e579-8,"Thu, 25 Mar 2021 09:04:43 GMT"
S3A_OL_2_WFR____20201219T060057_20201219T060357_20201220T144547_0179_066_205_2520_MAR_O_NT_002.SEN3,tie_geo_coordinates.nc,1134572,04f50f71f4bf4e7e61c4e6d77e609e09468da29e817536e87dcc759e08fef3e5,ece03df7f5792c9aaddc475df298040c,"Thu, 25 Mar 2021 09:04:43 GMT"
S3A_OL_2_WFR____20201219T060057_20201219T060357_20201220T144547_0179_066_205_2520_MAR_O_NT_002.SEN3,wqsf.nc,11300328,55f6f6b7f26e5b3f6d524efb9cdea97785bbf301d6270256a00718cab5a4a624,4579fabe3f789f220e4e72dac7b03ad1-2,"Thu, 25 Mar 2021 09:04:43 GMT"
S3A_OL_2_WFR____20201221T064935_20201221T065235_20201222T132545_0179_066_234_2520_MAR_O_NT_002.SEN3,chl_oc4me.nc,3832924,1bd8e632e96226f62ccdef8c1c522ce914bfc2ae66bff2b474222fd22bb0cc31,8f735f9b71eca2af5acffebd3d8b4934,"Mon, 22 Mar 2021 16:37:48 GMT"
S3A_OL_2_WFR____20201221T064935_20201221T065235_20201222T132545_0179_066_234_2520_MAR_O_NT_002.SEN3,geo_coordinates.nc,59203356,7ad234d2e0747fc4d77a0ad9b01ceecc264fce1a0a135c487cc7a90f7cdb7626,2861299defe610ad043d9e38719d6d2a-8,"Mon, 22 Mar 2021 16:37:47 GMT"
S3A_OL_2_WFR____20201221T064935_20201221T065235_20201222T132545_0179_066_234_2520_MAR_O_NT_002.SEN3,tie_geo_coordinates.nc,1137115,9a334b25e31e43b0f1c8585be38f69a85116ea7869f23d2cb1fce4c15c6a966d,be3f2a697a8126a943f78cc468a2cab2,"Mon, 22 Mar 2021 16:37:47 GMT"
S3A_OL_2_WFR____20201221T064935_20201221T065235_20201222T132545_0179_066_234_2520_MAR_O_NT_002.SEN3,wqsf.nc,4363225,ae490f50a4ea9a692d6693223bc805ad54a25dd49dce7bacd2ddfd7e1d282de9,c326d7a1e8dddc64afa575b300fa7854,"Mon, 22 Mar 2021 16:37:48 GMT"
S3A_OL_2_WFR____20201223T055714_20201223T060014_20201224T141859_0179_066_262_2520_MAR_O_NT_002.SEN3,chl_oc4me.nc,10349155,942ad6c93754ba20e3d6a5a68aedfbb19e9d4dace0847fc0617f92e4bdfea802,36c7f8d3b523fe59b3ab07cc27a36663-2,"Mon, 22 Mar 2021 16:35:11 GMT"
S3A_OL_2_WFR____20201223T055714_20201223T060014_20201224T141859_0179_066_262_2520_MAR_O_NT_002.SEN3,geo_coordinates.nc,58552564,15845284764f77ac4f104f1fbc1d4570a64fb17ec63f7e275d6ce34cf4db7c28,30650f16c319fde8280d81adcaccc0ce-7,"Mon, 22 Mar 2021 16:35:11 GMT"
S3A_OL_2_WFR____20201223T055714_20201223T060014_20201224T141859_0179_066_262_2520_MAR_O_NT_002.SEN3,tie_geo_coordinates.nc,1138828,42361eea0db387045a3ba871065860371e590ee25643aaf51a630fe3e178f40c,aa5c400ab820b490c1be0f4363017912,"Mon, 22 Mar 2021 16:35:12 GMT"
S3A_OL_2_WFR____20201223T055714_20201223T060014_20201224T141859_0179_066_262_2520_MAR_O_NT_002.SEN3,wqsf.nc,8494543,2785652049bc5be0ad97cd09bbe7ad72f502a0e2cec9364514fa379acd4127f8,61b124348e4c9bc38d8f47d52ab45185-2,"Mon, 22 Mar 2021 16:35:11 GMT"
S3A_OL_2_WFR____20201225T064552_20201225T064852_20201226T153534_0179_066_291_2520_MAR_O_NT_002.SEN3,chl_oc4me.nc,3926605,bf8240faf2d472abe463af3ccfe0f662ce0679a59bb0eddfa2130ba0133545dd,9896db61b6cad68f79104d74cc884313,"Thu, 25 Mar 2021 08:58:52 GMT"
S3A_OL_2_WFR____20201225T064552_20201225T064852_20201226T153534_0179_066_291_2520_MAR_O_NT_002.SEN3,geo_coordinates.nc,59399513,195c8e01e9943df36f4035da869f98df4ceeaaaccdb902d48d0828222386d8a3,31ef86008f965996beb43742c4280604-8,"Thu, 25 Mar 2021 08:58:52 GMT"
S3A_OL_2_WFR____20201225T064552_20201225T064852_20201226T153534_0179_066_291_2520_MAR_O_NT_002.SEN3,tie_geo_coordinates.nc,1134766,34d8b0f018f70ad27adc3362424af2cf82273f5311fe1a64e5e0ecbc229ef6fa,e8e989095187e3a204578d37be1ddd00,"Thu, 25 Mar 2021 08:58:52 GMT"
S3A_OL_2_WFR____20201225T064552_20201225T064852_20201226T153534_0179_066_291_2520_MAR_O_NT_002.SEN3,wqsf.nc,5408457,9f11dd60ddf7a1ebbd9f49bc2ef0d0987bc9d6a204ddf625f3e9cea84bb5ea7e,9a93ab29539fe6270740976581e1430e,"Thu, 25 Mar 2021 08:58:52 GMT"
S3A_OL_2_WFR____20201226T061941_20201226T062241_20201227T150037_0179_066_305_2520_MAR_O_NT_002.SEN3,chl_oc4me.nc,6047738,8b35164b87059cc19f819a0bad9109aff7fd723dc17827d229c82673c0ec1553,d7d86d690811340dcb159ead4c7af0fe,"Mon, 22 Mar 2021 16:29:25 GMT"
S3A_OL_2_WFR____20201226T061941_20201226T062241_20201227T150037_0179_066_305_2520_MAR_O_NT_002.SEN3,geo_coordinates.nc,59856608,488922ac52266a317fa97189277ffd03d702c98112f12200d427d63d0a2a7682,f140055e00a6f4a6f839b7d4e04df480-8,"Mon, 22 Mar 2021 16:29:24 GMT"
S3A_OL_2_WFR____20201226T061941_20201226T062241_20201227T150037_0179_066_305_2520_MAR_O_NT_002.SEN3,tie_geo_coordinates.nc,1136580,f853bc623dfa85b30213d7a56d436033e829041a2c6713f8c20fe6de7f13dec6,1a41fc15b7f17a095ef81012a72060bd,"Mon, 22 Mar 2021 16:29:25 GMT"
S3A_OL_2_WFR____20201226T061941_20201226T062241_20201227T150037_0179_066_305_2520_MAR_O_NT_002.SEN3,wqsf.nc,7163771,05379680c4d6df79fc13bae3522236be105a3c358ff33407101c3ea39ad64d63,077dec84940865c8933fb57e4b65b5c9,"Mon, 22 Mar 2021 16:29:25 GMT"
S3A_OL_2_WFR____20201229T064208_20201229T064508_20201230T140327_0179_066_348_2520_MAR_O_NT_002.SEN3,chl_oc4me.nc,4147863,ca1f31c0cc03bdfd99ef98b3ccec648661625a141c7aca61a7c35cec83233330,b7a931a0b03959245a7c6415029f3286,"Mon, 22 Mar 2021 16:24:46 GMT"
S3A_OL_2_WFR____20201229T064208_20201229T064508_20201230T140327_0179_066_348_2520_MAR_O_NT_002.SEN3,geo_coordinates.nc,59541880,7c36d77549dc7779c535a6a9efc69a9edca198ab2982049a4b6237331cb6c19e,f7fa92676dcd1aa27e5a18acd031a7d7-8,"Mon, 22 Mar 2021 16:24:46 GMT"
S3A_OL_2_WFR____20201229T064208_20201229T064508_20201230T140327_0179_066_348_2520_MAR_O_NT_002.SEN3,tie_geo_coordinates.nc,1136175,5268aac9813fcfbdfd5a28a8f23671701c1a67d09417c1ce25fd0f4fd24fec6b,fe03d690af885cbb38d34913f466c312,"Mon, 22 Mar 2021 16:24:46 GMT"
S3A_OL_2_WFR____20201229T064208_20201229T064508_20201230T140327_0179_066_348_2520_MAR_O_NT_002.SEN3,wqsf.nc,4696381,eeb4319d3d6e81d277a00d3b7450de9d08fe46a2dccf0559673d187ae998af9c,300ce8c24d581f00664b8cbff8950081,"Mon, 22 Mar 2021 16:24:46 GMT"
S3A_OL_2_WFR____20201230T061558_20201230T061858_20201231T142408_0179_066_362_2520_MAR_O_NT_002.SEN3,chl_oc4me.nc,6924038,2266f2a59d4db93a21c28324cb5e6f81b96ac90e6957131a3216dd6145947a28,0af2d4ac372619cc87d8caec041072b9,"Mon, 22 Mar 2021 16:17:56 GMT"
S3A_OL_2_WFR____20201230T061558_20201230T061858_20201231T142408_0179_066_362_2520_MAR_O_NT_002.SEN3,geo_coordinates.nc,59670243,127cc47d94e21f4ca879064eb524c795ef669011f2cb300201b96f30df7f9d16,30bf643680977565572527235a1954e2-8,"Mon, 22 Mar 2021 16:17:56 GMT"
S3A_OL_2_WFR____20201230T061558_20201230T061858_20201231T142408_0179_066_362_2520_MAR_O_NT_002.SEN3,tie_geo_coordinates.nc,1139545,dfcf7608fb2a578b735a2a643db9ddb2fc32a7ca32d24f9eadf2065747c9cadb,0616cb9113933a910c64271ecb3bd8d1,"Mon, 22 Mar 2021 16:17:56 GMT"
S3A_OL_2_WFR____20201230T061558_20201230T061858_20201231T142408_0179_066_362_2520_MAR_O_NT_002.SEN3,wqsf.nc,8081129,79e0b287251875f5463282326df11f94d47988ea98913011e6cda4c1e6adc32e,7820588a1ad3c1d4529c58e9984ce03e,"Mon, 22 Mar 2021 16:17:56 GMT"
S3B_OL_2_WFR____20200101T061348_20200101T061648_20200108T013048_0180_034_034_2520_MAR_O_NT_002.SEN3,chl_oc4me.nc,5481249,511fcd6a82c888beee02ef704bd9f4a8d3b3389591cb3b2c3c26de62a20b78cb,0283bbb452dd7891ec6e284460256ea7,"Thu, 25 Mar 2021 11:41:11 GMT"
S3B_OL_2_WFR____20200101T061348_20200101T061648_20200108T013048_0180_034_034_2520_MAR_O_NT_002.SEN3,geo_coordinates.nc,60187831,2adefb55ecf3565f8c3cdbdc0016a141decff2d22103b8ef509a4f7771ce9c3e,1b34d9a2b413b97dd5a57ad89c65934c-8,"Thu, 25 Mar 2021 11:41:11 GMT"
S3B_OL_2_WFR____20200101T061348_20200101T061648_20200108T013048_0180_034_034_2520_MAR_O_NT_002.SEN3,tie_geo_coordinates.nc,1133246,606baad881dd1b084ba9a8aeeb001ab38b17ffc477318183f21cae740f638878,2d1d43ad2f28ff76af56fb09ca00c484,"Thu, 25 Mar 2021 11:41:11 GMT"
S3B_OL_2_WFR____20200101T061348_20200101T061648_20200108T013048_0180_034_034_2520_MAR_O_NT_002.SEN3,wqsf.nc,6808982,98e4f621ba0e61349aedb6f6eee5ab3f5d38dde6b9ff9c310e16cf4cd8311a4f,7ae4b2553c0de8f414ea380e20343a4f,"Thu, 25 Mar 2021 11:41:11 GMT"
S3B_OL_2_WFR____20200104T063614_20200104T063914_20200110T100806_0179_034_077_2520_MAR_O_NT_002.SEN3,chl_oc4me.nc,3298850,33a1189b0a686d94a09fbb59ca4ee8eed67c536f0e2888229e61bc7b3a89bcba,5bfd544f9269ef95227ccf79a6a7848b,"Mon, 22 Mar 2021 23:19:15 GMT"
S3B_OL_2_WFR____20200104T063614_20200104T063914_20200110T100806_0179_034_077_2520_MAR_O_NT_002.SEN3,geo_coordinates.nc,60310247,7adee02fdcbe3290d2a0390eb772a0898d32fc3ace5200eba1d49fa3d88a88bc,81d6a1648643bca66054de1c9dd2c482-8,"Mon, 22 Mar 2021 23:19:15 GMT"
S3B_OL_2_WFR____20200104T063614_20200104T063914_20200110T100806_0179_034_077_2520_MAR_O_NT_002.SEN3,tie_geo_coordinates.nc,1133516,3705b54f0d2ebfc96f1b5b5859cd1efe85a0e1fee29daed3c05398167adf6552,e69f786c36d2a78c867604a9d632fa0f,"Mon, 22 Mar 2021 23:19:15 GMT"
S3B_OL_2_WFR____20200104T063614_20200104T063914_20200110T100806_0179_034_077_2520_MAR_O_NT_002.SEN3,wqsf.nc,3750331,a65dae797210b899ee4fc815680a9863f390080984019fa98fd8b4d483fb8e5b,81789d172cec818284760d16e235fac0,"Mon, 22 Mar 2021 23:19:16 GMT"
S3B_OL_2_WFR____20200107T065840_20200107T070140_20200112T173618_0179_034_120_2520_MAR_O_NT_002.SEN3,tie_geo_coordinates.nc,1138855,e62622353f7a5615f806a00d791d009ece254408f209955a2b18dcf6e7c2b531,76856d677805ef48123dc06dd823279c,"Mon, 22 Mar 2021 23:17:29 GMT"
S3B_OL_2_WFR____20200108T063229_20200108T063529_20200113T140845_0179_034_134_2520_MAR_O_NT_002.SEN3,chl_oc4me.nc,5031473,a72608146228b4ea471956ae1e6a24c1e2f29cd91cfed20abcb64935a100521a,801ea992c647a9bba90021d601ac325f,"Tue, 06 Apr 2021 15:26:10 GMT"
S3B_OL_2_WFR____20200108T063229_20200108T063529_20200113T140845_0179_034_134_2520_MAR_O_NT_002.SEN3,geo_coordinates.nc,60498555,689665abd41932cb0143f7775d33eef31ca53e9542b906fed388ce77d6bcc0dc,e97d7d8c9927dd9f3cf7e9142df844ef-8,"Tue, 06 Apr 2021 15:26:10 GMT"
S3B_OL_2_WFR____20200108T063229_20200108T063529_20200113T140845_0179_034_134_2520_MAR_O_NT_002.SEN3,tie_geo_coordinates.nc,1136690,538f384294334f1178debb0566e66cae5ba1c287ffd5d62b772dc64d1967184f,f4f5f593dad7ccee7df3167a9e6914ff,"Tue, 06 Apr 2021 15:26:09 GMT"
S3B_OL_2_WFR____20200108T063229_20200108T063529_20200113T140845_0179_034_134_2520_MAR_O_NT_002.SEN3,wqsf.nc,4667590,112dec1acd9c8a58ee86333fc4be0f1de45dd37e534008a45bd38f0263f81060,f53eae2b256d3c41a9d5620a2a1987c7,"Tue, 06 Apr 2021 15:26:10 GMT"
S3B_OL_2_WFR____20200109T060618_20200109T060918_20200114T161959_0179_034_148_2520_MAR_O_NT_002.SEN3,chl_oc4me.nc,8391040,b6f6df40c999b0fb7057b4c796f78fa0f68033920f87d7bd135dc22c11d20797,89bd9c2382f84802cbea24708f596e70-2,"Mon, 22 Mar 2021 23:16:44 GMT"
S3B_OL_2_WFR____20200109T060618_20200109T060918_20200114T161959_0179_034_148_2520_MAR_O_NT_002.SEN3,geo_coordinates.nc,59787695,140e7dbd8d901486573c5fecb352ad1b944fa82506393c2f5fa42cfa7931cd9a,acf79ac14a78b0b8f88f8833c9a93af6-8,"Mon, 22 Mar 2021 23:16:44 GMT"
S3B_OL_2_WFR____20200109T060618_20200109T060918_20200114T161959_0179_034_148_2520_MAR_O_NT_002.SEN3,tie_geo_coordinates.nc,1134419,eb11fabce298453b841650f1de94fe00345f3d6f97ebb4e91689dcd406dda063,76024723a2846d4a55a3ab6bc5250c76,"Mon, 22 Mar 2021 23:16:44 GMT"
S3B_OL_2_WFR____20200109T060618_20200109T060918_20200114T161959_0179_034_148_2520_MAR_O_NT_002.SEN3,wqsf.nc,8627995,c3f91bbb3997a95848e073ef4f74b7d1261034c88d58b44e4d6bc188ba51f6a0,5a005895b40512c497233b3b1690f499-2,"Mon, 22 Mar 2021 23:16:44 GMT"
S3B_OL_2_WFR____20200112T062845_20200112T063145_20200116T194616_0179_034_191_2520_MAR_O_NT_002.SEN3,chl_oc4me.nc,4466071,9324b823b9699b9d3fe6db057ccc4f6da8d27d2ce0d2f12f538f997942420e28,6eb7ad989c9a50dcd2b7868686831ba7,"Mon, 22 Mar 2021 23:14:59 GMT"
S3B_OL_2_WFR____20200112T062845_20200112T063145_20200116T194616_0179_034_191_2520_MAR_O_NT_002.SEN3,geo_coordinates.nc,60493866,7722f87cdcd670e7638fa3cd6c908722664e40206e046b1c48c877af6574a528,d8248a8f2c2fb2b223e2bd54176734c7-8,"Mon, 22 Mar 2021 23:14:59 GMT"
S3B_OL_2_WFR____20200112T062845_20200112T063145_20200116T194616_0179_034_191_2520_MAR_O_NT_002.SEN3,tie_geo_coordinates.nc,1141524,f015c500ddcc78f162ff5cb4e667ff2535ed91fd8df7b86393e73b855d430961,c0541b86a214c66cccf68458b7b18e6d,"Mon, 22 Mar 2021 23:14:59 GMT"
S3B_OL_2_WFR____20200112T062845_20200112T063145_20200116T194616_0179_034_191_2520_MAR_O_NT_002.SEN3,wqsf.nc,5901788,bd7932f06f2f41d6f4b8d7ea96d94bd2d38701c96994b4bcb27ef602dd7b7dcf,f9eb75524fb414fbf0e7398d207a669a,"Mon, 22 Mar 2021 23:14:59 GMT"
S3B_OL_2_WFR____20200113T060234_20200113T060534_20200117T113259_0180_034_205_2520_MAR_O_NT_002.SEN3,chl_oc4me.nc,8566903,6a24c0f8b4b469cd4a632af79b07f12a9ea6e178fab567ecc34aabbce766ef49,89ff30ccc8fb2114b0e26dd3cb16c9af-2,"Thu, 25 Mar 2021 11:37:34 GMT"
S3B_OL_2_WFR____20200113T060234_20200113T060534_20200117T113259_0180_034_205_2520_MAR_O_NT_002.SEN3,geo_coordinates.nc,59656388,ebb362c15b3d2edac641edf8becc2c1c66c65cc1166ce3616c0f66b87dfab183,306cf1e0e9027555e1606802eb7cb3a3-8,"Thu, 25 Mar 2021 11:37:34 GMT"
S3B_OL_2_WFR____20200113T060234_20200113T060534_20200117T113259_0180_034_205_2520_MAR_O_NT_002.SEN3,tie_geo_coordinates.nc,1135496,38e99297417e4621bddd927c5055cdd3a9789e2d343cc3e1949662914d3a7c2e,93b2b3f491eca0a71c534b7be3eb541b,"Thu, 25 Mar 2021 11:37:33 GMT"
S3B_OL_2_WFR____20200113T060234_20200113T060534_20200117T113259_0180_034_205_2520_MAR_O_NT_002.SEN3,wqsf.nc,9050711,a9c99fd78e7ab328887971b4d9305422bd37e20db8036d460c52c249c0dbf5c1,17bc6c336dc2f025ad2707b60b1ec6e6-2,"Thu, 25 Mar 2021 11:37:34 GMT"
S3B_OL_2_WFR____20200115T065111_20200115T065411_20200118T195721_0179_034_234_2520_MAR_O_NT_002.SEN3,chl_oc4me.nc,3504370,69a12ad147f9b57825ff2d97e52552b62c7192e19a9fc4d74318507a331e276a,504f462d3d441727f63e88b8747da739,"Mon, 22 Mar 2021 23:13:13 GMT"
S3B_OL_2_WFR____20200115T065111_20200115T065411_20200118T195721_0179_034_234_2520_MAR_O_NT_002.SEN3,geo_coordinates.nc,59659062,7ec454be51a977171fd4c382cfe2e6716d8cfa6687555a4dfcd593adb1d0117b,552bfca0c90a476a3a853875074025dd-8,"Mon, 22 Mar 2021 23:13:13 GMT"
S3B_OL_2_WFR____20200115T065111_20200115T065411_20200118T195721_0179_034_234_2520_MAR_O_NT_002.SEN3,tie_geo_coordinates.nc,1131206,fcb8b049311d054123d8d7934daaeb682ec21950fe602ca178de06b1ed4d6365,1af300a24a07470823f4f62ae9c835ef,"Mon, 22 Mar 2021 23:13:13 GMT"
S3B_OL_2_WFR____20200115T065111_20200115T065411_20200118T195721_0179_034_234_2520_MAR_O_NT_002.SEN3,wqsf.nc,3472183,7e56ec1c5e18642d4cf808fbdfa397d3601eb0d7886e9269305c4b08b911f508,3d6bcbfdd544d2b51f74d980548cef70,"Mon, 22 Mar 2021 23:13:13 GMT"
S3B_OL_2_WFR____20200116T062500_20200116T062800_20200119T121815_0179_034_248_2520_MAR_O_NT_002.SEN3,chl_oc4me.nc,6042827,4015005946146dd76c50387652f6a1c9d0b3b1c3d811e512afd12933ed7d885e,66b79189e2d59d578ccc02c437a2eedf,"Thu, 25 Mar 2021 11:36:15 GMT"
S3B_OL_2_WFR____20200116T062500_20200116T062800_20200119T121815_0179_034_248_2520_MAR_O_NT_002.SEN3,geo_coordinates.nc,60532176,1b9cc875f9cf3af1dabd128b6e73465c19af9b139222a8f0955128ce310cb636,019994b23bcd7f64e0e73884bf65ddbf-8,"Thu, 25 Mar 2021 11:36:15 GMT"
S3B_OL_2_WFR____20200116T062500_20200116T062800_20200119T121815_0179_034_248_2520_MAR_O_NT_002.SEN3,tie_geo_coordinates.nc,1132640,9030dc82c8b08cbadf4ab084c2481986a1a456e5ff3ef19ce6bacb563fb9843a,0dd97886c6fe81f99fcfbf89996fa9a8,"Thu, 25 Mar 2021 11:36:15 GMT"
S3B_OL_2_WFR____20200116T062500_20200116T062800_20200119T121815_0179_034_248_2520_MAR_O_NT_002.SEN3,wqsf.nc,5369351,a2ae15c85dcd5063e74f8bafe195dd08005988572c1994a1e4226a11f475dc5f,5ca2ffde64bb143646d5207a7cddaa1c,"Thu, 25 Mar 2021 11:36:15 GMT"
S3B_OL_2_WFR____20200119T064726_20200119T065026_20200121T232731_0179_034_291_2520_MAR_O_NT_002.SEN3,chl_oc4me.nc,2690979,5c3a58eac1722e767718f5e5c4500e9c448f4f48e29190de915ea38c19c65084,776f203e1000daf2d86a4d99e2cbdc9c,"Mon, 22 Mar 2021 23:10:26 GMT"
S3B_OL_2_WFR____20200119T064726_20200119T065026_20200121T232731_0179_034_291_2520_MAR_O_NT_002.SEN3,geo_coordinates.nc,59836920,f3e1ffb16ad86706772b9c237d38846b77eb34da45c60171afb9b82d48241cbd,fb5a8e0b9a63048f3f975f35a7a6a56c-8,"Mon, 22 Mar 2021 23:10:26 GMT"
S3B_OL_2_WFR____20200119T064726_20200119T065026_20200121T232731_0179_034_291_2520_MAR_O_NT_002.SEN3,tie_geo_coordinates.nc,1139964,ecab344658373b6c927983ebc05f6b1a7d553ad05f27c322164a43e155f59c1c,e07ce1c2342f705714b24f477943c271,"Mon, 22 Mar 2021 23:10:26 GMT"
S3B_OL_2_WFR____20200119T064726_20200119T065026_20200121T232731_0179_034_291_2520_MAR_O_NT_002.SEN3,wqsf.nc,3998882,6032f6adf93bdbb0363d4b6bb7cbc1ee70a671beec3c1c138b53d1a5cf87a6d1,f81cef681113f6b95236da119361af43,"Mon, 22 Mar 2021 23:10:26 GMT"
S3B_OL_2_WFR____20200120T062115_20200120T062415_20200123T001227_0179_034_305_2520_MAR_O_NT_002.SEN3,chl_oc4me.nc,6023755,46c76dcc92dd0473f56ab66315987c99742dafb698b5b691e0806f9ea4ca5dd1,dd7e34c359b49d0f6909367c93d284d6,"Tue, 06 Apr 2021 15:24:50 GMT"
S3B_OL_2_WFR____20200120T062115_20200120T062415_20200123T001227_0179_034_305_2520_MAR_O_NT_002.SEN3,geo_coordinates.nc,60504922,d1716a746e426220ddb180cb3a0a3d9d1c4019e5a83b4624927781c0c2ea63a6,6e0256b694c022d8e1fbc2cd3980bcbd-8,"Tue, 06 Apr 2021 15:24:50 GMT"
S3B_OL_2_WFR____20200120T062115_20200120T062415_20200123T001227_0179_034_305_2520_MAR_O_NT_002.SEN3,tie_geo_coordinates.nc,1136820,dda42673840825ed24756bab3239232df70eb93080cd53b775c34ecbc7608e9e,163e2e84de7a77532ddb504f6d64d055,"Tue, 06 Apr 2021 15:24:50 GMT"
S3B_OL_2_WFR____20200120T062115_20200120T062415_20200123T001227_0179_034_305_2520_MAR_O_NT_002.SEN3,wqsf.nc,6181140,0d0c54a3e49879f540ddef87128f1440db9f26e7d17a6a0e882e310cf3268491,773460006b8dbbd388a2a751dfcf2415,"Tue, 06 Apr 2021 15:24:50 GMT"
S3B_OL_2_WFR____20200123T064341_20200123T064641_20200124T152912_0179_034_348_2520_MAR_O_NT_002.SEN3,chl_oc4me.nc,2473417,bd28a3644a6cee1226dbf57c20090eda6e2d0e0f00cd11cda3045ecd9c43045a,478215316db54becec5fea830008e8fb,"Tue, 30 Mar 2021 08:22:57 GMT"
S3B_OL_2_WFR____20200123T064341_20200123T064641_20200124T152912_0179_034_348_2520_MAR_O_NT_002.SEN3,geo_coordinates.nc,59959799,8cd101d2eaf391549bfcbb2465b4e92f3ef3514aa06f42dcf12ae15c6ca64e62,2eb2dcae4b8503d04ec96bd9f807e3b6-8,"Tue, 30 Mar 2021 08:22:57 GMT"
S3B_OL_2_WFR____20200123T064341_20200123T064641_20200124T152912_0179_034_348_2520_MAR_O_NT_002.SEN3,tie_geo_coordinates.nc,1135098,34d4cee9450bf20d40e79bc1c732728f5cbf2bf5c62fd996b046c2a09c984162,405bc4de2042bfad4866c1ab4167b128,"Tue, 30 Mar 2021 08:22:57 GMT"
S3B_OL_2_WFR____20200123T064341_20200123T064641_20200124T152912_0179_034_348_2520_MAR_O_NT_002.SEN3,wqsf.nc,4131853,14a8b0dfa01ecd406102886898573c532abc07d498f3ea8be75e1cb4cc781fbb,491f474f9a85165e3848388b9fd64398,"Tue, 30 Mar 2021 08:22:58 GMT"
S3B_OL_2_WFR____20200124T061730_20200124T062030_20200125T150553_0179_034_362_2520_MAR_O_NT_002.SEN3,chl_oc4me.nc,4446135,2e1b1730249744d8c2cfd3bd3a2339f4851bdeeabd4f57d819d90eaf12e5e72a,2766db9f648e68e098fbc959865f716b,"Mon, 22 Mar 2021 23:08:10 GMT"
S3B_OL_2_WFR____20200124T061730_20200124T062030_20200125T150553_0179_034_362_2520_MAR_O_NT_002.SEN3,geo_coordinates.nc,60349528,816c9c78c02bcd564387472eabb70c4c0ca909f49fc7817f75b84921507457ff,ea73fd95f2e4f2873a28023a3605b16d-8,"Mon, 22 Mar 2021 23:08:09 GMT"
S3B_OL_2_WFR____20200124T061730_20200124T062030_20200125T150553_0179_034_362_2520_MAR_O_NT_002.SEN3,tie_geo_coordinates.nc,1137213,a9f8d008eafc423485435a6743991565eee56898604cb9ecd59f8acc0b774340,3e14baf8a77a05f9f67df5d5c7bef889,"Mon, 22 Mar 2021 23:08:09 GMT"
S3B_OL_2_WFR____20200124T061730_20200124T062030_20200125T150553_0179_034_362_2520_MAR_O_NT_002.SEN3,wqsf.nc,6899966,4058477acef531baf70e6f37433a52441f09eadf8b1bdda60fc294497db34514,ac86169587652a1e9d63f77ed0137d28,"Mon, 22 Mar 2021 23:08:09 GMT"
S3B_OL_2_WFR____20200127T063956_20200127T064256_20200128T123054_0179_035_020_2520_MAR_O_NT_002.SEN3,chl_oc4me.nc,4273781,5255abc4b432b26976ff2d74c09c73c297dead0ad62d19fe0db488317639fa72,5e7f943f9b32126dec7ff2c7bdc748d6,"Thu, 25 Mar 2021 11:32:14 GMT"
S3B_OL_2_WFR____20200127T063956_20200127T064256_20200128T123054_0179_035_020_2520_MAR_O_NT_002.SEN3,geo_coordinates.nc,60127386,41ce9d6c8bc1449f95f79a2d34a30c111f88721630fd65cf27e4f3422cab6805,f724581b4293e87bbb4cce96b05edaae-8,"Thu, 25 Mar 2021 11:32:14 GMT"
S3B_OL_2_WFR____20200127T063956_20200127T064256_20200128T123054_0179_035_020_2520_MAR_O_NT_002.SEN3,tie_geo_coordinates.nc,1138215,c539e7df44b48b1830ad9221d18b0c67eb700870a5ea0a254ed968e3564fd4f4,dba326b1d4b6d260f7063fa87bc83692,"Thu, 25 Mar 2021 11:32:14 GMT"
S3B_OL_2_WFR____20200127T063956_20200127T064256_20200128T123054_0179_035_020_2520_MAR_O_NT_002.SEN3,wqsf.nc,4753273,69071a26d6280933d4ff821d92b1bfad7b714508e9d4504412c16374bc1ce3aa,98ccbede77107e23160c4e32f9e8dae9,"Thu, 25 Mar 2021 11:32:14 GMT"
S3B_OL_2_WFR____20200128T061345_20200128T061645_20200129T125736_0179_035_034_2520_MAR_O_NT_002.SEN3,chl_oc4me.nc,7537722,0c12fc8d6e37d1bc7c8c9993d79efdf8d7145f642c4a446931b0a9b1ff1fabc4,af7cfc6cf9a564afca8feed5ea6f58ef,"Mon, 22 Mar 2021 23:05:33 GMT"
S3B_OL_2_WFR____20200128T061345_20200128T061645_20200129T125736_0179_035_034_2520_MAR_O_NT_002.SEN3,geo_coordinates.nc,60151575,866ccb552c26007a2145c6d4c2e42503e6b9db8bbf5d43a057624cc2ae7bea90,66ff7084a397d3f12295b00c3fb274d1-8,"Mon, 22 Mar 2021 23:05:33 GMT"
S3B_OL_2_WFR____20200128T061345_20200128T061645_20200129T125736_0179_035_034_2520_MAR_O_NT_002.SEN3,tie_geo_coordinates.nc,1134986,a78b10b79a62c30fb15a127be432058865a1427a1b9d0aa2267d9be14bb4be92,f23db6ca43d3107112ad8cae19711868,"Mon, 22 Mar 2021 23:05:33 GMT"
S3B_OL_2_WFR____20200128T061345_20200128T061645_20200129T125736_0179_035_034_2520_MAR_O_NT_002.SEN3,wqsf.nc,7100411,906df4c349e386403fb855bd9d2980b5cedb380cfa246a394fc1ef313d80a388,7c9c74607350c0ad10722ae7221ff2f9,"Mon, 22 Mar 2021 23:05:33 GMT"
S3B_OL_2_WFR____20200131T063611_20200131T063911_20200201T145609_0179_035_077_2520_MAR_O_NT_002.SEN3,chl_oc4me.nc,4654267,8fb10ef68539dc7984e8ca6fc54d26041a10b3837fead16edf60bf7027434f0f,0e021689035bb718b9dc4d1805660bac,"Tue, 30 Mar 2021 08:19:14 GMT"
S3B_OL_2_WFR____20200131T063611_20200131T063911_20200201T145609_0179_035_077_2520_MAR_O_NT_002.SEN3,geo_coordinates.nc,60289455,1ae507e732ab16599181783aa8306818c9fa4559e677325ca47b8b9fa10552e9,8e0393dcd5a0e19b445a157c8f5865d4-8,"Tue, 30 Mar 2021 08:19:14 GMT"
S3B_OL_2_WFR____20200131T063611_20200131T063911_20200201T145609_0179_035_077_2520_MAR_O_NT_002.SEN3,tie_geo_coordinates.nc,1140173,819afe30caa935893c39a38c6e3f263d7cfdc810370f052d02d44c57d4199fe2,eaf772363f8f0ce951b49ca316b5ab01,"Tue, 30 Mar 2021 08:19:14 GMT"
S3B_OL_2_WFR____20200131T063611_20200131T063911_20200201T145609_0179_035_077_2520_MAR_O_NT_002.SEN3,wqsf.nc,4326016,f40aa1e0f9ba4579e2979c60f8f227f5908cad5400ff4eb2f3d6fe96db707ddf,1c420b0c8097c99ef5c6a0c99b04a2fc,"Tue, 30 Mar 2021 08:19:14 GMT"
S3B_OL_2_WFR____20200201T061000_20200201T061300_20200202T122641_0179_035_091_2520_MAR_O_NT_002.SEN3,chl_oc4me.nc,8624419,4ee3b60cca0157dd1c9ea8064fbce29391c20b8b49f6e7a4ed12fde9130f09d3,c826a184c9c661235b86f498447ebe6d-2,"Mon, 22 Mar 2021 23:02:23 GMT"
S3B_OL_2_WFR____20200201T061000_20200201T061300_20200202T122641_0179_035_091_2520_MAR_O_NT_002.SEN3,geo_coordinates.nc,59904434,0c1823670ccfdb17c3e3d72633e2a1b4e916553f06d002aaa5c840ddf9a2eeff,f044b9be3fc5d300901b7432a2798d65-8,"Mon, 22 Mar 2021 23:02:24 GMT"
S3B_OL_2_WFR____20200201T061000_20200201T061300_20200202T122641_0179_035_091_2520_MAR_O_NT_002.SEN3,tie_geo_coordinates.nc,1131219,6e748b25a72b8683d0ffcc157bbecd13bee00aaaf111e68e704f8ca354914fe6,77e2d019f48f0dd67182c902e27680e4,"Mon, 22 Mar 2021 23:02:23 GMT"
S3B_OL_2_WFR____20200201T061000_20200201T061300_20200202T122641_0179_035_091_2520_MAR_O_NT_002.SEN3,wqsf.nc,7079620,014719084b9eda065a55f8e566d9eb01a09d8708ad7917710ff8daeef1cb16d8,22b922b55e1e22091937373d98041679,"Mon, 22 Mar 2021 23:02:24 GMT"
S3B_OL_2_WFR____20200203T065837_20200203T070137_20200204T142136_0180_035_120_2520_MAR_O_NT_002.SEN3,tie_geo_coordinates.nc,1138707,ac7c3e7bf132809774e22c09602e8248e1d6afb4e18abc180011c08c91d4756e,1e98f34dfabdd51e83b2d7150290b792,"Mon, 22 Mar 2021 23:00:22 GMT"
S3B_OL_2_WFR____20200204T063226_20200204T063526_20200205T145129_0180_035_134_2520_MAR_O_NT_002.SEN3,chl_oc4me.nc,4851162,2ec2c6a14e28d68b2f79605f22cb5b43304e9275df3bee84d9287f0b351df660,6f0f6c85387a68473835bc0a3a28e2d3,"Thu, 01 Apr 2021 16:04:23 GMT"
S3B_OL_2_WFR____20200204T063226_20200204T063526_20200205T145129_0180_035_134_2520_MAR_O_NT_002.SEN3,geo_coordinates.nc,60456012,a4914e517304dc70d288c1f499184698b47a66de8de6d1abf59455cd130b5ebb,6b57c0177563c0f7bd0ea19281463644-8,"Thu, 01 Apr 2021 16:04:23 GMT"
S3B_OL_2_WFR____20200204T063226_20200204T063526_20200205T145129_0180_035_134_2520_MAR_O_NT_002.SEN3,tie_geo_coordinates.nc,1137744,c8c62d6276a9f34169e99a16b84d3d12edf53d13142e66a044402012d9f0e7fa,574f35306fce7fa97f0f87e211de6c62,"Thu, 01 Apr 2021 16:04:23 GMT"
S3B_OL_2_WFR____20200204T063226_20200204T063526_20200205T145129_0180_035_134_2520_MAR_O_NT_002.SEN3,wqsf.nc,5338764,046276b78c46c929955637260d0ca65dde13260be774e9003bd9fb8714fdb6fb,4e3a177811db627571d43986989b7908,"Thu, 01 Apr 2021 16:04:24 GMT"
S3B_OL_2_WFR____20200205T060615_20200205T060915_20200206T141707_0179_035_148_2520_MAR_O_NT_002.SEN3,chl_oc4me.nc,9020774,ada9f4eb848ba2e9593d6378b9852173960326b23f18ae7dae73a493fed178a7,00ea5da94e291e902af1823b053bc78c-2,"Mon, 22 Mar 2021 22:59:34 GMT"
S3B_OL_2_WFR____20200205T060615_20200205T060915_20200206T141707_0179_035_148_2520_MAR_O_NT_002.SEN3,geo_coordinates.nc,59726563,46f913a8293f31fae8b87cb72befe1438d5182b0a9bc40f81487a23c28fdd02a,ea39494cae903f1606428407c2897a70-8,"Mon, 22 Mar 2021 22:59:34 GMT"
S3B_OL_2_WFR____20200205T060615_20200205T060915_20200206T141707_0179_035_148_2520_MAR_O_NT_002.SEN3,tie_geo_coordinates.nc,1135014,d73947010bf40421d24d3adf9268cc655c3e196b0847e91b3f6dfd553214a8a0,95f7a620b96b39234a00f00e3a9cd252,"Mon, 22 Mar 2021 22:59:34 GMT"
S3B_OL_2_WFR____20200205T060615_20200205T060915_20200206T141707_0179_035_148_2520_MAR_O_NT_002.SEN3,wqsf.nc,7979259,03961b1b92de133389ae28e230f3c45f12363edcded3cf47ce819e80cc2c4ab8,f0d9d3b1d482604a1bce9023672c5c70,"Mon, 22 Mar 2021 22:59:34 GMT"
S3B_OL_2_WFR____20200207T065453_20200207T065753_20200208T145535_0179_035_177_2520_MAR_O_NT_002.SEN3,tie_geo_coordinates.nc,1132570,bd5e06bb172715fb2dccd1229451f79594fb2c036ef9e4303f9d3f3c7f855996,983284fe86b8bf207c393735f3ce49a5,"Thu, 01 Apr 2021 16:03:33 GMT"
S3B_OL_2_WFR____20200208T062842_20200208T063142_20200209T130624_0179_035_191_2520_MAR_O_NT_002.SEN3,chl_oc4me.nc,4611203,2f8503973f200d8bf7e0a21f805acf5a1516875ad0c19f686cdb34dd6169314b,ec3e9f74d7cf83e5b9a21fd8acc1376f,"Mon, 22 Mar 2021 22:57:51 GMT"
S3B_OL_2_WFR____20200208T062842_20200208T063142_20200209T130624_0179_035_191_2520_MAR_O_NT_002.SEN3,geo_coordinates.nc,60485825,af8cd3f8f07a969714bb825d7e301d33bfd0c0f021b79399c702330ad49160c1,d61da231f9b18d585f6afae7e1bb0993-8,"Mon, 22 Mar 2021 22:57:51 GMT"
S3B_OL_2_WFR____20200208T062842_20200208T063142_20200209T130624_0179_035_191_2520_MAR_O_NT_002.SEN3,tie_geo_coordinates.nc,1137986,44d3b7cef4d9db7ccfbfd2867ecbaba14524059a4f4d565b61c8202b657e8698,d8d716251dfd71bb28a81d04ed93331a,"Mon, 22 Mar 2021 22:57:51 GMT"
S3B_OL_2_WFR____20200208T062842_20200208T063142_20200209T130624_0179_035_191_2520_MAR_O_NT_002.SEN3,wqsf.nc,4603595,bbab4234c342c1a4cac456e5f37dd179b61460af702e914e747161058aeda02b,9dc727380f5f253c6911b46ea71713a1,"Mon, 22 Mar 2021 22:57:51 GMT"
S3B_OL_2_WFR____20200209T060231_20200209T060531_20200210T192409_0180_035_205_2520_MAR_O_NT_002.SEN3,chl_oc4me.nc,9212573,dbedfda43a681eeefe2af24a425a66d8943bb02bcd4322112c8d19598917c42f,9a8ca2c269b4ced7d02bf2ebd3857b3f-2,"Thu, 25 Mar 2021 11:26:30 GMT"
S3B_OL_2_WFR____20200209T060231_20200209T060531_20200210T192409_0180_035_205_2520_MAR_O_NT_002.SEN3,geo_coordinates.nc,59632052,a22c081a8bd637d28ac1cbca642253650887b0a7526d999a5ca296b89e793e44,fb06039485271b14eb859e03db433e67-8,"Thu, 25 Mar 2021 11:26:30 GMT"
S3B_OL_2_WFR____20200209T060231_20200209T060531_20200210T192409_0180_035_205_2520_MAR_O_NT_002.SEN3,tie_geo_coordinates.nc,1136137,04ce9ca40bf967b1ad49106739b4e823ece6e6d36776bc2bee81fe744be3ba12,00e9137f36a8360ed503fef3d68efb09,"Thu, 25 Mar 2021 11:26:30 GMT"
S3B_OL_2_WFR____20200209T060231_20200209T060531_20200210T192409_0180_035_205_2520_MAR_O_NT_002.SEN3,wqsf.nc,7660646,2ca4d54a2ade478267333eee4b99bc96eec234373cfa9c8f2ecfd559247e300d,1a4cbc746daa8dbfcf94bdaa3140465d,"Thu, 25 Mar 2021 11:26:30 GMT"
S3B_OL_2_WFR____20200211T065109_20200211T065409_20200212T132833_0179_035_234_2520_MAR_O_NT_002.SEN3,chl_oc4me.nc,2942805,db57d1c59ae6089eb9b3f61d6048c0e18bf655bb20b0d6714dba890e4e0f3a57,32da4779c54a0cd78c4e9b5558bcfe7d,"Mon, 22 Mar 2021 22:55:55 GMT"
S3B_OL_2_WFR____20200211T065109_20200211T065409_20200212T132833_0179_035_234_2520_MAR_O_NT_002.SEN3,geo_coordinates.nc,59648949,552afec6c928cf20d14cde1a9e785a6141e5e99d68bf313efc5323b66590e863,55bc9b8689adb2cdf1980fa3a3515a7d-8,"Mon, 22 Mar 2021 22:55:55 GMT"
S3B_OL_2_WFR____20200211T065109_20200211T065409_20200212T132833_0179_035_234_2520_MAR_O_NT_002.SEN3,tie_geo_coordinates.nc,1138723,d2a8e3323127cbaed1da8fb3c784e96b032c9fae2dfe270230488c15db99b999,e459b765a98d8434c4d8a02078611967,"Mon, 22 Mar 2021 22:55:55 GMT"
S3B_OL_2_WFR____20200211T065109_20200211T065409_20200212T132833_0179_035_234_2520_MAR_O_NT_002.SEN3,wqsf.nc,4770923,ed26a5c8fa516d8130bde9a5f4ed83c4181d74f5ee1153626ce76deda6a9bb4f,32ac4ecd5776e1b72d2290916140082d,"Mon, 22 Mar 2021 22:55:55 GMT"
S3B_OL_2_WFR____20200212T062458_20200212T062758_20200213T145359_0179_035_248_2520_MAR_O_NT_002.SEN3,chl_oc4me.nc,4838729,3f03d1f118e838c3957600ca6f53181fbab19dd3da3ecf78d7b60a721b54301f,7ab41957cba6445a983db89dee05155b,"Thu, 25 Mar 2021 11:25:01 GMT"
S3B_OL_2_WFR____20200212T062458_20200212T062758_20200213T145359_0179_035_248_2520_MAR_O_NT_002.SEN3,geo_coordinates.nc,60494953,57fe73038f2814bc7bac76245c9968623bf4d3cec90fc3cbb5cc49b9d38820e2,c9dd0c28375c6ef523e6f187789329fb-8,"Thu, 25 Mar 2021 11:25:01 GMT"
S3B_OL_2_WFR____20200212T062458_20200212T062758_20200213T145359_0179_035_248_2520_MAR_O_NT_002.SEN3,tie_geo_coordinates.nc,1137989,f9974636a4cbe7103818a934dfad1ff9d6fea865caae0459761c1b03d1e3248e,34567021c325b7c57ae401582649bd2f,"Thu, 25 Mar 2021 11:25:01 GMT"
S3B_OL_2_WFR____20200212T062458_20200212T062758_20200213T145359_0179_035_248_2520_MAR_O_NT_002.SEN3,wqsf.nc,6358919,beea3fcca585374e1fff7531099399585d71ec3b555472618cf2be52887bc867,7d5940aa83b32ff9a9d27d9001ef2102,"Thu, 25 Mar 2021 11:25:01 GMT"
S3B_OL_2_WFR____20200213T055848_20200213T060148_20200214T162500_0179_035_262_2520_MAR_O_NT_002.SEN3,chl_oc4me.nc,10045201,fea97b1cb394512c4e90d0af214ae3a929dc94b1e76ce2aa9b3c652b07d1f3f2,1b52aa75b461ba20c4549b4eb15169d7-2,"Thu, 01 Apr 2021 16:02:02 GMT"
S3B_OL_2_WFR____20200213T055848_20200213T060148_20200214T162500_0179_035_262_2520_MAR_O_NT_002.SEN3,geo_coordinates.nc,59381060,45513661d46328741e8afa7a16127d088cac510ad29e00a0c56630ab1774ac50,0a3712d99e62c68ee87cb5c1341398fe-8,"Thu, 01 Apr 2021 16:02:02 GMT"
S3B_OL_2_WFR____20200213T055848_20200213T060148_20200214T162500_0179_035_262_2520_MAR_O_NT_002.SEN3,tie_geo_coordinates.nc,1136477,251a4b717bd3cab37578a511988c48dafe9ac0c9eae521559190f048e731a574,3e18440219e94f6ede9b3acc342320fe,"Thu, 01 Apr 2021 16:02:02 GMT"
S3B_OL_2_WFR____20200213T055848_20200213T060148_20200214T162500_0179_035_262_2520_MAR_O_NT_002.SEN3,wqsf.nc,7975243,0acfad2435050fcb2ae7b60fb9cd42e5b51d154b0c7b107a0ff30afad581d29b,fe786c08cf73be0e49801524481f0da7,"Thu, 01 Apr 2021 16:02:02 GMT"
S3B_OL_2_WFR____20200215T064725_20200215T065025_20200216T135557_0179_035_291_2520_MAR_O_NT_002.SEN3,chl_oc4me.nc,3721837,5ab5f5348aaf23192d0a1ac5adeb1836fcf01b683e828a0a5964e7527725a938,c9a809f6de79bd22d022a69309b516b7,"Mon, 22 Mar 2021 22:53:08 GMT"
S3B_OL_2_WFR____20200215T064725_20200215T065025_20200216T135557_0179_035_291_2520_MAR_O_NT_002.SEN3,geo_coordinates.nc,59798988,000f044e392b82151922d621ef270e9d07bb04460d63ac9e1bd973c0b5d55c8f,003fbaeec07b28edd74949627366d7e8-8,"Mon, 22 Mar 2021 22:53:08 GMT"
S3B_OL_2_WFR____20200215T064725_20200215T065025_20200216T135557_0179_035_291_2520_MAR_O_NT_002.SEN3,tie_geo_coordinates.nc,1139789,922b47b9f0b5a505e2d2f40731b4613ec2231b524f0dcaaa08b1c24dd2905245,54ae41ef6edd041fbfb431ee9df360e7,"Mon, 22 Mar 2021 22:53:08 GMT"
S3B_OL_2_WFR____20200215T064725_20200215T065025_20200216T135557_0179_035_291_2520_MAR_O_NT_002.SEN3,wqsf.nc,4190441,05e813b67725ab89f2dc9a43ea166a0ae4b399b515f7ff3a7bd651269e8efec3,925e8f8ed68db58ee472992d9c73a25b,"Mon, 22 Mar 2021 22:53:08 GMT"
S3B_OL_2_WFR____20200216T062115_20200216T062415_20200217T152932_0179_035_305_2520_MAR_O_NT_002.SEN3,chl_oc4me.nc,5863580,d2c80c5e162f6196841c168e85d4a7dd2f31ad747ed2d40692ec3e96f41245c0,bd6a669d6e9bc121a601771b3b42ef1a,"Thu, 01 Apr 2021 16:01:02 GMT"
S3B_OL_2_WFR____20200216T062115_20200216T062415_20200217T152932_0179_035_305_2520_MAR_O_NT_002.SEN3,geo_coordinates.nc,60462876,404c6aeb788b437ce1b27d383a2f1113e74db7e97bf342f0b9a628b7b163ee53,5bc92e68c5d427e38c6ae5dda589e1cd-8,"Thu, 01 Apr 2021 16:01:02 GMT"
S3B_OL_2_WFR____20200216T062115_20200216T062415_20200217T152932_0179_035_305_2520_MAR_O_NT_002.SEN3,tie_geo_coordinates.nc,1136261,62827e32d2cb23bd54f73848cf39fe67768fc7acff5a11cf9d083e87ee2f2e5d,64ca21c5005a1e371a2efe198078b42a,"Thu, 01 Apr 2021 16:01:01 GMT"
S3B_OL_2_WFR____20200216T062115_20200216T062415_20200217T152932_0179_035_305_2520_MAR_O_NT_002.SEN3,wqsf.nc,6981087,bdc1c8b89cf54a07898c0f68e899e3e353d7eedc93380a4716ca51576385ee5e,f3fd049ae80c0790bb96158f5106e3f8,"Thu, 01 Apr 2021 16:01:02 GMT"
S3B_OL_2_WFR____20200219T064342_20200219T064642_20200220T143228_0179_035_348_2520_MAR_O_NT_002.SEN3,chl_oc4me.nc,4166173,c9bbcee8157fb30a29be96c59451451af0493078193addcec8e4c71675dc9a55,973a04b772b738b711a2e85f20555455,"Thu, 01 Apr 2021 16:00:08 GMT"
S3B_OL_2_WFR____20200219T064342_20200219T064642_20200220T143228_0179_035_348_2520_MAR_O_NT_002.SEN3,geo_coordinates.nc,59953695,e8f88b78665e266ec9e6c2b4a81be72c7f880a748a8470663a4f919550df7fde,c56dc6bd97bc4e910d781b929ac24bf5-8,"Thu, 01 Apr 2021 16:00:07 GMT"
S3B_OL_2_WFR____20200219T064342_20200219T064642_20200220T143228_0179_035_348_2520_MAR_O_NT_002.SEN3,tie_geo_coordinates.nc,1139163,be06dc1c2aae465981000e41e670cc11769a6ae68e1cfccc45243d52e829b880,893cfa3e2ed7b8e5194bf275cb17e910,"Thu, 01 Apr 2021 16:00:07 GMT"
S3B_OL_2_WFR____20200219T064342_20200219T064642_20200220T143228_0179_035_348_2520_MAR_O_NT_002.SEN3,wqsf.nc,4895991,fa18e466aad237861eba35f4841688819d86e7d7732ca7f3ac9f16c73e897ee0,03c6f581ac428dc5eb806c61b3ada69b,"Thu, 01 Apr 2021 16:00:07 GMT"
S3B_OL_2_WFR____20200220T061731_20200220T062031_20200221T151512_0179_035_362_2520_MAR_O_NT_002.SEN3,chl_oc4me.nc,5884494,bd4ae9e719029050b1ff1bdd9d3a99ace429124dd4e005f18952f16a7d2f71d7,de257a830b13a63e5c920ddfef55f30d,"Mon, 22 Mar 2021 22:50:32 GMT"
S3B_OL_2_WFR____20200220T061731_20200220T062031_20200221T151512_0179_035_362_2520_MAR_O_NT_002.SEN3,geo_coordinates.nc,60313724,48f558b50b544b16c1a79ffee4586a3be1de822e0dec509680c5b0edf1429f9c,242d4da40e33a4a2b303f38415a5163e-8,"Mon, 22 Mar 2021 22:50:32 GMT"
S3B_OL_2_WFR____20200220T061731_20200220T062031_20200221T151512_0179_035_362_2520_MAR_O_NT_002.SEN3,tie_geo_coordinates.nc,1137628,7192a870714b8ea91e248041f73721b6a4e0b45a3d70d6561fadd62076c6d7be,d038c2d425b4271c0356b50a4b3da038,"Mon, 22 Mar 2021 22:50:32 GMT"
S3B_OL_2_WFR____20200220T061731_20200220T062031_20200221T151512_0179_035_362_2520_MAR_O_NT_002.SEN3,wqsf.nc,7817755,5706a605c38b1686b3c4907964ea3a821c3a2f61ef1e33bd504d7c5cc41cd916,ca9b8e475c79b3ec7b0447761ef850a4,"Mon, 22 Mar 2021 22:50:32 GMT"
S3B_OL_2_WFR____20200223T063958_20200223T064258_20200224T140858_0179_036_020_2520_MAR_O_NT_002.SEN3,chl_oc4me.nc,3930296,1379d32e72a0ff1e79318d5618d36d19c60b212cfe5fe0683accdec37b767b45,dbafe430053b703c5a478f12056304d4,"Thu, 25 Mar 2021 11:21:37 GMT"
S3B_OL_2_WFR____20200223T063958_20200223T064258_20200224T140858_0179_036_020_2520_MAR_O_NT_002.SEN3,geo_coordinates.nc,60108814,11daaa0d32dbc83abd17cce145a471bb6452871f79a14c43b9508000ba38a816,685902912e88fd88b4ce054d6b04c5ef-8,"Thu, 25 Mar 2021 11:21:37 GMT"
S3B_OL_2_WFR____20200223T063958_20200223T064258_20200224T140858_0179_036_020_2520_MAR_O_NT_002.SEN3,tie_geo_coordinates.nc,1135034,b5b31b98355ef923bb56e556d09ee372e8187ade815ac68b6f047a8c31deae0a,3480ff2358df7748d775f441c213c4a2,"Thu, 25 Mar 2021 11:21:37 GMT"
S3B_OL_2_WFR____20200223T063958_20200223T064258_20200224T140858_0179_036_020_2520_MAR_O_NT_002.SEN3,wqsf.nc,4783323,f142120c8ca110b1734803d15ddc54cbe9ef594194f47ad7a7dc9cf6ae36abb4,efe5ae46ef598319312e27de40722d9c,"Thu, 25 Mar 2021 11:21:37 GMT"
S3B_OL_2_WFR____20200224T061347_20200224T061647_20200225T142845_0179_036_034_2520_MAR_O_NT_002.SEN3,chl_oc4me.nc,7069626,957077ce9cc219120ee31b84b73dd9a1a1e8599e9c8a1f6d5ed96f5e3ea7ea7b,0f123a0d75f1f376c0f0df7545b7e069,"Mon, 22 Mar 2021 22:47:50 GMT"
S3B_OL_2_WFR____20200224T061347_20200224T061647_20200225T142845_0179_036_034_2520_MAR_O_NT_002.SEN3,geo_coordinates.nc,60128928,9c154e0fcfd162fa749f6fffdc4f3382781c6ada13617a5cd474e803504200f6,a2b5c3d4f3810a50e44895ba6c85200c-8,"Mon, 22 Mar 2021 22:47:50 GMT"
S3B_OL_2_WFR____20200224T061347_20200224T061647_20200225T142845_0179_036_034_2520_MAR_O_NT_002.SEN3,tie_geo_coordinates.nc,1135156,6c9a7b4e7509e5c1b01513100dff0b9ba24382ce56b5edc8ab6604ee20d4c02e,0193e8ab1487ded02aa6f387196b9d89,"Mon, 22 Mar 2021 22:47:50 GMT"
S3B_OL_2_WFR____20200224T061347_20200224T061647_20200225T142845_0179_036_034_2520_MAR_O_NT_002.SEN3,wqsf.nc,7296933,29769afb3b56bcb34280193b3bf3adf7628ab20859a8b682dfa0eed828b99ee7,88420f92111cb2baf2864970f4d2b0be,"Mon, 22 Mar 2021 22:47:50 GMT"
S3B_OL_2_WFR____20200227T063614_20200227T063914_20200304T191235_0180_036_077_2520_MAR_O_NT_002.SEN3,chl_oc4me.nc,4408907,2c35d22fd2866ebcff9ad596896437bbc089234ea325538558def8ccaa171906,2aceca0f01c877e9bf84f22b3949c8ab,"Thu, 01 Apr 2021 15:57:47 GMT"
S3B_OL_2_WFR____20200227T063614_20200227T063914_20200304T191235_0180_036_077_2520_MAR_O_NT_002.SEN3,geo_coordinates.nc,60285618,72aa9624c1094ebd8c1063cc8ea0d11b27037c9c53f97de25c31226f8ad3b95e,60e323eb4e4a0d47667d6226406d7d23-8,"Thu, 01 Apr 2021 15:57:48 GMT"
S3B_OL_2_WFR____20200227T063614_20200227T063914_20200304T191235_0180_036_077_2520_MAR_O_NT_002.SEN3,tie_geo_coordinates.nc,1140606,1f92250c9f3f1c124c1890826f63ff4aa4b0fdf75242323dba31f98776465cde,2e34a249fcd1c4ce01a7496f3dd4a213,"Thu, 01 Apr 2021 15:57:47 GMT"
S3B_OL_2_WFR____20200227T063614_20200227T063914_20200304T191235_0180_036_077_2520_MAR_O_NT_002.SEN3,wqsf.nc,5449946,69a6c81c68a962b3005e47f98a8cbb847b9b2006020e09cbdf2b116e84e2f8ca,f8c50544993cea45581845974e676fba,"Thu, 01 Apr 2021 15:57:48 GMT"
S3B_OL_2_WFR____20200228T061003_20200228T061303_20200229T152930_0180_036_091_2520_MAR_O_NT_002.SEN3,chl_oc4me.nc,4956013,b1a03e6bed2e3cdb6cc87c35a67f03a9af6f3cb34432dc5f25f036cc6f27814f,ef6e6a101689a8385e46e07d5073cb18,"Mon, 22 Mar 2021 22:45:19 GMT"
S3B_OL_2_WFR____20200228T061003_20200228T061303_20200229T152930_0180_036_091_2520_MAR_O_NT_002.SEN3,geo_coordinates.nc,59879384,7d1f325a6cb511c7d442a5043bb30db53becf62c6d67eb3bf65aa97996c2b775,5a762ffc7943fbe5b7d7ced05b2ef1aa-8,"Mon, 22 Mar 2021 22:45:19 GMT"
S3B_OL_2_WFR____20200228T061003_20200228T061303_20200229T152930_0180_036_091_2520_MAR_O_NT_002.SEN3,tie_geo_coordinates.nc,1132438,a3f003e073b95aa8e950ee0a07eded7edde0ac3021f6bbad2f1e6bcdf6c5908f,e2240b90929b068ff2ab7eb4fd629556,"Mon, 22 Mar 2021 22:45:19 GMT"
S3B_OL_2_WFR____20200228T061003_20200228T061303_20200229T152930_0180_036_091_2520_MAR_O_NT_002.SEN3,wqsf.nc,9380051,2f7273295178b661000c39b0f55339a961cb2bc93293dfc9491871c2473bae37,72f6dfa1859f47a24a57b7a1bf4385fe-2,"Mon, 22 Mar 2021 22:45:19 GMT"
S3B_OL_2_WFR____20200301T065841_20200301T070141_20200302T152334_0179_036_120_2520_MAR_O_NT_002.SEN3,tie_geo_coordinates.nc,1138383,02c232347e95abf08c831007fb6fc1c85ca0d148fab0a9c0230807f1932e1eef,ed3afde8073ad5cbc8a4898d9ae7b738,"Mon, 22 Mar 2021 22:43:05 GMT"
S3B_OL_2_WFR____20200302T063230_20200302T063530_20200303T143954_0180_036_134_2520_MAR_O_NT_002.SEN3,chl_oc4me.nc,2930571,5f24618b7521814cc27561f7ccbe010ae27d7c5b7188013843315847890c1461,36ebde9dea9917023f5d92ef40a8bb24,"Thu, 25 Mar 2021 11:18:36 GMT"
S3B_OL_2_WFR____20200302T063230_20200302T063530_20200303T143954_0180_036_134_2520_MAR_O_NT_002.SEN3,geo_coordinates.nc,60451207,22ed9cc438184bd859d77584aa0739fcfd92490d4bfdfb9e4bb7e97a65a3206b,33571193cbe5a587bc14f1fb7d76b0dd-8,"Thu, 25 Mar 2021 11:18:36 GMT"
S3B_OL_2_WFR____20200302T063230_20200302T063530_20200303T143954_0180_036_134_2520_MAR_O_NT_002.SEN3,tie_geo_coordinates.nc,1136886,4bd9824b42bb51697a57daf78f2ea2fc4cbb7a3b6fe36d89d86656e83fc17d06,74159ad74ffad6a8d5648725aceb1b08,"Thu, 25 Mar 2021 11:18:35 GMT"
S3B_OL_2_WFR____20200302T063230_20200302T063530_20200303T143954_0180_036_134_2520_MAR_O_NT_002.SEN3,wqsf.nc,5408368,335ad1bce6459ad6ed5d24bf1e0a42ce3f7b8cbdf55ab7e173e1061b07b137f7,ac7021ea0caf8a11449500bd43182cea,"Thu, 25 Mar 2021 11:18:36 GMT"
S3B_OL_2_WFR____20200303T060619_20200303T060919_20200304T145007_0179_036_148_2520_MAR_O_NT_002.SEN3,chl_oc4me.nc,5938547,30cb1f427d75419bfaefee9b015aaefa0eeb222b80a44273f5cdbb23c206e2bf,09c5b46efdddb727a5e72d4bad7c94ec,"Mon, 22 Mar 2021 22:42:22 GMT"
S3B_OL_2_WFR____20200303T060619_20200303T060919_20200304T145007_0179_036_148_2520_MAR_O_NT_002.SEN3,geo_coordinates.nc,59740883,12e9566cf867fd23d735038f01891f897c27f02fb5414d9186921ddc348f7e9a,04e15a04eb752fa21e566f7ec5430657-8,"Mon, 22 Mar 2021 22:42:22 GMT"
S3B_OL_2_WFR____20200303T060619_20200303T060919_20200304T145007_0179_036_148_2520_MAR_O_NT_002.SEN3,tie_geo_coordinates.nc,1133951,63565bee6dc5e7c5c64afd7bf57c1e9b13e999398acb6b8de5d3baaea1ce92e5,85ba3b14995a4b6c0e525ef7c6edb580,"Mon, 22 Mar 2021 22:42:22 GMT"
S3B_OL_2_WFR____20200303T060619_20200303T060919_20200304T145007_0179_036_148_2520_MAR_O_NT_002.SEN3,wqsf.nc,9676967,833d7fafa49de91bfbdada37ee170f2183e06c38f384b32035ee571e1976f203,28f1044cb22b807ddd9f3ca23d8df5f7-2,"Mon, 22 Mar 2021 22:42:22 GMT"
S3B_OL_2_WFR____20200305T065457_20200305T065757_20200306T154925_0179_036_177_2520_MAR_O_NT_002.SEN3,tie_geo_coordinates.nc,1138854,16ed5c3a90155bd669dfbc99a095ec0888deb260eb31ed3c9e1f69776c25d15c,c11641cb082e2beac94028de9d23578e,"Thu, 25 Mar 2021 11:17:43 GMT"
S3B_OL_2_WFR____20200306T062846_20200306T063146_20200307T155346_0179_036_191_2520_MAR_O_NT_002.SEN3,chl_oc4me.nc,5283864,bf4c02fc3edc5cd6e83c94d7b06ad67b46e7b6dc9af6b440ccd541155779e0bf,3f7900419e51562856347aaeafd47cb8,"Mon, 22 Mar 2021 22:39:56 GMT"
S3B_OL_2_WFR____20200306T062846_20200306T063146_20200307T155346_0179_036_191_2520_MAR_O_NT_002.SEN3,geo_coordinates.nc,60464219,822150f1c3eba0df2a9a5af73ae7ee6501c798dc01acbe03247e606313278e48,225ac007c00195ea7af531e150456640-8,"Mon, 22 Mar 2021 22:39:56 GMT"
S3B_OL_2_WFR____20200306T062846_20200306T063146_20200307T155346_0179_036_191_2520_MAR_O_NT_002.SEN3,tie_geo_coordinates.nc,1139300,47f2e21ef80ffca439b5a52ad14ceb740868a4853af1d01cc7336296f668c736,aa4cf3f8e71e2584463126f5a9d36710,"Mon, 22 Mar 2021 22:39:56 GMT"
S3B_OL_2_WFR____20200306T062846_20200306T063146_20200307T155346_0179_036_191_2520_MAR_O_NT_002.SEN3,wqsf.nc,5001093,46d52014dc8c718c4a7a510e2b92ed6ef391f52a1f2c05dcd17f19a764389a3d,2802afd53be00e342ec57752481609ba,"Mon, 22 Mar 2021 22:39:56 GMT"
S3B_OL_2_WFR____20200307T060235_20200307T060535_20200308T124509_0179_036_205_2520_MAR_O_NT_002.SEN3,chl_oc4me.nc,9315175,f5fc40db5276f5e59ad02b3b29f8095ec38ea2c95f95230a078f3e9d00c3735f,c3b859d2a2e29b0fbce8296bee81b053-2,"Thu, 01 Apr 2021 15:55:14 GMT"
S3B_OL_2_WFR____20200307T060235_20200307T060535_20200308T124509_0179_036_205_2520_MAR_O_NT_002.SEN3,geo_coordinates.nc,59611600,98ae21280b56aa5d941ce03512f1aede1e1d904dd6098319a743d81ab4e91a7f,9de34bdccb06257a35f6b74eb6a44ac7-8,"Thu, 01 Apr 2021 15:55:14 GMT"
S3B_OL_2_WFR____20200307T060235_20200307T060535_20200308T124509_0179_036_205_2520_MAR_O_NT_002.SEN3,tie_geo_coordinates.nc,1134606,b8927dd7f56568ade480f3fef867b739c773e750603e8629eb69df2209ebc137,b6df8d5dc0ba455f5d5a05bd477a3eb4,"Thu, 01 Apr 2021 15:55:14 GMT"
S3B_OL_2_WFR____20200307T060235_20200307T060535_20200308T124509_0179_036_205_2520_MAR_O_NT_002.SEN3,wqsf.nc,7240562,f2c3cc6eeab812743ecea83566eeebefb42e65208b487fffb00e034f29ffeadb,c5ae2b3f0a4002b339a65f7b45bb24f7,"Thu, 01 Apr 2021 15:55:14 GMT"
S3B_OL_2_WFR____20200309T065113_20200309T065413_20200310T152521_0179_036_234_2520_MAR_O_NT_002.SEN3,chl_oc4me.nc,2129548,e65f548d10d161bb86d280890544904397e6aec34432b97371bdef48981f1c54,28d5ccdaa4c45567c085aeb87d0b30bf,"Mon, 22 Mar 2021 22:38:18 GMT"
S3B_OL_2_WFR____20200309T065113_20200309T065413_20200310T152521_0179_036_234_2520_MAR_O_NT_002.SEN3,geo_coordinates.nc,59630298,f4a0d71d6be4e7065a8a4372db05ef0c6eaebd38aece775994bdf157c338af99,9514083c8522aec3a24b7aff5b044146-8,"Mon, 22 Mar 2021 22:38:18 GMT"
S3B_OL_2_WFR____20200309T065113_20200309T065413_20200310T152521_0179_036_234_2520_MAR_O_NT_002.SEN3,tie_geo_coordinates.nc,1138588,0f179ac1a84a5089818b885d3fb5c38b01e563e4594647335f8cbb76ca8f44be,3e3b8440ab1287d6641cf83f94b7a708,"Mon, 22 Mar 2021 22:38:18 GMT"
S3B_OL_2_WFR____20200309T065113_20200309T065413_20200310T152521_0179_036_234_2520_MAR_O_NT_002.SEN3,wqsf.nc,4892034,f2e1f40de19e94a6c6e19929df007974ddc6a7988ab5d0b2fddea676fe66172f,d4a50749a0dea6b8d1732cb827bd3799,"Mon, 22 Mar 2021 22:38:18 GMT"
S3B_OL_2_WFR____20200310T062502_20200310T062802_20200311T151911_0179_036_248_2520_MAR_O_NT_002.SEN3,chl_oc4me.nc,4778756,12e7c045c27233f9eec5fa8065de65a89473925c1e15fb31fda61ebdea111030,2701d132ed1e69f6d95123d558570066,"Thu, 01 Apr 2021 15:54:14 GMT"
S3B_OL_2_WFR____20200310T062502_20200310T062802_20200311T151911_0179_036_248_2520_MAR_O_NT_002.SEN3,geo_coordinates.nc,60475583,8df6a15d206d236ba3bf0cbb0663638e8a26a241fcda02b1c0ae9f09b8ba4f3e,f1ef0799d848f31039b8ea081ae9ba26-8,"Thu, 01 Apr 2021 15:54:13 GMT"
S3B_OL_2_WFR____20200310T062502_20200310T062802_20200311T151911_0179_036_248_2520_MAR_O_NT_002.SEN3,tie_geo_coordinates.nc,1141879,04a9bff4c876eeabe4efa698093ee24c3d4aa5fa28dcaafc86656b839eb74421,8e5b5ca80f98accaf0857e721820e0df,"Thu, 01 Apr 2021 15:54:13 GMT"
S3B_OL_2_WFR____20200310T062502_20200310T062802_20200311T151911_0179_036_248_2520_MAR_O_NT_002.SEN3,wqsf.nc,6056030,dc057e75956cd7855735ac4a58d45777a2a53e0f6097629c42e0a352e4c5150e,52d7f8021c3f64e56cdd57a9cf4ffb62,"Thu, 01 Apr 2021 15:54:13 GMT"
S3B_OL_2_WFR____20200311T055851_20200311T060151_20200312T150531_0179_036_262_2520_MAR_O_NT_002.SEN3,chl_oc4me.nc,9902209,9cbd4e53b12700e39689f3c3ab85a05d8cd9e71c68b9a514635adab844f7e8b8,b30c312241e592e6c2ff32df2f7ad939-2,"Thu, 25 Mar 2021 11:15:32 GMT"
S3B_OL_2_WFR____20200311T055851_20200311T060151_20200312T150531_0179_036_262_2520_MAR_O_NT_002.SEN3,geo_coordinates.nc,59369163,8b20ed3bc06740ae54b94c5709e2e9ecc333d6e576d40657a332199d05598ac8,1c84cc50d271a38357a45f0d16051e43-8,"Thu, 25 Mar 2021 11:15:32 GMT"
S3B_OL_2_WFR____20200311T055851_20200311T060151_20200312T150531_0179_036_262_2520_MAR_O_NT_002.SEN3,tie_geo_coordinates.nc,1134554,dcd1f99b19ebcf78af7287e7aabd236ee507ad3c42a813b32886fdd99019e0e7,325bedea8d5adcde9d69b97120505b5c,"Thu, 25 Mar 2021 11:15:32 GMT"
S3B_OL_2_WFR____20200311T055851_20200311T060151_20200312T150531_0179_036_262_2520_MAR_O_NT_002.SEN3,wqsf.nc,7613404,3add705889ac15eb8b1b27b03b9c5c1c9e37497a5763dc1c9ff62e58879968a5,f4c965fdf746da9d5874d05e26686140,"Thu, 25 Mar 2021 11:15:32 GMT"
S3B_OL_2_WFR____20200313T064728_20200313T065028_20200314T132709_0179_036_291_2520_MAR_O_NT_002.SEN3,chl_oc4me.nc,3511511,608a575c6a7676c85b703ec112bb641875f7b91de43eeb6abc55065dafe3f095,df42022c87af49a06b9c30cbd90ba819,"Mon, 22 Mar 2021 22:35:35 GMT"
S3B_OL_2_WFR____20200313T064728_20200313T065028_20200314T132709_0179_036_291_2520_MAR_O_NT_002.SEN3,geo_coordinates.nc,59798867,6922b92f51583c1933f772270b84c96a51b3d2bb2cb17e74194230bdc16a250c,62fbcb44d2a8fa7daba7274e49aaf1e7-8,"Mon, 22 Mar 2021 22:35:35 GMT"
S3B_OL_2_WFR____20200313T064728_20200313T065028_20200314T132709_0179_036_291_2520_MAR_O_NT_002.SEN3,tie_geo_coordinates.nc,1135526,77e43d38c8002870078e2717dad1dbbfe4afc7191e2dfbccb4d4adaa50b02e26,1c68cfab3926d82ec1fe0f4611bbe899,"Mon, 22 Mar 2021 22:35:35 GMT"
S3B_OL_2_WFR____20200313T064728_20200313T065028_20200314T132709_0179_036_291_2520_MAR_O_NT_002.SEN3,wqsf.nc,4365335,b6a8be3b56aff747f7040549273fb10f478c514fdb431ff66b7b2d45ef70b34d,d6033a3b026217daddd0d051134f9e1d,"Mon, 22 Mar 2021 22:35:35 GMT"
S3B_OL_2_WFR____20200314T062118_20200314T062418_20200315T150114_0179_036_305_2520_MAR_O_NT_002.SEN3,chl_oc4me.nc,2260422,0287a7c207f73b16ed5a59190f0465c0b35b4eb999d4e78cc19e4fabf878ca5b,fd64c6c6a1d9270a78f93924bbbf32f0,"Thu, 25 Mar 2021 11:14:11 GMT"
S3B_OL_2_WFR____20200314T062118_20200314T062418_20200315T150114_0179_036_305_2520_MAR_O_NT_002.SEN3,geo_coordinates.nc,60450819,1b798bd8bd1c072996034b37632d988ce2f51ed864bad2a299b3682af31c3fdb,1cb05eef961c9dc9caefd2cc5445eb53-8,"Thu, 25 Mar 2021 11:14:11 GMT"
S3B_OL_2_WFR____20200314T062118_20200314T062418_20200315T150114_0179_036_305_2520_MAR_O_NT_002.SEN3,tie_geo_coordinates.nc,1137637,9be931476b572f6e49eba206fe2c6a31559b786650ee4c3622bdb6d5481e1dda,5b73f06f96c034847f765697a89d1368,"Thu, 25 Mar 2021 11:14:11 GMT"
S3B_OL_2_WFR____20200314T062118_20200314T062418_20200315T150114_0179_036_305_2520_MAR_O_NT_002.SEN3,wqsf.nc,4024447,4af9dd6422857971821a94a8c469b53ced7c1a978a4e3c48a31448d95224ac32,2b2d7e28962c822f7673c098434f2815,"Thu, 25 Mar 2021 11:14:10 GMT"
S3B_OL_2_WFR____20200317T064344_20200317T064644_20200318T140457_0179_036_348_2520_MAR_O_NT_002.SEN3,chl_oc4me.nc,3949627,e23e90943c6bacdebef221a362c576b6bec26666e38ebb301d620fd51c42fe91,5c7483adc56d79c089ef8b4383dd5bb9,"Thu, 25 Mar 2021 11:13:29 GMT"
S3B_OL_2_WFR____20200317T064344_20200317T064644_20200318T140457_0179_036_348_2520_MAR_O_NT_002.SEN3,geo_coordinates.nc,59955490,d1bbe6420d009152866404c7c227159e1feeb9f44d0f32992fab6d92a4496115,5a6ccca1a0bf6eecceeffb4282381c35-8,"Thu, 25 Mar 2021 11:13:29 GMT"
S3B_OL_2_WFR____20200317T064344_20200317T064644_20200318T140457_0179_036_348_2520_MAR_O_NT_002.SEN3,tie_geo_coordinates.nc,1137659,8ba37f4cfe9964463c1615b21ae744406f940f5ff875f8b2cd9843fd8d051585,7081a85ac2c540aa63ed6c52d08c3a22,"Thu, 25 Mar 2021 11:13:29 GMT"
S3B_OL_2_WFR____20200317T064344_20200317T064644_20200318T140457_0179_036_348_2520_MAR_O_NT_002.SEN3,wqsf.nc,4201010,f4fd1c0f15693e6bb9a3bb9c228b62e60b8574222ced0cdb29340078c689010d,7438ce2644506f13a4842dd7981cd544,"Thu, 25 Mar 2021 11:13:29 GMT"
S3B_OL_2_WFR____20200318T061733_20200318T062033_20200319T142053_0179_036_362_2520_MAR_O_NT_002.SEN3,chl_oc4me.nc,5915216,2ee9116f827e32a99427647d785efbb41c51e92d20ed642114b3745386a1e618,196b73abb4a860e3860b78aa1558c268,"Mon, 22 Mar 2021 22:33:24 GMT"
S3B_OL_2_WFR____20200318T061733_20200318T062033_20200319T142053_0179_036_362_2520_MAR_O_NT_002.SEN3,geo_coordinates.nc,60317805,80612325201ea0db6fab83daa4075ef02964f139f1670e8919bdad8c432e3ede,94e2511dfa655444fdf836dff3d64ccb-8,"Mon, 22 Mar 2021 22:33:24 GMT"
S3B_OL_2_WFR____20200318T061733_20200318T062033_20200319T142053_0179_036_362_2520_MAR_O_NT_002.SEN3,tie_geo_coordinates.nc,1135581,324205689343722a0ae0468c7608241b68d12447d3ee69d4333ce8a3e72ec5fb,07ed58b7897c983fc950746aef9c3188,"Mon, 22 Mar 2021 22:33:24 GMT"
S3B_OL_2_WFR____20200318T061733_20200318T062033_20200319T142053_0179_036_362_2520_MAR_O_NT_002.SEN3,wqsf.nc,6775811,8749d438e37dc3d855dc60a92eaf23d7bc82e1d829b277e37f8cdf4e40a38f2d,390dbaed874791e29482b4bd90176984,"Mon, 22 Mar 2021 22:33:24 GMT"
S3B_OL_2_WFR____20200321T064000_20200321T064300_20200322T155223_0179_037_020_2520_MAR_O_NT_002.SEN3,chl_oc4me.nc,1568061,568e2720e49843630497342c40e63046e8dee873b1ad2b3a13b83b368af0bb0d,3e27d31f292777e31a8d6640fb0e8098,"Thu, 01 Apr 2021 15:51:01 GMT"
S3B_OL_2_WFR____20200321T064000_20200321T064300_20200322T155223_0179_037_020_2520_MAR_O_NT_002.SEN3,geo_coordinates.nc,60097725,e0882d45b0f7521d799ea77ccb2dfb0490a80700aea2c6548e7de5ac6c1bf38b,56ab5c7f2ea59d2e5895d2d5087dcdfb-8,"Thu, 01 Apr 2021 15:51:01 GMT"
S3B_OL_2_WFR____20200321T064000_20200321T064300_20200322T155223_0179_037_020_2520_MAR_O_NT_002.SEN3,tie_geo_coordinates.nc,1138481,f4c322f445e2d94d394051eb1831da73d6fc38e755b9d7ec1a4ed7356832fd7e,3cc3f0076a713f722a4d25b50ddc7f7e,"Thu, 01 Apr 2021 15:51:01 GMT"
S3B_OL_2_WFR____20200321T064000_20200321T064300_20200322T155223_0179_037_020_2520_MAR_O_NT_002.SEN3,wqsf.nc,4381190,23ba97350f6ad2b6616676a7a9bb5c32bbd1af4f770d51a0cf5f861f792c2199,13f1a88fe92c2de5325aed9a65e425ec,"Thu, 01 Apr 2021 15:51:01 GMT"
S3B_OL_2_WFR____20200322T061349_20200322T061649_20200323T153651_0179_037_034_2520_MAR_O_NT_002.SEN3,chl_oc4me.nc,1769129,d772e4977458f558a6d542184bfa1d6e0d6809923130dd78bc8807d7024534c7,3ef6903681274f4ef81d9fe4abc8d74a,"Mon, 22 Mar 2021 22:30:35 GMT"
S3B_OL_2_WFR____20200322T061349_20200322T061649_20200323T153651_0179_037_034_2520_MAR_O_NT_002.SEN3,geo_coordinates.nc,60112641,dcef5ab14788370393c0a108f4a2aaecd4393d1c71de7cf48fa79febd11e916e,9ef3086ee6fc1ec21e63066efe700dc1-8,"Mon, 22 Mar 2021 22:30:35 GMT"
S3B_OL_2_WFR____20200322T061349_20200322T061649_20200323T153651_0179_037_034_2520_MAR_O_NT_002.SEN3,tie_geo_coordinates.nc,1136238,e15890d0576b65f22142d8a1b7b72358da076b80bf6ca31d15c5f967f345c8f3,909b53287df54f0af47661c83b49616d,"Mon, 22 Mar 2021 22:30:35 GMT"
S3B_OL_2_WFR____20200322T061349_20200322T061649_20200323T153651_0179_037_034_2520_MAR_O_NT_002.SEN3,wqsf.nc,4369194,16fa3e6aea7275697022822bc66ef51282af7db361143e90f1c5afe43050e32b,6c634d7eea2a207cd829c991b7241ae3,"Mon, 22 Mar 2021 22:30:35 GMT"
S3B_OL_2_WFR____20200325T063616_20200325T063916_20200326T143633_0179_037_077_2520_MAR_O_NT_002.SEN3,chl_oc4me.nc,4563887,2ddd6d533f3a7c17a351d4790fb4ce2619e07efa555101de51e605b94bc1cc29,5a10c16b0359541d6c2cdd037b94ec5d,"Thu, 25 Mar 2021 11:11:09 GMT"
S3B_OL_2_WFR____20200325T063616_20200325T063916_20200326T143633_0179_037_077_2520_MAR_O_NT_002.SEN3,geo_coordinates.nc,60277905,d44e2c0843599553918f08d8040b8ed4a1cc91ec0cd9114c2ed3564bd2c838c3,4e70cde290dab00f95e1f04f23900068-8,"Thu, 25 Mar 2021 11:11:08 GMT"
S3B_OL_2_WFR____20200325T063616_20200325T063916_20200326T143633_0179_037_077_2520_MAR_O_NT_002.SEN3,tie_geo_coordinates.nc,1134693,2c66337045928bda63f37382bf1aa73b48bb7c47a1423e21471cf2e96fbd85f5,47cdc88c266a836daf25f7ca23fb44e0,"Thu, 25 Mar 2021 11:11:08 GMT"
S3B_OL_2_WFR____20200325T063616_20200325T063916_20200326T143633_0179_037_077_2520_MAR_O_NT_002.SEN3,wqsf.nc,5585822,ad5faa0fc86825d337f8531e8d8c1e10f510baa46d292fde3a54437804d87003,18668171deff2f31eeb3ec8f0af2719d,"Thu, 25 Mar 2021 11:11:08 GMT"
S3B_OL_2_WFR____20200326T061005_20200326T061305_20200327T113632_0180_037_091_2520_MAR_O_NT_002.SEN3,chl_oc4me.nc,6536894,4fb6effee1fdebc69b56328daf361e4b3a1ef2fe0efd7840053357d83032bcbf,514891c9856d18347f9380d6cf6d0c77,"Mon, 22 Mar 2021 22:28:21 GMT"
S3B_OL_2_WFR____20200326T061005_20200326T061305_20200327T113632_0180_037_091_2520_MAR_O_NT_002.SEN3,geo_coordinates.nc,59856053,fe95c9f847fa24f4bd21a6e69e23594c229da34876e5dbc39884b1cc486ea2d9,d3018820a93d3d9d8736b2a174dc599f-8,"Mon, 22 Mar 2021 22:28:21 GMT"
S3B_OL_2_WFR____20200326T061005_20200326T061305_20200327T113632_0180_037_091_2520_MAR_O_NT_002.SEN3,tie_geo_coordinates.nc,1133767,6e1e83eaa01967bc9e58e9032433f64498a9eb5fda3fc28f9232f1429d554e3e,08150f7693887664cbe7266b9c80c822,"Mon, 22 Mar 2021 22:28:21 GMT"
S3B_OL_2_WFR____20200326T061005_20200326T061305_20200327T113632_0180_037_091_2520_MAR_O_NT_002.SEN3,wqsf.nc,6635940,54843a8812de900772db24d3d764e0bb11558f156c8bc12ef677e893a7a575fe,05b51cd943e547bb1f6997681e0cd3d4,"Mon, 22 Mar 2021 22:28:21 GMT"
S3B_OL_2_WFR____20200328T065842_20200328T070142_20200329T152028_0179_037_120_2520_MAR_O_NT_002.SEN3,tie_geo_coordinates.nc,1139737,2e86e82841203840aded320800740fd47caa348988c612c7c81306a658759910,48c689c38af44df5363bd9e261c69061,"Mon, 22 Mar 2021 22:26:16 GMT"
S3B_OL_2_WFR____20200329T063231_20200329T063531_20200330T124529_0179_037_134_2520_MAR_O_NT_002.SEN3,chl_oc4me.nc,1063955,0bf34addf936e6003dab3e61e81f5a748d97f08dd4727c97ed55d4d1d3ce6519,72413b9e1eab30131f02363abedfbbce,"Thu, 01 Apr 2021 15:48:52 GMT"
S3B_OL_2_WFR____20200329T063231_20200329T063531_20200330T124529_0179_037_134_2520_MAR_O_NT_002.SEN3,geo_coordinates.nc,60440794,09ed4d4e9e9a29b32b1f043c36c11bbe9d0d652d984e2d7083b113bada91812b,e83af58f2ae22232e06a90546bd318b3-8,"Thu, 01 Apr 2021 15:48:52 GMT"
S3B_OL_2_WFR____20200329T063231_20200329T063531_20200330T124529_0179_037_134_2520_MAR_O_NT_002.SEN3,tie_geo_coordinates.nc,1139405,b9425efd10273f18434f86a1509ceed8349d1328cd1f6c26dc5c781f36aefba2,d1371df5ffff9de709ae20a787a85881,"Thu, 01 Apr 2021 15:48:52 GMT"
S3B_OL_2_WFR____20200329T063231_20200329T063531_20200330T124529_0179_037_134_2520_MAR_O_NT_002.SEN3,wqsf.nc,3237615,d7647fecee5f3fe06e0e427f66141a0416d83d196e07ca330c679308bfe93ff1,af1f76a3a402ef26e09f6ebe0354bade,"Thu, 01 Apr 2021 15:48:52 GMT"
S3B_OL_2_WFR____20200330T060620_20200330T060920_20200331T152709_0179_037_148_2520_MAR_O_NT_002.SEN3,chl_oc4me.nc,4069482,08e04f50b2248b88592fc98325e85621bb4e11b4182fd4da3e9ae5603c97b8a3,efbb530da587d1a623bfc29c9841929c,"Mon, 22 Mar 2021 22:25:42 GMT"
S3B_OL_2_WFR____20200330T060620_20200330T060920_20200331T152709_0179_037_148_2520_MAR_O_NT_002.SEN3,geo_coordinates.nc,59746145,b7877d3511bb81ca3421fb1855bc23d4bf1433c4ece8c2e5a922dd1ac8d28cf8,270bf2ee0cc544dfa106a8ac160efee8-8,"Mon, 22 Mar 2021 22:25:42 GMT"
S3B_OL_2_WFR____20200330T060620_20200330T060920_20200331T152709_0179_037_148_2520_MAR_O_NT_002.SEN3,tie_geo_coordinates.nc,1133785,8d66b7103cd1edac155c029079637bd8d97abe40b37bd78c6713c391fd313f58,3c2c849b5a12803ed69c882a3a1fc54f,"Mon, 22 Mar 2021 22:25:42 GMT"
S3B_OL_2_WFR____20200330T060620_20200330T060920_20200331T152709_0179_037_148_2520_MAR_O_NT_002.SEN3,wqsf.nc,8089626,af5e611424e7de9861f9c149b0356e164b6c6896ecbbef70297c3c8dc08551cd,ea53e73b1e858f53c44d5108234fabcc,"Mon, 22 Mar 2021 22:25:42 GMT"
S3B_OL_2_WFR____20200401T065458_20200401T065758_20200402T130854_0179_037_177_2520_MAR_O_NT_002.SEN3,tie_geo_coordinates.nc,1138020,6a639e1b90c2143ce15419484e1d0951882f276e194e5f1fdb3ea852acce4280,7a4ecb66792b2bb0c2c558ae677f6be8,"Thu, 01 Apr 2021 15:48:14 GMT"
S3B_OL_2_WFR____20200402T062847_20200402T063147_20200403T140750_0179_037_191_2520_MAR_O_NT_002.SEN3,chl_oc4me.nc,2089769,9ce35b587a34a7418c38acfa70d23b764b0df3fc8321f95f5c6ed031f343e181,9acb5acb6a5b2a8411776fe89852fe0c,"Mon, 22 Mar 2021 22:23:59 GMT"
S3B_OL_2_WFR____20200402T062847_20200402T063147_20200403T140750_0179_037_191_2520_MAR_O_NT_002.SEN3,geo_coordinates.nc,60457016,95985037519bbfe700f7cc6d9d715349242835f86429f2b34aab4691022cff36,760af647d8f0105e35565b2a94b82825-8,"Mon, 22 Mar 2021 22:23:59 GMT"
S3B_OL_2_WFR____20200402T062847_20200402T063147_20200403T140750_0179_037_191_2520_MAR_O_NT_002.SEN3,tie_geo_coordinates.nc,1137848,1295a56e0f0602246bb0b98c306d2833d847e406fbec8663c9607419997916c7,8671af99386145d70a6cfd9e7595061d,"Mon, 22 Mar 2021 22:23:59 GMT"
S3B_OL_2_WFR____20200402T062847_20200402T063147_20200403T140750_0179_037_191_2520_MAR_O_NT_002.SEN3,wqsf.nc,4391968,9eda81c8747bd8d4526025281e7b9d4359e182e78730349f7e289d8f866205f5,e1e242c6ea1d30a31a271697e6252135,"Mon, 22 Mar 2021 22:23:59 GMT"
S3B_OL_2_WFR____20200403T060236_20200403T060536_20200404T130543_0179_037_205_2520_MAR_O_NT_002.SEN3,chl_oc4me.nc,7697870,ece9ef6d3ce48cd2b484a1552240c13255925f85ba41b125051ef9d0dd3e4fe6,d3a8891430acc0c9781ec585bbcd497f,"Thu, 25 Mar 2021 11:08:00 GMT"
S3B_OL_2_WFR____20200403T060236_20200403T060536_20200404T130543_0179_037_205_2520_MAR_O_NT_002.SEN3,geo_coordinates.nc,59626834,2c0e1ce0bc4137a29003ec1ad26134fec1a79a420dca2dc7f8cd5d1f7ab6b0dc,19aa8e66a124dd5c27c5f97c5cce182c-8,"Thu, 25 Mar 2021 11:07:59 GMT"
S3B_OL_2_WFR____20200403T060236_20200403T060536_20200404T130543_0179_037_205_2520_MAR_O_NT_002.SEN3,tie_geo_coordinates.nc,1133672,f693f808f2812171ba84ac7246546ffb2518ba6d6be2c170bb984596a3ba5922,3a3397d6ed2a9307a92425bce06dd2db,"Thu, 25 Mar 2021 11:07:59 GMT"
S3B_OL_2_WFR____20200403T060236_20200403T060536_20200404T130543_0179_037_205_2520_MAR_O_NT_002.SEN3,wqsf.nc,8531402,0d334b1d47b24815f8cbe6d8f1e49b7ce5d115939ca934d539dac7e080663ff1,427b3da1eb2b1b9471b1f1d6c352d789-2,"Thu, 25 Mar 2021 11:07:59 GMT"
S3B_OL_2_WFR____20200405T065113_20200405T065413_20200406T152020_0179_037_234_2520_MAR_O_NT_002.SEN3,chl_oc4me.nc,3186468,44916bca7de317eec260a3234550b94aefdfcbf6a28414944271a0ec469ac1be,36b066593a2b9a38619cf54b6bff78fa,"Mon, 22 Mar 2021 22:22:22 GMT"
S3B_OL_2_WFR____20200405T065113_20200405T065413_20200406T152020_0179_037_234_2520_MAR_O_NT_002.SEN3,geo_coordinates.nc,59666154,7916eb03879928f9ed0f2be82ee5b61b08e95756dbe476672de35754d0117ec7,190c16cb9fccf7452e6c1ea19713369b-8,"Mon, 22 Mar 2021 22:22:22 GMT"
S3B_OL_2_WFR____20200405T065113_20200405T065413_20200406T152020_0179_037_234_2520_MAR_O_NT_002.SEN3,tie_geo_coordinates.nc,1135352,6da81001bc165fdeadeac2c0efe521bbc3e7467250c628ecf0d62c331d133057,3d583b9a6978b10d205c3f3eb9bea4cb,"Mon, 22 Mar 2021 22:22:22 GMT"
S3B_OL_2_WFR____20200405T065113_20200405T065413_20200406T152020_0179_037_234_2520_MAR_O_NT_002.SEN3,wqsf.nc,4324669,a3bd503cfa68243b72f5ec183da4fb7d7c520b4445054743274447a5e65832ef,229f1cbe4f66f9034a42695bdba357c5,"Mon, 22 Mar 2021 22:22:22 GMT"
S3B_OL_2_WFR____20200406T062502_20200406T062802_20200407T145352_0179_037_248_2520_MAR_O_NT_002.SEN3,chl_oc4me.nc,4215161,b7f3b9bd25f30ef2d96a380401a6b115eae3640b00531e2cfe9d771b5e744af8,594207e821c42665b915c4b4adcc4723,"Thu, 25 Mar 2021 11:06:32 GMT"
S3B_OL_2_WFR____20200406T062502_20200406T062802_20200407T145352_0179_037_248_2520_MAR_O_NT_002.SEN3,geo_coordinates.nc,60494439,afe50658d3e85909b646f1ca741b61b601c40b134ad1409f930d1f2307fc8962,aaf65008cacfe9593a50c3b3b73bfa53-8,"Thu, 25 Mar 2021 11:06:32 GMT"
S3B_OL_2_WFR____20200406T062502_20200406T062802_20200407T145352_0179_037_248_2520_MAR_O_NT_002.SEN3,tie_geo_coordinates.nc,1140782,b12b11beb2eb96cb420f1faa9490fd16d93fe453c1f74335022cdbbd0624b2e7,13014bb86c2d2188a07f07620e3ac158,"Thu, 25 Mar 2021 11:06:32 GMT"
S3B_OL_2_WFR____20200406T062502_20200406T062802_20200407T145352_0179_037_248_2520_MAR_O_NT_002.SEN3,wqsf.nc,4901922,1b6eea1afc90276a3e3284c5d2f14323fe7b5ef98b713c0e6fe600393de0c9a7,3ee3d058ca52dd4dad467b3f2acb7511,"Thu, 25 Mar 2021 11:06:32 GMT"
S3B_OL_2_WFR____20200407T055851_20200407T060151_20200408T151510_0179_037_262_2520_MAR_O_NT_002.SEN3,chl_oc4me.nc,8860816,910805839919c17b5c668e73cc93fd6c303c9fce02310b599d5437b99080b1b3,91d96b4ef846bdab60f5c492c0c766b2-2,"Thu, 01 Apr 2021 15:46:24 GMT"
S3B_OL_2_WFR____20200407T055851_20200407T060151_20200408T151510_0179_037_262_2520_MAR_O_NT_002.SEN3,geo_coordinates.nc,59373728,d241742b620164a2ba85ef7946d92a25a06285656f830f8d75fdea2c99075491,c8ee8c0c8849dd8f8e948c01578cffff-8,"Thu, 01 Apr 2021 15:46:24 GMT"
S3B_OL_2_WFR____20200407T055851_20200407T060151_20200408T151510_0179_037_262_2520_MAR_O_NT_002.SEN3,tie_geo_coordinates.nc,1136488,a0b271b6bab924379d1a29c7ae64e130364c2cafc6b3636216b62d810d18bb4f,585bbdd17ba904b4775b4c48bf067fc8,"Thu, 01 Apr 2021 15:46:24 GMT"
S3B_OL_2_WFR____20200407T055851_20200407T060151_20200408T151510_0179_037_262_2520_MAR_O_NT_002.SEN3,wqsf.nc,7700059,2e8238cc6a0d696f6ee3b6c4768fc0d00589fd7999f62d67925ae38ce1785439,397fca026a7d1097e20b79b1f15c45f0,"Thu, 01 Apr 2021 15:46:25 GMT"
S3B_OL_2_WFR____20200409T064729_20200409T065029_20200410T120526_0180_037_291_2520_MAR_O_NT_002.SEN3,chl_oc4me.nc,2277176,86b5def5dda99ac5ea6b673c793dc4de44b15bc0ad2ece3033560a0a174bd138,08b3ecd513dfb622827bce654f7d2c7d,"Mon, 22 Mar 2021 22:20:00 GMT"
S3B_OL_2_WFR____20200409T064729_20200409T065029_20200410T120526_0180_037_291_2520_MAR_O_NT_002.SEN3,geo_coordinates.nc,59810607,9842668a8c8ff11f277b8453c69cb5b54c2f4c8b34cab7e376f442f4c082c621,d1ec588997295ae42421ef132ef28a63-8,"Mon, 22 Mar 2021 22:20:00 GMT"
S3B_OL_2_WFR____20200409T064729_20200409T065029_20200410T120526_0180_037_291_2520_MAR_O_NT_002.SEN3,tie_geo_coordinates.nc,1139776,bd4e898acc09446be5a24e61a6a71e21c517acf22fdb301818eb843449e7081f,98addafe26fcb69fa92780f2969456f9,"Mon, 22 Mar 2021 22:20:00 GMT"
S3B_OL_2_WFR____20200409T064729_20200409T065029_20200410T120526_0180_037_291_2520_MAR_O_NT_002.SEN3,wqsf.nc,5088973,21116037ee0ab0f36c79b80fcbfae25ab3a92767269a8e5a8940e0374e2711c3,d1e6e92071a82866f15c7bd6c770050c,"Mon, 22 Mar 2021 22:20:00 GMT"
S3B_OL_2_WFR____20200410T062118_20200410T062418_20200411T151904_0179_037_305_2520_MAR_O_NT_002.SEN3,chl_oc4me.nc,3590071,abbda535eb51bbfa97ee7a3ff6120c049626db244bd7c560e0e8a34fba012ea8,57b0236ea61474b9b2452cf6ca1e53a2,"Thu, 01 Apr 2021 15:45:30 GMT"
S3B_OL_2_WFR____20200410T062118_20200410T062418_20200411T151904_0179_037_305_2520_MAR_O_NT_002.SEN3,geo_coordinates.nc,60487769,75f5a2d18bca1b16c00421a98d617aceb0ef64ca4af53a282816d63282f07222,1be8915c9ee9b59a5d787f4d2b2c14fd-8,"Thu, 01 Apr 2021 15:45:30 GMT"
S3B_OL_2_WFR____20200410T062118_20200410T062418_20200411T151904_0179_037_305_2520_MAR_O_NT_002.SEN3,tie_geo_coordinates.nc,1136752,7805f4fa864b36242bb2882901301c2e2a4ba5af5e444ca61f6e1a8c48d5088e,23d5504d4bc454a12502403a07a540be,"Thu, 01 Apr 2021 15:45:30 GMT"
S3B_OL_2_WFR____20200410T062118_20200410T062418_20200411T151904_0179_037_305_2520_MAR_O_NT_002.SEN3,wqsf.nc,5656387,a17133ae2b89c403f359e3bd96e3253457e5f8042fbcb5eee52dac55e01ab93f,13ca18093f8b17dd93e4253698ed89f6,"Thu, 01 Apr 2021 15:45:30 GMT"
S3B_OL_2_WFR____20200410T062118_20200410T062418_20200415T154558_0179_037_305_2520_MAR_O_NT_002.SEN3,chl_oc4me.nc,3590071,eefa1a2e4fdf799c628c3fce77970e5ea392b2a5b78bc22a333302e491a32478,86ef73af7aba34167d56f4aa527fd340,"Mon, 22 Mar 2021 22:19:15 GMT"
S3B_OL_2_WFR____20200410T062118_20200410T062418_20200415T154558_0179_037_305_2520_MAR_O_NT_002.SEN3,geo_coordinates.nc,60487769,60d78f2f0989aac13388079144e66e2e6d323140f83e4259bc122ab6655be8c3,4596767b31f2eaf5bd501c119dddbe98-8,"Mon, 22 Mar 2021 22:19:15 GMT"
S3B_OL_2_WFR____20200410T062118_20200410T062418_20200415T154558_0179_037_305_2520_MAR_O_NT_002.SEN3,tie_geo_coordinates.nc,1136752,13b1b106480f2cc49942c6afd2954d13333c2241959c5149dfb4b104b37bff43,bbd2f001c780a4965b77570b863057aa,"Mon, 22 Mar 2021 22:19:15 GMT"
S3B_OL_2_WFR____20200410T062118_20200410T062418_20200415T154558_0179_037_305_2520_MAR_O_NT_002.SEN3,wqsf.nc,5656387,c5eb0575cf1eeefe51246e96ac1e5c5778f3350c570491d0c6591cd67408e83e,0fa663e8acd0df2231b162dc5847b24f,"Mon, 22 Mar 2021 22:19:15 GMT"
S3B_OL_2_WFR____20200413T064345_20200413T064645_20200414T145050_0179_037_348_2520_MAR_O_NT_002.SEN3,chl_oc4me.nc,940460,04a3eb745f4a4f5adc6e7cf3413991cf5321bb186caf2d9c04782abc33ebe226,77ed3611d0615f7f8e115117ad26a090,"Mon, 22 Mar 2021 22:17:33 GMT"
S3B_OL_2_WFR____20200413T064345_20200413T064645_20200414T145050_0179_037_348_2520_MAR_O_NT_002.SEN3,geo_coordinates.nc,59982068,a45cacf75de06e471c5a087a0767547eb88b726ce7357694b9e701af72bc9be9,e07a1f6a93ae13a4a055632c210d6bf7-8,"Mon, 22 Mar 2021 22:17:33 GMT"
S3B_OL_2_WFR____20200413T064345_20200413T064645_20200414T145050_0179_037_348_2520_MAR_O_NT_002.SEN3,tie_geo_coordinates.nc,1139999,07f5dddb5d0e2bb092a9f2aea8fa3f07da2236b181bc94329e832a580a26d2e2,ce6ab212a22e1c2756beb52071e55485,"Mon, 22 Mar 2021 22:17:33 GMT"
S3B_OL_2_WFR____20200413T064345_20200413T064645_20200414T145050_0179_037_348_2520_MAR_O_NT_002.SEN3,wqsf.nc,3645450,b0df70e8e941f15434fb9584d7e9260982e658db3448ecbd3ce78213ea251eda,64fe52b32e698311d6a254b5b665b077,"Mon, 22 Mar 2021 22:17:33 GMT"
S3B_OL_2_WFR____20200414T061735_20200414T062035_20200415T151140_0179_037_362_2520_MAR_O_NT_002.SEN3,chl_oc4me.nc,4903623,eb28962de347dc96772aa8c0e3c4717f25cbc8841628a3f93fa900096a07e447,9d716df00eac28a947d1d01b45b93959,"Thu, 25 Mar 2021 11:04:10 GMT"
S3B_OL_2_WFR____20200414T061735_20200414T062035_20200415T151140_0179_037_362_2520_MAR_O_NT_002.SEN3,geo_coordinates.nc,60331783,a0794fb7f4be81b0a97754711d9f5d461816a05b5d4350a1cff90e5ecd95a958,e6d540cbed324a73b6d491540a3be832-8,"Thu, 25 Mar 2021 11:04:10 GMT"
S3B_OL_2_WFR____20200414T061735_20200414T062035_20200415T151140_0179_037_362_2520_MAR_O_NT_002.SEN3,tie_geo_coordinates.nc,1136801,f808dd72a13d27d5200d6578b5d8b470143665f3128fd0581cedf67e4b49e1d5,38df225aebe442bb5a55e38894a839df,"Thu, 25 Mar 2021 11:04:10 GMT"
S3B_OL_2_WFR____20200414T061735_20200414T062035_20200415T151140_0179_037_362_2520_MAR_O_NT_002.SEN3,wqsf.nc,5637532,dcd4569423b56a333a9b562cf356a2b8aad1fd5bbf7df0679e42ff0a8159541b,387a58fa8f1d89383fa76805206a3d25,"Thu, 25 Mar 2021 11:04:10 GMT"
S3B_OL_2_WFR____20200417T064002_20200417T064302_20200418T153424_0179_038_020_2520_MAR_O_NT_002.SEN3,chl_oc4me.nc,4445871,dd865f7c8fa0d8060a671c13bf3ae212ce2f22e081aaaac0db2135f390858b42,1d5b6f756ac73bc256259234a63d445d,"Mon, 22 Mar 2021 22:15:17 GMT"
S3B_OL_2_WFR____20200417T064002_20200417T064302_20200418T153424_0179_038_020_2520_MAR_O_NT_002.SEN3,geo_coordinates.nc,60113775,510738e397e1e06c9c7db1ede72dc0c58d67d2f216d26449a75195b67c8db0d0,f7cbfaef6d8ff410cf8f0ceb489ccbf3-8,"Mon, 22 Mar 2021 22:15:17 GMT"
S3B_OL_2_WFR____20200417T064002_20200417T064302_20200418T153424_0179_038_020_2520_MAR_O_NT_002.SEN3,tie_geo_coordinates.nc,1139131,62e466c37321d28a5a74c26aec8eac184e2ea4dce41fd34cae979b37f48a8aed,95f335cebfda9b17c7fdcc80f131f548,"Mon, 22 Mar 2021 22:15:17 GMT"
S3B_OL_2_WFR____20200417T064002_20200417T064302_20200418T153424_0179_038_020_2520_MAR_O_NT_002.SEN3,wqsf.nc,4619808,8e2fc032788ec1a99f065f31c22c682ed384907b83e1e25ae7fa7cc63603dd6a,a0f05b63e76d89144aeeb2f3d46e0faf,"Mon, 22 Mar 2021 22:15:17 GMT"
S3B_OL_2_WFR____20200418T061351_20200418T061651_20200419T154031_0179_038_034_2520_MAR_O_NT_002.SEN3,chl_oc4me.nc,5823614,953163fcd7d9c8239fc0256130b0ce5f02180a41612e886ce8174320b869fbd5,d7670988c42d73df64daf1ecd3a0745b,"Thu, 01 Apr 2021 15:43:13 GMT"
S3B_OL_2_WFR____20200418T061351_20200418T061651_20200419T154031_0179_038_034_2520_MAR_O_NT_002.SEN3,geo_coordinates.nc,60130356,15ce38ab5a6bbe23aff64b86c594f7cef359e321b42044d87856f85a2d29b67f,7e75a9d89728022d022f60e2c2c64eb8-8,"Thu, 01 Apr 2021 15:43:13 GMT"
S3B_OL_2_WFR____20200418T061351_20200418T061651_20200419T154031_0179_038_034_2520_MAR_O_NT_002.SEN3,tie_geo_coordinates.nc,1136659,01a5a8646f10df959d49b87a831d9ff66732c270add0e66acb1648a7579e7561,03ce28af2bec1b75f55538f8403e1016,"Thu, 01 Apr 2021 15:43:13 GMT"
S3B_OL_2_WFR____20200418T061351_20200418T061651_20200419T154031_0179_038_034_2520_MAR_O_NT_002.SEN3,wqsf.nc,6003101,caea30043c92a2900144eadafb7d4a334dffb9620ae10b34183f472a2dac4d40,bbf624981ab7ff890d1e23afb69c7e0e,"Thu, 01 Apr 2021 15:43:13 GMT"
S3B_OL_2_WFR____20200421T063618_20200421T063918_20200422T141813_0180_038_077_2520_MAR_O_NT_002.SEN3,chl_oc4me.nc,724613,7ccf85eb6b963e815cde57f52853a367b2b0c0e4fb461da0774c7af3507c65ed,2a00c8de9263d480d74427b14b46636d,"Mon, 22 Mar 2021 22:12:41 GMT"
S3B_OL_2_WFR____20200421T063618_20200421T063918_20200422T141813_0180_038_077_2520_MAR_O_NT_002.SEN3,geo_coordinates.nc,60261166,efd207680bb8a749bc25e133ac8aac0eb954ae0209270a9dd4b912d070fefaf7,3dad1367dffd95191a74bf471852aff5-8,"Mon, 22 Mar 2021 22:12:41 GMT"
S3B_OL_2_WFR____20200421T063618_20200421T063918_20200422T141813_0180_038_077_2520_MAR_O_NT_002.SEN3,tie_geo_coordinates.nc,1137313,a0b2a77fbfd0090d7cbca30a9ed240450e1497dc256094138f05a7402b5d2d3f,8fdcdde1e8ca0854d50b693d18ef37e0,"Mon, 22 Mar 2021 22:12:41 GMT"
S3B_OL_2_WFR____20200421T063618_20200421T063918_20200422T141813_0180_038_077_2520_MAR_O_NT_002.SEN3,wqsf.nc,2577617,c55e68aed94c310b9074084b7a7bc0adbd991764631ade69d72f95a8a8c6ea7c,fe7768385bf9405906e8fb4a5741fc56,"Mon, 22 Mar 2021 22:12:41 GMT"
S3B_OL_2_WFR____20200422T061007_20200422T061307_20200423T115320_0179_038_091_2520_MAR_O_NT_002.SEN3,chl_oc4me.nc,5826113,2987ac0926792ff0e323228f5b9d189d4e8c6d4d01833999c67ed159cb0eb7cd,f3184ae774706a042fc13f783ec358ce,"Thu, 25 Mar 2021 11:01:58 GMT"
S3B_OL_2_WFR____20200422T061007_20200422T061307_20200423T115320_0179_038_091_2520_MAR_O_NT_002.SEN3,geo_coordinates.nc,59905991,3d391b99e3f37659424b5dc8f8fddf2785bc586bcac4556722b5f1539a37193f,b6cb0d00fb0fb1eaf04d82f971a183ba-8,"Thu, 25 Mar 2021 11:01:58 GMT"
S3B_OL_2_WFR____20200422T061007_20200422T061307_20200423T115320_0179_038_091_2520_MAR_O_NT_002.SEN3,tie_geo_coordinates.nc,1137224,36b87a095a3549b73c789a6a8cc98f76891bbf8f3674e17dca70adafd42f0ead,ea69085bd4bd6f9ea8208f2052338170,"Thu, 25 Mar 2021 11:01:57 GMT"
S3B_OL_2_WFR____20200422T061007_20200422T061307_20200423T115320_0179_038_091_2520_MAR_O_NT_002.SEN3,wqsf.nc,6665809,ad7bcbe5934c2174900e73f780242284294ce73a907d3e8505077756aca4f55f,84fb95b44b92639d80e060600b8e1766,"Thu, 25 Mar 2021 11:01:58 GMT"
S3B_OL_2_WFR____20200424T065845_20200424T070145_20200425T162021_0180_038_120_2520_MAR_O_NT_002.SEN3,tie_geo_coordinates.nc,1135258,b35c6b22039a5d32d9a893a3c47d0801e0428095a232ba70a7917bd1a0c4c5a1,13ef2bbb178fa849eabc28adaa9c5b88,"Thu, 25 Mar 2021 11:01:08 GMT"
S3B_OL_2_WFR____20200425T063234_20200425T063534_20200426T151904_0179_038_134_2520_MAR_O_NT_002.SEN3,chl_oc4me.nc,4439296,01d3ed4fa91daa4a3406d1348107492f24528d02346fb806eb4cf8c652ecb935,54dedadb300e9c6899f3709fec3c7649,"Mon, 22 Mar 2021 22:10:07 GMT"
S3B_OL_2_WFR____20200425T063234_20200425T063534_20200426T151904_0179_038_134_2520_MAR_O_NT_002.SEN3,geo_coordinates.nc,60468599,620788c2ec05de8df3279a6e88050c48d1daf45fea3653ac0c216b39f1269737,e90d0d55e8f5e80e0528ac61ec013e76-8,"Mon, 22 Mar 2021 22:10:07 GMT"
S3B_OL_2_WFR____20200425T063234_20200425T063534_20200426T151904_0179_038_134_2520_MAR_O_NT_002.SEN3,tie_geo_coordinates.nc,1137181,ee40c3c8aa6ff90955bdb27526961898d22d6164e566df7ffe50c4c25ed4bcf9,3bf00585f653e2594b6b212b271d227a,"Mon, 22 Mar 2021 22:10:06 GMT"
S3B_OL_2_WFR____20200425T063234_20200425T063534_20200426T151904_0179_038_134_2520_MAR_O_NT_002.SEN3,wqsf.nc,4427009,6a0776e60a578d52a269d66075fabd1cd68ee3dd3c944f3ed47d424994ba79f7,5b99846639ca73c5fee035e6dceaa842,"Mon, 22 Mar 2021 22:10:07 GMT"
S3B_OL_2_WFR____20200426T060624_20200426T060924_20200427T155235_0179_038_148_2520_MAR_O_NT_002.SEN3,chl_oc4me.nc,7946107,709d97dc5672fe3190f9ae4d50c1df45914d6dde88396aba940a03e40077af61,b74d9a3d04ed187fac8109b8a740f696,"Thu, 01 Apr 2021 15:40:57 GMT"
S3B_OL_2_WFR____20200426T060624_20200426T060924_20200427T155235_0179_038_148_2520_MAR_O_NT_002.SEN3,geo_coordinates.nc,59770720,c8a64dbdc2288e9563d18fc52e86005cae6c59385e3eb7f199ebce7cc8d82a76,9658181900e7c3749ce895fb4865442d-8,"Thu, 01 Apr 2021 15:40:57 GMT"
S3B_OL_2_WFR____20200426T060624_20200426T060924_20200427T155235_0179_038_148_2520_MAR_O_NT_002.SEN3,tie_geo_coordinates.nc,1133746,6ca9f967a5c04fde351e01ced5e5af64003dda1175ff234f0809d6d91ddebabf,471780fbea1849f3bf33797384bf78c3,"Thu, 01 Apr 2021 15:40:57 GMT"
S3B_OL_2_WFR____20200426T060624_20200426T060924_20200427T155235_0179_038_148_2520_MAR_O_NT_002.SEN3,wqsf.nc,6832022,f0e9d2c86cf6780021f81689d1dd8a8eaab142aa93e0b8006b96f4e537c456d4,cef3a0d964226989fb99b411399b5fe2,"Thu, 01 Apr 2021 15:40:57 GMT"
S3B_OL_2_WFR____20200428T065501_20200428T065801_20200429T145725_0179_038_177_2520_MAR_O_NT_002.SEN3,tie_geo_coordinates.nc,1137258,cd02b345d1be5bf273b2a825c4b2ad4ec9840bf6c5ca31d786e4c515b784ad05,7ebe0a018043f77ce4c97fa1bd045c5c,"Mon, 22 Mar 2021 22:08:40 GMT"
S3B_OL_2_WFR____20200429T062850_20200429T063150_20200430T145727_0179_038_191_2520_MAR_O_NT_002.SEN3,chl_oc4me.nc,1470551,f6b3b4e6c4f8c4cac8b920b2ed799d173150748ce2ac158b67b5debea7da08fb,768f303474e0d14ecc3f6aec517c640d,"Thu, 01 Apr 2021 15:40:01 GMT"
S3B_OL_2_WFR____20200429T062850_20200429T063150_20200430T145727_0179_038_191_2520_MAR_O_NT_002.SEN3,geo_coordinates.nc,60466578,920de72efc6a8fdf134bb4e6cbf3b9e27ff40441c56259a51f5be875952da129,85bea78f4aa0b7e46da8fbd9e538b630-8,"Thu, 01 Apr 2021 15:40:01 GMT"
S3B_OL_2_WFR____20200429T062850_20200429T063150_20200430T145727_0179_038_191_2520_MAR_O_NT_002.SEN3,tie_geo_coordinates.nc,1135875,cbac2056ed243b3e350e484557427cbe759f1bf05068671b82837d5a60897441,95aba65a6ff275e36537958f2cbcc1ee,"Thu, 01 Apr 2021 15:40:01 GMT"
S3B_OL_2_WFR____20200429T062850_20200429T063150_20200430T145727_0179_038_191_2520_MAR_O_NT_002.SEN3,wqsf.nc,3101628,84f08210ff43d0f8301a3e54022a741721ef4513622958b5a42aea79ce193b8f,1eb9a0f5734cd7b8ba828f70729ac840,"Thu, 01 Apr 2021 15:40:01 GMT"
S3B_OL_2_WFR____20200430T060240_20200430T060540_20200501T144729_0180_038_205_2520_MAR_O_NT_002.SEN3,chl_oc4me.nc,7524046,1db4bba510875c30f4f1c546620a08d25563075bf0dd7fe5809842c8aeec873e,a8f51227ea632e1f4b1e72dd00391a46,"Mon, 22 Mar 2021 22:07:54 GMT"
S3B_OL_2_WFR____20200430T060240_20200430T060540_20200501T144729_0180_038_205_2520_MAR_O_NT_002.SEN3,geo_coordinates.nc,59617763,383747b6d87983955326bce9aaba6c158c8defa7d98034c0d0ad0b946f958b96,fe784f4ad63dbd9d903f147394ff8dad-8,"Mon, 22 Mar 2021 22:07:54 GMT"
S3B_OL_2_WFR____20200430T060240_20200430T060540_20200501T144729_0180_038_205_2520_MAR_O_NT_002.SEN3,tie_geo_coordinates.nc,1133048,d00b6645ee92ba397d44606280a09ac55e97f7c0b51868788b49056104037e26,74f3949a89dbc6d01c0731ed1826aa3a,"Mon, 22 Mar 2021 22:07:54 GMT"
S3B_OL_2_WFR____20200430T060240_20200430T060540_20200501T144729_0180_038_205_2520_MAR_O_NT_002.SEN3,wqsf.nc,7174186,472d7fe4c0ac92a8b3f8df8fcd2820ffa58dbbac777ac50afb97f6287587687c,31b4862d8b5974e58e9baeec844b4734,"Mon, 22 Mar 2021 22:07:54 GMT"
S3B_OL_2_WFR____20200502T065117_20200502T065417_20200503T155532_0179_038_234_2520_MAR_O_NT_002.SEN3,chl_oc4me.nc,1467571,50b42d0166a1b013c5a1a45a99ea473d3facbc7b7b670456d7ada75b16bffb29,a0790963976d183faa75b4b9e8565f6d,"Thu, 01 Apr 2021 15:39:15 GMT"
S3B_OL_2_WFR____20200502T065117_20200502T065417_20200503T155532_0179_038_234_2520_MAR_O_NT_002.SEN3,geo_coordinates.nc,59665455,d12917b7a30849f0626fcb9acbf29ffc7ae96ec140afbf8ca481059501a8fa06,f5065e94665faf01fc05fdf202158450-8,"Thu, 01 Apr 2021 15:39:16 GMT"
S3B_OL_2_WFR____20200502T065117_20200502T065417_20200503T155532_0179_038_234_2520_MAR_O_NT_002.SEN3,tie_geo_coordinates.nc,1138146,c4dc822338c968de811d76cb14e7fa87216232b8f73b5e9553ab040fa06ec112,ab536825ab8c82e006c6064924ada0bd,"Thu, 01 Apr 2021 15:39:15 GMT"
S3B_OL_2_WFR____20200502T065117_20200502T065417_20200503T155532_0179_038_234_2520_MAR_O_NT_002.SEN3,wqsf.nc,4970341,8fddddfc9efea9e9e3642304c635c5e4c103e1e3994b7c7dc400bc40b9b8961f,796ad1b8239662b107789eb5eb104173,"Thu, 01 Apr 2021 15:39:16 GMT"
S3B_OL_2_WFR____20200503T062507_20200503T062807_20200504T152730_0179_038_248_2520_MAR_O_NT_002.SEN3,chl_oc4me.nc,3642141,af88c1cbefc2dbb47498c63fa6c4b0cc47d98dfd8ebb561f16561fa5050bdffa,2587637589cbd84027ba7865d4f49e7b,"Mon, 22 Mar 2021 22:05:46 GMT"
S3B_OL_2_WFR____20200503T062507_20200503T062807_20200504T152730_0179_038_248_2520_MAR_O_NT_002.SEN3,geo_coordinates.nc,60486527,878444708fa3cc35a38ee9dca33b39236155d7d8741723cca938ace7720d2c6c,2e876be4e0495af2da55121aedc4173d-8,"Mon, 22 Mar 2021 22:05:46 GMT"
S3B_OL_2_WFR____20200503T062507_20200503T062807_20200504T152730_0179_038_248_2520_MAR_O_NT_002.SEN3,tie_geo_coordinates.nc,1140675,bba006fb1c872fec5edfd3764446997c04f51855db3f9dfeae8858a11e686fbd,0910dd6528aa52498c0e3e9558de3ac1,"Mon, 22 Mar 2021 22:05:46 GMT"
S3B_OL_2_WFR____20200503T062507_20200503T062807_20200504T152730_0179_038_248_2520_MAR_O_NT_002.SEN3,wqsf.nc,4590123,6773918994c080ec38e5258d5bafec51d083e8a9fc78e9d99410049d052af853,d9f07cfe2a3cfd73b0c8b2658574dd9c,"Mon, 22 Mar 2021 22:05:46 GMT"
S3B_OL_2_WFR____20200504T055856_20200504T060156_20200505T123952_0179_038_262_2520_MAR_O_NT_002.SEN3,chl_oc4me.nc,8738206,3ff81a2eee35e746b407bd0040e7c45bfe214cb5995c6c4fb191c46f81c32ee8,5160bc291d77043826137ba1e6312596-2,"Mon, 22 Mar 2021 22:05:03 GMT"
S3B_OL_2_WFR____20200504T055856_20200504T060156_20200505T123952_0179_038_262_2520_MAR_O_NT_002.SEN3,geo_coordinates.nc,59411452,4e6dfed49592824cb8bf0e36aab96b4de334771a66ae49c29f7598a0e9debc2f,a1b7ffecd8073061c2554bf621790238-8,"Mon, 22 Mar 2021 22:05:03 GMT"
S3B_OL_2_WFR____20200504T055856_20200504T060156_20200505T123952_0179_038_262_2520_MAR_O_NT_002.SEN3,tie_geo_coordinates.nc,1136331,4af1d5547c6d84bb02e214f5ba2448f7cc5e6102d11d7d75df64a3194cf1cf62,26a316833b70eba6f0e9cb26525ca062,"Mon, 22 Mar 2021 22:05:03 GMT"
S3B_OL_2_WFR____20200504T055856_20200504T060156_20200505T123952_0179_038_262_2520_MAR_O_NT_002.SEN3,wqsf.nc,7321224,88b58c96aab1fadd95afdd6de2056dc495cfcf1debf2f9dc7372e4607eeda47d,4f1ebd47ace705707f20d2a5ad330c78,"Mon, 22 Mar 2021 22:05:03 GMT"
S3B_OL_2_WFR____20200506T064733_20200506T065033_20200507T151125_0179_038_291_2520_MAR_O_NT_002.SEN3,chl_oc4me.nc,1344100,7916871a265e9e206c4be93e033adadaffd8995fd89a42a25f1ed145143ad6ba,2689d13492187cac860e157191e6d371,"Thu, 25 Mar 2021 10:58:22 GMT"
S3B_OL_2_WFR____20200506T064733_20200506T065033_20200507T151125_0179_038_291_2520_MAR_O_NT_002.SEN3,geo_coordinates.nc,59829514,44468689aa7bd33e966232446afe770fda2110e602bdbf83f5500c05d23df94d,17743fb9295069a2c600e7d31014bb12-8,"Thu, 25 Mar 2021 10:58:22 GMT"
S3B_OL_2_WFR____20200506T064733_20200506T065033_20200507T151125_0179_038_291_2520_MAR_O_NT_002.SEN3,tie_geo_coordinates.nc,1136411,1b64c4b1a1b406bb8602da8b449f2f58438c2b714428cc4b2eec11b71091e2f6,43ca9bbbda2138052ddbd96e9feda1ff,"Thu, 25 Mar 2021 10:58:22 GMT"
S3B_OL_2_WFR____20200506T064733_20200506T065033_20200507T151125_0179_038_291_2520_MAR_O_NT_002.SEN3,wqsf.nc,3626916,80a2f53f753e52ffec266104146657f4cb6c131170326e686598483bec277541,850d455b9a8149cf022150c62838a264,"Thu, 25 Mar 2021 10:58:22 GMT"
S3B_OL_2_WFR____20200507T062123_20200507T062423_20200508T144712_0179_038_305_2520_MAR_O_NT_002.SEN3,chl_oc4me.nc,4091008,6d5a9b398bdee650d9abd27f487165006c7d55b2cb2b9140b986fddb156c083e,00c0eab836291c0a3e6a892983564596,"Mon, 22 Mar 2021 22:03:05 GMT"
S3B_OL_2_WFR____20200507T062123_20200507T062423_20200508T144712_0179_038_305_2520_MAR_O_NT_002.SEN3,geo_coordinates.nc,60464912,f019482f27942d693d1a72b5f9b67a26d3deaae6a7fee41140a1517eb63f582e,5eb4e9b5554d3db5f98b278cb408a49a-8,"Mon, 22 Mar 2021 22:03:05 GMT"
S3B_OL_2_WFR____20200507T062123_20200507T062423_20200508T144712_0179_038_305_2520_MAR_O_NT_002.SEN3,tie_geo_coordinates.nc,1134669,f4c37f2db08df747b396cf98c1c57ef1b71bb70bc9460e8e62e38de44a45f421,648dd3b20dd615649755b79cda3308dd,"Mon, 22 Mar 2021 22:03:05 GMT"
S3B_OL_2_WFR____20200507T062123_20200507T062423_20200508T144712_0179_038_305_2520_MAR_O_NT_002.SEN3,wqsf.nc,5131406,0ebf9ca8494be72286b4d04eed6efe1a0247fb7201cc9e9b899f8b3a0e68000c,f8e98891fd758655c4f4ada4262693e3,"Mon, 22 Mar 2021 22:03:05 GMT"
S3B_OL_2_WFR____20200510T064349_20200510T064649_20200511T131108_0179_038_348_2520_MAR_O_NT_002.SEN3,chl_oc4me.nc,2221756,91ad5f937c4096b8cbc2005817647df9e08c7fd6710367304c0d72741daf6b3b,90b76694cd88bc83bf8f9290300447df,"Mon, 22 Mar 2021 22:01:32 GMT"
S3B_OL_2_WFR____20200510T064349_20200510T064649_20200511T131108_0179_038_348_2520_MAR_O_NT_002.SEN3,geo_coordinates.nc,59973384,c570d0e9441081717230865d2f3970886d1ddfca49fbffc8540f42bc5fd43489,43ab0d75c273f9279d8e92965a548904-8,"Mon, 22 Mar 2021 22:01:32 GMT"
S3B_OL_2_WFR____20200510T064349_20200510T064649_20200511T131108_0179_038_348_2520_MAR_O_NT_002.SEN3,tie_geo_coordinates.nc,1138886,7789e0d9f954abd0f57310509ddc8bafb19fd5574b3f4889079f7a585d0b4e7d,fff87173db75f68ee9fb2b5fe74e2d7f,"Mon, 22 Mar 2021 22:01:32 GMT"
S3B_OL_2_WFR____20200510T064349_20200510T064649_20200511T131108_0179_038_348_2520_MAR_O_NT_002.SEN3,wqsf.nc,4209287,7249d6ecedef067bc52becd68183cea86bf82a53cd4a79e05cbf6d5c7bc95533,880ff5479900468f5f765c15e27bb4b9,"Mon, 22 Mar 2021 22:01:32 GMT"
S3B_OL_2_WFR____20200511T061738_20200511T062038_20200512T151022_0179_038_362_2520_MAR_O_NT_002.SEN3,chl_oc4me.nc,5178825,e0a3d04f96a5ccbe4d84795b6746a6cd5ec757741e8b0fbc5a0d24dd3233df7e,ebe60b2dad0dea9cd8e328b9950efb8c,"Thu, 01 Apr 2021 15:37:05 GMT"
S3B_OL_2_WFR____20200511T061738_20200511T062038_20200512T151022_0179_038_362_2520_MAR_O_NT_002.SEN3,geo_coordinates.nc,60339479,58a977656b87894c95882d18b479b4a178806c1ed2f548a004515f84c861a344,fb6a0ddb7ecd9b239b739ff57bcc89e0-8,"Thu, 01 Apr 2021 15:37:05 GMT"
S3B_OL_2_WFR____20200511T061738_20200511T062038_20200512T151022_0179_038_362_2520_MAR_O_NT_002.SEN3,tie_geo_coordinates.nc,1136374,b9c366ce45587a049a69a1e6d2936402be5249d071b1bbcd7b86c2c43bdbcd0e,e28085e6e57986c53abd124bb86bfeb8,"Thu, 01 Apr 2021 15:37:04 GMT"
S3B_OL_2_WFR____20200511T061738_20200511T062038_20200512T151022_0179_038_362_2520_MAR_O_NT_002.SEN3,wqsf.nc,6177085,47478235e94376ee25b15bc1053ac8016fa3c51166956128844b0922820883fb,9dcf5b77e1b4763f0fd5613755e691ca,"Thu, 01 Apr 2021 15:37:05 GMT"
S3B_OL_2_WFR____20200514T064005_20200514T064305_20200515T144845_0179_039_020_2520_MAR_O_NT_002.SEN3,chl_oc4me.nc,3891543,aade47b9554f74cd3f804565f07adc95f842a6019899aacdbd544a7764c0499f,00402d4677b630da0571e7c3a89a61ae,"Mon, 22 Mar 2021 21:59:01 GMT"
S3B_OL_2_WFR____20200514T064005_20200514T064305_20200515T144845_0179_039_020_2520_MAR_O_NT_002.SEN3,geo_coordinates.nc,60111612,7ae844a5ec70665f847cda6bf9e91ef08bf9f7946b317b7f1494bca72fa1cf49,f9d5e1ee4cf5c573a502bb54921de692-8,"Mon, 22 Mar 2021 21:59:01 GMT"
S3B_OL_2_WFR____20200514T064005_20200514T064305_20200515T144845_0179_039_020_2520_MAR_O_NT_002.SEN3,tie_geo_coordinates.nc,1140406,d49e05889b552889c0c45f00c952d2801df4db83b26ce11309a25ba68d213e32,39850f40c377ce80f6191e33161ded26,"Mon, 22 Mar 2021 21:59:00 GMT"
S3B_OL_2_WFR____20200514T064005_20200514T064305_20200515T144845_0179_039_020_2520_MAR_O_NT_002.SEN3,wqsf.nc,4359681,22559d4837b51d8d0bcfe7650d390da74b33cc57dac706f7d4f42485e76908d8,eb14bf1c2996852561a6439dc807084e,"Mon, 22 Mar 2021 21:59:01 GMT"
S3B_OL_2_WFR____20200515T061354_20200515T061654_20200516T130750_0179_039_034_2520_MAR_O_NT_002.SEN3,chl_oc4me.nc,6285502,d66e72e93800f8c072e7cf657a2e5bfb56e3ee1b9dbc9de5a95792db7305592b,b23ed21a5b91a470dd32c7f5bb260c8a,"Thu, 25 Mar 2021 10:55:25 GMT"
S3B_OL_2_WFR____20200515T061354_20200515T061654_20200516T130750_0179_039_034_2520_MAR_O_NT_002.SEN3,geo_coordinates.nc,60120203,d9dd19a22628b4f0bd9d6772ab9e5a94d0ef2d51193ee9e3d9b619f69ad15be3,81769857cddcde6efe402752ac11ba04-8,"Thu, 25 Mar 2021 10:55:25 GMT"
S3B_OL_2_WFR____20200515T061354_20200515T061654_20200516T130750_0179_039_034_2520_MAR_O_NT_002.SEN3,tie_geo_coordinates.nc,1135630,4f16f32b72fd82d8332c4692f65930ef2b2392f7ed97dbf9a8ab27cb77bfcaaf,4791462d2fd451b908a25a56eccb5cbb,"Thu, 25 Mar 2021 10:55:25 GMT"
S3B_OL_2_WFR____20200515T061354_20200515T061654_20200516T130750_0179_039_034_2520_MAR_O_NT_002.SEN3,wqsf.nc,6486076,07f74fe7aa5e6cda4d025b78447336f450c353b65a8d799dbba971ed71986ceb,26ba3e1500b4c6eb007a60133d207a2e,"Thu, 25 Mar 2021 10:55:25 GMT"
S3B_OL_2_WFR____20200518T063621_20200518T063921_20200519T151853_0179_039_077_2520_MAR_O_NT_002.SEN3,chl_oc4me.nc,4297497,fb25cb9721738e8c49fd1ce893313d201f8f1ccc8fbdad888127f121c4c47388,64f70d87251b6f4a5a0dacdd69ac2b0b,"Mon, 22 Mar 2021 21:56:29 GMT"
S3B_OL_2_WFR____20200518T063621_20200518T063921_20200519T151853_0179_039_077_2520_MAR_O_NT_002.SEN3,geo_coordinates.nc,60265955,b548a2bff3a1c1db6057d3610b4ce8310f5149977a286c992217b054705f9883,77f57ee0e827b0c974bd6418e50c1d96-8,"Mon, 22 Mar 2021 21:56:29 GMT"
S3B_OL_2_WFR____20200518T063621_20200518T063921_20200519T151853_0179_039_077_2520_MAR_O_NT_002.SEN3,tie_geo_coordinates.nc,1138127,cb841dfd024a3aa530ba5e2662c786d9f4a1ad2456eb2e642cbe7e0d0b74e3cc,946ad59484e4822c71e21e5a487b9439,"Mon, 22 Mar 2021 21:56:29 GMT"
S3B_OL_2_WFR____20200518T063621_20200518T063921_20200519T151853_0179_039_077_2520_MAR_O_NT_002.SEN3,wqsf.nc,4506261,8360ebbeb779e6b33b68ee7c34829fe1786e32439788925cb71cc00c3a1cc799,27a31256d911fd58c978bc16d1369fb1,"Mon, 22 Mar 2021 21:56:29 GMT"
S3B_OL_2_WFR____20200519T061010_20200519T061310_20200520T145315_0179_039_091_2520_MAR_O_NT_002.SEN3,chl_oc4me.nc,7567093,1e3578425ea92b3548c6478f85bf819fc36ea1e8e08050f3c2def6c1ccbd3e03,76378b2a0095add221c0f526bbc892aa,"Thu, 01 Apr 2021 15:34:42 GMT"
S3B_OL_2_WFR____20200519T061010_20200519T061310_20200520T145315_0179_039_091_2520_MAR_O_NT_002.SEN3,geo_coordinates.nc,59912827,a85d2dea9eee67038c7a0061cb58cf38dedb82b0a4201e3e8a7576ba5334f21d,f40f9c0219aa2bc83ff7c187f059a33b-8,"Thu, 01 Apr 2021 15:34:42 GMT"
S3B_OL_2_WFR____20200519T061010_20200519T061310_20200520T145315_0179_039_091_2520_MAR_O_NT_002.SEN3,tie_geo_coordinates.nc,1134642,05f76c6aff400afa8f9ed15bc064f798d2e91161040e387cb67ace9927a88d48,e73630a1a2af65e4fd2b32f9f0bb2d61,"Thu, 01 Apr 2021 15:34:42 GMT"
S3B_OL_2_WFR____20200519T061010_20200519T061310_20200520T145315_0179_039_091_2520_MAR_O_NT_002.SEN3,wqsf.nc,6095693,c6d9531bd9df502582a6f07c8a720735e9dc9b83edc54f68d2e8e19ae10cb82b,c589433adde74e65be9ab470909174a3,"Thu, 01 Apr 2021 15:34:42 GMT"
S3B_OL_2_WFR____20200521T065848_20200521T070148_20200522T150652_0179_039_120_2520_MAR_O_NT_002.SEN3,tie_geo_coordinates.nc,1138698,92e1cabd6b717a68909b4f8f2336e8d1a1fad1f4a86b11620fbc20fc0b4820b1,bbdfa0ab807a954e91aeb698c7440266,"Thu, 01 Apr 2021 15:33:51 GMT"
S3B_OL_2_WFR____20200522T063237_20200522T063537_20200523T120234_0179_039_134_2520_MAR_O_NT_002.SEN3,chl_oc4me.nc,4681080,2432eb91f7e89a2ef6975fea4f478e419494707898fc67e7900414f76fbfffc3,3e241cc13aa3df69522017eb233e6ccd,"Mon, 22 Mar 2021 21:53:56 GMT"
S3B_OL_2_WFR____20200522T063237_20200522T063537_20200523T120234_0179_039_134_2520_MAR_O_NT_002.SEN3,geo_coordinates.nc,60463609,37eb6da7d3ee1e5b1a604362b3d889471834f7988484b157496fbcd3befda2e5,2fc0135190ff303163019b265546ba99-8,"Mon, 22 Mar 2021 21:53:56 GMT"
S3B_OL_2_WFR____20200522T063237_20200522T063537_20200523T120234_0179_039_134_2520_MAR_O_NT_002.SEN3,tie_geo_coordinates.nc,1137634,30356804b401b9adc85f1f864407e1f3ae5caee4e31dfe7d9df4b04ab3fa7d57,e09a50b1acd4a4003e83c46d5efbd097,"Mon, 22 Mar 2021 21:53:56 GMT"
S3B_OL_2_WFR____20200522T063237_20200522T063537_20200523T120234_0179_039_134_2520_MAR_O_NT_002.SEN3,wqsf.nc,4434088,3208d18d18261f666cc9b640ce7f6335f7452a8a4930dda4125e282b6f2ea60b,6429360627da2d854dc9f42cf31b668f,"Mon, 22 Mar 2021 21:53:56 GMT"
S3B_OL_2_WFR____20200523T060626_20200523T060926_20200524T152753_0179_039_148_2520_MAR_O_NT_002.SEN3,chl_oc4me.nc,8199019,b618c89a54c91c751a52d3fd0c5b1bb159c786e513a6727e87a181a9b4180e5b,f3949bbb29f03b09799ae7f81f77ef99,"Thu, 25 Mar 2021 10:52:44 GMT"
S3B_OL_2_WFR____20200523T060626_20200523T060926_20200524T152753_0179_039_148_2520_MAR_O_NT_002.SEN3,geo_coordinates.nc,59745800,16450e2fb192a43d1003cb443e21b22f3da5c4f57dccc0b439e1e182db3f84d4,e0ac780286fbd856094e097d28396944-8,"Thu, 25 Mar 2021 10:52:44 GMT"
S3B_OL_2_WFR____20200523T060626_20200523T060926_20200524T152753_0179_039_148_2520_MAR_O_NT_002.SEN3,tie_geo_coordinates.nc,1133654,eb5916b456a1d2cf55b6685da885dbfeaceca17e639e4b8cf40be48cc97c6063,1eb3ec692a52dc305b5b8b06c3fcb800,"Thu, 25 Mar 2021 10:52:44 GMT"
S3B_OL_2_WFR____20200523T060626_20200523T060926_20200524T152753_0179_039_148_2520_MAR_O_NT_002.SEN3,wqsf.nc,7833390,4ac000a6ea5a719eb56f8719d06c5b39260b0948646362b649af3020c5378fe4,98c7e9ed8d121cb50922b06a5b57fbe9,"Thu, 25 Mar 2021 10:52:44 GMT"
S3B_OL_2_WFR____20200525T065503_20200525T065803_20200526T153151_0180_039_177_2520_MAR_O_NT_002.SEN3,tie_geo_coordinates.nc,1141332,397cea6a0fad17dbcd16cc5aa976bd20695cde459ee2a588aff3ba57ac7bf9ac,25852a06c0b315dbbfbeb63caa6d66d7,"Mon, 22 Mar 2021 21:52:05 GMT"
S3B_OL_2_WFR____20200526T062852_20200526T063152_20200527T151030_0179_039_191_2520_MAR_O_NT_002.SEN3,chl_oc4me.nc,4646713,09c0eb2a32a727171675fe18af9069c9eb4ccfb06fb2eb14f75051a1120da415,b2c1337b3a97bc9d9d311c7d304c8aad,"Thu, 25 Mar 2021 10:51:18 GMT"
S3B_OL_2_WFR____20200526T062852_20200526T063152_20200527T151030_0179_039_191_2520_MAR_O_NT_002.SEN3,geo_coordinates.nc,60479178,037d5c6c01d79094663d5484e9e2dbacfd861103bb49a3910117006f972d2f9d,633c02f8ef25605dea32ae8a137d6c86-8,"Thu, 25 Mar 2021 10:51:18 GMT"
S3B_OL_2_WFR____20200526T062852_20200526T063152_20200527T151030_0179_039_191_2520_MAR_O_NT_002.SEN3,tie_geo_coordinates.nc,1138534,036db5d9b46be978dfedde91a5bc21a674fdf96782f4c8236b9f2d35272bb6d2,827ddfa0bcfb846304673914cecc9b66,"Thu, 25 Mar 2021 10:51:18 GMT"
S3B_OL_2_WFR____20200526T062852_20200526T063152_20200527T151030_0179_039_191_2520_MAR_O_NT_002.SEN3,wqsf.nc,4424199,5ed26d40f22380123887bb20439d1385b27fa9c581fca57c60f404427a43f861,37f5236c555067c13e9107acc5fe8bbc,"Thu, 25 Mar 2021 10:51:18 GMT"
S3B_OL_2_WFR____20200527T060242_20200527T060542_20200528T143909_0179_039_205_2520_MAR_O_NT_002.SEN3,chl_oc4me.nc,8984580,eb14db0b0217a9d5e3993948c74f73d367dfda71a60cd52a5c500a4493b2329c,46cfd712421348251192f4b4808f6778-2,"Mon, 22 Mar 2021 21:51:18 GMT"
S3B_OL_2_WFR____20200527T060242_20200527T060542_20200528T143909_0179_039_205_2520_MAR_O_NT_002.SEN3,geo_coordinates.nc,59637041,25729e853a3a834c01f995ad5b15dae3a03fca7893b9bb39f55e13473053aa3b,0d224c161f5ffe47f047ccbd2c4c47ce-8,"Mon, 22 Mar 2021 21:51:18 GMT"
S3B_OL_2_WFR____20200527T060242_20200527T060542_20200528T143909_0179_039_205_2520_MAR_O_NT_002.SEN3,tie_geo_coordinates.nc,1134170,6141634bf0bae44576fb5c917ec48bfe5cb4f19ce45612859e765193d8876bf2,2bdc2f34e5efcfc7b2e3bad4137d604d,"Mon, 22 Mar 2021 21:51:18 GMT"
S3B_OL_2_WFR____20200527T060242_20200527T060542_20200528T143909_0179_039_205_2520_MAR_O_NT_002.SEN3,wqsf.nc,7096531,74a846668ecdb78c581b610d37571f5351af1074e95a47b8be134f9583c3fc1f,f9a6c5159234192abb6cb694645dc563,"Mon, 22 Mar 2021 21:51:18 GMT"
S3B_OL_2_WFR____20200529T065119_20200529T065419_20200530T121501_0179_039_234_2520_MAR_O_NT_002.SEN3,chl_oc4me.nc,2902469,7c50956c03c94c1b1b856e0597645f7eec500ae0ba4693f1c4fac8ab089c8caa,90f684046b5bc0156c333a0ca3673525,"Thu, 25 Mar 2021 10:50:33 GMT"
S3B_OL_2_WFR____20200529T065119_20200529T065419_20200530T121501_0179_039_234_2520_MAR_O_NT_002.SEN3,geo_coordinates.nc,59651368,5fb57b0fd02bdc7275a68c0a7527d1858e1018e2321a34392bc349eb084abedb,1125bf6547e2ea3ff739d7cca47af0b1-8,"Thu, 25 Mar 2021 10:50:33 GMT"
S3B_OL_2_WFR____20200529T065119_20200529T065419_20200530T121501_0179_039_234_2520_MAR_O_NT_002.SEN3,tie_geo_coordinates.nc,1139895,5cb32e5708c91b3d3b3a5b936dd1009754320f7a59820c368773d40d143ce5ee,9f46ea3e47c781c2b885254346de0da4,"Thu, 25 Mar 2021 10:50:33 GMT"
S3B_OL_2_WFR____20200529T065119_20200529T065419_20200530T121501_0179_039_234_2520_MAR_O_NT_002.SEN3,wqsf.nc,3733156,e2b427c19066353e3e15ccf4f5b2e9ae9cfeb373ffa3b159886c54dfe651e5e0,35dcbc751ec520b9c50c74c3d186e2d3,"Thu, 25 Mar 2021 10:50:33 GMT"
S3B_OL_2_WFR____20200530T062509_20200530T062809_20200531T163304_0179_039_248_2520_MAR_O_NT_002.SEN3,chl_oc4me.nc,5289121,f794a852339964453c0716cc390ad7053632b5f7ebc3ae8adc72545dd7ceb5a2,f5bf5364aaafd7d2e3d6212a2e83fb58,"Mon, 22 Mar 2021 21:49:04 GMT"
S3B_OL_2_WFR____20200530T062509_20200530T062809_20200531T163304_0179_039_248_2520_MAR_O_NT_002.SEN3,geo_coordinates.nc,60473943,880d1babd0361bd0ba19bce480c4bcdc326e1e01ccefad70fc33cfef8608ed20,20ebe1fa405eeb313198ce2317ae1ea1-8,"Mon, 22 Mar 2021 21:49:03 GMT"
S3B_OL_2_WFR____20200530T062509_20200530T062809_20200531T163304_0179_039_248_2520_MAR_O_NT_002.SEN3,tie_geo_coordinates.nc,1137012,8fa41af4726a9a8914e8358b73b2087df73e829f7c6c2af10781abff0d036ce8,b80b501b983fe648896874b287723cae,"Mon, 22 Mar 2021 21:49:03 GMT"
S3B_OL_2_WFR____20200530T062509_20200530T062809_20200531T163304_0179_039_248_2520_MAR_O_NT_002.SEN3,wqsf.nc,4710348,d22673fe3fcdc60c916cfa49db80adb0ddbe4fcee1e9476de3c2679a4803b47f,f5fbb7c3ce390f070f09d21a96479aa5,"Mon, 22 Mar 2021 21:49:04 GMT"
S3B_OL_2_WFR____20200531T055858_20200531T060158_20200601T153631_0179_039_262_2520_MAR_O_NT_002.SEN3,chl_oc4me.nc,7929487,c036dcf40d4915412d87263d8521f67bc96daf401a60cfcb7ebab34d6f1da2dd,0f0941baa80d630c2fa83fe8906bd094,"Mon, 22 Mar 2021 21:48:11 GMT"
S3B_OL_2_WFR____20200531T055858_20200531T060158_20200601T153631_0179_039_262_2520_MAR_O_NT_002.SEN3,geo_coordinates.nc,59350937,805ccb5594e12e55fda390edf3a7817fec10ffa0bcb7cc4e79b4dc1bcace0c14,26085ae8eadc260d294adb3276e673e8-8,"Mon, 22 Mar 2021 21:48:11 GMT"
S3B_OL_2_WFR____20200531T055858_20200531T060158_20200601T153631_0179_039_262_2520_MAR_O_NT_002.SEN3,tie_geo_coordinates.nc,1136501,4a660746e202bc1edd415ce51da1d8df19d8378b71743ac13e64f13dd8cb79a9,aa430d6eb44e324180494b660975dd1c,"Mon, 22 Mar 2021 21:48:11 GMT"
S3B_OL_2_WFR____20200531T055858_20200531T060158_20200601T153631_0179_039_262_2520_MAR_O_NT_002.SEN3,wqsf.nc,7744107,d7bc9751ba842c56b381209f4352e21a35b04f444e45397ebd7fcfb8fe33056c,2e8a353b25556fdae892fa85da8a66ff,"Mon, 22 Mar 2021 21:48:11 GMT"
S3B_OL_2_WFR____20200602T064736_20200602T065036_20200603T153200_0179_039_291_2520_MAR_O_NT_002.SEN3,chl_oc4me.nc,3408352,b4d1c3ba42f002d5ada7fba6196431eab69eded1e56401d46befe04b32e1430c,8dd7a949c13542428c6bea9e2e9c4c9b,"Thu, 01 Apr 2021 15:30:09 GMT"
S3B_OL_2_WFR____20200602T064736_20200602T065036_20200603T153200_0179_039_291_2520_MAR_O_NT_002.SEN3,geo_coordinates.nc,59799815,db2e4f5d732fffd6d5e1c5ec7e583941ecb1f594b287ce7d9312e62818c5b567,aae992bd68518ec3e865926dac5403e7-8,"Thu, 01 Apr 2021 15:30:09 GMT"
S3B_OL_2_WFR____20200602T064736_20200602T065036_20200603T153200_0179_039_291_2520_MAR_O_NT_002.SEN3,tie_geo_coordinates.nc,1139890,3c55134f59d08521b19daccb319c51d06ca19cb9b5265df30014dcf88e5033c3,da113db9e3fc641151c0802bc7983aeb,"Thu, 01 Apr 2021 15:30:09 GMT"
S3B_OL_2_WFR____20200602T064736_20200602T065036_20200603T153200_0179_039_291_2520_MAR_O_NT_002.SEN3,wqsf.nc,3714647,23c8b136cfdec510c9a20efab22d33490ba35d6ea275161349e96438c65246c2,9e3f7d9ccd0e75e11c0db1141b0f7c74,"Thu, 01 Apr 2021 15:30:10 GMT"
S3B_OL_2_WFR____20200603T062125_20200603T062425_20200604T140640_0179_039_305_2520_MAR_O_NT_002.SEN3,chl_oc4me.nc,5763077,c25ab2df25df39eff8bd5d5fbc8d2aa47be8ecfc7e9ef0530e9e214ac68862d5,93a2a5f6a2e2130a10cae3f14026ae4d,"Mon, 22 Mar 2021 21:43:34 GMT"
S3B_OL_2_WFR____20200603T062125_20200603T062425_20200604T140640_0179_039_305_2520_MAR_O_NT_002.SEN3,geo_coordinates.nc,60472415,b36536a53dd8f8c259fb493ed1de9c87f30eb6598ef12005217b63b5037e5823,4f731c8072b2afef9a46c236a4bcf0ba-8,"Mon, 22 Mar 2021 21:43:34 GMT"
S3B_OL_2_WFR____20200603T062125_20200603T062425_20200604T140640_0179_039_305_2520_MAR_O_NT_002.SEN3,tie_geo_coordinates.nc,1139336,bf8712066547b7adf6cf1f40b9fa7914cd054378d8cbd058d572fbf634b91d33,7c13426040a018cbd139eeb72cd3fe7e,"Mon, 22 Mar 2021 21:43:34 GMT"
S3B_OL_2_WFR____20200603T062125_20200603T062425_20200604T140640_0179_039_305_2520_MAR_O_NT_002.SEN3,wqsf.nc,4711132,9d912ffdf1b17b44d55d4144717d6c894ead57ae0eee42eeacde29cd23f5599a,af1554dd965570b059398e25af1e270f,"Mon, 22 Mar 2021 21:43:34 GMT"
S3B_OL_2_WFR____20200606T064352_20200606T064652_20200607T152554_0179_039_348_2520_MAR_O_NT_002.SEN3,chl_oc4me.nc,3592549,bc1d17f330f936c13af236e58cc39a0c44acb631ccb10fbce0a2ad354a3512d7,a1b716c79cd81ea53d2089a2b6457317,"Mon, 22 Mar 2021 21:41:07 GMT"
S3B_OL_2_WFR____20200606T064352_20200606T064652_20200607T152554_0179_039_348_2520_MAR_O_NT_002.SEN3,geo_coordinates.nc,59963152,d47ed034e228a47987a27103fa873929edcccd0881c15a4c51334c8f861c5ed2,d9a3c7615a9bf43c22cb1d85fd625610-8,"Mon, 22 Mar 2021 21:41:07 GMT"
S3B_OL_2_WFR____20200606T064352_20200606T064652_20200607T152554_0179_039_348_2520_MAR_O_NT_002.SEN3,tie_geo_coordinates.nc,1139809,51c927291040b5ecb6233ba4f995bc1542a214127c3c78266819087a6ada1ccc,58541034794cfc942dd1c69dd5bf54d4,"Mon, 22 Mar 2021 21:41:07 GMT"
S3B_OL_2_WFR____20200606T064352_20200606T064652_20200607T152554_0179_039_348_2520_MAR_O_NT_002.SEN3,wqsf.nc,4190830,46cc5a0b1b07a9bd15d59acb39758a7063c884a86e0091c0a73aaeab429f276e,0b30005b4870349ede4e61072e587cf1,"Mon, 22 Mar 2021 21:41:07 GMT"
S3B_OL_2_WFR____20200607T061741_20200607T062041_20200608T152152_0179_039_362_2520_MAR_O_NT_002.SEN3,chl_oc4me.nc,6017131,290e06691b1585079bdb03ad8a27d4c9bc5ea541487472ff0560c9cd1e067ce1,b44fd89321c4263bd003af0d0acb2ad9,"Thu, 25 Mar 2021 10:48:34 GMT"
S3B_OL_2_WFR____20200607T061741_20200607T062041_20200608T152152_0179_039_362_2520_MAR_O_NT_002.SEN3,geo_coordinates.nc,60332523,42a6f5535b4913763244ed927b4ff4c6dec4ee2f19962a3d8888b547f446347d,5b1a59c4c29c6d70bcf66ed691918dd3-8,"Thu, 25 Mar 2021 10:48:34 GMT"
S3B_OL_2_WFR____20200607T061741_20200607T062041_20200608T152152_0179_039_362_2520_MAR_O_NT_002.SEN3,tie_geo_coordinates.nc,1139650,e33b9d03ca27d23653d3f41735c334cea905104da8e15cd6b8166ae16d12e1a7,64a383d2b4a1f1f074149d6143ab5166,"Thu, 25 Mar 2021 10:48:34 GMT"
S3B_OL_2_WFR____20200607T061741_20200607T062041_20200608T152152_0179_039_362_2520_MAR_O_NT_002.SEN3,wqsf.nc,6137284,ee417fe6040192d03494952aa973daafe29da1e9105a0db237be382f3e5e5c53,12af430cb149a6d88e4399346b0c323b,"Thu, 25 Mar 2021 10:48:34 GMT"
S3B_OL_2_WFR____20200610T064008_20200610T064308_20200611T152328_0179_040_020_2520_MAR_O_NT_002.SEN3,chl_oc4me.nc,3804417,e953852bb07e96854595b24450ed46fb2108678542a3df97b703053f1edea921,e05fd9f948e29ab7d5964ac6c3bd7fb3,"Mon, 22 Mar 2021 21:35:47 GMT"
S3B_OL_2_WFR____20200610T064008_20200610T064308_20200611T152328_0179_040_020_2520_MAR_O_NT_002.SEN3,geo_coordinates.nc,60105496,3d463172016f763b4ac16df11990d463685b39de94862278c96e3a6593217a26,b184653e59b93618b461f78b155d3b4b-8,"Mon, 22 Mar 2021 21:35:46 GMT"
S3B_OL_2_WFR____20200610T064008_20200610T064308_20200611T152328_0179_040_020_2520_MAR_O_NT_002.SEN3,tie_geo_coordinates.nc,1141892,5bfb2b2669106d6e9cbcd86e178fa3508ccc00c684dffc56e816490f22642fa8,95fc86267db597b5092caffa5e3be35d,"Mon, 22 Mar 2021 21:35:46 GMT"
S3B_OL_2_WFR____20200610T064008_20200610T064308_20200611T152328_0179_040_020_2520_MAR_O_NT_002.SEN3,wqsf.nc,4003398,01c1cb61820bcf0a5b9a251494a6259eecfde69ea12bbaf713b4fbad27d93feb,3e7e191388d8a791fe7aa6fc0a8b505d,"Mon, 22 Mar 2021 21:35:47 GMT"
S3B_OL_2_WFR____20200611T061357_20200611T061657_20200612T133135_0180_040_034_2520_MAR_O_NT_002.SEN3,chl_oc4me.nc,6781349,17b374056b8175f323d35dd3deb68dd9c2f08f23b0b485025deaceb3f0a85189,c990bd9b0895fbf9a51c5650d064123d,"Thu, 01 Apr 2021 15:27:27 GMT"
S3B_OL_2_WFR____20200611T061357_20200611T061657_20200612T133135_0180_040_034_2520_MAR_O_NT_002.SEN3,geo_coordinates.nc,60100881,91b4719f89a7238110faf238ad94a37cdf3c123ffd1c70d94e196184f24aa954,e2f3e3a56e9895f0e17e0463ea74f5a7-8,"Thu, 01 Apr 2021 15:27:27 GMT"
S3B_OL_2_WFR____20200611T061357_20200611T061657_20200612T133135_0180_040_034_2520_MAR_O_NT_002.SEN3,tie_geo_coordinates.nc,1135740,97476aa73e0b6a39a48c9bd229c0ab1f0a2ce38f7761ebab0c506fbe67846a93,3dc05f459e6273ce6085a6687e5ec3c6,"Thu, 01 Apr 2021 15:27:27 GMT"
S3B_OL_2_WFR____20200611T061357_20200611T061657_20200612T133135_0180_040_034_2520_MAR_O_NT_002.SEN3,wqsf.nc,5785519,32d1c8124575989332d80b7e38a82fb62b09839deb42c60ed7cfbe72f171f28f,d669b8e84f1a3a7f37b1037a094f7e0e,"Thu, 01 Apr 2021 15:27:27 GMT"
S3B_OL_2_WFR____20200614T063624_20200614T063924_20200615T155550_0179_040_077_2520_MAR_O_NT_002.SEN3,chl_oc4me.nc,4120454,69d3a30c5be9d7eb65d79ef40788bb3887be3e6f152eb9e7a18bbf82193f4855,0147445f167905536d66e93b87b7c544,"Mon, 22 Mar 2021 21:31:15 GMT"
S3B_OL_2_WFR____20200614T063624_20200614T063924_20200615T155550_0179_040_077_2520_MAR_O_NT_002.SEN3,geo_coordinates.nc,60230904,d988b378e15cbe7b80c0833dbde63c5e261691261fb7c7e1f33f6de1e8332300,bc92d25fc5770128aa0cde18eae66af7-8,"Mon, 22 Mar 2021 21:31:16 GMT"
S3B_OL_2_WFR____20200614T063624_20200614T063924_20200615T155550_0179_040_077_2520_MAR_O_NT_002.SEN3,tie_geo_coordinates.nc,1138121,69760d43e8f57cfeb763fa143d09fb3fc02abffda96c12da2e45e4830bd73bf6,69f5318ad6c4b56da242f0c8bd8d8ec1,"Mon, 22 Mar 2021 21:31:15 GMT"
S3B_OL_2_WFR____20200614T063624_20200614T063924_20200615T155550_0179_040_077_2520_MAR_O_NT_002.SEN3,wqsf.nc,4631901,d72791470cccb0bfda4d102d251821735d4e7bf9d3ea841b19f7cc8398663967,c01c5c528093ecc18f94f1806b171f13,"Mon, 22 Mar 2021 21:31:16 GMT"
S3B_OL_2_WFR____20200615T061013_20200615T061313_20200616T145204_0179_040_091_2520_MAR_O_NT_002.SEN3,chl_oc4me.nc,4275966,099212fda1b8c2b1ce4515fbd4f7006dbcf11e728c9a4028dc7409dc6101f142,448b89cda7b24e8ce1ad803f090a6178,"Thu, 25 Mar 2021 10:45:49 GMT"
S3B_OL_2_WFR____20200615T061013_20200615T061313_20200616T145204_0179_040_091_2520_MAR_O_NT_002.SEN3,geo_coordinates.nc,59877307,ee5d7e05643c5037c9b8bfa81a957a040c5df8fd067ffc7b76b7f56db17b9c89,4c01820a17e22418d5ac5c962b7e0203-8,"Thu, 25 Mar 2021 10:45:49 GMT"
S3B_OL_2_WFR____20200615T061013_20200615T061313_20200616T145204_0179_040_091_2520_MAR_O_NT_002.SEN3,tie_geo_coordinates.nc,1134854,3dbc6445bc715c65c50c9f5d60aae1bdf5c7e81c7310b181740789051d328cce,042d67634a6df49c097c0a0e4f6933e3,"Thu, 25 Mar 2021 10:45:48 GMT"
S3B_OL_2_WFR____20200615T061013_20200615T061313_20200616T145204_0179_040_091_2520_MAR_O_NT_002.SEN3,wqsf.nc,5092832,db31d098390af0a64debd2fefee6a5346d484b28b72bf056b32bfbe5d99f1080,7f2892b9cb65f30eaf9ec2a64816167c,"Thu, 25 Mar 2021 10:45:49 GMT"
S3B_OL_2_WFR____20200617T065851_20200617T070151_20200618T152034_0179_040_120_2520_MAR_O_NT_002.SEN3,tie_geo_coordinates.nc,1142179,0dcb52f4d32be4d309eb07b4532b11c0eed07f0f2f3532c73de286d91df37057,3ec2e45d48add31a7ca66c2837571c4f,"Thu, 25 Mar 2021 10:44:52 GMT"
S3B_OL_2_WFR____20200618T063240_20200618T063540_20200619T151552_0179_040_134_2520_MAR_O_NT_002.SEN3,chl_oc4me.nc,4591331,57b0cd8b73e65420a185dcfe1852087ed12078825a2914132c5621aea7c2938e,c1563d8e01d08b45c720ce7ba4bf058a,"Mon, 22 Mar 2021 21:26:39 GMT"
S3B_OL_2_WFR____20200618T063240_20200618T063540_20200619T151552_0179_040_134_2520_MAR_O_NT_002.SEN3,geo_coordinates.nc,60425497,b71c9320799442d1636d803eb933115ce2e0414ba8a9ecf15583357a8466090b,bc5491e6b51835124e241c755f7e3587-8,"Mon, 22 Mar 2021 21:26:39 GMT"
S3B_OL_2_WFR____20200618T063240_20200618T063540_20200619T151552_0179_040_134_2520_MAR_O_NT_002.SEN3,tie_geo_coordinates.nc,1143984,040c1c18d06fda1776a7e5a2b8b78e7e27a18a591e5e6e8735406b6a7c7d976d,b2d18dd01c06c6e53fd4a0bcbc0553bc,"Mon, 22 Mar 2021 21:26:39 GMT"
S3B_OL_2_WFR____20200618T063240_20200618T063540_20200619T151552_0179_040_134_2520_MAR_O_NT_002.SEN3,wqsf.nc,4895687,9880c07c204d473c236641218dc335dad670f8c028718b97f61ea44b7c52efc1,e50e8cdb01c91f6752f8bfac563d9852,"Mon, 22 Mar 2021 21:26:39 GMT"
S3B_OL_2_WFR____20200619T060629_20200619T060929_20200620T133010_0180_040_148_2520_MAR_O_NT_002.SEN3,chl_oc4me.nc,5307627,82eed83ff36d1452c5e82b458b4f2c3e68a79bdbf80df6fc298b940a8368e249,8ffd8a090c759af9577773d5f2d34495,"Thu, 01 Apr 2021 15:24:48 GMT"
S3B_OL_2_WFR____20200619T060629_20200619T060929_20200620T133010_0180_040_148_2520_MAR_O_NT_002.SEN3,geo_coordinates.nc,59739254,7caae0c18e01489973a50d44e048a4aa3f4b40eadafdc21c71677ce2b79202df,22a4d11daced7b30dc5583760cb817a5-8,"Thu, 01 Apr 2021 15:24:48 GMT"
S3B_OL_2_WFR____20200619T060629_20200619T060929_20200620T133010_0180_040_148_2520_MAR_O_NT_002.SEN3,tie_geo_coordinates.nc,1135517,ecae315469f77dced717e0b6cd4ebd360db0bda83b23581a3425475467d51ae9,a42073e2ba036f5a7bdfd943a1120024,"Thu, 01 Apr 2021 15:24:48 GMT"
S3B_OL_2_WFR____20200619T060629_20200619T060929_20200620T133010_0180_040_148_2520_MAR_O_NT_002.SEN3,wqsf.nc,6582510,dc2f39a780e3a09a6dfcf307a6cb70175b76dc7f1758334f2e93a6f9e18b288c,710fdc3cba70a0c03374cba24b0c3388,"Thu, 01 Apr 2021 15:24:48 GMT"
S3B_OL_2_WFR____20200621T065507_20200621T065807_20200622T153513_0179_040_177_2520_MAR_O_NT_002.SEN3,tie_geo_coordinates.nc,1138933,3babf8d0657d1dfecc9e52f53dd52223287d8a276336abe415eac40c56c7719b,023788ef2b472728621b81bbb36fe5ab,"Mon, 22 Mar 2021 21:22:18 GMT"
S3B_OL_2_WFR____20200622T062856_20200622T063156_20200623T151603_0179_040_191_2520_MAR_O_NT_002.SEN3,chl_oc4me.nc,4911996,b7c3853413097428190cc5ddab8d0c4ba0ab448c4e3b4ec7602d62f3b92cf600,a7a8bbf4c3b3891ed4f968a814898eed,"Thu, 01 Apr 2021 15:23:53 GMT"
S3B_OL_2_WFR____20200622T062856_20200622T063156_20200623T151603_0179_040_191_2520_MAR_O_NT_002.SEN3,geo_coordinates.nc,60421539,75f1c440101dd42b1a242ee911ddbac38b719e6b16d350d1b23b7758abca0267,ca4a5fd5eaed7aba184d8f78f9127cae-8,"Thu, 01 Apr 2021 15:23:53 GMT"
S3B_OL_2_WFR____20200622T062856_20200622T063156_20200623T151603_0179_040_191_2520_MAR_O_NT_002.SEN3,tie_geo_coordinates.nc,1138302,4bb8c6d10bbd3c54231efd62e489415778d842777d9502d7d032d1453800b5ad,7450a774f747263fa59ab3e3830e82fe,"Thu, 01 Apr 2021 15:23:53 GMT"
S3B_OL_2_WFR____20200622T062856_20200622T063156_20200623T151603_0179_040_191_2520_MAR_O_NT_002.SEN3,wqsf.nc,5074968,9a61f79a84ce18fcfd39e9387fa62e5bc27717d2b7fefed2e5c1128097d17431,b71eda27a9f8a6424d318835f5680805,"Thu, 01 Apr 2021 15:23:53 GMT"
S3B_OL_2_WFR____20200623T060245_20200623T060545_20200624T151206_0179_040_205_2520_MAR_O_NT_002.SEN3,chl_oc4me.nc,6669331,19f12a668a42b1c34dcc7ec67cde424609602a691f687d2be9287b622c3ad501,9a3a85dc0b777cdd2fcebba58d2d74cb,"Mon, 22 Mar 2021 21:20:00 GMT"
S3B_OL_2_WFR____20200623T060245_20200623T060545_20200624T151206_0179_040_205_2520_MAR_O_NT_002.SEN3,geo_coordinates.nc,59591560,1d2d12cfe5bdf2fcc78960b6db16c7adb4ea3183380233da63dfb179dbccba4f,670c772b9d35aa0668dc49af164d2f84-8,"Mon, 22 Mar 2021 21:20:00 GMT"
S3B_OL_2_WFR____20200623T060245_20200623T060545_20200624T151206_0179_040_205_2520_MAR_O_NT_002.SEN3,tie_geo_coordinates.nc,1132261,fb5a3bd0559eb1e314b3b228c24b09d339a6ce477ee1176b708d00c0acc044a0,555e9a52e6209ff28c349a0e86f06751,"Mon, 22 Mar 2021 21:20:00 GMT"
S3B_OL_2_WFR____20200623T060245_20200623T060545_20200624T151206_0179_040_205_2520_MAR_O_NT_002.SEN3,wqsf.nc,7149224,4084f83d37b1f0d52262f63b1879ddd44bcdfecfd9118326e9b33528d6122fb1,c8414e72e0258d49dd0f71e8193d3a21,"Mon, 22 Mar 2021 21:20:00 GMT"
S3B_OL_2_WFR____20200625T065123_20200625T065423_20200626T123234_0179_040_234_2520_MAR_O_NT_002.SEN3,chl_oc4me.nc,3155984,3cdd28fce18a55a4d4f85c638455bacfd84c369a98a5ed532c9a5f69f7ff0851,2d8e5b57c6e42424db30977a6262f546,"Thu, 01 Apr 2021 15:23:07 GMT"
S3B_OL_2_WFR____20200625T065123_20200625T065423_20200626T123234_0179_040_234_2520_MAR_O_NT_002.SEN3,geo_coordinates.nc,59624997,8fc888e476f2aeef37c4defa2c4e8326e6e5f56c535db56f3b0fb909f1280524,76b0aecb0426f9029c52acbc8fbbac45-8,"Thu, 01 Apr 2021 15:23:07 GMT"
S3B_OL_2_WFR____20200625T065123_20200625T065423_20200626T123234_0179_040_234_2520_MAR_O_NT_002.SEN3,tie_geo_coordinates.nc,1139845,2c82fa6b063cb5ccdb1d3f4fc11229a7e68cba272eb4ce34cd104c2a66b1dc03,3765b17df0adbefc9a71d53737fa28cc,"Thu, 01 Apr 2021 15:23:07 GMT"
S3B_OL_2_WFR____20200625T065123_20200625T065423_20200626T123234_0179_040_234_2520_MAR_O_NT_002.SEN3,wqsf.nc,4005804,e1a78e7d6911c0b7814cd723e6d1324246fd5ea809c07b9b6c8f2288e11d49e6,64ea6850c5fd75e76d12b319fe8af489,"Thu, 01 Apr 2021 15:23:07 GMT"
S3B_OL_2_WFR____20200626T062512_20200626T062812_20200627T114851_0180_040_248_2520_MAR_O_NT_002.SEN3,chl_oc4me.nc,5410495,1a6d528b228b0cce1ec647fadb110162fb199474427f26c28866899109227c2e,6ec99dd57142d0ad2e5ae70d62822322,"Mon, 22 Mar 2021 21:06:43 GMT"
S3B_OL_2_WFR____20200626T062512_20200626T062812_20200627T114851_0180_040_248_2520_MAR_O_NT_002.SEN3,geo_coordinates.nc,60456804,058701b6dee7cad54411e4dc64a4c081fbcf9adf70f74f5e50ae9c4959f833af,43eef0989c250dc5eaa39954546fd660-8,"Mon, 22 Mar 2021 21:06:43 GMT"
S3B_OL_2_WFR____20200626T062512_20200626T062812_20200627T114851_0180_040_248_2520_MAR_O_NT_002.SEN3,tie_geo_coordinates.nc,1141492,42b3b5dec76b364ee5c3478991d82e1f4ae6b0d5d25f2e0369b06b31214015e3,dc8e9a78b4e8bc6ad516bafcc8940ab5,"Mon, 22 Mar 2021 21:06:43 GMT"
S3B_OL_2_WFR____20200626T062512_20200626T062812_20200627T114851_0180_040_248_2520_MAR_O_NT_002.SEN3,wqsf.nc,4978080,a5c407d8fea368364841551dde2823a8e94e382de74ee012b1d22b99af449733,ab5171b9db32ad86be1715e3d9c6329c,"Mon, 22 Mar 2021 21:06:43 GMT"
S3B_OL_2_WFR____20200627T055901_20200627T060201_20200628T151715_0179_040_262_2520_MAR_O_NT_002.SEN3,chl_oc4me.nc,7732838,49bc319191a60c5887b6c1b9339e72ee5eca91e8c5efe71089d97db80f490bd7,21495397b83ef076171bf8f4b683ff6f,"Mon, 22 Mar 2021 21:01:14 GMT"
S3B_OL_2_WFR____20200627T055901_20200627T060201_20200628T151715_0179_040_262_2520_MAR_O_NT_002.SEN3,geo_coordinates.nc,59341036,4d072267500b2b138a9e3dc26e23157d9560a0c6922686407cec763be2f2de7c,2ad0aa2945f2569bc8f2a177862051ae-8,"Mon, 22 Mar 2021 21:01:14 GMT"
S3B_OL_2_WFR____20200627T055901_20200627T060201_20200628T151715_0179_040_262_2520_MAR_O_NT_002.SEN3,tie_geo_coordinates.nc,1137353,dfad101e87b6fb5a86e3fb0e69558f45a40e1da74afdef99b643383bb0da818d,caee9382fec753c47dfbbb0aa056a14d,"Mon, 22 Mar 2021 21:01:13 GMT"
S3B_OL_2_WFR____20200627T055901_20200627T060201_20200628T151715_0179_040_262_2520_MAR_O_NT_002.SEN3,wqsf.nc,9238732,b0de6fb6fa0c9b96b4b60922bb22a845a776c3851cf43ba4f6e7ce3ea635f95b,5b52c2bfabb2db60be515bf1df8236de-2,"Mon, 22 Mar 2021 21:01:13 GMT"
S3B_OL_2_WFR____20200629T064739_20200629T065039_20200630T130147_0179_040_291_2520_MAR_O_NT_002.SEN3,chl_oc4me.nc,3489200,deef65b0d2b855645121afe8cfb47133b1b142b6d44b5f51783bba3a8896562d,d6bd4145b8731801b3cccacc61143c0d,"Thu, 25 Mar 2021 10:41:45 GMT"
S3B_OL_2_WFR____20200629T064739_20200629T065039_20200630T130147_0179_040_291_2520_MAR_O_NT_002.SEN3,geo_coordinates.nc,59782411,b55e0f513f7541061174d132fa43070f6a92ae51c58de92b839f0b119aa0e1d8,7c21d2371dc3e756b4ef28ba53338b13-8,"Thu, 25 Mar 2021 10:41:45 GMT"
S3B_OL_2_WFR____20200629T064739_20200629T065039_20200630T130147_0179_040_291_2520_MAR_O_NT_002.SEN3,tie_geo_coordinates.nc,1141309,f55b45827d407293a28dcf9293659775d96644b7d803beb96063662901b13f48,ee4ef4a9a64b92047d89d324ece2d1df,"Thu, 25 Mar 2021 10:41:46 GMT"
S3B_OL_2_WFR____20200629T064739_20200629T065039_20200630T130147_0179_040_291_2520_MAR_O_NT_002.SEN3,wqsf.nc,4313747,2faeade27635a685aa298cfd97b0301b757d18d55d149f674fa5c7698b7f822a,a89d372c6e306afcf9cbdb5c55bbf917,"Thu, 25 Mar 2021 10:41:45 GMT"
S3B_OL_2_WFR____20200630T062128_20200630T062428_20200701T153413_0179_040_305_2520_MAR_O_NT_002.SEN3,chl_oc4me.nc,5515413,a7676d3b95283946233c5e3ede0060a9b23479cf9d1b8cc90dd814e2707299d5,f556b8d739a972d99f976e0205ad89cd,"Mon, 22 Mar 2021 20:36:50 GMT"
S3B_OL_2_WFR____20200630T062128_20200630T062428_20200701T153413_0179_040_305_2520_MAR_O_NT_002.SEN3,geo_coordinates.nc,60444561,e09570c5e27da06ee99042f6f2c43f442ad4f98cf7a3c03dc12f93935a9db744,1e534266814f703be9009b955f8b61d2-8,"Mon, 22 Mar 2021 20:36:50 GMT"
S3B_OL_2_WFR____20200630T062128_20200630T062428_20200701T153413_0179_040_305_2520_MAR_O_NT_002.SEN3,tie_geo_coordinates.nc,1136362,bda26d2d0c7cbb3fada969820f08704a67ef2d4968b73dfe3f2827a22cc14dc1,03ccbd73908370f0f4684812c606cf9d,"Mon, 22 Mar 2021 20:36:50 GMT"
S3B_OL_2_WFR____20200630T062128_20200630T062428_20200701T153413_0179_040_305_2520_MAR_O_NT_002.SEN3,wqsf.nc,5410783,1b82cd5908656fbd088c42445637bcb99de99f1341c2d5b8334f738990eba61f,34a7781cc21dabb43ace2fa15c3920b6,"Mon, 22 Mar 2021 20:36:50 GMT"
S3B_OL_2_WFR____20200703T064355_20200703T064655_20200704T141620_0179_040_348_2520_MAR_O_NT_002.SEN3,chl_oc4me.nc,3759117,4e25f456046e5ea62998504a8fe2ed704a7cf541f4b246493ce839391f79b24b,7a77263aa12e9c6cb33ded07d0a61a8a,"Mon, 22 Mar 2021 20:18:14 GMT"
S3B_OL_2_WFR____20200703T064355_20200703T064655_20200704T141620_0179_040_348_2520_MAR_O_NT_002.SEN3,geo_coordinates.nc,59930625,83b071160008079a48b5e1763f273c4ab1ffbd15fc381a315ce569a34d336cfd,e40ebe4eb3c2d068d6026bea72e70b6d-8,"Mon, 22 Mar 2021 20:18:14 GMT"
S3B_OL_2_WFR____20200703T064355_20200703T064655_20200704T141620_0179_040_348_2520_MAR_O_NT_002.SEN3,tie_geo_coordinates.nc,1140201,ba1f2b5b7da3a810cb71a984aae6595c2e32cd9ff157c9c9546b6f9a87a6a0fc,d2379f79f1102dd1334f83c1d3b26926,"Mon, 22 Mar 2021 20:18:14 GMT"
S3B_OL_2_WFR____20200703T064355_20200703T064655_20200704T141620_0179_040_348_2520_MAR_O_NT_002.SEN3,wqsf.nc,4202562,618cb422079b5b0a9ae6b429dcdba295217c81e36e6a7f6e036e6390835a663d,84b20601f03b887504a08ac4094f6621,"Mon, 22 Mar 2021 20:18:14 GMT"
S3B_OL_2_WFR____20200704T061744_20200704T062044_20200705T141706_0179_040_362_2520_MAR_O_NT_002.SEN3,chl_oc4me.nc,5318412,a6c9f37f6ee5e0625b4f11058b579cd7ae37872916e32202f8f05c9f3052214c,5125b1c58fc3de356261e0dcea2b99ea,"Thu, 01 Apr 2021 15:21:03 GMT"
S3B_OL_2_WFR____20200704T061744_20200704T062044_20200705T141706_0179_040_362_2520_MAR_O_NT_002.SEN3,geo_coordinates.nc,60309745,14d586533c3cd0653c7bb35ca4d55248cddc1d1403c3ebde4f5bc2ef4ce25184,a5859227578766c2ae810786f03a2456-8,"Thu, 01 Apr 2021 15:21:03 GMT"
S3B_OL_2_WFR____20200704T061744_20200704T062044_20200705T141706_0179_040_362_2520_MAR_O_NT_002.SEN3,tie_geo_coordinates.nc,1137155,711e0d9d949d0c8cc86048dad0961cfce94b082999077afc6ddb4259d45ee3ad,1b89a5004933ac3124f6e209c72dde34,"Thu, 01 Apr 2021 15:21:03 GMT"
S3B_OL_2_WFR____20200704T061744_20200704T062044_20200705T141706_0179_040_362_2520_MAR_O_NT_002.SEN3,wqsf.nc,5696059,c17db87169329cbb41eaf94e743037b89ea1ad5bf70ded9cad3ebf4ca94dbafe,59ac708ca4d7b19a5e57c84b88cb3ffa,"Thu, 01 Apr 2021 15:21:03 GMT"
S3B_OL_2_WFR____20200707T064010_20200707T064310_20200708T154142_0180_041_020_2520_MAR_O_NT_002.SEN3,chl_oc4me.nc,4219923,0a256fe06559ae2e4debdb517f5928290e9a6292b2df6c06122fbf8039c7ae7c,d7d6a98b69ac5927785233e976bcfa8e,"Mon, 22 Mar 2021 20:09:30 GMT"
S3B_OL_2_WFR____20200707T064010_20200707T064310_20200708T154142_0180_041_020_2520_MAR_O_NT_002.SEN3,geo_coordinates.nc,60077780,b7c6d94ac7f36acc667684b5fd4d59ce9cf4c59a19aaabf40d337c646ae48936,21153b1464d6e9f5dc2e49297d956ce9-8,"Mon, 22 Mar 2021 20:09:30 GMT"
S3B_OL_2_WFR____20200707T064010_20200707T064310_20200708T154142_0180_041_020_2520_MAR_O_NT_002.SEN3,tie_geo_coordinates.nc,1137794,4146eb64c2c72d50dd8fb0c54de27375c96bcd4fa0bfdb74fa46ded0464c1dbd,5e144597a0664855748df816f47c3541,"Mon, 22 Mar 2021 20:09:30 GMT"
S3B_OL_2_WFR____20200707T064010_20200707T064310_20200708T154142_0180_041_020_2520_MAR_O_NT_002.SEN3,wqsf.nc,4152503,6880c8b422c197750a2fe67278fa1b2ed5b36c989cae7aea52dfb6b490508c9a,be32f7d3b7beff99c59d4d12c795c790,"Mon, 22 Mar 2021 20:09:30 GMT"
S3B_OL_2_WFR____20200708T061359_20200708T061659_20200709T150918_0179_041_034_2520_MAR_O_NT_002.SEN3,chl_oc4me.nc,4305551,a49afc11579e3860d9fc19be864e48180beeec948af69b8708817925b28f7a4b,d0cf4e956e23b3bb8175bf83f232fea4,"Thu, 25 Mar 2021 10:38:35 GMT"
S3B_OL_2_WFR____20200708T061359_20200708T061659_20200709T150918_0179_041_034_2520_MAR_O_NT_002.SEN3,geo_coordinates.nc,60105256,a79e5c37c72ed5920d691f3826ab77da8ad23e76da61d342c5ed22d93a04eb5c,af7f830cb5c4586b5358d9dad46107d4-8,"Thu, 25 Mar 2021 10:38:35 GMT"
S3B_OL_2_WFR____20200708T061359_20200708T061659_20200709T150918_0179_041_034_2520_MAR_O_NT_002.SEN3,tie_geo_coordinates.nc,1136098,01f1badaccd22c85b40cc64d5709f24d204e34401ce72f2db2c5dc4fe926ec65,776b618f2ecacf38ebf0911262782259,"Thu, 25 Mar 2021 10:38:35 GMT"
S3B_OL_2_WFR____20200708T061359_20200708T061659_20200709T150918_0179_041_034_2520_MAR_O_NT_002.SEN3,wqsf.nc,5554064,ab8a8d443aa5feaeec17c595520992dcfa39acfea8c3763636865478869e3848,ddcbe683e665e57ccbd1b4c82aa1fbf3,"Thu, 25 Mar 2021 10:38:35 GMT"
S3B_OL_2_WFR____20200711T063626_20200711T063926_20200712T134938_0179_041_077_2520_MAR_O_NT_002.SEN3,chl_oc4me.nc,4438419,a1f2c324e890b2bf8b8a31fdb4b8088f14c33ecb1d91ae3fbe847fad0ee2ff98,e6085b8e117600567c15c024d4e76808,"Mon, 22 Mar 2021 20:04:19 GMT"
S3B_OL_2_WFR____20200711T063626_20200711T063926_20200712T134938_0179_041_077_2520_MAR_O_NT_002.SEN3,geo_coordinates.nc,60239884,bcbe4a60812195c4b9d3fc3dbf738be2a94a02bf3646398297a8b37e93a07429,546560c615df48006766523f9d1b6b0c-8,"Mon, 22 Mar 2021 20:04:19 GMT"
S3B_OL_2_WFR____20200711T063626_20200711T063926_20200712T134938_0179_041_077_2520_MAR_O_NT_002.SEN3,tie_geo_coordinates.nc,1137785,ed6d29bcdc51fc7e991c893d0bfd41a47d7ceb382dedc2eef4b1ffdbfd2cc4be,28a5abfa230ce39cb4467cce3a951392,"Mon, 22 Mar 2021 20:04:19 GMT"
S3B_OL_2_WFR____20200711T063626_20200711T063926_20200712T134938_0179_041_077_2520_MAR_O_NT_002.SEN3,wqsf.nc,4966806,fbb151541fca13845d55e0ee11713f4743c283ad0f03a9e78ef19afc581755f0,9d7ceb9dd11b94b3b86e772fdd358083,"Mon, 22 Mar 2021 20:04:19 GMT"
S3B_OL_2_WFR____20200712T061015_20200712T061315_20200713T125632_0179_041_091_2520_MAR_O_NT_002.SEN3,chl_oc4me.nc,5361817,d746b9b133cc6bd9ff6f0a269d77eaa7c5b244e82a2be708339a066055f3ed15,2b2b0a179dab151d25296335328540bb,"Thu, 01 Apr 2021 15:18:47 GMT"
S3B_OL_2_WFR____20200712T061015_20200712T061315_20200713T125632_0179_041_091_2520_MAR_O_NT_002.SEN3,geo_coordinates.nc,59866132,93146aaa9e5a15422caa66ed4ce24026268f3aa0e633622efa0f07f103ea16cb,a79480aa8b0570415089e994dfb4ec2f-8,"Thu, 01 Apr 2021 15:18:47 GMT"
S3B_OL_2_WFR____20200712T061015_20200712T061315_20200713T125632_0179_041_091_2520_MAR_O_NT_002.SEN3,tie_geo_coordinates.nc,1133640,8654e28b81a1b6574e2e29f78fcac88595a7c2c094635d2e924914bf8374bc2c,fce98bd59eb06032ded09548671484a8,"Thu, 01 Apr 2021 15:18:47 GMT"
S3B_OL_2_WFR____20200712T061015_20200712T061315_20200713T125632_0179_041_091_2520_MAR_O_NT_002.SEN3,wqsf.nc,7498990,0d7d2cc9bb72aeac3f6a3e50fb3a9290bb3c099aa9e102d490cb94797d9e8265,8d27867d35663bf6246a87e89b6bf499,"Thu, 01 Apr 2021 15:18:48 GMT"
S3B_OL_2_WFR____20200714T065853_20200714T070153_20200715T153737_0179_041_120_2520_MAR_O_NT_002.SEN3,tie_geo_coordinates.nc,1136917,f4307c7ef233e94a28816e224788b6afc9abd301eef7cf0fd1fdcf76eeb4efc5,22b0ee390b56a3399290f89380bcdc42,"Thu, 01 Apr 2021 15:17:57 GMT"
S3B_OL_2_WFR____20200715T063242_20200715T063542_20200716T145842_0179_041_134_2520_MAR_O_NT_002.SEN3,chl_oc4me.nc,4179368,69bf4bb412803f55b6748a580cd037f254bca37264c57f4a66be3617f875a29c,79e71274665e9195b0a86d2635e5b395,"Mon, 22 Mar 2021 20:00:59 GMT"
S3B_OL_2_WFR____20200715T063242_20200715T063542_20200716T145842_0179_041_134_2520_MAR_O_NT_002.SEN3,geo_coordinates.nc,60426724,d933827a78b8d326c82e0f4ed7d0ee17de8245bce7dd124f1ea1d3ee9a7f0b2d,b757841463342ce04f498c237e1c7d06-8,"Mon, 22 Mar 2021 20:00:59 GMT"
S3B_OL_2_WFR____20200715T063242_20200715T063542_20200716T145842_0179_041_134_2520_MAR_O_NT_002.SEN3,tie_geo_coordinates.nc,1134789,f906ab0ae883707b82d06a5199680bc6b4d51703067b4559015d5bc52b0e727c,18a51410b96ba59d8f919d0df12f995e,"Mon, 22 Mar 2021 20:00:59 GMT"
S3B_OL_2_WFR____20200715T063242_20200715T063542_20200716T145842_0179_041_134_2520_MAR_O_NT_002.SEN3,wqsf.nc,5272811,97998978f169832a271f10bcb17e838f0d3465dfae4447b106a456e7a4f771d8,7bf2eb8b3caa0c007187eb202f34686f,"Mon, 22 Mar 2021 20:00:59 GMT"
S3B_OL_2_WFR____20200716T060631_20200716T060931_20200717T134808_0179_041_148_2520_MAR_O_NT_002.SEN3,chl_oc4me.nc,6015021,3d88eb7e3278be295d09110126c711b6b229489d46f9e0223a57287d0d4b8ec9,e32df645faafb9df7d1af6c94792ae6a,"Thu, 25 Mar 2021 10:35:54 GMT"
S3B_OL_2_WFR____20200716T060631_20200716T060931_20200717T134808_0179_041_148_2520_MAR_O_NT_002.SEN3,geo_coordinates.nc,59735295,43a4f1a171d408b943e2d16fa3e0d4ef68fd8c361514a9a6ee1263c7e8951a03,abc260c14e5cc7814477389f3ecbe831-8,"Thu, 25 Mar 2021 10:35:54 GMT"
S3B_OL_2_WFR____20200716T060631_20200716T060931_20200717T134808_0179_041_148_2520_MAR_O_NT_002.SEN3,tie_geo_coordinates.nc,1134156,7f99ce1444076b3345732d7f3618fec8c386b396dfedb038f0c5affe8688ede0,8b1ad5b6904884944f83c9a8b1e1bee0,"Thu, 25 Mar 2021 10:35:54 GMT"
S3B_OL_2_WFR____20200716T060631_20200716T060931_20200717T134808_0179_041_148_2520_MAR_O_NT_002.SEN3,wqsf.nc,8033500,3e06badccbd0eadd6b68e16ea69e91e2418e0e35399c2bae9736fb3284d4d115,5029bb0555ebdedb903b03c0925fa77b,"Thu, 25 Mar 2021 10:35:55 GMT"
S3B_OL_2_WFR____20200718T065508_20200718T065808_20200719T141020_0179_041_177_2520_MAR_O_NT_002.SEN3,tie_geo_coordinates.nc,1138131,f8c5c8e3efab3ac1b51b249f92a789b02e1aa4b11d1f71ea00e3878305ab3a64,0dfc64cf30fb64b7fff21b3819043326,"Mon, 22 Mar 2021 19:57:49 GMT"
S3B_OL_2_WFR____20200719T062857_20200719T063157_20200720T143657_0180_041_191_2520_MAR_O_NT_002.SEN3,chl_oc4me.nc,4200949,9a07660537960bc08b075c089364187c72f435e643e3d10aaa10df5bca4c714c,7ca2c67972059f7dcde6cbfa316a4ff0,"Thu, 25 Mar 2021 10:34:25 GMT"
S3B_OL_2_WFR____20200719T062857_20200719T063157_20200720T143657_0180_041_191_2520_MAR_O_NT_002.SEN3,geo_coordinates.nc,60426944,2a2e343ccd0810b5231b17f60fa118f3409b24361cae4b37032d7a2a897eccbd,fb8db1d60e440a67aab363989aaffd05-8,"Thu, 25 Mar 2021 10:34:25 GMT"
S3B_OL_2_WFR____20200719T062857_20200719T063157_20200720T143657_0180_041_191_2520_MAR_O_NT_002.SEN3,tie_geo_coordinates.nc,1139064,7a828a36fcafe3267244bab57e4886edbeb8c8bf28a357abd02d86193480fb5f,4fe05436e07a56b0523ad2919cd0f50f,"Thu, 25 Mar 2021 10:34:25 GMT"
S3B_OL_2_WFR____20200719T062857_20200719T063157_20200720T143657_0180_041_191_2520_MAR_O_NT_002.SEN3,wqsf.nc,4754247,a852ec029b65c900767b1b4d0284d29abe25f7ccbd67547bc0aefe8eafc91461,78a36429206f637722611ccf91d9c4dd,"Thu, 25 Mar 2021 10:34:25 GMT"
S3B_OL_2_WFR____20200720T060246_20200720T060546_20200721T123438_0179_041_205_2520_MAR_O_NT_002.SEN3,chl_oc4me.nc,6471486,b44b31df744ff6285bf09783362bf627ebe883d6b8ce10ac966aa077df12398a,a565905b04025bf68a14bcd4203d5eaa,"Mon, 22 Mar 2021 19:56:51 GMT"
S3B_OL_2_WFR____20200720T060246_20200720T060546_20200721T123438_0179_041_205_2520_MAR_O_NT_002.SEN3,geo_coordinates.nc,59587233,b5c0ce457ab288370e11a54257a58da5212eeaad55412528a473cecfa84a4c03,faa189903c7a02df92214a8a4458bed0-8,"Mon, 22 Mar 2021 19:56:51 GMT"
S3B_OL_2_WFR____20200720T060246_20200720T060546_20200721T123438_0179_041_205_2520_MAR_O_NT_002.SEN3,tie_geo_coordinates.nc,1134732,824d8afafaa85143cb97395a4815217f83c1e611fa100e10f24df179f010c0cc,1752885e4ba19e19fc080c213bfa94e3,"Mon, 22 Mar 2021 19:56:51 GMT"
S3B_OL_2_WFR____20200720T060246_20200720T060546_20200721T123438_0179_041_205_2520_MAR_O_NT_002.SEN3,wqsf.nc,8233242,04a169064884d719cd3ecb8943bf8d3595d2588d16a58e350004bd515cf277f4,5d8925d185444cd3c071ea13c73c7f3f,"Mon, 22 Mar 2021 19:56:51 GMT"
S3B_OL_2_WFR____20200722T065124_20200722T065424_20200723T125513_0179_041_234_2520_MAR_O_NT_002.SEN3,chl_oc4me.nc,2726673,e58ddcd730c0a95dd62ef0d4a0c92b29f0b39b564774284ec6aee5b32dd3b4fb,79cd53492f9abcb93af7081b73ba4c9e,"Thu, 25 Mar 2021 10:33:29 GMT"
S3B_OL_2_WFR____20200722T065124_20200722T065424_20200723T125513_0179_041_234_2520_MAR_O_NT_002.SEN3,geo_coordinates.nc,59637073,6ca58effdf3fbaaac1a9263a305a2bd320fd70ae4956c7307c58b9bc2713aa8b,5d3754c99ad4c388aa80747068d0244d-8,"Thu, 25 Mar 2021 10:33:29 GMT"
S3B_OL_2_WFR____20200722T065124_20200722T065424_20200723T125513_0179_041_234_2520_MAR_O_NT_002.SEN3,tie_geo_coordinates.nc,1139338,75df24d0ab1f1a6fe3aa7046a35e9971ef476a76a199c01a560e012340d17bef,73cab0972d97cb1ae614c51b8fef3a2b,"Thu, 25 Mar 2021 10:33:29 GMT"
S3B_OL_2_WFR____20200722T065124_20200722T065424_20200723T125513_0179_041_234_2520_MAR_O_NT_002.SEN3,wqsf.nc,4042694,bacf354e3d0d6f9464bf0e8bd40ef16011cbda8f852b4683acf50006852c9072,73516d4df5caefba18ddafe238cdb2cb,"Thu, 25 Mar 2021 10:33:29 GMT"
S3B_OL_2_WFR____20200723T062513_20200723T062813_20200724T151856_0179_041_248_2520_MAR_O_NT_002.SEN3,chl_oc4me.nc,5014851,b3d2f148a09b7ba2cc0e28195e612c2d7de3f603ec748701281f1d01e2256024,7652954c4692ba08834a820131d30d49,"Mon, 22 Mar 2021 19:54:51 GMT"
S3B_OL_2_WFR____20200723T062513_20200723T062813_20200724T151856_0179_041_248_2520_MAR_O_NT_002.SEN3,geo_coordinates.nc,60453483,80afc50aa5d1579033e3b2e0381c430c78d38fd205ac975a6874c47475d51f06,19cfb5c10ff992bf35f17f5a584f243c-8,"Mon, 22 Mar 2021 19:54:51 GMT"
S3B_OL_2_WFR____20200723T062513_20200723T062813_20200724T151856_0179_041_248_2520_MAR_O_NT_002.SEN3,tie_geo_coordinates.nc,1139603,f19fa02315884970fee034dfa6f438f849edfe2703af8be210e13250c0390be4,965d419db3acc65f63fc1db1417aa0a4,"Mon, 22 Mar 2021 19:54:51 GMT"
S3B_OL_2_WFR____20200723T062513_20200723T062813_20200724T151856_0179_041_248_2520_MAR_O_NT_002.SEN3,wqsf.nc,6186235,e98a64d172202538a166ebd93ab9a2a1de38a983d301ffb6b48b9168659c0f92,d3f12e53f48b629a1add4d8f30676362,"Mon, 22 Mar 2021 19:54:52 GMT"
S3B_OL_2_WFR____20200724T055902_20200724T060202_20200725T133213_0179_041_262_2520_MAR_O_NT_002.SEN3,chl_oc4me.nc,8396394,cfcb235c3b2004061b05b11916f210e0d3b3d0d6fe27fcfb33906129a1af943e,2dad9788230268ab250ee15c1efa50b3-2,"Mon, 22 Mar 2021 19:54:02 GMT"
S3B_OL_2_WFR____20200724T055902_20200724T060202_20200725T133213_0179_041_262_2520_MAR_O_NT_002.SEN3,geo_coordinates.nc,59369850,6b97a973d90abc8b07440426835d37635b8a263521187102f3596c7f60564d4e,64d7c937e944c9abdd71cccb86681ea1-8,"Mon, 22 Mar 2021 19:54:02 GMT"
S3B_OL_2_WFR____20200724T055902_20200724T060202_20200725T133213_0179_041_262_2520_MAR_O_NT_002.SEN3,tie_geo_coordinates.nc,1133225,5330ad8d5bf14b32a10cf0fe4c81569a5c19d87aeae2f8cd9843b5783846a6bb,a4f0801a8025bcdfecfca57466e57b9c,"Mon, 22 Mar 2021 19:54:02 GMT"
S3B_OL_2_WFR____20200724T055902_20200724T060202_20200725T133213_0179_041_262_2520_MAR_O_NT_002.SEN3,wqsf.nc,10914105,a70c3fd7f1f6cfe43dd7f5fac50c7d416c934b41bac5e409f14ecf52d989e59b,5a2f7543f9a8fad2818e42502352c7b8-2,"Mon, 22 Mar 2021 19:54:02 GMT"
S3B_OL_2_WFR____20200726T064739_20200726T065039_20200727T144441_0179_041_291_2520_MAR_O_NT_002.SEN3,chl_oc4me.nc,3125246,9148c1f174f94485bf85e53bd094b127e0836244d95ac30731090e2415055fd5,f9c978f5ca4309c1ffb778f3830d8760,"Thu, 01 Apr 2021 15:15:20 GMT"
S3B_OL_2_WFR____20200726T064739_20200726T065039_20200727T144441_0179_041_291_2520_MAR_O_NT_002.SEN3,geo_coordinates.nc,59789123,7fdc2003ae161dae88f18eef968527505a45634ed4955ae382912ab4fb8fabb0,ed2e77bea4d0a6c5e36752da3a1d90df-8,"Thu, 01 Apr 2021 15:15:20 GMT"
S3B_OL_2_WFR____20200726T064739_20200726T065039_20200727T144441_0179_041_291_2520_MAR_O_NT_002.SEN3,tie_geo_coordinates.nc,1134188,b7a6475ea6022a9ea7027021e497b063ea24e68f2b79101921363f9b7dd399d7,658e44a36fb31ba1107dbebb00c7efcd,"Thu, 01 Apr 2021 15:15:20 GMT"
S3B_OL_2_WFR____20200726T064739_20200726T065039_20200727T144441_0179_041_291_2520_MAR_O_NT_002.SEN3,wqsf.nc,3434580,31488e7fee68461a937d5182dc41acd457f9edf0aa6925991d568963085c4c09,64c356756495922064c87cefdad3ec5b,"Thu, 01 Apr 2021 15:15:20 GMT"
S3B_OL_2_WFR____20200727T062128_20200727T062428_20200728T152721_0179_041_305_2520_MAR_O_NT_002.SEN3,chl_oc4me.nc,4012366,1bdc9cb79406b01b918bc8b44f5caf89a3286d4fca0913d87f52b6912536ff17,86294c9059cf1aa9c678b791b1d58311,"Mon, 22 Mar 2021 19:51:23 GMT"
S3B_OL_2_WFR____20200727T062128_20200727T062428_20200728T152721_0179_041_305_2520_MAR_O_NT_002.SEN3,geo_coordinates.nc,60453921,94c424e62cc54777e0c6d957bb836c6dae0fccb1beae8c935c100cb77511cdd8,a6abd11dd53fd9563a884d951047c83c-8,"Mon, 22 Mar 2021 19:51:23 GMT"
S3B_OL_2_WFR____20200727T062128_20200727T062428_20200728T152721_0179_041_305_2520_MAR_O_NT_002.SEN3,tie_geo_coordinates.nc,1138417,ce51388e92dd36914ace55a511f77ce055a5f15f068c1d927dad3e3a4b6a25d9,ccdc7db580485d8c5f9b55fe9b63d6eb,"Mon, 22 Mar 2021 19:51:23 GMT"
S3B_OL_2_WFR____20200727T062128_20200727T062428_20200728T152721_0179_041_305_2520_MAR_O_NT_002.SEN3,wqsf.nc,4994931,78f65b537065a5bc296f5adecd87a53860cc6bee8a3086e7021220f043ed7f91,6f851e63f264ea447f8432a0e8d3c362,"Mon, 22 Mar 2021 19:51:23 GMT"
S3B_OL_2_WFR____20200730T064354_20200730T064654_20200731T151814_0179_041_348_2520_MAR_O_NT_002.SEN3,chl_oc4me.nc,3824622,c6ec90f9b3bf6525a2619fbaffb77023d23c8b6dbd1bcc6aaa301af8c541f36a,47ea0f104f8033f61e668d70be949f67,"Mon, 22 Mar 2021 19:49:48 GMT"
S3B_OL_2_WFR____20200730T064354_20200730T064654_20200731T151814_0179_041_348_2520_MAR_O_NT_002.SEN3,geo_coordinates.nc,59942556,147aaee0a8c41d1e8fe11786bddf4d2274a6a02380ca0d212eca931d989cd633,9a237cb1cc060d8ef6ab7ef978ad282d-8,"Mon, 22 Mar 2021 19:49:48 GMT"
S3B_OL_2_WFR____20200730T064354_20200730T064654_20200731T151814_0179_041_348_2520_MAR_O_NT_002.SEN3,tie_geo_coordinates.nc,1141364,d54128fa70b071b6fe06e6218ed4e28c831c0dd51e513f12c234a999988d88a9,1faccc6c7bc262d3034764cf0d2d92c9,"Mon, 22 Mar 2021 19:49:48 GMT"
S3B_OL_2_WFR____20200730T064354_20200730T064654_20200731T151814_0179_041_348_2520_MAR_O_NT_002.SEN3,wqsf.nc,3608786,25150d7d02cf17c299a83db906249c1dfae6d21fbb140b8a7fc45c66c7dd0f8e,0db38649bce267244ff465fb922482fb,"Mon, 22 Mar 2021 19:49:48 GMT"
S3B_OL_2_WFR____20200731T061744_20200731T062044_20200801T142057_0179_041_362_2520_MAR_O_NT_002.SEN3,chl_oc4me.nc,5016291,90f5b4c8d6bae06f1bcc4dd28f3465ff249e8a5e49f2bd688c99e59c2ed65512,df367378b5735b08365c5ea960f32c55,"Thu, 25 Mar 2021 10:31:02 GMT"
S3B_OL_2_WFR____20200731T061744_20200731T062044_20200801T142057_0179_041_362_2520_MAR_O_NT_002.SEN3,geo_coordinates.nc,60308856,d6eecdd84b29fbda3311935908babc9051d59ef3c236dec70ca7e75950f17e1e,1beef1e60d8367f06052e76af5ed07c3-8,"Thu, 25 Mar 2021 10:31:02 GMT"
S3B_OL_2_WFR____20200731T061744_20200731T062044_20200801T142057_0179_041_362_2520_MAR_O_NT_002.SEN3,tie_geo_coordinates.nc,1138404,2bee3e710fc566f9ebc0fe175a5b2a32cb4945df34521785aad3e52dca4f2fb2,188611bddc863c5f85b77584417abf68,"Thu, 25 Mar 2021 10:31:02 GMT"
S3B_OL_2_WFR____20200731T061744_20200731T062044_20200801T142057_0179_041_362_2520_MAR_O_NT_002.SEN3,wqsf.nc,6158348,8adf805fd2afc552c03f04447289d4f67c55eeefe2ef9173c14cedcf20e30c10,c8758e7ac97ddd884967463ca2e3de54,"Thu, 25 Mar 2021 10:31:02 GMT"
S3B_OL_2_WFR____20200803T064010_20200803T064310_20200804T151237_0179_042_020_2520_MAR_O_NT_002.SEN3,chl_oc4me.nc,4168528,70e822ec9e81d1fb5e4f4f84ff16c94a49da27bf12e4e698f6c75c27e0c2ca12,e51aac465b05aac78867c9c0db5858c5,"Mon, 22 Mar 2021 19:46:50 GMT"
S3B_OL_2_WFR____20200803T064010_20200803T064310_20200804T151237_0179_042_020_2520_MAR_O_NT_002.SEN3,geo_coordinates.nc,60110080,d7716080a5d27a1a2465a5a580a097fb4468ffd9306b1baeda1f5296bb9c34fd,8a5a50156d91437f51b8490b56d0cee0-8,"Mon, 22 Mar 2021 19:46:50 GMT"
S3B_OL_2_WFR____20200803T064010_20200803T064310_20200804T151237_0179_042_020_2520_MAR_O_NT_002.SEN3,tie_geo_coordinates.nc,1132655,655d6da198dfc6d6e256505386dc70b6deb9567c17c21f86250fa1d9483e7453,126567ac7da182628f3832e499526694,"Mon, 22 Mar 2021 19:46:50 GMT"
S3B_OL_2_WFR____20200803T064010_20200803T064310_20200804T151237_0179_042_020_2520_MAR_O_NT_002.SEN3,wqsf.nc,4336106,de2db7ebe6cae6bf189fcd1bd2d2cfcd0551c4ab864baa6d0b2e3e75ba432ce2,eb06f5a23663ec9170f4f5b3e5ae8343,"Mon, 22 Mar 2021 19:46:50 GMT"
S3B_OL_2_WFR____20200804T061359_20200804T061659_20200805T144240_0179_042_034_2520_MAR_O_NT_002.SEN3,chl_oc4me.nc,5260273,842a5bebbf7ae99dc63a42e3ea3c705a30a17abade6ed9315dee4d845e5871f8,a1ea4b676591b8a3ef9cc848906dedb0,"Thu, 01 Apr 2021 15:12:49 GMT"
S3B_OL_2_WFR____20200804T061359_20200804T061659_20200805T144240_0179_042_034_2520_MAR_O_NT_002.SEN3,geo_coordinates.nc,60113858,22fff945261319df0684af9662fceb92b19d87e7a28bf340dfbdc716a80995af,b20f42cc2ffe01354dc598dd361c4d9e-8,"Thu, 01 Apr 2021 15:12:49 GMT"
S3B_OL_2_WFR____20200804T061359_20200804T061659_20200805T144240_0179_042_034_2520_MAR_O_NT_002.SEN3,tie_geo_coordinates.nc,1133841,2ce05273050066f90626f5ebd120ccb6994c012e8bf45fb4fc7283aa6b396def,104d1af02a9c376f4af284fdb566f8b9,"Thu, 01 Apr 2021 15:12:49 GMT"
S3B_OL_2_WFR____20200804T061359_20200804T061659_20200805T144240_0179_042_034_2520_MAR_O_NT_002.SEN3,wqsf.nc,6073150,085caa82c004de66de7aa8ae3eb55e3f82ef59dbd2dfb2664f9fdfacbfae90a9,cd49a46f675053148f7916e41b4b97ce,"Thu, 01 Apr 2021 15:12:49 GMT"
S3B_OL_2_WFR____20200807T063626_20200807T063926_20200808T151653_0179_042_077_2520_MAR_O_NT_002.SEN3,chl_oc4me.nc,3463213,25abfa925b7d25e7dda34fee367039819886a9bc2300f169b75309d644766c60,9197d5df38fd19098ccf8bf3652e0a0a,"Mon, 22 Mar 2021 19:44:09 GMT"
S3B_OL_2_WFR____20200807T063626_20200807T063926_20200808T151653_0179_042_077_2520_MAR_O_NT_002.SEN3,geo_coordinates.nc,60273406,887408e044df44a6ca70c0f96bd2bc07f093aa9e27c510fcea21113f4c2a52f7,6f0ab48e2e99d5068ef9b05d51d1a7a4-8,"Mon, 22 Mar 2021 19:44:09 GMT"
S3B_OL_2_WFR____20200807T063626_20200807T063926_20200808T151653_0179_042_077_2520_MAR_O_NT_002.SEN3,tie_geo_coordinates.nc,1138639,f086e5b4769b6ab267a14315002ada7491a0c7ee349a6ea12fbf117eca86b9fa,5325ff875b99001df61a9ca842a13976,"Mon, 22 Mar 2021 19:44:08 GMT"
S3B_OL_2_WFR____20200807T063626_20200807T063926_20200808T151653_0179_042_077_2520_MAR_O_NT_002.SEN3,wqsf.nc,4615499,30e5b2d52071d58fb3069273c0dd9231a1531bd099208ba2216eadbdff4cc770,d96f344a63076f2c8905c89864b41cc7,"Mon, 22 Mar 2021 19:44:09 GMT"
S3B_OL_2_WFR____20200808T061015_20200808T061315_20200809T132341_0179_042_091_2520_MAR_O_NT_002.SEN3,chl_oc4me.nc,786171,96c8a903c58d3f509e9711abc19f58c71807e6f7913662a1e37121bc183eca7c,6c46023a7dee79ce74df18f7662f5e5f,"Thu, 25 Mar 2021 10:28:37 GMT"
S3B_OL_2_WFR____20200808T061015_20200808T061315_20200809T132341_0179_042_091_2520_MAR_O_NT_002.SEN3,geo_coordinates.nc,59874689,b57d39f35416d30a06aa105a79f86f092fa01ee073f50ca7f08efa71cc227b14,8c63d37489c0d2dcd7b3403b372d4e4e-8,"Thu, 25 Mar 2021 10:28:37 GMT"
S3B_OL_2_WFR____20200808T061015_20200808T061315_20200809T132341_0179_042_091_2520_MAR_O_NT_002.SEN3,tie_geo_coordinates.nc,1132077,7b6d5efe67c14afad6a68a90efca56e78f57ac3e55fe006031115f8ee0416c1e,a5ac7fb836c93a780e83a9c88bae00a1,"Thu, 25 Mar 2021 10:28:37 GMT"
S3B_OL_2_WFR____20200808T061015_20200808T061315_20200809T132341_0179_042_091_2520_MAR_O_NT_002.SEN3,wqsf.nc,2485848,8fa52391c9ac27fa781697de9f2e3dab1d2947564a98c2c545a24349f0c7a6d4,ac0dfa9ee364f443b66aeaa5d518b123,"Thu, 25 Mar 2021 10:28:37 GMT"
S3B_OL_2_WFR____20200810T065853_20200810T070153_20200811T132853_0179_042_120_2520_MAR_O_NT_002.SEN3,tie_geo_coordinates.nc,1140025,f5e842109a364b78f295b56ea924a589ba5648c4af622cc69f7652e779ec96f4,79836690c7c59dc50843cbc652b11dfb,"Thu, 25 Mar 2021 10:28:08 GMT"
S3B_OL_2_WFR____20200811T063242_20200811T063542_20200812T153506_0179_042_134_2520_MAR_O_NT_002.SEN3,chl_oc4me.nc,3779336,5699b8c68ec1f3b14786f162e5c7e96da96795fd9c996a6d8338deaf58041ee6,16bcb3b17f5fc7f54c1f0152783c9e26,"Mon, 22 Mar 2021 19:41:28 GMT"
S3B_OL_2_WFR____20200811T063242_20200811T063542_20200812T153506_0179_042_134_2520_MAR_O_NT_002.SEN3,geo_coordinates.nc,60446464,de4c6e7db1c4f3f9874e82a84e7a9d17a1b912595dd4bbe893d4e0035dddbd39,f2a348cc15efd6baca5b06d2dd446abf-8,"Mon, 22 Mar 2021 19:41:28 GMT"
S3B_OL_2_WFR____20200811T063242_20200811T063542_20200812T153506_0179_042_134_2520_MAR_O_NT_002.SEN3,tie_geo_coordinates.nc,1140685,dbd75e2b5676307582c3ddc0d4abbf5f66c2ab3080b497f227db787e60c927b1,d367eaebc09be3f9561120d9bd2961ef,"Mon, 22 Mar 2021 19:41:28 GMT"
S3B_OL_2_WFR____20200811T063242_20200811T063542_20200812T153506_0179_042_134_2520_MAR_O_NT_002.SEN3,wqsf.nc,5318559,6d963a14d370bb7635cdf7505c4635bd784a7df1c2ade70c078e6b8f8266ff7a,c60eb2b7cfcc0aaa35faa14d85a6ca28,"Mon, 22 Mar 2021 19:41:28 GMT"
S3B_OL_2_WFR____20200812T060631_20200812T060931_20200813T123826_0179_042_148_2520_MAR_O_NT_002.SEN3,chl_oc4me.nc,3234853,d32500d709fdc975f0613f989b43ae584dd47a0adb80bb683650b3bfd971caca,724e66556d4a93e6fa9e15f9826f0534,"Thu, 01 Apr 2021 15:11:00 GMT"
S3B_OL_2_WFR____20200812T060631_20200812T060931_20200813T123826_0179_042_148_2520_MAR_O_NT_002.SEN3,geo_coordinates.nc,59761834,59c2dd53bd3e3f068e1bff92301d0c10f0e04f175350819dc30904a66132ba93,3c36bc522339fe226e112e0689c63622-8,"Thu, 01 Apr 2021 15:11:00 GMT"
S3B_OL_2_WFR____20200812T060631_20200812T060931_20200813T123826_0179_042_148_2520_MAR_O_NT_002.SEN3,tie_geo_coordinates.nc,1132692,22d96dee7521b96c7c9249b387a54bfc66bbe475156b434356984984a4b786b6,f0421d600c6d81fe89fcceec3582a891,"Thu, 01 Apr 2021 15:11:00 GMT"
S3B_OL_2_WFR____20200812T060631_20200812T060931_20200813T123826_0179_042_148_2520_MAR_O_NT_002.SEN3,wqsf.nc,6218927,ed1b8cbc4f67cb2dcf819b647468e3fd41f9ad1bc3596a5e155396663e890901,02299db3fe512861773510739e8800b4,"Thu, 01 Apr 2021 15:11:00 GMT"
S3B_OL_2_WFR____20200814T065508_20200814T065808_20200815T135452_0179_042_177_2520_MAR_O_NT_002.SEN3,tie_geo_coordinates.nc,1132913,cae9b9b65d414050491e48f290bfe4cb0f0a4b6d4faa19cc0ae5602676efa8d3,856967e14bb0c12abb22e55f72380cf3,"Mon, 22 Mar 2021 19:39:46 GMT"
S3B_OL_2_WFR____20200815T062857_20200815T063157_20200816T120939_0179_042_191_2520_MAR_O_NT_002.SEN3,chl_oc4me.nc,4502082,c3e1ab3fcba81440029accef9885bd0826d69b980803301e9612859f87f7cbcf,4020b32a3fd4e5f364bb215568b3351b,"Thu, 01 Apr 2021 15:10:11 GMT"
S3B_OL_2_WFR____20200815T062857_20200815T063157_20200816T120939_0179_042_191_2520_MAR_O_NT_002.SEN3,geo_coordinates.nc,60440929,9181e512fa0fcd896d9cfb0a4511f48bd24838c162a0ac6af8d3a21e7db6c889,7d36571df44377d25316fa9345872027-8,"Thu, 01 Apr 2021 15:10:11 GMT"
S3B_OL_2_WFR____20200815T062857_20200815T063157_20200816T120939_0179_042_191_2520_MAR_O_NT_002.SEN3,tie_geo_coordinates.nc,1134884,0476eb4c4cce1fef5fd77e0af36d536b47bfd623b0586cfa24745184081939ab,7aea92ccb17f63d74f2da1d45b82d051,"Thu, 01 Apr 2021 15:10:11 GMT"
S3B_OL_2_WFR____20200815T062857_20200815T063157_20200816T120939_0179_042_191_2520_MAR_O_NT_002.SEN3,wqsf.nc,4778215,d0fe7da616a4a88731cf65b4e069e81f31592b99281ab9669881d4db410ca848,69171964218b4071dfe899fea312f4ad,"Thu, 01 Apr 2021 15:10:11 GMT"
S3B_OL_2_WFR____20200816T060246_20200816T060546_20200817T152819_0179_042_205_2520_MAR_O_NT_002.SEN3,chl_oc4me.nc,1551857,62584283a4b25c2682e74170ba1278c185e006e3ca46638527e662a632eeef31,82641bf1539db8a6eef69b6755742d28,"Mon, 22 Mar 2021 19:38:46 GMT"
S3B_OL_2_WFR____20200816T060246_20200816T060546_20200817T152819_0179_042_205_2520_MAR_O_NT_002.SEN3,geo_coordinates.nc,59631283,08388dc8e332ca3703ab55bacbe7ac31015d1b29ef054f9aa115209d6fd1af6a,7345764318d732e9e95ae7acf3211141-8,"Mon, 22 Mar 2021 19:38:46 GMT"
S3B_OL_2_WFR____20200816T060246_20200816T060546_20200817T152819_0179_042_205_2520_MAR_O_NT_002.SEN3,tie_geo_coordinates.nc,1133336,cd7aa4c0a78e71cf5bd436fb8b4d3a73edc24736231f3c1af59e8e811025cd30,b0223795c34167e1ededae2ea3a1b735,"Mon, 22 Mar 2021 19:38:46 GMT"
S3B_OL_2_WFR____20200816T060246_20200816T060546_20200817T152819_0179_042_205_2520_MAR_O_NT_002.SEN3,wqsf.nc,3319245,b4777be6f753347d4f129960037c056204ed8e93388cc51812625dad902e5185,7b69757847dc8a925b1a7afb02be75a3,"Mon, 22 Mar 2021 19:38:46 GMT"
S3B_OL_2_WFR____20200818T065124_20200818T065424_20200819T152343_0179_042_234_2520_MAR_O_NT_002.SEN3,chl_oc4me.nc,3043817,480bbd0594120b7ec1e3cb269a3d9fa8ed3b42a93c17056eb7f4c670884f504b,56be1b68bde54d601d9b0de8c243282f,"Thu, 01 Apr 2021 15:09:24 GMT"
S3B_OL_2_WFR____20200818T065124_20200818T065424_20200819T152343_0179_042_234_2520_MAR_O_NT_002.SEN3,geo_coordinates.nc,59650509,e634855162baa80e6184ffca544313bdfb4d2f5b4240e336a7d68bdbc76151a1,eefb82577eee050dc51500fe84b54d63-8,"Thu, 01 Apr 2021 15:09:24 GMT"
S3B_OL_2_WFR____20200818T065124_20200818T065424_20200819T152343_0179_042_234_2520_MAR_O_NT_002.SEN3,tie_geo_coordinates.nc,1134835,286afe37ac54e0594897f37b82d5c5aeac6db51ddf39c7bf465a346ecbb48258,829312225dbb7e0776ea36ccc9612c20,"Thu, 01 Apr 2021 15:09:24 GMT"
S3B_OL_2_WFR____20200818T065124_20200818T065424_20200819T152343_0179_042_234_2520_MAR_O_NT_002.SEN3,wqsf.nc,4097325,580677d02759199632601ec53787fbd496ac922d6b76f340ee6d1327225562a6,2b35dc318803f5ab62769b1349bafcde,"Thu, 01 Apr 2021 15:09:25 GMT"
S3B_OL_2_WFR____20200819T062513_20200819T062813_20200820T153133_0179_042_248_2520_MAR_O_NT_002.SEN3,chl_oc4me.nc,5190404,6dd7bf2308ad384d3b1b07708740482a0eead94704562b54cf5e37565ec651bb,5d134d9e69c0c3d77c467c69db73b616,"Thu, 25 Mar 2021 10:25:14 GMT"
S3B_OL_2_WFR____20200819T062513_20200819T062813_20200820T153133_0179_042_248_2520_MAR_O_NT_002.SEN3,geo_coordinates.nc,60465656,5fd98c7b8ba2ff3d93d93860fe9b5c0ea329438ef5222b2a21e53ce4e442d98c,81b1ed802807d8bd5d97828257e38dd5-8,"Thu, 25 Mar 2021 10:25:14 GMT"
S3B_OL_2_WFR____20200819T062513_20200819T062813_20200820T153133_0179_042_248_2520_MAR_O_NT_002.SEN3,tie_geo_coordinates.nc,1138919,e2c84738a2f50104874027576bee0a5ceac635f5761d58fb0425d4d07d084d9d,8158a9e28f32848fe0a670c27807d383,"Thu, 25 Mar 2021 10:25:14 GMT"
S3B_OL_2_WFR____20200819T062513_20200819T062813_20200820T153133_0179_042_248_2520_MAR_O_NT_002.SEN3,wqsf.nc,5492744,5842a36eb3e40f4f4183c844e23023e5a06226c699f82ed43e1dd8dfbe26dcf2,b6172c7add1c6103b730bdfe30aa9682,"Thu, 25 Mar 2021 10:25:14 GMT"
S3B_OL_2_WFR____20200820T055902_20200820T060202_20200821T144958_0180_042_262_2520_MAR_O_NT_002.SEN3,chl_oc4me.nc,4490881,f20488533e2226a500ce21c682e3a30d74c5fe9cd9f35c94ba97fabc799d3a7e,25faa886cc40de63741efcb7e5e383ef,"Thu, 25 Mar 2021 10:24:03 GMT"
S3B_OL_2_WFR____20200820T055902_20200820T060202_20200821T144958_0180_042_262_2520_MAR_O_NT_002.SEN3,geo_coordinates.nc,59389987,fe92cf3e7ff3000d5cf1d49204594b88428949bd0e2757c5c8b28934ccccdb9d,9e44062be801f7c91476c569c108a2f7-8,"Thu, 25 Mar 2021 10:24:02 GMT"
S3B_OL_2_WFR____20200820T055902_20200820T060202_20200821T144958_0180_042_262_2520_MAR_O_NT_002.SEN3,tie_geo_coordinates.nc,1131567,1d0103e16f84c54a158c8cf4ed7d6bf7e2d18ebf7adc1088cae0305b905a540c,03d4d4ae426d88187827c7d1456d339d,"Thu, 25 Mar 2021 10:24:02 GMT"
S3B_OL_2_WFR____20200820T055902_20200820T060202_20200821T144958_0180_042_262_2520_MAR_O_NT_002.SEN3,wqsf.nc,7038092,4f102a614db280f257add489bcfbb7031a59655627fe06238a2f45d1c4044d67,5dd670e58c5351b0413bd82390b1b5e9,"Thu, 25 Mar 2021 10:24:03 GMT"
S3B_OL_2_WFR____20200822T064739_20200822T065039_20200823T135440_0179_042_291_2520_MAR_O_NT_002.SEN3,chl_oc4me.nc,3111433,93dd6325b9160368969ea0ba6a91158a21893ac1d631fe74585f94d41a545328,27d9bdf8ac4ec54fa0700c7b9348ada7,"Mon, 22 Mar 2021 19:31:51 GMT"
S3B_OL_2_WFR____20200822T064739_20200822T065039_20200823T135440_0179_042_291_2520_MAR_O_NT_002.SEN3,geo_coordinates.nc,59820199,ca3461d9b2ce6cdcf6d8209be544099c8e48bf2a9a7eebde7bea3dc9cf0570e4,2a49a919b61f733f7f6f45ca0168258c-8,"Mon, 22 Mar 2021 19:31:51 GMT"
S3B_OL_2_WFR____20200822T064739_20200822T065039_20200823T135440_0179_042_291_2520_MAR_O_NT_002.SEN3,tie_geo_coordinates.nc,1138645,e6e121242d3f6f73966f9ddcb045791b016e8efe61350ae3e855284bd0a90b5a,7424705a429b4b4a45ae8326b4ac9fc4,"Mon, 22 Mar 2021 19:31:51 GMT"
S3B_OL_2_WFR____20200822T064739_20200822T065039_20200823T135440_0179_042_291_2520_MAR_O_NT_002.SEN3,wqsf.nc,4520305,fc199e04267af6c35e45b32376d742c060137a7362f0586413590db9ef09f2a0,a75529e21742203f0624afba7a595658,"Mon, 22 Mar 2021 19:31:51 GMT"
S3B_OL_2_WFR____20200823T062128_20200823T062428_20200824T153046_0179_042_305_2520_MAR_O_NT_002.SEN3,chl_oc4me.nc,3204337,18daeb36bcbd4c0b90d55d429c92fcf9c1de685a25b3c8c989b0b05ac421a6ab,e96c6ab198ca860b4349978ad92a2469,"Thu, 25 Mar 2021 10:22:04 GMT"
S3B_OL_2_WFR____20200823T062128_20200823T062428_20200824T153046_0179_042_305_2520_MAR_O_NT_002.SEN3,geo_coordinates.nc,60470953,9a3ea7c834cbac92c9b700d438312cb2d7dd8f5b7a70aa2f63ce7509c5a0d084,52690d095447407469e3c69984e7adf8-8,"Thu, 25 Mar 2021 10:22:04 GMT"
S3B_OL_2_WFR____20200823T062128_20200823T062428_20200824T153046_0179_042_305_2520_MAR_O_NT_002.SEN3,tie_geo_coordinates.nc,1138294,b85b238bbcdef510a51b42f9e9ee6ddc6e635019406a41208fd4a3e41074564e,df26dd047ef5fec453cf67082e077804,"Thu, 25 Mar 2021 10:22:04 GMT"
S3B_OL_2_WFR____20200823T062128_20200823T062428_20200824T153046_0179_042_305_2520_MAR_O_NT_002.SEN3,wqsf.nc,5096020,bc307a9bfdc69375f6805c19407c2dc8374dbfe66f689297f9504526b480b7a6,a092ba6684a07e306cb7122c8effb51b,"Thu, 25 Mar 2021 10:22:04 GMT"
S3B_OL_2_WFR____20200826T064355_20200826T064655_20200827T153043_0180_042_348_2520_MAR_O_NT_002.SEN3,chl_oc4me.nc,3931795,faa8d7dc336fdf795400316f721dbb50b5aeede4279e582158eb46b29dcd828d,4d2c9bb268ee88bc7712b504156611d4,"Mon, 22 Mar 2021 19:28:28 GMT"
S3B_OL_2_WFR____20200826T064355_20200826T064655_20200827T153043_0180_042_348_2520_MAR_O_NT_002.SEN3,geo_coordinates.nc,59976404,ad8c8ed7b310de9ea5cef9b6af37a94c927277da2dc17c3402daa2c778ebeb2d,4316940791e3c7e749bd18ad77534768-8,"Mon, 22 Mar 2021 19:28:28 GMT"
S3B_OL_2_WFR____20200826T064355_20200826T064655_20200827T153043_0180_042_348_2520_MAR_O_NT_002.SEN3,tie_geo_coordinates.nc,1141792,69e779e1a02178a4416eb370dae5497016103d948c13df64e6aab36a286973c1,7200d79f66b1c11bf5d200408ff28b85,"Mon, 22 Mar 2021 19:28:28 GMT"
S3B_OL_2_WFR____20200826T064355_20200826T064655_20200827T153043_0180_042_348_2520_MAR_O_NT_002.SEN3,wqsf.nc,4885727,ad40239fe1b52b834b5ec99cb152e3f3d7e739ef8810b0512b614cab9122a8a3,08baf7cfaa2415cc86bb5afdedb833ca,"Mon, 22 Mar 2021 19:28:28 GMT"
S3B_OL_2_WFR____20200827T061744_20200827T062044_20200828T150916_0179_042_362_2520_MAR_O_NT_002.SEN3,chl_oc4me.nc,3921223,4614efdc33e7301f23cda9facbc0881dbbcd63deb34ebb51b0192671c2502cab,89a9741fd58cb3dec232262a0d1d8515,"Thu, 01 Apr 2021 15:05:13 GMT"
S3B_OL_2_WFR____20200827T061744_20200827T062044_20200828T150916_0179_042_362_2520_MAR_O_NT_002.SEN3,geo_coordinates.nc,60342692,d71a6e7d2c866a023cca4f3092fcafee3b94eb35a0e158d3f4a94dfd2114d1fd,303e3bfbce9fd6702761cfeda1c61790-8,"Thu, 01 Apr 2021 15:05:13 GMT"
S3B_OL_2_WFR____20200827T061744_20200827T062044_20200828T150916_0179_042_362_2520_MAR_O_NT_002.SEN3,tie_geo_coordinates.nc,1138268,de5a62063d20c24d29ae9a0689267ab08df71331f67cf6768e15b2aa964a107b,f0071631e517cd0a2286a0cef0c0fe27,"Thu, 01 Apr 2021 15:05:13 GMT"
S3B_OL_2_WFR____20200827T061744_20200827T062044_20200828T150916_0179_042_362_2520_MAR_O_NT_002.SEN3,wqsf.nc,5412429,38641a60380b2ccb964f879db3599e218b96db631d4b9428c73a027e67ae01ff,65fae8db62f074f0b169396563a475d4,"Thu, 01 Apr 2021 15:05:13 GMT"
S3B_OL_2_WFR____20200830T064010_20200830T064310_20200831T151104_0179_043_020_2520_MAR_O_NT_002.SEN3,chl_oc4me.nc,4026944,f76b6ff000c594047ff56f1f12baf8cb490b3db5b731ad2428fc9dd097d0724a,7e34d4e2fdd869fe51bc61d7848bae67,"Mon, 22 Mar 2021 19:24:03 GMT"
S3B_OL_2_WFR____20200830T064010_20200830T064310_20200831T151104_0179_043_020_2520_MAR_O_NT_002.SEN3,geo_coordinates.nc,60117868,7ca73aa0032a4103089eb7fdeb514d4074e60ea2217352d9228028a7b8ef95ed,e2670c5beb1066f7c28fd0c1f18de33b-8,"Mon, 22 Mar 2021 19:24:03 GMT"
S3B_OL_2_WFR____20200830T064010_20200830T064310_20200831T151104_0179_043_020_2520_MAR_O_NT_002.SEN3,tie_geo_coordinates.nc,1137864,fa6c8090516601ccd7551672ea4a6fc0a20fee36ae68da94fc87740f866fe29c,0df5887f9f40b64055867185607b6181,"Mon, 22 Mar 2021 19:24:03 GMT"
S3B_OL_2_WFR____20200830T064010_20200830T064310_20200831T151104_0179_043_020_2520_MAR_O_NT_002.SEN3,wqsf.nc,4830991,75c80c5d50960f55f2d00ababd83b041e2fc19e0a5aabde0e613556bb5f63471,ef6d8521c00286429d0816b3f9930137,"Mon, 22 Mar 2021 19:24:03 GMT"
S3B_OL_2_WFR____20200903T063625_20200903T063925_20200904T151418_0179_043_077_2520_MAR_O_NT_002.SEN3,chl_oc4me.nc,4747481,c60b4df122fef5f89fff5e46edd35f9ab44df2f1f5e3a075da32907455a41ad8,d734f1afa08dfe580dce8468adcd303a,"Tue, 06 Apr 2021 15:23:28 GMT"
S3B_OL_2_WFR____20200903T063625_20200903T063925_20200904T151418_0179_043_077_2520_MAR_O_NT_002.SEN3,geo_coordinates.nc,60281910,6a39d88c380c8e8aba49240f6407dddd7dc0c64bc398e89f638c52ac94a46e15,4f3df565ee30b53f8081481c5db3652b-8,"Tue, 06 Apr 2021 15:23:28 GMT"
S3B_OL_2_WFR____20200903T063625_20200903T063925_20200904T151418_0179_043_077_2520_MAR_O_NT_002.SEN3,tie_geo_coordinates.nc,1135284,24c84799b302869fb78166eb3101f77c62add78e44fe8a5e32768e148f1568fa,c4b3ecc2def716ba9a290d3112cbe963,"Tue, 06 Apr 2021 15:23:27 GMT"
S3B_OL_2_WFR____20200903T063625_20200903T063925_20200904T151418_0179_043_077_2520_MAR_O_NT_002.SEN3,wqsf.nc,4355505,d301bb6e2be496a908b71539b3bbb27912a4d489aa651815afeedae197ac94ce,28f5cadfaae66f6d4d6393e04db47fcc,"Tue, 06 Apr 2021 15:23:28 GMT"
S3B_OL_2_WFR____20200904T061014_20200904T061314_20200905T144741_0179_043_091_2520_MAR_O_NT_002.SEN3,chl_oc4me.nc,7956118,1ec4a939a9e0b17c09f340d3205f95e5d2dc41440e97a0462b7746e211111bed,cbd171725ee260a14843fd9d1065472d,"Thu, 25 Mar 2021 10:15:44 GMT"
S3B_OL_2_WFR____20200904T061014_20200904T061314_20200905T144741_0179_043_091_2520_MAR_O_NT_002.SEN3,geo_coordinates.nc,59886025,0a180c3a4270771993d11ee5c9d8bd4eb308c4437f74d69335da8f52d04616b8,1b31d2f1ea39d9594f2f3b9d915d757f-8,"Thu, 25 Mar 2021 10:15:44 GMT"
S3B_OL_2_WFR____20200904T061014_20200904T061314_20200905T144741_0179_043_091_2520_MAR_O_NT_002.SEN3,tie_geo_coordinates.nc,1133735,e08be70d5d1c60820a58760ed1e9c61d079fa219b5a7ab00534924bb6c512075,769692a63e53155e410e58d5afccf778,"Thu, 25 Mar 2021 10:15:44 GMT"
S3B_OL_2_WFR____20200904T061014_20200904T061314_20200905T144741_0179_043_091_2520_MAR_O_NT_002.SEN3,wqsf.nc,6331681,d2056ddde3b4703a88c92ec45672fcfe5ca257cfb5d751cac8495f5a956d429e,71b0e070a793a4cc829c43d9715df68f,"Thu, 25 Mar 2021 10:15:44 GMT"
S3B_OL_2_WFR____20200906T065852_20200906T070152_20200907T154018_0179_043_120_2520_MAR_O_NT_002.SEN3,tie_geo_coordinates.nc,1138031,6f7d21d2846f7eb2021151385487e6f5e73b8e75bdc839de2ab5236b0b736fb1,feda87a8593670de166fa480ff0aa551,"Thu, 25 Mar 2021 10:13:39 GMT"
S3B_OL_2_WFR____20200907T063241_20200907T063541_20200908T160331_0179_043_134_2520_MAR_O_NT_002.SEN3,chl_oc4me.nc,5000952,e944c6a00a694b0d8014fc0629d9565f79a840d3a6a77a9e4ff624b7511e6fa6,1d581f8b35430d99f136ede47624b7b2,"Mon, 22 Mar 2021 19:13:12 GMT"
S3B_OL_2_WFR____20200907T063241_20200907T063541_20200908T160331_0179_043_134_2520_MAR_O_NT_002.SEN3,geo_coordinates.nc,60466351,a78e6a966733a52a0f3ed43ab124937bd5153dd768fbf1367908c0ba24f51dcc,8d25172b740d6f5890d5b512d52539e6-8,"Mon, 22 Mar 2021 19:13:12 GMT"
S3B_OL_2_WFR____20200907T063241_20200907T063541_20200908T160331_0179_043_134_2520_MAR_O_NT_002.SEN3,tie_geo_coordinates.nc,1136827,942b9abcd0e98a67330d5bf85404a80580cbb8825a4d08dce9242742bbacd9d6,e0a541c1762e395f0bb3ae85ef8b75c2,"Mon, 22 Mar 2021 19:13:12 GMT"
S3B_OL_2_WFR____20200907T063241_20200907T063541_20200908T160331_0179_043_134_2520_MAR_O_NT_002.SEN3,wqsf.nc,4352884,a51ba6fc0589a2f91d26de0f9fd04e8745e479022428a4342243eda93876633d,4a92d248ce7261ce1a7706cf20ff72aa,"Mon, 22 Mar 2021 19:13:12 GMT"
S3B_OL_2_WFR____20200908T060630_20200908T060930_20200909T152237_0179_043_148_2520_MAR_O_NT_002.SEN3,chl_oc4me.nc,8490604,d97e1f40c2eea08621b68c44379190147df9b6b4bb778ff27bfd8d6c0f00a9c9,ffc82a67b865e9d141c57364bd2d2306-2,"Mon, 22 Mar 2021 19:12:13 GMT"
S3B_OL_2_WFR____20200908T060630_20200908T060930_20200909T152237_0179_043_148_2520_MAR_O_NT_002.SEN3,geo_coordinates.nc,59780160,a25467fcee0cabe05f5b83eba690cb127686dcff4f38d516f12878e87adf1907,c6d93a571c6e423bd53a257f76b6881f-8,"Mon, 22 Mar 2021 19:12:13 GMT"
S3B_OL_2_WFR____20200908T060630_20200908T060930_20200909T152237_0179_043_148_2520_MAR_O_NT_002.SEN3,tie_geo_coordinates.nc,1132449,e8411b1cbd890d2e1e50a7692416311b096de25f378dba0ba58a9a7a67891591,721e3f9f8efb9fa5f9da5f02b9ba4cd2,"Mon, 22 Mar 2021 19:12:13 GMT"
S3B_OL_2_WFR____20200908T060630_20200908T060930_20200909T152237_0179_043_148_2520_MAR_O_NT_002.SEN3,wqsf.nc,7835637,4eff283143f8776d1eb113b9d3a03ee675d1088e7c589937f0b86232d771c243,5d91576ad6627859558b249aca5f4ba7,"Mon, 22 Mar 2021 19:12:13 GMT"
S3B_OL_2_WFR____20200910T065507_20200910T065807_20200911T145343_0179_043_177_2520_MAR_O_NT_002.SEN3,tie_geo_coordinates.nc,1136381,032855d667c25629d1610466fb05fe8b6090e49443e7c085835d3bac72910f1b,cb64c63249b4069faeaaba24404fa2e6,"Mon, 22 Mar 2021 19:09:22 GMT"
S3B_OL_2_WFR____20200912T060245_20200912T060545_20200913T143059_0179_043_205_2520_MAR_O_NT_002.SEN3,chl_oc4me.nc,7752100,ef84bb79b477546ae5813242077c286c78e7188880f835fc8b8c558c471e62e4,d87a7436cc8890e0802bce83cfb3328b,"Thu, 25 Mar 2021 10:10:59 GMT"
S3B_OL_2_WFR____20200912T060245_20200912T060545_20200913T143059_0179_043_205_2520_MAR_O_NT_002.SEN3,geo_coordinates.nc,59632634,977953a34ae05a60ee6f700936c6365124fd4d7400d4993d4119e706954a20b8,58ff9375b70e670dbfc46966fedef806-8,"Thu, 25 Mar 2021 10:10:59 GMT"
S3B_OL_2_WFR____20200912T060245_20200912T060545_20200913T143059_0179_043_205_2520_MAR_O_NT_002.SEN3,tie_geo_coordinates.nc,1133770,96cd67a598debb3952ee24f9c9d544e5092baccd6f96ff49154d6727bbfdc315,7e70dc1005edadff96900027cf34baa9,"Thu, 25 Mar 2021 10:10:59 GMT"
S3B_OL_2_WFR____20200912T060245_20200912T060545_20200913T143059_0179_043_205_2520_MAR_O_NT_002.SEN3,wqsf.nc,8458853,c00fed1a0d96a611ff344480da8960ed0652b17239cda0ead0f83ef1d119ba0b,6298880a73904fe482f9091e324f6c14-2,"Thu, 25 Mar 2021 10:10:59 GMT"
S3B_OL_2_WFR____20200914T065122_20200914T065422_20200915T155110_0179_043_234_2520_MAR_O_NT_002.SEN3,chl_oc4me.nc,3299403,d661ebc69f2f2b017255e3c49ac3cf26c025760345e3b4a3fa1c7d68e1e2c556,94f7a45d868a5b07c7ce74c629e8b324,"Mon, 22 Mar 2021 19:05:33 GMT"
S3B_OL_2_WFR____20200914T065122_20200914T065422_20200915T155110_0179_043_234_2520_MAR_O_NT_002.SEN3,geo_coordinates.nc,59664763,bceb70cd5ccb0822663a82f9df314d63fee226327bb62e22180d1d6a2b2c1ba5,a42e4f9594828c55d5a91e9c58f110e7-8,"Mon, 22 Mar 2021 19:05:33 GMT"
S3B_OL_2_WFR____20200914T065122_20200914T065422_20200915T155110_0179_043_234_2520_MAR_O_NT_002.SEN3,tie_geo_coordinates.nc,1136917,c371177dcd0fd2ef205b5b7f765470028cc678a1b03b965a2e9fdc61dc78bd0b,b61cfcf831965ba467b9230a8f50f8cb,"Mon, 22 Mar 2021 19:05:33 GMT"
S3B_OL_2_WFR____20200914T065122_20200914T065422_20200915T155110_0179_043_234_2520_MAR_O_NT_002.SEN3,wqsf.nc,4906172,25b75e3e1047b8043ef43898fa756e805e460edad29a82a26e579f066ff47494,3729ecf6915d131904eeeab3cd3e8ec6,"Mon, 22 Mar 2021 19:05:33 GMT"
S3B_OL_2_WFR____20200915T062511_20200915T062811_20200916T130803_0179_043_248_2520_MAR_O_NT_002.SEN3,chl_oc4me.nc,5646393,5a18f366760050fa4a0cf18995b12b11db23d30d2eebb7c7299483ffd774b4ee,1680f377f83fac6c757680a88c57f6dc,"Mon, 22 Mar 2021 19:04:46 GMT"
S3B_OL_2_WFR____20200915T062511_20200915T062811_20200916T130803_0179_043_248_2520_MAR_O_NT_002.SEN3,geo_coordinates.nc,60502977,e1b26600869098326015586f49dadddd3359826df1eb8a4cc1ae6d02736d83ae,d87a94551d6028b9c912622b6a911f85-8,"Mon, 22 Mar 2021 19:04:46 GMT"
S3B_OL_2_WFR____20200915T062511_20200915T062811_20200916T130803_0179_043_248_2520_MAR_O_NT_002.SEN3,tie_geo_coordinates.nc,1133150,dbb4b9a651d88aefc2c2d7590d708b5dcbd831e420c3351cbdaa1b6f3792433f,9817b448a904c9a2840942786af51373,"Mon, 22 Mar 2021 19:04:45 GMT"
S3B_OL_2_WFR____20200915T062511_20200915T062811_20200916T130803_0179_043_248_2520_MAR_O_NT_002.SEN3,wqsf.nc,4759272,26b2b1628865d3854adc1381334ce69a472084fb76ddbefacb24e3f94ba7d6cc,00d2f0840302edda806700cd85f0784d,"Mon, 22 Mar 2021 19:04:45 GMT"
S3B_OL_2_WFR____20200916T055900_20200916T060200_20200917T144540_0179_043_262_2520_MAR_O_NT_002.SEN3,chl_oc4me.nc,8555961,2f52278b066afd1ff00dfa972fdf2c86340af3bfd2fa870bd2add5a6800aa12a,3bee549d05e137e842dae7f62946b157-2,"Mon, 22 Mar 2021 19:03:59 GMT"
S3B_OL_2_WFR____20200916T055900_20200916T060200_20200917T144540_0179_043_262_2520_MAR_O_NT_002.SEN3,geo_coordinates.nc,59404851,74fbdec39239b49faea1c997183486987c93c93fca3cc236c7a8bbd60059f192,4849ea5a7541067f2757bc4fdf31d396-8,"Mon, 22 Mar 2021 19:03:59 GMT"
S3B_OL_2_WFR____20200916T055900_20200916T060200_20200917T144540_0179_043_262_2520_MAR_O_NT_002.SEN3,tie_geo_coordinates.nc,1138047,e4409b490529f5649e2949b50820755b1bb991e72616dfb0fb8aacc12a70c171,74e8138ae635442f4184faf60901c36e,"Mon, 22 Mar 2021 19:03:59 GMT"
S3B_OL_2_WFR____20200916T055900_20200916T060200_20200917T144540_0179_043_262_2520_MAR_O_NT_002.SEN3,wqsf.nc,8801312,5a4b29971a2fa9b0c910e84879c5e60ad887b71e9873bfd498273bf90ac32dfb,461d0c6cdaa0e048a770bda34d751130-2,"Mon, 22 Mar 2021 19:03:59 GMT"
S3B_OL_2_WFR____20200918T064737_20200918T065037_20200919T150553_0179_043_291_2520_MAR_O_NT_002.SEN3,chl_oc4me.nc,3974334,ff0bcc6fff54891cb794a2f18559454d619b4df7dd2c5ef1a8ba2204190e4a75,fdcb33773d360d52244fc8dc45c5ddcf,"Mon, 22 Mar 2021 19:01:05 GMT"
S3B_OL_2_WFR____20200918T064737_20200918T065037_20200919T150553_0179_043_291_2520_MAR_O_NT_002.SEN3,geo_coordinates.nc,59790441,ef14b0bae35a1d59895984bdaf6bf71fc024a79ca80fb914a73dcaca15060029,d878b5acd2260de8cedc5a1f3e3f0ded-8,"Mon, 22 Mar 2021 19:01:05 GMT"
S3B_OL_2_WFR____20200918T064737_20200918T065037_20200919T150553_0179_043_291_2520_MAR_O_NT_002.SEN3,tie_geo_coordinates.nc,1139981,984347b2384026125a856f98f88cb25287bbe153d50f5a54ae3ec1be596cf67b,ddf7bc876d5c2e73b5a2e589012bbaef,"Mon, 22 Mar 2021 19:01:05 GMT"
S3B_OL_2_WFR____20200918T064737_20200918T065037_20200919T150553_0179_043_291_2520_MAR_O_NT_002.SEN3,wqsf.nc,4267025,f589cc3aafe1b39cd54b21ff6c117e861a45bf7617dd2f7abeeb6b0447f214ed,248dd03c7ec04904bcf2c4c55ce053c8,"Mon, 22 Mar 2021 19:01:05 GMT"
S3B_OL_2_WFR____20200919T062126_20200919T062426_20200920T142911_0179_043_305_2520_MAR_O_NT_002.SEN3,chl_oc4me.nc,6154279,0a5f4c982a974f2346aafa1c9d2b2715dd78d64bb3e051e432669a5b4203ec3f,fc1816f1355defb42bf12e3a7df1ae13,"Tue, 06 Apr 2021 15:20:02 GMT"
S3B_OL_2_WFR____20200919T062126_20200919T062426_20200920T142911_0179_043_305_2520_MAR_O_NT_002.SEN3,geo_coordinates.nc,60481104,75d9ffbaf2ddd7d9f518f8a56388f4e292d063abf2013ce23e994831ea2c3193,fdab19f06f1db9ce81e4de53516e3f86-8,"Tue, 06 Apr 2021 15:20:01 GMT"
S3B_OL_2_WFR____20200919T062126_20200919T062426_20200920T142911_0179_043_305_2520_MAR_O_NT_002.SEN3,tie_geo_coordinates.nc,1132475,079e34d701e44056751180bc80311e21b0136e403419b32874ab581f146c2e21,204203b3657d4c4ee97716fafbae2b8f,"Tue, 06 Apr 2021 15:20:01 GMT"
S3B_OL_2_WFR____20200919T062126_20200919T062426_20200920T142911_0179_043_305_2520_MAR_O_NT_002.SEN3,wqsf.nc,5144109,a67dfcb1f80705c2e5f701a4862b624923f2b72c6308c8b3683f39d5d5aaa2dc,c6bd75510dd4d7d07f81d362fcf412ff,"Tue, 06 Apr 2021 15:20:01 GMT"
S3B_OL_2_WFR____20200922T064352_20200922T064652_20200923T144409_0179_043_348_2520_MAR_O_NT_002.SEN3,chl_oc4me.nc,4251640,24116a9ad1c31b396ab01c924ddc0e86c2f148c94eee99e271f8c0fcbb51e28f,b7c1733185ea7bd2d2e048d4961a117e,"Mon, 22 Mar 2021 18:56:17 GMT"
S3B_OL_2_WFR____20200922T064352_20200922T064652_20200923T144409_0179_043_348_2520_MAR_O_NT_002.SEN3,geo_coordinates.nc,59968332,f229a27540c4a67d265b537ac7e93561575c860e8a52ddfb75fb6c0ccfc43af5,8d8b78ab890645384eb5a998b8778846-8,"Mon, 22 Mar 2021 18:56:17 GMT"
S3B_OL_2_WFR____20200922T064352_20200922T064652_20200923T144409_0179_043_348_2520_MAR_O_NT_002.SEN3,tie_geo_coordinates.nc,1140620,aec1750cbc597f77214482a3d2292af4db8fc9b8133ff5824cef1ed6a7a23200,e1120d59ad1470c663d791b6cf67ae93,"Mon, 22 Mar 2021 18:56:17 GMT"
S3B_OL_2_WFR____20200922T064352_20200922T064652_20200923T144409_0179_043_348_2520_MAR_O_NT_002.SEN3,wqsf.nc,4341728,5682a47eade484cd90ded270e1ea0f29e307edf2f060b01d184008646f63d186,593d03e1e86e9ba0375f292f1f674602,"Mon, 22 Mar 2021 18:56:17 GMT"
S3B_OL_2_WFR____20200923T061741_20200923T062041_20200924T151223_0180_043_362_2520_MAR_O_NT_002.SEN3,chl_oc4me.nc,6000316,4093bcf941fe654effd8498a1a6593452f2951fdad126bbc60dad240098357ba,741de849391a6e4d523089c391b36e6d,"Tue, 06 Apr 2021 15:19:21 GMT"
S3B_OL_2_WFR____20200923T061741_20200923T062041_20200924T151223_0180_043_362_2520_MAR_O_NT_002.SEN3,geo_coordinates.nc,60335999,139225cf10639e44d48fbabb4dd9fa64f2c26815d2e7b72e6fd5604b68d15560,cc46e7a8d82e5213e914c813887e423c-8,"Tue, 06 Apr 2021 15:19:20 GMT"
S3B_OL_2_WFR____20200923T061741_20200923T062041_20200924T151223_0180_043_362_2520_MAR_O_NT_002.SEN3,tie_geo_coordinates.nc,1138773,f22897d11f2dbe8d9dde939f4ad9b0da9eb6cfee6b71cc14513d1455fab264c1,46f4d55e2f560ece6bedb15ea125c832,"Tue, 06 Apr 2021 15:19:20 GMT"
S3B_OL_2_WFR____20200923T061741_20200923T062041_20200924T151223_0180_043_362_2520_MAR_O_NT_002.SEN3,wqsf.nc,5533270,9807ead4f88fe1251af0bcbc7ac235807aeec1ac009cd5cd2864f61389a39433,7e12ebb73b5751966c604f86e0d20e77,"Tue, 06 Apr 2021 15:19:21 GMT"
S3B_OL_2_WFR____20200926T064007_20200926T064307_20200927T145650_0179_044_020_2520_MAR_O_NT_002.SEN3,chl_oc4me.nc,4668461,47951f42ed8dc12931cddcf0a2c1f4bfda1d2f41dc4efe9d6645f6e61fab1f42,58defcfb89c8feffb0bcb71d89237716,"Mon, 22 Mar 2021 18:50:20 GMT"
S3B_OL_2_WFR____20200926T064007_20200926T064307_20200927T145650_0179_044_020_2520_MAR_O_NT_002.SEN3,geo_coordinates.nc,60115938,72a122c2d28bc7e1c359753ed7b3d058ae67d610df41c14dcb8f7aded42fe76f,2885a312eb02c1662ef46703c9806976-8,"Mon, 22 Mar 2021 18:50:20 GMT"
S3B_OL_2_WFR____20200926T064007_20200926T064307_20200927T145650_0179_044_020_2520_MAR_O_NT_002.SEN3,tie_geo_coordinates.nc,1135648,c1ac80c277ac54ffa5610490b5db8a6a150663c1ccfbd82d639c6e3edf1e9888,50e2a5c668d4c6afc813f851819b8ccd,"Mon, 22 Mar 2021 18:50:20 GMT"
S3B_OL_2_WFR____20200926T064007_20200926T064307_20200927T145650_0179_044_020_2520_MAR_O_NT_002.SEN3,wqsf.nc,4472459,5897ff3255248c470f91cb4876f7ce403f25fb4a7d69c36b53082c83d8b27af1,f3942583ad6b000a194fa7b981bc9931,"Mon, 22 Mar 2021 18:50:20 GMT"
S3B_OL_2_WFR____20200930T063622_20200930T063922_20201001T153243_0180_044_077_2520_MAR_O_NT_002.SEN3,chl_oc4me.nc,5038102,431d47f3e5e05c94a66847ffce3bfef48384688c4baedf15cf1cb053c7ff4ced,a1990cd84f1a0bf63d23640fe5b0e131,"Thu, 25 Mar 2021 09:58:38 GMT"
S3B_OL_2_WFR____20200930T063622_20200930T063922_20201001T153243_0180_044_077_2520_MAR_O_NT_002.SEN3,geo_coordinates.nc,60276814,8169e0054b2650002d10f1bfc5abc1ddd9c6b0451a78492bd11a2c936bcf4125,25eaef21a30ecbea9b5f5027d83149fc-8,"Thu, 25 Mar 2021 09:58:38 GMT"
S3B_OL_2_WFR____20200930T063622_20200930T063922_20201001T153243_0180_044_077_2520_MAR_O_NT_002.SEN3,tie_geo_coordinates.nc,1142575,deb4ebfd00fe8fdc84781039a3d77a6cf3e948a92a864ca91db29c910169c437,c0cb01778ed0ecb4372b6d25749949ab,"Thu, 25 Mar 2021 09:58:37 GMT"
S3B_OL_2_WFR____20200930T063622_20200930T063922_20201001T153243_0180_044_077_2520_MAR_O_NT_002.SEN3,wqsf.nc,4712812,d66541fe680222e4eda9e3dbc273be74f3e258766edda46dfccfebf358b763d6,f2007c7ff690042f26292769be58deed,"Thu, 25 Mar 2021 09:58:38 GMT"
S3B_OL_2_WFR____20201001T061011_20201001T061311_20201002T152020_0179_044_091_2520_MAR_O_NT_002.SEN3,chl_oc4me.nc,8383529,e011ec5923523677e5d7fb33975aebbac7916f8423736b42dd40e8435bbfc4cb,07444fa4ce156e3af3d66419d87a87db,"Tue, 06 Apr 2021 15:17:27 GMT"
S3B_OL_2_WFR____20201001T061011_20201001T061311_20201002T152020_0179_044_091_2520_MAR_O_NT_002.SEN3,geo_coordinates.nc,59882549,16c184d6a218c786907888be55567deb088bb5a9d1e7ccd2974a2fb91c040f75,98bfbdaec4812d7b0d4f46b2be469945-8,"Tue, 06 Apr 2021 15:17:27 GMT"
S3B_OL_2_WFR____20201001T061011_20201001T061311_20201002T152020_0179_044_091_2520_MAR_O_NT_002.SEN3,tie_geo_coordinates.nc,1134134,b3e2ab612810efb7e245390b44d378515f3a2efb1486859b26425103cf1f5db2,98fd026ed35e87f88a786b187e90941e,"Tue, 06 Apr 2021 15:17:27 GMT"
S3B_OL_2_WFR____20201001T061011_20201001T061311_20201002T152020_0179_044_091_2520_MAR_O_NT_002.SEN3,wqsf.nc,7489983,e8dcd4d526951c93ad1c736433ea170bfbcc8b125e6f47bc0c095d58e6f889b5,eaf5fe4c2469a6edb8c5809b1f1d145d,"Tue, 06 Apr 2021 15:17:27 GMT"
S3B_OL_2_WFR____20201003T065848_20201003T070148_20201004T141710_0179_044_120_2520_MAR_O_NT_002.SEN3,tie_geo_coordinates.nc,1141257,255d61d11165cfb213a0a5bedce840b7083f44ffabaad0bf9820d4cb475ccae2,f66201b9ed84a0ed28f7c6e3cd74d5b2,"Thu, 25 Mar 2021 09:56:29 GMT"
S3B_OL_2_WFR____20201004T063237_20201004T063537_20201005T153112_0179_044_134_2520_MAR_O_NT_002.SEN3,chl_oc4me.nc,5108956,6734587558a8a44091cba19ff08381155552d6fd597712e00c3fb5ca913ac6aa,0c1e32a5d264bab50b09028eaf6f1fc7,"Mon, 22 Mar 2021 18:40:01 GMT"
S3B_OL_2_WFR____20201004T063237_20201004T063537_20201005T153112_0179_044_134_2520_MAR_O_NT_002.SEN3,geo_coordinates.nc,60444557,06a5907583b7c00c050e483d72f4929211a1138db7af74ac466286a8eb684c35,8fccfd023cf20995e8bd90b058b95089-8,"Mon, 22 Mar 2021 18:40:01 GMT"
S3B_OL_2_WFR____20201004T063237_20201004T063537_20201005T153112_0179_044_134_2520_MAR_O_NT_002.SEN3,tie_geo_coordinates.nc,1136482,3155f197e922c17926f50c380311f06d15894692fd7a8e66b8cb188478080372,51e3c6d65d920f76c026c85971690bff,"Mon, 22 Mar 2021 18:40:01 GMT"
S3B_OL_2_WFR____20201004T063237_20201004T063537_20201005T153112_0179_044_134_2520_MAR_O_NT_002.SEN3,wqsf.nc,4198757,2da72e146bec9276c5a9d58a330fd90df0356ea3a3eabc4069694fb51e1a6db1,47892dce04e66c5b52cc1b773996acd9,"Mon, 22 Mar 2021 18:40:01 GMT"
S3B_OL_2_WFR____20201005T060626_20201005T060926_20201006T153416_0179_044_148_2520_MAR_O_NT_002.SEN3,chl_oc4me.nc,9112247,99ba1e3e10f6b7fc2115417bed5e20cd403f9d276cbee140c00608f0829e0709,5644f6da5da28bc819a41e00751dabec-2,"Mon, 22 Mar 2021 18:38:57 GMT"
S3B_OL_2_WFR____20201005T060626_20201005T060926_20201006T153416_0179_044_148_2520_MAR_O_NT_002.SEN3,geo_coordinates.nc,59723094,30a4777d4fb9935f70633235925b58e67575e7b6f1f0065a28f05b640abf79cd,c1642eff14953f74f26c8cc4ca3b813f-8,"Mon, 22 Mar 2021 18:38:57 GMT"
S3B_OL_2_WFR____20201005T060626_20201005T060926_20201006T153416_0179_044_148_2520_MAR_O_NT_002.SEN3,tie_geo_coordinates.nc,1134540,052dcf01d6899dfa6ae0388d12e105bfd341294a6d2d26cf5a391f2ff1bc4803,1be66c4cbfea7bc7aa6b277b75b3fd12,"Mon, 22 Mar 2021 18:38:57 GMT"
S3B_OL_2_WFR____20201005T060626_20201005T060926_20201006T153416_0179_044_148_2520_MAR_O_NT_002.SEN3,wqsf.nc,7743112,9a587b56816cfcbb8fd8812e9273474da07d5ba7ee7fd26a9ed7839554a12d9e,3254ef640f33dc38570d4c05ca00b205,"Mon, 22 Mar 2021 18:38:57 GMT"
S3B_OL_2_WFR____20201007T065503_20201007T065803_20201008T130257_0179_044_177_2520_MAR_O_NT_002.SEN3,tie_geo_coordinates.nc,1132475,2f531f7c9e479d8fe636f885e7320b87bf139109e9d2cce57aae76c559b6052c,0e61ef3a9d2c5fe8877779fb1a8cd4b3,"Mon, 22 Mar 2021 18:35:32 GMT"
S3B_OL_2_WFR____20201008T062852_20201008T063152_20201009T150655_0179_044_191_2520_MAR_O_NT_002.SEN3,chl_oc4me.nc,5493296,2d7718be1a726b442740f5e9471112d2b36f2d311e9ab572c1af842973c56b7c,2fcf795e6e16be062f50edb72ccd4836,"Thu, 25 Mar 2021 09:53:52 GMT"
S3B_OL_2_WFR____20201008T062852_20201008T063152_20201009T150655_0179_044_191_2520_MAR_O_NT_002.SEN3,geo_coordinates.nc,60467589,1cee55e1de216534677bf8d824c5036c9f78c36f480cfa76163325ba4ae48347,c08cfda677bf0782f9bd8789f6fccbf7-8,"Thu, 25 Mar 2021 09:53:51 GMT"
S3B_OL_2_WFR____20201008T062852_20201008T063152_20201009T150655_0179_044_191_2520_MAR_O_NT_002.SEN3,tie_geo_coordinates.nc,1138721,bc8a22b0b6c44d1d19ce08df24907f94bfeb67afaacc3c802219d345498c5e62,189d3b2297468307e2f06a4e9e6c715c,"Thu, 25 Mar 2021 09:53:51 GMT"
S3B_OL_2_WFR____20201008T062852_20201008T063152_20201009T150655_0179_044_191_2520_MAR_O_NT_002.SEN3,wqsf.nc,4014361,b835c420ae6c38f72e171eba47ead120e5c16e11d9a8d536a1bb86c6b9b04478,01000c9a644cc3573892d1ab41814c2a,"Thu, 25 Mar 2021 09:53:52 GMT"
S3B_OL_2_WFR____20201009T060241_20201009T060541_20201010T120103_0179_044_205_2520_MAR_O_NT_002.SEN3,chl_oc4me.nc,9298161,77b4d4eb9e514961a2ca35aaf240ce1688515064dff7fa79fae13061f0772bc4,ffefcbc020b6792dcca5af3958258f6f-2,"Mon, 22 Mar 2021 18:33:34 GMT"
S3B_OL_2_WFR____20201009T060241_20201009T060541_20201010T120103_0179_044_205_2520_MAR_O_NT_002.SEN3,geo_coordinates.nc,59621910,edb829307a7335ce4cc9b7afa69e6f80220276b657c1bc8b4ab284b28594c5c2,afd2b8da3db096064bf4f35430a3ad59-8,"Mon, 22 Mar 2021 18:33:34 GMT"
S3B_OL_2_WFR____20201009T060241_20201009T060541_20201010T120103_0179_044_205_2520_MAR_O_NT_002.SEN3,tie_geo_coordinates.nc,1135483,34faa61f07819cd0fb89a2ddbfdcc19a0e28248b914a012c8573c6bdffadfdce,7aba259641163edfbcaf559d011c4cdb,"Mon, 22 Mar 2021 18:33:34 GMT"
S3B_OL_2_WFR____20201009T060241_20201009T060541_20201010T120103_0179_044_205_2520_MAR_O_NT_002.SEN3,wqsf.nc,8250077,386456c1902cea2b6a570d54ffba6f7ef85f9d8abc6550d7567dff3a45336727,caa7bb9c6ca837aa64d09b835c8ab1c5,"Mon, 22 Mar 2021 18:33:34 GMT"
S3B_OL_2_WFR____20201011T065119_20201011T065419_20201012T155732_0179_044_234_2520_MAR_O_NT_002.SEN3,chl_oc4me.nc,3653943,b9dcceea73538304b45ca551ccc5be9832cbe0c201f10297aed9453a81aedbaa,b65fc45f7c7cbf24c219c6656acf5f5e,"Mon, 22 Mar 2021 18:29:49 GMT"
S3B_OL_2_WFR____20201011T065119_20201011T065419_20201012T155732_0179_044_234_2520_MAR_O_NT_002.SEN3,geo_coordinates.nc,59635620,35dad46d39339831a3bd0b7b1db36d1c9319e03a870b39d0dddb65a156cf309d,121b03f4f6dc6af7c691f0cb8152ac22-8,"Mon, 22 Mar 2021 18:29:49 GMT"
S3B_OL_2_WFR____20201011T065119_20201011T065419_20201012T155732_0179_044_234_2520_MAR_O_NT_002.SEN3,tie_geo_coordinates.nc,1132219,1eacad1b5c5ccf7cfd4857084fea21a8f7a80d9fba8fda3ae0e734948579e908,eec15356840140a1602beb90f4316e12,"Mon, 22 Mar 2021 18:29:49 GMT"
S3B_OL_2_WFR____20201011T065119_20201011T065419_20201012T155732_0179_044_234_2520_MAR_O_NT_002.SEN3,wqsf.nc,4169647,3a42c62ce52ee147807a483bf98c0558ffe6db311f23af58632895f2b6f1480b,919d6dbd8f142c3c79ab4e92329aab2e,"Mon, 22 Mar 2021 18:29:49 GMT"
S3B_OL_2_WFR____20201012T062509_20201012T062809_20201013T135631_0179_044_248_2520_MAR_O_NT_002.SEN3,chl_oc4me.nc,6396319,ba3927837fcbc5122b82cc76c2e88fc7058ad54d10669a0529c8907670e245f9,372f1785fb6d72af719ae054ed1bfefe,"Mon, 22 Mar 2021 18:29:02 GMT"
S3B_OL_2_WFR____20201012T062509_20201012T062809_20201013T135631_0179_044_248_2520_MAR_O_NT_002.SEN3,geo_coordinates.nc,60494957,464c5c2b5c084882442ab4a5ef9456640f5f659b25cbb62ed105e409ba2ee5a4,8e7d8f63707d615e58527cf803edb1bd-8,"Mon, 22 Mar 2021 18:29:02 GMT"
S3B_OL_2_WFR____20201012T062509_20201012T062809_20201013T135631_0179_044_248_2520_MAR_O_NT_002.SEN3,tie_geo_coordinates.nc,1137668,c23c0e74aac3cb2bff06211e5c46cb8eb76b6cc0fb2dfec3b273f1730e75f26b,2d0c55d2f784f37830bbffc64d89eee0,"Mon, 22 Mar 2021 18:29:02 GMT"
S3B_OL_2_WFR____20201012T062509_20201012T062809_20201013T135631_0179_044_248_2520_MAR_O_NT_002.SEN3,wqsf.nc,4525417,a84162c795e9a0b47d3d0ad6c3fc118177b1a7d4b3c0784438df4975b3c9759a,ef907943a6093607d35aaebe8ba655b4,"Mon, 22 Mar 2021 18:29:02 GMT"
S3B_OL_2_WFR____20201013T055858_20201013T060158_20201014T150331_0179_044_262_2520_MAR_O_NT_002.SEN3,chl_oc4me.nc,9684283,ab26073d16e0982a11ec1ed23065c8f293fe7b115cb7b40a376a6b5b58933efd,b2643b2dd21d13bd9dafef0162b2cfb3-2,"Thu, 25 Mar 2021 09:50:59 GMT"
S3B_OL_2_WFR____20201013T055858_20201013T060158_20201014T150331_0179_044_262_2520_MAR_O_NT_002.SEN3,geo_coordinates.nc,59365453,13fefdc1b200f0be5c6e16dcbc15ffbfb1822819a7970ef7551ce91046bb844d,3419b14cc29279a949d7abc0437da6f3-8,"Thu, 25 Mar 2021 09:50:59 GMT"
S3B_OL_2_WFR____20201013T055858_20201013T060158_20201014T150331_0179_044_262_2520_MAR_O_NT_002.SEN3,tie_geo_coordinates.nc,1132221,10db3e9ff87906337c16a13e3455c56cd97863c4e4f27537a040d7c0b416c50b,f58a670df61d8bd569be42a1a24800e4,"Thu, 25 Mar 2021 09:50:59 GMT"
S3B_OL_2_WFR____20201013T055858_20201013T060158_20201014T150331_0179_044_262_2520_MAR_O_NT_002.SEN3,wqsf.nc,6952482,8756184c66688db6a708a8e299591733f931cb2896ab352e293a7e90305a9714,2eed039a4348f47074818dcee7dde7f5,"Thu, 25 Mar 2021 09:50:59 GMT"
S3B_OL_2_WFR____20201015T064736_20201015T065036_20201016T150935_0179_044_291_2520_MAR_O_NT_002.SEN3,chl_oc4me.nc,4151945,3f2f3c61fa313022f3a59a08bc6ce012b8ba4d6ce8af158334933c6e5cb298be,b7dc8ff5cc38ab047d584c0924144298,"Thu, 25 Mar 2021 09:49:54 GMT"
S3B_OL_2_WFR____20201015T064736_20201015T065036_20201016T150935_0179_044_291_2520_MAR_O_NT_002.SEN3,geo_coordinates.nc,59777076,b555d3e6f6011d25fb2aa4d93e1232ae0c39d0bfdb36ff592abe633c67fc5191,830562a828a7a6ceadfd12afa7b433c4-8,"Thu, 25 Mar 2021 09:49:53 GMT"
S3B_OL_2_WFR____20201015T064736_20201015T065036_20201016T150935_0179_044_291_2520_MAR_O_NT_002.SEN3,tie_geo_coordinates.nc,1141697,df546a80adbbbb8efc533137ba27596fd252cfff38be32715823ee9025386a8f,c2e33e448e410561425dfd21d68ecdf1,"Thu, 25 Mar 2021 09:49:54 GMT"
S3B_OL_2_WFR____20201015T064736_20201015T065036_20201016T150935_0179_044_291_2520_MAR_O_NT_002.SEN3,wqsf.nc,4272051,d3563c70c31038640d36d090f41011453e4eda155e714871a763babac63a7bbb,ba750dad67025be4fc1e9ba21b6fa1a1,"Thu, 25 Mar 2021 09:49:54 GMT"
S3B_OL_2_WFR____20201016T062125_20201016T062425_20201017T135821_0179_044_305_2520_MAR_O_NT_002.SEN3,chl_oc4me.nc,7103170,256553feab6e9c433b4fdecf0f3cee9e5f1ec29cd051338f8ad86be80db9191f,1d1d1692ff770fb72b2ad9abf7632c92,"Tue, 06 Apr 2021 15:14:40 GMT"
S3B_OL_2_WFR____20201016T062125_20201016T062425_20201017T135821_0179_044_305_2520_MAR_O_NT_002.SEN3,geo_coordinates.nc,60440715,22b6a895339878d64066d61d79d0e45a42d687c6d20116060271239d9af876db,efcfc211d49bda0c7dfce491d692ff99-8,"Tue, 06 Apr 2021 15:14:40 GMT"
S3B_OL_2_WFR____20201016T062125_20201016T062425_20201017T135821_0179_044_305_2520_MAR_O_NT_002.SEN3,tie_geo_coordinates.nc,1137451,f9ccdef7355a5bf4be2608d6262a854e793b5cf4407c1a4d3366310d02506d9d,ab494a90da65aeb8134fd039cdbf959d,"Tue, 06 Apr 2021 15:14:39 GMT"
S3B_OL_2_WFR____20201016T062125_20201016T062425_20201017T135821_0179_044_305_2520_MAR_O_NT_002.SEN3,wqsf.nc,5253527,6c332776e0d75d30952c3e7daacf68f819c843676a94fa9be38a546c04771386,f4168f0a13577a69b986f5a17a8cfd28,"Tue, 06 Apr 2021 15:14:40 GMT"
S3B_OL_2_WFR____20201019T064352_20201019T064652_20201020T152350_0179_044_348_2520_MAR_O_NT_002.SEN3,chl_oc4me.nc,4300109,82a4b189be6d005356af742491555550f284eca72a879d12ecc4cb89b1409086,665b9c618a2a00eea800d6545f5ee9ce,"Mon, 22 Mar 2021 18:19:39 GMT"
S3B_OL_2_WFR____20201019T064352_20201019T064652_20201020T152350_0179_044_348_2520_MAR_O_NT_002.SEN3,geo_coordinates.nc,59972168,ef9deea606dbe1fc5b01f88ad7dc9e4dbeef303d4226a1e0513e7dcdb2b1685d,c1170df6427be1829195f9f4f00374b9-8,"Mon, 22 Mar 2021 18:19:39 GMT"
S3B_OL_2_WFR____20201019T064352_20201019T064652_20201020T152350_0179_044_348_2520_MAR_O_NT_002.SEN3,tie_geo_coordinates.nc,1133917,e5a1c0090322eab6e609d3a3118c2eebddd1ec1126a213aef927026e8c86807c,b65a541a4aaf33d47fd98974fab745c7,"Mon, 22 Mar 2021 18:19:39 GMT"
S3B_OL_2_WFR____20201019T064352_20201019T064652_20201020T152350_0179_044_348_2520_MAR_O_NT_002.SEN3,wqsf.nc,4150127,16756a3a83affaea409a9bdc8929535af5709a0cd47445a9d732ec14bff70591,982341198724530bcc4874b62dccda10,"Mon, 22 Mar 2021 18:19:39 GMT"
S3B_OL_2_WFR____20201020T061742_20201020T062042_20201021T152811_0180_044_362_2520_MAR_O_NT_002.SEN3,chl_oc4me.nc,7324328,ed614b579e51b545365896f8f5e896c08b5b6877dd5950d7e275176dccc8843a,c48e3bb13e02a1be12d54e087ac103fc,"Mon, 22 Mar 2021 18:18:44 GMT"
S3B_OL_2_WFR____20201020T061742_20201020T062042_20201021T152811_0180_044_362_2520_MAR_O_NT_002.SEN3,geo_coordinates.nc,60315655,3c1d5337fed60d5ef2ef7a93101d5091cbf930b9032ccd8c1e795c46610e51d3,9f060e66a215cf8cc290ace915e5004b-8,"Mon, 22 Mar 2021 18:18:44 GMT"
S3B_OL_2_WFR____20201020T061742_20201020T062042_20201021T152811_0180_044_362_2520_MAR_O_NT_002.SEN3,tie_geo_coordinates.nc,1137782,e53f053948210fef13dcbb24690b7e00a778488c74f79f28450f311edd31c897,8abdcaeaa22dc693705852ca3e9b3437,"Mon, 22 Mar 2021 18:18:44 GMT"
S3B_OL_2_WFR____20201020T061742_20201020T062042_20201021T152811_0180_044_362_2520_MAR_O_NT_002.SEN3,wqsf.nc,5396207,8cd078cbce8929f609ed94ab3f209cff78123d9e662536dbde862921099ba8fe,d18a778bd12edea8e14a83a5473d8457,"Mon, 22 Mar 2021 18:18:44 GMT"
S3B_OL_2_WFR____20201023T064009_20201023T064309_20201024T135434_0180_045_020_2520_MAR_O_NT_002.SEN3,chl_oc4me.nc,4554751,5b7a888942f7d260689048debc90631f26966b76233a81f0413951ab529ae356,4bac601a9beb4d7fbfec5914ddee74b1,"Mon, 22 Mar 2021 18:14:47 GMT"
S3B_OL_2_WFR____20201023T064009_20201023T064309_20201024T135434_0180_045_020_2520_MAR_O_NT_002.SEN3,geo_coordinates.nc,60100100,f151d0820953ce55859f83ddf576c7f11a139aa48d3b47a130126e1e06325a55,0713ed27737bcc534b70865e11e630d3-8,"Mon, 22 Mar 2021 18:14:47 GMT"
S3B_OL_2_WFR____20201023T064009_20201023T064309_20201024T135434_0180_045_020_2520_MAR_O_NT_002.SEN3,tie_geo_coordinates.nc,1139314,23a0fef54a36eec4637460a2eb0dd46df6df30721aee7a436ed7a721268d97ab,713eae989052b308b6e3ae0cb292aa83,"Mon, 22 Mar 2021 18:14:47 GMT"
S3B_OL_2_WFR____20201023T064009_20201023T064309_20201024T135434_0180_045_020_2520_MAR_O_NT_002.SEN3,wqsf.nc,4456286,a6766a92778a9e7db73e986939b32e4156187f7fafc98cda708be4ad5e9439ae,a184980cf8a59e4c9b972bcc8b2f1d69,"Mon, 22 Mar 2021 18:14:47 GMT"
S3B_OL_2_WFR____20201024T061358_20201024T061658_20201025T145055_0179_045_034_2520_MAR_O_NT_002.SEN3,chl_oc4me.nc,8019229,7b06c009afc6e929af501c5b9334c6c406e3406090c4fb5c1befb7a3a329b995,d5f44c335980dd4656b9b6bbec3c5d7a,"Mon, 22 Mar 2021 18:13:52 GMT"
S3B_OL_2_WFR____20201024T061358_20201024T061658_20201025T145055_0179_045_034_2520_MAR_O_NT_002.SEN3,geo_coordinates.nc,60117898,27702729f918116a378089e084ebd1ba16dd8e249a5eae372aaa5b94a168c090,899ea1f6bfefb7ff225651a65c0d0c28-8,"Mon, 22 Mar 2021 18:13:51 GMT"
S3B_OL_2_WFR____20201024T061358_20201024T061658_20201025T145055_0179_045_034_2520_MAR_O_NT_002.SEN3,tie_geo_coordinates.nc,1137058,967df9b53790b4fe183fc45cc2c4d134716101e90c3aa8f7ec0a505638dac49b,c948d5ab48c45df8386841203f288da6,"Mon, 22 Mar 2021 18:13:51 GMT"
S3B_OL_2_WFR____20201024T061358_20201024T061658_20201025T145055_0179_045_034_2520_MAR_O_NT_002.SEN3,wqsf.nc,5552082,73dc8e1405e577b3e094b3d91e50629b89dd855954fdb95a3d886132c1c56381,9b27f6b9b0ca9c50125b5f9f19003392,"Mon, 22 Mar 2021 18:13:51 GMT"
S3B_OL_2_WFR____20201027T063625_20201027T063925_20201028T130535_0179_045_077_2520_MAR_O_NT_002.SEN3,chl_oc4me.nc,4845627,52fed50e36036596244e0da61b8fdd746c0860a60e41c2fb149dbfd36b26eb40,f97db30a3d3e18f47017a76dbb6df43a,"Tue, 06 Apr 2021 15:11:57 GMT"
S3B_OL_2_WFR____20201027T063625_20201027T063925_20201028T130535_0179_045_077_2520_MAR_O_NT_002.SEN3,geo_coordinates.nc,60256172,3be85b1c048d4591e6e7ab4691e39688bbb283545f1c282e28bd986ecee1f9f1,45cbb9374c4434ec1a7e82f785e0c0be-8,"Tue, 06 Apr 2021 15:11:57 GMT"
S3B_OL_2_WFR____20201027T063625_20201027T063925_20201028T130535_0179_045_077_2520_MAR_O_NT_002.SEN3,tie_geo_coordinates.nc,1139817,80ee878a89a8b07f7294273595293c25c0517593df7142746d7e32bc0c12d592,eb75987af47324fb5dcd4f078c1c8c23,"Tue, 06 Apr 2021 15:11:56 GMT"
S3B_OL_2_WFR____20201027T063625_20201027T063925_20201028T130535_0179_045_077_2520_MAR_O_NT_002.SEN3,wqsf.nc,4614351,0abfc4049736909bbec4b9a5780ef9ba6e9ffda0726f3a2087847a83f61c381a,83e5f4dd1052dfb53a52770c7b2313af,"Tue, 06 Apr 2021 15:11:57 GMT"
S3B_OL_2_WFR____20201028T061014_20201028T061314_20201029T152319_0179_045_091_2520_MAR_O_NT_002.SEN3,chl_oc4me.nc,8323915,1eff98293d9d686976527799fc2f8c13ee5befba1046a5b29436a7d3d00bdc36,cadf485377cf604b6aeb242c110a6fd0,"Thu, 25 Mar 2021 09:41:17 GMT"
S3B_OL_2_WFR____20201028T061014_20201028T061314_20201029T152319_0179_045_091_2520_MAR_O_NT_002.SEN3,geo_coordinates.nc,59879677,4f0ca1622d83ccceb0d827bbaf1390b705eb65f74cd3a380122a9516947f0a84,e244800f58a46e528cea1b82a5b8da6b-8,"Thu, 25 Mar 2021 09:41:17 GMT"
S3B_OL_2_WFR____20201028T061014_20201028T061314_20201029T152319_0179_045_091_2520_MAR_O_NT_002.SEN3,tie_geo_coordinates.nc,1138070,8cb8faafc9bbd31dfab1da1821bf1d0e04b3f8f84e5913a9fefcd7a0c1c00766,eb6a9e52334c5b1778a90112bea1021c,"Thu, 25 Mar 2021 09:41:17 GMT"
S3B_OL_2_WFR____20201028T061014_20201028T061314_20201029T152319_0179_045_091_2520_MAR_O_NT_002.SEN3,wqsf.nc,6449431,7052d5031e1e94d91a1444175cca71641afa8be5b9a9f43586e3280a3cdb60e3,1a8bb27d865ae50f6b30ff1a1c2d3a8f,"Thu, 25 Mar 2021 09:41:17 GMT"
S3B_OL_2_WFR____20201030T065852_20201030T070152_20201031T144156_0180_045_120_2520_MAR_O_NT_002.SEN3,tie_geo_coordinates.nc,1138919,a72f354dea5d007afa88815b5897211dfbe39cffc2f8a4b7596552d805ff07ca,df5c959e14f5d5128bd34547538c5355,"Mon, 22 Mar 2021 18:03:20 GMT"
S3B_OL_2_WFR____20201031T063241_20201031T063541_20201101T120718_0179_045_134_2520_MAR_O_NT_002.SEN3,chl_oc4me.nc,5020414,06222556f0aa4e33d958520388b7b37988955d247a5346f8ac0ff3ad98946cf9,3dcaeb94b6cd5e589cfe9dcfff0dc304,"Mon, 22 Mar 2021 18:02:10 GMT"
S3B_OL_2_WFR____20201031T063241_20201031T063541_20201101T120718_0179_045_134_2520_MAR_O_NT_002.SEN3,geo_coordinates.nc,60425110,b348796a9a77554df336d727f7186f2cccee8aae4791d53ab5041b984957612b,21d2bdd5ee44710926ea975d5b3b4d78-8,"Mon, 22 Mar 2021 18:02:09 GMT"
S3B_OL_2_WFR____20201031T063241_20201031T063541_20201101T120718_0179_045_134_2520_MAR_O_NT_002.SEN3,tie_geo_coordinates.nc,1138910,4e6235f23ebef9be3a41829712b1dc361d81408ba5d2c0eb153823cc55e25f10,944fdc2d8817b7c32fd05ae9c779b64a,"Mon, 22 Mar 2021 18:02:10 GMT"
S3B_OL_2_WFR____20201031T063241_20201031T063541_20201101T120718_0179_045_134_2520_MAR_O_NT_002.SEN3,wqsf.nc,4485158,5c156b978b5b37ed871f43dc9344e0ec98e370768e28c268a1a12d1184a550b3,13c5525bf44555632f8f2920fc29412c,"Mon, 22 Mar 2021 18:02:09 GMT"
S3B_OL_2_WFR____20201103T065508_20201103T065808_20201104T153207_0179_045_177_2520_MAR_O_NT_002.SEN3,tie_geo_coordinates.nc,1138641,d7a8bce6a90863a0164ea885b65d6bd48d93c958b236857770311edb3aedc35a,e8ee21b5edf573eb36b7dd7c32311b53,"Mon, 22 Mar 2021 17:57:54 GMT"
S3B_OL_2_WFR____20201104T062858_20201104T063158_20201105T151248_0179_045_191_2520_MAR_O_NT_002.SEN3,chl_oc4me.nc,5378796,3da4693f0d0c453e45acb496840039c582833725764ee7bbd610bb53a156571a,41f4d63872620a7304585349f62427ab,"Mon, 22 Mar 2021 17:56:58 GMT"
S3B_OL_2_WFR____20201104T062858_20201104T063158_20201105T151248_0179_045_191_2520_MAR_O_NT_002.SEN3,geo_coordinates.nc,60418643,91950441e8486880a4135cbb13bfd23411319f8be2efbd2cae3bb52e173b537c,a94a979b1fb0154d6128bf8cc784706a-8,"Mon, 22 Mar 2021 17:56:58 GMT"
S3B_OL_2_WFR____20201104T062858_20201104T063158_20201105T151248_0179_045_191_2520_MAR_O_NT_002.SEN3,tie_geo_coordinates.nc,1137305,29f32df04d3ce5de9b18d15edfe210db4419fb9af0a95ac369dd3501a4c24c91,a4bd6649f76c4c293a9cd46800ab682c,"Mon, 22 Mar 2021 17:56:58 GMT"
S3B_OL_2_WFR____20201104T062858_20201104T063158_20201105T151248_0179_045_191_2520_MAR_O_NT_002.SEN3,wqsf.nc,4679038,0edf1b373dd8386cb8a5e7ce3e3dd79e8f9474c5ac05fc6f308f907a5f7869c9,5293b8feb58325a818abb18def2dbbf1,"Mon, 22 Mar 2021 17:56:58 GMT"
S3B_OL_2_WFR____20201105T060247_20201105T060547_20201106T151520_0180_045_205_2520_MAR_O_NT_002.SEN3,chl_oc4me.nc,9376668,e14d7175ebbb751f6c98a94b6418e792fcd5185efcb4ec263918c40a1e6bb037,a0d74a7f6d6e5c10e07943b6de6eca0e-2,"Thu, 25 Mar 2021 09:35:50 GMT"
S3B_OL_2_WFR____20201105T060247_20201105T060547_20201106T151520_0180_045_205_2520_MAR_O_NT_002.SEN3,geo_coordinates.nc,59596592,fda1cc39b2bec18608d2f7f81a1e942567f488c6a0c745e09bf3905b4963d327,879592b4474eaf0c9620d1ebf4b09c92-8,"Thu, 25 Mar 2021 09:35:50 GMT"
S3B_OL_2_WFR____20201105T060247_20201105T060547_20201106T151520_0180_045_205_2520_MAR_O_NT_002.SEN3,tie_geo_coordinates.nc,1131900,3e651ec4609211809a235d1a5e2a95669da1d4318f59411c143c37b4142975f7,288ab276d4219ce793540161e4fb9fac,"Thu, 25 Mar 2021 09:35:50 GMT"
S3B_OL_2_WFR____20201105T060247_20201105T060547_20201106T151520_0180_045_205_2520_MAR_O_NT_002.SEN3,wqsf.nc,6264671,edf17d8776dd69031c5f36bea12bc99bd4c4f631e1996353491e53916f725dfd,239783e49e4fe98c7623bf5e41c033e1,"Thu, 25 Mar 2021 09:35:50 GMT"
S3B_OL_2_WFR____20201107T065124_20201107T065424_20201108T144304_0179_045_234_2520_MAR_O_NT_002.SEN3,chl_oc4me.nc,3601343,e2b7428a54a91a88ffb3ece18dc477a64e7e1b9cd33f0d67d12172f97bf57e47,cd82a65cfc5a1676c139bcbe81b1775c,"Mon, 22 Mar 2021 17:52:35 GMT"
S3B_OL_2_WFR____20201107T065124_20201107T065424_20201108T144304_0179_045_234_2520_MAR_O_NT_002.SEN3,geo_coordinates.nc,59628504,af36cc34fcda4c007f86f3e61a7f9a30d4e30cce991e9543395d41d6bb652b3d,5178cfb1c5f3a2ea531ddb648c74bdb6-8,"Mon, 22 Mar 2021 17:52:35 GMT"
S3B_OL_2_WFR____20201107T065124_20201107T065424_20201108T144304_0179_045_234_2520_MAR_O_NT_002.SEN3,tie_geo_coordinates.nc,1137381,f9ee82ba0bfd6fc99124ec58206d062785dde7fbaffdf8e2c7fcf8ec4c5f41ce,92c15764073e484687f71593138baf58,"Mon, 22 Mar 2021 17:52:35 GMT"
S3B_OL_2_WFR____20201107T065124_20201107T065424_20201108T144304_0179_045_234_2520_MAR_O_NT_002.SEN3,wqsf.nc,4020511,9378305912058b3ec959853f41be9c28f7dd78e47303c2574c84c12d73aa6c3f,80949dcd8b5f9b37b6b57154850a7bd9,"Mon, 22 Mar 2021 17:52:35 GMT"
S3B_OL_2_WFR____20201108T062514_20201108T062814_20201109T115434_0179_045_248_2520_MAR_O_NT_002.SEN3,chl_oc4me.nc,5947244,ebf892ad895fcf874197dc0cd9fe559a34c2b9abc2ce683075081a62691f0f7d,fe07be00dcfe44d5affa0c7f0e0976c6,"Mon, 22 Mar 2021 17:51:38 GMT"
S3B_OL_2_WFR____20201108T062514_20201108T062814_20201109T115434_0179_045_248_2520_MAR_O_NT_002.SEN3,geo_coordinates.nc,60472038,b0961c464a9a6a812a0960e0e67af158da1edfe31fa9e5d58b2e700219798b07,bf8f01f14f293779a2799e503f93ecea-8,"Mon, 22 Mar 2021 17:51:38 GMT"
S3B_OL_2_WFR____20201108T062514_20201108T062814_20201109T115434_0179_045_248_2520_MAR_O_NT_002.SEN3,tie_geo_coordinates.nc,1140489,25b264e445295a62ab4f061f64ab3f845920ca6b42a9229942c1751e10cdb8d3,89940b58b7de65f64f5658e91fc4863d,"Mon, 22 Mar 2021 17:51:37 GMT"
S3B_OL_2_WFR____20201108T062514_20201108T062814_20201109T115434_0179_045_248_2520_MAR_O_NT_002.SEN3,wqsf.nc,5086881,c7c3eb4fb04f0740c1d341dd87481837c1086ee78a8038f135c59ef512c6cd48,c46e61781d8dc1c9b1653ed41078aa70,"Mon, 22 Mar 2021 17:51:38 GMT"
S3B_OL_2_WFR____20201109T055903_20201109T060203_20201110T130403_0179_045_262_2520_MAR_O_NT_002.SEN3,chl_oc4me.nc,9974505,3ae779ebb5dc84f66cf62cd07ba0d5c2e7cf976dae75ae8e5c3512bda976a250,559501f5fb14608e87bc0b56ec950218-2,"Thu, 25 Mar 2021 09:32:14 GMT"
S3B_OL_2_WFR____20201109T055903_20201109T060203_20201110T130403_0179_045_262_2520_MAR_O_NT_002.SEN3,geo_coordinates.nc,59320215,446dab9fffd7153174d31e8408183c18ef084c61918cdb9725cacfbc5a143f09,a5fad8130d0c712c0d4dbedd99732f0f-8,"Thu, 25 Mar 2021 09:32:14 GMT"
S3B_OL_2_WFR____20201109T055903_20201109T060203_20201110T130403_0179_045_262_2520_MAR_O_NT_002.SEN3,tie_geo_coordinates.nc,1136268,0c4aa36e4e9bb334c3404fa2aac678d00f910b0e19c041bc8fcde50634c743c2,03075ac4900f6c743412ad3896440e4a,"Thu, 25 Mar 2021 09:32:13 GMT"
S3B_OL_2_WFR____20201109T055903_20201109T060203_20201110T130403_0179_045_262_2520_MAR_O_NT_002.SEN3,wqsf.nc,6740936,e2c8325bf772e68342e1140f52d682e14e3391adc5e642ae6f63f65d6e8d5361,a3b51ffa88984c34d8b58b31bf2f5a75,"Thu, 25 Mar 2021 09:32:14 GMT"
S3B_OL_2_WFR____20201111T064740_20201111T065040_20201112T150116_0179_045_291_2520_MAR_O_NT_002.SEN3,chl_oc4me.nc,2634273,6ef9d39984b4163216776ce3f43b5e6a6e99221aae028e1428cc8b90cf223467,3c01f0f36c37a4cfb9aa7ff411ba95da,"Tue, 06 Apr 2021 15:08:37 GMT"
S3B_OL_2_WFR____20201111T064740_20201111T065040_20201112T150116_0179_045_291_2520_MAR_O_NT_002.SEN3,geo_coordinates.nc,59765132,41ddfaf16b1a0439fb56d0217b58ee7c6c5de96668ccc7327eb77d4242c5323b,c351cb93ee2b3a43ca5488308ad85209-8,"Tue, 06 Apr 2021 15:08:37 GMT"
S3B_OL_2_WFR____20201111T064740_20201111T065040_20201112T150116_0179_045_291_2520_MAR_O_NT_002.SEN3,tie_geo_coordinates.nc,1135584,34fc03685b1c20490c3c0ff490159949b6545b9b34c45909919a830092012069,7e37954cb771c1c544689ef4fc5f3ae1,"Tue, 06 Apr 2021 15:08:37 GMT"
S3B_OL_2_WFR____20201111T064740_20201111T065040_20201112T150116_0179_045_291_2520_MAR_O_NT_002.SEN3,wqsf.nc,3559458,fa1c564e8505773ed3ed7655579154c71059fbf41f63698f1a4f136535aff470,54998e060b8cdb0ed2dafbc127c1eb55,"Tue, 06 Apr 2021 15:08:37 GMT"
S3B_OL_2_WFR____20201112T062129_20201112T062429_20201113T144659_0179_045_305_2520_MAR_O_NT_002.SEN3,chl_oc4me.nc,6579974,37c6f24bcfae9a38c9656b587b27b066717f99aa3b3f954e37cbd64b981fb596,32cc84a76a38f4ef574e50bd566168b9,"Thu, 25 Mar 2021 09:29:33 GMT"
S3B_OL_2_WFR____20201112T062129_20201112T062429_20201113T144659_0179_045_305_2520_MAR_O_NT_002.SEN3,geo_coordinates.nc,60456392,f6b6065af1d4aff520077a2faa81dabd09cb400e0f3839f110a74e79f5eb5963,7f5e2353bee91ed4f42874820fb18a7e-8,"Thu, 25 Mar 2021 09:29:33 GMT"
S3B_OL_2_WFR____20201112T062129_20201112T062429_20201113T144659_0179_045_305_2520_MAR_O_NT_002.SEN3,tie_geo_coordinates.nc,1137603,ddf137b8deefe0c595d01c90ef29f05711fa7fc78ed798dc6797d756812cb6a0,2438870840ae9d11f6707651021eb070,"Thu, 25 Mar 2021 09:29:33 GMT"
S3B_OL_2_WFR____20201112T062129_20201112T062429_20201113T144659_0179_045_305_2520_MAR_O_NT_002.SEN3,wqsf.nc,5035344,cc9159200a4e3cf4ca1894030c313b541b93a783c44ab98b77f1843ce35f3b69,aaa3484b9703e21545bf34a0548b84b4,"Thu, 25 Mar 2021 09:29:33 GMT"
S3B_OL_2_WFR____20201115T064356_20201115T064656_20201116T121219_0179_045_348_2520_MAR_O_NT_002.SEN3,chl_oc4me.nc,4057588,174f4fbac6d8e82c64d2f83bfc2e4ef7037127c3846949edac0349c64b193904,4cc39516e54731404cd514bb239e9dc7,"Mon, 22 Mar 2021 17:40:36 GMT"
S3B_OL_2_WFR____20201115T064356_20201115T064656_20201116T121219_0179_045_348_2520_MAR_O_NT_002.SEN3,geo_coordinates.nc,59944346,3a9969cd4ab0fa7c4d1283c522034b09ad569d0b09938d4d14a895e911e0b14a,7de377edd48fa7d76bc202ce0d212a33-8,"Mon, 22 Mar 2021 17:40:36 GMT"
S3B_OL_2_WFR____20201115T064356_20201115T064656_20201116T121219_0179_045_348_2520_MAR_O_NT_002.SEN3,tie_geo_coordinates.nc,1141324,80320717f6cf8fbf8b88c34ad2f59771fbe6458a9652b97b8909f64663291032,6478843c4667633a31126c716f4a4651,"Mon, 22 Mar 2021 17:40:36 GMT"
S3B_OL_2_WFR____20201115T064356_20201115T064656_20201116T121219_0179_045_348_2520_MAR_O_NT_002.SEN3,wqsf.nc,4107727,55903177a2dc99230656ce7a0e0cc9614c4a0d6bc2c48ce48306aabad9632e8f,5f40c2ba4a06f602470859a3f2bf4f6b,"Mon, 22 Mar 2021 17:40:36 GMT"
S3B_OL_2_WFR____20201116T061745_20201116T062045_20201117T130544_0179_045_362_2520_MAR_O_NT_002.SEN3,chl_oc4me.nc,6773128,0542f6895731c5d51a00b7751176e3f728a36010b718edf1be58eed373604a67,2649d46a01668b655a71babf1f3a757a,"Mon, 22 Mar 2021 17:39:21 GMT"
S3B_OL_2_WFR____20201116T061745_20201116T062045_20201117T130544_0179_045_362_2520_MAR_O_NT_002.SEN3,geo_coordinates.nc,60307095,57631339bbf6e536beedd4df0af48813c7509da64eba376609e3b1be8a9c450f,5b05580b9a8191f3e13f48bdfeb6c9ea-8,"Mon, 22 Mar 2021 17:39:21 GMT"
S3B_OL_2_WFR____20201116T061745_20201116T062045_20201117T130544_0179_045_362_2520_MAR_O_NT_002.SEN3,tie_geo_coordinates.nc,1139161,d36f5edceb9ff7107977fc5f6a769ba738a2d68286f225aab4fc4c7dd39067d3,16a4aa42e8a56e1ad59e7fe59061cea2,"Mon, 22 Mar 2021 17:39:20 GMT"
S3B_OL_2_WFR____20201116T061745_20201116T062045_20201117T130544_0179_045_362_2520_MAR_O_NT_002.SEN3,wqsf.nc,5400283,1ad9497b14d850283f668624835261abe8e9329839c9250bfba89ccded4a2c61,a3c59105127aabdc8ea83ef958f55c4e,"Mon, 22 Mar 2021 17:39:21 GMT"
S3B_OL_2_WFR____20201119T064012_20201119T064312_20201120T152019_0180_046_020_2520_MAR_O_NT_002.SEN3,chl_oc4me.nc,4421111,a34e146d34f900e60d9a99b9ce50ae7c3ac9447cd6719ddeb052fa1831171caf,4f2d723d0332d17847e8abbebf4a3a88,"Mon, 22 Mar 2021 17:34:04 GMT"
S3B_OL_2_WFR____20201119T064012_20201119T064312_20201120T152019_0180_046_020_2520_MAR_O_NT_002.SEN3,geo_coordinates.nc,60091916,28867db9d47f83fd260bef3c654758ae2281b2aeadfc1d56a32da14224b01912,b722165ad71776983283c26797cdd2e4-8,"Mon, 22 Mar 2021 17:34:04 GMT"
S3B_OL_2_WFR____20201119T064012_20201119T064312_20201120T152019_0180_046_020_2520_MAR_O_NT_002.SEN3,tie_geo_coordinates.nc,1139470,9bfedb91a6ea4f93cbd0f80c8e439e35d789a7f6acde6b060b0a4171fa3a1fde,359441cfa7df7565d5dc4871c191f164,"Mon, 22 Mar 2021 17:34:04 GMT"
S3B_OL_2_WFR____20201119T064012_20201119T064312_20201120T152019_0180_046_020_2520_MAR_O_NT_002.SEN3,wqsf.nc,3898901,c8c25e2a70a2c11a8f8c706cd3475a2007ee74cc616c97f1e39ac1296b06dd18,7015f75beb2c18d2644d005075a1f254,"Mon, 22 Mar 2021 17:34:04 GMT"
S3B_OL_2_WFR____20201120T061401_20201120T061701_20201121T140627_0179_046_034_2520_MAR_O_NT_002.SEN3,chl_oc4me.nc,7725215,27790ebf74de0905f66bc78eae655398281daeebe5c7eb39abfd3d741b01a9ab,f3412457c7f8b5210e77c5f2f15fb165,"Tue, 06 Apr 2021 15:06:24 GMT"
S3B_OL_2_WFR____20201120T061401_20201120T061701_20201121T140627_0179_046_034_2520_MAR_O_NT_002.SEN3,geo_coordinates.nc,60103791,cd3b72ca0f8c9f221f67bcef79b3393077727275d9d0e4a468b78afacafb0d4d,fa133bc71c2bde72065158e897bd5afe-8,"Tue, 06 Apr 2021 15:06:24 GMT"
S3B_OL_2_WFR____20201120T061401_20201120T061701_20201121T140627_0179_046_034_2520_MAR_O_NT_002.SEN3,tie_geo_coordinates.nc,1137867,ce268c7bf9bbdbe6dab8b45869443220f9c82a0f26ca60e3218217b153649c1a,714ea261e2ddf275b7e7c057021083cc,"Tue, 06 Apr 2021 15:06:24 GMT"
S3B_OL_2_WFR____20201120T061401_20201120T061701_20201121T140627_0179_046_034_2520_MAR_O_NT_002.SEN3,wqsf.nc,6394723,85ceb63a4ad17900ec612acb2acc3ff0d68fa387caa902713162d2fa3ec24590,c2833e70a84b2da2195380a59e8ea7d6,"Tue, 06 Apr 2021 15:06:25 GMT"
S3B_OL_2_WFR____20201123T063628_20201123T063928_20201124T160155_0179_046_077_2520_MAR_O_NT_002.SEN3,chl_oc4me.nc,4249016,81dd9be73d3da95a974e2cc3241184f04b168e9cc9bd76bf6f2f3715e2b36dbe,3e1b748256b9b326834f76446d1e5640,"Thu, 25 Mar 2021 09:21:24 GMT"
S3B_OL_2_WFR____20201123T063628_20201123T063928_20201124T160155_0179_046_077_2520_MAR_O_NT_002.SEN3,geo_coordinates.nc,60241577,e87a7ed744a630f0fa265182da83ba51e5b46bec81930b14c154ca3a3fbe3563,d6189f9ea004c949dcc9d03308db24b8-8,"Thu, 25 Mar 2021 09:21:24 GMT"
S3B_OL_2_WFR____20201123T063628_20201123T063928_20201124T160155_0179_046_077_2520_MAR_O_NT_002.SEN3,tie_geo_coordinates.nc,1136505,886221bf5865fb166a577748658b36d1235c46c5fd843809679b798c8294b83f,a8b173d059f9bfb1fd8aab3ce918df85,"Thu, 25 Mar 2021 09:21:24 GMT"
S3B_OL_2_WFR____20201123T063628_20201123T063928_20201124T160155_0179_046_077_2520_MAR_O_NT_002.SEN3,wqsf.nc,5227195,d6daa45173e04a8a47b5392573577641064de806c643cd1762ec76c751fe267a,87ff48711749e48924e59cab6e5c26c1,"Thu, 25 Mar 2021 09:21:24 GMT"
S3B_OL_2_WFR____20201127T063243_20201127T063543_20201128T151642_0179_046_134_2520_MAR_O_NT_002.SEN3,chl_oc4me.nc,1760972,d3e1a0335de013b70cdb4115e54f57012e907b8d5cf714c5b30e1883d5eb965f,acbaa63f01e120ba52acd0d64c8261b3,"Mon, 22 Mar 2021 17:19:37 GMT"
S3B_OL_2_WFR____20201127T063243_20201127T063543_20201128T151642_0179_046_134_2520_MAR_O_NT_002.SEN3,geo_coordinates.nc,60431092,1042a6f1430b9cc9f78c735c81b05c8cba6bf872fe315beb9fc1cab55951b2fa,a14ba9d3a37db05ae3b90ecb4a259795-8,"Mon, 22 Mar 2021 17:19:37 GMT"
S3B_OL_2_WFR____20201127T063243_20201127T063543_20201128T151642_0179_046_134_2520_MAR_O_NT_002.SEN3,tie_geo_coordinates.nc,1135234,0d5457bd6b7141005db19dd4463486bf4f36d07123b44a8d577d852c41fde3a0,0a2830a7dfeb3e051350012965987f19,"Mon, 22 Mar 2021 17:19:37 GMT"
S3B_OL_2_WFR____20201127T063243_20201127T063543_20201128T151642_0179_046_134_2520_MAR_O_NT_002.SEN3,wqsf.nc,3338201,4951d31098b9e43060b28d5725a6c6d41409bb5a3e71e97d9d739bfe8bed8245,6cc52d2f2dfb0ca3cc316050fb4034f8,"Mon, 22 Mar 2021 17:19:37 GMT"
S3B_OL_2_WFR____20201128T060632_20201128T060932_20201129T143817_0179_046_148_2520_MAR_O_NT_002.SEN3,chl_oc4me.nc,8317880,c39d24e0e46d1ad1522d17104d37f72b114c3239983169955110d0293e8eb71e,ecf0ffa7c02da2e61aa03f429a507f1e,"Mon, 22 Mar 2021 17:18:36 GMT"
S3B_OL_2_WFR____20201128T060632_20201128T060932_20201129T143817_0179_046_148_2520_MAR_O_NT_002.SEN3,geo_coordinates.nc,59744055,4d5e72cf610df173d850e6f08b69bc971e5c812fa8db6756a222910bb236d3ed,4352d53e4637bcd80bc6f70119cd5128-8,"Mon, 22 Mar 2021 17:18:36 GMT"
S3B_OL_2_WFR____20201128T060632_20201128T060932_20201129T143817_0179_046_148_2520_MAR_O_NT_002.SEN3,tie_geo_coordinates.nc,1133887,7042d8b4eff6a13f5e6ce96c17a936f52308fe6153e3d4b59c1dc533bfa715b0,66ed20e66c6bd47c9b414ecabf99498a,"Mon, 22 Mar 2021 17:18:36 GMT"
S3B_OL_2_WFR____20201128T060632_20201128T060932_20201129T143817_0179_046_148_2520_MAR_O_NT_002.SEN3,wqsf.nc,7539786,c0afcc7d4d7707d19a861d7c44c550e2db15749b1f287696ce67ccfffab69dcc,85c291b4852c52806f157e15ea26c33c,"Mon, 22 Mar 2021 17:18:36 GMT"
S3B_OL_2_WFR____20201130T065509_20201130T065809_20201201T141602_0179_046_177_2520_MAR_O_NT_002.SEN3,tie_geo_coordinates.nc,1139778,fad5b2bee22e67341ec22065845ca86cd29c8b819b87ecf50965edce6943e229,a8e56fe149f0dadc8a4e8571a3c56cbb,"Thu, 25 Mar 2021 09:17:05 GMT"
S3B_OL_2_WFR____20201201T062858_20201201T063158_20201202T131935_0179_046_191_2520_MAR_O_NT_002.SEN3,chl_oc4me.nc,4528519,6324679191247e61e50548eb3f46432c8a62fd7afb9c4b25f7f7cb10a47a4c25,ff0a4d34d29460d783d2d4ef270ba614,"Mon, 22 Mar 2021 17:14:25 GMT"
S3B_OL_2_WFR____20201201T062858_20201201T063158_20201202T131935_0179_046_191_2520_MAR_O_NT_002.SEN3,geo_coordinates.nc,60413435,daa0b8a88870b13ff297f161c30d3f842495079d9e821cb922ad8d0897a81e26,283c6d6365e8d12a321456abfeffbdf2-8,"Mon, 22 Mar 2021 17:14:25 GMT"
S3B_OL_2_WFR____20201201T062858_20201201T063158_20201202T131935_0179_046_191_2520_MAR_O_NT_002.SEN3,tie_geo_coordinates.nc,1138570,e57a071314c566e764b0cc9588877b4f5d97a22b5c11e226923c1e2e247d8a13,0f1f9fa0c9de0032ccc9c4635ef2f7b5,"Mon, 22 Mar 2021 17:14:25 GMT"
S3B_OL_2_WFR____20201201T062858_20201201T063158_20201202T131935_0179_046_191_2520_MAR_O_NT_002.SEN3,wqsf.nc,4701000,987df9a9b8e223ad23e7f14ab0ea08a59114868dee3cdefcda46482439b7f816,b19270faf2be21d1757272c7fb7499b9,"Mon, 22 Mar 2021 17:14:25 GMT"
S3B_OL_2_WFR____20201202T060247_20201202T060547_20201203T150444_0179_046_205_2520_MAR_O_NT_002.SEN3,chl_oc4me.nc,9776898,4183b53915d0060f43a81767732d1b32505bdacf6c4101a8892cdabe081dc5cb,851f9796b2140dedcbe137779838f7a8-2,"Thu, 25 Mar 2021 09:16:24 GMT"
S3B_OL_2_WFR____20201202T060247_20201202T060547_20201203T150444_0179_046_205_2520_MAR_O_NT_002.SEN3,geo_coordinates.nc,59578245,66ae1fe878ded5a3d9c1e900effd50ae412e8d9c295c8a52b4c73e9993bce138,b75f89dca66701dea15f0a2abd4f0539-8,"Thu, 25 Mar 2021 09:16:24 GMT"
S3B_OL_2_WFR____20201202T060247_20201202T060547_20201203T150444_0179_046_205_2520_MAR_O_NT_002.SEN3,tie_geo_coordinates.nc,1138400,4851aa1f4eda451a56ff72060b1f6e7c30eb40704db0b7ed65efc38420c6a41c,7650a9475a36f0fec1b3b5a6f112d312,"Thu, 25 Mar 2021 09:16:24 GMT"
S3B_OL_2_WFR____20201202T060247_20201202T060547_20201203T150444_0179_046_205_2520_MAR_O_NT_002.SEN3,wqsf.nc,7946479,bdc8c72a66e7a05d7f6f2d53fd886259a6ffaa7529c14e15220d485d920a8299,a79fb5915ee69fd761a50a6763cb857d,"Thu, 25 Mar 2021 09:16:24 GMT"
S3B_OL_2_WFR____20201204T065125_20201204T065425_20201205T144751_0180_046_234_2520_MAR_O_NT_002.SEN3,chl_oc4me.nc,2151529,eea2abc840b898e5f825f1d3fd21867fc4e776e8183d47dbbc08607e52d4dde8,d0764881685c2f297c731457b178d233,"Mon, 22 Mar 2021 17:09:21 GMT"
S3B_OL_2_WFR____20201204T065125_20201204T065425_20201205T144751_0180_046_234_2520_MAR_O_NT_002.SEN3,geo_coordinates.nc,59636191,711c72856e089c4e29c5964f0b6478d1f3d838e14162222f202b5e71c36130a2,722ada0c3c1efbd5f1102ebbcf763955-8,"Mon, 22 Mar 2021 17:09:20 GMT"
S3B_OL_2_WFR____20201204T065125_20201204T065425_20201205T144751_0180_046_234_2520_MAR_O_NT_002.SEN3,tie_geo_coordinates.nc,1139080,426a6f48b869c54ccab0f0a900fc1672c3e06af5f535996db73dddd50812d861,f7b6a0d87edb04b85f16cddc6c8879a8,"Mon, 22 Mar 2021 17:09:20 GMT"
S3B_OL_2_WFR____20201204T065125_20201204T065425_20201205T144751_0180_046_234_2520_MAR_O_NT_002.SEN3,wqsf.nc,2673282,d805ebf5874ec189cf7b05aee2a5ad28c6b2e23f6f842104239017e5be96ab2e,8eed1b391cea37a6fd54ca7626054001,"Mon, 22 Mar 2021 17:09:20 GMT"
S3B_OL_2_WFR____20201205T062514_20201205T062814_20201206T143450_0180_046_248_2520_MAR_O_NT_002.SEN3,chl_oc4me.nc,5406525,5d4b26ade8fa887bd32ad234d4471e7283d6d2ea7235a68dff47a66e5786f3c2,ebd6c7aeafb44985f106ef919336c7eb,"Thu, 25 Mar 2021 09:14:16 GMT"
S3B_OL_2_WFR____20201205T062514_20201205T062814_20201206T143450_0180_046_248_2520_MAR_O_NT_002.SEN3,geo_coordinates.nc,60469458,53621921d19380434cd7ee17b05a55ee352448a4ac4849cd3964d3376de8f580,c226198fb2aef9269efa2660ec6c15cb-8,"Thu, 25 Mar 2021 09:14:15 GMT"
S3B_OL_2_WFR____20201205T062514_20201205T062814_20201206T143450_0180_046_248_2520_MAR_O_NT_002.SEN3,tie_geo_coordinates.nc,1131780,9983f974fbd19f8650d204c501336dd7441dc0a535fc568d48dcd92ec5cdbb28,490ade871cb4e67e19936c4c778206ce,"Thu, 25 Mar 2021 09:14:15 GMT"
S3B_OL_2_WFR____20201205T062514_20201205T062814_20201206T143450_0180_046_248_2520_MAR_O_NT_002.SEN3,wqsf.nc,5194461,8425fbc64416af2682291d0369014ad44dd4aafff476fabb9a7845c3e657c7f7,a714f061544215c40a8cde399fc0e50e,"Thu, 25 Mar 2021 09:14:16 GMT"
S3B_OL_2_WFR____20201206T055903_20201206T060203_20201207T143944_0179_046_262_2520_MAR_O_NT_002.SEN3,chl_oc4me.nc,10310714,f4ed597d5b31618e40a62d907a86fa0cb61b8c5252a8224be6ad5e8542ee1553,f3f8ea68e42101991e8ff503795efced-2,"Thu, 25 Mar 2021 09:13:20 GMT"
S3B_OL_2_WFR____20201206T055903_20201206T060203_20201207T143944_0179_046_262_2520_MAR_O_NT_002.SEN3,geo_coordinates.nc,59376990,07f9cf3a6431455249823f1d654f4934bdc955de2ebaaa59c20af3b76867f301,64c8213cde5e055425f0440506a23d60-8,"Thu, 25 Mar 2021 09:13:21 GMT"
S3B_OL_2_WFR____20201206T055903_20201206T060203_20201207T143944_0179_046_262_2520_MAR_O_NT_002.SEN3,tie_geo_coordinates.nc,1137797,56c2cbf4bbe0d09330c8f4f554df9c3109ac21d550e86287256c28316c20ba12,728ca418920c10cd0966ec4a33c5380a,"Thu, 25 Mar 2021 09:13:20 GMT"
S3B_OL_2_WFR____20201206T055903_20201206T060203_20201207T143944_0179_046_262_2520_MAR_O_NT_002.SEN3,wqsf.nc,10606897,d214293dba6561d7b9f0182b36e396443b56244a9bbfbbc72482be4284e2493c,810f77f7f864d5c32b9da66cd933e053-2,"Thu, 25 Mar 2021 09:13:21 GMT"
S3B_OL_2_WFR____20201209T062129_20201209T062429_20201210T145050_0179_046_305_2520_MAR_O_NT_002.SEN3,chl_oc4me.nc,6755101,5bb4b5d1a3970f3f28a150e9f439daccf6c89a5084bc7909438da5cd44c10fa9,8b4ff6aec9ce8bb6815ebad070a74400,"Mon, 22 Mar 2021 17:00:21 GMT"
S3B_OL_2_WFR____20201209T062129_20201209T062429_20201210T145050_0179_046_305_2520_MAR_O_NT_002.SEN3,geo_coordinates.nc,60439265,9749ac89753d1fa69ea36b0fc41cbf4e9e06b05d69193e06eaa3eabf5321149a,af9388e8118d804292f1ad65d35b478d-8,"Mon, 22 Mar 2021 17:00:21 GMT"
S3B_OL_2_WFR____20201209T062129_20201209T062429_20201210T145050_0179_046_305_2520_MAR_O_NT_002.SEN3,tie_geo_coordinates.nc,1136358,37500d246b41215ef0892e32d2d7de9f980c200cb2ac94b90457b18bfa9ba7d0,35809fc36e2c7764c57ce94a2a07bb6f,"Mon, 22 Mar 2021 17:00:21 GMT"
S3B_OL_2_WFR____20201209T062129_20201209T062429_20201210T145050_0179_046_305_2520_MAR_O_NT_002.SEN3,wqsf.nc,6025145,f85e243a85870f5091c0156cdbbe315e83c8a1f9ecb1b7108755ec0f661159ec,c1cdc989da80d1d5cebaf64141e03a61,"Mon, 22 Mar 2021 17:00:21 GMT"
S3B_OL_2_WFR____20201212T064355_20201212T064655_20201213T123821_0179_046_348_2520_MAR_O_NT_002.SEN3,chl_oc4me.nc,4151058,cb8226382e5d6dae296d9557bb8dd81737f643801e95d404958c7e8a1de73991,c7f17a2e407693029565abe3780979e6,"Thu, 25 Mar 2021 09:09:14 GMT"
S3B_OL_2_WFR____20201212T064355_20201212T064655_20201213T123821_0179_046_348_2520_MAR_O_NT_002.SEN3,geo_coordinates.nc,59973919,fb460e5ada0621c46baae95b893c1aa1dbd1811440f3777146519392d1e34fae,ad8c90bc9bc33ea005c6e654d227ee29-8,"Thu, 25 Mar 2021 09:09:14 GMT"
S3B_OL_2_WFR____20201212T064355_20201212T064655_20201213T123821_0179_046_348_2520_MAR_O_NT_002.SEN3,tie_geo_coordinates.nc,1138495,389e3a034ee71ba7b2486e87ada6f6a1cebce6ca4b1aa431073d28ebd4a0d9a7,9dfb7b7e696b1f6a9f8137d77bb93563,"Thu, 25 Mar 2021 09:09:14 GMT"
S3B_OL_2_WFR____20201212T064355_20201212T064655_20201213T123821_0179_046_348_2520_MAR_O_NT_002.SEN3,wqsf.nc,4272649,35d916258755f90e2338538ae72c8988e9fa52fc56a047f862c9d4edad24ce00,5c52535cbfbbc2e3352e3200ca4ef771,"Thu, 25 Mar 2021 09:09:14 GMT"
S3B_OL_2_WFR____20201213T061744_20201213T062044_20201214T140418_0179_046_362_2520_MAR_O_NT_002.SEN3,chl_oc4me.nc,7093877,62f8cb658557bcbd48af2e4b6de97585954ab74cb7a0e9c76c941dc36a3bff84,6d5aa705df4a57ff43caa8af44b08431,"Mon, 22 Mar 2021 16:54:03 GMT"
S3B_OL_2_WFR____20201213T061744_20201213T062044_20201214T140418_0179_046_362_2520_MAR_O_NT_002.SEN3,geo_coordinates.nc,60329662,a571e1ae26b513be894e12d89244a509cd4b68201367959d91b39e20c346ecba,9413c4483f620471bde62904450ab5cc-8,"Mon, 22 Mar 2021 16:54:02 GMT"
S3B_OL_2_WFR____20201213T061744_20201213T062044_20201214T140418_0179_046_362_2520_MAR_O_NT_002.SEN3,tie_geo_coordinates.nc,1140245,4df15054562d30b19e4d5c55fd7ffd75ab364a4596c3a507f97ebabebcec6d40,3e5fa21dc65df9c7e974c34aaab84140,"Mon, 22 Mar 2021 16:54:02 GMT"
S3B_OL_2_WFR____20201213T061744_20201213T062044_20201214T140418_0179_046_362_2520_MAR_O_NT_002.SEN3,wqsf.nc,6960153,81f472f2a9d4dae69864fcab84d05fa28398c83cf16f0b2ba81d1f72264e6419,b101244a8926b28f651963d9b0b6bec3,"Mon, 22 Mar 2021 16:54:03 GMT"
S3B_OL_2_WFR____20201216T064010_20201216T064310_20201217T123547_0180_047_020_2520_MAR_O_NT_002.SEN3,chl_oc4me.nc,4308732,ce6e45c27edaaa7aaf7c7136ff66c2675ba221acb4efb34c2798c0390b7b9b8b,e93bf905b8abb695b9f2e5815e66652a,"Thu, 25 Mar 2021 09:06:29 GMT"
S3B_OL_2_WFR____20201216T064010_20201216T064310_20201217T123547_0180_047_020_2520_MAR_O_NT_002.SEN3,geo_coordinates.nc,60121902,e296d4dd9d210a9f2530420cd18d4e0f8820cc93005fd5b45d183057e853812a,b55f6b10f25bec01b1b2397b6e481cd4-8,"Thu, 25 Mar 2021 09:06:29 GMT"
S3B_OL_2_WFR____20201216T064010_20201216T064310_20201217T123547_0180_047_020_2520_MAR_O_NT_002.SEN3,tie_geo_coordinates.nc,1140169,f65d3b894ed76df8324b347356fa40c7a8dc1ca385f768898dfff68988a09fdc,c87e3560376ea553962e982755c79ddf,"Thu, 25 Mar 2021 09:06:29 GMT"
S3B_OL_2_WFR____20201216T064010_20201216T064310_20201217T123547_0180_047_020_2520_MAR_O_NT_002.SEN3,wqsf.nc,4674308,27bbafe0173afe4d6b708f248c8d6a2ac4d1f39fc48895e17e2e7db2d432907e,6241496acc8ab434e19c38c4072a2f4d,"Thu, 25 Mar 2021 09:06:29 GMT"
S3B_OL_2_WFR____20201217T061359_20201217T061659_20201218T120941_0179_047_034_2520_MAR_O_NT_002.SEN3,chl_oc4me.nc,7516871,1bf557121327cc8de619151311b0540caa501185523c88584c1d33a812879127,0f9617cd1151f6b7c2b9a3644eca14b9,"Mon, 22 Mar 2021 16:46:21 GMT"
S3B_OL_2_WFR____20201217T061359_20201217T061659_20201218T120941_0179_047_034_2520_MAR_O_NT_002.SEN3,geo_coordinates.nc,60133396,de76a2cf0c00b29c472e6477f7a75bce08747180e96d32bcaaa8daef412803b3,629f83452c64901616e9c537a755f27b-8,"Mon, 22 Mar 2021 16:46:21 GMT"
S3B_OL_2_WFR____20201217T061359_20201217T061659_20201218T120941_0179_047_034_2520_MAR_O_NT_002.SEN3,tie_geo_coordinates.nc,1133831,f21871721f0866923aada744b82695ffbc88f493f64190ed8c0272a56f58e538,21c46e5a71211b2283e49f53a4c95cb9,"Mon, 22 Mar 2021 16:46:21 GMT"
S3B_OL_2_WFR____20201217T061359_20201217T061659_20201218T120941_0179_047_034_2520_MAR_O_NT_002.SEN3,wqsf.nc,7614781,1a9eb98c0713ec944e66c62549ad47d42663b2635491571e050df85784d486f9,a8cc20c6ad90e96e216950c905a280e3,"Mon, 22 Mar 2021 16:46:21 GMT"
S3B_OL_2_WFR____20201220T063626_20201220T063926_20201221T135615_0179_047_077_2520_MAR_O_NT_002.SEN3,chl_oc4me.nc,4040522,647f3d7b79421defddfe782fc551d3c75048db82dde6436a611ad825871cc57b,88311030334ad4877338a1fda0fa11aa,"Mon, 22 Mar 2021 16:40:13 GMT"
S3B_OL_2_WFR____20201220T063626_20201220T063926_20201221T135615_0179_047_077_2520_MAR_O_NT_002.SEN3,geo_coordinates.nc,60257259,e2bee65fe6416da1295f9e56b0e2e3d2babc22081ba8589a10e616a4e9cb57e4,b22787c3f92bcefde39dc490a9a00bdd-8,"Mon, 22 Mar 2021 16:40:13 GMT"
S3B_OL_2_WFR____20201220T063626_20201220T063926_20201221T135615_0179_047_077_2520_MAR_O_NT_002.SEN3,tie_geo_coordinates.nc,1135716,fdb194fdd302706008923f7c6c857f63aa02473b2e75711b9324d12dd24dc10b,c390a649baf7e4554ce9f50de1328e73,"Mon, 22 Mar 2021 16:40:13 GMT"
S3B_OL_2_WFR____20201220T063626_20201220T063926_20201221T135615_0179_047_077_2520_MAR_O_NT_002.SEN3,wqsf.nc,5364971,8a69d894c7b70a6ccb211e54806d508354596547abe61b8c4d7cb4bef0f8c195,31c79b342600a44b22f7adc608415900,"Mon, 22 Mar 2021 16:40:14 GMT"
S3B_OL_2_WFR____20201221T061015_20201221T061315_20201222T145648_0179_047_091_2520_MAR_O_NT_002.SEN3,chl_oc4me.nc,8248775,7a454563ad977d327d655be5238bf749bcb5b75ab7460a73da1b1e2bffbc053a,5f848f92c90d0362465668eeaf557f54,"Tue, 06 Apr 2021 14:58:43 GMT"
S3B_OL_2_WFR____20201221T061015_20201221T061315_20201222T145648_0179_047_091_2520_MAR_O_NT_002.SEN3,geo_coordinates.nc,59899348,6d10cea562a007654aa92e05c66e65832d15062104a13c5685bcf5607594693b,eb2de26326c6cccd255d0bc69187afed-8,"Tue, 06 Apr 2021 14:58:43 GMT"
S3B_OL_2_WFR____20201221T061015_20201221T061315_20201222T145648_0179_047_091_2520_MAR_O_NT_002.SEN3,tie_geo_coordinates.nc,1130690,0c9bfe1310e4e72fc7b1353f17881f5e360a7dc608cd07915a22552c68eb8834,0fea96dde34fb9626b6ea3a96e2308e3,"Tue, 06 Apr 2021 14:58:43 GMT"
S3B_OL_2_WFR____20201221T061015_20201221T061315_20201222T145648_0179_047_091_2520_MAR_O_NT_002.SEN3,wqsf.nc,8802930,3ec4dfe587c42f23670970e201a4dee190f2c02151d25495f49b4d9b34b7437d,2bf235ee8eeffa54aa8745818fd769bc-2,"Tue, 06 Apr 2021 14:58:43 GMT"
S3B_OL_2_WFR____20201223T065852_20201223T070152_20201224T145224_0179_047_120_2520_MAR_O_NT_002.SEN3,tie_geo_coordinates.nc,1137356,7dc00fa15f56728fa66bd82331a7532a1b89d284b53e60fd9237f1e9ae64c67d,d6cf32619a59692c289f9e2e20040eb5,"Mon, 22 Mar 2021 16:33:48 GMT"
S3B_OL_2_WFR____20201224T063242_20201224T063542_20201225T135656_0179_047_134_2520_MAR_O_NT_002.SEN3,chl_oc4me.nc,4066367,c85192125180d63f9af7c62a2444b7d81244a9349bdebc998cc71d6e2aa59773,d99f90542bf378fe96ed4a76a9d7d585,"Thu, 25 Mar 2021 08:59:54 GMT"
S3B_OL_2_WFR____20201224T063242_20201224T063542_20201225T135656_0179_047_134_2520_MAR_O_NT_002.SEN3,geo_coordinates.nc,60450895,79dca8909db6bf41c68981c5a74cc1e2d20ddc05fe5161b2fc365ea2056cfc14,34c8e1c5fb214139e6f93e473c44e827-8,"Thu, 25 Mar 2021 08:59:54 GMT"
S3B_OL_2_WFR____20201224T063242_20201224T063542_20201225T135656_0179_047_134_2520_MAR_O_NT_002.SEN3,tie_geo_coordinates.nc,1138700,82ac8acb218105d833c97306d3d1440bdcb7276a0ffed02f46547818fe3f5dca,65469162dec72a10326e5cf6d6982e75,"Thu, 25 Mar 2021 08:59:54 GMT"
S3B_OL_2_WFR____20201224T063242_20201224T063542_20201225T135656_0179_047_134_2520_MAR_O_NT_002.SEN3,wqsf.nc,4560273,4a34e61e16a6303edf1cacadd2d76cc9a94404582fe11ffae380555dcd0597a4,5dd8da0c09ab5ca0e96b1e7e69415d7d,"Thu, 25 Mar 2021 08:59:54 GMT"
S3B_OL_2_WFR____20201227T065508_20201227T065808_20201228T134337_0179_047_177_2520_MAR_O_NT_002.SEN3,tie_geo_coordinates.nc,1141289,29249221db9afb44a3e77e93ece9e64f72825bb6c70d0947e723a0f3ed85c133,fcce0e5fd024ce8a493891af4fb7f7a3,"Thu, 25 Mar 2021 08:58:00 GMT"
S3B_OL_2_WFR____20201229T060247_20201229T060547_20201230T122848_0179_047_205_2520_MAR_O_NT_002.SEN3,chl_oc4me.nc,9227836,e0196ad176d349b13ce7b9337e0b5011cb48372dc69a100c186ffeb2de41a584,c7f2b5638eb09cf7df41ae2f0ed8c11f-2,"Thu, 25 Mar 2021 08:57:16 GMT"
S3B_OL_2_WFR____20201229T060247_20201229T060547_20201230T122848_0179_047_205_2520_MAR_O_NT_002.SEN3,geo_coordinates.nc,59639803,5e7167329c3b9936a5d6ff68a3607db7e9d963cd02b31753a3b0d77516d7de27,2ac313ea36627b0eba4bd1f0c2438082-8,"Thu, 25 Mar 2021 08:57:17 GMT"
S3B_OL_2_WFR____20201229T060247_20201229T060547_20201230T122848_0179_047_205_2520_MAR_O_NT_002.SEN3,tie_geo_coordinates.nc,1134074,3baddec1ce91d3d25fae5467b1a8dd5ee3016725b97266261b343450a6f79a32,9157635ddc39447e9a939778fae381bc,"Thu, 25 Mar 2021 08:57:16 GMT"
S3B_OL_2_WFR____20201229T060247_20201229T060547_20201230T122848_0179_047_205_2520_MAR_O_NT_002.SEN3,wqsf.nc,7489128,50e3af96b125d79cf27b08876579732de555783fb451c1cf7e4c404adfb3cc07,f9eb777cfadbcfdb9a61c444b7c3d367,"Thu, 25 Mar 2021 08:57:16 GMT"
