date,platform,status,detail
2017-07-01,S3A,listed,0 products
2017-07-01,S3B,listed,0 products
2017-07-02,S3A,listed,0 products
2017-07-02,S3B,listed,0 products
2017-07-03,S3A,listed,0 products
2017-07-03,S3B,listed,0 products
2017-07-04,S3A,listed,0 products
2017-07-04,S3B,listed,0 products
2017-07-05,S3A,listed,0 products
2017-07-05,S3B,listed,0 products
2017-07-06,S3A,listed,0 products
2017-07-06,S3B,listed,0 products
2017-07-07,S3A,listed,0 products
2017-07-07,S3B,listed,0 products
2017-07-08,S3A,listed,0 products
2017-07-08,S3B,listed,0 products
2017-07-09,S3A,listed,0 products
2017-07-09,S3B,listed,0 products
2017-07-10,S3A,listed,0 products
2017-07-10,S3B,listed,0 products
2017-07-11,S3A,listed,0 products
2017-07-11,S3B,listed,0 products
2017-07-12,S3A,listed,0 products
2017-07-12,S3B,listed,0 products
2017-07-13,S3A,listed,0 products
2017-07-13,S3B,listed,0 products
2017-07-14,S3A,listed,0 products
2017-07-14,S3B,listed,0 products
2017-07-15,S3A,listed,0 products
2017-07-15,S3B,listed,0 products
2017-07-16,S3A,listed,0 products
2017-07-16,S3B,listed,0 products
2017-07-17,S3A,listed,0 products
2017-07-17,S3B,listed,0 products
2017-07-18,S3A,listed,0 products
2017-07-18,S3B,listed,0 products
2017-07-19,S3A,listed,0 products
2017-07-19,S3B,listed,0 products
2017-07-20,S3A,listed,0 products
2017-07-20,S3B,listed,0 products
2017-07-21,S3A,listed,0 products
2017-07-21,S3B,listed,0 products
2017-07-22,S3A,listed,0 products
2017-07-22,S3B,listed,0 products
2017-07-23,S3A,listed,0 products
2017-07-23,S3B,listed,0 products
2017-07-24,S3A,listed,0 products
2017-07-24,S3B,listed,0 products
2017-07-25,S3A,listed,0 products
2017-07-25,S3B,listed,0 products
2017-07-26,S3A,listed,0 products
2017-07-26,S3B,listed,0 products
2017-07-27,S3A,listed,0 products
2017-07-27,S3B,listed,0 products
2017-07-28,S3A,listed,0 products
2017-07-28,S3B,listed,0 products
2017-07-29,S3A,listed,0 products
2017-07-29,S3B,listed,0 products
2017-07-30,S3A,listed,0 products
2017-07-30,S3B,listed,0 products
2017-07-31,S3A,listed,0 products
2017-07-31,S3B,listed,0 products
2017-08-01,S3A,listed,0 products
2017-08-01,S3B,listed,0 products
2017-08-02,S3A,listed,0 products
2017-08-02,S3B,listed,0 products
2017-08-03,S3A,listed,0 products
2017-08-03,S3B,listed,0 products
2017-08-04,S3A,listed,0 products
2017-08-04,S3B,listed,0 products
2017-08-05,S3A,listed,0 products
2017-08-05,S3B,listed,0 products
2017-08-06,S3A,listed,0 products
2017-08-06,S3B,listed,0 products
2017-08-07,S3A,listed,0 products
2017-08-07,S3B,listed,0 products
2017-08-08,S3A,listed,0 products
2017-08-08,S3B,listed,0 products
2017-08-09,S3A,listed,0 products
2017-08-09,S3B,listed,0 products
2017-08-10,S3A,listed,0 products
2017-08-10,S3B,listed,0 products
2017-08-11,S3A,listed,0 products
2017-08-11,S3B,listed,0 products
2017-08-12,S3A,listed,0 products
2017-08-12,S3B,listed,0 products
2017-08-13,S3A,listed,0 products
2017-08-13,S3B,listed,0 products
2017-08-14,S3A,listed,0 products
2017-08-14,S3B,listed,0 products
2017-08-15,S3A,listed,0 products
2017-08-15,S3B,listed,0 products
2017-08-16,S3A,listed,0 products
2017-08-16,S3B,listed,0 products
2017-08-17,S3A,listed,0 products
2017-08-17,S3B,listed,0 products
2017-08-18,S3A,listed,0 products
2017-08-18,S3B,listed,0 products
2017-08-19,S3A,listed,0 products
2017-08-19,S3B,listed,0 products
2017-08-20,S3A,listed,0 products
2017-08-20,S3B,listed,0 products
2017-08-21,S3A,listed,0 products
2017-08-21,S3B,listed,0 products
2017-08-22,S3A,listed,0 products
2017-08-22,S3B,listed,0 products
2017-08-23,S3A,listed,0 products
2017-08-23,S3B,listed,0 products
2017-08-24,S3A,listed,0 products
2017-08-24,S3B,listed,0 products
2017-08-25,S3A,listed,0 products
2017-08-25,S3B,listed,0 products
2017-08-26,S3A,listed,0 products
2017-08-26,S3B,listed,0 products
2017-08-27,S3A,listed,0 products
2017-08-27,S3B,listed,0 products
2017-08-28,S3A,listed,0 products
2017-08-28,S3B,listed,0 products
2017-08-29,S3A,listed,0 products
2017-08-29,S3B,listed,0 products
2017-08-30,S3A,listed,0 products
2017-08-30,S3B,listed,0 products
2017-08-31,S3A,listed,0 products
2017-08-31,S3B,listed,0 products
2017-09-01,S3A,listed,0 products
2017-09-01,S3B,listed,0 products
2017-09-02,S3A,listed,0 products
2017-09-02,S3B,listed,0 products
2017-09-03,S3A,listed,0 products
2017-09-03,S3B,listed,0 products
2017-09-04,S3A,listed,0 products
2017-09-04,S3B,listed,0 products
2017-09-05,S3A,listed,0 products
2017-09-05,S3B,listed,0 products
2017-09-06,S3A,listed,0 products
2017-09-06,S3B,listed,0 products
2017-09-07,S3A,listed,0 products
2017-09-07,S3B,listed,0 products
2017-09-08,S3A,listed,0 products
2017-09-08,S3B,listed,0 products
2017-09-09,S3A,listed,0 products
2017-09-09,S3B,listed,0 products
2017-09-10,S3A,listed,0 products
2017-09-10,S3B,listed,0 products
2017-09-11,S3A,listed,0 products
2017-09-11,S3B,listed,0 products
2017-09-12,S3A,listed,0 products
2017-09-12,S3B,listed,0 products
2017-09-13,S3A,listed,0 products
2017-09-13,S3B,listed,0 products
2017-09-14,S3A,listed,0 products
2017-09-14,S3B,listed,0 products
2017-09-15,S3A,listed,0 products
2017-09-15,S3B,listed,0 products
2017-09-16,S3A,listed,0 products
2017-09-16,S3B,listed,0 products
2017-09-17,S3A,listed,0 products
2017-09-17,S3B,listed,0 products
2017-09-18,S3A,listed,0 products
2017-09-18,S3B,listed,0 products
2017-09-19,S3A,listed,0 products
2017-09-19,S3B,listed,0 products
2017-09-20,S3A,listed,0 products
2017-09-20,S3B,listed,0 products
2017-09-21,S3A,listed,0 products
2017-09-21,S3B,listed,0 products
2017-09-22,S3A,listed,0 products
2017-09-22,S3B,listed,0 products
2017-09-23,S3A,listed,0 products
2017-09-23,S3B,listed,0 products
2017-09-24,S3A,listed,0 products
2017-09-24,S3B,listed,0 products
2017-09-25,S3A,listed,0 products
2017-09-25,S3B,listed,0 products
2017-09-26,S3A,listed,0 products
2017-09-26,S3B,listed,0 products
2017-09-27,S3A,listed,0 products
2017-09-27,S3B,listed,0 products
2017-09-28,S3A,listed,0 products
2017-09-28,S3B,listed,0 products
2017-09-29,S3A,listed,0 products
2017-09-29,S3B,listed,0 products
2017-09-30,S3A,listed,0 products
2017-09-30,S3B,listed,0 products
2017-10-01,S3A,listed,0 products
2017-10-01,S3B,listed,0 products
2017-10-02,S3A,listed,0 products
2017-10-02,S3B,listed,0 products
2017-10-03,S3A,listed,0 products
2017-10-03,S3B,listed,0 products
2017-10-04,S3A,listed,0 products
2017-10-04,S3B,listed,0 products
2017-10-05,S3A,listed,0 products
2017-10-05,S3B,listed,0 products
2017-10-06,S3A,listed,0 products
2017-10-06,S3B,listed,0 products
2017-10-07,S3A,listed,0 products
2017-10-07,S3B,listed,0 products
2017-10-08,S3A,listed,0 products
2017-10-08,S3B,listed,0 products
2017-10-09,S3A,listed,0 products
2017-10-09,S3B,listed,0 products
2017-10-10,S3A,listed,0 products
2017-10-10,S3B,listed,0 products
2017-10-11,S3A,listed,0 products
2017-10-11,S3B,listed,0 products
2017-10-12,S3A,listed,0 products
2017-10-12,S3B,listed,0 products
2017-10-13,S3A,listed,0 products
2017-10-13,S3B,listed,0 products
2017-10-14,S3A,listed,0 products
2017-10-14,S3B,listed,0 products
2017-10-15,S3A,listed,0 products
2017-10-15,S3B,listed,0 products
2017-10-16,S3A,listed,0 products
2017-10-16,S3B,listed,0 products
2017-10-17,S3A,listed,0 products
2017-10-17,S3B,listed,0 products
2017-10-18,S3A,listed,0 products
2017-10-18,S3B,listed,0 products
2017-10-19,S3A,listed,0 products
2017-10-19,S3B,listed,0 products
2017-10-20,S3A,listed,0 products
2017-10-20,S3B,listed,0 products
2017-10-21,S3A,listed,0 products
2017-10-21,S3B,listed,0 products
2017-10-22,S3A,listed,0 products
2017-10-22,S3B,listed,0 products
2017-10-23,S3A,listed,0 products
2017-10-23,S3B,listed,0 products
2017-10-24,S3A,listed,0 products
2017-10-24,S3B,listed,0 products
2017-10-25,S3A,listed,0 products
2017-10-25,S3B,listed,0 products
2017-10-26,S3A,listed,0 products
2017-10-26,S3B,listed,0 products
2017-10-27,S3A,listed,0 products
2017-10-27,S3B,listed,0 products
2017-10-28,S3A,listed,0 products
2017-10-28,S3B,listed,0 products
2017-10-29,S3A,listed,0 products
2017-10-29,S3B,listed,0 products
2017-10-30,S3A,listed,0 products
2017-10-30,S3B,listed,0 products
2017-10-31,S3A,listed,0 products
2017-10-31,S3B,listed,0 products
2017-11-01,S3A,listed,0 products
2017-11-01,S3B,listed,0 products
2017-11-02,S3A,listed,0 products
2017-11-02,S3B,listed,0 products
2017-11-03,S3A,listed,0 products
2017-11-03,S3B,listed,0 products
2017-11-04,S3A,listed,0 products
2017-11-04,S3B,listed,0 products
2017-11-05,S3A,listed,0 products
2017-11-05,S3B,listed,0 products
2017-11-06,S3A,listed,0 products
2017-11-06,S3B,listed,0 products
2017-11-07,S3A,listed,0 products
2017-11-07,S3B,listed,0 products
2017-11-08,S3A,listed,0 products
2017-11-08,S3B,listed,0 products
2017-11-09,S3A,listed,0 products
2017-11-09,S3B,listed,0 products
2017-11-10,S3A,listed,0 products
2017-11-10,S3B,listed,0 products
2017-11-11,S3A,listed,0 products
2017-11-11,S3B,listed,0 products
2017-11-12,S3A,listed,0 products
2017-11-12,S3B,listed,0 products
2017-11-13,S3A,listed,0 products
2017-11-13,S3B,listed,0 products
2017-11-14,S3A,listed,0 products
2017-11-14,S3B,listed,0 products
2017-11-15,S3A,listed,0 products
2017-11-15,S3B,listed,0 products
2017-11-16,S3A,listed,0 products
2017-11-16,S3B,listed,0 products
2017-11-17,S3A,listed,0 products
2017-11-17,S3B,listed,0 products
2017-11-18,S3A,listed,0 products
2017-11-18,S3B,listed,0 products
2017-11-19,S3A,listed,0 products
2017-11-19,S3B,listed,0 products
2017-11-20,S3A,listed,0 products
2017-11-20,S3B,listed,0 products
2017-11-21,S3A,listed,0 products
2017-11-21,S3B,listed,0 products
2017-11-22,S3A,listed,0 products
2017-11-22,S3B,listed,0 products
2017-11-23,S3A,listed,0 products
2017-11-23,S3B,listed,0 products
2017-11-24,S3A,listed,0 products
2017-11-24,S3B,listed,0 products
2017-11-25,S3A,listed,0 products
2017-11-25,S3B,listed,0 products
2017-11-26,S3A,listed,0 products
2017-11-26,S3B,listed,0 products
2017-11-27,S3A,listed,0 products
2017-11-27,S3B,listed,0 products
2017-11-28,S3A,listed,0 products
2017-11-28,S3B,listed,0 products
2017-11-29,S3A,listed,0 products
2017-11-29,S3B,listed,0 products
2017-11-30,S3A,listed,0 products
2017-11-30,S3B,listed,0 products
2017-12-01,S3A,listed,0 products
2017-12-01,S3B,listed,0 products
2017-12-02,S3A,listed,0 products
2017-12-02,S3B,listed,0 products
2017-12-03,S3A,listed,0 products
2017-12-03,S3B,listed,0 products
2017-12-04,S3A,listed,0 products
2017-12-04,S3B,listed,0 products
2017-12-05,S3A,listed,0 products
2017-12-05,S3B,listed,0 products
2017-12-06,S3A,listed,0 products
2017-12-06,S3B,listed,0 products
2017-12-07,S3A,listed,0 products
2017-12-07,S3B,listed,0 products
2017-12-08,S3A,listed,0 products
2017-12-08,S3B,listed,0 products
2017-12-09,S3A,listed,0 products
2017-12-09,S3B,listed,0 products
2017-12-10,S3A,listed,0 products
2017-12-10,S3B,listed,0 products
2017-12-11,S3A,listed,0 products
2017-12-11,S3B,listed,0 products
2017-12-12,S3A,listed,0 products
2017-12-12,S3B,listed,0 products
2017-12-13,S3A,listed,0 products
2017-12-13,S3B,listed,0 products
2017-12-14,S3A,listed,0 products
2017-12-14,S3B,listed,0 products
2017-12-15,S3A,listed,0 products
2017-12-15,S3B,listed,0 products
2017-12-16,S3A,listed,0 products
2017-12-16,S3B,listed,0 products
2017-12-17,S3A,listed,0 products
2017-12-17,S3B,listed,0 products
2017-12-18,S3A,listed,0 products
2017-12-18,S3B,listed,0 products
2017-12-19,S3A,listed,0 products
2017-12-19,S3B,listed,0 products
2017-12-20,S3A,listed,0 products
2017-12-20,S3B,listed,0 products
2017-12-21,S3A,listed,0 products
2017-12-21,S3B,listed,0 products
2017-12-22,S3A,listed,0 products
2017-12-22,S3B,listed,0 products
2017-12-23,S3A,listed,0 products
2017-12-23,S3B,listed,0 products
2017-12-24,S3A,listed,0 products
2017-12-24,S3B,listed,0 products
2017-12-25,S3A,listed,0 products
2017-12-25,S3B,listed,0 products
2017-12-26,S3A,listed,0 products
2017-12-26,S3B,listed,0 products
2017-12-27,S3A,listed,0 products
2017-12-27,S3B,listed,0 products
2017-12-28,S3A,listed,0 products
2017-12-28,S3B,listed,0 products
2017-12-29,S3A,listed,0 products
2017-12-29,S3B,listed,0 products
2017-12-30,S3A,listed,0 products
2017-12-30,S3B,listed,0 products
2017-12-31,S3A,listed,0 products
2017-12-31,S3B,listed,0 products
2018-01-01,S3A,listed,0 products
2018-01-01,S3B,listed,0 products
2018-01-02,S3A,listed,1 products
2018-01-02,S3B,listed,0 products
2018-01-03,S3A,listed,1 products
2018-01-03,S3B,listed,0 products
2018-01-04,S3A,listed,1 products
2018-01-04,S3B,listed,0 products
2018-01-05,S3A,listed,0 products
2018-01-05,S3B,listed,0 products
2018-01-06,S3A,listed,1 products
2018-01-06,S3B,listed,0 products
2018-01-07,S3A,listed,1 products
2018-01-07,S3B,listed,0 products
2018-01-08,S3A,listed,1 products
2018-01-08,S3B,listed,0 products
2018-01-09,S3A,listed,0 products
2018-01-09,S3B,listed,0 products
2018-01-10,S3A,listed,1 products
2018-01-10,S3B,listed,0 products
2018-01-11,S3A,listed,1 products
2018-01-11,S3B,listed,0 products
2018-01-12,S3A,listed,0 products
2018-01-12,S3B,listed,0 products
2018-01-13,S3A,listed,0 products
2018-01-13,S3B,listed,0 products
2018-01-14,S3A,listed,1 products
2018-01-14,S3B,listed,0 products
2018-01-15,S3A,listed,1 products
2018-01-15,S3B,listed,0 products
2018-01-16,S3A,listed,0 products
2018-01-16,S3B,listed,0 products
2018-01-17,S3A,listed,1 products
2018-01-17,S3B,listed,0 products
2018-01-18,S3A,listed,1 products
2018-01-18,S3B,listed,0 products
2018-01-19,S3A,listed,1 products
2018-01-19,S3B,listed,0 products
2018-01-20,S3A,listed,0 products
2018-01-20,S3B,listed,0 products
2018-01-21,S3A,listed,1 products
2018-01-21,S3B,listed,0 products
2018-01-22,S3A,listed,1 products
2018-01-22,S3B,listed,0 products
2018-01-23,S3A,listed,1 products
2018-01-23,S3B,listed,0 products
2018-01-24,S3A,listed,0 products
2018-01-24,S3B,listed,0 products
2018-01-25,S3A,listed,1 products
2018-01-25,S3B,listed,0 products
2018-01-26,S3A,listed,1 products
2018-01-26,S3B,listed,0 products
2018-01-27,S3A,listed,1 products
2018-01-27,S3B,listed,0 products
2018-01-28,S3A,listed,0 products
2018-01-28,S3B,listed,0 products
2018-01-29,S3A,listed,1 products
2018-01-29,S3B,listed,0 products
2018-01-30,S3A,listed,1 products
2018-01-30,S3B,listed,0 products
2018-01-31,S3A,listed,2 products
2018-01-31,S3B,listed,0 products
2018-02-01,S3A,listed,0 products
2018-02-01,S3B,listed,0 products
2018-02-02,S3A,listed,1 products
2018-02-02,S3B,listed,0 products
2018-02-03,S3A,listed,1 products
2018-02-03,S3B,listed,0 products
2018-02-04,S3A,listed,1 products
2018-02-04,S3B,listed,0 products
2018-02-05,S3A,listed,0 products
2018-02-05,S3B,listed,0 products
2018-02-06,S3A,listed,1 products
2018-02-06,S3B,listed,0 products
2018-02-07,S3A,listed,1 products
2018-02-07,S3B,listed,0 products
2018-02-08,S3A,listed,0 products
2018-02-08,S3B,listed,0 products
2018-02-09,S3A,listed,0 products
2018-02-09,S3B,listed,0 products
2018-02-10,S3A,listed,1 products
2018-02-10,S3B,listed,0 products
2018-02-11,S3A,listed,1 products
2018-02-11,S3B,listed,0 products
2018-02-12,S3A,listed,0 products
2018-02-12,S3B,listed,0 products
2018-02-13,S3A,listed,1 products
2018-02-13,S3B,listed,0 products
2018-02-14,S3A,listed,1 products
2018-02-14,S3B,listed,0 products
2018-02-15,S3A,listed,1 products
2018-02-15,S3B,listed,0 products
2018-02-16,S3A,listed,0 products
2018-02-16,S3B,listed,0 products
2018-02-17,S3A,listed,1 products
2018-02-17,S3B,listed,0 products
2018-02-18,S3A,listed,1 products
2018-02-18,S3B,listed,0 products
2018-02-19,S3A,listed,1 products
2018-02-19,S3B,listed,0 products
2018-02-20,S3A,listed,0 products
2018-02-20,S3B,listed,0 products
2018-02-21,S3A,listed,1 products
2018-02-21,S3B,listed,0 products
2018-02-22,S3A,listed,1 products
2018-02-22,S3B,listed,0 products
2018-02-23,S3A,listed,1 products
2018-02-23,S3B,listed,0 products
2018-02-24,S3A,listed,0 products
2018-02-24,S3B,listed,0 products
2018-02-25,S3A,listed,1 products
2018-02-25,S3B,listed,0 products
2018-02-26,S3A,listed,1 products
2018-02-26,S3B,listed,0 products
2018-02-27,S3A,listed,1 products
2018-02-27,S3B,listed,0 products
2018-02-28,S3A,listed,0 products
2018-02-28,S3B,listed,0 products
2018-03-01,S3A,listed,1 products
2018-03-01,S3B,listed,0 products
2018-03-02,S3A,listed,1 products
2018-03-02,S3B,listed,0 products
2018-03-03,S3A,listed,1 products
2018-03-03,S3B,listed,0 products
2018-03-04,S3A,listed,0 products
2018-03-04,S3B,listed,0 products
2018-03-05,S3A,listed,1 products
2018-03-05,S3B,listed,0 products
2018-03-06,S3A,listed,1 products
2018-03-06,S3B,listed,0 products
2018-03-07,S3A,listed,0 products
2018-03-07,S3B,listed,0 products
2018-03-08,S3A,listed,0 products
2018-03-08,S3B,listed,0 products
2018-03-09,S3A,listed,1 products
2018-03-09,S3B,listed,0 products
2018-03-10,S3A,listed,1 products
2018-03-10,S3B,listed,0 products
2018-03-11,S3A,listed,0 products
2018-03-11,S3B,listed,0 products
2018-03-12,S3A,listed,1 products
2018-03-12,S3B,listed,0 products
2018-03-13,S3A,listed,1 products
2018-03-13,S3B,listed,0 products
2018-03-14,S3A,listed,1 products
2018-03-14,S3B,listed,0 products
2018-03-15,S3A,listed,0 products
2018-03-15,S3B,listed,0 products
2018-03-16,S3A,listed,1 products
2018-03-16,S3B,listed,0 products
2018-03-17,S3A,listed,1 products
2018-03-17,S3B,listed,0 products
2018-03-18,S3A,listed,1 products
2018-03-18,S3B,listed,0 products
2018-03-19,S3A,listed,0 products
2018-03-19,S3B,listed,0 products
2018-03-20,S3A,listed,1 products
2018-03-20,S3B,listed,0 products
2018-03-21,S3A,listed,1 products
2018-03-21,S3B,listed,0 products
2018-03-22,S3A,listed,1 products
2018-03-22,S3B,listed,0 products
2018-03-23,S3A,listed,0 products
2018-03-23,S3B,listed,0 products
2018-03-24,S3A,listed,1 products
2018-03-24,S3B,listed,0 products
2018-03-25,S3A,listed,1 products
2018-03-25,S3B,listed,0 products
2018-03-26,S3A,listed,1 products
2018-03-26,S3B,listed,0 products
2018-03-27,S3A,listed,0 products
2018-03-27,S3B,listed,0 products
2018-03-28,S3A,listed,1 products
2018-03-28,S3B,listed,0 products
2018-03-29,S3A,listed,1 products
2018-03-29,S3B,listed,0 products
2018-03-30,S3A,listed,1 products
2018-03-30,S3B,listed,0 products
2018-03-31,S3A,listed,0 products
2018-03-31,S3B,listed,0 products
2018-04-01,S3A,listed,1 products
2018-04-01,S3B,listed,0 products
2018-04-02,S3A,listed,1 products
2018-04-02,S3B,listed,0 products
2018-04-03,S3A,listed,0 products
2018-04-03,S3B,listed,0 products
2018-04-04,S3A,listed,0 products
2018-04-04,S3B,listed,0 products
2018-04-05,S3A,listed,1 products
2018-04-05,S3B,listed,0 products
2018-04-06,S3A,listed,1 products
2018-04-06,S3B,listed,0 products
2018-04-07,S3A,listed,0 products
2018-04-07,S3B,listed,0 products
2018-04-08,S3A,listed,1 products
2018-04-08,S3B,listed,0 products
2018-04-09,S3A,listed,1 products
2018-04-09,S3B,listed,0 products
2018-04-10,S3A,listed,1 products
2018-04-10,S3B,listed,0 products
2018-04-11,S3A,listed,0 products
2018-04-11,S3B,listed,0 products
2018-04-12,S3A,listed,1 products
2018-04-12,S3B,listed,0 products
2018-04-13,S3A,listed,1 products
2018-04-13,S3B,listed,0 products
2018-04-14,S3A,listed,1 products
2018-04-14,S3B,listed,0 products
2018-04-15,S3A,listed,0 products
2018-04-15,S3B,listed,0 products
2018-04-16,S3A,listed,1 products
2018-04-16,S3B,listed,0 products
2018-04-17,S3A,listed,1 products
2018-04-17,S3B,listed,0 products
2018-04-18,S3A,listed,1 products
2018-04-18,S3B,listed,0 products
2018-04-19,S3A,listed,0 products
2018-04-19,S3B,listed,0 products
2018-04-20,S3A,listed,1 products
2018-04-20,S3B,listed,0 products
2018-04-21,S3A,listed,1 products
2018-04-21,S3B,listed,0 products
2018-04-22,S3A,listed,1 products
2018-04-22,S3B,listed,0 products
2018-04-23,S3A,listed,0 products
2018-04-23,S3B,listed,0 products
2018-04-24,S3A,listed,1 products
2018-04-24,S3B,listed,0 products
2018-04-25,S3A,listed,1 products
2018-04-25,S3B,listed,0 products
2018-04-26,S3A,listed,1 products
2018-04-26,S3B,listed,0 products
2018-04-27,S3A,listed,0 products
2018-04-27,S3B,listed,0 products
2018-04-28,S3A,listed,1 products
2018-04-28,S3B,listed,0 products
2018-04-29,S3A,listed,1 products
2018-04-29,S3B,listed,0 products
2018-04-30,S3A,listed,0 products
2018-04-30,S3B,listed,0 products
2018-05-01,S3A,listed,0 products
2018-05-01,S3B,listed,0 products
2018-05-02,S3A,listed,1 products
2018-05-02,S3B,listed,0 products
2018-05-03,S3A,listed,1 products
2018-05-03,S3B,listed,0 products
2018-05-04,S3A,listed,0 products
2018-05-04,S3B,listed,0 products
2018-05-05,S3A,listed,1 products
2018-05-05,S3B,listed,0 products
2018-05-06,S3A,listed,1 products
2018-05-06,S3B,listed,0 products
2018-05-07,S3A,listed,1 products
2018-05-07,S3B,listed,0 products
2018-05-08,S3A,listed,0 products
2018-05-08,S3B,listed,0 products
2018-05-09,S3A,listed,1 products
2018-05-09,S3B,listed,0 products
2018-05-10,S3A,listed,1 products
2018-05-10,S3B,listed,0 products
2018-05-11,S3A,listed,1 products
2018-05-11,S3B,listed,0 products
2018-05-12,S3A,listed,0 products
2018-05-12,S3B,listed,0 products
2018-05-13,S3A,listed,1 products
2018-05-13,S3B,listed,0 products
2018-05-14,S3A,listed,1 products
2018-05-14,S3B,listed,0 products
2018-05-15,S3A,listed,1 products
2018-05-15,S3B,listed,0 products
2018-05-16,S3A,listed,0 products
2018-05-16,S3B,listed,0 products
2018-05-17,S3A,listed,1 products
2018-05-17,S3B,listed,0 products
2018-05-18,S3A,listed,1 products
2018-05-18,S3B,listed,0 products
2018-05-19,S3A,listed,1 products
2018-05-19,S3B,listed,0 products
2018-05-20,S3A,listed,0 products
2018-05-20,S3B,listed,0 products
2018-05-21,S3A,listed,1 products
2018-05-21,S3B,listed,0 products
2018-05-22,S3A,listed,1 products
2018-05-22,S3B,listed,0 products
2018-05-23,S3A,listed,1 products
2018-05-23,S3B,listed,0 products
2018-05-24,S3A,listed,0 products
2018-05-24,S3B,listed,0 products
2018-05-25,S3A,listed,1 products
2018-05-25,S3B,listed,0 products
2018-05-26,S3A,listed,1 products
2018-05-26,S3B,listed,0 products
2018-05-27,S3A,listed,0 products
2018-05-27,S3B,listed,0 products
2018-05-28,S3A,listed,0 products
2018-05-28,S3B,listed,0 products
2018-05-29,S3A,listed,1 products
2018-05-29,S3B,listed,0 products
2018-05-30,S3A,listed,1 products
2018-05-30,S3B,listed,0 products
2018-05-31,S3A,listed,0 products
2018-05-31,S3B,listed,0 products
2018-06-01,S3A,listed,1 products
2018-06-01,S3B,listed,0 products
2018-06-02,S3A,listed,1 products
2018-06-02,S3B,listed,0 products
2018-06-03,S3A,listed,1 products
2018-06-03,S3B,listed,0 products
2018-06-04,S3A,listed,0 products
2018-06-04,S3B,listed,0 products
2018-06-05,S3A,listed,1 products
2018-06-05,S3B,listed,0 products
2018-06-06,S3A,listed,1 products
2018-06-06,S3B,listed,0 products
2018-06-07,S3A,listed,1 products
2018-06-07,S3B,listed,0 products
2018-06-08,S3A,listed,0 products
2018-06-08,S3B,listed,0 products
2018-06-09,S3A,listed,1 products
2018-06-09,S3B,listed,0 products
2018-06-10,S3A,listed,1 products
2018-06-10,S3B,listed,0 products
2018-06-11,S3A,listed,1 products
2018-06-11,S3B,listed,0 products
2018-06-12,S3A,listed,0 products
2018-06-12,S3B,listed,0 products
2018-06-13,S3A,listed,1 products
2018-06-13,S3B,listed,0 products
2018-06-14,S3A,listed,1 products
2018-06-14,S3B,listed,0 products
2018-06-15,S3A,listed,1 products
2018-06-15,S3B,listed,0 products
2018-06-16,S3A,listed,0 products
2018-06-16,S3B,listed,0 products
2018-06-17,S3A,listed,1 products
2018-06-17,S3B,listed,0 products
2018-06-18,S3A,listed,1 products
2018-06-18,S3B,listed,0 products
2018-06-19,S3A,listed,1 products
2018-06-19,S3B,listed,0 products
2018-06-20,S3A,listed,0 products
2018-06-20,S3B,listed,0 products
2018-06-21,S3A,listed,1 products
2018-06-21,S3B,listed,0 products
2018-06-22,S3A,listed,0 products
2018-06-22,S3B,listed,0 products
2018-06-23,S3A,listed,0 products
2018-06-23,S3B,listed,0 products
2018-06-24,S3A,listed,0 products
2018-06-24,S3B,listed,0 products
2018-06-25,S3A,listed,1 products
2018-06-25,S3B,listed,0 products
2018-06-26,S3A,listed,1 products
2018-06-26,S3B,listed,0 products
2018-06-27,S3A,listed,0 products
2018-06-27,S3B,listed,0 products
2018-06-28,S3A,listed,1 products
2018-06-28,S3B,listed,0 products
2018-06-29,S3A,listed,1 products
2018-06-29,S3B,listed,0 products
2018-06-30,S3A,listed,1 products
2018-06-30,S3B,listed,0 products
2018-07-01,S3A,listed,0 products
2018-07-01,S3B,listed,0 products
2018-07-02,S3A,listed,1 products
2018-07-02,S3B,listed,0 products
2018-07-03,S3A,listed,1 products
2018-07-03,S3B,listed,0 products
2018-07-04,S3A,listed,1 products
2018-07-04,S3B,listed,0 products
2018-07-05,S3A,listed,0 products
2018-07-05,S3B,listed,0 products
2018-07-06,S3A,listed,1 products
2018-07-06,S3B,listed,0 products
2018-07-07,S3A,listed,1 products
2018-07-07,S3B,listed,0 products
2018-07-08,S3A,listed,1 products
2018-07-08,S3B,listed,0 products
2018-07-09,S3A,listed,0 products
2018-07-09,S3B,listed,0 products
2018-07-10,S3A,listed,1 products
2018-07-10,S3B,listed,0 products
2018-07-11,S3A,listed,1 products
2018-07-11,S3B,listed,0 products
2018-07-12,S3A,listed,1 products
2018-07-12,S3B,listed,0 products
2018-07-13,S3A,listed,0 products
2018-07-13,S3B,listed,0 products
2018-07-14,S3A,listed,0 products
2018-07-14,S3B,listed,0 products
2018-07-15,S3A,listed,1 products
2018-07-15,S3B,listed,0 products
2018-07-16,S3A,listed,1 products
2018-07-16,S3B,listed,0 products
2018-07-17,S3A,listed,0 products
2018-07-17,S3B,listed,0 products
2018-07-18,S3A,listed,1 products
2018-07-18,S3B,listed,0 products
2018-07-19,S3A,listed,1 products
2018-07-19,S3B,listed,0 products
2018-07-20,S3A,listed,0 products
2018-07-20,S3B,listed,0 products
2018-07-21,S3A,listed,0 products
2018-07-21,S3B,listed,0 products
2018-07-22,S3A,listed,1 products
2018-07-22,S3B,listed,0 products
2018-07-23,S3A,listed,1 products
2018-07-23,S3B,listed,0 products
2018-07-24,S3A,listed,0 products
2018-07-24,S3B,listed,0 products
2018-07-25,S3A,listed,1 products
2018-07-25,S3B,listed,0 products
2018-07-26,S3A,listed,1 products
2018-07-26,S3B,listed,0 products
2018-07-27,S3A,listed,1 products
2018-07-27,S3B,listed,0 products
2018-07-28,S3A,listed,0 products
2018-07-28,S3B,listed,0 products
2018-07-29,S3A,listed,1 products
2018-07-29,S3B,listed,0 products
2018-07-30,S3A,listed,1 products
2018-07-30,S3B,listed,0 products
2018-07-31,S3A,listed,1 products
2018-07-31,S3B,listed,0 products
2018-08-01,S3A,listed,0 products
2018-08-01,S3B,listed,0 products
2018-08-02,S3A,listed,1 products
2018-08-02,S3B,listed,0 products
2018-08-03,S3A,listed,1 products
2018-08-03,S3B,listed,0 products
2018-08-04,S3A,listed,1 products
2018-08-04,S3B,listed,0 products
2018-08-05,S3A,listed,0 products
2018-08-05,S3B,listed,0 products
2018-08-06,S3A,listed,1 products
2018-08-06,S3B,listed,0 products
2018-08-07,S3A,listed,1 products
2018-08-07,S3B,listed,0 products
2018-08-08,S3A,listed,1 products
2018-08-08,S3B,listed,0 products
2018-08-09,S3A,listed,0 products
2018-08-09,S3B,listed,0 products
2018-08-10,S3A,listed,1 products
2018-08-10,S3B,listed,0 products
2018-08-11,S3A,listed,1 products
2018-08-11,S3B,listed,0 products
2018-08-12,S3A,listed,1 products
2018-08-12,S3B,listed,0 products
2018-08-13,S3A,listed,0 products
2018-08-13,S3B,listed,0 products
2018-08-14,S3A,listed,1 products
2018-08-14,S3B,listed,0 products
2018-08-15,S3A,listed,1 products
2018-08-15,S3B,listed,0 products
2018-08-16,S3A,listed,0 products
2018-08-16,S3B,listed,0 products
2018-08-17,S3A,listed,0 products
2018-08-17,S3B,listed,0 products
2018-08-18,S3A,listed,1 products
2018-08-18,S3B,listed,0 products
2018-08-19,S3A,listed,1 products
2018-08-19,S3B,listed,0 products
2018-08-20,S3A,listed,0 products
2018-08-20,S3B,listed,0 products
2018-08-21,S3A,listed,1 products
2018-08-21,S3B,listed,0 products
2018-08-22,S3A,listed,1 products
2018-08-22,S3B,listed,0 products
2018-08-23,S3A,listed,1 products
2018-08-23,S3B,listed,0 products
2018-08-24,S3A,listed,0 products
2018-08-24,S3B,listed,0 products
2018-08-25,S3A,listed,1 products
2018-08-25,S3B,listed,0 products
2018-08-26,S3A,listed,1 products
2018-08-26,S3B,listed,0 products
2018-08-27,S3A,listed,1 products
2018-08-27,S3B,listed,0 products
2018-08-28,S3A,listed,0 products
2018-08-28,S3B,listed,0 products
2018-08-29,S3A,listed,1 products
2018-08-29,S3B,listed,0 products
2018-08-30,S3A,listed,1 products
2018-08-30,S3B,listed,0 products
2018-08-31,S3A,listed,1 products
2018-08-31,S3B,listed,0 products
2018-09-01,S3A,listed,0 products
2018-09-01,S3B,listed,0 products
2018-09-02,S3A,listed,1 products
2018-09-02,S3B,listed,0 products
2018-09-03,S3A,listed,1 products
2018-09-03,S3B,listed,0 products
2018-09-04,S3A,listed,1 products
2018-09-04,S3B,listed,0 products
2018-09-05,S3A,listed,0 products
2018-09-05,S3B,listed,0 products
2018-09-06,S3A,listed,1 products
2018-09-06,S3B,listed,0 products
2018-09-07,S3A,listed,1 products
2018-09-07,S3B,listed,0 products
2018-09-08,S3A,listed,1 products
2018-09-08,S3B,listed,0 products
2018-09-09,S3A,listed,0 products
2018-09-09,S3B,listed,0 products
2018-09-10,S3A,listed,1 products
2018-09-10,S3B,listed,0 products
2018-09-11,S3A,listed,1 products
2018-09-11,S3B,listed,0 products
2018-09-12,S3A,listed,0 products
2018-09-12,S3B,listed,0 products
2018-09-13,S3A,listed,0 products
2018-09-13,S3B,listed,0 products
2018-09-14,S3A,listed,1 products
2018-09-14,S3B,listed,0 products
2018-09-15,S3A,listed,1 products
2018-09-15,S3B,listed,0 products
2018-09-16,S3A,listed,0 products
2018-09-16,S3B,listed,0 products
2018-09-17,S3A,listed,1 products
2018-09-17,S3B,listed,0 products
2018-09-18,S3A,listed,1 products
2018-09-18,S3B,listed,0 products
2018-09-19,S3A,listed,1 products
2018-09-19,S3B,listed,0 products
2018-09-20,S3A,listed,0 products
2018-09-20,S3B,listed,0 products
2018-09-21,S3A,listed,1 products
2018-09-21,S3B,listed,0 products
2018-09-22,S3A,listed,1 products
2018-09-22,S3B,listed,0 products
2018-09-23,S3A,listed,1 products
2018-09-23,S3B,listed,0 products
2018-09-24,S3A,listed,0 products
2018-09-24,S3B,listed,0 products
2018-09-25,S3A,listed,1 products
2018-09-25,S3B,listed,0 products
2018-09-26,S3A,listed,1 products
2018-09-26,S3B,listed,0 products
2018-09-27,S3A,listed,1 products
2018-09-27,S3B,listed,0 products
2018-09-28,S3A,listed,0 products
2018-09-28,S3B,listed,0 products
2018-09-29,S3A,listed,1 products
2018-09-29,S3B,listed,0 products
2018-09-30,S3A,listed,1 products
2018-09-30,S3B,listed,0 products
2018-10-01,S3A,listed,1 products
2018-10-01,S3B,listed,0 products
2018-10-02,S3A,listed,0 products
2018-10-02,S3B,listed,0 products
2018-10-03,S3A,listed,1 products
2018-10-03,S3B,listed,0 products
2018-10-04,S3A,listed,1 products
2018-10-04,S3B,listed,0 products
2018-10-05,S3A,listed,1 products
2018-10-05,S3B,listed,0 products
2018-10-06,S3A,listed,0 products
2018-10-06,S3B,listed,0 products
2018-10-07,S3A,listed,1 products
2018-10-07,S3B,listed,0 products
2018-10-08,S3A,listed,1 products
2018-10-08,S3B,listed,0 products
2018-10-09,S3A,listed,0 products
2018-10-09,S3B,listed,0 products
2018-10-10,S3A,listed,0 products
2018-10-10,S3B,listed,0 products
2018-10-11,S3A,listed,1 products
2018-10-11,S3B,listed,0 products
2018-10-12,S3A,listed,1 products
2018-10-12,S3B,listed,0 products
2018-10-13,S3A,listed,0 products
2018-10-13,S3B,listed,0 products
2018-10-14,S3A,listed,1 products
2018-10-14,S3B,listed,0 products
2018-10-15,S3A,listed,1 products
2018-10-15,S3B,listed,0 products
2018-10-16,S3A,listed,1 products
2018-10-16,S3B,listed,0 products
2018-10-17,S3A,listed,0 products
2018-10-17,S3B,listed,0 products
2018-10-18,S3A,listed,1 products
2018-10-18,S3B,listed,0 products
2018-10-19,S3A,listed,1 products
2018-10-19,S3B,listed,0 products
2018-10-20,S3A,listed,1 products
2018-10-20,S3B,listed,0 products
2018-10-21,S3A,listed,0 products
2018-10-21,S3B,listed,0 products
2018-10-22,S3A,listed,1 products
2018-10-22,S3B,listed,0 products
2018-10-23,S3A,listed,1 products
2018-10-23,S3B,listed,0 products
2018-10-24,S3A,listed,1 products
2018-10-24,S3B,listed,0 products
2018-10-25,S3A,listed,0 products
2018-10-25,S3B,listed,0 products
2018-10-26,S3A,listed,1 products
2018-10-26,S3B,listed,0 products
2018-10-27,S3A,listed,1 products
2018-10-27,S3B,listed,0 products
2018-10-28,S3A,listed,1 products
2018-10-28,S3B,listed,0 products
2018-10-29,S3A,listed,0 products
2018-10-29,S3B,listed,0 products
2018-10-30,S3A,listed,1 products
2018-10-30,S3B,listed,0 products
2018-10-31,S3A,listed,1 products
2018-10-31,S3B,listed,0 products
2018-11-01,S3A,listed,1 products
2018-11-01,S3B,listed,0 products
2018-11-02,S3A,listed,0 products
2018-11-02,S3B,listed,0 products
2018-11-03,S3A,listed,1 products
2018-11-03,S3B,listed,0 products
2018-11-04,S3A,listed,1 products
2018-11-04,S3B,listed,0 products
2018-11-05,S3A,listed,0 products
2018-11-05,S3B,listed,0 products
2018-11-06,S3A,listed,0 products
2018-11-06,S3B,listed,0 products
2018-11-07,S3A,listed,1 products
2018-11-07,S3B,listed,0 products
2018-11-08,S3A,listed,1 products
2018-11-08,S3B,listed,0 products
2018-11-09,S3A,listed,0 products
2018-11-09,S3B,listed,0 products
2018-11-10,S3A,listed,1 products
2018-11-10,S3B,listed,0 products
2018-11-11,S3A,listed,1 products
2018-11-11,S3B,listed,0 products
2018-11-12,S3A,listed,1 products
2018-11-12,S3B,listed,0 products
2018-11-13,S3A,listed,0 products
2018-11-13,S3B,listed,0 products
2018-11-14,S3A,listed,1 products
2018-11-14,S3B,listed,0 products
2018-11-15,S3A,listed,1 products
2018-11-15,S3B,listed,0 products
2018-11-16,S3A,listed,1 products
2018-11-16,S3B,listed,0 products
2018-11-17,S3A,listed,0 products
2018-11-17,S3B,listed,0 products
2018-11-18,S3A,listed,1 products
2018-11-18,S3B,listed,0 products
2018-11-19,S3A,listed,1 products
2018-11-19,S3B,listed,0 products
2018-11-20,S3A,listed,1 products
2018-11-20,S3B,listed,0 products
2018-11-21,S3A,listed,0 products
2018-11-21,S3B,listed,0 products
2018-11-22,S3A,listed,1 products
2018-11-22,S3B,listed,0 products
2018-11-23,S3A,listed,1 products
2018-11-23,S3B,listed,0 products
2018-11-24,S3A,listed,1 products
2018-11-24,S3B,listed,0 products
2018-11-25,S3A,listed,0 products
2018-11-25,S3B,listed,0 products
2018-11-26,S3A,listed,1 products
2018-11-26,S3B,listed,0 products
2018-11-27,S3A,listed,1 products
2018-11-27,S3B,listed,0 products
2018-11-28,S3A,listed,1 products
2018-11-28,S3B,listed,0 products
2018-11-29,S3A,listed,0 products
2018-11-29,S3B,listed,0 products
2018-11-30,S3A,listed,1 products
2018-11-30,S3B,listed,0 products
2018-12-01,S3A,listed,1 products
2018-12-01,S3B,listed,0 products
2018-12-02,S3A,listed,0 products
2018-12-02,S3B,listed,0 products
2018-12-03,S3A,listed,0 products
2018-12-03,S3B,listed,0 products
2018-12-04,S3A,listed,1 products
2018-12-04,S3B,listed,0 products
2018-12-05,S3A,listed,1 products
2018-12-05,S3B,listed,0 products
2018-12-06,S3A,listed,0 products
2018-12-06,S3B,listed,0 products
2018-12-07,S3A,listed,1 products
2018-12-07,S3B,listed,0 products
2018-12-08,S3A,listed,1 products
2018-12-08,S3B,listed,0 products
2018-12-09,S3A,listed,1 products
2018-12-09,S3B,listed,0 products
2018-12-10,S3A,listed,0 products
2018-12-10,S3B,listed,0 products
2018-12-11,S3A,listed,1 products
2018-12-11,S3B,listed,0 products
2018-12-12,S3A,listed,1 products
2018-12-12,S3B,listed,0 products
2018-12-13,S3A,listed,1 products
2018-12-13,S3B,listed,0 products
2018-12-14,S3A,listed,0 products
2018-12-14,S3B,listed,0 products
2018-12-15,S3A,listed,1 products
2018-12-15,S3B,listed,0 products
2018-12-16,S3A,listed,1 products
2018-12-16,S3B,listed,0 products
2018-12-17,S3A,listed,1 products
2018-12-17,S3B,listed,0 products
2018-12-18,S3A,listed,0 products
2018-12-18,S3B,listed,0 products
2018-12-19,S3A,listed,1 products
2018-12-19,S3B,listed,0 products
2018-12-20,S3A,listed,1 products
2018-12-20,S3B,listed,0 products
2018-12-21,S3A,listed,1 products
2018-12-21,S3B,listed,0 products
2018-12-22,S3A,listed,0 products
2018-12-22,S3B,listed,0 products
2018-12-23,S3A,listed,1 products
2018-12-23,S3B,listed,0 products
2018-12-24,S3A,listed,1 products
2018-12-24,S3B,listed,0 products
2018-12-25,S3A,listed,1 products
2018-12-25,S3B,listed,0 products
2018-12-26,S3A,listed,0 products
2018-12-26,S3B,listed,0 products
2018-12-27,S3A,listed,1 products
2018-12-27,S3B,listed,0 products
2018-12-28,S3A,listed,1 products
2018-12-28,S3B,listed,0 products
2018-12-29,S3A,listed,0 products
2018-12-29,S3B,listed,0 products
2018-12-30,S3A,listed,0 products
2018-12-30,S3B,listed,0 products
2018-12-31,S3A,listed,1 products
2018-12-31,S3B,listed,0 products
2019-01-01,S3A,listed,1 products
2019-01-01,S3B,listed,0 products
2019-01-02,S3A,listed,0 products
2019-01-02,S3B,listed,0 products
2019-01-03,S3A,listed,1 products
2019-01-03,S3B,listed,0 products
2019-01-04,S3A,listed,1 products
2019-01-04,S3B,listed,0 products
2019-01-05,S3A,listed,1 products
2019-01-05,S3B,listed,0 products
2019-01-06,S3A,listed,0 products
2019-01-06,S3B,listed,0 products
2019-01-07,S3A,listed,1 products
2019-01-07,S3B,listed,0 products
2019-01-08,S3A,listed,1 products
2019-01-08,S3B,listed,0 products
2019-01-09,S3A,listed,1 products
2019-01-09,S3B,listed,0 products
2019-01-10,S3A,listed,0 products
2019-01-10,S3B,listed,0 products
2019-01-11,S3A,listed,1 products
2019-01-11,S3B,listed,0 products
2019-01-12,S3A,listed,1 products
2019-01-12,S3B,listed,0 products
2019-01-13,S3A,listed,1 products
2019-01-13,S3B,listed,0 products
2019-01-14,S3A,listed,0 products
2019-01-14,S3B,listed,0 products
2019-01-15,S3A,listed,1 products
2019-01-15,S3B,listed,0 products
2019-01-16,S3A,listed,1 products
2019-01-16,S3B,listed,0 products
2019-01-17,S3A,listed,1 products
2019-01-17,S3B,listed,0 products
2019-01-18,S3A,listed,0 products
2019-01-18,S3B,listed,0 products
2019-01-19,S3A,listed,1 products
2019-01-19,S3B,listed,0 products
2019-01-20,S3A,listed,1 products
2019-01-20,S3B,listed,0 products
2019-01-21,S3A,listed,1 products
2019-01-21,S3B,listed,0 products
2019-01-22,S3A,listed,0 products
2019-01-22,S3B,listed,0 products
2019-01-23,S3A,listed,1 products
2019-01-23,S3B,listed,0 products
2019-01-24,S3A,listed,1 products
2019-01-24,S3B,listed,0 products
2019-01-25,S3A,listed,0 products
2019-01-25,S3B,listed,0 products
2019-01-26,S3A,listed,0 products
2019-01-26,S3B,listed,0 products
2019-01-27,S3A,listed,1 products
2019-01-27,S3B,listed,0 products
2019-01-28,S3A,listed,1 products
2019-01-28,S3B,listed,0 products
2019-01-29,S3A,listed,0 products
2019-01-29,S3B,listed,0 products
2019-01-30,S3A,listed,1 products
2019-01-30,S3B,listed,0 products
2019-01-31,S3A,listed,1 products
2019-01-31,S3B,listed,0 products
2019-02-01,S3A,listed,1 products
2019-02-01,S3B,listed,0 products
2019-02-02,S3A,listed,0 products
2019-02-02,S3B,listed,0 products
2019-02-03,S3A,listed,1 products
2019-02-03,S3B,listed,0 products
2019-02-04,S3A,listed,1 products
2019-02-04,S3B,listed,0 products
2019-02-05,S3A,listed,1 products
2019-02-05,S3B,listed,0 products
2019-02-06,S3A,listed,0 products
2019-02-06,S3B,listed,0 products
2019-02-07,S3A,listed,1 products
2019-02-07,S3B,listed,0 products
2019-02-08,S3A,listed,1 products
2019-02-08,S3B,listed,0 products
2019-02-09,S3A,listed,1 products
2019-02-09,S3B,listed,0 products
2019-02-10,S3A,listed,0 products
2019-02-10,S3B,listed,0 products
2019-02-11,S3A,listed,1 products
2019-02-11,S3B,listed,0 products
2019-02-12,S3A,listed,1 products
2019-02-12,S3B,listed,0 products
2019-02-13,S3A,listed,1 products
2019-02-13,S3B,listed,0 products
2019-02-14,S3A,listed,0 products
2019-02-14,S3B,listed,0 products
2019-02-15,S3A,listed,1 products
2019-02-15,S3B,listed,0 products
2019-02-16,S3A,listed,1 products
2019-02-16,S3B,listed,0 products
2019-02-17,S3A,listed,1 products
2019-02-17,S3B,listed,0 products
2019-02-18,S3A,listed,0 products
2019-02-18,S3B,listed,0 products
2019-02-19,S3A,listed,1 products
2019-02-19,S3B,listed,0 products
2019-02-20,S3A,listed,1 products
2019-02-20,S3B,listed,0 products
2019-02-21,S3A,listed,0 products
2019-02-21,S3B,listed,0 products
2019-02-22,S3A,listed,0 products
2019-02-22,S3B,listed,0 products
2019-02-23,S3A,listed,1 products
2019-02-23,S3B,listed,0 products
2019-02-24,S3A,listed,1 products
2019-02-24,S3B,listed,0 products
2019-02-25,S3A,listed,0 products
2019-02-25,S3B,listed,0 products
2019-02-26,S3A,listed,1 products
2019-02-26,S3B,listed,0 products
2019-02-27,S3A,listed,1 products
2019-02-27,S3B,listed,0 products
2019-02-28,S3A,listed,1 products
2019-02-28,S3B,listed,0 products
2019-03-01,S3A,listed,0 products
2019-03-01,S3B,listed,0 products
2019-03-02,S3A,listed,1 products
2019-03-02,S3B,listed,0 products
2019-03-03,S3A,listed,1 products
2019-03-03,S3B,listed,0 products
2019-03-04,S3A,listed,1 products
2019-03-04,S3B,listed,0 products
2019-03-05,S3A,listed,0 products
2019-03-05,S3B,listed,0 products
2019-03-06,S3A,listed,1 products
2019-03-06,S3B,listed,0 products
2019-03-07,S3A,listed,1 products
2019-03-07,S3B,listed,0 products
2019-03-08,S3A,listed,1 products
2019-03-08,S3B,listed,0 products
2019-03-09,S3A,listed,0 products
2019-03-09,S3B,listed,0 products
2019-03-10,S3A,listed,1 products
2019-03-10,S3B,listed,0 products
2019-03-11,S3A,listed,1 products
2019-03-11,S3B,listed,0 products
2019-03-12,S3A,listed,1 products
2019-03-12,S3B,listed,0 products
2019-03-13,S3A,listed,0 products
2019-03-13,S3B,listed,0 products
2019-03-14,S3A,listed,1 products
2019-03-14,S3B,listed,0 products
2019-03-15,S3A,listed,1 products
2019-03-15,S3B,listed,0 products
2019-03-16,S3A,listed,1 products
2019-03-16,S3B,listed,0 products
2019-03-17,S3A,listed,0 products
2019-03-17,S3B,listed,0 products
2019-03-18,S3A,listed,1 products
2019-03-18,S3B,listed,0 products
2019-03-19,S3A,listed,1 products
2019-03-19,S3B,listed,0 products
2019-03-20,S3A,listed,0 products
2019-03-20,S3B,listed,1 products
2019-03-21,S3A,listed,0 products
2019-03-21,S3B,listed,1 products
2019-03-22,S3A,listed,1 products
2019-03-22,S3B,listed,1 products
2019-03-23,S3A,listed,1 products
2019-03-23,S3B,listed,0 products
2019-03-24,S3A,listed,0 products
2019-03-24,S3B,listed,1 products
2019-03-25,S3A,listed,1 products
2019-03-25,S3B,listed,1 products
2019-03-26,S3A,listed,1 products
2019-03-26,S3B,listed,1 products
2019-03-27,S3A,listed,1 products
2019-03-27,S3B,listed,0 products
2019-03-28,S3A,listed,0 products
2019-03-28,S3B,listed,1 products
2019-03-29,S3A,listed,1 products
2019-03-29,S3B,listed,1 products
2019-03-30,S3A,listed,1 products
2019-03-30,S3B,listed,0 products
2019-03-31,S3A,listed,0 products
2019-03-31,S3B,listed,0 products
2019-04-01,S3A,listed,0 products
2019-04-01,S3B,listed,1 products
2019-04-02,S3A,listed,1 products
2019-04-02,S3B,listed,1 products
2019-04-03,S3A,listed,1 products
2019-04-03,S3B,listed,0 products
2019-04-04,S3A,listed,1 products
2019-04-04,S3B,listed,1 products
2019-04-05,S3A,listed,0 products
2019-04-05,S3B,listed,1 products
2019-04-06,S3A,listed,0 products
2019-04-06,S3B,listed,0 products
2019-04-07,S3A,listed,0 products
2019-04-07,S3B,listed,0 products
2019-04-08,S3A,listed,0 products
2019-04-08,S3B,listed,0 products
2019-04-09,S3A,listed,0 products
2019-04-09,S3B,listed,1 products
2019-04-10,S3A,listed,1 products
2019-04-10,S3B,listed,1 products
2019-04-11,S3A,listed,1 products
2019-04-11,S3B,listed,0 products
2019-04-12,S3A,listed,1 products
2019-04-12,S3B,listed,1 products
2019-04-13,S3A,listed,0 products
2019-04-13,S3B,listed,1 products
2019-04-14,S3A,listed,1 products
2019-04-14,S3B,listed,1 products
2019-04-15,S3A,listed,1 products
2019-04-15,S3B,listed,0 products
2019-04-16,S3A,listed,0 products
2019-04-16,S3B,listed,1 products
2019-04-17,S3A,listed,0 products
2019-04-17,S3B,listed,1 products
2019-04-18,S3A,listed,1 products
2019-04-18,S3B,listed,1 products
2019-04-19,S3A,listed,1 products
2019-04-19,S3B,listed,0 products
2019-04-20,S3A,listed,0 products
2019-04-20,S3B,listed,1 products
2019-04-21,S3A,listed,1 products
2019-04-21,S3B,listed,1 products
2019-04-22,S3A,listed,1 products
2019-04-22,S3B,listed,1 products
2019-04-23,S3A,listed,1 products
2019-04-23,S3B,listed,0 products
2019-04-24,S3A,listed,0 products
2019-04-24,S3B,listed,1 products
2019-04-25,S3A,listed,1 products
2019-04-25,S3B,listed,1 products
2019-04-26,S3A,listed,1 products
2019-04-26,S3B,listed,0 products
2019-04-27,S3A,listed,1 products
2019-04-27,S3B,listed,0 products
2019-04-28,S3A,listed,0 products
2019-04-28,S3B,listed,1 products
2019-04-29,S3A,listed,1 products
2019-04-29,S3B,listed,1 products
2019-04-30,S3A,listed,1 products
2019-04-30,S3B,listed,0 products
2019-05-01,S3A,listed,1 products
2019-05-01,S3B,listed,1 products
2019-05-02,S3A,listed,0 products
2019-05-02,S3B,listed,1 products
2019-05-03,S3A,listed,1 products
2019-05-03,S3B,listed,1 products
2019-05-04,S3A,listed,1 products
2019-05-04,S3B,listed,0 products
2019-05-05,S3A,listed,1 products
2019-05-05,S3B,listed,1 products
2019-05-06,S3A,listed,0 products
2019-05-06,S3B,listed,1 products
2019-05-07,S3A,listed,1 products
2019-05-07,S3B,listed,1 products
2019-05-08,S3A,listed,1 products
2019-05-08,S3B,listed,0 products
2019-05-09,S3A,listed,1 products
2019-05-09,S3B,listed,1 products
2019-05-10,S3A,listed,0 products
2019-05-10,S3B,listed,1 products
2019-05-11,S3A,listed,1 products
2019-05-11,S3B,listed,1 products
2019-05-12,S3A,listed,1 products
2019-05-12,S3B,listed,0 products
2019-05-13,S3A,listed,0 products
2019-05-13,S3B,listed,1 products
2019-05-14,S3A,listed,0 products
2019-05-14,S3B,listed,1 products
2019-05-15,S3A,listed,1 products
2019-05-15,S3B,listed,1 products
2019-05-16,S3A,listed,1 products
2019-05-16,S3B,listed,0 products
2019-05-17,S3A,listed,0 products
2019-05-17,S3B,listed,1 products
2019-05-18,S3A,listed,1 products
2019-05-18,S3B,listed,1 products
2019-05-19,S3A,listed,1 products
2019-05-19,S3B,listed,1 products
2019-05-20,S3A,listed,1 products
2019-05-20,S3B,listed,0 products
2019-05-21,S3A,listed,0 products
2019-05-21,S3B,listed,1 products
2019-05-22,S3A,listed,1 products
2019-05-22,S3B,listed,1 products
2019-05-23,S3A,listed,1 products
2019-05-23,S3B,listed,0 products
2019-05-24,S3A,listed,1 products
2019-05-24,S3B,listed,0 products
2019-05-25,S3A,listed,0 products
2019-05-25,S3B,listed,1 products
2019-05-26,S3A,listed,1 products
2019-05-26,S3B,listed,1 products
2019-05-27,S3A,listed,1 products
2019-05-27,S3B,listed,0 products
2019-05-28,S3A,listed,1 products
2019-05-28,S3B,listed,1 products
2019-05-29,S3A,listed,0 products
2019-05-29,S3B,listed,1 products
2019-05-30,S3A,listed,2 products
2019-05-30,S3B,listed,0 products
2019-05-31,S3A,listed,2 products
2019-05-31,S3B,listed,0 products
2019-06-01,S3A,listed,1 products
2019-06-01,S3B,listed,2 products
2019-06-02,S3A,listed,0 products
2019-06-02,S3B,listed,2 products
2019-06-03,S3A,listed,1 products
2019-06-03,S3B,listed,1 products
2019-06-04,S3A,listed,1 products
2019-06-04,S3B,listed,0 products
2019-06-05,S3A,listed,1 products
2019-06-05,S3B,listed,1 products
2019-06-06,S3A,listed,0 products
2019-06-06,S3B,listed,1 products
2019-06-07,S3A,listed,1 products
2019-06-07,S3B,listed,1 products
2019-06-08,S3A,listed,1 products
2019-06-08,S3B,listed,0 products
2019-06-09,S3A,listed,0 products
2019-06-09,S3B,listed,1 products
2019-06-10,S3A,listed,0 products
2019-06-10,S3B,listed,1 products
2019-06-11,S3A,listed,1 products
2019-06-11,S3B,listed,1 products
2019-06-12,S3A,listed,1 products
2019-06-12,S3B,listed,0 products
2019-06-13,S3A,listed,0 products
2019-06-13,S3B,listed,1 products
2019-06-14,S3A,listed,1 products
2019-06-14,S3B,listed,1 products
2019-06-15,S3A,listed,1 products
2019-06-15,S3B,listed,1 products
2019-06-16,S3A,listed,2 products
2019-06-16,S3B,listed,0 products
2019-06-17,S3A,listed,0 products
2019-06-17,S3B,listed,1 products
2019-06-18,S3A,listed,1 products
2019-06-18,S3B,listed,1 products
2019-06-19,S3A,listed,1 products
2019-06-19,S3B,listed,0 products
2019-06-20,S3A,listed,1 products
2019-06-20,S3B,listed,0 products
2019-06-21,S3A,listed,0 products
2019-06-21,S3B,listed,1 products
2019-06-22,S3A,listed,1 products
2019-06-22,S3B,listed,1 products
2019-06-23,S3A,listed,1 products
2019-06-23,S3B,listed,0 products
2019-06-24,S3A,listed,1 products
2019-06-24,S3B,listed,1 products
2019-06-25,S3A,listed,0 products
2019-06-25,S3B,listed,1 products
2019-06-26,S3A,listed,1 products
2019-06-26,S3B,listed,1 products
2019-06-27,S3A,listed,1 products
2019-06-27,S3B,listed,0 products
2019-06-28,S3A,listed,1 products
2019-06-28,S3B,listed,1 products
2019-06-29,S3A,listed,0 products
2019-06-29,S3B,listed,1 products
2019-06-30,S3A,listed,1 products
2019-06-30,S3B,listed,1 products
2019-07-01,S3A,listed,1 products
2019-07-01,S3B,listed,0 products
2019-07-02,S3A,listed,1 products
2019-07-02,S3B,listed,1 products
2019-07-03,S3A,listed,0 products
2019-07-03,S3B,listed,1 products
2019-07-04,S3A,listed,1 products
2019-07-04,S3B,listed,1 products
2019-07-05,S3A,listed,1 products
2019-07-05,S3B,listed,0 products
2019-07-06,S3A,listed,0 products
2019-07-06,S3B,listed,1 products
2019-07-07,S3A,listed,0 products
2019-07-07,S3B,listed,1 products
2019-07-08,S3A,listed,1 products
2019-07-08,S3B,listed,1 products
2019-07-09,S3A,listed,1 products
2019-07-09,S3B,listed,0 products
2019-07-10,S3A,listed,0 products
2019-07-10,S3B,listed,1 products
2019-07-11,S3A,listed,1 products
2019-07-11,S3B,listed,1 products
2019-07-12,S3A,listed,1 products
2019-07-12,S3B,listed,1 products
2019-07-13,S3A,listed,1 products
2019-07-13,S3B,listed,0 products
2019-07-14,S3A,listed,0 products
2019-07-14,S3B,listed,1 products
2019-07-15,S3A,listed,1 products
2019-07-15,S3B,listed,1 products
2019-07-16,S3A,listed,1 products
2019-07-16,S3B,listed,0 products
2019-07-17,S3A,listed,1 products
2019-07-17,S3B,listed,0 products
2019-07-18,S3A,listed,0 products
2019-07-18,S3B,listed,1 products
2019-07-19,S3A,listed,1 products
2019-07-19,S3B,listed,1 products
2019-07-20,S3A,listed,1 products
2019-07-20,S3B,listed,0 products
2019-07-21,S3A,listed,1 products
2019-07-21,S3B,listed,1 products
2019-07-22,S3A,listed,0 products
2019-07-22,S3B,listed,1 products
2019-07-23,S3A,listed,1 products
2019-07-23,S3B,listed,1 products
2019-07-24,S3A,listed,1 products
2019-07-24,S3B,listed,0 products
2019-07-25,S3A,listed,1 products
2019-07-25,S3B,listed,1 products
2019-07-26,S3A,listed,0 products
2019-07-26,S3B,listed,1 products
2019-07-27,S3A,listed,1 products
2019-07-27,S3B,listed,1 products
2019-07-28,S3A,listed,1 products
2019-07-28,S3B,listed,0 products
2019-07-29,S3A,listed,1 products
2019-07-29,S3B,listed,1 products
2019-07-30,S3A,listed,0 products
2019-07-30,S3B,listed,1 products
2019-07-31,S3A,listed,1 products
2019-07-31,S3B,listed,1 products
2019-08-01,S3A,listed,1 products
2019-08-01,S3B,listed,0 products
2019-08-02,S3A,listed,0 products
2019-08-02,S3B,listed,1 products
2019-08-03,S3A,listed,0 products
2019-08-03,S3B,listed,1 products
2019-08-04,S3A,listed,1 products
2019-08-04,S3B,listed,1 products
2019-08-05,S3A,listed,1 products
2019-08-05,S3B,listed,0 products
2019-08-06,S3A,listed,0 products
2019-08-06,S3B,listed,1 products
2019-08-07,S3A,listed,1 products
2019-08-07,S3B,listed,1 products
2019-08-08,S3A,listed,1 products
2019-08-08,S3B,listed,1 products
2019-08-09,S3A,listed,1 products
2019-08-09,S3B,listed,0 products
2019-08-10,S3A,listed,0 products
2019-08-10,S3B,listed,1 products
2019-08-11,S3A,listed,1 products
2019-08-11,S3B,listed,1 products
2019-08-12,S3A,listed,1 products
2019-08-12,S3B,listed,0 products
2019-08-13,S3A,listed,1 products
2019-08-13,S3B,listed,0 products
2019-08-14,S3A,listed,0 products
2019-08-14,S3B,listed,1 products
2019-08-15,S3A,listed,1 products
2019-08-15,S3B,listed,1 products
2019-08-16,S3A,listed,1 products
2019-08-16,S3B,listed,0 products
2019-08-17,S3A,listed,1 products
2019-08-17,S3B,listed,1 products
2019-08-18,S3A,listed,0 products
2019-08-18,S3B,listed,1 products
2019-08-19,S3A,listed,1 products
2019-08-19,S3B,listed,1 products
2019-08-20,S3A,listed,0 products
2019-08-20,S3B,listed,0 products
2019-08-21,S3A,listed,1 products
2019-08-21,S3B,listed,1 products
2019-08-22,S3A,listed,0 products
2019-08-22,S3B,listed,1 products
2019-08-23,S3A,listed,1 products
2019-08-23,S3B,listed,1 products
2019-08-24,S3A,listed,1 products
2019-08-24,S3B,listed,0 products
2019-08-25,S3A,listed,1 products
2019-08-25,S3B,listed,0 products
2019-08-26,S3A,listed,0 products
2019-08-26,S3B,listed,1 products
2019-08-27,S3A,listed,1 products
2019-08-27,S3B,listed,1 products
2019-08-28,S3A,listed,1 products
2019-08-28,S3B,listed,0 products
2019-08-29,S3A,listed,0 products
2019-08-29,S3B,listed,1 products
2019-08-30,S3A,listed,0 products
2019-08-30,S3B,listed,1 products
2019-08-31,S3A,listed,0 products
2019-08-31,S3B,listed,1 products
2019-09-01,S3A,listed,1 products
2019-09-01,S3B,listed,0 products
2019-09-02,S3A,listed,0 products
2019-09-02,S3B,listed,1 products
2019-09-03,S3A,listed,1 products
2019-09-03,S3B,listed,1 products
2019-09-04,S3A,listed,1 products
2019-09-04,S3B,listed,1 products
2019-09-05,S3A,listed,0 products
2019-09-05,S3B,listed,0 products
2019-09-06,S3A,listed,0 products
2019-09-06,S3B,listed,1 products
2019-09-07,S3A,listed,1 products
2019-09-07,S3B,listed,0 products
2019-09-08,S3A,listed,1 products
2019-09-08,S3B,listed,0 products
2019-09-09,S3A,listed,1 products
2019-09-09,S3B,listed,0 products
2019-09-10,S3A,listed,0 products
2019-09-10,S3B,listed,0 products
2019-09-11,S3A,listed,1 products
2019-09-11,S3B,listed,1 products
2019-09-12,S3A,listed,1 products
2019-09-12,S3B,listed,0 products
2019-09-13,S3A,listed,1 products
2019-09-13,S3B,listed,1 products
2019-09-14,S3A,listed,0 products
2019-09-14,S3B,listed,1 products
2019-09-15,S3A,listed,0 products
2019-09-15,S3B,listed,1 products
2019-09-16,S3A,listed,1 products
2019-09-16,S3B,listed,0 products
2019-09-17,S3A,listed,1 products
2019-09-17,S3B,listed,1 products
2019-09-18,S3A,listed,0 products
2019-09-18,S3B,listed,1 products
2019-09-19,S3A,listed,1 products
2019-09-19,S3B,listed,1 products
2019-09-20,S3A,listed,1 products
2019-09-20,S3B,listed,0 products
2019-09-21,S3A,listed,0 products
2019-09-21,S3B,listed,1 products
2019-09-22,S3A,listed,0 products
2019-09-22,S3B,listed,1 products
2019-09-23,S3A,listed,1 products
2019-09-23,S3B,listed,1 products
2019-09-24,S3A,listed,0 products
2019-09-24,S3B,listed,0 products
2019-09-25,S3A,listed,0 products
2019-09-25,S3B,listed,1 products
2019-09-26,S3A,listed,0 products
2019-09-26,S3B,listed,1 products
2019-09-27,S3A,listed,0 products
2019-09-27,S3B,listed,1 products
2019-09-28,S3A,listed,1 products
2019-09-28,S3B,listed,0 products
2019-09-29,S3A,listed,0 products
2019-09-29,S3B,listed,1 products
2019-09-30,S3A,listed,0 products
2019-09-30,S3B,listed,1 products
2019-10-01,S3A,listed,1 products
2019-10-01,S3B,listed,1 products
2019-10-02,S3A,listed,1 products
2019-10-02,S3B,listed,0 products
2019-10-03,S3A,listed,0 products
2019-10-03,S3B,listed,1 products
2019-10-04,S3A,listed,1 products
2019-10-04,S3B,listed,1 products
2019-10-05,S3A,listed,1 products
2019-10-05,S3B,listed,0 products
2019-10-06,S3A,listed,0 products
2019-10-06,S3B,listed,0 products
2019-10-07,S3A,listed,0 products
2019-10-07,S3B,listed,1 products
2019-10-08,S3A,listed,1 products
2019-10-08,S3B,listed,1 products
2019-10-09,S3A,listed,1 products
2019-10-09,S3B,listed,0 products
2019-10-10,S3A,listed,1 products
2019-10-10,S3B,listed,1 products
2019-10-11,S3A,listed,0 products
2019-10-11,S3B,listed,1 products
2019-10-12,S3A,listed,1 products
2019-10-12,S3B,listed,0 products
2019-10-13,S3A,listed,1 products
2019-10-13,S3B,listed,0 products
2019-10-14,S3A,listed,1 products
2019-10-14,S3B,listed,1 products
2019-10-15,S3A,listed,0 products
2019-10-15,S3B,listed,1 products
2019-10-16,S3A,listed,1 products
2019-10-16,S3B,listed,1 products
2019-10-17,S3A,listed,1 products
2019-10-17,S3B,listed,0 products
2019-10-18,S3A,listed,1 products
2019-10-18,S3B,listed,1 products
2019-10-19,S3A,listed,0 products
2019-10-19,S3B,listed,1 products
2019-10-20,S3A,listed,1 products
2019-10-20,S3B,listed,1 products
2019-10-21,S3A,listed,1 products
2019-10-21,S3B,listed,0 products
2019-10-22,S3A,listed,0 products
2019-10-22,S3B,listed,1 products
2019-10-23,S3A,listed,0 products
2019-10-23,S3B,listed,1 products
2019-10-24,S3A,listed,1 products
2019-10-24,S3B,listed,1 products
2019-10-25,S3A,listed,1 products
2019-10-25,S3B,listed,0 products
2019-10-26,S3A,listed,0 products
2019-10-26,S3B,listed,1 products
2019-10-27,S3A,listed,1 products
2019-10-27,S3B,listed,1 products
2019-10-28,S3A,listed,1 products
2019-10-28,S3B,listed,1 products
2019-10-29,S3A,listed,1 products
2019-10-29,S3B,listed,0 products
2019-10-30,S3A,listed,0 products
2019-10-30,S3B,listed,1 products
2019-10-31,S3A,listed,1 products
2019-10-31,S3B,listed,1 products
2019-11-01,S3A,listed,1 products
2019-11-01,S3B,listed,0 products
2019-11-02,S3A,listed,1 products
2019-11-02,S3B,listed,0 products
2019-11-03,S3A,listed,0 products
2019-11-03,S3B,listed,1 products
2019-11-04,S3A,listed,1 products
2019-11-04,S3B,listed,1 products
2019-11-05,S3A,listed,1 products
2019-11-05,S3B,listed,0 products
2019-11-06,S3A,listed,1 products
2019-11-06,S3B,listed,1 products
2019-11-07,S3A,listed,0 products
2019-11-07,S3B,listed,1 products
2019-11-08,S3A,listed,1 products
2019-11-08,S3B,listed,1 products
2019-11-09,S3A,listed,1 products
2019-11-09,S3B,listed,0 products
2019-11-10,S3A,listed,1 products
2019-11-10,S3B,listed,1 products
2019-11-11,S3A,listed,0 products
2019-11-11,S3B,listed,1 products
2019-11-12,S3A,listed,1 products
2019-11-12,S3B,listed,1 products
2019-11-13,S3A,listed,1 products
2019-11-13,S3B,listed,0 products
2019-11-14,S3A,listed,1 products
2019-11-14,S3B,listed,1 products
2019-11-15,S3A,listed,0 products
2019-11-15,S3B,listed,1 products
2019-11-16,S3A,listed,1 products
2019-11-16,S3B,listed,1 products
2019-11-17,S3A,listed,1 products
2019-11-17,S3B,listed,0 products
2019-11-18,S3A,listed,0 products
2019-11-18,S3B,listed,1 products
2019-11-19,S3A,listed,0 products
2019-11-19,S3B,listed,1 products
2019-11-20,S3A,listed,0 products
2019-11-20,S3B,listed,1 products
2019-11-21,S3A,listed,1 products
2019-11-21,S3B,listed,0 products
2019-11-22,S3A,listed,0 products
2019-11-22,S3B,listed,1 products
2019-11-23,S3A,listed,2 products
2019-11-23,S3B,listed,1 products
2019-11-24,S3A,listed,1 products
2019-11-24,S3B,listed,1 products
2019-11-25,S3A,listed,0 products
2019-11-25,S3B,listed,0 products
2019-11-26,S3A,listed,0 products
2019-11-26,S3B,listed,1 products
2019-11-27,S3A,listed,1 products
2019-11-27,S3B,listed,1 products
2019-11-28,S3A,listed,1 products
2019-11-28,S3B,listed,0 products
2019-11-29,S3A,listed,1 products
2019-11-29,S3B,listed,0 products
2019-11-30,S3A,listed,0 products
2019-11-30,S3B,listed,0 products
2019-12-01,S3A,listed,1 products
2019-12-01,S3B,listed,1 products
2019-12-02,S3A,listed,0 products
2019-12-02,S3B,listed,0 products
2019-12-03,S3A,listed,1 products
2019-12-03,S3B,listed,1 products
2019-12-04,S3A,listed,0 products
2019-12-04,S3B,listed,1 products
2019-12-05,S3A,listed,1 products
2019-12-05,S3B,listed,1 products
2019-12-06,S3A,listed,1 products
2019-12-06,S3B,listed,0 products
2019-12-07,S3A,listed,1 products
2019-12-07,S3B,listed,0 products
2019-12-08,S3A,listed,0 products
2019-12-08,S3B,listed,1 products
2019-12-09,S3A,listed,1 products
2019-12-09,S3B,listed,1 products
2019-12-10,S3A,listed,1 products
2019-12-10,S3B,listed,0 products
2019-12-11,S3A,listed,1 products
2019-12-11,S3B,listed,1 products
2019-12-12,S3A,listed,0 products
2019-12-12,S3B,listed,1 products
2019-12-13,S3A,listed,1 products
2019-12-13,S3B,listed,0 products
2019-12-14,S3A,listed,1 products
2019-12-14,S3B,listed,0 products
2019-12-15,S3A,listed,0 products
2019-12-15,S3B,listed,1 products
2019-12-16,S3A,listed,0 products
2019-12-16,S3B,listed,1 products
2019-12-17,S3A,listed,1 products
2019-12-17,S3B,listed,1 products
2019-12-18,S3A,listed,1 products
2019-12-18,S3B,listed,0 products
2019-12-19,S3A,listed,0 products
2019-12-19,S3B,listed,0 products
2019-12-20,S3A,listed,1 products
2019-12-20,S3B,listed,1 products
2019-12-21,S3A,listed,1 products
2019-12-21,S3B,listed,1 products
2019-12-22,S3A,listed,1 products
2019-12-22,S3B,listed,0 products
2019-12-23,S3A,listed,0 products
2019-12-23,S3B,listed,1 products
2019-12-24,S3A,listed,0 products
2019-12-24,S3B,listed,1 products
2019-12-25,S3A,listed,1 products
2019-12-25,S3B,listed,0 products
2019-12-26,S3A,listed,1 products
2019-12-26,S3B,listed,0 products
2019-12-27,S3A,listed,0 products
2019-12-27,S3B,listed,1 products
2019-12-28,S3A,listed,1 products
2019-12-28,S3B,listed,1 products
2019-12-29,S3A,listed,1 products
2019-12-29,S3B,listed,0 products
2019-12-30,S3A,listed,1 products
2019-12-30,S3B,listed,0 products
2019-12-31,S3A,listed,0 products
2019-12-31,S3B,listed,1 products
2020-01-01,S3A,listed,1 products
2020-01-01,S3B,listed,1 products
2020-01-02,S3A,listed,1 products
2020-01-02,S3B,listed,0 products
2020-01-03,S3A,listed,1 products
2020-01-03,S3B,listed,1 products
2020-01-04,S3A,listed,0 products
2020-01-04,S3B,listed,1 products
2020-01-05,S3A,listed,0 products
2020-01-05,S3B,listed,0 products
2020-01-06,S3A,listed,1 products
2020-01-06,S3B,listed,0 products
2020-01-07,S3A,listed,1 products
2020-01-07,S3B,listed,1 products
2020-01-08,S3A,listed,0 products
2020-01-08,S3B,listed,1 products
2020-01-09,S3A,listed,1 products
2020-01-09,S3B,listed,1 products
2020-01-10,S3A,listed,1 products
2020-01-10,S3B,listed,0 products
2020-01-11,S3A,listed,0 products
2020-01-11,S3B,listed,0 products
2020-01-12,S3A,listed,0 products
2020-01-12,S3B,listed,1 products
2020-01-13,S3A,listed,1 products
2020-01-13,S3B,listed,1 products
2020-01-14,S3A,listed,1 products
2020-01-14,S3B,listed,0 products
2020-01-15,S3A,listed,0 products
2020-01-15,S3B,listed,1 products
2020-01-16,S3A,listed,1 products
2020-01-16,S3B,listed,1 products
2020-01-17,S3A,listed,1 products
2020-01-17,S3B,listed,0 products
2020-01-18,S3A,listed,1 products
2020-01-18,S3B,listed,0 products
2020-01-19,S3A,listed,0 products
2020-01-19,S3B,listed,1 products
2020-01-20,S3A,listed,1 products
2020-01-20,S3B,listed,1 products
2020-01-21,S3A,listed,1 products
2020-01-21,S3B,listed,0 products
2020-01-22,S3A,listed,1 products
2020-01-22,S3B,listed,0 products
2020-01-23,S3A,listed,0 products
2020-01-23,S3B,listed,1 products
2020-01-24,S3A,listed,1 products
2020-01-24,S3B,listed,1 products
2020-01-25,S3A,listed,1 products
2020-01-25,S3B,listed,0 products
2020-01-26,S3A,listed,1 products
2020-01-26,S3B,listed,1 products
2020-01-27,S3A,listed,0 products
2020-01-27,S3B,listed,1 products
2020-01-28,S3A,listed,1 products
2020-01-28,S3B,listed,1 products
2020-01-29,S3A,listed,1 products
2020-01-29,S3B,listed,0 products
2020-01-30,S3A,listed,1 products
2020-01-30,S3B,listed,1 products
2020-01-31,S3A,listed,0 products
2020-01-31,S3B,listed,1 products
2020-02-01,S3A,listed,1 products
2020-02-01,S3B,listed,1 products
2020-02-02,S3A,listed,1 products
2020-02-02,S3B,listed,0 products
2020-02-03,S3A,listed,1 products
2020-02-03,S3B,listed,1 products
2020-02-04,S3A,listed,0 products
2020-02-04,S3B,listed,1 products
2020-02-05,S3A,listed,1 products
2020-02-05,S3B,listed,1 products
2020-02-06,S3A,listed,1 products
2020-02-06,S3B,listed,0 products
2020-02-07,S3A,listed,0 products
2020-02-07,S3B,listed,1 products
2020-02-08,S3A,listed,0 products
2020-02-08,S3B,listed,1 products
2020-02-09,S3A,listed,1 products
2020-02-09,S3B,listed,1 products
2020-02-10,S3A,listed,1 products
2020-02-10,S3B,listed,0 products
2020-02-11,S3A,listed,0 products
2020-02-11,S3B,listed,1 products
2020-02-12,S3A,listed,1 products
2020-02-12,S3B,listed,1 products
2020-02-13,S3A,listed,1 products
2020-02-13,S3B,listed,1 products
2020-02-14,S3A,listed,1 products
2020-02-14,S3B,listed,0 products
2020-02-15,S3A,listed,0 products
2020-02-15,S3B,listed,1 products
2020-02-16,S3A,listed,1 products
2020-02-16,S3B,listed,1 products
2020-02-17,S3A,listed,1 products
2020-02-17,S3B,listed,0 products
2020-02-18,S3A,listed,1 products
2020-02-18,S3B,listed,0 products
2020-02-19,S3A,listed,0 products
2020-02-19,S3B,listed,1 products
2020-02-20,S3A,listed,1 products
2020-02-20,S3B,listed,1 products
2020-02-21,S3A,listed,1 products
2020-02-21,S3B,listed,0 products
2020-02-22,S3A,listed,1 products
2020-02-22,S3B,listed,1 products
2020-02-23,S3A,listed,0 products
2020-02-23,S3B,listed,1 products
2020-02-24,S3A,listed,1 products
2020-02-24,S3B,listed,1 products
2020-02-25,S3A,listed,1 products
2020-02-25,S3B,listed,0 products
2020-02-26,S3A,listed,1 products
2020-02-26,S3B,listed,1 products
2020-02-27,S3A,listed,0 products
2020-02-27,S3B,listed,1 products
2020-02-28,S3A,listed,1 products
2020-02-28,S3B,listed,1 products
2020-02-29,S3A,listed,1 products
2020-02-29,S3B,listed,0 products
2020-03-01,S3A,listed,1 products
2020-03-01,S3B,listed,1 products
2020-03-02,S3A,listed,0 products
2020-03-02,S3B,listed,1 products
2020-03-03,S3A,listed,1 products
2020-03-03,S3B,listed,1 products
2020-03-04,S3A,listed,1 products
2020-03-04,S3B,listed,0 products
2020-03-05,S3A,listed,0 products
2020-03-05,S3B,listed,1 products
2020-03-06,S3A,listed,0 products
2020-03-06,S3B,listed,1 products
2020-03-07,S3A,listed,1 products
2020-03-07,S3B,listed,1 products
2020-03-08,S3A,listed,1 products
2020-03-08,S3B,listed,0 products
2020-03-09,S3A,listed,0 products
2020-03-09,S3B,listed,1 products
2020-03-10,S3A,listed,1 products
2020-03-10,S3B,listed,1 products
2020-03-11,S3A,listed,1 products
2020-03-11,S3B,listed,1 products
2020-03-12,S3A,listed,1 products
2020-03-12,S3B,listed,0 products
2020-03-13,S3A,listed,0 products
2020-03-13,S3B,listed,1 products
2020-03-14,S3A,listed,1 products
2020-03-14,S3B,listed,1 products
2020-03-15,S3A,listed,1 products
2020-03-15,S3B,listed,0 products
2020-03-16,S3A,listed,1 products
2020-03-16,S3B,listed,0 products
2020-03-17,S3A,listed,0 products
2020-03-17,S3B,listed,1 products
2020-03-18,S3A,listed,1 products
2020-03-18,S3B,listed,1 products
2020-03-19,S3A,listed,1 products
2020-03-19,S3B,listed,0 products
2020-03-20,S3A,listed,1 products
2020-03-20,S3B,listed,1 products
2020-03-21,S3A,listed,0 products
2020-03-21,S3B,listed,1 products
2020-03-22,S3A,listed,1 products
2020-03-22,S3B,listed,1 products
2020-03-23,S3A,listed,1 products
2020-03-23,S3B,listed,0 products
2020-03-24,S3A,listed,1 products
2020-03-24,S3B,listed,1 products
2020-03-25,S3A,listed,0 products
2020-03-25,S3B,listed,1 products
2020-03-26,S3A,listed,1 products
2020-03-26,S3B,listed,1 products
2020-03-27,S3A,listed,1 products
2020-03-27,S3B,listed,0 products
2020-03-28,S3A,listed,1 products
2020-03-28,S3B,listed,1 products
2020-03-29,S3A,listed,0 products
2020-03-29,S3B,listed,1 products
2020-03-30,S3A,listed,1 products
2020-03-30,S3B,listed,1 products
2020-03-31,S3A,listed,1 products
2020-03-31,S3B,listed,0 products
2020-04-01,S3A,listed,0 products
2020-04-01,S3B,listed,1 products
2020-04-02,S3A,listed,0 products
2020-04-02,S3B,listed,1 products
2020-04-03,S3A,listed,1 products
2020-04-03,S3B,listed,1 products
2020-04-04,S3A,listed,1 products
2020-04-04,S3B,listed,0 products
2020-04-05,S3A,listed,0 products
2020-04-05,S3B,listed,1 products
2020-04-06,S3A,listed,1 products
2020-04-06,S3B,listed,1 products
2020-04-07,S3A,listed,1 products
2020-04-07,S3B,listed,1 products
2020-04-08,S3A,listed,1 products
2020-04-08,S3B,listed,0 products
2020-04-09,S3A,listed,0 products
2020-04-09,S3B,listed,1 products
2020-04-10,S3A,listed,1 products
2020-04-10,S3B,listed,2 products
2020-04-11,S3A,listed,1 products
2020-04-11,S3B,listed,0 products
2020-04-12,S3A,listed,1 products
2020-04-12,S3B,listed,0 products
2020-04-13,S3A,listed,0 products
2020-04-13,S3B,listed,1 products
2020-04-14,S3A,listed,1 products
2020-04-14,S3B,listed,1 products
2020-04-15,S3A,listed,1 products
2020-04-15,S3B,listed,0 products
2020-04-16,S3A,listed,1 products
2020-04-16,S3B,listed,1 products
2020-04-17,S3A,listed,0 products
2020-04-17,S3B,listed,1 products
2020-04-18,S3A,listed,1 products
2020-04-18,S3B,listed,1 products
2020-04-19,S3A,listed,1 products
2020-04-19,S3B,listed,0 products
2020-04-20,S3A,listed,1 products
2020-04-20,S3B,listed,1 products
2020-04-21,S3A,listed,0 products
2020-04-21,S3B,listed,1 products
2020-04-22,S3A,listed,1 products
2020-04-22,S3B,listed,1 products
2020-04-23,S3A,listed,1 products
2020-04-23,S3B,listed,0 products
2020-04-24,S3A,listed,1 products
2020-04-24,S3B,listed,1 products
2020-04-25,S3A,listed,0 products
2020-04-25,S3B,listed,1 products
2020-04-26,S3A,listed,1 products
2020-04-26,S3B,listed,1 products
2020-04-27,S3A,listed,1 products
2020-04-27,S3B,listed,0 products
2020-04-28,S3A,listed,0 products
2020-04-28,S3B,listed,1 products
2020-04-29,S3A,listed,0 products
2020-04-29,S3B,listed,1 products
2020-04-30,S3A,listed,1 products
2020-04-30,S3B,listed,1 products
2020-05-01,S3A,listed,1 products
2020-05-01,S3B,listed,0 products
2020-05-02,S3A,listed,0 products
2020-05-02,S3B,listed,1 products
2020-05-03,S3A,listed,1 products
2020-05-03,S3B,listed,1 products
2020-05-04,S3A,listed,1 products
2020-05-04,S3B,listed,1 products
2020-05-05,S3A,listed,1 products
2020-05-05,S3B,listed,0 products
2020-05-06,S3A,listed,0 products
2020-05-06,S3B,listed,1 products
2020-05-07,S3A,listed,1 products
2020-05-07,S3B,listed,1 products
2020-05-08,S3A,listed,1 products
2020-05-08,S3B,listed,0 products
2020-05-09,S3A,listed,1 products
2020-05-09,S3B,listed,0 products
2020-05-10,S3A,listed,0 products
2020-05-10,S3B,listed,1 products
2020-05-11,S3A,listed,1 products
2020-05-11,S3B,listed,1 products
2020-05-12,S3A,listed,1 products
2020-05-12,S3B,listed,0 products
2020-05-13,S3A,listed,1 products
2020-05-13,S3B,listed,1 products
2020-05-14,S3A,listed,0 products
2020-05-14,S3B,listed,1 products
2020-05-15,S3A,listed,1 products
2020-05-15,S3B,listed,1 products
2020-05-16,S3A,listed,1 products
2020-05-16,S3B,listed,0 products
2020-05-17,S3A,listed,1 products
2020-05-17,S3B,listed,1 products
2020-05-18,S3A,listed,0 products
2020-05-18,S3B,listed,1 products
2020-05-19,S3A,listed,1 products
2020-05-19,S3B,listed,1 products
2020-05-20,S3A,listed,1 products
2020-05-20,S3B,listed,0 products
2020-05-21,S3A,listed,1 products
2020-05-21,S3B,listed,1 products
2020-05-22,S3A,listed,0 products
2020-05-22,S3B,listed,1 products
2020-05-23,S3A,listed,1 products
2020-05-23,S3B,listed,1 products
2020-05-24,S3A,listed,1 products
2020-05-24,S3B,listed,0 products
2020-05-25,S3A,listed,0 products
2020-05-25,S3B,listed,1 products
2020-05-26,S3A,listed,0 products
2020-05-26,S3B,listed,1 products
2020-05-27,S3A,listed,1 products
2020-05-27,S3B,listed,1 products
2020-05-28,S3A,listed,1 products
2020-05-28,S3B,listed,0 products
2020-05-29,S3A,listed,0 products
2020-05-29,S3B,listed,1 products
2020-05-30,S3A,listed,1 products
2020-05-30,S3B,listed,1 products
2020-05-31,S3A,listed,1 products
2020-05-31,S3B,listed,1 products
2020-06-01,S3A,listed,1 products
2020-06-01,S3B,listed,0 products
2020-06-02,S3A,listed,0 products
2020-06-02,S3B,listed,1 products
2020-06-03,S3A,listed,1 products
2020-06-03,S3B,listed,1 products
2020-06-04,S3A,listed,1 products
2020-06-04,S3B,listed,0 products
2020-06-05,S3A,listed,1 products
2020-06-05,S3B,listed,0 products
2020-06-06,S3A,listed,0 products
2020-06-06,S3B,listed,1 products
2020-06-07,S3A,listed,1 products
2020-06-07,S3B,listed,1 products
2020-06-08,S3A,listed,1 products
2020-06-08,S3B,listed,0 products
2020-06-09,S3A,listed,1 products
2020-06-09,S3B,listed,1 products
2020-06-10,S3A,listed,0 products
2020-06-10,S3B,listed,1 products
2020-06-11,S3A,listed,1 products
2020-06-11,S3B,listed,1 products
2020-06-12,S3A,listed,1 products
2020-06-12,S3B,listed,0 products
2020-06-13,S3A,listed,1 products
2020-06-13,S3B,listed,1 products
2020-06-14,S3A,listed,0 products
2020-06-14,S3B,listed,1 products
2020-06-15,S3A,listed,1 products
2020-06-15,S3B,listed,1 products
2020-06-16,S3A,listed,1 products
2020-06-16,S3B,listed,0 products
2020-06-17,S3A,listed,1 products
2020-06-17,S3B,listed,1 products
2020-06-18,S3A,listed,0 products
2020-06-18,S3B,listed,1 products
2020-06-19,S3A,listed,1 products
2020-06-19,S3B,listed,1 products
2020-06-20,S3A,listed,1 products
2020-06-20,S3B,listed,0 products
2020-06-21,S3A,listed,0 products
2020-06-21,S3B,listed,1 products
2020-06-22,S3A,listed,0 products
2020-06-22,S3B,listed,1 products
2020-06-23,S3A,listed,1 products
2020-06-23,S3B,listed,1 products
2020-06-24,S3A,listed,1 products
2020-06-24,S3B,listed,0 products
2020-06-25,S3A,listed,0 products
2020-06-25,S3B,listed,1 products
2020-06-26,S3A,listed,1 products
2020-06-26,S3B,listed,1 products
2020-06-27,S3A,listed,1 products
2020-06-27,S3B,listed,1 products
2020-06-28,S3A,listed,1 products
2020-06-28,S3B,listed,0 products
2020-06-29,S3A,listed,0 products
2020-06-29,S3B,listed,1 products
2020-06-30,S3A,listed,1 products
2020-06-30,S3B,listed,1 products
2020-07-01,S3A,listed,1 products
2020-07-01,S3B,listed,0 products
2020-07-02,S3A,listed,1 products
2020-07-02,S3B,listed,0 products
2020-07-03,S3A,listed,0 products
2020-07-03,S3B,listed,1 products
2020-07-04,S3A,listed,1 products
2020-07-04,S3B,listed,1 products
2020-07-05,S3A,listed,1 products
2020-07-05,S3B,listed,0 products
2020-07-06,S3A,listed,1 products
2020-07-06,S3B,listed,1 products
2020-07-07,S3A,listed,0 products
2020-07-07,S3B,listed,1 products
2020-07-08,S3A,listed,1 products
2020-07-08,S3B,listed,1 products
2020-07-09,S3A,listed,1 products
2020-07-09,S3B,listed,0 products
2020-07-10,S3A,listed,1 products
2020-07-10,S3B,listed,1 products
2020-07-11,S3A,listed,0 products
2020-07-11,S3B,listed,1 products
2020-07-12,S3A,listed,1 products
2020-07-12,S3B,listed,1 products
2020-07-13,S3A,listed,1 products
2020-07-13,S3B,listed,0 products
2020-07-14,S3A,listed,1 products
2020-07-14,S3B,listed,1 products
2020-07-15,S3A,listed,0 products
2020-07-15,S3B,listed,1 products
2020-07-16,S3A,listed,1 products
2020-07-16,S3B,listed,1 products
2020-07-17,S3A,listed,1 products
2020-07-17,S3B,listed,0 products
2020-07-18,S3A,listed,0 products
2020-07-18,S3B,listed,1 products
2020-07-19,S3A,listed,0 products
2020-07-19,S3B,listed,1 products
2020-07-20,S3A,listed,1 products
2020-07-20,S3B,listed,1 products
2020-07-21,S3A,listed,1 products
2020-07-21,S3B,listed,0 products
2020-07-22,S3A,listed,0 products
2020-07-22,S3B,listed,1 products
2020-07-23,S3A,listed,1 products
2020-07-23,S3B,listed,1 products
2020-07-24,S3A,listed,1 products
2020-07-24,S3B,listed,1 products
2020-07-25,S3A,listed,1 products
2020-07-25,S3B,listed,0 products
2020-07-26,S3A,listed,0 products
2020-07-26,S3B,listed,1 products
2020-07-27,S3A,listed,1 products
2020-07-27,S3B,listed,1 products
2020-07-28,S3A,listed,1 products
2020-07-28,S3B,listed,0 products
2020-07-29,S3A,listed,1 products
2020-07-29,S3B,listed,0 products
2020-07-30,S3A,listed,0 products
2020-07-30,S3B,listed,1 products
2020-07-31,S3A,listed,1 products
2020-07-31,S3B,listed,1 products
2020-08-01,S3A,listed,1 products
2020-08-01,S3B,listed,0 products
2020-08-02,S3A,listed,1 products
2020-08-02,S3B,listed,1 products
2020-08-03,S3A,listed,0 products
2020-08-03,S3B,listed,1 products
2020-08-04,S3A,listed,1 products
2020-08-04,S3B,listed,1 products
2020-08-05,S3A,listed,1 products
2020-08-05,S3B,listed,0 products
2020-08-06,S3A,listed,1 products
2020-08-06,S3B,listed,1 products
2020-08-07,S3A,listed,0 products
2020-08-07,S3B,listed,1 products
2020-08-08,S3A,listed,1 products
2020-08-08,S3B,listed,1 products
2020-08-09,S3A,listed,1 products
2020-08-09,S3B,listed,0 products
2020-08-10,S3A,listed,1 products
2020-08-10,S3B,listed,1 products
2020-08-11,S3A,listed,0 products
2020-08-11,S3B,listed,1 products
2020-08-12,S3A,listed,1 products
2020-08-12,S3B,listed,1 products
2020-08-13,S3A,listed,1 products
2020-08-13,S3B,listed,0 products
2020-08-14,S3A,listed,0 products
2020-08-14,S3B,listed,1 products
2020-08-15,S3A,listed,0 products
2020-08-15,S3B,listed,1 products
2020-08-16,S3A,listed,1 products
2020-08-16,S3B,listed,1 products
2020-08-17,S3A,listed,1 products
2020-08-17,S3B,listed,0 products
2020-08-18,S3A,listed,0 products
2020-08-18,S3B,listed,1 products
2020-08-19,S3A,listed,1 products
2020-08-19,S3B,listed,1 products
2020-08-20,S3A,listed,1 products
2020-08-20,S3B,listed,1 products
2020-08-21,S3A,listed,1 products
2020-08-21,S3B,listed,0 products
2020-08-22,S3A,listed,0 products
2020-08-22,S3B,listed,1 products
2020-08-23,S3A,listed,1 products
2020-08-23,S3B,listed,1 products
2020-08-24,S3A,listed,1 products
2020-08-24,S3B,listed,0 products
2020-08-25,S3A,listed,1 products
2020-08-25,S3B,listed,0 products
2020-08-26,S3A,listed,0 products
2020-08-26,S3B,listed,1 products
2020-08-27,S3A,listed,1 products
2020-08-27,S3B,listed,1 products
2020-08-28,S3A,listed,1 products
2020-08-28,S3B,listed,0 products
2020-08-29,S3A,listed,1 products
2020-08-29,S3B,listed,1 products
2020-08-30,S3A,listed,0 products
2020-08-30,S3B,listed,1 products
2020-08-31,S3A,listed,1 products
2020-08-31,S3B,listed,0 products
2020-09-01,S3A,listed,1 products
2020-09-01,S3B,listed,0 products
2020-09-02,S3A,listed,0 products
2020-09-02,S3B,listed,1 products
2020-09-03,S3A,listed,0 products
2020-09-03,S3B,listed,1 products
2020-09-04,S3A,listed,0 products
2020-09-04,S3B,listed,1 products
2020-09-05,S3A,listed,1 products
2020-09-05,S3B,listed,0 products
2020-09-06,S3A,listed,1 products
2020-09-06,S3B,listed,1 products
2020-09-07,S3A,listed,0 products
2020-09-07,S3B,listed,1 products
2020-09-08,S3A,listed,1 products
2020-09-08,S3B,listed,1 products
2020-09-09,S3A,listed,1 products
2020-09-09,S3B,listed,0 products
2020-09-10,S3A,listed,0 products
2020-09-10,S3B,listed,1 products
2020-09-11,S3A,listed,0 products
2020-09-11,S3B,listed,0 products
2020-09-12,S3A,listed,1 products
2020-09-12,S3B,listed,1 products
2020-09-13,S3A,listed,1 products
2020-09-13,S3B,listed,0 products
2020-09-14,S3A,listed,0 products
2020-09-14,S3B,listed,1 products
2020-09-15,S3A,listed,1 products
2020-09-15,S3B,listed,1 products
2020-09-16,S3A,listed,1 products
2020-09-16,S3B,listed,1 products
2020-09-17,S3A,listed,0 products
2020-09-17,S3B,listed,0 products
2020-09-18,S3A,listed,0 products
2020-09-18,S3B,listed,1 products
2020-09-19,S3A,listed,1 products
2020-09-19,S3B,listed,1 products
2020-09-20,S3A,listed,1 products
2020-09-20,S3B,listed,0 products
2020-09-21,S3A,listed,1 products
2020-09-21,S3B,listed,0 products
2020-09-22,S3A,listed,0 products
2020-09-22,S3B,listed,1 products
2020-09-23,S3A,listed,1 products
2020-09-23,S3B,listed,1 products
2020-09-24,S3A,listed,0 products
2020-09-24,S3B,listed,0 products
2020-09-25,S3A,listed,1 products
2020-09-25,S3B,listed,1 products
2020-09-26,S3A,listed,0 products
2020-09-26,S3B,listed,1 products
2020-09-27,S3A,listed,1 products
2020-09-27,S3B,listed,0 products
2020-09-28,S3A,listed,2 products
2020-09-28,S3B,listed,0 products
2020-09-29,S3A,listed,1 products
2020-09-29,S3B,listed,1 products
2020-09-30,S3A,listed,0 products
2020-09-30,S3B,listed,1 products
2020-10-01,S3A,listed,1 products
2020-10-01,S3B,listed,1 products
2020-10-02,S3A,listed,1 products
2020-10-02,S3B,listed,0 products
2020-10-03,S3A,listed,1 products
2020-10-03,S3B,listed,1 products
2020-10-04,S3A,listed,0 products
2020-10-04,S3B,listed,1 products
2020-10-05,S3A,listed,0 products
2020-10-05,S3B,listed,1 products
2020-10-06,S3A,listed,1 products
2020-10-06,S3B,listed,0 products
2020-10-07,S3A,listed,0 products
2020-10-07,S3B,listed,1 products
2020-10-08,S3A,listed,0 products
2020-10-08,S3B,listed,1 products
2020-10-09,S3A,listed,1 products
2020-10-09,S3B,listed,1 products
2020-10-10,S3A,listed,1 products
2020-10-10,S3B,listed,0 products
2020-10-11,S3A,listed,0 products
2020-10-11,S3B,listed,1 products
2020-10-12,S3A,listed,1 products
2020-10-12,S3B,listed,1 products
2020-10-13,S3A,listed,1 products
2020-10-13,S3B,listed,1 products
2020-10-14,S3A,listed,1 products
2020-10-14,S3B,listed,0 products
2020-10-15,S3A,listed,0 products
2020-10-15,S3B,listed,1 products
2020-10-16,S3A,listed,1 products
2020-10-16,S3B,listed,1 products
2020-10-17,S3A,listed,0 products
2020-10-17,S3B,listed,0 products
2020-10-18,S3A,listed,1 products
2020-10-18,S3B,listed,0 products
2020-10-19,S3A,listed,0 products
2020-10-19,S3B,listed,1 products
2020-10-20,S3A,listed,0 products
2020-10-20,S3B,listed,1 products
2020-10-21,S3A,listed,1 products
2020-10-21,S3B,listed,0 products
2020-10-22,S3A,listed,0 products
2020-10-22,S3B,listed,1 products
2020-10-23,S3A,listed,0 products
2020-10-23,S3B,listed,1 products
2020-10-24,S3A,listed,1 products
2020-10-24,S3B,listed,1 products
2020-10-25,S3A,listed,1 products
2020-10-25,S3B,listed,0 products
2020-10-26,S3A,listed,1 products
2020-10-26,S3B,listed,1 products
2020-10-27,S3A,listed,0 products
2020-10-27,S3B,listed,1 products
2020-10-28,S3A,listed,1 products
2020-10-28,S3B,listed,1 products
2020-10-29,S3A,listed,1 products
2020-10-29,S3B,listed,0 products
2020-10-30,S3A,listed,1 products
2020-10-30,S3B,listed,1 products
2020-10-31,S3A,listed,0 products
2020-10-31,S3B,listed,1 products
2020-11-01,S3A,listed,1 products
2020-11-01,S3B,listed,0 products
2020-11-02,S3A,listed,1 products
2020-11-02,S3B,listed,0 products
2020-11-03,S3A,listed,0 products
2020-11-03,S3B,listed,1 products
2020-11-04,S3A,listed,0 products
2020-11-04,S3B,listed,1 products
2020-11-05,S3A,listed,1 products
2020-11-05,S3B,listed,1 products
2020-11-06,S3A,listed,1 products
2020-11-06,S3B,listed,0 products
2020-11-07,S3A,listed,0 products
2020-11-07,S3B,listed,1 products
2020-11-08,S3A,listed,1 products
2020-11-08,S3B,listed,1 products
2020-11-09,S3A,listed,1 products
2020-11-09,S3B,listed,1 products
2020-11-10,S3A,listed,1 products
2020-11-10,S3B,listed,0 products
2020-11-11,S3A,listed,0 products
2020-11-11,S3B,listed,1 products
2020-11-12,S3A,listed,1 products
2020-11-12,S3B,listed,1 products
2020-11-13,S3A,listed,1 products
2020-11-13,S3B,listed,0 products
2020-11-14,S3A,listed,1 products
2020-11-14,S3B,listed,0 products
2020-11-15,S3A,listed,0 products
2020-11-15,S3B,listed,1 products
2020-11-16,S3A,listed,1 products
2020-11-16,S3B,listed,1 products
2020-11-17,S3A,listed,1 products
2020-11-17,S3B,listed,0 products
2020-11-18,S3A,listed,1 products
2020-11-18,S3B,listed,0 products
2020-11-19,S3A,listed,0 products
2020-11-19,S3B,listed,1 products
2020-11-20,S3A,listed,1 products
2020-11-20,S3B,listed,1 products
2020-11-21,S3A,listed,0 products
2020-11-21,S3B,listed,0 products
2020-11-22,S3A,listed,1 products
2020-11-22,S3B,listed,1 products
2020-11-23,S3A,listed,0 products
2020-11-23,S3B,listed,1 products
2020-11-24,S3A,listed,1 products
2020-11-24,S3B,listed,0 products
2020-11-25,S3A,listed,1 products
2020-11-25,S3B,listed,0 products
2020-11-26,S3A,listed,1 products
2020-11-26,S3B,listed,0 products
2020-11-27,S3A,listed,0 products
2020-11-27,S3B,listed,1 products
2020-11-28,S3A,listed,1 products
2020-11-28,S3B,listed,1 products
2020-11-29,S3A,listed,0 products
2020-11-29,S3B,listed,0 products
2020-11-30,S3A,listed,0 products
2020-11-30,S3B,listed,1 products
2020-12-01,S3A,listed,0 products
2020-12-01,S3B,listed,1 products
2020-12-02,S3A,listed,0 products
2020-12-02,S3B,listed,1 products
2020-12-03,S3A,listed,1 products
2020-12-03,S3B,listed,0 products
2020-12-04,S3A,listed,0 products
2020-12-04,S3B,listed,1 products
2020-12-05,S3A,listed,1 products
2020-12-05,S3B,listed,1 products
2020-12-06,S3A,listed,1 products
2020-12-06,S3B,listed,1 products
2020-12-07,S3A,listed,1 products
2020-12-07,S3B,listed,0 products
2020-12-08,S3A,listed,0 products
2020-12-08,S3B,listed,0 products
2020-12-09,S3A,listed,1 products
2020-12-09,S3B,listed,1 products
2020-12-10,S3A,listed,1 products
2020-12-10,S3B,listed,0 products
2020-12-11,S3A,listed,1 products
2020-12-11,S3B,listed,0 products
2020-12-12,S3A,listed,0 products
2020-12-12,S3B,listed,1 products
2020-12-13,S3A,listed,1 products
2020-12-13,S3B,listed,1 products
2020-12-14,S3A,listed,0 products
2020-12-14,S3B,listed,0 products
2020-12-15,S3A,listed,1 products
2020-12-15,S3B,listed,1 products
2020-12-16,S3A,listed,0 products
2020-12-16,S3B,listed,1 products
2020-12-17,S3A,listed,1 products
2020-12-17,S3B,listed,1 products
2020-12-18,S3A,listed,1 products
2020-12-18,S3B,listed,0 products
2020-12-19,S3A,listed,1 products
2020-12-19,S3B,listed,1 products
2020-12-20,S3A,listed,0 products
2020-12-20,S3B,listed,1 products
2020-12-21,S3A,listed,1 products
2020-12-21,S3B,listed,1 products
2020-12-22,S3A,listed,0 products
2020-12-22,S3B,listed,0 products
2020-12-23,S3A,listed,1 products
2020-12-23,S3B,listed,1 products
2020-12-24,S3A,listed,0 products
2020-12-24,S3B,listed,1 products
2020-12-25,S3A,listed,1 products
2020-12-25,S3B,listed,0 products
2020-12-26,S3A,listed,1 products
2020-12-26,S3B,listed,0 products
2020-12-27,S3A,listed,0 products
2020-12-27,S3B,listed,1 products
2020-12-28,S3A,listed,0 products
2020-12-28,S3B,listed,0 products
2020-12-29,S3A,listed,1 products
2020-12-29,S3B,listed,1 products
2020-12-30,S3A,listed,1 products
2020-12-30,S3B,listed,0 products
2020-12-31,S3A,listed,0 products
2020-12-31,S3B,listed,0 products
2021-01-01,S3A,listed,0 products
2021-01-01,S3B,listed,0 products
2021-01-02,S3A,listed,0 products
2021-01-02,S3B,listed,0 products
2021-01-03,S3A,listed,0 products
2021-01-03,S3B,listed,0 products
2021-01-04,S3A,listed,0 products
2021-01-04,S3B,listed,0 products
2021-01-05,S3A,listed,0 products
2021-01-05,S3B,listed,0 products
2021-01-06,S3A,listed,0 products
2021-01-06,S3B,listed,0 products
2021-01-07,S3A,listed,0 products
2021-01-07,S3B,listed,0 products
2021-01-08,S3A,listed,0 products
2021-01-08,S3B,listed,0 products
2021-01-09,S3A,listed,0 products
2021-01-09,S3B,listed,0 products
2021-01-10,S3A,listed,0 products
2021-01-10,S3B,listed,0 products
2021-01-11,S3A,listed,0 products
2021-01-11,S3B,listed,0 products
2021-01-12,S3A,listed,0 products
2021-01-12,S3B,listed,0 products
2021-01-13,S3A,listed,0 products
2021-01-13,S3B,listed,0 products
2021-01-14,S3A,listed,0 products
2021-01-14,S3B,listed,0 products
2021-01-15,S3A,listed,0 products
2021-01-15,S3B,listed,0 products
2021-01-16,S3A,listed,0 products
2021-01-16,S3B,listed,0 products
2021-01-17,S3A,listed,0 products
2021-01-17,S3B,listed,0 products
2021-01-18,S3A,listed,0 products
2021-01-18,S3B,listed,0 products
2021-01-19,S3A,listed,0 products
2021-01-19,S3B,listed,0 products
2021-01-20,S3A,listed,0 products
2021-01-20,S3B,listed,0 products
2021-01-21,S3A,listed,0 products
2021-01-21,S3B,listed,0 products
2021-01-22,S3A,listed,0 products
2021-01-22,S3B,listed,0 products
2021-01-23,S3A,listed,0 products
2021-01-23,S3B,listed,0 products
2021-01-24,S3A,listed,0 products
2021-01-24,S3B,listed,0 products
2021-01-25,S3A,listed,0 products
2021-01-25,S3B,listed,0 products
2021-01-26,S3A,listed,0 products
2021-01-26,S3B,listed,0 products
2021-01-27,S3A,listed,0 products
2021-01-27,S3B,listed,0 products
2021-01-28,S3A,listed,0 products
2021-01-28,S3B,listed,0 products
2021-01-29,S3A,listed,0 products
2021-01-29,S3B,listed,0 products
2021-01-30,S3A,listed,0 products
2021-01-30,S3B,listed,0 products
2021-01-31,S3A,listed,0 products
2021-01-31,S3B,listed,0 products
2021-02-01,S3A,listed,3 products
2021-02-01,S3B,listed,0 products
2021-02-02,S3A,listed,2 products
2021-02-02,S3B,listed,4 products
2021-02-03,S3A,listed,3 products
2021-02-03,S3B,listed,4 products
2021-02-04,S3A,listed,4 products
2021-02-04,S3B,listed,4 products
2021-02-05,S3A,listed,4 products
2021-02-05,S3B,listed,2 products
2021-02-06,S3A,listed,3 products
2021-02-06,S3B,listed,3 products
2021-02-07,S3A,listed,3 products
2021-02-07,S3B,listed,4 products
2021-02-08,S3A,listed,4 products
2021-02-08,S3B,listed,3 products
2021-02-09,S3A,listed,3 products
2021-02-09,S3B,listed,2 products
2021-02-10,S3A,listed,1 products
2021-02-10,S3B,listed,3 products
2021-02-11,S3A,listed,2 products
2021-02-11,S3B,listed,4 products
2021-02-12,S3A,listed,4 products
2021-02-12,S3B,listed,3 products
2021-02-13,S3A,listed,3 products
2021-02-13,S3B,listed,3 products
2021-02-14,S3A,listed,2 products
2021-02-14,S3B,listed,4 products
2021-02-15,S3A,listed,3 products
2021-02-15,S3B,listed,4 products
2021-02-16,S3A,listed,3 products
2021-02-16,S3B,listed,1 products
2021-02-17,S3A,listed,3 products
2021-02-17,S3B,listed,3 products
2021-02-18,S3A,listed,2 products
2021-02-18,S3B,listed,4 products
2021-02-19,S3A,listed,4 products
2021-02-19,S3B,listed,4 products
2021-02-20,S3A,listed,2 products
2021-02-20,S3B,listed,3 products
2021-02-21,S3A,listed,4 products
2021-02-21,S3B,listed,3 products
2021-02-22,S3A,listed,2 products
2021-02-22,S3B,listed,3 products
2021-02-23,S3A,listed,3 products
2021-02-23,S3B,listed,3 products
2021-02-24,S3A,listed,4 products
2021-02-24,S3B,listed,2 products
2021-02-25,S3A,listed,2 products
2021-02-25,S3B,listed,3 products
2021-02-26,S3A,listed,3 products
2021-02-26,S3B,listed,3 products
2021-02-27,S3A,listed,4 products
2021-02-27,S3B,listed,4 products
2021-02-28,S3A,listed,0 products
2021-02-28,S3B,listed,0 products
2021-03-01,S3A,listed,0 products
2021-03-01,S3B,listed,0 products
2021-03-02,S3A,listed,0 products
2021-03-02,S3B,listed,0 products
2021-03-03,S3A,listed,0 products
2021-03-03,S3B,listed,0 products
2021-03-04,S3A,listed,234 products
2021-03-04,S3B,listed,226 products
2021-03-05,S3A,listed,79 products
2021-03-05,S3B,listed,223 products
2021-03-06,S3A,listed,221 products
2021-03-06,S3B,listed,228 products
2021-03-07,S3A,listed,220 products
2021-03-07,S3B,listed,215 products
2021-03-08,S3A,listed,231 products
2021-03-08,S3B,listed,212 products
2021-03-09,S3A,listed,215 products
2021-03-09,S3B,listed,223 products
2021-03-10,S3A,listed,207 products
2021-03-10,S3B,listed,179 products
2021-03-11,S3A,listed,127 products
2021-03-11,S3B,listed,123 products
2021-03-12,S3A,listed,216 products
2021-03-12,S3B,listed,200 products
2021-03-13,S3A,listed,211 products
2021-03-13,S3B,listed,208 products
2021-03-14,S3A,listed,210 products
2021-03-14,S3B,listed,216 products
2021-03-15,S3A,listed,205 products
2021-03-15,S3B,listed,200 products
2021-03-16,S3A,listed,219 products
2021-03-16,S3B,listed,196 products
2021-03-17,S3A,listed,207 products
2021-03-17,S3B,listed,204 products
2021-03-18,S3A,listed,210 products
2021-03-18,S3B,listed,217 products
2021-03-19,S3A,listed,209 products
2021-03-19,S3B,listed,217 products
2021-03-20,S3A,listed,226 products
2021-03-20,S3B,listed,221 products
2021-03-21,S3A,listed,224 products
2021-03-21,S3B,listed,228 products
2021-03-22,S3A,listed,230 products
2021-03-22,S3B,listed,211 products
2021-03-23,S3A,listed,230 products
2021-03-23,S3B,listed,226 products
2021-03-24,S3A,listed,226 products
2021-03-24,S3B,listed,216 products
2021-03-25,S3A,listed,215 products
2021-03-25,S3B,listed,229 products
2021-03-26,S3A,listed,224 products
2021-03-26,S3B,listed,233 products
2021-03-27,S3A,listed,233 products
2021-03-27,S3B,listed,198 products
2021-03-28,S3A,listed,240 products
2021-03-28,S3B,listed,210 products
2021-03-29,S3A,listed,231 products
2021-03-29,S3B,listed,216 products
2021-03-30,S3A,listed,203 products
2021-03-30,S3B,listed,231 products
2021-03-31,S3A,listed,231 products
2021-03-31,S3B,listed,224 products
2021-04-01,S3A,listed,229 products
2021-04-01,S3B,listed,214 products
2021-04-02,S3A,listed,215 products
2021-04-02,S3B,listed,227 products
2021-04-03,S3A,listed,208 products
2021-04-03,S3B,listed,214 products
2021-04-04,S3A,listed,246 products
2021-04-04,S3B,listed,223 products
2021-04-05,S3A,listed,239 products
2021-04-05,S3B,listed,223 products
2021-04-06,S3A,listed,211 products
2021-04-06,S3B,listed,177 products
2021-04-07,S3A,listed,199 products
2021-04-07,S3B,listed,216 products
2021-04-08,S3A,listed,204 products
2021-04-08,S3B,listed,188 products
2021-04-09,S3A,listed,195 products
2021-04-09,S3B,listed,191 products
2021-04-10,S3A,listed,8 products
2021-04-10,S3B,listed,0 products
2021-04-11,S3A,listed,36 products
2021-04-11,S3B,listed,17 products
2021-04-12,S3A,listed,214 products
2021-04-12,S3B,listed,199 products
2021-04-13,S3A,listed,212 products
2021-04-13,S3B,listed,214 products
2021-04-14,S3A,listed,209 products
2021-04-14,S3B,listed,233 products
2021-04-15,S3A,listed,216 products
2021-04-15,S3B,listed,218 products
2021-04-16,S3A,listed,216 products
2021-04-16,S3B,listed,222 products
2021-04-17,S3A,listed,207 products
2021-04-17,S3B,listed,212 products
2021-04-18,S3A,listed,224 products
2021-04-18,S3B,listed,231 products
2021-04-19,S3A,listed,227 products
2021-04-19,S3B,listed,223 products
2021-04-20,S3A,listed,214 products
2021-04-20,S3B,listed,222 products
2021-04-21,S3A,listed,216 products
2021-04-21,S3B,listed,228 products
2021-04-22,S3A,listed,218 products
2021-04-22,S3B,listed,226 products
2021-04-23,S3A,listed,222 products
2021-04-23,S3B,listed,223 products
2021-04-24,S3A,listed,178 products
2021-04-24,S3B,listed,190 products
2021-04-25,S3A,listed,214 products
2021-04-25,S3B,listed,200 products
2021-04-26,S3A,listed,165 products
2021-04-26,S3B,listed,152 products
2021-04-27,S3A,listed,0 products
2021-04-27,S3B,listed,1 products
2021-04-28,S3A,listed,204 products
2021-04-28,S3B,listed,208 products
2021-04-29,S3A,listed,223 products
2021-04-29,S3B,listed,231 products
2021-04-30,S3A,listed,212 products
2021-04-30,S3B,listed,246 products
2021-05-01,S3A,listed,219 products
2021-05-01,S3B,listed,218 products
2021-05-02,S3A,listed,226 products
2021-05-02,S3B,listed,207 products
2021-05-03,S3A,listed,228 products
2021-05-03,S3B,listed,232 products
2021-05-04,S3A,listed,235 products
2021-05-04,S3B,listed,226 products
2021-05-05,S3A,listed,243 products
2021-05-05,S3B,listed,223 products
2021-05-06,S3A,listed,221 products
2021-05-06,S3B,listed,211 products
2021-05-07,S3A,listed,222 products
2021-05-07,S3B,listed,209 products
2021-05-08,S3A,listed,229 products
2021-05-08,S3B,listed,222 products
2021-05-09,S3A,listed,211 products
2021-05-09,S3B,listed,208 products
2021-05-10,S3A,listed,248 products
2021-05-10,S3B,listed,232 products
2021-05-11,S3A,listed,280 products
2021-05-11,S3B,listed,230 products
2021-05-12,S3A,listed,229 products
2021-05-12,S3B,listed,167 products
2021-05-13,S3A,listed,214 products
2021-05-13,S3B,listed,198 products
2021-05-14,S3A,listed,208 products
2021-05-14,S3B,listed,218 products
2021-05-15,S3A,listed,195 products
2021-05-15,S3B,listed,196 products
2021-05-16,S3A,listed,217 products
2021-05-16,S3B,listed,195 products
2021-05-17,S3A,listed,237 products
2021-05-17,S3B,listed,203 products
2021-05-18,S3A,listed,215 products
2021-05-18,S3B,listed,222 products
2021-05-19,S3A,listed,214 products
2021-05-19,S3B,listed,207 products
2021-05-20,S3A,listed,214 products
2021-05-20,S3B,listed,229 products
2021-05-21,S3A,listed,190 products
2021-05-21,S3B,listed,194 products
2021-05-22,S3A,listed,207 products
2021-05-22,S3B,listed,214 products
2021-05-23,S3A,listed,200 products
2021-05-23,S3B,listed,213 products
2021-05-24,S3A,listed,258 products
2021-05-24,S3B,listed,192 products
2021-05-25,S3A,listed,266 products
2021-05-25,S3B,listed,214 products
2021-05-26,S3A,listed,273 products
2021-05-26,S3B,listed,294 products
2021-05-27,S3A,listed,217 products
2021-05-27,S3B,listed,202 products
2021-05-28,S3A,listed,228 products
2021-05-28,S3B,listed,215 products
2021-05-29,S3A,listed,214 products
2021-05-29,S3B,listed,208 products
2021-05-30,S3A,listed,197 products
2021-05-30,S3B,listed,221 products
2021-05-31,S3A,listed,228 products
2021-05-31,S3B,listed,223 products
2021-06-01,S3A,listed,214 products
2021-06-01,S3B,listed,181 products
2021-06-02,S3A,listed,209 products
2021-06-02,S3B,listed,222 products
2021-06-03,S3A,listed,220 products
2021-06-03,S3B,listed,220 products
2021-06-04,S3A,listed,209 products
2021-06-04,S3B,listed,215 products
2021-06-05,S3A,listed,227 products
2021-06-05,S3B,listed,222 products
2021-06-06,S3A,listed,217 products
2021-06-06,S3B,listed,201 products
2021-06-07,S3A,listed,224 products
2021-06-07,S3B,listed,210 products
2021-06-08,S3A,listed,210 products
2021-06-08,S3B,listed,195 products
2021-06-09,S3A,listed,18 products
2021-06-09,S3B,listed,37 products
2021-06-10,S3A,listed,183 products
2021-06-10,S3B,listed,164 products
2021-06-11,S3A,listed,220 products
2021-06-11,S3B,listed,229 products
2021-06-12,S3A,listed,171 products
2021-06-12,S3B,listed,168 products
2021-06-13,S3A,listed,193 products
2021-06-13,S3B,listed,154 products
2021-06-14,S3A,listed,219 products
2021-06-14,S3B,listed,227 products
2021-06-15,S3A,listed,205 products
2021-06-15,S3B,listed,200 products
2021-06-16,S3A,listed,219 products
2021-06-16,S3B,listed,218 products
2021-06-17,S3A,listed,210 products
2021-06-17,S3B,listed,196 products
2021-06-18,S3A,listed,215 products
2021-06-18,S3B,listed,228 products
2021-06-19,S3A,listed,193 products
2021-06-19,S3B,listed,198 products
2021-06-20,S3A,listed,215 products
2021-06-20,S3B,listed,188 products
2021-06-21,S3A,listed,215 products
2021-06-21,S3B,listed,203 products
2021-06-22,S3A,listed,210 products
2021-06-22,S3B,listed,217 products
2021-06-23,S3A,listed,220 products
2021-06-23,S3B,listed,210 products
2021-06-24,S3A,listed,165 products
2021-06-24,S3B,listed,167 products
2021-06-25,S3A,listed,48 products
2021-06-25,S3B,listed,55 products
2021-06-26,S3A,listed,81 products
2021-06-26,S3B,listed,78 products
2021-06-27,S3A,listed,53 products
2021-06-27,S3B,listed,53 products
2021-06-28,S3A,listed,44 products
2021-06-28,S3B,listed,44 products
2021-06-29,S3A,listed,37 products
2021-06-29,S3B,listed,48 products
2021-06-30,S3A,listed,43 products
2021-06-30,S3B,listed,38 products
2021-07-01,S3A,listed,68 products
2021-07-01,S3B,listed,55 products
2021-07-02,S3A,listed,51 products
2021-07-02,S3B,listed,54 products
2021-07-03,S3A,listed,42 products
2021-07-03,S3B,listed,49 products
2021-07-04,S3A,listed,103 products
2021-07-04,S3B,listed,111 products
2021-07-05,S3A,listed,220 products
2021-07-05,S3B,listed,211 products
2021-07-06,S3A,listed,194 products
2021-07-06,S3B,listed,177 products
2021-07-07,S3A,listed,211 products
2021-07-07,S3B,listed,210 products
2021-07-08,S3A,listed,213 products
2021-07-08,S3B,listed,214 products
2021-07-09,S3A,listed,231 products
2021-07-09,S3B,listed,217 products
2021-07-10,S3A,listed,224 products
2021-07-10,S3B,listed,212 products
2021-07-11,S3A,listed,208 products
2021-07-11,S3B,listed,223 products
2021-07-12,S3A,listed,195 products
2021-07-12,S3B,listed,206 products
2021-07-13,S3A,listed,227 products
2021-07-13,S3B,listed,195 products
2021-07-14,S3A,listed,221 products
2021-07-14,S3B,listed,224 products
2021-07-15,S3A,listed,204 products
2021-07-15,S3B,listed,235 products
2021-07-16,S3A,listed,223 products
2021-07-16,S3B,listed,212 products
2021-07-17,S3A,listed,219 products
2021-07-17,S3B,listed,213 products
2021-07-18,S3A,listed,212 products
2021-07-18,S3B,listed,217 products
2021-07-19,S3A,listed,190 products
2021-07-19,S3B,listed,201 products
2021-07-20,S3A,listed,220 products
2021-07-20,S3B,listed,212 products
2021-07-21,S3A,listed,228 products
2021-07-21,S3B,listed,216 products
2021-07-22,S3A,listed,194 products
2021-07-22,S3B,listed,221 products
2021-07-23,S3A,listed,220 products
2021-07-23,S3B,listed,233 products
2021-07-24,S3A,listed,220 products
2021-07-24,S3B,listed,218 products
2021-07-25,S3A,listed,225 products
2021-07-25,S3B,listed,204 products
2021-07-26,S3A,listed,224 products
2021-07-26,S3B,listed,215 products
2021-07-27,S3A,listed,200 products
2021-07-27,S3B,listed,228 products
2021-07-28,S3A,listed,208 products
2021-07-28,S3B,listed,194 products
2021-07-29,S3A,listed,218 products
2021-07-29,S3B,listed,201 products
2021-07-30,S3A,listed,178 products
2021-07-30,S3B,listed,209 products
2021-07-31,S3A,listed,190 products
2021-07-31,S3B,listed,199 products
2021-08-01,S3A,listed,203 products
2021-08-01,S3B,listed,187 products
2021-08-02,S3A,listed,212 products
2021-08-02,S3B,listed,161 products
2021-08-03,S3A,listed,198 products
2021-08-03,S3B,listed,193 products
2021-08-04,S3A,listed,172 products
2021-08-04,S3B,listed,208 products
2021-08-05,S3A,listed,206 products
2021-08-05,S3B,listed,209 products
2021-08-06,S3A,listed,206 products
2021-08-06,S3B,listed,173 products
2021-08-07,S3A,listed,211 products
2021-08-07,S3B,listed,222 products
2021-08-08,S3A,listed,210 products
2021-08-08,S3B,listed,225 products
2021-08-09,S3A,listed,202 products
2021-08-09,S3B,listed,198 products
2021-08-10,S3A,listed,226 products
2021-08-10,S3B,listed,215 products
2021-08-11,S3A,listed,208 products
2021-08-11,S3B,listed,210 products
2021-08-12,S3A,listed,216 products
2021-08-12,S3B,listed,229 products
2021-08-13,S3A,listed,200 products
2021-08-13,S3B,listed,189 products
2021-08-14,S3A,listed,221 products
2021-08-14,S3B,listed,222 products
2021-08-15,S3A,listed,205 products
2021-08-15,S3B,listed,200 products
2021-08-16,S3A,listed,183 products
2021-08-16,S3B,listed,217 products
2021-08-17,S3A,listed,211 products
2021-08-17,S3B,listed,211 products
2021-08-18,S3A,listed,205 products
2021-08-18,S3B,listed,202 products
2021-08-19,S3A,listed,206 products
2021-08-19,S3B,listed,220 products
2021-08-20,S3A,listed,217 products
2021-08-20,S3B,listed,227 products
2021-08-21,S3A,listed,215 products
2021-08-21,S3B,listed,209 products
2021-08-22,S3A,listed,222 products
2021-08-22,S3B,listed,212 products
2021-08-23,S3A,listed,185 products
2021-08-23,S3B,listed,199 products
2021-08-24,S3A,listed,213 products
2021-08-24,S3B,listed,194 products
2021-08-25,S3A,listed,213 products
2021-08-25,S3B,listed,201 products
2021-08-26,S3A,listed,217 products
2021-08-26,S3B,listed,222 products
2021-08-27,S3A,listed,192 products
2021-08-27,S3B,listed,197 products
2021-08-28,S3A,listed,231 products
2021-08-28,S3B,listed,221 products
2021-08-29,S3A,listed,199 products
2021-08-29,S3B,listed,184 products
2021-08-30,S3A,listed,209 products
2021-08-30,S3B,listed,209 products
2021-08-31,S3A,listed,192 products
2021-08-31,S3B,listed,217 products
2021-09-01,S3A,listed,210 products
2021-09-01,S3B,listed,208 products
2021-09-02,S3A,listed,172 products
2021-09-02,S3B,listed,190 products
2021-09-03,S3A,listed,195 products
2021-09-03,S3B,listed,210 products
2021-09-04,S3A,listed,188 products
2021-09-04,S3B,listed,217 products
2021-09-05,S3A,listed,214 products
2021-09-05,S3B,listed,203 products
2021-09-06,S3A,listed,220 products
2021-09-06,S3B,listed,213 products
2021-09-07,S3A,listed,203 products
2021-09-07,S3B,listed,204 products
2021-09-08,S3A,listed,221 products
2021-09-08,S3B,listed,212 products
2021-09-09,S3A,listed,230 products
2021-09-09,S3B,listed,224 products
2021-09-10,S3A,listed,227 products
2021-09-10,S3B,listed,210 products
2021-09-11,S3A,listed,222 products
2021-09-11,S3B,listed,217 products
2021-09-12,S3A,listed,218 products
2021-09-12,S3B,listed,213 products
2021-09-13,S3A,listed,232 products
2021-09-13,S3B,listed,208 products
2021-09-14,S3A,listed,216 products
2021-09-14,S3B,listed,198 products
2021-09-15,S3A,listed,224 products
2021-09-15,S3B,listed,210 products
2021-09-16,S3A,listed,224 products
2021-09-16,S3B,listed,223 products
2021-09-17,S3A,listed,232 products
2021-09-17,S3B,listed,223 products
2021-09-18,S3A,listed,213 products
2021-09-18,S3B,listed,190 products
2021-09-19,S3A,listed,222 products
2021-09-19,S3B,listed,220 products
2021-09-20,S3A,listed,206 products
2021-09-20,S3B,listed,210 products
2021-09-21,S3A,listed,228 products
2021-09-21,S3B,listed,221 products
2021-09-22,S3A,listed,195 products
2021-09-22,S3B,listed,207 products
2021-09-23,S3A,listed,206 products
2021-09-23,S3B,listed,207 products
2021-09-24,S3A,listed,200 products
2021-09-24,S3B,listed,191 products
2021-09-25,S3A,listed,216 products
2021-09-25,S3B,listed,201 products
2021-09-26,S3A,listed,201 products
2021-09-26,S3B,listed,211 products
2021-09-27,S3A,listed,200 products
2021-09-27,S3B,listed,205 products
2021-09-28,S3A,listed,209 products
2021-09-28,S3B,listed,207 products
2021-09-29,S3A,listed,225 products
2021-09-29,S3B,listed,213 products
2021-09-30,S3A,listed,220 products
2021-09-30,S3B,listed,212 products
2021-10-01,S3A,listed,209 products
2021-10-01,S3B,listed,230 products
2021-10-02,S3A,listed,203 products
2021-10-02,S3B,listed,215 products
2021-10-03,S3A,listed,218 products
2021-10-03,S3B,listed,203 products
2021-10-04,S3A,listed,215 products
2021-10-04,S3B,listed,208 products
2021-10-05,S3A,listed,191 products
2021-10-05,S3B,listed,223 products
2021-10-06,S3A,listed,217 products
2021-10-06,S3B,listed,177 products
2021-10-07,S3A,listed,230 products
2021-10-07,S3B,listed,223 products
2021-10-08,S3A,listed,199 products
2021-10-08,S3B,listed,192 products
2021-10-09,S3A,listed,214 products
2021-10-09,S3B,listed,215 products
2021-10-10,S3A,listed,213 products
2021-10-10,S3B,listed,216 products
2021-10-11,S3A,listed,210 products
2021-10-11,S3B,listed,207 products
2021-10-12,S3A,listed,210 products
2021-10-12,S3B,listed,205 products
2021-10-13,S3A,listed,229 products
2021-10-13,S3B,listed,230 products
2021-10-14,S3A,listed,226 products
2021-10-14,S3B,listed,189 products
2021-10-15,S3A,listed,208 products
2021-10-15,S3B,listed,202 products
2021-10-16,S3A,listed,213 products
2021-10-16,S3B,listed,207 products
2021-10-17,S3A,listed,205 products
2021-10-17,S3B,listed,214 products
2021-10-18,S3A,listed,216 products
2021-10-18,S3B,listed,180 products
2021-10-19,S3A,listed,202 products
2021-10-19,S3B,listed,210 products
2021-10-20,S3A,listed,194 products
2021-10-20,S3B,listed,205 products
2021-10-21,S3A,listed,191 products
2021-10-21,S3B,listed,203 products
2021-10-22,S3A,listed,210 products
2021-10-22,S3B,listed,208 products
2021-10-23,S3A,listed,194 products
2021-10-23,S3B,listed,207 products
2021-10-24,S3A,listed,202 products
2021-10-24,S3B,listed,226 products
2021-10-25,S3A,listed,222 products
2021-10-25,S3B,listed,221 products
2021-10-26,S3A,listed,227 products
2021-10-26,S3B,listed,184 products
2021-10-27,S3A,listed,211 products
2021-10-27,S3B,listed,227 products
2021-10-28,S3A,listed,211 products
2021-10-28,S3B,listed,215 products
2021-10-29,S3A,listed,208 products
2021-10-29,S3B,listed,212 products
2021-10-30,S3A,listed,80 products
2021-10-30,S3B,listed,122 products
2021-10-31,S3A,listed,4 products
2021-10-31,S3B,listed,18 products
2021-11-01,S3A,listed,191 products
2021-11-01,S3B,listed,204 products
2021-11-02,S3A,listed,208 products
2021-11-02,S3B,listed,207 products
2021-11-03,S3A,listed,205 products
2021-11-03,S3B,listed,216 products
2021-11-04,S3A,listed,214 products
2021-11-04,S3B,listed,223 products
2021-11-05,S3A,listed,201 products
2021-11-05,S3B,listed,216 products
2021-11-06,S3A,listed,232 products
2021-11-06,S3B,listed,215 products
2021-11-07,S3A,listed,229 products
2021-11-07,S3B,listed,224 products
2021-11-08,S3A,listed,223 products
2021-11-08,S3B,listed,230 products
2021-11-09,S3A,listed,217 products
2021-11-09,S3B,listed,207 products
2021-11-10,S3A,listed,232 products
2021-11-10,S3B,listed,224 products
2021-11-11,S3A,listed,229 products
2021-11-11,S3B,listed,224 products
2021-11-12,S3A,listed,0 products
2021-11-12,S3B,listed,0 products
2021-11-13,S3A,listed,228 products
2021-11-13,S3B,listed,232 products
2021-11-14,S3A,listed,233 products
2021-11-14,S3B,listed,224 products
2021-11-15,S3A,listed,227 products
2021-11-15,S3B,listed,224 products
2021-11-16,S3A,listed,216 products
2021-11-16,S3B,listed,225 products
2021-11-17,S3A,listed,214 products
2021-11-17,S3B,listed,213 products
2021-11-18,S3A,listed,219 products
2021-11-18,S3B,listed,210 products
2021-11-19,S3A,listed,212 products
2021-11-19,S3B,listed,211 products
2021-11-20,S3A,listed,210 products
2021-11-20,S3B,listed,219 products
2021-11-21,S3A,listed,215 products
2021-11-21,S3B,listed,215 products
2021-11-22,S3A,listed,219 products
2021-11-22,S3B,listed,210 products
2021-11-23,S3A,listed,211 products
2021-11-23,S3B,listed,211 products
2021-11-24,S3A,listed,210 products
2021-11-24,S3B,listed,219 products
2021-11-25,S3A,listed,217 products
2021-11-25,S3B,listed,214 products
2021-11-26,S3A,listed,218 products
2021-11-26,S3B,listed,210 products
2021-11-27,S3A,listed,220 products
2021-11-27,S3B,listed,220 products
2021-11-28,S3A,listed,224 products
2021-11-28,S3B,listed,233 products
2021-11-29,S3A,listed,232 products
2021-11-29,S3B,listed,228 products
2021-11-30,S3A,listed,232 products
2021-11-30,S3B,listed,224 products
2021-12-01,S3A,listed,224 products
2021-12-01,S3B,listed,229 products
2021-12-02,S3A,listed,224 products
2021-12-02,S3B,listed,232 products
2021-12-03,S3A,listed,233 products
2021-12-03,S3B,listed,227 products
2021-12-04,S3A,listed,231 products
2021-12-04,S3B,listed,224 products
2021-12-05,S3A,listed,224 products
2021-12-05,S3B,listed,226 products
2021-12-06,S3A,listed,226 products
2021-12-06,S3B,listed,233 products
2021-12-07,S3A,listed,232 products
2021-12-07,S3B,listed,225 products
2021-12-08,S3A,listed,214 products
2021-12-08,S3B,listed,208 products
2021-12-09,S3A,listed,224 products
2021-12-09,S3B,listed,231 products
2021-12-10,S3A,listed,227 products
2021-12-10,S3B,listed,233 products
2021-12-11,S3A,listed,174 products
2021-12-11,S3B,listed,189 products
2021-12-12,S3A,listed,5 products
2021-12-12,S3B,listed,6 products
2021-12-13,S3A,listed,224 products
2021-12-13,S3B,listed,232 products
2021-12-14,S3A,listed,228 products
2021-12-14,S3B,listed,232 products
2021-12-15,S3A,listed,233 products
2021-12-15,S3B,listed,224 products
2021-12-16,S3A,listed,227 products
2021-12-16,S3B,listed,224 products
2021-12-17,S3A,listed,224 products
2021-12-17,S3B,listed,234 products
2021-12-18,S3A,listed,229 products
2021-12-18,S3B,listed,230 products
2021-12-19,S3A,listed,233 products
2021-12-19,S3B,listed,224 products
2021-12-20,S3A,listed,225 products
2021-12-20,S3B,listed,224 products
2021-12-21,S3A,listed,224 products
2021-12-21,S3B,listed,233 products
2021-12-22,S3A,listed,231 products
2021-12-22,S3B,listed,229 products
2021-12-23,S3A,listed,232 products
2021-12-23,S3B,listed,224 products
2021-12-24,S3A,listed,207 products
2021-12-24,S3B,listed,205 products
2021-12-25,S3A,listed,185 products
2021-12-25,S3B,listed,164 products
2021-12-26,S3A,listed,211 products
2021-12-26,S3B,listed,144 products
2021-12-27,S3A,listed,172 products
2021-12-27,S3B,listed,180 products
2021-12-28,S3A,listed,181 products
2021-12-28,S3B,listed,187 products
2021-12-29,S3A,listed,177 products
2021-12-29,S3B,listed,193 products
2021-12-30,S3A,listed,222 products
2021-12-30,S3B,listed,218 products
2021-12-31,S3A,listed,206 products
2021-12-31,S3B,listed,175 products
2022-01-01,S3A,listed,177 products
2022-01-01,S3B,listed,163 products
2022-01-02,S3A,listed,208 products
2022-01-02,S3B,listed,219 products
2022-01-03,S3A,listed,208 products
2022-01-03,S3B,listed,171 products
2022-01-04,S3A,listed,188 products
2022-01-04,S3B,listed,195 products
2022-01-05,S3A,listed,176 products
2022-01-05,S3B,listed,221 products
2022-01-06,S3A,listed,201 products
2022-01-06,S3B,listed,167 products
2022-01-07,S3A,listed,204 products
2022-01-07,S3B,listed,173 products
2022-01-08,S3A,listed,211 products
2022-01-08,S3B,listed,185 products
2022-01-09,S3A,listed,206 products
2022-01-09,S3B,listed,187 products
2022-01-10,S3A,listed,136 products
2022-01-10,S3B,listed,143 products
2022-01-11,S3A,listed,203 products
2022-01-11,S3B,listed,173 products
2022-01-12,S3A,listed,180 products
2022-01-12,S3B,listed,159 products
2022-01-13,S3A,listed,150 products
2022-01-13,S3B,listed,192 products
2022-01-14,S3A,listed,194 products
2022-01-14,S3B,listed,185 products
2022-01-15,S3A,listed,206 products
2022-01-15,S3B,listed,177 products
2022-01-16,S3A,listed,192 products
2022-01-16,S3B,listed,150 products
2022-01-17,S3A,listed,181 products
2022-01-17,S3B,listed,180 products
2022-01-18,S3A,listed,160 products
2022-01-18,S3B,listed,193 products
2022-01-19,S3A,listed,157 products
2022-01-19,S3B,listed,182 products
2022-01-20,S3A,listed,192 products
2022-01-20,S3B,listed,199 products
2022-01-21,S3A,listed,137 products
2022-01-21,S3B,listed,170 products
2022-01-22,S3A,listed,206 products
2022-01-22,S3B,listed,199 products
2022-01-23,S3A,listed,171 products
2022-01-23,S3B,listed,168 products
2022-01-24,S3A,listed,175 products
2022-01-24,S3B,listed,180 products
2022-01-25,S3A,listed,210 products
2022-01-25,S3B,listed,218 products
2022-01-26,S3A,listed,219 products
2022-01-26,S3B,listed,212 products
2022-01-27,S3A,listed,216 products
2022-01-27,S3B,listed,210 products
2022-01-28,S3A,listed,213 products
2022-01-28,S3B,listed,217 products
2022-01-29,S3A,listed,188 products
2022-01-29,S3B,listed,186 products
2022-01-30,S3A,listed,188 products
2022-01-30,S3B,listed,171 products
2022-01-31,S3A,listed,222 products
2022-01-31,S3B,listed,198 products
2022-02-01,S3A,listed,207 products
2022-02-01,S3B,listed,187 products
2022-02-02,S3A,listed,121 products
2022-02-02,S3B,listed,145 products
2022-02-03,S3A,listed,172 products
2022-02-03,S3B,listed,153 products
2022-02-04,S3A,listed,179 products
2022-02-04,S3B,listed,166 products
2022-02-05,S3A,listed,206 products
2022-02-05,S3B,listed,162 products
2022-02-06,S3A,listed,207 products
2022-02-06,S3B,listed,206 products
2022-02-07,S3A,listed,217 products
2022-02-07,S3B,listed,215 products
2022-02-08,S3A,listed,226 products
2022-02-08,S3B,listed,226 products
2022-02-09,S3A,listed,224 products
2022-02-09,S3B,listed,233 products
2022-02-10,S3A,listed,230 products
2022-02-10,S3B,listed,229 products
2022-02-11,S3A,listed,232 products
2022-02-11,S3B,listed,223 products
2022-02-12,S3A,listed,224 products
2022-02-12,S3B,listed,220 products
2022-02-13,S3A,listed,217 products
2022-02-13,S3B,listed,222 products
2022-02-14,S3A,listed,0 products
2022-02-14,S3B,listed,0 products
2022-02-15,S3A,listed,121 products
2022-02-15,S3B,listed,127 products
2022-02-16,S3A,listed,210 products
2022-02-16,S3B,listed,214 products
2022-02-17,S3A,listed,210 products
2022-02-17,S3B,listed,219 products
2022-02-18,S3A,listed,219 products
2022-02-18,S3B,listed,212 products
2022-02-19,S3A,listed,216 products
2022-02-19,S3B,listed,210 products
2022-02-20,S3A,listed,210 products
2022-02-20,S3B,listed,216 products
2022-02-21,S3A,listed,211 products
2022-02-21,S3B,listed,218 products
2022-02-22,S3A,listed,219 products
2022-02-22,S3B,listed,211 products
2022-02-23,S3A,listed,215 products
2022-02-23,S3B,listed,210 products
2022-02-24,S3A,listed,210 products
2022-02-24,S3B,listed,217 products
2022-02-25,S3A,listed,228 products
2022-02-25,S3B,listed,231 products
2022-02-26,S3A,listed,232 products
2022-02-26,S3B,listed,224 products
2022-02-27,S3A,listed,228 products
2022-02-27,S3B,listed,224 products
2022-02-28,S3A,listed,224 products
2022-02-28,S3B,listed,233 products
2022-03-01,S3A,listed,229 products
2022-03-01,S3B,listed,231 products
2022-03-02,S3A,listed,233 products
2022-03-02,S3B,listed,223 products
2022-03-03,S3A,listed,226 products
2022-03-03,S3B,listed,226 products
2022-03-04,S3A,listed,224 products
2022-03-04,S3B,listed,232 products
2022-03-05,S3A,listed,230 products
2022-03-05,S3B,listed,230 products
2022-03-06,S3A,listed,233 products
2022-03-06,S3B,listed,254 products
2022-03-07,S3A,listed,225 products
2022-03-07,S3B,listed,227 products
2022-03-08,S3A,listed,224 products
2022-03-08,S3B,listed,233 products
2022-03-09,S3A,listed,231 products
2022-03-09,S3B,listed,228 products
2022-03-10,S3A,listed,232 products
2022-03-10,S3B,listed,224 products
2022-03-11,S3A,listed,219 products
2022-03-11,S3B,listed,237 products
2022-03-12,S3A,listed,210 products
2022-03-12,S3B,listed,219 products
2022-03-13,S3A,listed,219 products
2022-03-13,S3B,listed,212 products
2022-03-14,S3A,listed,216 products
2022-03-14,S3B,listed,210 products
2022-03-15,S3A,listed,203 products
2022-03-15,S3B,listed,215 products
2022-03-16,S3A,listed,211 products
2022-03-16,S3B,listed,219 products
2022-03-17,S3A,listed,219 products
2022-03-17,S3B,listed,211 products
2022-03-18,S3A,listed,215 products
2022-03-18,S3B,listed,210 products
2022-03-19,S3A,listed,210 products
2022-03-19,S3B,listed,217 products
2022-03-20,S3A,listed,225 products
2022-03-20,S3B,listed,230 products
2022-03-21,S3A,listed,233 products
2022-03-21,S3B,listed,224 products
2022-03-22,S3A,listed,228 products
2022-03-22,S3B,listed,224 products
2022-03-23,S3A,listed,224 products
2022-03-23,S3B,listed,233 products
2022-03-24,S3A,listed,229 products
2022-03-24,S3B,listed,231 products
2022-03-25,S3A,listed,232 products
2022-03-25,S3B,listed,224 products
2022-03-26,S3A,listed,227 products
2022-03-26,S3B,listed,225 products
2022-03-27,S3A,listed,224 products
2022-03-27,S3B,listed,232 products
2022-03-28,S3A,listed,230 products
2022-03-28,S3B,listed,230 products
2022-03-29,S3A,listed,233 products
2022-03-29,S3B,listed,224 products
2022-03-30,S3A,listed,225 products
2022-03-30,S3B,listed,225 products
2022-03-31,S3A,listed,224 products
2022-03-31,S3B,listed,232 products
2022-04-01,S3A,listed,231 products
2022-04-01,S3B,listed,229 products
2022-04-02,S3A,listed,233 products
2022-04-02,S3B,listed,224 products
2022-04-03,S3A,listed,224 products
2022-04-03,S3B,listed,228 products
2022-04-04,S3A,listed,224 products
2022-04-04,S3B,listed,233 products
2022-04-05,S3A,listed,232 products
2022-04-05,S3B,listed,227 products
2022-04-06,S3A,listed,226 products
2022-04-06,S3B,listed,217 products
2022-04-07,S3A,listed,210 products
2022-04-07,S3B,listed,215 products
2022-04-08,S3A,listed,211 products
2022-04-08,S3B,listed,219 products
2022-04-09,S3A,listed,219 products
2022-04-09,S3B,listed,211 products
2022-04-10,S3A,listed,215 products
2022-04-10,S3B,listed,210 products
2022-04-11,S3A,listed,210 products
2022-04-11,S3B,listed,216 products
2022-04-12,S3A,listed,212 products
2022-04-12,S3B,listed,219 products
2022-04-13,S3A,listed,220 products
2022-04-13,S3B,listed,210 products
2022-04-14,S3A,listed,228 products
2022-04-14,S3B,listed,224 products
2022-04-15,S3A,listed,222 products
2022-04-15,S3B,listed,233 products
2022-04-16,S3A,listed,228 products
2022-04-16,S3B,listed,230 products
2022-04-17,S3A,listed,233 products
2022-04-17,S3B,listed,224 products
2022-04-18,S3A,listed,227 products
2022-04-18,S3B,listed,224 products
2022-04-19,S3A,listed,224 products
2022-04-19,S3B,listed,234 products
2022-04-20,S3A,listed,230 products
2022-04-20,S3B,listed,230 products
2022-04-21,S3A,listed,232 products
2022-04-21,S3B,listed,224 products
2022-04-22,S3A,listed,226 products
2022-04-22,S3B,listed,226 products
2022-04-23,S3A,listed,224 products
2022-04-23,S3B,listed,233 products
2022-04-24,S3A,listed,231 products
2022-04-24,S3B,listed,229 products
2022-04-25,S3A,listed,220 products
2022-04-25,S3B,listed,223 products
2022-04-26,S3A,listed,239 products
2022-04-26,S3B,listed,228 products
2022-04-27,S3A,listed,224 products
2022-04-27,S3B,listed,232 products
2022-04-28,S3A,listed,232 products
2022-04-28,S3B,listed,228 products
2022-04-29,S3A,listed,232 products
2022-04-29,S3B,listed,224 products
2022-04-30,S3A,listed,224 products
2022-04-30,S3B,listed,229 products
2022-05-01,S3A,listed,224 products
2022-05-01,S3B,listed,233 products
2022-05-02,S3A,listed,233 products
2022-05-02,S3B,listed,226 products
2022-05-03,S3A,listed,231 products
2022-05-03,S3B,listed,223 products
2022-05-04,S3A,listed,224 products
2022-05-04,S3B,listed,230 products
2022-05-05,S3A,listed,226 products
2022-05-05,S3B,listed,233 products
2022-05-06,S3A,listed,233 products
2022-05-06,S3B,listed,225 products
2022-05-07,S3A,listed,229 products
2022-05-07,S3B,listed,224 products
2022-05-08,S3A,listed,224 products
2022-05-08,S3B,listed,231 products
2022-05-09,S3A,listed,215 products
2022-05-09,S3B,listed,220 products
2022-05-10,S3A,listed,219 products
2022-05-10,S3B,listed,210 products
2022-05-11,S3A,listed,213 products
2022-05-11,S3B,listed,210 products
2022-05-12,S3A,listed,210 products
2022-05-12,S3B,listed,219 products
2022-05-13,S3A,listed,214 products
2022-05-13,S3B,listed,216 products
2022-05-14,S3A,listed,219 products
2022-05-14,S3B,listed,210 products
2022-05-15,S3A,listed,212 products
2022-05-15,S3B,listed,211 products
2022-05-16,S3A,listed,210 products
2022-05-16,S3B,listed,219 products
2022-05-17,S3A,listed,225 products
2022-05-17,S3B,listed,223 products
2022-05-18,S3A,listed,232 products
2022-05-18,S3B,listed,224 products
2022-05-19,S3A,listed,225 products
2022-05-19,S3B,listed,227 products
2022-05-20,S3A,listed,223 products
2022-05-20,S3B,listed,233 products
2022-05-21,S3A,listed,226 products
2022-05-21,S3B,listed,228 products
2022-05-22,S3A,listed,232 products
2022-05-22,S3B,listed,224 products
2022-05-23,S3A,listed,224 products
2022-05-23,S3B,listed,229 products
2022-05-24,S3A,listed,224 products
2022-05-24,S3B,listed,232 products
2022-05-25,S3A,listed,233 products
2022-05-25,S3B,listed,227 products
2022-05-26,S3A,listed,231 products
2022-05-26,S3B,listed,224 products
2022-05-27,S3A,listed,224 products
2022-05-27,S3B,listed,230 products
2022-05-28,S3A,listed,226 products
2022-05-28,S3B,listed,233 products
2022-05-29,S3A,listed,231 products
2022-05-29,S3B,listed,225 products
2022-05-30,S3A,listed,230 products
2022-05-30,S3B,listed,224 products
2022-05-31,S3A,listed,224 products
2022-05-31,S3B,listed,230 products
2022-06-01,S3A,listed,227 products
2022-06-01,S3B,listed,233 products
2022-06-02,S3A,listed,233 products
2022-06-02,S3B,listed,224 products
2022-06-03,S3A,listed,228 products
2022-06-03,S3B,listed,224 products
2022-06-04,S3A,listed,224 products
2022-06-04,S3B,listed,232 products
2022-06-05,S3A,listed,228 products
2022-06-05,S3B,listed,232 products
2022-06-06,S3A,listed,233 products
2022-06-06,S3B,listed,224 products
2022-06-07,S3A,listed,227 products
2022-06-07,S3B,listed,224 products
2022-06-08,S3A,listed,224 products
2022-06-08,S3B,listed,234 products
2022-06-09,S3A,listed,229 products
2022-06-09,S3B,listed,230 products
2022-06-10,S3A,listed,233 products
2022-06-10,S3B,listed,224 products
2022-06-11,S3A,listed,226 products
2022-06-11,S3B,listed,226 products
2022-06-12,S3A,listed,224 products
2022-06-12,S3B,listed,233 products
2022-06-13,S3A,listed,231 products
2022-06-13,S3B,listed,229 products
2022-06-14,S3A,listed,232 products
2022-06-14,S3B,listed,224 products
2022-06-15,S3A,listed,225 products
2022-06-15,S3B,listed,227 products
2022-06-16,S3A,listed,224 products
2022-06-16,S3B,listed,233 products
2022-06-17,S3A,listed,232 products
2022-06-17,S3B,listed,228 products
2022-06-18,S3A,listed,232 products
2022-06-18,S3B,listed,224 products
2022-06-19,S3A,listed,224 products
2022-06-19,S3B,listed,229 products
2022-06-20,S3A,listed,224 products
2022-06-20,S3B,listed,232 products
2022-06-21,S3A,listed,233 products
2022-06-21,S3B,listed,227 products
2022-06-22,S3A,listed,231 products
2022-06-22,S3B,listed,224 products
2022-06-23,S3A,listed,224 products
2022-06-23,S3B,listed,230 products
2022-06-24,S3A,listed,226 products
2022-06-24,S3B,listed,233 products
2022-06-25,S3A,listed,232 products
2022-06-25,S3B,listed,225 products
2022-06-26,S3A,listed,230 products
2022-06-26,S3B,listed,224 products
2022-06-27,S3A,listed,259 products
2022-06-27,S3B,listed,231 products
2022-06-28,S3A,listed,242 products
2022-06-28,S3B,listed,233 products
2022-06-29,S3A,listed,233 products
2022-06-29,S3B,listed,224 products
2022-06-30,S3A,listed,228 products
2022-06-30,S3B,listed,224 products
2022-07-01,S3A,listed,224 products
2022-07-01,S3B,listed,232 products
2022-07-02,S3A,listed,228 products
2022-07-02,S3B,listed,232 products
2022-07-03,S3A,listed,233 products
2022-07-03,S3B,listed,224 products
2022-07-04,S3A,listed,227 products
2022-07-04,S3B,listed,224 products
2022-07-05,S3A,listed,206 products
2022-07-05,S3B,listed,234 products
2022-07-06,S3A,listed,228 products
2022-07-06,S3B,listed,230 products
2022-07-07,S3A,listed,233 products
2022-07-07,S3B,listed,224 products
2022-07-08,S3A,listed,226 products
2022-07-08,S3B,listed,226 products
2022-07-09,S3A,listed,224 products
2022-07-09,S3B,listed,233 products
2022-07-10,S3A,listed,231 products
2022-07-10,S3B,listed,229 products
2022-07-11,S3A,listed,232 products
2022-07-11,S3B,listed,224 products
2022-07-12,S3A,listed,225 products
2022-07-12,S3B,listed,227 products
2022-07-13,S3A,listed,224 products
2022-07-13,S3B,listed,233 products
2022-07-14,S3A,listed,232 products
2022-07-14,S3B,listed,228 products
2022-07-15,S3A,listed,232 products
2022-07-15,S3B,listed,224 products
2022-07-16,S3A,listed,224 products
2022-07-16,S3B,listed,229 products
2022-07-17,S3A,listed,224 products
2022-07-17,S3B,listed,232 products
2022-07-18,S3A,listed,233 products
2022-07-18,S3B,listed,227 products
2022-07-19,S3A,listed,231 products
2022-07-19,S3B,listed,224 products
2022-07-20,S3A,listed,224 products
2022-07-20,S3B,listed,230 products
2022-07-21,S3A,listed,226 products
2022-07-21,S3B,listed,233 products
2022-07-22,S3A,listed,232 products
2022-07-22,S3B,listed,225 products
2022-07-23,S3A,listed,230 products
2022-07-23,S3B,listed,224 products
2022-07-24,S3A,listed,224 products
2022-07-24,S3B,listed,231 products
2022-07-25,S3A,listed,227 products
2022-07-25,S3B,listed,233 products
2022-07-26,S3A,listed,233 products
2022-07-26,S3B,listed,224 products
2022-07-27,S3A,listed,228 products
2022-07-27,S3B,listed,224 products
2022-07-28,S3A,listed,224 products
2022-07-28,S3B,listed,232 products
2022-07-29,S3A,listed,215 products
2022-07-29,S3B,listed,219 products
2022-07-30,S3A,listed,219 products
2022-07-30,S3B,listed,210 products
2022-07-31,S3A,listed,213 products
2022-07-31,S3B,listed,210 products
2022-08-01,S3A,listed,210 products
2022-08-01,S3B,listed,219 products
2022-08-02,S3A,listed,203 products
2022-08-02,S3B,listed,216 products
2022-08-03,S3A,listed,219 products
2022-08-03,S3B,listed,210 products
2022-08-04,S3A,listed,212 products
2022-08-04,S3B,listed,211 products
2022-08-05,S3A,listed,210 products
2022-08-05,S3B,listed,219 products
2022-08-06,S3A,listed,216 products
2022-08-06,S3B,listed,215 products
2022-08-07,S3A,listed,225 products
2022-08-07,S3B,listed,217 products
2022-08-08,S3A,listed,226 products
2022-08-08,S3B,listed,226 products
2022-08-09,S3A,listed,224 products
2022-08-09,S3B,listed,233 products
2022-08-10,S3A,listed,231 products
2022-08-10,S3B,listed,229 products
2022-08-11,S3A,listed,233 products
2022-08-11,S3B,listed,224 products
2022-08-12,S3A,listed,224 products
2022-08-12,S3B,listed,228 products
2022-08-13,S3A,listed,224 products
2022-08-13,S3B,listed,232 products
2022-08-14,S3A,listed,232 products
2022-08-14,S3B,listed,228 products
2022-08-15,S3A,listed,232 products
2022-08-15,S3B,listed,224 products
2022-08-16,S3A,listed,224 products
2022-08-16,S3B,listed,229 products
2022-08-17,S3A,listed,224 products
2022-08-17,S3B,listed,233 products
2022-08-18,S3A,listed,233 products
2022-08-18,S3B,listed,226 products
2022-08-19,S3A,listed,231 products
2022-08-19,S3B,listed,224 products
2022-08-20,S3A,listed,224 products
2022-08-20,S3B,listed,230 products
2022-08-21,S3A,listed,226 products
2022-08-21,S3B,listed,233 products
2022-08-22,S3A,listed,233 products
2022-08-22,S3B,listed,225 products
2022-08-23,S3A,listed,229 products
2022-08-23,S3B,listed,224 products
2022-08-24,S3A,listed,224 products
2022-08-24,S3B,listed,231 products
2022-08-25,S3A,listed,227 products
2022-08-25,S3B,listed,233 products
2022-08-26,S3A,listed,233 products
2022-08-26,S3B,listed,224 products
2022-08-27,S3A,listed,228 products
2022-08-27,S3B,listed,224 products
2022-08-28,S3A,listed,221 products
2022-08-28,S3B,listed,211 products
2022-08-29,S3A,listed,219 products
2022-08-29,S3B,listed,221 products
2022-08-30,S3A,listed,219 products
2022-08-30,S3B,listed,210 products
2022-08-31,S3A,listed,213 products
2022-08-31,S3B,listed,210 products
2022-09-01,S3A,listed,210 products
2022-09-01,S3B,listed,219 products
2022-09-02,S3A,listed,215 products
2022-09-02,S3B,listed,216 products
2022-09-03,S3A,listed,218 products
2022-09-03,S3B,listed,210 products
2022-09-04,S3A,listed,212 products
2022-09-04,S3B,listed,211 products
2022-09-05,S3A,listed,223 products
2022-09-05,S3B,listed,233 products
2022-09-06,S3A,listed,230 products
2022-09-06,S3B,listed,230 products
2022-09-07,S3A,listed,233 products
2022-09-07,S3B,listed,224 products
2022-09-08,S3A,listed,225 products
2022-09-08,S3B,listed,227 products
2022-09-09,S3A,listed,224 products
2022-09-09,S3B,listed,232 products
2022-09-10,S3A,listed,231 products
2022-09-10,S3B,listed,229 products
2022-09-11,S3A,listed,233 products
2022-09-11,S3B,listed,224 products
2022-09-12,S3A,listed,224 products
2022-09-12,S3B,listed,228 products
2022-09-13,S3A,listed,224 products
2022-09-13,S3B,listed,233 products
2022-09-14,S3A,listed,246 products
2022-09-14,S3B,listed,227 products
2022-09-15,S3A,listed,232 products
2022-09-15,S3B,listed,224 products
2022-09-16,S3A,listed,224 products
2022-09-16,S3B,listed,229 products
2022-09-17,S3A,listed,224 products
2022-09-17,S3B,listed,233 products
2022-09-18,S3A,listed,234 products
2022-09-18,S3B,listed,226 products
2022-09-19,S3A,listed,230 products
2022-09-19,S3B,listed,224 products
2022-09-20,S3A,listed,224 products
2022-09-20,S3B,listed,230 products
2022-09-21,S3A,listed,226 products
2022-09-21,S3B,listed,233 products
2022-09-22,S3A,listed,231 products
2022-09-22,S3B,listed,223 products
2022-09-23,S3A,listed,215 products
2022-09-23,S3B,listed,210 products
2022-09-24,S3A,listed,210 products
2022-09-24,S3B,listed,217 products
2022-09-25,S3A,listed,212 products
2022-09-25,S3B,listed,218 products
2022-09-26,S3A,listed,219 products
2022-09-26,S3B,listed,210 products
2022-09-27,S3A,listed,214 products
2022-09-27,S3B,listed,210 products
2022-09-28,S3A,listed,211 products
2022-09-28,S3B,listed,219 products
2022-09-29,S3A,listed,228 products
2022-09-29,S3B,listed,232 products
2022-09-30,S3A,listed,232 products
2022-09-30,S3B,listed,224 products
2022-10-01,S3A,listed,228 products
2022-10-01,S3B,listed,224 products
2022-10-02,S3A,listed,220 products
2022-10-02,S3B,listed,233 products
2022-10-03,S3A,listed,229 products
2022-10-03,S3B,listed,231 products
2022-10-04,S3A,listed,233 products
2022-10-04,S3B,listed,224 products
2022-10-05,S3A,listed,226 products
2022-10-05,S3B,listed,226 products
2022-10-06,S3A,listed,224 products
2022-10-06,S3B,listed,232 products
2022-10-07,S3A,listed,230 products
2022-10-07,S3B,listed,230 products
2022-10-08,S3A,listed,165 products
2022-10-08,S3B,listed,154 products
2022-10-09,S3A,listed,0 products
2022-10-09,S3B,listed,1 products
2022-10-10,S3A,listed,223 products
2022-10-10,S3B,listed,233 products
2022-10-11,S3A,listed,231 products
2022-10-11,S3B,listed,226 products
2022-10-12,S3A,listed,233 products
2022-10-12,S3B,listed,223 products
2022-10-13,S3A,listed,224 products
2022-10-13,S3B,listed,228 products
2022-10-14,S3A,listed,224 products
2022-10-14,S3B,listed,233 products
2022-10-15,S3A,listed,0 products
2022-10-15,S3B,listed,0 products
2022-10-16,S3A,listed,0 products
2022-10-16,S3B,listed,0 products
2022-10-17,S3A,listed,0 products
2022-10-17,S3B,listed,0 products
2022-10-18,S3A,listed,0 products
2022-10-18,S3B,listed,0 products
2022-10-19,S3A,listed,0 products
2022-10-19,S3B,listed,0 products
2022-10-20,S3A,listed,0 products
2022-10-20,S3B,listed,0 products
2022-10-21,S3A,listed,0 products
2022-10-21,S3B,listed,0 products
2022-10-22,S3A,listed,0 products
2022-10-22,S3B,listed,0 products
2022-10-23,S3A,listed,0 products
2022-10-23,S3B,listed,0 products
2022-10-24,S3A,listed,0 products
2022-10-24,S3B,listed,0 products
2022-10-25,S3A,listed,0 products
2022-10-25,S3B,listed,0 products
2022-10-26,S3A,listed,0 products
2022-10-26,S3B,listed,0 products
2022-10-27,S3A,listed,0 products
2022-10-27,S3B,listed,0 products
2022-10-28,S3A,listed,0 products
2022-10-28,S3B,listed,0 products
2022-10-29,S3A,listed,0 products
2022-10-29,S3B,listed,0 products
2022-10-30,S3A,listed,0 products
2022-10-30,S3B,listed,0 products
2022-10-31,S3A,listed,0 products
2022-10-31,S3B,listed,0 products
2022-11-01,S3A,listed,0 products
2022-11-01,S3B,listed,0 products
2022-11-02,S3A,listed,0 products
2022-11-02,S3B,listed,0 products
2022-11-03,S3A,listed,0 products
2022-11-03,S3B,listed,0 products
2022-11-04,S3A,listed,0 products
2022-11-04,S3B,listed,0 products
2022-11-05,S3A,listed,0 products
2022-11-05,S3B,listed,0 products
2022-11-06,S3A,listed,0 products
2022-11-06,S3B,listed,0 products
2022-11-07,S3A,listed,0 products
2022-11-07,S3B,listed,0 products
2022-11-08,S3A,listed,0 products
2022-11-08,S3B,listed,0 products
2022-11-09,S3A,listed,0 products
2022-11-09,S3B,listed,0 products
2022-11-10,S3A,listed,0 products
2022-11-10,S3B,listed,0 products
2022-11-11,S3A,listed,0 products
2022-11-11,S3B,listed,0 products
2022-11-12,S3A,listed,0 products
2022-11-12,S3B,listed,0 products
2022-11-13,S3A,listed,2 products
2022-11-13,S3B,listed,4 products
2022-11-14,S3A,listed,0 products
2022-11-14,S3B,listed,0 products
2022-11-15,S3A,listed,0 products
2022-11-15,S3B,listed,0 products
2022-11-16,S3A,listed,0 products
2022-11-16,S3B,listed,0 products
2022-11-17,S3A,listed,0 products
2022-11-17,S3B,listed,0 products
2022-11-18,S3A,listed,0 products
2022-11-18,S3B,listed,0 products
2022-11-19,S3A,listed,0 products
2022-11-19,S3B,listed,0 products
2022-11-20,S3A,listed,20 products
2022-11-20,S3B,listed,19 products
2022-11-21,S3A,listed,0 products
2022-11-21,S3B,listed,0 products
2022-11-22,S3A,listed,0 products
2022-11-22,S3B,listed,0 products
2022-11-23,S3A,listed,0 products
2022-11-23,S3B,listed,0 products
2022-11-24,S3A,listed,0 products
2022-11-24,S3B,listed,0 products
2022-11-25,S3A,listed,0 products
2022-11-25,S3B,listed,0 products
2022-11-26,S3A,listed,0 products
2022-11-26,S3B,listed,0 products
2022-11-27,S3A,listed,0 products
2022-11-27,S3B,listed,0 products
2022-11-28,S3A,listed,0 products
2022-11-28,S3B,listed,0 products
2022-11-29,S3A,listed,0 products
2022-11-29,S3B,listed,0 products
2022-11-30,S3A,listed,0 products
2022-11-30,S3B,listed,0 products
2022-12-01,S3A,listed,0 products
2022-12-01,S3B,listed,0 products
2022-12-02,S3A,listed,0 products
2022-12-02,S3B,listed,0 products
2022-12-03,S3A,listed,0 products
2022-12-03,S3B,listed,0 products
2022-12-04,S3A,listed,0 products
2022-12-04,S3B,listed,0 products
2022-12-05,S3A,listed,0 products
2022-12-05,S3B,listed,0 products
2022-12-06,S3A,listed,0 products
2022-12-06,S3B,listed,0 products
2022-12-07,S3A,listed,0 products
2022-12-07,S3B,listed,0 products
2022-12-08,S3A,listed,0 products
2022-12-08,S3B,listed,0 products
2022-12-09,S3A,listed,1 products
2022-12-09,S3B,listed,0 products
2022-12-10,S3A,listed,42 products
2022-12-10,S3B,listed,27 products
2022-12-10,S3B,manifest-failed,NTC/S3B/OL_2_WFR___/2022/12/10/S3B_OL_2_WFR____20221210T060527_20221210T060558_20221211T231930_0031_073_333_4680_MAR_O_NT_003.SEN3/: 404 Client Error: Not Found for url: https://meeo-s3.s3.eu-central-1.amazonaws.com/NTC/S3B/OL_2_WFR___/2022/12/10/S3B_OL_2_WFR____20221210T060527_2022
2022-12-11,S3A,listed,0 products
2022-12-11,S3B,listed,0 products
2022-12-12,S3A,listed,0 products
2022-12-12,S3B,listed,0 products
2022-12-13,S3A,listed,0 products
2022-12-13,S3B,listed,0 products
2022-12-14,S3A,listed,0 products
2022-12-14,S3B,listed,1 products
2022-12-15,S3A,listed,0 products
2022-12-15,S3B,listed,0 products
2022-12-16,S3A,listed,0 products
2022-12-16,S3B,listed,0 products
2022-12-17,S3A,listed,0 products
2022-12-17,S3B,listed,0 products
2022-12-18,S3A,listed,0 products
2022-12-18,S3B,listed,0 products
2022-12-19,S3A,listed,0 products
2022-12-19,S3B,listed,0 products
2022-12-20,S3A,listed,0 products
2022-12-20,S3B,listed,0 products
2022-12-21,S3A,listed,0 products
2022-12-21,S3B,listed,0 products
2022-12-22,S3A,listed,0 products
2022-12-22,S3B,listed,0 products
2022-12-23,S3A,listed,0 products
2022-12-23,S3B,listed,0 products
2022-12-24,S3A,listed,0 products
2022-12-24,S3B,listed,0 products
2022-12-25,S3A,listed,0 products
2022-12-25,S3B,listed,0 products
2022-12-26,S3A,listed,0 products
2022-12-26,S3B,listed,0 products
2022-12-27,S3A,listed,0 products
2022-12-27,S3B,listed,0 products
2022-12-28,S3A,listed,0 products
2022-12-28,S3B,listed,0 products
2022-12-29,S3A,listed,0 products
2022-12-29,S3B,listed,0 products
2022-12-30,S3A,listed,0 products
2022-12-30,S3B,listed,0 products
2022-12-31,S3A,listed,0 products
2022-12-31,S3B,listed,0 products
2023-01-01,S3A,listed,0 products
2023-01-01,S3B,listed,0 products
2023-01-02,S3A,listed,0 products
2023-01-02,S3B,listed,0 products
2023-01-03,S3A,listed,0 products
2023-01-03,S3B,listed,0 products
2023-01-04,S3A,listed,0 products
2023-01-04,S3B,listed,0 products
2023-01-05,S3A,listed,0 products
2023-01-05,S3B,listed,0 products
2023-01-06,S3A,listed,0 products
2023-01-06,S3B,listed,0 products
2023-01-07,S3A,listed,0 products
2023-01-07,S3B,listed,0 products
2023-01-08,S3A,listed,0 products
2023-01-08,S3B,listed,0 products
2023-01-09,S3A,listed,0 products
2023-01-09,S3B,listed,0 products
2023-01-10,S3A,listed,0 products
2023-01-10,S3B,listed,0 products
2023-01-11,S3A,listed,0 products
2023-01-11,S3B,listed,0 products
2023-01-12,S3A,listed,0 products
2023-01-12,S3B,listed,0 products
2023-01-13,S3A,listed,0 products
2023-01-13,S3B,listed,0 products
2023-01-14,S3A,listed,122 products
2023-01-14,S3B,listed,114 products
2023-01-15,S3A,listed,212 products
2023-01-15,S3B,listed,219 products
2023-01-16,S3A,listed,195 products
2023-01-16,S3B,listed,196 products
2023-01-17,S3A,listed,215 products
2023-01-17,S3B,listed,198 products
2023-01-18,S3A,listed,104 products
2023-01-18,S3B,listed,142 products
2023-01-19,S3A,listed,213 products
2023-01-19,S3B,listed,192 products
2023-01-20,S3A,listed,210 products
2023-01-20,S3B,listed,206 products
2023-01-21,S3A,listed,212 products
2023-01-21,S3B,listed,209 products
2023-01-22,S3A,listed,210 products
2023-01-22,S3B,listed,218 products
2023-01-23,S3A,listed,214 products
2023-01-23,S3B,listed,217 products
2023-01-24,S3A,listed,219 products
2023-01-24,S3B,listed,210 products
2023-01-25,S3A,listed,212 products
2023-01-25,S3B,listed,211 products
2023-01-26,S3A,listed,210 products
2023-01-26,S3B,listed,219 products
2023-01-27,S3A,listed,215 products
2023-01-27,S3B,listed,215 products
2023-01-28,S3A,listed,218 products
2023-01-28,S3B,listed,210 products
2023-01-29,S3A,listed,225 products
2023-01-29,S3B,listed,225 products
2023-01-30,S3A,listed,224 products
2023-01-30,S3B,listed,233 products
2023-01-31,S3A,listed,232 products
2023-01-31,S3B,listed,228 products
2023-02-01,S3A,listed,232 products
2023-02-01,S3A,manifest-failed,"NTC/S3A/OL_2_WFR___/2023/02/01/S3A_OL_2_WFR____20230201T064046_20230201T064346_20230202T190507_0179_095_077_2880_MAR_O_NT_003.SEN3/: HTTPSConnectionPool(host='meeo-s3.s3.eu-central-1.amazonaws.com', port=443): Max retries exceeded with url: /NTC/S3A/OL_2_WFR___/2023/02/01/S3A_OL_2_W"
2023-02-01,S3B,listed,224 products
2023-02-02,S3A,listed,224 products
2023-02-02,S3B,listed,227 products
2023-02-03,S3A,listed,224 products
2023-02-03,S3B,listed,233 products
2023-02-04,S3A,listed,233 products
2023-02-04,S3B,listed,227 products
2023-02-05,S3A,listed,231 products
2023-02-05,S3B,listed,224 products
2023-02-06,S3A,listed,224 products
2023-02-06,S3B,listed,230 products
2023-02-07,S3A,listed,225 products
2023-02-07,S3B,listed,232 products
2023-02-08,S3A,listed,233 products
2023-02-08,S3B,listed,226 products
2023-02-09,S3A,listed,230 products
2023-02-09,S3B,listed,224 products
2023-02-10,S3A,listed,224 products
2023-02-10,S3B,listed,231 products
2023-02-11,S3A,listed,227 products
2023-02-11,S3B,listed,233 products
2023-02-12,S3A,listed,232 products
2023-02-12,S3B,listed,223 products
2023-02-13,S3A,listed,229 products
2023-02-13,S3B,listed,239 products
2023-02-14,S3A,listed,224 products
2023-02-14,S3B,listed,232 products
2023-02-15,S3A,listed,218 products
2023-02-15,S3B,listed,221 products
2023-02-16,S3A,listed,216 products
2023-02-16,S3B,listed,204 products
2023-02-17,S3A,listed,212 products
2023-02-17,S3B,listed,210 products
2023-02-18,S3A,listed,210 products
2023-02-18,S3B,listed,218 products
2023-02-19,S3A,listed,215 products
2023-02-19,S3B,listed,216 products
2023-02-20,S3A,listed,219 products
2023-02-20,S3B,listed,210 products
2023-02-21,S3A,listed,211 products
2023-02-21,S3B,listed,212 products
2023-02-22,S3A,listed,210 products
2023-02-22,S3B,listed,219 products
2023-02-23,S3A,listed,215 products
2023-02-23,S3B,listed,214 products
2023-02-24,S3A,listed,219 products
2023-02-24,S3B,listed,210 products
2023-02-25,S3A,listed,222 products
2023-02-25,S3B,listed,225 products
2023-02-26,S3A,listed,191 products
2023-02-26,S3B,listed,217 products
2023-02-27,S3A,listed,233 products
2023-02-27,S3B,listed,227 products
2023-02-28,S3A,listed,231 products
2023-02-28,S3B,listed,224 products
2023-03-01,S3A,listed,224 products
2023-03-01,S3B,listed,229 products
2023-03-02,S3A,listed,224 products
2023-03-02,S3B,listed,233 products
2023-03-03,S3A,listed,214 products
2023-03-03,S3B,listed,225 products
2023-03-04,S3A,listed,230 products
2023-03-04,S3B,listed,224 products
2023-03-05,S3A,listed,224 products
2023-03-05,S3B,listed,231 products
2023-03-06,S3A,listed,226 products
2023-03-06,S3B,listed,232 products
2023-03-07,S3A,listed,233 products
2023-03-07,S3B,listed,225 products
2023-03-08,S3A,listed,215 products
2023-03-08,S3B,listed,208 products
2023-03-09,S3A,listed,219 products
2023-03-09,S3B,listed,228 products
2023-03-10,S3A,listed,220 products
2023-03-10,S3B,listed,215 products
2023-03-11,S3A,listed,206 products
2023-03-11,S3B,listed,208 products
2023-03-12,S3A,listed,213 products
2023-03-12,S3B,listed,210 products
2023-03-13,S3A,listed,208 products
2023-03-13,S3B,listed,218 products
2023-03-14,S3A,listed,215 products
2023-03-14,S3B,listed,216 products
2023-03-15,S3A,listed,219 products
2023-03-15,S3B,listed,210 products
2023-03-16,S3A,listed,211 products
2023-03-16,S3B,listed,212 products
2023-03-17,S3A,listed,208 products
2023-03-17,S3B,listed,216 products
2023-03-18,S3A,listed,216 products
2023-03-18,S3B,listed,215 products
2023-03-19,S3A,listed,219 products
2023-03-19,S3B,listed,210 products
2023-03-20,S3A,listed,191 products
2023-03-20,S3B,listed,209 products
2023-03-21,S3A,listed,223 products
2023-03-21,S3B,listed,233 products
2023-03-22,S3A,listed,232 products
2023-03-22,S3B,listed,227 products
2023-03-23,S3A,listed,232 products
2023-03-23,S3B,listed,224 products
2023-03-24,S3A,listed,224 products
2023-03-24,S3B,listed,229 products
2023-03-25,S3A,listed,224 products
2023-03-25,S3B,listed,233 products
2023-03-26,S3A,listed,234 products
2023-03-26,S3B,listed,226 products
2023-03-27,S3A,listed,230 products
2023-03-27,S3B,listed,224 products
2023-03-28,S3A,listed,224 products
2023-03-28,S3B,listed,230 products
2023-03-29,S3A,listed,226 products
2023-03-29,S3B,listed,233 products
2023-03-30,S3A,listed,233 products
2023-03-30,S3B,listed,225 products
2023-03-31,S3A,listed,229 products
2023-03-31,S3B,listed,224 products
2023-04-01,S3A,listed,224 products
2023-04-01,S3B,listed,232 products
2023-04-02,S3A,listed,227 products
2023-04-02,S3B,listed,232 products
2023-04-03,S3A,listed,233 products
2023-04-03,S3B,listed,225 products
2023-04-04,S3A,listed,228 products
2023-04-04,S3B,listed,224 products
2023-04-05,S3A,listed,224 products
2023-04-05,S3B,listed,233 products
2023-04-06,S3A,listed,227 products
2023-04-06,S3B,listed,228 products
2023-04-07,S3A,listed,218 products
2023-04-07,S3B,listed,210 products
2023-04-08,S3A,listed,212 products
2023-04-08,S3B,listed,211 products
2023-04-09,S3A,listed,210 products
2023-04-09,S3B,listed,219 products
2023-04-10,S3A,listed,216 products
2023-04-10,S3B,listed,215 products
2023-04-11,S3A,listed,219 products
2023-04-11,S3B,listed,210 products
2023-04-12,S3A,listed,210 products
2023-04-12,S3B,listed,213 products
2023-04-13,S3A,listed,210 products
2023-04-13,S3B,listed,218 products
2023-04-14,S3A,listed,228 products
2023-04-14,S3B,listed,224 products
2023-04-15,S3A,listed,232 products
2023-04-15,S3B,listed,224 products
2023-04-16,S3A,listed,224 products
2023-04-16,S3B,listed,229 products
2023-04-17,S3A,listed,224 products
2023-04-17,S3B,listed,233 products
2023-04-18,S3A,listed,233 products
2023-04-18,S3B,listed,226 products
2023-04-19,S3A,listed,231 products
2023-04-19,S3B,listed,224 products
2023-04-20,S3A,listed,223 products
2023-04-20,S3B,listed,229 products
2023-04-21,S3A,listed,226 products
2023-04-21,S3B,listed,233 products
2023-04-22,S3A,listed,233 products
2023-04-22,S3B,listed,225 products
2023-04-23,S3A,listed,229 products
2023-04-23,S3B,listed,224 products
2023-04-24,S3A,listed,224 products
2023-04-24,S3B,listed,231 products
2023-04-25,S3A,listed,227 products
2023-04-25,S3B,listed,233 products
2023-04-26,S3A,listed,179 products
2023-04-26,S3B,listed,183 products
2023-04-27,S3A,listed,261 products
2023-04-27,S3B,listed,176 products
2023-04-28,S3A,listed,111 products
2023-04-28,S3B,listed,0 products
2023-04-29,S3A,listed,136 products
2023-04-29,S3B,listed,0 products
2023-04-30,S3A,listed,104 products
2023-04-30,S3B,listed,30 products
2023-05-01,S3A,listed,115 products
2023-05-01,S3B,listed,1 products
2023-05-02,S3A,listed,112 products
2023-05-02,S3B,listed,62 products
2023-05-03,S3A,listed,70 products
2023-05-03,S3B,listed,63 products
2023-05-04,S3A,listed,194 products
2023-05-04,S3B,listed,172 products
2023-05-05,S3A,listed,139 products
2023-05-05,S3B,listed,128 products
2023-05-06,S3A,listed,163 products
2023-05-06,S3B,listed,208 products
2023-05-07,S3A,listed,149 products
2023-05-07,S3B,listed,128 products
2023-05-08,S3A,listed,110 products
2023-05-08,S3B,listed,135 products
2023-05-09,S3A,listed,51 products
2023-05-09,S3B,listed,33 products
2023-05-10,S3A,listed,206 products
2023-05-10,S3B,listed,203 products
2023-05-11,S3A,listed,218 products
2023-05-11,S3B,listed,213 products
2023-05-12,S3A,listed,217 products
2023-05-12,S3B,listed,210 products
2023-05-13,S3A,listed,210 products
2023-05-13,S3B,listed,215 products
2023-05-14,S3A,listed,211 products
2023-05-14,S3B,listed,219 products
2023-05-15,S3A,listed,231 products
2023-05-15,S3B,listed,225 products
2023-05-16,S3A,listed,217 products
2023-05-16,S3B,listed,210 products
2023-05-17,S3A,listed,214 products
2023-05-17,S3B,listed,219 products
2023-05-18,S3A,listed,227 products
2023-05-18,S3B,listed,233 products
2023-05-19,S3A,listed,233 products
2023-05-19,S3B,listed,216 products
2023-05-20,S3A,listed,215 products
2023-05-20,S3B,listed,224 products
2023-05-21,S3A,listed,142 products
2023-05-21,S3B,listed,139 products
2023-05-22,S3A,listed,1 products
2023-05-22,S3B,listed,0 products
2023-05-23,S3A,listed,233 products
2023-05-23,S3B,listed,224 products
2023-05-24,S3A,listed,50 products
2023-05-24,S3B,listed,0 products
2023-05-25,S3A,listed,224 products
2023-05-25,S3B,listed,234 products
2023-05-26,S3A,listed,229 products
2023-05-26,S3B,listed,230 products
2023-05-27,S3A,listed,143 products
2023-05-27,S3B,listed,130 products
2023-05-28,S3A,listed,224 products
2023-05-28,S3B,listed,226 products
2023-05-29,S3A,listed,224 products
2023-05-29,S3B,listed,233 products
2023-05-30,S3A,listed,225 products
2023-05-30,S3B,listed,211 products
2023-05-31,S3A,listed,201 products
2023-05-31,S3B,listed,208 products
2023-06-01,S3A,listed,222 products
2023-06-01,S3B,listed,223 products
2023-06-02,S3A,listed,224 products
2023-06-02,S3B,listed,233 products
2023-06-03,S3A,listed,217 products
2023-06-03,S3B,listed,213 products
2023-06-04,S3A,listed,220 products
2023-06-04,S3B,listed,219 products
2023-06-05,S3A,listed,221 products
2023-06-05,S3B,listed,220 products
2023-06-06,S3A,listed,186 products
2023-06-06,S3B,listed,199 products
2023-06-07,S3A,listed,179 products
2023-06-07,S3B,listed,200 products
2023-06-08,S3A,listed,231 products
2023-06-08,S3B,listed,224 products
2023-06-09,S3A,listed,224 products
2023-06-09,S3B,listed,230 products
2023-06-10,S3A,listed,226 products
2023-06-10,S3B,listed,233 products
2023-06-11,S3A,listed,232 products
2023-06-11,S3B,listed,225 products
2023-06-12,S3A,listed,230 products
2023-06-12,S3B,listed,224 products
2023-06-13,S3A,listed,224 products
2023-06-13,S3B,listed,231 products
2023-06-14,S3A,listed,226 products
2023-06-14,S3B,listed,232 products
2023-06-15,S3A,listed,230 products
2023-06-15,S3B,listed,224 products
2023-06-16,S3A,listed,46 products
2023-06-16,S3B,listed,41 products
2023-06-17,S3A,listed,234 products
2023-06-17,S3B,listed,230 products
2023-06-18,S3A,listed,228 products
2023-06-18,S3B,listed,232 products
2023-06-19,S3A,listed,233 products
2023-06-19,S3B,listed,224 products
2023-06-20,S3A,listed,227 products
2023-06-20,S3B,listed,224 products
2023-06-21,S3A,listed,224 products
2023-06-21,S3B,listed,234 products
2023-06-22,S3A,listed,229 products
2023-06-22,S3B,listed,230 products
2023-06-23,S3A,listed,231 products
2023-06-23,S3B,listed,219 products
2023-06-24,S3A,listed,226 products
2023-06-24,S3B,listed,226 products
2023-06-25,S3A,listed,220 products
2023-06-25,S3B,listed,228 products
2023-06-26,S3A,listed,231 products
2023-06-26,S3B,listed,229 products
2023-06-27,S3A,listed,232 products
2023-06-27,S3B,listed,224 products
2023-06-28,S3A,listed,225 products
2023-06-28,S3B,listed,227 products
2023-06-29,S3A,listed,218 products
2023-06-29,S3B,listed,233 products
2023-06-30,S3A,listed,232 products
2023-06-30,S3B,listed,228 products
2023-07-01,S3A,listed,232 products
2023-07-01,S3B,listed,224 products
2023-07-02,S3A,listed,224 products
2023-07-02,S3B,listed,229 products
2023-07-03,S3A,listed,224 products
2023-07-03,S3B,listed,232 products
2023-07-04,S3A,listed,233 products
2023-07-04,S3B,listed,227 products
2023-07-05,S3A,listed,0 products
2023-07-05,S3B,listed,0 products
2023-07-06,S3A,listed,224 products
2023-07-06,S3B,listed,230 products
2023-07-07,S3A,listed,189 products
2023-07-07,S3B,listed,231 products
2023-07-08,S3A,listed,43 products
2023-07-08,S3B,listed,35 products
2023-07-09,S3A,listed,230 products
2023-07-09,S3B,listed,224 products
2023-07-10,S3A,listed,224 products
2023-07-10,S3B,listed,231 products
2023-07-11,S3A,listed,227 products
2023-07-11,S3B,listed,233 products
2023-07-12,S3A,listed,233 products
2023-07-12,S3B,listed,206 products
2023-07-13,S3A,listed,98 products
2023-07-13,S3B,listed,86 products
2023-07-14,S3A,listed,162 products
2023-07-14,S3B,listed,138 products
2023-07-15,S3A,listed,140 products
2023-07-15,S3B,listed,150 products
2023-07-16,S3A,listed,233 products
2023-07-16,S3B,listed,224 products
2023-07-17,S3A,listed,227 products
2023-07-17,S3B,listed,223 products
2023-07-18,S3A,listed,222 products
2023-07-18,S3B,listed,232 products
2023-07-19,S3A,listed,229 products
2023-07-19,S3B,listed,230 products
2023-07-20,S3A,listed,70 products
2023-07-20,S3B,listed,52 products
2023-07-21,S3A,listed,0 products
2023-07-21,S3B,listed,1 products
2023-07-22,S3A,listed,223 products
2023-07-22,S3B,listed,231 products
2023-07-23,S3A,listed,228 products
2023-07-23,S3B,listed,225 products
2023-07-24,S3A,listed,232 products
2023-07-24,S3B,listed,224 products
2023-07-25,S3A,listed,225 products
2023-07-25,S3B,listed,227 products
2023-07-26,S3A,listed,224 products
2023-07-26,S3B,listed,233 products
2023-07-27,S3A,listed,232 products
2023-07-27,S3B,listed,227 products
2023-07-28,S3A,listed,232 products
2023-07-28,S3B,listed,224 products
2023-07-29,S3A,listed,216 products
2023-07-29,S3B,listed,220 products
2023-07-30,S3A,listed,210 products
2023-07-30,S3B,listed,218 products
2023-07-31,S3A,listed,212 products
2023-07-31,S3B,listed,192 products
2023-08-01,S3A,listed,172 products
2023-08-01,S3B,listed,152 products
2023-08-02,S3A,listed,23 products
2023-08-02,S3B,listed,25 products
2023-08-03,S3A,listed,0 products
2023-08-03,S3B,listed,0 products
2023-08-04,S3A,listed,0 products
2023-08-04,S3B,listed,0 products
2023-08-05,S3A,listed,0 products
2023-08-05,S3B,listed,0 products
2023-08-06,S3A,listed,0 products
2023-08-06,S3B,listed,1 products
2023-08-07,S3A,listed,215 products
2023-08-07,S3B,listed,223 products
2023-08-08,S3A,listed,1 products
2023-08-08,S3B,listed,0 products
2023-08-09,S3A,listed,229 products
2023-08-09,S3B,listed,222 products
2023-08-10,S3A,listed,0 products
2023-08-10,S3B,listed,0 products
2023-08-11,S3A,listed,0 products
2023-08-11,S3B,listed,0 products
2023-08-12,S3A,listed,0 products
2023-08-12,S3B,listed,0 products
2023-08-13,S3A,listed,0 products
2023-08-13,S3B,listed,0 products
2023-08-14,S3A,listed,0 products
2023-08-14,S3B,listed,0 products
2023-08-15,S3A,listed,0 products
2023-08-15,S3B,listed,0 products
2023-08-16,S3A,listed,1 products
2023-08-16,S3B,listed,0 products
2023-08-17,S3A,listed,181 products
2023-08-17,S3B,listed,176 products
2023-08-18,S3A,listed,222 products
2023-08-18,S3B,listed,232 products
2023-08-19,S3A,listed,225 products
2023-08-19,S3B,listed,228 products
2023-08-20,S3A,listed,230 products
2023-08-20,S3B,listed,222 products
2023-08-21,S3A,listed,0 products
2023-08-21,S3B,listed,1 products
2023-08-22,S3A,listed,224 products
2023-08-22,S3B,listed,233 products
2023-08-23,S3A,listed,116 products
2023-08-23,S3B,listed,144 products
2023-08-24,S3A,listed,233 products
2023-08-24,S3B,listed,224 products
2023-08-25,S3A,listed,224 products
2023-08-25,S3B,listed,228 products
2023-08-26,S3A,listed,165 products
2023-08-26,S3B,listed,183 products
2023-08-27,S3A,listed,131 products
2023-08-27,S3B,listed,156 products
2023-08-28,S3A,listed,232 products
2023-08-28,S3B,listed,224 products
2023-08-29,S3A,listed,135 products
2023-08-29,S3B,listed,184 products
2023-08-30,S3A,listed,104 products
2023-08-30,S3B,listed,131 products
2023-08-31,S3A,listed,177 products
2023-08-31,S3B,listed,172 products
2023-09-01,S3A,listed,217 products
2023-09-01,S3B,listed,210 products
2023-09-02,S3A,listed,209 products
2023-09-02,S3B,listed,209 products
2023-09-03,S3A,listed,189 products
2023-09-03,S3B,listed,197 products
2023-09-04,S3A,listed,148 products
2023-09-04,S3B,listed,92 products
2023-09-05,S3A,listed,158 products
2023-09-05,S3B,listed,157 products
2023-09-06,S3A,listed,128 products
2023-09-06,S3B,listed,143 products
2023-09-07,S3A,listed,141 products
2023-09-07,S3B,listed,143 products
2023-09-08,S3A,listed,170 products
2023-09-08,S3B,listed,174 products
2023-09-09,S3A,listed,144 products
2023-09-09,S3B,listed,143 products
2023-09-10,S3A,listed,182 products
2023-09-10,S3B,listed,153 products
2023-09-11,S3A,listed,141 products
2023-09-11,S3B,listed,143 products
2023-09-12,S3A,listed,138 products
2023-09-12,S3B,listed,131 products
2023-09-13,S3A,listed,148 products
2023-09-13,S3B,listed,107 products
2023-09-14,S3A,listed,144 products
2023-09-14,S3B,listed,165 products
2023-09-15,S3A,listed,137 products
2023-09-15,S3B,listed,153 products
2023-09-16,S3A,listed,111 products
2023-09-16,S3B,listed,138 products
2023-09-17,S3A,listed,119 products
2023-09-17,S3B,listed,137 products
2023-09-18,S3A,listed,144 products
2023-09-18,S3B,listed,164 products
2023-09-19,S3A,listed,185 products
2023-09-19,S3B,listed,152 products
2023-09-20,S3A,listed,166 products
2023-09-20,S3B,listed,160 products
2023-09-21,S3A,listed,203 products
2023-09-21,S3B,listed,199 products
2023-09-22,S3A,listed,166 products
2023-09-22,S3B,listed,179 products
2023-09-23,S3A,listed,155 products
2023-09-23,S3B,listed,151 products
2023-09-24,S3A,listed,199 products
2023-09-24,S3B,listed,181 products
2023-09-25,S3A,listed,162 products
2023-09-25,S3B,listed,193 products
2023-09-26,S3A,listed,179 products
2023-09-26,S3B,listed,170 products
2023-09-27,S3A,listed,184 products
2023-09-27,S3B,listed,177 products
2023-09-28,S3A,listed,182 products
2023-09-28,S3B,listed,174 products
2023-09-29,S3A,listed,184 products
2023-09-29,S3B,listed,187 products
2023-09-30,S3A,listed,189 products
2023-09-30,S3B,listed,198 products
2023-10-01,S3A,listed,212 products
2023-10-01,S3B,listed,203 products
2023-10-02,S3A,listed,213 products
2023-10-02,S3B,listed,192 products
2023-10-03,S3A,listed,197 products
2023-10-03,S3B,listed,212 products
2023-10-04,S3A,listed,201 products
2023-10-04,S3B,listed,206 products
2023-10-05,S3A,listed,209 products
2023-10-05,S3B,listed,204 products
2023-10-06,S3A,listed,230 products
2023-10-06,S3B,listed,224 products
2023-10-06,S3B,manifest-failed,"NTC/S3B/OL_2_WFR___/2023/10/06/S3B_OL_2_WFR____20231006T072359_20231006T072659_20231007T182508_0179_084_377_1980_MAR_O_NT_003.SEN3/: HTTPSConnectionPool(host='meeo-s3.s3.eu-central-1.amazonaws.com', port=443): Max retries exceeded with url: /NTC/S3B/OL_2_WFR___/2023/10/06/S3B_OL_2_W"
2023-10-07,S3A,listed,224 products
2023-10-07,S3B,listed,231 products
2023-10-08,S3A,listed,226 products
2023-10-08,S3B,listed,232 products
2023-10-09,S3A,listed,233 products
2023-10-09,S3B,listed,225 products
2023-10-10,S3A,listed,229 products
2023-10-10,S3B,listed,224 products
2023-10-11,S3A,listed,224 products
2023-10-11,S3B,listed,232 products
2023-10-12,S3A,listed,228 products
2023-10-12,S3B,listed,232 products
2023-10-13,S3A,listed,232 products
2023-10-13,S3B,listed,224 products
2023-10-14,S3A,listed,228 products
2023-10-14,S3B,listed,224 products
2023-10-15,S3A,listed,224 products
2023-10-15,S3B,listed,233 products
2023-10-16,S3A,listed,229 products
2023-10-16,S3B,listed,246 products
2023-10-17,S3A,listed,198 products
2023-10-17,S3B,listed,178 products
2023-10-18,S3A,listed,0 products
2023-10-18,S3B,listed,0 products
2023-10-19,S3A,listed,0 products
2023-10-19,S3B,listed,0 products
2023-10-20,S3A,listed,0 products
2023-10-20,S3B,listed,0 products
2023-10-21,S3A,listed,0 products
2023-10-21,S3B,listed,0 products
2023-10-22,S3A,listed,0 products
2023-10-22,S3B,listed,0 products
2023-10-23,S3A,listed,135 products
2023-10-23,S3B,listed,145 products
2023-10-24,S3A,listed,197 products
2023-10-24,S3B,listed,210 products
2023-10-25,S3A,listed,232 products
2023-10-25,S3B,listed,223 products
2023-10-26,S3A,listed,210 products
2023-10-26,S3B,listed,227 products
2023-10-27,S3A,listed,223 products
2023-10-27,S3B,listed,217 products
2023-10-28,S3A,listed,232 products
2023-10-28,S3B,listed,212 products
2023-10-29,S3A,listed,232 products
2023-10-29,S3B,listed,224 products
2023-10-30,S3A,listed,224 products
2023-10-30,S3B,listed,228 products
2023-10-31,S3A,listed,224 products
2023-10-31,S3B,listed,233 products
2023-11-01,S3A,listed,233 products
2023-11-01,S3B,listed,227 products
2023-11-02,S3A,listed,231 products
2023-11-02,S3B,listed,224 products
2023-11-03,S3A,listed,224 products
2023-11-03,S3B,listed,230 products
2023-11-04,S3A,listed,225 products
2023-11-04,S3B,listed,232 products
2023-11-05,S3A,listed,232 products
2023-11-05,S3B,listed,225 products
2023-11-06,S3A,listed,214 products
2023-11-06,S3B,listed,208 products
2023-11-07,S3A,listed,174 products
2023-11-07,S3B,listed,189 products
2023-11-08,S3A,listed,0 products
2023-11-08,S3B,listed,0 products
2023-11-09,S3A,listed,0 products
2023-11-09,S3B,listed,0 products
2023-11-10,S3A,listed,0 products
2023-11-10,S3B,listed,0 products
2023-11-11,S3A,listed,0 products
2023-11-11,S3B,listed,0 products
2023-11-12,S3A,listed,0 products
2023-11-12,S3B,listed,0 products
2023-11-13,S3A,listed,0 products
2023-11-13,S3B,listed,0 products
2023-11-14,S3A,listed,0 products
2023-11-14,S3B,listed,0 products
2023-11-15,S3A,listed,0 products
2023-11-15,S3B,listed,0 products
2023-11-16,S3A,listed,0 products
2023-11-16,S3B,listed,0 products
2023-11-17,S3A,listed,0 products
2023-11-17,S3B,listed,0 products
2023-11-18,S3A,listed,0 products
2023-11-18,S3B,listed,0 products
2023-11-19,S3A,listed,0 products
2023-11-19,S3B,listed,0 products
2023-11-20,S3A,listed,0 products
2023-11-20,S3B,listed,0 products
2023-11-21,S3A,listed,0 products
2023-11-21,S3B,listed,0 products
2023-11-22,S3A,listed,0 products
2023-11-22,S3B,listed,0 products
2023-11-23,S3A,listed,0 products
2023-11-23,S3B,listed,0 products
2023-11-24,S3A,listed,0 products
2023-11-24,S3B,listed,0 products
2023-11-25,S3A,listed,0 products
2023-11-25,S3B,listed,0 products
2023-11-26,S3A,listed,0 products
2023-11-26,S3B,listed,0 products
2023-11-27,S3A,listed,0 products
2023-11-27,S3B,listed,0 products
2023-11-28,S3A,listed,0 products
2023-11-28,S3B,listed,0 products
2023-11-29,S3A,listed,0 products
2023-11-29,S3B,listed,0 products
2023-11-30,S3A,listed,0 products
2023-11-30,S3B,listed,0 products
2023-12-01,S3A,listed,0 products
2023-12-01,S3B,listed,0 products
2023-12-02,S3A,listed,0 products
2023-12-02,S3B,listed,0 products
2023-12-03,S3A,listed,0 products
2023-12-03,S3B,listed,0 products
2023-12-04,S3A,listed,0 products
2023-12-04,S3B,listed,0 products
2023-12-05,S3A,listed,0 products
2023-12-05,S3B,listed,0 products
2023-12-06,S3A,listed,0 products
2023-12-06,S3B,listed,0 products
2023-12-07,S3A,listed,0 products
2023-12-07,S3B,listed,0 products
2023-12-08,S3A,listed,0 products
2023-12-08,S3B,listed,0 products
2023-12-09,S3A,listed,0 products
2023-12-09,S3B,listed,0 products
2023-12-10,S3A,listed,0 products
2023-12-10,S3B,listed,0 products
2023-12-11,S3A,listed,0 products
2023-12-11,S3B,listed,0 products
2023-12-12,S3A,listed,0 products
2023-12-12,S3B,listed,0 products
2023-12-13,S3A,listed,0 products
2023-12-13,S3B,listed,0 products
2023-12-14,S3A,listed,0 products
2023-12-14,S3B,listed,0 products
2023-12-15,S3A,listed,0 products
2023-12-15,S3B,listed,0 products
2023-12-16,S3A,listed,0 products
2023-12-16,S3B,listed,0 products
2023-12-17,S3A,listed,0 products
2023-12-17,S3B,listed,0 products
2023-12-18,S3A,listed,0 products
2023-12-18,S3B,listed,0 products
2023-12-19,S3A,listed,0 products
2023-12-19,S3B,listed,0 products
2023-12-20,S3A,listed,0 products
2023-12-20,S3B,listed,0 products
2023-12-21,S3A,listed,0 products
2023-12-21,S3B,listed,0 products
2023-12-22,S3A,listed,0 products
2023-12-22,S3B,listed,0 products
2023-12-23,S3A,listed,0 products
2023-12-23,S3B,listed,0 products
2023-12-24,S3A,listed,0 products
2023-12-24,S3B,listed,0 products
2023-12-25,S3A,listed,0 products
2023-12-25,S3B,listed,0 products
2023-12-26,S3A,listed,0 products
2023-12-26,S3B,listed,0 products
2023-12-27,S3A,listed,0 products
2023-12-27,S3B,listed,0 products
2023-12-28,S3A,listed,0 products
2023-12-28,S3B,listed,0 products
2023-12-29,S3A,listed,0 products
2023-12-29,S3B,listed,0 products
2023-12-30,S3A,listed,0 products
2023-12-30,S3B,listed,0 products
2023-12-31,S3A,listed,0 products
2023-12-31,S3B,listed,0 products
