granule,file,size,sha256,etag,last_modified
S3A_OL_2_WFR____20190101T061551_20190101T061851_20190102T162549_0179_039_362_2520_MAR_O_NT_002.SEN3,chl_oc4me.nc,8105597,44ee73069c027b5b4575e2e552161274e1f6a516387825a4520d83c5e5bfd557,31a65714d66d7580711094903f2cb34b,"Wed, 24 Mar 2021 12:47:52 GMT"
S3A_OL_2_WFR____20190101T061551_20190101T061851_20190102T162549_0179_039_362_2520_MAR_O_NT_002.SEN3,geo_coordinates.nc,59666130,8c8469226a9d39cc1f71476638175d1ef57ff204997232906681cebeae95047f,0b5febd40b7c05710b3cf5c007f6a1d5-8,"Wed, 24 Mar 2021 12:47:52 GMT"
S3A_OL_2_WFR____20190101T061551_20190101T061851_20190102T162549_0179_039_362_2520_MAR_O_NT_002.SEN3,tie_geo_coordinates.nc,1137948,c12115fe283713dce24eb24f426bc114afe4e42f4733ab9ba9f5900ed54a7da0,3104894125240720ac284255fc340978,"Wed, 24 Mar 2021 12:47:52 GMT"
S3A_OL_2_WFR____20190101T061551_20190101T061851_20190102T162549_0179_039_362_2520_MAR_O_NT_002.SEN3,wqsf.nc,8416178,be3e96680c634cb1ccd171d43a01715b8b3cea825aeb003e21dd7fd452a0abfd,642ceb7f56b4645bc105625c5a95e6ac-2,"Wed, 24 Mar 2021 12:47:52 GMT"
S3A_OL_2_WFR____20190104T063818_20190104T064118_20190105T152403_0180_040_020_2520_MAR_O_NT_002.SEN3,chl_oc4me.nc,3338673,5d0e76d0cdc7e60efe9173b78475f78f6c27e55e910223fcde87ee4604acb3f8,758caa5a58b662c6901c0d9cba8bacd1,"Wed, 24 Mar 2021 12:46:54 GMT"
S3A_OL_2_WFR____20190104T063818_20190104T064118_20190105T152403_0180_040_020_2520_MAR_O_NT_002.SEN3,geo_coordinates.nc,59776307,5414ad6586da85a5add3ee1cf5de078ef01e7c8f5c1ab8595eab692cdf53d44b,d00adf0929f4bdc98733907df50fcca6-8,"Wed, 24 Mar 2021 12:46:54 GMT"
S3A_OL_2_WFR____20190104T063818_20190104T064118_20190105T152403_0180_040_020_2520_MAR_O_NT_002.SEN3,tie_geo_coordinates.nc,1141133,7a280bfd61d7fef596842802378ca16429f28cf0abc24dd97f13fd0b49bb71c0,6c60b283073b732a834c9ce5f25b0fbe,"Wed, 24 Mar 2021 12:46:54 GMT"
S3A_OL_2_WFR____20190104T063818_20190104T064118_20190105T152403_0180_040_020_2520_MAR_O_NT_002.SEN3,wqsf.nc,4971248,a1174fe02b8595f15f4cf54a90888f711c871c638fcd2645b8a512ded0528196,ffc526a9e4947064efa124e9ce313157,"Wed, 24 Mar 2021 12:46:54 GMT"
S3A_OL_2_WFR____20190105T061207_20190105T061507_20190106T152742_0179_040_034_2520_MAR_O_NT_002.SEN3,chl_oc4me.nc,7411654,1c700d681b6de60e55abd5d4119c47207ca7700c69a5e7c4a716fcaafeb2ad9a,55223d5646556a2b8ee1bd7fa4dc03f4,"Tue, 23 Mar 2021 02:39:57 GMT"
S3A_OL_2_WFR____20190105T061207_20190105T061507_20190106T152742_0179_040_034_2520_MAR_O_NT_002.SEN3,geo_coordinates.nc,59370215,e2c4711449b5cdb37b3d872f2a9cc0bcfe4f7d9206c0d7b6e6b544f1695378da,732cc7d61c4767e5707864e52f1ce7c5-8,"Tue, 23 Mar 2021 02:39:57 GMT"
S3A_OL_2_WFR____20190105T061207_20190105T061507_20190106T152742_0179_040_034_2520_MAR_O_NT_002.SEN3,tie_geo_coordinates.nc,1139137,1ea2afe0cc6244a30a5069654982175786ea23b95db929e132c4d27e53a33b71,29e4358901a2fce82786af645ed0aacc,"Tue, 23 Mar 2021 02:39:57 GMT"
S3A_OL_2_WFR____20190105T061207_20190105T061507_20190106T152742_0179_040_034_2520_MAR_O_NT_002.SEN3,wqsf.nc,7699141,25c96c5e592e542826c0c52fc5d3e1f73cf7e51dea47bee68ee61c05cb2aa74d,f1007ca10cd3663600f3cfa283964a23,"Tue, 23 Mar 2021 02:39:57 GMT"
S3A_OL_2_WFR____20190108T063434_20190108T063734_20190109T155639_0179_040_077_2520_MAR_O_NT_002.SEN3,chl_oc4me.nc,1599220,d4621d4bb6207d5eaca12825ee7c67ab2742903674d5b78b1463b411fbf2addc,cdb28d9302d47106df00a645a8bbb7a2,"Tue, 23 Mar 2021 02:39:07 GMT"
S3A_OL_2_WFR____20190108T063434_20190108T063734_20190109T155639_0179_040_077_2520_MAR_O_NT_002.SEN3,geo_coordinates.nc,59949660,33b9578d89a61877d4aeae9e0d575390b67d21da3eec0fbef25ea7f76365f55e,e966f4ed4c2ea1a8f6ff4f7320473fd3-8,"Tue, 23 Mar 2021 02:39:07 GMT"
S3A_OL_2_WFR____20190108T063434_20190108T063734_20190109T155639_0179_040_077_2520_MAR_O_NT_002.SEN3,tie_geo_coordinates.nc,1137797,9c7d21ef83872f48096777b19ef17ef0c11a4d13edd2e2c7f64a4fae17824f50,1d5b558b30ae6f42bf9ddf3c95e1f754,"Tue, 23 Mar 2021 02:39:07 GMT"
S3A_OL_2_WFR____20190108T063434_20190108T063734_20190109T155639_0179_040_077_2520_MAR_O_NT_002.SEN3,wqsf.nc,5321028,c7aaa73ad2ed99f3cdf7817b33c6af35013f138dab1db81ff44bde991717f0ae,90aae2d69427ab4edb803b2a96f5278a,"Tue, 23 Mar 2021 02:39:07 GMT"
S3A_OL_2_WFR____20190109T060823_20190109T061123_20190110T152937_0179_040_091_2520_MAR_O_NT_002.SEN3,chl_oc4me.nc,7596637,b43ee81cae93c69600c84831743764e5dbf1d42ee1ba7e7d10255f0405ed0944,680d1ea1db40a1163414723ac47a8a67,"Wed, 24 Mar 2021 12:45:23 GMT"
S3A_OL_2_WFR____20190109T060823_20190109T061123_20190110T152937_0179_040_091_2520_MAR_O_NT_002.SEN3,geo_coordinates.nc,59147764,9c99bfa59bf8b586955074b9e9e0bc6fd32f5b26e1db358f93a410fa0cc58ffc,f77fb885ed9d8265cae14120dfdce109-8,"Wed, 24 Mar 2021 12:45:23 GMT"
S3A_OL_2_WFR____20190109T060823_20190109T061123_20190110T152937_0179_040_091_2520_MAR_O_NT_002.SEN3,tie_geo_coordinates.nc,1133068,2025e6d269c396342ef40e836911286c9a040841d4d0986595f99991c9bde5cf,5b001e056cd2317d38992707ff97379b,"Wed, 24 Mar 2021 12:45:23 GMT"
S3A_OL_2_WFR____20190109T060823_20190109T061123_20190110T152937_0179_040_091_2520_MAR_O_NT_002.SEN3,wqsf.nc,11802331,5190be3f6c50529319c769622f939bf9dec180e03ae97ab5767d95983e573bae,f6959f707655f6501afd401b2f0397f8-2,"Wed, 24 Mar 2021 12:45:23 GMT"
S3A_OL_2_WFR____20190111T065701_20190111T070001_20190112T150006_0180_040_120_2520_MAR_O_NT_002.SEN3,tie_geo_coordinates.nc,1140899,5ea91a97cd6fc9f5e33e9c2fcc79ea31cb52aa8b3cc9f0afba3abb5a078b995a,593259356ea71648fad125585c599e70,"Tue, 23 Mar 2021 02:38:30 GMT"
S3A_OL_2_WFR____20190112T063050_20190112T063350_20190113T132225_0179_040_134_2520_MAR_O_NT_002.SEN3,chl_oc4me.nc,4427549,a652420795ed5724e02aecd359e3c8a8ea04281fea8764be94b4928c8bd8826d,0d5a6d9ebb25d0d0e179e76a98f6b618,"Wed, 24 Mar 2021 12:44:03 GMT"
S3A_OL_2_WFR____20190112T063050_20190112T063350_20190113T132225_0179_040_134_2520_MAR_O_NT_002.SEN3,geo_coordinates.nc,59969274,10d5a20bba3335dcb4cf9295d40ea14ca858c894fa7e2b45f713a6f1c02638a5,bee600168d50bd336c338910a6baa251-8,"Wed, 24 Mar 2021 12:44:03 GMT"
S3A_OL_2_WFR____20190112T063050_20190112T063350_20190113T132225_0179_040_134_2520_MAR_O_NT_002.SEN3,tie_geo_coordinates.nc,1137313,1bf2bfb439c4242f0ef56b2467a716a20f55dfddc5d7f2741a3a826039163ec8,a26ff022610e4a2c990c445b1f58e14c,"Wed, 24 Mar 2021 12:44:03 GMT"
S3A_OL_2_WFR____20190112T063050_20190112T063350_20190113T132225_0179_040_134_2520_MAR_O_NT_002.SEN3,wqsf.nc,5513872,e9edd6258d2c00524e83e102c5563698238bc81d48506de3071d7e693172a334,e59f16e831d7e6582e11e44b9fce560e,"Wed, 24 Mar 2021 12:44:03 GMT"
S3A_OL_2_WFR____20190113T060439_20190113T060739_20190114T150115_0180_040_148_2520_MAR_O_NT_002.SEN3,chl_oc4me.nc,8306480,91ca3a91facc00d358dcd9fd5b5914568734aae5fc3261d0b9cc540f16d17a4e,38bd4bbb38adc02b673f46abde76af14,"Tue, 23 Mar 2021 02:37:30 GMT"
S3A_OL_2_WFR____20190113T060439_20190113T060739_20190114T150115_0180_040_148_2520_MAR_O_NT_002.SEN3,geo_coordinates.nc,59009999,8734e69dccf6a51fdbd8ad736b4edf3507f7e2eb4e33864289f53f55d49a41aa,d7de1de48fcfc6f793770e008a81ff63-8,"Tue, 23 Mar 2021 02:37:29 GMT"
S3A_OL_2_WFR____20190113T060439_20190113T060739_20190114T150115_0180_040_148_2520_MAR_O_NT_002.SEN3,tie_geo_coordinates.nc,1134084,4b4f3b1a88670bd7bf369c9253dd7f60c832b13f3c94e8aeb2656a554e5c7f45,41e45b804ce159d8eea225e4a580d4e4,"Tue, 23 Mar 2021 02:37:30 GMT"
S3A_OL_2_WFR____20190113T060439_20190113T060739_20190114T150115_0180_040_148_2520_MAR_O_NT_002.SEN3,wqsf.nc,10411868,4af3d8c57b654bee9fb94eb8d38f914d177349fd83c9f272fd283ec009411775,7c66091942c9ffdbb5bf76d977874f46-2,"Tue, 23 Mar 2021 02:37:30 GMT"
S3A_OL_2_WFR____20190115T065317_20190115T065617_20190116T141004_0179_040_177_2520_MAR_O_NT_002.SEN3,chl_oc4me.nc,1515555,0ece356b3912dbbe7088a47fefa75d48d5b5d68632cd275a742aa76808e48a2c,30ca46f91f8b13f474d007669b83bae8,"Wed, 24 Mar 2021 12:43:07 GMT"
S3A_OL_2_WFR____20190115T065317_20190115T065617_20190116T141004_0179_040_177_2520_MAR_O_NT_002.SEN3,geo_coordinates.nc,59139202,61e6862479547ed6cb0090b3b06645a6c1bbd026b9696913119d24db66ed8ec2,40f75cea3727097d73331e0094a9548a-8,"Wed, 24 Mar 2021 12:43:07 GMT"
S3A_OL_2_WFR____20190115T065317_20190115T065617_20190116T141004_0179_040_177_2520_MAR_O_NT_002.SEN3,tie_geo_coordinates.nc,1133374,13a3858b238a07f32294c8edb3b16e548b31a5dfabaf8db93775b56d2c32ba59,40593e394d7384951e8c21d8016adb23,"Wed, 24 Mar 2021 12:43:07 GMT"
S3A_OL_2_WFR____20190115T065317_20190115T065617_20190116T141004_0179_040_177_2520_MAR_O_NT_002.SEN3,wqsf.nc,3752166,6854477ec30fd4ccb5c86a9d769ccb43c9fb4e270f335bbd00f5d88845476465,94da98015387e4b618b212b5ffd3cd51,"Wed, 24 Mar 2021 12:43:07 GMT"
S3A_OL_2_WFR____20190116T062706_20190116T063006_20190117T145959_0179_040_191_2520_MAR_O_NT_002.SEN3,chl_oc4me.nc,4794215,42376522a53d03a8056cf688c4af2c99f129c70db40e531a770ade792b74e966,0d4967000a43461fd8f270693c2e90ba,"Tue, 23 Mar 2021 02:36:27 GMT"
S3A_OL_2_WFR____20190116T062706_20190116T063006_20190117T145959_0179_040_191_2520_MAR_O_NT_002.SEN3,geo_coordinates.nc,60018392,1a91cc020590f6cd254cdd643169b11a74ee41b445309375c116cb924fe8d5ea,0f5c14374265f7bd35eaf37b85e9f868-8,"Tue, 23 Mar 2021 02:36:27 GMT"
S3A_OL_2_WFR____20190116T062706_20190116T063006_20190117T145959_0179_040_191_2520_MAR_O_NT_002.SEN3,tie_geo_coordinates.nc,1139556,94e72343c35b9f34aa11fb84baa48806993de2b3107bdb3e90a6d2fd9392b575,d837a0bba677dd70fb372f761d970081,"Tue, 23 Mar 2021 02:36:27 GMT"
S3A_OL_2_WFR____20190116T062706_20190116T063006_20190117T145959_0179_040_191_2520_MAR_O_NT_002.SEN3,wqsf.nc,6223262,d680ec11e20dc53475c3543d61a4f2fd3b1b53a2873fb2933408846ee01f8023,affa2a580c6e4b6fe392df29c23a0271,"Tue, 23 Mar 2021 02:36:28 GMT"
S3A_OL_2_WFR____20190117T060055_20190117T060355_20190118T145441_0179_040_205_2520_MAR_O_NT_002.SEN3,chl_oc4me.nc,7978679,2bcc26efb8da4a27c12decaf8819794397e66bced2bf0b5dda72838dee09420a,998f7067243b18ff122cc4872708ca40,"Wed, 24 Mar 2021 12:42:18 GMT"
S3A_OL_2_WFR____20190117T060055_20190117T060355_20190118T145441_0179_040_205_2520_MAR_O_NT_002.SEN3,geo_coordinates.nc,58801561,c440717aa993c608071d754280c1099143f9f601f32ce15c33498f2fa284be9b,4712e52491029c3000b7288a41998c85-8,"Wed, 24 Mar 2021 12:42:18 GMT"
S3A_OL_2_WFR____20190117T060055_20190117T060355_20190118T145441_0179_040_205_2520_MAR_O_NT_002.SEN3,tie_geo_coordinates.nc,1139169,712c844b401f70ba7de736b66b48a1b10466e62b98d7cdbc86aaf56b3db72321,c909c34622ead5bed379cd838dcec9f6,"Wed, 24 Mar 2021 12:42:18 GMT"
S3A_OL_2_WFR____20190117T060055_20190117T060355_20190118T145441_0179_040_205_2520_MAR_O_NT_002.SEN3,wqsf.nc,12984918,e9967ecebd95fdf30511d26058e3233c3506f055c1f6383fff5910a99ded8de8,739547e471baff7a24a725b168f383f8-2,"Wed, 24 Mar 2021 12:42:18 GMT"
S3A_OL_2_WFR____20190119T064933_20190119T065233_20190120T132720_0179_040_234_2520_MAR_O_NT_002.SEN3,chl_oc4me.nc,2663719,f896979625af8a8eb7a9cf28a40edc949edaaf8fce4691660000fcd17fd70afa,2febe847b9d84512f5cc64af03c28321,"Tue, 23 Mar 2021 02:35:37 GMT"
S3A_OL_2_WFR____20190119T064933_20190119T065233_20190120T132720_0179_040_234_2520_MAR_O_NT_002.SEN3,geo_coordinates.nc,59173570,59883759325d5cb3d4a17c15975ccbe522cdac980c5125a407705009bffe5943,0fd293cc7e7a0da596dc77142e38f625-8,"Tue, 23 Mar 2021 02:35:37 GMT"
S3A_OL_2_WFR____20190119T064933_20190119T065233_20190120T132720_0179_040_234_2520_MAR_O_NT_002.SEN3,tie_geo_coordinates.nc,1138532,f733b2f40335685840acbe3c532ffab50f99b38adf5a6c010d03bcd6c03a47e6,b3682129ded38f56bf263624c23cb547,"Tue, 23 Mar 2021 02:35:37 GMT"
S3A_OL_2_WFR____20190119T064933_20190119T065233_20190120T132720_0179_040_234_2520_MAR_O_NT_002.SEN3,wqsf.nc,5313264,80db5e9a429ace1e18d8c657961f6e33d36ef54601996c376b88675fb85a29b3,ed6e6410cbfd646141e9729c27fd913a,"Tue, 23 Mar 2021 02:35:37 GMT"
S3A_OL_2_WFR____20190120T062322_20190120T062622_20190121T143722_0179_040_248_2520_MAR_O_NT_002.SEN3,chl_oc4me.nc,4698019,dabc19847f97d4a81d3801b78089a6e7c901046179804da81579a2734a611ce2,652d06c4bc06ac15458f8bd8a5c609f9,"Wed, 24 Mar 2021 12:41:06 GMT"
S3A_OL_2_WFR____20190120T062322_20190120T062622_20190121T143722_0179_040_248_2520_MAR_O_NT_002.SEN3,geo_coordinates.nc,59968148,9966053bc27421bdc5976537c8fca9958736caa8f7f3eac6b744e1d39b2bf1a7,72f51d9812f074813f91d3c064ef6310-8,"Wed, 24 Mar 2021 12:41:07 GMT"
S3A_OL_2_WFR____20190120T062322_20190120T062622_20190121T143722_0179_040_248_2520_MAR_O_NT_002.SEN3,tie_geo_coordinates.nc,1136585,d7840de8a9288d5f89647dcd4e76c9c0ddb4353f2799ed3eb956d49a7925de11,98baa3c413b698c247e90d9f2606244f,"Wed, 24 Mar 2021 12:41:06 GMT"
S3A_OL_2_WFR____20190120T062322_20190120T062622_20190121T143722_0179_040_248_2520_MAR_O_NT_002.SEN3,wqsf.nc,7605416,e2ac01299c3b16332791e6c77fcf421279d8cb4146ecf6653a1e53690f5f0679,4ca35de6f5d106416a48648fe48cf358,"Wed, 24 Mar 2021 12:41:07 GMT"
S3A_OL_2_WFR____20190121T055711_20190121T060011_20190122T142640_0179_040_262_2520_MAR_O_NT_002.SEN3,chl_oc4me.nc,6307179,d5e8dd511fb6f2e085ad62935a5c1e1b19d45c0b3b9d7e886bb1387feb5ab783,91a8c8ad0bb2ad87b558df187f0f757c,"Tue, 23 Mar 2021 02:34:44 GMT"
S3A_OL_2_WFR____20190121T055711_20190121T060011_20190122T142640_0179_040_262_2520_MAR_O_NT_002.SEN3,geo_coordinates.nc,58528392,8043246f14a027c45e9c8617b063008b9addd560872a9ee89345aed07dd4f874,4d2a79c0e32a552d13f9cea6f9b460ff-7,"Tue, 23 Mar 2021 02:34:44 GMT"
S3A_OL_2_WFR____20190121T055711_20190121T060011_20190122T142640_0179_040_262_2520_MAR_O_NT_002.SEN3,tie_geo_coordinates.nc,1140629,46603293fa0f9eebcaa74a871dfcec1bd6425de9c829f8dacab2a11dcd795b69,768ac9e537a65fb0306b9da4cef877f4,"Tue, 23 Mar 2021 02:34:44 GMT"
S3A_OL_2_WFR____20190121T055711_20190121T060011_20190122T142640_0179_040_262_2520_MAR_O_NT_002.SEN3,wqsf.nc,12567187,2a3f6dcb99913dee64a8b086a6dd16b3ce22ef1e5ba6091d37604820f2328152,7016ee43926805dcfb1bebbf251e89d8-2,"Tue, 23 Mar 2021 02:34:44 GMT"
S3A_OL_2_WFR____20190123T064548_20190123T064848_20190124T150534_0179_040_291_2520_MAR_O_NT_002.SEN3,chl_oc4me.nc,1138437,728a8b5271f6157362c859190c502bea36f141ce1b2aed0de639509d037ba8cd,46b049c39d11bd318f70450cac40ffe6,"Wed, 24 Mar 2021 12:39:59 GMT"
S3A_OL_2_WFR____20190123T064548_20190123T064848_20190124T150534_0179_040_291_2520_MAR_O_NT_002.SEN3,geo_coordinates.nc,59368010,20384a991d7ac4e71bb791ba543a9312ab05e1ce89a4f53f2f1994a5e87599a8,96a4d4e5ef943724deb81de6df5d4675-8,"Wed, 24 Mar 2021 12:39:59 GMT"
S3A_OL_2_WFR____20190123T064548_20190123T064848_20190124T150534_0179_040_291_2520_MAR_O_NT_002.SEN3,tie_geo_coordinates.nc,1136658,07ca67dd171ac14f4b113e36dd982c187724e04ce8d5eff6334b0a0fd6788c7b,d4950648015ef561f68ee57d0fbca1c6,"Wed, 24 Mar 2021 12:39:59 GMT"
S3A_OL_2_WFR____20190123T064548_20190123T064848_20190124T150534_0179_040_291_2520_MAR_O_NT_002.SEN3,wqsf.nc,4059288,7b29f75ffcb3b5d4bff4a264b476518955eead595d6d6440609b865dc0f5ed1f,215297d8a4ed7643ec4230718a264001,"Wed, 24 Mar 2021 12:39:59 GMT"
S3A_OL_2_WFR____20190124T061938_20190124T062238_20190125T135537_0180_040_305_2520_MAR_O_NT_002.SEN3,chl_oc4me.nc,4463501,aadfafb60bea41ce7fec2872643f8f8c3ff8d43c70f41cf8cf234ee81620ad1f,846df50731a1373b8b56d80d0c1e0a7b,"Tue, 23 Mar 2021 02:33:28 GMT"
S3A_OL_2_WFR____20190124T061938_20190124T062238_20190125T135537_0180_040_305_2520_MAR_O_NT_002.SEN3,geo_coordinates.nc,59863788,7a090e44177bf196a46d0ce8baa41043bdecdeb36d4da3a2e491b62b3b299bbe,b693c70ec8c27f84773dd83bf904b4d6-8,"Tue, 23 Mar 2021 02:33:28 GMT"
S3A_OL_2_WFR____20190124T061938_20190124T062238_20190125T135537_0180_040_305_2520_MAR_O_NT_002.SEN3,tie_geo_coordinates.nc,1136825,c417bacbe9c3411cfb10b34d6de57577ae613759484000adaa458e6c8715058b,00075fd75c1c5d5c2a746414061e5f7d,"Tue, 23 Mar 2021 02:33:28 GMT"
S3A_OL_2_WFR____20190124T061938_20190124T062238_20190125T135537_0180_040_305_2520_MAR_O_NT_002.SEN3,wqsf.nc,6082291,ec6a1dadc3f5c71bb89531aa1f32970f065794437b7a7b742be476b59999bf5f,e49b4a262eb10bed23f3497929950742,"Tue, 23 Mar 2021 02:33:28 GMT"
S3A_OL_2_WFR____20190127T064204_20190127T064504_20190128T142651_0179_040_348_2520_MAR_O_NT_002.SEN3,chl_oc4me.nc,2213458,9ed6c60883ffb12c3e7e8b15cd3171cc66e707448f27020daa28e7ce7ac2c880,577a324c98ec584b58ca94b42ac109d4,"Wed, 24 Mar 2021 12:39:18 GMT"
S3A_OL_2_WFR____20190127T064204_20190127T064504_20190128T142651_0179_040_348_2520_MAR_O_NT_002.SEN3,geo_coordinates.nc,59549027,6fc1dd4185819f95bc797890391e12a863da847e953f5a054fd6bd6ce047514c,ae39611230695aa8f517e3778460ebc5-8,"Wed, 24 Mar 2021 12:39:18 GMT"
S3A_OL_2_WFR____20190127T064204_20190127T064504_20190128T142651_0179_040_348_2520_MAR_O_NT_002.SEN3,tie_geo_coordinates.nc,1137787,fb0c0b9716ed0aae0fba1c5fb0e0df7b50e2b6fa2aaf95769a9bfe9ff0d0b4df,ed468f0ff7657f9f16d514b4adec758b,"Wed, 24 Mar 2021 12:39:18 GMT"
S3A_OL_2_WFR____20190127T064204_20190127T064504_20190128T142651_0179_040_348_2520_MAR_O_NT_002.SEN3,wqsf.nc,4560516,c30f23f885c01a466ef04a5192496796c2c189f5628ed7b30a2f424e2a707dce,96df6dfa731a50c5a55aa3341ddb7a24,"Wed, 24 Mar 2021 12:39:18 GMT"
S3A_OL_2_WFR____20190128T061553_20190128T061853_20190129T133338_0179_040_362_2520_MAR_O_NT_002.SEN3,chl_oc4me.nc,5551718,d1e687248eeac017c9c1d800db10d2e3a1d806731b3e5dd6ba063f802d111b38,e2db3b5b8fffdae83b1dc85645a39c48,"Tue, 23 Mar 2021 02:32:32 GMT"
S3A_OL_2_WFR____20190128T061553_20190128T061853_20190129T133338_0179_040_362_2520_MAR_O_NT_002.SEN3,geo_coordinates.nc,59650661,5a022e21c5319d97121e045d04ae7e6353211465101b648e5f19b7c1bf6d1c8a,7fc0f9bcd94b2ab88abc7c7c3c793c66-8,"Tue, 23 Mar 2021 02:32:32 GMT"
S3A_OL_2_WFR____20190128T061553_20190128T061853_20190129T133338_0179_040_362_2520_MAR_O_NT_002.SEN3,tie_geo_coordinates.nc,1139119,5e086d2ada03a282c70944dc0358ec9b38d858bac975259054911888d4a036ba,00d6530e9884e134eb8fbb9e91a57b91,"Tue, 23 Mar 2021 02:32:32 GMT"
S3A_OL_2_WFR____20190128T061553_20190128T061853_20190129T133338_0179_040_362_2520_MAR_O_NT_002.SEN3,wqsf.nc,9211385,51dc7e6b4797dddd846c6efb2e8fa687f3b9c9b600c53a3d379ffc9c70919e29,b3e062798387a846c6afd1cdae2ef4e1-2,"Tue, 23 Mar 2021 02:32:32 GMT"
S3A_OL_2_WFR____20190131T063820_20190131T064120_20190201T151655_0179_041_020_2520_MAR_O_NT_002.SEN3,chl_oc4me.nc,4057326,1e88b7ea7a7d1a7f4deb8aa0694686d465590d731298a3c167600209b11e75b9,6339e1dc705dc099a6aa88fdfc8a4053,"Tue, 23 Mar 2021 02:31:17 GMT"
S3A_OL_2_WFR____20190131T063820_20190131T064120_20190201T151655_0179_041_020_2520_MAR_O_NT_002.SEN3,geo_coordinates.nc,59775621,dc0885e6510b9aa79a6e5463941c22c5f87c2569537c87ec9b018b1034a197da,3ba8dc380f9aa338fc049ecbf8522a30-8,"Tue, 23 Mar 2021 02:31:17 GMT"
S3A_OL_2_WFR____20190131T063820_20190131T064120_20190201T151655_0179_041_020_2520_MAR_O_NT_002.SEN3,tie_geo_coordinates.nc,1135475,95063c0d4bca756ea022c83dfe2e34adc3ca2101a0186851f5d0bee574001790,42d28af01a4e3cefa56043e931a51c6c,"Tue, 23 Mar 2021 02:31:16 GMT"
S3A_OL_2_WFR____20190131T063820_20190131T064120_20190201T151655_0179_041_020_2520_MAR_O_NT_002.SEN3,wqsf.nc,5773901,f993b5a2d078d17b60b099e38d2182de17bd5013e42653a48e7a47acb194d49d,3bfb3fa60aa04be97b8a8a217fd581ee,"Tue, 23 Mar 2021 02:31:17 GMT"
S3A_OL_2_WFR____20190201T061209_20190201T061509_20190202T152744_0179_041_034_2520_MAR_O_NT_002.SEN3,chl_oc4me.nc,6233042,e08d34d7180735063fec909fe27be2e96fd445c8ea9edc435ac13c540be7de00,d92cadcd70fdf09d6c40fcc7c2008cbc,"Wed, 24 Mar 2021 12:37:44 GMT"
S3A_OL_2_WFR____20190201T061209_20190201T061509_20190202T152744_0179_041_034_2520_MAR_O_NT_002.SEN3,geo_coordinates.nc,59376637,711f779a1b6ae02453c50806a332fea94b735bd8f0babe0fbc12aea3da0d633a,3969503bb18d7bdfbd1d03f40696d048-8,"Wed, 24 Mar 2021 12:37:44 GMT"
S3A_OL_2_WFR____20190201T061209_20190201T061509_20190202T152744_0179_041_034_2520_MAR_O_NT_002.SEN3,tie_geo_coordinates.nc,1137295,eb6427b68207ed22abf212fee673ff19f3bff43656659199a9b017dc9dc3f663,75043dd5f54e217ae2d7de418c16ff7c,"Wed, 24 Mar 2021 12:37:43 GMT"
S3A_OL_2_WFR____20190201T061209_20190201T061509_20190202T152744_0179_041_034_2520_MAR_O_NT_002.SEN3,wqsf.nc,9909420,40753fd91be2a47716b1fab4145c61db2edf3a235d2a27725a294bcb37911e40,fc0a96395ee9f473c32db48a53060c8a-2,"Wed, 24 Mar 2021 12:37:43 GMT"
S3A_OL_2_WFR____20190204T063436_20190204T063736_20190205T151020_0179_041_077_2520_MAR_O_NT_002.SEN3,chl_oc4me.nc,4327843,8fd92d812524441a659e64dab3ce84f78b59b4fcb6c0664ca9bc2873f67c9e7a,f66207c7c37c7146d46946863be632f4,"Wed, 24 Mar 2021 12:36:27 GMT"
S3A_OL_2_WFR____20190204T063436_20190204T063736_20190205T151020_0179_041_077_2520_MAR_O_NT_002.SEN3,geo_coordinates.nc,59942383,e02f2d77f4980c9a79fbb02b4e8707c4dbfd8a758e6b52e132deab9ec5ffaf0e,6d8c41f4df790a6651e98997f9cf51f3-8,"Wed, 24 Mar 2021 12:36:26 GMT"
S3A_OL_2_WFR____20190204T063436_20190204T063736_20190205T151020_0179_041_077_2520_MAR_O_NT_002.SEN3,tie_geo_coordinates.nc,1139169,7e5dd52f3800f20944515e435b9ddb475db8e3b4a57f846d222cbf5f41b9ba6f,2fd148cc9fb1a7fe9608c1389144859c,"Wed, 24 Mar 2021 12:36:26 GMT"
S3A_OL_2_WFR____20190204T063436_20190204T063736_20190205T151020_0179_041_077_2520_MAR_O_NT_002.SEN3,wqsf.nc,5937196,743c1f3a0ab05cb453c44fe9f961fbee044de6e88845a9a5f5407eb22becd2b8,dcca6832def0d6e288080a8ce6b5263b,"Wed, 24 Mar 2021 12:36:27 GMT"
S3A_OL_2_WFR____20190205T060825_20190205T061125_20190206T161223_0179_041_091_2520_MAR_O_NT_002.SEN3,chl_oc4me.nc,9328986,2163564c92210d19c5e7d7a550e1f7345e77d2cb8faf20ba92f6c69eddc48e97,84c2cb4344a8fcc9e41db1365fc5888b-2,"Tue, 23 Mar 2021 02:29:59 GMT"
S3A_OL_2_WFR____20190205T060825_20190205T061125_20190206T161223_0179_041_091_2520_MAR_O_NT_002.SEN3,geo_coordinates.nc,59151858,eae1621fe4879283c94910d455233aef7400debb78ca69b3cb3a2e2e4801bdf3,f41b5467cc6d7c9056d5dd5500f9a348-8,"Tue, 23 Mar 2021 02:30:00 GMT"
S3A_OL_2_WFR____20190205T060825_20190205T061125_20190206T161223_0179_041_091_2520_MAR_O_NT_002.SEN3,tie_geo_coordinates.nc,1133572,6de3ff925d7aa3f56a71b7a301970c0ae569a6708d6583e71000f0f0025f2e2d,6d37effc2e57b2332358c9238b8fecb6,"Tue, 23 Mar 2021 02:29:59 GMT"
S3A_OL_2_WFR____20190205T060825_20190205T061125_20190206T161223_0179_041_091_2520_MAR_O_NT_002.SEN3,wqsf.nc,9293686,d3e6afda27503def1934d0716b2ba4080626e67715b05fd18e01ab28b84b4acf,032cb526a1db3e8397c9fe63e8741532-2,"Tue, 23 Mar 2021 02:29:59 GMT"
S3A_OL_2_WFR____20190207T065702_20190207T070002_20190208T153855_0179_041_120_2520_MAR_O_NT_002.SEN3,tie_geo_coordinates.nc,1134626,18c8d0344764f9ccdf889f7dbeb88357c3d798172706cb139308ddfdbf1fa413,01220dcc23f9e119e98103e6766f98dd,"Wed, 24 Mar 2021 12:35:25 GMT"
S3A_OL_2_WFR____20190208T063051_20190208T063351_20190209T155057_0180_041_134_2520_MAR_O_NT_002.SEN3,chl_oc4me.nc,4866760,136fc37a32956a74783c4924195ebd65ad788cc5ceef8c67d995b0eee7957dae,71e1ae897dbb8d74335e68ae0f1c5a04,"Tue, 23 Mar 2021 02:28:51 GMT"
S3A_OL_2_WFR____20190208T063051_20190208T063351_20190209T155057_0180_041_134_2520_MAR_O_NT_002.SEN3,geo_coordinates.nc,59952418,a2227316148384eba9467dd64d0303266e564f402ad8d1a95ef5c9455b449de3,f96a80896eb2bf1ced07bb56f670da8f-8,"Tue, 23 Mar 2021 02:28:51 GMT"
S3A_OL_2_WFR____20190208T063051_20190208T063351_20190209T155057_0180_041_134_2520_MAR_O_NT_002.SEN3,tie_geo_coordinates.nc,1139314,9d69c8946cf7dafcb6a37beb8dd2e74e3aeb41168726eeaa71fa0ef860338ecd,30fb8eaae1061203b04575a3fba7fdc7,"Tue, 23 Mar 2021 02:28:51 GMT"
S3A_OL_2_WFR____20190208T063051_20190208T063351_20190209T155057_0180_041_134_2520_MAR_O_NT_002.SEN3,wqsf.nc,6078201,4558b5ac682d727ddf36eaba09badf8165abe63eac550b99e78a6af4c518ef29,39675a94125f9569b6d97790624aec2c,"Tue, 23 Mar 2021 02:28:51 GMT"
S3A_OL_2_WFR____20190209T060440_20190209T060740_20190210T140223_0179_041_148_2520_MAR_O_NT_002.SEN3,chl_oc4me.nc,8099222,215bf7c6f2caece80838bec8a3cca72dbab5fa2a4e832c06974c8ae87adbbb2f,6b2ff49401ac7c8d8323aca0bbeda764,"Wed, 24 Mar 2021 12:34:34 GMT"
S3A_OL_2_WFR____20190209T060440_20190209T060740_20190210T140223_0179_041_148_2520_MAR_O_NT_002.SEN3,geo_coordinates.nc,58984941,a7b3e57604e62dc2f80497d2201aeee9b2c7fc05a1a1c05570833b4ead5aee67,54b95897b01cb913355b77204059b9e2-8,"Wed, 24 Mar 2021 12:34:34 GMT"
S3A_OL_2_WFR____20190209T060440_20190209T060740_20190210T140223_0179_041_148_2520_MAR_O_NT_002.SEN3,tie_geo_coordinates.nc,1134113,5c868f5dc89b404704d7fe75147aa002cc57a7cc947a5e02918f30f8d038cedd,2152c7f9114c33c6bd196d3a9b9cda3c,"Wed, 24 Mar 2021 12:34:33 GMT"
S3A_OL_2_WFR____20190209T060440_20190209T060740_20190210T140223_0179_041_148_2520_MAR_O_NT_002.SEN3,wqsf.nc,9948294,c622140cb3887c6f46c3b1cb42f7285b19f15a3cf45e0d9ea9d459faf77b4b29,019848d508a19cdb921f2579ca192510-2,"Wed, 24 Mar 2021 12:34:34 GMT"
S3A_OL_2_WFR____20190211T065318_20190211T065618_20190212T144516_0180_041_177_2520_MAR_O_NT_002.SEN3,chl_oc4me.nc,915178,3b16245e323250073b3297809efbaa21f14782238f2d4781c9fdf9daa5f20d02,c38c3d12b996da246f1f08592709f7b2,"Tue, 23 Mar 2021 02:27:50 GMT"
S3A_OL_2_WFR____20190211T065318_20190211T065618_20190212T144516_0180_041_177_2520_MAR_O_NT_002.SEN3,geo_coordinates.nc,59146801,b352462d36174ba1f975bc049c26d3935f5adbca016e4b2097e9e70bad7ab98a,20c50740219ef139d0016078dc4d4a0a-8,"Tue, 23 Mar 2021 02:27:50 GMT"
S3A_OL_2_WFR____20190211T065318_20190211T065618_20190212T144516_0180_041_177_2520_MAR_O_NT_002.SEN3,tie_geo_coordinates.nc,1141669,790a1a5bdf713dd59ac24ce420a895d55340bb33b563f6d4f739cb1f218e5f4e,bcaa6ded8d243cc9b83149d7f8c77e19,"Tue, 23 Mar 2021 02:27:49 GMT"
S3A_OL_2_WFR____20190211T065318_20190211T065618_20190212T144516_0180_041_177_2520_MAR_O_NT_002.SEN3,wqsf.nc,3589375,0892d17e0745049d83aabff9309f3a3bcb5a6b6281bc4da58873b21f9b48a836,26f91c4e8b03f2f678aea810fecdd5b6,"Tue, 23 Mar 2021 02:27:50 GMT"
S3A_OL_2_WFR____20190212T062707_20190212T063007_20190213T150556_0179_041_191_2520_MAR_O_NT_002.SEN3,chl_oc4me.nc,3715688,055f2c202150eb03499eaeb37c8d6fc2a235fe9ca46c2d74f5b50bbd3e78fe5d,0fc83fe0ce1edff07948504c8647a1cf,"Wed, 24 Mar 2021 12:33:18 GMT"
S3A_OL_2_WFR____20190212T062707_20190212T063007_20190213T150556_0179_041_191_2520_MAR_O_NT_002.SEN3,geo_coordinates.nc,59997313,c3b1e14c61e50ef4b4509665f7791cb9f5b08fe4a434045d8dcd1bbfb14148c9,6f3a2e221d490e3fc0720a769c4d79a8-8,"Wed, 24 Mar 2021 12:33:18 GMT"
S3A_OL_2_WFR____20190212T062707_20190212T063007_20190213T150556_0179_041_191_2520_MAR_O_NT_002.SEN3,tie_geo_coordinates.nc,1140869,961a9553b109cca422ea239af3ae146167e54560abb9714ff50aae6218b172c7,c47c2fe038a8977a56fcff5eb5841ff6,"Wed, 24 Mar 2021 12:33:18 GMT"
S3A_OL_2_WFR____20190212T062707_20190212T063007_20190213T150556_0179_041_191_2520_MAR_O_NT_002.SEN3,wqsf.nc,7448475,2f13a01ef0e9f1b8abf4c6f017cac3c9998b5a16ff3630159e119ab0b3273022,51f30118014f8184ee57b7384ccea0ac,"Wed, 24 Mar 2021 12:33:18 GMT"
S3A_OL_2_WFR____20190213T060056_20190213T060356_20190214T140845_0179_041_205_2520_MAR_O_NT_002.SEN3,chl_oc4me.nc,8190208,990a33d0a0264f4e2e4fe40ea0303fe589c5f76c88aa4c84f40ec080d6b9421b,76dc5d7cb01cbc0c5363599f531d8bd5,"Tue, 23 Mar 2021 02:27:11 GMT"
S3A_OL_2_WFR____20190213T060056_20190213T060356_20190214T140845_0179_041_205_2520_MAR_O_NT_002.SEN3,geo_coordinates.nc,58786314,8fc973ccb6e97eb80fad5edf65d7df764b6fa793f21486d537739d7426efde31,cbbb41861c245e7bc7f1d7648eb0d534-8,"Tue, 23 Mar 2021 02:27:11 GMT"
S3A_OL_2_WFR____20190213T060056_20190213T060356_20190214T140845_0179_041_205_2520_MAR_O_NT_002.SEN3,tie_geo_coordinates.nc,1134810,82124a9238cb9ddcf206499b24f357d0a2f381864739d9e9dad388d76e471642,ba1156fb120f731948a69212e2fd6dbe,"Tue, 23 Mar 2021 02:27:11 GMT"
S3A_OL_2_WFR____20190213T060056_20190213T060356_20190214T140845_0179_041_205_2520_MAR_O_NT_002.SEN3,wqsf.nc,9343043,96be2bd758ae05867bcafdc767f1bb81ccbbae90e0724aa60971b79b039e0c2b,d05a9badb3c2b613d7632f274396c4b7-2,"Tue, 23 Mar 2021 02:27:11 GMT"
S3A_OL_2_WFR____20190215T064933_20190215T065233_20190216T153359_0179_041_234_2520_MAR_O_NT_002.SEN3,chl_oc4me.nc,742520,ee331176a49b0a68b3f914de324b2a45a5d84c6bd21c26ada4f51adf3fba4eb2,1a5c49d12d5599db859ab0265d658acc,"Wed, 24 Mar 2021 12:32:17 GMT"
S3A_OL_2_WFR____20190215T064933_20190215T065233_20190216T153359_0179_041_234_2520_MAR_O_NT_002.SEN3,geo_coordinates.nc,59159257,453304833efc552c016cc082f835cc3f0eda56caa8cd3ab0d38f330051751e9f,bc92f413c722d6de854c9265d70541f0-8,"Wed, 24 Mar 2021 12:32:17 GMT"
S3A_OL_2_WFR____20190215T064933_20190215T065233_20190216T153359_0179_041_234_2520_MAR_O_NT_002.SEN3,tie_geo_coordinates.nc,1141003,c72294ed9e170046d38139db24e60f66a48240ee0d295289ae1814b8e273ee69,d0cc65f8819a008769c337efdbfdde87,"Wed, 24 Mar 2021 12:32:17 GMT"
S3A_OL_2_WFR____20190215T064933_20190215T065233_20190216T153359_0179_041_234_2520_MAR_O_NT_002.SEN3,wqsf.nc,3809797,33126ae87ae6fe3e998863d583e22d31cd5fccd830e7a43bfe55757ab7e9b3e6,5eefe050f9a5317cceb122d09041c449,"Wed, 24 Mar 2021 12:32:17 GMT"
S3A_OL_2_WFR____20190216T062322_20190216T062622_20190217T152420_0179_041_248_2520_MAR_O_NT_002.SEN3,chl_oc4me.nc,3497437,5f46821c2c8489d3cc340c64b3b8a339a6ad528436579bf4c9dde9e31fca98e0,cdaf5fa46e9793acb33a07886cd46ea0,"Tue, 23 Mar 2021 02:26:16 GMT"
S3A_OL_2_WFR____20190216T062322_20190216T062622_20190217T152420_0179_041_248_2520_MAR_O_NT_002.SEN3,geo_coordinates.nc,59938973,d93a6698c07a842ca7cb4b301b465cdc20e9543288b068b7e417af9b66ef766f,ae8974e6a9d480c9e943218319af6b20-8,"Tue, 23 Mar 2021 02:26:16 GMT"
S3A_OL_2_WFR____20190216T062322_20190216T062622_20190217T152420_0179_041_248_2520_MAR_O_NT_002.SEN3,tie_geo_coordinates.nc,1131952,4a41caf44f077b347bb2d153a2a8aafcfe1dbb2fc94c7b486cb5c55ffecb6d6c,37e773b2d41e14634ac0826b15f19879,"Tue, 23 Mar 2021 02:26:16 GMT"
S3A_OL_2_WFR____20190216T062322_20190216T062622_20190217T152420_0179_041_248_2520_MAR_O_NT_002.SEN3,wqsf.nc,5620917,2154954f149d88583f41457da2fc7db85be3b22d76694b8b831633e619979962,89eb534f9bc2055bfa21254625c0da61,"Tue, 23 Mar 2021 02:26:16 GMT"
S3A_OL_2_WFR____20190217T055711_20190217T060011_20190218T151627_0180_041_262_2520_MAR_O_NT_002.SEN3,chl_oc4me.nc,8611417,a9059ca4c7b83f78783f66b25ea1e6e49bb8ff3af12dd7f4f7bd1503452b7a1f,39dd45c5e40af2ebd4f8a79e4d7884f7-2,"Wed, 24 Mar 2021 12:31:40 GMT"
S3A_OL_2_WFR____20190217T055711_20190217T060011_20190218T151627_0180_041_262_2520_MAR_O_NT_002.SEN3,geo_coordinates.nc,58531217,bf9e7b545acd4ec617ac8a71e246672882baa11ffae69163dc6978e3e3b3267c,0dd06b3521e6bd07a588e5856c544f44-7,"Wed, 24 Mar 2021 12:31:40 GMT"
S3A_OL_2_WFR____20190217T055711_20190217T060011_20190218T151627_0180_041_262_2520_MAR_O_NT_002.SEN3,tie_geo_coordinates.nc,1135319,0091e272fc9ebefdbc7dd5ee10920e8ab7c5caf1ec9aa02227204f74eb92018c,9af9a27c737b8a13177e74116bcdf8b5,"Wed, 24 Mar 2021 12:31:40 GMT"
S3A_OL_2_WFR____20190217T055711_20190217T060011_20190218T151627_0180_041_262_2520_MAR_O_NT_002.SEN3,wqsf.nc,10194628,23dc2cb93a1436ef0b382581bca87437f7b9c2227fb7050ec259dcbf8789296d,93e2d5bcedd920cf997c2743d5aad607-2,"Wed, 24 Mar 2021 12:31:39 GMT"
S3A_OL_2_WFR____20190219T064549_20190219T064849_20190220T144537_0179_041_291_2520_MAR_O_NT_002.SEN3,chl_oc4me.nc,1315881,29643bd997b44747087c5eb18d84a5a6b9074cfd3d4d6ba7fd9493b4bf35a03a,81d123210b27238b111fad5ce66584b3,"Tue, 23 Mar 2021 02:25:24 GMT"
S3A_OL_2_WFR____20190219T064549_20190219T064849_20190220T144537_0179_041_291_2520_MAR_O_NT_002.SEN3,geo_coordinates.nc,59379474,d77d71899b8d79a4cd17ec37823e25472816e72e53cbde8d7c63a3332d98f29f,136c89587b27683f6333148fdf33fa88-8,"Tue, 23 Mar 2021 02:25:24 GMT"
S3A_OL_2_WFR____20190219T064549_20190219T064849_20190220T144537_0179_041_291_2520_MAR_O_NT_002.SEN3,tie_geo_coordinates.nc,1135835,1265301e092001d2a44d81c71e4a31d358616d4d9f758ba27b4c251e3105b049,e0e0c5aaf1750f1ed68c5f6ec6060936,"Tue, 23 Mar 2021 02:25:24 GMT"
S3A_OL_2_WFR____20190219T064549_20190219T064849_20190220T144537_0179_041_291_2520_MAR_O_NT_002.SEN3,wqsf.nc,4623662,28782d344bcc8db4de54bf9017228a0e4dc18c0a50353ed57b18d340c2ecd68e,4aeb83f13275c5d83ffaec15dcab3f57,"Tue, 23 Mar 2021 02:25:24 GMT"
S3A_OL_2_WFR____20190220T061938_20190220T062238_20190221T151417_0179_041_305_2520_MAR_O_NT_002.SEN3,chl_oc4me.nc,5566121,b0add4842f10fdfbaa2e91c26dd6149f9ef107d1d267650626d723964647baed,429fa42cf0717034c41f5f4306694ae2,"Wed, 24 Mar 2021 12:30:41 GMT"
S3A_OL_2_WFR____20190220T061938_20190220T062238_20190221T151417_0179_041_305_2520_MAR_O_NT_002.SEN3,geo_coordinates.nc,59830536,78dc195c0a43a5cd75f5327819304a122c0dddea3caad6f222cecdb73ed0de16,c7c2d326186a0940b157e1f0c128e3e8-8,"Wed, 24 Mar 2021 12:30:42 GMT"
S3A_OL_2_WFR____20190220T061938_20190220T062238_20190221T151417_0179_041_305_2520_MAR_O_NT_002.SEN3,tie_geo_coordinates.nc,1135285,ad65ef5b9513a70babbcdf8192ff446d3a800c4cdf0baa9c67153df8200a7a7f,977e41ee47b26002c8400b96643e9cf2,"Wed, 24 Mar 2021 12:30:41 GMT"
S3A_OL_2_WFR____20190220T061938_20190220T062238_20190221T151417_0179_041_305_2520_MAR_O_NT_002.SEN3,wqsf.nc,7486424,ac00ae90e9167299c3ad293141ef1807e313eb98aa742354e0e833a8d0834358,d91e3262d48639685264b9254cfa00c2,"Wed, 24 Mar 2021 12:30:42 GMT"
S3A_OL_2_WFR____20190223T064204_20190223T064504_20190224T151613_0179_041_348_2520_MAR_O_NT_002.SEN3,chl_oc4me.nc,1273046,71fc07de2674c42e7095896a066329b906ac48675ca88d4ea89d8e816164c179,f036fcbd12743f21957fa2b1c4842f27,"Tue, 23 Mar 2021 02:24:37 GMT"
S3A_OL_2_WFR____20190223T064204_20190223T064504_20190224T151613_0179_041_348_2520_MAR_O_NT_002.SEN3,geo_coordinates.nc,59510026,c17a1b73a43eba769b52c3dbb09c4cc266b1db8b1dd057a88f34df844b7eddcf,46dec3d95a32b3d475ae08af328b7dee-8,"Tue, 23 Mar 2021 02:24:37 GMT"
S3A_OL_2_WFR____20190223T064204_20190223T064504_20190224T151613_0179_041_348_2520_MAR_O_NT_002.SEN3,tie_geo_coordinates.nc,1132039,db4763414d73469e273b8ad05c0f871aff2a6f1d6a9700964921ece0d2cc796d,73b30882a92ea06535c3186f3983f071,"Tue, 23 Mar 2021 02:24:37 GMT"
S3A_OL_2_WFR____20190223T064204_20190223T064504_20190224T151613_0179_041_348_2520_MAR_O_NT_002.SEN3,wqsf.nc,5865198,bb13d1c65e1a38f9deb6cfc1b5b3553a792ec1d8c9a35374ae53e0f39ed6f0dc,20a35199bf40a3040abc0cb5ec6a813a,"Tue, 23 Mar 2021 02:24:37 GMT"
S3A_OL_2_WFR____20190224T061553_20190224T061853_20190225T145513_0179_041_362_2520_MAR_O_NT_002.SEN3,chl_oc4me.nc,3299864,302e3b221fe144b57ee07545de7b9b7ef98787f38bc04f93878df61dc012a51c,abc79967ad9da1649c02367883f81313,"Wed, 24 Mar 2021 12:29:39 GMT"
S3A_OL_2_WFR____20190224T061553_20190224T061853_20190225T145513_0179_041_362_2520_MAR_O_NT_002.SEN3,geo_coordinates.nc,59638737,0fa16f2a626338f6e261fa03c18fe2c7a07c0e1aa631f3a701be7277ae067eda,e0883d42a7841af6a0b4a2aa1139c6e0-8,"Wed, 24 Mar 2021 12:29:39 GMT"
S3A_OL_2_WFR____20190224T061553_20190224T061853_20190225T145513_0179_041_362_2520_MAR_O_NT_002.SEN3,tie_geo_coordinates.nc,1134273,99b7455f9c6c575b5c098e7f3b2a7a8fa0eb83bdf258ef3fc31290a3f4ad3e0d,f33e5638bc9f9411d9841a5302132b8f,"Wed, 24 Mar 2021 12:29:39 GMT"
S3A_OL_2_WFR____20190224T061553_20190224T061853_20190225T145513_0179_041_362_2520_MAR_O_NT_002.SEN3,wqsf.nc,9139096,65d7de668d385a11ecd142466ebb2dbcfedcba37aa64b520025e3ee5d1692fab,bfcc54662f22287d41c2ed73756a95c4-2,"Wed, 24 Mar 2021 12:29:39 GMT"
S3A_OL_2_WFR____20190227T063820_20190227T064120_20190228T162451_0179_042_020_2520_MAR_O_NT_002.SEN3,chl_oc4me.nc,1986806,3f04b7d436acae787295793a0aef3d6f70cd3ba51f985da977be9aef203c10d6,d94343a9659fce2f57435ef60ee0ceaa,"Wed, 24 Mar 2021 12:28:35 GMT"
S3A_OL_2_WFR____20190227T063820_20190227T064120_20190228T162451_0179_042_020_2520_MAR_O_NT_002.SEN3,geo_coordinates.nc,59775819,d0e97031b2db99d88d59306573b07145e7b782c014a10323916e528e12cc8cad,35acaafbc1219e0de761006b27be71ce-8,"Wed, 24 Mar 2021 12:28:35 GMT"
S3A_OL_2_WFR____20190227T063820_20190227T064120_20190228T162451_0179_042_020_2520_MAR_O_NT_002.SEN3,tie_geo_coordinates.nc,1138289,cb798051d35fe3ebdd2d8b05335c518686a6edcc25807343c447a03f4aaf8113,83e8d5386311d0b91adfec8d5f52d8db,"Wed, 24 Mar 2021 12:28:35 GMT"
S3A_OL_2_WFR____20190227T063820_20190227T064120_20190228T162451_0179_042_020_2520_MAR_O_NT_002.SEN3,wqsf.nc,3616430,dc354f5300493718c2cfb8f3c2b38d9814106623b2aec59d14e1a296c294ef78,e15c9e1885cfdfb89ed2deffb2e4b1e6,"Wed, 24 Mar 2021 12:28:35 GMT"
S3A_OL_2_WFR____20190228T061209_20190228T061509_20190301T160156_0179_042_034_2520_MAR_O_NT_002.SEN3,chl_oc4me.nc,2084702,69077d8e0493acb100d9de8ed5cd2e1a650d03ab1c840ebb97e3c51b60e929a8,48753ac061145cc8d124286b8dc91775,"Tue, 23 Mar 2021 02:23:15 GMT"
S3A_OL_2_WFR____20190228T061209_20190228T061509_20190301T160156_0179_042_034_2520_MAR_O_NT_002.SEN3,geo_coordinates.nc,59359455,6064dc5b847cc21bff1cd8cc53d0613ddf2cb54f9d6ae6cc06174cea06239a85,6099dcc3dafd200fbfb5c02a2407a372-8,"Tue, 23 Mar 2021 02:23:15 GMT"
S3A_OL_2_WFR____20190228T061209_20190228T061509_20190301T160156_0179_042_034_2520_MAR_O_NT_002.SEN3,tie_geo_coordinates.nc,1135712,0cf03b1f1b3cd60a12cf739f004e0786e483323001183d0f8304c090bd6abebb,096185fe89299a3333b37880be98936c,"Tue, 23 Mar 2021 02:23:15 GMT"
S3A_OL_2_WFR____20190228T061209_20190228T061509_20190301T160156_0179_042_034_2520_MAR_O_NT_002.SEN3,wqsf.nc,6609088,0d85d7d3f78f18839da647e9dc57233b1c9ced7167b630152b722b6aa7b32646,87c3cbde83698b710c7bf0747223dfca,"Tue, 23 Mar 2021 02:23:15 GMT"
S3A_OL_2_WFR____20190303T063435_20190303T063735_20190304T152650_0179_042_077_2520_MAR_O_NT_002.SEN3,chl_oc4me.nc,3957368,b74dbc2ee2e4c2ba8fed2935e0cac687278207d48abe2f03a75a0bd94293daf0,79a8b3532ad2b27a7bcbda330c36bbf5,"Tue, 23 Mar 2021 02:22:25 GMT"
S3A_OL_2_WFR____20190303T063435_20190303T063735_20190304T152650_0179_042_077_2520_MAR_O_NT_002.SEN3,geo_coordinates.nc,59916811,626ac0019b7ccfc4eee20f2e6c9eff0d190353945e8a68abf8f4b359542fbd2a,6a924941a4bf4d9711aa3e5588417d4a-8,"Tue, 23 Mar 2021 02:22:25 GMT"
S3A_OL_2_WFR____20190303T063435_20190303T063735_20190304T152650_0179_042_077_2520_MAR_O_NT_002.SEN3,tie_geo_coordinates.nc,1138759,96e69dba98136897255afb02c53a2f5cf9f1ebcd9bc6f90e902ab128dfb30622,6aaf78e36649a3b270df66588843b9e6,"Tue, 23 Mar 2021 02:22:25 GMT"
S3A_OL_2_WFR____20190303T063435_20190303T063735_20190304T152650_0179_042_077_2520_MAR_O_NT_002.SEN3,wqsf.nc,5703243,d1acbaf7769ac7560f54c5da1b97c421d0fd9e8ff6f8d3b7171997f92c5e7589,d24e91d174a2ea50559c13aa4c41f083,"Tue, 23 Mar 2021 02:22:25 GMT"
S3A_OL_2_WFR____20190304T060823_20190304T061123_20190305T141853_0179_042_091_2520_MAR_O_NT_002.SEN3,chl_oc4me.nc,6816440,a5d9ad75ac96ea73d284b6102845b54bb3259f6c6039cbc29e2e5b1109259682,04b935c068a48d3414e37031777af497,"Wed, 24 Mar 2021 12:27:13 GMT"
S3A_OL_2_WFR____20190304T060823_20190304T061123_20190305T141853_0179_042_091_2520_MAR_O_NT_002.SEN3,geo_coordinates.nc,59146845,41fedec139c28a5a25ef9ab9f8ef2d5449c5a339e5b9e1cbad5af5035111883b,4debc2ecbe59471a5ad14c15414e148e-8,"Wed, 24 Mar 2021 12:27:14 GMT"
S3A_OL_2_WFR____20190304T060823_20190304T061123_20190305T141853_0179_042_091_2520_MAR_O_NT_002.SEN3,tie_geo_coordinates.nc,1136260,f2a7746f7878123239e23a234f1cc7de0a745bb0df6850ee7587137e84100230,b4793c1c41f9ff6773de11f34a7546b8,"Wed, 24 Mar 2021 12:27:13 GMT"
S3A_OL_2_WFR____20190304T060823_20190304T061123_20190305T141853_0179_042_091_2520_MAR_O_NT_002.SEN3,wqsf.nc,9571975,33a6dca456abc946d472f22fd0c96c4985734638abea5d68ff35fc896b911574,a32e5b1d0e6ec8ed2534d4b88b8da4ca-2,"Wed, 24 Mar 2021 12:27:14 GMT"
S3A_OL_2_WFR____20190306T065701_20190306T070001_20190307T163408_0179_042_120_2520_MAR_O_NT_002.SEN3,tie_geo_coordinates.nc,1139558,c897b35a270abba868111308d64be849168df6291c219493750ccd5a23333cb4,dcc50ceda348c23d3dd39215e84252f1,"Tue, 23 Mar 2021 02:21:21 GMT"
S3A_OL_2_WFR____20190307T063049_20190307T063349_20190308T161256_0179_042_134_2520_MAR_O_NT_002.SEN3,chl_oc4me.nc,3656070,539acc0d6f23dbb46edacdd9fdf0aa1ff649ec3a4c57cca880f2d64355ec0254,5d7be7c4661917ca0f0e4657deb757a8,"Wed, 24 Mar 2021 12:26:10 GMT"
S3A_OL_2_WFR____20190307T063049_20190307T063349_20190308T161256_0179_042_134_2520_MAR_O_NT_002.SEN3,geo_coordinates.nc,59920950,1c527677bd08370c428635aec252035fbee4e5ceebed9fab8f9eceaed368b2b1,e24f94ce0dbe778f98ab33b2c27dfefd-8,"Wed, 24 Mar 2021 12:26:10 GMT"
S3A_OL_2_WFR____20190307T063049_20190307T063349_20190308T161256_0179_042_134_2520_MAR_O_NT_002.SEN3,tie_geo_coordinates.nc,1132291,0aae78b91b07afd48ede193d48c48b6cc36445df02270dac730d4789fb604e10,5381cb22b44a651ef0edb24f42c54a70,"Wed, 24 Mar 2021 12:26:10 GMT"
S3A_OL_2_WFR____20190307T063049_20190307T063349_20190308T161256_0179_042_134_2520_MAR_O_NT_002.SEN3,wqsf.nc,6630329,d4ca05a6ca9249349b6137f145e5e63ef14e5cf73179a90a2cabdd907161660a,10ca6c239f6efdc20f6b9bffd8195c7d,"Wed, 24 Mar 2021 12:26:10 GMT"
S3A_OL_2_WFR____20190308T060438_20190308T060738_20190309T160320_0179_042_148_2520_MAR_O_NT_002.SEN3,chl_oc4me.nc,5382259,608393d03023808d0188ea7d7eecb9bc894232d001ad68a199fff69c439d8e71,39d2fadf482256e8629e75fa42070ced,"Tue, 23 Mar 2021 02:20:44 GMT"
S3A_OL_2_WFR____20190308T060438_20190308T060738_20190309T160320_0179_042_148_2520_MAR_O_NT_002.SEN3,geo_coordinates.nc,58958721,e15257260388ebac4852f89ad6fe4fcafc2309a7f8a060760f58d7bc18217529,bcebf8469c2863404c8e43f995892759-8,"Tue, 23 Mar 2021 02:20:44 GMT"
S3A_OL_2_WFR____20190308T060438_20190308T060738_20190309T160320_0179_042_148_2520_MAR_O_NT_002.SEN3,tie_geo_coordinates.nc,1133145,47129770be036ec1a52d37de867f1ec46200f23d1382ae77c2135ccd3792dc04,e599e37db0813273cb021c8cf1c668ac,"Tue, 23 Mar 2021 02:20:44 GMT"
S3A_OL_2_WFR____20190308T060438_20190308T060738_20190309T160320_0179_042_148_2520_MAR_O_NT_002.SEN3,wqsf.nc,11092958,465d9bdd9e8acc7cbf251a2333ef92f4849d9b4ad964b9d39fea070119f2f48d,03bf888c4c1ac8bd91375ece6aacbe66-2,"Tue, 23 Mar 2021 02:20:44 GMT"
S3A_OL_2_WFR____20190310T065315_20190310T065615_20190311T133825_0179_042_177_2520_MAR_O_NT_002.SEN3,chl_oc4me.nc,3121908,78981863f6fe68bb4c7ba324bf30a79c24caa89f96082683df3e1a1338e12d38,59064907cbaee8b50cd07f9acb3b88b9,"Wed, 24 Mar 2021 12:25:27 GMT"
S3A_OL_2_WFR____20190310T065315_20190310T065615_20190311T133825_0179_042_177_2520_MAR_O_NT_002.SEN3,geo_coordinates.nc,59134277,b98e24d04e814cd106553c89a40ffa769a9be82a383530d367dc036485a7f38d,038a9274b07d3d57df177db05558e50e-8,"Wed, 24 Mar 2021 12:25:26 GMT"
S3A_OL_2_WFR____20190310T065315_20190310T065615_20190311T133825_0179_042_177_2520_MAR_O_NT_002.SEN3,tie_geo_coordinates.nc,1138094,1440f6688f90783348d1276911bee696cd4d532561a469d6113a2a8a5575217c,1925d8d324a224fe42df52c47bfac81b,"Wed, 24 Mar 2021 12:25:27 GMT"
S3A_OL_2_WFR____20190310T065315_20190310T065615_20190311T133825_0179_042_177_2520_MAR_O_NT_002.SEN3,wqsf.nc,4413992,2fa168d6a9c651ec051c5f251220cd627ea58680ae2184023c73925658782942,857766bcfb34e881302ed2c986ac3284,"Wed, 24 Mar 2021 12:25:27 GMT"
S3A_OL_2_WFR____20190311T062704_20190311T063004_20190312T132657_0179_042_191_2520_MAR_O_NT_002.SEN3,chl_oc4me.nc,5428331,c775f83b1b507e616ddc8cdc6933f4dcf1efccf28530ae58a8db1999774c071e,25524770cd71178503de3db92e0d1774,"Tue, 23 Mar 2021 02:19:49 GMT"
S3A_OL_2_WFR____20190311T062704_20190311T063004_20190312T132657_0179_042_191_2520_MAR_O_NT_002.SEN3,geo_coordinates.nc,59995523,839479e6fe779ca77055b3e16c3c817dd0789fcdf7d34fee817d64c82e721092,fce45ce498c695e147df09bd304698b7-8,"Tue, 23 Mar 2021 02:19:49 GMT"
S3A_OL_2_WFR____20190311T062704_20190311T063004_20190312T132657_0179_042_191_2520_MAR_O_NT_002.SEN3,tie_geo_coordinates.nc,1140528,80ec3ae15a70cf53a6f749121261d73289aff67250a2d2d8c585cfe0524d5d94,65305f7cff190755b58af7c97b0cec6b,"Tue, 23 Mar 2021 02:19:48 GMT"
S3A_OL_2_WFR____20190311T062704_20190311T063004_20190312T132657_0179_042_191_2520_MAR_O_NT_002.SEN3,wqsf.nc,7040589,d3e3b12db6f72e9a3dfda335ae185a446d724a56eb7ccdff244e5f294cd357b1,17b5af7075beddb34bdaa74f370e5d32,"Tue, 23 Mar 2021 02:19:49 GMT"
S3A_OL_2_WFR____20190312T060053_20190312T060353_20190313T145818_0179_042_205_2520_MAR_O_NT_002.SEN3,chl_oc4me.nc,4760982,21f748a938c5e42415c40875178d9ae938cf9ba78537b9a992ec3b033439ab5e,667289089276b0143b3a14236163cd11,"Wed, 24 Mar 2021 12:24:47 GMT"
S3A_OL_2_WFR____20190312T060053_20190312T060353_20190313T145818_0179_042_205_2520_MAR_O_NT_002.SEN3,geo_coordinates.nc,58791836,1dcf583064f4839dbded26b6fa6e1c1a3b915c20bc3c28106fdda554c26c30f0,f54f5e76c2286bfe197220b2cc4ee1eb-8,"Wed, 24 Mar 2021 12:24:47 GMT"
S3A_OL_2_WFR____20190312T060053_20190312T060353_20190313T145818_0179_042_205_2520_MAR_O_NT_002.SEN3,tie_geo_coordinates.nc,1130827,c494c1abec51cc972911e6d0b7ccbbefedb4b31c11ee34afbd6d618d2c03e4c7,c046db49a5cf844c67f0b974ce6d2ffc,"Wed, 24 Mar 2021 12:24:47 GMT"
S3A_OL_2_WFR____20190312T060053_20190312T060353_20190313T145818_0179_042_205_2520_MAR_O_NT_002.SEN3,wqsf.nc,8518199,17377f78dd462d909f7fb8baba4ff5c78c78cc4d9739dd9b904ae8904d92f6c0,0edad43b8f895d16b8e8fed7d3c13446-2,"Wed, 24 Mar 2021 12:24:47 GMT"
S3A_OL_2_WFR____20190314T064930_20190314T065230_20190315T142820_0179_042_234_2520_MAR_O_NT_002.SEN3,chl_oc4me.nc,2242055,88dd811635f162463c6d898454a4ed5c2871bbb0131b0866e15f0236ce9c0d5c,d9b5807a8f268b4e7f9e2427bfa9ca84,"Tue, 23 Mar 2021 02:18:46 GMT"
S3A_OL_2_WFR____20190314T064930_20190314T065230_20190315T142820_0179_042_234_2520_MAR_O_NT_002.SEN3,geo_coordinates.nc,59185606,5b5d249f22b7663fdf6553c029fdc52257c0175b8f4969506ce2db52c171e12e,ef69a8d36bfdbdd7ad757bd699cd5e14-8,"Tue, 23 Mar 2021 02:18:45 GMT"
S3A_OL_2_WFR____20190314T064930_20190314T065230_20190315T142820_0179_042_234_2520_MAR_O_NT_002.SEN3,tie_geo_coordinates.nc,1138599,43ed1d9501495a6408c479ea8f2c23caa45642cf1ae3c945df039e7d62647bbf,b3448f882aafeb8cc1d966d92aa4185c,"Tue, 23 Mar 2021 02:18:45 GMT"
S3A_OL_2_WFR____20190314T064930_20190314T065230_20190315T142820_0179_042_234_2520_MAR_O_NT_002.SEN3,wqsf.nc,4659045,59aaa620f6a39185001156e2f2979f5ff7c75de01cf236a6e092dc69a2e0fb4a,a99a2eea536cc2dcf76e1a98eaa0a581,"Tue, 23 Mar 2021 02:18:46 GMT"
S3A_OL_2_WFR____20190315T062320_20190315T062620_20190316T154528_0179_042_248_2520_MAR_O_NT_002.SEN3,chl_oc4me.nc,1547532,23f3a7ccc4e41eca78188e9e11fa001be4019edbbdae9f1a105908c1aaf5d967,e287505398c3d5ccb0e482795e1c5384,"Wed, 24 Mar 2021 12:23:50 GMT"
S3A_OL_2_WFR____20190315T062320_20190315T062620_20190316T154528_0179_042_248_2520_MAR_O_NT_002.SEN3,geo_coordinates.nc,59955671,2d0d7aadb093e554a2112ba5aef6ae5b751e8b7839a9357ac069939191f7ef83,67975296692066b0bcd19bf10b1aa6b9-8,"Wed, 24 Mar 2021 12:23:50 GMT"
S3A_OL_2_WFR____20190315T062320_20190315T062620_20190316T154528_0179_042_248_2520_MAR_O_NT_002.SEN3,tie_geo_coordinates.nc,1139231,b31ea29bbe46f3ce4bab424e7871c975594bcab83876491478c3db13208975f8,b634b3e661aef48dd6f3bd8845af8812,"Wed, 24 Mar 2021 12:23:50 GMT"
S3A_OL_2_WFR____20190315T062320_20190315T062620_20190316T154528_0179_042_248_2520_MAR_O_NT_002.SEN3,wqsf.nc,5446606,1da0ab8a08cdc2e9f8851307026cc90b43f0383469c3bddf20384ed19f9de336,8bcd3b69570e7174a4dc23fe4e227750,"Wed, 24 Mar 2021 12:23:50 GMT"
S3A_OL_2_WFR____20190316T055709_20190316T060009_20190317T152739_0179_042_262_2520_MAR_O_NT_002.SEN3,chl_oc4me.nc,8181453,ce12c05c9e4f6e06e5b3d764a044fbc72121846cff58a63ca3bc0e237bee9ea8,89b82ef5112a8cebeb9c4eb693f6dd6c,"Tue, 23 Mar 2021 02:17:55 GMT"
S3A_OL_2_WFR____20190316T055709_20190316T060009_20190317T152739_0179_042_262_2520_MAR_O_NT_002.SEN3,geo_coordinates.nc,58527201,8385ec7c6cd0147a8c4ceadb5d8e1273c72aff861eb31de54cfa7d62e62fc61b,55e30f2f19488b880bd54bfdc48ddc5f-7,"Tue, 23 Mar 2021 02:17:55 GMT"
S3A_OL_2_WFR____20190316T055709_20190316T060009_20190317T152739_0179_042_262_2520_MAR_O_NT_002.SEN3,tie_geo_coordinates.nc,1132577,0544ae8a57eeeda958d0dd201b7d7189983ae0e80f3336dc53a651037a21db79,18be7a23cbb49254fca1da0b695f2b8b,"Tue, 23 Mar 2021 02:17:55 GMT"
S3A_OL_2_WFR____20190316T055709_20190316T060009_20190317T152739_0179_042_262_2520_MAR_O_NT_002.SEN3,wqsf.nc,10703530,7f10203654748f32cce697ae39818a9e9aec2b82e1a06739473bddc34625802f,df7bdbc5804af74feb5ef80aa824059b-2,"Tue, 23 Mar 2021 02:17:55 GMT"
S3A_OL_2_WFR____20190318T064547_20190318T064847_20190319T150949_0179_042_291_2520_MAR_O_NT_002.SEN3,chl_oc4me.nc,3388095,6ed35ec046fcec0d1929c2c601361aeda7404cc27263af04e9b0926bf26dfc86,d5d836cbdfc630ffe7ef07aa500fde05,"Wed, 24 Mar 2021 12:23:14 GMT"
S3A_OL_2_WFR____20190318T064547_20190318T064847_20190319T150949_0179_042_291_2520_MAR_O_NT_002.SEN3,geo_coordinates.nc,59380757,2f39080a415e8d4dfed91866af20a5f0ec81cf212727289a4b7a0fc87ad8a9a3,3a39a2808efcbcb7a07fc3aa1d3b8a5c-8,"Wed, 24 Mar 2021 12:23:14 GMT"
S3A_OL_2_WFR____20190318T064547_20190318T064847_20190319T150949_0179_042_291_2520_MAR_O_NT_002.SEN3,tie_geo_coordinates.nc,1141031,44480f915281d37f5bfbb4bb3a3afee1b0cd208e75acc3452bf1c81c750b6f4d,c003f02ce71c5c35f6a1dfd2565550a4,"Wed, 24 Mar 2021 12:23:13 GMT"
S3A_OL_2_WFR____20190318T064547_20190318T064847_20190319T150949_0179_042_291_2520_MAR_O_NT_002.SEN3,wqsf.nc,6171563,0d835833dbc9f6e278f29bdd99ca2d912f21413655d08a6ffedb8c585f4521bb,67b1047e8d3e44f8fd6c43d64f8c070c,"Wed, 24 Mar 2021 12:23:14 GMT"
S3A_OL_2_WFR____20190319T061936_20190319T062236_20190320T145020_0179_042_305_2520_MAR_O_NT_002.SEN3,chl_oc4me.nc,5535155,1375fcf1aafd0178702c9d685496318111338d66e9097dd1522f665888541590,866eb10d970f967cd5800a63a7efc32c,"Tue, 23 Mar 2021 02:16:56 GMT"
S3A_OL_2_WFR____20190319T061936_20190319T062236_20190320T145020_0179_042_305_2520_MAR_O_NT_002.SEN3,geo_coordinates.nc,59847626,28ddb72e954af573efaa65507f90ea0571a0d463e1f2c33e0dc038362184ce32,360dddb37a4140d2d0e331588e591ec7-8,"Tue, 23 Mar 2021 02:16:56 GMT"
S3A_OL_2_WFR____20190319T061936_20190319T062236_20190320T145020_0179_042_305_2520_MAR_O_NT_002.SEN3,tie_geo_coordinates.nc,1137242,ab6bf0ca8d0a41769fe37065df43cc0424a6cdc8f73dd35050dcfd8a9ebed695,bd51d92ee8760e80d8383e10d6658729,"Tue, 23 Mar 2021 02:16:56 GMT"
S3A_OL_2_WFR____20190319T061936_20190319T062236_20190320T145020_0179_042_305_2520_MAR_O_NT_002.SEN3,wqsf.nc,7015811,c283cf3eb9f46f650ccfe5fa4f79ddffa826e24299c0c1d9ef65f1522bee6f1a,87df08f7ec0f195d9f5c8918588c4b67,"Tue, 23 Mar 2021 02:16:56 GMT"
S3A_OL_2_WFR____20190322T064204_20190322T064504_20190323T155631_0179_042_348_2520_MAR_O_NT_002.SEN3,chl_oc4me.nc,1888925,ae6d1ef12093b11e2026b049d2a38dec9a1f5f8407c8019fa31fe086cd5f7efe,90aa16f13be8a83f9e2f58bc4eb5b9a2,"Tue, 23 Mar 2021 02:15:14 GMT"
S3A_OL_2_WFR____20190322T064204_20190322T064504_20190323T155631_0179_042_348_2520_MAR_O_NT_002.SEN3,geo_coordinates.nc,59553070,b4d9aa933bf1078f7349cb77cc2214d32af636db9b79da0238ad85006d86e9bb,3220ae15710d236ec6565dbb59234e3a-8,"Tue, 23 Mar 2021 02:15:14 GMT"
S3A_OL_2_WFR____20190322T064204_20190322T064504_20190323T155631_0179_042_348_2520_MAR_O_NT_002.SEN3,tie_geo_coordinates.nc,1133933,bcb8513bddb67c151cee80d945886c16f05b30df019a598e60ca1ba396ba3c5d,e52b729769d0c1ca2dd60b02d32d028b,"Tue, 23 Mar 2021 02:15:14 GMT"
S3A_OL_2_WFR____20190322T064204_20190322T064504_20190323T155631_0179_042_348_2520_MAR_O_NT_002.SEN3,wqsf.nc,5256161,298222a55be07ceccbe128a1c102a683864928e4003c43e39fd426e4da766fb9,ba1a989fb526202c88ed1111b3a2a732,"Tue, 23 Mar 2021 02:15:14 GMT"
S3A_OL_2_WFR____20190323T061553_20190323T061853_20190324T154415_0179_042_362_2520_MAR_O_NT_002.SEN3,chl_oc4me.nc,1840409,a0e5f12551a438cc6f250a92d55a40b1adddf942e14a1526de7a36e23ee75c6d,2ec12c24fd8a71f9550d12d7fd0e44a4,"Wed, 24 Mar 2021 12:20:23 GMT"
S3A_OL_2_WFR____20190323T061553_20190323T061853_20190324T154415_0179_042_362_2520_MAR_O_NT_002.SEN3,geo_coordinates.nc,59648908,bbad847ee0bca9204a95544f23952ae0039aa229ab08eb35513307a102593304,2852a1e305859b1c57343c4d3e832fbb-8,"Wed, 24 Mar 2021 12:20:23 GMT"
S3A_OL_2_WFR____20190323T061553_20190323T061853_20190324T154415_0179_042_362_2520_MAR_O_NT_002.SEN3,tie_geo_coordinates.nc,1136432,cec9befd20a244b88612d20873007a0a6ae64aaa3727e469a15b3dd177b5cc64,0d81daf2dffb927ee3314bac6577e3d3,"Wed, 24 Mar 2021 12:20:23 GMT"
S3A_OL_2_WFR____20190323T061553_20190323T061853_20190324T154415_0179_042_362_2520_MAR_O_NT_002.SEN3,wqsf.nc,6263269,bb2f642d157ee9f0a56fe932527a885c6a5d5eb9b29acc888d78744cb394cf7b,e094739d0473428c96021d111a8af890,"Wed, 24 Mar 2021 12:20:23 GMT"
S3A_OL_2_WFR____20190326T063820_20190326T064120_20190327T150759_0179_043_020_2520_MAR_O_NT_002.SEN3,chl_oc4me.nc,412808,9f7b0b753d5511164b90f01831af109a448ed1d95d7b39e68706f7f79bb736cb,4f755e0db936b203a908a4b192b035a4,"Tue, 23 Mar 2021 02:13:20 GMT"
S3A_OL_2_WFR____20190326T063820_20190326T064120_20190327T150759_0179_043_020_2520_MAR_O_NT_002.SEN3,geo_coordinates.nc,59783032,5a0848901603e26f11b3f764ca2197ca4dd513a17029908f2a88b058177f316a,caf273c31d7451cffde07e7d46cd910c-8,"Tue, 23 Mar 2021 02:13:20 GMT"
S3A_OL_2_WFR____20190326T063820_20190326T064120_20190327T150759_0179_043_020_2520_MAR_O_NT_002.SEN3,tie_geo_coordinates.nc,1142861,d1b75c3cf5fe1c2682a9dfefbf6a1d1d3d5a1c7c7115c0cb2a76b60ee19c0c27,8ae1930263c28fe0689c0af76db6d4a0,"Tue, 23 Mar 2021 02:13:20 GMT"
S3A_OL_2_WFR____20190326T063820_20190326T064120_20190327T150759_0179_043_020_2520_MAR_O_NT_002.SEN3,wqsf.nc,2784911,9d57de7f8890ea2cb2d6d8c2db290bca65d571b5879873bed2a9acb776e029bb,835115ab6de01f82d7b530bb2ca1b595,"Tue, 23 Mar 2021 02:13:20 GMT"
S3A_OL_2_WFR____20190327T061210_20190327T061510_20190328T132227_0179_043_034_2520_MAR_O_NT_002.SEN3,chl_oc4me.nc,3209153,203c3242fb13a6301edbe9d17894a7ee8453c69bacd19aa5ce8774b6e3cef1c2,c44fb50919958ef51213cba5bed51388,"Wed, 24 Mar 2021 12:17:15 GMT"
S3A_OL_2_WFR____20190327T061210_20190327T061510_20190328T132227_0179_043_034_2520_MAR_O_NT_002.SEN3,geo_coordinates.nc,59379709,87d17fe200fabcc28b64fcbe173b4477c1edf0af738a72b8f3d793c7a061e3b1,c810c1373c7cc186ed0444ce3f27546d-8,"Wed, 24 Mar 2021 12:17:16 GMT"
S3A_OL_2_WFR____20190327T061210_20190327T061510_20190328T132227_0179_043_034_2520_MAR_O_NT_002.SEN3,tie_geo_coordinates.nc,1132343,7785a7b7e84a1f7f485754922d77c923ce2f3ef2caa86ecd16e2e55a30d60303,ee4e5f9b23464da7c51148f02622fece,"Wed, 24 Mar 2021 12:17:16 GMT"
S3A_OL_2_WFR____20190327T061210_20190327T061510_20190328T132227_0179_043_034_2520_MAR_O_NT_002.SEN3,wqsf.nc,6448970,98d2ba10129432bd4c4b4b9a12b0752cdd7538436146926534c0bc24895ee974,4bf9192139200e91aad6c406d51a1fe5,"Wed, 24 Mar 2021 12:17:16 GMT"
S3A_OL_2_WFR____20190330T063437_20190330T063737_20190331T143854_0179_043_077_2520_MAR_O_NT_002.SEN3,chl_oc4me.nc,1087100,f51d82ccccf17db625c09e4c236eb2d321337e15f29427616954970888cfc878,a9c36f8f4e7360edf25589d6300208a6,"Wed, 24 Mar 2021 12:15:38 GMT"
S3A_OL_2_WFR____20190330T063437_20190330T063737_20190331T143854_0179_043_077_2520_MAR_O_NT_002.SEN3,geo_coordinates.nc,59937968,82b4338d05348a82b5de6c6b6257eaa49d3b4a4bb8c59218dc145cf7443895db,b89bba6e0d065e0cd8c59bc254f3fdc8-8,"Wed, 24 Mar 2021 12:15:38 GMT"
S3A_OL_2_WFR____20190330T063437_20190330T063737_20190331T143854_0179_043_077_2520_MAR_O_NT_002.SEN3,tie_geo_coordinates.nc,1132516,7de5fa282290471f8c8e042818415a587944a80b700d6196d7f25e827b54d6a5,76e2584ea90013247be2eee28dda9752,"Wed, 24 Mar 2021 12:15:38 GMT"
S3A_OL_2_WFR____20190330T063437_20190330T063737_20190331T143854_0179_043_077_2520_MAR_O_NT_002.SEN3,wqsf.nc,3488130,d7e28eb6fb5807bf6858954c051bbf0f3a42d76cefc7d086ad55ed8a33821cdb,3b43c81cc854e9878cdd4441b669221f,"Wed, 24 Mar 2021 12:15:38 GMT"
S3A_OL_2_WFR____20190402T065704_20190402T070004_20190403T142845_0180_043_120_2520_MAR_O_NT_002.SEN3,tie_geo_coordinates.nc,1134967,6142ac0527714e010edcd314ae25b30d428d4417758e937c4ca588d463771207,e061b28509e300e178e82ff31002f326,"Tue, 23 Mar 2021 02:10:30 GMT"
S3A_OL_2_WFR____20190403T063053_20190403T063353_20190404T153618_0180_043_134_2520_MAR_O_NT_002.SEN3,chl_oc4me.nc,1333537,3e02fa592405043ebd02c76f6a7683eddd579dc10a244833cab8e3c04e135e6b,dd18179394275f73c048080a04b1dbb1,"Wed, 24 Mar 2021 12:13:50 GMT"
S3A_OL_2_WFR____20190403T063053_20190403T063353_20190404T153618_0180_043_134_2520_MAR_O_NT_002.SEN3,geo_coordinates.nc,59964795,8d1d171b6b1074e936e7f31b8f4a7be0a0e3b0684ac0688ed20c3dd5acaa3676,1d0d36e200bc7d3800e469014a406774-8,"Wed, 24 Mar 2021 12:13:50 GMT"
S3A_OL_2_WFR____20190403T063053_20190403T063353_20190404T153618_0180_043_134_2520_MAR_O_NT_002.SEN3,tie_geo_coordinates.nc,1140770,73f682d4a594c233358f243a32396fe86e64a99c2f49a42b8a6bfe7bec34a9de,366de0bcfae78b52385a2eb9b4e76d02,"Wed, 24 Mar 2021 12:13:50 GMT"
S3A_OL_2_WFR____20190403T063053_20190403T063353_20190404T153618_0180_043_134_2520_MAR_O_NT_002.SEN3,wqsf.nc,4324479,02abb0de0a6dfd0bef253417edbbd25b0b37f7d604171f5dd6960b7401352579,5d058902e388b551cc64dd400d1139ae,"Wed, 24 Mar 2021 12:13:50 GMT"
S3A_OL_2_WFR____20190404T060442_20190404T060742_20190405T143739_0179_043_148_2520_MAR_O_NT_002.SEN3,chl_oc4me.nc,7198340,7c31befa153e7a81f22a5e608a4d05965740ccd9ae12ded794a82d10593cb069,67aec1111c13d9d840ab1b9012ae518c,"Tue, 23 Mar 2021 02:09:51 GMT"
S3A_OL_2_WFR____20190404T060442_20190404T060742_20190405T143739_0179_043_148_2520_MAR_O_NT_002.SEN3,geo_coordinates.nc,59010104,2b06fa63e1a177066d6d940ced1664a022eaf9ca9be8a0cf15d4b58ce9564dbb,df796855a414df25fd795d378f02110b-8,"Tue, 23 Mar 2021 02:09:51 GMT"
S3A_OL_2_WFR____20190404T060442_20190404T060742_20190405T143739_0179_043_148_2520_MAR_O_NT_002.SEN3,tie_geo_coordinates.nc,1137620,ff4435d8a4656e9a91b259abf239456d932124c8191543af907cb19cb6a1f6b9,981137c894fae1ea2c8de36b3f1563fe,"Tue, 23 Mar 2021 02:09:51 GMT"
S3A_OL_2_WFR____20190404T060442_20190404T060742_20190405T143739_0179_043_148_2520_MAR_O_NT_002.SEN3,wqsf.nc,8606794,2fad8f64ce7b991f1a6ca9accf2bf553b2f19c926b5d222c79acad1411eb445d,702705c437ee93d08b36fbf838dbfcf1-2,"Tue, 23 Mar 2021 02:09:51 GMT"
S3A_OL_2_WFR____20190410T064937_20190410T065237_20190411T150051_0179_043_234_2520_MAR_O_NT_002.SEN3,chl_oc4me.nc,1702090,6e134a2470409b35bf1a8c87b0ef71db0a064576535fd4546ad09dc0042ecdb5,9ef33d2de3a2ed44bbeca8ae7338649b,"Wed, 24 Mar 2021 12:10:54 GMT"
S3A_OL_2_WFR____20190410T064937_20190410T065237_20190411T150051_0179_043_234_2520_MAR_O_NT_002.SEN3,geo_coordinates.nc,59203225,3c696ce552799b9235261e5d9c58877d28fe8d85bee4dc93d06d8aadf1f50f1b,b394b2b94c787feb7070a4c9fb4285f9-8,"Wed, 24 Mar 2021 12:10:54 GMT"
S3A_OL_2_WFR____20190410T064937_20190410T065237_20190411T150051_0179_043_234_2520_MAR_O_NT_002.SEN3,tie_geo_coordinates.nc,1141995,f5079b509e5775e7016e8ceda1d9d3a557ad20adaa4189adbda6dc89b3b39713,74c76fac8149f4a5fc70d6690ee92240,"Wed, 24 Mar 2021 12:10:53 GMT"
S3A_OL_2_WFR____20190410T064937_20190410T065237_20190411T150051_0179_043_234_2520_MAR_O_NT_002.SEN3,wqsf.nc,4538997,00652823e2d070f2bc5850c1f81aad2ac3f4565b53aeae54f7c9215afdc0e7ba,eb1713b37cc5bb437d966663df7f6daa,"Wed, 24 Mar 2021 12:10:54 GMT"
S3A_OL_2_WFR____20190411T062326_20190411T062626_20190412T161241_0180_043_248_2520_MAR_O_NT_002.SEN3,chl_oc4me.nc,2156391,a4b7290c702b05898ef820cfda652b26c8f0c993fff32bf87cb9412191121ef0,0a2c1de82a485d40fd2704639ba9be16,"Tue, 23 Mar 2021 02:06:59 GMT"
S3A_OL_2_WFR____20190411T062326_20190411T062626_20190412T161241_0180_043_248_2520_MAR_O_NT_002.SEN3,geo_coordinates.nc,59978494,37bcd29c2ba721b9bfecb44608b74c7ff45eba0678e15175e72ec39f3dab9d6a,1582a07146624b72a5aaca5d521c7419-8,"Tue, 23 Mar 2021 02:06:59 GMT"
S3A_OL_2_WFR____20190411T062326_20190411T062626_20190412T161241_0180_043_248_2520_MAR_O_NT_002.SEN3,tie_geo_coordinates.nc,1140640,3423568fb01512a3a9bb0793a695f706e99485d851aaab188f302ec2e394d6b5,1a6a542bd31fdca7dfe9950f3cb8c4bc,"Tue, 23 Mar 2021 02:06:59 GMT"
S3A_OL_2_WFR____20190411T062326_20190411T062626_20190412T161241_0180_043_248_2520_MAR_O_NT_002.SEN3,wqsf.nc,5337716,72886bdc651b2d28f0cb5e0f2560d9cedec4cc8b1f4624ee5d92521121c7a486,066a518b73a55a7ad613eca84a449e02,"Tue, 23 Mar 2021 02:06:59 GMT"
S3A_OL_2_WFR____20190412T055715_20190412T060015_20190413T150154_0179_043_262_2520_MAR_O_NT_002.SEN3,chl_oc4me.nc,5470588,1c249f17771cc849c4615d15d291d27288806dd01b8dd35958c9c8202be13665,8bb547ded17aa531aa9e0ec620607939,"Wed, 24 Mar 2021 12:10:12 GMT"
S3A_OL_2_WFR____20190412T055715_20190412T060015_20190413T150154_0179_043_262_2520_MAR_O_NT_002.SEN3,geo_coordinates.nc,58567950,96513800b24e665ed04d9e639e9285667bc5fd999dc35afa74c26890a32aa90d,c39ac5d6239392429a6c741ee4848020-7,"Wed, 24 Mar 2021 12:10:12 GMT"
S3A_OL_2_WFR____20190412T055715_20190412T060015_20190413T150154_0179_043_262_2520_MAR_O_NT_002.SEN3,tie_geo_coordinates.nc,1137507,972adf4d2118096e03ac8630bc8bd1e547693d56949cc585ae0e98601e10c361,02f1551e89da16499cbdc4a87b38acc2,"Wed, 24 Mar 2021 12:10:12 GMT"
S3A_OL_2_WFR____20190412T055715_20190412T060015_20190413T150154_0179_043_262_2520_MAR_O_NT_002.SEN3,wqsf.nc,8025574,996c5210a791f78c67a2090106d068a71a7fca573e9e38c50246b9910bcb253e,28489a42340a24d40569a1fa53e8fbed,"Wed, 24 Mar 2021 12:10:12 GMT"
S3A_OL_2_WFR____20190414T064553_20190414T064853_20190415T161609_0179_043_291_2520_MAR_O_NT_002.SEN3,chl_oc4me.nc,3944361,4c140f3cae8ff5a7f461285e482ed77f62dee995fd8984745a3b37790313a872,35a0347873d0c3264e9d10ec68dec63c,"Wed, 24 Mar 2021 12:08:28 GMT"
S3A_OL_2_WFR____20190414T064553_20190414T064853_20190415T161609_0179_043_291_2520_MAR_O_NT_002.SEN3,geo_coordinates.nc,59387276,15fbc6fd0c5e7e00898d27487496a017976f2fbb4fdb0a544cad2f26d04901c6,2f59f79aeee608e484427f926bb70680-8,"Wed, 24 Mar 2021 12:08:28 GMT"
S3A_OL_2_WFR____20190414T064553_20190414T064853_20190415T161609_0179_043_291_2520_MAR_O_NT_002.SEN3,tie_geo_coordinates.nc,1141950,071bd792713aebecdf50131e5117968672ac3f38b005f2ed62d87a972b2b3a0a,744db9a34772d464b0761c8fd5908eb5,"Wed, 24 Mar 2021 12:08:28 GMT"
S3A_OL_2_WFR____20190414T064553_20190414T064853_20190415T161609_0179_043_291_2520_MAR_O_NT_002.SEN3,wqsf.nc,5351683,fcdc11fa15a4be03292529572660384323c408e3a56e9a922bb87d0d7a710e5c,aabee548aa67ec0cccdb1c09bb509cd1,"Wed, 24 Mar 2021 12:08:28 GMT"
S3A_OL_2_WFR____20190415T061942_20190415T062242_20190416T154552_0179_043_305_2520_MAR_O_NT_002.SEN3,chl_oc4me.nc,5933009,b94958a993885d62f2b78b6b4068b987f1deef55940a8cee7ef7a28b0f10245f,f275370033ff09159376e4095eef4e24,"Tue, 23 Mar 2021 02:04:38 GMT"
S3A_OL_2_WFR____20190415T061942_20190415T062242_20190416T154552_0179_043_305_2520_MAR_O_NT_002.SEN3,geo_coordinates.nc,59842867,0f75f35d0f63860387f21f22b9db75bcc07bfc885e126ad928c7d138b04fc143,5b190c2933a9ce37def4ff1761f20c8c-8,"Tue, 23 Mar 2021 02:04:38 GMT"
S3A_OL_2_WFR____20190415T061942_20190415T062242_20190416T154552_0179_043_305_2520_MAR_O_NT_002.SEN3,tie_geo_coordinates.nc,1138236,545035e696369c4f2854c3a0b822c27e1a8d07d5ec5c1eaaa225b6f89946f291,66bef52175d7e4c056c7dcc8f8c78420,"Tue, 23 Mar 2021 02:04:38 GMT"
S3A_OL_2_WFR____20190415T061942_20190415T062242_20190416T154552_0179_043_305_2520_MAR_O_NT_002.SEN3,wqsf.nc,7413318,637b1b3d62223df05d88c888cf66ca010d5a8a95aedfd7363389e79fa64c4387,2b2c90cca0deb2dff5f63277522991df,"Tue, 23 Mar 2021 02:04:38 GMT"
S3A_OL_2_WFR____20190418T064209_20190418T064509_20190419T155113_0179_043_348_2520_MAR_O_NT_002.SEN3,chl_oc4me.nc,2778171,f6e4c120d8a711fca35316c18a13adfb003da6756a73aba3edf69a2fda3f4be5,3ab6e1b6c92a3416d40530bbb7d570ff,"Tue, 23 Mar 2021 02:03:00 GMT"
S3A_OL_2_WFR____20190418T064209_20190418T064509_20190419T155113_0179_043_348_2520_MAR_O_NT_002.SEN3,geo_coordinates.nc,59546181,1250f7dfc2e9ee9157e6128b382a17e3548b811b12deac467d5b3d2cea0e192b,d3e8601e246ba0a5b7585247b76d75f5-8,"Tue, 23 Mar 2021 02:03:00 GMT"
S3A_OL_2_WFR____20190418T064209_20190418T064509_20190419T155113_0179_043_348_2520_MAR_O_NT_002.SEN3,tie_geo_coordinates.nc,1136154,d6f8ba7e3dea4c2cebf3c91e87029aeef05846ba7a93cfb33d7076ab70f36bb2,7c548cb67e0e9fc8a7261f1fbfce3b5e,"Tue, 23 Mar 2021 02:03:00 GMT"
S3A_OL_2_WFR____20190418T064209_20190418T064509_20190419T155113_0179_043_348_2520_MAR_O_NT_002.SEN3,wqsf.nc,4833737,4496b13c0e6343ab1ea8e549697b86f4a67b423f3f356855f037409ca6dde2cb,d081e60f960d04ab1e6fc5cfb57c8d5f,"Tue, 23 Mar 2021 02:03:01 GMT"
S3A_OL_2_WFR____20190419T061558_20190419T061858_20190420T155752_0179_043_362_2520_MAR_O_NT_002.SEN3,chl_oc4me.nc,6035500,bb724dc6bd4605066362ddf8374d495f873b15551b6ff03c56bf99934732e3bf,1d3c52f8fc6e8be0956e4977764ea60b,"Wed, 24 Mar 2021 12:05:19 GMT"
S3A_OL_2_WFR____20190419T061558_20190419T061858_20190420T155752_0179_043_362_2520_MAR_O_NT_002.SEN3,geo_coordinates.nc,59656454,8c29fae6bda0a83c27f72cf1b7b04fb51fac2c6f5464867004f3e9863dd019e8,dc71b49a219ff3669db8aefa884b24e5-8,"Wed, 24 Mar 2021 12:05:19 GMT"
S3A_OL_2_WFR____20190419T061558_20190419T061858_20190420T155752_0179_043_362_2520_MAR_O_NT_002.SEN3,tie_geo_coordinates.nc,1142761,80ee9f2afae08271039fdc11b871cefdeecf5b94379fbe8dca37934e61129870,28e096f1e51c66d90a889374851c5199,"Wed, 24 Mar 2021 12:05:19 GMT"
S3A_OL_2_WFR____20190419T061558_20190419T061858_20190420T155752_0179_043_362_2520_MAR_O_NT_002.SEN3,wqsf.nc,7298270,627947b92c4760efeb36265fc5d73e82d5d7e416d6cf982efc82f7ae93834e98,acd97771675070e164a678e33a898d08,"Wed, 24 Mar 2021 12:05:19 GMT"
S3A_OL_2_WFR____20190422T063825_20190422T064125_20190423T142710_0179_044_020_2520_MAR_O_NT_002.SEN3,chl_oc4me.nc,2334273,85feb33434852853ac0024e08586f98813ddc388fcbd1a4ef93c54214680cb30,d65ce142c0f724fb96c0db37e9ad5698,"Tue, 23 Mar 2021 02:00:15 GMT"
S3A_OL_2_WFR____20190422T063825_20190422T064125_20190423T142710_0179_044_020_2520_MAR_O_NT_002.SEN3,geo_coordinates.nc,59778102,928c9424c9f75eb0fe9e56e3ead0e12effa08b3c2f02f145ca825126fb871df2,53d5cba0b1933ce7372dd739f91f800e-8,"Tue, 23 Mar 2021 02:00:15 GMT"
S3A_OL_2_WFR____20190422T063825_20190422T064125_20190423T142710_0179_044_020_2520_MAR_O_NT_002.SEN3,tie_geo_coordinates.nc,1139540,02c0397f165e3d43f30ceb1d23cb96c228475d54cf30397d90b79ba7a6f1f0c6,464778f9e08a76d90095c8537be7a6f5,"Tue, 23 Mar 2021 02:00:15 GMT"
S3A_OL_2_WFR____20190422T063825_20190422T064125_20190423T142710_0179_044_020_2520_MAR_O_NT_002.SEN3,wqsf.nc,5600260,84780c691f7dc4660eedcda17ba4d52d2ba2d41fa52eb085e91602c01e883c9f,7242da2f9cebe30496129af2970a71bc,"Tue, 23 Mar 2021 02:00:15 GMT"
S3A_OL_2_WFR____20190423T061214_20190423T061514_20190424T150503_0180_044_034_2520_MAR_O_NT_002.SEN3,chl_oc4me.nc,6230870,004f8ef4de22be99271e8da4a1bbe7d5b76f4db6178518ed012749dffb22d506,4c54cf864142a51511d1bc12ffc97a19,"Wed, 24 Mar 2021 12:02:18 GMT"
S3A_OL_2_WFR____20190423T061214_20190423T061514_20190424T150503_0180_044_034_2520_MAR_O_NT_002.SEN3,geo_coordinates.nc,59400600,f10111c78cd9e1e08179d2bbb37d8e83c91d5a24ca3c410a906fedcaa42322a5,a9030eea0dd9a89a44055274743f9a91-8,"Wed, 24 Mar 2021 12:02:18 GMT"
S3A_OL_2_WFR____20190423T061214_20190423T061514_20190424T150503_0180_044_034_2520_MAR_O_NT_002.SEN3,tie_geo_coordinates.nc,1130179,30d2d1cc35ad79318e8da8c5464408a68d727dc03ffcc85a0edbf28491bcb87d,a00b74f7e8f3c9169c407811d7e5d898,"Wed, 24 Mar 2021 12:02:18 GMT"
S3A_OL_2_WFR____20190423T061214_20190423T061514_20190424T150503_0180_044_034_2520_MAR_O_NT_002.SEN3,wqsf.nc,8383966,b247ae42befa8679ca921310057dad1b1153205f1f65e70f3f48a6acb136a91d,9fcc01ea067001f1fa37c9f08d1990a1,"Wed, 24 Mar 2021 12:02:19 GMT"
S3A_OL_2_WFR____20190426T063441_20190426T063741_20190427T142613_0179_044_077_2520_MAR_O_NT_002.SEN3,chl_oc4me.nc,3646809,fb65f6f8e972da982aedaa956579bd43b563341d499004ece486d624fc433ada,fd529d4afa5bbabfe50be3174fe1a902,"Wed, 24 Mar 2021 12:00:18 GMT"
S3A_OL_2_WFR____20190426T063441_20190426T063741_20190427T142613_0179_044_077_2520_MAR_O_NT_002.SEN3,geo_coordinates.nc,59936326,713b7c1a13f23a37bac41774e320d889449c6581707ebb59417f85ccae427543,df9bc361e9ad6fca922cf8eef4be7d75-8,"Wed, 24 Mar 2021 12:00:18 GMT"
S3A_OL_2_WFR____20190426T063441_20190426T063741_20190427T142613_0179_044_077_2520_MAR_O_NT_002.SEN3,tie_geo_coordinates.nc,1140148,ac9ff7cdebbe5e479dafa6bbdbb5851bda2838373c362c781c38e5601948a22a,e18ae4414ac459124bf214e3a5b35862,"Wed, 24 Mar 2021 12:00:18 GMT"
S3A_OL_2_WFR____20190426T063441_20190426T063741_20190427T142613_0179_044_077_2520_MAR_O_NT_002.SEN3,wqsf.nc,5264777,53809f6b9ac322b9e5da4cdfe4d9d14ba60b67d7ff8edff2d32f3b960a51dbc9,559f859ec775aba320632c74bc303a4d,"Wed, 24 Mar 2021 12:00:18 GMT"
S3A_OL_2_WFR____20190427T060830_20190427T061130_20190428T151435_0179_044_091_2520_MAR_O_NT_002.SEN3,chl_oc4me.nc,5591233,658cc299103faae99817aee3e2b2ec20e184bd30ff5816ed18f3fb51905c7203,1a1974388be0c3b166c196889330fe74,"Tue, 23 Mar 2021 01:57:37 GMT"
S3A_OL_2_WFR____20190427T060830_20190427T061130_20190428T151435_0179_044_091_2520_MAR_O_NT_002.SEN3,geo_coordinates.nc,59154501,99ca3394a05a2cb1cf15135a2e61e2803aa8d6d3710b035a5386588b96455654,cc703b99b19b4c3aa0a20a842138c5a7-8,"Tue, 23 Mar 2021 01:57:38 GMT"
S3A_OL_2_WFR____20190427T060830_20190427T061130_20190428T151435_0179_044_091_2520_MAR_O_NT_002.SEN3,tie_geo_coordinates.nc,1130839,8252676ca9b3dc2799d1cc260d662b5b134622c8336ad045d62e47afa4b41046,a42dbcb4b5df896e640285c9a4133921,"Tue, 23 Mar 2021 01:57:37 GMT"
S3A_OL_2_WFR____20190427T060830_20190427T061130_20190428T151435_0179_044_091_2520_MAR_O_NT_002.SEN3,wqsf.nc,6724686,606838144240df760aa035a891896e2a4156164157eb211e44a2694bd920fa16,5819b2485cb8a504b94c41fc646037c6,"Tue, 23 Mar 2021 01:57:37 GMT"
S3A_OL_2_WFR____20190429T065708_20190429T070008_20190430T143554_0179_044_120_2520_MAR_O_NT_002.SEN3,tie_geo_coordinates.nc,1139156,47e0b8a3c257bab0de95748ef03dafc335dff12c13302cbd866aee452888c59f,d3464f7932a1c870f41d443b9db38d71,"Wed, 24 Mar 2021 11:58:34 GMT"
S3A_OL_2_WFR____20190430T063057_20190430T063357_20190501T144609_0179_044_134_2520_MAR_O_NT_002.SEN3,chl_oc4me.nc,3889780,e8ee8cf19183380e04d366bffef0fcc5fea225c08dbea4a0c5f9d0e8f1b69666,4ffd5f93ec84c78d7799765d3d4fc591,"Tue, 23 Mar 2021 01:55:51 GMT"
S3A_OL_2_WFR____20190430T063057_20190430T063357_20190501T144609_0179_044_134_2520_MAR_O_NT_002.SEN3,geo_coordinates.nc,59962267,ff9be78d6c1e9ba987ef53b07cd5dfc3c103dde9955c16a109c0579a39d3e27f,91ea28d575e29b8f45846bd729bb1999-8,"Tue, 23 Mar 2021 01:55:51 GMT"
S3A_OL_2_WFR____20190430T063057_20190430T063357_20190501T144609_0179_044_134_2520_MAR_O_NT_002.SEN3,tie_geo_coordinates.nc,1142913,aea77630431fb359e0b6bf493f5cc75adc8e19015480f5f66a813143b889df2b,23f06d95819593132dd53eb2bb545967,"Tue, 23 Mar 2021 01:55:51 GMT"
S3A_OL_2_WFR____20190430T063057_20190430T063357_20190501T144609_0179_044_134_2520_MAR_O_NT_002.SEN3,wqsf.nc,5515945,fc49aa4e65213ca3908b29c536439be11ba2f8971d9f1e7a26ea278bbf7d9798,bc40e52bfb932ae2ebcf48dcf485ec77,"Tue, 23 Mar 2021 01:55:51 GMT"
S3A_OL_2_WFR____20190501T060446_20190501T060746_20190502T142947_0179_044_148_2520_MAR_O_NT_002.SEN3,chl_oc4me.nc,7831551,7e6c591272a936f0c30e9e93dc28d5ff7adbe80e953d5ef9a50024d1333100ad,83930a913c336be0dc7b008958915934,"Wed, 24 Mar 2021 11:57:50 GMT"
S3A_OL_2_WFR____20190501T060446_20190501T060746_20190502T142947_0179_044_148_2520_MAR_O_NT_002.SEN3,geo_coordinates.nc,58994898,6bede1677088141796b5feb01a7fc1ce80cab6f472b09cbf88e5236d0ea97cf3,d139d68f57d4e72780f4d2dc8bf09d03-8,"Wed, 24 Mar 2021 11:57:50 GMT"
S3A_OL_2_WFR____20190501T060446_20190501T060746_20190502T142947_0179_044_148_2520_MAR_O_NT_002.SEN3,tie_geo_coordinates.nc,1132895,eceb733b1c8b22ce0c3082e82cd1e686733d2c053a04bfb46a7912296119579c,c26d9eaa4557829fa03bb5fe9948dae9,"Wed, 24 Mar 2021 11:57:50 GMT"
S3A_OL_2_WFR____20190501T060446_20190501T060746_20190502T142947_0179_044_148_2520_MAR_O_NT_002.SEN3,wqsf.nc,7678525,327b19f692b446989c8c7fb294e471ee76edd73d585c43a7b47a8e27c6ebdd0b,4167aa31e2c5bcdfc7365090e11e9179,"Wed, 24 Mar 2021 11:57:50 GMT"
S3A_OL_2_WFR____20190503T065324_20190503T065624_20190505T023233_0179_044_177_2520_MAR_O_NT_002.SEN3,chl_oc4me.nc,2553810,99805c2edd4d18f775ad10021f80e92d005880f28e0707499dec29163eb40f8a,6f655de120dd6ee02d1558832f2d35d7,"Tue, 23 Mar 2021 10:02:21 GMT"
S3A_OL_2_WFR____20190503T065324_20190503T065624_20190505T023233_0179_044_177_2520_MAR_O_NT_002.SEN3,geo_coordinates.nc,59157626,3ea392780383fd335802f8e7d527a536093e148ff552be73b74bf44eae21284d,d01a3217269712ae353233ce95f6c90a-8,"Tue, 23 Mar 2021 10:02:21 GMT"
S3A_OL_2_WFR____20190503T065324_20190503T065624_20190505T023233_0179_044_177_2520_MAR_O_NT_002.SEN3,tie_geo_coordinates.nc,1137508,51951c15bf96e45028149a696cf3aa6b4b11c5aa1e5aaf3a57bb02c57d33cbf2,855f73583f684d80f88da622386b0271,"Tue, 23 Mar 2021 10:02:21 GMT"
S3A_OL_2_WFR____20190503T065324_20190503T065624_20190505T023233_0179_044_177_2520_MAR_O_NT_002.SEN3,wqsf.nc,4911982,c802f09ef522978ba0287999ef98acc907c1a7ddba21bd9f691b905244069bd7,223f4b80926332119e44b11b45cffe1b,"Tue, 23 Mar 2021 10:02:21 GMT"
S3A_OL_2_WFR____20190504T062713_20190504T063013_20190505T155327_0179_044_191_2520_MAR_O_NT_002.SEN3,chl_oc4me.nc,2979277,fa36404e04230a14aa55a1cb4fd0ec07a408eca7cf21786acd5aff3e15a2f9a2,1c30f22481e202a47fdf2315b5b4e9f9,"Tue, 23 Mar 2021 01:53:08 GMT"
S3A_OL_2_WFR____20190504T062713_20190504T063013_20190505T155327_0179_044_191_2520_MAR_O_NT_002.SEN3,geo_coordinates.nc,60029770,ba850b2741f7bb183dc833f55f81502063fb386ac1ae8adf53770e7456bbf7ce,93f9f1e3bcf7f81d9b2633a1670c997b-8,"Tue, 23 Mar 2021 01:53:08 GMT"
S3A_OL_2_WFR____20190504T062713_20190504T063013_20190505T155327_0179_044_191_2520_MAR_O_NT_002.SEN3,tie_geo_coordinates.nc,1139732,b71db61132ffc828c9051a8ba59bdc098cd270e5e304f8a3300cab4af55e070d,7b5656a5ca79f2c4593e0cce7b83cf3c,"Tue, 23 Mar 2021 01:53:08 GMT"
S3A_OL_2_WFR____20190504T062713_20190504T063013_20190505T155327_0179_044_191_2520_MAR_O_NT_002.SEN3,wqsf.nc,4293185,d087cb227b3c7f849bbaad785789955c51fd7d234107a10cf5c1f715fb90324d,f8fc8023e429b213de33e855b74c8d47,"Tue, 23 Mar 2021 01:53:08 GMT"
S3A_OL_2_WFR____20190505T060102_20190505T060402_20190506T160357_0180_044_205_2520_MAR_O_NT_002.SEN3,chl_oc4me.nc,7660580,f3fefcfa97e843b66c6d55fe721046a825c9a94d287ae71e71e6f9ae5f384db1,a39f95dd8ba527e852a748f2616ae9ec,"Tue, 23 Mar 2021 10:01:19 GMT"
S3A_OL_2_WFR____20190505T060102_20190505T060402_20190506T160357_0180_044_205_2520_MAR_O_NT_002.SEN3,geo_coordinates.nc,58802516,f8a84f22f271c9c21241837598b1cbadb7f71e5573d030032b3a48d2ead934bf,137782b2d431a2257c0d97613c70dd21-8,"Tue, 23 Mar 2021 10:01:19 GMT"
S3A_OL_2_WFR____20190505T060102_20190505T060402_20190506T160357_0180_044_205_2520_MAR_O_NT_002.SEN3,tie_geo_coordinates.nc,1139831,7a1538c4b39b9c4dd1ea6d528805fc07f52ba851033ab7a5ddf7afcf4f981bbe,0ecc3b6d21bef8ccb039edab4f7a1fe3,"Tue, 23 Mar 2021 10:01:19 GMT"
S3A_OL_2_WFR____20190505T060102_20190505T060402_20190506T160357_0180_044_205_2520_MAR_O_NT_002.SEN3,wqsf.nc,7969057,de7e3bb64917ea5a34d9db91ff8b167717ca092293b83ef2a293fab7b23fbe12,c5baa827f501f683b2f92643197b6701,"Tue, 23 Mar 2021 10:01:19 GMT"
S3A_OL_2_WFR____20190507T064939_20190507T065239_20190508T133207_0179_044_234_2520_MAR_O_NT_002.SEN3,chl_oc4me.nc,2643516,9fc80d5aefacf8697e79a377fc4261db1e9f173f7d662817039570a35fd9ac35,4bac9cf3d5fbd9b6b2f8759d31a4361e,"Tue, 23 Mar 2021 09:59:07 GMT"
S3A_OL_2_WFR____20190507T064939_20190507T065239_20190508T133207_0179_044_234_2520_MAR_O_NT_002.SEN3,geo_coordinates.nc,59176880,73c977cd7e3401de320fe3c00bd45ddffa66fc5f2d540dd91e2eed2d56180070,e113b52b79f926d268b6a555b829fa56-8,"Tue, 23 Mar 2021 09:59:07 GMT"
S3A_OL_2_WFR____20190507T064939_20190507T065239_20190508T133207_0179_044_234_2520_MAR_O_NT_002.SEN3,tie_geo_coordinates.nc,1137600,c78b183eb045c047dbaeb8d8b9eb873f1baf68af77d01d24f7015f942b61d58e,e1dad6a91acfc3fb7ada731c28372636,"Tue, 23 Mar 2021 09:59:07 GMT"
S3A_OL_2_WFR____20190507T064939_20190507T065239_20190508T133207_0179_044_234_2520_MAR_O_NT_002.SEN3,wqsf.nc,4475783,f1dc760df642778f93dcd06ee5fcee815051e9483a39cf15853f547345eeb947,0f99638087975d01e96a58dc00cad897,"Tue, 23 Mar 2021 09:59:07 GMT"
S3A_OL_2_WFR____20190508T062328_20190508T062628_20190509T141852_0179_044_248_2520_MAR_O_NT_002.SEN3,chl_oc4me.nc,4341152,49c27867d5465e3770fdcc1891efc4614d1ff5beba360e15f73a50b681ad4286,d678a8398748a2a960031e12036c2ff2,"Tue, 23 Mar 2021 01:50:03 GMT"
S3A_OL_2_WFR____20190508T062328_20190508T062628_20190509T141852_0179_044_248_2520_MAR_O_NT_002.SEN3,geo_coordinates.nc,59969506,ddc1fb4120da2530b7a9e6929e3670a0371470bff3a0f48b59f351404bae1c76,7e2c6998e3c2f1287ea9a97633a05d66-8,"Tue, 23 Mar 2021 01:50:02 GMT"
S3A_OL_2_WFR____20190508T062328_20190508T062628_20190509T141852_0179_044_248_2520_MAR_O_NT_002.SEN3,tie_geo_coordinates.nc,1135902,254104f382e84538e236175c878528c60e9f68b853f45abceedaa093e5568503,cc978b48813cbecd3e8c88b7a010d555,"Tue, 23 Mar 2021 01:50:03 GMT"
S3A_OL_2_WFR____20190508T062328_20190508T062628_20190509T141852_0179_044_248_2520_MAR_O_NT_002.SEN3,wqsf.nc,5843876,00591534d8474d8bea843ecde2de4e4f5a18f080aacd3c7bc649468cbd705a95,a97caf7a81699971a9edad9fefe5b4c8,"Tue, 23 Mar 2021 01:50:03 GMT"
S3A_OL_2_WFR____20190509T055718_20190509T060018_20190510T124201_0179_044_262_2520_MAR_O_NT_002.SEN3,chl_oc4me.nc,8341932,2314c87241d510e03ec82075b5015293cf9fbeb2d3a139f472b26948ed58b4fe,6b054313b315e3e6431a735ee61c82b7,"Tue, 23 Mar 2021 09:57:53 GMT"
S3A_OL_2_WFR____20190509T055718_20190509T060018_20190510T124201_0179_044_262_2520_MAR_O_NT_002.SEN3,geo_coordinates.nc,58565794,af282d2c7917757ebd537b76d386676a7b16ebf397db499644c656fc32138e56,df8f9684c511dacd79c4a121b1e3d7be-7,"Tue, 23 Mar 2021 09:57:53 GMT"
S3A_OL_2_WFR____20190509T055718_20190509T060018_20190510T124201_0179_044_262_2520_MAR_O_NT_002.SEN3,tie_geo_coordinates.nc,1140222,57abac05b2a9501058839a316f69563b8dc4993f36d84d1289d23885b01fcdf2,f03add22909724064d8c33acd7283dfb,"Tue, 23 Mar 2021 09:57:53 GMT"
S3A_OL_2_WFR____20190509T055718_20190509T060018_20190510T124201_0179_044_262_2520_MAR_O_NT_002.SEN3,wqsf.nc,11586842,ade06f6307d2e4c4978ad3e8edd6977ba02fa36d85b3aa19ec61048a2fe4ee8b,14b2d64acf6958696990627d9d25cec9-2,"Tue, 23 Mar 2021 09:57:53 GMT"
S3A_OL_2_WFR____20190511T064555_20190511T064855_20190512T151514_0180_044_291_2520_MAR_O_NT_002.SEN3,chl_oc4me.nc,1733819,d91c585e846f35b3cfb0b9b5e569e8bcc9dcffd4b0937f75a2690a5e1f1365fb,d8dea916db72f360cea09a95063ff422,"Tue, 23 Mar 2021 09:55:33 GMT"
S3A_OL_2_WFR____20190511T064555_20190511T064855_20190512T151514_0180_044_291_2520_MAR_O_NT_002.SEN3,geo_coordinates.nc,59370054,80172940b3b00284fc082f90884d4c95bade3283ff29ee845b92c8dfcbf8d4ea,777e158982f76e2f616749289b36a421-8,"Tue, 23 Mar 2021 09:55:33 GMT"
S3A_OL_2_WFR____20190511T064555_20190511T064855_20190512T151514_0180_044_291_2520_MAR_O_NT_002.SEN3,tie_geo_coordinates.nc,1140284,c059c6a04020bfa2e4b8ccbbe79cd08b15dea1b2c53751488cef39f723b02df2,30a6f28775da5594ee01e09b05cde3a5,"Tue, 23 Mar 2021 09:55:33 GMT"
S3A_OL_2_WFR____20190511T064555_20190511T064855_20190512T151514_0180_044_291_2520_MAR_O_NT_002.SEN3,wqsf.nc,5029491,cece65a61c343524aa5d3d65609d073d6cabb5d17552704ebea700352e96e5b3,67c42e8e0a51b4f89204f9a3969143de,"Tue, 23 Mar 2021 09:55:33 GMT"
S3A_OL_2_WFR____20190512T061944_20190512T062244_20190513T155744_0180_044_305_2520_MAR_O_NT_002.SEN3,chl_oc4me.nc,4252841,f67f4f4400cd30837f839c3d0c1f567cde105d03c805aa1f915bd9132f0acf57,2411e34aa47c274209889c50fd30fea4,"Tue, 23 Mar 2021 01:47:24 GMT"
S3A_OL_2_WFR____20190512T061944_20190512T062244_20190513T155744_0180_044_305_2520_MAR_O_NT_002.SEN3,geo_coordinates.nc,59849711,1230009a91624b0da6f3a50fa31588f8be97918a23d38d121a9405abc643a3ab,65cf248f2dfa95bb7d185d4e056d9141-8,"Tue, 23 Mar 2021 01:47:24 GMT"
S3A_OL_2_WFR____20190512T061944_20190512T062244_20190513T155744_0180_044_305_2520_MAR_O_NT_002.SEN3,tie_geo_coordinates.nc,1138928,0c012b5f2cab274bf1b5d4499a320c98beeaa56e4323a1aedc834d99990c40bf,95b46d6bb8f44d507662fd90a116f796,"Tue, 23 Mar 2021 01:47:24 GMT"
S3A_OL_2_WFR____20190512T061944_20190512T062244_20190513T155744_0180_044_305_2520_MAR_O_NT_002.SEN3,wqsf.nc,6634548,ca654345e6612f531912e9094b2d22849366768388cf5347f177615841ec85b0,11deafca4226eb8b5b73d5b89ad5893b,"Tue, 23 Mar 2021 01:47:25 GMT"
S3A_OL_2_WFR____20190515T064211_20190515T064511_20190516T145533_0179_044_348_2520_MAR_O_NT_002.SEN3,chl_oc4me.nc,4017163,897a467694787dde3caee25076a70a4e67397367250b85c21ebf4c9e01840ac7,9e0e1bd7ed90e6e5c9e54960e215cac5,"Tue, 23 Mar 2021 01:45:36 GMT"
S3A_OL_2_WFR____20190515T064211_20190515T064511_20190516T145533_0179_044_348_2520_MAR_O_NT_002.SEN3,geo_coordinates.nc,59567931,a98de4562c6da05b5c4d93312d0e556e89fe4682990336814c89accad8a15451,48ee69e73f4de888aab3a785c3bc3057-8,"Tue, 23 Mar 2021 01:45:36 GMT"
S3A_OL_2_WFR____20190515T064211_20190515T064511_20190516T145533_0179_044_348_2520_MAR_O_NT_002.SEN3,tie_geo_coordinates.nc,1143976,f01d5cd537af540da7cc519c637899ddb76d1320f7377ad2bcd3ab6f28498327,ee2e619be9f21f255139905e662a5f69,"Tue, 23 Mar 2021 01:45:36 GMT"
S3A_OL_2_WFR____20190515T064211_20190515T064511_20190516T145533_0179_044_348_2520_MAR_O_NT_002.SEN3,wqsf.nc,5202553,583b706562a3f949cc84a70c0b0bb7bcae62bccc35e204b78282740e404c265d,7be8dc2705e753d9cb4c6b2b8eca524a,"Tue, 23 Mar 2021 01:45:36 GMT"
S3A_OL_2_WFR____20190516T061600_20190516T061900_20190517T135150_0179_044_362_2520_MAR_O_NT_002.SEN3,chl_oc4me.nc,5333761,ecb0f1c388b251409aa5ca547cbf6fc6593f620456ad2aeafffda355a9c4fcb8,a2d1e987fb6ad350afc0957105a8cded,"Tue, 23 Mar 2021 09:52:18 GMT"
S3A_OL_2_WFR____20190516T061600_20190516T061900_20190517T135150_0179_044_362_2520_MAR_O_NT_002.SEN3,geo_coordinates.nc,59670253,f55bf1713803f39de19e5f34c13e9d0fbe6c15d55749e5456420739fbb1770be,838dbacc9de6576a5a45e7bb3c888cea-8,"Tue, 23 Mar 2021 09:52:18 GMT"
S3A_OL_2_WFR____20190516T061600_20190516T061900_20190517T135150_0179_044_362_2520_MAR_O_NT_002.SEN3,tie_geo_coordinates.nc,1134943,a8270fa250f872f5c1aea66c16f1f66f7afa2f7f6a44eefe11b3d77b1aee3a90,7bf19cfafc6ab8cb3b234f93c6059531,"Tue, 23 Mar 2021 09:52:18 GMT"
S3A_OL_2_WFR____20190516T061600_20190516T061900_20190517T135150_0179_044_362_2520_MAR_O_NT_002.SEN3,wqsf.nc,8034445,9a1eefff869366620fb8612972e2e3ed002433d7a735eac1ffeb7d67e3776341,219add241e597c534a4210a36dcd27a5,"Tue, 23 Mar 2021 09:52:18 GMT"
S3A_OL_2_WFR____20190519T063826_20190519T064126_20190520T161827_0179_045_020_2520_MAR_O_NT_002.SEN3,chl_oc4me.nc,1141633,52b9719a3d37bb79621815dd887d05a6841a14bbe42d6c4d5a457dec8ed26518,9a1245e03f10c2094950e02c86401518,"Tue, 23 Mar 2021 01:43:03 GMT"
S3A_OL_2_WFR____20190519T063826_20190519T064126_20190520T161827_0179_045_020_2520_MAR_O_NT_002.SEN3,geo_coordinates.nc,59785435,6da89ce9f15af717f7e6f22f9e98b434d5f6804031332e5f4a119c842f08f271,b34d3a3c68a5767a2514c12b41cee24c-8,"Tue, 23 Mar 2021 01:43:03 GMT"
S3A_OL_2_WFR____20190519T063826_20190519T064126_20190520T161827_0179_045_020_2520_MAR_O_NT_002.SEN3,tie_geo_coordinates.nc,1138776,a8d206b82d62d818cad466b3bc99dc7de8ca7782b76c983a1a6cb7ce8c273748,af44bf72967a0b6d7db17fa2259e1856,"Tue, 23 Mar 2021 01:43:03 GMT"
S3A_OL_2_WFR____20190519T063826_20190519T064126_20190520T161827_0179_045_020_2520_MAR_O_NT_002.SEN3,wqsf.nc,4410445,8ffb2af6ebcc3a540b23c47544d9331668d0e961e0aef27f41aa63c4c543072d,66e1c8aacb68c948ad2db824e2dedcc2,"Tue, 23 Mar 2021 01:43:03 GMT"
S3A_OL_2_WFR____20190520T061215_20190520T061515_20190521T161706_0179_045_034_2520_MAR_O_NT_002.SEN3,chl_oc4me.nc,4116419,fa5da3b55bdd7b06c15dba39536b0854faafe0fb31698c8cfc65838c0dd7d443,26a54ae9e844f980057c81474c92e67a,"Tue, 23 Mar 2021 09:48:59 GMT"
S3A_OL_2_WFR____20190520T061215_20190520T061515_20190521T161706_0179_045_034_2520_MAR_O_NT_002.SEN3,geo_coordinates.nc,59383376,ef807a48162410fcc77cad426ba9cfc0045d67b4ffd124fc9a4b116875d79f1c,778c2cf5bae354a03a8326138613a573-8,"Tue, 23 Mar 2021 09:48:59 GMT"
S3A_OL_2_WFR____20190520T061215_20190520T061515_20190521T161706_0179_045_034_2520_MAR_O_NT_002.SEN3,tie_geo_coordinates.nc,1130986,c3371faa90260672b00ccfa4e3d8936a9f9b3d857170fd8d136ac1b3cca2df9b,be22926ff9c27af91615544e7cb8e825,"Tue, 23 Mar 2021 09:48:59 GMT"
S3A_OL_2_WFR____20190520T061215_20190520T061515_20190521T161706_0179_045_034_2520_MAR_O_NT_002.SEN3,wqsf.nc,8159277,60342cc5bbfc5b523a679f4794f13b7e8863f513eea9300e993b66fff4769b34,8a4633e437d3d9127df6b1e052cee935,"Tue, 23 Mar 2021 09:48:59 GMT"
S3A_OL_2_WFR____20190523T063442_20190523T063742_20190524T154425_0179_045_077_2520_MAR_O_NT_002.SEN3,chl_oc4me.nc,4466825,2d62af3f22dac4b387ce5111586f4424876592638b712d335c928aa36ebab764,dd237ea0e506c01178830f8889bb8736,"Tue, 23 Mar 2021 09:46:40 GMT"
S3A_OL_2_WFR____20190523T063442_20190523T063742_20190524T154425_0179_045_077_2520_MAR_O_NT_002.SEN3,geo_coordinates.nc,59915336,3c1abc5f8bfd79774b81838d8374dcad30f6c822c751619d140b914ae4468cea,a168bbe73f6d129370e2c5ef1e03739c-8,"Tue, 23 Mar 2021 09:46:40 GMT"
S3A_OL_2_WFR____20190523T063442_20190523T063742_20190524T154425_0179_045_077_2520_MAR_O_NT_002.SEN3,tie_geo_coordinates.nc,1141070,018bd048d1bf07cbb0619c0684812b289dc15085bbf2acd3a76624a5c635dfea,60423cda6e26d661500bb13cedf2eea2,"Tue, 23 Mar 2021 09:46:40 GMT"
S3A_OL_2_WFR____20190523T063442_20190523T063742_20190524T154425_0179_045_077_2520_MAR_O_NT_002.SEN3,wqsf.nc,5381612,d6f13cf31bd2e684f3d1f984475c410006bf46eb48166bf10a054ebd0edfd7aa,7101411edcc6bbc7ef0e6c540bbbec2e,"Tue, 23 Mar 2021 09:46:40 GMT"
S3A_OL_2_WFR____20190524T060831_20190524T061131_20190525T162850_0179_045_091_2520_MAR_O_NT_002.SEN3,chl_oc4me.nc,7327889,9e8ab09a7f7ddf63c04e3a76c42509b885657848f8fc27230a1c684e0014ab8f,30882b340cf1d4e200c4181671399969,"Tue, 23 Mar 2021 01:40:30 GMT"
S3A_OL_2_WFR____20190524T060831_20190524T061131_20190525T162850_0179_045_091_2520_MAR_O_NT_002.SEN3,geo_coordinates.nc,59153826,bb5e38c3294fa7ea3109d168ed0cb5a4f00112e267504ad0e97ae6e8b9911f28,d54726f8debc62be47a5b0789ffd5d1b-8,"Tue, 23 Mar 2021 01:40:29 GMT"
S3A_OL_2_WFR____20190524T060831_20190524T061131_20190525T162850_0179_045_091_2520_MAR_O_NT_002.SEN3,tie_geo_coordinates.nc,1133873,92239b9a4b2fbf8e49cde9ce00812bc3429b9d4526f6874fb21f18fe475fafd6,5ccc1fd60717f446c9ab9fb47a5583d1,"Tue, 23 Mar 2021 01:40:29 GMT"
S3A_OL_2_WFR____20190524T060831_20190524T061131_20190525T162850_0179_045_091_2520_MAR_O_NT_002.SEN3,wqsf.nc,7876242,cb2c27ef751c304a257ff46f84d19b1e75d503510a6e447efe08b6a09f3d462d,86f9749dab351ec9554f63e6fa4875c5,"Tue, 23 Mar 2021 01:40:29 GMT"
S3A_OL_2_WFR____20190526T065708_20190526T070008_20190527T164359_0180_045_120_2520_MAR_O_NT_002.SEN3,tie_geo_coordinates.nc,1137423,becd470f94c09855ca696a8cd6e995b475801ed98d132fadc1994c058a2d958b,321b3f038e4c07af98b22a83c1a15817,"Tue, 23 Mar 2021 09:44:40 GMT"
S3A_OL_2_WFR____20190527T063057_20190527T063357_20190528T151345_0179_045_134_2520_MAR_O_NT_002.SEN3,chl_oc4me.nc,4470709,c093566b49bfdb8c9b11afeb13016a1a1623e72d4da520de9e1c772183db45a8,215981e13394b2470dbc051942d791ed,"Tue, 23 Mar 2021 01:38:18 GMT"
S3A_OL_2_WFR____20190527T063057_20190527T063357_20190528T151345_0179_045_134_2520_MAR_O_NT_002.SEN3,geo_coordinates.nc,59946037,cb75d7ca788563dce0d85dfe49d5d554c49b28304002abcad5ab7174a3e8a62d,780124d75127d6bfc69f1a4929876cb1-8,"Tue, 23 Mar 2021 01:38:18 GMT"
S3A_OL_2_WFR____20190527T063057_20190527T063357_20190528T151345_0179_045_134_2520_MAR_O_NT_002.SEN3,tie_geo_coordinates.nc,1141105,9252a4f80f98436bc07a3d38f232c0ba7424db48557a9bbede3d36efb6e2854b,02e2f9b5482ece0bfc591791c7c21b71,"Tue, 23 Mar 2021 01:38:18 GMT"
S3A_OL_2_WFR____20190527T063057_20190527T063357_20190528T151345_0179_045_134_2520_MAR_O_NT_002.SEN3,wqsf.nc,5884846,071cba88d8ae5fe9a56a75ee2483f4010a15678c972adde76e2af4aca485547c,56176f75eee4702a406d031bf58f565c,"Tue, 23 Mar 2021 01:38:18 GMT"
S3A_OL_2_WFR____20190528T060446_20190528T060746_20190529T160118_0179_045_148_2520_MAR_O_NT_002.SEN3,chl_oc4me.nc,7719384,b7f571694976b30ceeb9373d22287b36588c7739334ff38cc7c496b3bd9539fc,8cadba982160514c05939aa5edeb1eed,"Tue, 23 Mar 2021 09:43:47 GMT"
S3A_OL_2_WFR____20190528T060446_20190528T060746_20190529T160118_0179_045_148_2520_MAR_O_NT_002.SEN3,geo_coordinates.nc,58987346,7b89f3fb51510a42bf3eaad033877df1ec38a144a5b3e2357553509d69818077,ef77d5702536d4bccb3d577b3ac1e16f-8,"Tue, 23 Mar 2021 09:43:47 GMT"
S3A_OL_2_WFR____20190528T060446_20190528T060746_20190529T160118_0179_045_148_2520_MAR_O_NT_002.SEN3,tie_geo_coordinates.nc,1137245,62dcb5322b46fd00013342d53d5d4a059009f44e1a584f60043cc02384250172,d89c20635a1e504742ea31859d4d4c6d,"Tue, 23 Mar 2021 09:43:47 GMT"
S3A_OL_2_WFR____20190528T060446_20190528T060746_20190529T160118_0179_045_148_2520_MAR_O_NT_002.SEN3,wqsf.nc,8684120,ac2aa2b9caaeedeeec9a600c90e56b00b47e4adf7453d8c9b71ce68a134ae7e2,94294cfe903ad709f1863f72ace126ca-2,"Tue, 23 Mar 2021 09:43:47 GMT"
S3A_OL_2_WFR____20190530T065324_20190530T065624_20190531T154104_0179_045_177_2520_MAR_O_NT_002.SEN3,chl_oc4me.nc,2111465,e2837ea012ff1c8212608871bad35e48753daacd1f7ac6beb8d462670b77a92c,89a5fc70801a8da1c74752b5d39fd65c,"Tue, 23 Mar 2021 01:36:29 GMT"
S3A_OL_2_WFR____20190530T065324_20190530T065624_20190531T154104_0179_045_177_2520_MAR_O_NT_002.SEN3,geo_coordinates.nc,59124417,622584eda5f357b1cba6c7cace95d7e14674313ec0356063425a2306f7b02753,8c922548e314155022d3a9b31407f0e5-8,"Tue, 23 Mar 2021 01:36:29 GMT"
S3A_OL_2_WFR____20190530T065324_20190530T065624_20190531T154104_0179_045_177_2520_MAR_O_NT_002.SEN3,tie_geo_coordinates.nc,1137124,162e305dce9b1bbce7ef6abbf67422b3392cb12f1e1525facb17375ca82a520e,575236cf941fe7e4a36726a473d5a979,"Tue, 23 Mar 2021 01:36:29 GMT"
S3A_OL_2_WFR____20190530T065324_20190530T065624_20190531T154104_0179_045_177_2520_MAR_O_NT_002.SEN3,wqsf.nc,4500670,0d1d43c9abd4949642056f2612e6e716f92cfb4f0e3f7ba4e2939557e835cbd0,0a8c9117bc4539160df1aeb3577de021,"Tue, 23 Mar 2021 01:36:29 GMT"
S3A_OL_2_WFR____20190531T062713_20190531T063013_20190601T183849_0179_045_191_2520_MAR_O_NT_002.SEN3,chl_oc4me.nc,5123366,12a412abc90f880b2bd3385af6aff3ddb8b10a99f058ce2947f99b4692eed941,68e7e25843e5b045a63affeb1a19c6c9,"Tue, 23 Mar 2021 01:35:52 GMT"
S3A_OL_2_WFR____20190531T062713_20190531T063013_20190601T183849_0179_045_191_2520_MAR_O_NT_002.SEN3,geo_coordinates.nc,59986631,2ed125188f36f67bb183b627e4886fa14ee20c0f1cd4147960ca1104be0b5d4e,fdaf459ac937f14447cdec173d57a53c-8,"Tue, 23 Mar 2021 01:35:53 GMT"
S3A_OL_2_WFR____20190531T062713_20190531T063013_20190601T183849_0179_045_191_2520_MAR_O_NT_002.SEN3,tie_geo_coordinates.nc,1139625,0f968683a743218bcf84dea2cb75f2c0a75a8923a8b862b42844573699795926,414322c5ff18c5fdf34253c02d5eba56,"Tue, 23 Mar 2021 01:35:53 GMT"
S3A_OL_2_WFR____20190531T062713_20190531T063013_20190601T183849_0179_045_191_2520_MAR_O_NT_002.SEN3,wqsf.nc,5466376,41f31462559823fa4732d7989f27b02cb64b9e9d4d79a6e5ff860743e56825d2,a795b07121648f2c2d746862bcac40d3,"Tue, 23 Mar 2021 01:35:53 GMT"
S3A_OL_2_WFR____20190601T060102_20190601T060402_20190602T174721_0179_045_205_2520_MAR_O_NT_002.SEN3,chl_oc4me.nc,8873682,72184cde7d33587881c3a4de28e49399dbbdebf6c4f653f80cd2701251558956,001f54191962cae07b65b18dfd7e3bb2-2,"Tue, 23 Mar 2021 01:34:51 GMT"
S3A_OL_2_WFR____20190601T060102_20190601T060402_20190602T174721_0179_045_205_2520_MAR_O_NT_002.SEN3,geo_coordinates.nc,58798355,23625260a8a74c0e433331357d0ea16cdb21b434f3e2f6dd91be21d75817d029,f0e17196762494a60f635fb390cde577-8,"Tue, 23 Mar 2021 01:34:51 GMT"
S3A_OL_2_WFR____20190601T060102_20190601T060402_20190602T174721_0179_045_205_2520_MAR_O_NT_002.SEN3,tie_geo_coordinates.nc,1136754,c273bdc2874639e4cc13dc91059298526eb50edd51c584adfc66547f592d10a2,fac30f72027003ef708dd6fe977b8313,"Tue, 23 Mar 2021 01:34:51 GMT"
S3A_OL_2_WFR____20190601T060102_20190601T060402_20190602T174721_0179_045_205_2520_MAR_O_NT_002.SEN3,wqsf.nc,9441486,d3ee628c2251da31cada92f8c4e987f5563fc1cf70edfebe4c408a6afe23870d,73b5cd2cbd6f5fd27d252cedea5b3c8f-2,"Tue, 23 Mar 2021 01:34:51 GMT"
S3A_OL_2_WFR____20190603T064939_20190603T065239_20190604T175042_0180_045_234_2520_MAR_O_NT_002.SEN3,chl_oc4me.nc,2908750,9b621c22ed8570ab5a7f024725cecd40f64d1e6b79f0f9767770044fb56ce86b,19a4a5afe6b7d1c7375d018f45892fab,"Tue, 23 Mar 2021 01:32:29 GMT"
S3A_OL_2_WFR____20190603T064939_20190603T065239_20190604T175042_0180_045_234_2520_MAR_O_NT_002.SEN3,geo_coordinates.nc,59157688,d77b4bd8db68c8f5308d9e60761f413dce6701ef772a25a58d1dca402bdd355b,f668b1123222fe1e3a2c557a682a6c39-8,"Tue, 23 Mar 2021 01:32:29 GMT"
S3A_OL_2_WFR____20190603T064939_20190603T065239_20190604T175042_0180_045_234_2520_MAR_O_NT_002.SEN3,tie_geo_coordinates.nc,1135195,105ee77d76886ea56800fcef9e29f5aecc53b256eaec4884ed8ca01313c06f52,5944a71d93fc11ac9fadd62249d36283,"Tue, 23 Mar 2021 01:32:29 GMT"
S3A_OL_2_WFR____20190603T064939_20190603T065239_20190604T175042_0180_045_234_2520_MAR_O_NT_002.SEN3,wqsf.nc,4759306,3259ec7557051280225d503d3fe4185aef30ee778a35861f1bdfad47cd109855,80d4ef402354a549bc51f9b79f9b41b1,"Tue, 23 Mar 2021 01:32:29 GMT"
S3A_OL_2_WFR____20190604T062328_20190604T062628_20190605T172828_0179_045_248_2520_MAR_O_NT_002.SEN3,chl_oc4me.nc,5309618,c23a8faecbf9758904f81104a880eae4bd6b293f601cdbaa93c325af09e52ecc,8fefebaa56078741dc3ccc7c97c37843,"Tue, 23 Mar 2021 09:36:35 GMT"
S3A_OL_2_WFR____20190604T062328_20190604T062628_20190605T172828_0179_045_248_2520_MAR_O_NT_002.SEN3,geo_coordinates.nc,59923374,d03e34cd3962c8266a242c38f3929ae6c484c3d43270497839ec4687985f7640,feb182b3e0772ba672d7f443ae2c1eda-8,"Tue, 23 Mar 2021 09:36:35 GMT"
S3A_OL_2_WFR____20190604T062328_20190604T062628_20190605T172828_0179_045_248_2520_MAR_O_NT_002.SEN3,tie_geo_coordinates.nc,1132102,73501ebdb0ee3746d940815eb96447d3c1a81a0a9792a5dda6c882ec18a3a9ca,550361c76457338ac09b271dee0135e6,"Tue, 23 Mar 2021 09:36:35 GMT"
S3A_OL_2_WFR____20190604T062328_20190604T062628_20190605T172828_0179_045_248_2520_MAR_O_NT_002.SEN3,wqsf.nc,6883516,58d2fd61a7a3620ba79af9648e65d96c989070623054a1c4899ea23b5e44a252,27af459a7f0a9865d1c107b19e37f8c5,"Tue, 23 Mar 2021 09:36:35 GMT"
S3A_OL_2_WFR____20190605T055717_20190605T060017_20190606T160516_0179_045_262_2520_MAR_O_NT_002.SEN3,chl_oc4me.nc,8339078,83b85aed50c71deed6fd5563dee778ae820966c337780b81e01a5af445122be1,714a394526984882c5d0fd9c044b1d50,"Tue, 23 Mar 2021 01:31:47 GMT"
S3A_OL_2_WFR____20190605T055717_20190605T060017_20190606T160516_0179_045_262_2520_MAR_O_NT_002.SEN3,geo_coordinates.nc,58520676,c3a021a96046b578bbfc38658d8ed05bc4299453508107441125d74f8f9be277,33abc32be9d9325e0975e0770f650379-7,"Tue, 23 Mar 2021 01:31:47 GMT"
S3A_OL_2_WFR____20190605T055717_20190605T060017_20190606T160516_0179_045_262_2520_MAR_O_NT_002.SEN3,tie_geo_coordinates.nc,1137442,3b29aa3d8cc0f4c1757a5ab1559d843cdd30853d86ff932a975b7734966b036a,e83dcd77fe2e9157046599f1a378d4fc,"Tue, 23 Mar 2021 01:31:47 GMT"
S3A_OL_2_WFR____20190605T055717_20190605T060017_20190606T160516_0179_045_262_2520_MAR_O_NT_002.SEN3,wqsf.nc,10744261,7a68210d2f4edff09c16da651ff7b92c84bfac5909ae94c12ffc3aa902c17617,a0e42b61ea406761289770431b04ae96-2,"Tue, 23 Mar 2021 01:31:47 GMT"
S3A_OL_2_WFR____20190607T064554_20190607T064854_20190608T165044_0179_045_291_2520_MAR_O_NT_002.SEN3,chl_oc4me.nc,3683826,1813c491335abcdefb25b6f8e45cd54cee7caea092615cfd548ffffa9e295d8d,88673d9883c329ce21b2b868eeb6963c,"Tue, 23 Mar 2021 01:29:46 GMT"
S3A_OL_2_WFR____20190607T064554_20190607T064854_20190608T165044_0179_045_291_2520_MAR_O_NT_002.SEN3,geo_coordinates.nc,59360505,72abca92776bcc6bcf3b1ee38d269783e94606d724d69af3d208f1c6d470b21e,87060d34f37fd253a4be2c7de4d6fd7b-8,"Tue, 23 Mar 2021 01:29:46 GMT"
S3A_OL_2_WFR____20190607T064554_20190607T064854_20190608T165044_0179_045_291_2520_MAR_O_NT_002.SEN3,tie_geo_coordinates.nc,1136198,514b6d2d39abf90b938eb941360a462f3112dc6588d1db2f22918bad1305a101,7e15cf89b947d98a804c32ba197136c2,"Tue, 23 Mar 2021 01:29:46 GMT"
S3A_OL_2_WFR____20190607T064554_20190607T064854_20190608T165044_0179_045_291_2520_MAR_O_NT_002.SEN3,wqsf.nc,4544492,55b2594094c502815fbe756d1f26059bdfa72e0fd6066c6e378b5c0f80aa0939,1d6b17c7642261004c2bac143d4c0a3d,"Tue, 23 Mar 2021 01:29:46 GMT"
S3A_OL_2_WFR____20190608T061943_20190608T062243_20190609T190417_0179_045_305_2520_MAR_O_NT_002.SEN3,chl_oc4me.nc,5692727,cb5505ff7398d62185457d636318fb6c1d3db05efec0379ac6d56f23411f25bb,92c103cca2d0bac21cfd19bb1325062a,"Tue, 23 Mar 2021 09:33:09 GMT"
S3A_OL_2_WFR____20190608T061943_20190608T062243_20190609T190417_0179_045_305_2520_MAR_O_NT_002.SEN3,geo_coordinates.nc,59834439,0fa4a23632bfcfd43be079534c19ed322b7424921fc15a093fe36b238725f57c,ad9e40081cbbeb2921a4e4841b8172a0-8,"Tue, 23 Mar 2021 09:33:09 GMT"
S3A_OL_2_WFR____20190608T061943_20190608T062243_20190609T190417_0179_045_305_2520_MAR_O_NT_002.SEN3,tie_geo_coordinates.nc,1142703,16031db0813d7eac3919fb482575d57d47ca9e05c4330a1c5d2fe300883026b1,ba227a3fa260b2541ea3af9a2447ce2b,"Tue, 23 Mar 2021 09:33:09 GMT"
S3A_OL_2_WFR____20190608T061943_20190608T062243_20190609T190417_0179_045_305_2520_MAR_O_NT_002.SEN3,wqsf.nc,6846086,5bd2b46863fbf70d37cf817f146bd0d9b2dfbe6b4f894600594e51418baa6edd,17aba383b96e5744e57b000800a64e7f,"Tue, 23 Mar 2021 09:33:10 GMT"
S3A_OL_2_WFR____20190611T064209_20190611T064509_20190612T191137_0179_045_348_2520_MAR_O_NT_002.SEN3,chl_oc4me.nc,4041205,55c711d0023cfc1a7412bf1f118f885f30fe6ea431a9fae2f72befd80ede1cab,bbf82837b0e7fae77ef75cb94eeb3694,"Tue, 23 Mar 2021 09:30:52 GMT"
S3A_OL_2_WFR____20190611T064209_20190611T064509_20190612T191137_0179_045_348_2520_MAR_O_NT_002.SEN3,geo_coordinates.nc,59521061,0690c0e7fc20d5fda6d3d2d09fc3384361ce94191c18642ad4a1fd843a9628e6,b7b4b7f43e26742ea7dc717ed7390e91-8,"Tue, 23 Mar 2021 09:30:52 GMT"
S3A_OL_2_WFR____20190611T064209_20190611T064509_20190612T191137_0179_045_348_2520_MAR_O_NT_002.SEN3,tie_geo_coordinates.nc,1136254,99648414827fd202b764f140416553e8a2aa223f09c954eded6e1753ae1875a6,1e0b55725abfbebca488e7d0d83a587d,"Tue, 23 Mar 2021 09:30:52 GMT"
S3A_OL_2_WFR____20190611T064209_20190611T064509_20190612T191137_0179_045_348_2520_MAR_O_NT_002.SEN3,wqsf.nc,4861824,b03675a08c5143efb86827e76ae2786a9d152ed9a1cf2d38f39329ee30a6e38b,daa1a2f8a0e51ec4bbc86699698f6aad,"Tue, 23 Mar 2021 09:30:52 GMT"
S3A_OL_2_WFR____20190612T061558_20190612T061858_20190613T182347_0179_045_362_2520_MAR_O_NT_002.SEN3,chl_oc4me.nc,4655894,bb4639a96ed2a27fd5c9a6d44ccd8c23f60fa4dd1a70d5db179f883ce91250d4,a8fbbedf835bfc8ff049495ae0d37edb,"Tue, 23 Mar 2021 01:27:02 GMT"
S3A_OL_2_WFR____20190612T061558_20190612T061858_20190613T182347_0179_045_362_2520_MAR_O_NT_002.SEN3,geo_coordinates.nc,59616929,f59fa7fb22d5f54b79ba241dc5c109bb325bcd67904cde181ff696df0d81310a,a320bab8259d8a0649f0897b429c111c-8,"Tue, 23 Mar 2021 01:27:02 GMT"
S3A_OL_2_WFR____20190612T061558_20190612T061858_20190613T182347_0179_045_362_2520_MAR_O_NT_002.SEN3,tie_geo_coordinates.nc,1133915,aafccea9c0f2581f058b463797419be969ccfaf5ba2ea39ba6fc8f649fd7caec,f73b8f0eac89475f0c5940092f56d664,"Tue, 23 Mar 2021 01:27:02 GMT"
S3A_OL_2_WFR____20190612T061558_20190612T061858_20190613T182347_0179_045_362_2520_MAR_O_NT_002.SEN3,wqsf.nc,6029088,1a96206273e6eeff4d6eaba19897172a75fb91e577a3b097aecc52a0d0df26e6,00edc6d1f4c7f9cea9db2017db7980b3,"Tue, 23 Mar 2021 01:27:02 GMT"
S3A_OL_2_WFR____20190615T063825_20190615T064125_20190616T172021_0179_046_020_2520_MAR_O_NT_002.SEN3,chl_oc4me.nc,4215838,b9e363cb8f52a26d3446a2b2d7fe7632e09ffc5a73b722a1e858d973d9d5ea12,0371ae78d31d24c8b8e2c8ab9f6c1d4d,"Tue, 23 Mar 2021 09:27:32 GMT"
S3A_OL_2_WFR____20190615T063825_20190615T064125_20190616T172021_0179_046_020_2520_MAR_O_NT_002.SEN3,geo_coordinates.nc,59747770,ae77514a02a0c879506313645c878fc39fad05f1abd24d4d8331647ae169620c,48c1cc2785c48b6d55cc5ee5945206ce-8,"Tue, 23 Mar 2021 09:27:32 GMT"
S3A_OL_2_WFR____20190615T063825_20190615T064125_20190616T172021_0179_046_020_2520_MAR_O_NT_002.SEN3,tie_geo_coordinates.nc,1141739,be57e9204f5bf135391a2aca525dbffcfc358310db1fb92f61bc38d98fb0bc31,107d5600ba6953582370d5ea66f4254b,"Tue, 23 Mar 2021 09:27:32 GMT"
S3A_OL_2_WFR____20190615T063825_20190615T064125_20190616T172021_0179_046_020_2520_MAR_O_NT_002.SEN3,wqsf.nc,4787875,8816dd2f4e577edced045a8788628ac34b91dc99682884ce15d2eaad39da6f7d,a897e65c888ca9e8160de5105d6249ce,"Tue, 23 Mar 2021 09:27:32 GMT"
S3A_OL_2_WFR____20190616T061214_20190616T061514_20190617T230520_0179_046_034_2520_MAR_O_NT_002.SEN3,chl_oc4me.nc,3079059,f2a034e6bede5ac8824116e9336cbb1d899d59e44042135f514c675f9a50bcda,89f3136cb4a8daa05d952df093064bb0,"Tue, 23 Mar 2021 01:24:48 GMT"
S3A_OL_2_WFR____20190616T061214_20190616T061514_20190617T230520_0179_046_034_2520_MAR_O_NT_002.SEN3,geo_coordinates.nc,59339778,524eb2b3a47bb2ee04b67a09c3a3f23e2d2318137521c55a6d60d86570848b38,4d8488a998214c430b06599627786df3-8,"Tue, 23 Mar 2021 01:24:48 GMT"
S3A_OL_2_WFR____20190616T061214_20190616T061514_20190617T230520_0179_046_034_2520_MAR_O_NT_002.SEN3,tie_geo_coordinates.nc,1137729,00a22810fd16c592861961a5d718016a1bea23e6015379c7ea387907ff550a21,292bf41b25051aab4460d6832efe78bd,"Tue, 23 Mar 2021 01:24:48 GMT"
S3A_OL_2_WFR____20190616T061214_20190616T061514_20190617T230520_0179_046_034_2520_MAR_O_NT_002.SEN3,wqsf.nc,5357458,0948482e181b13146a0ced24a7e96269f350a72c752b389431cded454365e85f,3b8672b399913818e5f465c19672e12f,"Tue, 23 Mar 2021 01:24:48 GMT"
S3A_OL_2_WFR____20190616T061214_20190616T061514_20190617T232526_0179_046_034_2520_MAR_O_NT_002.SEN3,chl_oc4me.nc,3079059,f3b9399f643b5c94aca97981abdb8495d27533c50a311ffc93824e1349f53879,8995c2d158da27266cadd72ae7c88f2a,"Tue, 23 Mar 2021 09:26:33 GMT"
S3A_OL_2_WFR____20190616T061214_20190616T061514_20190617T232526_0179_046_034_2520_MAR_O_NT_002.SEN3,geo_coordinates.nc,59339778,ba6b442094411fa3a867db338b5065dd1650932bc4cf3b7d552c76f1a3175989,d0da1c37f2688ec9810e644e34ce7d5a-8,"Tue, 23 Mar 2021 09:26:33 GMT"
S3A_OL_2_WFR____20190616T061214_20190616T061514_20190617T232526_0179_046_034_2520_MAR_O_NT_002.SEN3,tie_geo_coordinates.nc,1137729,3914ca8d9968172a3f6e518bc9ec679019fbabd408b4865bddeb52db33015068,c63cd4df7ad07fccd67d8c9c69fef7e4,"Tue, 23 Mar 2021 09:26:33 GMT"
S3A_OL_2_WFR____20190616T061214_20190616T061514_20190617T232526_0179_046_034_2520_MAR_O_NT_002.SEN3,wqsf.nc,5357458,ea83be06ebbdb1a3935c4e64199b81c0e82ddaf065bae4c955a8786ce3096fd9,2563225e0b4b78b3a3ac971b275a1823,"Tue, 23 Mar 2021 09:26:33 GMT"
S3A_OL_2_WFR____20190619T063441_20190619T063741_20190620T153015_0179_046_077_2520_MAR_O_NT_002.SEN3,chl_oc4me.nc,4093224,a6ec1f00b05724750bfb0f510bb8a8f8c8fc5e261315c2c54a0d484f325ac518,63560d75c0040315539ae357b6258224,"Tue, 23 Mar 2021 09:24:21 GMT"
S3A_OL_2_WFR____20190619T063441_20190619T063741_20190620T153015_0179_046_077_2520_MAR_O_NT_002.SEN3,geo_coordinates.nc,59920577,9f013900a635eec5a762cd63ace5bcb9f8759c9cfe635e09cdf4492d013285c8,10ea871fac27c3802a912fc4d3100369-8,"Tue, 23 Mar 2021 09:24:21 GMT"
S3A_OL_2_WFR____20190619T063441_20190619T063741_20190620T153015_0179_046_077_2520_MAR_O_NT_002.SEN3,tie_geo_coordinates.nc,1138997,66cc5655681f4bd49bb3744094f4813d4e09f7b660bc9cd8b12dfe76df40a1b8,2966723e0f7f36e47415d4168c1d887c,"Tue, 23 Mar 2021 09:24:21 GMT"
S3A_OL_2_WFR____20190619T063441_20190619T063741_20190620T153015_0179_046_077_2520_MAR_O_NT_002.SEN3,wqsf.nc,4844708,efcdc2166ececbea569225de5b2def8d885b4026fe13df61a3b8d2e527fbcacf,eeb9d41911b53753fbcf644ae621675a,"Tue, 23 Mar 2021 09:24:21 GMT"
S3A_OL_2_WFR____20190620T060830_20190620T061130_20190621T133120_0179_046_091_2520_MAR_O_NT_002.SEN3,chl_oc4me.nc,4572596,0386e2cf9fac38304ac37b98ba127cf4342c82fe81243f2205561649cd8efb24,787a2fae9298860bbef5aa86011c3157,"Tue, 23 Mar 2021 01:22:32 GMT"
S3A_OL_2_WFR____20190620T060830_20190620T061130_20190621T133120_0179_046_091_2520_MAR_O_NT_002.SEN3,geo_coordinates.nc,59127382,35b17e70c4caae160989e93c4c073fc47014246ea08d19594115473ef2ff3ace,57ae6da0acfc471bcef64e4a877e1bac-8,"Tue, 23 Mar 2021 01:22:31 GMT"
S3A_OL_2_WFR____20190620T060830_20190620T061130_20190621T133120_0179_046_091_2520_MAR_O_NT_002.SEN3,tie_geo_coordinates.nc,1136224,c5086f160b1e1e3534f6e787312aac96ba9878e76a7e59f0693a6ed9bc26fba3,b44231595f3cad3fe216b5d0620954d3,"Tue, 23 Mar 2021 01:22:31 GMT"
S3A_OL_2_WFR____20190620T060830_20190620T061130_20190621T133120_0179_046_091_2520_MAR_O_NT_002.SEN3,wqsf.nc,8280407,d4c4a50faedc284723c041ffdcb199209742578540aecce88fa621f0aef36202,27fa3d747c736312250efdb8c4c99471,"Tue, 23 Mar 2021 01:22:32 GMT"
S3A_OL_2_WFR____20190622T065707_20190622T070007_20190623T142607_0179_046_120_2520_MAR_O_NT_002.SEN3,tie_geo_coordinates.nc,1138348,a328c2bfdd8d907663cf2758dd209465393d89a6afcca705ec9e4999a2a445b8,187b0077a1ac998700ec21cf441ebed1,"Tue, 23 Mar 2021 09:22:04 GMT"
S3A_OL_2_WFR____20190623T063056_20190623T063356_20190624T154348_0179_046_134_2520_MAR_O_NT_002.SEN3,chl_oc4me.nc,4689889,42409de398c4f1688062a2b1b01bbc499b7b079bbe486e778498520a93d45eaa,0dd353197620d4111644ac58662afdea,"Tue, 23 Mar 2021 01:20:34 GMT"
S3A_OL_2_WFR____20190623T063056_20190623T063356_20190624T154348_0179_046_134_2520_MAR_O_NT_002.SEN3,geo_coordinates.nc,59945033,f77a7641a920fde74fc2b28974a6a4ff5cd2482b979905f66f016816213f2bb5,4a7e74e45f3c4d3b7e660915d7d3e20c-8,"Tue, 23 Mar 2021 01:20:33 GMT"
S3A_OL_2_WFR____20190623T063056_20190623T063356_20190624T154348_0179_046_134_2520_MAR_O_NT_002.SEN3,tie_geo_coordinates.nc,1134287,033dce4e8cfeb9b84403790086287a6bd54f167ce410a5b7f7dc4273e68257d1,83f219e3989618e9736b830ed766b6c4,"Tue, 23 Mar 2021 01:20:34 GMT"
S3A_OL_2_WFR____20190623T063056_20190623T063356_20190624T154348_0179_046_134_2520_MAR_O_NT_002.SEN3,wqsf.nc,5304971,ca449f490b6483be1949030d69af6f112fbe1e448a6d828670c017096189f194,c25edd5d671000a47ec04c10eaf9e8e6,"Tue, 23 Mar 2021 01:20:34 GMT"
S3A_OL_2_WFR____20190624T060445_20190624T060745_20190625T153138_0179_046_148_2520_MAR_O_NT_002.SEN3,chl_oc4me.nc,4931307,579a753323865ff969e826b3d7d2697dd4ba48bfebb6f704bd38072ec2005174,92af55f271e584521a8c02f9289f29df,"Tue, 23 Mar 2021 09:21:14 GMT"
S3A_OL_2_WFR____20190624T060445_20190624T060745_20190625T153138_0179_046_148_2520_MAR_O_NT_002.SEN3,geo_coordinates.nc,58969145,68bb3a7cd89bc7ea7e4347d5e99175993e0b115934cfc8a0776b37d6b74190aa,fe039480ad639faf0c9f4f4263ccf5e7-8,"Tue, 23 Mar 2021 09:21:14 GMT"
S3A_OL_2_WFR____20190624T060445_20190624T060745_20190625T153138_0179_046_148_2520_MAR_O_NT_002.SEN3,tie_geo_coordinates.nc,1138249,ec87e8af4c1ce081b07eebf97a2b98586072d9bb776d3a557ac9e0341cc7463a,0e978853aa875fc8aa4adfa208a137db,"Tue, 23 Mar 2021 09:21:14 GMT"
S3A_OL_2_WFR____20190624T060445_20190624T060745_20190625T153138_0179_046_148_2520_MAR_O_NT_002.SEN3,wqsf.nc,9474455,abcf6b491fbc8caa4ca6089d132a474c4612ed49f511a35a23ba3402e93dafee,28d73c3697c8152a5c8017fb9020a797-2,"Tue, 23 Mar 2021 09:21:14 GMT"
S3A_OL_2_WFR____20190626T065323_20190626T065623_20190627T152013_0179_046_177_2520_MAR_O_NT_002.SEN3,chl_oc4me.nc,3004873,62f945a30e0d4ff200a756a4348fe395c2f7c28f8c8baa45a4847790fc501e0e,4ae0217ecc18d5f0de82d91cf950d163,"Tue, 23 Mar 2021 09:18:19 GMT"
S3A_OL_2_WFR____20190626T065323_20190626T065623_20190627T152013_0179_046_177_2520_MAR_O_NT_002.SEN3,geo_coordinates.nc,59093056,01a8adedec3f539a816be0eae649cb14f03ccd3f8e07c8651a8e56e2cfe19124,36686895bf9475e2c74518dc2d3c360b-8,"Tue, 23 Mar 2021 09:18:19 GMT"
S3A_OL_2_WFR____20190626T065323_20190626T065623_20190627T152013_0179_046_177_2520_MAR_O_NT_002.SEN3,tie_geo_coordinates.nc,1140020,a982c14c40fe7135aa593f6fce86e7ec594d2e0abeddc8bcbe671e740ab97c34,ab94626f954bd5d8880d5d3fa3646f30,"Tue, 23 Mar 2021 09:18:19 GMT"
S3A_OL_2_WFR____20190626T065323_20190626T065623_20190627T152013_0179_046_177_2520_MAR_O_NT_002.SEN3,wqsf.nc,4816796,7b030e716635a381526c9df2e4c3f22e59f1c14078b30f432a5d318e68d7ed4a,8e94a80e76d38fb7f5d920122e335309,"Tue, 23 Mar 2021 09:18:19 GMT"
S3A_OL_2_WFR____20190627T062712_20190627T063012_20190628T134511_0179_046_191_2520_MAR_O_NT_002.SEN3,chl_oc4me.nc,4601131,ac28759ad724a3be9906b7774e3e9777bf43de33f2f983cb27910ae66b782ebf,a178830bc105b0d7bd4d0c86844aeead,"Tue, 23 Mar 2021 01:18:06 GMT"
S3A_OL_2_WFR____20190627T062712_20190627T063012_20190628T134511_0179_046_191_2520_MAR_O_NT_002.SEN3,geo_coordinates.nc,59990630,d9de13163e69f19db5c6674c1e74552e596d95b8902dffc3c8214499da74040f,d327f6be8762c721a9bb73ad70c98274-8,"Tue, 23 Mar 2021 01:18:05 GMT"
S3A_OL_2_WFR____20190627T062712_20190627T063012_20190628T134511_0179_046_191_2520_MAR_O_NT_002.SEN3,tie_geo_coordinates.nc,1136395,64d015a4fbea0196c4631e20fa796ac79c06120e8f88999d4444de5997c85512,76356bb477bb2207deba4a2ff844b69b,"Tue, 23 Mar 2021 01:18:05 GMT"
S3A_OL_2_WFR____20190627T062712_20190627T063012_20190628T134511_0179_046_191_2520_MAR_O_NT_002.SEN3,wqsf.nc,6357140,bd0732e6b728b3e8d106c32bc29298e57339bc89d36a353a1c71d2ca6f219b0f,742cfe53112910934a5e7bdb2e67d90a,"Tue, 23 Mar 2021 01:18:05 GMT"
S3A_OL_2_WFR____20190628T060101_20190628T060401_20190629T161527_0180_046_205_2520_MAR_O_NT_002.SEN3,chl_oc4me.nc,6877447,b25c151f385af5d018d1d74dbfffee3b1ec75b39b37d9fd3cafd969bd1d7355e,dedc59531693e9aedb397f39c384ad63,"Tue, 23 Mar 2021 09:17:22 GMT"
S3A_OL_2_WFR____20190628T060101_20190628T060401_20190629T161527_0180_046_205_2520_MAR_O_NT_002.SEN3,geo_coordinates.nc,58768401,1241750c86bf16febe2c027e80e12ca1a75b76f521b6bad67e1c457c5ba1489e,0651453653b193b41981770bf87c2b9f-8,"Tue, 23 Mar 2021 09:17:22 GMT"
S3A_OL_2_WFR____20190628T060101_20190628T060401_20190629T161527_0180_046_205_2520_MAR_O_NT_002.SEN3,tie_geo_coordinates.nc,1135608,8e6a8ceb49746754f2a5d19f1eea13b55c55f7cecb918c8ab2d352d6c481967f,5b2840cc07d041a238373f61adb42e12,"Tue, 23 Mar 2021 09:17:22 GMT"
S3A_OL_2_WFR____20190628T060101_20190628T060401_20190629T161527_0180_046_205_2520_MAR_O_NT_002.SEN3,wqsf.nc,9865279,d9b2f266894f4118e1e391a700cd6c32554dc49a6213536001c484224bcd590d,365666cbc8fd712a3c3eff4d5c981098-2,"Tue, 23 Mar 2021 09:17:22 GMT"
S3A_OL_2_WFR____20190630T064939_20190630T065239_20190701T160448_0179_046_234_2520_MAR_O_NT_002.SEN3,chl_oc4me.nc,3181996,6471944f4f3f8f4fe2d92cedbcda8a2e868d04a0b65c0173dc4746cc4cc41ca7,fa856bf0e2c0c60a454398210ac94ccd,"Tue, 23 Mar 2021 09:14:41 GMT"
S3A_OL_2_WFR____20190630T064939_20190630T065239_20190701T160448_0179_046_234_2520_MAR_O_NT_002.SEN3,geo_coordinates.nc,59181645,8fdff7031bff97330e57b2487371eb703565c874adc7d70043e795718fc56631,6855f1f1d6d8b57ab7aefbe45a40a4f7-8,"Tue, 23 Mar 2021 09:14:41 GMT"
S3A_OL_2_WFR____20190630T064939_20190630T065239_20190701T160448_0179_046_234_2520_MAR_O_NT_002.SEN3,tie_geo_coordinates.nc,1137934,cd085621932629854e94fd483c0c41ad8152a3c9d31c44335b35fb7a76c73fa7,7af5f63853dff372e736694f943c04cc,"Tue, 23 Mar 2021 09:14:40 GMT"
S3A_OL_2_WFR____20190630T064939_20190630T065239_20190701T160448_0179_046_234_2520_MAR_O_NT_002.SEN3,wqsf.nc,4884607,3e67ffc190353e5a9622ac31b93c1a810897e6958b547592eb97d6f8c5d4b89d,4499e05c21c2c80f80b9ce55a8835e08,"Tue, 23 Mar 2021 09:14:41 GMT"
S3A_OL_2_WFR____20190701T062328_20190701T062628_20190702T150719_0179_046_248_2520_MAR_O_NT_002.SEN3,chl_oc4me.nc,5328021,825c780905de1d8f9a4c804ed5a6ac8e8416c4902ed1ac505be76db235c62292,9715b64df1e7ac980a462a8e202a9509,"Tue, 23 Mar 2021 01:15:21 GMT"
S3A_OL_2_WFR____20190701T062328_20190701T062628_20190702T150719_0179_046_248_2520_MAR_O_NT_002.SEN3,geo_coordinates.nc,59950776,71e1a7fce8a163f1e137c792170a90ff7e84c14518b26fb36967f5140dbb64a5,dd7a9bdedb6af960e517dd7ac6776d1e-8,"Tue, 23 Mar 2021 01:15:21 GMT"
S3A_OL_2_WFR____20190701T062328_20190701T062628_20190702T150719_0179_046_248_2520_MAR_O_NT_002.SEN3,tie_geo_coordinates.nc,1141112,4a8455ebe287a1c79179840e91d2b6a50a2406e6eff97cff03df3038ec1cbbb8,5a8ce043087c751159c4c6f9b1f9d6c6,"Tue, 23 Mar 2021 01:15:20 GMT"
S3A_OL_2_WFR____20190701T062328_20190701T062628_20190702T150719_0179_046_248_2520_MAR_O_NT_002.SEN3,wqsf.nc,6041114,68dd3be269ca63eab09dd57398c5400caab0972ce343ea88855c379002e43ae6,aa9df74653dd67ade6a8306e6f329c14,"Tue, 23 Mar 2021 01:15:20 GMT"
S3A_OL_2_WFR____20190702T055717_20190702T060017_20190703T131516_0179_046_262_2520_MAR_O_NT_002.SEN3,chl_oc4me.nc,5524891,cbe29af7e103d38505f872058ae34dc8fac85f3de35098b3954cea4820efe6ac,5ac0075bcd2bf35ab0fed6a0e89e034c,"Tue, 23 Mar 2021 09:13:48 GMT"
S3A_OL_2_WFR____20190702T055717_20190702T060017_20190703T131516_0179_046_262_2520_MAR_O_NT_002.SEN3,geo_coordinates.nc,58531493,4761a85a210a757d7dd2c027b3f4d5d14eb042083c42fd48b7962ec2e679afd7,243261e12d3e62b9138bdf8480190c29-7,"Tue, 23 Mar 2021 09:13:48 GMT"
S3A_OL_2_WFR____20190702T055717_20190702T060017_20190703T131516_0179_046_262_2520_MAR_O_NT_002.SEN3,tie_geo_coordinates.nc,1138011,182a3f6197e699e0b846c8200afd46440d46369461fa6d32db86a31da04206dd,7d4db513d0987f600582a50503e33022,"Tue, 23 Mar 2021 09:13:49 GMT"
S3A_OL_2_WFR____20190702T055717_20190702T060017_20190703T131516_0179_046_262_2520_MAR_O_NT_002.SEN3,wqsf.nc,8907237,e15786aeacff5177b8821947a3b6eb8cb36eb7258dd3919a5456f8850df92a2b,c6b881fb1b857b5ae215d4336ff8a69a-2,"Tue, 23 Mar 2021 09:13:48 GMT"
S3A_OL_2_WFR____20190704T064554_20190704T064854_20190705T151954_0179_046_291_2520_MAR_O_NT_002.SEN3,chl_oc4me.nc,3515782,6930a95bcef15060d1ac1de761319a51ac0c13836d95aa492812dbe2ecf3913f,6f580b8d7d3caca9a43278fb7a7977b5,"Tue, 23 Mar 2021 09:11:31 GMT"
S3A_OL_2_WFR____20190704T064554_20190704T064854_20190705T151954_0179_046_291_2520_MAR_O_NT_002.SEN3,geo_coordinates.nc,59375041,5f3dc7ce832342358a6321e0fcb83626e65ba60919b2c864832b1276ddb7dbde,f280dcc6537f48787c8972ab615c4ef8-8,"Tue, 23 Mar 2021 09:11:31 GMT"
S3A_OL_2_WFR____20190704T064554_20190704T064854_20190705T151954_0179_046_291_2520_MAR_O_NT_002.SEN3,tie_geo_coordinates.nc,1138138,5c6755e7be132a64ea8cb6d4ef217bf54235201890450bf339c69fee0849cd0d,b8360eea090bd63888e1d7f70efecd58,"Tue, 23 Mar 2021 09:11:31 GMT"
S3A_OL_2_WFR____20190704T064554_20190704T064854_20190705T151954_0179_046_291_2520_MAR_O_NT_002.SEN3,wqsf.nc,5694464,ae3a7841b82c13bafd979cf54648088b0d4e0586071595c126457eabc3ab8ad0,c47597a22b79376a7ce3b6e6d46076d2,"Tue, 23 Mar 2021 09:11:31 GMT"
S3A_OL_2_WFR____20190705T061943_20190705T062243_20190706T163003_0179_046_305_2520_MAR_O_NT_002.SEN3,chl_oc4me.nc,4620384,1ecda0e4d11461836f2f076b04596c62f3cefed42a65a7980d63e9fd079b99b6,cf9d6b4adac1bfef3d5a959212842d04,"Tue, 23 Mar 2021 01:12:43 GMT"
S3A_OL_2_WFR____20190705T061943_20190705T062243_20190706T163003_0179_046_305_2520_MAR_O_NT_002.SEN3,geo_coordinates.nc,59837130,cfcbaf588b8ed7273fba6d30196754f352519ad19cac751f1943602f133ad299,020452e6a70c07c7aa9583d058f49162-8,"Tue, 23 Mar 2021 01:12:43 GMT"
S3A_OL_2_WFR____20190705T061943_20190705T062243_20190706T163003_0179_046_305_2520_MAR_O_NT_002.SEN3,tie_geo_coordinates.nc,1141101,633d7231e92c037f0a44a0aef1f4f6b52e1ce340f718b30a69667e29d678ff8b,d356eeafd36028af0fb764861b688ef6,"Tue, 23 Mar 2021 01:12:43 GMT"
S3A_OL_2_WFR____20190705T061943_20190705T062243_20190706T163003_0179_046_305_2520_MAR_O_NT_002.SEN3,wqsf.nc,7047737,e3946cf6ffbd7329189e1e46a42b7d4a1de5f4b7ba5e8ec11984db6e242a63ef,71293e505c20e477855209cc993ca8a1,"Tue, 23 Mar 2021 01:12:43 GMT"
S3A_OL_2_WFR____20190708T064210_20190708T064510_20190709T151446_0179_046_348_2520_MAR_O_NT_002.SEN3,chl_oc4me.nc,4114470,3ee9abbaec6742106b4a9ecd6c38e7c287196cc4717ba21cdec3558a28217c18,5531b08bbc99b00013af6cd0d8bc6ddf,"Tue, 23 Mar 2021 01:10:59 GMT"
S3A_OL_2_WFR____20190708T064210_20190708T064510_20190709T151446_0179_046_348_2520_MAR_O_NT_002.SEN3,geo_coordinates.nc,59548410,3a6ef88d62684cc8082dc11e64e44773c99795e8059c78f58669bf431b121823,35f0d116587f8d5d0f3c07af641c9e24-8,"Tue, 23 Mar 2021 01:10:59 GMT"
S3A_OL_2_WFR____20190708T064210_20190708T064510_20190709T151446_0179_046_348_2520_MAR_O_NT_002.SEN3,tie_geo_coordinates.nc,1137246,03870dacd1c9c99e863d00aa4c316bb24638de241ff1e82856438fede16b921c,d154e62fa99c9dd1531ea53b184ad450,"Tue, 23 Mar 2021 01:10:59 GMT"
S3A_OL_2_WFR____20190708T064210_20190708T064510_20190709T151446_0179_046_348_2520_MAR_O_NT_002.SEN3,wqsf.nc,5529055,b2fa1d02072632eb453d41647580c6ff858ff2626ef2be184ea697d87653a3f4,271c392a8061aae9189f5995e1d783e4,"Tue, 23 Mar 2021 01:10:59 GMT"
S3A_OL_2_WFR____20190709T061559_20190709T061859_20190710T183124_0179_046_362_2520_MAR_O_NT_002.SEN3,chl_oc4me.nc,5276542,214ba90bd3cda21068d29e2d2c6c7ec27caaabb7d69e504d08718d6756c58d83,848baf8d3c57f1c92194a36b03138eae,"Tue, 23 Mar 2021 09:07:57 GMT"
S3A_OL_2_WFR____20190709T061559_20190709T061859_20190710T183124_0179_046_362_2520_MAR_O_NT_002.SEN3,geo_coordinates.nc,59636064,56381834a06ece4cfb69f3c6306f3241c33a005dacdea4285af9f694fccd1bc2,deddaf15a5633f21732c2bc0f44f18db-8,"Tue, 23 Mar 2021 09:07:57 GMT"
S3A_OL_2_WFR____20190709T061559_20190709T061859_20190710T183124_0179_046_362_2520_MAR_O_NT_002.SEN3,tie_geo_coordinates.nc,1140378,e8813344d653a1bd0d45512c381617c4c531bc7854439821cc70213e57ce2dfb,2e6237e822caf91731147a360033fc1c,"Tue, 23 Mar 2021 09:07:57 GMT"
S3A_OL_2_WFR____20190709T061559_20190709T061859_20190710T183124_0179_046_362_2520_MAR_O_NT_002.SEN3,wqsf.nc,6859802,0003f085e9d7ece1a6d0bdf404690f60f3cd27bf1df4bf1cff18dc81898924d5,44dbc119ba6f4bd72c437fba49ecbac5,"Tue, 23 Mar 2021 09:07:57 GMT"
S3A_OL_2_WFR____20190712T063825_20190712T064125_20190713T131916_0179_047_020_2520_MAR_O_NT_002.SEN3,chl_oc4me.nc,4567368,f9bc05cb97f4de195b61cd56fd02bb2f5114e3118c17db223a28f7bec028ff22,70b77135507356f91f3a93f4d071c0f1,"Tue, 23 Mar 2021 01:08:43 GMT"
S3A_OL_2_WFR____20190712T063825_20190712T064125_20190713T131916_0179_047_020_2520_MAR_O_NT_002.SEN3,geo_coordinates.nc,59773262,bbf221963444c84c301822c9364f708f56a0db2e406848babd34de4c4f07bb9e,26dcfcee79b9436ba95ba43d62d9fd9d-8,"Tue, 23 Mar 2021 01:08:43 GMT"
S3A_OL_2_WFR____20190712T063825_20190712T064125_20190713T131916_0179_047_020_2520_MAR_O_NT_002.SEN3,tie_geo_coordinates.nc,1136126,ff5633c89b1ac9e92c159aaec4157f83e59e159f4aea577603f1b3a7ab940a95,503161237ec1ade086102d3bbc503941,"Tue, 23 Mar 2021 01:08:43 GMT"
S3A_OL_2_WFR____20190712T063825_20190712T064125_20190713T131916_0179_047_020_2520_MAR_O_NT_002.SEN3,wqsf.nc,5517396,4e53916ccfe4784d5fae3417bb6515bb23e0daa87a0427043d417d7e93f61003,46bb84961446cb4b245cc591c154d72f,"Tue, 23 Mar 2021 01:08:43 GMT"
S3A_OL_2_WFR____20190713T061214_20190713T061514_20190714T145828_0179_047_034_2520_MAR_O_NT_002.SEN3,chl_oc4me.nc,4535042,161b307de84de56764f52e8d65374bd0ddfb953ff019dafa3a7a650e68c887eb,0d0d44e111a780a701933bc9ab2ecbd7,"Tue, 23 Mar 2021 09:04:20 GMT"
S3A_OL_2_WFR____20190713T061214_20190713T061514_20190714T145828_0179_047_034_2520_MAR_O_NT_002.SEN3,geo_coordinates.nc,59362470,776606e33e0da728d5fc4948f0d3e95b9460be3ee88d19639d01bb760dad209a,570a9c27a84835954d21fc39f0a7b2d7-8,"Tue, 23 Mar 2021 09:04:20 GMT"
S3A_OL_2_WFR____20190713T061214_20190713T061514_20190714T145828_0179_047_034_2520_MAR_O_NT_002.SEN3,tie_geo_coordinates.nc,1131528,0abc66e4918b53b68fb860d8cbf60f458da7605dbdd39cfe057cd7c8de29028d,2a907cac463f8ae9eb6e163409fda2ee,"Tue, 23 Mar 2021 09:04:20 GMT"
S3A_OL_2_WFR____20190713T061214_20190713T061514_20190714T145828_0179_047_034_2520_MAR_O_NT_002.SEN3,wqsf.nc,7625215,256f188d5fe34a6a08010c90951f56828907dbb003dca820882e4881203f4648,1fba364bd04355d7945eaf2ae0495b43,"Tue, 23 Mar 2021 09:04:20 GMT"
S3A_OL_2_WFR____20190716T063440_20190716T063740_20190718T182506_0179_047_077_2520_MAR_O_NT_002.SEN3,chl_oc4me.nc,4619126,3d16569483f3b057a3b28d30f740168484d9f0dd36edf03de45ada11571a022f,0cd4fdd82082819c108a6b3bf0223f0b,"Tue, 23 Mar 2021 09:01:56 GMT"
S3A_OL_2_WFR____20190716T063440_20190716T063740_20190718T182506_0179_047_077_2520_MAR_O_NT_002.SEN3,geo_coordinates.nc,59909339,c9d54281ebbd7d56d648dda20d0eb938cc3353fc002c98fd54436d3baaf441fc,937770735cdd46b2b4e5b8d34707d7e6-8,"Tue, 23 Mar 2021 09:01:56 GMT"
S3A_OL_2_WFR____20190716T063440_20190716T063740_20190718T182506_0179_047_077_2520_MAR_O_NT_002.SEN3,tie_geo_coordinates.nc,1134780,d8a56d2fa8144dec49149089621ce0076afe1c246c34f0329ddb2c161a0f27d3,ea3957c674997f893eb52cda56b19638,"Tue, 23 Mar 2021 09:01:56 GMT"
S3A_OL_2_WFR____20190716T063440_20190716T063740_20190718T182506_0179_047_077_2520_MAR_O_NT_002.SEN3,wqsf.nc,5481366,13e29fc6aa1f4c39d9e2f05027ea1e6ca5ca7a6c8a47aaa7b8fd9d9c05693099,01bf97771bfedd6666f4b0cd32f4dd96,"Tue, 23 Mar 2021 09:01:56 GMT"
S3A_OL_2_WFR____20190717T060829_20190717T061129_20190718T143654_0179_047_091_2520_MAR_O_NT_002.SEN3,chl_oc4me.nc,3905105,c30418b28795c8f5b9e2f06dcf09fadf3c8556821cd25171dbecbbaaea1e48db,d93fbb08dae099655da633f308b2ba12,"Tue, 23 Mar 2021 01:06:21 GMT"
S3A_OL_2_WFR____20190717T060829_20190717T061129_20190718T143654_0179_047_091_2520_MAR_O_NT_002.SEN3,geo_coordinates.nc,59136675,57fd9812a5880ae9bd5b7a35b38beccb814efcfaabb230f45fa99c71c42d0f04,ac43bf5a418ebef76f21d9bca70130c6-8,"Tue, 23 Mar 2021 01:06:21 GMT"
S3A_OL_2_WFR____20190717T060829_20190717T061129_20190718T143654_0179_047_091_2520_MAR_O_NT_002.SEN3,tie_geo_coordinates.nc,1130501,c5961c5e6ab8dd2826ca02df7b4440ee7b3aaaeebe7ae7519a385740c738e59d,63d165cb0cd0ad4e6450cf75f0f0c344,"Tue, 23 Mar 2021 01:06:20 GMT"
S3A_OL_2_WFR____20190717T060829_20190717T061129_20190718T143654_0179_047_091_2520_MAR_O_NT_002.SEN3,wqsf.nc,7493384,13e8e1e09f6627a83261ff0b7a19aa72576a7b3635a2fd2752b5fcd026f2aefd,22000ea673b04810b82bd4357acf7a11,"Tue, 23 Mar 2021 01:06:21 GMT"
S3A_OL_2_WFR____20190719T065707_20190719T070007_20190720T133830_0179_047_120_2520_MAR_O_NT_002.SEN3,tie_geo_coordinates.nc,1140297,b7298ef65ec0a36b5d982b26227306cd1f528862cd5490ddb710172735c05c30,4ae366f48b1c072eb19a2a6926fdad69,"Tue, 23 Mar 2021 08:59:41 GMT"
S3A_OL_2_WFR____20190720T063056_20190720T063356_20190721T161534_0179_047_134_2520_MAR_O_NT_002.SEN3,chl_oc4me.nc,4144353,bbef14ca7732c01848059524392e4a7616e7e35718f848c71d4b5effc9b0797f,ac925f99f0ee9422fd0b6b751295d360,"Tue, 23 Mar 2021 01:04:03 GMT"
S3A_OL_2_WFR____20190720T063056_20190720T063356_20190721T161534_0179_047_134_2520_MAR_O_NT_002.SEN3,geo_coordinates.nc,59953150,0501526254648c4b60843e9f7acb40d193c3d7bf0cfc5a200642c812cbfe40b0,81f42cf84fe8da427562b4593d411709-8,"Tue, 23 Mar 2021 01:04:03 GMT"
S3A_OL_2_WFR____20190720T063056_20190720T063356_20190721T161534_0179_047_134_2520_MAR_O_NT_002.SEN3,tie_geo_coordinates.nc,1138671,0ccce1e8bdb694d988983232488f39557c969176bff57f94e4073f2e72609757,d0946d2e2a576be6ad7edcd96de36ae9,"Tue, 23 Mar 2021 01:04:03 GMT"
S3A_OL_2_WFR____20190720T063056_20190720T063356_20190721T161534_0179_047_134_2520_MAR_O_NT_002.SEN3,wqsf.nc,5433354,a551b4f7f471512e35ec9def8681a0c3ae840d168ab911976477cca50c5780e7,8e10ee31250fa944b4b0d45318c0ebb1,"Tue, 23 Mar 2021 01:04:03 GMT"
S3A_OL_2_WFR____20190721T060445_20190721T060745_20190722T145855_0180_047_148_2520_MAR_O_NT_002.SEN3,chl_oc4me.nc,5130689,cbfafacf8d33bb9193d8147f3e104560712e79af39c7cf9013891f522419cc3f,8c13f0f25646b4c0dd5ce9e466476a58,"Tue, 23 Mar 2021 08:58:50 GMT"
S3A_OL_2_WFR____20190721T060445_20190721T060745_20190722T145855_0180_047_148_2520_MAR_O_NT_002.SEN3,geo_coordinates.nc,58982976,1592b5c5c9d04db99b4c111d6e48081d313641b7c2410a59d493f94236b8b244,69f480d06f60066ff1b1076cd8e3007e-8,"Tue, 23 Mar 2021 08:58:50 GMT"
S3A_OL_2_WFR____20190721T060445_20190721T060745_20190722T145855_0180_047_148_2520_MAR_O_NT_002.SEN3,tie_geo_coordinates.nc,1131196,1d01994c9090d14a86b596b8b98160de21aab43f66a74fbcb7e245087342db0a,30164dd6a187120aa99967d673bedd31,"Tue, 23 Mar 2021 08:58:49 GMT"
S3A_OL_2_WFR____20190721T060445_20190721T060745_20190722T145855_0180_047_148_2520_MAR_O_NT_002.SEN3,wqsf.nc,9375886,2bd9b4fd2140c26c5d21acbb5420a8bf2d68e2086feb971c5d66be23a1b37f85,f49b34dec63b139c96208511bc5a7653-2,"Tue, 23 Mar 2021 08:58:50 GMT"
S3A_OL_2_WFR____20190723T065322_20190723T065622_20190724T145830_0179_047_177_2520_MAR_O_NT_002.SEN3,chl_oc4me.nc,1640036,446b52d3260d0bc15b84f6417a5327de3f63b82231e563dd8b2c24a16af3044c,8a187b871c9dd245c62468934b7b36b6,"Tue, 23 Mar 2021 08:57:00 GMT"
S3A_OL_2_WFR____20190723T065322_20190723T065622_20190724T145830_0179_047_177_2520_MAR_O_NT_002.SEN3,geo_coordinates.nc,59147148,cfeadd32a5bd08d0c7df3cce93ea2ef4e4aabc844ea69b4c00174822d5f186d2,cb82a14d8488b7d9efc7af3a133fcaae-8,"Tue, 23 Mar 2021 08:57:00 GMT"
S3A_OL_2_WFR____20190723T065322_20190723T065622_20190724T145830_0179_047_177_2520_MAR_O_NT_002.SEN3,tie_geo_coordinates.nc,1135635,9505d376875de572dd235f7a67e105d6d886687154db66265d0e30c7bd737240,00d75332a02a07366385ecb2899f6315,"Tue, 23 Mar 2021 08:57:00 GMT"
S3A_OL_2_WFR____20190723T065322_20190723T065622_20190724T145830_0179_047_177_2520_MAR_O_NT_002.SEN3,wqsf.nc,4920042,ca09ac50c5f771ab4981b625a19564dc0ed4a76a68c6c2d9728f39cb5c4d2806,afcb5e19638715f381c9eff60a11acbb,"Tue, 23 Mar 2021 08:57:00 GMT"
S3A_OL_2_WFR____20190724T062711_20190724T063011_20190725T144619_0179_047_191_2520_MAR_O_NT_002.SEN3,chl_oc4me.nc,2108543,5c9ab6960c687c0609bdd54a162383c85d1f09cf6e5dd372b4fce56b5d2290e2,9f7ffb0ffbf47fbbd363c4b56e0323b9,"Tue, 23 Mar 2021 01:01:34 GMT"
S3A_OL_2_WFR____20190724T062711_20190724T063011_20190725T144619_0179_047_191_2520_MAR_O_NT_002.SEN3,geo_coordinates.nc,60008988,d4d969c0304d115c54a1b26b61e668779b5a1a599d720f01dbf8eae910fa7ec5,0d7ca9741468a3e595ab38a223738b2a-8,"Tue, 23 Mar 2021 01:01:34 GMT"
S3A_OL_2_WFR____20190724T062711_20190724T063011_20190725T144619_0179_047_191_2520_MAR_O_NT_002.SEN3,tie_geo_coordinates.nc,1139737,54ecfc6034c0668f699efde936c5064b7f2b6130eea9e01390c3ed23758e3276,dac7e0ed4b8f05a8993d131169ab1f35,"Tue, 23 Mar 2021 01:01:34 GMT"
S3A_OL_2_WFR____20190724T062711_20190724T063011_20190725T144619_0179_047_191_2520_MAR_O_NT_002.SEN3,wqsf.nc,5805010,d5a040843fb95800ac5b960e04c40b3013607f931f4ea185d69ff9968798092a,3f1f61cdf6d40550fc320a9706c9b0b5,"Tue, 23 Mar 2021 01:01:34 GMT"
S3A_OL_2_WFR____20190725T060100_20190725T060400_20190726T145305_0179_047_205_2520_MAR_O_NT_002.SEN3,chl_oc4me.nc,4187977,948732c96e61f8aae1eafe2c81cccb04ff4ed3ee4aca86120526a49f5ffbbbe7,81b124a02ecfc7099fa77de5b1c6cabc,"Tue, 23 Mar 2021 08:56:11 GMT"
S3A_OL_2_WFR____20190725T060100_20190725T060400_20190726T145305_0179_047_205_2520_MAR_O_NT_002.SEN3,geo_coordinates.nc,58788637,e6ebe64a41700acd118ddbdd4fbc11c2e7e8beba9d22ae13cd063ae53fa2fb2c,215fef7a9f67dc58af287a112421798e-8,"Tue, 23 Mar 2021 08:56:11 GMT"
S3A_OL_2_WFR____20190725T060100_20190725T060400_20190726T145305_0179_047_205_2520_MAR_O_NT_002.SEN3,tie_geo_coordinates.nc,1132151,f166fbf9ccf43e705d53d79be61799cb4a247ab3a83ae5305625953fc030a8b4,e4c261f9cd83c0121525e8bd545c6f62,"Tue, 23 Mar 2021 08:56:11 GMT"
S3A_OL_2_WFR____20190725T060100_20190725T060400_20190726T145305_0179_047_205_2520_MAR_O_NT_002.SEN3,wqsf.nc,9274914,160eb4119fbb01f62fee0b99b8a1d9e943aca5981c261fb818925bfcfc39810a,df9b7f30c79d55bdabd20a06d8f82f2c-2,"Tue, 23 Mar 2021 08:56:11 GMT"
S3A_OL_2_WFR____20190727T064937_20190727T065237_20190728T155713_0179_047_234_2520_MAR_O_NT_002.SEN3,chl_oc4me.nc,3077452,9931e7e36b946250d2f4b02a56df934a68674e5f5c57f2e34af03eed32dd8813,d09828a703ec3a26a3c268ef0fa6987a,"Tue, 23 Mar 2021 08:54:04 GMT"
S3A_OL_2_WFR____20190727T064937_20190727T065237_20190728T155713_0179_047_234_2520_MAR_O_NT_002.SEN3,geo_coordinates.nc,59165357,f6ac06c32759f8ff426b99f21c5d8ab2c7723dbb06fcff07a807da443b007565,f3a3a968cec161b64a748e98f2f95e1c-8,"Tue, 23 Mar 2021 08:54:04 GMT"
S3A_OL_2_WFR____20190727T064937_20190727T065237_20190728T155713_0179_047_234_2520_MAR_O_NT_002.SEN3,tie_geo_coordinates.nc,1140230,fcb1bc21dd939fdcec6562f437b3e5d2e1bc467e083c281a5988458581d107d7,bd5ffe6d4f03f66893735ea945a36036,"Tue, 23 Mar 2021 08:54:04 GMT"
S3A_OL_2_WFR____20190727T064937_20190727T065237_20190728T155713_0179_047_234_2520_MAR_O_NT_002.SEN3,wqsf.nc,5349386,f940da6f57d90f964e911c9fbda674e2720c2a6a4172b6319646c1b66aa3e90c,ee88fc5580be014d14d1171dfb158cd2,"Tue, 23 Mar 2021 08:54:04 GMT"
S3A_OL_2_WFR____20190728T062326_20190728T062626_20190729T154331_0179_047_248_2520_MAR_O_NT_002.SEN3,chl_oc4me.nc,3788244,db2bd820cb4873a9520052146a3c91a4d978f3b0421201a8c4cf6511f7408aed,fb0c777e2aab39f11ae500d3aabd1670,"Tue, 23 Mar 2021 00:59:07 GMT"
S3A_OL_2_WFR____20190728T062326_20190728T062626_20190729T154331_0179_047_248_2520_MAR_O_NT_002.SEN3,geo_coordinates.nc,59947730,b6c89aa72ca3bcdf054116736c63164ff500db00d535bb38834ac3bd01198d08,5be936c853419aacb96026e35d73f105-8,"Tue, 23 Mar 2021 00:59:07 GMT"
S3A_OL_2_WFR____20190728T062326_20190728T062626_20190729T154331_0179_047_248_2520_MAR_O_NT_002.SEN3,tie_geo_coordinates.nc,1138281,b989ef996f5c1ed9cfe3f7d1c5856ca4b67cf1df3212f5028d17c37cf975e4f9,eb87957dc0dc6c2863191c71b6b6ae41,"Tue, 23 Mar 2021 00:59:07 GMT"
S3A_OL_2_WFR____20190728T062326_20190728T062626_20190729T154331_0179_047_248_2520_MAR_O_NT_002.SEN3,wqsf.nc,6335995,8810816d101a06a403dad4e4dd00336fc2af36d02cc8ffc320cc5ed856344b53,b9aa96a3e31be6f2fb775da369654252,"Tue, 23 Mar 2021 00:59:07 GMT"
S3A_OL_2_WFR____20190729T055715_20190729T060015_20190730T141818_0179_047_262_2520_MAR_O_NT_002.SEN3,chl_oc4me.nc,583661,62532cec2ba40d093b49ad876201c3f6b849346c35eef7f7eda8dddcd3583731,0a23e37caf3b91584e9075696c3868e8,"Tue, 23 Mar 2021 08:53:11 GMT"
S3A_OL_2_WFR____20190729T055715_20190729T060015_20190730T141818_0179_047_262_2520_MAR_O_NT_002.SEN3,geo_coordinates.nc,58538110,fc48666d4db201f976d1d98ac0b02a58cf5f96f72f2c63cdb23ae3139bf5cc8e,a43ce6174b4b0e7dcf2067d99e0ef6a5-7,"Tue, 23 Mar 2021 08:53:11 GMT"
S3A_OL_2_WFR____20190729T055715_20190729T060015_20190730T141818_0179_047_262_2520_MAR_O_NT_002.SEN3,tie_geo_coordinates.nc,1138223,bb7049efb70c5b4103312fa6896f47cc659c1c4f5c89a26160b61cdaa47e388d,809fd6f418d28655b2c242e41d2efdbe,"Tue, 23 Mar 2021 08:53:11 GMT"
S3A_OL_2_WFR____20190729T055715_20190729T060015_20190730T141818_0179_047_262_2520_MAR_O_NT_002.SEN3,wqsf.nc,3146852,51b20ef566c88b31e66f3eec789064921f0f7ae7301221490b85de6f55ef62c8,13e8df025237144e3b8c559991e8f790,"Tue, 23 Mar 2021 08:53:11 GMT"
S3A_OL_2_WFR____20190731T064553_20190731T064853_20190801T152122_0179_047_291_2520_MAR_O_NT_002.SEN3,chl_oc4me.nc,3354355,045a92b48d9a1203d2a1eb84fb82ee30192327f5af2c516ae0fd06206f9413fb,ee3b5f9b9f716673a5963d64e05cce91,"Tue, 23 Mar 2021 08:51:40 GMT"
S3A_OL_2_WFR____20190731T064553_20190731T064853_20190801T152122_0179_047_291_2520_MAR_O_NT_002.SEN3,geo_coordinates.nc,59379831,a41fb6565d5cb0093674df9acecc65ce756c7692f844f8ee425f86583b435e09,07036fee59a59d991e2a45bd25402df9-8,"Tue, 23 Mar 2021 08:51:40 GMT"
S3A_OL_2_WFR____20190731T064553_20190731T064853_20190801T152122_0179_047_291_2520_MAR_O_NT_002.SEN3,tie_geo_coordinates.nc,1138904,06b60a2473e79378790dba8db48ccc7c8ea33e94ba74ef4129df56b195877ffb,7a63724ac832bc550e4d92ce0f3b3126,"Tue, 23 Mar 2021 08:51:39 GMT"
S3A_OL_2_WFR____20190731T064553_20190731T064853_20190801T152122_0179_047_291_2520_MAR_O_NT_002.SEN3,wqsf.nc,4995337,b06aebe9f40e457e7029327c51ed71ddc79d7579d01d564ef273f2395ae69afe,401623e2debcfb6ebdfef42bffb002f5,"Tue, 23 Mar 2021 08:51:40 GMT"
S3A_OL_2_WFR____20190801T061941_20190801T062241_20190802T152048_0179_047_305_2520_MAR_O_NT_002.SEN3,chl_oc4me.nc,4806923,203d59a9d060313419a996a91a0e623227b99df9a1682d743b98a43c5fc6a1ee,e77baef2cdf2d846af0610af57ef555f,"Tue, 23 Mar 2021 00:56:44 GMT"
S3A_OL_2_WFR____20190801T061941_20190801T062241_20190802T152048_0179_047_305_2520_MAR_O_NT_002.SEN3,geo_coordinates.nc,59822322,247f82bab14fc308a7ed0b6347d9bd68cae62eaf45c5bebceeedf838c85abcd0,dd7da56d7d6dec7bedcfb975b750d1f5-8,"Tue, 23 Mar 2021 00:56:44 GMT"
S3A_OL_2_WFR____20190801T061941_20190801T062241_20190802T152048_0179_047_305_2520_MAR_O_NT_002.SEN3,tie_geo_coordinates.nc,1139089,972bfc1d7be65c925069016fa36eedfe9bd35035e20c92ed2079470bc1e608cc,2187f8fce4e9b4cd6f335e22a2c1b9ef,"Tue, 23 Mar 2021 00:56:44 GMT"
S3A_OL_2_WFR____20190801T061941_20190801T062241_20190802T152048_0179_047_305_2520_MAR_O_NT_002.SEN3,wqsf.nc,6708590,ff8bb99ee75be36c36ec442f041c50304d6b6d57742732b32ad08e1a50f107ae,a41bea33a9ebe5c6fce4b29a5501eec1,"Tue, 23 Mar 2021 00:56:44 GMT"
S3A_OL_2_WFR____20190804T064208_20190804T064508_20190805T152148_0179_047_348_2520_MAR_O_NT_002.SEN3,chl_oc4me.nc,4126804,8899c516b89fc9bd55f0931e9404d149880553c5f83ae62aa9d5e2ff6668ab0f,ce49cc741a817b903ff949bf3663cb9f,"Thu, 01 Apr 2021 16:27:26 GMT"
S3A_OL_2_WFR____20190804T064208_20190804T064508_20190805T152148_0179_047_348_2520_MAR_O_NT_002.SEN3,geo_coordinates.nc,59530421,5586a89c6fb84940448f83a66b2a4cbe9e430a87d6b4a20eda12b6422ae51d32,2bac926590dc930f98d6b8588230a537-8,"Thu, 01 Apr 2021 16:27:26 GMT"
S3A_OL_2_WFR____20190804T064208_20190804T064508_20190805T152148_0179_047_348_2520_MAR_O_NT_002.SEN3,tie_geo_coordinates.nc,1139909,0644ef81f85d65090cb3c6fb750b356ce3eafdc84ef20a7e052046f435e55f32,1891131a5106449f567f616e7c048fbd,"Thu, 01 Apr 2021 16:27:26 GMT"
S3A_OL_2_WFR____20190804T064208_20190804T064508_20190805T152148_0179_047_348_2520_MAR_O_NT_002.SEN3,wqsf.nc,5171828,82f96d39ec502e24a18d28a0b7c7a712119e8379b7216883f5c1319d4b5abf93,572c3a9a5b6ff8c36d19086a31559c7c,"Thu, 01 Apr 2021 16:27:26 GMT"
S3A_OL_2_WFR____20190805T061557_20190805T061857_20190806T145326_0179_047_362_2520_MAR_O_NT_002.SEN3,chl_oc4me.nc,4009144,d0b0858a0ee29f36ba20f7cb38e5e586fe2a588401028ec9a8a274d4581cbee6,638a93a02c16c68779fe6bbd5e796b10,"Tue, 23 Mar 2021 00:54:45 GMT"
S3A_OL_2_WFR____20190805T061557_20190805T061857_20190806T145326_0179_047_362_2520_MAR_O_NT_002.SEN3,geo_coordinates.nc,59632990,4435320ec2b359e76c06fc00252936a42b2cc858b710282fd99cc52f263c7f3a,9378941acecaf1d1bbb5d2ec61b8da60-8,"Tue, 23 Mar 2021 00:54:45 GMT"
S3A_OL_2_WFR____20190805T061557_20190805T061857_20190806T145326_0179_047_362_2520_MAR_O_NT_002.SEN3,tie_geo_coordinates.nc,1136419,3bc89deb08054cd1cdd4c92a5c76b37f2f75b4502d5ff1ad09146a429cd4fad8,c7334c8a2e34b30d0bf9956943db5aea,"Tue, 23 Mar 2021 00:54:45 GMT"
S3A_OL_2_WFR____20190805T061557_20190805T061857_20190806T145326_0179_047_362_2520_MAR_O_NT_002.SEN3,wqsf.nc,5966451,c9b881d8ad66e62abad05b82bc620b25f1680135b4c2043824bb17130a26866e,34a0562dc252101d2d0f906008347305,"Tue, 23 Mar 2021 00:54:45 GMT"
S3A_OL_2_WFR____20190808T063823_20190808T064123_20190809T150357_0180_048_020_2520_MAR_O_NT_002.SEN3,chl_oc4me.nc,3485919,ba0a6ac41b281fec1c1043d574b83b97d6dd21485663d639a011027b45a12e30,99c499cde342a3b0a46b8820fed4d4db,"Tue, 30 Mar 2021 09:30:57 GMT"
S3A_OL_2_WFR____20190808T063823_20190808T064123_20190809T150357_0180_048_020_2520_MAR_O_NT_002.SEN3,geo_coordinates.nc,59737450,ba3b5ba81b310fd1cbe25e63e2ea1411be4be62bd40dada6573bbdeaf55225af,4f8e326dc8feb35ce4fffa4719e9d3ea-8,"Tue, 30 Mar 2021 09:30:57 GMT"
S3A_OL_2_WFR____20190808T063823_20190808T064123_20190809T150357_0180_048_020_2520_MAR_O_NT_002.SEN3,tie_geo_coordinates.nc,1141013,1407d88b382f63128957cb38b0c39310deb253b8e9655dda698b5d8a56515562,0cda81f28c5a43ba05f920d87d804d31,"Tue, 30 Mar 2021 09:30:57 GMT"
S3A_OL_2_WFR____20190808T063823_20190808T064123_20190809T150357_0180_048_020_2520_MAR_O_NT_002.SEN3,wqsf.nc,5753303,a66c6fa9e37250707ff730651916e7ca17d29672fe14c7ff9d692cd9edfd14bd,e7cde81364317cb93dc106bca0e28255,"Tue, 30 Mar 2021 09:30:57 GMT"
S3A_OL_2_WFR____20190809T061212_20190809T061512_20190810T142228_0180_048_034_2520_MAR_O_NT_002.SEN3,chl_oc4me.nc,1797099,b220765b7f0bb0ab533bf7da06917055495d44037ab2250d1eabf0faeb07aa02,b6e9f1462189c89e602811a6c02d969b,"Tue, 23 Mar 2021 00:52:27 GMT"
S3A_OL_2_WFR____20190809T061212_20190809T061512_20190810T142228_0180_048_034_2520_MAR_O_NT_002.SEN3,geo_coordinates.nc,59369955,0282ee1a436baa3672ecd28970e4751a43b245f9604c873bc73341dbfda57e77,f44dcb2015d6aafa57f4287964587532-8,"Tue, 23 Mar 2021 00:52:27 GMT"
S3A_OL_2_WFR____20190809T061212_20190809T061512_20190810T142228_0180_048_034_2520_MAR_O_NT_002.SEN3,tie_geo_coordinates.nc,1136942,0a1701d25c5e70d4efb60ff3065cf29fc27f602c958965062aff1e1046978ee6,e152ee21d93b7daabf78470210515ba5,"Tue, 23 Mar 2021 00:52:27 GMT"
S3A_OL_2_WFR____20190809T061212_20190809T061512_20190810T142228_0180_048_034_2520_MAR_O_NT_002.SEN3,wqsf.nc,4678269,26a4f0a1a0c688dbb7dbd41e3bb209554fe0c5c5c063a412732c0801d93185cd,9c550935e464f3e2458dd33e61f15b6c,"Tue, 23 Mar 2021 00:52:27 GMT"
S3A_OL_2_WFR____20190812T063438_20190812T063738_20190813T151649_0179_048_077_2520_MAR_O_NT_002.SEN3,chl_oc4me.nc,3322307,ab347ed8e8683928f7a8ab2707860843357e527d88c467187711fd2da1c8d1b7,08c0c9cbfdd3b5a2fa108f5b18b13c92,"Tue, 23 Mar 2021 00:50:52 GMT"
S3A_OL_2_WFR____20190812T063438_20190812T063738_20190813T151649_0179_048_077_2520_MAR_O_NT_002.SEN3,geo_coordinates.nc,59914220,cd826c22e974289ae16bb14e77f23b24db7d5cdc943f73a9368ccca5a4f8947d,d7b8eb533cdc4dd66a6f465023774326-8,"Tue, 23 Mar 2021 00:50:52 GMT"
S3A_OL_2_WFR____20190812T063438_20190812T063738_20190813T151649_0179_048_077_2520_MAR_O_NT_002.SEN3,tie_geo_coordinates.nc,1137505,45066914d193755847f5660f0053a4f1ff3a4a9bfe2184fa96698bec019e0366,ccc6c71f7c721802e864a25cf939ff11,"Tue, 23 Mar 2021 00:50:52 GMT"
S3A_OL_2_WFR____20190812T063438_20190812T063738_20190813T151649_0179_048_077_2520_MAR_O_NT_002.SEN3,wqsf.nc,6444970,83e3fa2374284150786ffb2f4d844b91693952286f77a545d047389a8bac30ce,8e403c4c0eedd7da3bf224e8411fc5a7,"Tue, 23 Mar 2021 00:50:52 GMT"
S3A_OL_2_WFR____20190813T060827_20190813T061127_20190814T150524_0179_048_091_2520_MAR_O_NT_002.SEN3,chl_oc4me.nc,2606162,2a6001585e0a5f66f244e1e74df4688cb7d3e660612d4601903ecd2b17b98a3a,b7e9c1c682c1e598b151c8509a78a19f,"Thu, 01 Apr 2021 16:25:20 GMT"
S3A_OL_2_WFR____20190813T060827_20190813T061127_20190814T150524_0179_048_091_2520_MAR_O_NT_002.SEN3,geo_coordinates.nc,59149789,bd494cc672df2dbc15d86d4b02b01615fa4c7dbe1ce79055a75512b5767afd05,de8275a811f8508e3a15fcf4de9c7d43-8,"Thu, 01 Apr 2021 16:25:20 GMT"
S3A_OL_2_WFR____20190813T060827_20190813T061127_20190814T150524_0179_048_091_2520_MAR_O_NT_002.SEN3,tie_geo_coordinates.nc,1134771,2460e5e90d9a26e8ad9c704d4ed4071b27d16afdfb4cd8cc388b0d87239f35c2,3ba7daa434ee8c9afbb604e2a85eaf4a,"Thu, 01 Apr 2021 16:25:20 GMT"
S3A_OL_2_WFR____20190813T060827_20190813T061127_20190814T150524_0179_048_091_2520_MAR_O_NT_002.SEN3,wqsf.nc,6846990,7cde536b2557c33e6769026003e0710cd2aced1e9ab3fe432a02a6e596731a97,9568516e5ed72a00d708ec1866b63180,"Thu, 01 Apr 2021 16:25:20 GMT"
S3A_OL_2_WFR____20190815T065704_20190815T070004_20190816T132521_0179_048_120_2520_MAR_O_NT_002.SEN3,tie_geo_coordinates.nc,1137030,a1b7c54f1f7776c0d841d17b4fea9bf80f845fc02921859eaef062f7e344c6fb,1c0fddd688dee3e368686f68341ff395,"Tue, 23 Mar 2021 00:49:36 GMT"
S3A_OL_2_WFR____20190816T063053_20190816T063353_20190817T141849_0179_048_134_2520_MAR_O_NT_002.SEN3,chl_oc4me.nc,4770898,bf6e06caf0d9ef2d53115b66f23b8de32ed5c42b7a41df4ba762e01a1a48758b,80fa01c8ee1ca690a53d8b5e6f51920f,"Thu, 01 Apr 2021 16:24:31 GMT"
S3A_OL_2_WFR____20190816T063053_20190816T063353_20190817T141849_0179_048_134_2520_MAR_O_NT_002.SEN3,geo_coordinates.nc,59942147,49228bdd9be0f6cc66dd51855303f09dc0f0be64dea52d37c1ee2198949387fd,30ee2fc1934f7f82d4df68ebec11f741-8,"Thu, 01 Apr 2021 16:24:31 GMT"
S3A_OL_2_WFR____20190816T063053_20190816T063353_20190817T141849_0179_048_134_2520_MAR_O_NT_002.SEN3,tie_geo_coordinates.nc,1135408,509dc7bc9d6d8a6924a330c0eb7a1e96ddaa1a63458d56242fc63068159cd6e5,41de3b0b957955368c1a4fd193d86ebc,"Thu, 01 Apr 2021 16:24:31 GMT"
S3A_OL_2_WFR____20190816T063053_20190816T063353_20190817T141849_0179_048_134_2520_MAR_O_NT_002.SEN3,wqsf.nc,5247310,4dcdb430fab2ed6a7ee73bd7d42ee491faeb71c9f4f03afed23e9919c1b57d83,fa40b53a5013f4efc560e98a27b41aef,"Thu, 01 Apr 2021 16:24:31 GMT"
S3A_OL_2_WFR____20190817T060442_20190817T060742_20190818T141720_0180_048_148_2520_MAR_O_NT_002.SEN3,chl_oc4me.nc,5037723,2bc8ea1ca0ac0c0d43d69bc124713a885d400a022f27111c9eee08b8ffe6f37b,434542062396ac50ce07489ec98a7690,"Tue, 23 Mar 2021 00:48:48 GMT"
S3A_OL_2_WFR____20190817T060442_20190817T060742_20190818T141720_0180_048_148_2520_MAR_O_NT_002.SEN3,geo_coordinates.nc,58988673,831ca49c1143c777152197d053ddeb025414f3a5af22149098c5e24f59c37e94,8767f40f799744b87112a1b9bf958397-8,"Tue, 23 Mar 2021 00:48:48 GMT"
S3A_OL_2_WFR____20190817T060442_20190817T060742_20190818T141720_0180_048_148_2520_MAR_O_NT_002.SEN3,tie_geo_coordinates.nc,1136566,4084afef4234ef5d1c93ad4d7567f6372f0d51c4a37931f9c5faa74a534f1358,cced2e88ffe1d08340aafd77b43f4362,"Tue, 23 Mar 2021 00:48:48 GMT"
S3A_OL_2_WFR____20190817T060442_20190817T060742_20190818T141720_0180_048_148_2520_MAR_O_NT_002.SEN3,wqsf.nc,7890179,ad704d1d42a61c5dcc4704a370949bad2e6718f18459baca606c4a34bca22148,c14bf261a661884097ec8e83fc11ecc9,"Tue, 23 Mar 2021 00:48:48 GMT"
S3A_OL_2_WFR____20190819T065319_20190819T065619_20190820T151329_0179_048_177_2520_MAR_O_NT_002.SEN3,chl_oc4me.nc,3018467,73219f0ea2fa00d9d284bf5b310a91da56cdae4d301125c4620bbe6da6e33cf7,b4a27f3fe0863d299cfa2650e111a4d6,"Tue, 23 Mar 2021 00:47:07 GMT"
S3A_OL_2_WFR____20190819T065319_20190819T065619_20190820T151329_0179_048_177_2520_MAR_O_NT_002.SEN3,geo_coordinates.nc,59148128,1186a3347850db730543d2787b56fdf94b952526ff9c1f06e2595575f8d937fd,f24a9b6923633aa1dd5748f7c4474476-8,"Tue, 23 Mar 2021 00:47:07 GMT"
S3A_OL_2_WFR____20190819T065319_20190819T065619_20190820T151329_0179_048_177_2520_MAR_O_NT_002.SEN3,tie_geo_coordinates.nc,1137601,c61ca07febe50ceb4648eac0b4625129b828c96038aebcdfca3bd88e4f268322,b2183b837bb498e9a9880c0f3c85f0d0,"Tue, 23 Mar 2021 00:47:07 GMT"
S3A_OL_2_WFR____20190819T065319_20190819T065619_20190820T151329_0179_048_177_2520_MAR_O_NT_002.SEN3,wqsf.nc,4137143,3ba8bf5997b9ceea5f978dfab10a311cb00f5dfec8432e596049334a24326439,8a423ca991af84d8a04ae0161b66126e,"Tue, 23 Mar 2021 00:47:07 GMT"
S3A_OL_2_WFR____20190821T060056_20190821T060356_20190822T150236_0179_048_205_2520_MAR_O_NT_002.SEN3,chl_oc4me.nc,7967534,d4224465ca12a983398b38a4e39c54130fe8d0512ece9bba9d96855fc6d9d8e4,197ddf05f1e38748c31e02561a989452,"Tue, 23 Mar 2021 00:46:24 GMT"
S3A_OL_2_WFR____20190821T060056_20190821T060356_20190822T150236_0179_048_205_2520_MAR_O_NT_002.SEN3,geo_coordinates.nc,58794821,42549b375572bc97998bdb8446c41f83a72f6e35037cb6ddca31709b098795af,ce8b700e16568a40887ab119f62c8be3-8,"Tue, 23 Mar 2021 00:46:24 GMT"
S3A_OL_2_WFR____20190821T060056_20190821T060356_20190822T150236_0179_048_205_2520_MAR_O_NT_002.SEN3,tie_geo_coordinates.nc,1138340,16fd791cc8cc39fdb3014d6592bddac9c493e2602a734ad324e8da46d1c13089,68b991725a65a4e68d24967117621973,"Tue, 23 Mar 2021 00:46:24 GMT"
S3A_OL_2_WFR____20190821T060056_20190821T060356_20190822T150236_0179_048_205_2520_MAR_O_NT_002.SEN3,wqsf.nc,10493500,6c81f5562faf36eba3e4350d5e4f7658d867536b7045b6163081b0b19fc8bb47,a6393ff83799f223c936d264efd45f8c-2,"Tue, 23 Mar 2021 00:46:24 GMT"
S3A_OL_2_WFR____20190823T064933_20190823T065233_20190824T150144_0179_048_234_2520_MAR_O_NT_002.SEN3,chl_oc4me.nc,3536090,bafbb0f8bd1de4e4b357cbd37c5642206a793ec5f166d188b9e388c7bf1e8119,95e96a7037bf8db8ac54c3df890ec5d1,"Tue, 23 Mar 2021 00:44:38 GMT"
S3A_OL_2_WFR____20190823T064933_20190823T065233_20190824T150144_0179_048_234_2520_MAR_O_NT_002.SEN3,geo_coordinates.nc,59191835,69f1756dc9283443bc5326c667a44cf7ed6892eb533d18a98f5a1228c61b014b,25c7777e8e56d79ff6a003abf253a222-8,"Tue, 23 Mar 2021 00:44:38 GMT"
S3A_OL_2_WFR____20190823T064933_20190823T065233_20190824T150144_0179_048_234_2520_MAR_O_NT_002.SEN3,tie_geo_coordinates.nc,1140464,f2a41d756c4e2c4ff8ccabff3fec110130c6fee530cadb632e78d5302777ec60,9955f1de9634b18048a2668eccc9793a,"Tue, 23 Mar 2021 00:44:38 GMT"
S3A_OL_2_WFR____20190823T064933_20190823T065233_20190824T150144_0179_048_234_2520_MAR_O_NT_002.SEN3,wqsf.nc,5832607,39a89e3787554b77814a11ff26f51fb7b8a68f02b3f22935bd6f1843080a52b0,767b07ad884ab86df01cc889686fa4ce,"Tue, 23 Mar 2021 00:44:38 GMT"
S3A_OL_2_WFR____20190824T062322_20190824T062622_20190825T162026_0179_048_248_2520_MAR_O_NT_002.SEN3,chl_oc4me.nc,5592205,f0285457326a47f62ba54c8edce21e4056c3c19b8b47380eea23d064ffd526dc,6bb1d7113329111b06c660878789aec5,"Tue, 30 Mar 2021 09:25:24 GMT"
S3A_OL_2_WFR____20190824T062322_20190824T062622_20190825T162026_0179_048_248_2520_MAR_O_NT_002.SEN3,geo_coordinates.nc,59964779,bdc3a6b686047ae8ce747cf6567db909e99d817f6e9954046e4f39873565ae1a,96096c544d0f0176c38040dd86b5b2f0-8,"Tue, 30 Mar 2021 09:25:24 GMT"
S3A_OL_2_WFR____20190824T062322_20190824T062622_20190825T162026_0179_048_248_2520_MAR_O_NT_002.SEN3,tie_geo_coordinates.nc,1136441,837354e1d938e95e410ee155f98eec3aa443eeabc0f8bb6eac174aebe310395e,9fead7e4b54430268b4ddd3253310883,"Tue, 30 Mar 2021 09:25:24 GMT"
S3A_OL_2_WFR____20190824T062322_20190824T062622_20190825T162026_0179_048_248_2520_MAR_O_NT_002.SEN3,wqsf.nc,5681538,c35b4d2468f46f633f35b1cb390a64610477352477cc875c26c6ef8e9b2ac0e3,574370d95c9773926f0c9ece17f1ca7d,"Tue, 30 Mar 2021 09:25:24 GMT"
S3A_OL_2_WFR____20190825T055711_20190825T060011_20190826T154319_0179_048_262_2520_MAR_O_NT_002.SEN3,chl_oc4me.nc,6763749,86f01750d1bb82e994f19c71852db18d26d259f64a6c40b61b77eaaba723c62e,78de6594cb26f359b9da01ac4d3a1244,"Tue, 23 Mar 2021 00:43:53 GMT"
S3A_OL_2_WFR____20190825T055711_20190825T060011_20190826T154319_0179_048_262_2520_MAR_O_NT_002.SEN3,geo_coordinates.nc,58539162,ab65baa6066d618ae9636bae170acb5675194b9726f09cbbc5c1c55416105ac9,8973df253bb9eacb9e717a5b24651af6-7,"Tue, 23 Mar 2021 00:43:53 GMT"
S3A_OL_2_WFR____20190825T055711_20190825T060011_20190826T154319_0179_048_262_2520_MAR_O_NT_002.SEN3,tie_geo_coordinates.nc,1139938,6b907c38f5bc59f92047f4f97a8c44aa60b332a59c89b83e5f5d7d8a80970742,d9fe7f3dbf2824a5b83ce157623b7fed,"Tue, 23 Mar 2021 00:43:53 GMT"
S3A_OL_2_WFR____20190825T055711_20190825T060011_20190826T154319_0179_048_262_2520_MAR_O_NT_002.SEN3,wqsf.nc,8835450,b21f5c8e344d6a9291cd57642871c4e3b208a1d9247dde7235b83ae0493864a6,d973a87b308dbdec8ffd99123a987be1-2,"Tue, 23 Mar 2021 00:43:53 GMT"
S3A_OL_2_WFR____20190827T064548_20190827T064848_20190828T153804_0179_048_291_2520_MAR_O_NT_002.SEN3,chl_oc4me.nc,4005947,0b18f72394394eaad6a8466432d3da3a3596588493addb02296e53ba5f9960e5,bc2cd00b475e66230eb9049d2a3ebe85,"Tue, 23 Mar 2021 00:42:00 GMT"
S3A_OL_2_WFR____20190827T064548_20190827T064848_20190828T153804_0179_048_291_2520_MAR_O_NT_002.SEN3,geo_coordinates.nc,59379287,e53dc6700bff6cd3fb6472b59ce994ebcecd2e02efbe9a146f8a9c9563ad767d,0791745ecf9db18612fea1704f46b8f3-8,"Tue, 23 Mar 2021 00:42:00 GMT"
S3A_OL_2_WFR____20190827T064548_20190827T064848_20190828T153804_0179_048_291_2520_MAR_O_NT_002.SEN3,tie_geo_coordinates.nc,1134943,774b43574d010fcdee063d42eb933d3098e1e3c46d3201c3183312497d11a932,27a1ed893a75023564878901e53bdf59,"Tue, 23 Mar 2021 00:42:00 GMT"
S3A_OL_2_WFR____20190827T064548_20190827T064848_20190828T153804_0179_048_291_2520_MAR_O_NT_002.SEN3,wqsf.nc,5316729,ad96d3347ed805163f576d9791c85b887f235285ac2f84cdce9d582d45a11754,5522c47200549e79bb7649fec1206c7e,"Tue, 23 Mar 2021 00:42:00 GMT"
S3A_OL_2_WFR____20190828T061937_20190828T062237_20190829T134919_0180_048_305_2520_MAR_O_NT_002.SEN3,chl_oc4me.nc,5658296,8294abe8d958c6b6a82814a5e4f9f17c4d95eb6a0808b575826de42c654f0688,dfd5a76b341f0f09044500869f5abb5d,"Tue, 06 Apr 2021 15:36:13 GMT"
S3A_OL_2_WFR____20190828T061937_20190828T062237_20190829T134919_0180_048_305_2520_MAR_O_NT_002.SEN3,geo_coordinates.nc,59846514,221cbf5265514db696e1de2217d5e60d3dad91ae1d758ac6a33074c7674794d5,9768011cdee7644190ac99c87897e567-8,"Tue, 06 Apr 2021 15:36:13 GMT"
S3A_OL_2_WFR____20190828T061937_20190828T062237_20190829T134919_0180_048_305_2520_MAR_O_NT_002.SEN3,tie_geo_coordinates.nc,1138074,70233da56e04876c2ca8dad292ba6c3a53ff54ed3e5e920ea93afd60117a01f5,c6ad1f3409b8727290a63a479a6640af,"Tue, 06 Apr 2021 15:36:13 GMT"
S3A_OL_2_WFR____20190828T061937_20190828T062237_20190829T134919_0180_048_305_2520_MAR_O_NT_002.SEN3,wqsf.nc,6051035,b027bb9f91ebaf4b1a5bc2dbc1350ccc9f0d3531b29869338b0f0097748416a6,61dba5aec58edec514ee023b32245e62,"Tue, 06 Apr 2021 15:36:13 GMT"
S3A_OL_2_WFR____20190901T061553_20190901T061853_20190902T153121_0179_048_362_2520_MAR_O_NT_002.SEN3,chl_oc4me.nc,5315892,d06c04bce38b9495b30d60b4e4bdff91c0744d85baba3c5cbcbb7232288c9fed,fc1f8b8dd81e0db5d519127dc092b5e5,"Tue, 23 Mar 2021 00:39:43 GMT"
S3A_OL_2_WFR____20190901T061553_20190901T061853_20190902T153121_0179_048_362_2520_MAR_O_NT_002.SEN3,geo_coordinates.nc,59651180,1f2bd8ff5451f494b21040983ede9ec74e061d23ec82cac481fa060e79489994,e82c1726c7f71aed20030bb5c8e28c3a-8,"Tue, 23 Mar 2021 00:39:43 GMT"
S3A_OL_2_WFR____20190901T061553_20190901T061853_20190902T153121_0179_048_362_2520_MAR_O_NT_002.SEN3,tie_geo_coordinates.nc,1136746,70272aaec6be708edc0ece2847ffafad8cd2fde7070d9a1febcf97f0cffa00ad,3a6f15eb39ca303073051db71f1d0498,"Tue, 23 Mar 2021 00:39:44 GMT"
S3A_OL_2_WFR____20190901T061553_20190901T061853_20190902T153121_0179_048_362_2520_MAR_O_NT_002.SEN3,wqsf.nc,7059716,158fb9d7cf09f9b7306cd1d061769cf2617882d3366e549fc66d15b90adaa305,e2f13490b2c29f7f74fd23e6e8b3744f,"Tue, 23 Mar 2021 00:39:44 GMT"
S3A_OL_2_WFR____20190904T063820_20190904T064120_20190905T154817_0179_049_020_2520_MAR_O_NT_002.SEN3,chl_oc4me.nc,4621973,515605bca1d4b08d8d589b4cb1657d78b6a0c82f010573c346dbdf5f9f86eec3,9e4092b67d3120570ae98133829925b2,"Tue, 30 Mar 2021 09:18:56 GMT"
S3A_OL_2_WFR____20190904T063820_20190904T064120_20190905T154817_0179_049_020_2520_MAR_O_NT_002.SEN3,geo_coordinates.nc,59776789,18e2233467873087c02fe30bf9ffb60336ff41e574fe24af308a06a64f80c7f1,637480655fb14ba7906af7edf99d9631-8,"Tue, 30 Mar 2021 09:18:56 GMT"
S3A_OL_2_WFR____20190904T063820_20190904T064120_20190905T154817_0179_049_020_2520_MAR_O_NT_002.SEN3,tie_geo_coordinates.nc,1138082,835a0dd86e1bcc766e5e957d1d624f78dcdba08be481b4ac8f945fc40b72fecc,3a02358764a2ec5456474f2c4c02a3a4,"Tue, 30 Mar 2021 09:18:56 GMT"
S3A_OL_2_WFR____20190904T063820_20190904T064120_20190905T154817_0179_049_020_2520_MAR_O_NT_002.SEN3,wqsf.nc,5188949,f7b9ba471d5f72d6195a1e61c261f610a43c2e78b6cd51ffdf1d240f38b6fc8d,5cc0d4891560f2dc8d82dcfa8f8e8d12,"Tue, 30 Mar 2021 09:18:56 GMT"
S3A_OL_2_WFR____20190908T063437_20190908T063737_20190909T142954_0179_049_077_2520_MAR_O_NT_002.SEN3,chl_oc4me.nc,4833249,738a0a52ba93e7dd6f6171afa3b641c1ebdf9e866769e3c436e8dcc4f2abf395,0f5772d447a14813ae9ee2d45d7665d0,"Tue, 30 Mar 2021 09:17:49 GMT"
S3A_OL_2_WFR____20190908T063437_20190908T063737_20190909T142954_0179_049_077_2520_MAR_O_NT_002.SEN3,geo_coordinates.nc,59919789,de1ff0dc0fcd9d667b8f55805f6798af38cab0aee1dab7cbc331d799b8799943,7ab3a72f7ecfd8e7c5f4c5ed83be6449-8,"Tue, 30 Mar 2021 09:17:49 GMT"
S3A_OL_2_WFR____20190908T063437_20190908T063737_20190909T142954_0179_049_077_2520_MAR_O_NT_002.SEN3,tie_geo_coordinates.nc,1136771,badfa1da3455c473ef638ed0f809fa9ef45ec355e65930cd225140a2b9e32658,6e78cd274204a30dc80be3147fde8f63,"Tue, 30 Mar 2021 09:17:49 GMT"
S3A_OL_2_WFR____20190908T063437_20190908T063737_20190909T142954_0179_049_077_2520_MAR_O_NT_002.SEN3,wqsf.nc,5480097,ce08d0d006d0eb2ee10389e3ff861bdcd5890c9e645ec210139d04d7e1bfa81a,f2d6a9082ba509148d63b104a1ab935a,"Tue, 30 Mar 2021 09:17:49 GMT"
S3A_OL_2_WFR____20190909T060826_20190909T061126_20190910T152650_0179_049_091_2520_MAR_O_NT_002.SEN3,chl_oc4me.nc,6414284,1572f6bf58f5ab696d413c4b0ae58625fe4aba3d337d48da6b1a07dd01f7aeb4,21de7ff788e039ec690303814c6ba29c,"Tue, 23 Mar 2021 00:35:21 GMT"
S3A_OL_2_WFR____20190909T060826_20190909T061126_20190910T152650_0179_049_091_2520_MAR_O_NT_002.SEN3,geo_coordinates.nc,59148756,526eb98d3be95bf864e372b8ee81bdb4606cd4ea3bcebabca0ead96c46f1a14b,458fbed8e6934c97c6af6519df638062-8,"Tue, 23 Mar 2021 00:35:20 GMT"
S3A_OL_2_WFR____20190909T060826_20190909T061126_20190910T152650_0179_049_091_2520_MAR_O_NT_002.SEN3,tie_geo_coordinates.nc,1136004,7bc90d0e2d0d620e2829cf60e0a0a7a3b7075292fa2617f34b45ecf3f95b5b3c,f6f375892964c2b84a2b9115db19f017,"Tue, 23 Mar 2021 00:35:21 GMT"
S3A_OL_2_WFR____20190909T060826_20190909T061126_20190910T152650_0179_049_091_2520_MAR_O_NT_002.SEN3,wqsf.nc,8046474,e707866c94927c620a20d1c82cd5bedf0789f80bbfea34eaa4598e2987e3b4e2,4c7416f90dc79e558402510a87bde54d,"Tue, 23 Mar 2021 00:35:21 GMT"
S3A_OL_2_WFR____20190911T065703_20190911T070003_20190912T144254_0180_049_120_2520_MAR_O_NT_002.SEN3,tie_geo_coordinates.nc,1137482,c89e3884ae6efd5f324221688a57713379f2031dfdd1ae8b8fbc4eca0592a509,767f448a9a5f9c8096c1d6a5c9986b04,"Tue, 30 Mar 2021 09:16:42 GMT"
S3A_OL_2_WFR____20190912T063053_20190912T063353_20190913T151150_0179_049_134_2520_MAR_O_NT_002.SEN3,chl_oc4me.nc,5028826,01e6bbc530f8e990a28f829b4faa728ff84c4d4fc440f37e471c4aa037f8fc4e,df0132a77a53179b0dc4817f67ad5190,"Tue, 23 Mar 2021 00:33:01 GMT"
S3A_OL_2_WFR____20190912T063053_20190912T063353_20190913T151150_0179_049_134_2520_MAR_O_NT_002.SEN3,geo_coordinates.nc,59955734,32e43fc6865f2a9633bf1d663d44c8efcc8017342d31705c6d2ab7dcdf1e6f1b,74a79c33fe56e1aec59738b1a4273d9d-8,"Tue, 23 Mar 2021 00:33:01 GMT"
S3A_OL_2_WFR____20190912T063053_20190912T063353_20190913T151150_0179_049_134_2520_MAR_O_NT_002.SEN3,tie_geo_coordinates.nc,1138581,63a3ceb1cf103613951c15c913270ede950ebdd5056e177583afec0172131013,87236d0322e4932e9ad195f875e5c188,"Tue, 23 Mar 2021 00:33:01 GMT"
S3A_OL_2_WFR____20190912T063053_20190912T063353_20190913T151150_0179_049_134_2520_MAR_O_NT_002.SEN3,wqsf.nc,5083458,6abbf631eb7f193bf96af7f570869a3e216d4d3660835ba2872de71b8bee30be,9ccee78280aedece1fe357ef3f3b1345,"Tue, 23 Mar 2021 00:33:01 GMT"
S3A_OL_2_WFR____20190913T060442_20190913T060742_20190914T125813_0179_049_148_2520_MAR_O_NT_002.SEN3,chl_oc4me.nc,5995021,c8c72bdb66c6ecaee544272596aeb81958910af6585f7bc39a51904df6137e6e,91dd3cbf3fe89b70083c78b13d22726b,"Tue, 06 Apr 2021 15:34:55 GMT"
S3A_OL_2_WFR____20190913T060442_20190913T060742_20190914T125813_0179_049_148_2520_MAR_O_NT_002.SEN3,geo_coordinates.nc,59008491,86d28506c2f761d445a3786368437e8f5f2f6c8199731d3a403bee132e076d82,a535504a1d09e8ae36e22b41ed67d6dd-8,"Tue, 06 Apr 2021 15:34:55 GMT"
S3A_OL_2_WFR____20190913T060442_20190913T060742_20190914T125813_0179_049_148_2520_MAR_O_NT_002.SEN3,tie_geo_coordinates.nc,1132313,27462446fd9dcc137991d9ac8b0aee973ba1ab1303493a9e4f66993aa0cc5bc0,2d28d26fefa221a56a264860a8b67c38,"Tue, 06 Apr 2021 15:34:55 GMT"
S3A_OL_2_WFR____20190913T060442_20190913T060742_20190914T125813_0179_049_148_2520_MAR_O_NT_002.SEN3,wqsf.nc,8202158,2c9f4ccee4ad07c66d04011fbb4350a273edc7eb17701779d51717063354e542,91611440db0e0872b3f33f9e75e388dc,"Tue, 06 Apr 2021 15:34:55 GMT"
S3A_OL_2_WFR____20190916T062709_20190916T063009_20190917T160646_0180_049_191_2520_MAR_O_NT_002.SEN3,chl_oc4me.nc,4349460,6a796db498bcfa6d9ff36ca0408b1d9b7df6d510b7b6140565d2c66f092f8800,2af4ac101d64a91345079e828c8f3a1f,"Tue, 23 Mar 2021 00:30:22 GMT"
S3A_OL_2_WFR____20190916T062709_20190916T063009_20190917T160646_0180_049_191_2520_MAR_O_NT_002.SEN3,geo_coordinates.nc,59996042,98f307608a05f37103c957a95bc1ef6b39538531d28b664d4d927855933c6732,96c46852d9b76f5a6fdc366e90c55657-8,"Tue, 23 Mar 2021 00:30:22 GMT"
S3A_OL_2_WFR____20190916T062709_20190916T063009_20190917T160646_0180_049_191_2520_MAR_O_NT_002.SEN3,tie_geo_coordinates.nc,1138251,6a3a705d841c2fb568070e41a18fb8ce3c15ac8f923e4a856ac8878d24a07c2a,4be8d756447ca6d4bd2c9f8cb9a0a99a,"Tue, 23 Mar 2021 00:30:22 GMT"
S3A_OL_2_WFR____20190916T062709_20190916T063009_20190917T160646_0180_049_191_2520_MAR_O_NT_002.SEN3,wqsf.nc,5391800,0bfbc0ddd5abfba21d224ad92a7f8c6d0262159f4931d493e8eff1daa5e0444a,939261bcc6cc452f99f88e6b1f521511,"Tue, 23 Mar 2021 00:30:22 GMT"
S3A_OL_2_WFR____20190917T060058_20190917T060358_20190918T151921_0179_049_205_2520_MAR_O_NT_002.SEN3,chl_oc4me.nc,7249477,9cff4992f04123f51d25561fb15af9f39cb7b001d47c2c5d1f5785b122985825,352b9b4ed04f1e2c1f3765ecf72a69d9,"Tue, 30 Mar 2021 09:14:44 GMT"
S3A_OL_2_WFR____20190917T060058_20190917T060358_20190918T151921_0179_049_205_2520_MAR_O_NT_002.SEN3,geo_coordinates.nc,58810354,b6ca707822104290c2a325397af2c65e066dfda4e667afad6b37134f134af4d2,6fc48608b4d71e91474f5fe6e3eceac1-8,"Tue, 30 Mar 2021 09:14:44 GMT"
S3A_OL_2_WFR____20190917T060058_20190917T060358_20190918T151921_0179_049_205_2520_MAR_O_NT_002.SEN3,tie_geo_coordinates.nc,1138543,7b006d903641da47386ffb63788229a773505d8df74cb5ae991605b3f321e696,1e738fb60f65d5779c9b5c7deaf7a726,"Tue, 30 Mar 2021 09:14:44 GMT"
S3A_OL_2_WFR____20190917T060058_20190917T060358_20190918T151921_0179_049_205_2520_MAR_O_NT_002.SEN3,wqsf.nc,10907542,2aae0dcb94e8c1d1e54f77a8c62d8480a68b6c169f4e33dfdbfb3d682142912d,781a0ba73de7bfa87565a9f27203fd28-2,"Tue, 30 Mar 2021 09:14:44 GMT"
S3A_OL_2_WFR____20190919T064936_20190919T065236_20190920T151751_0179_049_234_2520_MAR_O_NT_002.SEN3,chl_oc4me.nc,3604381,baad5dbbff42a7407b00dac0e31ce86a6c3c23458e78c7303be8bbe5b88438f3,1f35c1570ef315071e8633b0c7ad4350,"Thu, 01 Apr 2021 16:22:34 GMT"
S3A_OL_2_WFR____20190919T064936_20190919T065236_20190920T151751_0179_049_234_2520_MAR_O_NT_002.SEN3,geo_coordinates.nc,59204045,29afd6420f5a79c8a1b3be43b2d019e0909b3c03a395836cd35aa87f639918a0,6a55017cefef266d64eaed17b1ca2175-8,"Thu, 01 Apr 2021 16:22:34 GMT"
S3A_OL_2_WFR____20190919T064936_20190919T065236_20190920T151751_0179_049_234_2520_MAR_O_NT_002.SEN3,tie_geo_coordinates.nc,1138330,43ea9ba14c197e796c9cf8e5139c5691611e6113c770a3137d0f66b375ac9bcc,8ffc1405eb99c83df52ad0706f824bcb,"Thu, 01 Apr 2021 16:22:34 GMT"
S3A_OL_2_WFR____20190919T064936_20190919T065236_20190920T151751_0179_049_234_2520_MAR_O_NT_002.SEN3,wqsf.nc,4307469,ed5022d782a3e8bc1a6ee94dec0b3acbe73363c24f8cbbcb56f16fa43d6beb51,9e846714ebbb5407b4e1b0dfd3020cd5,"Thu, 01 Apr 2021 16:22:34 GMT"
S3A_OL_2_WFR____20190920T062325_20190920T062625_20190921T150716_0179_049_248_2520_MAR_O_NT_002.SEN3,chl_oc4me.nc,6024565,cb7c1d9615bc190c07c92119ff26203229e979350457f1824b56633d443f9f6f,f5f6f4c0e84af36dee4003e4a777c3b7,"Tue, 23 Mar 2021 00:27:57 GMT"
S3A_OL_2_WFR____20190920T062325_20190920T062625_20190921T150716_0179_049_248_2520_MAR_O_NT_002.SEN3,geo_coordinates.nc,59948180,9dad096b1ab01d65c94fc31932446792e3d43b5ee708860f511e6b151d63fdb3,b78cf324557dd6c42b8730567070aa05-8,"Tue, 23 Mar 2021 00:27:57 GMT"
S3A_OL_2_WFR____20190920T062325_20190920T062625_20190921T150716_0179_049_248_2520_MAR_O_NT_002.SEN3,tie_geo_coordinates.nc,1137697,063e44366a88a0a72f9c4fd0b8c0513786412d7129c149166b6482d6688ab112,edcbd8fff952052eaaa0dbbc53308cce,"Tue, 23 Mar 2021 00:27:57 GMT"
S3A_OL_2_WFR____20190920T062325_20190920T062625_20190921T150716_0179_049_248_2520_MAR_O_NT_002.SEN3,wqsf.nc,5763466,c2315bf64efe4330a32e70f4554dd13e0869ad5ba21d38ab0ec037e986ef02a8,9feab0cb79cbfca46d5082065306fca9,"Tue, 23 Mar 2021 00:27:57 GMT"
S3A_OL_2_WFR____20190923T064552_20190923T064852_20190924T144926_0179_049_291_2520_MAR_O_NT_002.SEN3,chl_oc4me.nc,4304777,8a0b0f701d1ca7143dc95cc9000fff7000bb9abcea28acc2f2d8b9e601e53413,5eb2ca9a110b86183911487758d81b45,"Tue, 06 Apr 2021 15:33:40 GMT"
S3A_OL_2_WFR____20190923T064552_20190923T064852_20190924T144926_0179_049_291_2520_MAR_O_NT_002.SEN3,geo_coordinates.nc,59377858,a49fb426e479d286c3ef8e2549108298f945acc2e1c399c74fc281a2cc769640,2a4f1dd9433918abbd39b638a47ac510-8,"Tue, 06 Apr 2021 15:33:40 GMT"
S3A_OL_2_WFR____20190923T064552_20190923T064852_20190924T144926_0179_049_291_2520_MAR_O_NT_002.SEN3,tie_geo_coordinates.nc,1132762,3e17199cd5f56cebb1360e91bcee438d2ecd34cc43b9fdaa190c35d20e87a0ec,98a9ed33d3dedcdc9379157a67edb93b,"Tue, 06 Apr 2021 15:33:40 GMT"
S3A_OL_2_WFR____20190923T064552_20190923T064852_20190924T144926_0179_049_291_2520_MAR_O_NT_002.SEN3,wqsf.nc,5240406,3d0d9c7ef134456e92d9969931e5382107d92e149d5246d8103c963c612f1764,ee155838ec38da7624458d578bf0dfec,"Tue, 06 Apr 2021 15:33:40 GMT"
S3A_OL_2_WFR____20190928T061557_20190928T061857_20190929T151248_0179_049_362_2520_MAR_O_NT_002.SEN3,chl_oc4me.nc,6444080,68a2e3d1df10b34d23a2514ae4ab9a6cd0b922372b9812a11e6aa2f398646d3d,f227d8c2841720d1c560044e4f6422e6,"Tue, 23 Mar 2021 00:23:51 GMT"
S3A_OL_2_WFR____20190928T061557_20190928T061857_20190929T151248_0179_049_362_2520_MAR_O_NT_002.SEN3,geo_coordinates.nc,59654725,92da6e76c2911ee92f68c34c2985b10e80ac86e911df7e21a417587c7e4e944f,648331e4bf2608acbc69c5ee89a1a02f-8,"Tue, 23 Mar 2021 00:23:51 GMT"
S3A_OL_2_WFR____20190928T061557_20190928T061857_20190929T151248_0179_049_362_2520_MAR_O_NT_002.SEN3,tie_geo_coordinates.nc,1134831,456be38b0752e7573342d0f7754a652d532d6e7b3292d3038d31989f204e9ef2,9eceaae88ddb178ae1084bcde78547b9,"Tue, 23 Mar 2021 00:23:51 GMT"
S3A_OL_2_WFR____20190928T061557_20190928T061857_20190929T151248_0179_049_362_2520_MAR_O_NT_002.SEN3,wqsf.nc,6758780,283091a506b6c1d13225d0cf87fddd2e48cca0c6cd461a24a522359c7c97ca6c,b5e82e3d4331096e903dedb446f411ab,"Tue, 23 Mar 2021 00:23:51 GMT"
S3A_OL_2_WFR____20191001T063823_20191001T064123_20191002T134032_0179_050_020_2520_MAR_O_NT_002.SEN3,chl_oc4me.nc,4762071,09d46d63ec790ff725585c67cb4c769a7a005668275cc40c435a1ad088e5ed34,5fd454cef54fedd89ba358cbfe419caf,"Thu, 01 Apr 2021 16:19:44 GMT"
S3A_OL_2_WFR____20191001T063823_20191001T064123_20191002T134032_0179_050_020_2520_MAR_O_NT_002.SEN3,geo_coordinates.nc,59765396,9ab3a4f4080451aff58689411dfbab08c8d41a0b5454b3045d0db13ec4af0635,bf42fad90647c7e1e9940210a0605523-8,"Thu, 01 Apr 2021 16:19:44 GMT"
S3A_OL_2_WFR____20191001T063823_20191001T064123_20191002T134032_0179_050_020_2520_MAR_O_NT_002.SEN3,tie_geo_coordinates.nc,1143215,31c07cf1c53908459f417419f281e608847f1f26fb247264f0ebcf7b688f9bb6,640e5c18a437993a7ea23af8310eb187,"Thu, 01 Apr 2021 16:19:44 GMT"
S3A_OL_2_WFR____20191001T063823_20191001T064123_20191002T134032_0179_050_020_2520_MAR_O_NT_002.SEN3,wqsf.nc,5209872,0d35cfaa5d20c96871629bff8bcfb33d2c42e1f04cd6557a1e7b48c8ddfd7456,2fe78b33b7f995cb6531d8c8b68b6834,"Thu, 01 Apr 2021 16:19:44 GMT"
S3A_OL_2_WFR____20191002T061213_20191002T061513_20191003T131817_0179_050_034_2520_MAR_O_NT_002.SEN3,chl_oc4me.nc,7174783,d95ce431f2a56847a105f63a6b0a3e8ee69b9218bc83d10d478c784e0b55ac1f,d57ffd4abe0316f6fa514487fd97dc30,"Tue, 23 Mar 2021 00:20:30 GMT"
S3A_OL_2_WFR____20191002T061213_20191002T061513_20191003T131817_0179_050_034_2520_MAR_O_NT_002.SEN3,geo_coordinates.nc,59391085,1430e27d7e3750f3b5ccff8c5bc3540d010f84a2904ccf6b238e30e6d928f6d3,2dfb7ac401d76c82b7b745ad44a16d45-8,"Tue, 23 Mar 2021 00:20:30 GMT"
S3A_OL_2_WFR____20191002T061213_20191002T061513_20191003T131817_0179_050_034_2520_MAR_O_NT_002.SEN3,tie_geo_coordinates.nc,1133976,eae1ef18cfd485abe49abbe5ab316183549295a6111543682781cdd588afc1c6,a7c25294bbbcaac2e97cf7760660ed77,"Tue, 23 Mar 2021 00:20:30 GMT"
S3A_OL_2_WFR____20191002T061213_20191002T061513_20191003T131817_0179_050_034_2520_MAR_O_NT_002.SEN3,wqsf.nc,8715652,50f7cd40f74bb054993ffbebd5aa1489b32667cbcee4c32395322d417202126c,34f1fd54a48d901a39da3e2bb3bb9e22-2,"Tue, 23 Mar 2021 00:20:29 GMT"
S3A_OL_2_WFR____20191005T063439_20191005T063739_20191006T163404_0179_050_077_2520_MAR_O_NT_002.SEN3,chl_oc4me.nc,4766932,520e6a378bb17a743f16fd083b8ffc6551b22cc47894f63ddc959109d93718b4,072ca419c4f2436c0413d532a6b64f9b,"Tue, 23 Mar 2021 00:18:35 GMT"
S3A_OL_2_WFR____20191005T063439_20191005T063739_20191006T163404_0179_050_077_2520_MAR_O_NT_002.SEN3,geo_coordinates.nc,59905712,de79a03772ee27e8aaf2e28bd090ca567324597242de34d205c49e5596835a61,f3888238dcda2c8eab777069bc76fd1f-8,"Tue, 23 Mar 2021 00:18:35 GMT"
S3A_OL_2_WFR____20191005T063439_20191005T063739_20191006T163404_0179_050_077_2520_MAR_O_NT_002.SEN3,tie_geo_coordinates.nc,1134883,c5731d7e385694a670106db11b427932fe3fa09e5c6d73e8529bf373e8a86186,77d26d83013260f1dfa591baa2b8a1d8,"Tue, 23 Mar 2021 00:18:35 GMT"
S3A_OL_2_WFR____20191005T063439_20191005T063739_20191006T163404_0179_050_077_2520_MAR_O_NT_002.SEN3,wqsf.nc,5518402,92da9a9ccb13f35cb24ec771570ac24131e198c61c28de63151349bccc906769,1a61dce957ba80ec10d28767f961f50c,"Tue, 23 Mar 2021 00:18:35 GMT"
S3A_OL_2_WFR____20191008T065706_20191008T070006_20191009T145647_0179_050_120_2520_MAR_O_NT_002.SEN3,tie_geo_coordinates.nc,1137409,0525b8c26bbff8f49a1171e77b18daa4bce3628748cd92a5a48d8d728bfad4b4,1801a10e9e431f710521ca0fb780988e,"Tue, 23 Mar 2021 00:16:48 GMT"
S3A_OL_2_WFR____20191009T063055_20191009T063355_20191010T152443_0179_050_134_2520_MAR_O_NT_002.SEN3,chl_oc4me.nc,5547205,6f07c307efecb53215d0b75e7f55258b81c56e4ce2c0d25768a02769017c16d9,dc9d88824a3704690d7cee1e2ce9b918,"Tue, 06 Apr 2021 15:32:35 GMT"
S3A_OL_2_WFR____20191009T063055_20191009T063355_20191010T152443_0179_050_134_2520_MAR_O_NT_002.SEN3,geo_coordinates.nc,59954375,9ff419916e2646b2b62629d4442aa66bd42221ce2aed564dd16df45076fcf0b5,36cedf8f049f097f2e06039a7c880ce9-8,"Tue, 06 Apr 2021 15:32:35 GMT"
S3A_OL_2_WFR____20191009T063055_20191009T063355_20191010T152443_0179_050_134_2520_MAR_O_NT_002.SEN3,tie_geo_coordinates.nc,1136232,14809f4fdbe5064caf21f5988bfb17fb182360c5813329c8716b1f119db18cfc,c57669ed0ac47c327ca7919a8d6cd83f,"Tue, 06 Apr 2021 15:32:34 GMT"
S3A_OL_2_WFR____20191009T063055_20191009T063355_20191010T152443_0179_050_134_2520_MAR_O_NT_002.SEN3,wqsf.nc,4599436,93a4042cd6ee3ea1036754d72fffdf0ad03256887ed6a1cf683a163ae7d2aa0b,fdfe56ce20a601f8420855930373308d,"Tue, 06 Apr 2021 15:32:35 GMT"
S3A_OL_2_WFR____20191010T060444_20191010T060744_20191011T133910_0179_050_148_2520_MAR_O_NT_002.SEN3,chl_oc4me.nc,9314222,27c6582abe29c790f2e1177abfe08d5c3f2423b8783078fe860770a8f9fb4ae2,c9a414f10b58a67a204992ef45d161ed-2,"Tue, 23 Mar 2021 00:15:45 GMT"
S3A_OL_2_WFR____20191010T060444_20191010T060744_20191011T133910_0179_050_148_2520_MAR_O_NT_002.SEN3,geo_coordinates.nc,59003126,cef6556facf8fc32aaf47a64632fca0378dc914a9ba5f4971453d263e7f75691,134a67389b560ca4b15ca832b0ed99cf-8,"Tue, 23 Mar 2021 00:15:45 GMT"
S3A_OL_2_WFR____20191010T060444_20191010T060744_20191011T133910_0179_050_148_2520_MAR_O_NT_002.SEN3,tie_geo_coordinates.nc,1137697,0ef8a37691b14d306024466b80d60846d86685c84934e81647becad19ba15c5c,c4cc190676199fb9a7cd63c5ba45768a,"Tue, 23 Mar 2021 00:15:45 GMT"
S3A_OL_2_WFR____20191010T060444_20191010T060744_20191011T133910_0179_050_148_2520_MAR_O_NT_002.SEN3,wqsf.nc,8239345,645747a87f95375c31475a57ec078900bdd39e98f75fe7166a3be10749b24c43,fef2cdab3aeabcf9191a1d96e1544974,"Tue, 23 Mar 2021 00:15:45 GMT"
S3A_OL_2_WFR____20191012T065322_20191012T065622_20191013T154841_0180_050_177_2520_MAR_O_NT_002.SEN3,chl_oc4me.nc,3655128,55b1ba90a81e48bc5dd61ce2fcc8dd8f8b7ab68fff4d295e58b8b7c5cfad287e,7bada1845b101fa7cffe59e1e03e2fcb,"Tue, 23 Mar 2021 00:13:44 GMT"
S3A_OL_2_WFR____20191012T065322_20191012T065622_20191013T154841_0180_050_177_2520_MAR_O_NT_002.SEN3,geo_coordinates.nc,59149233,666a3268a00d70136be15dca25b4a4043f5f5f63d2499ced4388c198b3aea395,9429a3ca8cb2e61af48b565ac762e89d-8,"Tue, 23 Mar 2021 00:13:43 GMT"
S3A_OL_2_WFR____20191012T065322_20191012T065622_20191013T154841_0180_050_177_2520_MAR_O_NT_002.SEN3,tie_geo_coordinates.nc,1139896,ecf6dda4304e5881046ba76b26ce3084bb2f245075143a2adb74279d8df6d248,b1a4863609405d4a000fee0723e8a89b,"Tue, 23 Mar 2021 00:13:44 GMT"
S3A_OL_2_WFR____20191012T065322_20191012T065622_20191013T154841_0180_050_177_2520_MAR_O_NT_002.SEN3,wqsf.nc,3782282,3773b92bd9942e42f2554df3902748fed92105d4d0f626ea5d4760173a055f89,a43be0e2c87b9a29413c1c62c7520514,"Tue, 23 Mar 2021 00:13:44 GMT"
S3A_OL_2_WFR____20191013T062711_20191013T063011_20191014T160912_0179_050_191_2520_MAR_O_NT_002.SEN3,chl_oc4me.nc,6011785,9d7ba973203a29d99f4734cdf50c830a7a9f79baf4202e61ec7dc40be49528c7,5c6a34a2b7f01893b82c58999bbdf848,"Thu, 01 Apr 2021 16:16:39 GMT"
S3A_OL_2_WFR____20191013T062711_20191013T063011_20191014T160912_0179_050_191_2520_MAR_O_NT_002.SEN3,geo_coordinates.nc,59991192,6c1b86324d68a39a5f4a601080b45c77d77306b9e27247907cac7b638456e95d,ba419e9b2b49a6530a6a6f60314abb0f-8,"Thu, 01 Apr 2021 16:16:39 GMT"
S3A_OL_2_WFR____20191013T062711_20191013T063011_20191014T160912_0179_050_191_2520_MAR_O_NT_002.SEN3,tie_geo_coordinates.nc,1136944,3bae5bf0d9c789d52f6393a079d60d97ef9617978f36b006490a00fc20269ca6,88210d710234668772af74adf62f1891,"Thu, 01 Apr 2021 16:16:38 GMT"
S3A_OL_2_WFR____20191013T062711_20191013T063011_20191014T160912_0179_050_191_2520_MAR_O_NT_002.SEN3,wqsf.nc,5454667,5b5f94e6ec04dfd8a2c618c931eb339c8de9038f35138f9ca6853ca0168d7fb9,a41d6f5215880ce3aca5a1bbfee80fde,"Thu, 01 Apr 2021 16:16:39 GMT"
S3A_OL_2_WFR____20191014T060100_20191014T060400_20191015T133605_0179_050_205_2520_MAR_O_NT_002.SEN3,chl_oc4me.nc,10044426,794d7b6df9cba24c6f9de1adef525c02e2a2fb478c7d0ee1300d22501ba64b54,689bb81f1065227ad496045ba4fe5adc-2,"Tue, 23 Mar 2021 00:12:55 GMT"
S3A_OL_2_WFR____20191014T060100_20191014T060400_20191015T133605_0179_050_205_2520_MAR_O_NT_002.SEN3,geo_coordinates.nc,58794201,c41f489626ba1fddb5ed027e0bb91be9e32f86e891999ba83b18343262310c05,5d6c39958dd54920b4a33ba754689359-8,"Tue, 23 Mar 2021 00:12:55 GMT"
S3A_OL_2_WFR____20191014T060100_20191014T060400_20191015T133605_0179_050_205_2520_MAR_O_NT_002.SEN3,tie_geo_coordinates.nc,1134475,088502f9e755bf929ccac328744a598556c683af4f539d408485e53a5c53a967,1336de332f87ec1a6bbdb7070214b0ee,"Tue, 23 Mar 2021 00:12:54 GMT"
S3A_OL_2_WFR____20191014T060100_20191014T060400_20191015T133605_0179_050_205_2520_MAR_O_NT_002.SEN3,wqsf.nc,7962449,dc4495a1d510fc37c717369a0e9c8531f667428a3c988282754f6cb7950b2651,6cc3609d07705ed5f7e4e63108ce486a,"Tue, 23 Mar 2021 00:12:55 GMT"
S3A_OL_2_WFR____20191016T064937_20191016T065237_20191017T171610_0179_050_234_2520_MAR_O_NT_002.SEN3,chl_oc4me.nc,4087457,d12a6372c6e56310c4ab4bce2dadbbe28b8342c3fabef6d931d46600e4238c38,cdea94a2f79694c9bca8da30ecbc1838,"Tue, 23 Mar 2021 00:10:37 GMT"
S3A_OL_2_WFR____20191016T064937_20191016T065237_20191017T171610_0179_050_234_2520_MAR_O_NT_002.SEN3,geo_coordinates.nc,59174001,d6bda57e3c20260975cea40a0698b370cc049cc675e5e791e18336dd2f599ed5,148e54101c198513874cf946f4b5313d-8,"Tue, 23 Mar 2021 00:10:38 GMT"
S3A_OL_2_WFR____20191016T064937_20191016T065237_20191017T171610_0179_050_234_2520_MAR_O_NT_002.SEN3,tie_geo_coordinates.nc,1135674,14e482b18624693f8a4a3374ee41bd74f1662d93979079f1d4e0e24a5bbcdca7,21aeba4c2e286d09a8336db9b1377047,"Tue, 23 Mar 2021 00:10:37 GMT"
S3A_OL_2_WFR____20191016T064937_20191016T065237_20191017T171610_0179_050_234_2520_MAR_O_NT_002.SEN3,wqsf.nc,4177629,89673c7f2c30ddaa7168694d60b0d6603c6adbdb4b12c4c1a1156a43375ad894,cc597b3de1dc94f0f69f4ce86f57ad96,"Tue, 23 Mar 2021 00:10:37 GMT"
S3A_OL_2_WFR____20191017T062326_20191017T062626_20191018T135345_0179_050_248_2520_MAR_O_NT_002.SEN3,chl_oc4me.nc,6713252,f0c2ee6296db37c5d043afe05a6854d55eccb24947f8184e44dbff5602f640b2,c41bc00e7a34719d0f925344ef3015c0,"Tue, 30 Mar 2021 08:51:32 GMT"
S3A_OL_2_WFR____20191017T062326_20191017T062626_20191018T135345_0179_050_248_2520_MAR_O_NT_002.SEN3,geo_coordinates.nc,59960502,aede8ab13d13f0a1b74981ced61c619a28bd550568f82ee8dbb9d8f2dd5cc302,daa8bd780ef9127fa8846cb04bdafa25-8,"Tue, 30 Mar 2021 08:51:32 GMT"
S3A_OL_2_WFR____20191017T062326_20191017T062626_20191018T135345_0179_050_248_2520_MAR_O_NT_002.SEN3,tie_geo_coordinates.nc,1142578,9d0b6a154841242efc77c0710c5040d2d53edae8b42096ee81942fe16a25f932,fa1f6cde083c0a06bba90f40f449b890,"Tue, 30 Mar 2021 08:51:32 GMT"
S3A_OL_2_WFR____20191017T062326_20191017T062626_20191018T135345_0179_050_248_2520_MAR_O_NT_002.SEN3,wqsf.nc,5860639,1163c3cc34bef93220538b16da24189b3d2f96748935e7514a65a62c82db7f04,fb06d87b2f6e80bdc1f78845ebbe4c89,"Tue, 30 Mar 2021 08:51:32 GMT"
S3A_OL_2_WFR____20191018T055715_20191018T060015_20191019T134344_0180_050_262_2520_MAR_O_NT_002.SEN3,chl_oc4me.nc,10562247,34b64d7adea657a4fc2c657927fc05690eb12cfa219f69b74818864a5e0d2156,8b202488d470ee1c3aabb7c7ca21a39c-2,"Tue, 23 Mar 2021 00:09:44 GMT"
S3A_OL_2_WFR____20191018T055715_20191018T060015_20191019T134344_0180_050_262_2520_MAR_O_NT_002.SEN3,geo_coordinates.nc,58543967,050db9d78f8a0433f5ed56d70348862d961dc28a0ae5c10d16cb56e44668af6d,6ee9e6ce9d45eedfecafa3b367fe2f5a-7,"Tue, 23 Mar 2021 00:09:44 GMT"
S3A_OL_2_WFR____20191018T055715_20191018T060015_20191019T134344_0180_050_262_2520_MAR_O_NT_002.SEN3,tie_geo_coordinates.nc,1135284,fda349582f34dcf81cf1e7560cb3c5b42f20d6a02262ff0a190aa7957b840afe,0619a0474bdad3b1d484ca0d72338f89,"Tue, 23 Mar 2021 00:09:44 GMT"
S3A_OL_2_WFR____20191018T055715_20191018T060015_20191019T134344_0180_050_262_2520_MAR_O_NT_002.SEN3,wqsf.nc,7283971,4a78c3b8024a102fdb88b5bdad2908569d289713fdb3eca7e28f9bed74160928,728ee683f81aa4c6e45240c7d6adbe99,"Tue, 23 Mar 2021 00:09:44 GMT"
S3A_OL_2_WFR____20191020T064553_20191020T064853_20191021T154309_0179_050_291_2520_MAR_O_NT_002.SEN3,chl_oc4me.nc,4241016,1c9a6f7ac03f7fe320f884241c423198a25af91aae07f87d62f1ecfd2f7b599b,bf48e9e654bfd798394e0a2972badda2,"Tue, 23 Mar 2021 00:07:39 GMT"
S3A_OL_2_WFR____20191020T064553_20191020T064853_20191021T154309_0179_050_291_2520_MAR_O_NT_002.SEN3,geo_coordinates.nc,59389338,8c18d067ee0d365a19507f09f54870d6c8e94958f5ec39b8eeea3e0c13315620,92f67a5f4c004dba818979ea03dc359b-8,"Tue, 23 Mar 2021 00:07:39 GMT"
S3A_OL_2_WFR____20191020T064553_20191020T064853_20191021T154309_0179_050_291_2520_MAR_O_NT_002.SEN3,tie_geo_coordinates.nc,1137327,7a6af8dd136181a1b0e36a5af1661380de5035c05e10838be6caa0c19017ee15,21750ad702366f25f59103808432ea75,"Tue, 23 Mar 2021 00:07:39 GMT"
S3A_OL_2_WFR____20191020T064553_20191020T064853_20191021T154309_0179_050_291_2520_MAR_O_NT_002.SEN3,wqsf.nc,4576264,1afd566ea57b69ca0af6b030372fc3e3330d461b1b202b359bcf68787dae12e3,b07a26dc232d32423794b88c15f163f1,"Tue, 23 Mar 2021 00:07:39 GMT"
S3A_OL_2_WFR____20191021T061942_20191021T062242_20191022T152424_0180_050_305_2520_MAR_O_NT_002.SEN3,chl_oc4me.nc,7258189,abb078c92de0bf241320022d1858bca23abab24ccddab5d6132c4b06067edde3,1f77c1f3e0fb7ef722cb798a618c2ac9,"Thu, 01 Apr 2021 16:14:03 GMT"
S3A_OL_2_WFR____20191021T061942_20191021T062242_20191022T152424_0180_050_305_2520_MAR_O_NT_002.SEN3,geo_coordinates.nc,59813750,6cef381feff6453ec1f5c44cb20aa81fb30501f6dbc264fdb5090e67f5df30bb,9b5ad5657e039a1ee68038e44df62f44-8,"Thu, 01 Apr 2021 16:14:03 GMT"
S3A_OL_2_WFR____20191021T061942_20191021T062242_20191022T152424_0180_050_305_2520_MAR_O_NT_002.SEN3,tie_geo_coordinates.nc,1133467,a2fa566828c19d16c4038c82fba6edc00ebc7981cd2db2b4d22aafd845c5af44,d1356319f60ed3b16d423fae7f1df6bd,"Thu, 01 Apr 2021 16:14:02 GMT"
S3A_OL_2_WFR____20191021T061942_20191021T062242_20191022T152424_0180_050_305_2520_MAR_O_NT_002.SEN3,wqsf.nc,5787462,d149fe66cb11a62487bcdb21204b3c46c56dbc1ef56b1e875765470d5be63c99,3fe17455662ace07c86955d6ccd1fc32,"Thu, 01 Apr 2021 16:14:03 GMT"
S3A_OL_2_WFR____20191024T064208_20191024T064508_20191025T135438_0179_050_348_2520_MAR_O_NT_002.SEN3,chl_oc4me.nc,4427191,9c70970d931a8704631b2c8443179e5768c9a9928059c2eb9e725d9da66be121,979e2f0a0365d8f794dda62bec7839b7,"Thu, 01 Apr 2021 16:12:57 GMT"
S3A_OL_2_WFR____20191024T064208_20191024T064508_20191025T135438_0179_050_348_2520_MAR_O_NT_002.SEN3,geo_coordinates.nc,59557085,0670f991f8d2f794c31d4cf9a610023c6c8d2fa068c08c7142a2dc9b4c077adb,87d0e16ae4d57474cca16af27ea21a46-8,"Thu, 01 Apr 2021 16:12:56 GMT"
S3A_OL_2_WFR____20191024T064208_20191024T064508_20191025T135438_0179_050_348_2520_MAR_O_NT_002.SEN3,tie_geo_coordinates.nc,1131369,e7d23155a797d44bc4257128741a4c7ee0d7ea7be5ebff59e8576cd3703d7c2c,e30ac53802d8475a2401ab2c0a868ec4,"Thu, 01 Apr 2021 16:12:56 GMT"
S3A_OL_2_WFR____20191024T064208_20191024T064508_20191025T135438_0179_050_348_2520_MAR_O_NT_002.SEN3,wqsf.nc,5000870,efbed61ebac613a028386d46261b01f15982c8f1c728b9d64440708114e6069e,62d5c2144add94fd0dd31052b333baf0,"Thu, 01 Apr 2021 16:12:56 GMT"
S3A_OL_2_WFR____20191025T061557_20191025T061857_20191026T141046_0179_050_362_2520_MAR_O_NT_002.SEN3,chl_oc4me.nc,7828310,811bc74e8f48a2dec185401874094c737c71ba48b8d09eb633adda231db2f068,2a4b68925e41a7cdbb9c2bc1158b4655,"Tue, 23 Mar 2021 00:04:48 GMT"
S3A_OL_2_WFR____20191025T061557_20191025T061857_20191026T141046_0179_050_362_2520_MAR_O_NT_002.SEN3,geo_coordinates.nc,59647240,25f6630392f2ad52f9c197ab687353508a90d69e4245e1c4b4c6dbe02511b562,807e730c64621bb50c4f8574a4d5a262-8,"Tue, 23 Mar 2021 00:04:48 GMT"
S3A_OL_2_WFR____20191025T061557_20191025T061857_20191026T141046_0179_050_362_2520_MAR_O_NT_002.SEN3,tie_geo_coordinates.nc,1138235,c45750c03cb8dc5f9f6e4e18aaeb3367e7954d8961082a14d9b5cf5074fb093b,0db8bc4bf2c634e53b9c158f50f6fcea,"Tue, 23 Mar 2021 00:04:48 GMT"
S3A_OL_2_WFR____20191025T061557_20191025T061857_20191026T141046_0179_050_362_2520_MAR_O_NT_002.SEN3,wqsf.nc,6155007,5545d13ea6d9006af2f80ff96ed8198d18aa060bf431c95e16dbe5c0f41d9fc6,bbe83595f416812a3205664ba1f26b56,"Tue, 23 Mar 2021 00:04:48 GMT"
S3A_OL_2_WFR____20191028T063824_20191028T064124_20191029T152052_0179_051_020_2520_MAR_O_NT_002.SEN3,chl_oc4me.nc,3942942,2f702f9d95084c5386e4c7bd7274c4ecd0753433518464b6db6a4b8a45cd6067,2163a9cc37d272627285d290612475ee,"Tue, 30 Mar 2021 08:46:22 GMT"
S3A_OL_2_WFR____20191028T063824_20191028T064124_20191029T152052_0179_051_020_2520_MAR_O_NT_002.SEN3,geo_coordinates.nc,59759618,47ffedaf8fb73d64076659ee965d28d73b5eee3753238bc1fd57ddeb28948b12,9d520871222626eff6397a5988e024c9-8,"Tue, 30 Mar 2021 08:46:22 GMT"
S3A_OL_2_WFR____20191028T063824_20191028T064124_20191029T152052_0179_051_020_2520_MAR_O_NT_002.SEN3,tie_geo_coordinates.nc,1138872,6553aade15f4e934184030edaea9bdff4341bae29aa56a2b502026964e760209,e992c06c38d83d0d9089564f8fe26c22,"Tue, 30 Mar 2021 08:46:22 GMT"
S3A_OL_2_WFR____20191028T063824_20191028T064124_20191029T152052_0179_051_020_2520_MAR_O_NT_002.SEN3,wqsf.nc,5104344,b176770c9681e27baa861e8b71db2c7ff1545ad8f21b458fc6483df3d6f2408d,cb71a96101b06aadbf890faeff2aa322,"Tue, 30 Mar 2021 08:46:22 GMT"
S3A_OL_2_WFR____20191029T061213_20191029T061513_20191108T080904_0180_051_034_2520_MAR_O_NT_002.SEN3,chl_oc4me.nc,5839491,6d5c245ca27caf1c4d0298174ac95cf43777af43bce65cf101c3fa1dd70b24f1,5c7fa7306e9514d35c33ed7842373b06,"Tue, 23 Mar 2021 00:02:19 GMT"
S3A_OL_2_WFR____20191029T061213_20191029T061513_20191108T080904_0180_051_034_2520_MAR_O_NT_002.SEN3,geo_coordinates.nc,59383475,6246d82dc27d8c9cf2adf5775294d7c6f75a4f14311dce4049a4fc1037f41e5f,1e2c6c676cd4093324de43774b1223bf-8,"Tue, 23 Mar 2021 00:02:18 GMT"
S3A_OL_2_WFR____20191029T061213_20191029T061513_20191108T080904_0180_051_034_2520_MAR_O_NT_002.SEN3,tie_geo_coordinates.nc,1138132,a53a26b9d3acd53411678ac50f4724bca1e47602f6d89fd77aef82a962fe01a7,2404bbc2e20e1d43741aceee563c3284,"Tue, 23 Mar 2021 00:02:18 GMT"
S3A_OL_2_WFR____20191029T061213_20191029T061513_20191108T080904_0180_051_034_2520_MAR_O_NT_002.SEN3,wqsf.nc,6018114,9c8f7cef211e9c90c8cb6d4b926718b23bce35eda1578849b11ee688f43aa251,45dbf2f7517f79a6afdd73da94427065,"Tue, 23 Mar 2021 00:02:18 GMT"
S3A_OL_2_WFR____20191101T063439_20191101T063739_20191122T022237_0179_051_077_2520_MAR_O_NT_002.SEN3,chl_oc4me.nc,4976373,87a0188e2af24f6cc4bdf93981e05091163f5300b5edf2d2e2d3aa1222409fb7,b76f38e7fd8ea5a9ea5e3f29ec6ecf03,"Tue, 23 Mar 2021 00:00:22 GMT"
S3A_OL_2_WFR____20191101T063439_20191101T063739_20191122T022237_0179_051_077_2520_MAR_O_NT_002.SEN3,geo_coordinates.nc,59916581,ce7dbfbf16dabf8c3335bd0326dd3a4d601e1cdd5b3daf709b6d68ad05b9f506,d79b641819c25104368c0103f3592669-8,"Tue, 23 Mar 2021 00:00:22 GMT"
S3A_OL_2_WFR____20191101T063439_20191101T063739_20191122T022237_0179_051_077_2520_MAR_O_NT_002.SEN3,tie_geo_coordinates.nc,1142243,704f87f868d0bf60eca20b473e88bde92055ebdc1c91310061352edd5a495911,76071f735fea421042e49eb58e59beeb,"Tue, 23 Mar 2021 00:00:23 GMT"
S3A_OL_2_WFR____20191101T063439_20191101T063739_20191122T022237_0179_051_077_2520_MAR_O_NT_002.SEN3,wqsf.nc,4963540,dc92dfd2c4720da3d46f3d20637c209ae5a02225563fa0085ae3b20019fa42d4,0a29072d2f10f4fe48341567d1810b45,"Tue, 23 Mar 2021 00:00:22 GMT"
S3A_OL_2_WFR____20191102T060828_20191102T061128_20191123T043110_0180_051_091_2520_MAR_O_NT_002.SEN3,chl_oc4me.nc,8943229,d1fcde03d186bae1937d121c1cb0a4e4d02a0c2ee3b3fbaa10fc42e037baa3d2,1dcc24555acc93d0f7ad2d025ea4912a-2,"Thu, 01 Apr 2021 16:10:49 GMT"
S3A_OL_2_WFR____20191102T060828_20191102T061128_20191123T043110_0180_051_091_2520_MAR_O_NT_002.SEN3,geo_coordinates.nc,59156461,6c164752318eb3e7d917dd3b1319bdca7eb3b1c72bb4a106722451e0951fdc52,457af4055e3dfe87f2e03068c272664a-8,"Thu, 01 Apr 2021 16:10:50 GMT"
S3A_OL_2_WFR____20191102T060828_20191102T061128_20191123T043110_0180_051_091_2520_MAR_O_NT_002.SEN3,tie_geo_coordinates.nc,1137597,a2a6d031e0289eaa0d781b211890cda80d166f6486081eb503039a7edd9131ec,0360af09b8bc7eab820136096f070901,"Thu, 01 Apr 2021 16:10:50 GMT"
S3A_OL_2_WFR____20191102T060828_20191102T061128_20191123T043110_0180_051_091_2520_MAR_O_NT_002.SEN3,wqsf.nc,8674444,1659c3d6a2e4864eb371559f06d25518ca9193e10818861bd452a124423e98c8,af3a6b0c6b65d5a17a6c96a34743158a-2,"Thu, 01 Apr 2021 16:10:50 GMT"
S3A_OL_2_WFR____20191104T065705_20191104T070005_20191124T082139_0179_051_120_2520_MAR_O_NT_002.SEN3,tie_geo_coordinates.nc,1135709,1d8862a6d07b09d5fe446c4bfbf3a498ce8d7d791b863446242b781d696eb1ec,a4b56d0988481b55e881498248ee1a52,"Mon, 22 Mar 2021 23:58:46 GMT"
S3A_OL_2_WFR____20191105T063054_20191105T063354_20191125T073124_0179_051_134_2520_MAR_O_NT_002.SEN3,chl_oc4me.nc,4259167,c1968a77acc349e24fe5d23123ed0117f1f68afb45d95f8618ded44dbbb82a9b,c790939487d50c7f1e26305826c467c8,"Thu, 01 Apr 2021 16:09:43 GMT"
S3A_OL_2_WFR____20191105T063054_20191105T063354_20191125T073124_0179_051_134_2520_MAR_O_NT_002.SEN3,geo_coordinates.nc,59954564,eb01633c9cc3f35cf22fdfd4e8fef317bb17dcfc08e73b0153f8872201a031fc,8b3cc1016eb59f215d80c540a81bce25-8,"Thu, 01 Apr 2021 16:09:43 GMT"
S3A_OL_2_WFR____20191105T063054_20191105T063354_20191125T073124_0179_051_134_2520_MAR_O_NT_002.SEN3,tie_geo_coordinates.nc,1132886,ade88bdd4ce557e706e6a6c0443d38162bb7f85084e411c801e22cd389bff6ab,fce9e7bf81a9bc012c9458e1fdf61f27,"Thu, 01 Apr 2021 16:09:43 GMT"
S3A_OL_2_WFR____20191105T063054_20191105T063354_20191125T073124_0179_051_134_2520_MAR_O_NT_002.SEN3,wqsf.nc,5505264,a15b39d554935c183924c6673e860c13f13df200e19fa4450f8ada13072ce0c7,02d673efdb7f001e890dffa8ffef5cf5,"Thu, 01 Apr 2021 16:09:43 GMT"
S3A_OL_2_WFR____20191106T060443_20191106T060743_20191107T164208_0179_051_148_2520_MAR_O_NT_002.SEN3,chl_oc4me.nc,9672589,33c5425cef254f7feafdab2de93ae3fc05335e6d671cf8e2efac0277829256c8,a9bbbd38cb5b9f1d391ab0bda233067e-2,"Mon, 22 Mar 2021 23:58:08 GMT"
S3A_OL_2_WFR____20191106T060443_20191106T060743_20191107T164208_0179_051_148_2520_MAR_O_NT_002.SEN3,geo_coordinates.nc,58978114,8256b84aec2aa17432f912983eba429f928b0d6b046dff5133ba83d563003583,1f0f2f069eeff710d4ad66da480be795-8,"Mon, 22 Mar 2021 23:58:08 GMT"
S3A_OL_2_WFR____20191106T060443_20191106T060743_20191107T164208_0179_051_148_2520_MAR_O_NT_002.SEN3,tie_geo_coordinates.nc,1137438,3d0345970ad8e5e84362787815393e75f026e78c73f76fe9d7f63675494b7884,4355b0a3a2de7411e975b1071f8f755b,"Mon, 22 Mar 2021 23:58:08 GMT"
S3A_OL_2_WFR____20191106T060443_20191106T060743_20191107T164208_0179_051_148_2520_MAR_O_NT_002.SEN3,wqsf.nc,7917756,00968b943deb7cc766d7760bcc1581c55e581df94dd3b3da264c7744123a42bb,2203800b59994b9becbe9c80a45af3bf,"Mon, 22 Mar 2021 23:58:08 GMT"
S3A_OL_2_WFR____20191108T065320_20191108T065620_20191109T145242_0179_051_177_2520_MAR_O_NT_002.SEN3,chl_oc4me.nc,2847918,fe4584fb8b12be1faaf1fc9e4bb211b29aa773bcdbd500405ba18de003a2efd2,f3c82075731bc084cead921b4bfc1ce5,"Mon, 22 Mar 2021 23:55:58 GMT"
S3A_OL_2_WFR____20191108T065320_20191108T065620_20191109T145242_0179_051_177_2520_MAR_O_NT_002.SEN3,geo_coordinates.nc,59139859,26e591c54d64d443de08ef6e9b9240fa79e7bb1cb694bf54689812faa8c6c367,30fd7650cf4b66ef261244ef351cd93b-8,"Mon, 22 Mar 2021 23:55:57 GMT"
S3A_OL_2_WFR____20191108T065320_20191108T065620_20191109T145242_0179_051_177_2520_MAR_O_NT_002.SEN3,tie_geo_coordinates.nc,1139952,9adb38d3b4c2a21ddddb40549ace7265f2e5fecc753d6eb666a11d2edb14bb1b,01b5bbc8d93011763b27de73e109efc4,"Mon, 22 Mar 2021 23:55:57 GMT"
S3A_OL_2_WFR____20191108T065320_20191108T065620_20191109T145242_0179_051_177_2520_MAR_O_NT_002.SEN3,wqsf.nc,5191145,3ae1a6d3a52cd6abd5d03ba8df03bbe9351e6b7db1cae0c7cc9f178e39ca76ff,f6a19c6dcebe1fd490cc5f642dea9bec,"Mon, 22 Mar 2021 23:55:58 GMT"
S3A_OL_2_WFR____20191109T062709_20191109T063009_20191110T153011_0179_051_191_2520_MAR_O_NT_002.SEN3,chl_oc4me.nc,4848938,b0e8d1310655b7acd3251f2c00f1de0e8b00071284eecd95c5118808d536a776,e3da62f6a66f85b4122a88c5021cb8ce,"Tue, 30 Mar 2021 08:40:51 GMT"
S3A_OL_2_WFR____20191109T062709_20191109T063009_20191110T153011_0179_051_191_2520_MAR_O_NT_002.SEN3,geo_coordinates.nc,60000666,80a90cee98ded28f8b1bfd8f34cab1ea3e9d055b28059c6c2c3478492c6118b5,6e9c4350ffc43f65ddae93bca2a7abee-8,"Tue, 30 Mar 2021 08:40:51 GMT"
S3A_OL_2_WFR____20191109T062709_20191109T063009_20191110T153011_0179_051_191_2520_MAR_O_NT_002.SEN3,tie_geo_coordinates.nc,1136545,873724896f95b00d1a7f1cac0376ebb11f63840c88b5d28794b23ffeb0cbe04d,85ccf0fbc26122187f36b7186692c403,"Tue, 30 Mar 2021 08:40:51 GMT"
S3A_OL_2_WFR____20191109T062709_20191109T063009_20191110T153011_0179_051_191_2520_MAR_O_NT_002.SEN3,wqsf.nc,6973653,27db3540d5d88bb9d499a4a4cb74d408ff374574573bd36160c1a7caedeb2dd2,9d2450010866b0f9a561d8fa3d694c2a,"Tue, 30 Mar 2021 08:40:51 GMT"
S3A_OL_2_WFR____20191110T060058_20191110T060358_20191111T154318_0179_051_205_2520_MAR_O_NT_002.SEN3,chl_oc4me.nc,8592124,1bb0211e467c7ba09512d6eff04759897b7879757742351d07af732bf5c39350,920d27d9291379fa3627c9155437ce58-2,"Mon, 22 Mar 2021 23:55:09 GMT"
S3A_OL_2_WFR____20191110T060058_20191110T060358_20191111T154318_0179_051_205_2520_MAR_O_NT_002.SEN3,geo_coordinates.nc,58767863,2840b0b2bd9d7a1175ffe5ff71140d563dbd3ff66f406d16f945306b30a95d2e,cac8c369eb829a6fbc84375d937067ba-8,"Mon, 22 Mar 2021 23:55:10 GMT"
S3A_OL_2_WFR____20191110T060058_20191110T060358_20191111T154318_0179_051_205_2520_MAR_O_NT_002.SEN3,tie_geo_coordinates.nc,1141347,7f0a6299d9d7e61bb35b1dc4e3c9fbec5a6ca99c16dbb476923d26792b142914,c5a5283f9880e69936b096a0316b4832,"Mon, 22 Mar 2021 23:55:09 GMT"
S3A_OL_2_WFR____20191110T060058_20191110T060358_20191111T154318_0179_051_205_2520_MAR_O_NT_002.SEN3,wqsf.nc,8218673,45d65e7e7591bbf5d31964313e3fb102086937aceaddd452230aeaf13f0b4859,a11b456d71cc30acac59f7ac4b8e9351,"Mon, 22 Mar 2021 23:55:09 GMT"
S3A_OL_2_WFR____20191112T064935_20191112T065235_20191128T200520_0179_051_234_2520_MAR_O_NT_002.SEN3,chl_oc4me.nc,3871143,34eb7632cb51ede9ef6345cf4a6f9565db9b52852cb532b72304ab50bcdce3d9,cd804598f589a0da7848ec97c1fff96d,"Mon, 22 Mar 2021 23:53:00 GMT"
S3A_OL_2_WFR____20191112T064935_20191112T065235_20191128T200520_0179_051_234_2520_MAR_O_NT_002.SEN3,geo_coordinates.nc,59159460,3424aa2168befd85dbc8a549838639496145a499b2c068a3fd0ceedde0a86119,f2695c95c745a6556f0487e2b296fa07-8,"Mon, 22 Mar 2021 23:53:00 GMT"
S3A_OL_2_WFR____20191112T064935_20191112T065235_20191128T200520_0179_051_234_2520_MAR_O_NT_002.SEN3,tie_geo_coordinates.nc,1142419,efc9d4239aa2b4dbcb9b3eb7ef2c9efe0785cf3f31b318f45ce9cf221b507f08,97f1e0b4f7bc5130d793be67335fbfc4,"Mon, 22 Mar 2021 23:53:00 GMT"
S3A_OL_2_WFR____20191112T064935_20191112T065235_20191128T200520_0179_051_234_2520_MAR_O_NT_002.SEN3,wqsf.nc,4224050,1cd1cff83834b84f148351720a5e1372b313ce155fc9b04d9074a168de9fcee1,a3ea06aedbffc021e8de3731625f18f5,"Mon, 22 Mar 2021 23:53:00 GMT"
S3A_OL_2_WFR____20191113T062324_20191113T062624_20191129T190039_0179_051_248_2520_MAR_O_NT_002.SEN3,chl_oc4me.nc,6221084,e3549980c1b970c345953ebaca7d4cffa6300e008b34756954fa54d237014f42,6483ea00d89f25449ae023517db43360,"Thu, 01 Apr 2021 16:07:13 GMT"
S3A_OL_2_WFR____20191113T062324_20191113T062624_20191129T190039_0179_051_248_2520_MAR_O_NT_002.SEN3,geo_coordinates.nc,59948097,4b33dca1c8d258295790f84800c27ba8ed17d675103209ed117527399d3f2746,1d7ba384956735a39002f2a518aca7ef-8,"Thu, 01 Apr 2021 16:07:13 GMT"
S3A_OL_2_WFR____20191113T062324_20191113T062624_20191129T190039_0179_051_248_2520_MAR_O_NT_002.SEN3,tie_geo_coordinates.nc,1141907,1dba10d3572dc2911bd2c7d60eec2911a95819c698f0484ed1a1fa79f4a5eb35,c17fb46a1a0b33c5d7cbdd0362002e90,"Thu, 01 Apr 2021 16:07:13 GMT"
S3A_OL_2_WFR____20191113T062324_20191113T062624_20191129T190039_0179_051_248_2520_MAR_O_NT_002.SEN3,wqsf.nc,6018444,228d06bf06abd4c8525387548b9c1a92f519534e5df35f73018d52cb3e7d5585,a4dc34486be9daa3cca0a9776d2320f9,"Thu, 01 Apr 2021 16:07:14 GMT"
S3A_OL_2_WFR____20191114T055713_20191114T060013_20191115T141816_0179_051_262_2520_MAR_O_NT_002.SEN3,chl_oc4me.nc,9797304,5e5a0f723cf2bcf3c22b2e53691b6b01dcfc1fe369107c0b23390d6d9b958cb7,0f8ae1be1bfc7004ada70e6863752e13-2,"Mon, 22 Mar 2021 23:52:16 GMT"
S3A_OL_2_WFR____20191114T055713_20191114T060013_20191115T141816_0179_051_262_2520_MAR_O_NT_002.SEN3,geo_coordinates.nc,58532625,62e3638bc52ab0931371b01fbdb11c29ebb0569681ce43afb7889ec6b13d6ebe,b3223aa84534ec755db3e27723200d34-7,"Mon, 22 Mar 2021 23:52:16 GMT"
S3A_OL_2_WFR____20191114T055713_20191114T060013_20191115T141816_0179_051_262_2520_MAR_O_NT_002.SEN3,tie_geo_coordinates.nc,1137243,61a5650cfe7a9d86fd9b882e3a8ca85e78ca8c5f9ceee0b5b394d4bfbdcc35ac,34c5e6e1675d408ba966ae91911ec239,"Mon, 22 Mar 2021 23:52:16 GMT"
S3A_OL_2_WFR____20191114T055713_20191114T060013_20191115T141816_0179_051_262_2520_MAR_O_NT_002.SEN3,wqsf.nc,8772533,5d2c4a9d766c04eb3506ed3777800c82fc6efd1afa036b1838aaf25eef4ea180,aceb35538fb777bebd5b340f5f6b9d28-2,"Mon, 22 Mar 2021 23:52:16 GMT"
S3A_OL_2_WFR____20191116T064550_20191116T064850_20191130T061449_0179_051_291_2520_MAR_O_NT_002.SEN3,chl_oc4me.nc,3232819,52d86ee9460b8aff763a706a7da5429f9b4e154ce8518939271d69c40f0c40ba,9f8bdda1c1bf46102de10558d68a00ee,"Mon, 22 Mar 2021 23:50:07 GMT"
S3A_OL_2_WFR____20191116T064550_20191116T064850_20191130T061449_0179_051_291_2520_MAR_O_NT_002.SEN3,geo_coordinates.nc,59380826,970ebe98def09eff161121b35a2c1194c3433dbba5bc7dcba53236b207c66b0e,4a3e0546cdf2a2b7a0fc067a32d81257-8,"Mon, 22 Mar 2021 23:50:07 GMT"
S3A_OL_2_WFR____20191116T064550_20191116T064850_20191130T061449_0179_051_291_2520_MAR_O_NT_002.SEN3,tie_geo_coordinates.nc,1138897,fdcce6ce914469da6831792406dcf55fb0f152e2c20bb4e59579c6f1b5a32f06,ce0ef294ecaf493a6511c26e5bb51372,"Mon, 22 Mar 2021 23:50:07 GMT"
S3A_OL_2_WFR____20191116T064550_20191116T064850_20191130T061449_0179_051_291_2520_MAR_O_NT_002.SEN3,wqsf.nc,4422602,e6da0a911622f121ac90c540ec16444aec5d55e73ce176093a012327cff9535e,8aaf683a791f73da4f6523b49b6e61c0,"Mon, 22 Mar 2021 23:50:07 GMT"
S3A_OL_2_WFR____20191117T061939_20191117T062239_20191201T011306_0179_051_305_2520_MAR_O_NT_002.SEN3,chl_oc4me.nc,6265255,9c8372ab5bb9282e2dc3838e6f80526d18baa9432cb9d2ca1c28035ec3b69919,ad021cf67d88c6c0607f21671ac7552a,"Tue, 06 Apr 2021 15:31:56 GMT"
S3A_OL_2_WFR____20191117T061939_20191117T062239_20191201T011306_0179_051_305_2520_MAR_O_NT_002.SEN3,geo_coordinates.nc,59830516,70111eed8e499618fb58b8483e0c18f0b0052e7a122577bdec779dc02b55f000,f15a0ec66c21532c98749af715377ffd-8,"Tue, 06 Apr 2021 15:31:56 GMT"
S3A_OL_2_WFR____20191117T061939_20191117T062239_20191201T011306_0179_051_305_2520_MAR_O_NT_002.SEN3,tie_geo_coordinates.nc,1137784,c74400b656ba24c9cb76926d743b13c46235f4f0cf7b8700b642eb6e3fa959b4,41983833b3b0dcc4a14672b6f0b7051c,"Tue, 06 Apr 2021 15:31:57 GMT"
S3A_OL_2_WFR____20191117T061939_20191117T062239_20191201T011306_0179_051_305_2520_MAR_O_NT_002.SEN3,wqsf.nc,7397559,a682ad7753b0e36c7ae4fdbfc61db4628d5f5af42bf9ff6d88c6031598685669,4a1235f44ab736d7deb6449423fc380d,"Tue, 06 Apr 2021 15:31:56 GMT"
S3A_OL_2_WFR____20191121T061554_20191121T061854_20191204T042925_0180_051_362_2520_MAR_O_NT_002.SEN3,chl_oc4me.nc,4802995,741f15b58dca47e0c2cf8ea645377f85812e457e560226dd8a5d176809c62de7,af7dca335e322b9f649ac4b17f3828f0,"Mon, 22 Mar 2021 23:47:08 GMT"
S3A_OL_2_WFR____20191121T061554_20191121T061854_20191204T042925_0180_051_362_2520_MAR_O_NT_002.SEN3,geo_coordinates.nc,59655299,94ee064e639ab7d44206eb2800b5a98e0a86e700e53866b1370250b8075dc3a9,c12fa355267676f3f9dd884f1aae6754-8,"Mon, 22 Mar 2021 23:47:10 GMT"
S3A_OL_2_WFR____20191121T061554_20191121T061854_20191204T042925_0180_051_362_2520_MAR_O_NT_002.SEN3,tie_geo_coordinates.nc,1136783,1b0240f6bb19d61a446858094f80e4caf081da25864826ca9bc34b45d3dc5872,9af7dfb2e7d4b65a3fd9073fcc25735d,"Mon, 22 Mar 2021 23:47:08 GMT"
S3A_OL_2_WFR____20191121T061554_20191121T061854_20191204T042925_0180_051_362_2520_MAR_O_NT_002.SEN3,wqsf.nc,6943096,e970d09f1f9a919e9e20eeca5a9157cb4a2cd31e4d6a6486058183171510ba3f,7ae371e93d44fb00b533c340dfb4d899,"Mon, 22 Mar 2021 23:47:08 GMT"
S3A_OL_2_WFR____20191124T063820_20191124T064120_20191206T140450_0179_052_020_2520_MAR_O_NT_002.SEN3,chl_oc4me.nc,4652804,597029956bf306038a27b50f01176613530c93b7487fa2422bcebe28b3d2a4fe,87e67a249c58b914afb4e46d04e7aead,"Mon, 22 Mar 2021 23:44:47 GMT"
S3A_OL_2_WFR____20191124T063820_20191124T064120_20191206T140450_0179_052_020_2520_MAR_O_NT_002.SEN3,geo_coordinates.nc,59758281,bf8ee4d3374faf9a0a306881a8d21ea7f8503658baef5be4a2c0c6bb4807b3a0,9fc4e19fac0e204836293f94940397ea-8,"Mon, 22 Mar 2021 23:44:47 GMT"
S3A_OL_2_WFR____20191124T063820_20191124T064120_20191206T140450_0179_052_020_2520_MAR_O_NT_002.SEN3,tie_geo_coordinates.nc,1137684,32b87ba4c8af8c22d8ff058392122a9f3f6d226c6914ee42ee7f57002f783aeb,e42582bb369660c30c0c8255a9b5e420,"Mon, 22 Mar 2021 23:44:47 GMT"
S3A_OL_2_WFR____20191124T063820_20191124T064120_20191206T140450_0179_052_020_2520_MAR_O_NT_002.SEN3,wqsf.nc,5621057,da04f589b53dd18230c75a89fc6d54294daa9fdc39da00794f5b94b4d0076c0b,a0750206eb300a0ee5b358e89b0bfea6,"Mon, 22 Mar 2021 23:44:47 GMT"
S3A_OL_2_WFR____20191128T063435_20191128T063735_20191209T185108_0179_052_077_2520_MAR_O_NT_002.SEN3,chl_oc4me.nc,4522123,cb11bd80b54ec48007d64783a06d89416b2a7d3a72df70e738819936f3b77483,e1d49139b46bcd49b8b4107ad8c18b66,"Tue, 06 Apr 2021 15:30:37 GMT"
S3A_OL_2_WFR____20191128T063435_20191128T063735_20191209T185108_0179_052_077_2520_MAR_O_NT_002.SEN3,geo_coordinates.nc,59921061,0febdf351e788dcd133d9b32507698b8b99009ba05801d1a86160882a59dca7d,c4fc7fd757559c15ba24531cee697901-8,"Tue, 06 Apr 2021 15:30:37 GMT"
S3A_OL_2_WFR____20191128T063435_20191128T063735_20191209T185108_0179_052_077_2520_MAR_O_NT_002.SEN3,tie_geo_coordinates.nc,1138293,0a3d1caab4678fd2892a108b2054d82cfb795eb1d811f8323af136a901532e41,8c42d0d94a843336dbf7bc26f2994405,"Tue, 06 Apr 2021 15:30:37 GMT"
S3A_OL_2_WFR____20191128T063435_20191128T063735_20191209T185108_0179_052_077_2520_MAR_O_NT_002.SEN3,wqsf.nc,4799875,7b5b38b7f2e22ea30af4ddd0267f7e8c79bdc51cde3b25fad3716a19d988c2eb,591e725d96b904e8b3f04c439ee3b9b3,"Tue, 06 Apr 2021 15:30:37 GMT"
S3A_OL_2_WFR____20191129T060824_20191129T061124_20191210T153618_0179_052_091_2520_MAR_O_NT_002.SEN3,chl_oc4me.nc,8494517,82f73dd92de8f2173c4be6f13938b3080dad813bbb97a02f252a1754d0aeddc1,c1cea1506c6882226905fba0d9b4f840-2,"Mon, 22 Mar 2021 23:42:22 GMT"
S3A_OL_2_WFR____20191129T060824_20191129T061124_20191210T153618_0179_052_091_2520_MAR_O_NT_002.SEN3,geo_coordinates.nc,59174790,5525119f91587c448936ef1cd4191b5ce251750c4923bdba53c44b2492799106,5bf1e7be673348eaf3fee9f92b0cc0b7-8,"Mon, 22 Mar 2021 23:42:22 GMT"
S3A_OL_2_WFR____20191129T060824_20191129T061124_20191210T153618_0179_052_091_2520_MAR_O_NT_002.SEN3,tie_geo_coordinates.nc,1134415,6158c59f2587ea920d767a4481e2b2d6a5bf5eb583cd9604db80082a428808de,c08b988562d303bbbb018a94de493ba1,"Mon, 22 Mar 2021 23:42:22 GMT"
S3A_OL_2_WFR____20191129T060824_20191129T061124_20191210T153618_0179_052_091_2520_MAR_O_NT_002.SEN3,wqsf.nc,7975375,5309fd43fd636d81bf4db5e35cdb9bc2763d26d0651cd4ea07d0091eb4f11aed,c99da2f28c66d3481f6c938d4adb9f1c,"Mon, 22 Mar 2021 23:42:22 GMT"
S3A_OL_2_WFR____20191201T065701_20191201T070001_20191212T023038_0179_052_120_2520_MAR_O_NT_002.SEN3,tie_geo_coordinates.nc,1140499,f4a123e4788be3b7720feeed724d224ad73e7f0f6d3220bc3a4842c4a68aa786,4e2879610a45e968598596cfb082fd19,"Mon, 22 Mar 2021 23:41:19 GMT"
S3A_OL_2_WFR____20191203T060439_20191203T060739_20191213T162427_0179_052_148_2520_MAR_O_NT_002.SEN3,chl_oc4me.nc,8939627,af431c822d09edcb355a434e637dba651af04ef855dfda6611a7b5a674061d7e,21b7e45484e7b2ec078c2b1c0240148c-2,"Mon, 22 Mar 2021 23:40:16 GMT"
S3A_OL_2_WFR____20191203T060439_20191203T060739_20191213T162427_0179_052_148_2520_MAR_O_NT_002.SEN3,geo_coordinates.nc,58978653,f15e420c1c7cf6d8fded1d6b673748ad48848ebdfbb3965b1de825893ba20204,7e0190c28f5c4aa51a6bb7e11708fa28-8,"Mon, 22 Mar 2021 23:40:16 GMT"
S3A_OL_2_WFR____20191203T060439_20191203T060739_20191213T162427_0179_052_148_2520_MAR_O_NT_002.SEN3,tie_geo_coordinates.nc,1130624,0982d023112aa6e3bc3cbbfa9cf9cedb625a5066e7c834da1f3d43d45bc60d4a,77b6bf860b62ba0e61af16705bebdd03,"Mon, 22 Mar 2021 23:40:16 GMT"
S3A_OL_2_WFR____20191203T060439_20191203T060739_20191213T162427_0179_052_148_2520_MAR_O_NT_002.SEN3,wqsf.nc,10063487,041dce174ac349b7ef38902ad3b0151dd76de7f348d4e1eafea959c25d1c61c7,d88093d081f5a58e1c6f7b20b864b645-2,"Mon, 22 Mar 2021 23:40:16 GMT"
S3A_OL_2_WFR____20191205T065316_20191205T065616_20191215T073057_0179_052_177_2520_MAR_O_NT_002.SEN3,chl_oc4me.nc,3367867,2c5eb0892f592ba770ea9d9b0dd473cec285c18631c921ac1465db1614b5429b,4583898c54193f8acd4c2cee6de8c90c,"Mon, 22 Mar 2021 23:38:27 GMT"
S3A_OL_2_WFR____20191205T065316_20191205T065616_20191215T073057_0179_052_177_2520_MAR_O_NT_002.SEN3,geo_coordinates.nc,59145147,82b0e3cf390eb948fc77ac84ef8ab9b75f2102c74f60fb174278a1b26ef06e76,7f87501e988b4a622d3b346142f889a3-8,"Mon, 22 Mar 2021 23:38:27 GMT"
S3A_OL_2_WFR____20191205T065316_20191205T065616_20191215T073057_0179_052_177_2520_MAR_O_NT_002.SEN3,tie_geo_coordinates.nc,1135332,560199b833f7cc02d6e2b5a973d8b9eada31c20d8da473b2af47963c93afff07,0f395e427e88a6a0fcca5da8c8c15c15,"Mon, 22 Mar 2021 23:38:27 GMT"
S3A_OL_2_WFR____20191205T065316_20191205T065616_20191215T073057_0179_052_177_2520_MAR_O_NT_002.SEN3,wqsf.nc,3562182,d12ecb7b8cee03c844ba6d67182718cf43c2f67ea17747e690f7f4f19f254a34,700319e4e6f308180ff71275f6cb8e9c,"Mon, 22 Mar 2021 23:38:27 GMT"
S3A_OL_2_WFR____20191206T062705_20191206T063005_20191216T024216_0179_052_191_2520_MAR_O_NT_002.SEN3,chl_oc4me.nc,5676939,5cdf29c4d22c3023f356892bd796de8d9cdc03a7c8e2a3fb0f84582c3ed6a12b,d8d2b273aa5c5f00a13c3806750d19fe,"Thu, 25 Mar 2021 11:49:06 GMT"
S3A_OL_2_WFR____20191206T062705_20191206T063005_20191216T024216_0179_052_191_2520_MAR_O_NT_002.SEN3,geo_coordinates.nc,59993602,3d2e3b802cdd8cdb09baa4cb6e1e1d11b642428b81dda95595d02a686ffae882,12bdaec3df7343c21e6b7aeae7f30234-8,"Thu, 25 Mar 2021 11:49:06 GMT"
S3A_OL_2_WFR____20191206T062705_20191206T063005_20191216T024216_0179_052_191_2520_MAR_O_NT_002.SEN3,tie_geo_coordinates.nc,1136278,da60a84d69eba0c0e0c000ef38ecc0493a26df7d91b8e13cbac7fd680dafcd92,37e408aeab8d9d0bcce8d5b872cdf359,"Thu, 25 Mar 2021 11:49:06 GMT"
S3A_OL_2_WFR____20191206T062705_20191206T063005_20191216T024216_0179_052_191_2520_MAR_O_NT_002.SEN3,wqsf.nc,6024161,e0753e845b4e719352556767cc37393812e3374fe3d37065d3d9a9dbfd29fac0,c01b4016aad07e7ccaaac9f560192582,"Thu, 25 Mar 2021 11:49:06 GMT"
S3A_OL_2_WFR____20191207T060054_20191207T060354_20191216T213011_0179_052_205_2520_MAR_O_NT_002.SEN3,chl_oc4me.nc,6803998,0fb5dbb86cf68d7ca7f48b66cba20e7ab71f98af889a65c581a069e162d8cfc3,f658453fcadb8ceb13311d531d7c2a99,"Mon, 22 Mar 2021 23:37:44 GMT"
S3A_OL_2_WFR____20191207T060054_20191207T060354_20191216T213011_0179_052_205_2520_MAR_O_NT_002.SEN3,geo_coordinates.nc,58813789,b676ea719ac1d9ac1e54e397fd8f83fb4246884aac7e4314ac5abae75e2defc1,6e934672a2e4dba5691fb063fbee2275-8,"Mon, 22 Mar 2021 23:37:44 GMT"
S3A_OL_2_WFR____20191207T060054_20191207T060354_20191216T213011_0179_052_205_2520_MAR_O_NT_002.SEN3,tie_geo_coordinates.nc,1135988,f6a4e636cb89c668516bc198fbd07b1628fbaf6df81a97daa5d9ce2bc7a3071d,551984045861b85b5a7d306df3184217,"Mon, 22 Mar 2021 23:37:44 GMT"
S3A_OL_2_WFR____20191207T060054_20191207T060354_20191216T213011_0179_052_205_2520_MAR_O_NT_002.SEN3,wqsf.nc,9482206,f03a62351cd87ad26307967f27c4bf2ca7571558f7df447c4b22d10a34edf8c9,d3b8cf1c37cf69e81db7ebafbcd545ff-2,"Mon, 22 Mar 2021 23:37:44 GMT"
S3A_OL_2_WFR____20191209T064931_20191209T065231_20191218T122134_0179_052_234_2520_MAR_O_NT_002.SEN3,chl_oc4me.nc,2801148,ecbd0c75fef6d0d4dec8a17d31862b59c933109fdc55590970ced5f76228e1ef,04ef837f85b872c47c00fd8890b6e33f,"Mon, 22 Mar 2021 23:35:50 GMT"
S3A_OL_2_WFR____20191209T064931_20191209T065231_20191218T122134_0179_052_234_2520_MAR_O_NT_002.SEN3,geo_coordinates.nc,59194561,813818242ecb1113d1b2f02399218ced11135473a6e6a21f4c9611465c4189a2,f6e435e4be7d07fdb6ac4c1bf9056223-8,"Mon, 22 Mar 2021 23:35:49 GMT"
S3A_OL_2_WFR____20191209T064931_20191209T065231_20191218T122134_0179_052_234_2520_MAR_O_NT_002.SEN3,tie_geo_coordinates.nc,1142342,ebd557f58d92877e589354f62cc37f2a6514a7f14cf643da7aee8ac4d6846816,2a850bc777664fb3f1795e3670034605,"Mon, 22 Mar 2021 23:35:49 GMT"
S3A_OL_2_WFR____20191209T064931_20191209T065231_20191218T122134_0179_052_234_2520_MAR_O_NT_002.SEN3,wqsf.nc,4528030,8a8c446057a55374a3667fdf46b7eb3c85bd4b83d87dfb8be926a61809003ac2,b1486408fc828ed1a0e8a57e933d3aa7,"Mon, 22 Mar 2021 23:35:49 GMT"
S3A_OL_2_WFR____20191210T062320_20191210T062620_20191219T061741_0179_052_248_2520_MAR_O_NT_002.SEN3,chl_oc4me.nc,3006682,0e5d7d4e7d95a94e8e9554bab538411ba836a03b6961a664eeb4e040d7e64932,48ee8fa91949ec9b1fd794d0a48202dc,"Tue, 06 Apr 2021 15:29:06 GMT"
S3A_OL_2_WFR____20191210T062320_20191210T062620_20191219T061741_0179_052_248_2520_MAR_O_NT_002.SEN3,geo_coordinates.nc,59952802,7be41a476f056058a01eeb2cf7f7abc61005ad7bbb1cc6cc4dc0ac4ca8d128ce,13e4850745a7eb717b1f1e2fd93a7b73-8,"Tue, 06 Apr 2021 15:29:06 GMT"
S3A_OL_2_WFR____20191210T062320_20191210T062620_20191219T061741_0179_052_248_2520_MAR_O_NT_002.SEN3,tie_geo_coordinates.nc,1138155,df62f684d2bb957c16990ebbe4ea8bdcec0599dabc1e53bd2a20759ea39c35d8,86e65184226de432bcc9bccfa75d4062,"Tue, 06 Apr 2021 15:29:06 GMT"
S3A_OL_2_WFR____20191210T062320_20191210T062620_20191219T061741_0179_052_248_2520_MAR_O_NT_002.SEN3,wqsf.nc,4074938,a8e2b6b1af1ae000626d0d1b75005822fa398774dac22b7280646356378460f0,74d1655aee1f86041744753789c75085,"Tue, 06 Apr 2021 15:29:06 GMT"
S3A_OL_2_WFR____20191211T055709_20191211T060009_20191220T010752_0180_052_262_2520_MAR_O_NT_002.SEN3,chl_oc4me.nc,8256473,751ebd7e62e5387290976b4981d6b9b8696a4702fb2ef6557d59697536c511e1,031b4f068e19bf8c64b83943a106b325,"Mon, 22 Mar 2021 23:35:03 GMT"
S3A_OL_2_WFR____20191211T055709_20191211T060009_20191220T010752_0180_052_262_2520_MAR_O_NT_002.SEN3,geo_coordinates.nc,58544912,b17c86aaa9e6c22efc05d4c1877c6158826fef1a609764d7ddfd0b0bbc461788,9d6e23411bf07b3c62efa89226eb3637-7,"Mon, 22 Mar 2021 23:35:03 GMT"
S3A_OL_2_WFR____20191211T055709_20191211T060009_20191220T010752_0180_052_262_2520_MAR_O_NT_002.SEN3,tie_geo_coordinates.nc,1136038,d4ef4375290d83efd31302f7ac6c4e640f0411aa3c3daa4bde8605298cd7be73,e58210cbe8bd23c2d7e58f1b815acc0e,"Mon, 22 Mar 2021 23:35:03 GMT"
S3A_OL_2_WFR____20191211T055709_20191211T060009_20191220T010752_0180_052_262_2520_MAR_O_NT_002.SEN3,wqsf.nc,7926933,3d5db6c41eabbd4d2d942b5709ea994a22665107cc9756bf0754e327ab23cdeb,8a5ac8edcb6cbe312e994f479f5c9f63,"Mon, 22 Mar 2021 23:35:03 GMT"
S3A_OL_2_WFR____20191213T064547_20191213T064847_20191221T153327_0179_052_291_2520_MAR_O_NT_002.SEN3,chl_oc4me.nc,1226964,4413ad84710094f4baa36fae8efa539bbd5b74ccd6ce8742695446a4618f71bd,f86fb873982b789badd9de695505cd35,"Mon, 22 Mar 2021 23:33:08 GMT"
S3A_OL_2_WFR____20191213T064547_20191213T064847_20191221T153327_0179_052_291_2520_MAR_O_NT_002.SEN3,geo_coordinates.nc,59395863,bbc48d4949ba833a78ee058e48263d30858d10f1f6f245b642c33c46195dd31b,f535552efb380a4c8167c3abcb1e3658-8,"Mon, 22 Mar 2021 23:33:08 GMT"
S3A_OL_2_WFR____20191213T064547_20191213T064847_20191221T153327_0179_052_291_2520_MAR_O_NT_002.SEN3,tie_geo_coordinates.nc,1138005,f2652d9645fc559e47d75f97e2297aa0aefe13bb6530ad1193968d9d684729e2,5453998ebf1f7862b6bdb1a8438b941c,"Mon, 22 Mar 2021 23:33:08 GMT"
S3A_OL_2_WFR____20191213T064547_20191213T064847_20191221T153327_0179_052_291_2520_MAR_O_NT_002.SEN3,wqsf.nc,3497550,5c1fc0cc1079422cab9f99c1d3a2a08749968c5d97fd19c1c90267b4412973a4,b32059cb92d5cedd7db6ff082da8fc36,"Mon, 22 Mar 2021 23:33:08 GMT"
S3A_OL_2_WFR____20191214T061936_20191214T062236_20191222T103509_0179_052_305_2520_MAR_O_NT_002.SEN3,chl_oc4me.nc,6582122,d64350c5aa31defce23aa5290dd4dadd0b196af1c36ebc89563e45ebcf625aef,87b171f6aa76ae91ceca3312c0ad8b3e,"Thu, 25 Mar 2021 11:46:13 GMT"
S3A_OL_2_WFR____20191214T061936_20191214T062236_20191222T103509_0179_052_305_2520_MAR_O_NT_002.SEN3,geo_coordinates.nc,59847559,74ed21976a1257fbef3f57df56bb2e525a4c4c9d40deaf419234719d518c3a6e,dd0b2075013987358590460984d12a90-8,"Thu, 25 Mar 2021 11:46:14 GMT"
S3A_OL_2_WFR____20191214T061936_20191214T062236_20191222T103509_0179_052_305_2520_MAR_O_NT_002.SEN3,tie_geo_coordinates.nc,1136578,fa1c250db14061c60aa85b9963b3a898106b802393566379d0b8e2a2ccd0e3e0,aed979dc69d17727e29e134d4126f6d0,"Thu, 25 Mar 2021 11:46:13 GMT"
S3A_OL_2_WFR____20191214T061936_20191214T062236_20191222T103509_0179_052_305_2520_MAR_O_NT_002.SEN3,wqsf.nc,6805758,2d84c6819b6a788725a48ea2fe5c34f2f4d8a9d0b9e59d02295d938f07487ac6,1f62db843d136fd50b50deed0b2e430e,"Thu, 25 Mar 2021 11:46:14 GMT"
S3A_OL_2_WFR____20191217T064203_20191217T064503_20191224T210225_0179_052_348_2520_MAR_O_NT_002.SEN3,chl_oc4me.nc,965252,9a840db2c22eca5e977fc61d6567091ffde5ca242c8c2f35b5a02554763f8ca5,ede2c38eb01eb6881cf8727fa8a11a69,"Thu, 25 Mar 2021 11:45:21 GMT"
S3A_OL_2_WFR____20191217T064203_20191217T064503_20191224T210225_0179_052_348_2520_MAR_O_NT_002.SEN3,geo_coordinates.nc,59552535,022635782bdd2ba301311f0b2809e5241bc6d5c433f7e27ce82f8c1efa059fff,2e86681c316b199eb2b9ad21c20f02a0-8,"Thu, 25 Mar 2021 11:45:21 GMT"
S3A_OL_2_WFR____20191217T064203_20191217T064503_20191224T210225_0179_052_348_2520_MAR_O_NT_002.SEN3,tie_geo_coordinates.nc,1139379,cf8b7b1eb185fa95de83c0a8fef3475c81180be0a0dd26000501792ea6a30c37,f1f35bcdb57a473285b69499f9d16dc2,"Thu, 25 Mar 2021 11:45:21 GMT"
S3A_OL_2_WFR____20191217T064203_20191217T064503_20191224T210225_0179_052_348_2520_MAR_O_NT_002.SEN3,wqsf.nc,3294692,fec78aec61bef4aa3d540df052304508f40549856c9a21565fb26efe30d60ef5,e9c2ea2f2ec054e76f338ff34eeeba23,"Thu, 25 Mar 2021 11:45:21 GMT"
S3A_OL_2_WFR____20191218T061552_20191218T061852_20191225T155525_0179_052_362_2520_MAR_O_NT_002.SEN3,chl_oc4me.nc,5408572,66378ecbbea8c93fcce72c467416819d03fd9ae9180c96ebce3aba4589278d3b,bf1bdded332c588a32adfd1b15522e11,"Mon, 22 Mar 2021 23:30:47 GMT"
S3A_OL_2_WFR____20191218T061552_20191218T061852_20191225T155525_0179_052_362_2520_MAR_O_NT_002.SEN3,geo_coordinates.nc,59633548,2d686788ee0e94baf744bfb381c7fcbe709e909f4c79f1ee4ca004c0247b7a4b,df00ab5be27a6389fa273ee51936028f-8,"Mon, 22 Mar 2021 23:30:47 GMT"
S3A_OL_2_WFR____20191218T061552_20191218T061852_20191225T155525_0179_052_362_2520_MAR_O_NT_002.SEN3,tie_geo_coordinates.nc,1136045,bf549f23af3766d266d024e1cc03eacf4483ac70a73c628bad0a4ba5bcff1728,df4a335d42d23a1f9247c9a8e054b581,"Mon, 22 Mar 2021 23:30:47 GMT"
S3A_OL_2_WFR____20191218T061552_20191218T061852_20191225T155525_0179_052_362_2520_MAR_O_NT_002.SEN3,wqsf.nc,6795924,16dc2af24d2123f1c5924ea7b534932dfc9b10c05a28f65ce33377a2bad12085,e5d7e785f648632ac8ad20408868af9d,"Mon, 22 Mar 2021 23:30:47 GMT"
S3A_OL_2_WFR____20191221T063819_20191221T064119_20191228T002839_0179_053_020_2520_MAR_O_NT_002.SEN3,chl_oc4me.nc,4667175,32f4ba39c9ff4073a07c1b890ee933f4e13ced6f59fc94bd7dcb7e12fbad190f,16d3723ed881deb231dfec342fdf3798,"Tue, 06 Apr 2021 15:28:04 GMT"
S3A_OL_2_WFR____20191221T063819_20191221T064119_20191228T002839_0179_053_020_2520_MAR_O_NT_002.SEN3,geo_coordinates.nc,59755772,56c9229514e7adeebba9dd28e81ef3e3ebba6db7ea38de661dd84b31a9e279f2,aaaa9ef7941f854743d2779c20494c06-8,"Tue, 06 Apr 2021 15:28:03 GMT"
S3A_OL_2_WFR____20191221T063819_20191221T064119_20191228T002839_0179_053_020_2520_MAR_O_NT_002.SEN3,tie_geo_coordinates.nc,1137064,741f21a9de872b3450a194232680bc851ad40d79a053d45278b00bb7fce0f00e,8c77bd4fa1ced28c67cc73168bc98541,"Tue, 06 Apr 2021 15:28:03 GMT"
S3A_OL_2_WFR____20191221T063819_20191221T064119_20191228T002839_0179_053_020_2520_MAR_O_NT_002.SEN3,wqsf.nc,5168171,242824d434bbe007fe5f9f7cee6d3b671d79717ae92c139b96d2bf5afd2fe4a1,bd45e76676e2085feea2b4d794ac59b3,"Tue, 06 Apr 2021 15:28:04 GMT"
S3A_OL_2_WFR____20191222T061208_20191222T061508_20191228T183706_0179_053_034_2520_MAR_O_NT_002.SEN3,chl_oc4me.nc,8087623,a7f0631d7fa600fdd00669d7672c80869fcbca7f2e59da987756ae0963af4f2a,5fd48225f87bd904bd2aab8ca801b947,"Mon, 22 Mar 2021 23:27:51 GMT"
S3A_OL_2_WFR____20191222T061208_20191222T061508_20191228T183706_0179_053_034_2520_MAR_O_NT_002.SEN3,geo_coordinates.nc,59385831,911b16f8382ba2c854205c0dd8d312e9ff4b59c7ae8ea88bc801ad746306bb4a,6c477abac54025f7d332d1dc7ec11c0d-8,"Mon, 22 Mar 2021 23:27:50 GMT"
S3A_OL_2_WFR____20191222T061208_20191222T061508_20191228T183706_0179_053_034_2520_MAR_O_NT_002.SEN3,tie_geo_coordinates.nc,1129660,93e999d9abbd05bdfc84a23759e43ec78fbb3e083e78b9da66409190772dad67,04d50a5fbe04d7182734f67fbbd7775d,"Mon, 22 Mar 2021 23:27:50 GMT"
S3A_OL_2_WFR____20191222T061208_20191222T061508_20191228T183706_0179_053_034_2520_MAR_O_NT_002.SEN3,wqsf.nc,7956365,44a43ad7e83b706cf489aefd4d569d08a5b6d3f7988a7d7fdeec151f78a106b6,f8730e94aae64a7adbd28d74cdbc99d3,"Mon, 22 Mar 2021 23:27:51 GMT"
S3A_OL_2_WFR____20191225T063435_20191225T063735_20191231T045828_0179_053_077_2520_MAR_O_NT_002.SEN3,chl_oc4me.nc,5002151,a2667a256d190ab5af2a5291e299f4fb503a9017cee23bc37fed2383635b7c0f,8620ba307a5c539b4a5a8f98eb440b25,"Mon, 22 Mar 2021 23:25:51 GMT"
S3A_OL_2_WFR____20191225T063435_20191225T063735_20191231T045828_0179_053_077_2520_MAR_O_NT_002.SEN3,geo_coordinates.nc,59925487,b30c31d512d22763b8bcd2a206aeb02fdade2048866bde0a492663764666eb0c,0f441aaeed2ce83efe208352f61f38ec-8,"Mon, 22 Mar 2021 23:25:51 GMT"
S3A_OL_2_WFR____20191225T063435_20191225T063735_20191231T045828_0179_053_077_2520_MAR_O_NT_002.SEN3,tie_geo_coordinates.nc,1135581,d802a9a9fadee85a15f517341a997ef63d47e97b7eea0de1119cb3858a436745,f65311b08e05d7fca3866af5acf77fc3,"Mon, 22 Mar 2021 23:25:50 GMT"
S3A_OL_2_WFR____20191225T063435_20191225T063735_20191231T045828_0179_053_077_2520_MAR_O_NT_002.SEN3,wqsf.nc,5167694,2c57df371e6b3d0274a4dce124936d4013ff350646ee42f0f493103a274da148,4f04f9abd3b0a6aa521097a861d1189e,"Mon, 22 Mar 2021 23:25:51 GMT"
S3A_OL_2_WFR____20191226T060825_20191226T061125_20191231T231259_0179_053_091_2520_MAR_O_NT_002.SEN3,chl_oc4me.nc,8452925,fbc879e9aa5acfef3e508ff2fc6a22a25c30599f403414c32d6419b08b7da777,b003bb952d5d1dfe2e031755dff31c80-2,"Thu, 25 Mar 2021 11:43:14 GMT"
S3A_OL_2_WFR____20191226T060825_20191226T061125_20191231T231259_0179_053_091_2520_MAR_O_NT_002.SEN3,geo_coordinates.nc,59188854,c2e3c9a78ffa2f9e35789f665a44f952fc0356e43176803877025bbd969655be,9676f1213c8fcce298d56861f7ae5e11-8,"Thu, 25 Mar 2021 11:43:13 GMT"
S3A_OL_2_WFR____20191226T060825_20191226T061125_20191231T231259_0179_053_091_2520_MAR_O_NT_002.SEN3,tie_geo_coordinates.nc,1134869,6949eebbf0ee92296d184b56943ff66063094e34e387e993796dfffa0a7b0262,eef40796fdc0559fdc9d6113702ffbe9,"Thu, 25 Mar 2021 11:43:14 GMT"
S3A_OL_2_WFR____20191226T060825_20191226T061125_20191231T231259_0179_053_091_2520_MAR_O_NT_002.SEN3,wqsf.nc,7971081,d222a6d75f1878c7bb19d4df51083b0e4d9f9a3de4ca7cef81267ab021b1e46a,4ef965b8e06ce3d8fdbae97220d8993a,"Thu, 25 Mar 2021 11:43:14 GMT"
S3A_OL_2_WFR____20191228T065702_20191228T070002_20200102T124559_0179_053_120_2520_MAR_O_NT_002.SEN3,tie_geo_coordinates.nc,1137420,919fc628abf551d816b7840f3b72beb89b4d85e2913c0a040a1a6616ae07f60e,0dc47ef08ffbd5492cfdd73151c8f922,"Mon, 22 Mar 2021 23:23:52 GMT"
S3A_OL_2_WFR____20191229T063052_20191229T063352_20200103T075203_0179_053_134_2520_MAR_O_NT_002.SEN3,chl_oc4me.nc,5114313,96da0c9542dd5815a4858a2bd73d07ab5f38d4a7079a63301667b45539c9c67a,e4e74c573497e5ac696204b511784f6f,"Thu, 25 Mar 2021 11:42:02 GMT"
S3A_OL_2_WFR____20191229T063052_20191229T063352_20200103T075203_0179_053_134_2520_MAR_O_NT_002.SEN3,geo_coordinates.nc,59965907,69cd8715b04bf77aeccbf5a4956e109ce9057dbc487bf587a7770976454d8656,32993ff18ede1d0db138704dae4599de-8,"Thu, 25 Mar 2021 11:42:02 GMT"
S3A_OL_2_WFR____20191229T063052_20191229T063352_20200103T075203_0179_053_134_2520_MAR_O_NT_002.SEN3,tie_geo_coordinates.nc,1135418,f1cef7d2dc29ceb6342914d8ed0a6935791ba53da4da3529a5e0929b8e9ffacc,35cc82cb1b66837262cf4df833fe4bad,"Thu, 25 Mar 2021 11:42:02 GMT"
S3A_OL_2_WFR____20191229T063052_20191229T063352_20200103T075203_0179_053_134_2520_MAR_O_NT_002.SEN3,wqsf.nc,5410538,fad7677d54844d705a78ab8a2df2b0940ac6f529e1525ecc1305dee84917a35c,0893941eded5ac63e8c8d23af8efa1c5,"Thu, 25 Mar 2021 11:42:02 GMT"
S3A_OL_2_WFR____20191230T060441_20191230T060741_20200104T031641_0179_053_148_2520_MAR_O_NT_002.SEN3,chl_oc4me.nc,8344364,fda1dcd1c43a63e2ff7a58d446b8cb71a9b08e50e8e792025c87f36dca9ddde5,5f53b6fe125eca12ce90d5cd6aea21e9,"Mon, 22 Mar 2021 23:23:11 GMT"
S3A_OL_2_WFR____20191230T060441_20191230T060741_20200104T031641_0179_053_148_2520_MAR_O_NT_002.SEN3,geo_coordinates.nc,59015975,1d88d1f66fe76a29eb72c91b513353c485728e5f0617a409eafab5ef08bf75d0,9afe821e444008b8d0dcb4bf0c82348e-8,"Mon, 22 Mar 2021 23:23:11 GMT"
S3A_OL_2_WFR____20191230T060441_20191230T060741_20200104T031641_0179_053_148_2520_MAR_O_NT_002.SEN3,tie_geo_coordinates.nc,1132065,654163d63e1fa72846b0ba762678c2f8cafb9faee5fbd9ba7520cd6b025c18b5,477204709ea6911e9d7b441e19d98df7,"Mon, 22 Mar 2021 23:23:11 GMT"
S3A_OL_2_WFR____20191230T060441_20191230T060741_20200104T031641_0179_053_148_2520_MAR_O_NT_002.SEN3,wqsf.nc,9112622,094b7f83cde6d483dddbb4d47b6e7829076bf5c73109aac119dcbd4393e12316,3541291573ce72abc0926a055cab3570-2,"Mon, 22 Mar 2021 23:23:11 GMT"
S3B_OL_2_WFR____20190320T065500_20190320T065800_20190321T133139_0179_023_177_2520_MAR_O_NT_002.SEN3,tie_geo_coordinates.nc,1140247,41cc267d41603f49990fd387bac1706b87ec8a7e77161e77d60dcdf4bbc2f563,67968edcc59acea77bf98d571945df74,"Wed, 24 Mar 2021 12:22:14 GMT"
S3B_OL_2_WFR____20190321T062849_20190321T063149_20190322T152207_0179_023_191_2520_MAR_O_NT_002.SEN3,chl_oc4me.nc,1465156,af87f7f3ef37e4c460c3ad85fb86ca2ff99fba814831adfb67954181b4f6532f,a7c8fe0cba2f5bf5729bea6fefe537e4,"Tue, 23 Mar 2021 02:16:03 GMT"
S3B_OL_2_WFR____20190321T062849_20190321T063149_20190322T152207_0179_023_191_2520_MAR_O_NT_002.SEN3,geo_coordinates.nc,60467129,bf97254d74baf8b74da7a0419083564a3f6a47bd8b8f91b1753247c64d92fd8c,be2bbf7f23ce77ad45ef3c7cef1fd2d9-8,"Tue, 23 Mar 2021 02:16:03 GMT"
S3B_OL_2_WFR____20190321T062849_20190321T063149_20190322T152207_0179_023_191_2520_MAR_O_NT_002.SEN3,tie_geo_coordinates.nc,1137772,456c7003194069a22e4c12a3f45c4fdc38fa7d29b13960585fbd79e3e489ec1a,d86357fa3cf8d21b23f7964af8b8632c,"Tue, 23 Mar 2021 02:16:03 GMT"
S3B_OL_2_WFR____20190321T062849_20190321T063149_20190322T152207_0179_023_191_2520_MAR_O_NT_002.SEN3,wqsf.nc,4866695,98d01e610a0ba9fd3f73f74ed8ae0bfeba88a5cf457db04bb451926975e0a132,5d4d82fae4bc32ed5a2ad99637febd28,"Tue, 23 Mar 2021 02:16:03 GMT"
S3B_OL_2_WFR____20190322T060239_20190322T060539_20190323T150912_0180_023_205_2520_MAR_O_NT_002.SEN3,chl_oc4me.nc,2802394,d63f2ac0379ee2028e1d18f2df7690dddb336800636bbdb1078ea69dc61ecd94,a3779b41fbfa502339b30d4d0caac15d,"Wed, 24 Mar 2021 12:21:27 GMT"
S3B_OL_2_WFR____20190322T060239_20190322T060539_20190323T150912_0180_023_205_2520_MAR_O_NT_002.SEN3,geo_coordinates.nc,59608494,6d22c8937417c6ceffc5ae11845cd52567cbaeed4e77fc1304c402c62bfe9942,0f74618e6e8315a053478881071ed0bd-8,"Wed, 24 Mar 2021 12:21:27 GMT"
S3B_OL_2_WFR____20190322T060239_20190322T060539_20190323T150912_0180_023_205_2520_MAR_O_NT_002.SEN3,tie_geo_coordinates.nc,1131095,1819ca2af584722339bfa22aaeb1a3235e2b7e89e0f02bccb32ef20c50eed6cc,8b9b15a7b226e8b140dd539c381faf74,"Wed, 24 Mar 2021 12:21:27 GMT"
S3B_OL_2_WFR____20190322T060239_20190322T060539_20190323T150912_0180_023_205_2520_MAR_O_NT_002.SEN3,wqsf.nc,8871606,5654dfc4e09ea7c93d342ff837e20803b8373d4f076942e402048c319ab27466,e460d8a755d88a2cd4f8199782b517b8-2,"Wed, 24 Mar 2021 12:21:27 GMT"
S3B_OL_2_WFR____20190324T065116_20190324T065416_20190325T162109_0179_023_234_2520_MAR_O_NT_002.SEN3,chl_oc4me.nc,1202966,e86840d7398272484c054193bb02e91834cf91c98b2bbe2dcb035485f05e5ad3,af9f2ee98cacae6bd3b4cf657fc47180,"Tue, 23 Mar 2021 02:14:33 GMT"
S3B_OL_2_WFR____20190324T065116_20190324T065416_20190325T162109_0179_023_234_2520_MAR_O_NT_002.SEN3,geo_coordinates.nc,59707819,fd6bf029c0e56f8901b6587d5e29061872588b47c973121698f86f16aa230397,0989cebcd7022f22f2ea0ce1885bd7d6-8,"Tue, 23 Mar 2021 02:14:33 GMT"
S3B_OL_2_WFR____20190324T065116_20190324T065416_20190325T162109_0179_023_234_2520_MAR_O_NT_002.SEN3,tie_geo_coordinates.nc,1139980,db40c08d86b32e3db5b157bd2222fa957d6f4e37d0ed8abf903779ee40416c4e,ec7f98ce2320c70fec81cff4f0f23b08,"Tue, 23 Mar 2021 02:14:32 GMT"
S3B_OL_2_WFR____20190324T065116_20190324T065416_20190325T162109_0179_023_234_2520_MAR_O_NT_002.SEN3,wqsf.nc,4460652,2a1a341d10fc7baccd21aeac06f33aac935f23ee3d258a7a4f3ee48373a95224,b49d97ca8d794f70e00a1f83d10cf2c3,"Tue, 23 Mar 2021 02:14:33 GMT"
S3B_OL_2_WFR____20190325T062505_20190325T062805_20190326T154024_0179_023_248_2520_MAR_O_NT_002.SEN3,chl_oc4me.nc,1113355,4bce3c3a9771c6b4ac29982a74d5341f1cf4c4ac5e621168667055fc340463ef,2c16b817671124b3af6e86732a1064e9,"Wed, 24 Mar 2021 12:19:10 GMT"
S3B_OL_2_WFR____20190325T062505_20190325T062805_20190326T154024_0179_023_248_2520_MAR_O_NT_002.SEN3,geo_coordinates.nc,60495666,fb3657ad001d6cb88241c3fda6201a5e97e56c3211c157629d390bf6817a5a07,83e2f1aefa8ac005840644b5bfbef46c-8,"Wed, 24 Mar 2021 12:19:10 GMT"
S3B_OL_2_WFR____20190325T062505_20190325T062805_20190326T154024_0179_023_248_2520_MAR_O_NT_002.SEN3,tie_geo_coordinates.nc,1140153,470acb38f9e7547065870b6f379dcf32f4c223a4c5e50733d267684b58102d4b,15af6b3da210961de5c157f72651a33d,"Wed, 24 Mar 2021 12:19:10 GMT"
S3B_OL_2_WFR____20190325T062505_20190325T062805_20190326T154024_0179_023_248_2520_MAR_O_NT_002.SEN3,wqsf.nc,3401884,aeecd96da9c0fc378804a4d4208efcaeed6987516d40ea93644b70e710229586,fbf0c626e06599169c146b5bd0fdfc9d,"Wed, 24 Mar 2021 12:19:10 GMT"
S3B_OL_2_WFR____20190326T055855_20190326T060155_20190327T152637_0179_023_262_2520_MAR_O_NT_002.SEN3,chl_oc4me.nc,6405935,3d96f0a432cfc7fcb6a151c523d7c437ca84b8dbc749f9d0c01fa9b948fbb777,e6b849f1d859d38fb83ec687c01efba9,"Wed, 24 Mar 2021 12:18:16 GMT"
S3B_OL_2_WFR____20190326T055855_20190326T060155_20190327T152637_0179_023_262_2520_MAR_O_NT_002.SEN3,geo_coordinates.nc,59411957,17bdd1aec2fddc4c848abd8e952bbaee5491c2f237639197fb5e1e78f30592a3,87a40d4bd6a194286ccdf706a8eeddad-8,"Wed, 24 Mar 2021 12:18:16 GMT"
S3B_OL_2_WFR____20190326T055855_20190326T060155_20190327T152637_0179_023_262_2520_MAR_O_NT_002.SEN3,tie_geo_coordinates.nc,1138960,b5092233705a23a9831509ec4afa5eb8c3d7377071de3fa8bfe445249119cbca,64f4931a76f1d0040c80186b91c91abf,"Wed, 24 Mar 2021 12:18:16 GMT"
S3B_OL_2_WFR____20190326T055855_20190326T060155_20190327T152637_0179_023_262_2520_MAR_O_NT_002.SEN3,wqsf.nc,7762848,e18c431a8cc9a5493391f35020e8e8cefcf78daf48324b7a710d65bdc2bd7020,349ab53ccbd26849d2262d1c6e7207d8,"Wed, 24 Mar 2021 12:18:16 GMT"
S3B_OL_2_WFR____20190328T064732_20190328T065032_20190329T135242_0179_023_291_2520_MAR_O_NT_002.SEN3,chl_oc4me.nc,2953569,e7517869b91f57e96ef3c4e69fd4d141d706645c541acdae9f0045bc19dc1b67,85f2b46674295da7e9d0259113d3dc01,"Tue, 23 Mar 2021 02:12:44 GMT"
S3B_OL_2_WFR____20190328T064732_20190328T065032_20190329T135242_0179_023_291_2520_MAR_O_NT_002.SEN3,geo_coordinates.nc,59841581,cf36f05b542ca5b7ec901d64c0ee07801053bfbb89aa9fa805c1b710d1ddfdd9,04099440e77845c07c829cde96c0a0de-8,"Tue, 23 Mar 2021 02:12:44 GMT"
S3B_OL_2_WFR____20190328T064732_20190328T065032_20190329T135242_0179_023_291_2520_MAR_O_NT_002.SEN3,tie_geo_coordinates.nc,1136927,f2a233584453d36031c637614485bd7751362e59ccdf9e39659c4423c20e2623,d63a6ee2217cc9d847a14baacec27e5e,"Tue, 23 Mar 2021 02:12:44 GMT"
S3B_OL_2_WFR____20190328T064732_20190328T065032_20190329T135242_0179_023_291_2520_MAR_O_NT_002.SEN3,wqsf.nc,5346807,0d4d10d09a569df8399982172237330ef3988b7147f606a60237ee1698cd8e7e,3f74a219e44087f6ec87e1fcf7b8e5af,"Tue, 23 Mar 2021 02:12:45 GMT"
S3B_OL_2_WFR____20190329T062121_20190329T062421_20190330T143600_0180_023_305_2520_MAR_O_NT_002.SEN3,chl_oc4me.nc,5026294,455998541e449f9410b90ed645fddf2b86094a27bc8c5fd5de1b50a3eb237e79,2e0268f79b43f4a54cdde2e590065b55,"Wed, 24 Mar 2021 12:16:22 GMT"
S3B_OL_2_WFR____20190329T062121_20190329T062421_20190330T143600_0180_023_305_2520_MAR_O_NT_002.SEN3,geo_coordinates.nc,60471293,3b44b2c39c4ae2ecfc21c0baffd8c431eb2b6a2f9dbbf9fd0329b65f7cc035b5,dccb3de343949f8775368db9c4b84461-8,"Wed, 24 Mar 2021 12:16:22 GMT"
S3B_OL_2_WFR____20190329T062121_20190329T062421_20190330T143600_0180_023_305_2520_MAR_O_NT_002.SEN3,tie_geo_coordinates.nc,1138213,6d490f764afa81b252605e839b7e0f0f36f92386922e4105d97c81aefb867882,98d7029cbbe6c657340e5a6c5fa028fd,"Wed, 24 Mar 2021 12:16:22 GMT"
S3B_OL_2_WFR____20190329T062121_20190329T062421_20190330T143600_0180_023_305_2520_MAR_O_NT_002.SEN3,wqsf.nc,5914838,1adbbb36ffb5bcec393de56bc89d045995f4c037ecce872a6115e87bacf14d82,c1d89a94e815aa2d5a4b1ac36975fcf4,"Wed, 24 Mar 2021 12:16:22 GMT"
S3B_OL_2_WFR____20190401T064348_20190401T064648_20190402T152410_0179_023_348_2520_MAR_O_NT_002.SEN3,chl_oc4me.nc,599772,2da966abd6a42d9201ba601b18780231cd12a420d1ff6d4ff8cd0fd391a93d21,957a0874ac4d1e5d7c14b4672b6d7b99,"Tue, 23 Mar 2021 02:11:02 GMT"
S3B_OL_2_WFR____20190401T064348_20190401T064648_20190402T152410_0179_023_348_2520_MAR_O_NT_002.SEN3,geo_coordinates.nc,59997939,852fe35ddd2e529054755e226718ac82b19d18951a637b77d8491f6ef56b5823,a32aeac1e2eeefa4c60386bc243ad72f-8,"Tue, 23 Mar 2021 02:11:02 GMT"
S3B_OL_2_WFR____20190401T064348_20190401T064648_20190402T152410_0179_023_348_2520_MAR_O_NT_002.SEN3,tie_geo_coordinates.nc,1138006,8b8cc4b57dd349c1f2889a733b058f24cb5786b735980de699f54a75aba1e893,6d1d278ae95ec5a0fbb9b04fd1d218c9,"Tue, 23 Mar 2021 02:11:01 GMT"
S3B_OL_2_WFR____20190401T064348_20190401T064648_20190402T152410_0179_023_348_2520_MAR_O_NT_002.SEN3,wqsf.nc,2962827,b3fb0b7d7a44eb43cbfb092075e49785082b5a5628cbce81d71ae4c45db281f8,c9d0ea9c5f90364cccc9085e247f14ce,"Tue, 23 Mar 2021 02:11:01 GMT"
S3B_OL_2_WFR____20190402T061737_20190402T062037_20190403T145922_0179_023_362_2520_MAR_O_NT_002.SEN3,chl_oc4me.nc,4047151,4ecf182bd8887ab0c8cacf5d4391bf2b14e6926ee7b9a211f22798c96b68f7ec,3ca439152e2c9255d019b6c330009e65,"Wed, 24 Mar 2021 12:14:49 GMT"
S3B_OL_2_WFR____20190402T061737_20190402T062037_20190403T145922_0179_023_362_2520_MAR_O_NT_002.SEN3,geo_coordinates.nc,60356767,a20364aef09fe609f7d20cbc1706c8aa833e1730ccedecb709ac4e714cba2cda,8e29d8ef2ceca2925ac9e2d76403b4f5-8,"Wed, 24 Mar 2021 12:14:49 GMT"
S3B_OL_2_WFR____20190402T061737_20190402T062037_20190403T145922_0179_023_362_2520_MAR_O_NT_002.SEN3,tie_geo_coordinates.nc,1135216,aeb8febc4081143316aa509f0a81b4315aaa4262ec73dadd8e121c4667bd98c1,28dd86185123406f26aff7b3b6314d94,"Wed, 24 Mar 2021 12:14:49 GMT"
S3B_OL_2_WFR____20190402T061737_20190402T062037_20190403T145922_0179_023_362_2520_MAR_O_NT_002.SEN3,wqsf.nc,5292997,6c79b4b09e2c7afc826c7f4569dc11d66c3c6bfe917ad66ab17159544f2ead95,61c8102589d73b17e6d3252f7c8a6866,"Wed, 24 Mar 2021 12:14:49 GMT"
S3B_OL_2_WFR____20190405T064004_20190405T064304_20190406T152133_0179_024_020_2520_MAR_O_NT_002.SEN3,chl_oc4me.nc,1240495,f29b179969a1c626c8d6fe6462d383a07dcb709fb10acdab7089db4d752e2d2f,24a73f883cabdf4226f3ecd26ee548ef,"Tue, 23 Mar 2021 02:08:33 GMT"
S3B_OL_2_WFR____20190405T064004_20190405T064304_20190406T152133_0179_024_020_2520_MAR_O_NT_002.SEN3,geo_coordinates.nc,60135055,f8379c10589de80956420d60f00761a675a40af415f4100209b9f651460cdd06,f5579bea48c317ecd713d4f6f71f19ca-8,"Tue, 23 Mar 2021 02:08:33 GMT"
S3B_OL_2_WFR____20190405T064004_20190405T064304_20190406T152133_0179_024_020_2520_MAR_O_NT_002.SEN3,tie_geo_coordinates.nc,1141861,6abfc6d45d78be6d7f4063f0815b469bbe0fc0410cd3c8f5fd696f0bc5a970b2,ab8873bfedf8f983692605300c972a34,"Tue, 23 Mar 2021 02:08:33 GMT"
S3B_OL_2_WFR____20190405T064004_20190405T064304_20190406T152133_0179_024_020_2520_MAR_O_NT_002.SEN3,wqsf.nc,3961660,b435d5cfdfc58b179fd82d0797746823aee1c7036ed6f5e0e738d481cd91a98b,b50cae86c7e2bac7f794704931f1f461,"Tue, 23 Mar 2021 02:08:33 GMT"
S3B_OL_2_WFR____20190409T063619_20190409T063919_20190410T173135_0179_024_077_2520_MAR_O_NT_002.SEN3,chl_oc4me.nc,2691923,923c48ae7816c7b0e7d3cbe47ea2783c684e34616bc877258e1601b0999fd186,8ad995a27b910be528a421ffe6b468fd,"Wed, 24 Mar 2021 12:12:07 GMT"
S3B_OL_2_WFR____20190409T063619_20190409T063919_20190410T173135_0179_024_077_2520_MAR_O_NT_002.SEN3,geo_coordinates.nc,60322821,3174c02e1752e2f236edc1ea428e8b6e3bc50bfe37abd8debc104f9bd7fdaffe,0cc59b2fa4d57bc82b6a289765860505-8,"Wed, 24 Mar 2021 12:12:07 GMT"
S3B_OL_2_WFR____20190409T063619_20190409T063919_20190410T173135_0179_024_077_2520_MAR_O_NT_002.SEN3,tie_geo_coordinates.nc,1138386,6b05f447cddad6d9ed40706358a4b2905d4da8ec688c97095aef1e5cf7968367,ee19878f9d90b8721055a4a16b4cc934,"Wed, 24 Mar 2021 12:12:07 GMT"
S3B_OL_2_WFR____20190409T063619_20190409T063919_20190410T173135_0179_024_077_2520_MAR_O_NT_002.SEN3,wqsf.nc,3817364,4540a2b0f1d742f9f9ec3678d59cbbebdc382072607e612b6cd897a585ce20ce,456eb9f344d930206a7c3c9878169ff4,"Wed, 24 Mar 2021 12:12:07 GMT"
S3B_OL_2_WFR____20190410T061008_20190410T061308_20190411T152640_0179_024_091_2520_MAR_O_NT_002.SEN3,chl_oc4me.nc,4486099,a7db0c7c213f95671a52c132c1a4489d776d1549a495fd18659bcaa9729e5784,469a2a81a4f31f605890ee3f0623e4d5,"Tue, 23 Mar 2021 02:07:49 GMT"
S3B_OL_2_WFR____20190410T061008_20190410T061308_20190411T152640_0179_024_091_2520_MAR_O_NT_002.SEN3,geo_coordinates.nc,59901236,536cabc91182c5150bb4903efc5349b09f783d3c378352c2f6302aacecb2539d,16b26cd3c383c5c14489fac877f69fd8-8,"Tue, 23 Mar 2021 02:07:49 GMT"
S3B_OL_2_WFR____20190410T061008_20190410T061308_20190411T152640_0179_024_091_2520_MAR_O_NT_002.SEN3,tie_geo_coordinates.nc,1135794,8fa349cdabdd0035c5247cab78bd95a770248652f3ad52291272c7367e797f65,dc48cb8741773621d10aa6726747e535,"Tue, 23 Mar 2021 02:07:49 GMT"
S3B_OL_2_WFR____20190410T061008_20190410T061308_20190411T152640_0179_024_091_2520_MAR_O_NT_002.SEN3,wqsf.nc,6230622,5d9e7513a7a851d3b664eef7ebc943d451f2a5d4c5dfc10b95028c5d0ccd8ae5,9dd500481f5661dab5fc1ba89cc732e5,"Tue, 23 Mar 2021 02:07:49 GMT"
S3B_OL_2_WFR____20190412T065846_20190412T070146_20190413T121454_0179_024_120_2520_MAR_O_NT_002.SEN3,tie_geo_coordinates.nc,1137157,13f2059827c8dd774d0902a6f50a99328eebac8e5e1b2592b14a983b1cbdda05,7d68c6040e290053caca3789d1d597e7,"Tue, 23 Mar 2021 02:06:08 GMT"
S3B_OL_2_WFR____20190413T063235_20190413T063535_20190414T150547_0179_024_134_2520_MAR_O_NT_002.SEN3,chl_oc4me.nc,636068,82e50fe5503483764c816c01db29b784c4d18f059629dc92c017a045c45f083b,64c290cca0aba4f247d5285a47db1713,"Wed, 24 Mar 2021 12:09:12 GMT"
S3B_OL_2_WFR____20190413T063235_20190413T063535_20190414T150547_0179_024_134_2520_MAR_O_NT_002.SEN3,geo_coordinates.nc,60489986,16deefe98c9999cb61aa39e2d8aa1dbe85690e4e7eeaa1bf60bb406d9c86173e,a28539235546d228f475d4334bd85962-8,"Wed, 24 Mar 2021 12:09:12 GMT"
S3B_OL_2_WFR____20190413T063235_20190413T063535_20190414T150547_0179_024_134_2520_MAR_O_NT_002.SEN3,tie_geo_coordinates.nc,1135932,e076e659d0fc6e82a0b7c9f441966a6e89ddbc62d1b2a14068bdfe561e70ec34,c3928f22cc24c5ec01c429b52ccba8e8,"Wed, 24 Mar 2021 12:09:12 GMT"
S3B_OL_2_WFR____20190413T063235_20190413T063535_20190414T150547_0179_024_134_2520_MAR_O_NT_002.SEN3,wqsf.nc,2778692,2020a1cd4ea4677c13d38e25ca08010b04a97802c2366156e09b172c2d163cd1,13936786083224da234ce3f568287401,"Wed, 24 Mar 2021 12:09:12 GMT"
S3B_OL_2_WFR____20190414T060624_20190414T060924_20190415T154700_0179_024_148_2520_MAR_O_NT_002.SEN3,chl_oc4me.nc,1877631,8f15916790f6dd2083c76a83c0cbc25d63a7dce2429d49ae1142b4f63316b0c9,97b456bc96366fda4e97633bd74cf9b8,"Tue, 23 Mar 2021 02:05:21 GMT"
S3B_OL_2_WFR____20190414T060624_20190414T060924_20190415T154700_0179_024_148_2520_MAR_O_NT_002.SEN3,geo_coordinates.nc,59819059,9be8771781f6da4df56c8d8938448651840e590177a6d2e80055349ab0f57c59,244a3983f3c2ffa1e3fdcc55ce738606-8,"Tue, 23 Mar 2021 02:05:21 GMT"
S3B_OL_2_WFR____20190414T060624_20190414T060924_20190415T154700_0179_024_148_2520_MAR_O_NT_002.SEN3,tie_geo_coordinates.nc,1134986,24e32cd53d058db00acc88b0ad29fdbce346e4b219060beaa00c8d40ad45a84c,8afdd6aa8ae510a913e4ddd25824cbc6,"Tue, 23 Mar 2021 02:05:21 GMT"
S3B_OL_2_WFR____20190414T060624_20190414T060924_20190415T154700_0179_024_148_2520_MAR_O_NT_002.SEN3,wqsf.nc,3073584,8322bf8ce7ba2d18668168d8bdb0c6a017c675ec2a3851706929facccc5680db,d2921e71fb04c03e90539bbc73babd3a,"Tue, 23 Mar 2021 02:05:21 GMT"
S3B_OL_2_WFR____20190416T065501_20190416T065801_20190417T152817_0179_024_177_2520_MAR_O_NT_002.SEN3,tie_geo_coordinates.nc,1138026,d93062d48921ed79d456dd2da7be644ec133b0e89dcbe9a6e97a85847b50df1f,fe73d8b125c2187eedcf2959a502d7a8,"Wed, 24 Mar 2021 12:07:15 GMT"
S3B_OL_2_WFR____20190417T062850_20190417T063150_20190418T154703_0179_024_191_2520_MAR_O_NT_002.SEN3,chl_oc4me.nc,4325835,d6f81daeb3b8cbb4f31a1407fb8c1337e81d438c5962396589512566199e8dad,6e37743f49c52c369e64ecdf18b653fc,"Tue, 23 Mar 2021 02:03:46 GMT"
S3B_OL_2_WFR____20190417T062850_20190417T063150_20190418T154703_0179_024_191_2520_MAR_O_NT_002.SEN3,geo_coordinates.nc,60508115,0409c6b9ba113f030e6207a200974a1bbcd86c51cb886d0ea0469c92669ce5ae,7331f82627f7071d502a3a94be5e224c-8,"Tue, 23 Mar 2021 02:03:46 GMT"
S3B_OL_2_WFR____20190417T062850_20190417T063150_20190418T154703_0179_024_191_2520_MAR_O_NT_002.SEN3,tie_geo_coordinates.nc,1135372,3407a39bb474fd87e9196fad9003474967da06133bb8c025ae509718833795fd,f8f281ca0346e09914a8a912c0b2f7e6,"Tue, 23 Mar 2021 02:03:46 GMT"
S3B_OL_2_WFR____20190417T062850_20190417T063150_20190418T154703_0179_024_191_2520_MAR_O_NT_002.SEN3,wqsf.nc,4902909,cc4e79078325a62095e86a1418611027fd43fa3de860e64519d71b7c3c681c11,5336554de8816d8a0aa527ff4cd18f1e,"Tue, 23 Mar 2021 02:03:46 GMT"
S3B_OL_2_WFR____20190418T060240_20190418T060540_20190419T151034_0179_024_205_2520_MAR_O_NT_002.SEN3,chl_oc4me.nc,8763486,599eb9de869900ad8ab6af39dec4ef5ddf122c419bc892d8be2fc7a73fcbae3d,184d050279e61e5c2734698457a7ca1a-2,"Wed, 24 Mar 2021 12:06:26 GMT"
S3B_OL_2_WFR____20190418T060240_20190418T060540_20190419T151034_0179_024_205_2520_MAR_O_NT_002.SEN3,geo_coordinates.nc,59674011,fce89dd4c163acf5580cf950a78eab2cc0e116696732ef7912a2a4d827ad6a30,765123cb9735b32813eb146a6f5fe904-8,"Wed, 24 Mar 2021 12:06:26 GMT"
S3B_OL_2_WFR____20190418T060240_20190418T060540_20190419T151034_0179_024_205_2520_MAR_O_NT_002.SEN3,tie_geo_coordinates.nc,1131402,fdeae3d6aa0206bf5549a1aa353f5abf44c7d93a42a770224b2a8cd5eaf4db1a,a60764f7ffc0efb1d150ad73884d8185,"Wed, 24 Mar 2021 12:06:26 GMT"
S3B_OL_2_WFR____20190418T060240_20190418T060540_20190419T151034_0179_024_205_2520_MAR_O_NT_002.SEN3,wqsf.nc,6774077,31897036e135bca23782c3b2a932ff697a2a5793beff39918ac38d74be8344a4,97e97b865d938fbb2144806d2e602306,"Wed, 24 Mar 2021 12:06:26 GMT"
S3B_OL_2_WFR____20190420T065117_20190420T065417_20190421T145802_0179_024_234_2520_MAR_O_NT_002.SEN3,chl_oc4me.nc,3014648,7f5d56979dc63a4299d6fa773c9a0f88e2e65c9c58873163d8043592784fe591,69cf8e46e3be2c3dbcf132445b419855,"Tue, 23 Mar 2021 02:01:50 GMT"
S3B_OL_2_WFR____20190420T065117_20190420T065417_20190421T145802_0179_024_234_2520_MAR_O_NT_002.SEN3,geo_coordinates.nc,59706164,536227ed918eea436e48347897fcf45fbcf63786c117bbfefb6154c712e8e14f,8fd5ca5f744f751a923c4e439fbd9ebc-8,"Tue, 23 Mar 2021 02:01:50 GMT"
S3B_OL_2_WFR____20190420T065117_20190420T065417_20190421T145802_0179_024_234_2520_MAR_O_NT_002.SEN3,tie_geo_coordinates.nc,1135662,10728b3d2c4606d2fc87302ef160e67ab8bfd04ce61fa5238cc7a5902580449a,0e9f45f257803121d7682fa4f69f4336,"Tue, 23 Mar 2021 02:01:50 GMT"
S3B_OL_2_WFR____20190420T065117_20190420T065417_20190421T145802_0179_024_234_2520_MAR_O_NT_002.SEN3,wqsf.nc,4574442,9c31b2d558c3cec1267139add916c09f10ebbf8e08116965b4c1c3f8b1a65dc4,e0ff9ecd82986e9bc65ffe739d91ca89,"Tue, 23 Mar 2021 02:01:50 GMT"
S3B_OL_2_WFR____20190421T062506_20190421T062806_20190422T131716_0179_024_248_2520_MAR_O_NT_002.SEN3,chl_oc4me.nc,4910691,f18cbaba6b5e2364ba6f71b646d232704cc2f2bc08d55744462d1f63a51d4e32,592cf63c7c2329a9722294dd62653455,"Wed, 24 Mar 2021 12:04:18 GMT"
S3B_OL_2_WFR____20190421T062506_20190421T062806_20190422T131716_0179_024_248_2520_MAR_O_NT_002.SEN3,geo_coordinates.nc,60541931,355838539aad7f30767068d7309f5c29cca2e7d22eded9cb56f166d3e90e07eb,809908fed22c2e21e53561e37987deb4-8,"Wed, 24 Mar 2021 12:04:18 GMT"
S3B_OL_2_WFR____20190421T062506_20190421T062806_20190422T131716_0179_024_248_2520_MAR_O_NT_002.SEN3,tie_geo_coordinates.nc,1139966,0efa6fc056f6a3a336bc30253bf8a9973f8e35f233416403bc6f81a5033efc5d,8e762d757e3d642a7221d60b02c9f499,"Wed, 24 Mar 2021 12:04:18 GMT"
S3B_OL_2_WFR____20190421T062506_20190421T062806_20190422T131716_0179_024_248_2520_MAR_O_NT_002.SEN3,wqsf.nc,4674712,6280010d64dbcf331db671e1274f36c165ddb80adb9263965b836d49e7e0ff82,a65f02b7a79d07921655d6e22868a192,"Wed, 24 Mar 2021 12:04:18 GMT"
S3B_OL_2_WFR____20190422T055855_20190422T060155_20190423T154708_0180_024_262_2520_MAR_O_NT_002.SEN3,chl_oc4me.nc,8699073,d3fcaefa2903ce0c501c0e6509b56d8468dfbd7304a6334de46fa2f9b6d278d0,c10c2a0eee71a5422b38972af2d28785-2,"Wed, 24 Mar 2021 12:03:27 GMT"
S3B_OL_2_WFR____20190422T055855_20190422T060155_20190423T154708_0180_024_262_2520_MAR_O_NT_002.SEN3,geo_coordinates.nc,59445777,5097a29cd8ef3548133bf8343df38a175d72896a95cb9d0e41d292081bfbcef0,b915cb6f7c87416bdc40a2b2ca9e2e97-8,"Wed, 24 Mar 2021 12:03:27 GMT"
S3B_OL_2_WFR____20190422T055855_20190422T060155_20190423T154708_0180_024_262_2520_MAR_O_NT_002.SEN3,tie_geo_coordinates.nc,1133556,2ea475d3b4285222659174da35016c8560df7e726d2ea9ed1117c9c70ae16b08,bf8a4493be20283764960cabbed8428f,"Wed, 24 Mar 2021 12:03:27 GMT"
S3B_OL_2_WFR____20190422T055855_20190422T060155_20190423T154708_0180_024_262_2520_MAR_O_NT_002.SEN3,wqsf.nc,6741972,8a27997785fdf3370f9531a08db95302c0fefbad68dd742a3560a40d55472da9,8d677be7b0395759f1ae47991c0fbd43,"Wed, 24 Mar 2021 12:03:27 GMT"
S3B_OL_2_WFR____20190424T064732_20190424T065032_20190425T144600_0179_024_291_2520_MAR_O_NT_002.SEN3,chl_oc4me.nc,3589058,1e7804d4f43bed89646434c6f0830452722a1db29d053e8a0cc883fb56d9c9fd,4cf51560f5d82a13d584bf517ed2c53d,"Tue, 23 Mar 2021 01:59:28 GMT"
S3B_OL_2_WFR____20190424T064732_20190424T065032_20190425T144600_0179_024_291_2520_MAR_O_NT_002.SEN3,geo_coordinates.nc,59859357,3fb4bbf41a655e65fafa54c726f48fd19b6beaecda66d77699d68800181ba0f3,59df80471d1fb3808b32ec5535a78c26-8,"Tue, 23 Mar 2021 01:59:28 GMT"
S3B_OL_2_WFR____20190424T064732_20190424T065032_20190425T144600_0179_024_291_2520_MAR_O_NT_002.SEN3,tie_geo_coordinates.nc,1139892,42ae862a96955b268079ec4b30691438b7c5b8491d101bcaab3d797d42210cd6,c280be2f07bc0250ed6d5e36f706ded5,"Tue, 23 Mar 2021 01:59:28 GMT"
S3B_OL_2_WFR____20190424T064732_20190424T065032_20190425T144600_0179_024_291_2520_MAR_O_NT_002.SEN3,wqsf.nc,3991701,8da964a3908e6a204178982671081a09f6589d47901b798837eb9002df2f6823,ea5bc8f27c901930d101d21c4b714891,"Tue, 23 Mar 2021 01:59:28 GMT"
S3B_OL_2_WFR____20190425T062121_20190425T062421_20190426T141554_0180_024_305_2520_MAR_O_NT_002.SEN3,chl_oc4me.nc,5847612,e53f87139e1d71401ec9fef983dd8984555c0a8666c48e4729f0d3893df98796,6e5eac66f858b846d6126023ab102b77,"Wed, 24 Mar 2021 12:01:20 GMT"
S3B_OL_2_WFR____20190425T062121_20190425T062421_20190426T141554_0180_024_305_2520_MAR_O_NT_002.SEN3,geo_coordinates.nc,60504603,3e25745dd2a89457b8368aaccdf36b458e96c8a67c5ad79cd8ac0997b979a766,46f0bf3cb0e89bd7bfb39271d2ea0794-8,"Wed, 24 Mar 2021 12:01:20 GMT"
S3B_OL_2_WFR____20190425T062121_20190425T062421_20190426T141554_0180_024_305_2520_MAR_O_NT_002.SEN3,tie_geo_coordinates.nc,1136064,84102029fe5536d68572c26deffea5622d17775f1158dcf914b94f2f3b569359,5c827033333d873c298e33dceb304c5c,"Wed, 24 Mar 2021 12:01:20 GMT"
S3B_OL_2_WFR____20190425T062121_20190425T062421_20190426T141554_0180_024_305_2520_MAR_O_NT_002.SEN3,wqsf.nc,5756103,264938d71b87818e7da0e83437b42a1d17a8d197db3cc2764fbadebf27fe45f2,207f33fab759658c46cb39d6a4a7aa10,"Wed, 24 Mar 2021 12:01:20 GMT"
S3B_OL_2_WFR____20190428T064348_20190428T064648_20190429T151854_0179_024_348_2520_MAR_O_NT_002.SEN3,chl_oc4me.nc,1629050,6b5d8061de918db5c347bec1bcff73dcc6ffd4d986201590b4de33a5dd9e1291,dee706830e99163c7a4b1e9c1a855110,"Wed, 24 Mar 2021 11:59:17 GMT"
S3B_OL_2_WFR____20190428T064348_20190428T064648_20190429T151854_0179_024_348_2520_MAR_O_NT_002.SEN3,geo_coordinates.nc,60045039,8be4b1ad86648de2b4d81ac5de689e06de9298f219db9e8c2f4a51d5a8d2a733,a1c925dc0fd5e4c199d6b40f1b9b8154-8,"Wed, 24 Mar 2021 11:59:16 GMT"
S3B_OL_2_WFR____20190428T064348_20190428T064648_20190429T151854_0179_024_348_2520_MAR_O_NT_002.SEN3,tie_geo_coordinates.nc,1138316,c2cff8cd28998e76126bd2a6535f1afefe9c4311412802d7df6f98952e9afbc2,b1f4dec8f20471d3ea48feeb74aff5f4,"Wed, 24 Mar 2021 11:59:17 GMT"
S3B_OL_2_WFR____20190428T064348_20190428T064648_20190429T151854_0179_024_348_2520_MAR_O_NT_002.SEN3,wqsf.nc,4057950,367ae0d4876dcaecddb45fc17128b0a182733601141c422f70afcd3ae0672c7a,f62bd3284b6fd266a13df806f461c63f,"Wed, 24 Mar 2021 11:59:17 GMT"
S3B_OL_2_WFR____20190429T061737_20190429T062037_20190430T145318_0179_024_362_2520_MAR_O_NT_002.SEN3,chl_oc4me.nc,5189305,ea1d66fa5b800860e0056bf188b839074c7227067fc524f6fa06becf6ee9c7ad,e743a61d04b2f0538c283bfe060aecea,"Tue, 23 Mar 2021 01:56:41 GMT"
S3B_OL_2_WFR____20190429T061737_20190429T062037_20190430T145318_0179_024_362_2520_MAR_O_NT_002.SEN3,geo_coordinates.nc,60389127,39dc6ac738150bf509c521d7b262ad19276f1b9294f96f9df64dddaa4312d6df,aa7f5f54a9a9fd0f04c6dd5f827b08d4-8,"Tue, 23 Mar 2021 01:56:41 GMT"
S3B_OL_2_WFR____20190429T061737_20190429T062037_20190430T145318_0179_024_362_2520_MAR_O_NT_002.SEN3,tie_geo_coordinates.nc,1138586,dbfc595571868ca43b4310891a1ba1f1ec9afac1a6dfe0f4d67992272f144154,4b6c87f0d70b0b5af8cf94ac225fc42d,"Tue, 23 Mar 2021 01:56:41 GMT"
S3B_OL_2_WFR____20190429T061737_20190429T062037_20190430T145318_0179_024_362_2520_MAR_O_NT_002.SEN3,wqsf.nc,6200285,ea24e6cc14fa0318c0897b24ef5a0d2ba45c9cfdd082f9cbbe053ca11012308e,8bf01b553b7b0be4ad8a6b1f582b1d9a,"Tue, 23 Mar 2021 01:56:41 GMT"
S3B_OL_2_WFR____20190502T064003_20190502T064303_20190503T123914_0179_025_020_2520_MAR_O_NT_002.SEN3,chl_oc4me.nc,4211530,64059e3b3aa86ffc7e06510c274f8691cf5c9d0998142415e68d37e582c7e390,5b8b5518dc715c332247834efeb529b1,"Wed, 24 Mar 2021 11:56:30 GMT"
S3B_OL_2_WFR____20190502T064003_20190502T064303_20190503T123914_0179_025_020_2520_MAR_O_NT_002.SEN3,geo_coordinates.nc,60125320,1e1a676a7ff4d469674e7a93616d4fe43eb19e48ccfb1eeb6ef9fcc32cde087d,4cd29d5c69a8d5788aa487f74a960702-8,"Wed, 24 Mar 2021 11:56:30 GMT"
S3B_OL_2_WFR____20190502T064003_20190502T064303_20190503T123914_0179_025_020_2520_MAR_O_NT_002.SEN3,tie_geo_coordinates.nc,1136835,839c01f01fde5bff1bb49e377127f1b5ba7098d876c1544877a55965a1f35a18,5cca05cbc2a6f267cd7291708515c269,"Wed, 24 Mar 2021 11:56:30 GMT"
S3B_OL_2_WFR____20190502T064003_20190502T064303_20190503T123914_0179_025_020_2520_MAR_O_NT_002.SEN3,wqsf.nc,4457231,1da81fc912af5db8a19b637ef3860dc94f8ef92e031171d460f956e25629dda9,055f35dbf1ed5735ef08a10df01d64c9,"Wed, 24 Mar 2021 11:56:30 GMT"
S3B_OL_2_WFR____20190503T061352_20190503T061652_20190504T122829_0179_025_034_2520_MAR_O_NT_002.SEN3,chl_oc4me.nc,6689266,0d471717fa03bc51d6a838f27ca1ee43cdd58ede12a3e11405736483c5d4962a,78ad49ee6bf825eb02790efc4051d95b,"Tue, 23 Mar 2021 01:54:06 GMT"
S3B_OL_2_WFR____20190503T061352_20190503T061652_20190504T122829_0179_025_034_2520_MAR_O_NT_002.SEN3,geo_coordinates.nc,60197184,2c8a9a3bcadcfbba3fccc0ddd70e582e95c57745ff26ec01b6f84c24b1b3e51d,cf83d256392b7ea69790c64c1ea7cfc4-8,"Tue, 23 Mar 2021 01:54:05 GMT"
S3B_OL_2_WFR____20190503T061352_20190503T061652_20190504T122829_0179_025_034_2520_MAR_O_NT_002.SEN3,tie_geo_coordinates.nc,1138037,1cc8f503bdae5bb05a9020ee07353b8b1263d6e79613c30c41f47ac27ce00a1d,c6c328b4a60ff82a3cb6b21059a385bf,"Tue, 23 Mar 2021 01:54:06 GMT"
S3B_OL_2_WFR____20190503T061352_20190503T061652_20190504T122829_0179_025_034_2520_MAR_O_NT_002.SEN3,wqsf.nc,5464908,266ee4a29bce8507940bea6a16857655d3a46d9c854a7e4ac927adfa3a739d1c,821de98236ed2dfe0123bcc02cf87699,"Tue, 23 Mar 2021 01:54:06 GMT"
S3B_OL_2_WFR____20190506T063618_20190506T063918_20190507T161339_0179_025_077_2520_MAR_O_NT_002.SEN3,chl_oc4me.nc,2730009,a8b598b25907b49c7a94544678437075525988ece5741624d71fee2e4b49308f,6ced8a97c5f225cec274a100ce371762,"Tue, 23 Mar 2021 10:00:07 GMT"
S3B_OL_2_WFR____20190506T063618_20190506T063918_20190507T161339_0179_025_077_2520_MAR_O_NT_002.SEN3,geo_coordinates.nc,60313663,e3972af12f22e630e1109e310582a47b8e9cf6472c19e21386e31b22c0ade004,0de9189f40369cb5975cd4caaf56532e-8,"Tue, 23 Mar 2021 10:00:07 GMT"
S3B_OL_2_WFR____20190506T063618_20190506T063918_20190507T161339_0179_025_077_2520_MAR_O_NT_002.SEN3,tie_geo_coordinates.nc,1137974,5928831597a6e420b28243e23583cdc96f9c4f9fed4829824c0848c024cbd9aa,3ff948ff8be96e82904395cd4878763b,"Tue, 23 Mar 2021 10:00:07 GMT"
S3B_OL_2_WFR____20190506T063618_20190506T063918_20190507T161339_0179_025_077_2520_MAR_O_NT_002.SEN3,wqsf.nc,4835363,73a2a7490077d2aa9539008a836b2d08d148a6d2b26f032d98e966d8f3800332,48d36e3b4638017fd2816e238646f393,"Tue, 23 Mar 2021 10:00:07 GMT"
S3B_OL_2_WFR____20190507T061007_20190507T061307_20190508T151845_0180_025_091_2520_MAR_O_NT_002.SEN3,chl_oc4me.nc,7820877,1ac4a19facf482c74d53040906c65bad3c2a02ce0dbeaed23be922dba0da8551,052b7d5369fccdf4b59c1de68ef6a035,"Tue, 23 Mar 2021 01:51:37 GMT"
S3B_OL_2_WFR____20190507T061007_20190507T061307_20190508T151845_0180_025_091_2520_MAR_O_NT_002.SEN3,geo_coordinates.nc,59920143,d688b07f6d48b8ca71c3ce6182977e477a71fa70773cd983a7612a633696b488,b4f47e0e8c9ddad98311747351bd4638-8,"Tue, 23 Mar 2021 01:51:37 GMT"
S3B_OL_2_WFR____20190507T061007_20190507T061307_20190508T151845_0180_025_091_2520_MAR_O_NT_002.SEN3,tie_geo_coordinates.nc,1136099,462e63c4b283957ca26e00e853df2ed0857ae1148b5c03a9ecfc3fdf09969da2,f0a96e6bf27a942431c01e554985e308,"Tue, 23 Mar 2021 01:51:37 GMT"
S3B_OL_2_WFR____20190507T061007_20190507T061307_20190508T151845_0180_025_091_2520_MAR_O_NT_002.SEN3,wqsf.nc,6253364,230dbe05e418d793081b85d0b920ddc00d36ad4209e9607d59da548e884c3587,a5a6da1c28f3f6648037fd3d5f0bc83c,"Tue, 23 Mar 2021 01:51:37 GMT"
S3B_OL_2_WFR____20190509T065844_20190509T070144_20190510T151927_0179_025_120_2520_MAR_O_NT_002.SEN3,tie_geo_coordinates.nc,1137477,a2d1d8cf7d175f450a97c8401e3396644949fc4f80944593b86bd8a96692d530,4cb3878af8e7beba03758595215e0c4f,"Tue, 23 Mar 2021 01:49:04 GMT"
S3B_OL_2_WFR____20190510T063233_20190510T063533_20190511T143631_0179_025_134_2520_MAR_O_NT_002.SEN3,chl_oc4me.nc,1583300,803c1bbb59bdf4633d77a973fea7ca714d59c1b6c706253b89ad108af5529f23,c078b4d8f89172ac6cc681f0ffbfa02e,"Tue, 23 Mar 2021 09:56:24 GMT"
S3B_OL_2_WFR____20190510T063233_20190510T063533_20190511T143631_0179_025_134_2520_MAR_O_NT_002.SEN3,geo_coordinates.nc,60501957,da2e36ea96aac261a71c8d46ee9f5930dc327d5b7cef05b2de5eba562ba8e441,3f1fd5137e3a566933e5031b9b479055-8,"Tue, 23 Mar 2021 09:56:24 GMT"
S3B_OL_2_WFR____20190510T063233_20190510T063533_20190511T143631_0179_025_134_2520_MAR_O_NT_002.SEN3,tie_geo_coordinates.nc,1142801,f6432dfcab8eb04224cff4f0bec5564c443b7034ba712bd934f5dff6ee959bfd,62928f994b392a1f037b26c3d05e36c9,"Tue, 23 Mar 2021 09:56:24 GMT"
S3B_OL_2_WFR____20190510T063233_20190510T063533_20190511T143631_0179_025_134_2520_MAR_O_NT_002.SEN3,wqsf.nc,3837574,226020420388569e437e6c1a6f228e38bba0ced85970666120ff11ae215f5771,5797b04ca5e7075fc07649ff8b5e0ab0,"Tue, 23 Mar 2021 09:56:24 GMT"
S3B_OL_2_WFR____20190511T060622_20190511T060922_20190512T133302_0179_025_148_2520_MAR_O_NT_002.SEN3,chl_oc4me.nc,7774032,db6eaa32fd493e6f696ef9cb8fad7736405350c08e047f1d3482e3b4067c810c,e5845360969923409f2fc6fdbad42d40,"Tue, 23 Mar 2021 01:48:27 GMT"
S3B_OL_2_WFR____20190511T060622_20190511T060922_20190512T133302_0179_025_148_2520_MAR_O_NT_002.SEN3,geo_coordinates.nc,59827290,52790d21ef04924c2b3f9b3c0ba19ed1de81be476771c5542d21645eac196a95,5dae6c67ce523bda4a57833cbf5b9591-8,"Tue, 23 Mar 2021 01:48:27 GMT"
S3B_OL_2_WFR____20190511T060622_20190511T060922_20190512T133302_0179_025_148_2520_MAR_O_NT_002.SEN3,tie_geo_coordinates.nc,1136422,3ff37de3ee4b0ffa9b9b2f55edef5ba24e2a6558db19ac2b41e21331a1a1b05d,2ea96afc2c917e5b00170623c24b5b82,"Tue, 23 Mar 2021 01:48:26 GMT"
S3B_OL_2_WFR____20190511T060622_20190511T060922_20190512T133302_0179_025_148_2520_MAR_O_NT_002.SEN3,wqsf.nc,7475984,8478cc63e51c5d820abc623a64b5267357669671962c1b32b266f5b15411b6fc,50df8d34fa519f781b2a28b02cdec04a,"Tue, 23 Mar 2021 01:48:27 GMT"
S3B_OL_2_WFR____20190513T065459_20190513T065759_20190514T160109_0179_025_177_2520_MAR_O_NT_002.SEN3,tie_geo_coordinates.nc,1135801,0e778f83d5064c9bf15ef93523691dd2621a21452333ff9d70bfd241ce8cf1c5,485373200b785ce778415a092cd55c06,"Tue, 23 Mar 2021 09:54:42 GMT"
S3B_OL_2_WFR____20190514T062848_20190514T063148_20190515T153254_0179_025_191_2520_MAR_O_NT_002.SEN3,chl_oc4me.nc,4347359,3b2792596cddfb96d6a313d58e4dd4a8c74168a6b5b8ebde6e0d760e1a0ba6ab,23f53a9a46f40bf2f26cd9225792101e,"Tue, 23 Mar 2021 01:46:30 GMT"
S3B_OL_2_WFR____20190514T062848_20190514T063148_20190515T153254_0179_025_191_2520_MAR_O_NT_002.SEN3,geo_coordinates.nc,60513300,ec84cd1b4a8e4ea9f62d9078e2af3bf48f242ecdc703a04a6a1578ca6ebe5879,9caa83afa1187ac061f8abc5a340d414-8,"Tue, 23 Mar 2021 01:46:30 GMT"
S3B_OL_2_WFR____20190514T062848_20190514T063148_20190515T153254_0179_025_191_2520_MAR_O_NT_002.SEN3,tie_geo_coordinates.nc,1140238,b533dfb05c76b2e987f805dc992b6d65e5215c9b558b6c4b5e6576190947b370,f220b39daae0fb7232e9ab063a995026,"Tue, 23 Mar 2021 01:46:30 GMT"
S3B_OL_2_WFR____20190514T062848_20190514T063148_20190515T153254_0179_025_191_2520_MAR_O_NT_002.SEN3,wqsf.nc,5007757,051d09270d20f72cd95fb101e8a3601c4834358a8dc9ded6aefc01d1681c2f71,5fb9b1c477b5a43e103be12d30e2437b,"Tue, 23 Mar 2021 01:46:30 GMT"
S3B_OL_2_WFR____20190515T060237_20190515T060537_20190516T145001_0180_025_205_2520_MAR_O_NT_002.SEN3,chl_oc4me.nc,7639453,2a3afe20f157a25c417c2309b9b6cc07dbecea1913cec7e90fe5a2a2c3585f6e,e424c9a4a386be64fab6d24248025050,"Tue, 23 Mar 2021 09:53:51 GMT"
S3B_OL_2_WFR____20190515T060237_20190515T060537_20190516T145001_0180_025_205_2520_MAR_O_NT_002.SEN3,geo_coordinates.nc,59654638,48cca0fe2feeb38e3a672c505b9afae53f314847b3a328ab1994c7137311ce6b,83177a34d4f06206d5e360a3e4d41d04-8,"Tue, 23 Mar 2021 09:53:51 GMT"
S3B_OL_2_WFR____20190515T060237_20190515T060537_20190516T145001_0180_025_205_2520_MAR_O_NT_002.SEN3,tie_geo_coordinates.nc,1133471,4155f01ffbb2db5e6690cd01607c12a7dfc7ea22c5c2c3600cd4f0b68b9f503a,bd964edd9d91de643acb5241aae5648d,"Tue, 23 Mar 2021 09:53:51 GMT"
S3B_OL_2_WFR____20190515T060237_20190515T060537_20190516T145001_0180_025_205_2520_MAR_O_NT_002.SEN3,wqsf.nc,8281233,ba4dcc6b1ecb45f2082cce932b23e0d44636b9d8933a635eb16695704f29704d,51ca69fe07d4c6ecc2f09a5569fbbb6e,"Tue, 23 Mar 2021 09:53:51 GMT"
S3B_OL_2_WFR____20190517T065114_20190517T065414_20190518T143853_0179_025_234_2520_MAR_O_NT_002.SEN3,chl_oc4me.nc,2491662,290aed0019c679e0d8142f5c31549752314290e21bd19f9a15bb5cb98d77ebe2,84efe879227f672fee4db22f75bd7c6a,"Tue, 23 Mar 2021 01:44:37 GMT"
S3B_OL_2_WFR____20190517T065114_20190517T065414_20190518T143853_0179_025_234_2520_MAR_O_NT_002.SEN3,geo_coordinates.nc,59699418,710ee081b2ceab490af0e34ac458119f1ba0ab2c0ed6ae496f9f6314b2a9c439,d069598c18ff12a16da5fe6ded3e27be-8,"Tue, 23 Mar 2021 01:44:37 GMT"
S3B_OL_2_WFR____20190517T065114_20190517T065414_20190518T143853_0179_025_234_2520_MAR_O_NT_002.SEN3,tie_geo_coordinates.nc,1136495,0f8ed146d9815ccb5c400cf35168a1018ef6c809154d0d3b074902ad1b8e4248,ee25abb736b7155c371d8b9df0908caa,"Tue, 23 Mar 2021 01:44:37 GMT"
S3B_OL_2_WFR____20190517T065114_20190517T065414_20190518T143853_0179_025_234_2520_MAR_O_NT_002.SEN3,wqsf.nc,3779877,804a8829f0adc4eed110a31f9ed2c28d44edeef74904d312214e414e3095a18f,7f1a88e154369f4b2046cbf74e867cf0,"Tue, 23 Mar 2021 01:44:37 GMT"
S3B_OL_2_WFR____20190518T062503_20190518T062803_20190519T131957_0179_025_248_2520_MAR_O_NT_002.SEN3,chl_oc4me.nc,3952818,758f919873307e46dfef83e9253daea959feda0c2e625671c441fe70516ba439,d686bd8d6cd26c8c5522bc26767876ed,"Tue, 23 Mar 2021 09:50:56 GMT"
S3B_OL_2_WFR____20190518T062503_20190518T062803_20190519T131957_0179_025_248_2520_MAR_O_NT_002.SEN3,geo_coordinates.nc,60544610,44db964124e6d7f63aa746d08df4669654dfadce686903a70fc70754a0f2aea7,f1ee21741c523d54d924774b05e96762-8,"Tue, 23 Mar 2021 09:50:56 GMT"
S3B_OL_2_WFR____20190518T062503_20190518T062803_20190519T131957_0179_025_248_2520_MAR_O_NT_002.SEN3,tie_geo_coordinates.nc,1140035,edd4917b7329b6a98d9fa6d2a190aa503881dd78a82ab95eaf8615afd2ad79a2,395783d997fb7bb1e7904eab2c7a8c44,"Tue, 23 Mar 2021 09:50:56 GMT"
S3B_OL_2_WFR____20190518T062503_20190518T062803_20190519T131957_0179_025_248_2520_MAR_O_NT_002.SEN3,wqsf.nc,5257082,bd67fdacab45ddbeaedc407a0e09df6ce0b55cf0476cb694fccc3fe6536642e7,851d381cbfa0f15198a1a8fb578e37bf,"Tue, 23 Mar 2021 09:50:56 GMT"
S3B_OL_2_WFR____20190519T055852_20190519T060152_20190520T160746_0180_025_262_2520_MAR_O_NT_002.SEN3,chl_oc4me.nc,5545997,4dca4c2e48683a9fdb48cf47d104c29087526d839c9e9a9a7ead2ec71d9e78f2,46f7a8c5e3fd2877a28a2c45d61a6c93,"Tue, 23 Mar 2021 09:50:02 GMT"
S3B_OL_2_WFR____20190519T055852_20190519T060152_20190520T160746_0180_025_262_2520_MAR_O_NT_002.SEN3,geo_coordinates.nc,59440790,c8cd2ca1ec7bd647e1e04ae3debefea1d9cedb322bf820fb9687e633ac00df6a,351efc5fafcd391c4511a870e27ed57b-8,"Tue, 23 Mar 2021 09:50:02 GMT"
S3B_OL_2_WFR____20190519T055852_20190519T060152_20190520T160746_0180_025_262_2520_MAR_O_NT_002.SEN3,tie_geo_coordinates.nc,1136912,e8b37259fad922c647d59479d11eb9c2149db71d92ad8ae538d395c99f734d80,84f21015ad51211b54bc6d6701cd19b3,"Tue, 23 Mar 2021 09:50:02 GMT"
S3B_OL_2_WFR____20190519T055852_20190519T060152_20190520T160746_0180_025_262_2520_MAR_O_NT_002.SEN3,wqsf.nc,7670904,c59177b330e268d82121b4fbbedef0a57d8237def67802dd54aec60e02046c54,4bad5e01bd55784c7f85d0cb3892b3b9,"Tue, 23 Mar 2021 09:50:02 GMT"
S3B_OL_2_WFR____20190521T064729_20190521T065029_20190522T153822_0179_025_291_2520_MAR_O_NT_002.SEN3,chl_oc4me.nc,2245783,a7f794e1065bfeb50fc3906653935e766c2ad2d1b17737e98268ae7c0a9e55dc,62cd1f789c11aedbeb77a4acdda9be51,"Tue, 23 Mar 2021 01:42:14 GMT"
S3B_OL_2_WFR____20190521T064729_20190521T065029_20190522T153822_0179_025_291_2520_MAR_O_NT_002.SEN3,geo_coordinates.nc,59828033,2ed1b73043b9511884aee7e466d2356b6fd7abdbb0f4d3e82d2544e8963ee684,a58f61b5056226593cc3d83ce3ea8874-8,"Tue, 23 Mar 2021 01:42:14 GMT"
S3B_OL_2_WFR____20190521T064729_20190521T065029_20190522T153822_0179_025_291_2520_MAR_O_NT_002.SEN3,tie_geo_coordinates.nc,1136707,5457cf600ff3bedee30a191f0700bf9f892f9e484d83657cc6574c778755a9dd,3d3547a5beea35c7d148ef6bf705fa15,"Tue, 23 Mar 2021 01:42:14 GMT"
S3B_OL_2_WFR____20190521T064729_20190521T065029_20190522T153822_0179_025_291_2520_MAR_O_NT_002.SEN3,wqsf.nc,3967773,1a9a7b06f50602a4b0f0add532075cfb4c070adc1eb2ce6ab657a813e60fa597,0cab401df1170e9ed42641be29df4954,"Tue, 23 Mar 2021 01:42:14 GMT"
S3B_OL_2_WFR____20190522T062118_20190522T062418_20190523T144024_0179_025_305_2520_MAR_O_NT_002.SEN3,chl_oc4me.nc,5129768,23a3e1ec40e8539a12e12166562eb5b6d72e322fceaf42ed4b04eee1616a3427,c0b802438372cd85f33976c078f6e524,"Tue, 23 Mar 2021 09:47:59 GMT"
S3B_OL_2_WFR____20190522T062118_20190522T062418_20190523T144024_0179_025_305_2520_MAR_O_NT_002.SEN3,geo_coordinates.nc,60504916,4c0a2f30c17a6f425ffad027c7c285dabd87835b72096ad133bf1bda7ddf698b,7521dfa549195aea91a1741a58315d97-8,"Tue, 23 Mar 2021 09:47:59 GMT"
S3B_OL_2_WFR____20190522T062118_20190522T062418_20190523T144024_0179_025_305_2520_MAR_O_NT_002.SEN3,tie_geo_coordinates.nc,1136266,399c5371cb6e584185cdfa857aaf4f26c72e17013ed2c2255f1f76cce93a51eb,55004e8e1940db4c093ff4712226ea15,"Tue, 23 Mar 2021 09:47:59 GMT"
S3B_OL_2_WFR____20190522T062118_20190522T062418_20190523T144024_0179_025_305_2520_MAR_O_NT_002.SEN3,wqsf.nc,5856216,b56851bf8da7566215ae48f84c8b498814022110ff9f13cb8d938f8d7185eebb,c19ee0b1da9188b88b9e8ec3316b219e,"Tue, 23 Mar 2021 09:47:59 GMT"
S3B_OL_2_WFR____20190525T064344_20190525T064644_20190526T151511_0179_025_348_2520_MAR_O_NT_002.SEN3,chl_oc4me.nc,3825926,be97ec67b7629eb210a3834b68e832023481ffe97952bcd6b00dfba74c3f3b8e,f1c2bf26c895641a78e623e048fd16d8,"Tue, 23 Mar 2021 09:45:36 GMT"
S3B_OL_2_WFR____20190525T064344_20190525T064644_20190526T151511_0179_025_348_2520_MAR_O_NT_002.SEN3,geo_coordinates.nc,59985908,b8b2982316a4f0e02ed9b3b4483eb7bae90dfd08248dfc1d61d97d08d87f1db2,50f236f54b4041a76a24caad09a17ac7-8,"Tue, 23 Mar 2021 09:45:36 GMT"
S3B_OL_2_WFR____20190525T064344_20190525T064644_20190526T151511_0179_025_348_2520_MAR_O_NT_002.SEN3,tie_geo_coordinates.nc,1136291,c8969ab325e587dd82277713588b63ec1ddb94977a170b78e73d1d96d777c2ed,ed3d84fbe77d6ebe4255738ea84d14d4,"Tue, 23 Mar 2021 09:45:36 GMT"
S3B_OL_2_WFR____20190525T064344_20190525T064644_20190526T151511_0179_025_348_2520_MAR_O_NT_002.SEN3,wqsf.nc,3905211,0bd344b8f595f6fb32feca24b62f05c0a940ca7d68ff9472c15f269c1e5d5528,66a77bcf3eeeaa1a39fe99cd94e30784,"Tue, 23 Mar 2021 09:45:36 GMT"
S3B_OL_2_WFR____20190526T061733_20190526T062033_20190527T162424_0179_025_362_2520_MAR_O_NT_002.SEN3,chl_oc4me.nc,6567177,c26d8b3891445f994a182c6153fd6a5c538e6780e118afce502242c53258aaa9,2eae11dc0a7cdc87bdbf0fcdd7fc6729,"Tue, 23 Mar 2021 01:39:22 GMT"
S3B_OL_2_WFR____20190526T061733_20190526T062033_20190527T162424_0179_025_362_2520_MAR_O_NT_002.SEN3,geo_coordinates.nc,60384642,1ddfe5c69781f4a055498eeb36dc46e7776be66d489c96f2f1dd42bb8bc05856,3d45a8e2ba9d0e6a85844674fe4e1d03-8,"Tue, 23 Mar 2021 01:39:22 GMT"
S3B_OL_2_WFR____20190526T061733_20190526T062033_20190527T162424_0179_025_362_2520_MAR_O_NT_002.SEN3,tie_geo_coordinates.nc,1137036,78b882628d446eb99a857e64e00cc8338604ac27110927402ecfa03c2a6a0069,c7c0c1a21120d8d12d3219acc9a59fb3,"Tue, 23 Mar 2021 01:39:22 GMT"
S3B_OL_2_WFR____20190526T061733_20190526T062033_20190527T162424_0179_025_362_2520_MAR_O_NT_002.SEN3,wqsf.nc,5825309,7dbe840038362b7a820893c599b84bb6882867f1fc08e3dab52f9ed0ea62013c,4419bd327ca408103f472d345561cacf,"Tue, 23 Mar 2021 01:39:22 GMT"
S3B_OL_2_WFR____20190529T063959_20190529T064259_20190530T151320_0179_026_020_2520_MAR_O_NT_002.SEN3,chl_oc4me.nc,4126182,d76ded1e5747f52b0f2f4f39f4971347fc3654a5e6487853c76f91e9ce467f8d,b7d9f75629e80eb900e897ba7df9413d,"Tue, 23 Mar 2021 09:42:36 GMT"
S3B_OL_2_WFR____20190529T063959_20190529T064259_20190530T151320_0179_026_020_2520_MAR_O_NT_002.SEN3,geo_coordinates.nc,60133827,266e275625fa176c3d380d7e937132e3e3f918f43111fa52194b31822cf50b78,c68ec68617733f11c93f8dcd250a03b2-8,"Tue, 23 Mar 2021 09:42:36 GMT"
S3B_OL_2_WFR____20190529T063959_20190529T064259_20190530T151320_0179_026_020_2520_MAR_O_NT_002.SEN3,tie_geo_coordinates.nc,1135685,f6823574596239969977ef2d9fda46e39425753b5775950e236567a0104ece28,8d24ffc11414a6e296cace2d381b91ab,"Tue, 23 Mar 2021 09:42:36 GMT"
S3B_OL_2_WFR____20190529T063959_20190529T064259_20190530T151320_0179_026_020_2520_MAR_O_NT_002.SEN3,wqsf.nc,4208574,8c2d032c0ad5be48fb072d7b60aaad1b6c6dd42785c97c861382bd973d7edafa,679e7801c2902b182b79ec923b714b6f,"Tue, 23 Mar 2021 09:42:36 GMT"
S3B_OL_2_WFR____20190602T063613_20190602T063913_20190603T143628_0179_026_077_2520_MAR_O_NT_002.SEN3,chl_oc4me.nc,4148366,8a83d5e52ac340062761370829e07ebece6d966280e02c1f499fa07edb841a9a,404b2295d7190d8a6b228bea1d2400d6,"Tue, 23 Mar 2021 09:39:11 GMT"
S3B_OL_2_WFR____20190602T063613_20190602T063913_20190603T143628_0179_026_077_2520_MAR_O_NT_002.SEN3,geo_coordinates.nc,60298485,13f7eb6a13f5b3167d8bc5810cd2bd16bec5387c291c031e6c8e8aa2147c20bb,d060ee39eac1e60be4e4fa7457f1a7ce-8,"Tue, 23 Mar 2021 09:39:11 GMT"
S3B_OL_2_WFR____20190602T063613_20190602T063913_20190603T143628_0179_026_077_2520_MAR_O_NT_002.SEN3,tie_geo_coordinates.nc,1141709,d439d359a2aaff618e6dca82c5d14827891359bbc39503e7624655083139cb0e,b06795f299db634093e660c37e8b56c8,"Tue, 23 Mar 2021 09:39:11 GMT"
S3B_OL_2_WFR____20190602T063613_20190602T063913_20190603T143628_0179_026_077_2520_MAR_O_NT_002.SEN3,wqsf.nc,5318289,d2fb5187ea98e00bebd358fc9434ef7fc41f1fc8eb75af26ce806bc3af53f33d,8aa2bcac58491baba2fc1a01d01e8f40,"Tue, 23 Mar 2021 09:39:11 GMT"
S3B_OL_2_WFR____20190603T061002_20190603T061302_20190604T161017_0179_026_091_2520_MAR_O_NT_002.SEN3,chl_oc4me.nc,7605121,d5879f3c357558046917a968886e7618591b7d1029024050136fc96c23f6c62d,0eab9301a3a640d250cd0f80216356bd,"Tue, 23 Mar 2021 09:38:10 GMT"
S3B_OL_2_WFR____20190603T061002_20190603T061302_20190604T161017_0179_026_091_2520_MAR_O_NT_002.SEN3,geo_coordinates.nc,59905086,058e15bbc55b9d7af0e003e37a1df335ceaeb2ae211a05dca1e3696cf1356f32,4f73f4471b669a9c88988403eae73903-8,"Tue, 23 Mar 2021 09:38:09 GMT"
S3B_OL_2_WFR____20190603T061002_20190603T061302_20190604T161017_0179_026_091_2520_MAR_O_NT_002.SEN3,tie_geo_coordinates.nc,1133175,a986be98ea6214aaf30fd910f860136f462ef051855b4ee2d66068ad933ff599,80a685b4ab553169b5caba2fef31b946,"Tue, 23 Mar 2021 09:38:09 GMT"
S3B_OL_2_WFR____20190603T061002_20190603T061302_20190604T161017_0179_026_091_2520_MAR_O_NT_002.SEN3,wqsf.nc,7148096,61e076e137685911953f62a00dd4bb878feb85d82134e34468d5a26800de5bd0,4bde4f074a1672b965f5ee0d5d8c2a53,"Tue, 23 Mar 2021 09:38:09 GMT"
S3B_OL_2_WFR____20190605T065839_20190605T070139_20190606T130315_0179_026_120_2520_MAR_O_NT_002.SEN3,tie_geo_coordinates.nc,1139559,41e5deae81783fc36b6ccf79756c27d51aa49a3bbbe8a07275fbaf482d6ec12b,b86f0dccf1786696524e446d017a17a2,"Tue, 23 Mar 2021 09:35:28 GMT"
S3B_OL_2_WFR____20190606T063228_20190606T063528_20190607T152223_0179_026_134_2520_MAR_O_NT_002.SEN3,chl_oc4me.nc,4459939,fea21214dd9514b23c43b8b6577378e1977089cc1d6c6f84d9c6448e041a0e0a,9edcaa0e0b042d86c1d6f9c302da78d0,"Tue, 23 Mar 2021 01:30:29 GMT"
S3B_OL_2_WFR____20190606T063228_20190606T063528_20190607T152223_0179_026_134_2520_MAR_O_NT_002.SEN3,geo_coordinates.nc,60446857,0ecb05635e26c4adea8c57600a13a88bd1b55703b1c7f42de78d9f1d8db4fcb4,3f7eb92d755033eef520fbe48e2b26c3-8,"Tue, 23 Mar 2021 01:30:29 GMT"
S3B_OL_2_WFR____20190606T063228_20190606T063528_20190607T152223_0179_026_134_2520_MAR_O_NT_002.SEN3,tie_geo_coordinates.nc,1137733,e2a506db612724d1518b69bbcacd511cf9e0fa63f05b4c95311c42100c3ff96b,0bde377ff356f8c0e9c0d5efb15ef587,"Tue, 23 Mar 2021 01:30:29 GMT"
S3B_OL_2_WFR____20190606T063228_20190606T063528_20190607T152223_0179_026_134_2520_MAR_O_NT_002.SEN3,wqsf.nc,3919791,1a18e0221914ea4fed768be9be54b9abf52d717b85d086e6d7a940b6f513de05,6c0c33f0212946993dcc746e8c191bb2,"Tue, 23 Mar 2021 01:30:29 GMT"
S3B_OL_2_WFR____20190607T060617_20190607T060917_20190608T153600_0179_026_148_2520_MAR_O_NT_002.SEN3,chl_oc4me.nc,7961333,626d518f888fe8c86806887924c9f2fa0c65b28b394d2df101b573497749d981,e416fd8cb437759654eb978892de0829,"Tue, 23 Mar 2021 09:34:41 GMT"
S3B_OL_2_WFR____20190607T060617_20190607T060917_20190608T153600_0179_026_148_2520_MAR_O_NT_002.SEN3,geo_coordinates.nc,59767237,fbef2e2b7fb47a1b508808791a52c3f0565b90ef27678de3c0dd55946aac9ed1,1c5028abf366e4361e960b863d136741-8,"Tue, 23 Mar 2021 09:34:41 GMT"
S3B_OL_2_WFR____20190607T060617_20190607T060917_20190608T153600_0179_026_148_2520_MAR_O_NT_002.SEN3,tie_geo_coordinates.nc,1133179,ee9f12ea1f07d5b4d96b8357cf0778d398f1d3a6ab51d9390aba809e1eb4ab0f,c56825d5a848ef4172871278b3791917,"Tue, 23 Mar 2021 09:34:41 GMT"
S3B_OL_2_WFR____20190607T060617_20190607T060917_20190608T153600_0179_026_148_2520_MAR_O_NT_002.SEN3,wqsf.nc,6546368,27ccba35ea76a8f13280ba6ca2f68db163852c2562106bb7f2a8103cb40def5b,a3ef311cefd79204abed59898f421ff2,"Tue, 23 Mar 2021 09:34:41 GMT"
S3B_OL_2_WFR____20190609T065454_20190609T065754_20190610T142219_0180_026_177_2520_MAR_O_NT_002.SEN3,tie_geo_coordinates.nc,1137492,acedffd274bb7d4756519aa604a663b9a34d2ae91af1ebf54117032e5ea638ac,bedeaa130a13b2ac8f2ecdee85ae4e69,"Tue, 23 Mar 2021 01:29:01 GMT"
S3B_OL_2_WFR____20190610T062843_20190610T063143_20190611T132218_0179_026_191_2520_MAR_O_NT_002.SEN3,chl_oc4me.nc,5083779,02aa7c4f64648b1d68198ad37a198d8715c503693b28ae03f3c79a3d2fc4c216,6a8982004c1b6674dfd54ea7b3134693,"Tue, 23 Mar 2021 09:31:52 GMT"
S3B_OL_2_WFR____20190610T062843_20190610T063143_20190611T132218_0179_026_191_2520_MAR_O_NT_002.SEN3,geo_coordinates.nc,60492213,b7135ecfee76e00e82a0a0ecb66e9cedb6eefc5b9d484ca8ff4b01682bfef132,14d12e2efa7fd9bcaa8bac698276b39b-8,"Tue, 23 Mar 2021 09:31:52 GMT"
S3B_OL_2_WFR____20190610T062843_20190610T063143_20190611T132218_0179_026_191_2520_MAR_O_NT_002.SEN3,tie_geo_coordinates.nc,1137761,9093dcecd6ae1df9968ee7fb0de26948dce001dfa098613f8c16b2932ca1b3e4,7117b78dc69ba07facc61fce303c3ec8,"Tue, 23 Mar 2021 09:31:51 GMT"
S3B_OL_2_WFR____20190610T062843_20190610T063143_20190611T132218_0179_026_191_2520_MAR_O_NT_002.SEN3,wqsf.nc,4735200,52b21c65afb853d718095c72c2b536be1f68134cecd5bfcc4636ce765a497bfd,0bbe74974cd80f007e6f2b6ae5804621,"Tue, 23 Mar 2021 09:31:52 GMT"
S3B_OL_2_WFR____20190611T060232_20190611T060532_20190612T124554_0179_026_205_2520_MAR_O_NT_002.SEN3,chl_oc4me.nc,7543607,bfad997377ff2ac6b1c591fefbb6b96363263c22a13cfdafcbb956a6cf9bbaee,52b5c27ec99bdff683e5ce9e08ef05b7,"Tue, 23 Mar 2021 01:28:16 GMT"
S3B_OL_2_WFR____20190611T060232_20190611T060532_20190612T124554_0179_026_205_2520_MAR_O_NT_002.SEN3,geo_coordinates.nc,59625689,38178fb4882b492d528f47a622c56cdc71ed88c6889df527c4e1cd9f7dd09f2b,9461703f3357e3d1fdef67ff37401d33-8,"Tue, 23 Mar 2021 01:28:16 GMT"
S3B_OL_2_WFR____20190611T060232_20190611T060532_20190612T124554_0179_026_205_2520_MAR_O_NT_002.SEN3,tie_geo_coordinates.nc,1131928,c38b2b7b6d0fc5325d6761b013503ce425916f5cca883bab9953a6edd3d8f471,919b881ce43d541b571d5b3f7fbdf8ed,"Tue, 23 Mar 2021 01:28:16 GMT"
S3B_OL_2_WFR____20190611T060232_20190611T060532_20190612T124554_0179_026_205_2520_MAR_O_NT_002.SEN3,wqsf.nc,7518485,3151dc078215aa73505ecadf00645c44f822f504af425771141661ce16de5acc,f10308b6f3007109064418c8e9a3ed4e,"Tue, 23 Mar 2021 01:28:16 GMT"
S3B_OL_2_WFR____20190613T065109_20190613T065409_20190614T134616_0179_026_234_2520_MAR_O_NT_002.SEN3,chl_oc4me.nc,2967241,ba61821bd304fd0282879f33c4edb38ab6f60447d608663ae98df13cc9741d0e,5e9ebc7e6a33221d4ffdfe96adacd6cb,"Tue, 23 Mar 2021 09:29:39 GMT"
S3B_OL_2_WFR____20190613T065109_20190613T065409_20190614T134616_0179_026_234_2520_MAR_O_NT_002.SEN3,geo_coordinates.nc,59680077,aca69110a50317af21a33b0b37e36c8dbf4fb4711f473927f7d750123bed2ce4,ffa95e4254d260e4ac0a9470e332b2b9-8,"Tue, 23 Mar 2021 09:29:39 GMT"
S3B_OL_2_WFR____20190613T065109_20190613T065409_20190614T134616_0179_026_234_2520_MAR_O_NT_002.SEN3,tie_geo_coordinates.nc,1140026,c39af4a26cfdf05abca7355d019f2f59a2b4a420ef597f10ccef860eba47e2b9,f3082e03b1a76d57ae99abefc917743c,"Tue, 23 Mar 2021 09:29:39 GMT"
S3B_OL_2_WFR____20190613T065109_20190613T065409_20190614T134616_0179_026_234_2520_MAR_O_NT_002.SEN3,wqsf.nc,3610012,4c1bb588118fac579eff3adace529f61bc8a93a456faa106f3cfa9d2d675e9a9,de2862c6f2a2fd938e715f871cf57c6e,"Tue, 23 Mar 2021 09:29:39 GMT"
S3B_OL_2_WFR____20190614T062458_20190614T062758_20190615T123334_0179_026_248_2520_MAR_O_NT_002.SEN3,chl_oc4me.nc,5324741,54c806279a30053fefc7fc6c8b2bb7f905a0ee75317d26bbbdb4fabec12a8973,573a7e44dd31dbb90e4c5af7248a356c,"Tue, 23 Mar 2021 01:26:21 GMT"
S3B_OL_2_WFR____20190614T062458_20190614T062758_20190615T123334_0179_026_248_2520_MAR_O_NT_002.SEN3,geo_coordinates.nc,60513787,f5f01e1e2691a1c3ffca9f540955a0a41c8d4481594589287bf16940e4fb3783,cb841453681b63b05d8f1f78d1dd4325-8,"Tue, 23 Mar 2021 01:26:21 GMT"
S3B_OL_2_WFR____20190614T062458_20190614T062758_20190615T123334_0179_026_248_2520_MAR_O_NT_002.SEN3,tie_geo_coordinates.nc,1138173,c15f2402f5306ad08375f302300d258b80c013f6c5ec8bd5a87a25de530fe522,b3328a0daba1c2203f6fa0cf2ce51248,"Tue, 23 Mar 2021 01:26:21 GMT"
S3B_OL_2_WFR____20190614T062458_20190614T062758_20190615T123334_0179_026_248_2520_MAR_O_NT_002.SEN3,wqsf.nc,4765964,c7918632c83cc51891cf07afbdb355a212ce9b4c8d3b835a3dacc723fdcd6b05,13d535e28f17919eba60248c5c1a433f,"Tue, 23 Mar 2021 01:26:21 GMT"
S3B_OL_2_WFR____20190615T055847_20190615T060147_20190616T122658_0180_026_262_2520_MAR_O_NT_002.SEN3,chl_oc4me.nc,4710355,7ee8f3ac6fa8ebd8c5c809f7d18f647401319dc76d95f2be8eaac6f72646dc9b,316fe3e314c86933fed94b7cfa59ab3c,"Tue, 23 Mar 2021 01:25:35 GMT"
S3B_OL_2_WFR____20190615T055847_20190615T060147_20190616T122658_0180_026_262_2520_MAR_O_NT_002.SEN3,geo_coordinates.nc,59386998,4f079aa172b51dfbb32e77f4445ccfddf48db9a21fbbf3f6aa838cbc07cf8b04,91e2dbf18cadd756021846d35e8bb2c2-8,"Tue, 23 Mar 2021 01:25:35 GMT"
S3B_OL_2_WFR____20190615T055847_20190615T060147_20190616T122658_0180_026_262_2520_MAR_O_NT_002.SEN3,tie_geo_coordinates.nc,1137868,86406900720c770bcc8df40fb8c1a4f2fb20746e109dba1660ff337539744f3c,891c09c1bc315a73a453b03d086ae308,"Tue, 23 Mar 2021 01:25:35 GMT"
S3B_OL_2_WFR____20190615T055847_20190615T060147_20190616T122658_0180_026_262_2520_MAR_O_NT_002.SEN3,wqsf.nc,4639116,1c28a8ec3302a34be1e38e7f07f5f8dff5309dc7332fa6f1bea91cb133f6d1cd,3d5d0b4a5945f417eb386b65438df4e7,"Tue, 23 Mar 2021 01:25:35 GMT"
S3B_OL_2_WFR____20190617T064725_20190617T065025_20190618T162332_0179_026_291_2520_MAR_O_NT_002.SEN3,chl_oc4me.nc,2725508,4b038647d04ee090f7bc4f96c925b695ffa13f471eeee6dbcebf2950df78f2a3,d3555a0d0cfd6bdc3044d27ef5dbf525,"Tue, 23 Mar 2021 01:23:55 GMT"
S3B_OL_2_WFR____20190617T064725_20190617T065025_20190618T162332_0179_026_291_2520_MAR_O_NT_002.SEN3,geo_coordinates.nc,59832837,43ef7e7feb83c900650ec1e964dcab2c484049bcda79d29ec315db976d416410,c162ce97b792b7ca51d2c03925cc70ef-8,"Tue, 23 Mar 2021 01:23:55 GMT"
S3B_OL_2_WFR____20190617T064725_20190617T065025_20190618T162332_0179_026_291_2520_MAR_O_NT_002.SEN3,tie_geo_coordinates.nc,1135961,1bb19518cb3fc1b53ab9888755faa6a9b438386ed2a930a4e44a89e81dd2c3b4,82baa0da878e2ef6c783483916188374,"Tue, 23 Mar 2021 01:23:55 GMT"
S3B_OL_2_WFR____20190617T064725_20190617T065025_20190618T162332_0179_026_291_2520_MAR_O_NT_002.SEN3,wqsf.nc,4154210,159bea56be81feb26f2ebea43a13152610c845901dbb4ab6c2c93a34bff070ce,f64cf5aa4b215d3a8d76863e3945c743,"Tue, 23 Mar 2021 01:23:55 GMT"
S3B_OL_2_WFR____20190618T062114_20190618T062414_20190619T153821_0179_026_305_2520_MAR_O_NT_002.SEN3,chl_oc4me.nc,5955431,82e0fbe139d88a48371dae36ba17b6a13e45d93e0f9835691113f30501708522,a0fc74481686c7730c63263ccea9dd10,"Tue, 23 Mar 2021 09:25:39 GMT"
S3B_OL_2_WFR____20190618T062114_20190618T062414_20190619T153821_0179_026_305_2520_MAR_O_NT_002.SEN3,geo_coordinates.nc,60505077,cbf9bc889ed8b414b275e2cc0feedbb29aeb76d528500561d29111186b4e3223,f99fa6374c69e2300b678ffa6733cfeb-8,"Tue, 23 Mar 2021 09:25:39 GMT"
S3B_OL_2_WFR____20190618T062114_20190618T062414_20190619T153821_0179_026_305_2520_MAR_O_NT_002.SEN3,tie_geo_coordinates.nc,1137508,6680c09c091d6bdd63a15998ff5fd17066f8b2300050416908505fa316542da6,773c1f18fba86f04dc855b16ab160d8f,"Tue, 23 Mar 2021 09:25:39 GMT"
S3B_OL_2_WFR____20190618T062114_20190618T062414_20190619T153821_0179_026_305_2520_MAR_O_NT_002.SEN3,wqsf.nc,5396317,6e552dcaf370a8707c8899149e120a5e2982d4a40236ca88d0ea18a23b746d87,d388091ab981a9af32e0f45d830217c7,"Tue, 23 Mar 2021 09:25:39 GMT"
S3B_OL_2_WFR____20190621T064340_20190621T064640_20190622T150851_0179_026_348_2520_MAR_O_NT_002.SEN3,chl_oc4me.nc,3578546,eb00320fbbb12d68a5a714299e17ffb409c7a051cc0cad9f0026fbc2d2ca8680,18edfd1a8f69734474a401766fc68e78,"Tue, 23 Mar 2021 09:23:10 GMT"
S3B_OL_2_WFR____20190621T064340_20190621T064640_20190622T150851_0179_026_348_2520_MAR_O_NT_002.SEN3,geo_coordinates.nc,59986178,c19cb90bb5c53f438f3c0dea403c5a883d31c4bec9b9a8118dd6e8d9617236da,83f17e5be8d78bf8a55875aecb81c9cd-8,"Tue, 23 Mar 2021 09:23:11 GMT"
S3B_OL_2_WFR____20190621T064340_20190621T064640_20190622T150851_0179_026_348_2520_MAR_O_NT_002.SEN3,tie_geo_coordinates.nc,1140230,cf89fbb7b1f1fd22d5e1329fc5f63775f15b70ed32f2b65a048395a445b67bf3,f5b625fd733f980fdbfb32a310f46914,"Tue, 23 Mar 2021 09:23:10 GMT"
S3B_OL_2_WFR____20190621T064340_20190621T064640_20190622T150851_0179_026_348_2520_MAR_O_NT_002.SEN3,wqsf.nc,4360234,41473094e8eee3d30c1f413585431774fdea721842b6193bccb05ff90050bc1d,da4be413c264c590188fafb479558a5e,"Tue, 23 Mar 2021 09:23:11 GMT"
S3B_OL_2_WFR____20190622T061729_20190622T062029_20190623T121813_0180_026_362_2520_MAR_O_NT_002.SEN3,chl_oc4me.nc,5434901,80b2aeab0fc4f374e969fdb7df01e7255b42ec9982eb8ee16769dfe5035156de,54e07592285538ae218e0c1ad40878f4,"Tue, 23 Mar 2021 01:21:41 GMT"
S3B_OL_2_WFR____20190622T061729_20190622T062029_20190623T121813_0180_026_362_2520_MAR_O_NT_002.SEN3,geo_coordinates.nc,60361789,fad9e165ead84918fc61b6bae4a2c29ebeb53f450047eb502e817e72afa31314,25f48d15717b1995bab57c2e0bf42971-8,"Tue, 23 Mar 2021 01:21:41 GMT"
S3B_OL_2_WFR____20190622T061729_20190622T062029_20190623T121813_0180_026_362_2520_MAR_O_NT_002.SEN3,tie_geo_coordinates.nc,1133879,3378e37a9b0a8a20c1fd67968366f684b2f9ff6857d3145e7e7fa105a56bd1c5,ee6cdbb7b39b5248c610d6510daa4291,"Tue, 23 Mar 2021 01:21:41 GMT"
S3B_OL_2_WFR____20190622T061729_20190622T062029_20190623T121813_0180_026_362_2520_MAR_O_NT_002.SEN3,wqsf.nc,6374271,99a9fec232fa6e4f24bb81c5b65eed51c3c673fdb1c73a3bf824a7903e1a602b,9262bf02834005d1332503b14809e283,"Tue, 23 Mar 2021 01:21:41 GMT"
S3B_OL_2_WFR____20190625T063956_20190625T064256_20190626T155427_0179_027_020_2520_MAR_O_NT_002.SEN3,chl_oc4me.nc,3966991,cc7355244ff91c6b1cb30d8b0eb7bd9f0f701a56184b5ae01b414ee2abfa28a2,bdae28e9b5ced668115c75e66e0f4742,"Tue, 23 Mar 2021 09:19:23 GMT"
S3B_OL_2_WFR____20190625T063956_20190625T064256_20190626T155427_0179_027_020_2520_MAR_O_NT_002.SEN3,geo_coordinates.nc,60126834,0bff09a2946f2054e80ab8660ebd479efadca95d9742b49e7c364bddcb176891,6b4b4f8dac88205c5b5ff41e6dc58d8b-8,"Tue, 23 Mar 2021 09:19:23 GMT"
S3B_OL_2_WFR____20190625T063956_20190625T064256_20190626T155427_0179_027_020_2520_MAR_O_NT_002.SEN3,tie_geo_coordinates.nc,1140092,bc24a70f2f0624a18cfa4a477b15dee6a98e5b4ef97edc6a809f4ae1ccf43ec3,f5302fd8738358c49180ab4b7736a16d,"Tue, 23 Mar 2021 09:19:23 GMT"
S3B_OL_2_WFR____20190625T063956_20190625T064256_20190626T155427_0179_027_020_2520_MAR_O_NT_002.SEN3,wqsf.nc,4859363,2c9a469db74923a1bd3c1cf0fc33ccd478b562096b7c92cdfa84a8e3a8616192,0e097eec409ac20ba663cbba4fe2e5c2,"Tue, 23 Mar 2021 09:19:23 GMT"
S3B_OL_2_WFR____20190626T061346_20190626T061646_20190627T153137_0180_027_034_2520_MAR_O_NT_002.SEN3,chl_oc4me.nc,5818130,9fbb2ab0027b214827a05753f27771bcafc462e11a59b2237e067e1649665195,da137d40aa12d47b69a2052352a74068,"Tue, 23 Mar 2021 01:18:56 GMT"
S3B_OL_2_WFR____20190626T061346_20190626T061646_20190627T153137_0180_027_034_2520_MAR_O_NT_002.SEN3,geo_coordinates.nc,60156695,4a62772d1ec2e4aeedc44481ad5cb610a96e3e1c12d7d83864928792043ce5c8,c36ef693d51e61ce3ee9ca8950625a72-8,"Tue, 23 Mar 2021 01:18:56 GMT"
S3B_OL_2_WFR____20190626T061346_20190626T061646_20190627T153137_0180_027_034_2520_MAR_O_NT_002.SEN3,tie_geo_coordinates.nc,1134106,f9e903620367e3c89bd079bbdb338896638dc09d2ee8e9815983a4c81762ee4d,2b5e912fa7788fefa575504e534f9f94,"Tue, 23 Mar 2021 01:18:56 GMT"
S3B_OL_2_WFR____20190626T061346_20190626T061646_20190627T153137_0180_027_034_2520_MAR_O_NT_002.SEN3,wqsf.nc,6862753,4f20a6e2b3fcdad694f79a20ab68f9139febdb2ea6d13733546bd7959f1b2254,8ef23ebecbff26cf241ea90614edb303,"Tue, 23 Mar 2021 01:18:56 GMT"
S3B_OL_2_WFR____20190629T063613_20190629T063913_20190630T153305_0179_027_077_2520_MAR_O_NT_002.SEN3,chl_oc4me.nc,4624199,ab41bbcb3b90524123b994466006a3169d59ce7573c37985a91fe7a2b87340ae,834d2ade5221fb813631270a907b7473,"Tue, 23 Mar 2021 09:16:06 GMT"
S3B_OL_2_WFR____20190629T063613_20190629T063913_20190630T153305_0179_027_077_2520_MAR_O_NT_002.SEN3,geo_coordinates.nc,60291864,77aa8daf81d5a845bfd3e572c977dbacbd31656f4a9d2ba94a734cc496a09068,19efc2a9355c9888d87d2ef511c7d965-8,"Tue, 23 Mar 2021 09:16:06 GMT"
S3B_OL_2_WFR____20190629T063613_20190629T063913_20190630T153305_0179_027_077_2520_MAR_O_NT_002.SEN3,tie_geo_coordinates.nc,1137967,a1748bf88fa8882116a963cc93bce4c657bea1f93cacbf27e69546cf1ce11e38,228a977be267a747d25c2d8b347e2220,"Tue, 23 Mar 2021 09:16:06 GMT"
S3B_OL_2_WFR____20190629T063613_20190629T063913_20190630T153305_0179_027_077_2520_MAR_O_NT_002.SEN3,wqsf.nc,4495936,0047ec9628e92bfdde621e7be24c12e4e6504815bdbe5767b2b113174e8d1df0,9bf8329c28fa34c9f1feb5c134f0f08c,"Tue, 23 Mar 2021 09:16:06 GMT"
S3B_OL_2_WFR____20190630T061002_20190630T061302_20190701T135817_0179_027_091_2520_MAR_O_NT_002.SEN3,chl_oc4me.nc,6914673,cdf19593cb708c4c3c8b7d840f46d9592161feaacb2e45889667bd53eecbcd14,b6db377c33730c845e4fd50b0e4c7f8e,"Tue, 23 Mar 2021 01:16:15 GMT"
S3B_OL_2_WFR____20190630T061002_20190630T061302_20190701T135817_0179_027_091_2520_MAR_O_NT_002.SEN3,geo_coordinates.nc,59916245,76d7a0139ba715cee641f64c364acdd1ad166c9ce63afdf4ff657fb35a34b110,3e2bc85b7cdcf80b0ba684beb79b546d-8,"Tue, 23 Mar 2021 01:16:16 GMT"
S3B_OL_2_WFR____20190630T061002_20190630T061302_20190701T135817_0179_027_091_2520_MAR_O_NT_002.SEN3,tie_geo_coordinates.nc,1131962,118bd63411e00fce12f147b3b2b58a3fb7ca44e68f09e3862d3a7ef466f9245d,bcb1253c7296249b5f0ab4224f1ff894,"Tue, 23 Mar 2021 01:16:16 GMT"
S3B_OL_2_WFR____20190630T061002_20190630T061302_20190701T135817_0179_027_091_2520_MAR_O_NT_002.SEN3,wqsf.nc,7351161,9f58159bf71dcdf40f0d43165f7fa7fd8e0552a85e55f7f36e40a79069a75e8f,1d87fb8b060dfd1ed9bfe53d0543eae6,"Tue, 23 Mar 2021 01:16:16 GMT"
S3B_OL_2_WFR____20190702T065840_20190702T070140_20190703T172357_0179_027_120_2520_MAR_O_NT_002.SEN3,tie_geo_coordinates.nc,1139096,6c319d77c06c8270bb099c2db8714fe3001e8f487870fc7d0910bb11cb5c8f9b,ef49ffbb928cebada8629e7eefdcb727,"Tue, 23 Mar 2021 01:14:32 GMT"
S3B_OL_2_WFR____20190703T063229_20190703T063529_20190704T131554_0179_027_134_2520_MAR_O_NT_002.SEN3,chl_oc4me.nc,4534353,7041f96ccbfd053fea237513dfd8f54015317a0ab14742cd6f2eef52f580af10,33390e52df9a2de009ad4011434fe147,"Tue, 23 Mar 2021 09:12:29 GMT"
S3B_OL_2_WFR____20190703T063229_20190703T063529_20190704T131554_0179_027_134_2520_MAR_O_NT_002.SEN3,geo_coordinates.nc,60465673,b0ef73c6028c060d037d31d834ff3b44b5dbba53dff1f8d6ab4c7055ce2bf674,17f223e65c5c60e8321d86885769b175-8,"Tue, 23 Mar 2021 09:12:29 GMT"
S3B_OL_2_WFR____20190703T063229_20190703T063529_20190704T131554_0179_027_134_2520_MAR_O_NT_002.SEN3,tie_geo_coordinates.nc,1140723,4a907ccd7c1f1e8dd32f1f73bdab825d573f7c0ad2515e275ecd34ba6ffc1792,18d5d5dc1b84190888842484869eddef,"Tue, 23 Mar 2021 09:12:29 GMT"
S3B_OL_2_WFR____20190703T063229_20190703T063529_20190704T131554_0179_027_134_2520_MAR_O_NT_002.SEN3,wqsf.nc,4718233,5dc226f2b9e860bc150f2098f7e3af64c7b4cafc45aac161046af2378054512e,b6bee612f39bd01d5d531f7a2e58020e,"Tue, 23 Mar 2021 09:12:29 GMT"
S3B_OL_2_WFR____20190704T060618_20190704T060918_20190705T123906_0179_027_148_2520_MAR_O_NT_002.SEN3,chl_oc4me.nc,3964007,050eb5e586a8556293b5ef130c2593e16eaaca2aa44b638689d1b37e808cdaac,cd69bd4ee76077ce52c9f6011266da01,"Tue, 23 Mar 2021 01:13:44 GMT"
S3B_OL_2_WFR____20190704T060618_20190704T060918_20190705T123906_0179_027_148_2520_MAR_O_NT_002.SEN3,geo_coordinates.nc,59764691,c713c8b09afd7c4e6e0097ba73d647a489b5117de769fee06c8b4fa6a7465488,55308c3b315d5e2d91fcf3a03bce797f-8,"Tue, 23 Mar 2021 01:13:44 GMT"
S3B_OL_2_WFR____20190704T060618_20190704T060918_20190705T123906_0179_027_148_2520_MAR_O_NT_002.SEN3,tie_geo_coordinates.nc,1133217,48ec1aa764574c533d5df5523324739901c1267b8fcec59d9129ff74c15cb970,920d409107c3f7c3a4ae56de759ae5e2,"Tue, 23 Mar 2021 01:13:44 GMT"
S3B_OL_2_WFR____20190704T060618_20190704T060918_20190705T123906_0179_027_148_2520_MAR_O_NT_002.SEN3,wqsf.nc,7905370,4b2c663f100b6d0a1065d03266be73180979d1c52ae71d5b5cfbe637a35c1d21,72d482bb3c3ba6973ef21f0647be7d4a,"Tue, 23 Mar 2021 01:13:44 GMT"
S3B_OL_2_WFR____20190706T065456_20190706T065756_20190707T141950_0179_027_177_2520_MAR_O_NT_002.SEN3,tie_geo_coordinates.nc,1138024,6a3d52a2e2382c11f9062f96fa0f872b0c131c774f45644e2f50fbf7b2644d40,5bc25967042af56a640de45bbe5d204c,"Tue, 23 Mar 2021 09:10:35 GMT"
S3B_OL_2_WFR____20190707T062845_20190707T063145_20190708T121820_0179_027_191_2520_MAR_O_NT_002.SEN3,chl_oc4me.nc,4696827,4c0956874b8c076fb9e5897be8d4cfe8b3f6c82e28cc70a86f731705c2cdd5e5,6cf11b0125a59dca3b42baeb2c286772,"Tue, 23 Mar 2021 01:11:46 GMT"
S3B_OL_2_WFR____20190707T062845_20190707T063145_20190708T121820_0179_027_191_2520_MAR_O_NT_002.SEN3,geo_coordinates.nc,60473647,4664eacfb0a204cb2c12dc9802df4d6618642c1bbd83b048e38695f6df3a5936,87d08dc9b7596975823a483736b321df-8,"Tue, 23 Mar 2021 01:11:46 GMT"
S3B_OL_2_WFR____20190707T062845_20190707T063145_20190708T121820_0179_027_191_2520_MAR_O_NT_002.SEN3,tie_geo_coordinates.nc,1136090,67c40f63716a14567acd98991db50e6167515d3ab54fd524ef10ba6f849dc507,5c35e9459228d39e2710bd1f194543e3,"Tue, 23 Mar 2021 01:11:45 GMT"
S3B_OL_2_WFR____20190707T062845_20190707T063145_20190708T121820_0179_027_191_2520_MAR_O_NT_002.SEN3,wqsf.nc,5039420,ac1e986f73f552431dbf60222c84ec1a8d95f234c803ce2d227f97996ad06b99,e533c0a29e3ae02b8b41bb636a6dbf37,"Tue, 23 Mar 2021 01:11:46 GMT"
S3B_OL_2_WFR____20190708T060234_20190708T060534_20190709T161022_0179_027_205_2520_MAR_O_NT_002.SEN3,chl_oc4me.nc,5903557,c5c7e0ae36d716b1b038d44062a130cc54808a9dbbbc51fde281bc2bc6adb38e,79188a288b9fa8a626fd73de09d969b4,"Tue, 23 Mar 2021 09:09:26 GMT"
S3B_OL_2_WFR____20190708T060234_20190708T060534_20190709T161022_0179_027_205_2520_MAR_O_NT_002.SEN3,geo_coordinates.nc,59606164,8d91fdf5279fd99ebd5362ed93d4c8785e47f0d2dbad8497564e89c65335e7ed,a591e3955465b845703db7d017206263-8,"Tue, 23 Mar 2021 09:09:26 GMT"
S3B_OL_2_WFR____20190708T060234_20190708T060534_20190709T161022_0179_027_205_2520_MAR_O_NT_002.SEN3,tie_geo_coordinates.nc,1133983,d818b7232059d0b28df972fd4a191d8e8f96b93a9dff867fb98d83e9a3c0b111,996e8fda93c84b8131f145ca4492e84e,"Tue, 23 Mar 2021 09:09:26 GMT"
S3B_OL_2_WFR____20190708T060234_20190708T060534_20190709T161022_0179_027_205_2520_MAR_O_NT_002.SEN3,wqsf.nc,9351240,401e36d75a4648be8a413422f926a41c096221f79b9316a0e81ea1e40acaab26,519df5a544defdef1c6e37a37f94908a-2,"Tue, 23 Mar 2021 09:09:26 GMT"
S3B_OL_2_WFR____20190710T065112_20190710T065412_20190711T154921_0179_027_234_2520_MAR_O_NT_002.SEN3,chl_oc4me.nc,3232076,a3a507ec5207d26ddd888ab4dd6313312c369ebf812d6ba4967f7eaf858323e7,de38c655db2622aee9cd8669d79efd90,"Tue, 23 Mar 2021 01:10:05 GMT"
S3B_OL_2_WFR____20190710T065112_20190710T065412_20190711T154921_0179_027_234_2520_MAR_O_NT_002.SEN3,geo_coordinates.nc,59664785,cf8258bdb90775282c10df99ca9b424683c599a74b9fb788f5b8fee3bfe64446,21b4d3f6b6aee65a2c52e850c918348b-8,"Tue, 23 Mar 2021 01:10:05 GMT"
S3B_OL_2_WFR____20190710T065112_20190710T065412_20190711T154921_0179_027_234_2520_MAR_O_NT_002.SEN3,tie_geo_coordinates.nc,1136645,52a7fc8a74a0bd88faf778a4bbaeb664af3ad686025e32d17e17301bb06b8577,29e3cbbce6de8117c78538cd0a4e7d63,"Tue, 23 Mar 2021 01:10:05 GMT"
S3B_OL_2_WFR____20190710T065112_20190710T065412_20190711T154921_0179_027_234_2520_MAR_O_NT_002.SEN3,wqsf.nc,4444828,5733fc30cf9dc66d2cdefcc6b49d901f1bc79453d59dc4d79bbba73d66500733,0cc82ed0c665e84251422f360bb9ae81,"Tue, 23 Mar 2021 01:10:05 GMT"
S3B_OL_2_WFR____20190711T062501_20190711T062801_20190712T135631_0179_027_248_2520_MAR_O_NT_002.SEN3,chl_oc4me.nc,5109370,3ff6ae6bdb3ef71416e675c4b285ad4f963ef5f6390b1977034e2cda10cfedd3,21078d070c7b72c3b9792a9261ec1260,"Tue, 23 Mar 2021 09:06:47 GMT"
S3B_OL_2_WFR____20190711T062501_20190711T062801_20190712T135631_0179_027_248_2520_MAR_O_NT_002.SEN3,geo_coordinates.nc,60504097,4023b1028957d6c434ac8e90e20fbe2de6248d7a541e133e7e006974dffb4480,8ec029c267704daf9147beab171b051c-8,"Tue, 23 Mar 2021 09:06:47 GMT"
S3B_OL_2_WFR____20190711T062501_20190711T062801_20190712T135631_0179_027_248_2520_MAR_O_NT_002.SEN3,tie_geo_coordinates.nc,1137849,69a54510068ec741be05924cfa08da18cbea64181677a6fdeea47de11bc5b6f4,46dc3c0d8eec6d56146213f804c3fab1,"Tue, 23 Mar 2021 09:06:46 GMT"
S3B_OL_2_WFR____20190711T062501_20190711T062801_20190712T135631_0179_027_248_2520_MAR_O_NT_002.SEN3,wqsf.nc,5205435,d61d1d3a70613801c088db036a4b4cebc6d517b5f7432df8d890ff0faa6b7f16,032edbb4410fb5e737455e0a8bd9cc49,"Tue, 23 Mar 2021 09:06:47 GMT"
S3B_OL_2_WFR____20190712T055850_20190712T060150_20190713T132402_0179_027_262_2520_MAR_O_NT_002.SEN3,chl_oc4me.nc,6589692,053ac07ed23a2a4c93c5379b93f7ed675bd1c03a4d2404835b5638d5afe6db95,9c6d1396d0111579d012d4e6136b1f8a,"Tue, 23 Mar 2021 09:05:49 GMT"
S3B_OL_2_WFR____20190712T055850_20190712T060150_20190713T132402_0179_027_262_2520_MAR_O_NT_002.SEN3,geo_coordinates.nc,59385208,432f409a559c62a0c4c26f1bab999e00519a84202e4108e57a67b77048d67477,44f30ff4a71e0c899c888985479b7650-8,"Tue, 23 Mar 2021 09:05:49 GMT"
S3B_OL_2_WFR____20190712T055850_20190712T060150_20190713T132402_0179_027_262_2520_MAR_O_NT_002.SEN3,tie_geo_coordinates.nc,1135598,8429926c22aba3568f0129fef017b95d324cdccb1d3b6e895c1177dedd1105b9,e13ab277486c2183d65d271d6235e7f9,"Tue, 23 Mar 2021 09:05:49 GMT"
S3B_OL_2_WFR____20190712T055850_20190712T060150_20190713T132402_0179_027_262_2520_MAR_O_NT_002.SEN3,wqsf.nc,9844655,5ca1f629cc058d65c8056c8337204060087eab76668788873f5bcf70e62638fe,3df1a10ae97340f291206cb6b9540157-2,"Tue, 23 Mar 2021 09:05:49 GMT"
S3B_OL_2_WFR____20190714T064727_20190714T065027_20190715T140245_0180_027_291_2520_MAR_O_NT_002.SEN3,chl_oc4me.nc,3470629,a99a40fc06b9c3d7a583b100c9081e15ec8bc897741a5cf98e0de2dffb8f9af2,2696b2c50a3f57da64cdd689c342495e,"Tue, 23 Mar 2021 01:07:55 GMT"
S3B_OL_2_WFR____20190714T064727_20190714T065027_20190715T140245_0180_027_291_2520_MAR_O_NT_002.SEN3,geo_coordinates.nc,59824143,89e61d5f9c04c5d1fd34dc9a283fa86a70a0c87ea637fd051571b7fd1d0441f0,f3e54f7bfa2dcd645bfb2ac608e85b72-8,"Tue, 23 Mar 2021 01:07:55 GMT"
S3B_OL_2_WFR____20190714T064727_20190714T065027_20190715T140245_0180_027_291_2520_MAR_O_NT_002.SEN3,tie_geo_coordinates.nc,1137362,0802a989c8913a353fdb230b63e78614cfdb92e827ba6c17f4e8afd0712a3c7f,6e699ab55dfceb047a7e4afc2163391c,"Tue, 23 Mar 2021 01:07:55 GMT"
S3B_OL_2_WFR____20190714T064727_20190714T065027_20190715T140245_0180_027_291_2520_MAR_O_NT_002.SEN3,wqsf.nc,4267597,148653596a58eff53028df4fb0b1d81af2b0822c0f08ad8846cddda26f7f3c8e,65319b0640193419753bc3fef2efadbf,"Tue, 23 Mar 2021 01:07:55 GMT"
S3B_OL_2_WFR____20190715T062117_20190715T062417_20190716T154915_0179_027_305_2520_MAR_O_NT_002.SEN3,chl_oc4me.nc,5338366,789573ee06c85d6a24cf3f8e28593c7cbbd9645a792d3cff41f8abe62cca1631,dde46570539b3d2e52f96f2c5a5955bf,"Tue, 23 Mar 2021 09:03:08 GMT"
S3B_OL_2_WFR____20190715T062117_20190715T062417_20190716T154915_0179_027_305_2520_MAR_O_NT_002.SEN3,geo_coordinates.nc,60493671,206948d60d8143ac1c4a9501012ea0404a65a7fc06f14536faa2332493c539b0,f3c35d0c27ab28b6d7d4d98dab2a7019-8,"Tue, 23 Mar 2021 09:03:08 GMT"
S3B_OL_2_WFR____20190715T062117_20190715T062417_20190716T154915_0179_027_305_2520_MAR_O_NT_002.SEN3,tie_geo_coordinates.nc,1136827,77c230d6f37cd8432412e6b43e4b1efdbc4e746fb49d3acfa3e6b0d7959117be,d07930ed419529390e4fadca3ae20d73,"Tue, 23 Mar 2021 09:03:08 GMT"
S3B_OL_2_WFR____20190715T062117_20190715T062417_20190716T154915_0179_027_305_2520_MAR_O_NT_002.SEN3,wqsf.nc,5477760,b1acfea13eb0da6ebe334d7f52b81330070b54bcfe11edbb98d93ec7e323cc4e,dea8a96720859a796d556a5092f00ef0,"Tue, 23 Mar 2021 09:03:08 GMT"
S3B_OL_2_WFR____20190718T064343_20190718T064643_20190719T153356_0179_027_348_2520_MAR_O_NT_002.SEN3,chl_oc4me.nc,3297862,2ef9b659bb4aef471b6e2babd0f0f77bdb01be4d59c8c3d88a5426e75d2e24a7,ac921dbd7250b1985c6ace68f51cb9af,"Tue, 23 Mar 2021 09:01:02 GMT"
S3B_OL_2_WFR____20190718T064343_20190718T064643_20190719T153356_0179_027_348_2520_MAR_O_NT_002.SEN3,geo_coordinates.nc,59991208,e31b87d46f71b1a4bf4551d8228edfd02083f8e806b30cc8ec0f513550e161fc,fa1dd336ffdd047474d5d64507d1266d-8,"Tue, 23 Mar 2021 09:01:02 GMT"
S3B_OL_2_WFR____20190718T064343_20190718T064643_20190719T153356_0179_027_348_2520_MAR_O_NT_002.SEN3,tie_geo_coordinates.nc,1137752,30033a0a72deea7fe4f688719c6ae5fa7382a15d25f0adde2948116889dc34d1,23df07f8a562fa4e8c88aede9688940e,"Tue, 23 Mar 2021 09:01:02 GMT"
S3B_OL_2_WFR____20190718T064343_20190718T064643_20190719T153356_0179_027_348_2520_MAR_O_NT_002.SEN3,wqsf.nc,4954822,92967ed36996cecc578346ce6f8b6289184facd1e52da7cf07183fffecd4a9b7,13f6575b7913cfd3e197910ad066fa4a,"Tue, 23 Mar 2021 09:01:02 GMT"
S3B_OL_2_WFR____20190719T061732_20190719T062032_20190720T151713_0179_027_362_2520_MAR_O_NT_002.SEN3,chl_oc4me.nc,4600571,c5eab4b549588e0ff64c014dfcd54b49e7dc4e3fa5814d9ace2f7b5c1908b2d3,99a428d8e9077b9c0c56f0aa2577e9a0,"Tue, 23 Mar 2021 01:05:05 GMT"
S3B_OL_2_WFR____20190719T061732_20190719T062032_20190720T151713_0179_027_362_2520_MAR_O_NT_002.SEN3,geo_coordinates.nc,60337931,909ea0c440d17a62faf7af92b2223f5042b0e4a9da6cb4b78356b28b33e51112,4be46a4a6f1d7aa4f90ca491719fb053-8,"Tue, 23 Mar 2021 01:05:04 GMT"
S3B_OL_2_WFR____20190719T061732_20190719T062032_20190720T151713_0179_027_362_2520_MAR_O_NT_002.SEN3,tie_geo_coordinates.nc,1138038,26d1ed84e49fbad75c8210a3d617bdf27f88098c939e7eebc3beb4d9a71f2e4f,23eebc670816932f8083e668de004929,"Tue, 23 Mar 2021 01:05:04 GMT"
S3B_OL_2_WFR____20190719T061732_20190719T062032_20190720T151713_0179_027_362_2520_MAR_O_NT_002.SEN3,wqsf.nc,6333449,16f6441d5ac1ebd58a3e3ac511a9d645048b5c9cdb28985f25c93e8ac4b9e2ba,8d52789d56f207e3109c0f23748818fd,"Tue, 23 Mar 2021 01:05:05 GMT"
S3B_OL_2_WFR____20190722T063959_20190722T064259_20190723T155749_0179_028_020_2520_MAR_O_NT_002.SEN3,chl_oc4me.nc,3483822,322b65bbc70d23769acd69101b7f39bc5aba27318a3a7e89022ac171642031e9,d228984c08451dbfb2a64c1fb9ee7698,"Tue, 23 Mar 2021 08:57:48 GMT"
S3B_OL_2_WFR____20190722T063959_20190722T064259_20190723T155749_0179_028_020_2520_MAR_O_NT_002.SEN3,geo_coordinates.nc,60126587,af54d882ec1c4e01ae80f07db6e392982c7bb9ee07694f5c206408ffa4a346da,899a5a0ea6d7871c6a94028d80e25644-8,"Tue, 23 Mar 2021 08:57:48 GMT"
S3B_OL_2_WFR____20190722T063959_20190722T064259_20190723T155749_0179_028_020_2520_MAR_O_NT_002.SEN3,tie_geo_coordinates.nc,1140221,75c28ab7e4473ede20341f3a3b154e0a6837f67abd9353b483bd8de02ecd7590,137e7d3dc742373e54dcb938557d7d05,"Tue, 23 Mar 2021 08:57:48 GMT"
S3B_OL_2_WFR____20190722T063959_20190722T064259_20190723T155749_0179_028_020_2520_MAR_O_NT_002.SEN3,wqsf.nc,4849055,6aaa971fc633b1196e76ecf392c799336603f1eaf601340ca12d7591b17812e9,1a1877c6cedccbcf04c7ee05049bdb60,"Tue, 23 Mar 2021 08:57:48 GMT"
S3B_OL_2_WFR____20190723T061348_20190723T061648_20190724T142512_0179_028_034_2520_MAR_O_NT_002.SEN3,chl_oc4me.nc,3636353,d4a6dacb32433be2cb91b186f04fb27df3e77cbfe74d28c491c2c5a42dce4298,9fd9cd45ba98b746ab9385b3a8ee46f9,"Tue, 23 Mar 2021 01:02:26 GMT"
S3B_OL_2_WFR____20190723T061348_20190723T061648_20190724T142512_0179_028_034_2520_MAR_O_NT_002.SEN3,geo_coordinates.nc,60147224,d8c35a576dbbe7516d1198746fe8772fc99b8586c2107ede91f7e0d8448a19d9,5a7bc3cf2f2788097d10a3b9f621ca3d-8,"Tue, 23 Mar 2021 01:02:26 GMT"
S3B_OL_2_WFR____20190723T061348_20190723T061648_20190724T142512_0179_028_034_2520_MAR_O_NT_002.SEN3,tie_geo_coordinates.nc,1135466,1587b0cec9749255da922d15844910b3c87c11134d42076303b41ec9718983c5,ce95ad0ec3629ca1e734078151cf0cee,"Tue, 23 Mar 2021 01:02:26 GMT"
S3B_OL_2_WFR____20190723T061348_20190723T061648_20190724T142512_0179_028_034_2520_MAR_O_NT_002.SEN3,wqsf.nc,6661658,892e57c0eda11c581b730dde83b3dc582fbc4d97f730ddfcef36e68e6634c3a4,6fe7dce9b1846d72c0e2bab49995c9c0,"Tue, 23 Mar 2021 01:02:26 GMT"
S3B_OL_2_WFR____20190726T063615_20190726T063915_20190727T153038_0179_028_077_2520_MAR_O_NT_002.SEN3,chl_oc4me.nc,4290411,5bb9b6ecaeb4fbd6551c2859eb58f9bc82fc1366cdcf0f156684c77c969b90af,473400854d17a50cba9b46b392e32e6d,"Tue, 23 Mar 2021 08:54:54 GMT"
S3B_OL_2_WFR____20190726T063615_20190726T063915_20190727T153038_0179_028_077_2520_MAR_O_NT_002.SEN3,geo_coordinates.nc,60319198,3a512af074ce3f317bf4f9398753899b35d9ccc98f69f3697a992b14a945b9e6,a1ba52d8e0a13ff70917cfaa1aece8ac-8,"Tue, 23 Mar 2021 08:54:54 GMT"
S3B_OL_2_WFR____20190726T063615_20190726T063915_20190727T153038_0179_028_077_2520_MAR_O_NT_002.SEN3,tie_geo_coordinates.nc,1136628,9112e69c00ccee3eb9397f2f7c73bc60f079ab7e917ab60ad659023bcafc15ea,6470b50ab24b2aa0152b4272568fb5d2,"Tue, 23 Mar 2021 08:54:54 GMT"
S3B_OL_2_WFR____20190726T063615_20190726T063915_20190727T153038_0179_028_077_2520_MAR_O_NT_002.SEN3,wqsf.nc,4874909,fb56b792fd1fbf3c271c0237c872fe6812b752872fc7f7478a06954771458160,2bd15165e8c780cbd43194ca82184e34,"Tue, 23 Mar 2021 08:54:54 GMT"
S3B_OL_2_WFR____20190727T061004_20190727T061304_20190728T151016_0179_028_091_2520_MAR_O_NT_002.SEN3,chl_oc4me.nc,4270558,8829369f67de4d535b6ba3b10b423d52d940a97b668f165eca958ab474cea7d6,ed51ffe5ffc182063839dd08cbe35a7c,"Tue, 23 Mar 2021 01:00:03 GMT"
S3B_OL_2_WFR____20190727T061004_20190727T061304_20190728T151016_0179_028_091_2520_MAR_O_NT_002.SEN3,geo_coordinates.nc,59898315,baf1d695c52880ff12ffc1e117cd1463a7f40348a1fb87a2d77a8202161feda1,277a0608319461d10e8f4918e15e95bf-8,"Tue, 23 Mar 2021 01:00:03 GMT"
S3B_OL_2_WFR____20190727T061004_20190727T061304_20190728T151016_0179_028_091_2520_MAR_O_NT_002.SEN3,tie_geo_coordinates.nc,1135348,1833226f35ceca30bd54ecf1e89eccc84dc020ddf8664db907fedc7e1488b86a,43fada8bb93b2ccfb85ca72ebf22c4a4,"Tue, 23 Mar 2021 01:00:03 GMT"
S3B_OL_2_WFR____20190727T061004_20190727T061304_20190728T151016_0179_028_091_2520_MAR_O_NT_002.SEN3,wqsf.nc,6745210,b2f4416a2d195b6e8cca5f3e17d3e176634b8b4772526511be66c904d521d9c1,292aec5f17a05baabd8b9f18705508fa,"Tue, 23 Mar 2021 01:00:03 GMT"
S3B_OL_2_WFR____20190729T065841_20190729T070141_20190730T161148_0179_028_120_2520_MAR_O_NT_002.SEN3,tie_geo_coordinates.nc,1135953,0504f184c719bba019fef005290fad6849c9b1fde298631db2a22f3dfc50e3b7,a45dcfad548a032fc2d43ac15b59a876,"Tue, 23 Mar 2021 00:58:15 GMT"
S3B_OL_2_WFR____20190730T063230_20190730T063530_20190731T154132_0179_028_134_2520_MAR_O_NT_002.SEN3,chl_oc4me.nc,3905059,46b6e1b4a6d371448f4253da96558988af419839984957f869ae18d7a79ae9bb,42ea8f82f0f8d72ca54733bf87f0b007,"Tue, 23 Mar 2021 08:52:30 GMT"
S3B_OL_2_WFR____20190730T063230_20190730T063530_20190731T154132_0179_028_134_2520_MAR_O_NT_002.SEN3,geo_coordinates.nc,60472013,cd575d9c11c2161c4892a390e0731dc5da535c07b9e42d0ef0e0762d99c2241d,570d4cb78215aaa4069b320d2618fb87-8,"Tue, 23 Mar 2021 08:52:30 GMT"
S3B_OL_2_WFR____20190730T063230_20190730T063530_20190731T154132_0179_028_134_2520_MAR_O_NT_002.SEN3,tie_geo_coordinates.nc,1137694,3d5b4788685acd97d8e58a874627cf1f8129bc9d41bdd290f858a44d15c3fce9,7656c3803f60a1b4b094fe69ed14be87,"Tue, 23 Mar 2021 08:52:29 GMT"
S3B_OL_2_WFR____20190730T063230_20190730T063530_20190731T154132_0179_028_134_2520_MAR_O_NT_002.SEN3,wqsf.nc,4720931,c7bb83c8926b82d07dfed96091036fc0badaf4369bc929e3e8a420fa0e4bbded,8b916e90da9db32e6b240edc919a2ce1,"Tue, 23 Mar 2021 08:52:30 GMT"
S3B_OL_2_WFR____20190731T060620_20190731T060920_20190801T123530_0179_028_148_2520_MAR_O_NT_002.SEN3,chl_oc4me.nc,1799170,787d812af2777d8fc1941af4434f036b40efabdd04fa88f0e651fe4e79ce5434,cbe517cc2c85c02dbd25eda591817404,"Tue, 23 Mar 2021 00:57:26 GMT"
S3B_OL_2_WFR____20190731T060620_20190731T060920_20190801T123530_0179_028_148_2520_MAR_O_NT_002.SEN3,geo_coordinates.nc,59735568,0c07ebafd3fb16cefecb1515d289596bbf9870b3351cfa063b567a6e554c4630,d887f75d9d3b7c7a62cfb99239c20f16-8,"Tue, 23 Mar 2021 00:57:26 GMT"
S3B_OL_2_WFR____20190731T060620_20190731T060920_20190801T123530_0179_028_148_2520_MAR_O_NT_002.SEN3,tie_geo_coordinates.nc,1132010,d8d563bbbc8c9c81fe5738713f2fcb79798cda0fa86cda70602f656de8464c87,70ce3b2958be1e6ae425ecf0802a01d7,"Tue, 23 Mar 2021 00:57:26 GMT"
S3B_OL_2_WFR____20190731T060620_20190731T060920_20190801T123530_0179_028_148_2520_MAR_O_NT_002.SEN3,wqsf.nc,4705903,061137084d43ec8b75ab9d5fc8062e4d9bd7b17219e73dc454ca9604a867f156,7fc70a6192c082853eaea0965726da5e,"Tue, 23 Mar 2021 00:57:26 GMT"
S3B_OL_2_WFR____20190802T065457_20190802T065757_20190803T152633_0180_028_177_2520_MAR_O_NT_002.SEN3,tie_geo_coordinates.nc,1138468,ec7e65ede290d91cb969d0ba7bb9e19db5a62b7284d870124a0815922b872c5a,0bbacc28887f59cf0da466bb827f6a31,"Tue, 23 Mar 2021 08:50:37 GMT"
S3B_OL_2_WFR____20190803T062846_20190803T063146_20190804T122759_0179_028_191_2520_MAR_O_NT_002.SEN3,chl_oc4me.nc,4524569,eb471cf44b211dcb6a5cf93fdcc3b4943ed2ff63e8626006ec0170631680bb35,3548b1c98c0579cee612db201e39707d,"Tue, 30 Mar 2021 09:32:55 GMT"
S3B_OL_2_WFR____20190803T062846_20190803T063146_20190804T122759_0179_028_191_2520_MAR_O_NT_002.SEN3,geo_coordinates.nc,60463150,de5f485a430113015c8dcce56dc381a2fb30eccb1cf2efa7f891fa17e703ff10,08513f7712a7133d2ac1c045e02edfcc-8,"Tue, 30 Mar 2021 09:32:55 GMT"
S3B_OL_2_WFR____20190803T062846_20190803T063146_20190804T122759_0179_028_191_2520_MAR_O_NT_002.SEN3,tie_geo_coordinates.nc,1133050,8a73f7db92b3b5bb14edb0e817139ba76365a3a5d061cc866f0b1cf9c9bbae6b,2ae29469042cfc00d91a74eff0709d93,"Tue, 30 Mar 2021 09:32:55 GMT"
S3B_OL_2_WFR____20190803T062846_20190803T063146_20190804T122759_0179_028_191_2520_MAR_O_NT_002.SEN3,wqsf.nc,4645856,e247ee8cc6e551fe11cb6f42a4a88a661845438b73b6e9fc821351b64ac9b3bf,f786892e1b33afecc8c2f590b2cc5d8e,"Tue, 30 Mar 2021 09:32:55 GMT"
S3B_OL_2_WFR____20190804T060235_20190804T060535_20190805T141336_0180_028_205_2520_MAR_O_NT_002.SEN3,chl_oc4me.nc,3386643,c14756404e958e10c37749abdea90da76f5d3179e0de22673ce34b54adbabbef,a461efa0c84a2f077c168e0fb0acd235,"Tue, 23 Mar 2021 00:55:34 GMT"
S3B_OL_2_WFR____20190804T060235_20190804T060535_20190805T141336_0180_028_205_2520_MAR_O_NT_002.SEN3,geo_coordinates.nc,59618321,8d27b7d93ce7621fef4993c49e99f4ce274df195f7dcc4a04d247b2697a7f0ab,51b6dc069f27429bbb642146a0453454-8,"Tue, 23 Mar 2021 00:55:34 GMT"
S3B_OL_2_WFR____20190804T060235_20190804T060535_20190805T141336_0180_028_205_2520_MAR_O_NT_002.SEN3,tie_geo_coordinates.nc,1130841,b0a7dc1a435211deb8e0816b2399c85e4712251af259dfeaf6ff3dde4394a93d,7e28f62f31735736974852b1c6665300,"Tue, 23 Mar 2021 00:55:34 GMT"
S3B_OL_2_WFR____20190804T060235_20190804T060535_20190805T141336_0180_028_205_2520_MAR_O_NT_002.SEN3,wqsf.nc,5648325,d800fd3bb1e1eb847d513f58a1e2694c27becce8991f04e8ce761e52ecef16c1,1e49ee85f34d7c988b9f3abc613a84e4,"Tue, 23 Mar 2021 00:55:34 GMT"
S3B_OL_2_WFR____20190806T065113_20190806T065413_20190807T131633_0179_028_234_2520_MAR_O_NT_002.SEN3,chl_oc4me.nc,3228212,174232c156e7a6286403ee50eba7782319f06723db5808624d38014cb0a00857,de809bc07cfaec0dd30abd7a302d7725,"Tue, 30 Mar 2021 09:31:47 GMT"
S3B_OL_2_WFR____20190806T065113_20190806T065413_20190807T131633_0179_028_234_2520_MAR_O_NT_002.SEN3,geo_coordinates.nc,59665583,53865f79ff6d3919f7896d1d4d50a247579e57c4e8f655c16d5f2fb5b3fe7f07,c5e2b17c480e5f265e51ec7a4c71b11e-8,"Tue, 30 Mar 2021 09:31:47 GMT"
S3B_OL_2_WFR____20190806T065113_20190806T065413_20190807T131633_0179_028_234_2520_MAR_O_NT_002.SEN3,tie_geo_coordinates.nc,1136494,b9e268ec97f9aadf6e2b8505eef74e41d4eb873786f87d4a03a456baab5054ff,ad4d8e2c34f1fb2e3400bc01a22a41fb,"Tue, 30 Mar 2021 09:31:47 GMT"
S3B_OL_2_WFR____20190806T065113_20190806T065413_20190807T131633_0179_028_234_2520_MAR_O_NT_002.SEN3,wqsf.nc,4275925,073d4b8b1c6f31dae422afc48ea312dbaebc3369ff20e503afc7aa85bb84f452,6d50e5d6e48f1214c1e0db093053c28a,"Tue, 30 Mar 2021 09:31:47 GMT"
S3B_OL_2_WFR____20190807T062502_20190807T062802_20190808T130619_0179_028_248_2520_MAR_O_NT_002.SEN3,chl_oc4me.nc,4756945,dd249b330cdbfdf4996915f442318b6b714af652aff8f7d74ec84390ce7164e7,4e422e86e0b7e58355363b66effa623f,"Tue, 23 Mar 2021 00:54:03 GMT"
S3B_OL_2_WFR____20190807T062502_20190807T062802_20190808T130619_0179_028_248_2520_MAR_O_NT_002.SEN3,geo_coordinates.nc,60513398,dedcc23eccd022ef45a14be1953c38b09d557fe30cb8f178f08a7924a3fa2b54,72949c7a7ed61167bac4d0f6b8072070-8,"Tue, 23 Mar 2021 00:54:03 GMT"
S3B_OL_2_WFR____20190807T062502_20190807T062802_20190808T130619_0179_028_248_2520_MAR_O_NT_002.SEN3,tie_geo_coordinates.nc,1137570,ea4634d6d3e57584db67a9022eea2da43aacbbec3469317c5c22245dfa2f30c2,20bf436aa59c3946d84bc5e2193ed5c7,"Tue, 23 Mar 2021 00:54:03 GMT"
S3B_OL_2_WFR____20190807T062502_20190807T062802_20190808T130619_0179_028_248_2520_MAR_O_NT_002.SEN3,wqsf.nc,4979615,cce19e9bac5eab130a2864c873e976fa4d1d144c8fd6239c79f19d3f135ddb74,c354fd284ec28ae583414b29e3137e2f,"Tue, 23 Mar 2021 00:54:03 GMT"
S3B_OL_2_WFR____20190808T055851_20190808T060151_20190809T150004_0179_028_262_2520_MAR_O_NT_002.SEN3,chl_oc4me.nc,1565509,19e98bfeae03c7ec4764800efd94f1ca1eec054a81440a1a853e6c7486996171,b913af5d071c8ca24b53127f1baa307b,"Tue, 23 Mar 2021 00:53:07 GMT"
S3B_OL_2_WFR____20190808T055851_20190808T060151_20190809T150004_0179_028_262_2520_MAR_O_NT_002.SEN3,geo_coordinates.nc,59366888,61bfb142fbd589c62082aff8a3bd90f526577cd444da83a5f3b02ef6c39ce869,b9b064b27fd00721644a254088ff85b4-8,"Tue, 23 Mar 2021 00:53:07 GMT"
S3B_OL_2_WFR____20190808T055851_20190808T060151_20190809T150004_0179_028_262_2520_MAR_O_NT_002.SEN3,tie_geo_coordinates.nc,1137760,5ea6ac274971987711be48820047bfdfa61fd9d0c43e8f60f81167e576c9ad45,c7a082aa18387244d8513ecc608b1028,"Tue, 23 Mar 2021 00:53:06 GMT"
S3B_OL_2_WFR____20190808T055851_20190808T060151_20190809T150004_0179_028_262_2520_MAR_O_NT_002.SEN3,wqsf.nc,4468219,9eb87c83802fa0919e2e7d2f79531403769d4431e666b03ca2a988e40bd46755,1bf01c3b13b3f12e1e419175b212f2e0,"Tue, 23 Mar 2021 00:53:06 GMT"
S3B_OL_2_WFR____20190810T064728_20190810T065028_20190811T150936_0179_028_291_2520_MAR_O_NT_002.SEN3,chl_oc4me.nc,3116971,26410997ad514527f6a8670492f9e301a81995aba06fa4e4afdb88fa75a82aeb,5f5052bae4070f303bb5a420661fabee,"Thu, 01 Apr 2021 16:25:55 GMT"
S3B_OL_2_WFR____20190810T064728_20190810T065028_20190811T150936_0179_028_291_2520_MAR_O_NT_002.SEN3,geo_coordinates.nc,59843151,957156f979f3666cab6406c39abd16740ebf62276fde6f66c960f2639d1f7961,7d1f255f457923afb1150023a8390596-8,"Thu, 01 Apr 2021 16:25:55 GMT"
S3B_OL_2_WFR____20190810T064728_20190810T065028_20190811T150936_0179_028_291_2520_MAR_O_NT_002.SEN3,tie_geo_coordinates.nc,1135476,4aaa07d0e886ea2098ae36884570b346a9ccc4d404092f958b9641cb756f601e,f4a371dcbf3eac20b97cbe2bd753875d,"Thu, 01 Apr 2021 16:25:55 GMT"
S3B_OL_2_WFR____20190810T064728_20190810T065028_20190811T150936_0179_028_291_2520_MAR_O_NT_002.SEN3,wqsf.nc,4360234,30a3dc583292347c29a51f38a928bd35e5d5f46155308013ce5c49f5f738812e,57352923fbcff9f111187d395fb442e9,"Thu, 01 Apr 2021 16:25:55 GMT"
S3B_OL_2_WFR____20190811T062117_20190811T062417_20190812T145833_0179_028_305_2520_MAR_O_NT_002.SEN3,chl_oc4me.nc,3059675,45a743c6f55b6554a5bf68ad158b454719a73e8057899249bf89965b55299c8b,c3beffa6f4c5bac4693e3836ecdf626c,"Tue, 23 Mar 2021 00:51:35 GMT"
S3B_OL_2_WFR____20190811T062117_20190811T062417_20190812T145833_0179_028_305_2520_MAR_O_NT_002.SEN3,geo_coordinates.nc,60477048,3552649638818853861447c3daa6c980c41814b1512e732146a63cb9feb99f61,f15cf3725daaa30445deba7dd4d63cbc-8,"Tue, 23 Mar 2021 00:51:35 GMT"
S3B_OL_2_WFR____20190811T062117_20190811T062417_20190812T145833_0179_028_305_2520_MAR_O_NT_002.SEN3,tie_geo_coordinates.nc,1132012,c4a35a78094562e30db9cb317644d0db700c8901b618e12be472326c4bf86942,a9d0e0007940a3f5ea933a5b283eb006,"Tue, 23 Mar 2021 00:51:34 GMT"
S3B_OL_2_WFR____20190811T062117_20190811T062417_20190812T145833_0179_028_305_2520_MAR_O_NT_002.SEN3,wqsf.nc,4774138,ea3a0b07f2ce8639131afcf2692c93d5b7c2ba2baf24af138cc6944cf5a940f3,e41a19273203a2177c1ef12426b3e0ea,"Tue, 23 Mar 2021 00:51:35 GMT"
S3B_OL_2_WFR____20190814T064343_20190814T064643_20190815T155329_0179_028_348_2520_MAR_O_NT_002.SEN3,chl_oc4me.nc,3641251,89c8ae7d5a1d222be132a84da44f3330384ae2900661422138b55beb8381bc44,bb4af0db6ea51a407ba8d70a30805675,"Tue, 23 Mar 2021 00:50:17 GMT"
S3B_OL_2_WFR____20190814T064343_20190814T064643_20190815T155329_0179_028_348_2520_MAR_O_NT_002.SEN3,geo_coordinates.nc,59988252,04ae8551efbdc84fc189ba705078b3edd8d92fd3f220e9eea7f08d23cb131c73,52fcad3611b42d67e1a5fa82d6514330-8,"Tue, 23 Mar 2021 00:50:17 GMT"
S3B_OL_2_WFR____20190814T064343_20190814T064643_20190815T155329_0179_028_348_2520_MAR_O_NT_002.SEN3,tie_geo_coordinates.nc,1137652,c36e39a2a0d572ae2403e943af7cf8627f30da7632296a97352bd36abbcd7213,6a57525ce9bd0354c1a4516af806e58d,"Tue, 23 Mar 2021 00:50:17 GMT"
S3B_OL_2_WFR____20190814T064343_20190814T064643_20190815T155329_0179_028_348_2520_MAR_O_NT_002.SEN3,wqsf.nc,5060278,7d07fd17fb27253a92a605b0d0382b6cf66f2db290aa068f8e0ac0845ef529d2,c779ff221a79d589dabfd2a15a3276be,"Tue, 23 Mar 2021 00:50:17 GMT"
S3B_OL_2_WFR____20190815T061732_20190815T062032_20190816T134708_0180_028_362_2520_MAR_O_NT_002.SEN3,chl_oc4me.nc,4043637,10c4c17548c78878caa22ea9cc43b9b251302a530821f5b61445e7c779581a6d,f516d72e153d372c00b1e9e517c067ab,"Tue, 30 Mar 2021 09:28:14 GMT"
S3B_OL_2_WFR____20190815T061732_20190815T062032_20190816T134708_0180_028_362_2520_MAR_O_NT_002.SEN3,geo_coordinates.nc,60336520,97e2df6658dd545e6ce62404065d46c323ac1c810271492a111ae3f24fb780b3,5e01ed8cc8a5fa75e50ef4d3043316ed-8,"Tue, 30 Mar 2021 09:28:15 GMT"
S3B_OL_2_WFR____20190815T061732_20190815T062032_20190816T134708_0180_028_362_2520_MAR_O_NT_002.SEN3,tie_geo_coordinates.nc,1131857,213c818f2b14de4cbc26a66970018ef08aacb808503ce110563cb12a6d66db3a,f7c3b7cb817496544035dc019b907c42,"Tue, 30 Mar 2021 09:28:14 GMT"
S3B_OL_2_WFR____20190815T061732_20190815T062032_20190816T134708_0180_028_362_2520_MAR_O_NT_002.SEN3,wqsf.nc,5415197,12d474a181f2f8fbc7783613508e3af04248d7d702c323249b0f07a11018f6fb,7766efa3c6a1b4d27febeb7bb2cfd06c,"Tue, 30 Mar 2021 09:28:14 GMT"
S3B_OL_2_WFR____20190818T063959_20190818T064259_20190819T133546_0179_029_020_2520_MAR_O_NT_002.SEN3,chl_oc4me.nc,4277669,66cdd6372cea720cfe2a3497f47fd21235ba799ebeee739ffe2a41a8481727f3,1092b0a308db0db402f9436b5668f06a,"Tue, 23 Mar 2021 00:47:57 GMT"
S3B_OL_2_WFR____20190818T063959_20190818T064259_20190819T133546_0179_029_020_2520_MAR_O_NT_002.SEN3,geo_coordinates.nc,60131425,96b0d53b04902a684f75d9368496c79dd86bd485a4abeae2482de760af385222,53fa78ba19f7e51ce09e10915d112bd9-8,"Tue, 23 Mar 2021 00:47:56 GMT"
S3B_OL_2_WFR____20190818T063959_20190818T064259_20190819T133546_0179_029_020_2520_MAR_O_NT_002.SEN3,tie_geo_coordinates.nc,1134994,2911c8deb665b69b1141233ba87b3a4ba3711e762dd75eedd4426b56a2b9522b,7e5d78474ad0824c03284d53ad8eff83,"Tue, 23 Mar 2021 00:47:56 GMT"
S3B_OL_2_WFR____20190818T063959_20190818T064259_20190819T133546_0179_029_020_2520_MAR_O_NT_002.SEN3,wqsf.nc,4620790,b216bacbb280cde4f23d7f50aa6595ea9ec7d888944068ffdfebabeb9e012246,edc426492bd0bb792b7da064401089eb,"Tue, 23 Mar 2021 00:47:56 GMT"
S3B_OL_2_WFR____20190819T061348_20190819T061648_20190820T134852_0179_029_034_2520_MAR_O_NT_002.SEN3,chl_oc4me.nc,5434418,74fd2235432e7df1b8f35f710216564ec7314e042156a47a8f790b837b024811,4a8495f6972c36a5247927a969005369,"Thu, 01 Apr 2021 16:23:43 GMT"
S3B_OL_2_WFR____20190819T061348_20190819T061648_20190820T134852_0179_029_034_2520_MAR_O_NT_002.SEN3,geo_coordinates.nc,60157173,10c72bea8a73f52b221ca89ed5ea896c1846b313bb30248461c0b26269113eb0,c0943623f7936fb6b0dab19a9f7282b0-8,"Thu, 01 Apr 2021 16:23:43 GMT"
S3B_OL_2_WFR____20190819T061348_20190819T061648_20190820T134852_0179_029_034_2520_MAR_O_NT_002.SEN3,tie_geo_coordinates.nc,1133567,ad77b38ddb7a745a3bff2f5a115c8b7beed4e3637b6cd86289a4b2b2cdb22269,facd899feb8b9dfd2edecbe203683e7e,"Thu, 01 Apr 2021 16:23:42 GMT"
S3B_OL_2_WFR____20190819T061348_20190819T061648_20190820T134852_0179_029_034_2520_MAR_O_NT_002.SEN3,wqsf.nc,5866962,f6e82219c6aec8673d75ccd0a29011fb9ca8c0a72eff82fc27d5d22fc22c3d49,a91d47e752d53a91b9951a2bafd8ab65,"Thu, 01 Apr 2021 16:23:43 GMT"
S3B_OL_2_WFR____20190822T063614_20190822T063914_20190823T153511_0180_029_077_2520_MAR_O_NT_002.SEN3,chl_oc4me.nc,4578231,7af322d7190d2d3d937ce93a0e4c65cc469aea79ae53d3e80004b4ba83e6bfb7,99ef8ddd2a3a87c80f4155269921b9d4,"Tue, 23 Mar 2021 00:45:25 GMT"
S3B_OL_2_WFR____20190822T063614_20190822T063914_20190823T153511_0180_029_077_2520_MAR_O_NT_002.SEN3,geo_coordinates.nc,60294934,aa4f566f82d17658c846ba1d020ec11ee30424871935b8c0455ec01edb3bcb85,5669724b48401a3ce2f8d042cfdbb57a-8,"Tue, 23 Mar 2021 00:45:25 GMT"
S3B_OL_2_WFR____20190822T063614_20190822T063914_20190823T153511_0180_029_077_2520_MAR_O_NT_002.SEN3,tie_geo_coordinates.nc,1139906,e4095d88a9dba0375c126570175597b8d6054753a0491115ca3e9bb81bd2e5db,32dd22c957ce03d0ed311db25b2d1d55,"Tue, 23 Mar 2021 00:45:25 GMT"
S3B_OL_2_WFR____20190822T063614_20190822T063914_20190823T153511_0180_029_077_2520_MAR_O_NT_002.SEN3,wqsf.nc,4665447,5bc5bbae5925192d6e5d653385adab7ee34e384c54e07f924cccb4eed4159576,7393fa2c69acf3f93342a0dc01bb9fe6,"Tue, 23 Mar 2021 00:45:25 GMT"
S3B_OL_2_WFR____20190823T061003_20190823T061303_20190824T150830_0180_029_091_2520_MAR_O_NT_002.SEN3,chl_oc4me.nc,6562562,81f35e0eb57e073383c3f94e8d3c1a926ea0105ed714cf923feedb249f51d225,48cd41aa1ff66113e0a20e4ac9c91667,"Tue, 06 Apr 2021 15:37:08 GMT"
S3B_OL_2_WFR____20190823T061003_20190823T061303_20190824T150830_0180_029_091_2520_MAR_O_NT_002.SEN3,geo_coordinates.nc,59927967,75cd159ca147da3fd886b5f4ce311bf34d8cb486ea068e60d232b4e693712f57,1b81f8ec4e7be42e91a78f1f044bbaec-8,"Tue, 06 Apr 2021 15:37:08 GMT"
S3B_OL_2_WFR____20190823T061003_20190823T061303_20190824T150830_0180_029_091_2520_MAR_O_NT_002.SEN3,tie_geo_coordinates.nc,1132264,06e08714782115ecf8c9bd78bdc7fe7ac79311a63e3bd1fce3343721d491dd91,3304e071995569e20fbab48291316773,"Tue, 06 Apr 2021 15:37:07 GMT"
S3B_OL_2_WFR____20190823T061003_20190823T061303_20190824T150830_0180_029_091_2520_MAR_O_NT_002.SEN3,wqsf.nc,7120865,ba0f2ed42176570e3e53123c1ee6ca7541eafbb8d94974133b134969359b8d42,4121ad238493c34666d072151983c93f,"Tue, 06 Apr 2021 15:37:08 GMT"
S3B_OL_2_WFR____20190826T063229_20190826T063529_20190827T131526_0179_029_134_2520_MAR_O_NT_002.SEN3,chl_oc4me.nc,4896587,0bac690cb4f2214ae788ba7b1fc1173c03dd4529f49f37f65955c1f10d743998,38296e27d73b1a1cc438da917fcfa1a3,"Tue, 23 Mar 2021 00:42:47 GMT"
S3B_OL_2_WFR____20190826T063229_20190826T063529_20190827T131526_0179_029_134_2520_MAR_O_NT_002.SEN3,geo_coordinates.nc,60478444,36518e94d4fbdf9b440dce7dfea147466aff37ebb6d7f73899a60fdc8916df8f,6c4d8a83917072ec0293bf6a0f366c96-8,"Tue, 23 Mar 2021 00:42:47 GMT"
S3B_OL_2_WFR____20190826T063229_20190826T063529_20190827T131526_0179_029_134_2520_MAR_O_NT_002.SEN3,tie_geo_coordinates.nc,1133636,4c50a287cc7c0485f5425b5ea80630351545f077f15d13dff7023b0c1fd51261,6cb598f0a529b29aefb111043877f1b4,"Tue, 23 Mar 2021 00:42:47 GMT"
S3B_OL_2_WFR____20190826T063229_20190826T063529_20190827T131526_0179_029_134_2520_MAR_O_NT_002.SEN3,wqsf.nc,4684362,73cdf29271d0ff63db868b4e56063408e9232a0296b792e13e1e3a24556224b3,8e994fc04fa8124d4898e13f20a8bade,"Tue, 23 Mar 2021 00:42:47 GMT"
S3B_OL_2_WFR____20190827T060618_20190827T060918_20190828T145450_0179_029_148_2520_MAR_O_NT_002.SEN3,chl_oc4me.nc,7428000,18349207e7ec689e28502c63cbeb8a7e8f41e2d2d97707ba2f9a832cf98ffc6f,57b7c7a081de83b58f1a26ee7ffc77ea,"Tue, 30 Mar 2021 09:23:00 GMT"
S3B_OL_2_WFR____20190827T060618_20190827T060918_20190828T145450_0179_029_148_2520_MAR_O_NT_002.SEN3,geo_coordinates.nc,59775268,0841826ff0f44550ca49dd5ae8f309bc199ad950fb03ed573349d54c41af9b3c,235630821bd16816868eaa8c7e3e28a9-8,"Tue, 30 Mar 2021 09:23:00 GMT"
S3B_OL_2_WFR____20190827T060618_20190827T060918_20190828T145450_0179_029_148_2520_MAR_O_NT_002.SEN3,tie_geo_coordinates.nc,1133916,d61cc03ae8e225e376dbfba2995989fab1dd5a86bee65ad174e84f157d1728b9,7c03e0bc24a03e5395046ec4640e6947,"Tue, 30 Mar 2021 09:22:59 GMT"
S3B_OL_2_WFR____20190827T060618_20190827T060918_20190828T145450_0179_029_148_2520_MAR_O_NT_002.SEN3,wqsf.nc,7692288,41b293f5f92ae6f483a8399ee34ab27b929dd5b00d47723bf910ebe44c21f858,ab06a451a7fce70cbf2c6052f250fcf7,"Tue, 30 Mar 2021 09:23:00 GMT"
S3B_OL_2_WFR____20190829T065456_20190829T065756_20190830T144126_0179_029_177_2520_MAR_O_NT_002.SEN3,tie_geo_coordinates.nc,1135779,ac59bd2035d26eed6346097b4e9ea8a25d1937cfec7d5a2036c75b94ec3130a9,980f3b5a3022bc8b73cc236852ec6dd3,"Tue, 23 Mar 2021 00:41:19 GMT"
S3B_OL_2_WFR____20190830T062845_20190830T063145_20190831T155023_0179_029_191_2520_MAR_O_NT_002.SEN3,chl_oc4me.nc,4989662,bde44bac5a7af55fef448bc2b969d60ac048a634dd22228ec0262bef9b983c32,146d6ebab89a2f1f32e8c61caa94324c,"Tue, 30 Mar 2021 09:21:07 GMT"
S3B_OL_2_WFR____20190830T062845_20190830T063145_20190831T155023_0179_029_191_2520_MAR_O_NT_002.SEN3,geo_coordinates.nc,60509778,de255778e6b2e54aaa80ca56ae26e95264d532b3f698b4965bc03efdd28b3452,603adb86de3eb8b6f7f0f911a8bddc24-8,"Tue, 30 Mar 2021 09:21:07 GMT"
S3B_OL_2_WFR____20190830T062845_20190830T063145_20190831T155023_0179_029_191_2520_MAR_O_NT_002.SEN3,tie_geo_coordinates.nc,1137192,4d6be0f666c3d21a81ee1ed7381b398a00522e36eef5bcd86ad4051cde8e51ae,c485821030338a1f2f652f4334a1196f,"Tue, 30 Mar 2021 09:21:07 GMT"
S3B_OL_2_WFR____20190830T062845_20190830T063145_20190831T155023_0179_029_191_2520_MAR_O_NT_002.SEN3,wqsf.nc,5092111,11c8e83739281af06a32953262717548a7e48de52efbb1ab83c89fb86d85f095,38f22f322a3aa0b2a90036004ce52a00,"Tue, 30 Mar 2021 09:21:07 GMT"
S3B_OL_2_WFR____20190831T060234_20190831T060534_20190901T151008_0179_029_205_2520_MAR_O_NT_002.SEN3,chl_oc4me.nc,6171721,247d53bbccf3c4f101b89637addcf01b9c48f73ceecdf80b94023c9c2efe8c9c,4866fe80e4637d706e0b8981750d97b8,"Tue, 23 Mar 2021 00:40:34 GMT"
S3B_OL_2_WFR____20190831T060234_20190831T060534_20190901T151008_0179_029_205_2520_MAR_O_NT_002.SEN3,geo_coordinates.nc,59686731,5d32fb7edb98d20011d3054988314e00413147a598aefb8ab2c9fd8583ef79a5,9c43f4833576372cc6130b87d8284c49-8,"Tue, 23 Mar 2021 00:40:34 GMT"
S3B_OL_2_WFR____20190831T060234_20190831T060534_20190901T151008_0179_029_205_2520_MAR_O_NT_002.SEN3,tie_geo_coordinates.nc,1131665,bed6b92d39112eb03b6978050c46916b1caa4f8c5ae65cadca2a6a688c58cda3,e02d1292ea0a63d37bb673fba54982ad,"Tue, 23 Mar 2021 00:40:34 GMT"
S3B_OL_2_WFR____20190831T060234_20190831T060534_20190901T151008_0179_029_205_2520_MAR_O_NT_002.SEN3,wqsf.nc,7203963,f74abc69b15df76f3494bbfdd1ca5d457909c636d163e12fad61cdfcbff19009,cd3507e3c44e24c992b6d0e3ce3fc62a,"Tue, 23 Mar 2021 00:40:34 GMT"
S3B_OL_2_WFR____20190902T065111_20190902T065411_20190903T181443_0179_029_234_2520_MAR_O_NT_002.SEN3,chl_oc4me.nc,3285923,66100e44a405ff030d5828b5f9ed63d576f5d03502866d0c9899438803f8309d,75528ca08b6e97ffc442a14b0bedf745,"Tue, 30 Mar 2021 09:19:57 GMT"
S3B_OL_2_WFR____20190902T065111_20190902T065411_20190903T181443_0179_029_234_2520_MAR_O_NT_002.SEN3,geo_coordinates.nc,59694221,985abf30fd5d7878d3ea5a930f0d5ba57a05212b48bce75f339b637248b06b60,173246cec0372aa1d6b59b2caa16933d-8,"Tue, 30 Mar 2021 09:19:57 GMT"
S3B_OL_2_WFR____20190902T065111_20190902T065411_20190903T181443_0179_029_234_2520_MAR_O_NT_002.SEN3,tie_geo_coordinates.nc,1135723,3a376040186adea4e177631a8e8c36f0277645832d3b23372efbfbe2f0bc8134,d9ecca60252d2133fd996d3660104c97,"Tue, 30 Mar 2021 09:19:57 GMT"
S3B_OL_2_WFR____20190902T065111_20190902T065411_20190903T181443_0179_029_234_2520_MAR_O_NT_002.SEN3,wqsf.nc,4992110,8d72187f2b75566a8c225769e90c16487fdc67b75b9f22ab9718393a8ec46595,dee6fa182fda4ff3546ddbe612df2516,"Tue, 30 Mar 2021 09:19:57 GMT"
S3B_OL_2_WFR____20190903T062500_20190903T062800_20190904T160638_0179_029_248_2520_MAR_O_NT_002.SEN3,chl_oc4me.nc,5285040,0467f253f85902d13b8fe6a353a91ff620276c82d29f27e6a16b03e7986be2c8,fa330e6087f0dc4a6a809ae7ec67e7e5,"Tue, 23 Mar 2021 00:38:46 GMT"
S3B_OL_2_WFR____20190903T062500_20190903T062800_20190904T160638_0179_029_248_2520_MAR_O_NT_002.SEN3,geo_coordinates.nc,60507247,ce59b89e89eb114861ac88986a0814af39d956a7f9a0150a8cf05e35080fa373,3a0e4e96cd4bb95ca7174bec0dba0ca2-8,"Tue, 23 Mar 2021 00:38:46 GMT"
S3B_OL_2_WFR____20190903T062500_20190903T062800_20190904T160638_0179_029_248_2520_MAR_O_NT_002.SEN3,tie_geo_coordinates.nc,1134834,850656a4d6322d65ec43bc1a7f641a7a0d50108f0ba0d2ce2848fc2ddc97a7e1,21ff51df0aee119abd2340b0d62c2212,"Tue, 23 Mar 2021 00:38:46 GMT"
S3B_OL_2_WFR____20190903T062500_20190903T062800_20190904T160638_0179_029_248_2520_MAR_O_NT_002.SEN3,wqsf.nc,4715404,a17b28c313d612833c45de3dfb0d28635d3f75243baa01aa15e7fa7a63b0475a,8cd77e8fba0de5b4f40508f490d739b8,"Tue, 23 Mar 2021 00:38:46 GMT"
S3B_OL_2_WFR____20190904T055849_20190904T060149_20190905T151327_0179_029_262_2520_MAR_O_NT_002.SEN3,chl_oc4me.nc,5690787,a68027a469449d252a31af39918c259b76eb054947b7e8e79d865cd2cc9b5dfe,8b967a45f9f5fc674a464e0a9b728acc,"Tue, 23 Mar 2021 00:37:40 GMT"
S3B_OL_2_WFR____20190904T055849_20190904T060149_20190905T151327_0179_029_262_2520_MAR_O_NT_002.SEN3,geo_coordinates.nc,59407785,bcd8bcd996c2c3542a96ca738b9fad313e25b7164922bb500e65bdebdc33bfa8,5d0e6d744cb6473ec2ccf677922514f5-8,"Tue, 23 Mar 2021 00:37:39 GMT"
S3B_OL_2_WFR____20190904T055849_20190904T060149_20190905T151327_0179_029_262_2520_MAR_O_NT_002.SEN3,tie_geo_coordinates.nc,1132474,990f7486a92b766bc719cefcdd51bce6d8171141839c2c2c645b7b2a685ac087,0ab9f4187bb8bb91ab2f471fedba469a,"Tue, 23 Mar 2021 00:37:39 GMT"
S3B_OL_2_WFR____20190904T055849_20190904T060149_20190905T151327_0179_029_262_2520_MAR_O_NT_002.SEN3,wqsf.nc,7318723,4117d58f022bde7cdd9ad3c7fd411057518ff5a3fad95d8aa6d6272f62b04e05,5182d4a835d8d1969c8341a0efeb5b46,"Tue, 23 Mar 2021 00:37:39 GMT"
S3B_OL_2_WFR____20190906T064727_20190906T065027_20190907T150151_0179_029_291_2520_MAR_O_NT_002.SEN3,chl_oc4me.nc,3651305,91d1b788e8a23170df0daee4f0c056076ab87343947287d55a03335fb71c7203,3baefd430331859d445ed16cdf6f2e1b,"Tue, 23 Mar 2021 00:36:39 GMT"
S3B_OL_2_WFR____20190906T064727_20190906T065027_20190907T150151_0179_029_291_2520_MAR_O_NT_002.SEN3,geo_coordinates.nc,59834211,2c8d47dfcdad0de06da18b6f0c6b9677a7ff8ad4a9e9d17546e2084cc0de221f,0ae6bf61fc6857fe938d084ada06e8b6-8,"Tue, 23 Mar 2021 00:36:39 GMT"
S3B_OL_2_WFR____20190906T064727_20190906T065027_20190907T150151_0179_029_291_2520_MAR_O_NT_002.SEN3,tie_geo_coordinates.nc,1139184,ebd317e2cb7e4fc2b751e4542372a0f02f4d6ea091d43fec9fdab10e1d1b5a2d,15de849a650988b81014d05458bc102c,"Tue, 23 Mar 2021 00:36:39 GMT"
S3B_OL_2_WFR____20190906T064727_20190906T065027_20190907T150151_0179_029_291_2520_MAR_O_NT_002.SEN3,wqsf.nc,4410200,9d2bdea144594361db7502a4077bdd82d258972457bbae2f7c5ab222b031ad73,d426feaf6d39fc50df8d67cafb7cd5dc,"Tue, 23 Mar 2021 00:36:39 GMT"
S3B_OL_2_WFR____20190911T061731_20190911T062031_20190912T153241_0180_029_362_2520_MAR_O_NT_002.SEN3,chl_oc4me.nc,5747000,1d9032e31f025ea639a33a7768a92f0b00f9b288e2c298075023417fc4f6805e,b2989e2a7c22f642e548d91764313e37,"Tue, 23 Mar 2021 00:34:10 GMT"
S3B_OL_2_WFR____20190911T061731_20190911T062031_20190912T153241_0180_029_362_2520_MAR_O_NT_002.SEN3,geo_coordinates.nc,60378417,49f82417bf721f52401a5071a9b1f8acd6a253aa22f2a3e207e05bad29f6deef,bf0f8c12de760f8dda47ca1870afe1ab-8,"Tue, 23 Mar 2021 00:34:10 GMT"
S3B_OL_2_WFR____20190911T061731_20190911T062031_20190912T153241_0180_029_362_2520_MAR_O_NT_002.SEN3,tie_geo_coordinates.nc,1139409,02759b24ca0f7eb243272a87a6df3d61ec80bb98bd391be949aaeed4bdfb66c4,66b6af3a0703073c8f549ce3aa33ecd3,"Tue, 23 Mar 2021 00:34:10 GMT"
S3B_OL_2_WFR____20190911T061731_20190911T062031_20190912T153241_0180_029_362_2520_MAR_O_NT_002.SEN3,wqsf.nc,5485004,6edba294834d780f2779c2f29376e46df3afe8d3c2e003921005aafe892b1540,bf48b0dcb2aa2f4cb6c1d19431fa2c93,"Tue, 23 Mar 2021 00:34:10 GMT"
S3B_OL_2_WFR____20190914T063958_20190914T064258_20190915T134428_0179_030_020_2520_MAR_O_NT_002.SEN3,chl_oc4me.nc,4394504,34672a699c1f9ae359fc4e1f6ad594798ae6d4a16efb23f30f72d1047e0cb166,14747097188a233749e010c90b13c47b,"Tue, 30 Mar 2021 09:15:47 GMT"
S3B_OL_2_WFR____20190914T063958_20190914T064258_20190915T134428_0179_030_020_2520_MAR_O_NT_002.SEN3,geo_coordinates.nc,60145451,d0098ed7655ea10370b0a6fdb51bd2f25a215d219af122402074fc06639fa913,59952eb3bfa05ca7cd8b4ccf63be743a-8,"Tue, 30 Mar 2021 09:15:47 GMT"
S3B_OL_2_WFR____20190914T063958_20190914T064258_20190915T134428_0179_030_020_2520_MAR_O_NT_002.SEN3,tie_geo_coordinates.nc,1139525,847a55715ae9a2a19fe6ce201743224fda5697c7f21501452f89cd5af740dac4,fd17c314a6a562df777dfeda79b3f57b,"Tue, 30 Mar 2021 09:15:47 GMT"
S3B_OL_2_WFR____20190914T063958_20190914T064258_20190915T134428_0179_030_020_2520_MAR_O_NT_002.SEN3,wqsf.nc,5233715,67cf99143654fbdf736d672171a37422c336054dcc36d05c8214256c4b899b9f,2ec94db61d8742046bdb149c69519cce,"Tue, 30 Mar 2021 09:15:47 GMT"
S3B_OL_2_WFR____20190915T061347_20190915T061647_20190916T135702_0179_030_034_2520_MAR_O_NT_002.SEN3,chl_oc4me.nc,5190991,5212375335c6f4c3c8a7bbdb0854f9115c3c303de76d1f68b3420026ba808552,b1796bbac02c49db0f1b04b6d4dd27fa,"Tue, 23 Mar 2021 00:31:29 GMT"
S3B_OL_2_WFR____20190915T061347_20190915T061647_20190916T135702_0179_030_034_2520_MAR_O_NT_002.SEN3,geo_coordinates.nc,60145317,b68d89fa81c81b5736eeb16a788e3c832137f489a1b8fd686d5c8ebbb31cce93,f85854ed6f8fd63186b9f0c6649538ad-8,"Tue, 23 Mar 2021 00:31:29 GMT"
S3B_OL_2_WFR____20190915T061347_20190915T061647_20190916T135702_0179_030_034_2520_MAR_O_NT_002.SEN3,tie_geo_coordinates.nc,1130406,68dfc3d5d88b67c2597ab29740248d9f1300a65d789cda99c071d32c6a4400ff,f2df65a7634faf2d844328cc72d56ec4,"Tue, 23 Mar 2021 00:31:29 GMT"
S3B_OL_2_WFR____20190915T061347_20190915T061647_20190916T135702_0179_030_034_2520_MAR_O_NT_002.SEN3,wqsf.nc,5903466,b32f4a88173dd510942ee364f6245d495bc77390315fab935f89d13843237e63,c56c3849dc8ddecb3dea57c2f419b831,"Tue, 23 Mar 2021 00:31:29 GMT"
S3B_OL_2_WFR____20190918T063613_20190918T063913_20190919T131236_0180_030_077_2520_MAR_O_NT_002.SEN3,chl_oc4me.nc,4625132,9aa62cdb2a5fef620878fcedd19da19f45c0ff7a84890dde007d2f28eadefaff,79dfd38bf7424d4195008788e7219282,"Tue, 06 Apr 2021 15:34:16 GMT"
S3B_OL_2_WFR____20190918T063613_20190918T063913_20190919T131236_0180_030_077_2520_MAR_O_NT_002.SEN3,geo_coordinates.nc,60310027,79741b2cf0e0ab113ab71b849aab579e35c23470c704ff9c9064641c7a71eec5,337fd90fb0b53c9fbe3086039df89fab-8,"Tue, 06 Apr 2021 15:34:16 GMT"
S3B_OL_2_WFR____20190918T063613_20190918T063913_20190919T131236_0180_030_077_2520_MAR_O_NT_002.SEN3,tie_geo_coordinates.nc,1137992,9ba4d01079971f926e2f731509baa6d451c815fab91ba083062e474fe4b1ae46,d4300512db7dd6bf1d8e2e30bd9ef6f4,"Tue, 06 Apr 2021 15:34:16 GMT"
S3B_OL_2_WFR____20190918T063613_20190918T063913_20190919T131236_0180_030_077_2520_MAR_O_NT_002.SEN3,wqsf.nc,4964428,a5a9c3165441b3d270b5beffe1c65179a765b4069b09ce6c4edac62926421589,4d82fe8cc7efe1d4e06611d4f29bf6bd,"Tue, 06 Apr 2021 15:34:16 GMT"
S3B_OL_2_WFR____20190919T061002_20190919T061302_20190920T144627_0179_030_091_2520_MAR_O_NT_002.SEN3,chl_oc4me.nc,7528006,18971e7cb20731d43d00fba073832c3297bf52230322cd24260c784f5ffa8d9e,2c06fe2d32a67d1999c8232862e137ea,"Tue, 23 Mar 2021 00:28:51 GMT"
S3B_OL_2_WFR____20190919T061002_20190919T061302_20190920T144627_0179_030_091_2520_MAR_O_NT_002.SEN3,geo_coordinates.nc,59934054,67240d49aa9e602db3c6350f6b1501b58f4faef322809bda0ca7dfa0a71b40d5,dbed8a5d2b5e3415c47a2cc877a82bef-8,"Tue, 23 Mar 2021 00:28:51 GMT"
S3B_OL_2_WFR____20190919T061002_20190919T061302_20190920T144627_0179_030_091_2520_MAR_O_NT_002.SEN3,tie_geo_coordinates.nc,1132276,d5e4a4c5e3cc03628efa97327f0a48613d8b8b36d3b59fb307a914277726da74,aa53ffa2d8b15878cea047bbb18821f4,"Tue, 23 Mar 2021 00:28:51 GMT"
S3B_OL_2_WFR____20190919T061002_20190919T061302_20190920T144627_0179_030_091_2520_MAR_O_NT_002.SEN3,wqsf.nc,5929372,26226e299bac9ce5406957133aec9229fc9f91b2794cef080bd8c7fe6fa5f104,dec315d6d8b30c30d2e512d0ac55d38d,"Tue, 23 Mar 2021 00:28:51 GMT"
S3B_OL_2_WFR____20190921T065840_20190921T070140_20190922T144720_0179_030_120_2520_MAR_O_NT_002.SEN3,tie_geo_coordinates.nc,1137753,b83a80417c24487b5bd68a49241b082303e1d0845c7cfc8144ab1bf3efdc50a5,86c4a4a3b37fee68eca12ea322f50d42,"Tue, 23 Mar 2021 00:27:09 GMT"
S3B_OL_2_WFR____20190922T063229_20190922T063529_20190923T115908_0179_030_134_2520_MAR_O_NT_002.SEN3,chl_oc4me.nc,5021183,938a69d67863cd94cd771ff10781ceffc3961367a9a77afdc7414967875d999b,0c32fe653bd7ceeb144fe2d893548c4b,"Thu, 01 Apr 2021 16:21:55 GMT"
S3B_OL_2_WFR____20190922T063229_20190922T063529_20190923T115908_0179_030_134_2520_MAR_O_NT_002.SEN3,geo_coordinates.nc,60447772,5b7ea5f1e1f436b8058e1322a4813670d4577185463ef9c07197bea675ef2304,ad12b964ff49aa648aa3356044659369-8,"Thu, 01 Apr 2021 16:21:56 GMT"
S3B_OL_2_WFR____20190922T063229_20190922T063529_20190923T115908_0179_030_134_2520_MAR_O_NT_002.SEN3,tie_geo_coordinates.nc,1139250,9a57c5018d5c234e2123cb27a60e4002eb0f15ffd10e4974ec7d6dc068544d16,f84a99a889ecfcb95430096c290994c2,"Thu, 01 Apr 2021 16:21:55 GMT"
S3B_OL_2_WFR____20190922T063229_20190922T063529_20190923T115908_0179_030_134_2520_MAR_O_NT_002.SEN3,wqsf.nc,4472892,933e8634ee46cb28ddd7668e85f44d0041883048601a909633cb6d77b71e2290,467bd8fd1934f6eddc238babd3cb6846,"Thu, 01 Apr 2021 16:21:56 GMT"
S3B_OL_2_WFR____20190923T060618_20190923T060918_20190924T135446_0179_030_148_2520_MAR_O_NT_002.SEN3,chl_oc4me.nc,6573620,cb37d0e32a95240854d900aa2054d77c4004fc564d65c64614a19dec58af309c,18192370c6d694653e3b46a595f60ba3,"Tue, 23 Mar 2021 00:26:13 GMT"
S3B_OL_2_WFR____20190923T060618_20190923T060918_20190924T135446_0179_030_148_2520_MAR_O_NT_002.SEN3,geo_coordinates.nc,59806504,c348eaaa27b4437d9a5d569bc747a9ec5b09470361760018dac988067e751807,2691d113f71191daad3af290aac1c0c6-8,"Tue, 23 Mar 2021 00:26:13 GMT"
S3B_OL_2_WFR____20190923T060618_20190923T060918_20190924T135446_0179_030_148_2520_MAR_O_NT_002.SEN3,tie_geo_coordinates.nc,1131299,b6fd1d07c502ea5db7dc4264112365d7f66b5c9790c867422252f482344b7ba8,0d7b73157583ebf18c19e9de6c8ce2f0,"Tue, 23 Mar 2021 00:26:13 GMT"
S3B_OL_2_WFR____20190923T060618_20190923T060918_20190924T135446_0179_030_148_2520_MAR_O_NT_002.SEN3,wqsf.nc,5221158,8c0e9b01538a5e8ac4a66a79db2a36be633dbb0dec4748243f1f113e652eb606,92c4028d5d4213ef0a2f27ec2c90ddfa,"Tue, 23 Mar 2021 00:26:13 GMT"
S3B_OL_2_WFR____20190925T065455_20190925T065755_20190926T135823_0179_030_177_2520_MAR_O_NT_002.SEN3,tie_geo_coordinates.nc,1135768,471162b82c4c95cc10714bf82ec7a15b8eca09dc8671291ca5b465faa1bb2951,4095b21a8de19b473bc6456fa09bc8f7,"Tue, 23 Mar 2021 00:25:24 GMT"
S3B_OL_2_WFR____20190926T062844_20190926T063144_20190927T124652_0179_030_191_2520_MAR_O_NT_002.SEN3,chl_oc4me.nc,5269567,8e06eebd6db128fe24cc454025e9da906d04e75282b1a77145a47b29283fa329,b946da17a76c170889413e79cb3b8357,"Thu, 01 Apr 2021 16:21:15 GMT"
S3B_OL_2_WFR____20190926T062844_20190926T063144_20190927T124652_0179_030_191_2520_MAR_O_NT_002.SEN3,geo_coordinates.nc,60482629,1fcda6c165da00125d3dac44cb25df6425b5afc9256bf63dce2b3f3304543453,c611cf63b1184e5eda35a20bd4bb11b6-8,"Thu, 01 Apr 2021 16:21:15 GMT"
S3B_OL_2_WFR____20190926T062844_20190926T063144_20190927T124652_0179_030_191_2520_MAR_O_NT_002.SEN3,tie_geo_coordinates.nc,1138988,229224d594e35eb86139bc7d70c9a1b6778ec49c5f255994466e12475cbe1db3,418011e95560708db14219e4576c278e,"Thu, 01 Apr 2021 16:21:15 GMT"
S3B_OL_2_WFR____20190926T062844_20190926T063144_20190927T124652_0179_030_191_2520_MAR_O_NT_002.SEN3,wqsf.nc,4783836,ee6f32bf3ed2d67e6eaadc972fc0d1fd9fdfdce86cca31843265251499386973,d1f2b893d82e8671ce2b06dae3b82eca,"Thu, 01 Apr 2021 16:21:15 GMT"
S3B_OL_2_WFR____20190927T060233_20190927T060533_20190928T150606_0179_030_205_2520_MAR_O_NT_002.SEN3,chl_oc4me.nc,6969260,59c6dbe2444d7b42d97a44d5a731978478133b90964e429bef204c8edbd687b3,74bb0e18e0ed5b3fb3d8c828d5937507,"Tue, 23 Mar 2021 00:24:46 GMT"
S3B_OL_2_WFR____20190927T060233_20190927T060533_20190928T150606_0179_030_205_2520_MAR_O_NT_002.SEN3,geo_coordinates.nc,59657047,60df1eddc3e814cf7f4289edcd62bb29a3551199779107e49c9dbc95f4d7869f,f486fb50b7cccea5bc90195ed2688730-8,"Tue, 23 Mar 2021 00:24:46 GMT"
S3B_OL_2_WFR____20190927T060233_20190927T060533_20190928T150606_0179_030_205_2520_MAR_O_NT_002.SEN3,tie_geo_coordinates.nc,1133796,cae02fad47fa297b45bac4da70cef8807fba5b4e28db71235435fdbd0ef2959e,dc1a1cd99910e0a43ea7b3c300335463,"Tue, 23 Mar 2021 00:24:46 GMT"
S3B_OL_2_WFR____20190927T060233_20190927T060533_20190928T150606_0179_030_205_2520_MAR_O_NT_002.SEN3,wqsf.nc,5781370,68c48aae6ff3d2cdcf75072a814f33602513b4e5f85b429c8261278e761ead2f,59bddec4b4ef04cbce7dd11efe3d2a29,"Tue, 23 Mar 2021 00:24:46 GMT"
S3B_OL_2_WFR____20190929T065110_20190929T065410_20190930T121610_0179_030_234_2520_MAR_O_NT_002.SEN3,chl_oc4me.nc,3553799,62fa6fdd26844b36533f91c975785f9f979d54e15f7a9d2e6be3c3c4c92e9ad3,fabd08f89bfcbf26f590c51d0c969222,"Thu, 01 Apr 2021 16:20:27 GMT"
S3B_OL_2_WFR____20190929T065110_20190929T065410_20190930T121610_0179_030_234_2520_MAR_O_NT_002.SEN3,geo_coordinates.nc,59654505,513ef003d4819bb44ec531abca8da7cded2526aab0bfc49ee25c68b7de7122a2,cbe295162fe46038d3741feda1d505c7-8,"Thu, 01 Apr 2021 16:20:27 GMT"
S3B_OL_2_WFR____20190929T065110_20190929T065410_20190930T121610_0179_030_234_2520_MAR_O_NT_002.SEN3,tie_geo_coordinates.nc,1137033,c9ede6ea6251631b28199e63647d453424272520e2015cabecf80413cbd28224,7700edef32804d7d92aa3ea5651704f2,"Thu, 01 Apr 2021 16:20:27 GMT"
S3B_OL_2_WFR____20190929T065110_20190929T065410_20190930T121610_0179_030_234_2520_MAR_O_NT_002.SEN3,wqsf.nc,3768628,6580dbabeb48355aa388270b6262d8a5cf6480c339c47bfbab06b0366875451e,e58458bc9c446981bd286c1398caf579,"Thu, 01 Apr 2021 16:20:27 GMT"
S3B_OL_2_WFR____20190930T062459_20190930T062759_20191001T132104_0179_030_248_2520_MAR_O_NT_002.SEN3,chl_oc4me.nc,5552407,9a7fa9f136b43947b15b750c0bae3872c72cddc6d8bfee21e092686cdc64c895,8cee07d7dec03542d129932588cd043e,"Tue, 23 Mar 2021 00:22:29 GMT"
S3B_OL_2_WFR____20190930T062459_20190930T062759_20191001T132104_0179_030_248_2520_MAR_O_NT_002.SEN3,geo_coordinates.nc,60486243,5028e3c595fb4baa0e9b38d0596a70337e32c97edcd7e04a7b8a3e818a4e5bd8,ec038fd54411a1680ed7931c7e9cb8cf-8,"Tue, 23 Mar 2021 00:22:30 GMT"
S3B_OL_2_WFR____20190930T062459_20190930T062759_20191001T132104_0179_030_248_2520_MAR_O_NT_002.SEN3,tie_geo_coordinates.nc,1140423,15c36ff00e66fee0b72056694df8bb86fccd2d3c45b8127c47972c3bf1769415,8a7d93bd5e75c1b56f971e0333717e74,"Tue, 23 Mar 2021 00:22:29 GMT"
S3B_OL_2_WFR____20190930T062459_20190930T062759_20191001T132104_0179_030_248_2520_MAR_O_NT_002.SEN3,wqsf.nc,4863802,ebcb3e51971aae3347348b454f9ce9412051ff91f2f2b2aa79562cc344c89a9a,e82498526107f87b9d0b67df1bf0bcdf,"Tue, 23 Mar 2021 00:22:29 GMT"
S3B_OL_2_WFR____20191001T055848_20191001T060148_20191002T154940_0179_030_262_2520_MAR_O_NT_002.SEN3,chl_oc4me.nc,9305400,3b4f44068145b7baef701666a991afa0c3a2b4174a4fcd25e3771a82763a7248,30fd78d7a0448ff63f032e8b278ef5bf-2,"Tue, 23 Mar 2021 00:21:45 GMT"
S3B_OL_2_WFR____20191001T055848_20191001T060148_20191002T154940_0179_030_262_2520_MAR_O_NT_002.SEN3,geo_coordinates.nc,59393117,31aa6b55624569e5c51eced11c6be94359174e90f586b116f8fc73cbb3efb91f,e22f6361ede6017af56e652578b009f0-8,"Tue, 23 Mar 2021 00:21:46 GMT"
S3B_OL_2_WFR____20191001T055848_20191001T060148_20191002T154940_0179_030_262_2520_MAR_O_NT_002.SEN3,tie_geo_coordinates.nc,1137398,01e286debd10c6730a36d1026d9e1234aac7ef315b3926bdcde38c88b1890b65,1247991cf2d02d89e38bbe1934d41cb6,"Tue, 23 Mar 2021 00:21:45 GMT"
S3B_OL_2_WFR____20191001T055848_20191001T060148_20191002T154940_0179_030_262_2520_MAR_O_NT_002.SEN3,wqsf.nc,10356230,ade2e0657b5a30f46466017e403b1983cb77754fbcfa732c835ea3aaf3e80efb,000d7c96ff91020065596028cd385da4-2,"Tue, 23 Mar 2021 00:21:45 GMT"
S3B_OL_2_WFR____20191003T064725_20191003T065025_20191004T152226_0179_030_291_2520_MAR_O_NT_002.SEN3,chl_oc4me.nc,3989643,abe407d9d52af1ec9df626622363ced4eceac98bac74c906d9aeac5d06d95247,ba0499acbeea6a82f7e201a5b39979f1,"Tue, 06 Apr 2021 15:33:11 GMT"
S3B_OL_2_WFR____20191003T064725_20191003T065025_20191004T152226_0179_030_291_2520_MAR_O_NT_002.SEN3,geo_coordinates.nc,59811376,ea3237312b0088d31c91f140906f74dacda59ecf2617bf6bd5cae68c57197a8e,1f2520cb93459645426fccc04bba4a14-8,"Tue, 06 Apr 2021 15:33:11 GMT"
S3B_OL_2_WFR____20191003T064725_20191003T065025_20191004T152226_0179_030_291_2520_MAR_O_NT_002.SEN3,tie_geo_coordinates.nc,1133888,e6cdcc4e46b4a0186437e0ade238c372b053d0c5578976697f40fd7da99f18fb,b0ceff6bfd923913069fe08e3bb58c26,"Tue, 06 Apr 2021 15:33:11 GMT"
S3B_OL_2_WFR____20191003T064725_20191003T065025_20191004T152226_0179_030_291_2520_MAR_O_NT_002.SEN3,wqsf.nc,4131379,7d1fbb296d69f60d0faf4c5f410a2ba69739d1fad2f020baff5400c8ebd3f3cd,6e6fb8f995b95068fba660c0485a8e48,"Tue, 06 Apr 2021 15:33:11 GMT"
S3B_OL_2_WFR____20191004T062114_20191004T062414_20191005T135801_0179_030_305_2520_MAR_O_NT_002.SEN3,chl_oc4me.nc,5292323,4e536a0b93f92703de2934c2525124c1fe1d51580c77b975f15c3f60568db3da,2dab20698ce9179402340247944ae3e5,"Tue, 23 Mar 2021 00:19:33 GMT"
S3B_OL_2_WFR____20191004T062114_20191004T062414_20191005T135801_0179_030_305_2520_MAR_O_NT_002.SEN3,geo_coordinates.nc,60495563,4558db47bb6bfeb332ebaa5f3d6865d205420a28efba5fd2bbf43d3c9e83df41,250c071888b06f4914fe1f96cf00ae6f-8,"Tue, 23 Mar 2021 00:19:33 GMT"
S3B_OL_2_WFR____20191004T062114_20191004T062414_20191005T135801_0179_030_305_2520_MAR_O_NT_002.SEN3,tie_geo_coordinates.nc,1137511,4ccdf6197b131a9dda20b5b740fcc411ba8e079c92cd73bb3c8c6e067ba3f8b6,d69b6ed2a17954aaae4be85134b3ab68,"Tue, 23 Mar 2021 00:19:33 GMT"
S3B_OL_2_WFR____20191004T062114_20191004T062414_20191005T135801_0179_030_305_2520_MAR_O_NT_002.SEN3,wqsf.nc,6344707,c971a514cdee719013c2690179ef56f56d1bd812bf36d3db6a8d4e34df6ca822,24db608d4109544453e6b70baf511634,"Tue, 23 Mar 2021 00:19:33 GMT"
S3B_OL_2_WFR____20191007T064340_20191007T064640_20191008T132729_0180_030_348_2520_MAR_O_NT_002.SEN3,chl_oc4me.nc,4236747,f7969c828d646c5433466d24cf96a7f7f1fde52753109bcb00bf66797bb0ba0c,6838c72cceeb79eb5ee4e8792a922d2a,"Tue, 23 Mar 2021 00:17:40 GMT"
S3B_OL_2_WFR____20191007T064340_20191007T064640_20191008T132729_0180_030_348_2520_MAR_O_NT_002.SEN3,geo_coordinates.nc,59973703,2e2db89f241e58d3e94d30fa641cacc2bc289a834fcf70d683962ebadada0ef1,4c0e208871728997640b4216525e82a0-8,"Tue, 23 Mar 2021 00:17:39 GMT"
S3B_OL_2_WFR____20191007T064340_20191007T064640_20191008T132729_0180_030_348_2520_MAR_O_NT_002.SEN3,tie_geo_coordinates.nc,1139008,cd251b0b136e7ca947b681f2b336b103a8a9241d5c5ab9a7e42e098c73a6614f,a8643b483762850ae519a83e2ae89a2f,"Tue, 23 Mar 2021 00:17:40 GMT"
S3B_OL_2_WFR____20191007T064340_20191007T064640_20191008T132729_0180_030_348_2520_MAR_O_NT_002.SEN3,wqsf.nc,4845041,10b405e060c4747bfc7d0274c9c0a3d3cce88de37ca7178729d5f23062ce088c,35e61c30954e3189c58f0218c0fdd21a,"Tue, 23 Mar 2021 00:17:39 GMT"
S3B_OL_2_WFR____20191008T061729_20191008T062029_20191009T153230_0179_030_362_2520_MAR_O_NT_002.SEN3,chl_oc4me.nc,7648957,cbd9c998d311402a1237368947ffcb7f2065ad6e4ded54ba39185752d869f84e,ce680a48988493f46478de18463da8f9,"Thu, 01 Apr 2021 16:18:16 GMT"
S3B_OL_2_WFR____20191008T061729_20191008T062029_20191009T153230_0179_030_362_2520_MAR_O_NT_002.SEN3,geo_coordinates.nc,60351326,46c8ce48a8ad47f01ff54756f9e0d69e67d6a59dcc8ba13230c13269ea68e207,fd3c3f4ff1d2f8ddb35bcdbfe3d2cd22-8,"Thu, 01 Apr 2021 16:18:16 GMT"
S3B_OL_2_WFR____20191008T061729_20191008T062029_20191009T153230_0179_030_362_2520_MAR_O_NT_002.SEN3,tie_geo_coordinates.nc,1137485,56715a1ab423c434eff7704985cd052b4256c979306e3d9a0eef76384dedd6c4,2ba02ec91bb5d9856d1a40b8e88aa7ec,"Thu, 01 Apr 2021 16:18:16 GMT"
S3B_OL_2_WFR____20191008T061729_20191008T062029_20191009T153230_0179_030_362_2520_MAR_O_NT_002.SEN3,wqsf.nc,6498692,54606e1a7644857cb2f6a260092823448c21e450bd2cea4f768180eedb1342a1,6f65cd83b9cb0be36028349acf8aed3f,"Thu, 01 Apr 2021 16:18:16 GMT"
S3B_OL_2_WFR____20191011T063955_20191011T064255_20191012T150442_0179_031_020_2520_MAR_O_NT_002.SEN3,chl_oc4me.nc,4165823,b671483d4f5d47b121fb9c0f52c4dbe4e37ff87a8fdec1ce14a432d4eb2dfa5e,e4c8002eed765a3bfafb250c1f9b4107,"Tue, 23 Mar 2021 00:14:38 GMT"
S3B_OL_2_WFR____20191011T063955_20191011T064255_20191012T150442_0179_031_020_2520_MAR_O_NT_002.SEN3,geo_coordinates.nc,60109670,70a3ae02853a8c8a6b244eefac26173ade29d8063675c90438a63662dd8a57bb,c7928622969e7024215dfed8de6c3f0d-8,"Tue, 23 Mar 2021 00:14:38 GMT"
S3B_OL_2_WFR____20191011T063955_20191011T064255_20191012T150442_0179_031_020_2520_MAR_O_NT_002.SEN3,tie_geo_coordinates.nc,1137717,cd53c2178c744d01e4dbf50e4369ebea72ac282cb7c31c2eda178bc77b7d2069,42f16c35cdaa2f4edd9e8836c48f3b25,"Tue, 23 Mar 2021 00:14:38 GMT"
S3B_OL_2_WFR____20191011T063955_20191011T064255_20191012T150442_0179_031_020_2520_MAR_O_NT_002.SEN3,wqsf.nc,3997336,1b12bde6f91a8215025b5792538ce049a3963c3c2cf09e3ca2554d5de01ac940,d0d1bfc1a263728319023eb403f22518,"Tue, 23 Mar 2021 00:14:38 GMT"
S3B_OL_2_WFR____20191015T063609_20191015T063909_20191016T154248_0179_031_077_2520_MAR_O_NT_002.SEN3,chl_oc4me.nc,4937325,034e8a34c89c81fe66c95e9c5f0596914aef74cf0c2619d7eba65ec3bfba3390,a5d8c1082da51cabbd75064c105e80f5,"Tue, 23 Mar 2021 00:11:28 GMT"
S3B_OL_2_WFR____20191015T063609_20191015T063909_20191016T154248_0179_031_077_2520_MAR_O_NT_002.SEN3,geo_coordinates.nc,60244472,d30f001f60322214b19735951b7ca639a118c106531fde595af535c95f5d3d84,090b113cc80c4a222d7779463817e60c-8,"Tue, 23 Mar 2021 00:11:28 GMT"
S3B_OL_2_WFR____20191015T063609_20191015T063909_20191016T154248_0179_031_077_2520_MAR_O_NT_002.SEN3,tie_geo_coordinates.nc,1133612,b2b1f0328891623fde0fb68fd253e19aa9333f90bb8b49aad16c5a5b786d095a,731b1a640446b883b90951e6583dd86d,"Tue, 23 Mar 2021 00:11:28 GMT"
S3B_OL_2_WFR____20191015T063609_20191015T063909_20191016T154248_0179_031_077_2520_MAR_O_NT_002.SEN3,wqsf.nc,3762790,1b740e6466fbfc367ac8907c4b2eff246cf8e6140440a625c5992a1b5b8d9bc2,f36229c21c3e4ff7a1e60df4b83585ba,"Tue, 23 Mar 2021 00:11:29 GMT"
S3B_OL_2_WFR____20191016T060958_20191016T061258_20191017T164731_0179_031_091_2520_MAR_O_NT_002.SEN3,chl_oc4me.nc,8242419,398f883a950fff315d2d66813cc1fd7652704f0b383849fa4ac67ab9514c1e24,c61b80a03a1223cc00372cbca03ae621,"Thu, 01 Apr 2021 16:15:50 GMT"
S3B_OL_2_WFR____20191016T060958_20191016T061258_20191017T164731_0179_031_091_2520_MAR_O_NT_002.SEN3,geo_coordinates.nc,59898146,7401ff109f8595af328495a1d9bf16d141f87838b8be0543b67d0ff612e90ac7,8d0ec45c8219325aa166fc852fb794f5-8,"Thu, 01 Apr 2021 16:15:49 GMT"
S3B_OL_2_WFR____20191016T060958_20191016T061258_20191017T164731_0179_031_091_2520_MAR_O_NT_002.SEN3,tie_geo_coordinates.nc,1137982,42652ce07d626f580f5b445b5c51026ed2a7cc22bd298ffdf9a00cfb06f91a8b,954a8a71009f6157ae7a62125c14441b,"Thu, 01 Apr 2021 16:15:49 GMT"
S3B_OL_2_WFR____20191016T060958_20191016T061258_20191017T164731_0179_031_091_2520_MAR_O_NT_002.SEN3,wqsf.nc,6131741,75a3636dfffb33e4fda3bdff7d1baf270b66043592b3b2a0a6bd060642781dbe,49891dc3d3ebc22b0adc0cc5b3cc6287,"Thu, 01 Apr 2021 16:15:50 GMT"
S3B_OL_2_WFR____20191018T065836_20191018T070136_20191019T150744_0179_031_120_2520_MAR_O_NT_002.SEN3,tie_geo_coordinates.nc,1138249,e9094e198af1737b9d1003186cc94c6ad57d616b85ff7ffed6e585cd4802d50e,75fed8a10bb2e6c9693ad27b7779c1cb,"Thu, 01 Apr 2021 16:14:49 GMT"
S3B_OL_2_WFR____20191019T063225_20191019T063525_20191024T000025_0179_031_134_2520_MAR_O_NT_002.SEN3,chl_oc4me.nc,5104413,22ea0ea1f0b955157756470961fbce9c1e0ca2ab72cdf6ab5543e2d22b5f01b0,6685e96a98f27c760492f91a3d9d8e02,"Tue, 23 Mar 2021 00:08:43 GMT"
S3B_OL_2_WFR____20191019T063225_20191019T063525_20191024T000025_0179_031_134_2520_MAR_O_NT_002.SEN3,geo_coordinates.nc,60441006,3e6a56ab8a5ccc54e0d121b2dc5d31034be0159aef1cb54be0b58ac45934d154,feecb9c8040f05fbc6d6552ca84f8480-8,"Tue, 23 Mar 2021 00:08:43 GMT"
S3B_OL_2_WFR____20191019T063225_20191019T063525_20191024T000025_0179_031_134_2520_MAR_O_NT_002.SEN3,tie_geo_coordinates.nc,1138927,401a9a62910f9dc47765bba11a5d92b1fc518cde6e238e0f5b1adcf680d3d27f,472bf234a093b8975db5a9a06b992c06,"Tue, 23 Mar 2021 00:08:43 GMT"
S3B_OL_2_WFR____20191019T063225_20191019T063525_20191024T000025_0179_031_134_2520_MAR_O_NT_002.SEN3,wqsf.nc,3762303,b15ecc4b29b13b701ef41e362c6c7a440f47fc5504a566879964607f4c5b9125,bcac61a717e6bb30afadace4d15f1995,"Tue, 23 Mar 2021 00:08:43 GMT"
S3B_OL_2_WFR____20191020T060615_20191020T060915_20191021T143731_0179_031_148_2520_MAR_O_NT_002.SEN3,chl_oc4me.nc,9135259,40cc340808bbb6e57ac72e68d67146c9225e7edca0fa838c86f4cf525a4590c6,66a13c3b18f49e7cf959f00d79bb5a57-2,"Tue, 30 Mar 2021 08:50:13 GMT"
S3B_OL_2_WFR____20191020T060615_20191020T060915_20191021T143731_0179_031_148_2520_MAR_O_NT_002.SEN3,geo_coordinates.nc,59761709,28bb5fc79e91737d0351c355d8d79feaf4d2c4a3a73912bc4f8a5c7986c301c4,42dbfd88676dd4770ecb71f1ae037566-8,"Tue, 30 Mar 2021 08:50:13 GMT"
S3B_OL_2_WFR____20191020T060615_20191020T060915_20191021T143731_0179_031_148_2520_MAR_O_NT_002.SEN3,tie_geo_coordinates.nc,1128381,b0a7870edc227ed1b06a617c0e434b2428a4552e4711d95116ea66d820b57109,cf7275273d1c5e2428353eb7e3c8bd76,"Tue, 30 Mar 2021 08:50:13 GMT"
S3B_OL_2_WFR____20191020T060615_20191020T060915_20191021T143731_0179_031_148_2520_MAR_O_NT_002.SEN3,wqsf.nc,5883189,b53a9ce7c60a5a1fafb1a8eedf6ac28304de136d180b885fb642bee6c1a08f22,6423a7016f00a00863a5ab059f163587,"Tue, 30 Mar 2021 08:50:13 GMT"
S3B_OL_2_WFR____20191022T065453_20191022T065753_20191023T155643_0179_031_177_2520_MAR_O_NT_002.SEN3,tie_geo_coordinates.nc,1138177,2aacfb54f4368cd860e0d14c419b8934904cb1269d6a9bea8e11140477b06eba,52176417e681aabc981d5f0d5ef28260,"Tue, 23 Mar 2021 00:06:47 GMT"
S3B_OL_2_WFR____20191023T062842_20191023T063142_20191024T154040_0179_031_191_2520_MAR_O_NT_002.SEN3,chl_oc4me.nc,5166973,b83fba71d4d7702de0d2bdc7fdb833dd2de35511b5ff4e2059cfd7b91d5cf2c4,61e5c861647378da8056b7427c4737a7,"Tue, 30 Mar 2021 08:48:39 GMT"
S3B_OL_2_WFR____20191023T062842_20191023T063142_20191024T154040_0179_031_191_2520_MAR_O_NT_002.SEN3,geo_coordinates.nc,60457204,9e9f25f4a0ca3a2a1d3150c194b94eaa23f25dd0ef2bdb7d98b39bb79db11a65,c92b73891c5bfac67f90e4bcca16f822-8,"Tue, 30 Mar 2021 08:48:39 GMT"
S3B_OL_2_WFR____20191023T062842_20191023T063142_20191024T154040_0179_031_191_2520_MAR_O_NT_002.SEN3,tie_geo_coordinates.nc,1134851,ee79741e9979796d1d6dd7b8a326923e9f4c36bd7ab9f96b901019780adbdf49,1bef5d67d70bf7608d79804e9320563a,"Tue, 30 Mar 2021 08:48:39 GMT"
S3B_OL_2_WFR____20191023T062842_20191023T063142_20191024T154040_0179_031_191_2520_MAR_O_NT_002.SEN3,wqsf.nc,4171857,abdcd2659204317f052f0cef46b74109c74eb98ed4ef460ca0ca8187fc6536ec,857d1866abea746b30a97fd29c10b1fa,"Tue, 30 Mar 2021 08:48:39 GMT"
S3B_OL_2_WFR____20191024T060231_20191024T060531_20191025T150448_0180_031_205_2520_MAR_O_NT_002.SEN3,chl_oc4me.nc,8771476,16d2d9e87ea213dd92e176fb64217e6196be155e5d2f239e6b68a4407e457956,f60b11a00cf65e9ed817a0910f9a0e7f-2,"Tue, 23 Mar 2021 00:05:56 GMT"
S3B_OL_2_WFR____20191024T060231_20191024T060531_20191025T150448_0180_031_205_2520_MAR_O_NT_002.SEN3,geo_coordinates.nc,59628878,1ec8efc39c81faa54b468169edf3966fbf00f0700c20b1031310cec7df5a5f05,dd54566c11717ce37eb634c959843306-8,"Tue, 23 Mar 2021 00:05:56 GMT"
S3B_OL_2_WFR____20191024T060231_20191024T060531_20191025T150448_0180_031_205_2520_MAR_O_NT_002.SEN3,tie_geo_coordinates.nc,1130870,d66f9e80579c5d08bffde6c17fc01e58cd43fc6e9796eec4faa27a746e8e37c1,54aff6607cef4f9e6aa51ff8dde22cdb,"Tue, 23 Mar 2021 00:05:55 GMT"
S3B_OL_2_WFR____20191024T060231_20191024T060531_20191025T150448_0180_031_205_2520_MAR_O_NT_002.SEN3,wqsf.nc,6263533,f54b3c3bc32abd28d97cf3e21143fe17ef621b998e55cfe98920b641827d213c,e94b228ba0af182b0bc40ca7001f09c4,"Tue, 23 Mar 2021 00:05:56 GMT"
S3B_OL_2_WFR____20191026T065109_20191026T065409_20191027T123843_0179_031_234_2520_MAR_O_NT_002.SEN3,chl_oc4me.nc,3268820,6aac1951b9c9e001598dc62f88e12e1b4359927f87c579f726fbb86798f6e2f0,486c6f358f3e90d35a5084743a969a7e,"Tue, 30 Mar 2021 08:47:11 GMT"
S3B_OL_2_WFR____20191026T065109_20191026T065409_20191027T123843_0179_031_234_2520_MAR_O_NT_002.SEN3,geo_coordinates.nc,59635508,438d6f231819aad7ff8b4057f93a79cfd00be4b39da8cc97893d239631981fe9,8d97c054b3bd291aef6592430a394213-8,"Tue, 30 Mar 2021 08:47:11 GMT"
S3B_OL_2_WFR____20191026T065109_20191026T065409_20191027T123843_0179_031_234_2520_MAR_O_NT_002.SEN3,tie_geo_coordinates.nc,1135002,7d16185cd99489a7e7527a6adf1085709178d7bf070da3750a889d27d73f123a,e8dd95c454e88ea493fbb594e07dff9f,"Tue, 30 Mar 2021 08:47:11 GMT"
S3B_OL_2_WFR____20191026T065109_20191026T065409_20191027T123843_0179_031_234_2520_MAR_O_NT_002.SEN3,wqsf.nc,3667521,a423137e846e207436a22b3647ad66fdcee8ca8e0cbacf8aed5bf0a5507af3f3,1de436b16e1a980b02a556a651544484,"Tue, 30 Mar 2021 08:47:11 GMT"
S3B_OL_2_WFR____20191027T062458_20191027T062758_20191028T151405_0179_031_248_2520_MAR_O_NT_002.SEN3,chl_oc4me.nc,5397679,b98d3081691b83deb3275ce33e70f314797007bf871d4c06596d96e34d47d005,2448ca979a6f74b77a1ca238075fa612,"Tue, 23 Mar 2021 00:03:59 GMT"
S3B_OL_2_WFR____20191027T062458_20191027T062758_20191028T151405_0179_031_248_2520_MAR_O_NT_002.SEN3,geo_coordinates.nc,60461107,516aac2b8803193f20725f257e301720f7893f19499a0129a2af390335882bbb,ba4900de54b932f9cb01010f1d7addf4-8,"Tue, 23 Mar 2021 00:03:59 GMT"
S3B_OL_2_WFR____20191027T062458_20191027T062758_20191028T151405_0179_031_248_2520_MAR_O_NT_002.SEN3,tie_geo_coordinates.nc,1137543,4089d11bc1d180d7be712155681930dd69643b0ed5519af8e7627d1a72eb7716,b75a951e480177c00153fb73494aec44,"Tue, 23 Mar 2021 00:03:59 GMT"
S3B_OL_2_WFR____20191027T062458_20191027T062758_20191028T151405_0179_031_248_2520_MAR_O_NT_002.SEN3,wqsf.nc,4087257,639064d05b09756113312e2e3699cfbbe13fcae153e4a147dd9f8f6663fb232d,ccecaf4626bd17b8597fc0a832cf6fd6,"Tue, 23 Mar 2021 00:03:59 GMT"
S3B_OL_2_WFR____20191028T055848_20191028T060148_20191029T140502_0179_031_262_2520_MAR_O_NT_002.SEN3,chl_oc4me.nc,6546139,4c811909a61899f5a57bf9fbf03ba626376e10c452935e81b506bc279787b88d,e4615ca0ed76add2083fda849cad8681,"Tue, 23 Mar 2021 00:03:09 GMT"
S3B_OL_2_WFR____20191028T055848_20191028T060148_20191029T140502_0179_031_262_2520_MAR_O_NT_002.SEN3,geo_coordinates.nc,59390940,83e7d6f9d327df947d7cc855a0a0e78ca119d94ccae46bb2b91956361a51f490,d22ca88c5796380613e585ee23136c5e-8,"Tue, 23 Mar 2021 00:03:09 GMT"
S3B_OL_2_WFR____20191028T055848_20191028T060148_20191029T140502_0179_031_262_2520_MAR_O_NT_002.SEN3,tie_geo_coordinates.nc,1134228,d2dec49b0bd055d26e9abd166d0bf441d9fc41d3e18cb2a972c10c00aa33cc5f,d34297f1b97bc8e7dbf61a0ec1c3b8ae,"Tue, 23 Mar 2021 00:03:09 GMT"
S3B_OL_2_WFR____20191028T055848_20191028T060148_20191029T140502_0179_031_262_2520_MAR_O_NT_002.SEN3,wqsf.nc,4710516,b2730af81360c568d938851bc23fe839b676fb4cc490253d48e5f7f187f45605,35ef271d0c40291b2b0c2dfc71528927,"Tue, 23 Mar 2021 00:03:09 GMT"
S3B_OL_2_WFR____20191030T064725_20191030T065025_20191108T141435_0179_031_291_2520_MAR_O_NT_002.SEN3,chl_oc4me.nc,3411067,debd147672e8baece6297d209349cc6cf758d5501bd7019b4e8440dcad10a93f,54e8bf638669ddf7df9842a9a4a9fe10,"Thu, 01 Apr 2021 16:11:45 GMT"
S3B_OL_2_WFR____20191030T064725_20191030T065025_20191108T141435_0179_031_291_2520_MAR_O_NT_002.SEN3,geo_coordinates.nc,59825028,b9db72be89fdd401bf434f1bcb5ac0d865b813c263051bfa2465804eb0c3b2c5,b4292c0f251cae49dbb7c0a0dc7a9364-8,"Thu, 01 Apr 2021 16:11:44 GMT"
S3B_OL_2_WFR____20191030T064725_20191030T065025_20191108T141435_0179_031_291_2520_MAR_O_NT_002.SEN3,tie_geo_coordinates.nc,1139344,40e8b943333aac1363a0aba2fe4ef6e8badc1d7be4ffc1884930f1ec8c0fde90,39bd5a0ba93ddfaf62ab42365c815448,"Thu, 01 Apr 2021 16:11:44 GMT"
S3B_OL_2_WFR____20191030T064725_20191030T065025_20191108T141435_0179_031_291_2520_MAR_O_NT_002.SEN3,wqsf.nc,3957411,fb707a1a49b645dcadf84fbd9b00760ef1434acde7dbc1d465d744d184ba9779,393e71cef0cc52edab0d996508b8d4d7,"Thu, 01 Apr 2021 16:11:44 GMT"
S3B_OL_2_WFR____20191031T062115_20191031T062415_20191113T005238_0179_031_305_2520_MAR_O_NT_002.SEN3,chl_oc4me.nc,5711062,0bc00307b5523d138c89948fa06c2228d81ca2667b0b07b9928baec73afdba2f,b4d74c20e40556a6572dffc11e263e50,"Tue, 23 Mar 2021 00:01:16 GMT"
S3B_OL_2_WFR____20191031T062115_20191031T062415_20191113T005238_0179_031_305_2520_MAR_O_NT_002.SEN3,geo_coordinates.nc,60478844,9458c3703aecc2f6280a67265b4f9778b081d7c42b7ebd75ad46f33f7e01019b,b3ac3b34795be0f4b7c489476ab81dfa-8,"Tue, 23 Mar 2021 00:01:16 GMT"
S3B_OL_2_WFR____20191031T062115_20191031T062415_20191113T005238_0179_031_305_2520_MAR_O_NT_002.SEN3,tie_geo_coordinates.nc,1141078,4ad429c1d2adc1e0c620b65abf97dfcf94927d8bd6a50cfcdb98a1e60580212a,7c705ff65ede8142eb42c5d97270dcaa,"Tue, 23 Mar 2021 00:01:16 GMT"
S3B_OL_2_WFR____20191031T062115_20191031T062415_20191113T005238_0179_031_305_2520_MAR_O_NT_002.SEN3,wqsf.nc,5899985,8eeb1a89dc298d4806da16ef969ce6b0bad950c18f41e933f94eb537fad1e1db,1a0d213025abc10d7bd672203edf9556,"Tue, 23 Mar 2021 00:01:16 GMT"
S3B_OL_2_WFR____20191103T064342_20191103T064642_20191106T143651_0180_031_348_2520_MAR_O_NT_002.SEN3,chl_oc4me.nc,4339796,c43113577bcb0745a6d10f09e8340563e55b2bdc4c7b1588807e5ae5d61e6a72,c15a2465bec2770a420daa1b612eedbe,"Mon, 22 Mar 2021 23:59:30 GMT"
S3B_OL_2_WFR____20191103T064342_20191103T064642_20191106T143651_0180_031_348_2520_MAR_O_NT_002.SEN3,geo_coordinates.nc,59971426,842887930c92f2483cf6f3b5826695c4af8db5094a76b9692d3aba536b97efcd,04eca0f639dc45517125b048abd84688-8,"Mon, 22 Mar 2021 23:59:29 GMT"
S3B_OL_2_WFR____20191103T064342_20191103T064642_20191106T143651_0180_031_348_2520_MAR_O_NT_002.SEN3,tie_geo_coordinates.nc,1138567,7cedc4f86e210b8590b2625b0d32ea0e8180e32ae717112aa7d25338a1b76943,3baa572049fa467149ca79fd4aa71c38,"Mon, 22 Mar 2021 23:59:29 GMT"
S3B_OL_2_WFR____20191103T064342_20191103T064642_20191106T143651_0180_031_348_2520_MAR_O_NT_002.SEN3,wqsf.nc,3303570,18cc0eeffe23814eae11303fd87efd817f612f75eb60b4416001115ae59eaa77,998f4221703e9295d7d39aedab5ab06f,"Mon, 22 Mar 2021 23:59:29 GMT"
S3B_OL_2_WFR____20191104T061731_20191104T062031_20191123T164235_0179_031_362_2520_MAR_O_NT_002.SEN3,chl_oc4me.nc,7417048,58d159560d789ad36b671b602ed21b4224219678807a0862889d559e97167cbc,4d1fe8b348657873962822de1ec3d641,"Tue, 30 Mar 2021 08:43:54 GMT"
S3B_OL_2_WFR____20191104T061731_20191104T062031_20191123T164235_0179_031_362_2520_MAR_O_NT_002.SEN3,geo_coordinates.nc,60330199,9ff712837813442e6533e909366db83b502b5228530aeb6b54f6dee4b06e93fa,bbe172a4ce08ffca96264ddcb14f1ae6-8,"Tue, 30 Mar 2021 08:43:53 GMT"
S3B_OL_2_WFR____20191104T061731_20191104T062031_20191123T164235_0179_031_362_2520_MAR_O_NT_002.SEN3,tie_geo_coordinates.nc,1136853,878c2bf3d365b3331ec1c0a8acbc88e29b8b94bd51c29cbc6515ec1acd37f30c,beef716895798880f981075b65d61451,"Tue, 30 Mar 2021 08:43:53 GMT"
S3B_OL_2_WFR____20191104T061731_20191104T062031_20191123T164235_0179_031_362_2520_MAR_O_NT_002.SEN3,wqsf.nc,6871421,22f4e885514055f4eaf601220fbf4f3e6334791be0ee0a2b0150e0f6f63c00ee,ed2dabc4a8bd51a59d32b33bf7fb8d45,"Tue, 30 Mar 2021 08:43:54 GMT"
S3B_OL_2_WFR____20191107T063958_20191107T064258_20191128T004954_0179_032_020_2520_MAR_O_NT_002.SEN3,chl_oc4me.nc,4647263,ee93e2f0421a8f2741767bf520954b57d94143c7cc386f4da7288a51027595d2,4fea6e8ae777b09803b230f3442d6dfa,"Mon, 22 Mar 2021 23:56:56 GMT"
S3B_OL_2_WFR____20191107T063958_20191107T064258_20191128T004954_0179_032_020_2520_MAR_O_NT_002.SEN3,geo_coordinates.nc,60112035,ade51af51f2e27949c71f0e0288b98679f264c9f827250cd7ecd976603dc7306,ccdb9f270e0e648da3d9c463e056a042-8,"Mon, 22 Mar 2021 23:56:56 GMT"
S3B_OL_2_WFR____20191107T063958_20191107T064258_20191128T004954_0179_032_020_2520_MAR_O_NT_002.SEN3,tie_geo_coordinates.nc,1135961,e2f21065dad6d7b4b597a6a673d57e534683f1d9c7b749fe6bd79e1b565844f3,45e6afbc8f2ccf3005e701a0f6733f8a,"Mon, 22 Mar 2021 23:56:56 GMT"
S3B_OL_2_WFR____20191107T063958_20191107T064258_20191128T004954_0179_032_020_2520_MAR_O_NT_002.SEN3,wqsf.nc,4144500,317f400c3e23ad6647ded4ff126042b8499fc88062d1e2a183c591d36ef188da,86d0dda81327cac468a045694bd40da9,"Mon, 22 Mar 2021 23:56:56 GMT"
S3B_OL_2_WFR____20191108T061347_20191108T061647_20191109T124232_0179_032_034_2520_MAR_O_NT_002.SEN3,chl_oc4me.nc,7944948,35c7f33b38af1b9fb783a35ae329e68a825675d21b2f0cb9a7490537c6523432,21227527c6925361f3ce78646b494ac2,"Thu, 01 Apr 2021 16:08:59 GMT"
S3B_OL_2_WFR____20191108T061347_20191108T061647_20191109T124232_0179_032_034_2520_MAR_O_NT_002.SEN3,geo_coordinates.nc,60107169,3062ac0e0e89e1482c208959ef2e6606e6ff989c896ce3a30f3b27038a73afe1,5c0bc85c02f927d4e22b8ccc484ce733-8,"Thu, 01 Apr 2021 16:08:59 GMT"
S3B_OL_2_WFR____20191108T061347_20191108T061647_20191109T124232_0179_032_034_2520_MAR_O_NT_002.SEN3,tie_geo_coordinates.nc,1136606,4bf9ed900852520fd0516fb025d6055d76607c5d7ac9c961c872842ae207c00e,ed97f6d43ebcacecb864a17ebece6d7c,"Thu, 01 Apr 2021 16:08:59 GMT"
S3B_OL_2_WFR____20191108T061347_20191108T061647_20191109T124232_0179_032_034_2520_MAR_O_NT_002.SEN3,wqsf.nc,6630891,2839fcfc0bc14c2050d7f86cfd82126128afc56e74b392501d27aa291ff9edec,a8d699fa54719f13d0813a326636ee4d,"Thu, 01 Apr 2021 16:08:59 GMT"
S3B_OL_2_WFR____20191111T063614_20191111T063914_20191112T150234_0179_032_077_2520_MAR_O_NT_002.SEN3,chl_oc4me.nc,4675567,e3cf3fbb6d6ef2a252cd5b6220f2afe2d43ab1c7b09eb56cd593315519ab3257,eb203e27655caa9475434a0239f040ee,"Mon, 22 Mar 2021 23:54:07 GMT"
S3B_OL_2_WFR____20191111T063614_20191111T063914_20191112T150234_0179_032_077_2520_MAR_O_NT_002.SEN3,geo_coordinates.nc,60262554,07b8bb0b8714c9f816cf96608ea663eab84141dcd9d518b91df12d518065cbf8,7986e3e2a40fe561d7327297eea551a4-8,"Mon, 22 Mar 2021 23:54:07 GMT"
S3B_OL_2_WFR____20191111T063614_20191111T063914_20191112T150234_0179_032_077_2520_MAR_O_NT_002.SEN3,tie_geo_coordinates.nc,1135932,59ccf12d0a68b59b5e8279868cf2aea39faea248494595c3e73a0cc9f09c042b,21138ae8728b9d9a93dabd8c71f52a92,"Mon, 22 Mar 2021 23:54:07 GMT"
S3B_OL_2_WFR____20191111T063614_20191111T063914_20191112T150234_0179_032_077_2520_MAR_O_NT_002.SEN3,wqsf.nc,4537813,b942d2c630af18a14571e596a8b735f3efb2542e4c21f2c057f16004b44559d9,b21824c7df8ff888d50f155aa53b44d5,"Mon, 22 Mar 2021 23:54:07 GMT"
S3B_OL_2_WFR____20191112T061003_20191112T061303_20191128T210447_0179_032_091_2520_MAR_O_NT_002.SEN3,chl_oc4me.nc,8297801,135dd608f73a97f4f9663f254274f8a860c9db9533f89efed6af3ae721e7f757,fae73596d0de57e251225e8d3e7c6a82,"Tue, 30 Mar 2021 08:39:15 GMT"
S3B_OL_2_WFR____20191112T061003_20191112T061303_20191128T210447_0179_032_091_2520_MAR_O_NT_002.SEN3,geo_coordinates.nc,59869716,81b8f03f680d2f312cc13dc4e8f5bb825c561e93ad43454bda35a0c5707a44f0,a2c5fcdadbec56d5cf9188cd6eea5f84-8,"Tue, 30 Mar 2021 08:39:15 GMT"
S3B_OL_2_WFR____20191112T061003_20191112T061303_20191128T210447_0179_032_091_2520_MAR_O_NT_002.SEN3,tie_geo_coordinates.nc,1136341,49342ce31ac4ae1aa14fd177b314cc20eee0f576e2bfe5cbe79c3ec444a59a12,186b55d9bf8828cd77a31c565bce61d9,"Tue, 30 Mar 2021 08:39:14 GMT"
S3B_OL_2_WFR____20191112T061003_20191112T061303_20191128T210447_0179_032_091_2520_MAR_O_NT_002.SEN3,wqsf.nc,6609994,b69d584003f90c3fa873aeea225f959e900fa8a6f77282430b2556e18e6482f8,f3e1986b8c1008ece253cdbb10c6923e,"Tue, 30 Mar 2021 08:39:15 GMT"
S3B_OL_2_WFR____20191114T065841_20191114T070141_20191115T155016_0179_032_120_2520_MAR_O_NT_002.SEN3,tie_geo_coordinates.nc,1134070,fd71e9eac0ab4fc02309de03342c9ca33e1ff482b1582756935a3a22e4ae32f7,f1317c156359a0f625dc8a5c1d8a2834,"Tue, 30 Mar 2021 08:37:40 GMT"
S3B_OL_2_WFR____20191115T063230_20191115T063530_20191116T145538_0179_032_134_2520_MAR_O_NT_002.SEN3,chl_oc4me.nc,4539208,11473f917efbaf6982ce4e2e81988abcbec5fc28b0051b450643464c2f17424c,26bf1d2146368caea97632d1b43fde4f,"Mon, 22 Mar 2021 23:51:11 GMT"
S3B_OL_2_WFR____20191115T063230_20191115T063530_20191116T145538_0179_032_134_2520_MAR_O_NT_002.SEN3,geo_coordinates.nc,60454804,37bb424c6708b63faa08096467d38a4e29d054288b1d33af59a6704cf8788bbe,dae56c7badbb4eb92c20069ef54f8de3-8,"Mon, 22 Mar 2021 23:51:10 GMT"
S3B_OL_2_WFR____20191115T063230_20191115T063530_20191116T145538_0179_032_134_2520_MAR_O_NT_002.SEN3,tie_geo_coordinates.nc,1136956,f541c109044a5bf386e3ce2a2b1e087c77bd60aaf2c3c7b3e4f2098e9554f71a,cf6f1bcf63e373eb88cc90883fd0d438,"Mon, 22 Mar 2021 23:51:10 GMT"
S3B_OL_2_WFR____20191115T063230_20191115T063530_20191116T145538_0179_032_134_2520_MAR_O_NT_002.SEN3,wqsf.nc,4497128,b0063cdb21721fcbe8bd598c3ae240e957a953430285c2a796520462a4dd77f5,11e6a8c6c996b6c3734b074150c39d2b,"Mon, 22 Mar 2021 23:51:11 GMT"
S3B_OL_2_WFR____20191116T060619_20191116T060919_20191130T144015_0179_032_148_2520_MAR_O_NT_002.SEN3,chl_oc4me.nc,8467176,e02e8d3242edb05190637032deaa2376d85c2341d6fe9b2121c31c809bc66af7,74257e53a36dc40bbf6b6353616681e9-2,"Thu, 01 Apr 2021 16:06:26 GMT"
S3B_OL_2_WFR____20191116T060619_20191116T060919_20191130T144015_0179_032_148_2520_MAR_O_NT_002.SEN3,geo_coordinates.nc,59742823,ad9d4bab7b94e707292ad6a0b2e922d9a4533a553313a9037ddcac9e2bb1f4b6,343b5bf2ba844c20ba85771d9421abe0-8,"Thu, 01 Apr 2021 16:06:26 GMT"
S3B_OL_2_WFR____20191116T060619_20191116T060919_20191130T144015_0179_032_148_2520_MAR_O_NT_002.SEN3,tie_geo_coordinates.nc,1134808,477bcd78a0c348bc2f010e9807f84df515f9dcd2bf0db73556f8f03865b3251a,32344477ec2e5b80b25889c0782e7d40,"Thu, 01 Apr 2021 16:06:26 GMT"
S3B_OL_2_WFR____20191116T060619_20191116T060919_20191130T144015_0179_032_148_2520_MAR_O_NT_002.SEN3,wqsf.nc,7243616,fd641179eb89cbbc92668cfe5b8430344f3ff98e261a177392638992a651f4e1,bf91081ec750d8790b995cf0cbf534c5,"Thu, 01 Apr 2021 16:06:26 GMT"
S3B_OL_2_WFR____20191118T065457_20191118T065757_20191202T050319_0179_032_177_2520_MAR_O_NT_002.SEN3,tie_geo_coordinates.nc,1138668,5a49489b98d33dbce9321ad2a5de1935299c0caa2a213cff4df92cdcecaf91a5,84d4ed7d096665460f88d0f23661bcc4,"Mon, 22 Mar 2021 23:49:14 GMT"
S3B_OL_2_WFR____20191119T062846_20191119T063146_20191203T004620_0179_032_191_2520_MAR_O_NT_002.SEN3,chl_oc4me.nc,2824229,44809158d615120aa8cc2067e8e40d302f4c91148081975434363ed5754feea9,09a625a66f64f8ca45c9ce39095e4d8d,"Tue, 30 Mar 2021 08:26:06 GMT"
S3B_OL_2_WFR____20191119T062846_20191119T063146_20191203T004620_0179_032_191_2520_MAR_O_NT_002.SEN3,geo_coordinates.nc,60450130,ed60f57c395d7ab9119be6cf68f48b4f34ae36d43a2985f3dd8f0ff75a6d86da,26fb986546d73bd106bff641292b9fee-8,"Tue, 30 Mar 2021 08:26:06 GMT"
S3B_OL_2_WFR____20191119T062846_20191119T063146_20191203T004620_0179_032_191_2520_MAR_O_NT_002.SEN3,tie_geo_coordinates.nc,1136710,d811124c293713b2385d8cf16b19bf0d467f3d1a1d3b3fdfc52fc3d8bc99f4c8,d972e854cdc6ce709787236bdb8f7808,"Tue, 30 Mar 2021 08:26:06 GMT"
S3B_OL_2_WFR____20191119T062846_20191119T063146_20191203T004620_0179_032_191_2520_MAR_O_NT_002.SEN3,wqsf.nc,3742641,92a09548233b17fd6deef42973b0a7ef46ec88b8534d6c52809192105f9ab369,968110397829682c33295c6735c7734e,"Tue, 30 Mar 2021 08:26:06 GMT"
S3B_OL_2_WFR____20191120T060235_20191120T060535_20191203T225715_0179_032_205_2520_MAR_O_NT_002.SEN3,chl_oc4me.nc,8489479,0e758e92346fa3b34aaea32ebc78a6691f331e841fb49c0f2b88eb48189466cd,494fb2d372c678f57686ffa57b94beda-2,"Mon, 22 Mar 2021 23:48:34 GMT"
S3B_OL_2_WFR____20191120T060235_20191120T060535_20191203T225715_0179_032_205_2520_MAR_O_NT_002.SEN3,geo_coordinates.nc,59621968,eba69a638975e318205c58c453d98d459125b2a6ac2a5474d7ae5259f6457943,de2bc22358b96dfdf96fcfbb5b1c2d32-8,"Mon, 22 Mar 2021 23:48:34 GMT"
S3B_OL_2_WFR____20191120T060235_20191120T060535_20191203T225715_0179_032_205_2520_MAR_O_NT_002.SEN3,tie_geo_coordinates.nc,1131617,6043578d82d4c7e6db9d853f812bb3107675f77c35eb53a34f18a0d92bbab0f8,a0d17fccf9384bcc0a6d1c12fe3b5786,"Mon, 22 Mar 2021 23:48:34 GMT"
S3B_OL_2_WFR____20191120T060235_20191120T060535_20191203T225715_0179_032_205_2520_MAR_O_NT_002.SEN3,wqsf.nc,8558080,58dd204fc13af3c358874dbb512a658e25338fd74bf9b0093fa1c39aea10ba82,780b87c9c10ee8216aa761068c9bf15e-2,"Mon, 22 Mar 2021 23:48:34 GMT"
S3B_OL_2_WFR____20191122T065113_20191122T065413_20191205T113346_0179_032_234_2520_MAR_O_NT_002.SEN3,chl_oc4me.nc,3587824,be6e39237c4b2047b60e91d0229acc8a1b8b29ad31aeeb7f0d0f14a768d6ba27,6091e47755638a8df40d001bd8f29fd4,"Tue, 30 Mar 2021 08:24:46 GMT"
S3B_OL_2_WFR____20191122T065113_20191122T065413_20191205T113346_0179_032_234_2520_MAR_O_NT_002.SEN3,geo_coordinates.nc,59666111,0b141fcc6c80c111685de508b625921508103141cd481ab75a5a9529a94b4963,d6072ce76f7729777151a763e293d3c1-8,"Tue, 30 Mar 2021 08:24:46 GMT"
S3B_OL_2_WFR____20191122T065113_20191122T065413_20191205T113346_0179_032_234_2520_MAR_O_NT_002.SEN3,tie_geo_coordinates.nc,1140340,edb084624c6be53ec43b1462f62694259ef5d9cbfac0574bb313ccd94541f100,35e878befb55057e3f5fcd645e4358be,"Tue, 30 Mar 2021 08:24:46 GMT"
S3B_OL_2_WFR____20191122T065113_20191122T065413_20191205T113346_0179_032_234_2520_MAR_O_NT_002.SEN3,wqsf.nc,4151649,cc4ef3db97de7249faa8727112b3e138505ed6c70ea9ce1e4922b366b955696d,821f06f84cadfe4c47e83bc2a56785f9,"Tue, 30 Mar 2021 08:24:46 GMT"
S3B_OL_2_WFR____20191123T062502_20191123T062802_20191206T065632_0180_032_248_2520_MAR_O_NT_002.SEN3,chl_oc4me.nc,5875558,cabd8f55cc48c1ac7279fb08159ad61874de061e46e2658903b4a1a470f6cab1,b09291528e9dc3763706495601c864e0,"Mon, 22 Mar 2021 23:46:18 GMT"
S3B_OL_2_WFR____20191123T062502_20191123T062802_20191206T065632_0180_032_248_2520_MAR_O_NT_002.SEN3,geo_coordinates.nc,60493104,8568c759e57bde2cb5685c4377fd7f823c23a77e599f3fa93c75b33f81cd7ed8,96b681e0d2180137b1d2391e0a770981-8,"Mon, 22 Mar 2021 23:46:18 GMT"
S3B_OL_2_WFR____20191123T062502_20191123T062802_20191206T065632_0180_032_248_2520_MAR_O_NT_002.SEN3,tie_geo_coordinates.nc,1134971,d16c2c5e72477950c47c8b2d07aff212257ca1f7bbceb362810e7d22cfbc3b53,e8da74b0955526b4366f5a6e0bcef43a,"Mon, 22 Mar 2021 23:46:18 GMT"
S3B_OL_2_WFR____20191123T062502_20191123T062802_20191206T065632_0180_032_248_2520_MAR_O_NT_002.SEN3,wqsf.nc,6840843,d90c957eede2283af05beea7acd0ab3c24a301284fd1c2a031470506dc3c394e,7c55bc84a3fd5771eaf348306b282e58,"Mon, 22 Mar 2021 23:46:18 GMT"
S3B_OL_2_WFR____20191124T055851_20191124T060151_20191207T013200_0180_032_262_2520_MAR_O_NT_002.SEN3,chl_oc4me.nc,9873460,192929aab38ce094958ad1c55414026992f2794bb1c55ff7c4590b8d592d0254,15b19bf914e1bb7c2645d41737ced417-2,"Thu, 25 Mar 2021 11:53:15 GMT"
S3B_OL_2_WFR____20191124T055851_20191124T060151_20191207T013200_0180_032_262_2520_MAR_O_NT_002.SEN3,geo_coordinates.nc,59392812,2fd02d9361e984d03e64c807acb91da4b6ff69a45ac32da92837f81b1f450f58,59ad3e72c6421f508628569d01e17f39-8,"Thu, 25 Mar 2021 11:53:14 GMT"
S3B_OL_2_WFR____20191124T055851_20191124T060151_20191207T013200_0180_032_262_2520_MAR_O_NT_002.SEN3,tie_geo_coordinates.nc,1134331,b44cd90a14d517b42d2ab5edefd6d444907652bd24461129230b2eadce2343d7,0e58d9914fbe720d8d1db93d3307ce82,"Thu, 25 Mar 2021 11:53:15 GMT"
S3B_OL_2_WFR____20191124T055851_20191124T060151_20191207T013200_0180_032_262_2520_MAR_O_NT_002.SEN3,wqsf.nc,9030721,3dd62052b79115fe8aaf50fd94eb86624e2735a51030465209ff12cbbb12cbfc,61cfa2c89d9de5cd1516cfac9d5630fa-2,"Thu, 25 Mar 2021 11:53:15 GMT"
S3B_OL_2_WFR____20191126T064728_20191126T065028_20191208T160506_0179_032_291_2520_MAR_O_NT_002.SEN3,chl_oc4me.nc,3398530,32979c820262f9f83f7e2c4e420f82c3ff3b474d3059a779ef6c1c98c42f6b56,f7b8771c5fb5ff411367ad2b8154578f,"Mon, 22 Mar 2021 23:43:50 GMT"
S3B_OL_2_WFR____20191126T064728_20191126T065028_20191208T160506_0179_032_291_2520_MAR_O_NT_002.SEN3,geo_coordinates.nc,59799817,b08c33a4f2a1c42b6cbf10c5637ee41f20c7df28b3f2ab7dc953035292c4f471,e4a972479e316c65eec246f09a0277de-8,"Mon, 22 Mar 2021 23:43:50 GMT"
S3B_OL_2_WFR____20191126T064728_20191126T065028_20191208T160506_0179_032_291_2520_MAR_O_NT_002.SEN3,tie_geo_coordinates.nc,1134154,1f131e985230275336571a8b52dc201055d22545a1d788f43359af989d0add61,6b57d7dbe3d642efd2111528ff11a826,"Mon, 22 Mar 2021 23:43:50 GMT"
S3B_OL_2_WFR____20191126T064728_20191126T065028_20191208T160506_0179_032_291_2520_MAR_O_NT_002.SEN3,wqsf.nc,3732059,7f2769b427446bc9b3e8ccef7ac7965a44ec23f8cddddaedc57edddbda60edba,00f6b1fe09a4457658f96c471191c413,"Mon, 22 Mar 2021 23:43:50 GMT"
S3B_OL_2_WFR____20191127T062117_20191127T062417_20191209T112340_0179_032_305_2520_MAR_O_NT_002.SEN3,chl_oc4me.nc,6696837,262d689d0c41057557be739523496568e8bf83e77a5a3fdaf009696fdac411cc,2ac6aeae4564a82ef8c1bc6db79f3871,"Thu, 25 Mar 2021 11:52:05 GMT"
S3B_OL_2_WFR____20191127T062117_20191127T062417_20191209T112340_0179_032_305_2520_MAR_O_NT_002.SEN3,geo_coordinates.nc,60482076,f333483bae42feee53e06238ac544af89771f8bd910055dec62ff44f253cd119,e15c6add51d2bea260d5240333e159cf-8,"Thu, 25 Mar 2021 11:52:04 GMT"
S3B_OL_2_WFR____20191127T062117_20191127T062417_20191209T112340_0179_032_305_2520_MAR_O_NT_002.SEN3,tie_geo_coordinates.nc,1138460,adceb8f64b8886ecf3360495aa8c961c8d3838c8fce77c3d2a360020f945f59c,7ba0092e575dae9ea050346ef5ae1a82,"Thu, 25 Mar 2021 11:52:04 GMT"
S3B_OL_2_WFR____20191127T062117_20191127T062417_20191209T112340_0179_032_305_2520_MAR_O_NT_002.SEN3,wqsf.nc,5538723,f5d34c7ef35c74609b90f9074bf2239eeca79b71f5324892c734e7b03a4dfff7,578fd2c59e2733a1d549b2a9c0fbec29,"Thu, 25 Mar 2021 11:52:04 GMT"
S3B_OL_2_WFR____20191201T061733_20191201T062033_20191212T190817_0179_032_362_2520_MAR_O_NT_002.SEN3,chl_oc4me.nc,7475073,bda07e3a0165859b838f887cc69e7158b285c10b927a3b4196c303575c07b513,ac2a2e2e16353790d9e5256c47d138e0,"Thu, 25 Mar 2021 11:51:07 GMT"
S3B_OL_2_WFR____20191201T061733_20191201T062033_20191212T190817_0179_032_362_2520_MAR_O_NT_002.SEN3,geo_coordinates.nc,60344805,510109eb834f0442271a40784678f4db6afc26f823b0a0b739d91346c3984961,3afb1684f77db985e50aeea391afebf1-8,"Thu, 25 Mar 2021 11:51:06 GMT"
S3B_OL_2_WFR____20191201T061733_20191201T062033_20191212T190817_0179_032_362_2520_MAR_O_NT_002.SEN3,tie_geo_coordinates.nc,1137681,60af6e66edd63e907b52634e2bfdb76722b5c7be9cf22953272626716c350ca9,1332213329058a49d7c34816fdb01f47,"Thu, 25 Mar 2021 11:51:06 GMT"
S3B_OL_2_WFR____20191201T061733_20191201T062033_20191212T190817_0179_032_362_2520_MAR_O_NT_002.SEN3,wqsf.nc,6337048,4a1c01a30c51720f4162d0cdfe9e68a5425e356d3d30d21f28a2cee44dfd707c,a9b7698bf0376f6bff36cdfa7f3bc3d6,"Thu, 25 Mar 2021 11:51:07 GMT"
S3B_OL_2_WFR____20191204T064000_20191204T064300_20191215T083448_0179_033_020_2520_MAR_O_NT_002.SEN3,chl_oc4me.nc,3823787,7457a798ee2a8df0b1a18ed0064b583122abfd7c5e7dc6696db20760ac00f3d2,0a5b82e7b9a8cdf0a3434347b5eaeeef,"Mon, 22 Mar 2021 23:39:16 GMT"
S3B_OL_2_WFR____20191204T064000_20191204T064300_20191215T083448_0179_033_020_2520_MAR_O_NT_002.SEN3,geo_coordinates.nc,60124976,d118af0ae7e062f310be506f3370c28effb66b3bbe7ed167a646f7ecb3119716,64a9225ee33720935c2032786a8fbe5a-8,"Mon, 22 Mar 2021 23:39:16 GMT"
S3B_OL_2_WFR____20191204T064000_20191204T064300_20191215T083448_0179_033_020_2520_MAR_O_NT_002.SEN3,tie_geo_coordinates.nc,1135038,38722bbbe35bb43906968f67bbccb02c8026f113111efb999a384b3ac4c0d857,a21916df064bf02e34adf39c5fec1a6d,"Mon, 22 Mar 2021 23:39:16 GMT"
S3B_OL_2_WFR____20191204T064000_20191204T064300_20191215T083448_0179_033_020_2520_MAR_O_NT_002.SEN3,wqsf.nc,4630568,25b6833d0e65c06657e095ca7f41228b7a223edadde292caf28c64bb38422c47,d5f75ab390131b8b47cfc735dc3c0509,"Mon, 22 Mar 2021 23:39:16 GMT"
S3B_OL_2_WFR____20191205T061349_20191205T061649_20191216T053508_0180_033_034_2520_MAR_O_NT_002.SEN3,chl_oc4me.nc,6291510,fcdffcd24f836b7c15ae09036c369f1529dc7b4357e16beb57d5e24cb5360def,17ddb95ec64c3df19f2e61ed4cde3046,"Tue, 06 Apr 2021 15:29:47 GMT"
S3B_OL_2_WFR____20191205T061349_20191205T061649_20191216T053508_0180_033_034_2520_MAR_O_NT_002.SEN3,geo_coordinates.nc,60122544,1b9417f381237b14b1d8567a219288c7654258975732b1027f11a772e6c10a18,d7850208ae1ff95100417078ea817ef3-8,"Tue, 06 Apr 2021 15:29:47 GMT"
S3B_OL_2_WFR____20191205T061349_20191205T061649_20191216T053508_0180_033_034_2520_MAR_O_NT_002.SEN3,tie_geo_coordinates.nc,1134905,463aea400bc2a005c2bb808663afd8c60967e9e6ef6bacf5d76e0b78ab492d78,6207358722fc64908424a96d2f8a75f3,"Tue, 06 Apr 2021 15:29:47 GMT"
S3B_OL_2_WFR____20191205T061349_20191205T061649_20191216T053508_0180_033_034_2520_MAR_O_NT_002.SEN3,wqsf.nc,6692933,ac9261a0f0f5ffb0939c8eaf5f9bde96dc41c5328886905e285cf3de05b9785c,bf77429fbba90eef892a785ab22be31a,"Tue, 06 Apr 2021 15:29:47 GMT"
S3B_OL_2_WFR____20191208T063615_20191208T063915_20191218T200238_0180_033_077_2520_MAR_O_NT_002.SEN3,chl_oc4me.nc,3599658,8e85988c9de84fcfba886ff7dd6f801474f5f03590e675d54cffe87bcffef1cf,9c2959747f483257e5e4650283866e50,"Mon, 22 Mar 2021 23:36:46 GMT"
S3B_OL_2_WFR____20191208T063615_20191208T063915_20191218T200238_0180_033_077_2520_MAR_O_NT_002.SEN3,geo_coordinates.nc,60308684,7d01caa47ebd4e276e9f15222b980ba5873fe9adb2900e9e0f52ee72550533a7,1fffef45e4bf7a1c5c697a4f39f64ba9-8,"Mon, 22 Mar 2021 23:36:46 GMT"
S3B_OL_2_WFR____20191208T063615_20191208T063915_20191218T200238_0180_033_077_2520_MAR_O_NT_002.SEN3,tie_geo_coordinates.nc,1142112,fdc293ae17e58efa9457402c38da144f0da646dc1a7fae275a919ed424fa36f5,6f342e73801f4f4b2bf9b9f8a05921f1,"Mon, 22 Mar 2021 23:36:46 GMT"
S3B_OL_2_WFR____20191208T063615_20191208T063915_20191218T200238_0180_033_077_2520_MAR_O_NT_002.SEN3,wqsf.nc,4990399,85c3ad5c08ce9279a0083392cb8774b17fc0bfe1037f1f3fd63542c76f148e36,d6cdbf970e4c7b5cea38361dae1fe0b1,"Mon, 22 Mar 2021 23:36:46 GMT"
S3B_OL_2_WFR____20191209T061004_20191209T061304_20191219T171810_0179_033_091_2520_MAR_O_NT_002.SEN3,chl_oc4me.nc,7854905,5ec15ca89214cf9b74dd46ef021b97da352357e73b632bdb69331dc52a637874,6ef9b4ae648a12983541bfdc425537b9,"Thu, 25 Mar 2021 11:48:05 GMT"
S3B_OL_2_WFR____20191209T061004_20191209T061304_20191219T171810_0179_033_091_2520_MAR_O_NT_002.SEN3,geo_coordinates.nc,59911740,9ca12cd9c6a5861079f58d3ce7698c4378feed2cabc9678fa4a6ee0f98783b8f,66660df7c29bfdc95733d6549c14ed7a-8,"Thu, 25 Mar 2021 11:48:05 GMT"
S3B_OL_2_WFR____20191209T061004_20191209T061304_20191219T171810_0179_033_091_2520_MAR_O_NT_002.SEN3,tie_geo_coordinates.nc,1135402,30d98c1c7c2d52994bdefa276a21684dc3f2e4e3dddf131b0afffbb220146ab9,ce91e6062b7fa67739247841360270bf,"Thu, 25 Mar 2021 11:48:05 GMT"
S3B_OL_2_WFR____20191209T061004_20191209T061304_20191219T171810_0179_033_091_2520_MAR_O_NT_002.SEN3,wqsf.nc,6881423,abd95c4772a09bf9ebc109a163468f7599489be7c5ec7eee549659a9a3fef8f6,1fee46d9f2d71c3ae94ae8d4a2cab6af,"Thu, 25 Mar 2021 11:48:05 GMT"
S3B_OL_2_WFR____20191211T065842_20191211T070142_20191221T071832_0179_033_120_2520_MAR_O_NT_002.SEN3,tie_geo_coordinates.nc,1132197,f408c14aa2621f5d64f7fb9e59c16503077a44897ecf4bf39eb6a3bfca9f3f6e,41e9ec728f0423f03e1d0050bf1b1fcb,"Thu, 25 Mar 2021 11:47:05 GMT"
S3B_OL_2_WFR____20191212T063231_20191212T063531_20191222T062818_0179_033_134_2520_MAR_O_NT_002.SEN3,chl_oc4me.nc,4541154,9a6784a0a11cf9d705aea54b876258b41a451e41a74ff3d2e9940bd94e838866,152b44ecb2ba490fe898aed14e53e3f5,"Mon, 22 Mar 2021 23:34:01 GMT"
S3B_OL_2_WFR____20191212T063231_20191212T063531_20191222T062818_0179_033_134_2520_MAR_O_NT_002.SEN3,geo_coordinates.nc,60479146,646af3bb1a50c23ff5ed2fdc577b7c7bff4a97aadb8d5b0ec1f20c094d2db444,ae15894371a9410c925b7fb6a200dc4d-8,"Mon, 22 Mar 2021 23:34:01 GMT"
S3B_OL_2_WFR____20191212T063231_20191212T063531_20191222T062818_0179_033_134_2520_MAR_O_NT_002.SEN3,tie_geo_coordinates.nc,1136743,bf57a9e57a20444b395d03ec9b94b5a8bbdd85072666fef8cadf60c32d21ddeb,a014bd241e724bef9cfb408c2e81d770,"Mon, 22 Mar 2021 23:34:01 GMT"
S3B_OL_2_WFR____20191212T063231_20191212T063531_20191222T062818_0179_033_134_2520_MAR_O_NT_002.SEN3,wqsf.nc,4826040,482347cca59d7a0b23189bfd68831caae475e3c2bd9b730df7b360c75e5dd4c5,5ee6fdd24a7ca15828e5c3cfa5d66d9e,"Mon, 22 Mar 2021 23:34:01 GMT"
S3B_OL_2_WFR____20191215T065457_20191215T065757_20191224T164223_0179_033_177_2520_MAR_O_NT_002.SEN3,tie_geo_coordinates.nc,1137299,716700c4125f8e5e017522625221d2dcca7abdb759833b0dadbf4cf38167aea8,80f1c5cb4a45a306e14147829e894621,"Mon, 22 Mar 2021 23:32:27 GMT"
S3B_OL_2_WFR____20191216T062846_20191216T063146_20191225T163933_0179_033_191_2520_MAR_O_NT_002.SEN3,chl_oc4me.nc,1644829,57eddd1bc4cda56fefbacee5159bc55e58c1461e05cc56ffb670e5b1c6283ebb,a0fc306811c666631a310d681af43de1,"Tue, 06 Apr 2021 15:28:35 GMT"
S3B_OL_2_WFR____20191216T062846_20191216T063146_20191225T163933_0179_033_191_2520_MAR_O_NT_002.SEN3,geo_coordinates.nc,60464644,5de9b0f5effac840769b7f308aa984640823621aecaeba7e58fd54afc1c357ed,bb2af8cccc33e8666720f599658c848b-8,"Tue, 06 Apr 2021 15:28:35 GMT"
S3B_OL_2_WFR____20191216T062846_20191216T063146_20191225T163933_0179_033_191_2520_MAR_O_NT_002.SEN3,tie_geo_coordinates.nc,1136011,f013139fd6066140fdc4265c2bceea1d140d3926494c7f8de88a41085864528a,4f179719c2efc23777688122e150a93f,"Tue, 06 Apr 2021 15:28:35 GMT"
S3B_OL_2_WFR____20191216T062846_20191216T063146_20191225T163933_0179_033_191_2520_MAR_O_NT_002.SEN3,wqsf.nc,3445653,0a38d537312fd2bc1ca548135c882d0142e7302ec8a9b4857010875233ccd650,dd8d0716d89770899f7152bd3a64850f,"Tue, 06 Apr 2021 15:28:35 GMT"
S3B_OL_2_WFR____20191217T060235_20191217T060535_20191226T114705_0179_033_205_2520_MAR_O_NT_002.SEN3,chl_oc4me.nc,6921404,5c4e7d4762629dde61529959f6c49835dd1edbf78efe71011aff71bc713396c0,951bb4a735537be1f6b356d4684bdee1,"Mon, 22 Mar 2021 23:31:36 GMT"
S3B_OL_2_WFR____20191217T060235_20191217T060535_20191226T114705_0179_033_205_2520_MAR_O_NT_002.SEN3,geo_coordinates.nc,59666355,383f15d16153a24c5508fbfa653b8e81b0ebc4ecf33a179272707689ddb6bbf4,09389513cb4a4a57e9efcca7c00e25d3-8,"Mon, 22 Mar 2021 23:31:36 GMT"
S3B_OL_2_WFR____20191217T060235_20191217T060535_20191226T114705_0179_033_205_2520_MAR_O_NT_002.SEN3,tie_geo_coordinates.nc,1138468,2de1fcf22879e6a9c79c9bb7323dcf800b5a0fa85215c6757a77c1beb9870c19,17e0fb33c09ec665968a9e1e21faf8b3,"Mon, 22 Mar 2021 23:31:36 GMT"
S3B_OL_2_WFR____20191217T060235_20191217T060535_20191226T114705_0179_033_205_2520_MAR_O_NT_002.SEN3,wqsf.nc,7847453,90594e96aa5a89b4c7dedf4d5a8dce0e2c4384cc86a913334f589972bcf841b1,dad033c15a49147a429ea5901ce48a48,"Mon, 22 Mar 2021 23:31:36 GMT"
S3B_OL_2_WFR____20191220T062501_20191220T062801_20191229T003456_0179_033_248_2520_MAR_O_NT_002.SEN3,chl_oc4me.nc,5791806,7a135b8f3694b01d4801fc46c32b08e67db423fdcdf1c624fc2d3664c2719cdf,2cb84e786b8249da685e73fca2610a32,"Mon, 22 Mar 2021 23:29:50 GMT"
S3B_OL_2_WFR____20191220T062501_20191220T062801_20191229T003456_0179_033_248_2520_MAR_O_NT_002.SEN3,geo_coordinates.nc,60502453,bcfef426d83596cf4e6ba7a811e426a567c52269be1b9eb2d21929bea2d037ad,84518f52c0b557faf7fff7f7c686f09b-8,"Mon, 22 Mar 2021 23:29:50 GMT"
S3B_OL_2_WFR____20191220T062501_20191220T062801_20191229T003456_0179_033_248_2520_MAR_O_NT_002.SEN3,tie_geo_coordinates.nc,1133626,031d79be6e29389cfc2b4701192014b0f818f5d8483548b1aa55d1c8f0c40005,e5a2710c40965f72cc65d3736719fbf2,"Mon, 22 Mar 2021 23:29:50 GMT"
S3B_OL_2_WFR____20191220T062501_20191220T062801_20191229T003456_0179_033_248_2520_MAR_O_NT_002.SEN3,wqsf.nc,5120869,376442f0589b1cc43e513dcbca40e27f802149a530b9e7d63c9fd4d9fd453b1a,9f652b454a9397b66d1758e64781adef,"Mon, 22 Mar 2021 23:29:50 GMT"
S3B_OL_2_WFR____20191221T055850_20191221T060150_20191229T204754_0179_033_262_2520_MAR_O_NT_002.SEN3,chl_oc4me.nc,9805014,97ec64cc9808c99c479409f0336fcc29fe86aff2f9b1c1a50882bfe382239fd4,07aaa1d83fd1e7bce4bbbef33d394714-2,"Mon, 22 Mar 2021 23:28:52 GMT"
S3B_OL_2_WFR____20191221T055850_20191221T060150_20191229T204754_0179_033_262_2520_MAR_O_NT_002.SEN3,geo_coordinates.nc,59395056,57570534c9a771d971704c823c69b5ae093be388f146a15fa8fe99405c17212a,6f1f0ced507dc78d3133b150136c09ab-8,"Mon, 22 Mar 2021 23:28:53 GMT"
S3B_OL_2_WFR____20191221T055850_20191221T060150_20191229T204754_0179_033_262_2520_MAR_O_NT_002.SEN3,tie_geo_coordinates.nc,1133892,b5e62556437a88bf57b3cd294cd79cf2345fd38c62f778f2a99d630fd00cac1f,1f622bac31a4b88c1d12ff3c24727045,"Mon, 22 Mar 2021 23:28:52 GMT"
S3B_OL_2_WFR____20191221T055850_20191221T060150_20191229T204754_0179_033_262_2520_MAR_O_NT_002.SEN3,wqsf.nc,8867649,5663c973d001140d3844edb669d0b7fb6d10f1627e41cc6850a69407d6b83a37,f1e04e738dda0a2724f3aeda85d39292-2,"Mon, 22 Mar 2021 23:28:52 GMT"
S3B_OL_2_WFR____20191223T064728_20191223T065028_20191231T130726_0179_033_291_2520_MAR_O_NT_002.SEN3,chl_oc4me.nc,4008595,e016bdde18c006a57eaca60e0760cc4da315c0261c0253acd7df86a0160e9a1e,6b451b87e3b6309e3a224b5b3e7f7c6e,"Thu, 25 Mar 2021 11:44:12 GMT"
S3B_OL_2_WFR____20191223T064728_20191223T065028_20191231T130726_0179_033_291_2520_MAR_O_NT_002.SEN3,geo_coordinates.nc,59832199,be490c269c67be53464a43cab1d2c179327735415315f0ab1079d3e1ccb71ab2,0a3e738e0b7bdb9948a5dd13cd460b5e-8,"Thu, 25 Mar 2021 11:44:12 GMT"
S3B_OL_2_WFR____20191223T064728_20191223T065028_20191231T130726_0179_033_291_2520_MAR_O_NT_002.SEN3,tie_geo_coordinates.nc,1138668,5c9afe067a9e16f8a049deddeefed9da7429b95e7b93154c3e86a332df567335,e18fb32efc35a0bb89b308339a0cfcf9,"Thu, 25 Mar 2021 11:44:12 GMT"
S3B_OL_2_WFR____20191223T064728_20191223T065028_20191231T130726_0179_033_291_2520_MAR_O_NT_002.SEN3,wqsf.nc,4718124,5310753e9d7a3ab1d997841b0614eb48624ea090b7650278bce52e1816cb92cb,3ff987fad5d1f64831043c20b4eed1f9,"Thu, 25 Mar 2021 11:44:12 GMT"
S3B_OL_2_WFR____20191224T062117_20191224T062417_20200101T080310_0179_033_305_2520_MAR_O_NT_002.SEN3,chl_oc4me.nc,6730077,dbe333914dd811856f1808d8455f067c041b09142f3b898862881a2a12b75166,49d9fdace5f1cc25c2959e4139cc71c6,"Mon, 22 Mar 2021 23:26:52 GMT"
S3B_OL_2_WFR____20191224T062117_20191224T062417_20200101T080310_0179_033_305_2520_MAR_O_NT_002.SEN3,geo_coordinates.nc,60512349,c6edd845d43e70540502551723deba700db09fd7549fd34e8bbc4e75b6ed92bf,057ecb08a20d8b02d92faeefa30cccc1-8,"Mon, 22 Mar 2021 23:26:52 GMT"
S3B_OL_2_WFR____20191224T062117_20191224T062417_20200101T080310_0179_033_305_2520_MAR_O_NT_002.SEN3,tie_geo_coordinates.nc,1137230,d7893f4510dfb68abcef38430d1f49cddea43a9e0d6369804b4b762e6b7d136b,0d5c557fc2cca63fe75a3fa781976c15,"Mon, 22 Mar 2021 23:26:52 GMT"
S3B_OL_2_WFR____20191224T062117_20191224T062417_20200101T080310_0179_033_305_2520_MAR_O_NT_002.SEN3,wqsf.nc,6188297,3cffe9c311b36e1b3f32b3a17d0a5fa272ee90315b902370a99a75ced9946bdb,9324a7dc219f1f2522476ebaa6f4cc18,"Mon, 22 Mar 2021 23:26:52 GMT"
S3B_OL_2_WFR____20191227T064343_20191227T064643_20200103T222939_0179_033_348_2520_MAR_O_NT_002.SEN3,chl_oc4me.nc,4176688,ebd3e1099dd4d9bf67b72defdb7934eb96242d854805e95b386cfeb6852a9e00,4a2054875e5e3720c7e844643c0d67e7,"Mon, 22 Mar 2021 23:24:42 GMT"
S3B_OL_2_WFR____20191227T064343_20191227T064643_20200103T222939_0179_033_348_2520_MAR_O_NT_002.SEN3,geo_coordinates.nc,60006819,0f22624f30cb4def26b5858ed8c1bfa59befea7d55992d80b8ee2e0d708aec4b,78f17e1a6b2eb9a92a80ace83fffe826-8,"Mon, 22 Mar 2021 23:24:41 GMT"
S3B_OL_2_WFR____20191227T064343_20191227T064643_20200103T222939_0179_033_348_2520_MAR_O_NT_002.SEN3,tie_geo_coordinates.nc,1135714,5cef8fd7cd4654dfe37279a665d1540b63bd51d07ad77332c8e7587f4a96f50c,b26fad82d1436ab25f0fbd6db21a0f2b,"Mon, 22 Mar 2021 23:24:41 GMT"
S3B_OL_2_WFR____20191227T064343_20191227T064643_20200103T222939_0179_033_348_2520_MAR_O_NT_002.SEN3,wqsf.nc,4389756,9ec9cffc600bddfdc2f04a1bb180926d190b5bf0159e281e90d1291183a36106,28cc06a50c12dff3387c509ae8ed6b60,"Mon, 22 Mar 2021 23:24:42 GMT"
S3B_OL_2_WFR____20191228T061732_20191228T062032_20200104T173713_0179_033_362_2520_MAR_O_NT_002.SEN3,chl_oc4me.nc,5765899,031c79702e16665c78fe3e3934d17ae1af8edca26346ea846d6203220440b32e,445c68c526cc64bbe79a2b2f3a80be95,"Tue, 06 Apr 2021 15:27:19 GMT"
S3B_OL_2_WFR____20191228T061732_20191228T062032_20200104T173713_0179_033_362_2520_MAR_O_NT_002.SEN3,geo_coordinates.nc,60366945,721a3fec0ad95d6c8b6686b582db2c0eb288de359f605bc470a1f550da7b8405,ce2f755ecfd7f872371eeae91ef771c1-8,"Tue, 06 Apr 2021 15:27:19 GMT"
S3B_OL_2_WFR____20191228T061732_20191228T062032_20200104T173713_0179_033_362_2520_MAR_O_NT_002.SEN3,tie_geo_coordinates.nc,1136850,3e409031f4b08dd42c2647a13ea3599b4f16010c063ea467a437d4187703861b,f4085e04240fb6dc6eb0a7d006d1804c,"Tue, 06 Apr 2021 15:27:19 GMT"
S3B_OL_2_WFR____20191228T061732_20191228T062032_20200104T173713_0179_033_362_2520_MAR_O_NT_002.SEN3,wqsf.nc,6189587,e2880be0b710668b8a2c0935b98dba23153e0d6c5f608e2ca065924398810304,1600ec9361160013d553c60e981ac6b7,"Tue, 06 Apr 2021 15:27:19 GMT"
S3B_OL_2_WFR____20191231T063959_20191231T064259_20200107T040259_0179_034_020_2520_MAR_O_NT_002.SEN3,chl_oc4me.nc,4537879,0aaf1fe99e0e9b581b3c40749254ff55f58cc7f185a449bb2f24a94d373ddbaf,ca5e318051e4dc70b08021e27ac53e74,"Mon, 22 Mar 2021 23:22:13 GMT"
S3B_OL_2_WFR____20191231T063959_20191231T064259_20200107T040259_0179_034_020_2520_MAR_O_NT_002.SEN3,geo_coordinates.nc,60158584,e2484ad37be09588e13efcbc8ba376f3b7b8c2cb4dea3f1d980b896cb2fb0c34,6162fee24adf3a70f38b14a736e86179-8,"Mon, 22 Mar 2021 23:22:13 GMT"
S3B_OL_2_WFR____20191231T063959_20191231T064259_20200107T040259_0179_034_020_2520_MAR_O_NT_002.SEN3,tie_geo_coordinates.nc,1137163,c5507042d421cafd815172ec21c3b23315fa24741c4c11e89d2c95e15ea3ee00,7eee228147b4e9ad35fe8bc33ef2fc22,"Mon, 22 Mar 2021 23:22:13 GMT"
S3B_OL_2_WFR____20191231T063959_20191231T064259_20200107T040259_0179_034_020_2520_MAR_O_NT_002.SEN3,wqsf.nc,4446886,ef7ef5fec3d5cd5172221744c7ce3577a2240e206621ad0f3fa92073e08ddcd9,4b5c0cee59f39d99ff6af53d31703687,"Mon, 22 Mar 2021 23:22:13 GMT"
