granule,date,intake,start_utc,n_water_px,n_valid_px
S3A_OL_2_WFR____20190101T061551_20190101T061851_20190102T162549_0179_039_362_2520_MAR_O_NT_002.SEN3,2019-01-01,alraha,2019-01-01T06:15:51,156091,132647
S3A_OL_2_WFR____20190104T063818_20190104T064118_20190105T152403_0180_040_020_2520_MAR_O_NT_002.SEN3,2019-01-04,alraha,2019-01-04T06:38:18,151659,51418
S3A_OL_2_WFR____20190105T061207_20190105T061507_20190106T152742_0179_040_034_2520_MAR_O_NT_002.SEN3,2019-01-05,alraha,2019-01-05T06:12:07,153997,131996
S3A_OL_2_WFR____20190108T063434_20190108T063734_20190109T155639_0179_040_077_2520_MAR_O_NT_002.SEN3,2019-01-08,alraha,2019-01-08T06:34:34,66609,17025
S3A_OL_2_WFR____20190109T060823_20190109T061123_20190110T152937_0179_040_091_2520_MAR_O_NT_002.SEN3,2019-01-09,alraha,2019-01-09T06:08:23,153189,105073
S3A_OL_2_WFR____20190112T063050_20190112T063350_20190113T132225_0179_040_134_2520_MAR_O_NT_002.SEN3,2019-01-12,alraha,2019-01-12T06:30:50,114583,44694
S3A_OL_2_WFR____20190113T060439_20190113T060739_20190114T150115_0180_040_148_2520_MAR_O_NT_002.SEN3,2019-01-13,alraha,2019-01-13T06:04:39,148612,128417
S3A_OL_2_WFR____20190115T065317_20190115T065617_20190116T141004_0179_040_177_2520_MAR_O_NT_002.SEN3,2019-01-15,alraha,2019-01-15T06:53:17,0,0
S3A_OL_2_WFR____20190116T062706_20190116T063006_20190117T145959_0179_040_191_2520_MAR_O_NT_002.SEN3,2019-01-16,alraha,2019-01-16T06:27:06,155475,141590
S3A_OL_2_WFR____20190117T060055_20190117T060355_20190118T145441_0179_040_205_2520_MAR_O_NT_002.SEN3,2019-01-17,alraha,2019-01-17T06:00:55,86004,8405
S3A_OL_2_WFR____20190119T064933_20190119T065233_20190120T132720_0179_040_234_2520_MAR_O_NT_002.SEN3,2019-01-19,alraha,2019-01-19T06:49:33,75803,10183
S3A_OL_2_WFR____20190120T062322_20190120T062622_20190121T143722_0179_040_248_2520_MAR_O_NT_002.SEN3,2019-01-20,alraha,2019-01-20T06:23:22,136811,78149
S3A_OL_2_WFR____20190121T055711_20190121T060011_20190122T142640_0179_040_262_2520_MAR_O_NT_002.SEN3,2019-01-21,alraha,2019-01-21T05:57:11,3450,2339
S3A_OL_2_WFR____20190123T064548_20190123T064848_20190124T150534_0179_040_291_2520_MAR_O_NT_002.SEN3,2019-01-23,alraha,2019-01-23T06:45:48,84449,2421
S3A_OL_2_WFR____20190124T061938_20190124T062238_20190125T135537_0180_040_305_2520_MAR_O_NT_002.SEN3,2019-01-24,alraha,2019-01-24T06:19:38,26340,869
S3A_OL_2_WFR____20190127T064204_20190127T064504_20190128T142651_0179_040_348_2520_MAR_O_NT_002.SEN3,2019-01-27,alraha,2019-01-27T06:42:04,152701,80589
S3A_OL_2_WFR____20190128T061553_20190128T061853_20190129T133338_0179_040_362_2520_MAR_O_NT_002.SEN3,2019-01-28,alraha,2019-01-28T06:15:53,150088,24626
S3A_OL_2_WFR____20190131T063820_20190131T064120_20190201T151655_0179_041_020_2520_MAR_O_NT_002.SEN3,2019-01-31,alraha,2019-01-31T06:38:20,153566,104962
S3A_OL_2_WFR____20190201T061209_20190201T061509_20190202T152744_0179_041_034_2520_MAR_O_NT_002.SEN3,2019-02-01,alraha,2019-02-01T06:12:09,156019,71777
S3A_OL_2_WFR____20190204T063436_20190204T063736_20190205T151020_0179_041_077_2520_MAR_O_NT_002.SEN3,2019-02-04,alraha,2019-02-04T06:34:36,93624,77323
S3A_OL_2_WFR____20190205T060825_20190205T061125_20190206T161223_0179_041_091_2520_MAR_O_NT_002.SEN3,2019-02-05,alraha,2019-02-05T06:08:25,142467,114058
S3A_OL_2_WFR____20190208T063051_20190208T063351_20190209T155057_0180_041_134_2520_MAR_O_NT_002.SEN3,2019-02-08,alraha,2019-02-08T06:30:51,153166,140014
S3A_OL_2_WFR____20190209T060440_20190209T060740_20190210T140223_0179_041_148_2520_MAR_O_NT_002.SEN3,2019-02-09,alraha,2019-02-09T06:04:40,131340,3289
S3A_OL_2_WFR____20190211T065318_20190211T065618_20190212T144516_0180_041_177_2520_MAR_O_NT_002.SEN3,2019-02-11,alraha,2019-02-11T06:53:18,0,0
S3A_OL_2_WFR____20190212T062707_20190212T063007_20190213T150556_0179_041_191_2520_MAR_O_NT_002.SEN3,2019-02-12,alraha,2019-02-12T06:27:07,313,0
S3A_OL_2_WFR____20190213T060056_20190213T060356_20190214T140845_0179_041_205_2520_MAR_O_NT_002.SEN3,2019-02-13,alraha,2019-02-13T06:00:56,77652,43553
S3A_OL_2_WFR____20190215T064933_20190215T065233_20190216T153359_0179_041_234_2520_MAR_O_NT_002.SEN3,2019-02-15,alraha,2019-02-15T06:49:33,12885,4263
S3A_OL_2_WFR____20190216T062322_20190216T062622_20190217T152420_0179_041_248_2520_MAR_O_NT_002.SEN3,2019-02-16,alraha,2019-02-16T06:23:22,3762,728
S3A_OL_2_WFR____20190217T055711_20190217T060011_20190218T151627_0180_041_262_2520_MAR_O_NT_002.SEN3,2019-02-17,alraha,2019-02-17T05:57:11,6,0
S3A_OL_2_WFR____20190219T064549_20190219T064849_20190220T144537_0179_041_291_2520_MAR_O_NT_002.SEN3,2019-02-19,alraha,2019-02-19T06:45:49,74788,35886
S3A_OL_2_WFR____20190220T061938_20190220T062238_20190221T151417_0179_041_305_2520_MAR_O_NT_002.SEN3,2019-02-20,alraha,2019-02-20T06:19:38,147162,103112
S3A_OL_2_WFR____20190223T064204_20190223T064504_20190224T151613_0179_041_348_2520_MAR_O_NT_002.SEN3,2019-02-23,alraha,2019-02-23T06:42:04,32915,467
S3A_OL_2_WFR____20190224T061553_20190224T061853_20190225T145513_0179_041_362_2520_MAR_O_NT_002.SEN3,2019-02-24,alraha,2019-02-24T06:15:53,60654,1382
S3A_OL_2_WFR____20190227T063820_20190227T064120_20190228T162451_0179_042_020_2520_MAR_O_NT_002.SEN3,2019-02-27,alraha,2019-02-27T06:38:20,150496,131377
S3A_OL_2_WFR____20190228T061209_20190228T061509_20190301T160156_0179_042_034_2520_MAR_O_NT_002.SEN3,2019-02-28,alraha,2019-02-28T06:12:09,26,0
S3A_OL_2_WFR____20190303T063435_20190303T063735_20190304T152650_0179_042_077_2520_MAR_O_NT_002.SEN3,2019-03-03,alraha,2019-03-03T06:34:35,35011,8246
S3A_OL_2_WFR____20190304T060823_20190304T061123_20190305T141853_0179_042_091_2520_MAR_O_NT_002.SEN3,2019-03-04,alraha,2019-03-04T06:08:23,152167,134017
S3A_OL_2_WFR____20190307T063049_20190307T063349_20190308T161256_0179_042_134_2520_MAR_O_NT_002.SEN3,2019-03-07,alraha,2019-03-07T06:30:49,151147,56527
S3A_OL_2_WFR____20190308T060438_20190308T060738_20190309T160320_0179_042_148_2520_MAR_O_NT_002.SEN3,2019-03-08,alraha,2019-03-08T06:04:38,146448,119673
S3A_OL_2_WFR____20190310T065315_20190310T065615_20190311T133825_0179_042_177_2520_MAR_O_NT_002.SEN3,2019-03-10,alraha,2019-03-10T06:53:15,0,0
S3A_OL_2_WFR____20190311T062704_20190311T063004_20190312T132657_0179_042_191_2520_MAR_O_NT_002.SEN3,2019-03-11,alraha,2019-03-11T06:27:04,125735,65426
S3A_OL_2_WFR____20190312T060053_20190312T060353_20190313T145818_0179_042_205_2520_MAR_O_NT_002.SEN3,2019-03-12,alraha,2019-03-12T06:00:53,110145,84195
S3A_OL_2_WFR____20190314T064930_20190314T065230_20190315T142820_0179_042_234_2520_MAR_O_NT_002.SEN3,2019-03-14,alraha,2019-03-14T06:49:30,103064,12
S3A_OL_2_WFR____20190315T062320_20190315T062620_20190316T154528_0179_042_248_2520_MAR_O_NT_002.SEN3,2019-03-15,alraha,2019-03-15T06:23:20,61127,38630
S3A_OL_2_WFR____20190316T055709_20190316T060009_20190317T152739_0179_042_262_2520_MAR_O_NT_002.SEN3,2019-03-16,alraha,2019-03-16T05:57:09,1908,304
S3A_OL_2_WFR____20190318T064547_20190318T064847_20190319T150949_0179_042_291_2520_MAR_O_NT_002.SEN3,2019-03-18,alraha,2019-03-18T06:45:47,150852,64
S3A_OL_2_WFR____20190319T061936_20190319T062236_20190320T145020_0179_042_305_2520_MAR_O_NT_002.SEN3,2019-03-19,alraha,2019-03-19T06:19:36,155158,141773
S3B_OL_2_WFR____20190321T062849_20190321T063149_20190322T152207_0179_023_191_2520_MAR_O_NT_002.SEN3,2019-03-21,alraha,2019-03-21T06:28:49,109107,34625
S3B_OL_2_WFR____20190322T060239_20190322T060539_20190323T150912_0180_023_205_2520_MAR_O_NT_002.SEN3,2019-03-22,alraha,2019-03-22T06:02:39,70913,49713
S3A_OL_2_WFR____20190322T064204_20190322T064504_20190323T155631_0179_042_348_2520_MAR_O_NT_002.SEN3,2019-03-22,alraha,2019-03-22T06:42:04,77703,1309
S3A_OL_2_WFR____20190323T061553_20190323T061853_20190324T154415_0179_042_362_2520_MAR_O_NT_002.SEN3,2019-03-23,alraha,2019-03-23T06:15:53,5445,16
S3B_OL_2_WFR____20190324T065116_20190324T065416_20190325T162109_0179_023_234_2520_MAR_O_NT_002.SEN3,2019-03-24,alraha,2019-03-24T06:51:16,201,0
S3B_OL_2_WFR____20190325T062505_20190325T062805_20190326T154024_0179_023_248_2520_MAR_O_NT_002.SEN3,2019-03-25,alraha,2019-03-25T06:25:05,0,0
S3B_OL_2_WFR____20190326T055855_20190326T060155_20190327T152637_0179_023_262_2520_MAR_O_NT_002.SEN3,2019-03-26,alraha,2019-03-26T05:58:55,90,0
S3A_OL_2_WFR____20190326T063820_20190326T064120_20190327T150759_0179_043_020_2520_MAR_O_NT_002.SEN3,2019-03-26,alraha,2019-03-26T06:38:20,5110,241
S3A_OL_2_WFR____20190327T061210_20190327T061510_20190328T132227_0179_043_034_2520_MAR_O_NT_002.SEN3,2019-03-27,alraha,2019-03-27T06:12:10,0,0
S3B_OL_2_WFR____20190328T064732_20190328T065032_20190329T135242_0179_023_291_2520_MAR_O_NT_002.SEN3,2019-03-28,alraha,2019-03-28T06:47:32,20778,0
S3B_OL_2_WFR____20190329T062121_20190329T062421_20190330T143600_0180_023_305_2520_MAR_O_NT_002.SEN3,2019-03-29,alraha,2019-03-29T06:21:21,156121,140435
S3A_OL_2_WFR____20190330T063437_20190330T063737_20190331T143854_0179_043_077_2520_MAR_O_NT_002.SEN3,2019-03-30,alraha,2019-03-30T06:34:37,4226,213
S3B_OL_2_WFR____20190401T064348_20190401T064648_20190402T152410_0179_023_348_2520_MAR_O_NT_002.SEN3,2019-04-01,alraha,2019-04-01T06:43:48,59242,0
S3B_OL_2_WFR____20190402T061737_20190402T062037_20190403T145922_0179_023_362_2520_MAR_O_NT_002.SEN3,2019-04-02,alraha,2019-04-02T06:17:37,471,0
S3A_OL_2_WFR____20190403T063053_20190403T063353_20190404T153618_0180_043_134_2520_MAR_O_NT_002.SEN3,2019-04-03,alraha,2019-04-03T06:30:53,1281,100
S3A_OL_2_WFR____20190404T060442_20190404T060742_20190405T143739_0179_043_148_2520_MAR_O_NT_002.SEN3,2019-04-04,alraha,2019-04-04T06:04:42,28844,3152
S3B_OL_2_WFR____20190405T064004_20190405T064304_20190406T152133_0179_024_020_2520_MAR_O_NT_002.SEN3,2019-04-05,alraha,2019-04-05T06:40:04,5821,225
S3B_OL_2_WFR____20190409T063619_20190409T063919_20190410T173135_0179_024_077_2520_MAR_O_NT_002.SEN3,2019-04-09,alraha,2019-04-09T06:36:19,141116,113674
S3B_OL_2_WFR____20190410T061008_20190410T061308_20190411T152640_0179_024_091_2520_MAR_O_NT_002.SEN3,2019-04-10,alraha,2019-04-10T06:10:08,0,0
S3A_OL_2_WFR____20190410T064937_20190410T065237_20190411T150051_0179_043_234_2520_MAR_O_NT_002.SEN3,2019-04-10,alraha,2019-04-10T06:49:37,39,0
S3A_OL_2_WFR____20190411T062326_20190411T062626_20190412T161241_0180_043_248_2520_MAR_O_NT_002.SEN3,2019-04-11,alraha,2019-04-11T06:23:26,181,0
S3A_OL_2_WFR____20190412T055715_20190412T060015_20190413T150154_0179_043_262_2520_MAR_O_NT_002.SEN3,2019-04-12,alraha,2019-04-12T05:57:15,0,0
S3B_OL_2_WFR____20190413T063235_20190413T063535_20190414T150547_0179_024_134_2520_MAR_O_NT_002.SEN3,2019-04-13,alraha,2019-04-13T06:32:35,65252,35671
S3B_OL_2_WFR____20190414T060624_20190414T060924_20190415T154700_0179_024_148_2520_MAR_O_NT_002.SEN3,2019-04-14,alraha,2019-04-14T06:06:24,157302,143246
S3A_OL_2_WFR____20190414T064553_20190414T064853_20190415T161609_0179_043_291_2520_MAR_O_NT_002.SEN3,2019-04-14,alraha,2019-04-14T06:45:53,146408,0
S3A_OL_2_WFR____20190415T061942_20190415T062242_20190416T154552_0179_043_305_2520_MAR_O_NT_002.SEN3,2019-04-15,alraha,2019-04-15T06:19:42,155389,143673
S3B_OL_2_WFR____20190417T062850_20190417T063150_20190418T154703_0179_024_191_2520_MAR_O_NT_002.SEN3,2019-04-17,alraha,2019-04-17T06:28:50,153905,140892
S3B_OL_2_WFR____20190418T060240_20190418T060540_20190419T151034_0179_024_205_2520_MAR_O_NT_002.SEN3,2019-04-18,alraha,2019-04-18T06:02:40,155388,132915
S3A_OL_2_WFR____20190418T064209_20190418T064509_20190419T155113_0179_043_348_2520_MAR_O_NT_002.SEN3,2019-04-18,alraha,2019-04-18T06:42:09,150619,2
S3A_OL_2_WFR____20190419T061558_20190419T061858_20190420T155752_0179_043_362_2520_MAR_O_NT_002.SEN3,2019-04-19,alraha,2019-04-19T06:15:58,153401,136850
S3B_OL_2_WFR____20190420T065117_20190420T065417_20190421T145802_0179_024_234_2520_MAR_O_NT_002.SEN3,2019-04-20,alraha,2019-04-20T06:51:17,616,0
S3B_OL_2_WFR____20190421T062506_20190421T062806_20190422T131716_0179_024_248_2520_MAR_O_NT_002.SEN3,2019-04-21,alraha,2019-04-21T06:25:06,140778,114441
S3B_OL_2_WFR____20190422T055855_20190422T060155_20190423T154708_0180_024_262_2520_MAR_O_NT_002.SEN3,2019-04-22,alraha,2019-04-22T05:58:55,36020,2918
S3A_OL_2_WFR____20190422T063825_20190422T064125_20190423T142710_0179_044_020_2520_MAR_O_NT_002.SEN3,2019-04-22,alraha,2019-04-22T06:38:25,80316,5648
S3A_OL_2_WFR____20190423T061214_20190423T061514_20190424T150503_0180_044_034_2520_MAR_O_NT_002.SEN3,2019-04-23,alraha,2019-04-23T06:12:14,64608,30659
S3B_OL_2_WFR____20190424T064732_20190424T065032_20190425T144600_0179_024_291_2520_MAR_O_NT_002.SEN3,2019-04-24,alraha,2019-04-24T06:47:32,105889,0
S3B_OL_2_WFR____20190425T062121_20190425T062421_20190426T141554_0180_024_305_2520_MAR_O_NT_002.SEN3,2019-04-25,alraha,2019-04-25T06:21:21,152070,138007
S3A_OL_2_WFR____20190426T063441_20190426T063741_20190427T142613_0179_044_077_2520_MAR_O_NT_002.SEN3,2019-04-26,alraha,2019-04-26T06:34:41,148459,116603
S3A_OL_2_WFR____20190427T060830_20190427T061130_20190428T151435_0179_044_091_2520_MAR_O_NT_002.SEN3,2019-04-27,alraha,2019-04-27T06:08:30,76284,15560
S3B_OL_2_WFR____20190428T064348_20190428T064648_20190429T151854_0179_024_348_2520_MAR_O_NT_002.SEN3,2019-04-28,alraha,2019-04-28T06:43:48,89146,0
S3B_OL_2_WFR____20190429T061737_20190429T062037_20190430T145318_0179_024_362_2520_MAR_O_NT_002.SEN3,2019-04-29,alraha,2019-04-29T06:17:37,150621,7269
S3A_OL_2_WFR____20190430T063057_20190430T063357_20190501T144609_0179_044_134_2520_MAR_O_NT_002.SEN3,2019-04-30,alraha,2019-04-30T06:30:57,152962,93717
S3A_OL_2_WFR____20190501T060446_20190501T060746_20190502T142947_0179_044_148_2520_MAR_O_NT_002.SEN3,2019-05-01,alraha,2019-05-01T06:04:46,156301,126490
S3B_OL_2_WFR____20190502T064003_20190502T064303_20190503T123914_0179_025_020_2520_MAR_O_NT_002.SEN3,2019-05-02,alraha,2019-05-02T06:40:03,129365,13
S3B_OL_2_WFR____20190503T061352_20190503T061652_20190504T122829_0179_025_034_2520_MAR_O_NT_002.SEN3,2019-05-03,alraha,2019-05-03T06:13:52,152882,138536
S3A_OL_2_WFR____20190503T065324_20190503T065624_20190505T023233_0179_044_177_2520_MAR_O_NT_002.SEN3,2019-05-03,alraha,2019-05-03T06:53:24,0,0
S3A_OL_2_WFR____20190504T062713_20190504T063013_20190505T155327_0179_044_191_2520_MAR_O_NT_002.SEN3,2019-05-04,alraha,2019-05-04T06:27:13,151705,136054
S3A_OL_2_WFR____20190505T060102_20190505T060402_20190506T160357_0180_044_205_2520_MAR_O_NT_002.SEN3,2019-05-05,alraha,2019-05-05T06:01:02,28022,1152
S3B_OL_2_WFR____20190506T063618_20190506T063918_20190507T161339_0179_025_077_2520_MAR_O_NT_002.SEN3,2019-05-06,alraha,2019-05-06T06:36:18,146647,75797
S3B_OL_2_WFR____20190507T061007_20190507T061307_20190508T151845_0180_025_091_2520_MAR_O_NT_002.SEN3,2019-05-07,alraha,2019-05-07T06:10:07,154784,138928
S3A_OL_2_WFR____20190507T064939_20190507T065239_20190508T133207_0179_044_234_2520_MAR_O_NT_002.SEN3,2019-05-07,alraha,2019-05-07T06:49:39,54162,0
S3A_OL_2_WFR____20190508T062328_20190508T062628_20190509T141852_0179_044_248_2520_MAR_O_NT_002.SEN3,2019-05-08,alraha,2019-05-08T06:23:28,152016,131877
S3A_OL_2_WFR____20190509T055718_20190509T060018_20190510T124201_0179_044_262_2520_MAR_O_NT_002.SEN3,2019-05-09,alraha,2019-05-09T05:57:18,4522,0
S3B_OL_2_WFR____20190510T063233_20190510T063533_20190511T143631_0179_025_134_2520_MAR_O_NT_002.SEN3,2019-05-10,alraha,2019-05-10T06:32:33,79133,46959
S3B_OL_2_WFR____20190511T060622_20190511T060922_20190512T133302_0179_025_148_2520_MAR_O_NT_002.SEN3,2019-05-11,alraha,2019-05-11T06:06:22,156601,31124
S3A_OL_2_WFR____20190511T064555_20190511T064855_20190512T151514_0180_044_291_2520_MAR_O_NT_002.SEN3,2019-05-11,alraha,2019-05-11T06:45:55,118652,0
S3A_OL_2_WFR____20190512T061944_20190512T062244_20190513T155744_0180_044_305_2520_MAR_O_NT_002.SEN3,2019-05-12,alraha,2019-05-12T06:19:44,153578,56824
S3B_OL_2_WFR____20190514T062848_20190514T063148_20190515T153254_0179_025_191_2520_MAR_O_NT_002.SEN3,2019-05-14,alraha,2019-05-14T06:28:48,142517,124085
S3B_OL_2_WFR____20190515T060237_20190515T060537_20190516T145001_0180_025_205_2520_MAR_O_NT_002.SEN3,2019-05-15,alraha,2019-05-15T06:02:37,156296,133898
S3A_OL_2_WFR____20190515T064211_20190515T064511_20190516T145533_0179_044_348_2520_MAR_O_NT_002.SEN3,2019-05-15,alraha,2019-05-15T06:42:11,117471,0
S3A_OL_2_WFR____20190516T061600_20190516T061900_20190517T135150_0179_044_362_2520_MAR_O_NT_002.SEN3,2019-05-16,alraha,2019-05-16T06:16:00,150312,124889
S3B_OL_2_WFR____20190517T065114_20190517T065414_20190518T143853_0179_025_234_2520_MAR_O_NT_002.SEN3,2019-05-17,alraha,2019-05-17T06:51:14,3136,0
S3B_OL_2_WFR____20190518T062503_20190518T062803_20190519T131957_0179_025_248_2520_MAR_O_NT_002.SEN3,2019-05-18,alraha,2019-05-18T06:25:03,92886,74000
S3B_OL_2_WFR____20190519T055852_20190519T060152_20190520T160746_0180_025_262_2520_MAR_O_NT_002.SEN3,2019-05-19,alraha,2019-05-19T05:58:52,0,0
S3A_OL_2_WFR____20190519T063826_20190519T064126_20190520T161827_0179_045_020_2520_MAR_O_NT_002.SEN3,2019-05-19,alraha,2019-05-19T06:38:26,10515,541
S3A_OL_2_WFR____20190520T061215_20190520T061515_20190521T161706_0179_045_034_2520_MAR_O_NT_002.SEN3,2019-05-20,alraha,2019-05-20T06:12:15,128115,20861
S3B_OL_2_WFR____20190521T064729_20190521T065029_20190522T153822_0179_025_291_2520_MAR_O_NT_002.SEN3,2019-05-21,alraha,2019-05-21T06:47:29,16677,0
S3B_OL_2_WFR____20190522T062118_20190522T062418_20190523T144024_0179_025_305_2520_MAR_O_NT_002.SEN3,2019-05-22,alraha,2019-05-22T06:21:18,110888,78032
S3A_OL_2_WFR____20190523T063442_20190523T063742_20190524T154425_0179_045_077_2520_MAR_O_NT_002.SEN3,2019-05-23,alraha,2019-05-23T06:34:42,140881,44264
S3A_OL_2_WFR____20190524T060831_20190524T061131_20190525T162850_0179_045_091_2520_MAR_O_NT_002.SEN3,2019-05-24,alraha,2019-05-24T06:08:31,155537,118728
S3B_OL_2_WFR____20190525T064344_20190525T064644_20190526T151511_0179_025_348_2520_MAR_O_NT_002.SEN3,2019-05-25,alraha,2019-05-25T06:43:44,95148,0
S3B_OL_2_WFR____20190526T061733_20190526T062033_20190527T162424_0179_025_362_2520_MAR_O_NT_002.SEN3,2019-05-26,alraha,2019-05-26T06:17:33,153529,139382
S3A_OL_2_WFR____20190527T063057_20190527T063357_20190528T151345_0179_045_134_2520_MAR_O_NT_002.SEN3,2019-05-27,alraha,2019-05-27T06:30:57,146689,112027
S3A_OL_2_WFR____20190528T060446_20190528T060746_20190529T160118_0179_045_148_2520_MAR_O_NT_002.SEN3,2019-05-28,alraha,2019-05-28T06:04:46,103612,52616
S3B_OL_2_WFR____20190529T063959_20190529T064259_20190530T151320_0179_026_020_2520_MAR_O_NT_002.SEN3,2019-05-29,alraha,2019-05-29T06:39:59,152206,0
S3A_OL_2_WFR____20190530T065324_20190530T065624_20190531T154104_0179_045_177_2520_MAR_O_NT_002.SEN3,2019-05-30,alraha,2019-05-30T06:53:24,0,0
S3A_OL_2_WFR____20190531T062713_20190531T063013_20190601T183849_0179_045_191_2520_MAR_O_NT_002.SEN3,2019-05-31,alraha,2019-05-31T06:27:13,153287,136092
S3A_OL_2_WFR____20190601T060102_20190601T060402_20190602T174721_0179_045_205_2520_MAR_O_NT_002.SEN3,2019-06-01,alraha,2019-06-01T06:01:02,113601,82340
S3B_OL_2_WFR____20190602T063613_20190602T063913_20190603T143628_0179_026_077_2520_MAR_O_NT_002.SEN3,2019-06-02,alraha,2019-06-02T06:36:13,145669,17321
S3B_OL_2_WFR____20190603T061002_20190603T061302_20190604T161017_0179_026_091_2520_MAR_O_NT_002.SEN3,2019-06-03,alraha,2019-06-03T06:10:02,151484,131654
S3A_OL_2_WFR____20190603T064939_20190603T065239_20190604T175042_0180_045_234_2520_MAR_O_NT_002.SEN3,2019-06-03,alraha,2019-06-03T06:49:39,22601,0
S3A_OL_2_WFR____20190604T062328_20190604T062628_20190605T172828_0179_045_248_2520_MAR_O_NT_002.SEN3,2019-06-04,alraha,2019-06-04T06:23:28,152197,130241
S3A_OL_2_WFR____20190605T055717_20190605T060017_20190606T160516_0179_045_262_2520_MAR_O_NT_002.SEN3,2019-06-05,alraha,2019-06-05T05:57:17,2861,0
S3B_OL_2_WFR____20190606T063228_20190606T063528_20190607T152223_0179_026_134_2520_MAR_O_NT_002.SEN3,2019-06-06,alraha,2019-06-06T06:32:28,150205,87557
S3B_OL_2_WFR____20190607T060617_20190607T060917_20190608T153600_0179_026_148_2520_MAR_O_NT_002.SEN3,2019-06-07,alraha,2019-06-07T06:06:17,155928,137972
S3A_OL_2_WFR____20190607T064554_20190607T064854_20190608T165044_0179_045_291_2520_MAR_O_NT_002.SEN3,2019-06-07,alraha,2019-06-07T06:45:54,101449,0
S3A_OL_2_WFR____20190608T061943_20190608T062243_20190609T190417_0179_045_305_2520_MAR_O_NT_002.SEN3,2019-06-08,alraha,2019-06-08T06:19:43,154390,135977
S3B_OL_2_WFR____20190610T062843_20190610T063143_20190611T132218_0179_026_191_2520_MAR_O_NT_002.SEN3,2019-06-10,alraha,2019-06-10T06:28:43,154154,140960
S3B_OL_2_WFR____20190611T060232_20190611T060532_20190612T124554_0179_026_205_2520_MAR_O_NT_002.SEN3,2019-06-11,alraha,2019-06-11T06:02:32,154771,131078
S3A_OL_2_WFR____20190611T064209_20190611T064509_20190612T191137_0179_045_348_2520_MAR_O_NT_002.SEN3,2019-06-11,alraha,2019-06-11T06:42:09,149491,0
S3A_OL_2_WFR____20190612T061558_20190612T061858_20190613T182347_0179_045_362_2520_MAR_O_NT_002.SEN3,2019-06-12,alraha,2019-06-12T06:15:58,156156,136259
S3B_OL_2_WFR____20190613T065109_20190613T065409_20190614T134616_0179_026_234_2520_MAR_O_NT_002.SEN3,2019-06-13,alraha,2019-06-13T06:51:09,48695,0
S3B_OL_2_WFR____20190614T062458_20190614T062758_20190615T123334_0179_026_248_2520_MAR_O_NT_002.SEN3,2019-06-14,alraha,2019-06-14T06:24:58,154735,140363
S3B_OL_2_WFR____20190615T055847_20190615T060147_20190616T122658_0180_026_262_2520_MAR_O_NT_002.SEN3,2019-06-15,alraha,2019-06-15T05:58:47,45233,37232
S3A_OL_2_WFR____20190615T063825_20190615T064125_20190616T172021_0179_046_020_2520_MAR_O_NT_002.SEN3,2019-06-15,alraha,2019-06-15T06:38:25,150837,56
S3A_OL_2_WFR____20190616T061214_20190616T061514_20190617T230520_0179_046_034_2520_MAR_O_NT_002.SEN3,2019-06-16,alraha,2019-06-16T06:12:14,6645,3134
S3A_OL_2_WFR____20190616T061214_20190616T061514_20190617T232526_0179_046_034_2520_MAR_O_NT_002.SEN3,2019-06-16,alraha,2019-06-16T06:12:14,6645,3134
S3B_OL_2_WFR____20190617T064725_20190617T065025_20190618T162332_0179_026_291_2520_MAR_O_NT_002.SEN3,2019-06-17,alraha,2019-06-17T06:47:25,116920,0
S3B_OL_2_WFR____20190618T062114_20190618T062414_20190619T153821_0179_026_305_2520_MAR_O_NT_002.SEN3,2019-06-18,alraha,2019-06-18T06:21:14,152260,133036
S3A_OL_2_WFR____20190619T063441_20190619T063741_20190620T153015_0179_046_077_2520_MAR_O_NT_002.SEN3,2019-06-19,alraha,2019-06-19T06:34:41,149824,2789
S3A_OL_2_WFR____20190620T060830_20190620T061130_20190621T133120_0179_046_091_2520_MAR_O_NT_002.SEN3,2019-06-20,alraha,2019-06-20T06:08:30,155770,100289
S3B_OL_2_WFR____20190621T064340_20190621T064640_20190622T150851_0179_026_348_2520_MAR_O_NT_002.SEN3,2019-06-21,alraha,2019-06-21T06:43:40,126100,0
S3B_OL_2_WFR____20190622T061729_20190622T062029_20190623T121813_0180_026_362_2520_MAR_O_NT_002.SEN3,2019-06-22,alraha,2019-06-22T06:17:29,113022,42384
S3A_OL_2_WFR____20190623T063056_20190623T063356_20190624T154348_0179_046_134_2520_MAR_O_NT_002.SEN3,2019-06-23,alraha,2019-06-23T06:30:56,142598,120356
S3A_OL_2_WFR____20190624T060445_20190624T060745_20190625T153138_0179_046_148_2520_MAR_O_NT_002.SEN3,2019-06-24,alraha,2019-06-24T06:04:45,137004,58155
S3B_OL_2_WFR____20190625T063956_20190625T064256_20190626T155427_0179_027_020_2520_MAR_O_NT_002.SEN3,2019-06-25,alraha,2019-06-25T06:39:56,125695,2
S3B_OL_2_WFR____20190626T061346_20190626T061646_20190627T153137_0180_027_034_2520_MAR_O_NT_002.SEN3,2019-06-26,alraha,2019-06-26T06:13:46,115609,56848
S3A_OL_2_WFR____20190626T065323_20190626T065623_20190627T152013_0179_046_177_2520_MAR_O_NT_002.SEN3,2019-06-26,alraha,2019-06-26T06:53:23,0,0
S3A_OL_2_WFR____20190627T062712_20190627T063012_20190628T134511_0179_046_191_2520_MAR_O_NT_002.SEN3,2019-06-27,alraha,2019-06-27T06:27:12,128478,68356
S3A_OL_2_WFR____20190628T060101_20190628T060401_20190629T161527_0180_046_205_2520_MAR_O_NT_002.SEN3,2019-06-28,alraha,2019-06-28T06:01:01,113027,6871
S3B_OL_2_WFR____20190629T063613_20190629T063913_20190630T153305_0179_027_077_2520_MAR_O_NT_002.SEN3,2019-06-29,alraha,2019-06-29T06:36:13,151157,37281
S3B_OL_2_WFR____20190630T061002_20190630T061302_20190701T135817_0179_027_091_2520_MAR_O_NT_002.SEN3,2019-06-30,alraha,2019-06-30T06:10:02,155180,139870
S3A_OL_2_WFR____20190630T064939_20190630T065239_20190701T160448_0179_046_234_2520_MAR_O_NT_002.SEN3,2019-06-30,alraha,2019-06-30T06:49:39,92600,0
S3A_OL_2_WFR____20190701T062328_20190701T062628_20190702T150719_0179_046_248_2520_MAR_O_NT_002.SEN3,2019-07-01,alraha,2019-07-01T06:23:28,152705,138767
S3A_OL_2_WFR____20190702T055717_20190702T060017_20190703T131516_0179_046_262_2520_MAR_O_NT_002.SEN3,2019-07-02,alraha,2019-07-02T05:57:17,4350,2104
S3B_OL_2_WFR____20190703T063229_20190703T063529_20190704T131554_0179_027_134_2520_MAR_O_NT_002.SEN3,2019-07-03,alraha,2019-07-03T06:32:29,150893,120502
S3B_OL_2_WFR____20190704T060618_20190704T060918_20190705T123906_0179_027_148_2520_MAR_O_NT_002.SEN3,2019-07-04,alraha,2019-07-04T06:06:18,16515,497
S3A_OL_2_WFR____20190704T064554_20190704T064854_20190705T151954_0179_046_291_2520_MAR_O_NT_002.SEN3,2019-07-04,alraha,2019-07-04T06:45:54,102530,0
S3A_OL_2_WFR____20190705T061943_20190705T062243_20190706T163003_0179_046_305_2520_MAR_O_NT_002.SEN3,2019-07-05,alraha,2019-07-05T06:19:43,145278,73053
S3B_OL_2_WFR____20190707T062845_20190707T063145_20190708T121820_0179_027_191_2520_MAR_O_NT_002.SEN3,2019-07-07,alraha,2019-07-07T06:28:45,153683,138661
S3B_OL_2_WFR____20190708T060234_20190708T060534_20190709T161022_0179_027_205_2520_MAR_O_NT_002.SEN3,2019-07-08,alraha,2019-07-08T06:02:34,107172,66827
S3A_OL_2_WFR____20190708T064210_20190708T064510_20190709T151446_0179_046_348_2520_MAR_O_NT_002.SEN3,2019-07-08,alraha,2019-07-08T06:42:10,113912,0
S3A_OL_2_WFR____20190709T061559_20190709T061859_20190710T183124_0179_046_362_2520_MAR_O_NT_002.SEN3,2019-07-09,alraha,2019-07-09T06:15:59,155972,140386
S3B_OL_2_WFR____20190710T065112_20190710T065412_20190711T154921_0179_027_234_2520_MAR_O_NT_002.SEN3,2019-07-10,alraha,2019-07-10T06:51:12,50096,0
S3B_OL_2_WFR____20190711T062501_20190711T062801_20190712T135631_0179_027_248_2520_MAR_O_NT_002.SEN3,2019-07-11,alraha,2019-07-11T06:25:01,151068,134632
S3B_OL_2_WFR____20190712T055850_20190712T060150_20190713T132402_0179_027_262_2520_MAR_O_NT_002.SEN3,2019-07-12,alraha,2019-07-12T05:58:50,35846,24933
S3A_OL_2_WFR____20190712T063825_20190712T064125_20190713T131916_0179_047_020_2520_MAR_O_NT_002.SEN3,2019-07-12,alraha,2019-07-12T06:38:25,150962,101
S3A_OL_2_WFR____20190713T061214_20190713T061514_20190714T145828_0179_047_034_2520_MAR_O_NT_002.SEN3,2019-07-13,alraha,2019-07-13T06:12:14,98991,48742
S3B_OL_2_WFR____20190714T064727_20190714T065027_20190715T140245_0180_027_291_2520_MAR_O_NT_002.SEN3,2019-07-14,alraha,2019-07-14T06:47:27,98368,0
S3B_OL_2_WFR____20190715T062117_20190715T062417_20190716T154915_0179_027_305_2520_MAR_O_NT_002.SEN3,2019-07-15,alraha,2019-07-15T06:21:17,154031,140779
S3A_OL_2_WFR____20190716T063440_20190716T063740_20190718T182506_0179_047_077_2520_MAR_O_NT_002.SEN3,2019-07-16,alraha,2019-07-16T06:34:40,149967,88734
S3A_OL_2_WFR____20190717T060829_20190717T061129_20190718T143654_0179_047_091_2520_MAR_O_NT_002.SEN3,2019-07-17,alraha,2019-07-17T06:08:29,126778,74746
S3B_OL_2_WFR____20190718T064343_20190718T064643_20190719T153356_0179_027_348_2520_MAR_O_NT_002.SEN3,2019-07-18,alraha,2019-07-18T06:43:43,136343,0
S3B_OL_2_WFR____20190719T061732_20190719T062032_20190720T151713_0179_027_362_2520_MAR_O_NT_002.SEN3,2019-07-19,alraha,2019-07-19T06:17:32,151499,128693
S3A_OL_2_WFR____20190720T063056_20190720T063356_20190721T161534_0179_047_134_2520_MAR_O_NT_002.SEN3,2019-07-20,alraha,2019-07-20T06:30:56,152099,134800
S3A_OL_2_WFR____20190721T060445_20190721T060745_20190722T145855_0180_047_148_2520_MAR_O_NT_002.SEN3,2019-07-21,alraha,2019-07-21T06:04:45,86915,26621
S3B_OL_2_WFR____20190722T063959_20190722T064259_20190723T155749_0179_028_020_2520_MAR_O_NT_002.SEN3,2019-07-22,alraha,2019-07-22T06:39:59,40550,1
S3B_OL_2_WFR____20190723T061348_20190723T061648_20190724T142512_0179_028_034_2520_MAR_O_NT_002.SEN3,2019-07-23,alraha,2019-07-23T06:13:48,25793,1711
S3A_OL_2_WFR____20190723T065322_20190723T065622_20190724T145830_0179_047_177_2520_MAR_O_NT_002.SEN3,2019-07-23,alraha,2019-07-23T06:53:22,0,0
S3A_OL_2_WFR____20190724T062711_20190724T063011_20190725T144619_0179_047_191_2520_MAR_O_NT_002.SEN3,2019-07-24,alraha,2019-07-24T06:27:11,121101,12943
S3A_OL_2_WFR____20190725T060100_20190725T060400_20190726T145305_0179_047_205_2520_MAR_O_NT_002.SEN3,2019-07-25,alraha,2019-07-25T06:01:00,9575,0
S3B_OL_2_WFR____20190726T063615_20190726T063915_20190727T153038_0179_028_077_2520_MAR_O_NT_002.SEN3,2019-07-26,alraha,2019-07-26T06:36:15,148775,2362
S3B_OL_2_WFR____20190727T061004_20190727T061304_20190728T151016_0179_028_091_2520_MAR_O_NT_002.SEN3,2019-07-27,alraha,2019-07-27T06:10:04,126949,86089
S3A_OL_2_WFR____20190727T064937_20190727T065237_20190728T155713_0179_047_234_2520_MAR_O_NT_002.SEN3,2019-07-27,alraha,2019-07-27T06:49:37,105880,0
S3A_OL_2_WFR____20190728T062326_20190728T062626_20190729T154331_0179_047_248_2520_MAR_O_NT_002.SEN3,2019-07-28,alraha,2019-07-28T06:23:26,37485,2085
S3A_OL_2_WFR____20190729T055715_20190729T060015_20190730T141818_0179_047_262_2520_MAR_O_NT_002.SEN3,2019-07-29,alraha,2019-07-29T05:57:15,877,0
S3B_OL_2_WFR____20190730T063230_20190730T063530_20190731T154132_0179_028_134_2520_MAR_O_NT_002.SEN3,2019-07-30,alraha,2019-07-30T06:32:30,135450,101209
S3B_OL_2_WFR____20190731T060620_20190731T060920_20190801T123530_0179_028_148_2520_MAR_O_NT_002.SEN3,2019-07-31,alraha,2019-07-31T06:06:20,7562,26
S3A_OL_2_WFR____20190731T064553_20190731T064853_20190801T152122_0179_047_291_2520_MAR_O_NT_002.SEN3,2019-07-31,alraha,2019-07-31T06:45:53,53458,0
S3A_OL_2_WFR____20190801T061941_20190801T062241_20190802T152048_0179_047_305_2520_MAR_O_NT_002.SEN3,2019-08-01,alraha,2019-08-01T06:19:41,62978,27840
S3B_OL_2_WFR____20190803T062846_20190803T063146_20190804T122759_0179_028_191_2520_MAR_O_NT_002.SEN3,2019-08-03,alraha,2019-08-03T06:28:46,136787,117306
S3B_OL_2_WFR____20190804T060235_20190804T060535_20190805T141336_0180_028_205_2520_MAR_O_NT_002.SEN3,2019-08-04,alraha,2019-08-04T06:02:35,50109,30099
S3A_OL_2_WFR____20190804T064208_20190804T064508_20190805T152148_0179_047_348_2520_MAR_O_NT_002.SEN3,2019-08-04,alraha,2019-08-04T06:42:08,103724,0
S3A_OL_2_WFR____20190805T061557_20190805T061857_20190806T145326_0179_047_362_2520_MAR_O_NT_002.SEN3,2019-08-05,alraha,2019-08-05T06:15:57,153079,133333
S3B_OL_2_WFR____20190806T065113_20190806T065413_20190807T131633_0179_028_234_2520_MAR_O_NT_002.SEN3,2019-08-06,alraha,2019-08-06T06:51:13,50901,0
S3B_OL_2_WFR____20190807T062502_20190807T062802_20190808T130619_0179_028_248_2520_MAR_O_NT_002.SEN3,2019-08-07,alraha,2019-08-07T06:25:02,153349,136087
S3B_OL_2_WFR____20190808T055851_20190808T060151_20190809T150004_0179_028_262_2520_MAR_O_NT_002.SEN3,2019-08-08,alraha,2019-08-08T05:58:51,19161,13188
S3A_OL_2_WFR____20190808T063823_20190808T064123_20190809T150357_0180_048_020_2520_MAR_O_NT_002.SEN3,2019-08-08,alraha,2019-08-08T06:38:23,126289,10656
S3A_OL_2_WFR____20190809T061212_20190809T061512_20190810T142228_0180_048_034_2520_MAR_O_NT_002.SEN3,2019-08-09,alraha,2019-08-09T06:12:12,33346,2969
S3B_OL_2_WFR____20190810T064728_20190810T065028_20190811T150936_0179_028_291_2520_MAR_O_NT_002.SEN3,2019-08-10,alraha,2019-08-10T06:47:28,128158,0
S3B_OL_2_WFR____20190811T062117_20190811T062417_20190812T145833_0179_028_305_2520_MAR_O_NT_002.SEN3,2019-08-11,alraha,2019-08-11T06:21:17,64547,32786
S3A_OL_2_WFR____20190812T063438_20190812T063738_20190813T151649_0179_048_077_2520_MAR_O_NT_002.SEN3,2019-08-12,alraha,2019-08-12T06:34:38,55948,26178
S3A_OL_2_WFR____20190813T060827_20190813T061127_20190814T150524_0179_048_091_2520_MAR_O_NT_002.SEN3,2019-08-13,alraha,2019-08-13T06:08:27,106465,22751
S3B_OL_2_WFR____20190814T064343_20190814T064643_20190815T155329_0179_028_348_2520_MAR_O_NT_002.SEN3,2019-08-14,alraha,2019-08-14T06:43:43,145615,0
S3B_OL_2_WFR____20190815T061732_20190815T062032_20190816T134708_0180_028_362_2520_MAR_O_NT_002.SEN3,2019-08-15,alraha,2019-08-15T06:17:32,94632,35720
S3A_OL_2_WFR____20190816T063053_20190816T063353_20190817T141849_0179_048_134_2520_MAR_O_NT_002.SEN3,2019-08-16,alraha,2019-08-16T06:30:53,151086,125200
S3A_OL_2_WFR____20190817T060442_20190817T060742_20190818T141720_0180_048_148_2520_MAR_O_NT_002.SEN3,2019-08-17,alraha,2019-08-17T06:04:42,39232,4181
S3B_OL_2_WFR____20190818T063959_20190818T064259_20190819T133546_0179_029_020_2520_MAR_O_NT_002.SEN3,2019-08-18,alraha,2019-08-18T06:39:59,149875,9268
S3B_OL_2_WFR____20190819T061348_20190819T061648_20190820T134852_0179_029_034_2520_MAR_O_NT_002.SEN3,2019-08-19,alraha,2019-08-19T06:13:48,115814,32383
S3A_OL_2_WFR____20190819T065319_20190819T065619_20190820T151329_0179_048_177_2520_MAR_O_NT_002.SEN3,2019-08-19,alraha,2019-08-19T06:53:19,0,0
S3A_OL_2_WFR____20190821T060056_20190821T060356_20190822T150236_0179_048_205_2520_MAR_O_NT_002.SEN3,2019-08-21,alraha,2019-08-21T06:00:56,108288,65123
S3B_OL_2_WFR____20190822T063614_20190822T063914_20190823T153511_0180_029_077_2520_MAR_O_NT_002.SEN3,2019-08-22,alraha,2019-08-22T06:36:14,148557,85965
S3B_OL_2_WFR____20190823T061003_20190823T061303_20190824T150830_0180_029_091_2520_MAR_O_NT_002.SEN3,2019-08-23,alraha,2019-08-23T06:10:03,154945,137506
S3A_OL_2_WFR____20190823T064933_20190823T065233_20190824T150144_0179_048_234_2520_MAR_O_NT_002.SEN3,2019-08-23,alraha,2019-08-23T06:49:33,104143,0
S3A_OL_2_WFR____20190824T062322_20190824T062622_20190825T162026_0179_048_248_2520_MAR_O_NT_002.SEN3,2019-08-24,alraha,2019-08-24T06:23:22,152911,138894
S3A_OL_2_WFR____20190825T055711_20190825T060011_20190826T154319_0179_048_262_2520_MAR_O_NT_002.SEN3,2019-08-25,alraha,2019-08-25T05:57:11,4106,1945
S3B_OL_2_WFR____20190826T063229_20190826T063529_20190827T131526_0179_029_134_2520_MAR_O_NT_002.SEN3,2019-08-26,alraha,2019-08-26T06:32:29,150622,139178
S3B_OL_2_WFR____20190827T060618_20190827T060918_20190828T145450_0179_029_148_2520_MAR_O_NT_002.SEN3,2019-08-27,alraha,2019-08-27T06:06:18,154797,138555
S3A_OL_2_WFR____20190827T064548_20190827T064848_20190828T153804_0179_048_291_2520_MAR_O_NT_002.SEN3,2019-08-27,alraha,2019-08-27T06:45:48,131267,0
S3A_OL_2_WFR____20190828T061937_20190828T062237_20190829T134919_0180_048_305_2520_MAR_O_NT_002.SEN3,2019-08-28,alraha,2019-08-28T06:19:37,153001,138477
S3B_OL_2_WFR____20190830T062845_20190830T063145_20190831T155023_0179_029_191_2520_MAR_O_NT_002.SEN3,2019-08-30,alraha,2019-08-30T06:28:45,151437,137053
S3B_OL_2_WFR____20190831T060234_20190831T060534_20190901T151008_0179_029_205_2520_MAR_O_NT_002.SEN3,2019-08-31,alraha,2019-08-31T06:02:34,145464,118815
S3A_OL_2_WFR____20190901T061553_20190901T061853_20190902T153121_0179_048_362_2520_MAR_O_NT_002.SEN3,2019-09-01,alraha,2019-09-01T06:15:53,66411,35077
S3B_OL_2_WFR____20190902T065111_20190902T065411_20190903T181443_0179_029_234_2520_MAR_O_NT_002.SEN3,2019-09-02,alraha,2019-09-02T06:51:11,45042,0
S3B_OL_2_WFR____20190903T062500_20190903T062800_20190904T160638_0179_029_248_2520_MAR_O_NT_002.SEN3,2019-09-03,alraha,2019-09-03T06:25:00,154542,139156
S3B_OL_2_WFR____20190904T055849_20190904T060149_20190905T151327_0179_029_262_2520_MAR_O_NT_002.SEN3,2019-09-04,alraha,2019-09-04T05:58:49,43570,35277
S3A_OL_2_WFR____20190904T063820_20190904T064120_20190905T154817_0179_049_020_2520_MAR_O_NT_002.SEN3,2019-09-04,alraha,2019-09-04T06:38:20,150904,49475
S3B_OL_2_WFR____20190906T064727_20190906T065027_20190907T150151_0179_029_291_2520_MAR_O_NT_002.SEN3,2019-09-06,alraha,2019-09-06T06:47:27,43028,0
S3A_OL_2_WFR____20190908T063437_20190908T063737_20190909T142954_0179_049_077_2520_MAR_O_NT_002.SEN3,2019-09-08,alraha,2019-09-08T06:34:37,152307,120644
S3A_OL_2_WFR____20190909T060826_20190909T061126_20190910T152650_0179_049_091_2520_MAR_O_NT_002.SEN3,2019-09-09,alraha,2019-09-09T06:08:26,155226,140770
S3B_OL_2_WFR____20190911T061731_20190911T062031_20190912T153241_0180_029_362_2520_MAR_O_NT_002.SEN3,2019-09-11,alraha,2019-09-11T06:17:31,152140,132400
S3A_OL_2_WFR____20190912T063053_20190912T063353_20190913T151150_0179_049_134_2520_MAR_O_NT_002.SEN3,2019-09-12,alraha,2019-09-12T06:30:53,151507,135935
S3A_OL_2_WFR____20190913T060442_20190913T060742_20190914T125813_0179_049_148_2520_MAR_O_NT_002.SEN3,2019-09-13,alraha,2019-09-13T06:04:42,132389,98229
S3B_OL_2_WFR____20190914T063958_20190914T064258_20190915T134428_0179_030_020_2520_MAR_O_NT_002.SEN3,2019-09-14,alraha,2019-09-14T06:39:58,126940,49592
S3B_OL_2_WFR____20190915T061347_20190915T061647_20190916T135702_0179_030_034_2520_MAR_O_NT_002.SEN3,2019-09-15,alraha,2019-09-15T06:13:47,141634,94633
S3A_OL_2_WFR____20190916T062709_20190916T063009_20190917T160646_0180_049_191_2520_MAR_O_NT_002.SEN3,2019-09-16,alraha,2019-09-16T06:27:09,136169,104017
S3A_OL_2_WFR____20190917T060058_20190917T060358_20190918T151921_0179_049_205_2520_MAR_O_NT_002.SEN3,2019-09-17,alraha,2019-09-17T06:00:58,47899,24573
S3B_OL_2_WFR____20190918T063613_20190918T063913_20190919T131236_0180_030_077_2520_MAR_O_NT_002.SEN3,2019-09-18,alraha,2019-09-18T06:36:13,139674,89377
S3B_OL_2_WFR____20190919T061002_20190919T061302_20190920T144627_0179_030_091_2520_MAR_O_NT_002.SEN3,2019-09-19,alraha,2019-09-19T06:10:02,154821,139589
S3A_OL_2_WFR____20190919T064936_20190919T065236_20190920T151751_0179_049_234_2520_MAR_O_NT_002.SEN3,2019-09-19,alraha,2019-09-19T06:49:36,117573,0
S3A_OL_2_WFR____20190920T062325_20190920T062625_20190921T150716_0179_049_248_2520_MAR_O_NT_002.SEN3,2019-09-20,alraha,2019-09-20T06:23:25,152910,139208
S3B_OL_2_WFR____20190922T063229_20190922T063529_20190923T115908_0179_030_134_2520_MAR_O_NT_002.SEN3,2019-09-22,alraha,2019-09-22T06:32:29,151541,138958
S3B_OL_2_WFR____20190923T060618_20190923T060918_20190924T135446_0179_030_148_2520_MAR_O_NT_002.SEN3,2019-09-23,alraha,2019-09-23T06:06:18,146626,120731
S3A_OL_2_WFR____20190923T064552_20190923T064852_20190924T144926_0179_049_291_2520_MAR_O_NT_002.SEN3,2019-09-23,alraha,2019-09-23T06:45:52,152207,1
S3B_OL_2_WFR____20190926T062844_20190926T063144_20190927T124652_0179_030_191_2520_MAR_O_NT_002.SEN3,2019-09-26,alraha,2019-09-26T06:28:44,152489,140381
S3B_OL_2_WFR____20190927T060233_20190927T060533_20190928T150606_0179_030_205_2520_MAR_O_NT_002.SEN3,2019-09-27,alraha,2019-09-27T06:02:33,129176,83983
S3A_OL_2_WFR____20190928T061557_20190928T061857_20190929T151248_0179_049_362_2520_MAR_O_NT_002.SEN3,2019-09-28,alraha,2019-09-28T06:15:57,153996,125907
S3B_OL_2_WFR____20190929T065110_20190929T065410_20190930T121610_0179_030_234_2520_MAR_O_NT_002.SEN3,2019-09-29,alraha,2019-09-29T06:51:10,53411,0
S3B_OL_2_WFR____20190930T062459_20190930T062759_20191001T132104_0179_030_248_2520_MAR_O_NT_002.SEN3,2019-09-30,alraha,2019-09-30T06:24:59,153641,138405
S3B_OL_2_WFR____20191001T055848_20191001T060148_20191002T154940_0179_030_262_2520_MAR_O_NT_002.SEN3,2019-10-01,alraha,2019-10-01T05:58:48,25192,16249
S3A_OL_2_WFR____20191001T063823_20191001T064123_20191002T134032_0179_050_020_2520_MAR_O_NT_002.SEN3,2019-10-01,alraha,2019-10-01T06:38:23,147131,102290
S3A_OL_2_WFR____20191002T061213_20191002T061513_20191003T131817_0179_050_034_2520_MAR_O_NT_002.SEN3,2019-10-02,alraha,2019-10-02T06:12:13,153809,118794
S3B_OL_2_WFR____20191003T064725_20191003T065025_20191004T152226_0179_030_291_2520_MAR_O_NT_002.SEN3,2019-10-03,alraha,2019-10-03T06:47:25,151314,138
S3B_OL_2_WFR____20191004T062114_20191004T062414_20191005T135801_0179_030_305_2520_MAR_O_NT_002.SEN3,2019-10-04,alraha,2019-10-04T06:21:14,151586,124953
S3A_OL_2_WFR____20191005T063439_20191005T063739_20191006T163404_0179_050_077_2520_MAR_O_NT_002.SEN3,2019-10-05,alraha,2019-10-05T06:34:39,152104,117324
S3B_OL_2_WFR____20191007T064340_20191007T064640_20191008T132729_0180_030_348_2520_MAR_O_NT_002.SEN3,2019-10-07,alraha,2019-10-07T06:43:40,133146,8600
S3B_OL_2_WFR____20191008T061729_20191008T062029_20191009T153230_0179_030_362_2520_MAR_O_NT_002.SEN3,2019-10-08,alraha,2019-10-08T06:17:29,154257,141867
S3A_OL_2_WFR____20191009T063055_20191009T063355_20191010T152443_0179_050_134_2520_MAR_O_NT_002.SEN3,2019-10-09,alraha,2019-10-09T06:30:55,151668,127594
S3A_OL_2_WFR____20191010T060444_20191010T060744_20191011T133910_0179_050_148_2520_MAR_O_NT_002.SEN3,2019-10-10,alraha,2019-10-10T06:04:44,90961,26574
S3B_OL_2_WFR____20191011T063955_20191011T064255_20191012T150442_0179_031_020_2520_MAR_O_NT_002.SEN3,2019-10-11,alraha,2019-10-11T06:39:55,130257,91629
S3A_OL_2_WFR____20191012T065322_20191012T065622_20191013T154841_0180_050_177_2520_MAR_O_NT_002.SEN3,2019-10-12,alraha,2019-10-12T06:53:22,0,0
S3A_OL_2_WFR____20191013T062711_20191013T063011_20191014T160912_0179_050_191_2520_MAR_O_NT_002.SEN3,2019-10-13,alraha,2019-10-13T06:27:11,152255,137849
S3A_OL_2_WFR____20191014T060100_20191014T060400_20191015T133605_0179_050_205_2520_MAR_O_NT_002.SEN3,2019-10-14,alraha,2019-10-14T06:01:00,109874,82449
S3B_OL_2_WFR____20191015T063609_20191015T063909_20191016T154248_0179_031_077_2520_MAR_O_NT_002.SEN3,2019-10-15,alraha,2019-10-15T06:36:09,149734,139950
S3B_OL_2_WFR____20191016T060958_20191016T061258_20191017T164731_0179_031_091_2520_MAR_O_NT_002.SEN3,2019-10-16,alraha,2019-10-16T06:09:58,155042,140612
S3A_OL_2_WFR____20191016T064937_20191016T065237_20191017T171610_0179_050_234_2520_MAR_O_NT_002.SEN3,2019-10-16,alraha,2019-10-16T06:49:37,121024,426
S3A_OL_2_WFR____20191017T062326_20191017T062626_20191018T135345_0179_050_248_2520_MAR_O_NT_002.SEN3,2019-10-17,alraha,2019-10-17T06:23:26,153203,134653
S3A_OL_2_WFR____20191018T055715_20191018T060015_20191019T134344_0180_050_262_2520_MAR_O_NT_002.SEN3,2019-10-18,alraha,2019-10-18T05:57:15,3830,2584
S3B_OL_2_WFR____20191019T063225_20191019T063525_20191024T000025_0179_031_134_2520_MAR_O_NT_002.SEN3,2019-10-19,alraha,2019-10-19T06:32:25,151245,135793
S3B_OL_2_WFR____20191020T060615_20191020T060915_20191021T143731_0179_031_148_2520_MAR_O_NT_002.SEN3,2019-10-20,alraha,2019-10-20T06:06:15,155083,137761
S3A_OL_2_WFR____20191020T064553_20191020T064853_20191021T154309_0179_050_291_2520_MAR_O_NT_002.SEN3,2019-10-20,alraha,2019-10-20T06:45:53,152262,106834
S3A_OL_2_WFR____20191021T061942_20191021T062242_20191022T152424_0180_050_305_2520_MAR_O_NT_002.SEN3,2019-10-21,alraha,2019-10-21T06:19:42,154513,139211
S3B_OL_2_WFR____20191023T062842_20191023T063142_20191024T154040_0179_031_191_2520_MAR_O_NT_002.SEN3,2019-10-23,alraha,2019-10-23T06:28:42,153625,117959
S3B_OL_2_WFR____20191024T060231_20191024T060531_20191025T150448_0180_031_205_2520_MAR_O_NT_002.SEN3,2019-10-24,alraha,2019-10-24T06:02:31,155104,139008
S3A_OL_2_WFR____20191024T064208_20191024T064508_20191025T135438_0179_050_348_2520_MAR_O_NT_002.SEN3,2019-10-24,alraha,2019-10-24T06:42:08,153442,142334
S3A_OL_2_WFR____20191025T061557_20191025T061857_20191026T141046_0179_050_362_2520_MAR_O_NT_002.SEN3,2019-10-25,alraha,2019-10-25T06:15:57,154990,140638
S3B_OL_2_WFR____20191026T065109_20191026T065409_20191027T123843_0179_031_234_2520_MAR_O_NT_002.SEN3,2019-10-26,alraha,2019-10-26T06:51:09,55015,51677
S3B_OL_2_WFR____20191027T062458_20191027T062758_20191028T151405_0179_031_248_2520_MAR_O_NT_002.SEN3,2019-10-27,alraha,2019-10-27T06:24:58,154816,143068
S3B_OL_2_WFR____20191028T055848_20191028T060148_20191029T140502_0179_031_262_2520_MAR_O_NT_002.SEN3,2019-10-28,alraha,2019-10-28T05:58:48,43003,36094
S3A_OL_2_WFR____20191028T063824_20191028T064124_20191029T152052_0179_051_020_2520_MAR_O_NT_002.SEN3,2019-10-28,alraha,2019-10-28T06:38:24,151745,140937
S3A_OL_2_WFR____20191029T061213_20191029T061513_20191108T080904_0180_051_034_2520_MAR_O_NT_002.SEN3,2019-10-29,alraha,2019-10-29T06:12:13,155314,140105
S3B_OL_2_WFR____20191030T064725_20191030T065025_20191108T141435_0179_031_291_2520_MAR_O_NT_002.SEN3,2019-10-30,alraha,2019-10-30T06:47:25,152923,142890
S3B_OL_2_WFR____20191031T062115_20191031T062415_20191113T005238_0179_031_305_2520_MAR_O_NT_002.SEN3,2019-10-31,alraha,2019-10-31T06:21:15,155087,136135
S3A_OL_2_WFR____20191101T063439_20191101T063739_20191122T022237_0179_051_077_2520_MAR_O_NT_002.SEN3,2019-11-01,alraha,2019-11-01T06:34:39,140046,100651
S3A_OL_2_WFR____20191102T060828_20191102T061128_20191123T043110_0180_051_091_2520_MAR_O_NT_002.SEN3,2019-11-02,alraha,2019-11-02T06:08:28,146414,97809
S3B_OL_2_WFR____20191103T064342_20191103T064642_20191106T143651_0180_031_348_2520_MAR_O_NT_002.SEN3,2019-11-03,alraha,2019-11-03T06:43:42,154556,138384
S3B_OL_2_WFR____20191104T061731_20191104T062031_20191123T164235_0179_031_362_2520_MAR_O_NT_002.SEN3,2019-11-04,alraha,2019-11-04T06:17:31,154060,136286
S3A_OL_2_WFR____20191105T063054_20191105T063354_20191125T073124_0179_051_134_2520_MAR_O_NT_002.SEN3,2019-11-05,alraha,2019-11-05T06:30:54,154244,121655
S3A_OL_2_WFR____20191106T060443_20191106T060743_20191107T164208_0179_051_148_2520_MAR_O_NT_002.SEN3,2019-11-06,alraha,2019-11-06T06:04:43,156336,137172
S3B_OL_2_WFR____20191107T063958_20191107T064258_20191128T004954_0179_032_020_2520_MAR_O_NT_002.SEN3,2019-11-07,alraha,2019-11-07T06:39:58,154739,143752
S3B_OL_2_WFR____20191108T061347_20191108T061647_20191109T124232_0179_032_034_2520_MAR_O_NT_002.SEN3,2019-11-08,alraha,2019-11-08T06:13:47,154848,141206
S3A_OL_2_WFR____20191108T065320_20191108T065620_20191109T145242_0179_051_177_2520_MAR_O_NT_002.SEN3,2019-11-08,alraha,2019-11-08T06:53:20,0,0
S3A_OL_2_WFR____20191109T062709_20191109T063009_20191110T153011_0179_051_191_2520_MAR_O_NT_002.SEN3,2019-11-09,alraha,2019-11-09T06:27:09,147258,111739
S3A_OL_2_WFR____20191110T060058_20191110T060358_20191111T154318_0179_051_205_2520_MAR_O_NT_002.SEN3,2019-11-10,alraha,2019-11-10T06:00:58,4278,131
S3B_OL_2_WFR____20191111T063614_20191111T063914_20191112T150234_0179_032_077_2520_MAR_O_NT_002.SEN3,2019-11-11,alraha,2019-11-11T06:36:14,149745,137242
S3B_OL_2_WFR____20191112T061003_20191112T061303_20191128T210447_0179_032_091_2520_MAR_O_NT_002.SEN3,2019-11-12,alraha,2019-11-12T06:10:03,156189,142871
S3A_OL_2_WFR____20191112T064935_20191112T065235_20191128T200520_0179_051_234_2520_MAR_O_NT_002.SEN3,2019-11-12,alraha,2019-11-12T06:49:35,122474,17366
S3A_OL_2_WFR____20191113T062324_20191113T062624_20191129T190039_0179_051_248_2520_MAR_O_NT_002.SEN3,2019-11-13,alraha,2019-11-13T06:23:24,153799,138354
S3A_OL_2_WFR____20191114T055713_20191114T060013_20191115T141816_0179_051_262_2520_MAR_O_NT_002.SEN3,2019-11-14,alraha,2019-11-14T05:57:13,4339,628
S3B_OL_2_WFR____20191115T063230_20191115T063530_20191116T145538_0179_032_134_2520_MAR_O_NT_002.SEN3,2019-11-15,alraha,2019-11-15T06:32:30,126219,96697
S3B_OL_2_WFR____20191116T060619_20191116T060919_20191130T144015_0179_032_148_2520_MAR_O_NT_002.SEN3,2019-11-16,alraha,2019-11-16T06:06:19,152080,131376
S3A_OL_2_WFR____20191116T064550_20191116T064850_20191130T061449_0179_051_291_2520_MAR_O_NT_002.SEN3,2019-11-16,alraha,2019-11-16T06:45:50,147439,133064
S3A_OL_2_WFR____20191117T061939_20191117T062239_20191201T011306_0179_051_305_2520_MAR_O_NT_002.SEN3,2019-11-17,alraha,2019-11-17T06:19:39,116653,74586
S3B_OL_2_WFR____20191119T062846_20191119T063146_20191203T004620_0179_032_191_2520_MAR_O_NT_002.SEN3,2019-11-19,alraha,2019-11-19T06:28:46,127734,113885
S3B_OL_2_WFR____20191120T060235_20191120T060535_20191203T225715_0179_032_205_2520_MAR_O_NT_002.SEN3,2019-11-20,alraha,2019-11-20T06:02:35,197,0
S3A_OL_2_WFR____20191121T061554_20191121T061854_20191204T042925_0180_051_362_2520_MAR_O_NT_002.SEN3,2019-11-21,alraha,2019-11-21T06:15:54,117,0
S3B_OL_2_WFR____20191122T065113_20191122T065413_20191205T113346_0179_032_234_2520_MAR_O_NT_002.SEN3,2019-11-22,alraha,2019-11-22T06:51:13,54833,53762
S3B_OL_2_WFR____20191123T062502_20191123T062802_20191206T065632_0180_032_248_2520_MAR_O_NT_002.SEN3,2019-11-23,alraha,2019-11-23T06:25:02,136038,92905
S3B_OL_2_WFR____20191124T055851_20191124T060151_20191207T013200_0180_032_262_2520_MAR_O_NT_002.SEN3,2019-11-24,alraha,2019-11-24T05:58:51,37814,26644
S3A_OL_2_WFR____20191124T063820_20191124T064120_20191206T140450_0179_052_020_2520_MAR_O_NT_002.SEN3,2019-11-24,alraha,2019-11-24T06:38:20,143288,120256
S3B_OL_2_WFR____20191126T064728_20191126T065028_20191208T160506_0179_032_291_2520_MAR_O_NT_002.SEN3,2019-11-26,alraha,2019-11-26T06:47:28,154127,146187
S3B_OL_2_WFR____20191127T062117_20191127T062417_20191209T112340_0179_032_305_2520_MAR_O_NT_002.SEN3,2019-11-27,alraha,2019-11-27T06:21:17,141952,122931
S3A_OL_2_WFR____20191128T063435_20191128T063735_20191209T185108_0179_052_077_2520_MAR_O_NT_002.SEN3,2019-11-28,alraha,2019-11-28T06:34:35,152610,142383
S3A_OL_2_WFR____20191129T060824_20191129T061124_20191210T153618_0179_052_091_2520_MAR_O_NT_002.SEN3,2019-11-29,alraha,2019-11-29T06:08:24,155138,138534
S3B_OL_2_WFR____20191201T061733_20191201T062033_20191212T190817_0179_032_362_2520_MAR_O_NT_002.SEN3,2019-12-01,alraha,2019-12-01T06:17:33,117466,85791
S3A_OL_2_WFR____20191203T060439_20191203T060739_20191213T162427_0179_052_148_2520_MAR_O_NT_002.SEN3,2019-12-03,alraha,2019-12-03T06:04:39,127982,109261
S3B_OL_2_WFR____20191204T064000_20191204T064300_20191215T083448_0179_033_020_2520_MAR_O_NT_002.SEN3,2019-12-04,alraha,2019-12-04T06:40:00,148689,132025
S3B_OL_2_WFR____20191205T061349_20191205T061649_20191216T053508_0180_033_034_2520_MAR_O_NT_002.SEN3,2019-12-05,alraha,2019-12-05T06:13:49,129909,103450
S3A_OL_2_WFR____20191205T065316_20191205T065616_20191215T073057_0179_052_177_2520_MAR_O_NT_002.SEN3,2019-12-05,alraha,2019-12-05T06:53:16,0,0
S3A_OL_2_WFR____20191206T062705_20191206T063005_20191216T024216_0179_052_191_2520_MAR_O_NT_002.SEN3,2019-12-06,alraha,2019-12-06T06:27:05,153896,136905
S3A_OL_2_WFR____20191207T060054_20191207T060354_20191216T213011_0179_052_205_2520_MAR_O_NT_002.SEN3,2019-12-07,alraha,2019-12-07T06:00:54,32488,7921
S3B_OL_2_WFR____20191208T063615_20191208T063915_20191218T200238_0180_033_077_2520_MAR_O_NT_002.SEN3,2019-12-08,alraha,2019-12-08T06:36:15,85269,40170
S3B_OL_2_WFR____20191209T061004_20191209T061304_20191219T171810_0179_033_091_2520_MAR_O_NT_002.SEN3,2019-12-09,alraha,2019-12-09T06:10:04,156777,142731
S3A_OL_2_WFR____20191209T064931_20191209T065231_20191218T122134_0179_052_234_2520_MAR_O_NT_002.SEN3,2019-12-09,alraha,2019-12-09T06:49:31,123048,117542
S3A_OL_2_WFR____20191210T062320_20191210T062620_20191219T061741_0179_052_248_2520_MAR_O_NT_002.SEN3,2019-12-10,alraha,2019-12-10T06:23:20,4697,271
S3A_OL_2_WFR____20191211T055709_20191211T060009_20191220T010752_0180_052_262_2520_MAR_O_NT_002.SEN3,2019-12-11,alraha,2019-12-11T05:57:09,2897,966
S3B_OL_2_WFR____20191212T063231_20191212T063531_20191222T062818_0179_033_134_2520_MAR_O_NT_002.SEN3,2019-12-12,alraha,2019-12-12T06:32:31,152855,137501
S3A_OL_2_WFR____20191213T064547_20191213T064847_20191221T153327_0179_052_291_2520_MAR_O_NT_002.SEN3,2019-12-13,alraha,2019-12-13T06:45:47,106063,88999
S3A_OL_2_WFR____20191214T061936_20191214T062236_20191222T103509_0179_052_305_2520_MAR_O_NT_002.SEN3,2019-12-14,alraha,2019-12-14T06:19:36,132260,69607
S3B_OL_2_WFR____20191216T062846_20191216T063146_20191225T163933_0179_033_191_2520_MAR_O_NT_002.SEN3,2019-12-16,alraha,2019-12-16T06:28:46,22631,8821
S3B_OL_2_WFR____20191217T060235_20191217T060535_20191226T114705_0179_033_205_2520_MAR_O_NT_002.SEN3,2019-12-17,alraha,2019-12-17T06:02:35,516,0
S3A_OL_2_WFR____20191217T064203_20191217T064503_20191224T210225_0179_052_348_2520_MAR_O_NT_002.SEN3,2019-12-17,alraha,2019-12-17T06:42:03,14167,1257
S3A_OL_2_WFR____20191218T061552_20191218T061852_20191225T155525_0179_052_362_2520_MAR_O_NT_002.SEN3,2019-12-18,alraha,2019-12-18T06:15:52,18853,2607
S3B_OL_2_WFR____20191220T062501_20191220T062801_20191229T003456_0179_033_248_2520_MAR_O_NT_002.SEN3,2019-12-20,alraha,2019-12-20T06:25:01,94026,57340
S3B_OL_2_WFR____20191221T055850_20191221T060150_20191229T204754_0179_033_262_2520_MAR_O_NT_002.SEN3,2019-12-21,alraha,2019-12-21T05:58:50,43470,36128
S3A_OL_2_WFR____20191221T063819_20191221T064119_20191228T002839_0179_053_020_2520_MAR_O_NT_002.SEN3,2019-12-21,alraha,2019-12-21T06:38:19,126398,92378
S3A_OL_2_WFR____20191222T061208_20191222T061508_20191228T183706_0179_053_034_2520_MAR_O_NT_002.SEN3,2019-12-22,alraha,2019-12-22T06:12:08,147084,127292
S3B_OL_2_WFR____20191223T064728_20191223T065028_20191231T130726_0179_033_291_2520_MAR_O_NT_002.SEN3,2019-12-23,alraha,2019-12-23T06:47:28,106838,62548
S3B_OL_2_WFR____20191224T062117_20191224T062417_20200101T080310_0179_033_305_2520_MAR_O_NT_002.SEN3,2019-12-24,alraha,2019-12-24T06:21:17,132900,109382
S3A_OL_2_WFR____20191225T063435_20191225T063735_20191231T045828_0179_053_077_2520_MAR_O_NT_002.SEN3,2019-12-25,alraha,2019-12-25T06:34:35,153222,141384
S3A_OL_2_WFR____20191226T060825_20191226T061125_20191231T231259_0179_053_091_2520_MAR_O_NT_002.SEN3,2019-12-26,alraha,2019-12-26T06:08:25,155569,140088
S3B_OL_2_WFR____20191227T064343_20191227T064643_20200103T222939_0179_033_348_2520_MAR_O_NT_002.SEN3,2019-12-27,alraha,2019-12-27T06:43:43,152418,135811
S3B_OL_2_WFR____20191228T061732_20191228T062032_20200104T173713_0179_033_362_2520_MAR_O_NT_002.SEN3,2019-12-28,alraha,2019-12-28T06:17:32,153495,138457
S3A_OL_2_WFR____20191229T063052_20191229T063352_20200103T075203_0179_053_134_2520_MAR_O_NT_002.SEN3,2019-12-29,alraha,2019-12-29T06:30:52,151902,135798
S3A_OL_2_WFR____20191230T060441_20191230T060741_20200104T031641_0179_053_148_2520_MAR_O_NT_002.SEN3,2019-12-30,alraha,2019-12-30T06:04:41,127912,85442
S3B_OL_2_WFR____20191231T063959_20191231T064259_20200107T040259_0179_034_020_2520_MAR_O_NT_002.SEN3,2019-12-31,alraha,2019-12-31T06:39:59,151513,123150
S3A_OL_2_WFR____20190101T061551_20190101T061851_20190102T162549_0179_039_362_2520_MAR_O_NT_002.SEN3,2019-01-01,barka,2019-01-01T06:15:51,193372,131237
S3A_OL_2_WFR____20190104T063818_20190104T064118_20190105T152403_0180_040_020_2520_MAR_O_NT_002.SEN3,2019-01-04,barka,2019-01-04T06:38:18,3401,2481
S3A_OL_2_WFR____20190105T061207_20190105T061507_20190106T152742_0179_040_034_2520_MAR_O_NT_002.SEN3,2019-01-05,barka,2019-01-05T06:12:07,186617,156874
S3A_OL_2_WFR____20190108T063434_20190108T063734_20190109T155639_0179_040_077_2520_MAR_O_NT_002.SEN3,2019-01-08,barka,2019-01-08T06:34:34,17464,10144
S3A_OL_2_WFR____20190109T060823_20190109T061123_20190110T152937_0179_040_091_2520_MAR_O_NT_002.SEN3,2019-01-09,barka,2019-01-09T06:08:23,196266,128196
S3A_OL_2_WFR____20190112T063050_20190112T063350_20190113T132225_0179_040_134_2520_MAR_O_NT_002.SEN3,2019-01-12,barka,2019-01-12T06:30:50,173265,110860
S3A_OL_2_WFR____20190113T060439_20190113T060739_20190114T150115_0180_040_148_2520_MAR_O_NT_002.SEN3,2019-01-13,barka,2019-01-13T06:04:39,196548,172321
S3A_OL_2_WFR____20190116T062706_20190116T063006_20190117T145959_0179_040_191_2520_MAR_O_NT_002.SEN3,2019-01-16,barka,2019-01-16T06:27:06,195196,184424
S3A_OL_2_WFR____20190117T060055_20190117T060355_20190118T145441_0179_040_205_2520_MAR_O_NT_002.SEN3,2019-01-17,barka,2019-01-17T06:00:55,190841,101140
S3A_OL_2_WFR____20190120T062322_20190120T062622_20190121T143722_0179_040_248_2520_MAR_O_NT_002.SEN3,2019-01-20,barka,2019-01-20T06:23:22,177075,105563
S3A_OL_2_WFR____20190121T055711_20190121T060011_20190122T142640_0179_040_262_2520_MAR_O_NT_002.SEN3,2019-01-21,barka,2019-01-21T05:57:11,138869,55499
S3A_OL_2_WFR____20190124T061938_20190124T062238_20190125T135537_0180_040_305_2520_MAR_O_NT_002.SEN3,2019-01-24,barka,2019-01-24T06:19:38,195071,162028
S3A_OL_2_WFR____20190128T061553_20190128T061853_20190129T133338_0179_040_362_2520_MAR_O_NT_002.SEN3,2019-01-28,barka,2019-01-28T06:15:53,195701,75369
S3A_OL_2_WFR____20190131T063820_20190131T064120_20190201T151655_0179_041_020_2520_MAR_O_NT_002.SEN3,2019-01-31,barka,2019-01-31T06:38:20,3121,5
S3A_OL_2_WFR____20190201T061209_20190201T061509_20190202T152744_0179_041_034_2520_MAR_O_NT_002.SEN3,2019-02-01,barka,2019-02-01T06:12:09,196068,133893
S3A_OL_2_WFR____20190204T063436_20190204T063736_20190205T151020_0179_041_077_2520_MAR_O_NT_002.SEN3,2019-02-04,barka,2019-02-04T06:34:36,99535,88370
S3A_OL_2_WFR____20190205T060825_20190205T061125_20190206T161223_0179_041_091_2520_MAR_O_NT_002.SEN3,2019-02-05,barka,2019-02-05T06:08:25,161604,96464
S3A_OL_2_WFR____20190208T063051_20190208T063351_20190209T155057_0180_041_134_2520_MAR_O_NT_002.SEN3,2019-02-08,barka,2019-02-08T06:30:51,193057,168331
S3A_OL_2_WFR____20190209T060440_20190209T060740_20190210T140223_0179_041_148_2520_MAR_O_NT_002.SEN3,2019-02-09,barka,2019-02-09T06:04:40,196601,125944
S3A_OL_2_WFR____20190212T062707_20190212T063007_20190213T150556_0179_041_191_2520_MAR_O_NT_002.SEN3,2019-02-12,barka,2019-02-12T06:27:07,184176,59920
S3A_OL_2_WFR____20190213T060056_20190213T060356_20190214T140845_0179_041_205_2520_MAR_O_NT_002.SEN3,2019-02-13,barka,2019-02-13T06:00:56,176035,106465
S3A_OL_2_WFR____20190216T062322_20190216T062622_20190217T152420_0179_041_248_2520_MAR_O_NT_002.SEN3,2019-02-16,barka,2019-02-16T06:23:22,189901,145979
S3A_OL_2_WFR____20190217T055711_20190217T060011_20190218T151627_0180_041_262_2520_MAR_O_NT_002.SEN3,2019-02-17,barka,2019-02-17T05:57:11,54870,15761
S3A_OL_2_WFR____20190220T061938_20190220T062238_20190221T151417_0179_041_305_2520_MAR_O_NT_002.SEN3,2019-02-20,barka,2019-02-20T06:19:38,163327,141663
S3A_OL_2_WFR____20190224T061553_20190224T061853_20190225T145513_0179_041_362_2520_MAR_O_NT_002.SEN3,2019-02-24,barka,2019-02-24T06:15:53,192759,90990
S3A_OL_2_WFR____20190227T063820_20190227T064120_20190228T162451_0179_042_020_2520_MAR_O_NT_002.SEN3,2019-02-27,barka,2019-02-27T06:38:20,2829,0
S3A_OL_2_WFR____20190228T061209_20190228T061509_20190301T160156_0179_042_034_2520_MAR_O_NT_002.SEN3,2019-02-28,barka,2019-02-28T06:12:09,153164,86241
S3A_OL_2_WFR____20190303T063435_20190303T063735_20190304T152650_0179_042_077_2520_MAR_O_NT_002.SEN3,2019-03-03,barka,2019-03-03T06:34:35,93956,53
S3A_OL_2_WFR____20190304T060823_20190304T061123_20190305T141853_0179_042_091_2520_MAR_O_NT_002.SEN3,2019-03-04,barka,2019-03-04T06:08:23,194537,179625
S3A_OL_2_WFR____20190307T063049_20190307T063349_20190308T161256_0179_042_134_2520_MAR_O_NT_002.SEN3,2019-03-07,barka,2019-03-07T06:30:49,190787,4232
S3A_OL_2_WFR____20190308T060438_20190308T060738_20190309T160320_0179_042_148_2520_MAR_O_NT_002.SEN3,2019-03-08,barka,2019-03-08T06:04:38,195229,120016
S3A_OL_2_WFR____20190311T062704_20190311T063004_20190312T132657_0179_042_191_2520_MAR_O_NT_002.SEN3,2019-03-11,barka,2019-03-11T06:27:04,192305,87419
S3A_OL_2_WFR____20190312T060053_20190312T060353_20190313T145818_0179_042_205_2520_MAR_O_NT_002.SEN3,2019-03-12,barka,2019-03-12T06:00:53,193747,182539
S3A_OL_2_WFR____20190315T062320_20190315T062620_20190316T154528_0179_042_248_2520_MAR_O_NT_002.SEN3,2019-03-15,barka,2019-03-15T06:23:20,64890,12944
S3A_OL_2_WFR____20190316T055709_20190316T060009_20190317T152739_0179_042_262_2520_MAR_O_NT_002.SEN3,2019-03-16,barka,2019-03-16T05:57:09,119451,37698
S3A_OL_2_WFR____20190319T061936_20190319T062236_20190320T145020_0179_042_305_2520_MAR_O_NT_002.SEN3,2019-03-19,barka,2019-03-19T06:19:36,195700,157791
S3B_OL_2_WFR____20190321T062849_20190321T063149_20190322T152207_0179_023_191_2520_MAR_O_NT_002.SEN3,2019-03-21,barka,2019-03-21T06:28:49,171456,32
S3B_OL_2_WFR____20190322T060239_20190322T060539_20190323T150912_0180_023_205_2520_MAR_O_NT_002.SEN3,2019-03-22,barka,2019-03-22T06:02:39,4181,644
S3A_OL_2_WFR____20190323T061553_20190323T061853_20190324T154415_0179_042_362_2520_MAR_O_NT_002.SEN3,2019-03-23,barka,2019-03-23T06:15:53,7847,11
S3B_OL_2_WFR____20190325T062505_20190325T062805_20190326T154024_0179_023_248_2520_MAR_O_NT_002.SEN3,2019-03-25,barka,2019-03-25T06:25:05,101225,22177
S3B_OL_2_WFR____20190326T055855_20190326T060155_20190327T152637_0179_023_262_2520_MAR_O_NT_002.SEN3,2019-03-26,barka,2019-03-26T05:58:55,94213,30153
S3A_OL_2_WFR____20190326T063820_20190326T064120_20190327T150759_0179_043_020_2520_MAR_O_NT_002.SEN3,2019-03-26,barka,2019-03-26T06:38:20,0,0
S3A_OL_2_WFR____20190327T061210_20190327T061510_20190328T132227_0179_043_034_2520_MAR_O_NT_002.SEN3,2019-03-27,barka,2019-03-27T06:12:10,2672,149
S3B_OL_2_WFR____20190329T062121_20190329T062421_20190330T143600_0180_023_305_2520_MAR_O_NT_002.SEN3,2019-03-29,barka,2019-03-29T06:21:21,194806,73919
S3A_OL_2_WFR____20190330T063437_20190330T063737_20190331T143854_0179_043_077_2520_MAR_O_NT_002.SEN3,2019-03-30,barka,2019-03-30T06:34:37,99844,0
S3B_OL_2_WFR____20190402T061737_20190402T062037_20190403T145922_0179_023_362_2520_MAR_O_NT_002.SEN3,2019-04-02,barka,2019-04-02T06:17:37,173750,138183
S3A_OL_2_WFR____20190403T063053_20190403T063353_20190404T153618_0180_043_134_2520_MAR_O_NT_002.SEN3,2019-04-03,barka,2019-04-03T06:30:53,97361,0
S3A_OL_2_WFR____20190404T060442_20190404T060742_20190405T143739_0179_043_148_2520_MAR_O_NT_002.SEN3,2019-04-04,barka,2019-04-04T06:04:42,196261,107945
S3B_OL_2_WFR____20190409T063619_20190409T063919_20190410T173135_0179_024_077_2520_MAR_O_NT_002.SEN3,2019-04-09,barka,2019-04-09T06:36:19,41828,0
S3B_OL_2_WFR____20190410T061008_20190410T061308_20190411T152640_0179_024_091_2520_MAR_O_NT_002.SEN3,2019-04-10,barka,2019-04-10T06:10:08,15204,3801
S3A_OL_2_WFR____20190411T062326_20190411T062626_20190412T161241_0180_043_248_2520_MAR_O_NT_002.SEN3,2019-04-11,barka,2019-04-11T06:23:26,55888,5986
S3A_OL_2_WFR____20190412T055715_20190412T060015_20190413T150154_0179_043_262_2520_MAR_O_NT_002.SEN3,2019-04-12,barka,2019-04-12T05:57:15,82417,38506
S3B_OL_2_WFR____20190413T063235_20190413T063535_20190414T150547_0179_024_134_2520_MAR_O_NT_002.SEN3,2019-04-13,barka,2019-04-13T06:32:35,0,0
S3B_OL_2_WFR____20190414T060624_20190414T060924_20190415T154700_0179_024_148_2520_MAR_O_NT_002.SEN3,2019-04-14,barka,2019-04-14T06:06:24,59773,44801
S3A_OL_2_WFR____20190415T061942_20190415T062242_20190416T154552_0179_043_305_2520_MAR_O_NT_002.SEN3,2019-04-15,barka,2019-04-15T06:19:42,195584,97122
S3B_OL_2_WFR____20190417T062850_20190417T063150_20190418T154703_0179_024_191_2520_MAR_O_NT_002.SEN3,2019-04-17,barka,2019-04-17T06:28:50,168932,1
S3B_OL_2_WFR____20190418T060240_20190418T060540_20190419T151034_0179_024_205_2520_MAR_O_NT_002.SEN3,2019-04-18,barka,2019-04-18T06:02:40,194355,184205
S3A_OL_2_WFR____20190419T061558_20190419T061858_20190420T155752_0179_043_362_2520_MAR_O_NT_002.SEN3,2019-04-19,barka,2019-04-19T06:15:58,195964,178074
S3B_OL_2_WFR____20190421T062506_20190421T062806_20190422T131716_0179_024_248_2520_MAR_O_NT_002.SEN3,2019-04-21,barka,2019-04-21T06:25:06,192273,2520
S3B_OL_2_WFR____20190422T055855_20190422T060155_20190423T154708_0180_024_262_2520_MAR_O_NT_002.SEN3,2019-04-22,barka,2019-04-22T05:58:55,195737,189076
S3A_OL_2_WFR____20190422T063825_20190422T064125_20190423T142710_0179_044_020_2520_MAR_O_NT_002.SEN3,2019-04-22,barka,2019-04-22T06:38:25,4,0
S3A_OL_2_WFR____20190423T061214_20190423T061514_20190424T150503_0180_044_034_2520_MAR_O_NT_002.SEN3,2019-04-23,barka,2019-04-23T06:12:14,191087,155831
S3B_OL_2_WFR____20190425T062121_20190425T062421_20190426T141554_0180_024_305_2520_MAR_O_NT_002.SEN3,2019-04-25,barka,2019-04-25T06:21:21,189691,4228
S3A_OL_2_WFR____20190426T063441_20190426T063741_20190427T142613_0179_044_077_2520_MAR_O_NT_002.SEN3,2019-04-26,barka,2019-04-26T06:34:41,98085,0
S3A_OL_2_WFR____20190427T060830_20190427T061130_20190428T151435_0179_044_091_2520_MAR_O_NT_002.SEN3,2019-04-27,barka,2019-04-27T06:08:30,195808,168034
S3B_OL_2_WFR____20190429T061737_20190429T062037_20190430T145318_0179_024_362_2520_MAR_O_NT_002.SEN3,2019-04-29,barka,2019-04-29T06:17:37,194092,149850
S3A_OL_2_WFR____20190430T063057_20190430T063357_20190501T144609_0179_044_134_2520_MAR_O_NT_002.SEN3,2019-04-30,barka,2019-04-30T06:30:57,170127,0
S3A_OL_2_WFR____20190501T060446_20190501T060746_20190502T142947_0179_044_148_2520_MAR_O_NT_002.SEN3,2019-05-01,barka,2019-05-01T06:04:46,196494,188570
S3B_OL_2_WFR____20190503T061352_20190503T061652_20190504T122829_0179_025_034_2520_MAR_O_NT_002.SEN3,2019-05-03,barka,2019-05-03T06:13:52,195591,192845
S3A_OL_2_WFR____20190504T062713_20190504T063013_20190505T155327_0179_044_191_2520_MAR_O_NT_002.SEN3,2019-05-04,barka,2019-05-04T06:27:13,174678,0
S3A_OL_2_WFR____20190505T060102_20190505T060402_20190506T160357_0180_044_205_2520_MAR_O_NT_002.SEN3,2019-05-05,barka,2019-05-05T06:01:02,187784,160665
S3B_OL_2_WFR____20190506T063618_20190506T063918_20190507T161339_0179_025_077_2520_MAR_O_NT_002.SEN3,2019-05-06,barka,2019-05-06T06:36:18,273,0
S3B_OL_2_WFR____20190507T061007_20190507T061307_20190508T151845_0180_025_091_2520_MAR_O_NT_002.SEN3,2019-05-07,barka,2019-05-07T06:10:07,196888,189920
S3A_OL_2_WFR____20190508T062328_20190508T062628_20190509T141852_0179_044_248_2520_MAR_O_NT_002.SEN3,2019-05-08,barka,2019-05-08T06:23:28,194768,7554
S3A_OL_2_WFR____20190509T055718_20190509T060018_20190510T124201_0179_044_262_2520_MAR_O_NT_002.SEN3,2019-05-09,barka,2019-05-09T05:57:18,164063,50911
S3B_OL_2_WFR____20190510T063233_20190510T063533_20190511T143631_0179_025_134_2520_MAR_O_NT_002.SEN3,2019-05-10,barka,2019-05-10T06:32:33,40455,0
S3B_OL_2_WFR____20190511T060622_20190511T060922_20190512T133302_0179_025_148_2520_MAR_O_NT_002.SEN3,2019-05-11,barka,2019-05-11T06:06:22,195992,150194
S3A_OL_2_WFR____20190512T061944_20190512T062244_20190513T155744_0180_044_305_2520_MAR_O_NT_002.SEN3,2019-05-12,barka,2019-05-12T06:19:44,186235,63849
S3B_OL_2_WFR____20190514T062848_20190514T063148_20190515T153254_0179_025_191_2520_MAR_O_NT_002.SEN3,2019-05-14,barka,2019-05-14T06:28:48,165605,0
S3B_OL_2_WFR____20190515T060237_20190515T060537_20190516T145001_0180_025_205_2520_MAR_O_NT_002.SEN3,2019-05-15,barka,2019-05-15T06:02:37,194707,162373
S3A_OL_2_WFR____20190516T061600_20190516T061900_20190517T135150_0179_044_362_2520_MAR_O_NT_002.SEN3,2019-05-16,barka,2019-05-16T06:16:00,195801,166961
S3B_OL_2_WFR____20190518T062503_20190518T062803_20190519T131957_0179_025_248_2520_MAR_O_NT_002.SEN3,2019-05-18,barka,2019-05-18T06:25:03,162698,1
S3B_OL_2_WFR____20190519T055852_20190519T060152_20190520T160746_0180_025_262_2520_MAR_O_NT_002.SEN3,2019-05-19,barka,2019-05-19T05:58:52,23962,9050
S3A_OL_2_WFR____20190519T063826_20190519T064126_20190520T161827_0179_045_020_2520_MAR_O_NT_002.SEN3,2019-05-19,barka,2019-05-19T06:38:26,34,0
S3A_OL_2_WFR____20190520T061215_20190520T061515_20190521T161706_0179_045_034_2520_MAR_O_NT_002.SEN3,2019-05-20,barka,2019-05-20T06:12:15,16820,1416
S3B_OL_2_WFR____20190522T062118_20190522T062418_20190523T144024_0179_025_305_2520_MAR_O_NT_002.SEN3,2019-05-22,barka,2019-05-22T06:21:18,187626,12592
S3A_OL_2_WFR____20190523T063442_20190523T063742_20190524T154425_0179_045_077_2520_MAR_O_NT_002.SEN3,2019-05-23,barka,2019-05-23T06:34:42,22999,0
S3A_OL_2_WFR____20190524T060831_20190524T061131_20190525T162850_0179_045_091_2520_MAR_O_NT_002.SEN3,2019-05-24,barka,2019-05-24T06:08:31,177803,151566
S3B_OL_2_WFR____20190526T061733_20190526T062033_20190527T162424_0179_025_362_2520_MAR_O_NT_002.SEN3,2019-05-26,barka,2019-05-26T06:17:33,194212,101281
S3A_OL_2_WFR____20190527T063057_20190527T063357_20190528T151345_0179_045_134_2520_MAR_O_NT_002.SEN3,2019-05-27,barka,2019-05-27T06:30:57,109787,0
S3A_OL_2_WFR____20190528T060446_20190528T060746_20190529T160118_0179_045_148_2520_MAR_O_NT_002.SEN3,2019-05-28,barka,2019-05-28T06:04:46,196258,189882
S3A_OL_2_WFR____20190531T062713_20190531T063013_20190601T183849_0179_045_191_2520_MAR_O_NT_002.SEN3,2019-05-31,barka,2019-05-31T06:27:13,165895,0
S3A_OL_2_WFR____20190601T060102_20190601T060402_20190602T174721_0179_045_205_2520_MAR_O_NT_002.SEN3,2019-06-01,barka,2019-06-01T06:01:02,196835,182728
S3B_OL_2_WFR____20190602T063613_20190602T063913_20190603T143628_0179_026_077_2520_MAR_O_NT_002.SEN3,2019-06-02,barka,2019-06-02T06:36:13,2346,0
S3B_OL_2_WFR____20190603T061002_20190603T061302_20190604T161017_0179_026_091_2520_MAR_O_NT_002.SEN3,2019-06-03,barka,2019-06-03T06:10:02,195190,180717
S3A_OL_2_WFR____20190604T062328_20190604T062628_20190605T172828_0179_045_248_2520_MAR_O_NT_002.SEN3,2019-06-04,barka,2019-06-04T06:23:28,187348,9
S3A_OL_2_WFR____20190605T055717_20190605T060017_20190606T160516_0179_045_262_2520_MAR_O_NT_002.SEN3,2019-06-05,barka,2019-06-05T05:57:17,103058,49135
S3B_OL_2_WFR____20190606T063228_20190606T063528_20190607T152223_0179_026_134_2520_MAR_O_NT_002.SEN3,2019-06-06,barka,2019-06-06T06:32:28,2751,0
S3B_OL_2_WFR____20190607T060617_20190607T060917_20190608T153600_0179_026_148_2520_MAR_O_NT_002.SEN3,2019-06-07,barka,2019-06-07T06:06:17,196954,195434
S3A_OL_2_WFR____20190608T061943_20190608T062243_20190609T190417_0179_045_305_2520_MAR_O_NT_002.SEN3,2019-06-08,barka,2019-06-08T06:19:43,195477,35353
S3B_OL_2_WFR____20190610T062843_20190610T063143_20190611T132218_0179_026_191_2520_MAR_O_NT_002.SEN3,2019-06-10,barka,2019-06-10T06:28:43,188758,0
S3B_OL_2_WFR____20190611T060232_20190611T060532_20190612T124554_0179_026_205_2520_MAR_O_NT_002.SEN3,2019-06-11,barka,2019-06-11T06:02:32,192579,172242
S3A_OL_2_WFR____20190612T061558_20190612T061858_20190613T182347_0179_045_362_2520_MAR_O_NT_002.SEN3,2019-06-12,barka,2019-06-12T06:15:58,195730,95728
S3B_OL_2_WFR____20190614T062458_20190614T062758_20190615T123334_0179_026_248_2520_MAR_O_NT_002.SEN3,2019-06-14,barka,2019-06-14T06:24:58,133939,4
S3B_OL_2_WFR____20190615T055847_20190615T060147_20190616T122658_0180_026_262_2520_MAR_O_NT_002.SEN3,2019-06-15,barka,2019-06-15T05:58:47,195802,191059
S3A_OL_2_WFR____20190615T063825_20190615T064125_20190616T172021_0179_046_020_2520_MAR_O_NT_002.SEN3,2019-06-15,barka,2019-06-15T06:38:25,346,0
S3A_OL_2_WFR____20190616T061214_20190616T061514_20190617T230520_0179_046_034_2520_MAR_O_NT_002.SEN3,2019-06-16,barka,2019-06-16T06:12:14,149634,85168
S3A_OL_2_WFR____20190616T061214_20190616T061514_20190617T232526_0179_046_034_2520_MAR_O_NT_002.SEN3,2019-06-16,barka,2019-06-16T06:12:14,149634,85168
S3B_OL_2_WFR____20190618T062114_20190618T062414_20190619T153821_0179_026_305_2520_MAR_O_NT_002.SEN3,2019-06-18,barka,2019-06-18T06:21:14,194550,39871
S3A_OL_2_WFR____20190619T063441_20190619T063741_20190620T153015_0179_046_077_2520_MAR_O_NT_002.SEN3,2019-06-19,barka,2019-06-19T06:34:41,99738,0
S3A_OL_2_WFR____20190620T060830_20190620T061130_20190621T133120_0179_046_091_2520_MAR_O_NT_002.SEN3,2019-06-20,barka,2019-06-20T06:08:30,129504,13635
S3B_OL_2_WFR____20190622T061729_20190622T062029_20190623T121813_0180_026_362_2520_MAR_O_NT_002.SEN3,2019-06-22,barka,2019-06-22T06:17:29,177597,98201
S3A_OL_2_WFR____20190623T063056_20190623T063356_20190624T154348_0179_046_134_2520_MAR_O_NT_002.SEN3,2019-06-23,barka,2019-06-23T06:30:56,180166,0
S3A_OL_2_WFR____20190624T060445_20190624T060745_20190625T153138_0179_046_148_2520_MAR_O_NT_002.SEN3,2019-06-24,barka,2019-06-24T06:04:45,153957,34730
S3B_OL_2_WFR____20190626T061346_20190626T061646_20190627T153137_0180_027_034_2520_MAR_O_NT_002.SEN3,2019-06-26,barka,2019-06-26T06:13:46,188679,125400
S3A_OL_2_WFR____20190627T062712_20190627T063012_20190628T134511_0179_046_191_2520_MAR_O_NT_002.SEN3,2019-06-27,barka,2019-06-27T06:27:12,192337,0
S3A_OL_2_WFR____20190628T060101_20190628T060401_20190629T161527_0180_046_205_2520_MAR_O_NT_002.SEN3,2019-06-28,barka,2019-06-28T06:01:01,196958,152058
S3B_OL_2_WFR____20190629T063613_20190629T063913_20190630T153305_0179_027_077_2520_MAR_O_NT_002.SEN3,2019-06-29,barka,2019-06-29T06:36:13,42933,0
S3B_OL_2_WFR____20190630T061002_20190630T061302_20190701T135817_0179_027_091_2520_MAR_O_NT_002.SEN3,2019-06-30,barka,2019-06-30T06:10:02,196863,194741
S3A_OL_2_WFR____20190701T062328_20190701T062628_20190702T150719_0179_046_248_2520_MAR_O_NT_002.SEN3,2019-07-01,barka,2019-07-01T06:23:28,167866,10643
S3A_OL_2_WFR____20190702T055717_20190702T060017_20190703T131516_0179_046_262_2520_MAR_O_NT_002.SEN3,2019-07-02,barka,2019-07-02T05:57:17,194814,162461
S3B_OL_2_WFR____20190703T063229_20190703T063529_20190704T131554_0179_027_134_2520_MAR_O_NT_002.SEN3,2019-07-03,barka,2019-07-03T06:32:29,148354,0
S3B_OL_2_WFR____20190704T060618_20190704T060918_20190705T123906_0179_027_148_2520_MAR_O_NT_002.SEN3,2019-07-04,barka,2019-07-04T06:06:18,145181,25579
S3A_OL_2_WFR____20190705T061943_20190705T062243_20190706T163003_0179_046_305_2520_MAR_O_NT_002.SEN3,2019-07-05,barka,2019-07-05T06:19:43,195403,94944
S3B_OL_2_WFR____20190707T062845_20190707T063145_20190708T121820_0179_027_191_2520_MAR_O_NT_002.SEN3,2019-07-07,barka,2019-07-07T06:28:45,195370,0
S3B_OL_2_WFR____20190708T060234_20190708T060534_20190709T161022_0179_027_205_2520_MAR_O_NT_002.SEN3,2019-07-08,barka,2019-07-08T06:02:34,121277,43389
S3A_OL_2_WFR____20190709T061559_20190709T061859_20190710T183124_0179_046_362_2520_MAR_O_NT_002.SEN3,2019-07-09,barka,2019-07-09T06:15:59,195829,182320
S3B_OL_2_WFR____20190711T062501_20190711T062801_20190712T135631_0179_027_248_2520_MAR_O_NT_002.SEN3,2019-07-11,barka,2019-07-11T06:25:01,148805,7
S3B_OL_2_WFR____20190712T055850_20190712T060150_20190713T132402_0179_027_262_2520_MAR_O_NT_002.SEN3,2019-07-12,barka,2019-07-12T05:58:50,187207,163584
S3A_OL_2_WFR____20190712T063825_20190712T064125_20190713T131916_0179_047_020_2520_MAR_O_NT_002.SEN3,2019-07-12,barka,2019-07-12T06:38:25,2672,0
S3A_OL_2_WFR____20190713T061214_20190713T061514_20190714T145828_0179_047_034_2520_MAR_O_NT_002.SEN3,2019-07-13,barka,2019-07-13T06:12:14,144490,47549
S3B_OL_2_WFR____20190715T062117_20190715T062417_20190716T154915_0179_027_305_2520_MAR_O_NT_002.SEN3,2019-07-15,barka,2019-07-15T06:21:17,193971,66285
S3A_OL_2_WFR____20190716T063440_20190716T063740_20190718T182506_0179_047_077_2520_MAR_O_NT_002.SEN3,2019-07-16,barka,2019-07-16T06:34:40,99172,0
S3A_OL_2_WFR____20190717T060829_20190717T061129_20190718T143654_0179_047_091_2520_MAR_O_NT_002.SEN3,2019-07-17,barka,2019-07-17T06:08:29,127854,1021
S3B_OL_2_WFR____20190719T061732_20190719T062032_20190720T151713_0179_027_362_2520_MAR_O_NT_002.SEN3,2019-07-19,barka,2019-07-19T06:17:32,184260,69873
S3A_OL_2_WFR____20190720T063056_20190720T063356_20190721T161534_0179_047_134_2520_MAR_O_NT_002.SEN3,2019-07-20,barka,2019-07-20T06:30:56,189033,0
S3A_OL_2_WFR____20190721T060445_20190721T060745_20190722T145855_0180_047_148_2520_MAR_O_NT_002.SEN3,2019-07-21,barka,2019-07-21T06:04:45,127375,16454
S3B_OL_2_WFR____20190723T061348_20190723T061648_20190724T142512_0179_028_034_2520_MAR_O_NT_002.SEN3,2019-07-23,barka,2019-07-23T06:13:48,164377,15627
S3A_OL_2_WFR____20190724T062711_20190724T063011_20190725T144619_0179_047_191_2520_MAR_O_NT_002.SEN3,2019-07-24,barka,2019-07-24T06:27:11,182213,0
S3A_OL_2_WFR____20190725T060100_20190725T060400_20190726T145305_0179_047_205_2520_MAR_O_NT_002.SEN3,2019-07-25,barka,2019-07-25T06:01:00,122803,21911
S3B_OL_2_WFR____20190726T063615_20190726T063915_20190727T153038_0179_028_077_2520_MAR_O_NT_002.SEN3,2019-07-26,barka,2019-07-26T06:36:15,40209,0
S3B_OL_2_WFR____20190727T061004_20190727T061304_20190728T151016_0179_028_091_2520_MAR_O_NT_002.SEN3,2019-07-27,barka,2019-07-27T06:10:04,195879,84434
S3A_OL_2_WFR____20190728T062326_20190728T062626_20190729T154331_0179_047_248_2520_MAR_O_NT_002.SEN3,2019-07-28,barka,2019-07-28T06:23:26,195181,10256
S3A_OL_2_WFR____20190729T055715_20190729T060015_20190730T141818_0179_047_262_2520_MAR_O_NT_002.SEN3,2019-07-29,barka,2019-07-29T05:57:15,10572,0
S3B_OL_2_WFR____20190730T063230_20190730T063530_20190731T154132_0179_028_134_2520_MAR_O_NT_002.SEN3,2019-07-30,barka,2019-07-30T06:32:30,12835,0
S3B_OL_2_WFR____20190731T060620_20190731T060920_20190801T123530_0179_028_148_2520_MAR_O_NT_002.SEN3,2019-07-31,barka,2019-07-31T06:06:20,13,0
S3A_OL_2_WFR____20190801T061941_20190801T062241_20190802T152048_0179_047_305_2520_MAR_O_NT_002.SEN3,2019-08-01,barka,2019-08-01T06:19:41,195216,73346
S3B_OL_2_WFR____20190803T062846_20190803T063146_20190804T122759_0179_028_191_2520_MAR_O_NT_002.SEN3,2019-08-03,barka,2019-08-03T06:28:46,193045,0
S3B_OL_2_WFR____20190804T060235_20190804T060535_20190805T141336_0180_028_205_2520_MAR_O_NT_002.SEN3,2019-08-04,barka,2019-08-04T06:02:35,113269,487
S3A_OL_2_WFR____20190805T061557_20190805T061857_20190806T145326_0179_047_362_2520_MAR_O_NT_002.SEN3,2019-08-05,barka,2019-08-05T06:15:57,193800,57475
S3B_OL_2_WFR____20190807T062502_20190807T062802_20190808T130619_0179_028_248_2520_MAR_O_NT_002.SEN3,2019-08-07,barka,2019-08-07T06:25:02,87762,2016
S3B_OL_2_WFR____20190808T055851_20190808T060151_20190809T150004_0179_028_262_2520_MAR_O_NT_002.SEN3,2019-08-08,barka,2019-08-08T05:58:51,668,0
S3A_OL_2_WFR____20190808T063823_20190808T064123_20190809T150357_0180_048_020_2520_MAR_O_NT_002.SEN3,2019-08-08,barka,2019-08-08T06:38:23,2,0
S3A_OL_2_WFR____20190809T061212_20190809T061512_20190810T142228_0180_048_034_2520_MAR_O_NT_002.SEN3,2019-08-09,barka,2019-08-09T06:12:12,18137,148
S3B_OL_2_WFR____20190811T062117_20190811T062417_20190812T145833_0179_028_305_2520_MAR_O_NT_002.SEN3,2019-08-11,barka,2019-08-11T06:21:17,107673,4026
S3A_OL_2_WFR____20190812T063438_20190812T063738_20190813T151649_0179_048_077_2520_MAR_O_NT_002.SEN3,2019-08-12,barka,2019-08-12T06:34:38,50471,0
S3A_OL_2_WFR____20190813T060827_20190813T061127_20190814T150524_0179_048_091_2520_MAR_O_NT_002.SEN3,2019-08-13,barka,2019-08-13T06:08:27,87609,9844
S3B_OL_2_WFR____20190815T061732_20190815T062032_20190816T134708_0180_028_362_2520_MAR_O_NT_002.SEN3,2019-08-15,barka,2019-08-15T06:17:32,193925,9818
S3A_OL_2_WFR____20190816T063053_20190816T063353_20190817T141849_0179_048_134_2520_MAR_O_NT_002.SEN3,2019-08-16,barka,2019-08-16T06:30:53,189539,0
S3A_OL_2_WFR____20190817T060442_20190817T060742_20190818T141720_0180_048_148_2520_MAR_O_NT_002.SEN3,2019-08-17,barka,2019-08-17T06:04:42,196331,178304
S3B_OL_2_WFR____20190819T061348_20190819T061648_20190820T134852_0179_029_034_2520_MAR_O_NT_002.SEN3,2019-08-19,barka,2019-08-19T06:13:48,180169,91180
S3A_OL_2_WFR____20190821T060056_20190821T060356_20190822T150236_0179_048_205_2520_MAR_O_NT_002.SEN3,2019-08-21,barka,2019-08-21T06:00:56,195252,150024
S3B_OL_2_WFR____20190822T063614_20190822T063914_20190823T153511_0180_029_077_2520_MAR_O_NT_002.SEN3,2019-08-22,barka,2019-08-22T06:36:14,25082,0
S3B_OL_2_WFR____20190823T061003_20190823T061303_20190824T150830_0180_029_091_2520_MAR_O_NT_002.SEN3,2019-08-23,barka,2019-08-23T06:10:03,185508,115180
S3A_OL_2_WFR____20190824T062322_20190824T062622_20190825T162026_0179_048_248_2520_MAR_O_NT_002.SEN3,2019-08-24,barka,2019-08-24T06:23:22,195075,44027
S3A_OL_2_WFR____20190825T055711_20190825T060011_20190826T154319_0179_048_262_2520_MAR_O_NT_002.SEN3,2019-08-25,barka,2019-08-25T05:57:11,197459,185649
S3B_OL_2_WFR____20190826T063229_20190826T063529_20190827T131526_0179_029_134_2520_MAR_O_NT_002.SEN3,2019-08-26,barka,2019-08-26T06:32:29,139976,0
S3B_OL_2_WFR____20190827T060618_20190827T060918_20190828T145450_0179_029_148_2520_MAR_O_NT_002.SEN3,2019-08-27,barka,2019-08-27T06:06:18,196149,190328
S3A_OL_2_WFR____20190828T061937_20190828T062237_20190829T134919_0180_048_305_2520_MAR_O_NT_002.SEN3,2019-08-28,barka,2019-08-28T06:19:37,195410,127728
S3B_OL_2_WFR____20190830T062845_20190830T063145_20190831T155023_0179_029_191_2520_MAR_O_NT_002.SEN3,2019-08-30,barka,2019-08-30T06:28:45,121545,0
S3B_OL_2_WFR____20190831T060234_20190831T060534_20190901T151008_0179_029_205_2520_MAR_O_NT_002.SEN3,2019-08-31,barka,2019-08-31T06:02:34,190034,176862
S3A_OL_2_WFR____20190901T061553_20190901T061853_20190902T153121_0179_048_362_2520_MAR_O_NT_002.SEN3,2019-09-01,barka,2019-09-01T06:15:53,195748,189051
S3B_OL_2_WFR____20190903T062500_20190903T062800_20190904T160638_0179_029_248_2520_MAR_O_NT_002.SEN3,2019-09-03,barka,2019-09-03T06:25:00,184384,1868
S3B_OL_2_WFR____20190904T055849_20190904T060149_20190905T151327_0179_029_262_2520_MAR_O_NT_002.SEN3,2019-09-04,barka,2019-09-04T05:58:49,147486,110230
S3A_OL_2_WFR____20190904T063820_20190904T064120_20190905T154817_0179_049_020_2520_MAR_O_NT_002.SEN3,2019-09-04,barka,2019-09-04T06:38:20,3096,0
S3A_OL_2_WFR____20190908T063437_20190908T063737_20190909T142954_0179_049_077_2520_MAR_O_NT_002.SEN3,2019-09-08,barka,2019-09-08T06:34:37,56494,0
S3A_OL_2_WFR____20190909T060826_20190909T061126_20190910T152650_0179_049_091_2520_MAR_O_NT_002.SEN3,2019-09-09,barka,2019-09-09T06:08:26,155546,42428
S3B_OL_2_WFR____20190911T061731_20190911T062031_20190912T153241_0180_029_362_2520_MAR_O_NT_002.SEN3,2019-09-11,barka,2019-09-11T06:17:31,194109,189917
S3A_OL_2_WFR____20190912T063053_20190912T063353_20190913T151150_0179_049_134_2520_MAR_O_NT_002.SEN3,2019-09-12,barka,2019-09-12T06:30:53,192974,0
S3A_OL_2_WFR____20190913T060442_20190913T060742_20190914T125813_0179_049_148_2520_MAR_O_NT_002.SEN3,2019-09-13,barka,2019-09-13T06:04:42,186508,146373
S3B_OL_2_WFR____20190915T061347_20190915T061647_20190916T135702_0179_030_034_2520_MAR_O_NT_002.SEN3,2019-09-15,barka,2019-09-15T06:13:47,195667,189449
S3A_OL_2_WFR____20190916T062709_20190916T063009_20190917T160646_0180_049_191_2520_MAR_O_NT_002.SEN3,2019-09-16,barka,2019-09-16T06:27:09,13461,2
S3A_OL_2_WFR____20190917T060058_20190917T060358_20190918T151921_0179_049_205_2520_MAR_O_NT_002.SEN3,2019-09-17,barka,2019-09-17T06:00:58,134947,71153
S3B_OL_2_WFR____20190918T063613_20190918T063913_20190919T131236_0180_030_077_2520_MAR_O_NT_002.SEN3,2019-09-18,barka,2019-09-18T06:36:13,43877,0
S3B_OL_2_WFR____20190919T061002_20190919T061302_20190920T144627_0179_030_091_2520_MAR_O_NT_002.SEN3,2019-09-19,barka,2019-09-19T06:10:02,196368,192044
S3A_OL_2_WFR____20190920T062325_20190920T062625_20190921T150716_0179_049_248_2520_MAR_O_NT_002.SEN3,2019-09-20,barka,2019-09-20T06:23:25,195069,84500
S3B_OL_2_WFR____20190922T063229_20190922T063529_20190923T115908_0179_030_134_2520_MAR_O_NT_002.SEN3,2019-09-22,barka,2019-09-22T06:32:29,154251,0
S3B_OL_2_WFR____20190923T060618_20190923T060918_20190924T135446_0179_030_148_2520_MAR_O_NT_002.SEN3,2019-09-23,barka,2019-09-23T06:06:18,194373,179256
S3B_OL_2_WFR____20190926T062844_20190926T063144_20190927T124652_0179_030_191_2520_MAR_O_NT_002.SEN3,2019-09-26,barka,2019-09-26T06:28:44,194908,110
S3B_OL_2_WFR____20190927T060233_20190927T060533_20190928T150606_0179_030_205_2520_MAR_O_NT_002.SEN3,2019-09-27,barka,2019-09-27T06:02:33,196129,192112
S3A_OL_2_WFR____20190928T061557_20190928T061857_20190929T151248_0179_049_362_2520_MAR_O_NT_002.SEN3,2019-09-28,barka,2019-09-28T06:15:57,195786,183237
S3B_OL_2_WFR____20190930T062459_20190930T062759_20191001T132104_0179_030_248_2520_MAR_O_NT_002.SEN3,2019-09-30,barka,2019-09-30T06:24:59,192921,93968
S3B_OL_2_WFR____20191001T055848_20191001T060148_20191002T154940_0179_030_262_2520_MAR_O_NT_002.SEN3,2019-10-01,barka,2019-10-01T05:58:48,195925,189378
S3A_OL_2_WFR____20191001T063823_20191001T064123_20191002T134032_0179_050_020_2520_MAR_O_NT_002.SEN3,2019-10-01,barka,2019-10-01T06:38:23,2976,0
S3A_OL_2_WFR____20191002T061213_20191002T061513_20191003T131817_0179_050_034_2520_MAR_O_NT_002.SEN3,2019-10-02,barka,2019-10-02T06:12:13,195974,184217
S3B_OL_2_WFR____20191004T062114_20191004T062414_20191005T135801_0179_030_305_2520_MAR_O_NT_002.SEN3,2019-10-04,barka,2019-10-04T06:21:14,194585,157725
S3A_OL_2_WFR____20191005T063439_20191005T063739_20191006T163404_0179_050_077_2520_MAR_O_NT_002.SEN3,2019-10-05,barka,2019-10-05T06:34:39,2564,0
S3B_OL_2_WFR____20191008T061729_20191008T062029_20191009T153230_0179_030_362_2520_MAR_O_NT_002.SEN3,2019-10-08,barka,2019-10-08T06:17:29,190986,142366
S3A_OL_2_WFR____20191009T063055_20191009T063355_20191010T152443_0179_050_134_2520_MAR_O_NT_002.SEN3,2019-10-09,barka,2019-10-09T06:30:55,192869,576
S3A_OL_2_WFR____20191010T060444_20191010T060744_20191011T133910_0179_050_148_2520_MAR_O_NT_002.SEN3,2019-10-10,barka,2019-10-10T06:04:44,196532,190280
S3A_OL_2_WFR____20191013T062711_20191013T063011_20191014T160912_0179_050_191_2520_MAR_O_NT_002.SEN3,2019-10-13,barka,2019-10-13T06:27:11,190271,130404
S3A_OL_2_WFR____20191014T060100_20191014T060400_20191015T133605_0179_050_205_2520_MAR_O_NT_002.SEN3,2019-10-14,barka,2019-10-14T06:01:00,195761,176045
S3B_OL_2_WFR____20191015T063609_20191015T063909_20191016T154248_0179_031_077_2520_MAR_O_NT_002.SEN3,2019-10-15,barka,2019-10-15T06:36:09,43451,62
S3B_OL_2_WFR____20191016T060958_20191016T061258_20191017T164731_0179_031_091_2520_MAR_O_NT_002.SEN3,2019-10-16,barka,2019-10-16T06:09:58,196903,195483
S3A_OL_2_WFR____20191017T062326_20191017T062626_20191018T135345_0179_050_248_2520_MAR_O_NT_002.SEN3,2019-10-17,barka,2019-10-17T06:23:26,195172,182842
S3A_OL_2_WFR____20191018T055715_20191018T060015_20191019T134344_0180_050_262_2520_MAR_O_NT_002.SEN3,2019-10-18,barka,2019-10-18T05:57:15,197471,189568
S3B_OL_2_WFR____20191019T063225_20191019T063525_20191024T000025_0179_031_134_2520_MAR_O_NT_002.SEN3,2019-10-19,barka,2019-10-19T06:32:25,154825,20598
S3B_OL_2_WFR____20191020T060615_20191020T060915_20191021T143731_0179_031_148_2520_MAR_O_NT_002.SEN3,2019-10-20,barka,2019-10-20T06:06:15,193115,148603
S3A_OL_2_WFR____20191021T061942_20191021T062242_20191022T152424_0180_050_305_2520_MAR_O_NT_002.SEN3,2019-10-21,barka,2019-10-21T06:19:42,194869,185229
S3B_OL_2_WFR____20191023T062842_20191023T063142_20191024T154040_0179_031_191_2520_MAR_O_NT_002.SEN3,2019-10-23,barka,2019-10-23T06:28:42,195944,150421
S3B_OL_2_WFR____20191024T060231_20191024T060531_20191025T150448_0180_031_205_2520_MAR_O_NT_002.SEN3,2019-10-24,barka,2019-10-24T06:02:31,196298,194676
S3A_OL_2_WFR____20191025T061557_20191025T061857_20191026T141046_0179_050_362_2520_MAR_O_NT_002.SEN3,2019-10-25,barka,2019-10-25T06:15:57,195773,193577
S3B_OL_2_WFR____20191027T062458_20191027T062758_20191028T151405_0179_031_248_2520_MAR_O_NT_002.SEN3,2019-10-27,barka,2019-10-27T06:24:58,196411,193683
S3B_OL_2_WFR____20191028T055848_20191028T060148_20191029T140502_0179_031_262_2520_MAR_O_NT_002.SEN3,2019-10-28,barka,2019-10-28T05:58:48,195923,193636
S3A_OL_2_WFR____20191028T063824_20191028T064124_20191029T152052_0179_051_020_2520_MAR_O_NT_002.SEN3,2019-10-28,barka,2019-10-28T06:38:24,2868,2768
S3A_OL_2_WFR____20191029T061213_20191029T061513_20191108T080904_0180_051_034_2520_MAR_O_NT_002.SEN3,2019-10-29,barka,2019-10-29T06:12:13,194326,182095
S3B_OL_2_WFR____20191031T062115_20191031T062415_20191113T005238_0179_031_305_2520_MAR_O_NT_002.SEN3,2019-10-31,barka,2019-10-31T06:21:15,189027,144296
S3A_OL_2_WFR____20191101T063439_20191101T063739_20191122T022237_0179_051_077_2520_MAR_O_NT_002.SEN3,2019-11-01,barka,2019-11-01T06:34:39,98710,66405
S3A_OL_2_WFR____20191102T060828_20191102T061128_20191123T043110_0180_051_091_2520_MAR_O_NT_002.SEN3,2019-11-02,barka,2019-11-02T06:08:28,190417,157740
S3B_OL_2_WFR____20191104T061731_20191104T062031_20191123T164235_0179_031_362_2520_MAR_O_NT_002.SEN3,2019-11-04,barka,2019-11-04T06:17:31,191845,162584
S3A_OL_2_WFR____20191105T063054_20191105T063354_20191125T073124_0179_051_134_2520_MAR_O_NT_002.SEN3,2019-11-05,barka,2019-11-05T06:30:54,183321,144645
S3A_OL_2_WFR____20191106T060443_20191106T060743_20191107T164208_0179_051_148_2520_MAR_O_NT_002.SEN3,2019-11-06,barka,2019-11-06T06:04:43,196580,192985
S3B_OL_2_WFR____20191108T061347_20191108T061647_20191109T124232_0179_032_034_2520_MAR_O_NT_002.SEN3,2019-11-08,barka,2019-11-08T06:13:47,194988,193330
S3A_OL_2_WFR____20191109T062709_20191109T063009_20191110T153011_0179_051_191_2520_MAR_O_NT_002.SEN3,2019-11-09,barka,2019-11-09T06:27:09,160325,129692
S3A_OL_2_WFR____20191110T060058_20191110T060358_20191111T154318_0179_051_205_2520_MAR_O_NT_002.SEN3,2019-11-10,barka,2019-11-10T06:00:58,25774,15861
S3B_OL_2_WFR____20191111T063614_20191111T063914_20191112T150234_0179_032_077_2520_MAR_O_NT_002.SEN3,2019-11-11,barka,2019-11-11T06:36:14,41317,29881
S3B_OL_2_WFR____20191112T061003_20191112T061303_20191128T210447_0179_032_091_2520_MAR_O_NT_002.SEN3,2019-11-12,barka,2019-11-12T06:10:03,196400,193192
S3A_OL_2_WFR____20191113T062324_20191113T062624_20191129T190039_0179_051_248_2520_MAR_O_NT_002.SEN3,2019-11-13,barka,2019-11-13T06:23:24,194606,191344
S3A_OL_2_WFR____20191114T055713_20191114T060013_20191115T141816_0179_051_262_2520_MAR_O_NT_002.SEN3,2019-11-14,barka,2019-11-14T05:57:13,197029,190621
S3B_OL_2_WFR____20191115T063230_20191115T063530_20191116T145538_0179_032_134_2520_MAR_O_NT_002.SEN3,2019-11-15,barka,2019-11-15T06:32:30,153920,131526
S3B_OL_2_WFR____20191116T060619_20191116T060919_20191130T144015_0179_032_148_2520_MAR_O_NT_002.SEN3,2019-11-16,barka,2019-11-16T06:06:19,196980,196049
S3A_OL_2_WFR____20191117T061939_20191117T062239_20191201T011306_0179_051_305_2520_MAR_O_NT_002.SEN3,2019-11-17,barka,2019-11-17T06:19:39,151551,116735
S3B_OL_2_WFR____20191119T062846_20191119T063146_20191203T004620_0179_032_191_2520_MAR_O_NT_002.SEN3,2019-11-19,barka,2019-11-19T06:28:46,195426,186612
S3B_OL_2_WFR____20191120T060235_20191120T060535_20191203T225715_0179_032_205_2520_MAR_O_NT_002.SEN3,2019-11-20,barka,2019-11-20T06:02:35,148811,122794
S3A_OL_2_WFR____20191121T061554_20191121T061854_20191204T042925_0180_051_362_2520_MAR_O_NT_002.SEN3,2019-11-21,barka,2019-11-21T06:15:54,36939,15977
S3B_OL_2_WFR____20191123T062502_20191123T062802_20191206T065632_0180_032_248_2520_MAR_O_NT_002.SEN3,2019-11-23,barka,2019-11-23T06:25:02,122045,78115
S3B_OL_2_WFR____20191124T055851_20191124T060151_20191207T013200_0180_032_262_2520_MAR_O_NT_002.SEN3,2019-11-24,barka,2019-11-24T05:58:51,75743,36444
S3A_OL_2_WFR____20191124T063820_20191124T064120_20191206T140450_0179_052_020_2520_MAR_O_NT_002.SEN3,2019-11-24,barka,2019-11-24T06:38:20,1279,293
S3B_OL_2_WFR____20191127T062117_20191127T062417_20191209T112340_0179_032_305_2520_MAR_O_NT_002.SEN3,2019-11-27,barka,2019-11-27T06:21:17,185823,155096
S3A_OL_2_WFR____20191128T063435_20191128T063735_20191209T185108_0179_052_077_2520_MAR_O_NT_002.SEN3,2019-11-28,barka,2019-11-28T06:34:35,99017,98738
S3A_OL_2_WFR____20191129T060824_20191129T061124_20191210T153618_0179_052_091_2520_MAR_O_NT_002.SEN3,2019-11-29,barka,2019-11-29T06:08:24,196200,195171
S3B_OL_2_WFR____20191201T061733_20191201T062033_20191212T190817_0179_032_362_2520_MAR_O_NT_002.SEN3,2019-12-01,barka,2019-12-01T06:17:33,186444,150357
S3A_OL_2_WFR____20191203T060439_20191203T060739_20191213T162427_0179_052_148_2520_MAR_O_NT_002.SEN3,2019-12-03,barka,2019-12-03T06:04:39,172079,101195
S3B_OL_2_WFR____20191205T061349_20191205T061649_20191216T053508_0180_033_034_2520_MAR_O_NT_002.SEN3,2019-12-05,barka,2019-12-05T06:13:49,178678,145690
S3A_OL_2_WFR____20191206T062705_20191206T063005_20191216T024216_0179_052_191_2520_MAR_O_NT_002.SEN3,2019-12-06,barka,2019-12-06T06:27:05,180458,123099
S3A_OL_2_WFR____20191207T060054_20191207T060354_20191216T213011_0179_052_205_2520_MAR_O_NT_002.SEN3,2019-12-07,barka,2019-12-07T06:00:54,127776,60071
S3B_OL_2_WFR____20191208T063615_20191208T063915_20191218T200238_0180_033_077_2520_MAR_O_NT_002.SEN3,2019-12-08,barka,2019-12-08T06:36:15,0,0
S3B_OL_2_WFR____20191209T061004_20191209T061304_20191219T171810_0179_033_091_2520_MAR_O_NT_002.SEN3,2019-12-09,barka,2019-12-09T06:10:04,194416,158228
S3A_OL_2_WFR____20191210T062320_20191210T062620_20191219T061741_0179_052_248_2520_MAR_O_NT_002.SEN3,2019-12-10,barka,2019-12-10T06:23:20,193055,146271
S3A_OL_2_WFR____20191211T055709_20191211T060009_20191220T010752_0180_052_262_2520_MAR_O_NT_002.SEN3,2019-12-11,barka,2019-12-11T05:57:09,21569,2927
S3B_OL_2_WFR____20191212T063231_20191212T063531_20191222T062818_0179_033_134_2520_MAR_O_NT_002.SEN3,2019-12-12,barka,2019-12-12T06:32:31,152425,138137
S3A_OL_2_WFR____20191214T061936_20191214T062236_20191222T103509_0179_052_305_2520_MAR_O_NT_002.SEN3,2019-12-14,barka,2019-12-14T06:19:36,195348,187690
S3B_OL_2_WFR____20191216T062846_20191216T063146_20191225T163933_0179_033_191_2520_MAR_O_NT_002.SEN3,2019-12-16,barka,2019-12-16T06:28:46,174705,130419
S3B_OL_2_WFR____20191217T060235_20191217T060535_20191226T114705_0179_033_205_2520_MAR_O_NT_002.SEN3,2019-12-17,barka,2019-12-17T06:02:35,105652,66927
S3A_OL_2_WFR____20191218T061552_20191218T061852_20191225T155525_0179_052_362_2520_MAR_O_NT_002.SEN3,2019-12-18,barka,2019-12-18T06:15:52,189506,166563
S3B_OL_2_WFR____20191220T062501_20191220T062801_20191229T003456_0179_033_248_2520_MAR_O_NT_002.SEN3,2019-12-20,barka,2019-12-20T06:25:01,134389,102356
S3B_OL_2_WFR____20191221T055850_20191221T060150_20191229T204754_0179_033_262_2520_MAR_O_NT_002.SEN3,2019-12-21,barka,2019-12-21T05:58:50,174266,153866
S3A_OL_2_WFR____20191221T063819_20191221T064119_20191228T002839_0179_053_020_2520_MAR_O_NT_002.SEN3,2019-12-21,barka,2019-12-21T06:38:19,3030,2408
S3A_OL_2_WFR____20191222T061208_20191222T061508_20191228T183706_0179_053_034_2520_MAR_O_NT_002.SEN3,2019-12-22,barka,2019-12-22T06:12:08,195826,193008
S3B_OL_2_WFR____20191224T062117_20191224T062417_20200101T080310_0179_033_305_2520_MAR_O_NT_002.SEN3,2019-12-24,barka,2019-12-24T06:21:17,193449,189097
S3A_OL_2_WFR____20191225T063435_20191225T063735_20191231T045828_0179_053_077_2520_MAR_O_NT_002.SEN3,2019-12-25,barka,2019-12-25T06:34:35,100317,100024
S3A_OL_2_WFR____20191226T060825_20191226T061125_20191231T231259_0179_053_091_2520_MAR_O_NT_002.SEN3,2019-12-26,barka,2019-12-26T06:08:25,195956,193370
S3B_OL_2_WFR____20191228T061732_20191228T062032_20200104T173713_0179_033_362_2520_MAR_O_NT_002.SEN3,2019-12-28,barka,2019-12-28T06:17:32,182098,158414
S3A_OL_2_WFR____20191229T063052_20191229T063352_20200103T075203_0179_053_134_2520_MAR_O_NT_002.SEN3,2019-12-29,barka,2019-12-29T06:30:52,140953,80125
S3A_OL_2_WFR____20191230T060441_20191230T060741_20200104T031641_0179_053_148_2520_MAR_O_NT_002.SEN3,2019-12-30,barka,2019-12-30T06:04:41,182283,135734
S3A_OL_2_WFR____20190101T061551_20190101T061851_20190102T162549_0179_039_362_2520_MAR_O_NT_002.SEN3,2019-01-01,kalba,2019-01-01T06:15:51,170426,85544
S3A_OL_2_WFR____20190104T063818_20190104T064118_20190105T152403_0180_040_020_2520_MAR_O_NT_002.SEN3,2019-01-04,kalba,2019-01-04T06:38:18,71916,22260
S3A_OL_2_WFR____20190105T061207_20190105T061507_20190106T152742_0179_040_034_2520_MAR_O_NT_002.SEN3,2019-01-05,kalba,2019-01-05T06:12:07,177590,143557
S3A_OL_2_WFR____20190108T063434_20190108T063734_20190109T155639_0179_040_077_2520_MAR_O_NT_002.SEN3,2019-01-08,kalba,2019-01-08T06:34:34,91835,30341
S3A_OL_2_WFR____20190109T060823_20190109T061123_20190110T152937_0179_040_091_2520_MAR_O_NT_002.SEN3,2019-01-09,kalba,2019-01-09T06:08:23,178815,58526
S3A_OL_2_WFR____20190112T063050_20190112T063350_20190113T132225_0179_040_134_2520_MAR_O_NT_002.SEN3,2019-01-12,kalba,2019-01-12T06:30:50,165276,127293
S3A_OL_2_WFR____20190113T060439_20190113T060739_20190114T150115_0180_040_148_2520_MAR_O_NT_002.SEN3,2019-01-13,kalba,2019-01-13T06:04:39,179241,120733
S3A_OL_2_WFR____20190116T062706_20190116T063006_20190117T145959_0179_040_191_2520_MAR_O_NT_002.SEN3,2019-01-16,kalba,2019-01-16T06:27:06,178058,164592
S3A_OL_2_WFR____20190117T060055_20190117T060355_20190118T145441_0179_040_205_2520_MAR_O_NT_002.SEN3,2019-01-17,kalba,2019-01-17T06:00:55,168621,61670
S3A_OL_2_WFR____20190120T062322_20190120T062622_20190121T143722_0179_040_248_2520_MAR_O_NT_002.SEN3,2019-01-20,kalba,2019-01-20T06:23:22,173296,148978
S3A_OL_2_WFR____20190121T055711_20190121T060011_20190122T142640_0179_040_262_2520_MAR_O_NT_002.SEN3,2019-01-21,kalba,2019-01-21T05:57:11,164912,117
S3A_OL_2_WFR____20190123T064548_20190123T064848_20190124T150534_0179_040_291_2520_MAR_O_NT_002.SEN3,2019-01-23,kalba,2019-01-23T06:45:48,2722,313
S3A_OL_2_WFR____20190124T061938_20190124T062238_20190125T135537_0180_040_305_2520_MAR_O_NT_002.SEN3,2019-01-24,kalba,2019-01-24T06:19:38,155370,36791
S3A_OL_2_WFR____20190127T064204_20190127T064504_20190128T142651_0179_040_348_2520_MAR_O_NT_002.SEN3,2019-01-27,kalba,2019-01-27T06:42:04,44459,5358
S3A_OL_2_WFR____20190128T061553_20190128T061853_20190129T133338_0179_040_362_2520_MAR_O_NT_002.SEN3,2019-01-28,kalba,2019-01-28T06:15:53,165745,77624
S3A_OL_2_WFR____20190131T063820_20190131T064120_20190201T151655_0179_041_020_2520_MAR_O_NT_002.SEN3,2019-01-31,kalba,2019-01-31T06:38:20,177261,91713
S3A_OL_2_WFR____20190201T061209_20190201T061509_20190202T152744_0179_041_034_2520_MAR_O_NT_002.SEN3,2019-02-01,kalba,2019-02-01T06:12:09,173382,98609
S3A_OL_2_WFR____20190204T063436_20190204T063736_20190205T151020_0179_041_077_2520_MAR_O_NT_002.SEN3,2019-02-04,kalba,2019-02-04T06:34:36,99589,46210
S3A_OL_2_WFR____20190205T060825_20190205T061125_20190206T161223_0179_041_091_2520_MAR_O_NT_002.SEN3,2019-02-05,kalba,2019-02-05T06:08:25,177790,162487
S3A_OL_2_WFR____20190208T063051_20190208T063351_20190209T155057_0180_041_134_2520_MAR_O_NT_002.SEN3,2019-02-08,kalba,2019-02-08T06:30:51,177337,166631
S3A_OL_2_WFR____20190209T060440_20190209T060740_20190210T140223_0179_041_148_2520_MAR_O_NT_002.SEN3,2019-02-09,kalba,2019-02-09T06:04:40,179359,140709
S3A_OL_2_WFR____20190212T062707_20190212T063007_20190213T150556_0179_041_191_2520_MAR_O_NT_002.SEN3,2019-02-12,kalba,2019-02-12T06:27:07,107660,24016
S3A_OL_2_WFR____20190213T060056_20190213T060356_20190214T140845_0179_041_205_2520_MAR_O_NT_002.SEN3,2019-02-13,kalba,2019-02-13T06:00:56,177370,163434
S3A_OL_2_WFR____20190216T062322_20190216T062622_20190217T152420_0179_041_248_2520_MAR_O_NT_002.SEN3,2019-02-16,kalba,2019-02-16T06:23:22,92378,49858
S3A_OL_2_WFR____20190217T055711_20190217T060011_20190218T151627_0180_041_262_2520_MAR_O_NT_002.SEN3,2019-02-17,kalba,2019-02-17T05:57:11,17381,4216
S3A_OL_2_WFR____20190219T064549_20190219T064849_20190220T144537_0179_041_291_2520_MAR_O_NT_002.SEN3,2019-02-19,kalba,2019-02-19T06:45:49,1021,111
S3A_OL_2_WFR____20190220T061938_20190220T062238_20190221T151417_0179_041_305_2520_MAR_O_NT_002.SEN3,2019-02-20,kalba,2019-02-20T06:19:38,176636,160970
S3A_OL_2_WFR____20190223T064204_20190223T064504_20190224T151613_0179_041_348_2520_MAR_O_NT_002.SEN3,2019-02-23,kalba,2019-02-23T06:42:04,36523,3805
S3A_OL_2_WFR____20190224T061553_20190224T061853_20190225T145513_0179_041_362_2520_MAR_O_NT_002.SEN3,2019-02-24,kalba,2019-02-24T06:15:53,167274,15107
S3A_OL_2_WFR____20190227T063820_20190227T064120_20190228T162451_0179_042_020_2520_MAR_O_NT_002.SEN3,2019-02-27,kalba,2019-02-27T06:38:20,177645,26252
S3A_OL_2_WFR____20190228T061209_20190228T061509_20190301T160156_0179_042_034_2520_MAR_O_NT_002.SEN3,2019-02-28,kalba,2019-02-28T06:12:09,18147,5076
S3A_OL_2_WFR____20190303T063435_20190303T063735_20190304T152650_0179_042_077_2520_MAR_O_NT_002.SEN3,2019-03-03,kalba,2019-03-03T06:34:35,174103,6028
S3A_OL_2_WFR____20190304T060823_20190304T061123_20190305T141853_0179_042_091_2520_MAR_O_NT_002.SEN3,2019-03-04,kalba,2019-03-04T06:08:23,178205,163349
S3A_OL_2_WFR____20190307T063049_20190307T063349_20190308T161256_0179_042_134_2520_MAR_O_NT_002.SEN3,2019-03-07,kalba,2019-03-07T06:30:49,177165,3740
S3A_OL_2_WFR____20190308T060438_20190308T060738_20190309T160320_0179_042_148_2520_MAR_O_NT_002.SEN3,2019-03-08,kalba,2019-03-08T06:04:38,178906,155104
S3A_OL_2_WFR____20190311T062704_20190311T063004_20190312T132657_0179_042_191_2520_MAR_O_NT_002.SEN3,2019-03-11,kalba,2019-03-11T06:27:04,174471,148190
S3A_OL_2_WFR____20190312T060053_20190312T060353_20190313T145818_0179_042_205_2520_MAR_O_NT_002.SEN3,2019-03-12,kalba,2019-03-12T06:00:53,177824,147945
S3A_OL_2_WFR____20190315T062320_20190315T062620_20190316T154528_0179_042_248_2520_MAR_O_NT_002.SEN3,2019-03-15,kalba,2019-03-15T06:23:20,3495,174
S3A_OL_2_WFR____20190316T055709_20190316T060009_20190317T152739_0179_042_262_2520_MAR_O_NT_002.SEN3,2019-03-16,kalba,2019-03-16T05:57:09,111704,55593
S3A_OL_2_WFR____20190318T064547_20190318T064847_20190319T150949_0179_042_291_2520_MAR_O_NT_002.SEN3,2019-03-18,kalba,2019-03-18T06:45:47,3022,0
S3A_OL_2_WFR____20190319T061936_20190319T062236_20190320T145020_0179_042_305_2520_MAR_O_NT_002.SEN3,2019-03-19,kalba,2019-03-19T06:19:36,178288,162417
S3B_OL_2_WFR____20190321T062849_20190321T063149_20190322T152207_0179_023_191_2520_MAR_O_NT_002.SEN3,2019-03-21,kalba,2019-03-21T06:28:49,109400,168
S3B_OL_2_WFR____20190322T060239_20190322T060539_20190323T150912_0180_023_205_2520_MAR_O_NT_002.SEN3,2019-03-22,kalba,2019-03-22T06:02:39,3224,511
S3A_OL_2_WFR____20190322T064204_20190322T064504_20190323T155631_0179_042_348_2520_MAR_O_NT_002.SEN3,2019-03-22,kalba,2019-03-22T06:42:04,8330,1
S3A_OL_2_WFR____20190323T061553_20190323T061853_20190324T154415_0179_042_362_2520_MAR_O_NT_002.SEN3,2019-03-23,kalba,2019-03-23T06:15:53,3933,253
S3B_OL_2_WFR____20190325T062505_20190325T062805_20190326T154024_0179_023_248_2520_MAR_O_NT_002.SEN3,2019-03-25,kalba,2019-03-25T06:25:05,1767,1
S3B_OL_2_WFR____20190326T055855_20190326T060155_20190327T152637_0179_023_262_2520_MAR_O_NT_002.SEN3,2019-03-26,kalba,2019-03-26T05:58:55,557,0
S3A_OL_2_WFR____20190326T063820_20190326T064120_20190327T150759_0179_043_020_2520_MAR_O_NT_002.SEN3,2019-03-26,kalba,2019-03-26T06:38:20,14529,0
S3A_OL_2_WFR____20190327T061210_20190327T061510_20190328T132227_0179_043_034_2520_MAR_O_NT_002.SEN3,2019-03-27,kalba,2019-03-27T06:12:10,1447,82
S3B_OL_2_WFR____20190329T062121_20190329T062421_20190330T143600_0180_023_305_2520_MAR_O_NT_002.SEN3,2019-03-29,kalba,2019-03-29T06:21:21,177171,117861
S3A_OL_2_WFR____20190330T063437_20190330T063737_20190331T143854_0179_043_077_2520_MAR_O_NT_002.SEN3,2019-03-30,kalba,2019-03-30T06:34:37,85132,22
S3B_OL_2_WFR____20190401T064348_20190401T064648_20190402T152410_0179_023_348_2520_MAR_O_NT_002.SEN3,2019-04-01,kalba,2019-04-01T06:43:48,4705,0
S3B_OL_2_WFR____20190402T061737_20190402T062037_20190403T145922_0179_023_362_2520_MAR_O_NT_002.SEN3,2019-04-02,kalba,2019-04-02T06:17:37,79498,49751
S3A_OL_2_WFR____20190403T063053_20190403T063353_20190404T153618_0180_043_134_2520_MAR_O_NT_002.SEN3,2019-04-03,kalba,2019-04-03T06:30:53,42611,416
S3A_OL_2_WFR____20190404T060442_20190404T060742_20190405T143739_0179_043_148_2520_MAR_O_NT_002.SEN3,2019-04-04,kalba,2019-04-04T06:04:42,147707,62177
S3B_OL_2_WFR____20190405T064004_20190405T064304_20190406T152133_0179_024_020_2520_MAR_O_NT_002.SEN3,2019-04-05,kalba,2019-04-05T06:40:04,56435,0
S3B_OL_2_WFR____20190409T063619_20190409T063919_20190410T173135_0179_024_077_2520_MAR_O_NT_002.SEN3,2019-04-09,kalba,2019-04-09T06:36:19,117306,65
S3B_OL_2_WFR____20190410T061008_20190410T061308_20190411T152640_0179_024_091_2520_MAR_O_NT_002.SEN3,2019-04-10,kalba,2019-04-10T06:10:08,543,178
S3A_OL_2_WFR____20190411T062326_20190411T062626_20190412T161241_0180_043_248_2520_MAR_O_NT_002.SEN3,2019-04-11,kalba,2019-04-11T06:23:26,143056,72041
S3A_OL_2_WFR____20190412T055715_20190412T060015_20190413T150154_0179_043_262_2520_MAR_O_NT_002.SEN3,2019-04-12,kalba,2019-04-12T05:57:15,90,0
S3B_OL_2_WFR____20190413T063235_20190413T063535_20190414T150547_0179_024_134_2520_MAR_O_NT_002.SEN3,2019-04-13,kalba,2019-04-13T06:32:35,80001,921
S3B_OL_2_WFR____20190414T060624_20190414T060924_20190415T154700_0179_024_148_2520_MAR_O_NT_002.SEN3,2019-04-14,kalba,2019-04-14T06:06:24,93571,54981
S3A_OL_2_WFR____20190414T064553_20190414T064853_20190415T161609_0179_043_291_2520_MAR_O_NT_002.SEN3,2019-04-14,kalba,2019-04-14T06:45:53,2311,0
S3A_OL_2_WFR____20190415T061942_20190415T062242_20190416T154552_0179_043_305_2520_MAR_O_NT_002.SEN3,2019-04-15,kalba,2019-04-15T06:19:42,177837,171043
S3B_OL_2_WFR____20190417T062850_20190417T063150_20190418T154703_0179_024_191_2520_MAR_O_NT_002.SEN3,2019-04-17,kalba,2019-04-17T06:28:50,177514,19637
S3B_OL_2_WFR____20190418T060240_20190418T060540_20190419T151034_0179_024_205_2520_MAR_O_NT_002.SEN3,2019-04-18,kalba,2019-04-18T06:02:40,175573,133088
S3A_OL_2_WFR____20190418T064209_20190418T064509_20190419T155113_0179_043_348_2520_MAR_O_NT_002.SEN3,2019-04-18,kalba,2019-04-18T06:42:09,38394,0
S3A_OL_2_WFR____20190419T061558_20190419T061858_20190420T155752_0179_043_362_2520_MAR_O_NT_002.SEN3,2019-04-19,kalba,2019-04-19T06:15:58,164458,87043
S3B_OL_2_WFR____20190421T062506_20190421T062806_20190422T131716_0179_024_248_2520_MAR_O_NT_002.SEN3,2019-04-21,kalba,2019-04-21T06:25:06,165550,112526
S3B_OL_2_WFR____20190422T055855_20190422T060155_20190423T154708_0180_024_262_2520_MAR_O_NT_002.SEN3,2019-04-22,kalba,2019-04-22T05:58:55,170927,132049
S3A_OL_2_WFR____20190422T063825_20190422T064125_20190423T142710_0179_044_020_2520_MAR_O_NT_002.SEN3,2019-04-22,kalba,2019-04-22T06:38:25,101867,0
S3A_OL_2_WFR____20190423T061214_20190423T061514_20190424T150503_0180_044_034_2520_MAR_O_NT_002.SEN3,2019-04-23,kalba,2019-04-23T06:12:14,149630,110725
S3B_OL_2_WFR____20190425T062121_20190425T062421_20190426T141554_0180_024_305_2520_MAR_O_NT_002.SEN3,2019-04-25,kalba,2019-04-25T06:21:21,178229,154045
S3A_OL_2_WFR____20190426T063441_20190426T063741_20190427T142613_0179_044_077_2520_MAR_O_NT_002.SEN3,2019-04-26,kalba,2019-04-26T06:34:41,177583,74
S3A_OL_2_WFR____20190427T060830_20190427T061130_20190428T151435_0179_044_091_2520_MAR_O_NT_002.SEN3,2019-04-27,kalba,2019-04-27T06:08:30,177809,166255
S3B_OL_2_WFR____20190428T064348_20190428T064648_20190429T151854_0179_024_348_2520_MAR_O_NT_002.SEN3,2019-04-28,kalba,2019-04-28T06:43:48,2755,0
S3B_OL_2_WFR____20190429T061737_20190429T062037_20190430T145318_0179_024_362_2520_MAR_O_NT_002.SEN3,2019-04-29,kalba,2019-04-29T06:17:37,179150,156943
S3A_OL_2_WFR____20190430T063057_20190430T063357_20190501T144609_0179_044_134_2520_MAR_O_NT_002.SEN3,2019-04-30,kalba,2019-04-30T06:30:57,177032,1001
S3A_OL_2_WFR____20190501T060446_20190501T060746_20190502T142947_0179_044_148_2520_MAR_O_NT_002.SEN3,2019-05-01,kalba,2019-05-01T06:04:46,179753,167247
S3B_OL_2_WFR____20190502T064003_20190502T064303_20190503T123914_0179_025_020_2520_MAR_O_NT_002.SEN3,2019-05-02,kalba,2019-05-02T06:40:03,21431,0
S3B_OL_2_WFR____20190503T061352_20190503T061652_20190504T122829_0179_025_034_2520_MAR_O_NT_002.SEN3,2019-05-03,kalba,2019-05-03T06:13:52,179386,172033
S3A_OL_2_WFR____20190504T062713_20190504T063013_20190505T155327_0179_044_191_2520_MAR_O_NT_002.SEN3,2019-05-04,kalba,2019-05-04T06:27:13,177715,8815
S3A_OL_2_WFR____20190505T060102_20190505T060402_20190506T160357_0180_044_205_2520_MAR_O_NT_002.SEN3,2019-05-05,kalba,2019-05-05T06:01:02,107290,50692
S3B_OL_2_WFR____20190506T063618_20190506T063918_20190507T161339_0179_025_077_2520_MAR_O_NT_002.SEN3,2019-05-06,kalba,2019-05-06T06:36:18,160403,0
S3B_OL_2_WFR____20190507T061007_20190507T061307_20190508T151845_0180_025_091_2520_MAR_O_NT_002.SEN3,2019-05-07,kalba,2019-05-07T06:10:07,178909,167920
S3A_OL_2_WFR____20190508T062328_20190508T062628_20190509T141852_0179_044_248_2520_MAR_O_NT_002.SEN3,2019-05-08,kalba,2019-05-08T06:23:28,178390,160197
S3A_OL_2_WFR____20190509T055718_20190509T060018_20190510T124201_0179_044_262_2520_MAR_O_NT_002.SEN3,2019-05-09,kalba,2019-05-09T05:57:18,164244,71691
S3B_OL_2_WFR____20190510T063233_20190510T063533_20190511T143631_0179_025_134_2520_MAR_O_NT_002.SEN3,2019-05-10,kalba,2019-05-10T06:32:33,172659,102
S3B_OL_2_WFR____20190511T060622_20190511T060922_20190512T133302_0179_025_148_2520_MAR_O_NT_002.SEN3,2019-05-11,kalba,2019-05-11T06:06:22,177662,162758
S3A_OL_2_WFR____20190511T064555_20190511T064855_20190512T151514_0180_044_291_2520_MAR_O_NT_002.SEN3,2019-05-11,kalba,2019-05-11T06:45:55,76,0
S3A_OL_2_WFR____20190512T061944_20190512T062244_20190513T155744_0180_044_305_2520_MAR_O_NT_002.SEN3,2019-05-12,kalba,2019-05-12T06:19:44,165114,108335
S3B_OL_2_WFR____20190514T062848_20190514T063148_20190515T153254_0179_025_191_2520_MAR_O_NT_002.SEN3,2019-05-14,kalba,2019-05-14T06:28:48,177301,1483
S3B_OL_2_WFR____20190515T060237_20190515T060537_20190516T145001_0180_025_205_2520_MAR_O_NT_002.SEN3,2019-05-15,kalba,2019-05-15T06:02:37,179741,168743
S3A_OL_2_WFR____20190515T064211_20190515T064511_20190516T145533_0179_044_348_2520_MAR_O_NT_002.SEN3,2019-05-15,kalba,2019-05-15T06:42:11,2138,0
S3A_OL_2_WFR____20190516T061600_20190516T061900_20190517T135150_0179_044_362_2520_MAR_O_NT_002.SEN3,2019-05-16,kalba,2019-05-16T06:16:00,159908,143764
S3B_OL_2_WFR____20190518T062503_20190518T062803_20190519T131957_0179_025_248_2520_MAR_O_NT_002.SEN3,2019-05-18,kalba,2019-05-18T06:25:03,34305,11903
S3B_OL_2_WFR____20190519T055852_20190519T060152_20190520T160746_0180_025_262_2520_MAR_O_NT_002.SEN3,2019-05-19,kalba,2019-05-19T05:58:52,54966,27526
S3A_OL_2_WFR____20190519T063826_20190519T064126_20190520T161827_0179_045_020_2520_MAR_O_NT_002.SEN3,2019-05-19,kalba,2019-05-19T06:38:26,47903,0
S3A_OL_2_WFR____20190520T061215_20190520T061515_20190521T161706_0179_045_034_2520_MAR_O_NT_002.SEN3,2019-05-20,kalba,2019-05-20T06:12:15,129734,84920
S3B_OL_2_WFR____20190522T062118_20190522T062418_20190523T144024_0179_025_305_2520_MAR_O_NT_002.SEN3,2019-05-22,kalba,2019-05-22T06:21:18,164429,142383
S3A_OL_2_WFR____20190523T063442_20190523T063742_20190524T154425_0179_045_077_2520_MAR_O_NT_002.SEN3,2019-05-23,kalba,2019-05-23T06:34:42,158388,0
S3A_OL_2_WFR____20190524T060831_20190524T061131_20190525T162850_0179_045_091_2520_MAR_O_NT_002.SEN3,2019-05-24,kalba,2019-05-24T06:08:31,179289,169548
S3B_OL_2_WFR____20190525T064344_20190525T064644_20190526T151511_0179_025_348_2520_MAR_O_NT_002.SEN3,2019-05-25,kalba,2019-05-25T06:43:44,309,0
S3B_OL_2_WFR____20190526T061733_20190526T062033_20190527T162424_0179_025_362_2520_MAR_O_NT_002.SEN3,2019-05-26,kalba,2019-05-26T06:17:33,179175,174505
S3A_OL_2_WFR____20190527T063057_20190527T063357_20190528T151345_0179_045_134_2520_MAR_O_NT_002.SEN3,2019-05-27,kalba,2019-05-27T06:30:57,175880,63
S3A_OL_2_WFR____20190528T060446_20190528T060746_20190529T160118_0179_045_148_2520_MAR_O_NT_002.SEN3,2019-05-28,kalba,2019-05-28T06:04:46,154016,127132
S3B_OL_2_WFR____20190529T063959_20190529T064259_20190530T151320_0179_026_020_2520_MAR_O_NT_002.SEN3,2019-05-29,kalba,2019-05-29T06:39:59,25990,0
S3A_OL_2_WFR____20190531T062713_20190531T063013_20190601T183849_0179_045_191_2520_MAR_O_NT_002.SEN3,2019-05-31,kalba,2019-05-31T06:27:13,177725,16573
S3A_OL_2_WFR____20190601T060102_20190601T060402_20190602T174721_0179_045_205_2520_MAR_O_NT_002.SEN3,2019-06-01,kalba,2019-06-01T06:01:02,174117,153869
S3B_OL_2_WFR____20190602T063613_20190602T063913_20190603T143628_0179_026_077_2520_MAR_O_NT_002.SEN3,2019-06-02,kalba,2019-06-02T06:36:13,88772,0
S3B_OL_2_WFR____20190603T061002_20190603T061302_20190604T161017_0179_026_091_2520_MAR_O_NT_002.SEN3,2019-06-03,kalba,2019-06-03T06:10:02,176694,167126
S3A_OL_2_WFR____20190604T062328_20190604T062628_20190605T172828_0179_045_248_2520_MAR_O_NT_002.SEN3,2019-06-04,kalba,2019-06-04T06:23:28,146781,117565
S3A_OL_2_WFR____20190605T055717_20190605T060017_20190606T160516_0179_045_262_2520_MAR_O_NT_002.SEN3,2019-06-05,kalba,2019-06-05T05:57:17,177070,138811
S3B_OL_2_WFR____20190606T063228_20190606T063528_20190607T152223_0179_026_134_2520_MAR_O_NT_002.SEN3,2019-06-06,kalba,2019-06-06T06:32:28,155106,9
S3B_OL_2_WFR____20190607T060617_20190607T060917_20190608T153600_0179_026_148_2520_MAR_O_NT_002.SEN3,2019-06-07,kalba,2019-06-07T06:06:17,177781,171701
S3A_OL_2_WFR____20190607T064554_20190607T064854_20190608T165044_0179_045_291_2520_MAR_O_NT_002.SEN3,2019-06-07,kalba,2019-06-07T06:45:54,743,0
S3A_OL_2_WFR____20190608T061943_20190608T062243_20190609T190417_0179_045_305_2520_MAR_O_NT_002.SEN3,2019-06-08,kalba,2019-06-08T06:19:43,178406,172050
S3B_OL_2_WFR____20190610T062843_20190610T063143_20190611T132218_0179_026_191_2520_MAR_O_NT_002.SEN3,2019-06-10,kalba,2019-06-10T06:28:43,177252,3892
S3B_OL_2_WFR____20190611T060232_20190611T060532_20190612T124554_0179_026_205_2520_MAR_O_NT_002.SEN3,2019-06-11,kalba,2019-06-11T06:02:32,177106,158340
S3A_OL_2_WFR____20190611T064209_20190611T064509_20190612T191137_0179_045_348_2520_MAR_O_NT_002.SEN3,2019-06-11,kalba,2019-06-11T06:42:09,30670,0
S3A_OL_2_WFR____20190612T061558_20190612T061858_20190613T182347_0179_045_362_2520_MAR_O_NT_002.SEN3,2019-06-12,kalba,2019-06-12T06:15:58,178531,155597
S3B_OL_2_WFR____20190614T062458_20190614T062758_20190615T123334_0179_026_248_2520_MAR_O_NT_002.SEN3,2019-06-14,kalba,2019-06-14T06:24:58,176447,80950
S3B_OL_2_WFR____20190615T055847_20190615T060147_20190616T122658_0180_026_262_2520_MAR_O_NT_002.SEN3,2019-06-15,kalba,2019-06-15T05:58:47,179996,172758
S3A_OL_2_WFR____20190615T063825_20190615T064125_20190616T172021_0179_046_020_2520_MAR_O_NT_002.SEN3,2019-06-15,kalba,2019-06-15T06:38:25,24970,0
S3A_OL_2_WFR____20190616T061214_20190616T061514_20190617T230520_0179_046_034_2520_MAR_O_NT_002.SEN3,2019-06-16,kalba,2019-06-16T06:12:14,50817,7812
S3A_OL_2_WFR____20190616T061214_20190616T061514_20190617T232526_0179_046_034_2520_MAR_O_NT_002.SEN3,2019-06-16,kalba,2019-06-16T06:12:14,50817,7812
S3B_OL_2_WFR____20190618T062114_20190618T062414_20190619T153821_0179_026_305_2520_MAR_O_NT_002.SEN3,2019-06-18,kalba,2019-06-18T06:21:14,174910,147448
S3A_OL_2_WFR____20190619T063441_20190619T063741_20190620T153015_0179_046_077_2520_MAR_O_NT_002.SEN3,2019-06-19,kalba,2019-06-19T06:34:41,177749,0
S3A_OL_2_WFR____20190620T060830_20190620T061130_20190621T133120_0179_046_091_2520_MAR_O_NT_002.SEN3,2019-06-20,kalba,2019-06-20T06:08:30,90389,5791
S3B_OL_2_WFR____20190621T064340_20190621T064640_20190622T150851_0179_026_348_2520_MAR_O_NT_002.SEN3,2019-06-21,kalba,2019-06-21T06:43:40,4354,0
S3B_OL_2_WFR____20190622T061729_20190622T062029_20190623T121813_0180_026_362_2520_MAR_O_NT_002.SEN3,2019-06-22,kalba,2019-06-22T06:17:29,152848,19517
S3A_OL_2_WFR____20190623T063056_20190623T063356_20190624T154348_0179_046_134_2520_MAR_O_NT_002.SEN3,2019-06-23,kalba,2019-06-23T06:30:56,166463,2693
S3A_OL_2_WFR____20190624T060445_20190624T060745_20190625T153138_0179_046_148_2520_MAR_O_NT_002.SEN3,2019-06-24,kalba,2019-06-24T06:04:45,88246,34051
S3B_OL_2_WFR____20190625T063956_20190625T064256_20190626T155427_0179_027_020_2520_MAR_O_NT_002.SEN3,2019-06-25,kalba,2019-06-25T06:39:56,113915,0
S3B_OL_2_WFR____20190626T061346_20190626T061646_20190627T153137_0180_027_034_2520_MAR_O_NT_002.SEN3,2019-06-26,kalba,2019-06-26T06:13:46,163537,98455
S3A_OL_2_WFR____20190627T062712_20190627T063012_20190628T134511_0179_046_191_2520_MAR_O_NT_002.SEN3,2019-06-27,kalba,2019-06-27T06:27:12,159480,13639
S3A_OL_2_WFR____20190628T060101_20190628T060401_20190629T161527_0180_046_205_2520_MAR_O_NT_002.SEN3,2019-06-28,kalba,2019-06-28T06:01:01,162995,105434
S3B_OL_2_WFR____20190629T063613_20190629T063913_20190630T153305_0179_027_077_2520_MAR_O_NT_002.SEN3,2019-06-29,kalba,2019-06-29T06:36:13,167317,0
S3B_OL_2_WFR____20190630T061002_20190630T061302_20190701T135817_0179_027_091_2520_MAR_O_NT_002.SEN3,2019-06-30,kalba,2019-06-30T06:10:02,178969,171937
S3A_OL_2_WFR____20190701T062328_20190701T062628_20190702T150719_0179_046_248_2520_MAR_O_NT_002.SEN3,2019-07-01,kalba,2019-07-01T06:23:28,178435,162262
S3A_OL_2_WFR____20190702T055717_20190702T060017_20190703T131516_0179_046_262_2520_MAR_O_NT_002.SEN3,2019-07-02,kalba,2019-07-02T05:57:17,180391,155234
S3B_OL_2_WFR____20190703T063229_20190703T063529_20190704T131554_0179_027_134_2520_MAR_O_NT_002.SEN3,2019-07-03,kalba,2019-07-03T06:32:29,158231,125
S3B_OL_2_WFR____20190704T060618_20190704T060918_20190705T123906_0179_027_148_2520_MAR_O_NT_002.SEN3,2019-07-04,kalba,2019-07-04T06:06:18,79991,29129
S3A_OL_2_WFR____20190704T064554_20190704T064854_20190705T151954_0179_046_291_2520_MAR_O_NT_002.SEN3,2019-07-04,kalba,2019-07-04T06:45:54,2273,0
S3A_OL_2_WFR____20190705T061943_20190705T062243_20190706T163003_0179_046_305_2520_MAR_O_NT_002.SEN3,2019-07-05,kalba,2019-07-05T06:19:43,175933,140145
S3B_OL_2_WFR____20190707T062845_20190707T063145_20190708T121820_0179_027_191_2520_MAR_O_NT_002.SEN3,2019-07-07,kalba,2019-07-07T06:28:45,143516,8169
S3B_OL_2_WFR____20190708T060234_20190708T060534_20190709T161022_0179_027_205_2520_MAR_O_NT_002.SEN3,2019-07-08,kalba,2019-07-08T06:02:34,108518,50514
S3A_OL_2_WFR____20190708T064210_20190708T064510_20190709T151446_0179_046_348_2520_MAR_O_NT_002.SEN3,2019-07-08,kalba,2019-07-08T06:42:10,41594,0
S3A_OL_2_WFR____20190709T061559_20190709T061859_20190710T183124_0179_046_362_2520_MAR_O_NT_002.SEN3,2019-07-09,kalba,2019-07-09T06:15:59,157519,63103
S3B_OL_2_WFR____20190711T062501_20190711T062801_20190712T135631_0179_027_248_2520_MAR_O_NT_002.SEN3,2019-07-11,kalba,2019-07-11T06:25:01,172595,125039
S3B_OL_2_WFR____20190712T055850_20190712T060150_20190713T132402_0179_027_262_2520_MAR_O_NT_002.SEN3,2019-07-12,kalba,2019-07-12T05:58:50,156534,125629
S3A_OL_2_WFR____20190712T063825_20190712T064125_20190713T131916_0179_047_020_2520_MAR_O_NT_002.SEN3,2019-07-12,kalba,2019-07-12T06:38:25,167516,0
S3A_OL_2_WFR____20190713T061214_20190713T061514_20190714T145828_0179_047_034_2520_MAR_O_NT_002.SEN3,2019-07-13,kalba,2019-07-13T06:12:14,144420,15624
S3B_OL_2_WFR____20190715T062117_20190715T062417_20190716T154915_0179_027_305_2520_MAR_O_NT_002.SEN3,2019-07-15,kalba,2019-07-15T06:21:17,174428,135488
S3A_OL_2_WFR____20190716T063440_20190716T063740_20190718T182506_0179_047_077_2520_MAR_O_NT_002.SEN3,2019-07-16,kalba,2019-07-16T06:34:40,167104,0
S3A_OL_2_WFR____20190717T060829_20190717T061129_20190718T143654_0179_047_091_2520_MAR_O_NT_002.SEN3,2019-07-17,kalba,2019-07-17T06:08:29,65124,2927
S3B_OL_2_WFR____20190718T064343_20190718T064643_20190719T153356_0179_027_348_2520_MAR_O_NT_002.SEN3,2019-07-18,kalba,2019-07-18T06:43:43,4905,0
S3B_OL_2_WFR____20190719T061732_20190719T062032_20190720T151713_0179_027_362_2520_MAR_O_NT_002.SEN3,2019-07-19,kalba,2019-07-19T06:17:32,86251,27453
S3A_OL_2_WFR____20190720T063056_20190720T063356_20190721T161534_0179_047_134_2520_MAR_O_NT_002.SEN3,2019-07-20,kalba,2019-07-20T06:30:56,166970,2183
S3A_OL_2_WFR____20190721T060445_20190721T060745_20190722T145855_0180_047_148_2520_MAR_O_NT_002.SEN3,2019-07-21,kalba,2019-07-21T06:04:45,131562,34420
S3B_OL_2_WFR____20190722T063959_20190722T064259_20190723T155749_0179_028_020_2520_MAR_O_NT_002.SEN3,2019-07-22,kalba,2019-07-22T06:39:59,119546,0
S3B_OL_2_WFR____20190723T061348_20190723T061648_20190724T142512_0179_028_034_2520_MAR_O_NT_002.SEN3,2019-07-23,kalba,2019-07-23T06:13:48,46397,188
S3A_OL_2_WFR____20190724T062711_20190724T063011_20190725T144619_0179_047_191_2520_MAR_O_NT_002.SEN3,2019-07-24,kalba,2019-07-24T06:27:11,168740,16252
S3A_OL_2_WFR____20190725T060100_20190725T060400_20190726T145305_0179_047_205_2520_MAR_O_NT_002.SEN3,2019-07-25,kalba,2019-07-25T06:01:00,87009,10559
S3B_OL_2_WFR____20190726T063615_20190726T063915_20190727T153038_0179_028_077_2520_MAR_O_NT_002.SEN3,2019-07-26,kalba,2019-07-26T06:36:15,136596,0
S3B_OL_2_WFR____20190727T061004_20190727T061304_20190728T151016_0179_028_091_2520_MAR_O_NT_002.SEN3,2019-07-27,kalba,2019-07-27T06:10:04,177656,161419
S3A_OL_2_WFR____20190728T062326_20190728T062626_20190729T154331_0179_047_248_2520_MAR_O_NT_002.SEN3,2019-07-28,kalba,2019-07-28T06:23:26,177970,17564
S3A_OL_2_WFR____20190729T055715_20190729T060015_20190730T141818_0179_047_262_2520_MAR_O_NT_002.SEN3,2019-07-29,kalba,2019-07-29T05:57:15,6568,0
S3B_OL_2_WFR____20190730T063230_20190730T063530_20190731T154132_0179_028_134_2520_MAR_O_NT_002.SEN3,2019-07-30,kalba,2019-07-30T06:32:30,61943,19
S3B_OL_2_WFR____20190731T060620_20190731T060920_20190801T123530_0179_028_148_2520_MAR_O_NT_002.SEN3,2019-07-31,kalba,2019-07-31T06:06:20,8565,335
S3A_OL_2_WFR____20190731T064553_20190731T064853_20190801T152122_0179_047_291_2520_MAR_O_NT_002.SEN3,2019-07-31,kalba,2019-07-31T06:45:53,163,0
S3A_OL_2_WFR____20190801T061941_20190801T062241_20190802T152048_0179_047_305_2520_MAR_O_NT_002.SEN3,2019-08-01,kalba,2019-08-01T06:19:41,169410,123405
S3B_OL_2_WFR____20190803T062846_20190803T063146_20190804T122759_0179_028_191_2520_MAR_O_NT_002.SEN3,2019-08-03,kalba,2019-08-03T06:28:46,32294,246
S3B_OL_2_WFR____20190804T060235_20190804T060535_20190805T141336_0180_028_205_2520_MAR_O_NT_002.SEN3,2019-08-04,kalba,2019-08-04T06:02:35,21784,0
S3A_OL_2_WFR____20190804T064208_20190804T064508_20190805T152148_0179_047_348_2520_MAR_O_NT_002.SEN3,2019-08-04,kalba,2019-08-04T06:42:08,9018,0
S3A_OL_2_WFR____20190805T061557_20190805T061857_20190806T145326_0179_047_362_2520_MAR_O_NT_002.SEN3,2019-08-05,kalba,2019-08-05T06:15:57,20568,8982
S3B_OL_2_WFR____20190807T062502_20190807T062802_20190808T130619_0179_028_248_2520_MAR_O_NT_002.SEN3,2019-08-07,kalba,2019-08-07T06:25:02,171769,145165
S3B_OL_2_WFR____20190808T055851_20190808T060151_20190809T150004_0179_028_262_2520_MAR_O_NT_002.SEN3,2019-08-08,kalba,2019-08-08T05:58:51,2216,0
S3A_OL_2_WFR____20190808T063823_20190808T064123_20190809T150357_0180_048_020_2520_MAR_O_NT_002.SEN3,2019-08-08,kalba,2019-08-08T06:38:23,140488,0
S3A_OL_2_WFR____20190809T061212_20190809T061512_20190810T142228_0180_048_034_2520_MAR_O_NT_002.SEN3,2019-08-09,kalba,2019-08-09T06:12:12,8676,20
S3B_OL_2_WFR____20190811T062117_20190811T062417_20190812T145833_0179_028_305_2520_MAR_O_NT_002.SEN3,2019-08-11,kalba,2019-08-11T06:21:17,6657,95
S3A_OL_2_WFR____20190812T063438_20190812T063738_20190813T151649_0179_048_077_2520_MAR_O_NT_002.SEN3,2019-08-12,kalba,2019-08-12T06:34:38,106757,6
S3A_OL_2_WFR____20190813T060827_20190813T061127_20190814T150524_0179_048_091_2520_MAR_O_NT_002.SEN3,2019-08-13,kalba,2019-08-13T06:08:27,602,0
S3B_OL_2_WFR____20190814T064343_20190814T064643_20190815T155329_0179_028_348_2520_MAR_O_NT_002.SEN3,2019-08-14,kalba,2019-08-14T06:43:43,4722,0
S3B_OL_2_WFR____20190815T061732_20190815T062032_20190816T134708_0180_028_362_2520_MAR_O_NT_002.SEN3,2019-08-15,kalba,2019-08-15T06:17:32,178008,8265
S3A_OL_2_WFR____20190816T063053_20190816T063353_20190817T141849_0179_048_134_2520_MAR_O_NT_002.SEN3,2019-08-16,kalba,2019-08-16T06:30:53,176875,864
S3A_OL_2_WFR____20190817T060442_20190817T060742_20190818T141720_0180_048_148_2520_MAR_O_NT_002.SEN3,2019-08-17,kalba,2019-08-17T06:04:42,177618,114247
S3B_OL_2_WFR____20190818T063959_20190818T064259_20190819T133546_0179_029_020_2520_MAR_O_NT_002.SEN3,2019-08-18,kalba,2019-08-18T06:39:59,106451,0
S3B_OL_2_WFR____20190819T061348_20190819T061648_20190820T134852_0179_029_034_2520_MAR_O_NT_002.SEN3,2019-08-19,kalba,2019-08-19T06:13:48,158975,69192
S3A_OL_2_WFR____20190821T060056_20190821T060356_20190822T150236_0179_048_205_2520_MAR_O_NT_002.SEN3,2019-08-21,kalba,2019-08-21T06:00:56,126054,74011
S3B_OL_2_WFR____20190822T063614_20190822T063914_20190823T153511_0180_029_077_2520_MAR_O_NT_002.SEN3,2019-08-22,kalba,2019-08-22T06:36:14,164324,19
S3B_OL_2_WFR____20190823T061003_20190823T061303_20190824T150830_0180_029_091_2520_MAR_O_NT_002.SEN3,2019-08-23,kalba,2019-08-23T06:10:03,157316,100745
S3A_OL_2_WFR____20190824T062322_20190824T062622_20190825T162026_0179_048_248_2520_MAR_O_NT_002.SEN3,2019-08-24,kalba,2019-08-24T06:23:22,171886,124293
S3A_OL_2_WFR____20190825T055711_20190825T060011_20190826T154319_0179_048_262_2520_MAR_O_NT_002.SEN3,2019-08-25,kalba,2019-08-25T05:57:11,179897,150535
S3B_OL_2_WFR____20190826T063229_20190826T063529_20190827T131526_0179_029_134_2520_MAR_O_NT_002.SEN3,2019-08-26,kalba,2019-08-26T06:32:29,177826,313
S3B_OL_2_WFR____20190827T060618_20190827T060918_20190828T145450_0179_029_148_2520_MAR_O_NT_002.SEN3,2019-08-27,kalba,2019-08-27T06:06:18,160396,118278
S3A_OL_2_WFR____20190827T064548_20190827T064848_20190828T153804_0179_048_291_2520_MAR_O_NT_002.SEN3,2019-08-27,kalba,2019-08-27T06:45:48,921,0
S3A_OL_2_WFR____20190828T061937_20190828T062237_20190829T134919_0180_048_305_2520_MAR_O_NT_002.SEN3,2019-08-28,kalba,2019-08-28T06:19:37,178409,172267
S3B_OL_2_WFR____20190830T062845_20190830T063145_20190831T155023_0179_029_191_2520_MAR_O_NT_002.SEN3,2019-08-30,kalba,2019-08-30T06:28:45,170156,51696
S3B_OL_2_WFR____20190831T060234_20190831T060534_20190901T151008_0179_029_205_2520_MAR_O_NT_002.SEN3,2019-08-31,kalba,2019-08-31T06:02:34,156947,119251
S3A_OL_2_WFR____20190901T061553_20190901T061853_20190902T153121_0179_048_362_2520_MAR_O_NT_002.SEN3,2019-09-01,kalba,2019-09-01T06:15:53,176412,151681
S3B_OL_2_WFR____20190903T062500_20190903T062800_20190904T160638_0179_029_248_2520_MAR_O_NT_002.SEN3,2019-09-03,kalba,2019-09-03T06:25:00,174827,158031
S3B_OL_2_WFR____20190904T055849_20190904T060149_20190905T151327_0179_029_262_2520_MAR_O_NT_002.SEN3,2019-09-04,kalba,2019-09-04T05:58:49,176938,161993
S3A_OL_2_WFR____20190904T063820_20190904T064120_20190905T154817_0179_049_020_2520_MAR_O_NT_002.SEN3,2019-09-04,kalba,2019-09-04T06:38:20,176549,2
S3A_OL_2_WFR____20190908T063437_20190908T063737_20190909T142954_0179_049_077_2520_MAR_O_NT_002.SEN3,2019-09-08,kalba,2019-09-08T06:34:37,167608,126
S3A_OL_2_WFR____20190909T060826_20190909T061126_20190910T152650_0179_049_091_2520_MAR_O_NT_002.SEN3,2019-09-09,kalba,2019-09-09T06:08:26,151512,47122
S3B_OL_2_WFR____20190911T061731_20190911T062031_20190912T153241_0180_029_362_2520_MAR_O_NT_002.SEN3,2019-09-11,kalba,2019-09-11T06:17:31,166553,107572
S3A_OL_2_WFR____20190912T063053_20190912T063353_20190913T151150_0179_049_134_2520_MAR_O_NT_002.SEN3,2019-09-12,kalba,2019-09-12T06:30:53,176660,58059
S3A_OL_2_WFR____20190913T060442_20190913T060742_20190914T125813_0179_049_148_2520_MAR_O_NT_002.SEN3,2019-09-13,kalba,2019-09-13T06:04:42,156983,86385
S3B_OL_2_WFR____20190914T063958_20190914T064258_20190915T134428_0179_030_020_2520_MAR_O_NT_002.SEN3,2019-09-14,kalba,2019-09-14T06:39:58,98584,0
S3B_OL_2_WFR____20190915T061347_20190915T061647_20190916T135702_0179_030_034_2520_MAR_O_NT_002.SEN3,2019-09-15,kalba,2019-09-15T06:13:47,177579,159992
S3A_OL_2_WFR____20190916T062709_20190916T063009_20190917T160646_0180_049_191_2520_MAR_O_NT_002.SEN3,2019-09-16,kalba,2019-09-16T06:27:09,51702,4075
S3A_OL_2_WFR____20190917T060058_20190917T060358_20190918T151921_0179_049_205_2520_MAR_O_NT_002.SEN3,2019-09-17,kalba,2019-09-17T06:00:58,108367,58257
S3B_OL_2_WFR____20190918T063613_20190918T063913_20190919T131236_0180_030_077_2520_MAR_O_NT_002.SEN3,2019-09-18,kalba,2019-09-18T06:36:13,177983,154
S3B_OL_2_WFR____20190919T061002_20190919T061302_20190920T144627_0179_030_091_2520_MAR_O_NT_002.SEN3,2019-09-19,kalba,2019-09-19T06:10:02,177931,159508
S3A_OL_2_WFR____20190920T062325_20190920T062625_20190921T150716_0179_049_248_2520_MAR_O_NT_002.SEN3,2019-09-20,kalba,2019-09-20T06:23:25,178094,170859
S3B_OL_2_WFR____20190922T063229_20190922T063529_20190923T115908_0179_030_134_2520_MAR_O_NT_002.SEN3,2019-09-22,kalba,2019-09-22T06:32:29,179007,33136
S3B_OL_2_WFR____20190923T060618_20190923T060918_20190924T135446_0179_030_148_2520_MAR_O_NT_002.SEN3,2019-09-23,kalba,2019-09-23T06:06:18,172453,148955
S3A_OL_2_WFR____20190923T064552_20190923T064852_20190924T144926_0179_049_291_2520_MAR_O_NT_002.SEN3,2019-09-23,kalba,2019-09-23T06:45:52,2752,0
S3B_OL_2_WFR____20190926T062844_20190926T063144_20190927T124652_0179_030_191_2520_MAR_O_NT_002.SEN3,2019-09-26,kalba,2019-09-26T06:28:44,177571,140859
S3B_OL_2_WFR____20190927T060233_20190927T060533_20190928T150606_0179_030_205_2520_MAR_O_NT_002.SEN3,2019-09-27,kalba,2019-09-27T06:02:33,179677,170844
S3A_OL_2_WFR____20190928T061557_20190928T061857_20190929T151248_0179_049_362_2520_MAR_O_NT_002.SEN3,2019-09-28,kalba,2019-09-28T06:15:57,178626,164835
S3B_OL_2_WFR____20190930T062459_20190930T062759_20191001T132104_0179_030_248_2520_MAR_O_NT_002.SEN3,2019-09-30,kalba,2019-09-30T06:24:59,175570,163052
S3B_OL_2_WFR____20191001T055848_20191001T060148_20191002T154940_0179_030_262_2520_MAR_O_NT_002.SEN3,2019-10-01,kalba,2019-10-01T05:58:48,124111,93849
S3A_OL_2_WFR____20191001T063823_20191001T064123_20191002T134032_0179_050_020_2520_MAR_O_NT_002.SEN3,2019-10-01,kalba,2019-10-01T06:38:23,174143,148
S3A_OL_2_WFR____20191002T061213_20191002T061513_20191003T131817_0179_050_034_2520_MAR_O_NT_002.SEN3,2019-10-02,kalba,2019-10-02T06:12:13,164292,128480
S3B_OL_2_WFR____20191004T062114_20191004T062414_20191005T135801_0179_030_305_2520_MAR_O_NT_002.SEN3,2019-10-04,kalba,2019-10-04T06:21:14,163696,87264
S3A_OL_2_WFR____20191005T063439_20191005T063739_20191006T163404_0179_050_077_2520_MAR_O_NT_002.SEN3,2019-10-05,kalba,2019-10-05T06:34:39,177851,64640
S3B_OL_2_WFR____20191007T064340_20191007T064640_20191008T132729_0180_030_348_2520_MAR_O_NT_002.SEN3,2019-10-07,kalba,2019-10-07T06:43:40,4180,21
S3B_OL_2_WFR____20191008T061729_20191008T062029_20191009T153230_0179_030_362_2520_MAR_O_NT_002.SEN3,2019-10-08,kalba,2019-10-08T06:17:29,175006,105430
S3A_OL_2_WFR____20191009T063055_20191009T063355_20191010T152443_0179_050_134_2520_MAR_O_NT_002.SEN3,2019-10-09,kalba,2019-10-09T06:30:55,177507,150316
S3A_OL_2_WFR____20191010T060444_20191010T060744_20191011T133910_0179_050_148_2520_MAR_O_NT_002.SEN3,2019-10-10,kalba,2019-10-10T06:04:44,177061,147875
S3B_OL_2_WFR____20191011T063955_20191011T064255_20191012T150442_0179_031_020_2520_MAR_O_NT_002.SEN3,2019-10-11,kalba,2019-10-11T06:39:55,26895,769
S3A_OL_2_WFR____20191013T062711_20191013T063011_20191014T160912_0179_050_191_2520_MAR_O_NT_002.SEN3,2019-10-13,kalba,2019-10-13T06:27:11,170157,105314
S3A_OL_2_WFR____20191014T060100_20191014T060400_20191015T133605_0179_050_205_2520_MAR_O_NT_002.SEN3,2019-10-14,kalba,2019-10-14T06:01:00,179048,158877
S3B_OL_2_WFR____20191015T063609_20191015T063909_20191016T154248_0179_031_077_2520_MAR_O_NT_002.SEN3,2019-10-15,kalba,2019-10-15T06:36:09,177972,77865
S3B_OL_2_WFR____20191016T060958_20191016T061258_20191017T164731_0179_031_091_2520_MAR_O_NT_002.SEN3,2019-10-16,kalba,2019-10-16T06:09:58,179124,174052
S3A_OL_2_WFR____20191017T062326_20191017T062626_20191018T135345_0179_050_248_2520_MAR_O_NT_002.SEN3,2019-10-17,kalba,2019-10-17T06:23:26,178385,171842
S3A_OL_2_WFR____20191018T055715_20191018T060015_20191019T134344_0180_050_262_2520_MAR_O_NT_002.SEN3,2019-10-18,kalba,2019-10-18T05:57:15,176297,152625
S3B_OL_2_WFR____20191019T063225_20191019T063525_20191024T000025_0179_031_134_2520_MAR_O_NT_002.SEN3,2019-10-19,kalba,2019-10-19T06:32:25,178739,166418
S3B_OL_2_WFR____20191020T060615_20191020T060915_20191021T143731_0179_031_148_2520_MAR_O_NT_002.SEN3,2019-10-20,kalba,2019-10-20T06:06:15,177682,167478
S3A_OL_2_WFR____20191020T064553_20191020T064853_20191021T154309_0179_050_291_2520_MAR_O_NT_002.SEN3,2019-10-20,kalba,2019-10-20T06:45:53,2701,1319
S3A_OL_2_WFR____20191021T061942_20191021T062242_20191022T152424_0180_050_305_2520_MAR_O_NT_002.SEN3,2019-10-21,kalba,2019-10-21T06:19:42,176011,154909
S3B_OL_2_WFR____20191023T062842_20191023T063142_20191024T154040_0179_031_191_2520_MAR_O_NT_002.SEN3,2019-10-23,kalba,2019-10-23T06:28:42,177375,170425
S3B_OL_2_WFR____20191024T060231_20191024T060531_20191025T150448_0180_031_205_2520_MAR_O_NT_002.SEN3,2019-10-24,kalba,2019-10-24T06:02:31,179546,170514
S3A_OL_2_WFR____20191024T064208_20191024T064508_20191025T135438_0179_050_348_2520_MAR_O_NT_002.SEN3,2019-10-24,kalba,2019-10-24T06:42:08,43612,39084
S3A_OL_2_WFR____20191025T061557_20191025T061857_20191026T141046_0179_050_362_2520_MAR_O_NT_002.SEN3,2019-10-25,kalba,2019-10-25T06:15:57,178462,166440
S3B_OL_2_WFR____20191027T062458_20191027T062758_20191028T151405_0179_031_248_2520_MAR_O_NT_002.SEN3,2019-10-27,kalba,2019-10-27T06:24:58,175819,164717
S3B_OL_2_WFR____20191028T055848_20191028T060148_20191029T140502_0179_031_262_2520_MAR_O_NT_002.SEN3,2019-10-28,kalba,2019-10-28T05:58:48,174352,137744
S3A_OL_2_WFR____20191028T063824_20191028T064124_20191029T152052_0179_051_020_2520_MAR_O_NT_002.SEN3,2019-10-28,kalba,2019-10-28T06:38:24,177250,154918
S3A_OL_2_WFR____20191029T061213_20191029T061513_20191108T080904_0180_051_034_2520_MAR_O_NT_002.SEN3,2019-10-29,kalba,2019-10-29T06:12:13,178994,168005
S3B_OL_2_WFR____20191031T062115_20191031T062415_20191113T005238_0179_031_305_2520_MAR_O_NT_002.SEN3,2019-10-31,kalba,2019-10-31T06:21:15,168932,107341
S3A_OL_2_WFR____20191101T063439_20191101T063739_20191122T022237_0179_051_077_2520_MAR_O_NT_002.SEN3,2019-11-01,kalba,2019-11-01T06:34:39,175177,155935
S3A_OL_2_WFR____20191102T060828_20191102T061128_20191123T043110_0180_051_091_2520_MAR_O_NT_002.SEN3,2019-11-02,kalba,2019-11-02T06:08:28,175714,158625
S3B_OL_2_WFR____20191103T064342_20191103T064642_20191106T143651_0180_031_348_2520_MAR_O_NT_002.SEN3,2019-11-03,kalba,2019-11-03T06:43:42,5505,3729
S3B_OL_2_WFR____20191104T061731_20191104T062031_20191123T164235_0179_031_362_2520_MAR_O_NT_002.SEN3,2019-11-04,kalba,2019-11-04T06:17:31,172785,133424
S3A_OL_2_WFR____20191105T063054_20191105T063354_20191125T073124_0179_051_134_2520_MAR_O_NT_002.SEN3,2019-11-05,kalba,2019-11-05T06:30:54,176810,164663
S3A_OL_2_WFR____20191106T060443_20191106T060743_20191107T164208_0179_051_148_2520_MAR_O_NT_002.SEN3,2019-11-06,kalba,2019-11-06T06:04:43,179572,163773
S3B_OL_2_WFR____20191107T063958_20191107T064258_20191128T004954_0179_032_020_2520_MAR_O_NT_002.SEN3,2019-11-07,kalba,2019-11-07T06:39:58,124767,77875
S3B_OL_2_WFR____20191108T061347_20191108T061647_20191109T124232_0179_032_034_2520_MAR_O_NT_002.SEN3,2019-11-08,kalba,2019-11-08T06:13:47,179249,173579
S3A_OL_2_WFR____20191109T062709_20191109T063009_20191110T153011_0179_051_191_2520_MAR_O_NT_002.SEN3,2019-11-09,kalba,2019-11-09T06:27:09,101974,36047
S3A_OL_2_WFR____20191110T060058_20191110T060358_20191111T154318_0179_051_205_2520_MAR_O_NT_002.SEN3,2019-11-10,kalba,2019-11-10T06:00:58,106368,64846
S3B_OL_2_WFR____20191111T063614_20191111T063914_20191112T150234_0179_032_077_2520_MAR_O_NT_002.SEN3,2019-11-11,kalba,2019-11-11T06:36:14,173385,67954
S3B_OL_2_WFR____20191112T061003_20191112T061303_20191128T210447_0179_032_091_2520_MAR_O_NT_002.SEN3,2019-11-12,kalba,2019-11-12T06:10:03,179146,174584
S3A_OL_2_WFR____20191113T062324_20191113T062624_20191129T190039_0179_051_248_2520_MAR_O_NT_002.SEN3,2019-11-13,kalba,2019-11-13T06:23:24,177540,171451
S3A_OL_2_WFR____20191114T055713_20191114T060013_20191115T141816_0179_051_262_2520_MAR_O_NT_002.SEN3,2019-11-14,kalba,2019-11-14T05:57:13,180435,157937
S3B_OL_2_WFR____20191115T063230_20191115T063530_20191116T145538_0179_032_134_2520_MAR_O_NT_002.SEN3,2019-11-15,kalba,2019-11-15T06:32:30,178852,176396
S3B_OL_2_WFR____20191116T060619_20191116T060919_20191130T144015_0179_032_148_2520_MAR_O_NT_002.SEN3,2019-11-16,kalba,2019-11-16T06:06:19,175787,161698
S3A_OL_2_WFR____20191116T064550_20191116T064850_20191130T061449_0179_051_291_2520_MAR_O_NT_002.SEN3,2019-11-16,kalba,2019-11-16T06:45:50,1199,377
S3A_OL_2_WFR____20191117T061939_20191117T062239_20191201T011306_0179_051_305_2520_MAR_O_NT_002.SEN3,2019-11-17,kalba,2019-11-17T06:19:39,103825,47819
S3B_OL_2_WFR____20191119T062846_20191119T063146_20191203T004620_0179_032_191_2520_MAR_O_NT_002.SEN3,2019-11-19,kalba,2019-11-19T06:28:46,175241,134442
S3B_OL_2_WFR____20191120T060235_20191120T060535_20191203T225715_0179_032_205_2520_MAR_O_NT_002.SEN3,2019-11-20,kalba,2019-11-20T06:02:35,23366,8146
S3A_OL_2_WFR____20191121T061554_20191121T061854_20191204T042925_0180_051_362_2520_MAR_O_NT_002.SEN3,2019-11-21,kalba,2019-11-21T06:15:54,3690,996
S3B_OL_2_WFR____20191123T062502_20191123T062802_20191206T065632_0180_032_248_2520_MAR_O_NT_002.SEN3,2019-11-23,kalba,2019-11-23T06:25:02,161877,132566
S3B_OL_2_WFR____20191124T055851_20191124T060151_20191207T013200_0180_032_262_2520_MAR_O_NT_002.SEN3,2019-11-24,kalba,2019-11-24T05:58:51,127578,85602
S3A_OL_2_WFR____20191124T063820_20191124T064120_20191206T140450_0179_052_020_2520_MAR_O_NT_002.SEN3,2019-11-24,kalba,2019-11-24T06:38:20,141487,94715
S3B_OL_2_WFR____20191127T062117_20191127T062417_20191209T112340_0179_032_305_2520_MAR_O_NT_002.SEN3,2019-11-27,kalba,2019-11-27T06:21:17,175973,158882
S3A_OL_2_WFR____20191128T063435_20191128T063735_20191209T185108_0179_052_077_2520_MAR_O_NT_002.SEN3,2019-11-28,kalba,2019-11-28T06:34:35,177879,175712
S3A_OL_2_WFR____20191129T060824_20191129T061124_20191210T153618_0179_052_091_2520_MAR_O_NT_002.SEN3,2019-11-29,kalba,2019-11-29T06:08:24,176564,158167
S3B_OL_2_WFR____20191201T061733_20191201T062033_20191212T190817_0179_032_362_2520_MAR_O_NT_002.SEN3,2019-12-01,kalba,2019-12-01T06:17:33,167431,126684
S3A_OL_2_WFR____20191203T060439_20191203T060739_20191213T162427_0179_052_148_2520_MAR_O_NT_002.SEN3,2019-12-03,kalba,2019-12-03T06:04:39,104059,45723
S3B_OL_2_WFR____20191204T064000_20191204T064300_20191215T083448_0179_033_020_2520_MAR_O_NT_002.SEN3,2019-12-04,kalba,2019-12-04T06:40:00,120634,102745
S3B_OL_2_WFR____20191205T061349_20191205T061649_20191216T053508_0180_033_034_2520_MAR_O_NT_002.SEN3,2019-12-05,kalba,2019-12-05T06:13:49,150713,111165
S3A_OL_2_WFR____20191206T062705_20191206T063005_20191216T024216_0179_052_191_2520_MAR_O_NT_002.SEN3,2019-12-06,kalba,2019-12-06T06:27:05,95028,53444
S3A_OL_2_WFR____20191207T060054_20191207T060354_20191216T213011_0179_052_205_2520_MAR_O_NT_002.SEN3,2019-12-07,kalba,2019-12-07T06:00:54,140105,94282
S3B_OL_2_WFR____20191208T063615_20191208T063915_20191218T200238_0180_033_077_2520_MAR_O_NT_002.SEN3,2019-12-08,kalba,2019-12-08T06:36:15,29227,6040
S3B_OL_2_WFR____20191209T061004_20191209T061304_20191219T171810_0179_033_091_2520_MAR_O_NT_002.SEN3,2019-12-09,kalba,2019-12-09T06:10:04,143676,80464
S3A_OL_2_WFR____20191210T062320_20191210T062620_20191219T061741_0179_052_248_2520_MAR_O_NT_002.SEN3,2019-12-10,kalba,2019-12-10T06:23:20,32522,12681
S3A_OL_2_WFR____20191211T055709_20191211T060009_20191220T010752_0180_052_262_2520_MAR_O_NT_002.SEN3,2019-12-11,kalba,2019-12-11T05:57:09,592,15
S3B_OL_2_WFR____20191212T063231_20191212T063531_20191222T062818_0179_033_134_2520_MAR_O_NT_002.SEN3,2019-12-12,kalba,2019-12-12T06:32:31,168209,149821
S3A_OL_2_WFR____20191213T064547_20191213T064847_20191221T153327_0179_052_291_2520_MAR_O_NT_002.SEN3,2019-12-13,kalba,2019-12-13T06:45:47,204,9
S3A_OL_2_WFR____20191214T061936_20191214T062236_20191222T103509_0179_052_305_2520_MAR_O_NT_002.SEN3,2019-12-14,kalba,2019-12-14T06:19:36,176316,153499
S3B_OL_2_WFR____20191216T062846_20191216T063146_20191225T163933_0179_033_191_2520_MAR_O_NT_002.SEN3,2019-12-16,kalba,2019-12-16T06:28:46,54667,22117
S3B_OL_2_WFR____20191217T060235_20191217T060535_20191226T114705_0179_033_205_2520_MAR_O_NT_002.SEN3,2019-12-17,kalba,2019-12-17T06:02:35,37576,19674
S3A_OL_2_WFR____20191217T064203_20191217T064503_20191224T210225_0179_052_348_2520_MAR_O_NT_002.SEN3,2019-12-17,kalba,2019-12-17T06:42:03,3137,381
S3A_OL_2_WFR____20191218T061552_20191218T061852_20191225T155525_0179_052_362_2520_MAR_O_NT_002.SEN3,2019-12-18,kalba,2019-12-18T06:15:52,86143,37300
S3B_OL_2_WFR____20191220T062501_20191220T062801_20191229T003456_0179_033_248_2520_MAR_O_NT_002.SEN3,2019-12-20,kalba,2019-12-20T06:25:01,166048,140351
S3B_OL_2_WFR____20191221T055850_20191221T060150_20191229T204754_0179_033_262_2520_MAR_O_NT_002.SEN3,2019-12-21,kalba,2019-12-21T05:58:50,171208,161036
S3A_OL_2_WFR____20191221T063819_20191221T064119_20191228T002839_0179_053_020_2520_MAR_O_NT_002.SEN3,2019-12-21,kalba,2019-12-21T06:38:19,176289,170290
S3A_OL_2_WFR____20191222T061208_20191222T061508_20191228T183706_0179_053_034_2520_MAR_O_NT_002.SEN3,2019-12-22,kalba,2019-12-22T06:12:08,178906,174651
S3B_OL_2_WFR____20191224T062117_20191224T062417_20200101T080310_0179_033_305_2520_MAR_O_NT_002.SEN3,2019-12-24,kalba,2019-12-24T06:21:17,177677,169316
S3A_OL_2_WFR____20191225T063435_20191225T063735_20191231T045828_0179_053_077_2520_MAR_O_NT_002.SEN3,2019-12-25,kalba,2019-12-25T06:34:35,177873,175240
S3A_OL_2_WFR____20191226T060825_20191226T061125_20191231T231259_0179_053_091_2520_MAR_O_NT_002.SEN3,2019-12-26,kalba,2019-12-26T06:08:25,179058,173202
S3B_OL_2_WFR____20191227T064343_20191227T064643_20200103T222939_0179_033_348_2520_MAR_O_NT_002.SEN3,2019-12-27,kalba,2019-12-27T06:43:43,5553,4663
S3B_OL_2_WFR____20191228T061732_20191228T062032_20200104T173713_0179_033_362_2520_MAR_O_NT_002.SEN3,2019-12-28,kalba,2019-12-28T06:17:32,174192,150921
S3A_OL_2_WFR____20191229T063052_20191229T063352_20200103T075203_0179_053_134_2520_MAR_O_NT_002.SEN3,2019-12-29,kalba,2019-12-29T06:30:52,172915,148769
S3A_OL_2_WFR____20191230T060441_20191230T060741_20200104T031641_0179_053_148_2520_MAR_O_NT_002.SEN3,2019-12-30,kalba,2019-12-30T06:04:41,173376,150136
S3B_OL_2_WFR____20191231T063959_20191231T064259_20200107T040259_0179_034_020_2520_MAR_O_NT_002.SEN3,2019-12-31,kalba,2019-12-31T06:39:59,112696,101378
