intake,date,n_obs,n_anom,max_z,median_logchl,month,n_clim,coverage,observed,anom_frac,radius_km
alraha,2019-01-01,106,1,2.02453,0.39373,1,114,0.92982,True,0.00943,50
alraha,2019-01-02,0,0,,,1,114,0.00000,False,,50
alraha,2019-01-03,0,0,,,1,114,0.00000,False,,50
alraha,2019-01-04,89,0,1.89102,0.61308,1,114,0.78070,True,0.00000,50
alraha,2019-01-05,101,0,1.53041,0.47175,1,114,0.88596,True,0.00000,50
alraha,2019-01-06,0,0,,,1,114,0.00000,False,,50
alraha,2019-01-07,0,0,,,1,114,0.00000,False,,50
alraha,2019-01-08,29,0,1.53835,0.45861,1,114,0.25439,True,0.00000,50
alraha,2019-01-09,89,1,2.09809,0.41350,1,114,0.78070,True,0.01124,50
alraha,2019-01-10,0,0,,,1,114,0.00000,False,,50
alraha,2019-01-11,0,0,,,1,114,0.00000,False,,50
alraha,2019-01-12,54,0,1.39963,0.49048,1,114,0.47368,True,0.00000,50
alraha,2019-01-13,87,0,1.65332,0.42453,1,114,0.76316,True,0.00000,50
alraha,2019-01-14,0,0,,,1,114,0.00000,False,,50
alraha,2019-01-15,0,0,,,1,114,0.00000,False,,50
alraha,2019-01-16,113,0,1.51995,0.50531,1,114,0.99123,True,0.00000,50
alraha,2019-01-17,64,5,2.53758,0.43086,1,114,0.56140,True,0.07812,50
alraha,2019-01-18,0,0,,,1,114,0.00000,False,,50
alraha,2019-01-19,34,5,2.49217,0.47211,1,114,0.29825,True,0.14706,50
alraha,2019-01-20,85,1,2.06373,0.51253,1,114,0.74561,True,0.01176,50
alraha,2019-01-21,0,0,,,1,114,0.00000,False,,50
alraha,2019-01-22,0,0,,,1,114,0.00000,False,,50
alraha,2019-01-23,24,0,0.97926,0.64990,1,114,0.21053,True,0.00000,50
alraha,2019-01-24,19,0,1.43568,0.74353,1,114,0.16667,True,0.00000,50
alraha,2019-01-25,0,0,,,1,114,0.00000,False,,50
alraha,2019-01-26,0,0,,,1,114,0.00000,False,,50
alraha,2019-01-27,101,5,2.47113,0.47331,1,114,0.88596,True,0.04950,50
alraha,2019-01-28,38,8,3.17206,0.76714,1,114,0.33333,True,0.21053,50
alraha,2019-01-29,0,0,,,1,114,0.00000,False,,50
alraha,2019-01-30,0,0,,,1,114,0.00000,False,,50
alraha,2019-01-31,107,0,1.02812,0.36650,1,114,0.93860,True,0.00000,50
alraha,2019-02-01,96,0,1.79920,0.31554,2,109,0.88073,True,0.00000,50
alraha,2019-02-02,0,0,,,2,109,0.00000,False,,50
alraha,2019-02-03,0,0,,,2,109,0.00000,False,,50
alraha,2019-02-04,19,0,1.07842,-0.11352,2,109,0.17431,True,0.00000,50
alraha,2019-02-05,89,0,1.91332,0.39370,2,109,0.81651,True,0.00000,50
alraha,2019-02-06,0,0,,,2,109,0.00000,False,,50
alraha,2019-02-07,0,0,,,2,109,0.00000,False,,50
alraha,2019-02-08,103,1,2.84708,0.35444,2,109,0.94495,True,0.00971,50
alraha,2019-02-09,48,12,3.83966,0.63455,2,109,0.44037,True,0.25000,50
alraha,2019-02-10,0,0,,,2,109,0.00000,False,,50
alraha,2019-02-11,0,0,,,2,109,0.00000,False,,50
alraha,2019-02-12,0,0,,,2,109,0.00000,False,,50
alraha,2019-02-13,34,6,3.10457,0.43408,2,109,0.31193,True,0.17647,50
alraha,2019-02-14,0,0,,,2,109,0.00000,False,,50
alraha,2019-02-15,24,0,1.20160,0.54457,2,109,0.22018,True,0.00000,50
alraha,2019-02-16,0,0,,,2,109,0.00000,False,,50
alraha,2019-02-17,0,0,,,2,109,0.00000,False,,50
alraha,2019-02-18,0,0,,,2,109,0.00000,False,,50
alraha,2019-02-19,49,0,1.69474,0.23030,2,109,0.44954,True,0.00000,50
alraha,2019-02-20,102,16,3.34692,0.49498,2,109,0.93578,True,0.15686,50
alraha,2019-02-21,0,0,,,2,109,0.00000,False,,50
alraha,2019-02-22,0,0,,,2,109,0.00000,False,,50
alraha,2019-02-23,3,0,1.07901,0.55450,2,109,0.02752,False,,50
alraha,2019-02-24,17,1,2.88338,0.72835,2,109,0.15596,True,0.05882,50
alraha,2019-02-25,0,0,,,2,109,0.00000,False,,50
alraha,2019-02-26,0,0,,,2,109,0.00000,False,,50
alraha,2019-02-27,95,0,1.32890,0.35308,2,109,0.87156,True,0.00000,50
alraha,2019-02-28,0,0,,,2,109,0.00000,False,,50
alraha,2019-03-01,0,0,,,3,110,0.00000,False,,50
alraha,2019-03-02,0,0,,,3,110,0.00000,False,,50
alraha,2019-03-03,0,0,,,3,110,0.00000,False,,50
alraha,2019-03-04,91,10,2.85451,0.34402,3,110,0.82727,True,0.10989,50
alraha,2019-03-05,0,0,,,3,110,0.00000,False,,50
alraha,2019-03-06,0,0,,,3,110,0.00000,False,,50
alraha,2019-03-07,79,1,2.25161,0.28094,3,110,0.71818,True,0.01266,50
alraha,2019-03-08,79,0,1.62820,0.28781,3,110,0.71818,True,0.00000,50
alraha,2019-03-09,0,0,,,3,110,0.00000,False,,50
alraha,2019-03-10,0,0,,,3,110,0.00000,False,,50
alraha,2019-03-11,45,0,1.40471,0.20812,3,110,0.40909,True,0.00000,50
alraha,2019-03-12,88,0,1.41304,0.29554,3,110,0.80000,True,0.00000,50
alraha,2019-03-13,0,0,,,3,110,0.00000,False,,50
alraha,2019-03-14,0,0,,,3,110,0.00000,False,,50
alraha,2019-03-15,38,0,0.62734,0.08831,3,110,0.34545,True,0.00000,50
alraha,2019-03-16,0,0,,,3,110,0.00000,False,,50
alraha,2019-03-17,0,0,,,3,110,0.00000,False,,50
alraha,2019-03-18,0,0,,,3,110,0.00000,False,,50
alraha,2019-03-19,105,0,1.93380,0.36534,3,110,0.95455,True,0.00000,50
alraha,2019-03-20,0,0,,,3,110,0.00000,False,,50
alraha,2019-03-21,69,0,1.65694,0.18812,3,110,0.62727,True,0.00000,50
alraha,2019-03-22,56,0,1.21838,0.10457,3,110,0.50909,True,0.00000,50
alraha,2019-03-23,0,0,,,3,110,0.00000,False,,50
alraha,2019-03-24,0,0,,,3,110,0.00000,False,,50
alraha,2019-03-25,0,0,,,3,110,0.00000,False,,50
alraha,2019-03-26,11,1,2.30840,0.55039,3,110,0.10000,True,0.09091,50
alraha,2019-03-27,0,0,,,3,110,0.00000,False,,50
alraha,2019-03-28,0,0,,,3,110,0.00000,False,,50
alraha,2019-03-29,102,2,2.34791,0.40324,3,110,0.92727,True,0.01961,50
alraha,2019-03-30,0,0,,,3,110,0.00000,False,,50
alraha,2019-03-31,0,0,,,3,110,0.00000,False,,50
alraha,2019-04-01,0,0,,,4,111,0.00000,False,,50
alraha,2019-04-02,0,0,,,4,111,0.00000,False,,50
alraha,2019-04-03,0,0,,,4,111,0.00000,False,,50
alraha,2019-04-04,16,0,1.61828,0.34642,4,111,0.14414,True,0.00000,50
alraha,2019-04-05,0,0,,,4,111,0.00000,False,,50
alraha,2019-04-06,0,0,,,4,111,0.00000,False,,50
alraha,2019-04-07,0,0,,,4,111,0.00000,False,,50
alraha,2019-04-08,0,0,,,4,111,0.00000,False,,50
alraha,2019-04-09,94,0,1.87757,0.43026,4,111,0.84685,True,0.00000,50
alraha,2019-04-10,0,0,,,4,111,0.00000,False,,50
alraha,2019-04-11,0,0,,,4,111,0.00000,False,,50
alraha,2019-04-12,0,0,,,4,111,0.00000,False,,50
alraha,2019-04-13,17,0,1.50179,0.44558,4,111,0.15315,True,0.00000,50
alraha,2019-04-14,106,0,1.71634,0.50362,4,111,0.95495,True,0.00000,50
alraha,2019-04-15,109,0,1.24256,0.46719,4,111,0.98198,True,0.00000,50
alraha,2019-04-16,0,0,,,4,111,0.00000,False,,50
alraha,2019-04-17,104,0,1.41391,0.37221,4,111,0.93694,True,0.00000,50
alraha,2019-04-18,92,0,1.97770,0.35869,4,111,0.82883,True,0.00000,50
alraha,2019-04-19,95,0,1.43985,0.48193,4,111,0.85586,True,0.00000,50
alraha,2019-04-20,0,0,,,4,111,0.00000,False,,50
alraha,2019-04-21,96,0,1.23937,0.42598,4,111,0.86486,True,0.00000,50
alraha,2019-04-22,28,3,2.17090,0.69108,4,111,0.25225,True,0.10714,50
alraha,2019-04-23,69,1,2.11574,0.39509,4,111,0.62162,True,0.01449,50
alraha,2019-04-24,0,0,,,4,111,0.00000,False,,50
alraha,2019-04-25,96,30,3.38930,0.52881,4,111,0.86486,True,0.31250,50
alraha,2019-04-26,87,0,1.97061,0.35644,4,111,0.78378,True,0.00000,50
alraha,2019-04-27,13,0,1.39102,0.78450,4,111,0.11712,True,0.00000,50
alraha,2019-04-28,0,0,,,4,111,0.00000,False,,50
alraha,2019-04-29,48,0,1.60996,0.72402,4,111,0.43243,True,0.00000,50
alraha,2019-04-30,95,1,2.44858,0.37722,4,111,0.85586,True,0.01053,50
alraha,2019-05-01,97,0,1.78437,0.22121,5,114,0.85088,True,0.00000,50
alraha,2019-05-02,0,0,,,5,114,0.00000,False,,50
alraha,2019-05-03,97,0,0.48605,0.20945,5,114,0.85088,True,0.00000,50
alraha,2019-05-04,95,0,0.61756,0.29163,5,114,0.83333,True,0.00000,50
alraha,2019-05-05,18,0,1.35960,0.77152,5,114,0.15789,True,0.00000,50
alraha,2019-05-06,42,0,1.59307,0.48385,5,114,0.36842,True,0.00000,50
alraha,2019-05-07,101,0,1.74174,0.32856,5,114,0.88596,True,0.00000,50
alraha,2019-05-08,93,2,2.57794,0.30130,5,114,0.81579,True,0.02151,50
alraha,2019-05-09,0,0,,,5,114,0.00000,False,,50
alraha,2019-05-10,69,2,2.70262,0.45637,5,114,0.60526,True,0.02899,50
alraha,2019-05-11,67,1,2.64525,0.77428,5,114,0.58772,True,0.01493,50
alraha,2019-05-12,59,0,1.69337,0.67028,5,114,0.51754,True,0.00000,50
alraha,2019-05-13,0,0,,,5,114,0.00000,False,,50
alraha,2019-05-14,102,0,1.68490,0.22517,5,114,0.89474,True,0.00000,50
alraha,2019-05-15,94,1,3.42262,0.08022,5,114,0.82456,True,0.01064,50
alraha,2019-05-16,100,0,1.20434,0.28049,5,114,0.87719,True,0.00000,50
alraha,2019-05-17,0,0,,,5,114,0.00000,False,,50
alraha,2019-05-18,41,0,1.05110,0.02971,5,114,0.35965,True,0.00000,50
alraha,2019-05-19,0,0,,,5,114,0.00000,False,,50
alraha,2019-05-20,73,2,2.07358,0.55446,5,114,0.64035,True,0.02740,50
alraha,2019-05-21,0,0,,,5,114,0.00000,False,,50
alraha,2019-05-22,68,1,2.05723,0.37399,5,114,0.59649,True,0.01471,50
alraha,2019-05-23,31,0,1.69280,0.51828,5,114,0.27193,True,0.00000,50
alraha,2019-05-24,102,1,2.45859,0.49520,5,114,0.89474,True,0.00980,50
alraha,2019-05-25,0,0,,,5,114,0.00000,False,,50
alraha,2019-05-26,103,0,1.63030,0.39307,5,114,0.90351,True,0.00000,50
alraha,2019-05-27,82,0,1.47956,0.27221,5,114,0.71930,True,0.00000,50
alraha,2019-05-28,51,0,1.37546,0.10858,5,114,0.44737,True,0.00000,50
alraha,2019-05-29,0,0,,,5,114,0.00000,False,,50
alraha,2019-05-30,0,0,,,5,114,0.00000,False,,50
alraha,2019-05-31,101,0,1.96623,0.46582,5,114,0.88596,True,0.00000,50
alraha,2019-06-01,94,0,1.58090,0.38769,6,113,0.83186,True,0.00000,50
alraha,2019-06-02,3,0,-0.71930,0.15433,6,113,0.02655,False,,50
alraha,2019-06-03,97,1,2.15213,0.31024,6,113,0.85841,True,0.01031,50
alraha,2019-06-04,85,0,1.63511,0.41654,6,113,0.75221,True,0.00000,50
alraha,2019-06-05,0,0,,,6,113,0.00000,False,,50
alraha,2019-06-06,82,0,1.89351,0.41597,6,113,0.72566,True,0.00000,50
alraha,2019-06-07,108,1,2.03638,0.56786,6,113,0.95575,True,0.00926,50
alraha,2019-06-08,108,0,1.07724,0.52201,6,113,0.95575,True,0.00000,50
alraha,2019-06-09,0,0,,,6,113,0.00000,False,,50
alraha,2019-06-10,106,0,0.80871,0.41373,6,113,0.93805,True,0.00000,50
alraha,2019-06-11,96,1,2.33689,0.32224,6,113,0.84956,True,0.01042,50
alraha,2019-06-12,110,0,1.89234,0.51746,6,113,0.97345,True,0.00000,50
alraha,2019-06-13,0,0,,,6,113,0.00000,False,,50
alraha,2019-06-14,103,1,2.74121,0.36118,6,113,0.91150,True,0.00971,50
alraha,2019-06-15,40,0,1.61194,0.57957,6,113,0.35398,True,0.00000,50
alraha,2019-06-16,0,0,,,6,113,0.00000,False,,50
alraha,2019-06-17,0,0,,,6,113,0.00000,False,,50
alraha,2019-06-18,106,0,1.90902,0.44724,6,113,0.93805,True,0.00000,50
alraha,2019-06-19,7,3,2.96768,1.15906,6,113,0.06195,False,,50
alraha,2019-06-20,105,8,2.56611,0.61483,6,113,0.92920,True,0.07619,50
alraha,2019-06-21,0,0,,,6,113,0.00000,False,,50
alraha,2019-06-22,45,0,1.74624,0.71766,6,113,0.39823,True,0.00000,50
alraha,2019-06-23,88,1,2.26765,0.55456,6,113,0.77876,True,0.01136,50
alraha,2019-06-24,85,1,2.33703,0.57460,6,113,0.75221,True,0.01176,50
alraha,2019-06-25,0,0,,,6,113,0.00000,False,,50
alraha,2019-06-26,52,10,3.45003,0.73307,6,113,0.46018,True,0.19231,50
alraha,2019-06-27,76,17,3.30224,0.62341,6,113,0.67257,True,0.22368,50
alraha,2019-06-28,41,4,2.52300,0.73116,6,113,0.36283,True,0.09756,50
alraha,2019-06-29,3,1,2.10178,0.94488,6,113,0.02655,False,,50
alraha,2019-06-30,102,0,1.96256,0.51243,6,113,0.90265,True,0.00000,50
alraha,2019-07-01,95,1,2.01476,0.54534,7,110,0.86364,True,0.01053,50
alraha,2019-07-02,0,0,,,7,110,0.00000,False,,50
alraha,2019-07-03,89,0,1.56479,0.42353,7,110,0.80909,True,0.00000,50
alraha,2019-07-04,3,0,1.23802,0.83465,7,110,0.02727,False,,50
alraha,2019-07-05,92,14,3.57455,0.67244,7,110,0.83636,True,0.15217,50
alraha,2019-07-06,0,0,,,7,110,0.00000,False,,50
alraha,2019-07-07,104,0,1.70240,0.58384,7,110,0.94545,True,0.00000,50
alraha,2019-07-08,54,0,0.96089,0.26174,7,110,0.49091,True,0.00000,50
alraha,2019-07-09,106,0,1.97398,0.52018,7,110,0.96364,True,0.00000,50
alraha,2019-07-10,0,0,,,7,110,0.00000,False,,50
alraha,2019-07-11,91,0,1.22263,0.34744,7,110,0.82727,True,0.00000,50
alraha,2019-07-12,23,0,0.04468,0.26142,7,110,0.20909,True,0.00000,50
alraha,2019-07-13,62,0,1.39524,0.45326,7,110,0.56364,True,0.00000,50
alraha,2019-07-14,0,0,,,7,110,0.00000,False,,50
alraha,2019-07-15,104,1,2.09690,0.49731,7,110,0.94545,True,0.00962,50
alraha,2019-07-16,55,0,1.25764,0.27949,7,110,0.50000,True,0.00000,50
alraha,2019-07-17,91,0,1.47290,0.51964,7,110,0.82727,True,0.00000,50
alraha,2019-07-18,0,0,,,7,110,0.00000,False,,50
alraha,2019-07-19,98,0,0.18282,0.40088,7,110,0.89091,True,0.00000,50
alraha,2019-07-20,93,0,1.06285,0.45550,7,110,0.84545,True,0.00000,50
alraha,2019-07-21,22,0,0.27551,0.76843,7,110,0.20000,True,0.00000,50
alraha,2019-07-22,0,0,,,7,110,0.00000,False,,50
alraha,2019-07-23,17,0,-0.88087,0.71991,7,110,0.15455,True,0.00000,50
alraha,2019-07-24,83,5,2.10141,0.52067,7,110,0.75455,True,0.06024,50
alraha,2019-07-25,0,0,,,7,110,0.00000,False,,50
alraha,2019-07-26,0,0,,,7,110,0.00000,False,,50
alraha,2019-07-27,64,0,1.76883,0.52017,7,110,0.58182,True,0.00000,50
alraha,2019-07-28,36,0,-0.50640,0.61946,7,110,0.32727,True,0.00000,50
alraha,2019-07-29,0,0,,,7,110,0.00000,False,,50
alraha,2019-07-30,83,0,1.97411,0.49081,7,110,0.75455,True,0.00000,50
alraha,2019-07-31,1,0,-1.68013,0.68003,7,110,0.00909,False,,50
alraha,2019-08-01,11,0,1.80904,0.68272,8,108,0.10185,True,0.00000,50
alraha,2019-08-02,0,0,,,8,108,0.00000,False,,50
alraha,2019-08-03,84,1,2.40002,0.40267,8,108,0.77778,True,0.01190,50
alraha,2019-08-04,51,0,0.70595,0.19116,8,108,0.47222,True,0.00000,50
alraha,2019-08-05,100,0,1.41497,0.53451,8,108,0.92593,True,0.00000,50
alraha,2019-08-06,0,0,,,8,108,0.00000,False,,50
alraha,2019-08-07,98,0,1.71815,0.37859,8,108,0.90741,True,0.00000,50
alraha,2019-08-08,16,0,-0.78203,0.09603,8,108,0.14815,True,0.00000,50
alraha,2019-08-09,23,0,-0.07172,0.74191,8,108,0.21296,True,0.00000,50
alraha,2019-08-10,0,0,,,8,108,0.00000,False,,50
alraha,2019-08-11,13,0,0.29193,0.71339,8,108,0.12037,True,0.00000,50
alraha,2019-08-12,13,0,1.06918,0.25647,8,108,0.12037,True,0.00000,50
alraha,2019-08-13,74,0,1.21361,0.65054,8,108,0.68519,True,0.00000,50
alraha,2019-08-14,0,0,,,8,108,0.00000,False,,50
alraha,2019-08-15,60,1,2.28135,0.73961,8,108,0.55556,True,0.01667,50
alraha,2019-08-16,88,0,1.47198,0.63951,8,108,0.81481,True,0.00000,50
alraha,2019-08-17,17,0,-0.44394,0.75276,8,108,0.15741,True,0.00000,50
alraha,2019-08-18,0,0,,,8,108,0.00000,False,,50
alraha,2019-08-19,35,0,1.77357,0.62088,8,108,0.32407,True,0.00000,50
alraha,2019-08-20,0,0,,,8,108,0.00000,False,,50
alraha,2019-08-21,78,0,1.71154,0.60439,8,108,0.72222,True,0.00000,50
alraha,2019-08-22,45,0,1.38649,0.48547,8,108,0.41667,True,0.00000,50
alraha,2019-08-23,98,0,1.69165,0.52427,8,108,0.90741,True,0.00000,50
alraha,2019-08-24,97,0,1.62351,0.59626,8,108,0.89815,True,0.00000,50
alraha,2019-08-25,0,0,,,8,108,0.00000,False,,50
alraha,2019-08-26,96,0,1.60997,0.45193,8,108,0.88889,True,0.00000,50
alraha,2019-08-27,94,1,2.16090,0.38303,8,108,0.87037,True,0.01064,50
alraha,2019-08-28,96,0,1.68465,0.55570,8,108,0.88889,True,0.00000,50
alraha,2019-08-29,0,0,,,8,108,0.00000,False,,50
alraha,2019-08-30,86,0,1.26620,0.40471,8,108,0.79630,True,0.00000,50
alraha,2019-08-31,76,0,1.37263,0.33316,8,108,0.70370,True,0.00000,50
alraha,2019-09-01,56,0,1.82426,0.46324,9,108,0.51852,True,0.00000,50
alraha,2019-09-02,0,0,,,9,108,0.00000,False,,50
alraha,2019-09-03,103,1,2.11157,0.54595,9,108,0.95370,True,0.00971,50
alraha,2019-09-04,39,1,2.04684,0.61425,9,108,0.36111,True,0.02564,50
alraha,2019-09-05,0,0,,,9,108,0.00000,False,,50
alraha,2019-09-06,0,0,,,9,108,0.00000,False,,50
alraha,2019-09-07,0,0,,,9,108,0.00000,False,,50
alraha,2019-09-08,100,0,1.81443,0.51987,9,108,0.92593,True,0.00000,50
alraha,2019-09-09,101,0,1.38558,0.48513,9,108,0.93519,True,0.00000,50
alraha,2019-09-10,0,0,,,9,108,0.00000,False,,50
alraha,2019-09-11,101,0,0.66695,0.48258,9,108,0.93519,True,0.00000,50
alraha,2019-09-12,92,0,1.50230,0.55279,9,108,0.85185,True,0.00000,50
alraha,2019-09-13,72,0,1.90852,0.47202,9,108,0.66667,True,0.00000,50
alraha,2019-09-14,18,0,-0.19269,0.28368,9,108,0.16667,True,0.00000,50
alraha,2019-09-15,99,0,1.55857,0.49318,9,108,0.91667,True,0.00000,50
alraha,2019-09-16,77,16,3.23071,0.57242,9,108,0.71296,True,0.20779,50
alraha,2019-09-17,33,16,3.33223,0.62925,9,108,0.30556,True,0.48485,50
alraha,2019-09-18,90,5,2.35133,0.58147,9,108,0.83333,True,0.05556,50
alraha,2019-09-19,98,0,1.44034,0.52012,9,108,0.90741,True,0.00000,50
alraha,2019-09-20,98,1,2.72907,0.61488,9,108,0.90741,True,0.01020,50
alraha,2019-09-21,0,0,,,9,108,0.00000,False,,50
alraha,2019-09-22,97,0,1.70928,0.53935,9,108,0.89815,True,0.00000,50
alraha,2019-09-23,88,1,2.55647,0.50680,9,108,0.81481,True,0.01136,50
alraha,2019-09-24,0,0,,,9,108,0.00000,False,,50
alraha,2019-09-25,0,0,,,9,108,0.00000,False,,50
alraha,2019-09-26,99,0,1.78159,0.54710,9,108,0.91667,True,0.00000,50
alraha,2019-09-27,82,3,2.30369,0.57039,9,108,0.75926,True,0.03659,50
alraha,2019-09-28,101,1,2.12887,0.60981,9,108,0.93519,True,0.00990,50
alraha,2019-09-29,0,0,,,9,108,0.00000,False,,50
alraha,2019-09-30,93,0,0.96862,0.47361,9,108,0.86111,True,0.00000,50
alraha,2019-10-01,95,1,2.43499,0.50398,10,115,0.82609,True,0.01053,50
alraha,2019-10-02,82,10,3.34896,0.55403,10,115,0.71304,True,0.12195,50
alraha,2019-10-03,0,0,,,10,115,0.00000,False,,50
alraha,2019-10-04,103,0,1.95422,0.47982,10,115,0.89565,True,0.00000,50
alraha,2019-10-05,99,3,2.21165,0.57786,10,115,0.86087,True,0.03030,50
alraha,2019-10-06,0,0,,,10,115,0.00000,False,,50
alraha,2019-10-07,18,0,1.68612,0.45348,10,115,0.15652,True,0.00000,50
alraha,2019-10-08,107,2,3.24268,0.48902,10,115,0.93043,True,0.01869,50
alraha,2019-10-09,101,4,2.83263,0.52647,10,115,0.87826,True,0.03960,50
alraha,2019-10-10,40,0,1.95228,0.32976,10,115,0.34783,True,0.00000,50
alraha,2019-10-11,100,0,1.46057,0.41350,10,115,0.86957,True,0.00000,50
alraha,2019-10-12,0,0,,,10,115,0.00000,False,,50
alraha,2019-10-13,97,1,2.66416,0.54368,10,115,0.84348,True,0.01031,50
alraha,2019-10-14,74,7,3.18115,0.52077,10,115,0.64348,True,0.09459,50
alraha,2019-10-15,97,0,1.80976,0.50532,10,115,0.84348,True,0.00000,50
alraha,2019-10-16,103,0,1.60395,0.44291,10,115,0.89565,True,0.00000,50
alraha,2019-10-17,105,0,1.90902,0.49364,10,115,0.91304,True,0.00000,50
alraha,2019-10-18,0,0,,,10,115,0.00000,False,,50
alraha,2019-10-19,99,0,1.17052,0.35758,10,115,0.86087,True,0.00000,50
alraha,2019-10-20,105,1,2.53727,0.32011,10,115,0.91304,True,0.00952,50
alraha,2019-10-21,104,1,2.05050,0.44929,10,115,0.90435,True,0.00962,50
alraha,2019-10-22,0,0,,,10,115,0.00000,False,,50
alraha,2019-10-23,108,0,1.40295,0.45486,10,115,0.93913,True,0.00000,50
alraha,2019-10-24,108,1,2.27486,0.44631,10,115,0.93913,True,0.00926,50
alraha,2019-10-25,107,0,1.96516,0.52283,10,115,0.93043,True,0.00000,50
alraha,2019-10-26,0,0,,,10,115,0.00000,False,,50
alraha,2019-10-27,105,0,1.63455,0.49846,10,115,0.91304,True,0.00000,50
alraha,2019-10-28,104,0,1.59028,0.48593,10,115,0.90435,True,0.00000,50
alraha,2019-10-29,103,0,1.75909,0.51454,10,115,0.89565,True,0.00000,50
alraha,2019-10-30,106,0,1.01994,0.45820,10,115,0.92174,True,0.00000,50
alraha,2019-10-31,102,8,2.65533,0.55700,10,115,0.88696,True,0.07843,50
alraha,2019-11-01,96,1,2.39884,0.35789,11,122,0.78689,True,0.01042,50
alraha,2019-11-02,90,7,3.81277,0.46112,11,122,0.73770,True,0.07778,50
alraha,2019-11-03,108,1,2.07070,0.43055,11,122,0.88525,True,0.00926,50
alraha,2019-11-04,106,0,1.95767,0.42739,11,122,0.86885,True,0.00000,50
alraha,2019-11-05,111,9,2.34075,0.58615,11,122,0.90984,True,0.08108,50
alraha,2019-11-06,93,6,3.71997,0.44112,11,122,0.76230,True,0.06452,50
alraha,2019-11-07,104,1,2.20609,0.43616,11,122,0.85246,True,0.00962,50
alraha,2019-11-08,108,2,2.10503,0.46011,11,122,0.88525,True,0.01852,50
alraha,2019-11-09,92,18,2.48351,0.53965,11,122,0.75410,True,0.19565,50
alraha,2019-11-10,3,0,-0.15301,0.69248,11,122,0.02459,False,,50
alraha,2019-11-11,111,1,3.28987,0.44952,11,122,0.90984,True,0.00901,50
alraha,2019-11-12,116,2,2.54848,0.56969,11,122,0.95082,True,0.01724,50
alraha,2019-11-13,111,11,2.38842,0.55373,11,122,0.90984,True,0.09910,50
alraha,2019-11-14,0,0,,,11,122,0.00000,False,,50
alraha,2019-11-15,105,0,1.46985,0.39129,11,122,0.86066,True,0.00000,50
alraha,2019-11-16,111,0,1.00880,0.35394,11,122,0.90984,True,0.00000,50
alraha,2019-11-17,86,2,2.30677,0.48206,11,122,0.70492,True,0.02326,50
alraha,2019-11-18,0,0,,,11,122,0.00000,False,,50
alraha,2019-11-19,109,0,1.99811,0.38393,11,122,0.89344,True,0.00000,50
alraha,2019-11-20,0,0,,,11,122,0.00000,False,,50
alraha,2019-11-21,0,0,,,11,122,0.00000,False,,50
alraha,2019-11-22,0,0,,,11,122,0.00000,False,,50
alraha,2019-11-23,112,3,2.07261,0.39381,11,122,0.91803,True,0.02679,50
alraha,2019-11-24,112,1,2.38756,0.36281,11,122,0.91803,True,0.00893,50
alraha,2019-11-25,0,0,,,11,122,0.00000,False,,50
alraha,2019-11-26,114,1,2.79940,0.32020,11,122,0.93443,True,0.00877,50
alraha,2019-11-27,108,0,1.54524,0.26542,11,122,0.88525,True,0.00000,50
alraha,2019-11-28,104,0,0.59662,0.24797,11,122,0.85246,True,0.00000,50
alraha,2019-11-29,92,0,0.89530,0.15226,11,122,0.75410,True,0.00000,50
alraha,2019-11-30,0,0,,,11,122,0.00000,False,,50
alraha,2019-12-01,81,1,2.10163,0.23517,12,123,0.65854,True,0.01235,50
alraha,2019-12-02,0,0,,,12,123,0.00000,False,,50
alraha,2019-12-03,80,5,3.64205,0.15589,12,123,0.65041,True,0.06250,50
alraha,2019-12-04,113,0,1.73372,0.35743,12,123,0.91870,True,0.00000,50
alraha,2019-12-05,105,2,2.38589,0.23937,12,123,0.85366,True,0.01905,50
alraha,2019-12-06,113,0,1.51576,0.28197,12,123,0.91870,True,0.00000,50
alraha,2019-12-07,6,1,2.24336,0.84018,12,123,0.04878,False,,50
alraha,2019-12-08,56,0,0.98470,0.11020,12,123,0.45528,True,0.00000,50
alraha,2019-12-09,107,2,3.10866,0.24343,12,123,0.86992,True,0.01869,50
alraha,2019-12-10,3,0,-0.81865,0.73316,12,123,0.02439,False,,50
alraha,2019-12-11,0,0,,,12,123,0.00000,False,,50
alraha,2019-12-12,114,0,1.56607,0.33613,12,123,0.92683,True,0.00000,50
alraha,2019-12-13,80,1,2.03269,0.24920,12,123,0.65041,True,0.01250,50
alraha,2019-12-14,101,3,2.76904,0.38123,12,123,0.82114,True,0.02970,50
alraha,2019-12-15,0,0,,,12,123,0.00000,False,,50
alraha,2019-12-16,52,3,3.30119,0.66574,12,123,0.42276,True,0.05769,50
alraha,2019-12-17,2,0,-2.72076,0.60771,12,123,0.01626,False,,50
alraha,2019-12-18,6,1,2.75562,0.70341,12,123,0.04878,False,,50
alraha,2019-12-19,0,0,,,12,123,0.00000,False,,50
alraha,2019-12-20,70,0,0.28482,0.25832,12,123,0.56911,True,0.00000,50
alraha,2019-12-21,113,0,1.88845,0.35167,12,123,0.91870,True,0.00000,50
alraha,2019-12-22,101,1,2.57650,0.30909,12,123,0.82114,True,0.00990,50
alraha,2019-12-23,55,0,1.08887,0.25656,12,123,0.44715,True,0.00000,50
alraha,2019-12-24,108,1,2.21558,0.16646,12,123,0.87805,True,0.00926,50
alraha,2019-12-25,112,2,3.00719,0.29861,12,123,0.91057,True,0.01786,50
alraha,2019-12-26,93,4,3.32561,0.26084,12,123,0.75610,True,0.04301,50
alraha,2019-12-27,113,0,1.56578,0.23073,12,123,0.91870,True,0.00000,50
alraha,2019-12-28,107,1,2.07685,0.18023,12,123,0.86992,True,0.00935,50
alraha,2019-12-29,105,3,2.68184,0.24619,12,123,0.85366,True,0.02857,50
alraha,2019-12-30,66,1,2.19924,0.09019,12,123,0.53659,True,0.01515,50
alraha,2019-12-31,108,6,3.18411,0.31160,12,123,0.87805,True,0.05556,50
alraha,2020-01-01,90,3,2.60937,0.22772,1,114,0.78947,True,0.03333,50
alraha,2020-01-02,66,1,2.04671,0.23436,1,114,0.57895,True,0.01515,50
alraha,2020-01-03,30,8,2.94994,0.70431,1,114,0.26316,True,0.26667,50
alraha,2020-01-04,110,1,2.26174,0.36607,1,114,0.96491,True,0.00909,50
alraha,2020-01-05,0,0,,,1,114,0.00000,False,,50
alraha,2020-01-06,0,0,,,1,114,0.00000,False,,50
alraha,2020-01-07,0,0,,,1,114,0.00000,False,,50
alraha,2020-01-08,109,0,1.85405,0.34965,1,114,0.95614,True,0.00000,50
alraha,2020-01-09,112,0,1.92207,0.42751,1,114,0.98246,True,0.00000,50
alraha,2020-01-10,6,0,0.89639,0.26495,1,114,0.05263,False,,50
alraha,2020-01-11,0,0,,,1,114,0.00000,False,,50
alraha,2020-01-12,53,0,1.99477,0.58110,1,114,0.46491,True,0.00000,50
alraha,2020-01-13,79,0,1.91237,0.50394,1,114,0.69298,True,0.00000,50
alraha,2020-01-14,104,0,1.63342,0.51949,1,114,0.91228,True,0.00000,50
alraha,2020-01-15,0,0,,,1,114,0.00000,False,,50
alraha,2020-01-16,113,1,2.46833,0.50183,1,114,0.99123,True,0.00885,50
alraha,2020-01-17,109,0,1.48002,0.45114,1,114,0.95614,True,0.00000,50
alraha,2020-01-18,105,0,1.89784,0.47142,1,114,0.92105,True,0.00000,50
alraha,2020-01-19,113,0,1.74483,0.43586,1,114,0.99123,True,0.00000,50
alraha,2020-01-20,113,0,1.59876,0.41656,1,114,0.99123,True,0.00000,50
alraha,2020-01-21,110,0,1.02865,0.40418,1,114,0.96491,True,0.00000,50
alraha,2020-01-22,89,0,1.51562,0.37513,1,114,0.78070,True,0.00000,50
alraha,2020-01-23,39,0,-0.22131,0.11001,1,114,0.34211,True,0.00000,50
alraha,2020-01-24,0,0,,,1,114,0.00000,False,,50
alraha,2020-01-25,106,0,1.23857,0.33928,1,114,0.92982,True,0.00000,50
alraha,2020-01-26,21,6,2.32171,0.57849,1,114,0.18421,True,0.28571,50
alraha,2020-01-27,81,0,1.53114,0.44794,1,114,0.71053,True,0.00000,50
alraha,2020-01-28,81,0,1.12569,0.33789,1,114,0.71053,True,0.00000,50
alraha,2020-01-29,73,0,0.95475,0.24361,1,114,0.64035,True,0.00000,50
alraha,2020-01-30,77,0,1.97094,0.29957,1,114,0.67544,True,0.00000,50
alraha,2020-01-31,104,1,2.30921,0.28293,1,114,0.91228,True,0.00962,50
alraha,2020-02-01,100,0,1.96590,0.26458,2,109,0.91743,True,0.00000,50
alraha,2020-02-02,67,4,3.48699,0.24110,2,109,0.61468,True,0.05970,50
alraha,2020-02-03,0,0,,,2,109,0.00000,False,,50
alraha,2020-02-04,102,0,1.12005,0.22983,2,109,0.93578,True,0.00000,50
alraha,2020-02-05,107,0,1.01934,0.26460,2,109,0.98165,True,0.00000,50
alraha,2020-02-06,74,2,2.12910,0.28474,2,109,0.67890,True,0.02703,50
alraha,2020-02-07,0,0,,,2,109,0.00000,False,,50
alraha,2020-02-08,65,1,2.30941,0.70014,2,109,0.59633,True,0.01538,50
alraha,2020-02-09,79,1,2.33782,0.30789,2,109,0.72477,True,0.01266,50
alraha,2020-02-10,0,0,,,2,109,0.00000,False,,50
alraha,2020-02-11,0,0,,,2,109,0.00000,False,,50
alraha,2020-02-12,37,18,3.29778,0.51850,2,109,0.33945,True,0.48649,50
alraha,2020-02-13,84,11,2.67020,0.45193,2,109,0.77064,True,0.13095,50
alraha,2020-02-14,96,0,1.40404,0.35549,2,109,0.88073,True,0.00000,50
alraha,2020-02-15,74,0,1.98142,0.31785,2,109,0.67890,True,0.00000,50
alraha,2020-02-16,108,0,1.12226,0.28486,2,109,0.99083,True,0.00000,50
alraha,2020-02-17,98,0,1.95447,0.31894,2,109,0.89908,True,0.00000,50
alraha,2020-02-18,67,1,2.61495,0.23413,2,109,0.61468,True,0.01493,50
alraha,2020-02-19,106,0,1.73726,0.31554,2,109,0.97248,True,0.00000,50
alraha,2020-02-20,28,0,1.42585,0.14200,2,109,0.25688,True,0.00000,50
alraha,2020-02-21,89,1,2.75375,0.24859,2,109,0.81651,True,0.01124,50
alraha,2020-02-22,0,0,,,2,109,0.00000,False,,50
alraha,2020-02-23,103,0,0.97802,0.22720,2,109,0.94495,True,0.00000,50
alraha,2020-02-24,100,1,2.29495,0.26426,2,109,0.91743,True,0.01000,50
alraha,2020-02-25,106,0,1.97489,0.34040,2,109,0.97248,True,0.00000,50
alraha,2020-02-26,39,0,0.72143,0.31780,2,109,0.35780,True,0.00000,50
alraha,2020-02-27,88,7,2.46898,0.47550,2,109,0.80734,True,0.07955,50
alraha,2020-02-28,19,0,1.03306,0.25131,2,109,0.17431,True,0.00000,50
alraha,2020-02-29,101,1,2.56195,0.29880,2,109,0.92661,True,0.00990,50
alraha,2020-03-01,0,0,,,3,110,0.00000,False,,50
alraha,2020-03-02,14,0,1.66904,0.79394,3,110,0.12727,True,0.00000,50
alraha,2020-03-03,98,0,1.59218,0.31830,3,110,0.89091,True,0.00000,50
alraha,2020-03-04,57,11,2.30713,0.34646,3,110,0.51818,True,0.19298,50
alraha,2020-03-05,0,0,,,3,110,0.00000,False,,50
alraha,2020-03-06,105,1,3.09359,0.26117,3,110,0.95455,True,0.00952,50
alraha,2020-03-07,99,1,2.26013,0.19924,3,110,0.90000,True,0.01010,50
alraha,2020-03-08,97,2,2.55012,0.31205,3,110,0.88182,True,0.02062,50
alraha,2020-03-09,0,0,,,3,110,0.00000,False,,50
alraha,2020-03-10,56,3,3.15476,0.51773,3,110,0.50909,True,0.05357,50
alraha,2020-03-11,90,1,2.55874,0.21915,3,110,0.81818,True,0.01111,50
alraha,2020-03-12,97,0,1.83528,0.28765,3,110,0.88182,True,0.00000,50
alraha,2020-03-13,0,0,,,3,110,0.00000,False,,50
alraha,2020-03-14,0,0,,,3,110,0.00000,False,,50
alraha,2020-03-15,41,0,1.94766,0.13386,3,110,0.37273,True,0.00000,50
alraha,2020-03-16,4,0,-0.74882,0.70317,3,110,0.03636,False,,50
alraha,2020-03-17,0,0,,,3,110,0.00000,False,,50
alraha,2020-03-18,107,0,1.56773,0.31178,3,110,0.97273,True,0.00000,50
alraha,2020-03-19,0,0,,,3,110,0.00000,False,,50
alraha,2020-03-20,26,5,3.43667,0.78743,3,110,0.23636,True,0.19231,50
alraha,2020-03-21,0,0,,,3,110,0.00000,False,,50
alraha,2020-03-22,28,0,1.68770,0.52563,3,110,0.25455,True,0.00000,50
alraha,2020-03-23,98,46,2.84790,0.52449,3,110,0.89091,True,0.46939,50
alraha,2020-03-24,83,12,3.10942,0.41192,3,110,0.75455,True,0.14458,50
alraha,2020-03-25,93,0,1.59878,0.19500,3,110,0.84545,True,0.00000,50
alraha,2020-03-26,97,0,1.62889,0.23788,3,110,0.88182,True,0.00000,50
alraha,2020-03-27,38,1,2.24845,-0.19471,3,110,0.34545,True,0.02632,50
alraha,2020-03-28,0,0,,,3,110,0.00000,False,,50
alraha,2020-03-29,0,0,,,3,110,0.00000,False,,50
alraha,2020-03-30,0,0,,,3,110,0.00000,False,,50
alraha,2020-03-31,105,1,2.31103,0.41267,3,110,0.95455,True,0.00952,50
alraha,2020-04-01,0,0,,,4,111,0.00000,False,,50
alraha,2020-04-02,28,0,0.04673,0.78950,4,111,0.25225,True,0.00000,50
alraha,2020-04-03,1,0,0.06314,0.90597,4,111,0.00901,False,,50
alraha,2020-04-04,63,1,2.02570,0.76239,4,111,0.56757,True,0.01587,50
alraha,2020-04-05,0,0,,,4,111,0.00000,False,,50
alraha,2020-04-06,107,0,0.99059,0.25386,4,111,0.96396,True,0.00000,50
alraha,2020-04-07,52,3,2.66692,0.49490,4,111,0.46847,True,0.05769,50
alraha,2020-04-08,78,0,1.97009,0.74247,4,111,0.70270,True,0.00000,50
alraha,2020-04-09,0,0,,,4,111,0.00000,False,,50
alraha,2020-04-10,22,0,0.25557,0.23502,4,111,0.19820,True,0.00000,50
alraha,2020-04-11,0,0,,,4,111,0.00000,False,,50
alraha,2020-04-12,14,0,1.94364,0.52816,4,111,0.12613,True,0.00000,50
alraha,2020-04-13,0,0,,,4,111,0.00000,False,,50
alraha,2020-04-14,106,1,2.20803,0.44287,4,111,0.95495,True,0.00943,50
alraha,2020-04-15,0,0,,,4,111,0.00000,False,,50
alraha,2020-04-16,83,1,2.69065,0.45309,4,111,0.74775,True,0.01205,50
alraha,2020-04-17,0,0,,,4,111,0.00000,False,,50
alraha,2020-04-18,109,1,2.00810,0.48031,4,111,0.98198,True,0.00917,50
alraha,2020-04-19,0,0,,,4,111,0.00000,False,,50
alraha,2020-04-20,0,0,,,4,111,0.00000,False,,50
alraha,2020-04-21,16,0,0.68481,0.05606,4,111,0.14414,True,0.00000,50
alraha,2020-04-22,107,0,1.30114,0.43495,4,111,0.96396,True,0.00000,50
alraha,2020-04-23,98,0,1.86921,0.53332,4,111,0.88288,True,0.00000,50
alraha,2020-04-24,0,0,,,4,111,0.00000,False,,50
alraha,2020-04-25,93,5,2.68695,0.47816,4,111,0.83784,True,0.05376,50
alraha,2020-04-26,101,5,2.73980,0.55875,4,111,0.90991,True,0.04950,50
alraha,2020-04-27,95,15,2.80992,0.67287,4,111,0.85586,True,0.15789,50
alraha,2020-04-28,0,0,,,4,111,0.00000,False,,50
alraha,2020-04-29,0,0,,,4,111,0.00000,False,,50
alraha,2020-04-30,50,10,3.33461,0.79819,4,111,0.45045,True,0.20000,50
alraha,2020-05-01,26,2,2.18805,0.94533,5,114,0.22807,True,0.07692,50
alraha,2020-05-02,0,0,,,5,114,0.00000,False,,50
alraha,2020-05-03,108,24,2.60354,0.69048,5,114,0.94737,True,0.22222,50
alraha,2020-05-04,17,0,1.31651,0.83713,5,114,0.14912,True,0.00000,50
alraha,2020-05-05,104,1,2.04129,0.57370,5,114,0.91228,True,0.00962,50
alraha,2020-05-06,0,0,,,5,114,0.00000,False,,50
alraha,2020-05-07,101,1,2.29438,0.50997,5,114,0.88596,True,0.00990,50
alraha,2020-05-08,40,3,2.56927,0.59583,5,114,0.35088,True,0.07500,50
alraha,2020-05-09,72,0,1.19811,0.65377,5,114,0.63158,True,0.00000,50
alraha,2020-05-10,0,0,,,5,114,0.00000,False,,50
alraha,2020-05-11,77,5,2.29420,0.74961,5,114,0.67544,True,0.06494,50
alraha,2020-05-12,100,3,3.04725,0.51107,5,114,0.87719,True,0.03000,50
alraha,2020-05-13,107,27,3.37836,0.60705,5,114,0.93860,True,0.25234,50
alraha,2020-05-14,0,0,,,5,114,0.00000,False,,50
alraha,2020-05-15,84,1,2.37955,0.38990,5,114,0.73684,True,0.01190,50
alraha,2020-05-16,104,0,1.70123,0.47530,5,114,0.91228,True,0.00000,50
alraha,2020-05-17,86,3,2.91529,0.44025,5,114,0.75439,True,0.03488,50
alraha,2020-05-18,10,0,1.04123,-0.00704,5,114,0.08772,False,,50
alraha,2020-05-19,105,0,1.89352,0.44188,5,114,0.92105,True,0.00000,50
alraha,2020-05-20,65,1,2.04696,0.16169,5,114,0.57018,True,0.01538,50
alraha,2020-05-21,0,0,,,5,114,0.00000,False,,50
alraha,2020-05-22,91,0,1.46726,0.40945,5,114,0.79825,True,0.00000,50
alraha,2020-05-23,98,1,2.30838,0.49238,5,114,0.85965,True,0.01020,50
alraha,2020-05-24,91,0,1.99150,0.44380,5,114,0.79825,True,0.00000,50
alraha,2020-05-25,0,0,,,5,114,0.00000,False,,50
alraha,2020-05-26,92,0,1.85839,0.46188,5,114,0.80702,True,0.00000,50
alraha,2020-05-27,103,0,1.82796,0.59081,5,114,0.90351,True,0.00000,50
alraha,2020-05-28,105,0,1.78837,0.59310,5,114,0.92105,True,0.00000,50
alraha,2020-05-29,0,0,,,5,114,0.00000,False,,50
alraha,2020-05-30,101,4,2.51600,0.65338,5,114,0.88596,True,0.03960,50
alraha,2020-05-31,24,2,2.77402,0.78170,5,114,0.21053,True,0.08333,50
alraha,2020-06-01,95,1,2.22097,0.53295,6,113,0.84071,True,0.01053,50
alraha,2020-06-02,0,0,,,6,113,0.00000,False,,50
alraha,2020-06-03,104,0,1.75154,0.47357,6,113,0.92035,True,0.00000,50
alraha,2020-06-04,65,1,2.14868,0.31878,6,113,0.57522,True,0.01538,50
alraha,2020-06-05,97,0,1.70464,0.50132,6,113,0.85841,True,0.00000,50
alraha,2020-06-06,0,0,,,6,113,0.00000,False,,50
alraha,2020-06-07,104,0,1.53070,0.41738,6,113,0.92035,True,0.00000,50
alraha,2020-06-08,98,0,1.72949,0.46661,6,113,0.86726,True,0.00000,50
alraha,2020-06-09,100,0,1.91916,0.50991,6,113,0.88496,True,0.00000,50
alraha,2020-06-10,0,0,,,6,113,0.00000,False,,50
alraha,2020-06-11,111,4,2.58289,0.70641,6,113,0.98230,True,0.03604,50
alraha,2020-06-12,105,2,2.79910,0.62369,6,113,0.92920,True,0.01905,50
alraha,2020-06-13,86,16,3.32769,0.60269,6,113,0.76106,True,0.18605,50
alraha,2020-06-14,6,1,2.41201,0.91260,6,113,0.05310,False,,50
alraha,2020-06-15,98,0,1.81929,0.56816,6,113,0.86726,True,0.00000,50
alraha,2020-06-16,94,1,2.51553,0.63185,6,113,0.83186,True,0.01064,50
alraha,2020-06-17,0,0,,,6,113,0.00000,False,,50
alraha,2020-06-18,99,1,2.27373,0.57606,6,113,0.87611,True,0.01010,50
alraha,2020-06-19,95,1,2.45923,0.59684,6,113,0.84071,True,0.01053,50
alraha,2020-06-20,90,2,2.27415,0.58684,6,113,0.79646,True,0.02222,50
alraha,2020-06-21,0,0,,,6,113,0.00000,False,,50
alraha,2020-06-22,93,1,2.18005,0.51820,6,113,0.82301,True,0.01075,50
alraha,2020-06-23,101,1,2.51983,0.59787,6,113,0.89381,True,0.00990,50
alraha,2020-06-24,96,2,2.68847,0.60057,6,113,0.84956,True,0.02083,50
alraha,2020-06-25,0,0,,,6,113,0.00000,False,,50
alraha,2020-06-26,93,2,2.00717,0.48646,6,113,0.82301,True,0.02151,50
alraha,2020-06-27,5,0,-1.74197,0.77393,6,113,0.04425,False,,50
alraha,2020-06-28,101,2,2.42015,0.63491,6,113,0.89381,True,0.01980,50
alraha,2020-06-29,0,0,,,6,113,0.00000,False,,50
alraha,2020-06-30,112,3,2.43519,0.51763,6,113,0.99115,True,0.02679,50
alraha,2020-07-01,57,6,3.22408,0.32000,7,110,0.51818,True,0.10526,50
alraha,2020-07-02,102,1,2.45626,0.62676,7,110,0.92727,True,0.00980,50
alraha,2020-07-03,0,0,,,7,110,0.00000,False,,50
alraha,2020-07-04,98,1,2.63649,0.55509,7,110,0.89091,True,0.01020,50
alraha,2020-07-05,96,0,1.42847,0.52705,7,110,0.87273,True,0.00000,50
alraha,2020-07-06,80,0,1.70645,0.51482,7,110,0.72727,True,0.00000,50
alraha,2020-07-07,0,0,,,7,110,0.00000,False,,50
alraha,2020-07-08,106,3,2.86453,0.60946,7,110,0.96364,True,0.02830,50
alraha,2020-07-09,101,1,3.11721,0.64042,7,110,0.91818,True,0.00990,50
alraha,2020-07-10,37,0,1.74329,0.35460,7,110,0.33636,True,0.00000,50
alraha,2020-07-11,8,1,2.34407,0.94856,7,110,0.07273,False,,50
alraha,2020-07-12,92,0,1.09401,0.51776,7,110,0.83636,True,0.00000,50
alraha,2020-07-13,18,1,2.44520,0.69133,7,110,0.16364,True,0.05556,50
alraha,2020-07-14,0,0,,,7,110,0.00000,False,,50
alraha,2020-07-15,98,2,2.42861,0.64449,7,110,0.89091,True,0.02041,50
alraha,2020-07-16,97,0,1.54793,0.65092,7,110,0.88182,True,0.00000,50
alraha,2020-07-17,59,0,1.80040,0.66687,7,110,0.53636,True,0.00000,50
alraha,2020-07-18,0,0,,,7,110,0.00000,False,,50
alraha,2020-07-19,87,0,1.84086,0.60145,7,110,0.79091,True,0.00000,50
alraha,2020-07-20,6,0,1.20836,0.81883,7,110,0.05455,False,,50
alraha,2020-07-21,88,3,2.80741,0.67983,7,110,0.80000,True,0.03409,50
alraha,2020-07-22,0,0,,,7,110,0.00000,False,,50
alraha,2020-07-23,95,1,3.01179,0.63198,7,110,0.86364,True,0.01053,50
alraha,2020-07-24,38,0,1.89770,0.77130,7,110,0.34545,True,0.00000,50
alraha,2020-07-25,103,0,1.85543,0.70893,7,110,0.93636,True,0.00000,50
alraha,2020-07-26,0,0,,,7,110,0.00000,False,,50
alraha,2020-07-27,95,0,1.45847,0.59136,7,110,0.86364,True,0.00000,50
alraha,2020-07-28,2,0,-0.38899,0.82520,7,110,0.01818,False,,50
alraha,2020-07-29,92,2,2.20215,0.59427,7,110,0.83636,True,0.02174,50
alraha,2020-07-30,0,0,,,7,110,0.00000,False,,50
alraha,2020-07-31,82,0,1.82272,0.41878,7,110,0.74545,True,0.00000,50
alraha,2020-08-01,97,1,2.29819,0.57711,8,108,0.89815,True,0.01031,50
alraha,2020-08-02,89,0,1.95606,0.59790,8,108,0.82407,True,0.00000,50
alraha,2020-08-03,0,0,,,8,108,0.00000,False,,50
alraha,2020-08-04,67,0,1.01361,0.62008,8,108,0.62037,True,0.00000,50
alraha,2020-08-05,96,1,2.08056,0.50445,8,108,0.88889,True,0.01042,50
alraha,2020-08-06,69,1,2.22057,0.51128,8,108,0.63889,True,0.01449,50
alraha,2020-08-07,39,0,0.97715,0.48302,8,108,0.36111,True,0.00000,50
alraha,2020-08-08,0,0,,,8,108,0.00000,False,,50
alraha,2020-08-09,2,0,0.35122,0.11673,8,108,0.01852,False,,50
alraha,2020-08-10,0,0,,,8,108,0.00000,False,,50
alraha,2020-08-11,9,0,-0.06516,0.12553,8,108,0.08333,False,,50
alraha,2020-08-12,2,0,-2.08248,0.70454,8,108,0.01852,False,,50
alraha,2020-08-13,10,0,0.54384,0.17959,8,108,0.09259,False,,50
alraha,2020-08-14,0,0,,,8,108,0.00000,False,,50
alraha,2020-08-15,100,0,1.57437,0.49187,8,108,0.92593,True,0.00000,50
alraha,2020-08-16,53,0,1.64286,0.28558,8,108,0.49074,True,0.00000,50
alraha,2020-08-17,80,0,1.90893,0.76626,8,108,0.74074,True,0.00000,50
alraha,2020-08-18,0,0,,,8,108,0.00000,False,,50
alraha,2020-08-19,98,1,2.16766,0.47395,8,108,0.90741,True,0.01020,50
alraha,2020-08-20,6,0,1.42910,0.80709,8,108,0.05556,False,,50
alraha,2020-08-21,50,0,1.84010,0.67408,8,108,0.46296,True,0.00000,50
alraha,2020-08-22,0,0,,,8,108,0.00000,False,,50
alraha,2020-08-23,16,0,-0.92371,0.67430,8,108,0.14815,True,0.00000,50
alraha,2020-08-24,56,0,1.29759,0.50600,8,108,0.51852,True,0.00000,50
alraha,2020-08-25,91,3,2.49540,0.65861,8,108,0.84259,True,0.03297,50
alraha,2020-08-26,0,0,,,8,108,0.00000,False,,50
alraha,2020-08-27,103,5,3.23833,0.68265,8,108,0.95370,True,0.04854,50
alraha,2020-08-28,40,7,2.72705,0.78839,8,108,0.37037,True,0.17500,50
alraha,2020-08-29,50,9,3.57919,0.82006,8,108,0.46296,True,0.18000,50
alraha,2020-08-30,3,0,0.78636,0.93110,8,108,0.02778,False,,50
alraha,2020-08-31,0,0,,,8,108,0.00000,False,,50
alraha,2020-09-01,85,57,4.28262,0.76378,9,108,0.78704,True,0.67059,50
alraha,2020-09-02,0,0,,,9,108,0.00000,False,,50
alraha,2020-09-03,42,1,2.18983,0.40785,9,108,0.38889,True,0.02381,50
alraha,2020-09-04,102,0,1.99421,0.55633,9,108,0.94444,True,0.00000,50
alraha,2020-09-05,92,0,1.91563,0.55274,9,108,0.85185,True,0.00000,50
alraha,2020-09-06,0,0,,,9,108,0.00000,False,,50
alraha,2020-09-07,91,2,2.74860,0.50821,9,108,0.84259,True,0.02198,50
alraha,2020-09-08,96,1,2.99768,0.44133,9,108,0.88889,True,0.01042,50
alraha,2020-09-09,100,1,2.42556,0.47234,9,108,0.92593,True,0.01000,50
alraha,2020-09-10,0,0,,,9,108,0.00000,False,,50
alraha,2020-09-11,0,0,,,9,108,0.00000,False,,50
alraha,2020-09-12,81,3,3.01606,0.35038,9,108,0.75000,True,0.03704,50
alraha,2020-09-13,96,3,2.51831,0.54126,9,108,0.88889,True,0.03125,50
alraha,2020-09-14,0,0,,,9,108,0.00000,False,,50
alraha,2020-09-15,99,0,1.85180,0.57955,9,108,0.91667,True,0.00000,50
alraha,2020-09-16,89,2,2.05615,0.50838,9,108,0.82407,True,0.02247,50
alraha,2020-09-17,0,0,,,9,108,0.00000,False,,50
alraha,2020-09-18,0,0,,,9,108,0.00000,False,,50
alraha,2020-09-19,99,2,2.50536,0.53834,9,108,0.91667,True,0.02020,50
alraha,2020-09-20,94,0,1.67690,0.50568,9,108,0.87037,True,0.00000,50
alraha,2020-09-21,93,0,1.14236,0.48918,9,108,0.86111,True,0.00000,50
alraha,2020-09-22,0,0,,,9,108,0.00000,False,,50
alraha,2020-09-23,101,0,1.11629,0.46693,9,108,0.93519,True,0.00000,50
alraha,2020-09-24,0,0,,,9,108,0.00000,False,,50
alraha,2020-09-25,89,4,2.58767,0.57964,9,108,0.82407,True,0.04494,50
alraha,2020-09-26,83,0,1.99594,0.43446,9,108,0.76852,True,0.00000,50
alraha,2020-09-27,0,0,,,9,108,0.00000,False,,50
alraha,2020-09-28,100,0,1.79815,0.62586,9,108,0.92593,True,0.00000,50
alraha,2020-09-29,74,2,2.57658,0.46771,9,108,0.68519,True,0.02703,50
alraha,2020-09-30,94,0,1.49939,0.56185,9,108,0.87037,True,0.00000,50
alraha,2020-10-01,95,1,2.05451,0.57161,10,115,0.82609,True,0.01053,50
alraha,2020-10-02,93,12,2.48840,0.67548,10,115,0.80870,True,0.12903,50
alraha,2020-10-03,0,0,,,10,115,0.00000,False,,50
alraha,2020-10-04,94,0,1.71930,0.46481,10,115,0.81739,True,0.00000,50
alraha,2020-10-05,95,3,2.29277,0.36614,10,115,0.82609,True,0.03158,50
alraha,2020-10-06,103,0,1.81287,0.57805,10,115,0.89565,True,0.00000,50
alraha,2020-10-07,0,0,,,10,115,0.00000,False,,50
alraha,2020-10-08,101,1,2.53359,0.49052,10,115,0.87826,True,0.00990,50
alraha,2020-10-09,103,0,1.72455,0.42213,10,115,0.89565,True,0.00000,50
alraha,2020-10-10,105,1,2.46718,0.52641,10,115,0.91304,True,0.00952,50
alraha,2020-10-11,0,0,,,10,115,0.00000,False,,50
alraha,2020-10-12,105,0,1.69005,0.53921,10,115,0.91304,True,0.00000,50
alraha,2020-10-13,103,0,1.70467,0.57485,10,115,0.89565,True,0.00000,50
alraha,2020-10-14,106,9,3.06607,0.69312,10,115,0.92174,True,0.08491,50
alraha,2020-10-15,4,2,3.60106,0.99125,10,115,0.03478,False,,50
alraha,2020-10-16,104,9,2.63347,0.62859,10,115,0.90435,True,0.08654,50
alraha,2020-10-17,0,0,,,10,115,0.00000,False,,50
alraha,2020-10-18,97,19,3.52198,0.65149,10,115,0.84348,True,0.19588,50
alraha,2020-10-19,7,1,4.30664,0.91217,10,115,0.06087,False,,50
alraha,2020-10-20,104,1,2.31113,0.53251,10,115,0.90435,True,0.00962,50
alraha,2020-10-21,99,6,2.86069,0.59240,10,115,0.86087,True,0.06061,50
alraha,2020-10-22,0,0,,,10,115,0.00000,False,,50
alraha,2020-10-23,105,0,1.49221,0.50175,10,115,0.91304,True,0.00000,50
alraha,2020-10-24,100,0,1.80439,0.48161,10,115,0.86957,True,0.00000,50
alraha,2020-10-25,105,6,2.41320,0.62419,10,115,0.91304,True,0.05714,50
alraha,2020-10-26,84,8,2.52099,0.57240,10,115,0.73043,True,0.09524,50
alraha,2020-10-27,105,2,2.86719,0.58150,10,115,0.91304,True,0.01905,50
alraha,2020-10-28,106,0,1.68152,0.52681,10,115,0.92174,True,0.00000,50
alraha,2020-10-29,103,0,1.45995,0.56807,10,115,0.89565,True,0.00000,50
alraha,2020-10-30,0,0,,,10,115,0.00000,False,,50
alraha,2020-10-31,99,0,1.32686,0.44576,10,115,0.86087,True,0.00000,50
alraha,2020-11-01,107,1,3.41049,0.46228,11,122,0.87705,True,0.00935,50
alraha,2020-11-02,105,1,2.08363,0.49941,11,122,0.86066,True,0.00952,50
alraha,2020-11-03,0,0,,,11,122,0.00000,False,,50
alraha,2020-11-04,103,0,1.58626,0.39394,11,122,0.84426,True,0.00000,50
alraha,2020-11-05,108,0,1.56657,0.36757,11,122,0.88525,True,0.00000,50
alraha,2020-11-06,103,0,1.90891,0.44802,11,122,0.84426,True,0.00000,50
alraha,2020-11-07,0,0,,,11,122,0.00000,False,,50
alraha,2020-11-08,52,0,1.00876,0.30066,11,122,0.42623,True,0.00000,50
alraha,2020-11-09,105,2,2.20727,0.51384,11,122,0.86066,True,0.01905,50
alraha,2020-11-10,110,0,1.72384,0.51554,11,122,0.90164,True,0.00000,50
alraha,2020-11-11,111,0,1.91412,0.52482,11,122,0.90984,True,0.00000,50
alraha,2020-11-12,110,0,1.93191,0.52494,11,122,0.90164,True,0.00000,50
alraha,2020-11-13,105,5,3.21409,0.55374,11,122,0.86066,True,0.04762,50
alraha,2020-11-14,65,12,4.23592,0.67857,11,122,0.53279,True,0.18462,50
alraha,2020-11-15,108,1,2.21182,0.50235,11,122,0.88525,True,0.00926,50
alraha,2020-11-16,109,0,1.77404,0.50656,11,122,0.89344,True,0.00000,50
alraha,2020-11-17,105,8,2.31506,0.57944,11,122,0.86066,True,0.07619,50
alraha,2020-11-18,87,14,2.94893,0.50746,11,122,0.71311,True,0.16092,50
alraha,2020-11-19,101,4,2.34547,0.55026,11,122,0.82787,True,0.03960,50
alraha,2020-11-20,105,1,2.21554,0.51795,11,122,0.86066,True,0.00952,50
alraha,2020-11-21,0,0,,,11,122,0.00000,False,,50
alraha,2020-11-22,90,6,3.03818,0.50805,11,122,0.73770,True,0.06667,50
alraha,2020-11-23,103,0,1.93841,0.49089,11,122,0.84426,True,0.00000,50
alraha,2020-11-24,56,13,2.61670,0.54269,11,122,0.45902,True,0.23214,50
alraha,2020-11-25,110,13,2.60080,0.57852,11,122,0.90164,True,0.11818,50
alraha,2020-11-26,0,0,,,11,122,0.00000,False,,50
alraha,2020-11-27,106,0,1.98341,0.55381,11,122,0.86885,True,0.00000,50
alraha,2020-11-28,108,0,1.79378,0.55019,11,122,0.88525,True,0.00000,50
alraha,2020-11-29,0,0,,,11,122,0.00000,False,,50
alraha,2020-11-30,0,0,,,11,122,0.00000,False,,50
alraha,2020-12-01,111,2,2.27458,0.40474,12,123,0.90244,True,0.01802,50
alraha,2020-12-02,95,3,2.26383,0.31846,12,123,0.77236,True,0.03158,50
alraha,2020-12-03,111,2,2.47085,0.42834,12,123,0.90244,True,0.01802,50
alraha,2020-12-04,0,0,,,12,123,0.00000,False,,50
alraha,2020-12-05,114,2,2.27277,0.41493,12,123,0.92683,True,0.01754,50
alraha,2020-12-06,105,5,2.96870,0.42257,12,123,0.85366,True,0.04762,50
alraha,2020-12-07,104,10,2.46621,0.49601,12,123,0.84553,True,0.09615,50
alraha,2020-12-08,0,0,,,12,123,0.00000,False,,50
alraha,2020-12-09,47,5,3.29433,0.55408,12,123,0.38211,True,0.10638,50
alraha,2020-12-10,112,13,3.00589,0.51515,12,123,0.91057,True,0.11607,50
alraha,2020-12-11,95,17,3.16182,0.45794,12,123,0.77236,True,0.17895,50
alraha,2020-12-12,103,0,1.95200,0.46881,12,123,0.83740,True,0.00000,50
alraha,2020-12-13,78,0,1.57399,0.20689,12,123,0.63415,True,0.00000,50
alraha,2020-12-14,0,0,,,12,123,0.00000,False,,50
alraha,2020-12-15,72,3,3.30894,0.29368,12,123,0.58537,True,0.04167,50
alraha,2020-12-16,111,1,2.05876,0.41941,12,123,0.90244,True,0.00901,50
alraha,2020-12-17,102,0,1.77488,0.36150,12,123,0.82927,True,0.00000,50
alraha,2020-12-18,109,0,1.98454,0.43842,12,123,0.88618,True,0.00000,50
alraha,2020-12-19,79,1,2.04918,0.36826,12,123,0.64228,True,0.01266,50
alraha,2020-12-20,84,1,3.17369,0.43131,12,123,0.68293,True,0.01190,50
alraha,2020-12-21,108,1,2.44496,0.45333,12,123,0.87805,True,0.00926,50
alraha,2020-12-22,0,0,,,12,123,0.00000,False,,50
alraha,2020-12-23,0,0,,,12,123,0.00000,False,,50
alraha,2020-12-24,108,0,1.12284,0.19317,12,123,0.87805,True,0.00000,50
alraha,2020-12-25,76,4,2.43860,0.02316,12,123,0.61789,True,0.05263,50
alraha,2020-12-26,58,10,2.55624,0.62677,12,123,0.47154,True,0.17241,50
alraha,2020-12-27,0,0,,,12,123,0.00000,False,,50
alraha,2020-12-28,0,0,,,12,123,0.00000,False,,50
alraha,2020-12-29,113,0,1.27744,0.39069,12,123,0.91870,True,0.00000,50
alraha,2020-12-30,105,10,4.53847,0.38673,12,123,0.85366,True,0.09524,50
alraha,2020-12-31,0,0,,,12,123,0.00000,False,,50
alraha,2021-01-01,0,0,,,1,114,0.00000,False,,50
alraha,2021-01-02,0,0,,,1,114,0.00000,False,,50
alraha,2021-01-03,0,0,,,1,114,0.00000,False,,50
alraha,2021-01-04,0,0,,,1,114,0.00000,False,,50
alraha,2021-01-05,0,0,,,1,114,0.00000,False,,50
alraha,2021-01-06,0,0,,,1,114,0.00000,False,,50
alraha,2021-01-07,0,0,,,1,114,0.00000,False,,50
alraha,2021-01-08,0,0,,,1,114,0.00000,False,,50
alraha,2021-01-09,0,0,,,1,114,0.00000,False,,50
alraha,2021-01-10,0,0,,,1,114,0.00000,False,,50
alraha,2021-01-11,0,0,,,1,114,0.00000,False,,50
alraha,2021-01-12,0,0,,,1,114,0.00000,False,,50
alraha,2021-01-13,0,0,,,1,114,0.00000,False,,50
alraha,2021-01-14,0,0,,,1,114,0.00000,False,,50
alraha,2021-01-15,0,0,,,1,114,0.00000,False,,50
alraha,2021-01-16,0,0,,,1,114,0.00000,False,,50
alraha,2021-01-17,0,0,,,1,114,0.00000,False,,50
alraha,2021-01-18,0,0,,,1,114,0.00000,False,,50
alraha,2021-01-19,0,0,,,1,114,0.00000,False,,50
alraha,2021-01-20,0,0,,,1,114,0.00000,False,,50
alraha,2021-01-21,0,0,,,1,114,0.00000,False,,50
alraha,2021-01-22,0,0,,,1,114,0.00000,False,,50
alraha,2021-01-23,0,0,,,1,114,0.00000,False,,50
alraha,2021-01-24,0,0,,,1,114,0.00000,False,,50
alraha,2021-01-25,0,0,,,1,114,0.00000,False,,50
alraha,2021-01-26,0,0,,,1,114,0.00000,False,,50
alraha,2021-01-27,0,0,,,1,114,0.00000,False,,50
alraha,2021-01-28,0,0,,,1,114,0.00000,False,,50
alraha,2021-01-29,0,0,,,1,114,0.00000,False,,50
alraha,2021-01-30,0,0,,,1,114,0.00000,False,,50
alraha,2021-01-31,0,0,,,1,114,0.00000,False,,50
alraha,2021-02-01,0,0,,,2,109,0.00000,False,,50
alraha,2021-02-02,0,0,,,2,109,0.00000,False,,50
alraha,2021-02-03,0,0,,,2,109,0.00000,False,,50
alraha,2021-02-04,0,0,,,2,109,0.00000,False,,50
alraha,2021-02-05,0,0,,,2,109,0.00000,False,,50
alraha,2021-02-06,0,0,,,2,109,0.00000,False,,50
alraha,2021-02-07,0,0,,,2,109,0.00000,False,,50
alraha,2021-02-08,0,0,,,2,109,0.00000,False,,50
alraha,2021-02-09,0,0,,,2,109,0.00000,False,,50
alraha,2021-02-10,0,0,,,2,109,0.00000,False,,50
alraha,2021-02-11,0,0,,,2,109,0.00000,False,,50
alraha,2021-02-12,0,0,,,2,109,0.00000,False,,50
alraha,2021-02-13,0,0,,,2,109,0.00000,False,,50
alraha,2021-02-14,0,0,,,2,109,0.00000,False,,50
alraha,2021-02-15,0,0,,,2,109,0.00000,False,,50
alraha,2021-02-16,0,0,,,2,109,0.00000,False,,50
alraha,2021-02-17,0,0,,,2,109,0.00000,False,,50
alraha,2021-02-18,0,0,,,2,109,0.00000,False,,50
alraha,2021-02-19,0,0,,,2,109,0.00000,False,,50
alraha,2021-02-20,0,0,,,2,109,0.00000,False,,50
alraha,2021-02-21,0,0,,,2,109,0.00000,False,,50
alraha,2021-02-22,0,0,,,2,109,0.00000,False,,50
alraha,2021-02-23,0,0,,,2,109,0.00000,False,,50
alraha,2021-02-24,0,0,,,2,109,0.00000,False,,50
alraha,2021-02-25,0,0,,,2,109,0.00000,False,,50
alraha,2021-02-26,0,0,,,2,109,0.00000,False,,50
alraha,2021-02-27,0,0,,,2,109,0.00000,False,,50
alraha,2021-02-28,0,0,,,2,109,0.00000,False,,50
alraha,2021-03-01,0,0,,,3,110,0.00000,False,,50
alraha,2021-03-02,0,0,,,3,110,0.00000,False,,50
alraha,2021-03-03,0,0,,,3,110,0.00000,False,,50
alraha,2021-03-04,102,0,1.31669,0.32075,3,110,0.92727,True,0.00000,50
alraha,2021-03-05,0,0,,,3,110,0.00000,False,,50
alraha,2021-03-06,90,0,1.61247,0.25788,3,110,0.81818,True,0.00000,50
alraha,2021-03-07,100,0,1.70744,0.35426,3,110,0.90909,True,0.00000,50
alraha,2021-03-08,100,0,1.36715,0.19005,3,110,0.90909,True,0.00000,50
alraha,2021-03-09,105,0,1.64988,0.18824,3,110,0.95455,True,0.00000,50
alraha,2021-03-10,0,0,,,3,110,0.00000,False,,50
alraha,2021-03-11,0,0,,,3,110,0.00000,False,,50
alraha,2021-03-12,82,3,2.39408,0.20652,3,110,0.74545,True,0.03659,50
alraha,2021-03-13,10,0,-0.46300,0.72441,3,110,0.09091,False,,50
alraha,2021-03-14,0,0,,,3,110,0.00000,False,,50
alraha,2021-03-15,92,0,0.71182,0.14194,3,110,0.83636,True,0.00000,50
alraha,2021-03-16,1,0,-0.27800,0.70236,3,110,0.00909,False,,50
alraha,2021-03-17,3,0,-0.13570,0.71811,3,110,0.02727,False,,50
alraha,2021-03-18,0,0,,,3,110,0.00000,False,,50
alraha,2021-03-19,34,5,3.46408,0.69409,3,110,0.30909,True,0.14706,50
alraha,2021-03-20,7,0,-0.74565,0.65061,3,110,0.06364,False,,50
alraha,2021-03-21,104,0,1.15061,0.24000,3,110,0.94545,True,0.00000,50
alraha,2021-03-22,0,0,,,3,110,0.00000,False,,50
alraha,2021-03-23,107,1,2.30779,0.22668,3,110,0.97273,True,0.00935,50
alraha,2021-03-24,105,2,2.58664,0.22302,3,110,0.95455,True,0.01905,50
alraha,2021-03-25,92,6,2.66046,0.18133,3,110,0.83636,True,0.06522,50
alraha,2021-03-26,0,0,,,3,110,0.00000,False,,50
alraha,2021-03-27,105,0,1.78345,0.24459,3,110,0.95455,True,0.00000,50
alraha,2021-03-28,99,0,1.27848,0.19538,3,110,0.90000,True,0.00000,50
alraha,2021-03-29,92,0,1.51041,0.35979,3,110,0.83636,True,0.00000,50
alraha,2021-03-30,0,0,,,3,110,0.00000,False,,50
alraha,2021-03-31,97,2,3.16868,0.29729,3,110,0.88182,True,0.02062,50
alraha,2021-04-01,97,0,1.29637,0.26601,4,111,0.87387,True,0.00000,50
alraha,2021-04-02,89,0,1.54020,0.30005,4,111,0.80180,True,0.00000,50
alraha,2021-04-03,10,0,1.63215,0.92562,4,111,0.09009,False,,50
alraha,2021-04-04,106,0,1.90353,0.38271,4,111,0.95495,True,0.00000,50
alraha,2021-04-05,101,0,1.50768,0.41571,4,111,0.90991,True,0.00000,50
alraha,2021-04-06,93,0,1.81408,0.38504,4,111,0.83784,True,0.00000,50
alraha,2021-04-07,100,0,1.10075,0.19574,4,111,0.90090,True,0.00000,50
alraha,2021-04-08,95,0,1.31017,0.24538,4,111,0.85586,True,0.00000,50
alraha,2021-04-09,99,0,1.16785,0.12265,4,111,0.89189,True,0.00000,50
alraha,2021-04-10,0,0,,,4,111,0.00000,False,,50
alraha,2021-04-11,0,0,,,4,111,0.00000,False,,50
alraha,2021-04-12,88,0,1.59530,0.26450,4,111,0.79279,True,0.00000,50
alraha,2021-04-13,91,0,1.63588,0.32872,4,111,0.81982,True,0.00000,50
alraha,2021-04-14,0,0,,,4,111,0.00000,False,,50
alraha,2021-04-15,49,1,2.80367,0.11137,4,111,0.44144,True,0.02041,50
alraha,2021-04-16,84,1,3.31596,0.29085,4,111,0.75676,True,0.01190,50
alraha,2021-04-17,91,0,0.90772,0.22251,4,111,0.81982,True,0.00000,50
alraha,2021-04-18,0,0,,,4,111,0.00000,False,,50
alraha,2021-04-19,96,0,1.37422,0.32673,4,111,0.86486,True,0.00000,50
alraha,2021-04-20,41,2,2.14628,0.64845,4,111,0.36937,True,0.04878,50
alraha,2021-04-21,0,0,,,4,111,0.00000,False,,50
alraha,2021-04-22,0,0,,,4,111,0.00000,False,,50
alraha,2021-04-23,97,0,1.97101,0.36319,4,111,0.87387,True,0.00000,50
alraha,2021-04-24,44,1,2.24072,0.65103,4,111,0.39640,True,0.02273,50
alraha,2021-04-25,98,2,2.43930,0.45562,4,111,0.88288,True,0.02041,50
alraha,2021-04-26,0,0,,,4,111,0.00000,False,,50
alraha,2021-04-27,0,0,,,4,111,0.00000,False,,50
alraha,2021-04-28,11,0,1.12046,0.42870,4,111,0.09910,False,,50
alraha,2021-04-29,24,0,1.79730,0.21957,4,111,0.21622,True,0.00000,50
alraha,2021-04-30,0,0,,,4,111,0.00000,False,,50
alraha,2021-05-01,111,0,1.44490,0.53663,5,114,0.97368,True,0.00000,50
alraha,2021-05-02,101,0,1.51504,0.45421,5,114,0.88596,True,0.00000,50
alraha,2021-05-03,0,0,,,5,114,0.00000,False,,50
alraha,2021-05-04,56,8,2.84160,0.53541,5,114,0.49123,True,0.14286,50
alraha,2021-05-05,75,6,2.47273,0.54997,5,114,0.65789,True,0.08000,50
alraha,2021-05-06,94,1,2.35716,0.41492,5,114,0.82456,True,0.01064,50
alraha,2021-05-07,0,0,,,5,114,0.00000,False,,50
alraha,2021-05-08,97,0,1.31757,0.32024,5,114,0.85088,True,0.00000,50
alraha,2021-05-09,103,1,2.41915,0.47158,5,114,0.90351,True,0.00971,50
alraha,2021-05-10,96,0,1.15926,0.25623,5,114,0.84211,True,0.00000,50
alraha,2021-05-11,0,0,,,5,114,0.00000,False,,50
alraha,2021-05-12,90,0,1.71289,0.28097,5,114,0.78947,True,0.00000,50
alraha,2021-05-13,100,0,1.90366,0.39579,5,114,0.87719,True,0.00000,50
alraha,2021-05-14,109,0,1.83607,0.50404,5,114,0.95614,True,0.00000,50
alraha,2021-05-15,0,0,,,5,114,0.00000,False,,50
alraha,2021-05-16,104,4,2.85718,0.57835,5,114,0.91228,True,0.03846,50
alraha,2021-05-17,39,1,2.17182,0.62225,5,114,0.34211,True,0.02564,50
alraha,2021-05-18,114,0,1.41921,0.53791,5,114,1.00000,True,0.00000,50
alraha,2021-05-19,0,0,,,5,114,0.00000,False,,50
alraha,2021-05-20,111,0,1.73987,0.50724,5,114,0.97368,True,0.00000,50
alraha,2021-05-21,65,3,3.12688,0.38773,5,114,0.57018,True,0.04615,50
alraha,2021-05-22,110,6,2.68737,0.51222,5,114,0.96491,True,0.05455,50
alraha,2021-05-23,0,0,,,5,114,0.00000,False,,50
alraha,2021-05-24,103,6,2.74461,0.59603,5,114,0.90351,True,0.05825,50
alraha,2021-05-25,95,2,3.90060,0.47974,5,114,0.83333,True,0.02105,50
alraha,2021-05-26,13,1,2.46916,0.86733,5,114,0.11404,True,0.07692,50
alraha,2021-05-27,0,0,,,5,114,0.00000,False,,50
alraha,2021-05-28,110,3,2.63811,0.57276,5,114,0.96491,True,0.02727,50
alraha,2021-05-29,99,4,2.78013,0.49858,5,114,0.86842,True,0.04040,50
alraha,2021-05-30,0,0,,,5,114,0.00000,False,,50
alraha,2021-05-31,8,0,1.69117,0.96146,5,114,0.07018,False,,50
alraha,2021-06-01,112,0,1.21639,0.53914,6,113,0.99115,True,0.00000,50
alraha,2021-06-02,104,0,1.26019,0.42844,6,113,0.92035,True,0.00000,50
alraha,2021-06-03,0,0,,,6,113,0.00000,False,,50
alraha,2021-06-04,100,1,2.62112,0.39689,6,113,0.88496,True,0.01000,50
alraha,2021-06-05,106,0,1.44077,0.44144,6,113,0.93805,True,0.00000,50
alraha,2021-06-06,104,0,1.69013,0.42039,6,113,0.92035,True,0.00000,50
alraha,2021-06-07,0,0,,,6,113,0.00000,False,,50
alraha,2021-06-08,99,1,2.09642,0.47017,6,113,0.87611,True,0.01010,50
alraha,2021-06-09,0,0,,,6,113,0.00000,False,,50
alraha,2021-06-10,102,0,1.34793,0.44373,6,113,0.90265,True,0.00000,50
alraha,2021-06-11,0,0,,,6,113,0.00000,False,,50
alraha,2021-06-12,95,1,2.71912,0.47933,6,113,0.84071,True,0.01053,50
alraha,2021-06-13,36,1,2.24836,0.66418,6,113,0.31858,True,0.02778,50
alraha,2021-06-14,103,0,1.93904,0.53676,6,113,0.91150,True,0.00000,50
alraha,2021-06-15,0,0,,,6,113,0.00000,False,,50
alraha,2021-06-16,104,0,1.39758,0.54883,6,113,0.92035,True,0.00000,50
alraha,2021-06-17,33,0,1.16162,0.35747,6,113,0.29204,True,0.00000,50
alraha,2021-06-18,57,0,1.99642,0.65380,6,113,0.50442,True,0.00000,50
alraha,2021-06-19,0,0,,,6,113,0.00000,False,,50
alraha,2021-06-20,77,0,1.83925,0.62329,6,113,0.68142,True,0.00000,50
alraha,2021-06-21,77,0,1.53684,0.46917,6,113,0.68142,True,0.00000,50
alraha,2021-06-22,28,2,3.05943,0.80166,6,113,0.24779,True,0.07143,50
alraha,2021-06-23,0,0,,,6,113,0.00000,False,,50
alraha,2021-06-24,103,4,2.26619,0.64684,6,113,0.91150,True,0.03883,50
alraha,2021-06-25,0,0,,,6,113,0.00000,False,,50
alraha,2021-06-26,78,19,2.90727,0.51523,6,113,0.69027,True,0.24359,50
alraha,2021-06-27,0,0,,,6,113,0.00000,False,,50
alraha,2021-06-28,0,0,,,6,113,0.00000,False,,50
alraha,2021-06-29,0,0,,,6,113,0.00000,False,,50
alraha,2021-06-30,0,0,,,6,113,0.00000,False,,50
alraha,2021-07-01,0,0,,,7,110,0.00000,False,,50
alraha,2021-07-02,0,0,,,7,110,0.00000,False,,50
alraha,2021-07-03,73,0,1.72709,0.39708,7,110,0.66364,True,0.00000,50
alraha,2021-07-04,0,0,,,7,110,0.00000,False,,50
alraha,2021-07-05,95,1,2.07464,0.45938,7,110,0.86364,True,0.01053,50
alraha,2021-07-06,12,0,-0.75649,0.73445,7,110,0.10909,True,0.00000,50
alraha,2021-07-07,2,0,-1.95763,0.61549,7,110,0.01818,False,,50
alraha,2021-07-08,0,0,,,7,110,0.00000,False,,50
alraha,2021-07-09,99,1,2.11411,0.64206,7,110,0.90000,True,0.01010,50
alraha,2021-07-10,20,0,1.92244,0.73425,7,110,0.18182,True,0.00000,50
alraha,2021-07-11,54,2,2.16405,0.75564,7,110,0.49091,True,0.03704,50
alraha,2021-07-12,0,0,,,7,110,0.00000,False,,50
alraha,2021-07-13,18,0,-0.27633,-0.43233,7,110,0.16364,True,0.00000,50
alraha,2021-07-14,58,4,3.41089,0.60701,7,110,0.52727,True,0.06897,50
alraha,2021-07-15,0,0,,,7,110,0.00000,False,,50
alraha,2021-07-16,0,0,,,7,110,0.00000,False,,50
alraha,2021-07-17,22,0,0.75695,0.53378,7,110,0.20000,True,0.00000,50
alraha,2021-07-18,90,1,2.50553,0.53752,7,110,0.81818,True,0.01111,50
alraha,2021-07-19,106,0,1.83774,0.62228,7,110,0.96364,True,0.00000,50
alraha,2021-07-20,0,0,,,7,110,0.00000,False,,50
alraha,2021-07-21,0,0,,,7,110,0.00000,False,,50
alraha,2021-07-22,89,0,1.75869,0.54962,7,110,0.80909,True,0.00000,50
alraha,2021-07-23,82,8,2.65957,0.62730,7,110,0.74545,True,0.09756,50
alraha,2021-07-24,19,1,2.09983,0.49964,7,110,0.17273,True,0.05263,50
alraha,2021-07-25,61,5,2.67296,0.67737,7,110,0.55455,True,0.08197,50
alraha,2021-07-26,95,1,2.11846,0.66929,7,110,0.86364,True,0.01053,50
alraha,2021-07-27,0,0,,,7,110,0.00000,False,,50
alraha,2021-07-28,82,0,1.20915,0.50132,7,110,0.74545,True,0.00000,50
alraha,2021-07-29,15,0,0.27455,0.78740,7,110,0.13636,True,0.00000,50
alraha,2021-07-30,2,0,-0.72314,0.73010,7,110,0.01818,False,,50
alraha,2021-07-31,0,0,,,7,110,0.00000,False,,50
alraha,2021-08-01,100,0,1.99995,0.57697,8,108,0.92593,True,0.00000,50
alraha,2021-08-02,20,3,3.14447,0.75394,8,108,0.18519,True,0.15000,50
alraha,2021-08-03,68,2,2.40567,0.31292,8,108,0.62963,True,0.02941,50
alraha,2021-08-04,0,0,,,8,108,0.00000,False,,50
alraha,2021-08-05,89,0,1.95092,0.58644,8,108,0.82407,True,0.00000,50
alraha,2021-08-06,17,0,0.23988,0.58669,8,108,0.15741,True,0.00000,50
alraha,2021-08-07,99,0,1.99006,0.52270,8,108,0.91667,True,0.00000,50
alraha,2021-08-08,0,0,,,8,108,0.00000,False,,50
alraha,2021-08-09,101,15,3.07103,0.80460,8,108,0.93519,True,0.14851,50
alraha,2021-08-10,55,0,1.55343,0.65901,8,108,0.50926,True,0.00000,50
alraha,2021-08-11,99,4,2.48420,0.77429,8,108,0.91667,True,0.04040,50
alraha,2021-08-12,0,0,,,8,108,0.00000,False,,50
alraha,2021-08-13,62,0,1.90099,0.72272,8,108,0.57407,True,0.00000,50
alraha,2021-08-14,101,0,1.37985,0.63364,8,108,0.93519,True,0.00000,50
alraha,2021-08-15,88,0,1.95103,0.58719,8,108,0.81481,True,0.00000,50
alraha,2021-08-16,0,0,,,8,108,0.00000,False,,50
alraha,2021-08-17,0,0,,,8,108,0.00000,False,,50
alraha,2021-08-18,76,2,2.25218,0.59214,8,108,0.70370,True,0.02632,50
alraha,2021-08-19,9,0,-0.79020,0.69802,8,108,0.08333,False,,50
alraha,2021-08-20,19,0,1.84475,0.66512,8,108,0.17593,True,0.00000,50
alraha,2021-08-21,97,6,2.16673,0.69528,8,108,0.89815,True,0.06186,50
alraha,2021-08-22,68,7,2.55999,0.65399,8,108,0.62963,True,0.10294,50
alraha,2021-08-23,0,0,,,8,108,0.00000,False,,50
alraha,2021-08-24,91,1,2.13244,0.68212,8,108,0.84259,True,0.01099,50
alraha,2021-08-25,0,0,,,8,108,0.00000,False,,50
alraha,2021-08-26,92,0,0.71040,0.46400,8,108,0.85185,True,0.00000,50
alraha,2021-08-27,0,0,,,8,108,0.00000,False,,50
alraha,2021-08-28,67,0,1.32902,0.06898,8,108,0.62037,True,0.00000,50
alraha,2021-08-29,9,0,1.39227,0.82964,8,108,0.08333,False,,50
alraha,2021-08-30,87,7,2.48250,0.73498,8,108,0.80556,True,0.08046,50
alraha,2021-08-31,0,0,,,8,108,0.00000,False,,50
alraha,2021-09-01,97,27,2.83877,0.63868,9,108,0.89815,True,0.27835,50
alraha,2021-09-02,28,4,2.63414,0.60954,9,108,0.25926,True,0.14286,50
alraha,2021-09-03,93,0,1.94436,0.50560,9,108,0.86111,True,0.00000,50
alraha,2021-09-04,0,0,,,9,108,0.00000,False,,50
alraha,2021-09-05,94,12,3.28417,0.60497,9,108,0.87037,True,0.12766,50
alraha,2021-09-06,91,0,0.79655,0.42694,9,108,0.84259,True,0.00000,50
alraha,2021-09-07,53,1,2.29529,0.48529,9,108,0.49074,True,0.01887,50
alraha,2021-09-08,0,0,,,9,108,0.00000,False,,50
alraha,2021-09-09,79,0,1.57162,0.39251,9,108,0.73148,True,0.00000,50
alraha,2021-09-10,86,0,1.72291,0.38270,9,108,0.79630,True,0.00000,50
alraha,2021-09-11,88,0,1.48553,0.35901,9,108,0.81481,True,0.00000,50
alraha,2021-09-12,15,0,1.68183,0.82677,9,108,0.13889,True,0.00000,50
alraha,2021-09-13,104,0,1.65976,0.47106,9,108,0.96296,True,0.00000,50
alraha,2021-09-14,101,0,1.55963,0.45633,9,108,0.93519,True,0.00000,50
alraha,2021-09-15,89,0,1.15243,0.41892,9,108,0.82407,True,0.00000,50
alraha,2021-09-16,100,0,1.97122,0.53607,9,108,0.92593,True,0.00000,50
alraha,2021-09-17,103,0,0.89795,0.51690,9,108,0.95370,True,0.00000,50
alraha,2021-09-18,98,1,2.90218,0.52249,9,108,0.90741,True,0.01020,50
alraha,2021-09-19,0,0,,,9,108,0.00000,False,,50
alraha,2021-09-20,89,7,2.41967,0.58258,9,108,0.82407,True,0.07865,50
alraha,2021-09-21,73,0,0.75533,0.45605,9,108,0.67593,True,0.00000,50
alraha,2021-09-22,96,0,1.73704,0.46654,9,108,0.88889,True,0.00000,50
alraha,2021-09-23,0,0,,,9,108,0.00000,False,,50
alraha,2021-09-24,96,0,0.63184,0.48465,9,108,0.88889,True,0.00000,50
alraha,2021-09-25,94,0,1.67562,0.55551,9,108,0.87037,True,0.00000,50
alraha,2021-09-26,105,0,1.08802,0.50443,9,108,0.97222,True,0.00000,50
alraha,2021-09-27,0,0,,,9,108,0.00000,False,,50
alraha,2021-09-28,96,3,2.71009,0.53747,9,108,0.88889,True,0.03125,50
alraha,2021-09-29,101,2,2.13671,0.54599,9,108,0.93519,True,0.01980,50
alraha,2021-09-30,86,17,4.39400,0.63250,9,108,0.79630,True,0.19767,50
alraha,2021-10-01,13,0,1.18231,0.76940,10,115,0.11304,True,0.00000,50
alraha,2021-10-02,16,3,2.60483,0.74968,10,115,0.13913,True,0.18750,50
alraha,2021-10-03,31,1,2.34272,0.23873,10,115,0.26957,True,0.03226,50
alraha,2021-10-04,84,13,2.80882,0.61453,10,115,0.73043,True,0.15476,50
alraha,2021-10-05,80,5,2.29853,0.61253,10,115,0.69565,True,0.06250,50
alraha,2021-10-06,105,4,2.31391,0.62705,10,115,0.91304,True,0.03810,50
alraha,2021-10-07,95,4,2.63815,0.51562,10,115,0.82609,True,0.04211,50
alraha,2021-10-08,92,0,1.86112,0.47728,10,115,0.80000,True,0.00000,50
alraha,2021-10-09,101,0,1.43086,0.42013,10,115,0.87826,True,0.00000,50
alraha,2021-10-10,101,0,1.62345,0.42436,10,115,0.87826,True,0.00000,50
alraha,2021-10-11,101,0,1.96882,0.41974,10,115,0.87826,True,0.00000,50
alraha,2021-10-12,90,1,2.98840,0.44011,10,115,0.78261,True,0.01111,50
alraha,2021-10-13,105,0,1.90652,0.47670,10,115,0.91304,True,0.00000,50
alraha,2021-10-14,109,0,1.73937,0.50326,10,115,0.94783,True,0.00000,50
alraha,2021-10-15,100,0,0.79403,0.38905,10,115,0.86957,True,0.00000,50
alraha,2021-10-16,0,0,,,10,115,0.00000,False,,50
alraha,2021-10-17,103,0,0.86432,0.46224,10,115,0.89565,True,0.00000,50
alraha,2021-10-18,109,1,2.30949,0.53854,10,115,0.94783,True,0.00917,50
alraha,2021-10-19,0,0,,,10,115,0.00000,False,,50
alraha,2021-10-20,0,0,,,10,115,0.00000,False,,50
alraha,2021-10-21,106,1,2.15319,0.40565,10,115,0.92174,True,0.00943,50
alraha,2021-10-22,107,0,0.20355,0.40220,10,115,0.93043,True,0.00000,50
alraha,2021-10-23,97,0,-0.04769,0.29911,10,115,0.84348,True,0.00000,50
alraha,2021-10-24,0,0,,,10,115,0.00000,False,,50
alraha,2021-10-25,28,0,1.26581,0.73191,10,115,0.24348,True,0.00000,50
alraha,2021-10-26,102,0,0.55511,0.41383,10,115,0.88696,True,0.00000,50
alraha,2021-10-27,107,0,1.33400,0.35736,10,115,0.93043,True,0.00000,50
alraha,2021-10-28,107,0,0.66704,0.38854,10,115,0.93043,True,0.00000,50
alraha,2021-10-29,110,0,1.76105,0.45737,10,115,0.95652,True,0.00000,50
alraha,2021-10-30,105,0,0.75276,0.40113,10,115,0.91304,True,0.00000,50
alraha,2021-10-31,0,0,,,10,115,0.00000,False,,50
alraha,2021-11-01,111,0,1.85034,0.35822,11,122,0.90984,True,0.00000,50
alraha,2021-11-02,103,0,0.42748,0.32163,11,122,0.84426,True,0.00000,50
alraha,2021-11-03,104,0,1.95935,0.25671,11,122,0.85246,True,0.00000,50
alraha,2021-11-04,89,0,1.26856,0.15154,11,122,0.72951,True,0.00000,50
alraha,2021-11-05,107,0,1.17202,0.34101,11,122,0.87705,True,0.00000,50
alraha,2021-11-06,98,0,1.53974,0.24095,11,122,0.80328,True,0.00000,50
alraha,2021-11-07,111,0,1.48467,0.41131,11,122,0.90984,True,0.00000,50
alraha,2021-11-08,82,0,1.56553,0.28377,11,122,0.67213,True,0.00000,50
alraha,2021-11-09,102,0,1.11738,0.36439,11,122,0.83607,True,0.00000,50
alraha,2021-11-10,102,0,1.34491,0.29537,11,122,0.83607,True,0.00000,50
alraha,2021-11-11,114,2,2.31378,0.44648,11,122,0.93443,True,0.01754,50
alraha,2021-11-12,0,0,,,11,122,0.00000,False,,50
alraha,2021-11-13,105,7,2.77061,0.48406,11,122,0.86066,True,0.06667,50
alraha,2021-11-14,116,3,2.90534,0.38757,11,122,0.95082,True,0.02586,50
alraha,2021-11-15,112,0,0.83897,0.33424,11,122,0.91803,True,0.00000,50
alraha,2021-11-16,0,0,,,11,122,0.00000,False,,50
alraha,2021-11-17,110,0,1.56320,0.41002,11,122,0.90164,True,0.00000,50
alraha,2021-11-18,115,0,0.73336,0.39865,11,122,0.94262,True,0.00000,50
alraha,2021-11-19,75,0,0.09049,0.16230,11,122,0.61475,True,0.00000,50
alraha,2021-11-20,0,0,,,11,122,0.00000,False,,50
alraha,2021-11-21,109,0,1.59071,0.41658,11,122,0.89344,True,0.00000,50
alraha,2021-11-22,107,0,1.60073,0.39849,11,122,0.87705,True,0.00000,50
alraha,2021-11-23,106,0,1.61292,0.42683,11,122,0.86885,True,0.00000,50
alraha,2021-11-24,118,0,1.23789,0.40995,11,122,0.96721,True,0.00000,50
alraha,2021-11-25,117,1,2.16244,0.47139,11,122,0.95902,True,0.00855,50
alraha,2021-11-26,105,0,0.86033,0.35724,11,122,0.86066,True,0.00000,50
alraha,2021-11-27,99,0,1.82889,0.29253,11,122,0.81148,True,0.00000,50
alraha,2021-11-28,65,0,1.18040,0.23761,11,122,0.53279,True,0.00000,50
alraha,2021-11-29,90,0,0.70506,0.27777,11,122,0.73770,True,0.00000,50
alraha,2021-11-30,111,0,0.94092,0.30230,11,122,0.90984,True,0.00000,50
alraha,2021-12-01,91,1,2.01753,0.29447,12,123,0.73984,True,0.01099,50
alraha,2021-12-02,118,0,1.44105,0.42951,12,123,0.95935,True,0.00000,50
alraha,2021-12-03,114,1,2.49334,0.38454,12,123,0.92683,True,0.00877,50
alraha,2021-12-04,94,0,1.63743,0.33978,12,123,0.76423,True,0.00000,50
alraha,2021-12-05,84,0,1.32375,0.24811,12,123,0.68293,True,0.00000,50
alraha,2021-12-06,111,0,1.51000,0.33754,12,123,0.90244,True,0.00000,50
alraha,2021-12-07,111,0,1.87642,0.35432,12,123,0.90244,True,0.00000,50
alraha,2021-12-08,69,3,2.49716,0.59488,12,123,0.56098,True,0.04348,50
alraha,2021-12-09,0,0,,,12,123,0.00000,False,,50
alraha,2021-12-10,81,5,3.32505,0.30306,12,123,0.65854,True,0.06173,50
alraha,2021-12-11,111,0,1.31162,0.28523,12,123,0.90244,True,0.00000,50
alraha,2021-12-12,0,0,,,12,123,0.00000,False,,50
alraha,2021-12-13,0,0,,,12,123,0.00000,False,,50
alraha,2021-12-14,113,0,1.27855,0.28146,12,123,0.91870,True,0.00000,50
alraha,2021-12-15,115,0,1.01518,0.32767,12,123,0.93496,True,0.00000,50
alraha,2021-12-16,68,1,2.20261,0.52377,12,123,0.55285,True,0.01471,50
alraha,2021-12-17,0,0,,,12,123,0.00000,False,,50
alraha,2021-12-18,5,0,1.42946,0.52643,12,123,0.04065,False,,50
alraha,2021-12-19,69,0,1.70495,0.20301,12,123,0.56098,True,0.00000,50
alraha,2021-12-20,109,3,2.98500,0.36140,12,123,0.88618,True,0.02752,50
alraha,2021-12-21,117,1,2.00353,0.37185,12,123,0.95122,True,0.00855,50
alraha,2021-12-22,119,1,2.36045,0.40815,12,123,0.96748,True,0.00840,50
alraha,2021-12-23,109,0,1.91937,0.45683,12,123,0.88618,True,0.00000,50
alraha,2021-12-24,102,2,3.89498,0.29164,12,123,0.82927,True,0.01961,50
alraha,2021-12-25,117,0,1.67703,0.33317,12,123,0.95122,True,0.00000,50
alraha,2021-12-26,40,2,2.28828,0.78762,12,123,0.32520,True,0.05000,50
alraha,2021-12-27,114,1,2.07922,0.41409,12,123,0.92683,True,0.00877,50
alraha,2021-12-28,83,18,3.70684,0.37702,12,123,0.67480,True,0.21687,50
alraha,2021-12-29,56,4,2.51687,0.36175,12,123,0.45528,True,0.07143,50
alraha,2021-12-30,26,0,0.77756,0.07034,12,123,0.21138,True,0.00000,50
alraha,2021-12-31,41,0,1.24706,0.54267,12,123,0.33333,True,0.00000,50
barka,2019-01-01,142,4,2.42191,0.14805,1,144,0.98611,True,0.02817,50
barka,2019-01-02,0,0,,,1,144,0.00000,False,,50
barka,2019-01-03,0,0,,,1,144,0.00000,False,,50
barka,2019-01-04,0,0,,,1,144,0.00000,False,,50
barka,2019-01-05,137,9,2.52823,0.13335,1,144,0.95139,True,0.06569,50
barka,2019-01-06,0,0,,,1,144,0.00000,False,,50
barka,2019-01-07,0,0,,,1,144,0.00000,False,,50
barka,2019-01-08,45,5,3.35278,0.56188,1,144,0.31250,True,0.11111,50
barka,2019-01-09,142,24,2.51450,0.27104,1,144,0.98611,True,0.16901,50
barka,2019-01-10,0,0,,,1,144,0.00000,False,,50
barka,2019-01-11,0,0,,,1,144,0.00000,False,,50
barka,2019-01-12,129,3,2.98815,0.15261,1,144,0.89583,True,0.02326,50
barka,2019-01-13,142,8,2.21729,0.22149,1,144,0.98611,True,0.05634,50
barka,2019-01-14,0,0,,,1,144,0.00000,False,,50
barka,2019-01-15,0,0,,,1,144,0.00000,False,,50
barka,2019-01-16,144,24,2.94837,0.24579,1,144,1.00000,True,0.16667,50
barka,2019-01-17,141,4,2.72627,0.08741,1,144,0.97917,True,0.02837,50
barka,2019-01-18,0,0,,,1,144,0.00000,False,,50
barka,2019-01-19,0,0,,,1,144,0.00000,False,,50
barka,2019-01-20,108,25,3.15811,0.06251,1,144,0.75000,True,0.23148,50
barka,2019-01-21,83,6,2.48878,0.39293,1,144,0.57639,True,0.07229,50
barka,2019-01-22,0,0,,,1,144,0.00000,False,,50
barka,2019-01-23,0,0,,,1,144,0.00000,False,,50
barka,2019-01-24,144,0,1.13543,-0.25954,1,144,1.00000,True,0.00000,50
barka,2019-01-25,0,0,,,1,144,0.00000,False,,50
barka,2019-01-26,0,0,,,1,144,0.00000,False,,50
barka,2019-01-27,0,0,,,1,144,0.00000,False,,50
barka,2019-01-28,133,0,1.77584,-0.06190,1,144,0.92361,True,0.00000,50
barka,2019-01-29,0,0,,,1,144,0.00000,False,,50
barka,2019-01-30,0,0,,,1,144,0.00000,False,,50
barka,2019-01-31,0,0,,,1,144,0.00000,False,,50
barka,2019-02-01,142,2,2.61904,0.16098,2,143,0.99301,True,0.01408,50
barka,2019-02-02,0,0,,,2,143,0.00000,False,,50
barka,2019-02-03,0,0,,,2,143,0.00000,False,,50
barka,2019-02-04,84,1,2.26751,0.32133,2,143,0.58741,True,0.01190,50
barka,2019-02-05,88,0,1.40775,0.09848,2,143,0.61538,True,0.00000,50
barka,2019-02-06,0,0,,,2,143,0.00000,False,,50
barka,2019-02-07,0,0,,,2,143,0.00000,False,,50
barka,2019-02-08,138,0,1.74766,0.06479,2,143,0.96503,True,0.00000,50
barka,2019-02-09,138,1,2.01409,0.15386,2,143,0.96503,True,0.00725,50
barka,2019-02-10,0,0,,,2,143,0.00000,False,,50
barka,2019-02-11,0,0,,,2,143,0.00000,False,,50
barka,2019-02-12,93,1,2.22964,0.26961,2,143,0.65035,True,0.01075,50
barka,2019-02-13,136,0,1.33096,0.00743,2,143,0.95105,True,0.00000,50
barka,2019-02-14,0,0,,,2,143,0.00000,False,,50
barka,2019-02-15,0,0,,,2,143,0.00000,False,,50
barka,2019-02-16,134,1,2.14844,0.00444,2,143,0.93706,True,0.00746,50
barka,2019-02-17,46,0,1.77481,0.28359,2,143,0.32168,True,0.00000,50
barka,2019-02-18,0,0,,,2,143,0.00000,False,,50
barka,2019-02-19,0,0,,,2,143,0.00000,False,,50
barka,2019-02-20,128,3,2.14984,0.14735,2,143,0.89510,True,0.02344,50
barka,2019-02-21,0,0,,,2,143,0.00000,False,,50
barka,2019-02-22,0,0,,,2,143,0.00000,False,,50
barka,2019-02-23,0,0,,,2,143,0.00000,False,,50
barka,2019-02-24,132,0,-0.18152,-0.18504,2,143,0.92308,True,0.00000,50
barka,2019-02-25,0,0,,,2,143,0.00000,False,,50
barka,2019-02-26,0,0,,,2,143,0.00000,False,,50
barka,2019-02-27,0,0,,,2,143,0.00000,False,,50
barka,2019-02-28,101,0,1.95851,0.33810,2,143,0.70629,True,0.00000,50
barka,2019-03-01,0,0,,,3,144,0.00000,False,,50
barka,2019-03-02,0,0,,,3,144,0.00000,False,,50
barka,2019-03-03,2,0,0.51911,0.89055,3,144,0.01389,False,,50
barka,2019-03-04,142,0,1.58530,-0.08612,3,144,0.98611,True,0.00000,50
barka,2019-03-05,0,0,,,3,144,0.00000,False,,50
barka,2019-03-06,0,0,,,3,144,0.00000,False,,50
barka,2019-03-07,25,0,1.55518,0.43150,3,144,0.17361,True,0.00000,50
barka,2019-03-08,124,0,1.19520,-0.11874,3,144,0.86111,True,0.00000,50
barka,2019-03-09,0,0,,,3,144,0.00000,False,,50
barka,2019-03-10,0,0,,,3,144,0.00000,False,,50
barka,2019-03-11,118,0,1.77223,0.07805,3,144,0.81944,True,0.00000,50
barka,2019-03-12,142,0,1.67575,0.08224,3,144,0.98611,True,0.00000,50
barka,2019-03-13,0,0,,,3,144,0.00000,False,,50
barka,2019-03-14,0,0,,,3,144,0.00000,False,,50
barka,2019-03-15,37,0,1.03636,0.30624,3,144,0.25694,True,0.00000,50
barka,2019-03-16,20,0,1.07667,0.18692,3,144,0.13889,True,0.00000,50
barka,2019-03-17,0,0,,,3,144,0.00000,False,,50
barka,2019-03-18,0,0,,,3,144,0.00000,False,,50
barka,2019-03-19,144,16,3.09771,0.48179,3,144,1.00000,True,0.11111,50
barka,2019-03-20,0,0,,,3,144,0.00000,False,,50
barka,2019-03-21,0,0,,,3,144,0.00000,False,,50
barka,2019-03-22,6,0,1.56872,0.50191,3,144,0.04167,False,,50
barka,2019-03-23,0,0,,,3,144,0.00000,False,,50
barka,2019-03-24,0,0,,,3,144,0.00000,False,,50
barka,2019-03-25,66,0,1.76806,0.37058,3,144,0.45833,True,0.00000,50
barka,2019-03-26,82,7,2.38988,0.56589,3,144,0.56944,True,0.08537,50
barka,2019-03-27,3,0,-0.91835,-0.12947,3,144,0.02083,False,,50
barka,2019-03-28,0,0,,,3,144,0.00000,False,,50
barka,2019-03-29,138,109,3.60218,0.97538,3,144,0.95833,True,0.78986,50
barka,2019-03-30,0,0,,,3,144,0.00000,False,,50
barka,2019-03-31,0,0,,,3,144,0.00000,False,,50
barka,2019-04-01,0,0,,,4,144,0.00000,False,,50
barka,2019-04-02,121,72,4.19336,0.61173,4,144,0.84028,True,0.59504,50
barka,2019-04-03,0,0,,,4,144,0.00000,False,,50
barka,2019-04-04,134,1,2.17873,0.21267,4,144,0.93056,True,0.00746,50
barka,2019-04-05,0,0,,,4,144,0.00000,False,,50
barka,2019-04-06,0,0,,,4,144,0.00000,False,,50
barka,2019-04-07,0,0,,,4,144,0.00000,False,,50
barka,2019-04-08,0,0,,,4,144,0.00000,False,,50
barka,2019-04-09,0,0,,,4,144,0.00000,False,,50
barka,2019-04-10,20,14,3.70870,0.73226,4,144,0.13889,True,0.70000,50
barka,2019-04-11,9,9,3.44986,0.75276,4,144,0.06250,False,,50
barka,2019-04-12,47,1,2.97442,-0.05927,4,144,0.32639,True,0.02128,50
barka,2019-04-13,0,0,,,4,144,0.00000,False,,50
barka,2019-04-14,7,0,0.54486,0.05375,4,144,0.04861,False,,50
barka,2019-04-15,92,9,2.80009,0.41529,4,144,0.63889,True,0.09783,50
barka,2019-04-16,0,0,,,4,144,0.00000,False,,50
barka,2019-04-17,0,0,,,4,144,0.00000,False,,50
barka,2019-04-18,142,18,3.20833,0.36347,4,144,0.98611,True,0.12676,50
barka,2019-04-19,142,19,2.74276,0.37303,4,144,0.98611,True,0.13380,50
barka,2019-04-20,0,0,,,4,144,0.00000,False,,50
barka,2019-04-21,0,0,,,4,144,0.00000,False,,50
barka,2019-04-22,142,11,2.57939,0.30670,4,144,0.98611,True,0.07746,50
barka,2019-04-23,139,3,2.22739,0.28623,4,144,0.96528,True,0.02158,50
barka,2019-04-24,0,0,,,4,144,0.00000,False,,50
barka,2019-04-25,10,0,1.76189,0.90672,4,144,0.06944,False,,50
barka,2019-04-26,0,0,,,4,144,0.00000,False,,50
barka,2019-04-27,126,0,0.00950,-0.27168,4,144,0.87500,True,0.00000,50
barka,2019-04-28,0,0,,,4,144,0.00000,False,,50
barka,2019-04-29,142,9,3.06167,0.12620,4,144,0.98611,True,0.06338,50
barka,2019-04-30,0,0,,,4,144,0.00000,False,,50
barka,2019-05-01,142,42,3.42114,-0.06758,5,144,0.98611,True,0.29577,50
barka,2019-05-02,0,0,,,5,144,0.00000,False,,50
barka,2019-05-03,142,9,2.82727,-0.23896,5,144,0.98611,True,0.06338,50
barka,2019-05-04,0,0,,,5,144,0.00000,False,,50
barka,2019-05-05,133,24,2.64618,-0.13508,5,144,0.92361,True,0.18045,50
barka,2019-05-06,0,0,,,5,144,0.00000,False,,50
barka,2019-05-07,140,8,2.72994,-0.15241,5,144,0.97222,True,0.05714,50
barka,2019-05-08,0,0,,,5,144,0.00000,False,,50
barka,2019-05-09,38,8,3.04434,-0.42997,5,144,0.26389,True,0.21053,50
barka,2019-05-10,0,0,,,5,144,0.00000,False,,50
barka,2019-05-11,109,13,2.75251,-0.16925,5,144,0.75694,True,0.11927,50
barka,2019-05-12,69,1,2.80637,-0.29141,5,144,0.47917,True,0.01449,50
barka,2019-05-13,0,0,,,5,144,0.00000,False,,50
barka,2019-05-14,0,0,,,5,144,0.00000,False,,50
barka,2019-05-15,105,11,3.00551,-0.26820,5,144,0.72917,True,0.10476,50
barka,2019-05-16,124,1,2.11853,-0.35384,5,144,0.86111,True,0.00806,50
barka,2019-05-17,0,0,,,5,144,0.00000,False,,50
barka,2019-05-18,0,0,,,5,144,0.00000,False,,50
barka,2019-05-19,24,1,3.68548,-0.42304,5,144,0.16667,True,0.04167,50
barka,2019-05-20,9,4,3.55901,-0.41202,5,144,0.06250,False,,50
barka,2019-05-21,0,0,,,5,144,0.00000,False,,50
barka,2019-05-22,7,0,1.71991,-0.43569,5,144,0.04861,False,,50
barka,2019-05-23,0,0,,,5,144,0.00000,False,,50
barka,2019-05-24,128,0,1.42412,-0.35797,5,144,0.88889,True,0.00000,50
barka,2019-05-25,0,0,,,5,144,0.00000,False,,50
barka,2019-05-26,123,5,3.04132,-0.34707,5,144,0.85417,True,0.04065,50
barka,2019-05-27,0,0,,,5,144,0.00000,False,,50
barka,2019-05-28,143,51,4.32924,0.09143,5,144,0.99306,True,0.35664,50
barka,2019-05-29,0,0,,,5,144,0.00000,False,,50
barka,2019-05-30,0,0,,,5,144,0.00000,False,,50
barka,2019-05-31,0,0,,,5,144,0.00000,False,,50
barka,2019-06-01,140,1,2.01707,-0.21252,6,144,0.97222,True,0.00714,50
barka,2019-06-02,0,0,,,6,144,0.00000,False,,50
barka,2019-06-03,144,0,0.82515,-0.42260,6,144,1.00000,True,0.00000,50
barka,2019-06-04,0,0,,,6,144,0.00000,False,,50
barka,2019-06-05,75,0,1.30284,-0.51560,6,144,0.52083,True,0.00000,50
barka,2019-06-06,0,0,,,6,144,0.00000,False,,50
barka,2019-06-07,144,0,1.03969,-0.53550,6,144,1.00000,True,0.00000,50
barka,2019-06-08,8,4,3.02237,0.93209,6,144,0.05556,False,,50
barka,2019-06-09,0,0,,,6,144,0.00000,False,,50
barka,2019-06-10,0,0,,,6,144,0.00000,False,,50
barka,2019-06-11,137,0,1.96397,-0.37259,6,144,0.95139,True,0.00000,50
barka,2019-06-12,83,0,1.54767,-0.58945,6,144,0.57639,True,0.00000,50
barka,2019-06-13,0,0,,,6,144,0.00000,False,,50
barka,2019-06-14,0,0,,,6,144,0.00000,False,,50
barka,2019-06-15,142,0,1.97289,-0.43968,6,144,0.98611,True,0.00000,50
barka,2019-06-16,122,8,2.75994,-0.42726,6,144,0.84722,True,0.06557,50
barka,2019-06-17,0,0,,,6,144,0.00000,False,,50
barka,2019-06-18,34,0,0.62609,-0.36313,6,144,0.23611,True,0.00000,50
barka,2019-06-19,0,0,,,6,144,0.00000,False,,50
barka,2019-06-20,92,0,1.51720,-0.37242,6,144,0.63889,True,0.00000,50
barka,2019-06-21,0,0,,,6,144,0.00000,False,,50
barka,2019-06-22,140,5,2.75422,-0.24763,6,144,0.97222,True,0.03571,50
barka,2019-06-23,0,0,,,6,144,0.00000,False,,50
barka,2019-06-24,87,13,2.62656,-0.30695,6,144,0.60417,True,0.14943,50
barka,2019-06-25,0,0,,,6,144,0.00000,False,,50
barka,2019-06-26,132,12,2.75721,-0.03200,6,144,0.91667,True,0.09091,50
barka,2019-06-27,0,0,,,6,144,0.00000,False,,50
barka,2019-06-28,107,9,2.54028,-0.42380,6,144,0.74306,True,0.08411,50
barka,2019-06-29,0,0,,,6,144,0.00000,False,,50
barka,2019-06-30,144,0,1.55085,-0.24806,6,144,1.00000,True,0.00000,50
barka,2019-07-01,0,0,,,7,142,0.00000,False,,50
barka,2019-07-02,129,0,0.35612,-0.26944,7,142,0.90845,True,0.00000,50
barka,2019-07-03,0,0,,,7,142,0.00000,False,,50
barka,2019-07-04,64,0,1.62809,0.13402,7,142,0.45070,True,0.00000,50
barka,2019-07-05,90,0,1.83758,-0.17515,7,142,0.63380,True,0.00000,50
barka,2019-07-06,0,0,,,7,142,0.00000,False,,50
barka,2019-07-07,0,0,,,7,142,0.00000,False,,50
barka,2019-07-08,94,0,1.97093,0.14822,7,142,0.66197,True,0.00000,50
barka,2019-07-09,142,4,2.93937,-0.02345,7,142,1.00000,True,0.02817,50
barka,2019-07-10,0,0,,,7,142,0.00000,False,,50
barka,2019-07-11,0,0,,,7,142,0.00000,False,,50
barka,2019-07-12,120,1,2.11004,-0.08663,7,142,0.84507,True,0.00833,50
barka,2019-07-13,91,2,2.80400,0.16607,7,142,0.64085,True,0.02198,50
barka,2019-07-14,0,0,,,7,142,0.00000,False,,50
barka,2019-07-15,38,1,2.44692,-0.38700,7,142,0.26761,True,0.02632,50
barka,2019-07-16,0,0,,,7,142,0.00000,False,,50
barka,2019-07-17,21,1,2.00943,0.36220,7,142,0.14789,True,0.04762,50
barka,2019-07-18,0,0,,,7,142,0.00000,False,,50
barka,2019-07-19,93,3,2.89598,-0.32701,7,142,0.65493,True,0.03226,50
barka,2019-07-20,0,0,,,7,142,0.00000,False,,50
barka,2019-07-21,78,0,-0.64069,-0.45696,7,142,0.54930,True,0.00000,50
barka,2019-07-22,0,0,,,7,142,0.00000,False,,50
barka,2019-07-23,16,0,0.47638,-0.27883,7,142,0.11268,True,0.00000,50
barka,2019-07-24,0,0,,,7,142,0.00000,False,,50
barka,2019-07-25,75,0,-0.25856,-0.48425,7,142,0.52817,True,0.00000,50
barka,2019-07-26,0,0,,,7,142,0.00000,False,,50
barka,2019-07-27,115,20,3.18266,0.04884,7,142,0.80986,True,0.17391,50
barka,2019-07-28,2,0,1.79167,0.40989,7,142,0.01408,False,,50
barka,2019-07-29,0,0,,,7,142,0.00000,False,,50
barka,2019-07-30,0,0,,,7,142,0.00000,False,,50
barka,2019-07-31,0,0,,,7,142,0.00000,False,,50
barka,2019-08-01,99,46,2.99846,0.26646,8,142,0.69718,True,0.46465,50
barka,2019-08-02,0,0,,,8,142,0.00000,False,,50
barka,2019-08-03,0,0,,,8,142,0.00000,False,,50
barka,2019-08-04,5,2,2.81442,0.60085,8,142,0.03521,False,,50
barka,2019-08-05,38,15,3.01138,0.27834,8,142,0.26761,True,0.39474,50
barka,2019-08-06,0,0,,,8,142,0.00000,False,,50
barka,2019-08-07,0,0,,,8,142,0.00000,False,,50
barka,2019-08-08,0,0,,,8,142,0.00000,False,,50
barka,2019-08-09,3,0,1.03580,0.56836,8,142,0.02113,False,,50
barka,2019-08-10,0,0,,,8,142,0.00000,False,,50
barka,2019-08-11,26,6,2.62835,0.45559,8,142,0.18310,True,0.23077,50
barka,2019-08-12,0,0,,,8,142,0.00000,False,,50
barka,2019-08-13,70,0,-0.55588,-0.45323,8,142,0.49296,True,0.00000,50
barka,2019-08-14,0,0,,,8,142,0.00000,False,,50
barka,2019-08-15,74,34,3.20900,0.47035,8,142,0.52113,True,0.45946,50
barka,2019-08-16,0,0,,,8,142,0.00000,False,,50
barka,2019-08-17,138,0,1.86591,-0.10825,8,142,0.97183,True,0.00000,50
barka,2019-08-18,0,0,,,8,142,0.00000,False,,50
barka,2019-08-19,140,4,2.49293,0.19450,8,142,0.98592,True,0.02857,50
barka,2019-08-20,0,0,,,8,142,0.00000,False,,50
barka,2019-08-21,125,2,2.23716,-0.02084,8,142,0.88028,True,0.01600,50
barka,2019-08-22,0,0,,,8,142,0.00000,False,,50
barka,2019-08-23,137,0,1.19389,-0.08903,8,142,0.96479,True,0.00000,50
barka,2019-08-24,16,0,1.59310,-0.26012,8,142,0.11268,True,0.00000,50
barka,2019-08-25,142,1,2.23147,0.03739,8,142,1.00000,True,0.00704,50
barka,2019-08-26,0,0,,,8,142,0.00000,False,,50
barka,2019-08-27,139,0,1.76551,-0.07220,8,142,0.97887,True,0.00000,50
barka,2019-08-28,125,0,1.86126,-0.00957,8,142,0.88028,True,0.00000,50
barka,2019-08-29,0,0,,,8,142,0.00000,False,,50
barka,2019-08-30,0,0,,,8,142,0.00000,False,,50
barka,2019-08-31,132,21,2.87461,0.23807,8,142,0.92958,True,0.15909,50
barka,2019-09-01,140,28,3.81728,0.07414,9,144,0.97222,True,0.20000,50
barka,2019-09-02,0,0,,,9,144,0.00000,False,,50
barka,2019-09-03,18,16,4.52104,0.35415,9,144,0.12500,True,0.88889,50
barka,2019-09-04,64,0,0.98025,-0.27619,9,144,0.44444,True,0.00000,50
barka,2019-09-05,0,0,,,9,144,0.00000,False,,50
barka,2019-09-06,0,0,,,9,144,0.00000,False,,50
barka,2019-09-07,0,0,,,9,144,0.00000,False,,50
barka,2019-09-08,0,0,,,9,144,0.00000,False,,50
barka,2019-09-09,64,5,3.40759,-0.02788,9,144,0.44444,True,0.07812,50
barka,2019-09-10,0,0,,,9,144,0.00000,False,,50
barka,2019-09-11,143,6,2.73676,0.03882,9,144,0.99306,True,0.04196,50
barka,2019-09-12,0,0,,,9,144,0.00000,False,,50
barka,2019-09-13,128,81,3.77931,0.35757,9,144,0.88889,True,0.63281,50
barka,2019-09-14,0,0,,,9,144,0.00000,False,,50
barka,2019-09-15,142,14,2.64179,0.10483,9,144,0.98611,True,0.09859,50
barka,2019-09-16,0,0,,,9,144,0.00000,False,,50
barka,2019-09-17,110,1,2.27334,-0.33520,9,144,0.76389,True,0.00909,50
barka,2019-09-18,0,0,,,9,144,0.00000,False,,50
barka,2019-09-19,144,11,2.92209,0.07059,9,144,1.00000,True,0.07639,50
barka,2019-09-20,42,5,2.80106,0.24010,9,144,0.29167,True,0.11905,50
barka,2019-09-21,0,0,,,9,144,0.00000,False,,50
barka,2019-09-22,0,0,,,9,144,0.00000,False,,50
barka,2019-09-23,136,0,1.88185,-0.16206,9,144,0.94444,True,0.00000,50
barka,2019-09-24,0,0,,,9,144,0.00000,False,,50
barka,2019-09-25,0,0,,,9,144,0.00000,False,,50
barka,2019-09-26,0,0,,,9,144,0.00000,False,,50
barka,2019-09-27,143,32,3.27315,-0.02034,9,144,0.99306,True,0.22378,50
barka,2019-09-28,142,47,3.74281,0.12673,9,144,0.98611,True,0.33099,50
barka,2019-09-29,0,0,,,9,144,0.00000,False,,50
barka,2019-09-30,91,0,1.91666,-0.31693,9,144,0.63194,True,0.00000,50
barka,2019-10-01,142,43,3.51991,0.02571,10,145,0.97931,True,0.30282,50
barka,2019-10-02,141,29,2.99208,0.00222,10,145,0.97241,True,0.20567,50
barka,2019-10-03,0,0,,,10,145,0.00000,False,,50
barka,2019-10-04,133,30,3.83730,0.00974,10,145,0.91724,True,0.22556,50
barka,2019-10-05,0,0,,,10,145,0.00000,False,,50
barka,2019-10-06,0,0,,,10,145,0.00000,False,,50
barka,2019-10-07,0,0,,,10,145,0.00000,False,,50
barka,2019-10-08,144,4,2.18342,-0.26369,10,145,0.99310,True,0.02778,50
barka,2019-10-09,1,0,1.17920,0.82520,10,145,0.00690,False,,50
barka,2019-10-10,142,1,2.06964,-0.28074,10,145,0.97931,True,0.00704,50
barka,2019-10-11,0,0,,,10,145,0.00000,False,,50
barka,2019-10-12,0,0,,,10,145,0.00000,False,,50
barka,2019-10-13,135,3,2.34084,-0.34507,10,145,0.93103,True,0.02222,50
barka,2019-10-14,141,4,2.37969,-0.36442,10,145,0.97241,True,0.02837,50
barka,2019-10-15,0,0,,,10,145,0.00000,False,,50
barka,2019-10-16,144,0,0.69304,-0.39352,10,145,0.99310,True,0.00000,50
barka,2019-10-17,143,0,0.57378,-0.38799,10,145,0.98621,True,0.00000,50
barka,2019-10-18,142,0,1.13912,-0.34926,10,145,0.97931,True,0.00000,50
barka,2019-10-19,31,0,0.97215,0.23419,10,145,0.21379,True,0.00000,50
barka,2019-10-20,142,0,1.26097,-0.39209,10,145,0.97931,True,0.00000,50
barka,2019-10-21,144,5,2.98719,-0.28713,10,145,0.99310,True,0.03472,50
barka,2019-10-22,0,0,,,10,145,0.00000,False,,50
barka,2019-10-23,114,0,1.25433,-0.36120,10,145,0.78621,True,0.00000,50
barka,2019-10-24,143,0,1.41351,-0.34436,10,145,0.98621,True,0.00000,50
barka,2019-10-25,143,3,2.19712,-0.33748,10,145,0.98621,True,0.02098,50
barka,2019-10-26,0,0,,,10,145,0.00000,False,,50
barka,2019-10-27,144,0,0.87378,-0.39688,10,145,0.99310,True,0.00000,50
barka,2019-10-28,143,0,1.49114,-0.39211,10,145,0.98621,True,0.00000,50
barka,2019-10-29,142,1,2.29301,-0.38834,10,145,0.97931,True,0.00704,50
barka,2019-10-30,0,0,,,10,145,0.00000,False,,50
barka,2019-10-31,136,0,1.52741,-0.34026,10,145,0.93793,True,0.00000,50
barka,2019-11-01,71,0,1.74480,-0.40362,11,144,0.49306,True,0.00000,50
barka,2019-11-02,140,0,1.81298,-0.35371,11,144,0.97222,True,0.00000,50
barka,2019-11-03,0,0,,,11,144,0.00000,False,,50
barka,2019-11-04,144,0,0.99427,-0.22025,11,144,1.00000,True,0.00000,50
barka,2019-11-05,129,0,1.35599,-0.30814,11,144,0.89583,True,0.00000,50
barka,2019-11-06,142,0,1.32328,-0.27348,11,144,0.98611,True,0.00000,50
barka,2019-11-07,0,0,,,11,144,0.00000,False,,50
barka,2019-11-08,144,0,1.34777,-0.29297,11,144,1.00000,True,0.00000,50
barka,2019-11-09,143,0,1.85501,-0.14219,11,144,0.99306,True,0.00000,50
barka,2019-11-10,10,0,1.28318,0.33299,11,144,0.06944,False,,50
barka,2019-11-11,6,0,-0.12679,-0.07665,11,144,0.04167,False,,50
barka,2019-11-12,144,0,1.84342,-0.13714,11,144,1.00000,True,0.00000,50
barka,2019-11-13,144,0,1.63475,-0.14784,11,144,1.00000,True,0.00000,50
barka,2019-11-14,143,0,1.48126,-0.06021,11,144,0.99306,True,0.00000,50
barka,2019-11-15,122,0,1.88569,-0.18319,11,144,0.84722,True,0.00000,50
barka,2019-11-16,144,0,0.83344,-0.21124,11,144,1.00000,True,0.00000,50
barka,2019-11-17,116,1,2.30901,-0.20339,11,144,0.80556,True,0.00862,50
barka,2019-11-18,0,0,,,11,144,0.00000,False,,50
barka,2019-11-19,144,0,1.93686,-0.10881,11,144,1.00000,True,0.00000,50
barka,2019-11-20,134,1,2.03740,-0.06469,11,144,0.93056,True,0.00746,50
barka,2019-11-21,30,1,2.30062,-0.21358,11,144,0.20833,True,0.03333,50
barka,2019-11-22,0,0,,,11,144,0.00000,False,,50
barka,2019-11-23,61,0,0.70317,-0.33274,11,144,0.42361,True,0.00000,50
barka,2019-11-24,37,0,0.79739,-0.20749,11,144,0.25694,True,0.00000,50
barka,2019-11-25,0,0,,,11,144,0.00000,False,,50
barka,2019-11-26,0,0,,,11,144,0.00000,False,,50
barka,2019-11-27,142,3,2.18455,-0.07584,11,144,0.98611,True,0.02113,50
barka,2019-11-28,83,4,2.54348,0.08384,11,144,0.57639,True,0.04819,50
barka,2019-11-29,144,20,2.79013,0.11955,11,144,1.00000,True,0.13889,50
barka,2019-11-30,0,0,,,11,144,0.00000,False,,50
barka,2019-12-01,144,0,1.44722,-0.07590,12,144,1.00000,True,0.00000,50
barka,2019-12-02,0,0,,,12,144,0.00000,False,,50
barka,2019-12-03,130,24,3.02450,0.08179,12,144,0.90278,True,0.18462,50
barka,2019-12-04,0,0,,,12,144,0.00000,False,,50
barka,2019-12-05,108,0,1.43095,-0.01969,12,144,0.75000,True,0.00000,50
barka,2019-12-06,144,10,2.65601,0.04228,12,144,1.00000,True,0.06944,50
barka,2019-12-07,120,0,1.47281,-0.01808,12,144,0.83333,True,0.00000,50
barka,2019-12-08,0,0,,,12,144,0.00000,False,,50
barka,2019-12-09,144,1,2.30499,-0.17466,12,144,1.00000,True,0.00694,50
barka,2019-12-10,144,0,1.86156,-0.14473,12,144,1.00000,True,0.00000,50
barka,2019-12-11,0,0,,,12,144,0.00000,False,,50
barka,2019-12-12,143,0,1.00869,-0.23117,12,144,0.99306,True,0.00000,50
barka,2019-12-13,0,0,,,12,144,0.00000,False,,50
barka,2019-12-14,142,0,0.53847,-0.25165,12,144,0.98611,True,0.00000,50
barka,2019-12-15,0,0,,,12,144,0.00000,False,,50
barka,2019-12-16,144,0,0.11567,-0.26568,12,144,1.00000,True,0.00000,50
barka,2019-12-17,119,0,0.44455,-0.24970,12,144,0.82639,True,0.00000,50
barka,2019-12-18,143,1,2.32499,-0.25554,12,144,0.99306,True,0.00699,50
barka,2019-12-19,0,0,,,12,144,0.00000,False,,50
barka,2019-12-20,80,0,1.43822,-0.47668,12,144,0.55556,True,0.00000,50
barka,2019-12-21,103,0,1.23058,-0.28233,12,144,0.71528,True,0.00000,50
barka,2019-12-22,144,0,1.49631,-0.15789,12,144,1.00000,True,0.00000,50
barka,2019-12-23,0,0,,,12,144,0.00000,False,,50
barka,2019-12-24,144,0,1.41283,-0.17338,12,144,1.00000,True,0.00000,50
barka,2019-12-25,85,0,1.30719,-0.10755,12,144,0.59028,True,0.00000,50
barka,2019-12-26,144,1,2.01203,-0.08128,12,144,1.00000,True,0.00694,50
barka,2019-12-27,0,0,,,12,144,0.00000,False,,50
barka,2019-12-28,137,0,0.38206,-0.23328,12,144,0.95139,True,0.00000,50
barka,2019-12-29,100,0,-0.57845,-0.41806,12,144,0.69444,True,0.00000,50
barka,2019-12-30,144,0,0.64284,-0.18481,12,144,1.00000,True,0.00000,50
barka,2019-12-31,0,0,,,12,144,0.00000,False,,50
barka,2020-01-01,142,0,0.62914,-0.14534,1,144,0.98611,True,0.00000,50
barka,2020-01-02,144,0,0.21864,-0.14519,1,144,1.00000,True,0.00000,50
barka,2020-01-03,143,0,0.94967,-0.08345,1,144,0.99306,True,0.00000,50
barka,2020-01-04,6,0,1.01219,0.25678,1,144,0.04167,False,,50
barka,2020-01-05,0,0,,,1,144,0.00000,False,,50
barka,2020-01-06,125,0,1.51066,0.07008,1,144,0.86806,True,0.00000,50
barka,2020-01-07,57,0,0.81261,-0.21417,1,144,0.39583,True,0.00000,50
barka,2020-01-08,144,0,-0.00100,-0.25313,1,144,1.00000,True,0.00000,50
barka,2020-01-09,142,0,0.69318,-0.12798,1,144,0.98611,True,0.00000,50
barka,2020-01-10,0,0,,,1,144,0.00000,False,,50
barka,2020-01-11,0,0,,,1,144,0.00000,False,,50
barka,2020-01-12,48,0,0.72047,0.12160,1,144,0.33333,True,0.00000,50
barka,2020-01-13,27,0,0.34040,0.19080,1,144,0.18750,True,0.00000,50
barka,2020-01-14,144,0,1.13464,-0.26648,1,144,1.00000,True,0.00000,50
barka,2020-01-15,0,0,,,1,144,0.00000,False,,50
barka,2020-01-16,136,0,1.47013,-0.19810,1,144,0.94444,True,0.00000,50
barka,2020-01-17,0,0,,,1,144,0.00000,False,,50
barka,2020-01-18,144,0,1.04817,-0.07941,1,144,1.00000,True,0.00000,50
barka,2020-01-19,0,0,,,1,144,0.00000,False,,50
barka,2020-01-20,144,0,0.56058,-0.13566,1,144,1.00000,True,0.00000,50
barka,2020-01-21,84,0,1.48002,-0.08777,1,144,0.58333,True,0.00000,50
barka,2020-01-22,134,0,0.96518,-0.18992,1,144,0.93056,True,0.00000,50
barka,2020-01-23,0,0,,,1,144,0.00000,False,,50
barka,2020-01-24,1,0,-2.84878,-0.48142,1,144,0.00694,False,,50
barka,2020-01-25,77,0,0.44893,-0.09031,1,144,0.53472,True,0.00000,50
barka,2020-01-26,107,0,1.52879,-0.14322,1,144,0.74306,True,0.00000,50
barka,2020-01-27,0,0,,,1,144,0.00000,False,,50
barka,2020-01-28,61,0,-0.07339,-0.49211,1,144,0.42361,True,0.00000,50
barka,2020-01-29,144,0,1.15530,-0.18441,1,144,1.00000,True,0.00000,50
barka,2020-01-30,143,0,1.49597,-0.01479,1,144,0.99306,True,0.00000,50
barka,2020-01-31,6,0,-0.04484,0.21335,1,144,0.04167,False,,50
barka,2020-02-01,142,0,1.42351,-0.01308,2,143,0.99301,True,0.00000,50
barka,2020-02-02,105,0,1.32349,0.08061,2,143,0.73427,True,0.00000,50
barka,2020-02-03,142,0,1.71722,0.26975,2,143,0.99301,True,0.00000,50
barka,2020-02-04,83,1,2.05034,-0.08237,2,143,0.58042,True,0.01205,50
barka,2020-02-05,142,0,0.78301,-0.01979,2,143,0.99301,True,0.00000,50
barka,2020-02-06,143,0,1.26990,0.01539,2,143,1.00000,True,0.00000,50
barka,2020-02-07,0,0,,,2,143,0.00000,False,,50
barka,2020-02-08,143,0,1.93024,-0.06824,2,143,1.00000,True,0.00000,50
barka,2020-02-09,142,0,1.20330,0.02181,2,143,0.99301,True,0.00000,50
barka,2020-02-10,141,0,1.26877,-0.00292,2,143,0.98601,True,0.00000,50
barka,2020-02-11,0,0,,,2,143,0.00000,False,,50
barka,2020-02-12,40,0,1.66802,0.36639,2,143,0.27972,True,0.00000,50
barka,2020-02-13,142,2,2.26719,0.01707,2,143,0.99301,True,0.01408,50
barka,2020-02-14,141,0,1.26966,-0.07410,2,143,0.98601,True,0.00000,50
barka,2020-02-15,0,0,,,2,143,0.00000,False,,50
barka,2020-02-16,92,0,1.31693,-0.13228,2,143,0.64336,True,0.00000,50
barka,2020-02-17,2,0,0.72280,0.85302,2,143,0.01399,False,,50
barka,2020-02-18,132,0,0.34104,-0.17175,2,143,0.92308,True,0.00000,50
barka,2020-02-19,0,0,,,2,143,0.00000,False,,50
barka,2020-02-20,140,20,2.77505,0.37169,2,143,0.97902,True,0.14286,50
barka,2020-02-21,32,1,2.61025,0.39328,2,143,0.22378,True,0.03125,50
barka,2020-02-22,111,5,2.19902,0.22818,2,143,0.77622,True,0.04505,50
barka,2020-02-23,0,0,,,2,143,0.00000,False,,50
barka,2020-02-24,141,0,1.85483,-0.09951,2,143,0.98601,True,0.00000,50
barka,2020-02-25,107,0,1.71767,-0.00009,2,143,0.74825,True,0.00000,50
barka,2020-02-26,143,0,1.78154,0.20924,2,143,1.00000,True,0.00000,50
barka,2020-02-27,0,0,,,2,143,0.00000,False,,50
barka,2020-02-28,131,49,2.93701,0.61102,2,143,0.91608,True,0.37405,50
barka,2020-02-29,142,67,3.63868,0.67369,2,143,0.99301,True,0.47183,50
barka,2020-03-01,117,0,0.27584,-0.09685,3,144,0.81250,True,0.00000,50
barka,2020-03-02,17,1,2.46684,0.73049,3,144,0.11806,True,0.05882,50
barka,2020-03-03,74,0,-0.25010,-0.12243,3,144,0.51389,True,0.00000,50
barka,2020-03-04,144,0,1.31975,0.19439,3,144,1.00000,True,0.00000,50
barka,2020-03-05,0,0,,,3,144,0.00000,False,,50
barka,2020-03-06,27,0,1.69807,-0.24973,3,144,0.18750,True,0.00000,50
barka,2020-03-07,143,0,0.98833,-0.04852,3,144,0.99306,True,0.00000,50
barka,2020-03-08,143,0,0.64923,0.16602,3,144,0.99306,True,0.00000,50
barka,2020-03-09,0,0,,,3,144,0.00000,False,,50
barka,2020-03-10,40,4,2.38621,0.67192,3,144,0.27778,True,0.10000,50
barka,2020-03-11,142,0,1.93168,0.45758,3,144,0.98611,True,0.00000,50
barka,2020-03-12,142,0,1.96814,0.38601,3,144,0.98611,True,0.00000,50
barka,2020-03-13,0,0,,,3,144,0.00000,False,,50
barka,2020-03-14,23,0,0.56449,0.04944,3,144,0.15972,True,0.00000,50
barka,2020-03-15,0,0,,,3,144,0.00000,False,,50
barka,2020-03-16,56,0,-0.61893,-0.22408,3,144,0.38889,True,0.00000,50
barka,2020-03-17,0,0,,,3,144,0.00000,False,,50
barka,2020-03-18,144,5,2.23774,0.40215,3,144,1.00000,True,0.03472,50
barka,2020-03-19,0,0,,,3,144,0.00000,False,,50
barka,2020-03-20,132,0,0.78333,0.18000,3,144,0.91667,True,0.00000,50
barka,2020-03-21,0,0,,,3,144,0.00000,False,,50
barka,2020-03-22,0,0,,,3,144,0.00000,False,,50
barka,2020-03-23,8,0,0.64993,0.76214,3,144,0.05556,False,,50
barka,2020-03-24,136,2,2.12094,0.18963,3,144,0.94444,True,0.01471,50
barka,2020-03-25,0,0,,,3,144,0.00000,False,,50
barka,2020-03-26,138,0,1.12597,0.21254,3,144,0.95833,True,0.00000,50
barka,2020-03-27,100,0,1.86460,0.54069,3,144,0.69444,True,0.00000,50
barka,2020-03-28,78,0,-0.32770,-0.09772,3,144,0.54167,True,0.00000,50
barka,2020-03-29,0,0,,,3,144,0.00000,False,,50
barka,2020-03-30,0,0,,,3,144,0.00000,False,,50
barka,2020-03-31,142,17,2.64359,0.49514,3,144,0.98611,True,0.11972,50
barka,2020-04-01,0,0,,,4,144,0.00000,False,,50
barka,2020-04-02,0,0,,,4,144,0.00000,False,,50
barka,2020-04-03,117,0,0.38703,-0.15894,4,144,0.81250,True,0.00000,50
barka,2020-04-04,129,0,1.24544,-0.12484,4,144,0.89583,True,0.00000,50
barka,2020-04-05,0,0,,,4,144,0.00000,False,,50
barka,2020-04-06,2,0,1.57770,0.99640,4,144,0.01389,False,,50
barka,2020-04-07,137,2,2.36779,0.20321,4,144,0.95139,True,0.01460,50
barka,2020-04-08,140,1,2.20133,0.17644,4,144,0.97222,True,0.00714,50
barka,2020-04-09,0,0,,,4,144,0.00000,False,,50
barka,2020-04-10,89,20,3.70665,0.42257,4,144,0.61806,True,0.22472,50
barka,2020-04-11,0,0,,,4,144,0.00000,False,,50
barka,2020-04-12,134,11,3.28459,0.20020,4,144,0.93056,True,0.08209,50
barka,2020-04-13,0,0,,,4,144,0.00000,False,,50
barka,2020-04-14,1,0,0.86289,0.15439,4,144,0.00694,False,,50
barka,2020-04-15,0,0,,,4,144,0.00000,False,,50
barka,2020-04-16,0,0,,,4,144,0.00000,False,,50
barka,2020-04-17,0,0,,,4,144,0.00000,False,,50
barka,2020-04-18,142,1,2.06141,0.07749,4,144,0.98611,True,0.00704,50
barka,2020-04-19,0,0,,,4,144,0.00000,False,,50
barka,2020-04-20,137,0,1.35287,0.01334,4,144,0.95139,True,0.00000,50
barka,2020-04-21,0,0,,,4,144,0.00000,False,,50
barka,2020-04-22,140,0,1.41405,-0.10812,4,144,0.97222,True,0.00000,50
barka,2020-04-23,2,0,1.46898,0.29096,4,144,0.01389,False,,50
barka,2020-04-24,142,0,1.26049,-0.03566,4,144,0.98611,True,0.00000,50
barka,2020-04-25,0,0,,,4,144,0.00000,False,,50
barka,2020-04-26,142,0,0.78024,-0.26920,4,144,0.98611,True,0.00000,50
barka,2020-04-27,86,0,1.45899,-0.26946,4,144,0.59722,True,0.00000,50
barka,2020-04-28,0,0,,,4,144,0.00000,False,,50
barka,2020-04-29,0,0,,,4,144,0.00000,False,,50
barka,2020-04-30,142,0,0.92388,-0.24292,4,144,0.98611,True,0.00000,50
barka,2020-05-01,123,2,3.19914,-0.32342,5,144,0.85417,True,0.01626,50
barka,2020-05-02,0,0,,,5,144,0.00000,False,,50
barka,2020-05-03,0,0,,,5,144,0.00000,False,,50
barka,2020-05-04,141,2,2.07250,-0.21834,5,144,0.97917,True,0.01418,50
barka,2020-05-05,142,0,1.47594,-0.26902,5,144,0.98611,True,0.00000,50
barka,2020-05-06,0,0,,,5,144,0.00000,False,,50
barka,2020-05-07,10,1,2.25414,0.59610,5,144,0.06944,False,,50
barka,2020-05-08,0,0,,,5,144,0.00000,False,,50
barka,2020-05-09,144,0,0.49925,-0.40757,5,144,1.00000,True,0.00000,50
barka,2020-05-10,0,0,,,5,144,0.00000,False,,50
barka,2020-05-11,131,0,1.71062,-0.22806,5,144,0.90972,True,0.00000,50
barka,2020-05-12,0,0,,,5,144,0.00000,False,,50
barka,2020-05-13,143,0,0.56500,-0.41365,5,144,0.99306,True,0.00000,50
barka,2020-05-14,0,0,,,5,144,0.00000,False,,50
barka,2020-05-15,142,0,1.05878,-0.34879,5,144,0.98611,True,0.00000,50
barka,2020-05-16,0,0,,,5,144,0.00000,False,,50
barka,2020-05-17,142,1,2.08208,-0.35943,5,144,0.98611,True,0.00704,50
barka,2020-05-18,0,0,,,5,144,0.00000,False,,50
barka,2020-05-19,142,0,1.52712,-0.35209,5,144,0.98611,True,0.00000,50
barka,2020-05-20,0,0,,,5,144,0.00000,False,,50
barka,2020-05-21,121,0,1.84561,-0.36479,5,144,0.84028,True,0.00000,50
barka,2020-05-22,0,0,,,5,144,0.00000,False,,50
barka,2020-05-23,142,0,1.07699,-0.40868,5,144,0.98611,True,0.00000,50
barka,2020-05-24,56,0,1.75183,-0.51828,5,144,0.38889,True,0.00000,50
barka,2020-05-25,0,0,,,5,144,0.00000,False,,50
barka,2020-05-26,0,0,,,5,144,0.00000,False,,50
barka,2020-05-27,142,0,0.94878,-0.40428,5,144,0.98611,True,0.00000,50
barka,2020-05-28,143,0,1.33566,-0.44318,5,144,0.99306,True,0.00000,50
barka,2020-05-29,0,0,,,5,144,0.00000,False,,50
barka,2020-05-30,0,0,,,5,144,0.00000,False,,50
barka,2020-05-31,142,1,2.19809,-0.40266,5,144,0.98611,True,0.00704,50
barka,2020-06-01,143,0,1.80298,-0.36899,6,144,0.99306,True,0.00000,50
barka,2020-06-02,0,0,,,6,144,0.00000,False,,50
barka,2020-06-03,0,0,,,6,144,0.00000,False,,50
barka,2020-06-04,0,0,,,6,144,0.00000,False,,50
barka,2020-06-05,140,0,1.20672,-0.43309,6,144,0.97222,True,0.00000,50
barka,2020-06-06,0,0,,,6,144,0.00000,False,,50
barka,2020-06-07,121,0,1.07098,-0.27747,6,144,0.84028,True,0.00000,50
barka,2020-06-08,0,0,,,6,144,0.00000,False,,50
barka,2020-06-09,106,0,1.72595,-0.21509,6,144,0.73611,True,0.00000,50
barka,2020-06-10,0,0,,,6,144,0.00000,False,,50
barka,2020-06-11,143,0,1.93149,-0.32678,6,144,0.99306,True,0.00000,50
barka,2020-06-12,0,0,,,6,144,0.00000,False,,50
barka,2020-06-13,140,0,1.13321,-0.52887,6,144,0.97222,True,0.00000,50
barka,2020-06-14,0,0,,,6,144,0.00000,False,,50
barka,2020-06-15,141,1,2.00035,-0.35140,6,144,0.97917,True,0.00709,50
barka,2020-06-16,0,0,,,6,144,0.00000,False,,50
barka,2020-06-17,131,0,1.62803,-0.49261,6,144,0.90972,True,0.00000,50
barka,2020-06-18,0,0,,,6,144,0.00000,False,,50
barka,2020-06-19,119,9,2.73351,-0.15430,6,144,0.82639,True,0.07563,50
barka,2020-06-20,100,8,2.57089,-0.23236,6,144,0.69444,True,0.08000,50
barka,2020-06-21,0,0,,,6,144,0.00000,False,,50
barka,2020-06-22,0,0,,,6,144,0.00000,False,,50
barka,2020-06-23,124,6,2.34080,-0.21725,6,144,0.86111,True,0.04839,50
barka,2020-06-24,136,49,3.66914,-0.05590,6,144,0.94444,True,0.36029,50
barka,2020-06-25,0,0,,,6,144,0.00000,False,,50
barka,2020-06-26,0,0,,,6,144,0.00000,False,,50
barka,2020-06-27,132,47,4.26944,-0.05103,6,144,0.91667,True,0.35606,50
barka,2020-06-28,129,13,2.66312,-0.23640,6,144,0.89583,True,0.10078,50
barka,2020-06-29,0,0,,,6,144,0.00000,False,,50
barka,2020-06-30,49,0,1.86570,-0.20719,6,144,0.34028,True,0.00000,50
barka,2020-07-01,0,0,,,7,142,0.00000,False,,50
barka,2020-07-02,137,0,1.51848,-0.05832,7,142,0.96479,True,0.00000,50
barka,2020-07-03,0,0,,,7,142,0.00000,False,,50
barka,2020-07-04,96,1,2.28053,-0.10395,7,142,0.67606,True,0.01042,50
barka,2020-07-05,0,0,,,7,142,0.00000,False,,50
barka,2020-07-06,8,0,-1.33620,-0.58449,7,142,0.05634,False,,50
barka,2020-07-07,0,0,,,7,142,0.00000,False,,50
barka,2020-07-08,98,4,2.30436,-0.23016,7,142,0.69014,True,0.04082,50
barka,2020-07-09,0,0,,,7,142,0.00000,False,,50
barka,2020-07-10,4,0,1.73035,0.44024,7,142,0.02817,False,,50
barka,2020-07-11,0,0,,,7,142,0.00000,False,,50
barka,2020-07-12,112,1,2.04360,-0.31389,7,142,0.78873,True,0.00893,50
barka,2020-07-13,14,2,3.37456,-0.18175,7,142,0.09859,False,,50
barka,2020-07-14,94,0,1.84641,-0.24855,7,142,0.66197,True,0.00000,50
barka,2020-07-15,0,0,,,7,142,0.00000,False,,50
barka,2020-07-16,141,0,1.02486,-0.13317,7,142,0.99296,True,0.00000,50
barka,2020-07-17,74,0,1.33783,-0.27046,7,142,0.52113,True,0.00000,50
barka,2020-07-18,0,0,,,7,142,0.00000,False,,50
barka,2020-07-19,0,0,,,7,142,0.00000,False,,50
barka,2020-07-20,142,0,1.87945,-0.11704,7,142,1.00000,True,0.00000,50
barka,2020-07-21,132,2,2.32269,-0.37661,7,142,0.92958,True,0.01515,50
barka,2020-07-22,0,0,,,7,142,0.00000,False,,50
barka,2020-07-23,0,0,,,7,142,0.00000,False,,50
barka,2020-07-24,128,0,1.71427,-0.18727,7,142,0.90141,True,0.00000,50
barka,2020-07-25,139,0,1.50508,-0.38888,7,142,0.97887,True,0.00000,50
barka,2020-07-26,0,0,,,7,142,0.00000,False,,50
barka,2020-07-27,55,3,2.28166,-0.47991,7,142,0.38732,True,0.05455,50
barka,2020-07-28,0,0,,,7,142,0.00000,False,,50
barka,2020-07-29,138,0,-0.28629,-0.46192,7,142,0.97183,True,0.00000,50
barka,2020-07-30,0,0,,,7,142,0.00000,False,,50
barka,2020-07-31,22,0,0.36105,-0.09503,7,142,0.15493,True,0.00000,50
barka,2020-08-01,0,0,,,8,142,0.00000,False,,50
barka,2020-08-02,103,0,1.45304,-0.47959,8,142,0.72535,True,0.00000,50
barka,2020-08-03,0,0,,,8,142,0.00000,False,,50
barka,2020-08-04,76,0,-0.12482,-0.34079,8,142,0.53521,True,0.00000,50
barka,2020-08-05,0,0,,,8,142,0.00000,False,,50
barka,2020-08-06,0,0,,,8,142,0.00000,False,,50
barka,2020-08-07,0,0,,,8,142,0.00000,False,,50
barka,2020-08-08,0,0,,,8,142,0.00000,False,,50
barka,2020-08-09,0,0,,,8,142,0.00000,False,,50
barka,2020-08-10,142,0,1.04613,-0.29189,8,142,1.00000,True,0.00000,50
barka,2020-08-11,0,0,,,8,142,0.00000,False,,50
barka,2020-08-12,68,0,1.87647,0.31409,8,142,0.47887,True,0.00000,50
barka,2020-08-13,122,0,1.45547,-0.28351,8,142,0.85915,True,0.00000,50
barka,2020-08-14,0,0,,,8,142,0.00000,False,,50
barka,2020-08-15,0,0,,,8,142,0.00000,False,,50
barka,2020-08-16,101,2,2.44504,0.03465,8,142,0.71127,True,0.01980,50
barka,2020-08-17,9,0,0.04640,-0.21581,8,142,0.06338,False,,50
barka,2020-08-18,0,0,,,8,142,0.00000,False,,50
barka,2020-08-19,0,0,,,8,142,0.00000,False,,50
barka,2020-08-20,134,0,1.56158,-0.06684,8,142,0.94366,True,0.00000,50
barka,2020-08-21,17,0,-0.21572,-0.25403,8,142,0.11972,True,0.00000,50
barka,2020-08-22,0,0,,,8,142,0.00000,False,,50
barka,2020-08-23,2,0,-0.71926,-0.18945,8,142,0.01408,False,,50
barka,2020-08-24,0,0,,,8,142,0.00000,False,,50
barka,2020-08-25,48,0,1.59955,-0.26632,8,142,0.33803,True,0.00000,50
barka,2020-08-26,0,0,,,8,142,0.00000,False,,50
barka,2020-08-27,19,8,2.62421,0.41470,8,142,0.13380,True,0.42105,50
barka,2020-08-28,0,0,,,8,142,0.00000,False,,50
barka,2020-08-29,135,0,0.32618,-0.41295,8,142,0.95070,True,0.00000,50
barka,2020-08-30,0,0,,,8,142,0.00000,False,,50
barka,2020-08-31,0,0,,,8,142,0.00000,False,,50
barka,2020-09-01,0,0,,,9,144,0.00000,False,,50
barka,2020-09-02,0,0,,,9,144,0.00000,False,,50
barka,2020-09-03,0,0,,,9,144,0.00000,False,,50
barka,2020-09-04,143,0,0.65075,-0.44922,9,144,0.99306,True,0.00000,50
barka,2020-09-05,20,0,1.41056,-0.55883,9,144,0.13889,True,0.00000,50
barka,2020-09-06,142,0,1.44673,-0.37860,9,144,0.98611,True,0.00000,50
barka,2020-09-07,0,0,,,9,144,0.00000,False,,50
barka,2020-09-08,143,0,1.41055,-0.41162,9,144,0.99306,True,0.00000,50
barka,2020-09-09,135,0,0.55603,-0.47044,9,144,0.93750,True,0.00000,50
barka,2020-09-10,0,0,,,9,144,0.00000,False,,50
barka,2020-09-11,0,0,,,9,144,0.00000,False,,50
barka,2020-09-12,142,0,0.78030,-0.35858,9,144,0.98611,True,0.00000,50
barka,2020-09-13,142,0,0.38332,-0.51044,9,144,0.98611,True,0.00000,50
barka,2020-09-14,0,0,,,9,144,0.00000,False,,50
barka,2020-09-15,8,6,3.19450,0.97559,9,144,0.05556,False,,50
barka,2020-09-16,142,0,0.19052,-0.50631,9,144,0.98611,True,0.00000,50
barka,2020-09-17,0,0,,,9,144,0.00000,False,,50
barka,2020-09-18,0,0,,,9,144,0.00000,False,,50
barka,2020-09-19,96,0,1.93084,-0.45782,9,144,0.66667,True,0.00000,50
barka,2020-09-20,0,0,,,9,144,0.00000,False,,50
barka,2020-09-21,142,0,0.17540,-0.48722,9,144,0.98611,True,0.00000,50
barka,2020-09-22,0,0,,,9,144,0.00000,False,,50
barka,2020-09-23,143,0,0.88752,-0.43549,9,144,0.99306,True,0.00000,50
barka,2020-09-24,0,0,,,9,144,0.00000,False,,50
barka,2020-09-25,142,0,1.11022,-0.43130,9,144,0.98611,True,0.00000,50
barka,2020-09-26,0,0,,,9,144,0.00000,False,,50
barka,2020-09-27,0,0,,,9,144,0.00000,False,,50
barka,2020-09-28,3,0,1.99045,0.87514,9,144,0.02083,False,,50
barka,2020-09-29,142,0,0.81118,-0.39558,9,144,0.98611,True,0.00000,50
barka,2020-09-30,0,0,,,9,144,0.00000,False,,50
barka,2020-10-01,143,0,0.69596,-0.40092,10,145,0.98621,True,0.00000,50
barka,2020-10-02,144,0,0.68466,-0.41658,10,145,0.99310,True,0.00000,50
barka,2020-10-03,142,0,1.01685,-0.36899,10,145,0.97931,True,0.00000,50
barka,2020-10-04,0,0,,,10,145,0.00000,False,,50
barka,2020-10-05,143,0,0.15479,-0.41676,10,145,0.98621,True,0.00000,50
barka,2020-10-06,144,0,-0.33447,-0.49559,10,145,0.99310,True,0.00000,50
barka,2020-10-07,0,0,,,10,145,0.00000,False,,50
barka,2020-10-08,5,1,2.04461,0.82992,10,145,0.03448,False,,50
barka,2020-10-09,142,0,-0.06164,-0.45595,10,145,0.97931,True,0.00000,50
barka,2020-10-10,143,0,0.24736,-0.50943,10,145,0.98621,True,0.00000,50
barka,2020-10-11,0,0,,,10,145,0.00000,False,,50
barka,2020-10-12,49,0,-0.00621,-0.24941,10,145,0.33793,True,0.00000,50
barka,2020-10-13,144,0,0.39969,-0.44016,10,145,0.99310,True,0.00000,50
barka,2020-10-14,144,0,0.78285,-0.44789,10,145,0.99310,True,0.00000,50
barka,2020-10-15,0,0,,,10,145,0.00000,False,,50
barka,2020-10-16,122,1,2.21438,-0.39519,10,145,0.84138,True,0.00820,50
barka,2020-10-17,0,0,,,10,145,0.00000,False,,50
barka,2020-10-18,142,2,2.25186,-0.31074,10,145,0.97931,True,0.01408,50
barka,2020-10-19,0,0,,,10,145,0.00000,False,,50
barka,2020-10-20,144,13,2.83717,-0.26209,10,145,0.99310,True,0.09028,50
barka,2020-10-21,8,1,2.26883,0.80057,10,145,0.05517,False,,50
barka,2020-10-22,0,0,,,10,145,0.00000,False,,50
barka,2020-10-23,0,0,,,10,145,0.00000,False,,50
barka,2020-10-24,144,5,2.51056,-0.27132,10,145,0.99310,True,0.03472,50
barka,2020-10-25,120,3,3.23963,-0.25355,10,145,0.82759,True,0.02500,50
barka,2020-10-26,143,1,2.23719,-0.29105,10,145,0.98621,True,0.00699,50
barka,2020-10-27,3,0,-0.18428,0.19012,10,145,0.02069,False,,50
barka,2020-10-28,144,0,1.00419,-0.36365,10,145,0.99310,True,0.00000,50
barka,2020-10-29,136,0,1.37200,-0.35607,10,145,0.93793,True,0.00000,50
barka,2020-10-30,142,0,1.47312,-0.33929,10,145,0.97931,True,0.00000,50
barka,2020-10-31,68,1,2.85030,-0.28827,10,145,0.46897,True,0.01471,50
barka,2020-11-01,0,0,,,11,144,0.00000,False,,50
barka,2020-11-02,144,0,1.58546,-0.40909,11,144,1.00000,True,0.00000,50
barka,2020-11-03,0,0,,,11,144,0.00000,False,,50
barka,2020-11-04,144,0,-0.28046,-0.50603,11,144,1.00000,True,0.00000,50
barka,2020-11-05,144,0,0.84558,-0.43664,11,144,1.00000,True,0.00000,50
barka,2020-11-06,143,2,2.19408,-0.36420,11,144,0.99306,True,0.01399,50
barka,2020-11-07,0,0,,,11,144,0.00000,False,,50
barka,2020-11-08,142,2,2.66758,-0.30301,11,144,0.98611,True,0.01408,50
barka,2020-11-09,142,0,0.01930,-0.39286,11,144,0.98611,True,0.00000,50
barka,2020-11-10,142,0,0.16912,-0.41501,11,144,0.98611,True,0.00000,50
barka,2020-11-11,0,0,,,11,144,0.00000,False,,50
barka,2020-11-12,144,0,0.76706,-0.31359,11,144,1.00000,True,0.00000,50
barka,2020-11-13,83,0,0.17675,-0.38198,11,144,0.57639,True,0.00000,50
barka,2020-11-14,142,0,0.71331,-0.32953,11,144,0.98611,True,0.00000,50
barka,2020-11-15,0,0,,,11,144,0.00000,False,,50
barka,2020-11-16,143,0,0.93534,-0.22837,11,144,0.99306,True,0.00000,50
barka,2020-11-17,143,0,1.33390,-0.14836,11,144,0.99306,True,0.00000,50
barka,2020-11-18,142,0,1.44492,-0.15799,11,144,0.98611,True,0.00000,50
barka,2020-11-19,0,0,,,11,144,0.00000,False,,50
barka,2020-11-20,144,0,0.19140,-0.27855,11,144,1.00000,True,0.00000,50
barka,2020-11-21,0,0,,,11,144,0.00000,False,,50
barka,2020-11-22,144,0,1.98685,-0.05347,11,144,1.00000,True,0.00000,50
barka,2020-11-23,6,0,-0.11540,-0.07380,11,144,0.04167,False,,50
barka,2020-11-24,0,0,,,11,144,0.00000,False,,50
barka,2020-11-25,109,0,1.46550,-0.22645,11,144,0.75694,True,0.00000,50
barka,2020-11-26,143,2,2.07385,0.04431,11,144,0.99306,True,0.01399,50
barka,2020-11-27,95,0,1.67876,0.05102,11,144,0.65972,True,0.00000,50
barka,2020-11-28,137,7,2.35965,0.07896,11,144,0.95139,True,0.05109,50
barka,2020-11-29,0,0,,,11,144,0.00000,False,,50
barka,2020-11-30,0,0,,,11,144,0.00000,False,,50
barka,2020-12-01,144,13,2.97068,0.10095,12,144,1.00000,True,0.09028,50
barka,2020-12-02,144,9,2.22414,0.06511,12,144,1.00000,True,0.06250,50
barka,2020-12-03,144,20,2.77944,0.11614,12,144,1.00000,True,0.13889,50
barka,2020-12-04,0,0,,,12,144,0.00000,False,,50
barka,2020-12-05,144,0,1.92695,-0.07748,12,144,1.00000,True,0.00000,50
barka,2020-12-06,144,0,1.69608,-0.17006,12,144,1.00000,True,0.00000,50
barka,2020-12-07,138,5,3.21569,-0.02792,12,144,0.95833,True,0.03623,50
barka,2020-12-08,0,0,,,12,144,0.00000,False,,50
barka,2020-12-09,122,0,0.38877,-0.21579,12,144,0.84722,True,0.00000,50
barka,2020-12-10,83,0,1.60511,0.00624,12,144,0.57639,True,0.00000,50
barka,2020-12-11,118,0,0.89800,-0.14818,12,144,0.81944,True,0.00000,50
barka,2020-12-12,0,0,,,12,144,0.00000,False,,50
barka,2020-12-13,141,0,1.05656,-0.15404,12,144,0.97917,True,0.00000,50
barka,2020-12-14,0,0,,,12,144,0.00000,False,,50
barka,2020-12-15,98,13,3.11692,0.20918,12,144,0.68056,True,0.13265,50
barka,2020-12-16,0,0,,,12,144,0.00000,False,,50
barka,2020-12-17,144,1,2.01305,-0.07392,12,144,1.00000,True,0.00694,50
barka,2020-12-18,144,0,1.95855,-0.04017,12,144,1.00000,True,0.00000,50
barka,2020-12-19,142,3,2.17786,0.04358,12,144,0.98611,True,0.02113,50
barka,2020-12-20,6,0,-0.59836,-0.03450,12,144,0.04167,False,,50
barka,2020-12-21,137,0,1.97247,-0.20181,12,144,0.95139,True,0.00000,50
barka,2020-12-22,0,0,,,12,144,0.00000,False,,50
barka,2020-12-23,133,0,1.16622,-0.18601,12,144,0.92361,True,0.00000,50
barka,2020-12-24,143,0,0.95369,-0.20362,12,144,0.99306,True,0.00000,50
barka,2020-12-25,0,0,,,12,144,0.00000,False,,50
barka,2020-12-26,138,0,1.15009,-0.18244,12,144,0.95833,True,0.00000,50
barka,2020-12-27,0,0,,,12,144,0.00000,False,,50
barka,2020-12-28,0,0,,,12,144,0.00000,False,,50
barka,2020-12-29,144,3,2.91549,-0.08399,12,144,1.00000,True,0.02083,50
barka,2020-12-30,143,6,2.84898,-0.00725,12,144,0.99306,True,0.04196,50
barka,2020-12-31,0,0,,,12,144,0.00000,False,,50
barka,2021-01-01,0,0,,,1,144,0.00000,False,,50
barka,2021-01-02,0,0,,,1,144,0.00000,False,,50
barka,2021-01-03,0,0,,,1,144,0.00000,False,,50
barka,2021-01-04,0,0,,,1,144,0.00000,False,,50
barka,2021-01-05,0,0,,,1,144,0.00000,False,,50
barka,2021-01-06,0,0,,,1,144,0.00000,False,,50
barka,2021-01-07,0,0,,,1,144,0.00000,False,,50
barka,2021-01-08,0,0,,,1,144,0.00000,False,,50
barka,2021-01-09,0,0,,,1,144,0.00000,False,,50
barka,2021-01-10,0,0,,,1,144,0.00000,False,,50
barka,2021-01-11,0,0,,,1,144,0.00000,False,,50
barka,2021-01-12,0,0,,,1,144,0.00000,False,,50
barka,2021-01-13,0,0,,,1,144,0.00000,False,,50
barka,2021-01-14,0,0,,,1,144,0.00000,False,,50
barka,2021-01-15,0,0,,,1,144,0.00000,False,,50
barka,2021-01-16,0,0,,,1,144,0.00000,False,,50
barka,2021-01-17,0,0,,,1,144,0.00000,False,,50
barka,2021-01-18,0,0,,,1,144,0.00000,False,,50
barka,2021-01-19,0,0,,,1,144,0.00000,False,,50
barka,2021-01-20,0,0,,,1,144,0.00000,False,,50
barka,2021-01-21,0,0,,,1,144,0.00000,False,,50
barka,2021-01-22,0,0,,,1,144,0.00000,False,,50
barka,2021-01-23,0,0,,,1,144,0.00000,False,,50
barka,2021-01-24,0,0,,,1,144,0.00000,False,,50
barka,2021-01-25,0,0,,,1,144,0.00000,False,,50
barka,2021-01-26,0,0,,,1,144,0.00000,False,,50
barka,2021-01-27,0,0,,,1,144,0.00000,False,,50
barka,2021-01-28,0,0,,,1,144,0.00000,False,,50
barka,2021-01-29,0,0,,,1,144,0.00000,False,,50
barka,2021-01-30,0,0,,,1,144,0.00000,False,,50
barka,2021-01-31,0,0,,,1,144,0.00000,False,,50
barka,2021-02-01,0,0,,,2,143,0.00000,False,,50
barka,2021-02-02,0,0,,,2,143,0.00000,False,,50
barka,2021-02-03,0,0,,,2,143,0.00000,False,,50
barka,2021-02-04,0,0,,,2,143,0.00000,False,,50
barka,2021-02-05,0,0,,,2,143,0.00000,False,,50
barka,2021-02-06,0,0,,,2,143,0.00000,False,,50
barka,2021-02-07,0,0,,,2,143,0.00000,False,,50
barka,2021-02-08,0,0,,,2,143,0.00000,False,,50
barka,2021-02-09,0,0,,,2,143,0.00000,False,,50
barka,2021-02-10,0,0,,,2,143,0.00000,False,,50
barka,2021-02-11,0,0,,,2,143,0.00000,False,,50
barka,2021-02-12,0,0,,,2,143,0.00000,False,,50
barka,2021-02-13,0,0,,,2,143,0.00000,False,,50
barka,2021-02-14,0,0,,,2,143,0.00000,False,,50
barka,2021-02-15,0,0,,,2,143,0.00000,False,,50
barka,2021-02-16,0,0,,,2,143,0.00000,False,,50
barka,2021-02-17,0,0,,,2,143,0.00000,False,,50
barka,2021-02-18,0,0,,,2,143,0.00000,False,,50
barka,2021-02-19,0,0,,,2,143,0.00000,False,,50
barka,2021-02-20,0,0,,,2,143,0.00000,False,,50
barka,2021-02-21,0,0,,,2,143,0.00000,False,,50
barka,2021-02-22,0,0,,,2,143,0.00000,False,,50
barka,2021-02-23,0,0,,,2,143,0.00000,False,,50
barka,2021-02-24,0,0,,,2,143,0.00000,False,,50
barka,2021-02-25,0,0,,,2,143,0.00000,False,,50
barka,2021-02-26,0,0,,,2,143,0.00000,False,,50
barka,2021-02-27,0,0,,,2,143,0.00000,False,,50
barka,2021-02-28,0,0,,,2,143,0.00000,False,,50
barka,2021-03-01,0,0,,,3,144,0.00000,False,,50
barka,2021-03-02,0,0,,,3,144,0.00000,False,,50
barka,2021-03-03,0,0,,,3,144,0.00000,False,,50
barka,2021-03-04,143,4,2.79142,0.28499,3,144,0.99306,True,0.02797,50
barka,2021-03-05,140,5,2.77720,0.33873,3,144,0.97222,True,0.03571,50
barka,2021-03-06,142,0,1.81992,0.41025,3,144,0.98611,True,0.00000,50
barka,2021-03-07,0,0,,,3,144,0.00000,False,,50
barka,2021-03-08,144,1,2.12850,0.27251,3,144,1.00000,True,0.00694,50
barka,2021-03-09,137,5,2.52032,0.23704,3,144,0.95139,True,0.03650,50
barka,2021-03-10,115,0,1.83998,-0.01237,3,144,0.79861,True,0.00000,50
barka,2021-03-11,0,0,,,3,144,0.00000,False,,50
barka,2021-03-12,140,6,2.43409,0.54147,3,144,0.97222,True,0.04286,50
barka,2021-03-13,119,0,0.75574,-0.11253,3,144,0.82639,True,0.00000,50
barka,2021-03-14,106,0,-0.26688,-0.28663,3,144,0.73611,True,0.00000,50
barka,2021-03-15,0,0,,,3,144,0.00000,False,,50
barka,2021-03-16,15,0,-0.46975,-0.13316,3,144,0.10417,True,0.00000,50
barka,2021-03-17,1,0,0.02350,0.80315,3,144,0.00694,False,,50
barka,2021-03-18,76,0,-0.66190,-0.20390,3,144,0.52778,True,0.00000,50
barka,2021-03-19,2,0,0.14834,0.82986,3,144,0.01389,False,,50
barka,2021-03-20,140,0,-0.14277,-0.17649,3,144,0.97222,True,0.00000,50
barka,2021-03-21,143,0,0.06799,-0.18049,3,144,0.99306,True,0.00000,50
barka,2021-03-22,143,2,2.30894,0.46372,3,144,0.99306,True,0.01399,50
barka,2021-03-23,34,0,1.42020,0.62598,3,144,0.23611,True,0.00000,50
barka,2021-03-24,142,0,1.43455,0.29095,3,144,0.98611,True,0.00000,50
barka,2021-03-25,143,2,2.18689,0.28272,3,144,0.99306,True,0.01399,50
barka,2021-03-26,24,0,1.42382,0.29731,3,144,0.16667,True,0.00000,50
barka,2021-03-27,134,0,1.10972,-0.01434,3,144,0.93056,True,0.00000,50
barka,2021-03-28,142,0,0.60175,-0.00845,3,144,0.98611,True,0.00000,50
barka,2021-03-29,142,0,0.52393,0.05924,3,144,0.98611,True,0.00000,50
barka,2021-03-30,0,0,,,3,144,0.00000,False,,50
barka,2021-03-31,143,0,0.66845,-0.04841,3,144,0.99306,True,0.00000,50
barka,2021-04-01,142,0,0.95287,-0.00534,4,144,0.98611,True,0.00000,50
barka,2021-04-02,144,0,1.28270,0.00514,4,144,1.00000,True,0.00000,50
barka,2021-04-03,0,0,,,4,144,0.00000,False,,50
barka,2021-04-04,143,0,0.37800,-0.10848,4,144,0.99306,True,0.00000,50
barka,2021-04-05,141,0,1.05323,-0.03029,4,144,0.97917,True,0.00000,50
barka,2021-04-06,144,0,0.29943,-0.20168,4,144,1.00000,True,0.00000,50
barka,2021-04-07,0,0,,,4,144,0.00000,False,,50
barka,2021-04-08,144,0,1.32521,-0.17270,4,144,1.00000,True,0.00000,50
barka,2021-04-09,87,0,1.34132,-0.09978,4,144,0.60417,True,0.00000,50
barka,2021-04-10,0,0,,,4,144,0.00000,False,,50
barka,2021-04-11,0,0,,,4,144,0.00000,False,,50
barka,2021-04-12,137,0,0.49402,-0.15731,4,144,0.95139,True,0.00000,50
barka,2021-04-13,129,1,2.67788,-0.22855,4,144,0.89583,True,0.00775,50
barka,2021-04-14,140,0,0.89745,-0.08276,4,144,0.97222,True,0.00000,50
barka,2021-04-15,0,0,,,4,144,0.00000,False,,50
barka,2021-04-16,138,0,0.50622,-0.12716,4,144,0.95833,True,0.00000,50
barka,2021-04-17,127,0,1.38382,-0.18015,4,144,0.88194,True,0.00000,50
barka,2021-04-18,109,0,0.61052,-0.08512,4,144,0.75694,True,0.00000,50
barka,2021-04-19,0,0,,,4,144,0.00000,False,,50
barka,2021-04-20,143,2,2.54264,-0.10331,4,144,0.99306,True,0.01399,50
barka,2021-04-21,0,0,,,4,144,0.00000,False,,50
barka,2021-04-22,136,0,0.92766,-0.13765,4,144,0.94444,True,0.00000,50
barka,2021-04-23,76,1,2.00589,-0.25239,4,144,0.52778,True,0.01316,50
barka,2021-04-24,143,0,-0.38958,-0.31004,4,144,0.99306,True,0.00000,50
barka,2021-04-25,144,0,-0.10106,-0.34423,4,144,1.00000,True,0.00000,50
barka,2021-04-26,0,0,,,4,144,0.00000,False,,50
barka,2021-04-27,0,0,,,4,144,0.00000,False,,50
barka,2021-04-28,67,0,-0.39765,-0.38696,4,144,0.46528,True,0.00000,50
barka,2021-04-29,56,0,-0.02025,-0.31028,4,144,0.38889,True,0.00000,50
barka,2021-04-30,0,0,,,4,144,0.00000,False,,50
barka,2021-05-01,144,0,1.40002,-0.31929,5,144,1.00000,True,0.00000,50
barka,2021-05-02,142,0,0.87938,-0.37623,5,144,0.98611,True,0.00000,50
barka,2021-05-03,0,0,,,5,144,0.00000,False,,50
barka,2021-05-04,0,0,,,5,144,0.00000,False,,50
barka,2021-05-05,143,6,2.37130,-0.23009,5,144,0.99306,True,0.04196,50
barka,2021-05-06,37,2,2.61089,-0.35103,5,144,0.25694,True,0.05405,50
barka,2021-05-07,2,2,3.75629,0.63912,5,144,0.01389,False,,50
barka,2021-05-08,0,0,,,5,144,0.00000,False,,50
barka,2021-05-09,144,1,2.24981,-0.32386,5,144,1.00000,True,0.00694,50
barka,2021-05-10,47,5,2.49978,-0.44291,5,144,0.32639,True,0.10638,50
barka,2021-05-11,144,0,-0.01684,-0.52490,5,144,1.00000,True,0.00000,50
barka,2021-05-12,0,0,,,5,144,0.00000,False,,50
barka,2021-05-13,143,0,0.83100,-0.45556,5,144,0.99306,True,0.00000,50
barka,2021-05-14,144,0,-0.09228,-0.53984,5,144,1.00000,True,0.00000,50
barka,2021-05-15,144,0,0.37755,-0.49282,5,144,1.00000,True,0.00000,50
barka,2021-05-16,0,0,,,5,144,0.00000,False,,50
barka,2021-05-17,110,0,1.18977,-0.34999,5,144,0.76389,True,0.00000,50
barka,2021-05-18,144,0,0.46011,-0.38731,5,144,1.00000,True,0.00000,50
barka,2021-05-19,142,0,0.82228,-0.40398,5,144,0.98611,True,0.00000,50
barka,2021-05-20,9,0,1.96319,0.84339,5,144,0.06250,False,,50
barka,2021-05-21,143,0,0.59625,-0.43448,5,144,0.99306,True,0.00000,50
barka,2021-05-22,143,0,0.62847,-0.45242,5,144,0.99306,True,0.00000,50
barka,2021-05-23,0,0,,,5,144,0.00000,False,,50
barka,2021-05-24,141,2,2.43449,-0.38299,5,144,0.97917,True,0.01418,50
barka,2021-05-25,135,1,2.00627,-0.58762,5,144,0.93750,True,0.00741,50
barka,2021-05-26,140,0,1.07467,-0.56738,5,144,0.97222,True,0.00000,50
barka,2021-05-27,0,0,,,5,144,0.00000,False,,50
barka,2021-05-28,144,0,-0.08045,-0.67519,5,144,1.00000,True,0.00000,50
barka,2021-05-29,118,0,1.39518,-0.63697,5,144,0.81944,True,0.00000,50
barka,2021-05-30,0,0,,,5,144,0.00000,False,,50
barka,2021-05-31,0,0,,,5,144,0.00000,False,,50
barka,2021-06-01,144,0,0.93777,-0.49718,6,144,1.00000,True,0.00000,50
barka,2021-06-02,71,0,0.52877,-0.52734,6,144,0.49306,True,0.00000,50
barka,2021-06-03,144,0,1.74779,-0.52117,6,144,1.00000,True,0.00000,50
barka,2021-06-04,0,0,,,6,144,0.00000,False,,50
barka,2021-06-05,139,0,1.16826,-0.46231,6,144,0.96528,True,0.00000,50
barka,2021-06-06,61,2,2.21352,-0.16135,6,144,0.42361,True,0.03279,50
barka,2021-06-07,50,3,2.16275,-0.03272,6,144,0.34722,True,0.06000,50
barka,2021-06-08,0,0,,,6,144,0.00000,False,,50
barka,2021-06-09,0,0,,,6,144,0.00000,False,,50
barka,2021-06-10,142,0,0.75854,-0.52014,6,144,0.98611,True,0.00000,50
barka,2021-06-11,82,1,2.06346,-0.65555,6,144,0.56944,True,0.01220,50
barka,2021-06-12,0,0,,,6,144,0.00000,False,,50
barka,2021-06-13,140,2,2.32161,-0.42673,6,144,0.97222,True,0.01429,50
barka,2021-06-14,92,5,3.65100,-0.53819,6,144,0.63889,True,0.05435,50
barka,2021-06-15,85,0,0.46543,-0.64893,6,144,0.59028,True,0.00000,50
barka,2021-06-16,11,2,2.02470,0.79090,6,144,0.07639,False,,50
barka,2021-06-17,144,0,1.08310,-0.56745,6,144,1.00000,True,0.00000,50
barka,2021-06-18,143,0,1.02815,-0.68181,6,144,0.99306,True,0.00000,50
barka,2021-06-19,0,0,,,6,144,0.00000,False,,50
barka,2021-06-20,133,0,1.99097,-0.71012,6,144,0.92361,True,0.00000,50
barka,2021-06-21,0,0,,,6,144,0.00000,False,,50
barka,2021-06-22,127,0,0.94662,-0.72189,6,144,0.88194,True,0.00000,50
barka,2021-06-23,0,0,,,6,144,0.00000,False,,50
barka,2021-06-24,143,0,1.04581,-0.43686,6,144,0.99306,True,0.00000,50
barka,2021-06-25,0,0,,,6,144,0.00000,False,,50
barka,2021-06-26,133,0,0.59959,-0.58652,6,144,0.92361,True,0.00000,50
barka,2021-06-27,0,0,,,6,144,0.00000,False,,50
barka,2021-06-28,0,0,,,6,144,0.00000,False,,50
barka,2021-06-29,0,0,,,6,144,0.00000,False,,50
barka,2021-06-30,0,0,,,6,144,0.00000,False,,50
barka,2021-07-01,0,0,,,7,142,0.00000,False,,50
barka,2021-07-02,0,0,,,7,142,0.00000,False,,50
barka,2021-07-03,123,0,1.07527,-0.60535,7,142,0.86620,True,0.00000,50
barka,2021-07-04,0,0,,,7,142,0.00000,False,,50
barka,2021-07-05,0,0,,,7,142,0.00000,False,,50
barka,2021-07-06,0,0,,,7,142,0.00000,False,,50
barka,2021-07-07,53,2,2.53101,-0.06314,7,142,0.37324,True,0.03774,50
barka,2021-07-08,0,0,,,7,142,0.00000,False,,50
barka,2021-07-09,0,0,,,7,142,0.00000,False,,50
barka,2021-07-10,15,0,-0.13310,-0.50733,7,142,0.10563,True,0.00000,50
barka,2021-07-11,0,0,,,7,142,0.00000,False,,50
barka,2021-07-12,0,0,,,7,142,0.00000,False,,50
barka,2021-07-13,0,0,,,7,142,0.00000,False,,50
barka,2021-07-14,0,0,,,7,142,0.00000,False,,50
barka,2021-07-15,32,0,-0.31799,-0.39234,7,142,0.22535,True,0.00000,50
barka,2021-07-16,0,0,,,7,142,0.00000,False,,50
barka,2021-07-17,134,0,1.82963,-0.17563,7,142,0.94366,True,0.00000,50
barka,2021-07-18,135,0,1.99449,0.01688,7,142,0.95070,True,0.00000,50
barka,2021-07-19,142,2,2.09646,-0.04750,7,142,1.00000,True,0.01408,50
barka,2021-07-20,0,0,,,7,142,0.00000,False,,50
barka,2021-07-21,0,0,,,7,142,0.00000,False,,50
barka,2021-07-22,124,10,2.99925,-0.08615,7,142,0.87324,True,0.08065,50
barka,2021-07-23,142,14,2.54482,-0.07653,7,142,1.00000,True,0.09859,50
barka,2021-07-24,0,0,,,7,142,0.00000,False,,50
barka,2021-07-25,142,3,2.23820,-0.00482,7,142,1.00000,True,0.02113,50
barka,2021-07-26,11,0,1.64427,0.67244,7,142,0.07746,False,,50
barka,2021-07-27,0,0,,,7,142,0.00000,False,,50
barka,2021-07-28,0,0,,,7,142,0.00000,False,,50
barka,2021-07-29,0,0,,,7,142,0.00000,False,,50
barka,2021-07-30,2,0,0.79329,0.63452,7,142,0.01408,False,,50
barka,2021-07-31,0,0,,,7,142,0.00000,False,,50
barka,2021-08-01,0,0,,,8,142,0.00000,False,,50
barka,2021-08-02,140,0,1.22106,-0.18022,8,142,0.98592,True,0.00000,50
barka,2021-08-03,142,0,0.74413,-0.24873,8,142,1.00000,True,0.00000,50
barka,2021-08-04,92,0,1.92673,-0.33819,8,142,0.64789,True,0.00000,50
barka,2021-08-05,0,0,,,8,142,0.00000,False,,50
barka,2021-08-06,139,0,1.51539,-0.20824,8,142,0.97887,True,0.00000,50
barka,2021-08-07,142,0,1.15473,-0.28038,8,142,1.00000,True,0.00000,50
barka,2021-08-08,16,0,1.58001,-0.28810,8,142,0.11268,True,0.00000,50
barka,2021-08-09,109,0,1.38097,-0.24523,8,142,0.76761,True,0.00000,50
barka,2021-08-10,66,0,0.75385,-0.17359,8,142,0.46479,True,0.00000,50
barka,2021-08-11,113,0,1.71572,-0.28779,8,142,0.79577,True,0.00000,50
barka,2021-08-12,0,0,,,8,142,0.00000,False,,50
barka,2021-08-13,140,0,1.38175,-0.31997,8,142,0.98592,True,0.00000,50
barka,2021-08-14,142,0,1.11873,-0.18118,8,142,1.00000,True,0.00000,50
barka,2021-08-15,62,1,2.32997,-0.16439,8,142,0.43662,True,0.01613,50
barka,2021-08-16,0,0,,,8,142,0.00000,False,,50
barka,2021-08-17,0,0,,,8,142,0.00000,False,,50
barka,2021-08-18,0,0,,,8,142,0.00000,False,,50
barka,2021-08-19,28,0,-0.57653,-0.64196,8,142,0.19718,True,0.00000,50
barka,2021-08-20,0,0,,,8,142,0.00000,False,,50
barka,2021-08-21,142,0,0.85855,-0.29408,8,142,1.00000,True,0.00000,50
barka,2021-08-22,21,0,1.40308,-0.37726,8,142,0.14789,True,0.00000,50
barka,2021-08-23,119,1,2.04678,-0.41539,8,142,0.83803,True,0.00840,50
barka,2021-08-24,0,0,,,8,142,0.00000,False,,50
barka,2021-08-25,0,0,,,8,142,0.00000,False,,50
barka,2021-08-26,140,0,0.29299,-0.47954,8,142,0.98592,True,0.00000,50
barka,2021-08-27,117,0,-0.38946,-0.59583,8,142,0.82394,True,0.00000,50
barka,2021-08-28,0,0,,,8,142,0.00000,False,,50
barka,2021-08-29,137,0,-1.06975,-0.66376,8,142,0.96479,True,0.00000,50
barka,2021-08-30,99,0,0.48800,-0.54754,8,142,0.69718,True,0.00000,50
barka,2021-08-31,2,0,-1.13774,-0.88459,8,142,0.01408,False,,50
barka,2021-09-01,3,0,1.42400,0.76116,9,144,0.02083,False,,50
barka,2021-09-02,143,0,1.26435,-0.45366,9,144,0.99306,True,0.00000,50
barka,2021-09-03,144,0,0.74715,-0.49741,9,144,1.00000,True,0.00000,50
barka,2021-09-04,132,0,1.44078,-0.53877,9,144,0.91667,True,0.00000,50
barka,2021-09-05,95,0,1.64429,-0.45715,9,144,0.65972,True,0.00000,50
barka,2021-09-06,113,0,0.34122,-0.54931,9,144,0.78472,True,0.00000,50
barka,2021-09-07,144,0,1.46099,-0.59482,9,144,1.00000,True,0.00000,50
barka,2021-09-08,0,0,,,9,144,0.00000,False,,50
barka,2021-09-09,86,1,2.50889,-0.28913,9,144,0.59722,True,0.01163,50
barka,2021-09-10,0,0,,,9,144,0.00000,False,,50
barka,2021-09-11,143,0,1.96092,-0.44518,9,144,0.99306,True,0.00000,50
barka,2021-09-12,0,0,,,9,144,0.00000,False,,50
barka,2021-09-13,143,0,1.42095,-0.30809,9,144,0.99306,True,0.00000,50
barka,2021-09-14,31,0,0.09010,-0.68998,9,144,0.21528,True,0.00000,50
barka,2021-09-15,133,0,1.41334,-0.45369,9,144,0.92361,True,0.00000,50
barka,2021-09-16,0,0,,,9,144,0.00000,False,,50
barka,2021-09-17,144,0,1.25472,-0.36264,9,144,1.00000,True,0.00000,50
barka,2021-09-18,138,0,1.88068,-0.40929,9,144,0.95833,True,0.00000,50
barka,2021-09-19,124,0,0.90350,-0.31262,9,144,0.86111,True,0.00000,50
barka,2021-09-20,0,0,,,9,144,0.00000,False,,50
barka,2021-09-21,143,0,1.00505,-0.28137,9,144,0.99306,True,0.00000,50
barka,2021-09-22,144,0,0.92357,-0.52781,9,144,1.00000,True,0.00000,50
barka,2021-09-23,136,0,0.41499,-0.67782,9,144,0.94444,True,0.00000,50
barka,2021-09-24,1,0,0.92064,0.69291,9,144,0.00694,False,,50
barka,2021-09-25,60,0,0.51455,-0.54701,9,144,0.41667,True,0.00000,50
barka,2021-09-26,143,0,0.74554,-0.49298,9,144,0.99306,True,0.00000,50
barka,2021-09-27,139,0,-0.23960,-0.60682,9,144,0.96528,True,0.00000,50
barka,2021-09-28,67,0,1.82173,-0.34710,9,144,0.46528,True,0.00000,50
barka,2021-09-29,135,0,0.94901,-0.43681,9,144,0.93750,True,0.00000,50
barka,2021-09-30,129,0,0.70426,-0.50066,9,144,0.89583,True,0.00000,50
barka,2021-10-01,68,0,1.11748,-0.63176,10,145,0.46897,True,0.00000,50
barka,2021-10-02,61,1,2.29753,-0.18382,10,145,0.42069,True,0.01639,50
barka,2021-10-03,0,0,,,10,145,0.00000,False,,50
barka,2021-10-04,52,24,3.83626,0.00661,10,145,0.35862,True,0.46154,50
barka,2021-10-05,0,0,,,10,145,0.00000,False,,50
barka,2021-10-06,144,68,4.45792,0.11490,10,145,0.99310,True,0.47222,50
barka,2021-10-07,145,51,4.06853,-0.05442,10,145,1.00000,True,0.35172,50
barka,2021-10-08,145,2,2.07683,-0.27217,10,145,1.00000,True,0.01379,50
barka,2021-10-09,0,0,,,10,145,0.00000,False,,50
barka,2021-10-10,145,1,2.03206,-0.37544,10,145,1.00000,True,0.00690,50
barka,2021-10-11,145,6,2.61127,-0.45294,10,145,1.00000,True,0.04138,50
barka,2021-10-12,144,17,2.99522,-0.40678,10,145,0.99310,True,0.11806,50
barka,2021-10-13,0,0,,,10,145,0.00000,False,,50
barka,2021-10-14,144,0,1.75106,-0.43309,10,145,0.99310,True,0.00000,50
barka,2021-10-15,145,0,1.67804,-0.46350,10,145,1.00000,True,0.00000,50
barka,2021-10-16,143,2,2.37355,-0.36337,10,145,0.98621,True,0.01399,50
barka,2021-10-17,19,7,3.53694,0.87616,10,145,0.13103,True,0.36842,50
barka,2021-10-18,144,1,2.25465,-0.35179,10,145,0.99310,True,0.00694,50
barka,2021-10-19,0,0,,,10,145,0.00000,False,,50
barka,2021-10-20,134,1,2.37176,-0.38760,10,145,0.92414,True,0.00746,50
barka,2021-10-21,139,0,0.77367,-0.45397,10,145,0.95862,True,0.00000,50
barka,2021-10-22,134,1,2.15488,-0.43622,10,145,0.92414,True,0.00746,50
barka,2021-10-23,145,0,1.95547,-0.39374,10,145,1.00000,True,0.00000,50
barka,2021-10-24,142,8,5.34742,-0.28666,10,145,0.97931,True,0.05634,50
barka,2021-10-25,145,4,5.19539,-0.32471,10,145,1.00000,True,0.02759,50
barka,2021-10-26,114,6,4.87957,-0.22601,10,145,0.78621,True,0.05263,50
barka,2021-10-27,117,0,1.83643,-0.31030,10,145,0.80690,True,0.00000,50
barka,2021-10-28,114,0,1.74284,-0.25251,10,145,0.78621,True,0.00000,50
barka,2021-10-29,144,27,2.96926,-0.16397,10,145,0.99310,True,0.18750,50
barka,2021-10-30,143,24,4.45415,-0.18603,10,145,0.98621,True,0.16783,50
barka,2021-10-31,0,0,,,10,145,0.00000,False,,50
barka,2021-11-01,0,0,,,11,144,0.00000,False,,50
barka,2021-11-02,144,5,2.36545,-0.02557,11,144,1.00000,True,0.03472,50
barka,2021-11-03,144,2,2.18756,0.00090,11,144,1.00000,True,0.01389,50
barka,2021-11-04,143,7,2.57621,0.07425,11,144,0.99306,True,0.04895,50
barka,2021-11-05,0,0,,,11,144,0.00000,False,,50
barka,2021-11-06,144,19,2.64563,0.08860,11,144,1.00000,True,0.13194,50
barka,2021-11-07,144,17,2.42522,0.03405,11,144,1.00000,True,0.11806,50
barka,2021-11-08,144,10,2.87033,-0.05667,11,144,1.00000,True,0.06944,50
barka,2021-11-09,5,0,-0.15781,0.01046,11,144,0.03472,False,,50
barka,2021-11-10,144,0,1.85475,-0.17683,11,144,1.00000,True,0.00000,50
barka,2021-11-11,144,0,0.86645,-0.16472,11,144,1.00000,True,0.00000,50
barka,2021-11-12,0,0,,,11,144,0.00000,False,,50
barka,2021-11-13,144,0,1.10749,-0.13463,11,144,1.00000,True,0.00000,50
barka,2021-11-14,143,0,0.80117,-0.16311,11,144,0.99306,True,0.00000,50
barka,2021-11-15,144,0,1.88818,-0.04884,11,144,1.00000,True,0.00000,50
barka,2021-11-16,143,2,2.26937,0.05971,11,144,0.99306,True,0.01399,50
barka,2021-11-17,144,0,1.64171,-0.04487,11,144,1.00000,True,0.00000,50
barka,2021-11-18,15,2,2.24392,0.66404,11,144,0.10417,True,0.13333,50
barka,2021-11-19,141,5,2.54021,-0.15993,11,144,0.97917,True,0.03546,50
barka,2021-11-20,142,36,4.65546,0.11047,11,144,0.98611,True,0.25352,50
barka,2021-11-21,144,4,2.81882,-0.14753,11,144,1.00000,True,0.02778,50
barka,2021-11-22,144,16,2.77052,-0.12223,11,144,1.00000,True,0.11111,50
barka,2021-11-23,144,15,2.76656,-0.08795,11,144,1.00000,True,0.10417,50
barka,2021-11-24,140,30,5.67254,0.02432,11,144,0.97222,True,0.21429,50
barka,2021-11-25,144,9,2.59813,0.02274,11,144,1.00000,True,0.06250,50
barka,2021-11-26,144,3,2.45826,-0.06974,11,144,1.00000,True,0.02083,50
barka,2021-11-27,143,3,2.46103,-0.02785,11,144,0.99306,True,0.02098,50
barka,2021-11-28,0,0,,,11,144,0.00000,False,,50
barka,2021-11-29,97,1,2.51247,-0.23847,11,144,0.67361,True,0.01031,50
barka,2021-11-30,143,1,2.40584,-0.19064,11,144,0.99306,True,0.00699,50
barka,2021-12-01,143,7,2.40632,-0.15191,12,144,0.99306,True,0.04895,50
barka,2021-12-02,0,0,,,12,144,0.00000,False,,50
barka,2021-12-03,121,6,2.80847,-0.00115,12,144,0.84028,True,0.04959,50
barka,2021-12-04,144,16,2.73497,0.04576,12,144,1.00000,True,0.11111,50
barka,2021-12-05,143,29,4.17271,0.09946,12,144,0.99306,True,0.20280,50
barka,2021-12-06,6,0,0.23569,0.06807,12,144,0.04167,False,,50
barka,2021-12-07,115,0,1.85679,-0.05780,12,144,0.79861,True,0.00000,50
barka,2021-12-08,144,7,2.40391,0.00221,12,144,1.00000,True,0.04861,50
barka,2021-12-09,143,8,2.47462,0.08211,12,144,0.99306,True,0.05594,50
barka,2021-12-10,144,0,1.29314,-0.07489,12,144,1.00000,True,0.00000,50
barka,2021-12-11,144,0,1.76920,-0.05006,12,144,1.00000,True,0.00000,50
barka,2021-12-12,0,0,,,12,144,0.00000,False,,50
barka,2021-12-13,140,0,0.32704,-0.32142,12,144,0.97222,True,0.00000,50
barka,2021-12-14,144,0,1.26888,-0.16181,12,144,1.00000,True,0.00000,50
barka,2021-12-15,143,1,2.25476,-0.04450,12,144,0.99306,True,0.00699,50
barka,2021-12-16,126,0,1.73289,-0.11184,12,144,0.87500,True,0.00000,50
barka,2021-12-17,99,2,2.50396,-0.02590,12,144,0.68750,True,0.02020,50
barka,2021-12-18,143,0,1.55391,-0.12554,12,144,0.99306,True,0.00000,50
barka,2021-12-19,142,0,1.72869,-0.15487,12,144,0.98611,True,0.00000,50
barka,2021-12-20,144,4,2.32726,-0.11611,12,144,1.00000,True,0.02778,50
barka,2021-12-21,25,3,2.71567,0.45444,12,144,0.17361,True,0.12000,50
barka,2021-12-22,111,6,2.83909,-0.01356,12,144,0.77083,True,0.05405,50
barka,2021-12-23,143,22,3.17108,0.03514,12,144,0.99306,True,0.15385,50
barka,2021-12-24,144,31,4.32450,-0.02777,12,144,1.00000,True,0.21528,50
barka,2021-12-25,0,0,,,12,144,0.00000,False,,50
barka,2021-12-26,142,57,4.98077,0.14165,12,144,0.98611,True,0.40141,50
barka,2021-12-27,10,0,-0.35448,-0.60611,12,144,0.06944,False,,50
barka,2021-12-28,119,2,2.02000,-0.07809,12,144,0.82639,True,0.01681,50
barka,2021-12-29,0,0,,,12,144,0.00000,False,,50
barka,2021-12-30,4,0,1.81275,-0.01201,12,144,0.02778,False,,50
barka,2021-12-31,51,0,1.55116,-0.36524,12,144,0.35417,True,0.00000,50
kalba,2019-01-01,126,12,2.50143,0.10298,1,133,0.94737,True,0.09524,50
kalba,2019-01-02,0,0,,,1,133,0.00000,False,,50
kalba,2019-01-03,0,0,,,1,133,0.00000,False,,50
kalba,2019-01-04,29,0,0.31821,-0.41137,1,133,0.21805,True,0.00000,50
kalba,2019-01-05,130,0,1.63003,-0.04488,1,133,0.97744,True,0.00000,50
kalba,2019-01-06,0,0,,,1,133,0.00000,False,,50
kalba,2019-01-07,0,0,,,1,133,0.00000,False,,50
kalba,2019-01-08,48,7,2.57252,-0.41897,1,133,0.36090,True,0.14583,50
kalba,2019-01-09,132,0,1.98005,-0.07429,1,133,0.99248,True,0.00000,50
kalba,2019-01-10,0,0,,,1,133,0.00000,False,,50
kalba,2019-01-11,0,0,,,1,133,0.00000,False,,50
kalba,2019-01-12,125,0,0.82607,-0.19894,1,133,0.93985,True,0.00000,50
kalba,2019-01-13,132,0,1.59899,-0.08630,1,133,0.99248,True,0.00000,50
kalba,2019-01-14,0,0,,,1,133,0.00000,False,,50
kalba,2019-01-15,0,0,,,1,133,0.00000,False,,50
kalba,2019-01-16,132,4,2.31856,0.05351,1,133,0.99248,True,0.03030,50
kalba,2019-01-17,91,53,3.57638,0.22276,1,133,0.68421,True,0.58242,50
kalba,2019-01-18,0,0,,,1,133,0.00000,False,,50
kalba,2019-01-19,0,0,,,1,133,0.00000,False,,50
kalba,2019-01-20,131,0,1.25467,-0.15049,1,133,0.98496,True,0.00000,50
kalba,2019-01-21,0,0,,,1,133,0.00000,False,,50
kalba,2019-01-22,0,0,,,1,133,0.00000,False,,50
kalba,2019-01-23,0,0,,,1,133,0.00000,False,,50
kalba,2019-01-24,36,0,0.23293,-0.35180,1,133,0.27068,True,0.00000,50
kalba,2019-01-25,0,0,,,1,133,0.00000,False,,50
kalba,2019-01-26,0,0,,,1,133,0.00000,False,,50
kalba,2019-01-27,22,0,1.14350,-0.18304,1,133,0.16541,True,0.00000,50
kalba,2019-01-28,52,0,1.25676,-0.21332,1,133,0.39098,True,0.00000,50
kalba,2019-01-29,0,0,,,1,133,0.00000,False,,50
kalba,2019-01-30,0,0,,,1,133,0.00000,False,,50
kalba,2019-01-31,110,56,3.87863,0.25114,1,133,0.82707,True,0.50909,50
kalba,2019-02-01,119,4,2.29045,0.18858,2,133,0.89474,True,0.03361,50
kalba,2019-02-02,0,0,,,2,133,0.00000,False,,50
kalba,2019-02-03,0,0,,,2,133,0.00000,False,,50
kalba,2019-02-04,56,0,1.01604,-0.13494,2,133,0.42105,True,0.00000,50
kalba,2019-02-05,133,1,2.20804,0.15570,2,133,1.00000,True,0.00752,50
kalba,2019-02-06,0,0,,,2,133,0.00000,False,,50
kalba,2019-02-07,0,0,,,2,133,0.00000,False,,50
kalba,2019-02-08,133,4,2.43313,0.07582,2,133,1.00000,True,0.03008,50
kalba,2019-02-09,132,0,1.78594,0.08729,2,133,0.99248,True,0.00000,50
kalba,2019-02-10,0,0,,,2,133,0.00000,False,,50
kalba,2019-02-11,0,0,,,2,133,0.00000,False,,50
kalba,2019-02-12,79,1,2.65403,-0.34135,2,133,0.59398,True,0.01266,50
kalba,2019-02-13,131,1,2.20072,-0.04774,2,133,0.98496,True,0.00763,50
kalba,2019-02-14,0,0,,,2,133,0.00000,False,,50
kalba,2019-02-15,0,0,,,2,133,0.00000,False,,50
kalba,2019-02-16,40,0,1.96322,0.07059,2,133,0.30075,True,0.00000,50
kalba,2019-02-17,11,0,0.29316,-0.11127,2,133,0.08271,False,,50
kalba,2019-02-18,0,0,,,2,133,0.00000,False,,50
kalba,2019-02-19,0,0,,,2,133,0.00000,False,,50
kalba,2019-02-20,132,0,1.02924,-0.13696,2,133,0.99248,True,0.00000,50
kalba,2019-02-21,0,0,,,2,133,0.00000,False,,50
kalba,2019-02-22,0,0,,,2,133,0.00000,False,,50
kalba,2019-02-23,51,17,2.47112,0.43870,2,133,0.38346,True,0.33333,50
kalba,2019-02-24,2,0,-0.88738,-0.09130,2,133,0.01504,False,,50
kalba,2019-02-25,0,0,,,2,133,0.00000,False,,50
kalba,2019-02-26,0,0,,,2,133,0.00000,False,,50
kalba,2019-02-27,65,0,1.35915,-0.08203,2,133,0.48872,True,0.00000,50
kalba,2019-02-28,23,0,1.93049,-0.08462,2,133,0.17293,True,0.00000,50
kalba,2019-03-01,0,0,,,3,133,0.00000,False,,50
kalba,2019-03-02,0,0,,,3,133,0.00000,False,,50
kalba,2019-03-03,22,0,1.36351,-0.15520,3,133,0.16541,True,0.00000,50
kalba,2019-03-04,132,0,0.65459,-0.19631,3,133,0.99248,True,0.00000,50
kalba,2019-03-05,0,0,,,3,133,0.00000,False,,50
kalba,2019-03-06,0,0,,,3,133,0.00000,False,,50
kalba,2019-03-07,16,0,1.20586,-0.19695,3,133,0.12030,True,0.00000,50
kalba,2019-03-08,133,0,1.85952,0.10946,3,133,1.00000,True,0.00000,50
kalba,2019-03-09,0,0,,,3,133,0.00000,False,,50
kalba,2019-03-10,0,0,,,3,133,0.00000,False,,50
kalba,2019-03-11,133,0,0.49305,-0.08903,3,133,1.00000,True,0.00000,50
kalba,2019-03-12,132,0,0.66744,0.04314,3,133,0.99248,True,0.00000,50
kalba,2019-03-13,0,0,,,3,133,0.00000,False,,50
kalba,2019-03-14,0,0,,,3,133,0.00000,False,,50
kalba,2019-03-15,0,0,,,3,133,0.00000,False,,50
kalba,2019-03-16,70,0,0.94302,-0.20156,3,133,0.52632,True,0.00000,50
kalba,2019-03-17,0,0,,,3,133,0.00000,False,,50
kalba,2019-03-18,0,0,,,3,133,0.00000,False,,50
kalba,2019-03-19,132,3,2.72987,0.02812,3,133,0.99248,True,0.02273,50
kalba,2019-03-20,0,0,,,3,133,0.00000,False,,50
kalba,2019-03-21,3,0,1.14884,0.72528,3,133,0.02256,False,,50
kalba,2019-03-22,4,0,0.90213,0.20562,3,133,0.03008,False,,50
kalba,2019-03-23,2,1,2.60430,0.59395,3,133,0.01504,False,,50
kalba,2019-03-24,0,0,,,3,133,0.00000,False,,50
kalba,2019-03-25,0,0,,,3,133,0.00000,False,,50
kalba,2019-03-26,0,0,,,3,133,0.00000,False,,50
kalba,2019-03-27,0,0,,,3,133,0.00000,False,,50
kalba,2019-03-28,0,0,,,3,133,0.00000,False,,50
kalba,2019-03-29,132,11,2.39841,0.41021,3,133,0.99248,True,0.08333,50
kalba,2019-03-30,2,0,1.21618,0.64724,3,133,0.01504,False,,50
kalba,2019-03-31,0,0,,,3,133,0.00000,False,,50
kalba,2019-04-01,0,0,,,4,133,0.00000,False,,50
kalba,2019-04-02,93,53,3.37525,0.64257,4,133,0.69925,True,0.56989,50
kalba,2019-04-03,9,5,2.88644,0.56942,4,133,0.06767,False,,50
kalba,2019-04-04,107,0,1.30443,0.12202,4,133,0.80451,True,0.00000,50
kalba,2019-04-05,0,0,,,4,133,0.00000,False,,50
kalba,2019-04-06,0,0,,,4,133,0.00000,False,,50
kalba,2019-04-07,0,0,,,4,133,0.00000,False,,50
kalba,2019-04-08,0,0,,,4,133,0.00000,False,,50
kalba,2019-04-09,0,0,,,4,133,0.00000,False,,50
kalba,2019-04-10,0,0,,,4,133,0.00000,False,,50
kalba,2019-04-11,81,17,2.71656,0.51642,4,133,0.60902,True,0.20988,50
kalba,2019-04-12,0,0,,,4,133,0.00000,False,,50
kalba,2019-04-13,1,1,2.94424,0.90354,4,133,0.00752,False,,50
kalba,2019-04-14,27,0,1.18881,-0.06299,4,133,0.20301,True,0.00000,50
kalba,2019-04-15,133,0,1.52976,0.18520,4,133,1.00000,True,0.00000,50
kalba,2019-04-16,0,0,,,4,133,0.00000,False,,50
kalba,2019-04-17,22,5,2.93471,0.36942,4,133,0.16541,True,0.22727,50
kalba,2019-04-18,127,24,3.69467,0.34154,4,133,0.95489,True,0.18898,50
kalba,2019-04-19,124,5,2.24947,0.24917,4,133,0.93233,True,0.04032,50
kalba,2019-04-20,0,0,,,4,133,0.00000,False,,50
kalba,2019-04-21,130,39,3.02571,0.50784,4,133,0.97744,True,0.30000,50
kalba,2019-04-22,133,4,2.20404,0.12617,4,133,1.00000,True,0.03008,50
kalba,2019-04-23,90,2,2.57183,-0.04767,4,133,0.67669,True,0.02222,50
kalba,2019-04-24,0,0,,,4,133,0.00000,False,,50
kalba,2019-04-25,130,16,3.08002,0.33515,4,133,0.97744,True,0.12308,50
kalba,2019-04-26,0,0,,,4,133,0.00000,False,,50
kalba,2019-04-27,131,0,0.17562,-0.17017,4,133,0.98496,True,0.00000,50
kalba,2019-04-28,0,0,,,4,133,0.00000,False,,50
kalba,2019-04-29,133,8,2.33367,0.30206,4,133,1.00000,True,0.06015,50
kalba,2019-04-30,0,0,,,4,133,0.00000,False,,50
kalba,2019-05-01,132,120,4.10096,0.33176,5,133,0.99248,True,0.90909,50
kalba,2019-05-02,0,0,,,5,133,0.00000,False,,50
kalba,2019-05-03,133,78,3.68856,0.18100,5,133,1.00000,True,0.58647,50
kalba,2019-05-04,9,8,3.54134,0.62133,5,133,0.06767,False,,50
kalba,2019-05-05,46,0,1.00929,-0.21679,5,133,0.34586,True,0.00000,50
kalba,2019-05-06,0,0,,,5,133,0.00000,False,,50
kalba,2019-05-07,132,33,2.60103,0.03863,5,133,0.99248,True,0.25000,50
kalba,2019-05-08,131,1,2.07330,-0.01413,5,133,0.98496,True,0.00763,50
kalba,2019-05-09,131,0,1.97667,-0.03503,5,133,0.98496,True,0.00000,50
kalba,2019-05-10,0,0,,,5,133,0.00000,False,,50
kalba,2019-05-11,132,2,2.09758,-0.14910,5,133,0.99248,True,0.01515,50
kalba,2019-05-12,121,12,3.09585,-0.27123,5,133,0.90977,True,0.09917,50
kalba,2019-05-13,0,0,,,5,133,0.00000,False,,50
kalba,2019-05-14,1,1,3.14135,0.86614,5,133,0.00752,False,,50
kalba,2019-05-15,133,0,1.87160,-0.18551,5,133,1.00000,True,0.00000,50
kalba,2019-05-16,132,0,1.29704,-0.24701,5,133,0.99248,True,0.00000,50
kalba,2019-05-17,0,0,,,5,133,0.00000,False,,50
kalba,2019-05-18,0,0,,,5,133,0.00000,False,,50
kalba,2019-05-19,38,0,0.35307,-0.34647,5,133,0.28571,True,0.00000,50
kalba,2019-05-20,76,0,0.48166,-0.36626,5,133,0.57143,True,0.00000,50
kalba,2019-05-21,0,0,,,5,133,0.00000,False,,50
kalba,2019-05-22,127,2,3.25605,-0.38351,5,133,0.95489,True,0.01575,50
kalba,2019-05-23,0,0,,,5,133,0.00000,False,,50
kalba,2019-05-24,131,0,1.42059,-0.37225,5,133,0.98496,True,0.00000,50
kalba,2019-05-25,0,0,,,5,133,0.00000,False,,50
kalba,2019-05-26,132,0,1.69874,-0.37892,5,133,0.99248,True,0.00000,50
kalba,2019-05-27,0,0,,,5,133,0.00000,False,,50
kalba,2019-05-28,124,0,1.49840,-0.37665,5,133,0.93233,True,0.00000,50
kalba,2019-05-29,0,0,,,5,133,0.00000,False,,50
kalba,2019-05-30,0,0,,,5,133,0.00000,False,,50
kalba,2019-05-31,26,0,0.65032,-0.37488,5,133,0.19549,True,0.00000,50
kalba,2019-06-01,125,2,2.24406,-0.47932,6,133,0.93985,True,0.01600,50
kalba,2019-06-02,0,0,,,6,133,0.00000,False,,50
kalba,2019-06-03,133,0,1.32565,-0.55065,6,133,1.00000,True,0.00000,50
kalba,2019-06-04,131,1,2.29566,-0.46251,6,133,0.98496,True,0.00763,50
kalba,2019-06-05,125,3,2.40288,-0.44688,6,133,0.93985,True,0.02400,50
kalba,2019-06-06,0,0,,,6,133,0.00000,False,,50
kalba,2019-06-07,132,1,2.47417,-0.50585,6,133,0.99248,True,0.00758,50
kalba,2019-06-08,132,0,0.99997,-0.50165,6,133,0.99248,True,0.00000,50
kalba,2019-06-09,0,0,,,6,133,0.00000,False,,50
kalba,2019-06-10,7,5,3.17058,0.76640,6,133,0.05263,False,,50
kalba,2019-06-11,128,28,3.98703,-0.35523,6,133,0.96241,True,0.21875,50
kalba,2019-06-12,129,0,1.97694,-0.46296,6,133,0.96992,True,0.00000,50
kalba,2019-06-13,0,0,,,6,133,0.00000,False,,50
kalba,2019-06-14,94,0,0.92569,-0.36241,6,133,0.70677,True,0.00000,50
kalba,2019-06-15,133,0,1.82273,-0.44465,6,133,1.00000,True,0.00000,50
kalba,2019-06-16,0,0,,,6,133,0.00000,False,,50
kalba,2019-06-17,0,0,,,6,133,0.00000,False,,50
kalba,2019-06-18,130,1,3.29687,-0.51525,6,133,0.97744,True,0.00769,50
kalba,2019-06-19,0,0,,,6,133,0.00000,False,,50
kalba,2019-06-20,3,0,0.67313,-0.18740,6,133,0.02256,False,,50
kalba,2019-06-21,0,0,,,6,133,0.00000,False,,50
kalba,2019-06-22,30,1,2.63969,-0.61999,6,133,0.22556,True,0.03333,50
kalba,2019-06-23,0,0,,,6,133,0.00000,False,,50
kalba,2019-06-24,50,2,2.79183,-0.43780,6,133,0.37594,True,0.04000,50
kalba,2019-06-25,0,0,,,6,133,0.00000,False,,50
kalba,2019-06-26,120,5,2.38163,-0.28796,6,133,0.90226,True,0.04167,50
kalba,2019-06-27,67,1,2.17726,-0.16656,6,133,0.50376,True,0.01493,50
kalba,2019-06-28,98,7,3.37856,-0.55518,6,133,0.73684,True,0.07143,50
kalba,2019-06-29,0,0,,,6,133,0.00000,False,,50
kalba,2019-06-30,133,0,0.91941,-0.48302,6,133,1.00000,True,0.00000,50
kalba,2019-07-01,131,0,0.05770,-0.49361,7,132,0.99242,True,0.00000,50
kalba,2019-07-02,123,0,1.11740,-0.45688,7,132,0.93182,True,0.00000,50
kalba,2019-07-03,0,0,,,7,132,0.00000,False,,50
kalba,2019-07-04,15,1,2.32646,-0.09166,7,132,0.11364,True,0.06667,50
kalba,2019-07-05,122,0,1.90542,-0.33123,7,132,0.92424,True,0.00000,50
kalba,2019-07-06,0,0,,,7,132,0.00000,False,,50
kalba,2019-07-07,39,3,3.23582,-0.47037,7,132,0.29545,True,0.07692,50
kalba,2019-07-08,87,0,0.76340,-0.31691,7,132,0.65909,True,0.00000,50
kalba,2019-07-09,93,0,1.07508,-0.37533,7,132,0.70455,True,0.00000,50
kalba,2019-07-10,0,0,,,7,132,0.00000,False,,50
kalba,2019-07-11,131,0,0.56618,-0.38999,7,132,0.99242,True,0.00000,50
kalba,2019-07-12,124,0,1.47422,-0.43122,7,132,0.93939,True,0.00000,50
kalba,2019-07-13,59,9,3.58807,-0.05815,7,132,0.44697,True,0.15254,50
kalba,2019-07-14,0,0,,,7,132,0.00000,False,,50
kalba,2019-07-15,121,2,2.16865,-0.44666,7,132,0.91667,True,0.01653,50
kalba,2019-07-16,0,0,,,7,132,0.00000,False,,50
kalba,2019-07-17,12,0,1.68768,-0.14514,7,132,0.09091,False,,50
kalba,2019-07-18,0,0,,,7,132,0.00000,False,,50
kalba,2019-07-19,14,0,1.82795,-0.46672,7,132,0.10606,True,0.00000,50
kalba,2019-07-20,0,0,,,7,132,0.00000,False,,50
kalba,2019-07-21,55,0,1.71809,-0.45323,7,132,0.41667,True,0.00000,50
kalba,2019-07-22,0,0,,,7,132,0.00000,False,,50
kalba,2019-07-23,0,0,,,7,132,0.00000,False,,50
kalba,2019-07-24,80,29,3.89392,-0.17881,7,132,0.60606,True,0.36250,50
kalba,2019-07-25,0,0,,,7,132,0.00000,False,,50
kalba,2019-07-26,0,0,,,7,132,0.00000,False,,50
kalba,2019-07-27,131,3,2.15399,-0.19764,7,132,0.99242,True,0.02290,50
kalba,2019-07-28,65,44,4.16080,0.40394,7,132,0.49242,True,0.67692,50
kalba,2019-07-29,0,0,,,7,132,0.00000,False,,50
kalba,2019-07-30,0,0,,,7,132,0.00000,False,,50
kalba,2019-07-31,0,0,,,7,132,0.00000,False,,50
kalba,2019-08-01,124,0,1.99496,-0.22319,8,133,0.93233,True,0.00000,50
kalba,2019-08-02,0,0,,,8,133,0.00000,False,,50
kalba,2019-08-03,0,0,,,8,133,0.00000,False,,50
kalba,2019-08-04,0,0,,,8,133,0.00000,False,,50
kalba,2019-08-05,0,0,,,8,133,0.00000,False,,50
kalba,2019-08-06,0,0,,,8,133,0.00000,False,,50
kalba,2019-08-07,132,0,1.15352,-0.30965,8,133,0.99248,True,0.00000,50
kalba,2019-08-08,0,0,,,8,133,0.00000,False,,50
kalba,2019-08-09,0,0,,,8,133,0.00000,False,,50
kalba,2019-08-10,0,0,,,8,133,0.00000,False,,50
kalba,2019-08-11,1,0,-1.31787,-0.43795,8,133,0.00752,False,,50
kalba,2019-08-12,0,0,,,8,133,0.00000,False,,50
kalba,2019-08-13,0,0,,,8,133,0.00000,False,,50
kalba,2019-08-14,0,0,,,8,133,0.00000,False,,50
kalba,2019-08-15,29,0,-0.75860,-0.36900,8,133,0.21805,True,0.00000,50
kalba,2019-08-16,2,0,1.21915,0.66119,8,133,0.01504,False,,50
kalba,2019-08-17,127,0,1.74833,-0.34754,8,133,0.95489,True,0.00000,50
kalba,2019-08-18,0,0,,,8,133,0.00000,False,,50
kalba,2019-08-19,100,0,1.14296,-0.24554,8,133,0.75188,True,0.00000,50
kalba,2019-08-20,0,0,,,8,133,0.00000,False,,50
kalba,2019-08-21,53,0,1.38623,-0.20472,8,133,0.39850,True,0.00000,50
kalba,2019-08-22,0,0,,,8,133,0.00000,False,,50
kalba,2019-08-23,111,0,0.82491,-0.36143,8,133,0.83459,True,0.00000,50
kalba,2019-08-24,118,0,0.88378,-0.31961,8,133,0.88722,True,0.00000,50
kalba,2019-08-25,118,0,1.22594,-0.28327,8,133,0.88722,True,0.00000,50
kalba,2019-08-26,5,1,2.38494,0.72756,8,133,0.03759,False,,50
kalba,2019-08-27,131,0,0.64978,-0.32051,8,133,0.98496,True,0.00000,50
kalba,2019-08-28,132,0,0.79747,-0.31945,8,133,0.99248,True,0.00000,50
kalba,2019-08-29,0,0,,,8,133,0.00000,False,,50
kalba,2019-08-30,78,0,-0.00903,-0.32515,8,133,0.58647,True,0.00000,50
kalba,2019-08-31,104,0,0.14243,-0.33352,8,133,0.78195,True,0.00000,50
kalba,2019-09-01,129,0,1.83877,-0.40751,9,133,0.96992,True,0.00000,50
kalba,2019-09-02,0,0,,,9,133,0.00000,False,,50
kalba,2019-09-03,133,0,1.82903,-0.37937,9,133,1.00000,True,0.00000,50
kalba,2019-09-04,131,0,1.68123,-0.37262,9,133,0.98496,True,0.00000,50
kalba,2019-09-05,0,0,,,9,133,0.00000,False,,50
kalba,2019-09-06,0,0,,,9,133,0.00000,False,,50
kalba,2019-09-07,0,0,,,9,133,0.00000,False,,50
kalba,2019-09-08,0,0,,,9,133,0.00000,False,,50
kalba,2019-09-09,93,0,0.62007,-0.45548,9,133,0.69925,True,0.00000,50
kalba,2019-09-10,0,0,,,9,133,0.00000,False,,50
kalba,2019-09-11,131,0,1.09539,-0.39884,9,133,0.98496,True,0.00000,50
kalba,2019-09-12,128,0,1.80008,-0.36558,9,133,0.96241,True,0.00000,50
kalba,2019-09-13,124,3,3.12531,-0.35300,9,133,0.93233,True,0.02419,50
kalba,2019-09-14,0,0,,,9,133,0.00000,False,,50
kalba,2019-09-15,132,1,2.09693,-0.37011,9,133,0.99248,True,0.00758,50
kalba,2019-09-16,11,0,0.02169,-0.51313,9,133,0.08271,False,,50
kalba,2019-09-17,58,0,1.12465,-0.49194,9,133,0.43609,True,0.00000,50
kalba,2019-09-18,0,0,,,9,133,0.00000,False,,50
kalba,2019-09-19,133,0,1.48188,-0.43636,9,133,1.00000,True,0.00000,50
kalba,2019-09-20,132,5,2.88099,-0.39359,9,133,0.99248,True,0.03788,50
kalba,2019-09-21,0,0,,,9,133,0.00000,False,,50
kalba,2019-09-22,40,9,2.94535,-0.02270,9,133,0.30075,True,0.22500,50
kalba,2019-09-23,131,3,2.23827,-0.37319,9,133,0.98496,True,0.02290,50
kalba,2019-09-24,0,0,,,9,133,0.00000,False,,50
kalba,2019-09-25,0,0,,,9,133,0.00000,False,,50
kalba,2019-09-26,132,4,3.12550,-0.38795,9,133,0.99248,True,0.03030,50
kalba,2019-09-27,131,4,3.83919,-0.36092,9,133,0.98496,True,0.03053,50
kalba,2019-09-28,131,11,3.60043,-0.33432,9,133,0.98496,True,0.08397,50
kalba,2019-09-29,0,0,,,9,133,0.00000,False,,50
kalba,2019-09-30,133,10,3.32159,-0.37889,9,133,1.00000,True,0.07519,50
kalba,2019-10-01,78,0,1.25433,-0.41885,10,133,0.58647,True,0.00000,50
kalba,2019-10-02,124,3,3.05851,-0.44115,10,133,0.93233,True,0.02419,50
kalba,2019-10-03,0,0,,,10,133,0.00000,False,,50
kalba,2019-10-04,105,0,1.65166,-0.45608,10,133,0.78947,True,0.00000,50
kalba,2019-10-05,111,5,3.54194,-0.33554,10,133,0.83459,True,0.04505,50
kalba,2019-10-06,0,0,,,10,133,0.00000,False,,50
kalba,2019-10-07,0,0,,,10,133,0.00000,False,,50
kalba,2019-10-08,131,2,2.11420,-0.41599,10,133,0.98496,True,0.01527,50
kalba,2019-10-09,132,11,3.24333,-0.34737,10,133,0.99248,True,0.08333,50
kalba,2019-10-10,131,15,3.38650,-0.30777,10,133,0.98496,True,0.11450,50
kalba,2019-10-11,2,0,-0.33872,-0.48622,10,133,0.01504,False,,50
kalba,2019-10-12,0,0,,,10,133,0.00000,False,,50
kalba,2019-10-13,129,0,1.64111,-0.40386,10,133,0.96992,True,0.00000,50
kalba,2019-10-14,128,0,1.21203,-0.40089,10,133,0.96241,True,0.00000,50
kalba,2019-10-15,75,1,2.14991,-0.44584,10,133,0.56391,True,0.01333,50
kalba,2019-10-16,132,0,0.48077,-0.44924,10,133,0.99248,True,0.00000,50
kalba,2019-10-17,132,0,0.99368,-0.49478,10,133,0.99248,True,0.00000,50
kalba,2019-10-18,127,1,2.73593,-0.42153,10,133,0.95489,True,0.00787,50
kalba,2019-10-19,132,0,1.39412,-0.45487,10,133,0.99248,True,0.00000,50
kalba,2019-10-20,132,0,0.87596,-0.49212,10,133,0.99248,True,0.00000,50
kalba,2019-10-21,128,0,0.50503,-0.48490,10,133,0.96241,True,0.00000,50
kalba,2019-10-22,0,0,,,10,133,0.00000,False,,50
kalba,2019-10-23,132,0,0.22463,-0.47402,10,133,0.99248,True,0.00000,50
kalba,2019-10-24,132,0,0.07468,-0.51656,10,133,0.99248,True,0.00000,50
kalba,2019-10-25,131,0,0.76400,-0.49342,10,133,0.98496,True,0.00000,50
kalba,2019-10-26,0,0,,,10,133,0.00000,False,,50
kalba,2019-10-27,133,0,0.19296,-0.51304,10,133,1.00000,True,0.00000,50
kalba,2019-10-28,133,0,-0.13341,-0.49453,10,133,1.00000,True,0.00000,50
kalba,2019-10-29,132,0,0.65704,-0.46330,10,133,0.99248,True,0.00000,50
kalba,2019-10-30,0,0,,,10,133,0.00000,False,,50
kalba,2019-10-31,126,3,2.83114,-0.39757,10,133,0.94737,True,0.02381,50
kalba,2019-11-01,133,0,1.93061,-0.44433,11,133,1.00000,True,0.00000,50
kalba,2019-11-02,133,0,1.19771,-0.41269,11,133,1.00000,True,0.00000,50
kalba,2019-11-03,0,0,,,11,133,0.00000,False,,50
kalba,2019-11-04,118,0,0.79798,-0.51672,11,133,0.88722,True,0.00000,50
kalba,2019-11-05,133,0,0.35147,-0.39867,11,133,1.00000,True,0.00000,50
kalba,2019-11-06,132,0,0.99796,-0.35242,11,133,0.99248,True,0.00000,50
kalba,2019-11-07,76,0,1.24377,-0.38494,11,133,0.57143,True,0.00000,50
kalba,2019-11-08,132,0,1.09258,-0.33210,11,133,0.99248,True,0.00000,50
kalba,2019-11-09,30,0,0.84536,-0.30292,11,133,0.22556,True,0.00000,50
kalba,2019-11-10,95,0,0.67418,-0.33572,11,133,0.71429,True,0.00000,50
kalba,2019-11-11,56,0,1.80631,-0.27655,11,133,0.42105,True,0.00000,50
kalba,2019-11-12,133,0,1.53176,-0.20807,11,133,1.00000,True,0.00000,50
kalba,2019-11-13,133,0,1.38059,-0.16843,11,133,1.00000,True,0.00000,50
kalba,2019-11-14,132,10,2.72076,-0.00058,11,133,0.99248,True,0.07576,50
kalba,2019-11-15,133,0,1.23318,-0.25378,11,133,1.00000,True,0.00000,50
kalba,2019-11-16,133,0,0.80313,-0.24832,11,133,1.00000,True,0.00000,50
kalba,2019-11-17,64,0,0.54753,-0.39799,11,133,0.48120,True,0.00000,50
kalba,2019-11-18,0,0,,,11,133,0.00000,False,,50
kalba,2019-11-19,132,0,0.83556,-0.25560,11,133,0.99248,True,0.00000,50
kalba,2019-11-20,30,0,-0.63047,-0.44495,11,133,0.22556,True,0.00000,50
kalba,2019-11-21,3,0,0.33349,-0.28543,11,133,0.02256,False,,50
kalba,2019-11-22,0,0,,,11,133,0.00000,False,,50
kalba,2019-11-23,132,0,0.35504,-0.28698,11,133,0.99248,True,0.00000,50
kalba,2019-11-24,98,0,0.12534,-0.37590,11,133,0.73684,True,0.00000,50
kalba,2019-11-25,0,0,,,11,133,0.00000,False,,50
kalba,2019-11-26,0,0,,,11,133,0.00000,False,,50
kalba,2019-11-27,133,0,1.30631,-0.16349,11,133,1.00000,True,0.00000,50
kalba,2019-11-28,133,0,1.87187,-0.15375,11,133,1.00000,True,0.00000,50
kalba,2019-11-29,128,6,2.35016,-0.04809,11,133,0.96241,True,0.04688,50
kalba,2019-11-30,0,0,,,11,133,0.00000,False,,50
kalba,2019-12-01,122,3,2.33302,-0.19244,12,133,0.91729,True,0.02459,50
kalba,2019-12-02,0,0,,,12,133,0.00000,False,,50
kalba,2019-12-03,56,2,2.45236,-0.14139,12,133,0.42105,True,0.03571,50
kalba,2019-12-04,133,2,2.25975,-0.10310,12,133,1.00000,True,0.01504,50
kalba,2019-12-05,131,0,1.96157,-0.22484,12,133,0.98496,True,0.00000,50
kalba,2019-12-06,32,0,0.84104,-0.27048,12,133,0.24060,True,0.00000,50
kalba,2019-12-07,100,0,1.85014,-0.22380,12,133,0.75188,True,0.00000,50
kalba,2019-12-08,29,0,-0.00469,-0.29921,12,133,0.21805,True,0.00000,50
kalba,2019-12-09,130,0,1.57550,-0.30125,12,133,0.97744,True,0.00000,50
kalba,2019-12-10,10,0,-0.84094,-0.39608,12,133,0.07519,False,,50
kalba,2019-12-11,0,0,,,12,133,0.00000,False,,50
kalba,2019-12-12,128,0,-0.17034,-0.33098,12,133,0.96241,True,0.00000,50
kalba,2019-12-13,0,0,,,12,133,0.00000,False,,50
kalba,2019-12-14,131,0,0.99049,-0.25450,12,133,0.98496,True,0.00000,50
kalba,2019-12-15,0,0,,,12,133,0.00000,False,,50
kalba,2019-12-16,33,0,0.11113,-0.36994,12,133,0.24812,True,0.00000,50
kalba,2019-12-17,39,0,0.26721,-0.30534,12,133,0.29323,True,0.00000,50
kalba,2019-12-18,75,1,2.19652,-0.34449,12,133,0.56391,True,0.01333,50
kalba,2019-12-19,0,0,,,12,133,0.00000,False,,50
kalba,2019-12-20,124,0,0.72160,-0.33056,12,133,0.93233,True,0.00000,50
kalba,2019-12-21,133,0,0.59348,-0.30357,12,133,1.00000,True,0.00000,50
kalba,2019-12-22,133,0,0.89129,-0.21399,12,133,1.00000,True,0.00000,50
kalba,2019-12-23,0,0,,,12,133,0.00000,False,,50
kalba,2019-12-24,133,0,0.40966,-0.27221,12,133,1.00000,True,0.00000,50
kalba,2019-12-25,133,0,0.56859,-0.25390,12,133,1.00000,True,0.00000,50
kalba,2019-12-26,133,0,1.45901,-0.15881,12,133,1.00000,True,0.00000,50
kalba,2019-12-27,0,0,,,12,133,0.00000,False,,50
kalba,2019-12-28,133,0,-0.16681,-0.32395,12,133,1.00000,True,0.00000,50
kalba,2019-12-29,133,0,0.29258,-0.27652,12,133,1.00000,True,0.00000,50
kalba,2019-12-30,132,0,0.63362,-0.28556,12,133,0.99248,True,0.00000,50
kalba,2019-12-31,132,0,0.42938,-0.34782,12,133,0.99248,True,0.00000,50
kalba,2020-01-01,131,0,-0.18712,-0.31200,1,133,0.98496,True,0.00000,50
kalba,2020-01-02,133,0,0.65059,-0.33344,1,133,1.00000,True,0.00000,50
kalba,2020-01-03,35,0,1.21824,-0.08970,1,133,0.26316,True,0.00000,50
kalba,2020-01-04,132,0,1.01643,-0.13279,1,133,0.99248,True,0.00000,50
kalba,2020-01-05,0,0,,,1,133,0.00000,False,,50
kalba,2020-01-06,14,0,-1.00948,-0.39641,1,133,0.10526,True,0.00000,50
kalba,2020-01-07,120,0,0.46750,-0.21316,1,133,0.90226,True,0.00000,50
kalba,2020-01-08,133,0,0.13163,-0.31058,1,133,1.00000,True,0.00000,50
kalba,2020-01-09,88,0,1.04249,-0.23576,1,133,0.66165,True,0.00000,50
kalba,2020-01-10,0,0,,,1,133,0.00000,False,,50
kalba,2020-01-11,0,0,,,1,133,0.00000,False,,50
kalba,2020-01-12,78,0,0.73020,-0.38075,1,133,0.58647,True,0.00000,50
kalba,2020-01-13,133,0,0.26658,-0.32830,1,133,1.00000,True,0.00000,50
kalba,2020-01-14,108,0,-0.05898,-0.36558,1,133,0.81203,True,0.00000,50
kalba,2020-01-15,0,0,,,1,133,0.00000,False,,50
kalba,2020-01-16,127,0,0.70665,-0.15342,1,133,0.95489,True,0.00000,50
kalba,2020-01-17,125,0,1.01998,-0.13593,1,133,0.93985,True,0.00000,50
kalba,2020-01-18,133,0,1.70754,-0.04252,1,133,1.00000,True,0.00000,50
kalba,2020-01-19,0,0,,,1,133,0.00000,False,,50
kalba,2020-01-20,124,0,1.48387,-0.12670,1,133,0.93233,True,0.00000,50
kalba,2020-01-21,133,0,1.55441,-0.25670,1,133,1.00000,True,0.00000,50
kalba,2020-01-22,129,0,0.93956,-0.22538,1,133,0.96992,True,0.00000,50
kalba,2020-01-23,0,0,,,1,133,0.00000,False,,50
kalba,2020-01-24,67,0,1.99031,-0.29441,1,133,0.50376,True,0.00000,50
kalba,2020-01-25,132,9,2.78800,-0.19194,1,133,0.99248,True,0.06818,50
kalba,2020-01-26,114,7,2.80274,-0.03926,1,133,0.85714,True,0.06140,50
kalba,2020-01-27,132,0,1.41995,-0.27131,1,133,0.99248,True,0.00000,50
kalba,2020-01-28,125,0,1.53618,-0.22500,1,133,0.93985,True,0.00000,50
kalba,2020-01-29,133,0,1.67531,-0.10836,1,133,1.00000,True,0.00000,50
kalba,2020-01-30,130,20,2.89580,0.08536,1,133,0.97744,True,0.15385,50
kalba,2020-01-31,133,3,2.73274,-0.05411,1,133,1.00000,True,0.02256,50
kalba,2020-02-01,85,0,1.40271,-0.13067,2,133,0.63910,True,0.00000,50
kalba,2020-02-02,51,0,0.57632,-0.19531,2,133,0.38346,True,0.00000,50
kalba,2020-02-03,103,0,1.28216,-0.06363,2,133,0.77444,True,0.00000,50
kalba,2020-02-04,132,0,0.06351,-0.28024,2,133,0.99248,True,0.00000,50
kalba,2020-02-05,132,0,0.25985,-0.22682,2,133,0.99248,True,0.00000,50
kalba,2020-02-06,132,0,0.70764,-0.15456,2,133,0.99248,True,0.00000,50
kalba,2020-02-07,0,0,,,2,133,0.00000,False,,50
kalba,2020-02-08,120,0,0.64258,-0.16770,2,133,0.90226,True,0.00000,50
kalba,2020-02-09,88,0,1.21128,-0.09740,2,133,0.66165,True,0.00000,50
kalba,2020-02-10,38,0,0.87926,-0.03102,2,133,0.28571,True,0.00000,50
kalba,2020-02-11,0,0,,,2,133,0.00000,False,,50
kalba,2020-02-12,87,0,0.35706,-0.27497,2,133,0.65414,True,0.00000,50
kalba,2020-02-13,133,0,0.27267,-0.34893,2,133,1.00000,True,0.00000,50
kalba,2020-02-14,133,0,1.05288,-0.20557,2,133,1.00000,True,0.00000,50
kalba,2020-02-15,0,0,,,2,133,0.00000,False,,50
kalba,2020-02-16,132,0,0.71391,-0.21488,2,133,0.99248,True,0.00000,50
kalba,2020-02-17,32,1,2.50136,-0.32936,2,133,0.24060,True,0.03125,50
kalba,2020-02-18,102,0,0.71315,-0.16074,2,133,0.76692,True,0.00000,50
kalba,2020-02-19,0,0,,,2,133,0.00000,False,,50
kalba,2020-02-20,51,0,0.54370,-0.36980,2,133,0.38346,True,0.00000,50
kalba,2020-02-21,107,5,3.00889,-0.01655,2,133,0.80451,True,0.04673,50
kalba,2020-02-22,18,5,2.52724,0.44862,2,133,0.13534,True,0.27778,50
kalba,2020-02-23,122,2,2.12537,0.11875,2,133,0.91729,True,0.01639,50
kalba,2020-02-24,118,6,2.49853,0.12839,2,133,0.88722,True,0.05085,50
kalba,2020-02-25,132,39,3.40202,0.38825,2,133,0.99248,True,0.29545,50
kalba,2020-02-26,133,35,3.19868,0.35395,2,133,1.00000,True,0.26316,50
kalba,2020-02-27,13,9,2.81637,0.68807,2,133,0.09774,False,,50
kalba,2020-02-28,124,24,3.12798,0.24250,2,133,0.93233,True,0.19355,50
kalba,2020-02-29,131,2,2.49438,0.21461,2,133,0.98496,True,0.01527,50
kalba,2020-03-01,0,0,,,3,133,0.00000,False,,50
kalba,2020-03-02,68,0,1.85928,0.49654,3,133,0.51128,True,0.00000,50
kalba,2020-03-03,129,35,2.67402,0.66457,3,133,0.96992,True,0.27132,50
kalba,2020-03-04,133,0,0.98187,-0.06409,3,133,1.00000,True,0.00000,50
kalba,2020-03-05,0,0,,,3,133,0.00000,False,,50
kalba,2020-03-06,132,0,0.47887,-0.28407,3,133,0.99248,True,0.00000,50
kalba,2020-03-07,132,0,0.64499,-0.21366,3,133,0.99248,True,0.00000,50
kalba,2020-03-08,132,0,0.99486,0.14275,3,133,0.99248,True,0.00000,50
kalba,2020-03-09,0,0,,,3,133,0.00000,False,,50
kalba,2020-03-10,126,8,2.31236,0.49235,3,133,0.94737,True,0.06349,50
kalba,2020-03-11,131,11,2.36166,0.48136,3,133,0.98496,True,0.08397,50
kalba,2020-03-12,132,3,2.23168,0.40452,3,133,0.99248,True,0.02273,50
kalba,2020-03-13,0,0,,,3,133,0.00000,False,,50
kalba,2020-03-14,0,0,,,3,133,0.00000,False,,50
kalba,2020-03-15,67,8,2.85793,0.46999,3,133,0.50376,True,0.11940,50
kalba,2020-03-16,8,0,-1.21984,-0.32750,3,133,0.06015,False,,50
kalba,2020-03-17,0,0,,,3,133,0.00000,False,,50
kalba,2020-03-18,121,0,1.75625,0.21622,3,133,0.90977,True,0.00000,50
kalba,2020-03-19,0,0,,,3,133,0.00000,False,,50
kalba,2020-03-20,122,0,1.47679,-0.01898,3,133,0.91729,True,0.00000,50
kalba,2020-03-21,0,0,,,3,133,0.00000,False,,50
kalba,2020-03-22,2,0,-0.00436,0.09209,3,133,0.01504,False,,50
kalba,2020-03-23,12,0,1.47314,0.19916,3,133,0.09023,False,,50
kalba,2020-03-24,118,0,0.84875,-0.02145,3,133,0.88722,True,0.00000,50
kalba,2020-03-25,2,0,1.26780,0.67953,3,133,0.01504,False,,50
kalba,2020-03-26,132,0,1.35046,0.00572,3,133,0.99248,True,0.00000,50
kalba,2020-03-27,110,0,0.44660,-0.03585,3,133,0.82707,True,0.00000,50
kalba,2020-03-28,0,0,,,3,133,0.00000,False,,50
kalba,2020-03-29,0,0,,,3,133,0.00000,False,,50
kalba,2020-03-30,0,0,,,3,133,0.00000,False,,50
kalba,2020-03-31,133,0,1.67273,0.15870,3,133,1.00000,True,0.00000,50
kalba,2020-04-01,0,0,,,4,133,0.00000,False,,50
kalba,2020-04-02,70,24,3.35546,0.50693,4,133,0.52632,True,0.34286,50
kalba,2020-04-03,0,0,,,4,133,0.00000,False,,50
kalba,2020-04-04,131,0,0.84747,-0.12394,4,133,0.98496,True,0.00000,50
kalba,2020-04-05,0,0,,,4,133,0.00000,False,,50
kalba,2020-04-06,92,8,2.99769,0.12819,4,133,0.69173,True,0.08696,50
kalba,2020-04-07,131,0,1.57359,0.12975,4,133,0.98496,True,0.00000,50
kalba,2020-04-08,132,0,1.49949,0.09430,4,133,0.99248,True,0.00000,50
kalba,2020-04-09,0,0,,,4,133,0.00000,False,,50
kalba,2020-04-10,133,9,2.94824,0.15495,4,133,1.00000,True,0.06767,50
kalba,2020-04-11,0,0,,,4,133,0.00000,False,,50
kalba,2020-04-12,63,0,1.27153,-0.19095,4,133,0.47368,True,0.00000,50
kalba,2020-04-13,0,0,,,4,133,0.00000,False,,50
kalba,2020-04-14,132,5,2.39168,0.08483,4,133,0.99248,True,0.03788,50
kalba,2020-04-15,0,0,,,4,133,0.00000,False,,50
kalba,2020-04-16,0,0,,,4,133,0.00000,False,,50
kalba,2020-04-17,0,0,,,4,133,0.00000,False,,50
kalba,2020-04-18,131,0,1.85986,0.03261,4,133,0.98496,True,0.00000,50
kalba,2020-04-19,45,1,2.15479,0.15175,4,133,0.33835,True,0.02222,50
kalba,2020-04-20,86,1,2.11882,0.18884,4,133,0.64662,True,0.01163,50
kalba,2020-04-21,0,0,,,4,133,0.00000,False,,50
kalba,2020-04-22,10,0,1.74908,0.09977,4,133,0.07519,False,,50
kalba,2020-04-23,124,0,1.67081,-0.03854,4,133,0.93233,True,0.00000,50
kalba,2020-04-24,132,0,1.04574,-0.00058,4,133,0.99248,True,0.00000,50
kalba,2020-04-25,0,0,,,4,133,0.00000,False,,50
kalba,2020-04-26,133,0,0.93983,-0.18875,4,133,1.00000,True,0.00000,50
kalba,2020-04-27,129,0,1.05084,-0.14001,4,133,0.96992,True,0.00000,50
kalba,2020-04-28,0,0,,,4,133,0.00000,False,,50
kalba,2020-04-29,1,0,1.89532,0.74331,4,133,0.00752,False,,50
kalba,2020-04-30,132,0,0.70694,-0.00518,4,133,0.99248,True,0.00000,50
kalba,2020-05-01,80,0,1.53191,-0.19015,5,133,0.60150,True,0.00000,50
kalba,2020-05-02,0,0,,,5,133,0.00000,False,,50
kalba,2020-05-03,101,2,2.59833,-0.17767,5,133,0.75940,True,0.01980,50
kalba,2020-05-04,124,2,2.11293,-0.13388,5,133,0.93233,True,0.01613,50
kalba,2020-05-05,132,0,1.44702,-0.22129,5,133,0.99248,True,0.00000,50
kalba,2020-05-06,0,0,,,5,133,0.00000,False,,50
kalba,2020-05-07,132,0,0.95298,-0.22217,5,133,0.99248,True,0.00000,50
kalba,2020-05-08,0,0,,,5,133,0.00000,False,,50
kalba,2020-05-09,133,0,0.43489,-0.34677,5,133,1.00000,True,0.00000,50
kalba,2020-05-10,0,0,,,5,133,0.00000,False,,50
kalba,2020-05-11,132,0,1.77227,-0.22074,5,133,0.99248,True,0.00000,50
kalba,2020-05-12,0,0,,,5,133,0.00000,False,,50
kalba,2020-05-13,132,0,1.70954,-0.30799,5,133,0.99248,True,0.00000,50
kalba,2020-05-14,0,0,,,5,133,0.00000,False,,50
kalba,2020-05-15,47,0,1.49645,-0.16845,5,133,0.35338,True,0.00000,50
kalba,2020-05-16,21,1,2.45883,-0.35113,5,133,0.15789,True,0.04762,50
kalba,2020-05-17,130,0,1.29825,-0.33909,5,133,0.97744,True,0.00000,50
kalba,2020-05-18,0,0,,,5,133,0.00000,False,,50
kalba,2020-05-19,131,0,0.81582,-0.25272,5,133,0.98496,True,0.00000,50
kalba,2020-05-20,8,0,0.36657,-0.34013,5,133,0.06015,False,,50
kalba,2020-05-21,88,0,1.30127,-0.30133,5,133,0.66165,True,0.00000,50
kalba,2020-05-22,0,0,,,5,133,0.00000,False,,50
kalba,2020-05-23,131,0,1.19191,-0.31695,5,133,0.98496,True,0.00000,50
kalba,2020-05-24,127,0,1.38810,-0.29140,5,133,0.95489,True,0.00000,50
kalba,2020-05-25,0,0,,,5,133,0.00000,False,,50
kalba,2020-05-26,0,0,,,5,133,0.00000,False,,50
kalba,2020-05-27,131,0,0.66652,-0.33201,5,133,0.98496,True,0.00000,50
kalba,2020-05-28,131,1,2.54253,-0.32634,5,133,0.98496,True,0.00763,50
kalba,2020-05-29,0,0,,,5,133,0.00000,False,,50
kalba,2020-05-30,99,0,1.77946,-0.33322,5,133,0.74436,True,0.00000,50
kalba,2020-05-31,133,0,1.44196,-0.25884,5,133,1.00000,True,0.00000,50
kalba,2020-06-01,125,42,4.02957,-0.21983,6,133,0.93985,True,0.33600,50
kalba,2020-06-02,0,0,,,6,133,0.00000,False,,50
kalba,2020-06-03,132,3,2.57650,-0.40276,6,133,0.99248,True,0.02273,50
kalba,2020-06-04,0,0,,,6,133,0.00000,False,,50
kalba,2020-06-05,122,4,4.05764,-0.41381,6,133,0.91729,True,0.03279,50
kalba,2020-06-06,0,0,,,6,133,0.00000,False,,50
kalba,2020-06-07,111,7,4.28776,-0.48119,6,133,0.83459,True,0.06306,50
kalba,2020-06-08,0,0,,,6,133,0.00000,False,,50
kalba,2020-06-09,124,7,4.16277,-0.53337,6,133,0.93233,True,0.05645,50
kalba,2020-06-10,0,0,,,6,133,0.00000,False,,50
kalba,2020-06-11,133,5,3.87832,-0.36649,6,133,1.00000,True,0.03759,50
kalba,2020-06-12,46,0,1.19062,-0.36391,6,133,0.34586,True,0.00000,50
kalba,2020-06-13,130,0,0.50350,-0.55766,6,133,0.97744,True,0.00000,50
kalba,2020-06-14,0,0,,,6,133,0.00000,False,,50
kalba,2020-06-15,79,0,1.55603,-0.47638,6,133,0.59398,True,0.00000,50
kalba,2020-06-16,96,0,0.53836,-0.54606,6,133,0.72180,True,0.00000,50
kalba,2020-06-17,125,0,1.35287,-0.46559,6,133,0.93985,True,0.00000,50
kalba,2020-06-18,0,0,,,6,133,0.00000,False,,50
kalba,2020-06-19,75,3,2.25389,-0.45665,6,133,0.56391,True,0.04000,50
kalba,2020-06-20,129,0,1.56808,-0.44081,6,133,0.96992,True,0.00000,50
kalba,2020-06-21,0,0,,,6,133,0.00000,False,,50
kalba,2020-06-22,1,0,1.18490,0.62467,6,133,0.00752,False,,50
kalba,2020-06-23,112,0,1.16425,-0.43702,6,133,0.84211,True,0.00000,50
kalba,2020-06-24,57,0,1.49750,-0.62179,6,133,0.42857,True,0.00000,50
kalba,2020-06-25,0,0,,,6,133,0.00000,False,,50
kalba,2020-06-26,131,0,1.91272,-0.46780,6,133,0.98496,True,0.00000,50
kalba,2020-06-27,125,11,3.09686,-0.46841,6,133,0.93985,True,0.08800,50
kalba,2020-06-28,128,14,3.36553,-0.51207,6,133,0.96241,True,0.10938,50
kalba,2020-06-29,0,0,,,6,133,0.00000,False,,50
kalba,2020-06-30,132,0,1.86144,-0.35045,6,133,0.99248,True,0.00000,50
kalba,2020-07-01,0,0,,,7,132,0.00000,False,,50
kalba,2020-07-02,130,0,1.25875,-0.31768,7,132,0.98485,True,0.00000,50
kalba,2020-07-03,0,0,,,7,132,0.00000,False,,50
kalba,2020-07-04,131,0,0.82978,-0.33023,7,132,0.99242,True,0.00000,50
kalba,2020-07-05,0,0,,,7,132,0.00000,False,,50
kalba,2020-07-06,130,0,0.08557,-0.48883,7,132,0.98485,True,0.00000,50
kalba,2020-07-07,0,0,,,7,132,0.00000,False,,50
kalba,2020-07-08,126,0,1.25971,-0.46978,7,132,0.95455,True,0.00000,50
kalba,2020-07-09,24,1,2.14388,0.32310,7,132,0.18182,True,0.04167,50
kalba,2020-07-10,116,0,1.50993,-0.46033,7,132,0.87879,True,0.00000,50
kalba,2020-07-11,0,0,,,7,132,0.00000,False,,50
kalba,2020-07-12,114,0,0.93294,-0.33667,7,132,0.86364,True,0.00000,50
kalba,2020-07-13,70,0,0.59974,-0.27383,7,132,0.53030,True,0.00000,50
kalba,2020-07-14,24,0,0.80095,-0.44447,7,132,0.18182,True,0.00000,50
kalba,2020-07-15,0,0,,,7,132,0.00000,False,,50
kalba,2020-07-16,132,0,1.19321,-0.34673,7,132,1.00000,True,0.00000,50
kalba,2020-07-17,131,0,1.31260,-0.38904,7,132,0.99242,True,0.00000,50
kalba,2020-07-18,0,0,,,7,132,0.00000,False,,50
kalba,2020-07-19,26,0,1.32706,-0.00392,7,132,0.19697,True,0.00000,50
kalba,2020-07-20,80,2,2.11849,-0.32332,7,132,0.60606,True,0.02500,50
kalba,2020-07-21,130,0,1.46940,-0.32701,7,132,0.98485,True,0.00000,50
kalba,2020-07-22,0,0,,,7,132,0.00000,False,,50
kalba,2020-07-23,124,0,1.19572,-0.28245,7,132,0.93939,True,0.00000,50
kalba,2020-07-24,103,0,1.91266,-0.24583,7,132,0.78030,True,0.00000,50
kalba,2020-07-25,128,0,0.84052,-0.32465,7,132,0.96970,True,0.00000,50
kalba,2020-07-26,0,0,,,7,132,0.00000,False,,50
kalba,2020-07-27,118,0,1.25694,-0.30540,7,132,0.89394,True,0.00000,50
kalba,2020-07-28,0,0,,,7,132,0.00000,False,,50
kalba,2020-07-29,130,0,0.55288,-0.50025,7,132,0.98485,True,0.00000,50
kalba,2020-07-30,0,0,,,7,132,0.00000,False,,50
kalba,2020-07-31,5,0,0.68432,-0.31859,7,132,0.03788,False,,50
kalba,2020-08-01,0,0,,,8,133,0.00000,False,,50
kalba,2020-08-02,112,0,0.53766,-0.43518,8,133,0.84211,True,0.00000,50
kalba,2020-08-03,0,0,,,8,133,0.00000,False,,50
kalba,2020-08-04,102,0,-0.40531,-0.52234,8,133,0.76692,True,0.00000,50
kalba,2020-08-05,93,0,-0.02433,-0.42291,8,133,0.69925,True,0.00000,50
kalba,2020-08-06,104,0,0.61675,-0.31520,8,133,0.78195,True,0.00000,50
kalba,2020-08-07,0,0,,,8,133,0.00000,False,,50
kalba,2020-08-08,0,0,,,8,133,0.00000,False,,50
kalba,2020-08-09,0,0,,,8,133,0.00000,False,,50
kalba,2020-08-10,21,0,0.18367,-0.37536,8,133,0.15789,True,0.00000,50
kalba,2020-08-11,0,0,,,8,133,0.00000,False,,50
kalba,2020-08-12,9,0,0.04404,-0.31070,8,133,0.06767,False,,50
kalba,2020-08-13,92,0,0.73947,-0.51308,8,133,0.69173,True,0.00000,50
kalba,2020-08-14,0,0,,,8,133,0.00000,False,,50
kalba,2020-08-15,36,0,0.67019,-0.31815,8,133,0.27068,True,0.00000,50
kalba,2020-08-16,2,0,-0.06272,-0.41681,8,133,0.01504,False,,50
kalba,2020-08-17,51,0,1.30254,-0.40245,8,133,0.38346,True,0.00000,50
kalba,2020-08-18,0,0,,,8,133,0.00000,False,,50
kalba,2020-08-19,124,4,2.75418,-0.24901,8,133,0.93233,True,0.03226,50
kalba,2020-08-20,42,0,1.42923,-0.28512,8,133,0.31579,True,0.00000,50
kalba,2020-08-21,1,0,-0.12611,-0.40613,8,133,0.00752,False,,50
kalba,2020-08-22,0,0,,,8,133,0.00000,False,,50
kalba,2020-08-23,21,0,-0.26672,-0.35433,8,133,0.15789,True,0.00000,50
kalba,2020-08-24,0,0,,,8,133,0.00000,False,,50
kalba,2020-08-25,112,0,1.61766,-0.37432,8,133,0.84211,True,0.00000,50
kalba,2020-08-26,0,0,,,8,133,0.00000,False,,50
kalba,2020-08-27,75,0,1.62275,-0.07181,8,133,0.56391,True,0.00000,50
kalba,2020-08-28,21,2,2.12693,-0.32693,8,133,0.15789,True,0.09524,50
kalba,2020-08-29,124,1,2.00533,-0.32121,8,133,0.93233,True,0.00806,50
kalba,2020-08-30,0,0,,,8,133,0.00000,False,,50
kalba,2020-08-31,0,0,,,8,133,0.00000,False,,50
kalba,2020-09-01,113,2,2.22924,-0.35894,9,133,0.84962,True,0.01770,50
kalba,2020-09-02,0,0,,,9,133,0.00000,False,,50
kalba,2020-09-03,0,0,,,9,133,0.00000,False,,50
kalba,2020-09-04,133,0,1.25088,-0.41804,9,133,1.00000,True,0.00000,50
kalba,2020-09-05,128,0,1.54036,-0.44504,9,133,0.96241,True,0.00000,50
kalba,2020-09-06,131,3,2.35406,-0.42892,9,133,0.98496,True,0.02290,50
kalba,2020-09-07,4,1,2.09482,0.75084,9,133,0.03008,False,,50
kalba,2020-09-08,132,0,1.54517,-0.47006,9,133,0.99248,True,0.00000,50
kalba,2020-09-09,131,0,1.03766,-0.50228,9,133,0.98496,True,0.00000,50
kalba,2020-09-10,0,0,,,9,133,0.00000,False,,50
kalba,2020-09-11,0,0,,,9,133,0.00000,False,,50
kalba,2020-09-12,132,0,1.00240,-0.47758,9,133,0.99248,True,0.00000,50
kalba,2020-09-13,131,0,1.77473,-0.45047,9,133,0.98496,True,0.00000,50
kalba,2020-09-14,0,0,,,9,133,0.00000,False,,50
kalba,2020-09-15,133,1,2.08129,-0.44479,9,133,1.00000,True,0.00752,50
kalba,2020-09-16,131,2,2.64399,-0.42596,9,133,0.98496,True,0.01527,50
kalba,2020-09-17,0,0,,,9,133,0.00000,False,,50
kalba,2020-09-18,0,0,,,9,133,0.00000,False,,50
kalba,2020-09-19,133,15,3.70882,-0.38173,9,133,1.00000,True,0.11278,50
kalba,2020-09-20,2,2,2.19791,0.83690,9,133,0.01504,False,,50
kalba,2020-09-21,132,11,3.14288,-0.40376,9,133,0.99248,True,0.08333,50
kalba,2020-09-22,0,0,,,9,133,0.00000,False,,50
kalba,2020-09-23,132,16,3.43627,-0.28858,9,133,0.99248,True,0.12121,50
kalba,2020-09-24,0,0,,,9,133,0.00000,False,,50
kalba,2020-09-25,132,13,3.37342,-0.30602,9,133,0.99248,True,0.09848,50
kalba,2020-09-26,0,0,,,9,133,0.00000,False,,50
kalba,2020-09-27,0,0,,,9,133,0.00000,False,,50
kalba,2020-09-28,132,2,2.74571,-0.33774,9,133,0.99248,True,0.01515,50
kalba,2020-09-29,63,1,2.51234,-0.33572,9,133,0.47368,True,0.01587,50
kalba,2020-09-30,5,1,3.28002,0.60405,9,133,0.03759,False,,50
kalba,2020-10-01,131,0,1.78953,-0.30455,10,133,0.98496,True,0.00000,50
kalba,2020-10-02,132,0,1.31817,-0.34563,10,133,0.99248,True,0.00000,50
kalba,2020-10-03,127,1,2.09731,-0.28700,10,133,0.95489,True,0.00787,50
kalba,2020-10-04,99,0,1.29366,-0.43363,10,133,0.74436,True,0.00000,50
kalba,2020-10-05,132,0,1.24411,-0.40406,10,133,0.99248,True,0.00000,50
kalba,2020-10-06,132,0,0.93757,-0.46946,10,133,0.99248,True,0.00000,50
kalba,2020-10-07,0,0,,,10,133,0.00000,False,,50
kalba,2020-10-08,132,0,0.89286,-0.36734,10,133,0.99248,True,0.00000,50
kalba,2020-10-09,132,0,1.18217,-0.39327,10,133,0.99248,True,0.00000,50
kalba,2020-10-10,131,0,1.74037,-0.39555,10,133,0.98496,True,0.00000,50
kalba,2020-10-11,0,0,,,10,133,0.00000,False,,50
kalba,2020-10-12,130,0,1.23740,-0.37285,10,133,0.97744,True,0.00000,50
kalba,2020-10-13,132,0,1.86774,-0.32686,10,133,0.99248,True,0.00000,50
kalba,2020-10-14,132,1,2.10563,-0.29591,10,133,0.99248,True,0.00758,50
kalba,2020-10-15,0,0,,,10,133,0.00000,False,,50
kalba,2020-10-16,133,1,2.51406,-0.33754,10,133,1.00000,True,0.00752,50
kalba,2020-10-17,0,0,,,10,133,0.00000,False,,50
kalba,2020-10-18,133,2,2.28319,-0.30753,10,133,1.00000,True,0.01504,50
kalba,2020-10-19,0,0,,,10,133,0.00000,False,,50
kalba,2020-10-20,133,0,1.61824,-0.32916,10,133,1.00000,True,0.00000,50
kalba,2020-10-21,133,0,1.55233,-0.34605,10,133,1.00000,True,0.00000,50
kalba,2020-10-22,0,0,,,10,133,0.00000,False,,50
kalba,2020-10-23,1,1,2.22375,0.76116,10,133,0.00752,False,,50
kalba,2020-10-24,132,0,0.67296,-0.37671,10,133,0.99248,True,0.00000,50
kalba,2020-10-25,133,0,1.22213,-0.41034,10,133,1.00000,True,0.00000,50
kalba,2020-10-26,133,0,1.62520,-0.36312,10,133,1.00000,True,0.00000,50
kalba,2020-10-27,80,0,1.12747,-0.39849,10,133,0.60150,True,0.00000,50
kalba,2020-10-28,133,0,1.61555,-0.39658,10,133,1.00000,True,0.00000,50
kalba,2020-10-29,133,0,1.82642,-0.40848,10,133,1.00000,True,0.00000,50
kalba,2020-10-30,128,2,2.43013,-0.39748,10,133,0.96241,True,0.01562,50
kalba,2020-10-31,133,0,1.78660,-0.45393,10,133,1.00000,True,0.00000,50
kalba,2020-11-01,0,0,,,11,133,0.00000,False,,50
kalba,2020-11-02,132,0,0.69120,-0.42387,11,133,0.99248,True,0.00000,50
kalba,2020-11-03,0,0,,,11,133,0.00000,False,,50
kalba,2020-11-04,133,0,0.22132,-0.42306,11,133,1.00000,True,0.00000,50
kalba,2020-11-05,133,0,-0.43429,-0.47338,11,133,1.00000,True,0.00000,50
kalba,2020-11-06,133,0,0.07368,-0.42194,11,133,1.00000,True,0.00000,50
kalba,2020-11-07,0,0,,,11,133,0.00000,False,,50
kalba,2020-11-08,91,0,0.33153,-0.45304,11,133,0.68421,True,0.00000,50
kalba,2020-11-09,132,0,0.15925,-0.34745,11,133,0.99248,True,0.00000,50
kalba,2020-11-10,132,0,-0.10296,-0.35993,11,133,0.99248,True,0.00000,50
kalba,2020-11-11,0,0,,,11,133,0.00000,False,,50
kalba,2020-11-12,126,0,0.35830,-0.47073,11,133,0.94737,True,0.00000,50
kalba,2020-11-13,132,0,-0.21820,-0.38786,11,133,0.99248,True,0.00000,50
kalba,2020-11-14,70,0,0.60229,-0.32945,11,133,0.52632,True,0.00000,50
kalba,2020-11-15,0,0,,,11,133,0.00000,False,,50
kalba,2020-11-16,99,0,0.16125,-0.47975,11,133,0.74436,True,0.00000,50
kalba,2020-11-17,112,0,0.91920,-0.30996,11,133,0.84211,True,0.00000,50
kalba,2020-11-18,132,0,1.70739,-0.24885,11,133,0.99248,True,0.00000,50
kalba,2020-11-19,132,0,-0.07517,-0.38268,11,133,0.99248,True,0.00000,50
kalba,2020-11-20,110,0,0.99654,-0.44566,11,133,0.82707,True,0.00000,50
kalba,2020-11-21,0,0,,,11,133,0.00000,False,,50
kalba,2020-11-22,130,6,2.94669,-0.16509,11,133,0.97744,True,0.04615,50
kalba,2020-11-23,133,4,2.59969,-0.11205,11,133,1.00000,True,0.03008,50
kalba,2020-11-24,0,0,,,11,133,0.00000,False,,50
kalba,2020-11-25,133,0,1.88964,-0.17440,11,133,1.00000,True,0.00000,50
kalba,2020-11-26,124,8,2.79436,-0.06821,11,133,0.93233,True,0.06452,50
kalba,2020-11-27,130,4,2.30549,-0.10712,11,133,0.97744,True,0.03077,50
kalba,2020-11-28,86,0,0.43577,-0.25106,11,133,0.64662,True,0.00000,50
kalba,2020-11-29,0,0,,,11,133,0.00000,False,,50
kalba,2020-11-30,0,0,,,11,133,0.00000,False,,50
kalba,2020-12-01,133,0,1.97170,-0.11241,12,133,1.00000,True,0.00000,50
kalba,2020-12-02,132,0,1.85665,-0.12013,12,133,0.99248,True,0.00000,50
kalba,2020-12-03,133,41,4.33616,0.05768,12,133,1.00000,True,0.30827,50
kalba,2020-12-04,0,0,,,12,133,0.00000,False,,50
kalba,2020-12-05,133,7,2.86168,-0.05586,12,133,1.00000,True,0.05263,50
kalba,2020-12-06,128,0,1.53232,-0.13509,12,133,0.96241,True,0.00000,50
kalba,2020-12-07,132,0,1.46791,-0.19257,12,133,0.99248,True,0.00000,50
kalba,2020-12-08,0,0,,,12,133,0.00000,False,,50
kalba,2020-12-09,133,0,1.14283,-0.25298,12,133,1.00000,True,0.00000,50
kalba,2020-12-10,126,0,0.77610,-0.27480,12,133,0.94737,True,0.00000,50
kalba,2020-12-11,125,0,1.60015,-0.17371,12,133,0.93985,True,0.00000,50
kalba,2020-12-12,0,0,,,12,133,0.00000,False,,50
kalba,2020-12-13,130,0,0.72206,-0.31998,12,133,0.97744,True,0.00000,50
kalba,2020-12-14,0,0,,,12,133,0.00000,False,,50
kalba,2020-12-15,133,5,2.70709,-0.11143,12,133,1.00000,True,0.03759,50
kalba,2020-12-16,133,0,1.79006,-0.13582,12,133,1.00000,True,0.00000,50
kalba,2020-12-17,125,0,1.44016,-0.24645,12,133,0.93985,True,0.00000,50
kalba,2020-12-18,132,1,2.23696,-0.18808,12,133,0.99248,True,0.00758,50
kalba,2020-12-19,127,10,2.81742,-0.04305,12,133,0.95489,True,0.07874,50
kalba,2020-12-20,95,2,2.50798,-0.20391,12,133,0.71429,True,0.02105,50
kalba,2020-12-21,133,0,1.31469,-0.19578,12,133,1.00000,True,0.00000,50
kalba,2020-12-22,0,0,,,12,133,0.00000,False,,50
kalba,2020-12-23,131,0,1.40088,-0.13254,12,133,0.98496,True,0.00000,50
kalba,2020-12-24,133,0,0.59886,-0.23183,12,133,1.00000,True,0.00000,50
kalba,2020-12-25,0,0,,,12,133,0.00000,False,,50
kalba,2020-12-26,101,0,0.71565,-0.32795,12,133,0.75940,True,0.00000,50
kalba,2020-12-27,0,0,,,12,133,0.00000,False,,50
kalba,2020-12-28,0,0,,,12,133,0.00000,False,,50
kalba,2020-12-29,132,0,1.12647,-0.17990,12,133,0.99248,True,0.00000,50
kalba,2020-12-30,132,2,2.17435,-0.18684,12,133,0.99248,True,0.01515,50
kalba,2020-12-31,0,0,,,12,133,0.00000,False,,50
kalba,2021-01-01,0,0,,,1,133,0.00000,False,,50
kalba,2021-01-02,0,0,,,1,133,0.00000,False,,50
kalba,2021-01-03,0,0,,,1,133,0.00000,False,,50
kalba,2021-01-04,0,0,,,1,133,0.00000,False,,50
kalba,2021-01-05,0,0,,,1,133,0.00000,False,,50
kalba,2021-01-06,0,0,,,1,133,0.00000,False,,50
kalba,2021-01-07,0,0,,,1,133,0.00000,False,,50
kalba,2021-01-08,0,0,,,1,133,0.00000,False,,50
kalba,2021-01-09,0,0,,,1,133,0.00000,False,,50
kalba,2021-01-10,0,0,,,1,133,0.00000,False,,50
kalba,2021-01-11,0,0,,,1,133,0.00000,False,,50
kalba,2021-01-12,0,0,,,1,133,0.00000,False,,50
kalba,2021-01-13,0,0,,,1,133,0.00000,False,,50
kalba,2021-01-14,0,0,,,1,133,0.00000,False,,50
kalba,2021-01-15,0,0,,,1,133,0.00000,False,,50
kalba,2021-01-16,0,0,,,1,133,0.00000,False,,50
kalba,2021-01-17,0,0,,,1,133,0.00000,False,,50
kalba,2021-01-18,0,0,,,1,133,0.00000,False,,50
kalba,2021-01-19,0,0,,,1,133,0.00000,False,,50
kalba,2021-01-20,0,0,,,1,133,0.00000,False,,50
kalba,2021-01-21,0,0,,,1,133,0.00000,False,,50
kalba,2021-01-22,0,0,,,1,133,0.00000,False,,50
kalba,2021-01-23,0,0,,,1,133,0.00000,False,,50
kalba,2021-01-24,0,0,,,1,133,0.00000,False,,50
kalba,2021-01-25,0,0,,,1,133,0.00000,False,,50
kalba,2021-01-26,0,0,,,1,133,0.00000,False,,50
kalba,2021-01-27,0,0,,,1,133,0.00000,False,,50
kalba,2021-01-28,0,0,,,1,133,0.00000,False,,50
kalba,2021-01-29,0,0,,,1,133,0.00000,False,,50
kalba,2021-01-30,0,0,,,1,133,0.00000,False,,50
kalba,2021-01-31,0,0,,,1,133,0.00000,False,,50
kalba,2021-02-01,0,0,,,2,133,0.00000,False,,50
kalba,2021-02-02,0,0,,,2,133,0.00000,False,,50
kalba,2021-02-03,0,0,,,2,133,0.00000,False,,50
kalba,2021-02-04,0,0,,,2,133,0.00000,False,,50
kalba,2021-02-05,0,0,,,2,133,0.00000,False,,50
kalba,2021-02-06,0,0,,,2,133,0.00000,False,,50
kalba,2021-02-07,0,0,,,2,133,0.00000,False,,50
kalba,2021-02-08,0,0,,,2,133,0.00000,False,,50
kalba,2021-02-09,0,0,,,2,133,0.00000,False,,50
kalba,2021-02-10,0,0,,,2,133,0.00000,False,,50
kalba,2021-02-11,0,0,,,2,133,0.00000,False,,50
kalba,2021-02-12,0,0,,,2,133,0.00000,False,,50
kalba,2021-02-13,0,0,,,2,133,0.00000,False,,50
kalba,2021-02-14,0,0,,,2,133,0.00000,False,,50
kalba,2021-02-15,0,0,,,2,133,0.00000,False,,50
kalba,2021-02-16,0,0,,,2,133,0.00000,False,,50
kalba,2021-02-17,0,0,,,2,133,0.00000,False,,50
kalba,2021-02-18,0,0,,,2,133,0.00000,False,,50
kalba,2021-02-19,0,0,,,2,133,0.00000,False,,50
kalba,2021-02-20,0,0,,,2,133,0.00000,False,,50
kalba,2021-02-21,0,0,,,2,133,0.00000,False,,50
kalba,2021-02-22,0,0,,,2,133,0.00000,False,,50
kalba,2021-02-23,0,0,,,2,133,0.00000,False,,50
kalba,2021-02-24,0,0,,,2,133,0.00000,False,,50
kalba,2021-02-25,0,0,,,2,133,0.00000,False,,50
kalba,2021-02-26,0,0,,,2,133,0.00000,False,,50
kalba,2021-02-27,0,0,,,2,133,0.00000,False,,50
kalba,2021-02-28,0,0,,,2,133,0.00000,False,,50
kalba,2021-03-01,0,0,,,3,133,0.00000,False,,50
kalba,2021-03-02,0,0,,,3,133,0.00000,False,,50
kalba,2021-03-03,0,0,,,3,133,0.00000,False,,50
kalba,2021-03-04,132,4,2.71964,0.44464,3,133,0.99248,True,0.03030,50
kalba,2021-03-05,64,8,3.16570,0.53428,3,133,0.48120,True,0.12500,50
kalba,2021-03-06,133,1,2.00576,0.29309,3,133,1.00000,True,0.00752,50
kalba,2021-03-07,10,1,2.10139,0.78425,3,133,0.07519,False,,50
kalba,2021-03-08,133,0,1.79180,0.16890,3,133,1.00000,True,0.00000,50
kalba,2021-03-09,117,0,1.93316,-0.26194,3,133,0.87970,True,0.00000,50
kalba,2021-03-10,0,0,,,3,133,0.00000,False,,50
kalba,2021-03-11,0,0,,,3,133,0.00000,False,,50
kalba,2021-03-12,130,0,-0.61300,-0.19752,3,133,0.97744,True,0.00000,50
kalba,2021-03-13,105,0,-0.67198,-0.25125,3,133,0.78947,True,0.00000,50
kalba,2021-03-14,0,0,,,3,133,0.00000,False,,50
kalba,2021-03-15,63,4,2.77262,-0.23154,3,133,0.47368,True,0.06349,50
kalba,2021-03-16,0,0,,,3,133,0.00000,False,,50
kalba,2021-03-17,0,0,,,3,133,0.00000,False,,50
kalba,2021-03-18,0,0,,,3,133,0.00000,False,,50
kalba,2021-03-19,120,0,0.52449,-0.05118,3,133,0.90226,True,0.00000,50
kalba,2021-03-20,41,0,-0.62650,-0.18365,3,133,0.30827,True,0.00000,50
kalba,2021-03-21,132,0,1.83344,0.32196,3,133,0.99248,True,0.00000,50
kalba,2021-03-22,0,0,,,3,133,0.00000,False,,50
kalba,2021-03-23,133,0,1.67427,0.30144,3,133,1.00000,True,0.00000,50
kalba,2021-03-24,132,0,1.93850,0.30834,3,133,0.99248,True,0.00000,50
kalba,2021-03-25,132,0,1.88920,0.40032,3,133,0.99248,True,0.00000,50
kalba,2021-03-26,0,0,,,3,133,0.00000,False,,50
kalba,2021-03-27,133,1,2.01422,0.24087,3,133,1.00000,True,0.00752,50
kalba,2021-03-28,132,0,1.03561,0.19700,3,133,0.99248,True,0.00000,50
kalba,2021-03-29,132,0,1.04037,0.21957,3,133,0.99248,True,0.00000,50
kalba,2021-03-30,0,0,,,3,133,0.00000,False,,50
kalba,2021-03-31,132,0,0.50549,0.00048,3,133,0.99248,True,0.00000,50
kalba,2021-04-01,132,0,1.82551,0.10373,4,133,0.99248,True,0.00000,50
kalba,2021-04-02,132,0,1.16919,0.11277,4,133,0.99248,True,0.00000,50
kalba,2021-04-03,0,0,,,4,133,0.00000,False,,50
kalba,2021-04-04,133,0,0.50702,-0.10744,4,133,1.00000,True,0.00000,50
kalba,2021-04-05,129,0,1.03679,-0.06348,4,133,0.96992,True,0.00000,50
kalba,2021-04-06,133,0,0.69165,-0.08184,4,133,1.00000,True,0.00000,50
kalba,2021-04-07,0,0,,,4,133,0.00000,False,,50
kalba,2021-04-08,131,0,0.53124,-0.19536,4,133,0.98496,True,0.00000,50
kalba,2021-04-09,133,0,-0.04940,-0.28923,4,133,1.00000,True,0.00000,50
kalba,2021-04-10,0,0,,,4,133,0.00000,False,,50
kalba,2021-04-11,0,0,,,4,133,0.00000,False,,50
kalba,2021-04-12,132,0,0.69610,-0.29022,4,133,0.99248,True,0.00000,50
kalba,2021-04-13,133,0,0.99622,-0.24908,4,133,1.00000,True,0.00000,50
kalba,2021-04-14,5,0,-1.32022,-0.47694,4,133,0.03759,False,,50
kalba,2021-04-15,17,0,-0.27277,-0.23765,4,133,0.12782,True,0.00000,50
kalba,2021-04-16,104,0,1.09203,-0.40398,4,133,0.78195,True,0.00000,50
kalba,2021-04-17,133,0,1.08092,-0.20822,4,133,1.00000,True,0.00000,50
kalba,2021-04-18,1,0,-0.50645,-0.12205,4,133,0.00752,False,,50
kalba,2021-04-19,133,0,1.82839,-0.23269,4,133,1.00000,True,0.00000,50
kalba,2021-04-20,132,0,1.79044,-0.22762,4,133,0.99248,True,0.00000,50
kalba,2021-04-21,0,0,,,4,133,0.00000,False,,50
kalba,2021-04-22,0,0,,,4,133,0.00000,False,,50
kalba,2021-04-23,133,0,1.06200,-0.30200,4,133,1.00000,True,0.00000,50
kalba,2021-04-24,131,0,0.62290,-0.35551,4,133,0.98496,True,0.00000,50
kalba,2021-04-25,132,0,0.29523,-0.37478,4,133,0.99248,True,0.00000,50
kalba,2021-04-26,0,0,,,4,133,0.00000,False,,50
kalba,2021-04-27,0,0,,,4,133,0.00000,False,,50
kalba,2021-04-28,102,3,2.34047,-0.42494,4,133,0.76692,True,0.02941,50
kalba,2021-04-29,118,0,0.12437,-0.33458,4,133,0.88722,True,0.00000,50
kalba,2021-04-30,0,0,,,4,133,0.00000,False,,50
kalba,2021-05-01,87,0,1.83599,-0.38005,5,133,0.65414,True,0.00000,50
kalba,2021-05-02,90,3,3.08993,-0.44082,5,133,0.67669,True,0.03333,50
kalba,2021-05-03,0,0,,,5,133,0.00000,False,,50
kalba,2021-05-04,0,0,,,5,133,0.00000,False,,50
kalba,2021-05-05,77,3,2.36090,-0.16882,5,133,0.57895,True,0.03896,50
kalba,2021-05-06,131,0,1.50467,-0.31857,5,133,0.98496,True,0.00000,50
kalba,2021-05-07,0,0,,,5,133,0.00000,False,,50
kalba,2021-05-08,0,0,,,5,133,0.00000,False,,50
kalba,2021-05-09,133,0,1.77153,-0.38271,5,133,1.00000,True,0.00000,50
kalba,2021-05-10,133,0,0.37916,-0.45469,5,133,1.00000,True,0.00000,50
kalba,2021-05-11,133,0,-0.31492,-0.45956,5,133,1.00000,True,0.00000,50
kalba,2021-05-12,13,6,2.54735,0.49519,5,133,0.09774,False,,50
kalba,2021-05-13,133,0,0.50764,-0.43555,5,133,1.00000,True,0.00000,50
kalba,2021-05-14,133,0,0.22442,-0.42569,5,133,1.00000,True,0.00000,50
kalba,2021-05-15,1,0,-1.26731,-0.60787,5,133,0.00752,False,,50
kalba,2021-05-16,69,0,1.85452,-0.37105,5,133,0.51880,True,0.00000,50
kalba,2021-05-17,111,0,1.50756,-0.54250,5,133,0.83459,True,0.00000,50
kalba,2021-05-18,133,0,0.72424,-0.43599,5,133,1.00000,True,0.00000,50
kalba,2021-05-19,0,0,,,5,133,0.00000,False,,50
kalba,2021-05-20,133,0,1.05915,-0.52546,5,133,1.00000,True,0.00000,50
kalba,2021-05-21,132,0,0.49919,-0.53436,5,133,0.99248,True,0.00000,50
kalba,2021-05-22,132,0,0.50775,-0.49111,5,133,0.99248,True,0.00000,50
kalba,2021-05-23,0,0,,,5,133,0.00000,False,,50
kalba,2021-05-24,52,1,2.01646,-0.55097,5,133,0.39098,True,0.01923,50
kalba,2021-05-25,27,0,-1.34803,-0.78055,5,133,0.20301,True,0.00000,50
kalba,2021-05-26,133,0,0.41610,-0.49595,5,133,1.00000,True,0.00000,50
kalba,2021-05-27,0,0,,,5,133,0.00000,False,,50
kalba,2021-05-28,131,0,0.30014,-0.50229,5,133,0.98496,True,0.00000,50
kalba,2021-05-29,27,2,2.15856,-0.28804,5,133,0.20301,True,0.07407,50
kalba,2021-05-30,0,0,,,5,133,0.00000,False,,50
kalba,2021-05-31,0,0,,,5,133,0.00000,False,,50
kalba,2021-06-01,132,0,1.07535,-0.53351,6,133,0.99248,True,0.00000,50
kalba,2021-06-02,133,0,0.79168,-0.62250,6,133,1.00000,True,0.00000,50
kalba,2021-06-03,133,0,1.04182,-0.55345,6,133,1.00000,True,0.00000,50
kalba,2021-06-04,0,0,,,6,133,0.00000,False,,50
kalba,2021-06-05,130,0,0.18967,-0.68845,6,133,0.97744,True,0.00000,50
kalba,2021-06-06,99,0,0.16873,-0.74088,6,133,0.74436,True,0.00000,50
kalba,2021-06-07,6,0,-0.84787,-0.73264,6,133,0.04511,False,,50
kalba,2021-06-08,3,0,1.45912,0.66285,6,133,0.02256,False,,50
kalba,2021-06-09,0,0,,,6,133,0.00000,False,,50
kalba,2021-06-10,120,1,2.06837,-0.54293,6,133,0.90226,True,0.00833,50
kalba,2021-06-11,0,0,,,6,133,0.00000,False,,50
kalba,2021-06-12,123,0,1.87014,-0.48524,6,133,0.92481,True,0.00000,50
kalba,2021-06-13,122,17,4.12245,-0.29668,6,133,0.91729,True,0.13934,50
kalba,2021-06-14,133,24,4.07944,-0.27406,6,133,1.00000,True,0.18045,50
kalba,2021-06-15,0,0,,,6,133,0.00000,False,,50
kalba,2021-06-16,133,3,2.75775,-0.53828,6,133,1.00000,True,0.02256,50
kalba,2021-06-17,133,0,1.74131,-0.67133,6,133,1.00000,True,0.00000,50
kalba,2021-06-18,55,0,0.72961,-0.70671,6,133,0.41353,True,0.00000,50
kalba,2021-06-19,0,0,,,6,133,0.00000,False,,50
kalba,2021-06-20,124,0,0.64014,-0.77364,6,133,0.93233,True,0.00000,50
kalba,2021-06-21,1,0,1.32020,0.78543,6,133,0.00752,False,,50
kalba,2021-06-22,27,0,-0.26359,-0.54724,6,133,0.20301,True,0.00000,50
kalba,2021-06-23,0,0,,,6,133,0.00000,False,,50
kalba,2021-06-24,133,9,3.14936,-0.64554,6,133,1.00000,True,0.06767,50
kalba,2021-06-25,0,0,,,6,133,0.00000,False,,50
kalba,2021-06-26,133,5,3.59424,-0.66195,6,133,1.00000,True,0.03759,50
kalba,2021-06-27,0,0,,,6,133,0.00000,False,,50
kalba,2021-06-28,0,0,,,6,133,0.00000,False,,50
kalba,2021-06-29,0,0,,,6,133,0.00000,False,,50
kalba,2021-06-30,0,0,,,6,133,0.00000,False,,50
kalba,2021-07-01,0,0,,,7,132,0.00000,False,,50
kalba,2021-07-02,0,0,,,7,132,0.00000,False,,50
kalba,2021-07-03,132,0,1.01763,-0.50061,7,132,1.00000,True,0.00000,50
kalba,2021-07-04,0,0,,,7,132,0.00000,False,,50
kalba,2021-07-05,0,0,,,7,132,0.00000,False,,50
kalba,2021-07-06,0,0,,,7,132,0.00000,False,,50
kalba,2021-07-07,8,0,1.21015,0.61778,7,132,0.06061,False,,50
kalba,2021-07-08,0,0,,,7,132,0.00000,False,,50
kalba,2021-07-09,132,0,1.76422,-0.27088,7,132,1.00000,True,0.00000,50
kalba,2021-07-10,0,0,,,7,132,0.00000,False,,50
kalba,2021-07-11,96,0,-1.59856,-0.96701,7,132,0.72727,True,0.00000,50
kalba,2021-07-12,0,0,,,7,132,0.00000,False,,50
kalba,2021-07-13,2,0,1.35567,0.16476,7,132,0.01515,False,,50
kalba,2021-07-14,0,0,,,7,132,0.00000,False,,50
kalba,2021-07-15,55,10,2.77624,-0.14885,7,132,0.41667,True,0.18182,50
kalba,2021-07-16,0,0,,,7,132,0.00000,False,,50
kalba,2021-07-17,94,0,1.01532,-0.49016,7,132,0.71212,True,0.00000,50
kalba,2021-07-18,97,3,2.77985,-0.35187,7,132,0.73485,True,0.03093,50
kalba,2021-07-19,130,7,2.35402,-0.25928,7,132,0.98485,True,0.05385,50
kalba,2021-07-20,0,0,,,7,132,0.00000,False,,50
kalba,2021-07-21,4,0,1.57769,-0.14091,7,132,0.03030,False,,50
kalba,2021-07-22,82,2,2.24046,-0.26572,7,132,0.62121,True,0.02439,50
kalba,2021-07-23,132,26,3.33955,-0.07419,7,132,1.00000,True,0.19697,50
kalba,2021-07-24,0,0,,,7,132,0.00000,False,,50
kalba,2021-07-25,20,6,3.39440,-0.30492,7,132,0.15152,True,0.30000,50
kalba,2021-07-26,132,18,2.89310,-0.16030,7,132,1.00000,True,0.13636,50
kalba,2021-07-27,131,23,3.21466,-0.10047,7,132,0.99242,True,0.17557,50
kalba,2021-07-28,0,0,,,7,132,0.00000,False,,50
kalba,2021-07-29,0,0,,,7,132,0.00000,False,,50
kalba,2021-07-30,0,0,,,7,132,0.00000,False,,50
kalba,2021-07-31,0,0,,,7,132,0.00000,False,,50
kalba,2021-08-01,17,1,2.06432,0.42283,8,133,0.12782,True,0.05882,50
kalba,2021-08-02,123,36,3.38221,0.27657,8,133,0.92481,True,0.29268,50
kalba,2021-08-03,107,26,3.64303,0.22992,8,133,0.80451,True,0.24299,50
kalba,2021-08-04,0,0,,,8,133,0.00000,False,,50
kalba,2021-08-05,131,0,1.78069,0.07206,8,133,0.98496,True,0.00000,50
kalba,2021-08-06,129,0,1.32572,-0.08889,8,133,0.96992,True,0.00000,50
kalba,2021-08-07,133,1,2.11976,0.01289,8,133,1.00000,True,0.00752,50
kalba,2021-08-08,0,0,,,8,133,0.00000,False,,50
kalba,2021-08-09,31,0,1.08103,-0.35906,8,133,0.23308,True,0.00000,50
kalba,2021-08-10,0,0,,,8,133,0.00000,False,,50
kalba,2021-08-11,5,0,1.62294,0.38837,8,133,0.03759,False,,50
kalba,2021-08-12,0,0,,,8,133,0.00000,False,,50
kalba,2021-08-13,121,30,3.11293,0.20167,8,133,0.90977,True,0.24793,50
kalba,2021-08-14,8,0,1.74702,0.67323,8,133,0.06015,False,,50
kalba,2021-08-15,28,0,1.33470,-0.06869,8,133,0.21053,True,0.00000,50
kalba,2021-08-16,0,0,,,8,133,0.00000,False,,50
kalba,2021-08-17,0,0,,,8,133,0.00000,False,,50
kalba,2021-08-18,0,0,,,8,133,0.00000,False,,50
kalba,2021-08-19,0,0,,,8,133,0.00000,False,,50
kalba,2021-08-20,0,0,,,8,133,0.00000,False,,50
kalba,2021-08-21,125,48,3.04336,0.05930,8,133,0.93985,True,0.38400,50
kalba,2021-08-22,123,6,2.85901,0.07218,8,133,0.92481,True,0.04878,50
kalba,2021-08-23,20,5,2.35369,0.16370,8,133,0.15038,True,0.25000,50
kalba,2021-08-24,11,2,2.17292,0.70472,8,133,0.08271,False,,50
kalba,2021-08-25,0,0,,,8,133,0.00000,False,,50
kalba,2021-08-26,133,0,1.25837,-0.11267,8,133,1.00000,True,0.00000,50
kalba,2021-08-27,0,0,,,8,133,0.00000,False,,50
kalba,2021-08-28,49,10,2.90749,0.37288,8,133,0.36842,True,0.20408,50
kalba,2021-08-29,63,6,2.57421,-0.21417,8,133,0.47368,True,0.09524,50
kalba,2021-08-30,125,0,1.31287,-0.39696,8,133,0.93985,True,0.00000,50
kalba,2021-08-31,0,0,,,8,133,0.00000,False,,50
kalba,2021-09-01,133,28,3.11829,-0.12567,9,133,1.00000,True,0.21053,50
kalba,2021-09-02,119,29,2.72412,-0.14715,9,133,0.89474,True,0.24370,50
kalba,2021-09-03,133,12,2.55503,-0.17687,9,133,1.00000,True,0.09023,50
kalba,2021-09-04,0,0,,,9,133,0.00000,False,,50
kalba,2021-09-05,131,0,1.42657,-0.41755,9,133,0.98496,True,0.00000,50
kalba,2021-09-06,71,0,1.44015,-0.41379,9,133,0.53383,True,0.00000,50
kalba,2021-09-07,82,0,1.76196,-0.58664,9,133,0.61654,True,0.00000,50
kalba,2021-09-08,0,0,,,9,133,0.00000,False,,50
kalba,2021-09-09,115,0,1.36392,-0.65958,9,133,0.86466,True,0.00000,50
kalba,2021-09-10,121,0,0.76971,-0.63773,9,133,0.90977,True,0.00000,50
kalba,2021-09-11,133,0,1.11726,-0.68759,9,133,1.00000,True,0.00000,50
kalba,2021-09-12,0,0,,,9,133,0.00000,False,,50
kalba,2021-09-13,133,3,2.32890,-0.50996,9,133,1.00000,True,0.02256,50
kalba,2021-09-14,133,0,1.19717,-0.54924,9,133,1.00000,True,0.00000,50
kalba,2021-09-15,132,0,1.99289,-0.54134,9,133,0.99248,True,0.00000,50
kalba,2021-09-16,5,2,2.17581,0.79685,9,133,0.03759,False,,50
kalba,2021-09-17,133,3,2.16210,-0.40432,9,133,1.00000,True,0.02256,50
kalba,2021-09-18,133,0,1.83441,-0.50506,9,133,1.00000,True,0.00000,50
kalba,2021-09-19,103,0,0.80797,-0.50870,9,133,0.77444,True,0.00000,50
kalba,2021-09-20,66,4,3.02117,-0.40817,9,133,0.49624,True,0.06061,50
kalba,2021-09-21,106,1,2.19353,-0.52035,9,133,0.79699,True,0.00943,50
kalba,2021-09-22,133,1,2.07210,-0.56086,9,133,1.00000,True,0.00752,50
kalba,2021-09-23,118,4,3.00872,-0.61033,9,133,0.88722,True,0.03390,50
kalba,2021-09-24,115,5,3.10054,-0.52447,9,133,0.86466,True,0.04348,50
kalba,2021-09-25,104,0,1.82107,-0.42348,9,133,0.78195,True,0.00000,50
kalba,2021-09-26,132,0,1.96213,-0.38339,9,133,0.99248,True,0.00000,50
kalba,2021-09-27,1,0,-1.22681,-0.72315,9,133,0.00752,False,,50
kalba,2021-09-28,133,11,3.99804,-0.23818,9,133,1.00000,True,0.08271,50
kalba,2021-09-29,132,7,4.15038,-0.28088,9,133,0.99248,True,0.05303,50
kalba,2021-09-30,128,13,3.33924,-0.36832,9,133,0.96241,True,0.10156,50
kalba,2021-10-01,0,0,,,10,133,0.00000,False,,50
kalba,2021-10-02,124,16,4.64414,-0.25213,10,133,0.93233,True,0.12903,50
kalba,2021-10-03,0,0,,,10,133,0.00000,False,,50
kalba,2021-10-04,0,0,,,10,133,0.00000,False,,50
kalba,2021-10-05,0,0,,,10,133,0.00000,False,,50
kalba,2021-10-06,96,16,3.61665,-0.14592,10,133,0.72180,True,0.16667,50
kalba,2021-10-07,133,45,3.82485,-0.11050,10,133,1.00000,True,0.33835,50
kalba,2021-10-08,133,58,4.47577,-0.07435,10,133,1.00000,True,0.43609,50
kalba,2021-10-09,13,7,2.48540,0.67367,10,133,0.09774,False,,50
kalba,2021-10-10,132,6,3.42974,-0.36013,10,133,0.99248,True,0.04545,50
kalba,2021-10-11,133,18,3.40485,-0.22959,10,133,1.00000,True,0.13534,50
kalba,2021-10-12,132,33,4.17605,-0.13931,10,133,0.99248,True,0.25000,50
kalba,2021-10-13,31,5,3.15262,-0.12438,10,133,0.23308,True,0.16129,50
kalba,2021-10-14,133,9,3.13142,-0.21426,10,133,1.00000,True,0.06767,50
kalba,2021-10-15,133,0,1.65183,-0.32209,10,133,1.00000,True,0.00000,50
kalba,2021-10-16,133,20,3.47018,-0.15788,10,133,1.00000,True,0.15038,50
kalba,2021-10-17,133,5,2.87305,-0.31919,10,133,1.00000,True,0.03759,50
kalba,2021-10-18,132,15,3.81679,-0.24779,10,133,0.99248,True,0.11364,50
kalba,2021-10-19,0,0,,,10,133,0.00000,False,,50
kalba,2021-10-20,132,11,4.34663,-0.27637,10,133,0.99248,True,0.08333,50
kalba,2021-10-21,130,8,3.28025,-0.35917,10,133,0.97744,True,0.06154,50
kalba,2021-10-22,123,0,1.88274,-0.46160,10,133,0.92481,True,0.00000,50
kalba,2021-10-23,131,6,3.79616,-0.33377,10,133,0.98496,True,0.04580,50
kalba,2021-10-24,0,0,,,10,133,0.00000,False,,50
kalba,2021-10-25,132,17,3.69982,-0.20454,10,133,0.99248,True,0.12879,50
kalba,2021-10-26,122,3,3.16107,-0.40162,10,133,0.91729,True,0.02459,50
kalba,2021-10-27,119,1,3.26071,-0.44619,10,133,0.89474,True,0.00840,50
kalba,2021-10-28,0,0,,,10,133,0.00000,False,,50
kalba,2021-10-29,132,11,3.79635,-0.28143,10,133,0.99248,True,0.08333,50
kalba,2021-10-30,133,14,3.43015,-0.24144,10,133,1.00000,True,0.10526,50
kalba,2021-10-31,0,0,,,10,133,0.00000,False,,50
kalba,2021-11-01,0,0,,,11,133,0.00000,False,,50
kalba,2021-11-02,132,2,2.04827,-0.12065,11,133,0.99248,True,0.01515,50
kalba,2021-11-03,133,1,2.04326,-0.12791,11,133,1.00000,True,0.00752,50
kalba,2021-11-04,133,0,1.69756,-0.14532,11,133,1.00000,True,0.00000,50
kalba,2021-11-05,132,0,1.06252,-0.18246,11,133,0.99248,True,0.00000,50
kalba,2021-11-06,133,0,1.35123,-0.17676,11,133,1.00000,True,0.00000,50
kalba,2021-11-07,131,0,0.60038,-0.26230,11,133,0.98496,True,0.00000,50
kalba,2021-11-08,105,0,0.61377,-0.36570,11,133,0.78947,True,0.00000,50
kalba,2021-11-09,133,0,1.78759,-0.15587,11,133,1.00000,True,0.00000,50
kalba,2021-11-10,133,0,1.89644,-0.08017,11,133,1.00000,True,0.00000,50
kalba,2021-11-11,133,1,2.02162,-0.09250,11,133,1.00000,True,0.00752,50
kalba,2021-11-12,0,0,,,11,133,0.00000,False,,50
kalba,2021-11-13,132,30,2.94898,0.11884,11,133,0.99248,True,0.22727,50
kalba,2021-11-14,133,0,1.91693,0.00301,11,133,1.00000,True,0.00000,50
kalba,2021-11-15,133,0,1.96914,-0.02206,11,133,1.00000,True,0.00000,50
kalba,2021-11-16,131,33,3.08640,0.12310,11,133,0.98496,True,0.25191,50
kalba,2021-11-17,128,0,1.85485,-0.06483,11,133,0.96241,True,0.00000,50
kalba,2021-11-18,90,14,3.36270,-0.12404,11,133,0.67669,True,0.15556,50
kalba,2021-11-19,133,71,5.18090,0.18367,11,133,1.00000,True,0.53383,50
kalba,2021-11-20,0,0,,,11,133,0.00000,False,,50
kalba,2021-11-21,133,24,2.92181,-0.01923,11,133,1.00000,True,0.18045,50
kalba,2021-11-22,132,12,3.04202,-0.03834,11,133,0.99248,True,0.09091,50
kalba,2021-11-23,132,36,3.68688,0.08037,11,133,0.99248,True,0.27273,50
kalba,2021-11-24,0,0,,,11,133,0.00000,False,,50
kalba,2021-11-25,133,2,2.00400,-0.04184,11,133,1.00000,True,0.01504,50
kalba,2021-11-26,133,0,1.78322,-0.11332,11,133,1.00000,True,0.00000,50
kalba,2021-11-27,133,23,2.76288,0.10723,11,133,1.00000,True,0.17293,50
kalba,2021-11-28,0,0,,,11,133,0.00000,False,,50
kalba,2021-11-29,122,0,1.38885,-0.25730,11,133,0.91729,True,0.00000,50
kalba,2021-11-30,98,1,2.10133,-0.41296,11,133,0.73684,True,0.01020,50
kalba,2021-12-01,133,2,2.79046,-0.19454,12,133,1.00000,True,0.01504,50
kalba,2021-12-02,133,2,2.11565,-0.03955,12,133,1.00000,True,0.01504,50
kalba,2021-12-03,132,0,1.72885,-0.12873,12,133,0.99248,True,0.00000,50
kalba,2021-12-04,133,1,2.07692,-0.05567,12,133,1.00000,True,0.00752,50
kalba,2021-12-05,127,1,2.04650,-0.22965,12,133,0.95489,True,0.00787,50
kalba,2021-12-06,133,0,1.69104,-0.14047,12,133,1.00000,True,0.00000,50
kalba,2021-12-07,133,0,1.82907,-0.20159,12,133,1.00000,True,0.00000,50
kalba,2021-12-08,133,4,2.50757,-0.09886,12,133,1.00000,True,0.03008,50
kalba,2021-12-09,132,36,4.11298,0.01458,12,133,0.99248,True,0.27273,50
kalba,2021-12-10,105,5,2.77876,-0.30913,12,133,0.78947,True,0.04762,50
kalba,2021-12-11,122,6,3.09571,-0.24566,12,133,0.91729,True,0.04918,50
kalba,2021-12-12,0,0,,,12,133,0.00000,False,,50
kalba,2021-12-13,131,0,0.26251,-0.40534,12,133,0.98496,True,0.00000,50
kalba,2021-12-14,133,3,2.37335,-0.09485,12,133,1.00000,True,0.02256,50
kalba,2021-12-15,133,1,2.16932,-0.18323,12,133,1.00000,True,0.00752,50
kalba,2021-12-16,34,3,2.25705,-0.22910,12,133,0.25564,True,0.08824,50
kalba,2021-12-17,0,0,,,12,133,0.00000,False,,50
kalba,2021-12-18,85,4,3.01660,-0.22892,12,133,0.63910,True,0.04706,50
kalba,2021-12-19,128,0,1.96381,-0.31002,12,133,0.96241,True,0.00000,50
kalba,2021-12-20,131,2,2.29197,-0.19291,12,133,0.98496,True,0.01527,50
kalba,2021-12-21,0,0,,,12,133,0.00000,False,,50
kalba,2021-12-22,133,1,2.13938,-0.11953,12,133,1.00000,True,0.00752,50
kalba,2021-12-23,133,5,3.43565,-0.08011,12,133,1.00000,True,0.03759,50
kalba,2021-12-24,132,11,3.49279,-0.05415,12,133,0.99248,True,0.08333,50
kalba,2021-12-25,0,0,,,12,133,0.00000,False,,50
kalba,2021-12-26,128,22,3.86094,-0.13403,12,133,0.96241,True,0.17188,50
kalba,2021-12-27,72,6,3.08107,-0.22427,12,133,0.54135,True,0.08333,50
kalba,2021-12-28,133,5,3.46201,-0.21835,12,133,1.00000,True,0.03759,50
kalba,2021-12-29,65,3,3.21690,-0.33891,12,133,0.48872,True,0.04615,50
kalba,2021-12-30,13,0,0.85514,-0.49237,12,133,0.09774,False,,50
kalba,2021-12-31,50,0,0.25966,-0.50286,12,133,0.37594,True,0.00000,50
alraha,2019-01-01,23,1,2.02453,0.86983,1,28,0.82143,True,0.04348,25
alraha,2019-01-02,0,0,,,1,28,0.00000,False,,25
alraha,2019-01-03,0,0,,,1,28,0.00000,False,,25
alraha,2019-01-04,23,0,1.85016,0.81552,1,28,0.82143,True,0.00000,25
alraha,2019-01-05,20,0,1.53041,0.81167,1,28,0.71429,True,0.00000,25
alraha,2019-01-06,0,0,,,1,28,0.00000,False,,25
alraha,2019-01-07,0,0,,,1,28,0.00000,False,,25
alraha,2019-01-08,6,0,1.53835,0.72693,1,28,0.21429,True,0.00000,25
alraha,2019-01-09,12,1,2.09809,0.75914,1,28,0.42857,True,0.08333,25
alraha,2019-01-10,0,0,,,1,28,0.00000,False,,25
alraha,2019-01-11,0,0,,,1,28,0.00000,False,,25
alraha,2019-01-12,3,0,-0.20862,0.75893,1,28,0.10714,True,0.00000,25
alraha,2019-01-13,13,0,1.17001,0.71893,1,28,0.46429,True,0.00000,25
alraha,2019-01-14,0,0,,,1,28,0.00000,False,,25
alraha,2019-01-15,0,0,,,1,28,0.00000,False,,25
alraha,2019-01-16,27,0,1.37723,0.82546,1,28,0.96429,True,0.00000,25
alraha,2019-01-17,10,0,1.68184,0.79632,1,28,0.35714,True,0.00000,25
alraha,2019-01-18,0,0,,,1,28,0.00000,False,,25
alraha,2019-01-19,3,0,0.16384,0.57143,1,28,0.10714,True,0.00000,25
alraha,2019-01-20,17,0,1.35298,0.73477,1,28,0.60714,True,0.00000,25
alraha,2019-01-21,0,0,,,1,28,0.00000,False,,25
alraha,2019-01-22,0,0,,,1,28,0.00000,False,,25
alraha,2019-01-23,13,0,0.90664,0.65692,1,28,0.46429,True,0.00000,25
alraha,2019-01-24,8,0,0.59009,0.74381,1,28,0.28571,True,0.00000,25
alraha,2019-01-25,0,0,,,1,28,0.00000,False,,25
alraha,2019-01-26,0,0,,,1,28,0.00000,False,,25
alraha,2019-01-27,22,2,2.47113,0.81168,1,28,0.78571,True,0.09091,25
alraha,2019-01-28,4,1,2.86227,0.86016,1,28,0.14286,True,0.25000,25
alraha,2019-01-29,0,0,,,1,28,0.00000,False,,25
alraha,2019-01-30,0,0,,,1,28,0.00000,False,,25
alraha,2019-01-31,24,0,1.01257,0.79606,1,28,0.85714,True,0.00000,25
alraha,2019-02-01,17,0,1.44337,0.85894,2,25,0.68000,True,0.00000,25
alraha,2019-02-02,0,0,,,2,25,0.00000,False,,25
alraha,2019-02-03,0,0,,,2,25,0.00000,False,,25
alraha,2019-02-04,1,0,-4.27440,-0.11352,2,25,0.04000,False,,25
alraha,2019-02-05,14,0,1.39045,0.75259,2,25,0.56000,True,0.00000,25
alraha,2019-02-06,0,0,,,2,25,0.00000,False,,25
alraha,2019-02-07,0,0,,,2,25,0.00000,False,,25
alraha,2019-02-08,24,1,2.84708,0.82530,2,25,0.96000,True,0.04167,25
alraha,2019-02-09,10,3,2.86303,0.86141,2,25,0.40000,True,0.30000,25
alraha,2019-02-10,0,0,,,2,25,0.00000,False,,25
alraha,2019-02-11,0,0,,,2,25,0.00000,False,,25
alraha,2019-02-12,0,0,,,2,25,0.00000,False,,25
alraha,2019-02-13,3,0,0.96197,0.50394,2,25,0.12000,True,0.00000,25
alraha,2019-02-14,0,0,,,2,25,0.00000,False,,25
alraha,2019-02-15,7,0,1.20160,0.48940,2,25,0.28000,True,0.00000,25
alraha,2019-02-16,0,0,,,2,25,0.00000,False,,25
alraha,2019-02-17,0,0,,,2,25,0.00000,False,,25
alraha,2019-02-18,0,0,,,2,25,0.00000,False,,25
alraha,2019-02-19,2,0,0.90556,0.51061,2,25,0.08000,False,,25
alraha,2019-02-20,20,0,1.88488,0.68799,2,25,0.80000,True,0.00000,25
alraha,2019-02-21,0,0,,,2,25,0.00000,False,,25
alraha,2019-02-22,0,0,,,2,25,0.00000,False,,25
alraha,2019-02-23,2,0,1.07901,0.63279,2,25,0.08000,False,,25
alraha,2019-02-24,5,0,0.18949,0.72835,2,25,0.20000,True,0.00000,25
alraha,2019-02-25,0,0,,,2,25,0.00000,False,,25
alraha,2019-02-26,0,0,,,2,25,0.00000,False,,25
alraha,2019-02-27,19,0,1.32890,0.74213,2,25,0.76000,True,0.00000,25
alraha,2019-02-28,0,0,,,2,25,0.00000,False,,25
alraha,2019-03-01,0,0,,,3,25,0.00000,False,,25
alraha,2019-03-02,0,0,,,3,25,0.00000,False,,25
alraha,2019-03-03,0,0,,,3,25,0.00000,False,,25
alraha,2019-03-04,13,0,1.32324,0.75656,3,25,0.52000,True,0.00000,25
alraha,2019-03-05,0,0,,,3,25,0.00000,False,,25
alraha,2019-03-06,0,0,,,3,25,0.00000,False,,25
alraha,2019-03-07,11,0,0.23317,0.55921,3,25,0.44000,True,0.00000,25
alraha,2019-03-08,7,0,0.49993,0.48092,3,25,0.28000,True,0.00000,25
alraha,2019-03-09,0,0,,,3,25,0.00000,False,,25
alraha,2019-03-10,0,0,,,3,25,0.00000,False,,25
alraha,2019-03-11,2,0,-0.82391,0.71183,3,25,0.08000,False,,25
alraha,2019-03-12,13,0,0.57326,0.75532,3,25,0.52000,True,0.00000,25
alraha,2019-03-13,0,0,,,3,25,0.00000,False,,25
alraha,2019-03-14,0,0,,,3,25,0.00000,False,,25
alraha,2019-03-15,0,0,,,3,25,0.00000,False,,25
alraha,2019-03-16,0,0,,,3,25,0.00000,False,,25
alraha,2019-03-17,0,0,,,3,25,0.00000,False,,25
alraha,2019-03-18,0,0,,,3,25,0.00000,False,,25
alraha,2019-03-19,22,0,1.93380,0.74472,3,25,0.88000,True,0.00000,25
alraha,2019-03-20,0,0,,,3,25,0.00000,False,,25
alraha,2019-03-21,11,0,0.58314,0.69685,3,25,0.44000,True,0.00000,25
alraha,2019-03-22,9,0,0.77527,0.69029,3,25,0.36000,True,0.00000,25
alraha,2019-03-23,0,0,,,3,25,0.00000,False,,25
alraha,2019-03-24,0,0,,,3,25,0.00000,False,,25
alraha,2019-03-25,0,0,,,3,25,0.00000,False,,25
alraha,2019-03-26,5,0,1.52670,0.69116,3,25,0.20000,True,0.00000,25
alraha,2019-03-27,0,0,,,3,25,0.00000,False,,25
alraha,2019-03-28,0,0,,,3,25,0.00000,False,,25
alraha,2019-03-29,18,1,2.34791,0.82828,3,25,0.72000,True,0.05556,25
alraha,2019-03-30,0,0,,,3,25,0.00000,False,,25
alraha,2019-03-31,0,0,,,3,25,0.00000,False,,25
alraha,2019-04-01,0,0,,,4,25,0.00000,False,,25
alraha,2019-04-02,0,0,,,4,25,0.00000,False,,25
alraha,2019-04-03,0,0,,,4,25,0.00000,False,,25
alraha,2019-04-04,1,0,-1.03936,0.41066,4,25,0.04000,False,,25
alraha,2019-04-05,0,0,,,4,25,0.00000,False,,25
alraha,2019-04-06,0,0,,,4,25,0.00000,False,,25
alraha,2019-04-07,0,0,,,4,25,0.00000,False,,25
alraha,2019-04-08,0,0,,,4,25,0.00000,False,,25
alraha,2019-04-09,17,0,1.04230,0.82940,4,25,0.68000,True,0.00000,25
alraha,2019-04-10,0,0,,,4,25,0.00000,False,,25
alraha,2019-04-11,0,0,,,4,25,0.00000,False,,25
alraha,2019-04-12,0,0,,,4,25,0.00000,False,,25
alraha,2019-04-13,0,0,,,4,25,0.00000,False,,25
alraha,2019-04-14,21,0,1.71634,0.80487,4,25,0.84000,True,0.00000,25
alraha,2019-04-15,25,0,1.10533,0.84320,4,25,1.00000,True,0.00000,25
alraha,2019-04-16,0,0,,,4,25,0.00000,False,,25
alraha,2019-04-17,24,0,1.41391,0.88692,4,25,0.96000,True,0.00000,25
alraha,2019-04-18,15,0,1.97770,0.93629,4,25,0.60000,True,0.00000,25
alraha,2019-04-19,17,0,0.61063,0.91206,4,25,0.68000,True,0.00000,25
alraha,2019-04-20,0,0,,,4,25,0.00000,False,,25
alraha,2019-04-21,20,0,1.23937,0.82990,4,25,0.80000,True,0.00000,25
alraha,2019-04-22,12,0,1.19161,0.79843,4,25,0.48000,True,0.00000,25
alraha,2019-04-23,10,0,1.57276,0.70839,4,25,0.40000,True,0.00000,25
alraha,2019-04-24,0,0,,,4,25,0.00000,False,,25
alraha,2019-04-25,20,0,1.85656,0.88312,4,25,0.80000,True,0.00000,25
alraha,2019-04-26,12,0,1.76945,0.82452,4,25,0.48000,True,0.00000,25
alraha,2019-04-27,8,0,-0.83700,0.80542,4,25,0.32000,True,0.00000,25
alraha,2019-04-28,0,0,,,4,25,0.00000,False,,25
alraha,2019-04-29,12,0,-0.54220,0.82209,4,25,0.48000,True,0.00000,25
alraha,2019-04-30,19,0,1.35715,0.81680,4,25,0.76000,True,0.00000,25
alraha,2019-05-01,18,0,1.51341,0.92089,5,25,0.72000,True,0.00000,25
alraha,2019-05-02,0,0,,,5,25,0.00000,False,,25
alraha,2019-05-03,16,0,0.29168,0.90320,5,25,0.64000,True,0.00000,25
alraha,2019-05-04,19,0,0.61756,0.87964,5,25,0.76000,True,0.00000,25
alraha,2019-05-05,2,0,-1.73245,0.81458,5,25,0.08000,False,,25
alraha,2019-05-06,8,0,1.58131,0.79603,5,25,0.32000,True,0.00000,25
alraha,2019-05-07,21,0,1.29248,0.91024,5,25,0.84000,True,0.00000,25
alraha,2019-05-08,17,1,2.57794,0.93701,5,25,0.68000,True,0.05882,25
alraha,2019-05-09,0,0,,,5,25,0.00000,False,,25
alraha,2019-05-10,10,0,0.57089,0.74462,5,25,0.40000,True,0.00000,25
alraha,2019-05-11,18,0,0.70480,0.81963,5,25,0.72000,True,0.00000,25
alraha,2019-05-12,14,0,0.75197,0.89200,5,25,0.56000,True,0.00000,25
alraha,2019-05-13,0,0,,,5,25,0.00000,False,,25
alraha,2019-05-14,22,0,1.68490,0.92743,5,25,0.88000,True,0.00000,25
alraha,2019-05-15,14,1,3.42262,0.93797,5,25,0.56000,True,0.07143,25
alraha,2019-05-16,19,0,0.66516,0.90945,5,25,0.76000,True,0.00000,25
alraha,2019-05-17,0,0,,,5,25,0.00000,False,,25
alraha,2019-05-18,0,0,,,5,25,0.00000,False,,25
alraha,2019-05-19,0,0,,,5,25,0.00000,False,,25
alraha,2019-05-20,15,0,0.91688,0.75161,5,25,0.60000,True,0.00000,25
alraha,2019-05-21,0,0,,,5,25,0.00000,False,,25
alraha,2019-05-22,13,0,0.93897,0.79724,5,25,0.52000,True,0.00000,25
alraha,2019-05-23,2,0,1.69280,0.73903,5,25,0.08000,False,,25
alraha,2019-05-24,21,0,1.70454,0.94242,5,25,0.84000,True,0.00000,25
alraha,2019-05-25,0,0,,,5,25,0.00000,False,,25
alraha,2019-05-26,22,0,0.68024,0.87307,5,25,0.88000,True,0.00000,25
alraha,2019-05-27,8,0,0.75011,0.85652,5,25,0.32000,True,0.00000,25
alraha,2019-05-28,3,0,-0.49407,0.76575,5,25,0.12000,True,0.00000,25
alraha,2019-05-29,0,0,,,5,25,0.00000,False,,25
alraha,2019-05-30,0,0,,,5,25,0.00000,False,,25
alraha,2019-05-31,22,0,1.96623,0.95495,5,25,0.88000,True,0.00000,25
alraha,2019-06-01,16,0,1.58090,0.95220,6,25,0.64000,True,0.00000,25
alraha,2019-06-02,1,0,-0.71930,0.84814,6,25,0.04000,False,,25
alraha,2019-06-03,16,1,2.15213,0.89951,6,25,0.64000,True,0.06250,25
alraha,2019-06-04,13,0,1.63511,0.88976,6,25,0.52000,True,0.00000,25
alraha,2019-06-05,0,0,,,6,25,0.00000,False,,25
alraha,2019-06-06,13,0,1.89351,0.77886,6,25,0.52000,True,0.00000,25
alraha,2019-06-07,23,1,2.03638,0.91442,6,25,0.92000,True,0.04348,25
alraha,2019-06-08,24,0,0.92743,0.92677,6,25,0.96000,True,0.00000,25
alraha,2019-06-09,0,0,,,6,25,0.00000,False,,25
alraha,2019-06-10,23,0,0.66593,0.90134,6,25,0.92000,True,0.00000,25
alraha,2019-06-11,16,1,2.33689,0.96363,6,25,0.64000,True,0.06250,25
alraha,2019-06-12,25,0,1.64681,0.94738,6,25,1.00000,True,0.00000,25
alraha,2019-06-13,0,0,,,6,25,0.00000,False,,25
alraha,2019-06-14,23,1,2.74121,0.87533,6,25,0.92000,True,0.04348,25
alraha,2019-06-15,15,0,1.61194,0.93123,6,25,0.60000,True,0.00000,25
alraha,2019-06-16,0,0,,,6,25,0.00000,False,,25
alraha,2019-06-17,0,0,,,6,25,0.00000,False,,25
alraha,2019-06-18,22,0,0.52257,0.83919,6,25,0.88000,True,0.00000,25
alraha,2019-06-19,2,0,0.89232,1.06772,6,25,0.08000,False,,25
alraha,2019-06-20,21,0,1.23057,0.93868,6,25,0.84000,True,0.00000,25
alraha,2019-06-21,0,0,,,6,25,0.00000,False,,25
alraha,2019-06-22,15,0,-0.59846,0.73566,6,25,0.60000,True,0.00000,25
alraha,2019-06-23,10,0,1.71327,0.96172,6,25,0.40000,True,0.00000,25
alraha,2019-06-24,13,1,2.33703,0.81890,6,25,0.52000,True,0.07692,25
alraha,2019-06-25,0,0,,,6,25,0.00000,False,,25
alraha,2019-06-26,20,0,0.81586,0.74753,6,25,0.80000,True,0.00000,25
alraha,2019-06-27,18,1,2.60342,0.78510,6,25,0.72000,True,0.05556,25
alraha,2019-06-28,6,0,1.55438,0.86220,6,25,0.24000,True,0.00000,25
alraha,2019-06-29,0,0,,,6,25,0.00000,False,,25
alraha,2019-06-30,21,0,1.96256,0.91689,6,25,0.84000,True,0.00000,25
alraha,2019-07-01,18,0,1.75804,0.92409,7,24,0.75000,True,0.00000,25
alraha,2019-07-02,0,0,,,7,24,0.00000,False,,25
alraha,2019-07-03,12,0,1.06384,0.80406,7,24,0.50000,True,0.00000,25
alraha,2019-07-04,3,0,1.23802,0.83465,7,24,0.12500,True,0.00000,25
alraha,2019-07-05,14,1,2.20934,0.87354,7,24,0.58333,True,0.07143,25
alraha,2019-07-06,0,0,,,7,24,0.00000,False,,25
alraha,2019-07-07,21,0,1.58621,0.93438,7,24,0.87500,True,0.00000,25
alraha,2019-07-08,3,0,0.19875,0.78740,7,24,0.12500,True,0.00000,25
alraha,2019-07-09,21,0,1.97398,0.93813,7,24,0.87500,True,0.00000,25
alraha,2019-07-10,0,0,,,7,24,0.00000,False,,25
alraha,2019-07-11,16,0,1.22263,0.92009,7,24,0.66667,True,0.00000,25
alraha,2019-07-12,5,0,-0.29277,0.67323,7,24,0.20833,True,0.00000,25
alraha,2019-07-13,12,0,1.39524,0.80199,7,24,0.50000,True,0.00000,25
alraha,2019-07-14,0,0,,,7,24,0.00000,False,,25
alraha,2019-07-15,22,0,1.17425,0.88723,7,24,0.91667,True,0.00000,25
alraha,2019-07-16,7,0,0.51401,0.75816,7,24,0.29167,True,0.00000,25
alraha,2019-07-17,17,0,1.47290,0.90079,7,24,0.70833,True,0.00000,25
alraha,2019-07-18,0,0,,,7,24,0.00000,False,,25
alraha,2019-07-19,15,0,0.08020,0.70866,7,24,0.62500,True,0.00000,25
alraha,2019-07-20,14,0,1.06285,0.84658,7,24,0.58333,True,0.00000,25
alraha,2019-07-21,9,0,-0.33883,0.76444,7,24,0.37500,True,0.00000,25
alraha,2019-07-22,0,0,,,7,24,0.00000,False,,25
alraha,2019-07-23,9,0,-0.88087,0.74016,7,24,0.37500,True,0.00000,25
alraha,2019-07-24,15,0,-0.41114,0.75766,7,24,0.62500,True,0.00000,25
alraha,2019-07-25,0,0,,,7,24,0.00000,False,,25
alraha,2019-07-26,0,0,,,7,24,0.00000,False,,25
alraha,2019-07-27,9,0,-1.42893,0.68635,7,24,0.37500,True,0.00000,25
alraha,2019-07-28,15,0,-0.50640,0.66070,7,24,0.62500,True,0.00000,25
alraha,2019-07-29,0,0,,,7,24,0.00000,False,,25
alraha,2019-07-30,10,0,1.22341,0.87589,7,24,0.41667,True,0.00000,25
alraha,2019-07-31,0,0,,,7,24,0.00000,False,,25
alraha,2019-08-01,0,0,,,8,23,0.00000,False,,25
alraha,2019-08-02,0,0,,,8,23,0.00000,False,,25
alraha,2019-08-03,8,0,0.17108,0.67171,8,23,0.34783,True,0.00000,25
alraha,2019-08-04,4,0,0.32143,0.82034,8,23,0.17391,True,0.00000,25
alraha,2019-08-05,18,0,1.41497,0.92341,8,23,0.78261,True,0.00000,25
alraha,2019-08-06,0,0,,,8,23,0.00000,False,,25
alraha,2019-08-07,16,0,1.25868,0.86947,8,23,0.69565,True,0.00000,25
alraha,2019-08-08,1,0,-1.94874,0.71541,8,23,0.04348,False,,25
alraha,2019-08-09,10,0,-0.07172,0.70941,8,23,0.43478,True,0.00000,25
alraha,2019-08-10,0,0,,,8,23,0.00000,False,,25
alraha,2019-08-11,0,0,,,8,23,0.00000,False,,25
alraha,2019-08-12,0,0,,,8,23,0.00000,False,,25
alraha,2019-08-13,15,0,0.46632,0.76772,8,23,0.65217,True,0.00000,25
alraha,2019-08-14,0,0,,,8,23,0.00000,False,,25
alraha,2019-08-15,13,0,1.22244,0.76290,8,23,0.56522,True,0.00000,25
alraha,2019-08-16,11,0,1.47198,0.88050,8,23,0.47826,True,0.00000,25
alraha,2019-08-17,6,0,-0.48072,0.73567,8,23,0.26087,True,0.00000,25
alraha,2019-08-18,0,0,,,8,23,0.00000,False,,25
alraha,2019-08-19,12,0,-0.85434,0.66862,8,23,0.52174,True,0.00000,25
alraha,2019-08-20,0,0,,,8,23,0.00000,False,,25
alraha,2019-08-21,7,0,0.57895,0.78590,8,23,0.30435,True,0.00000,25
alraha,2019-08-22,10,0,1.17188,0.87664,8,23,0.43478,True,0.00000,25
alraha,2019-08-23,18,0,0.81336,0.86458,8,23,0.78261,True,0.00000,25
alraha,2019-08-24,20,0,1.27807,0.86700,8,23,0.86957,True,0.00000,25
alraha,2019-08-25,0,0,,,8,23,0.00000,False,,25
alraha,2019-08-26,18,0,0.96030,0.84512,8,23,0.78261,True,0.00000,25
alraha,2019-08-27,15,0,1.29000,0.85564,8,23,0.65217,True,0.00000,25
alraha,2019-08-28,17,0,1.30949,0.83640,8,23,0.73913,True,0.00000,25
alraha,2019-08-29,0,0,,,8,23,0.00000,False,,25
alraha,2019-08-30,10,0,-0.07282,0.68203,8,23,0.43478,True,0.00000,25
alraha,2019-08-31,8,0,-0.10960,0.74216,8,23,0.34783,True,0.00000,25
alraha,2019-09-01,4,0,0.90763,0.68792,9,25,0.16000,True,0.00000,25
alraha,2019-09-02,0,0,,,9,25,0.00000,False,,25
alraha,2019-09-03,22,0,0.53407,0.78139,9,25,0.88000,True,0.00000,25
alraha,2019-09-04,11,0,1.60917,0.78965,9,25,0.44000,True,0.00000,25
alraha,2019-09-05,0,0,,,9,25,0.00000,False,,25
alraha,2019-09-06,0,0,,,9,25,0.00000,False,,25
alraha,2019-09-07,0,0,,,9,25,0.00000,False,,25
alraha,2019-09-08,20,0,1.81443,0.90502,9,25,0.80000,True,0.00000,25
alraha,2019-09-09,19,0,1.25146,0.86185,9,25,0.76000,True,0.00000,25
alraha,2019-09-10,0,0,,,9,25,0.00000,False,,25
alraha,2019-09-11,21,0,0.43902,0.78257,9,25,0.84000,True,0.00000,25
alraha,2019-09-12,15,0,1.07840,0.83464,9,25,0.60000,True,0.00000,25
alraha,2019-09-13,6,0,0.97731,0.75369,9,25,0.24000,True,0.00000,25
alraha,2019-09-14,0,0,,,9,25,0.00000,False,,25
alraha,2019-09-15,19,0,0.85717,0.78649,9,25,0.76000,True,0.00000,25
alraha,2019-09-16,6,0,1.59212,0.77120,9,25,0.24000,True,0.00000,25
alraha,2019-09-17,1,0,-0.58806,0.77690,9,25,0.04000,False,,25
alraha,2019-09-18,16,0,0.84629,0.80787,9,25,0.64000,True,0.00000,25
alraha,2019-09-19,18,0,0.56569,0.75960,9,25,0.72000,True,0.00000,25
alraha,2019-09-20,18,1,2.72907,0.84065,9,25,0.72000,True,0.05556,25
alraha,2019-09-21,0,0,,,9,25,0.00000,False,,25
alraha,2019-09-22,18,0,1.70928,0.86130,9,25,0.72000,True,0.00000,25
alraha,2019-09-23,12,1,2.55647,0.88257,9,25,0.48000,True,0.08333,25
alraha,2019-09-24,0,0,,,9,25,0.00000,False,,25
alraha,2019-09-25,0,0,,,9,25,0.00000,False,,25
alraha,2019-09-26,19,0,1.78159,0.84689,9,25,0.76000,True,0.00000,25
alraha,2019-09-27,13,0,0.73974,0.75787,9,25,0.52000,True,0.00000,25
alraha,2019-09-28,22,0,1.70869,0.78486,9,25,0.88000,True,0.00000,25
alraha,2019-09-29,0,0,,,9,25,0.00000,False,,25
alraha,2019-09-30,15,0,0.78021,0.76186,9,25,0.60000,True,0.00000,25
alraha,2019-10-01,18,1,2.43499,0.79149,10,29,0.62069,True,0.05556,25
alraha,2019-10-02,9,1,2.09633,0.77480,10,29,0.31034,True,0.11111,25
alraha,2019-10-03,0,0,,,10,29,0.00000,False,,25
alraha,2019-10-04,20,0,1.95422,0.77863,10,29,0.68966,True,0.00000,25
alraha,2019-10-05,21,1,2.09680,0.85302,10,29,0.72414,True,0.04762,25
alraha,2019-10-06,0,0,,,10,29,0.00000,False,,25
alraha,2019-10-07,4,0,-1.14289,0.55089,10,29,0.13793,True,0.00000,25
alraha,2019-10-08,23,2,3.24268,0.85245,10,29,0.79310,True,0.08696,25
alraha,2019-10-09,21,2,2.52236,0.90124,10,29,0.72414,True,0.09524,25
alraha,2019-10-10,6,0,1.83818,0.70768,10,29,0.20690,True,0.00000,25
alraha,2019-10-11,22,0,1.46057,0.82382,10,29,0.75862,True,0.00000,25
alraha,2019-10-12,0,0,,,10,29,0.00000,False,,25
alraha,2019-10-13,18,1,2.66416,0.86418,10,29,0.62069,True,0.05556,25
alraha,2019-10-14,6,0,1.77939,0.71024,10,29,0.20690,True,0.00000,25
alraha,2019-10-15,19,0,1.14762,0.80315,10,29,0.65517,True,0.00000,25
alraha,2019-10-16,22,0,1.31424,0.83308,10,29,0.75862,True,0.00000,25
alraha,2019-10-17,24,0,1.54140,0.85004,10,29,0.82759,True,0.00000,25
alraha,2019-10-18,0,0,,,10,29,0.00000,False,,25
alraha,2019-10-19,21,0,1.17052,0.81853,10,29,0.72414,True,0.00000,25
alraha,2019-10-20,24,0,1.65680,0.84900,10,29,0.82759,True,0.00000,25
alraha,2019-10-21,21,1,2.05050,0.86404,10,29,0.72414,True,0.04762,25
alraha,2019-10-22,0,0,,,10,29,0.00000,False,,25
alraha,2019-10-23,23,0,1.38420,0.82431,10,29,0.79310,True,0.00000,25
alraha,2019-10-24,24,1,2.27486,0.81009,10,29,0.82759,True,0.04167,25
alraha,2019-10-25,24,0,1.62230,0.83699,10,29,0.82759,True,0.00000,25
alraha,2019-10-26,0,0,,,10,29,0.00000,False,,25
alraha,2019-10-27,24,0,1.63455,0.83147,10,29,0.82759,True,0.00000,25
alraha,2019-10-28,22,0,1.59028,0.83430,10,29,0.75862,True,0.00000,25
alraha,2019-10-29,22,0,1.56071,0.86640,10,29,0.75862,True,0.00000,25
alraha,2019-10-30,23,0,0.90737,0.80969,10,29,0.79310,True,0.00000,25
alraha,2019-10-31,18,0,1.97832,0.81016,10,29,0.62069,True,0.00000,25
alraha,2019-11-01,16,0,1.54751,0.74704,11,32,0.50000,True,0.00000,25
alraha,2019-11-02,12,2,3.81277,0.78906,11,32,0.37500,True,0.16667,25
alraha,2019-11-03,25,1,2.07070,0.77326,11,32,0.78125,True,0.04000,25
alraha,2019-11-04,19,0,1.63766,0.82700,11,32,0.59375,True,0.00000,25
alraha,2019-11-05,25,4,2.34075,0.84346,11,32,0.78125,True,0.16000,25
alraha,2019-11-06,14,5,3.71997,0.82777,11,32,0.43750,True,0.35714,25
alraha,2019-11-07,21,1,2.20609,0.81310,11,32,0.65625,True,0.04762,25
alraha,2019-11-08,25,2,2.10503,0.82520,11,32,0.78125,True,0.08000,25
alraha,2019-11-09,13,4,2.48351,0.78311,11,32,0.40625,True,0.30769,25
alraha,2019-11-10,0,0,,,11,32,0.00000,False,,25
alraha,2019-11-11,27,1,3.28987,0.76551,11,32,0.84375,True,0.03704,25
alraha,2019-11-12,30,1,2.54848,0.80440,11,32,0.93750,True,0.03333,25
alraha,2019-11-13,28,2,2.10504,0.84134,11,32,0.87500,True,0.07143,25
alraha,2019-11-14,0,0,,,11,32,0.00000,False,,25
alraha,2019-11-15,22,0,0.83826,0.79038,11,32,0.68750,True,0.00000,25
alraha,2019-11-16,28,0,1.00880,0.78110,11,32,0.87500,True,0.00000,25
alraha,2019-11-17,23,0,1.98722,0.81440,11,32,0.71875,True,0.00000,25
alraha,2019-11-18,0,0,,,11,32,0.00000,False,,25
alraha,2019-11-19,25,0,1.99811,0.79456,11,32,0.78125,True,0.00000,25
alraha,2019-11-20,0,0,,,11,32,0.00000,False,,25
alraha,2019-11-21,0,0,,,11,32,0.00000,False,,25
alraha,2019-11-22,0,0,,,11,32,0.00000,False,,25
alraha,2019-11-23,29,2,2.02310,0.82152,11,32,0.90625,True,0.06897,25
alraha,2019-11-24,27,1,2.38756,0.80262,11,32,0.84375,True,0.03704,25
alraha,2019-11-25,0,0,,,11,32,0.00000,False,,25
alraha,2019-11-26,28,1,2.79940,0.77966,11,32,0.87500,True,0.03571,25
alraha,2019-11-27,24,0,1.54524,0.80638,11,32,0.75000,True,0.00000,25
alraha,2019-11-28,23,0,0.59662,0.74660,11,32,0.71875,True,0.00000,25
alraha,2019-11-29,13,0,0.89530,0.76583,11,32,0.40625,True,0.00000,25
alraha,2019-11-30,0,0,,,11,32,0.00000,False,,25
alraha,2019-12-01,24,0,0.76049,0.76033,12,32,0.75000,True,0.00000,25
alraha,2019-12-02,0,0,,,12,32,0.00000,False,,25
alraha,2019-12-03,10,2,2.83415,0.72785,12,32,0.31250,True,0.20000,25
alraha,2019-12-04,28,0,1.73372,0.78805,12,32,0.87500,True,0.00000,25
alraha,2019-12-05,24,1,2.38589,0.80482,12,32,0.75000,True,0.04167,25
alraha,2019-12-06,27,0,1.51576,0.81867,12,32,0.84375,True,0.00000,25
alraha,2019-12-07,2,1,2.24336,0.82498,12,32,0.06250,False,,25
alraha,2019-12-08,3,0,-0.94785,0.26614,12,32,0.09375,False,,25
alraha,2019-12-09,24,2,3.10866,0.77380,12,32,0.75000,True,0.08333,25
alraha,2019-12-10,0,0,,,12,32,0.00000,False,,25
alraha,2019-12-11,0,0,,,12,32,0.00000,False,,25
alraha,2019-12-12,28,0,1.56607,0.73617,12,32,0.87500,True,0.00000,25
alraha,2019-12-13,13,0,1.42437,0.81575,12,32,0.40625,True,0.00000,25
alraha,2019-12-14,23,1,2.76904,0.83990,12,32,0.71875,True,0.04348,25
alraha,2019-12-15,0,0,,,12,32,0.00000,False,,25
alraha,2019-12-16,16,1,2.18479,0.84899,12,32,0.50000,True,0.06250,25
alraha,2019-12-17,0,0,,,12,32,0.00000,False,,25
alraha,2019-12-18,1,0,-3.20296,0.69291,12,32,0.03125,False,,25
alraha,2019-12-19,0,0,,,12,32,0.00000,False,,25
alraha,2019-12-20,17,0,0.21489,0.66142,12,32,0.53125,True,0.00000,25
alraha,2019-12-21,27,0,1.88845,0.79014,12,32,0.84375,True,0.00000,25
alraha,2019-12-22,20,1,2.57650,0.82870,12,32,0.62500,True,0.05000,25
alraha,2019-12-23,7,0,0.43655,0.72791,12,32,0.21875,True,0.00000,25
alraha,2019-12-24,25,1,2.21558,0.79744,12,32,0.78125,True,0.04000,25
alraha,2019-12-25,27,1,3.00719,0.77569,12,32,0.84375,True,0.03704,25
alraha,2019-12-26,14,1,2.51138,0.80418,12,32,0.43750,True,0.07143,25
alraha,2019-12-27,29,0,1.53013,0.72747,12,32,0.90625,True,0.00000,25
alraha,2019-12-28,23,0,1.09383,0.80596,12,32,0.71875,True,0.00000,25
alraha,2019-12-29,22,0,0.68902,0.78733,12,32,0.68750,True,0.00000,25
alraha,2019-12-30,4,0,-1.72238,0.21669,12,32,0.12500,True,0.00000,25
alraha,2019-12-31,27,0,1.77647,0.77165,12,32,0.84375,True,0.00000,25
alraha,2020-01-01,14,1,2.17152,0.78077,1,28,0.50000,True,0.07143,25
alraha,2020-01-02,18,0,0.88270,0.75689,1,28,0.64286,True,0.00000,25
alraha,2020-01-03,7,2,2.53563,0.84139,1,28,0.25000,True,0.28571,25
alraha,2020-01-04,25,0,1.08856,0.81750,1,28,0.89286,True,0.00000,25
alraha,2020-01-05,0,0,,,1,28,0.00000,False,,25
alraha,2020-01-06,0,0,,,1,28,0.00000,False,,25
alraha,2020-01-07,0,0,,,1,28,0.00000,False,,25
alraha,2020-01-08,24,0,1.85405,0.81357,1,28,0.85714,True,0.00000,25
alraha,2020-01-09,28,0,1.37832,0.79704,1,28,1.00000,True,0.00000,25
alraha,2020-01-10,0,0,,,1,28,0.00000,False,,25
alraha,2020-01-11,0,0,,,1,28,0.00000,False,,25
alraha,2020-01-12,19,0,1.59426,0.71281,1,28,0.67857,True,0.00000,25
alraha,2020-01-13,14,0,0.94925,0.66789,1,28,0.50000,True,0.00000,25
alraha,2020-01-14,22,0,1.29149,0.77482,1,28,0.78571,True,0.00000,25
alraha,2020-01-15,0,0,,,1,28,0.00000,False,,25
alraha,2020-01-16,28,1,2.46833,0.82609,1,28,1.00000,True,0.03571,25
alraha,2020-01-17,27,0,1.48002,0.74916,1,28,0.96429,True,0.00000,25
alraha,2020-01-18,21,0,1.13725,0.79090,1,28,0.75000,True,0.00000,25
alraha,2020-01-19,27,0,1.64704,0.73884,1,28,0.96429,True,0.00000,25
alraha,2020-01-20,27,0,1.56642,0.80519,1,28,0.96429,True,0.00000,25
alraha,2020-01-21,25,0,1.02865,0.78150,1,28,0.89286,True,0.00000,25
alraha,2020-01-22,12,0,1.51562,0.72834,1,28,0.42857,True,0.00000,25
alraha,2020-01-23,6,0,-1.54234,0.62740,1,28,0.21429,True,0.00000,25
alraha,2020-01-24,0,0,,,1,28,0.00000,False,,25
alraha,2020-01-25,25,0,1.23857,0.82677,1,28,0.89286,True,0.00000,25
alraha,2020-01-26,2,0,1.71784,0.59235,1,28,0.07143,False,,25
alraha,2020-01-27,18,0,1.43542,0.68358,1,28,0.64286,True,0.00000,25
alraha,2020-01-28,11,0,1.12569,0.63839,1,28,0.39286,True,0.00000,25
alraha,2020-01-29,11,0,0.58028,0.79718,1,28,0.39286,True,0.00000,25
alraha,2020-01-30,10,0,1.97094,0.79854,1,28,0.35714,True,0.00000,25
alraha,2020-01-31,25,1,2.30921,0.79748,1,28,0.89286,True,0.04000,25
alraha,2020-02-01,18,0,1.89082,0.76453,2,25,0.72000,True,0.00000,25
alraha,2020-02-02,7,2,3.01660,0.82967,2,25,0.28000,True,0.28571,25
alraha,2020-02-03,0,0,,,2,25,0.00000,False,,25
alraha,2020-02-04,21,0,0.93895,0.77054,2,25,0.84000,True,0.00000,25
alraha,2020-02-05,23,0,0.80991,0.80911,2,25,0.92000,True,0.00000,25
alraha,2020-02-06,20,1,2.06973,0.86779,2,25,0.80000,True,0.05000,25
alraha,2020-02-07,0,0,,,2,25,0.00000,False,,25
alraha,2020-02-08,24,0,1.03352,0.80613,2,25,0.96000,True,0.00000,25
alraha,2020-02-09,19,0,1.26279,0.69816,2,25,0.76000,True,0.00000,25
alraha,2020-02-10,0,0,,,2,25,0.00000,False,,25
alraha,2020-02-11,0,0,,,2,25,0.00000,False,,25
alraha,2020-02-12,3,0,0.99119,0.70866,2,25,0.12000,True,0.00000,25
alraha,2020-02-13,12,0,1.23252,0.60979,2,25,0.48000,True,0.00000,25
alraha,2020-02-14,17,0,1.29135,0.82038,2,25,0.68000,True,0.00000,25
alraha,2020-02-15,22,0,1.98142,0.73930,2,25,0.88000,True,0.00000,25
alraha,2020-02-16,24,0,1.12226,0.79743,2,25,0.96000,True,0.00000,25
alraha,2020-02-17,24,0,1.95447,0.81862,2,25,0.96000,True,0.00000,25
alraha,2020-02-18,5,0,1.15781,0.64792,2,25,0.20000,True,0.00000,25
alraha,2020-02-19,22,0,1.73726,0.84697,2,25,0.88000,True,0.00000,25
alraha,2020-02-20,0,0,,,2,25,0.00000,False,,25
alraha,2020-02-21,16,1,2.75375,0.80009,2,25,0.64000,True,0.06250,25
alraha,2020-02-22,0,0,,,2,25,0.00000,False,,25
alraha,2020-02-23,22,0,0.97802,0.83626,2,25,0.88000,True,0.00000,25
alraha,2020-02-24,19,0,1.85721,0.85168,2,25,0.76000,True,0.00000,25
alraha,2020-02-25,24,0,1.97489,0.85700,2,25,0.96000,True,0.00000,25
alraha,2020-02-26,5,0,0.51459,0.57998,2,25,0.20000,True,0.00000,25
alraha,2020-02-27,17,0,1.39912,0.69423,2,25,0.68000,True,0.00000,25
alraha,2020-02-28,0,0,,,2,25,0.00000,False,,25
alraha,2020-02-29,22,0,1.70534,0.78464,2,25,0.88000,True,0.00000,25
alraha,2020-03-01,0,0,,,3,25,0.00000,False,,25
alraha,2020-03-02,9,0,-0.31889,0.81651,3,25,0.36000,True,0.00000,25
alraha,2020-03-03,17,0,1.24415,0.80630,3,25,0.68000,True,0.00000,25
alraha,2020-03-04,4,0,0.60852,0.44664,3,25,0.16000,True,0.00000,25
alraha,2020-03-05,0,0,,,3,25,0.00000,False,,25
alraha,2020-03-06,23,1,3.09359,0.80415,3,25,0.92000,True,0.04348,25
alraha,2020-03-07,19,1,2.26013,0.78965,3,25,0.76000,True,0.05263,25
alraha,2020-03-08,17,2,2.55012,0.88714,3,25,0.68000,True,0.11765,25
alraha,2020-03-09,0,0,,,3,25,0.00000,False,,25
alraha,2020-03-10,12,0,0.29089,0.78785,3,25,0.48000,True,0.00000,25
alraha,2020-03-11,17,1,2.55874,0.84689,3,25,0.68000,True,0.05882,25
alraha,2020-03-12,18,0,1.83528,0.85610,3,25,0.72000,True,0.00000,25
alraha,2020-03-13,0,0,,,3,25,0.00000,False,,25
alraha,2020-03-14,0,0,,,3,25,0.00000,False,,25
alraha,2020-03-15,0,0,,,3,25,0.00000,False,,25
alraha,2020-03-16,2,0,-0.74882,0.77018,3,25,0.08000,False,,25
alraha,2020-03-17,0,0,,,3,25,0.00000,False,,25
alraha,2020-03-18,25,0,1.37968,0.82372,3,25,1.00000,True,0.00000,25
alraha,2020-03-19,0,0,,,3,25,0.00000,False,,25
alraha,2020-03-20,7,1,2.24709,0.79933,3,25,0.28000,True,0.14286,25
alraha,2020-03-21,0,0,,,3,25,0.00000,False,,25
alraha,2020-03-22,9,0,1.46766,0.90289,3,25,0.36000,True,0.00000,25
alraha,2020-03-23,21,1,2.17916,0.80090,3,25,0.84000,True,0.04762,25
alraha,2020-03-24,9,1,2.08425,0.60340,3,25,0.36000,True,0.11111,25
alraha,2020-03-25,17,0,1.59878,0.74213,3,25,0.68000,True,0.00000,25
alraha,2020-03-26,17,0,1.53931,0.85879,3,25,0.68000,True,0.00000,25
alraha,2020-03-27,5,0,1.21325,0.78740,3,25,0.20000,True,0.00000,25
alraha,2020-03-28,0,0,,,3,25,0.00000,False,,25
alraha,2020-03-29,0,0,,,3,25,0.00000,False,,25
alraha,2020-03-30,0,0,,,3,25,0.00000,False,,25
alraha,2020-03-31,23,1,2.31103,0.87874,3,25,0.92000,True,0.04348,25
alraha,2020-04-01,0,0,,,4,25,0.00000,False,,25
alraha,2020-04-02,15,0,0.04673,0.80765,4,25,0.60000,True,0.00000,25
alraha,2020-04-03,1,0,0.06314,0.90597,4,25,0.04000,False,,25
alraha,2020-04-04,15,1,2.02570,0.92501,4,25,0.60000,True,0.06667,25
alraha,2020-04-05,0,0,,,4,25,0.00000,False,,25
alraha,2020-04-06,24,0,0.77399,0.86367,4,25,0.96000,True,0.00000,25
alraha,2020-04-07,16,2,2.41162,0.96819,4,25,0.64000,True,0.12500,25
alraha,2020-04-08,24,0,1.97009,0.90953,4,25,0.96000,True,0.00000,25
alraha,2020-04-09,0,0,,,4,25,0.00000,False,,25
alraha,2020-04-10,0,0,,,4,25,0.00000,False,,25
alraha,2020-04-11,0,0,,,4,25,0.00000,False,,25
alraha,2020-04-12,2,0,0.40151,0.92283,4,25,0.08000,False,,25
alraha,2020-04-13,0,0,,,4,25,0.00000,False,,25
alraha,2020-04-14,24,1,2.20803,0.88570,4,25,0.96000,True,0.04167,25
alraha,2020-04-15,0,0,,,4,25,0.00000,False,,25
alraha,2020-04-16,18,1,2.69065,0.91428,4,25,0.72000,True,0.05556,25
alraha,2020-04-17,0,0,,,4,25,0.00000,False,,25
alraha,2020-04-18,25,1,2.00810,0.88221,4,25,1.00000,True,0.04000,25
alraha,2020-04-19,0,0,,,4,25,0.00000,False,,25
alraha,2020-04-20,0,0,,,4,25,0.00000,False,,25
alraha,2020-04-21,0,0,,,4,25,0.00000,False,,25
alraha,2020-04-22,24,0,0.73283,0.87513,4,25,0.96000,True,0.00000,25
alraha,2020-04-23,20,0,1.60968,0.90298,4,25,0.80000,True,0.00000,25
alraha,2020-04-24,0,0,,,4,25,0.00000,False,,25
alraha,2020-04-25,15,2,2.33874,0.82677,4,25,0.60000,True,0.13333,25
alraha,2020-04-26,21,1,2.30650,0.94882,4,25,0.84000,True,0.04762,25
alraha,2020-04-27,21,3,2.30750,0.95433,4,25,0.84000,True,0.14286,25
alraha,2020-04-28,0,0,,,4,25,0.00000,False,,25
alraha,2020-04-29,0,0,,,4,25,0.00000,False,,25
alraha,2020-04-30,16,1,3.24207,0.84966,4,25,0.64000,True,0.06250,25
alraha,2020-05-01,10,1,2.18805,1.02741,5,25,0.40000,True,0.10000,25
alraha,2020-05-02,0,0,,,5,25,0.00000,False,,25
alraha,2020-05-03,24,4,2.49756,0.98272,5,25,0.96000,True,0.16667,25
alraha,2020-05-04,11,0,-0.13126,0.82691,5,25,0.44000,True,0.00000,25
alraha,2020-05-05,22,1,2.04129,0.93661,5,25,0.88000,True,0.04545,25
alraha,2020-05-06,0,0,,,5,25,0.00000,False,,25
alraha,2020-05-07,23,0,1.70198,0.90486,5,25,0.92000,True,0.00000,25
alraha,2020-05-08,8,2,2.56927,0.85669,5,25,0.32000,True,0.25000,25
alraha,2020-05-09,16,0,0.57757,0.83670,5,25,0.64000,True,0.00000,25
alraha,2020-05-10,0,0,,,5,25,0.00000,False,,25
alraha,2020-05-11,20,0,1.81834,0.82944,5,25,0.80000,True,0.00000,25
alraha,2020-05-12,20,1,3.04725,0.94776,5,25,0.80000,True,0.05000,25
alraha,2020-05-13,22,1,2.17524,0.92138,5,25,0.88000,True,0.04545,25
alraha,2020-05-14,0,0,,,5,25,0.00000,False,,25
alraha,2020-05-15,19,0,1.90751,0.86150,5,25,0.76000,True,0.00000,25
alraha,2020-05-16,23,0,1.17455,0.93553,5,25,0.92000,True,0.00000,25
alraha,2020-05-17,13,0,1.72600,0.96622,5,25,0.52000,True,0.00000,25
alraha,2020-05-18,2,0,0.63639,0.93033,5,25,0.08000,False,,25
alraha,2020-05-19,21,0,1.33749,0.87616,5,25,0.84000,True,0.00000,25
alraha,2020-05-20,3,0,1.29217,0.69976,5,25,0.12000,True,0.00000,25
alraha,2020-05-21,0,0,,,5,25,0.00000,False,,25
alraha,2020-05-22,13,0,1.23444,0.87852,5,25,0.52000,True,0.00000,25
alraha,2020-05-23,18,0,1.43755,0.94323,5,25,0.72000,True,0.00000,25
alraha,2020-05-24,14,0,1.99150,0.88407,5,25,0.56000,True,0.00000,25
alraha,2020-05-25,0,0,,,5,25,0.00000,False,,25
alraha,2020-05-26,15,0,1.42539,0.88071,5,25,0.60000,True,0.00000,25
alraha,2020-05-27,20,0,1.48579,0.89825,5,25,0.80000,True,0.00000,25
alraha,2020-05-28,23,0,1.31358,0.89615,5,25,0.92000,True,0.00000,25
alraha,2020-05-29,0,0,,,5,25,0.00000,False,,25
alraha,2020-05-30,21,2,2.15275,0.92990,5,25,0.84000,True,0.09524,25
alraha,2020-05-31,16,0,1.86009,0.77784,5,25,0.64000,True,0.00000,25
alraha,2020-06-01,19,1,2.22097,0.84646,6,25,0.76000,True,0.05263,25
alraha,2020-06-02,0,0,,,6,25,0.00000,False,,25
alraha,2020-06-03,24,0,1.75154,0.91782,6,25,0.96000,True,0.00000,25
alraha,2020-06-04,12,1,2.14868,0.92454,6,25,0.48000,True,0.08333,25
alraha,2020-06-05,18,0,1.40533,0.88249,6,25,0.72000,True,0.00000,25
alraha,2020-06-06,0,0,,,6,25,0.00000,False,,25
alraha,2020-06-07,20,0,1.53070,0.90838,6,25,0.80000,True,0.00000,25
alraha,2020-06-08,18,0,1.72949,0.93058,6,25,0.72000,True,0.00000,25
alraha,2020-06-09,18,0,1.91916,1.01928,6,25,0.72000,True,0.00000,25
alraha,2020-06-10,0,0,,,6,25,0.00000,False,,25
alraha,2020-06-11,24,1,2.12086,0.84366,6,25,0.96000,True,0.04167,25
alraha,2020-06-12,22,0,1.76348,0.95791,6,25,0.88000,True,0.00000,25
alraha,2020-06-13,10,3,2.97937,0.97820,6,25,0.40000,True,0.30000,25
alraha,2020-06-14,3,0,1.19784,0.87244,6,25,0.12000,True,0.00000,25
alraha,2020-06-15,15,0,0.97266,0.93117,6,25,0.60000,True,0.00000,25
alraha,2020-06-16,16,0,1.97383,0.97911,6,25,0.64000,True,0.00000,25
alraha,2020-06-17,0,0,,,6,25,0.00000,False,,25
alraha,2020-06-18,21,1,2.27373,0.95848,6,25,0.84000,True,0.04762,25
alraha,2020-06-19,16,0,1.81005,0.91896,6,25,0.64000,True,0.00000,25
alraha,2020-06-20,18,1,2.27415,0.89758,6,25,0.72000,True,0.05556,25
alraha,2020-06-21,0,0,,,6,25,0.00000,False,,25
alraha,2020-06-22,14,0,1.49784,0.85849,6,25,0.56000,True,0.00000,25
alraha,2020-06-23,18,0,1.65359,0.92940,6,25,0.72000,True,0.00000,25
alraha,2020-06-24,19,0,1.94905,0.94706,6,25,0.76000,True,0.00000,25
alraha,2020-06-25,0,0,,,6,25,0.00000,False,,25
alraha,2020-06-26,17,0,1.47478,0.86089,6,25,0.68000,True,0.00000,25
alraha,2020-06-27,5,0,-1.74197,0.77393,6,25,0.20000,True,0.00000,25
alraha,2020-06-28,20,0,0.81329,0.80577,6,25,0.80000,True,0.00000,25
alraha,2020-06-29,0,0,,,6,25,0.00000,False,,25
alraha,2020-06-30,25,3,2.43519,0.98443,6,25,1.00000,True,0.12000,25
alraha,2020-07-01,10,5,2.99982,1.06824,7,24,0.41667,True,0.50000,25
alraha,2020-07-02,21,0,1.41918,0.86614,7,24,0.87500,True,0.00000,25
alraha,2020-07-03,0,0,,,7,24,0.00000,False,,25
alraha,2020-07-04,17,0,1.11087,0.85827,7,24,0.70833,True,0.00000,25
alraha,2020-07-05,16,0,1.42847,0.90658,7,24,0.66667,True,0.00000,25
alraha,2020-07-06,8,0,1.62469,1.03273,7,24,0.33333,True,0.00000,25
alraha,2020-07-07,0,0,,,7,24,0.00000,False,,25
alraha,2020-07-08,21,1,2.14586,0.88819,7,24,0.87500,True,0.04762,25
alraha,2020-07-09,19,0,1.48174,0.88769,7,24,0.79167,True,0.00000,25
alraha,2020-07-10,1,0,-0.71875,0.78110,7,24,0.04167,False,,25
alraha,2020-07-11,3,0,0.97440,0.92388,7,24,0.12500,True,0.00000,25
alraha,2020-07-12,13,0,0.86835,0.81065,7,24,0.54167,True,0.00000,25
alraha,2020-07-13,5,0,-0.04371,0.73729,7,24,0.20833,True,0.00000,25
alraha,2020-07-14,0,0,,,7,24,0.00000,False,,25
alraha,2020-07-15,20,2,2.42861,1.02437,7,24,0.83333,True,0.10000,25
alraha,2020-07-16,16,0,1.37752,0.82470,7,24,0.66667,True,0.00000,25
alraha,2020-07-17,12,0,0.99574,0.80831,7,24,0.50000,True,0.00000,25
alraha,2020-07-18,0,0,,,7,24,0.00000,False,,25
alraha,2020-07-19,12,0,1.67723,0.95188,7,24,0.50000,True,0.00000,25
alraha,2020-07-20,0,0,,,7,24,0.00000,False,,25
alraha,2020-07-21,11,1,2.26275,0.93668,7,24,0.45833,True,0.09091,25
alraha,2020-07-22,0,0,,,7,24,0.00000,False,,25
alraha,2020-07-23,16,1,3.01179,0.87244,7,24,0.66667,True,0.06250,25
alraha,2020-07-24,15,0,1.16733,0.82014,7,24,0.62500,True,0.00000,25
alraha,2020-07-25,21,0,1.07860,0.87277,7,24,0.87500,True,0.00000,25
alraha,2020-07-26,0,0,,,7,24,0.00000,False,,25
alraha,2020-07-27,23,0,0.86200,0.80315,7,24,0.95833,True,0.00000,25
alraha,2020-07-28,2,0,-0.38899,0.82520,7,24,0.08333,False,,25
alraha,2020-07-29,15,0,1.90961,0.84576,7,24,0.62500,True,0.00000,25
alraha,2020-07-30,0,0,,,7,24,0.00000,False,,25
alraha,2020-07-31,7,0,0.37721,0.75647,7,24,0.29167,True,0.00000,25
alraha,2020-08-01,18,1,2.29819,0.91943,8,23,0.78261,True,0.05556,25
alraha,2020-08-02,11,0,1.31335,0.90780,8,23,0.47826,True,0.00000,25
alraha,2020-08-03,0,0,,,8,23,0.00000,False,,25
alraha,2020-08-04,17,0,0.81105,0.72669,8,23,0.73913,True,0.00000,25
alraha,2020-08-05,17,0,0.99925,0.83989,8,23,0.73913,True,0.00000,25
alraha,2020-08-06,4,0,0.06072,0.74969,8,23,0.17391,True,0.00000,25
alraha,2020-08-07,3,0,0.00164,0.85236,8,23,0.13043,True,0.00000,25
alraha,2020-08-08,0,0,,,8,23,0.00000,False,,25
alraha,2020-08-09,0,0,,,8,23,0.00000,False,,25
alraha,2020-08-10,0,0,,,8,23,0.00000,False,,25
alraha,2020-08-11,0,0,,,8,23,0.00000,False,,25
alraha,2020-08-12,0,0,,,8,23,0.00000,False,,25
alraha,2020-08-13,2,0,-1.16766,0.73807,8,23,0.08696,False,,25
alraha,2020-08-14,0,0,,,8,23,0.00000,False,,25
alraha,2020-08-15,21,0,1.57437,0.87616,8,23,0.91304,True,0.00000,25
alraha,2020-08-16,9,0,0.90361,0.74646,8,23,0.39130,True,0.00000,25
alraha,2020-08-17,15,0,1.50819,0.87002,8,23,0.65217,True,0.00000,25
alraha,2020-08-18,0,0,,,8,23,0.00000,False,,25
alraha,2020-08-19,18,0,1.13212,0.78205,8,23,0.78261,True,0.00000,25
alraha,2020-08-20,1,0,0.16570,0.94488,8,23,0.04348,False,,25
alraha,2020-08-21,10,0,1.84010,0.82522,8,23,0.43478,True,0.00000,25
alraha,2020-08-22,0,0,,,8,23,0.00000,False,,25
alraha,2020-08-23,9,0,-0.92371,0.67717,8,23,0.39130,True,0.00000,25
alraha,2020-08-24,5,0,0.91506,0.89191,8,23,0.21739,True,0.00000,25
alraha,2020-08-25,16,2,2.04980,0.98760,8,23,0.69565,True,0.12500,25
alraha,2020-08-26,0,0,,,8,23,0.00000,False,,25
alraha,2020-08-27,22,3,2.42518,0.93334,8,23,0.95652,True,0.13636,25
alraha,2020-08-28,3,0,0.68341,0.92176,8,23,0.13043,True,0.00000,25
alraha,2020-08-29,14,0,0.21335,0.73601,8,23,0.60870,True,0.00000,25
alraha,2020-08-30,3,0,0.78636,0.93110,8,23,0.13043,True,0.00000,25
alraha,2020-08-31,0,0,,,8,23,0.00000,False,,25
alraha,2020-09-01,11,6,4.05779,0.94732,9,25,0.44000,True,0.54545,25
alraha,2020-09-02,0,0,,,9,25,0.00000,False,,25
alraha,2020-09-03,1,0,-0.84101,0.83150,9,25,0.04000,False,,25
alraha,2020-09-04,22,0,1.99421,0.82625,9,25,0.88000,True,0.00000,25
alraha,2020-09-05,15,0,1.26922,0.82677,9,25,0.60000,True,0.00000,25
alraha,2020-09-06,0,0,,,9,25,0.00000,False,,25
alraha,2020-09-07,15,1,2.74860,0.83957,9,25,0.60000,True,0.06667,25
alraha,2020-09-08,17,1,2.99768,0.81488,9,25,0.68000,True,0.05882,25
alraha,2020-09-09,20,1,2.42556,0.86044,9,25,0.80000,True,0.05000,25
alraha,2020-09-10,0,0,,,9,25,0.00000,False,,25
alraha,2020-09-11,0,0,,,9,25,0.00000,False,,25
alraha,2020-09-12,9,2,3.01606,0.84514,9,25,0.36000,True,0.22222,25
alraha,2020-09-13,17,3,2.51831,0.91455,9,25,0.68000,True,0.17647,25
alraha,2020-09-14,0,0,,,9,25,0.00000,False,,25
alraha,2020-09-15,20,0,1.70460,0.86676,9,25,0.80000,True,0.00000,25
alraha,2020-09-16,13,0,1.16601,0.81015,9,25,0.52000,True,0.00000,25
alraha,2020-09-17,0,0,,,9,25,0.00000,False,,25
alraha,2020-09-18,0,0,,,9,25,0.00000,False,,25
alraha,2020-09-19,19,1,2.50536,0.78937,9,25,0.76000,True,0.05263,25
alraha,2020-09-20,18,0,1.31923,0.79809,9,25,0.72000,True,0.00000,25
alraha,2020-09-21,17,0,0.86623,0.79790,9,25,0.68000,True,0.00000,25
alraha,2020-09-22,0,0,,,9,25,0.00000,False,,25
alraha,2020-09-23,20,0,1.11629,0.84327,9,25,0.80000,True,0.00000,25
alraha,2020-09-24,0,0,,,9,25,0.00000,False,,25
alraha,2020-09-25,12,1,2.14416,0.88504,9,25,0.48000,True,0.08333,25
alraha,2020-09-26,16,0,1.99594,0.83629,9,25,0.64000,True,0.00000,25
alraha,2020-09-27,0,0,,,9,25,0.00000,False,,25
alraha,2020-09-28,21,0,1.79815,0.83524,9,25,0.84000,True,0.00000,25
alraha,2020-09-29,6,0,1.64631,0.83474,9,25,0.24000,True,0.00000,25
alraha,2020-09-30,17,0,1.13880,0.75123,9,25,0.68000,True,0.00000,25
alraha,2020-10-01,15,1,2.05451,0.79528,10,29,0.51724,True,0.06667,25
alraha,2020-10-02,16,2,2.13017,0.84858,10,29,0.55172,True,0.12500,25
alraha,2020-10-03,0,0,,,10,29,0.00000,False,,25
alraha,2020-10-04,16,0,1.71930,0.80014,10,29,0.55172,True,0.00000,25
alraha,2020-10-05,16,2,2.29277,0.83193,10,29,0.55172,True,0.12500,25
alraha,2020-10-06,22,0,1.71178,0.86241,10,29,0.75862,True,0.00000,25
alraha,2020-10-07,0,0,,,10,29,0.00000,False,,25
alraha,2020-10-08,20,1,2.53359,0.86879,10,29,0.68966,True,0.05000,25
alraha,2020-10-09,23,0,1.44752,0.81440,10,29,0.79310,True,0.00000,25
alraha,2020-10-10,22,1,2.46718,0.87305,10,29,0.75862,True,0.04545,25
alraha,2020-10-11,0,0,,,10,29,0.00000,False,,25
alraha,2020-10-12,22,0,1.50292,0.85803,10,29,0.75862,True,0.00000,25
alraha,2020-10-13,22,0,1.13915,0.82640,10,29,0.75862,True,0.00000,25
alraha,2020-10-14,24,0,1.71778,0.84853,10,29,0.82759,True,0.00000,25
alraha,2020-10-15,4,2,3.60106,0.99125,10,29,0.13793,True,0.50000,25
alraha,2020-10-16,22,1,2.13515,0.83791,10,29,0.75862,True,0.04545,25
alraha,2020-10-17,0,0,,,10,29,0.00000,False,,25
alraha,2020-10-18,17,3,3.35099,0.86220,10,29,0.58621,True,0.17647,25
alraha,2020-10-19,5,0,1.52624,0.91217,10,29,0.17241,True,0.00000,25
alraha,2020-10-20,22,0,0.91216,0.81625,10,29,0.75862,True,0.00000,25
alraha,2020-10-21,19,3,2.43295,0.83894,10,29,0.65517,True,0.15789,25
alraha,2020-10-22,0,0,,,10,29,0.00000,False,,25
alraha,2020-10-23,24,0,1.49221,0.79663,10,29,0.82759,True,0.00000,25
alraha,2020-10-24,18,0,1.80439,0.83642,10,29,0.62069,True,0.00000,25
alraha,2020-10-25,23,2,2.14399,0.86755,10,29,0.79310,True,0.08696,25
alraha,2020-10-26,9,1,2.00520,0.77092,10,29,0.31034,True,0.11111,25
alraha,2020-10-27,23,1,2.61703,0.83742,10,29,0.79310,True,0.04348,25
alraha,2020-10-28,24,0,1.68152,0.84242,10,29,0.82759,True,0.00000,25
alraha,2020-10-29,22,0,1.45995,0.84676,10,29,0.75862,True,0.00000,25
alraha,2020-10-30,0,0,,,10,29,0.00000,False,,25
alraha,2020-10-31,20,0,1.32686,0.78768,10,29,0.68966,True,0.00000,25
alraha,2020-11-01,26,1,3.41049,0.75383,11,32,0.81250,True,0.03846,25
alraha,2020-11-02,24,1,2.08363,0.82160,11,32,0.75000,True,0.04167,25
alraha,2020-11-03,0,0,,,11,32,0.00000,False,,25
alraha,2020-11-04,21,0,1.42202,0.80874,11,32,0.65625,True,0.00000,25
alraha,2020-11-05,25,0,1.56657,0.77053,11,32,0.78125,True,0.00000,25
alraha,2020-11-06,23,0,1.90891,0.83577,11,32,0.71875,True,0.00000,25
alraha,2020-11-07,0,0,,,11,32,0.00000,False,,25
alraha,2020-11-08,4,0,1.00876,0.61875,11,32,0.12500,True,0.00000,25
alraha,2020-11-09,23,2,2.20727,0.84556,11,32,0.71875,True,0.08696,25
alraha,2020-11-10,26,0,1.65505,0.84382,11,32,0.81250,True,0.00000,25
alraha,2020-11-11,26,0,1.91412,0.79435,11,32,0.81250,True,0.00000,25
alraha,2020-11-12,25,0,1.69065,0.81001,11,32,0.78125,True,0.00000,25
alraha,2020-11-13,23,0,1.74296,0.83250,11,32,0.71875,True,0.00000,25
alraha,2020-11-14,12,2,4.23592,0.87642,11,32,0.37500,True,0.16667,25
alraha,2020-11-15,25,1,2.21182,0.76624,11,32,0.78125,True,0.04000,25
alraha,2020-11-16,26,0,1.77404,0.81066,11,32,0.81250,True,0.00000,25
alraha,2020-11-17,23,1,2.05662,0.85013,11,32,0.71875,True,0.04348,25
alraha,2020-11-18,12,4,2.70473,0.81577,11,32,0.37500,True,0.33333,25
alraha,2020-11-19,20,0,1.64608,0.78432,11,32,0.62500,True,0.00000,25
alraha,2020-11-20,23,0,1.63840,0.81222,11,32,0.71875,True,0.00000,25
alraha,2020-11-21,0,0,,,11,32,0.00000,False,,25
alraha,2020-11-22,12,2,3.03818,0.74634,11,32,0.37500,True,0.16667,25
alraha,2020-11-23,21,0,1.12276,0.74016,11,32,0.65625,True,0.00000,25
alraha,2020-11-24,7,0,1.33571,0.57980,11,32,0.21875,True,0.00000,25
alraha,2020-11-25,26,0,1.41076,0.79980,11,32,0.81250,True,0.00000,25
alraha,2020-11-26,0,0,,,11,32,0.00000,False,,25
alraha,2020-11-27,25,0,1.47418,0.77447,11,32,0.78125,True,0.00000,25
alraha,2020-11-28,24,0,1.05477,0.79797,11,32,0.75000,True,0.00000,25
alraha,2020-11-29,0,0,,,11,32,0.00000,False,,25
alraha,2020-11-30,0,0,,,11,32,0.00000,False,,25
alraha,2020-12-01,27,1,2.27458,0.79474,12,32,0.84375,True,0.03704,25
alraha,2020-12-02,14,0,1.36969,0.79287,12,32,0.43750,True,0.00000,25
alraha,2020-12-03,27,0,1.70114,0.79605,12,32,0.84375,True,0.00000,25
alraha,2020-12-04,0,0,,,12,32,0.00000,False,,25
alraha,2020-12-05,30,0,1.44060,0.81081,12,32,0.93750,True,0.00000,25
alraha,2020-12-06,27,1,2.96870,0.78635,12,32,0.84375,True,0.03704,25
alraha,2020-12-07,20,1,2.25494,0.83081,12,32,0.62500,True,0.05000,25
alraha,2020-12-08,0,0,,,12,32,0.00000,False,,25
alraha,2020-12-09,5,1,2.17953,0.73710,12,32,0.15625,True,0.20000,25
alraha,2020-12-10,27,3,2.60970,0.78430,12,32,0.84375,True,0.11111,25
alraha,2020-12-11,15,5,3.16182,0.83871,12,32,0.46875,True,0.33333,25
alraha,2020-12-12,29,0,1.41425,0.73141,12,32,0.90625,True,0.00000,25
alraha,2020-12-13,11,0,1.57399,0.60752,12,32,0.34375,True,0.00000,25
alraha,2020-12-14,0,0,,,12,32,0.00000,False,,25
alraha,2020-12-15,10,1,3.30894,0.61576,12,32,0.31250,True,0.10000,25
alraha,2020-12-16,28,1,2.05876,0.76702,12,32,0.87500,True,0.03571,25
alraha,2020-12-17,22,0,1.77488,0.85405,12,32,0.68750,True,0.00000,25
alraha,2020-12-18,27,0,1.52355,0.79009,12,32,0.84375,True,0.00000,25
alraha,2020-12-19,12,0,1.12271,0.73829,12,32,0.37500,True,0.00000,25
alraha,2020-12-20,24,0,0.87483,0.75844,12,32,0.75000,True,0.00000,25
alraha,2020-12-21,24,1,2.44496,0.75881,12,32,0.75000,True,0.04167,25
alraha,2020-12-22,0,0,,,12,32,0.00000,False,,25
alraha,2020-12-23,0,0,,,12,32,0.00000,False,,25
alraha,2020-12-24,23,0,0.33302,0.77754,12,32,0.71875,True,0.00000,25
alraha,2020-12-25,11,1,2.43860,0.60667,12,32,0.34375,True,0.09091,25
alraha,2020-12-26,23,0,1.86121,0.81433,12,32,0.71875,True,0.00000,25
alraha,2020-12-27,0,0,,,12,32,0.00000,False,,25
alraha,2020-12-28,0,0,,,12,32,0.00000,False,,25
alraha,2020-12-29,27,0,0.89392,0.80198,12,32,0.84375,True,0.00000,25
alraha,2020-12-30,24,6,4.53847,0.91396,12,32,0.75000,True,0.25000,25
alraha,2020-12-31,0,0,,,12,32,0.00000,False,,25
alraha,2021-01-01,0,0,,,1,28,0.00000,False,,25
alraha,2021-01-02,0,0,,,1,28,0.00000,False,,25
alraha,2021-01-03,0,0,,,1,28,0.00000,False,,25
alraha,2021-01-04,0,0,,,1,28,0.00000,False,,25
alraha,2021-01-05,0,0,,,1,28,0.00000,False,,25
alraha,2021-01-06,0,0,,,1,28,0.00000,False,,25
alraha,2021-01-07,0,0,,,1,28,0.00000,False,,25
alraha,2021-01-08,0,0,,,1,28,0.00000,False,,25
alraha,2021-01-09,0,0,,,1,28,0.00000,False,,25
alraha,2021-01-10,0,0,,,1,28,0.00000,False,,25
alraha,2021-01-11,0,0,,,1,28,0.00000,False,,25
alraha,2021-01-12,0,0,,,1,28,0.00000,False,,25
alraha,2021-01-13,0,0,,,1,28,0.00000,False,,25
alraha,2021-01-14,0,0,,,1,28,0.00000,False,,25
alraha,2021-01-15,0,0,,,1,28,0.00000,False,,25
alraha,2021-01-16,0,0,,,1,28,0.00000,False,,25
alraha,2021-01-17,0,0,,,1,28,0.00000,False,,25
alraha,2021-01-18,0,0,,,1,28,0.00000,False,,25
alraha,2021-01-19,0,0,,,1,28,0.00000,False,,25
alraha,2021-01-20,0,0,,,1,28,0.00000,False,,25
alraha,2021-01-21,0,0,,,1,28,0.00000,False,,25
alraha,2021-01-22,0,0,,,1,28,0.00000,False,,25
alraha,2021-01-23,0,0,,,1,28,0.00000,False,,25
alraha,2021-01-24,0,0,,,1,28,0.00000,False,,25
alraha,2021-01-25,0,0,,,1,28,0.00000,False,,25
alraha,2021-01-26,0,0,,,1,28,0.00000,False,,25
alraha,2021-01-27,0,0,,,1,28,0.00000,False,,25
alraha,2021-01-28,0,0,,,1,28,0.00000,False,,25
alraha,2021-01-29,0,0,,,1,28,0.00000,False,,25
alraha,2021-01-30,0,0,,,1,28,0.00000,False,,25
alraha,2021-01-31,0,0,,,1,28,0.00000,False,,25
alraha,2021-02-01,0,0,,,2,25,0.00000,False,,25
alraha,2021-02-02,0,0,,,2,25,0.00000,False,,25
alraha,2021-02-03,0,0,,,2,25,0.00000,False,,25
alraha,2021-02-04,0,0,,,2,25,0.00000,False,,25
alraha,2021-02-05,0,0,,,2,25,0.00000,False,,25
alraha,2021-02-06,0,0,,,2,25,0.00000,False,,25
alraha,2021-02-07,0,0,,,2,25,0.00000,False,,25
alraha,2021-02-08,0,0,,,2,25,0.00000,False,,25
alraha,2021-02-09,0,0,,,2,25,0.00000,False,,25
alraha,2021-02-10,0,0,,,2,25,0.00000,False,,25
alraha,2021-02-11,0,0,,,2,25,0.00000,False,,25
alraha,2021-02-12,0,0,,,2,25,0.00000,False,,25
alraha,2021-02-13,0,0,,,2,25,0.00000,False,,25
alraha,2021-02-14,0,0,,,2,25,0.00000,False,,25
alraha,2021-02-15,0,0,,,2,25,0.00000,False,,25
alraha,2021-02-16,0,0,,,2,25,0.00000,False,,25
alraha,2021-02-17,0,0,,,2,25,0.00000,False,,25
alraha,2021-02-18,0,0,,,2,25,0.00000,False,,25
alraha,2021-02-19,0,0,,,2,25,0.00000,False,,25
alraha,2021-02-20,0,0,,,2,25,0.00000,False,,25
alraha,2021-02-21,0,0,,,2,25,0.00000,False,,25
alraha,2021-02-22,0,0,,,2,25,0.00000,False,,25
alraha,2021-02-23,0,0,,,2,25,0.00000,False,,25
alraha,2021-02-24,0,0,,,2,25,0.00000,False,,25
alraha,2021-02-25,0,0,,,2,25,0.00000,False,,25
alraha,2021-02-26,0,0,,,2,25,0.00000,False,,25
alraha,2021-02-27,0,0,,,2,25,0.00000,False,,25
alraha,2021-02-28,0,0,,,2,25,0.00000,False,,25
alraha,2021-03-01,0,0,,,3,25,0.00000,False,,25
alraha,2021-03-02,0,0,,,3,25,0.00000,False,,25
alraha,2021-03-03,0,0,,,3,25,0.00000,False,,25
alraha,2021-03-04,23,0,1.01786,0.80073,3,25,0.92000,True,0.00000,25
alraha,2021-03-05,0,0,,,3,25,0.00000,False,,25
alraha,2021-03-06,13,0,1.59468,0.83771,3,25,0.52000,True,0.00000,25
alraha,2021-03-07,21,0,0.82633,0.80052,3,25,0.84000,True,0.00000,25
alraha,2021-03-08,19,0,1.36715,0.74085,3,25,0.76000,True,0.00000,25
alraha,2021-03-09,20,0,1.64988,0.77767,3,25,0.80000,True,0.00000,25
alraha,2021-03-10,0,0,,,3,25,0.00000,False,,25
alraha,2021-03-11,0,0,,,3,25,0.00000,False,,25
alraha,2021-03-12,11,2,2.39408,0.82796,3,25,0.44000,True,0.18182,25
alraha,2021-03-13,6,0,-0.46300,0.70990,3,25,0.24000,True,0.00000,25
alraha,2021-03-14,0,0,,,3,25,0.00000,False,,25
alraha,2021-03-15,15,0,0.69696,0.83690,3,25,0.60000,True,0.00000,25
alraha,2021-03-16,1,0,-0.27800,0.70236,3,25,0.04000,False,,25
alraha,2021-03-17,3,0,-0.13570,0.71811,3,25,0.12000,True,0.00000,25
alraha,2021-03-18,0,0,,,3,25,0.00000,False,,25
alraha,2021-03-19,12,1,2.95195,0.77559,3,25,0.48000,True,0.08333,25
alraha,2021-03-20,3,0,-0.74565,0.65061,3,25,0.12000,True,0.00000,25
alraha,2021-03-21,23,0,0.97543,0.84689,3,25,0.92000,True,0.00000,25
alraha,2021-03-22,0,0,,,3,25,0.00000,False,,25
alraha,2021-03-23,24,1,2.30779,0.89629,3,25,0.96000,True,0.04167,25
alraha,2021-03-24,22,1,2.18454,0.90339,3,25,0.88000,True,0.04545,25
alraha,2021-03-25,15,1,2.58194,0.74803,3,25,0.60000,True,0.06667,25
alraha,2021-03-26,0,0,,,3,25,0.00000,False,,25
alraha,2021-03-27,23,0,1.78345,0.85564,3,25,0.92000,True,0.00000,25
alraha,2021-03-28,20,0,1.27848,0.80966,3,25,0.80000,True,0.00000,25
alraha,2021-03-29,13,0,1.37271,0.80396,3,25,0.52000,True,0.00000,25
alraha,2021-03-30,0,0,,,3,25,0.00000,False,,25
alraha,2021-03-31,19,1,3.16868,0.82677,3,25,0.76000,True,0.05263,25
alraha,2021-04-01,19,0,1.29637,0.78628,4,25,0.76000,True,0.00000,25
alraha,2021-04-02,13,0,1.48522,0.86614,4,25,0.52000,True,0.00000,25
alraha,2021-04-03,7,0,1.40494,0.94730,4,25,0.28000,True,0.00000,25
alraha,2021-04-04,22,0,0.91508,0.90333,4,25,0.88000,True,0.00000,25
alraha,2021-04-05,21,0,1.50768,0.88626,4,25,0.84000,True,0.00000,25
alraha,2021-04-06,15,0,1.19787,0.87151,4,25,0.60000,True,0.00000,25
alraha,2021-04-07,21,0,1.10075,0.89539,4,25,0.84000,True,0.00000,25
alraha,2021-04-08,19,0,0.77664,0.80204,4,25,0.76000,True,0.00000,25
alraha,2021-04-09,21,0,1.16785,0.86389,4,25,0.84000,True,0.00000,25
alraha,2021-04-10,0,0,,,4,25,0.00000,False,,25
alraha,2021-04-11,0,0,,,4,25,0.00000,False,,25
alraha,2021-04-12,13,0,1.59530,0.87716,4,25,0.52000,True,0.00000,25
alraha,2021-04-13,16,0,1.32903,0.76967,4,25,0.64000,True,0.00000,25
alraha,2021-04-14,0,0,,,4,25,0.00000,False,,25
alraha,2021-04-15,3,0,0.41203,0.68346,4,25,0.12000,True,0.00000,25
alraha,2021-04-16,10,1,3.31596,0.79752,4,25,0.40000,True,0.10000,25
alraha,2021-04-17,15,0,0.90772,0.82565,4,25,0.60000,True,0.00000,25
alraha,2021-04-18,0,0,,,4,25,0.00000,False,,25
alraha,2021-04-19,19,0,1.37422,0.89385,4,25,0.76000,True,0.00000,25
alraha,2021-04-20,14,0,1.78204,0.81961,4,25,0.56000,True,0.00000,25
alraha,2021-04-21,0,0,,,4,25,0.00000,False,,25
alraha,2021-04-22,0,0,,,4,25,0.00000,False,,25
alraha,2021-04-23,20,0,1.89377,0.91137,4,25,0.80000,True,0.00000,25
alraha,2021-04-24,12,1,2.24072,0.91732,4,25,0.48000,True,0.08333,25
alraha,2021-04-25,17,2,2.43930,0.81890,4,25,0.68000,True,0.11765,25
alraha,2021-04-26,0,0,,,4,25,0.00000,False,,25
alraha,2021-04-27,0,0,,,4,25,0.00000,False,,25
alraha,2021-04-28,1,0,0.20245,0.87644,4,25,0.04000,False,,25
alraha,2021-04-29,1,0,-1.08982,0.90859,4,25,0.04000,False,,25
alraha,2021-04-30,0,0,,,4,25,0.00000,False,,25
alraha,2021-05-01,24,0,0.56247,0.80381,5,25,0.96000,True,0.00000,25
alraha,2021-05-02,20,0,0.70381,0.89513,5,25,0.80000,True,0.00000,25
alraha,2021-05-03,0,0,,,5,25,0.00000,False,,25
alraha,2021-05-04,11,0,1.03172,0.86516,5,25,0.44000,True,0.00000,25
alraha,2021-05-05,13,0,1.37880,0.73275,5,25,0.52000,True,0.00000,25
alraha,2021-05-06,16,0,1.42712,0.85032,5,25,0.64000,True,0.00000,25
alraha,2021-05-07,0,0,,,5,25,0.00000,False,,25
alraha,2021-05-08,19,0,1.31757,0.88949,5,25,0.76000,True,0.00000,25
alraha,2021-05-09,21,0,1.08879,0.81890,5,25,0.84000,True,0.00000,25
alraha,2021-05-10,19,0,1.15926,0.85197,5,25,0.76000,True,0.00000,25
alraha,2021-05-11,0,0,,,5,25,0.00000,False,,25
alraha,2021-05-12,15,0,1.71289,0.81747,5,25,0.60000,True,0.00000,25
alraha,2021-05-13,19,0,1.90366,0.82079,5,25,0.76000,True,0.00000,25
alraha,2021-05-14,22,0,1.26966,0.85031,5,25,0.88000,True,0.00000,25
alraha,2021-05-15,0,0,,,5,25,0.00000,False,,25
alraha,2021-05-16,22,1,2.85718,0.89007,5,25,0.88000,True,0.04545,25
alraha,2021-05-17,15,1,2.17182,0.92999,5,25,0.60000,True,0.06667,25
alraha,2021-05-18,25,0,1.14236,0.87984,5,25,1.00000,True,0.00000,25
alraha,2021-05-19,0,0,,,5,25,0.00000,False,,25
alraha,2021-05-20,24,0,1.73987,0.90347,5,25,0.96000,True,0.00000,25
alraha,2021-05-21,16,2,3.12688,0.91656,5,25,0.64000,True,0.12500,25
alraha,2021-05-22,24,2,2.68737,0.86232,5,25,0.96000,True,0.08333,25
alraha,2021-05-23,0,0,,,5,25,0.00000,False,,25
alraha,2021-05-24,21,0,1.57653,0.86898,5,25,0.84000,True,0.00000,25
alraha,2021-05-25,18,1,3.90060,0.86847,5,25,0.72000,True,0.05556,25
alraha,2021-05-26,4,0,0.13961,0.85436,5,25,0.16000,True,0.00000,25
alraha,2021-05-27,0,0,,,5,25,0.00000,False,,25
alraha,2021-05-28,25,1,2.40030,0.83858,5,25,1.00000,True,0.04000,25
alraha,2021-05-29,20,1,2.69885,0.85240,5,25,0.80000,True,0.05000,25
alraha,2021-05-30,0,0,,,5,25,0.00000,False,,25
alraha,2021-05-31,3,0,0.26912,0.74646,5,25,0.12000,True,0.00000,25
alraha,2021-06-01,25,0,1.21639,0.89239,6,25,1.00000,True,0.00000,25
alraha,2021-06-02,22,0,1.26019,0.88178,6,25,0.88000,True,0.00000,25
alraha,2021-06-03,0,0,,,6,25,0.00000,False,,25
alraha,2021-06-04,20,1,2.62112,0.92967,6,25,0.80000,True,0.05000,25
alraha,2021-06-05,23,0,1.44077,0.85887,6,25,0.92000,True,0.00000,25
alraha,2021-06-06,23,0,1.09887,0.92041,6,25,0.92000,True,0.00000,25
alraha,2021-06-07,0,0,,,6,25,0.00000,False,,25
alraha,2021-06-08,21,1,2.09642,0.82283,6,25,0.84000,True,0.04762,25
alraha,2021-06-09,0,0,,,6,25,0.00000,False,,25
alraha,2021-06-10,21,0,0.96419,0.85433,6,25,0.84000,True,0.00000,25
alraha,2021-06-11,0,0,,,6,25,0.00000,False,,25
alraha,2021-06-12,18,1,2.71912,0.82972,6,25,0.72000,True,0.05556,25
alraha,2021-06-13,13,0,1.88011,0.79190,6,25,0.52000,True,0.00000,25
alraha,2021-06-14,23,0,1.93904,0.84252,6,25,0.92000,True,0.00000,25
alraha,2021-06-15,0,0,,,6,25,0.00000,False,,25
alraha,2021-06-16,23,0,1.39758,0.88597,6,25,0.92000,True,0.00000,25
alraha,2021-06-17,4,0,0.21848,0.72531,6,25,0.16000,True,0.00000,25
alraha,2021-06-18,14,0,1.48627,0.77911,6,25,0.56000,True,0.00000,25
alraha,2021-06-19,0,0,,,6,25,0.00000,False,,25
alraha,2021-06-20,19,0,0.93478,0.73268,6,25,0.76000,True,0.00000,25
alraha,2021-06-21,13,0,1.16319,0.79528,6,25,0.52000,True,0.00000,25
alraha,2021-06-22,4,0,0.62869,0.81063,6,25,0.16000,True,0.00000,25
alraha,2021-06-23,0,0,,,6,25,0.00000,False,,25
alraha,2021-06-24,22,0,1.99357,0.83925,6,25,0.88000,True,0.00000,25
alraha,2021-06-25,0,0,,,6,25,0.00000,False,,25
alraha,2021-06-26,7,1,2.87020,0.88364,6,25,0.28000,True,0.14286,25
alraha,2021-06-27,0,0,,,6,25,0.00000,False,,25
alraha,2021-06-28,0,0,,,6,25,0.00000,False,,25
alraha,2021-06-29,0,0,,,6,25,0.00000,False,,25
alraha,2021-06-30,0,0,,,6,25,0.00000,False,,25
alraha,2021-07-01,0,0,,,7,24,0.00000,False,,25
alraha,2021-07-02,0,0,,,7,24,0.00000,False,,25
alraha,2021-07-03,12,0,1.65973,0.78904,7,24,0.50000,True,0.00000,25
alraha,2021-07-04,0,0,,,7,24,0.00000,False,,25
alraha,2021-07-05,17,0,1.83854,0.78740,7,24,0.70833,True,0.00000,25
alraha,2021-07-06,4,0,-1.50193,0.70391,7,24,0.16667,True,0.00000,25
alraha,2021-07-07,2,0,-1.95763,0.61549,7,24,0.08333,False,,25
alraha,2021-07-08,0,0,,,7,24,0.00000,False,,25
alraha,2021-07-09,19,0,1.42009,0.84567,7,24,0.79167,True,0.00000,25
alraha,2021-07-10,2,0,1.15972,0.89954,7,24,0.08333,False,,25
alraha,2021-07-11,16,0,0.61321,0.77165,7,24,0.66667,True,0.00000,25
alraha,2021-07-12,0,0,,,7,24,0.00000,False,,25
alraha,2021-07-13,6,0,-0.27633,0.81166,7,24,0.25000,True,0.00000,25
alraha,2021-07-14,6,0,1.57697,0.84478,7,24,0.25000,True,0.00000,25
alraha,2021-07-15,0,0,,,7,24,0.00000,False,,25
alraha,2021-07-16,0,0,,,7,24,0.00000,False,,25
alraha,2021-07-17,0,0,,,7,24,0.00000,False,,25
alraha,2021-07-18,15,1,2.50553,0.86754,7,24,0.62500,True,0.06667,25
alraha,2021-07-19,22,0,1.66451,0.90497,7,24,0.91667,True,0.00000,25
alraha,2021-07-20,0,0,,,7,24,0.00000,False,,25
alraha,2021-07-21,0,0,,,7,24,0.00000,False,,25
alraha,2021-07-22,14,0,1.75869,0.74865,7,24,0.58333,True,0.00000,25
alraha,2021-07-23,7,0,0.24403,0.72687,7,24,0.29167,True,0.00000,25
alraha,2021-07-24,1,0,-0.14926,0.64803,7,24,0.04167,False,,25
alraha,2021-07-25,17,0,1.63520,0.70641,7,24,0.70833,True,0.00000,25
alraha,2021-07-26,16,0,1.05268,0.78583,7,24,0.66667,True,0.00000,25
alraha,2021-07-27,0,0,,,7,24,0.00000,False,,25
alraha,2021-07-28,11,0,1.17546,0.81890,7,24,0.45833,True,0.00000,25
alraha,2021-07-29,2,0,-0.83517,0.79823,7,24,0.08333,False,,25
alraha,2021-07-30,1,0,-1.27714,0.65442,7,24,0.04167,False,,25
alraha,2021-07-31,0,0,,,7,24,0.00000,False,,25
alraha,2021-08-01,22,0,1.99995,0.87805,8,23,0.95652,True,0.00000,25
alraha,2021-08-02,1,0,-0.38913,0.88467,8,23,0.04348,False,,25
alraha,2021-08-03,6,0,1.07029,0.81076,8,23,0.26087,True,0.00000,25
alraha,2021-08-04,0,0,,,8,23,0.00000,False,,25
alraha,2021-08-05,17,0,1.01603,0.81061,8,23,0.73913,True,0.00000,25
alraha,2021-08-06,5,0,0.23988,0.69516,8,23,0.21739,True,0.00000,25
alraha,2021-08-07,19,0,1.99006,0.80258,8,23,0.82609,True,0.00000,25
alraha,2021-08-08,0,0,,,8,23,0.00000,False,,25
alraha,2021-08-09,21,4,3.07103,0.84724,8,23,0.91304,True,0.19048,25
alraha,2021-08-10,6,0,1.44366,0.84391,8,23,0.26087,True,0.00000,25
alraha,2021-08-11,19,0,1.81567,0.93588,8,23,0.82609,True,0.00000,25
alraha,2021-08-12,0,0,,,8,23,0.00000,False,,25
alraha,2021-08-13,9,0,1.90099,0.86929,8,23,0.39130,True,0.00000,25
alraha,2021-08-14,22,0,1.37985,0.89376,8,23,0.95652,True,0.00000,25
alraha,2021-08-15,12,0,1.95103,0.89816,8,23,0.52174,True,0.00000,25
alraha,2021-08-16,0,0,,,8,23,0.00000,False,,25
alraha,2021-08-17,0,0,,,8,23,0.00000,False,,25
alraha,2021-08-18,12,1,2.25218,0.80906,8,23,0.52174,True,0.08333,25
alraha,2021-08-19,3,0,-1.49936,0.66967,8,23,0.13043,True,0.00000,25
alraha,2021-08-20,3,0,0.40559,0.74016,8,23,0.13043,True,0.00000,25
alraha,2021-08-21,16,0,1.57270,0.86474,8,23,0.69565,True,0.00000,25
alraha,2021-08-22,7,1,2.55999,0.92073,8,23,0.30435,True,0.14286,25
alraha,2021-08-23,0,0,,,8,23,0.00000,False,,25
alraha,2021-08-24,12,0,1.96655,0.84267,8,23,0.52174,True,0.00000,25
alraha,2021-08-25,0,0,,,8,23,0.00000,False,,25
alraha,2021-08-26,15,0,0.71040,0.74541,8,23,0.65217,True,0.00000,25
alraha,2021-08-27,0,0,,,8,23,0.00000,False,,25
alraha,2021-08-28,10,0,0.76803,0.83097,8,23,0.43478,True,0.00000,25
alraha,2021-08-29,2,0,-1.23477,0.75550,8,23,0.08696,False,,25
alraha,2021-08-30,17,0,1.41305,0.79685,8,23,0.73913,True,0.00000,25
alraha,2021-08-31,0,0,,,8,23,0.00000,False,,25
alraha,2021-09-01,19,0,1.54649,0.86839,9,25,0.76000,True,0.00000,25
alraha,2021-09-02,4,0,0.85939,0.74707,9,25,0.16000,True,0.00000,25
alraha,2021-09-03,16,0,1.58261,0.77215,9,25,0.64000,True,0.00000,25
alraha,2021-09-04,0,0,,,9,25,0.00000,False,,25
alraha,2021-09-05,20,0,0.92686,0.79053,9,25,0.80000,True,0.00000,25
alraha,2021-09-06,14,0,0.32977,0.74518,9,25,0.56000,True,0.00000,25
alraha,2021-09-07,9,0,1.97577,0.67717,9,25,0.36000,True,0.00000,25
alraha,2021-09-08,0,0,,,9,25,0.00000,False,,25
alraha,2021-09-09,8,0,1.20847,0.77047,9,25,0.32000,True,0.00000,25
alraha,2021-09-10,13,0,1.42828,0.63386,9,25,0.52000,True,0.00000,25
alraha,2021-09-11,10,0,1.40629,0.69273,9,25,0.40000,True,0.00000,25
alraha,2021-09-12,12,0,1.68183,0.82999,9,25,0.48000,True,0.00000,25
alraha,2021-09-13,24,0,1.65976,0.82083,9,25,0.96000,True,0.00000,25
alraha,2021-09-14,21,0,1.55963,0.82374,9,25,0.84000,True,0.00000,25
alraha,2021-09-15,11,0,1.10890,0.79774,9,25,0.44000,True,0.00000,25
alraha,2021-09-16,22,0,1.33517,0.86483,9,25,0.88000,True,0.00000,25
alraha,2021-09-17,21,0,0.82054,0.79415,9,25,0.84000,True,0.00000,25
alraha,2021-09-18,21,1,2.90218,0.83657,9,25,0.84000,True,0.04762,25
alraha,2021-09-19,0,0,,,9,25,0.00000,False,,25
alraha,2021-09-20,13,2,2.19442,0.81382,9,25,0.52000,True,0.15385,25
alraha,2021-09-21,10,0,0.26600,0.77674,9,25,0.40000,True,0.00000,25
alraha,2021-09-22,20,0,1.73704,0.77079,9,25,0.80000,True,0.00000,25
alraha,2021-09-23,0,0,,,9,25,0.00000,False,,25
alraha,2021-09-24,20,0,0.57595,0.80549,9,25,0.80000,True,0.00000,25
alraha,2021-09-25,16,0,0.58472,0.79012,9,25,0.64000,True,0.00000,25
alraha,2021-09-26,23,0,0.81201,0.81010,9,25,0.92000,True,0.00000,25
alraha,2021-09-27,0,0,,,9,25,0.00000,False,,25
alraha,2021-09-28,19,0,1.74557,0.71916,9,25,0.76000,True,0.00000,25
alraha,2021-09-29,23,0,1.87050,0.82884,9,25,0.92000,True,0.00000,25
alraha,2021-09-30,11,4,4.39400,0.92717,9,25,0.44000,True,0.36364,25
alraha,2021-10-01,10,0,1.18231,0.76397,10,29,0.34483,True,0.00000,25
alraha,2021-10-02,3,0,-0.17611,0.76850,10,29,0.10345,True,0.00000,25
alraha,2021-10-03,3,0,-0.75510,0.63477,10,29,0.10345,True,0.00000,25
alraha,2021-10-04,9,1,2.39177,0.76239,10,29,0.31034,True,0.11111,25
alraha,2021-10-05,19,1,2.29853,0.78808,10,29,0.65517,True,0.05263,25
alraha,2021-10-06,24,0,1.16980,0.78864,10,29,0.82759,True,0.00000,25
alraha,2021-10-07,18,1,2.63815,0.79973,10,29,0.62069,True,0.05556,25
alraha,2021-10-08,13,0,1.60413,0.77865,10,29,0.44828,True,0.00000,25
alraha,2021-10-09,22,0,1.43086,0.74937,10,29,0.75862,True,0.00000,25
alraha,2021-10-10,25,0,0.24299,0.79148,10,29,0.86207,True,0.00000,25
alraha,2021-10-11,23,0,1.96882,0.81575,10,29,0.79310,True,0.00000,25
alraha,2021-10-12,12,0,1.09533,0.79903,10,29,0.41379,True,0.00000,25
alraha,2021-10-13,24,0,1.90652,0.81288,10,29,0.82759,True,0.00000,25
alraha,2021-10-14,26,0,1.51090,0.81876,10,29,0.89655,True,0.00000,25
alraha,2021-10-15,21,0,0.79403,0.80315,10,29,0.72414,True,0.00000,25
alraha,2021-10-16,0,0,,,10,29,0.00000,False,,25
alraha,2021-10-17,21,0,0.86432,0.77106,10,29,0.72414,True,0.00000,25
alraha,2021-10-18,27,0,1.60155,0.77756,10,29,0.93103,True,0.00000,25
alraha,2021-10-19,0,0,,,10,29,0.00000,False,,25
alraha,2021-10-20,0,0,,,10,29,0.00000,False,,25
alraha,2021-10-21,26,1,2.15319,0.78470,10,29,0.89655,True,0.03846,25
alraha,2021-10-22,24,0,-0.05008,0.75480,10,29,0.82759,True,0.00000,25
alraha,2021-10-23,19,0,-0.54606,0.74934,10,29,0.65517,True,0.00000,25
alraha,2021-10-24,0,0,,,10,29,0.00000,False,,25
alraha,2021-10-25,20,0,1.26581,0.72226,10,29,0.68966,True,0.00000,25
alraha,2021-10-26,23,0,0.55511,0.77717,10,29,0.79310,True,0.00000,25
alraha,2021-10-27,26,0,0.75276,0.81120,10,29,0.89655,True,0.00000,25
alraha,2021-10-28,28,0,0.66704,0.76509,10,29,0.96552,True,0.00000,25
alraha,2021-10-29,26,0,1.34766,0.78287,10,29,0.89655,True,0.00000,25
alraha,2021-10-30,24,0,0.75276,0.79076,10,29,0.82759,True,0.00000,25
alraha,2021-10-31,0,0,,,10,29,0.00000,False,,25
alraha,2021-11-01,26,0,1.85034,0.77198,11,32,0.81250,True,0.00000,25
alraha,2021-11-02,22,0,0.30228,0.72365,11,32,0.68750,True,0.00000,25
alraha,2021-11-03,24,0,1.95935,0.76423,11,32,0.75000,True,0.00000,25
alraha,2021-11-04,11,0,0.66134,0.70310,11,32,0.34375,True,0.00000,25
alraha,2021-11-05,27,0,1.17202,0.74016,11,32,0.84375,True,0.00000,25
alraha,2021-11-06,16,0,1.53974,0.73374,11,32,0.50000,True,0.00000,25
alraha,2021-11-07,27,0,1.26988,0.79456,11,32,0.84375,True,0.00000,25
alraha,2021-11-08,9,0,1.56553,0.74016,11,32,0.28125,True,0.00000,25
alraha,2021-11-09,24,0,1.11738,0.80381,11,32,0.75000,True,0.00000,25
alraha,2021-11-10,19,0,1.13624,0.70200,11,32,0.59375,True,0.00000,25
alraha,2021-11-11,27,1,2.31378,0.80990,11,32,0.84375,True,0.03704,25
alraha,2021-11-12,0,0,,,11,32,0.00000,False,,25
alraha,2021-11-13,23,2,2.26284,0.79205,11,32,0.71875,True,0.08696,25
alraha,2021-11-14,30,2,2.12980,0.77291,11,32,0.93750,True,0.06667,25
alraha,2021-11-15,27,0,0.83897,0.82565,11,32,0.84375,True,0.00000,25
alraha,2021-11-16,0,0,,,11,32,0.00000,False,,25
alraha,2021-11-17,26,0,1.47029,0.79273,11,32,0.81250,True,0.00000,25
alraha,2021-11-18,28,0,0.73336,0.76335,11,32,0.87500,True,0.00000,25
alraha,2021-11-19,9,0,-0.62761,0.50262,11,32,0.28125,True,0.00000,25
alraha,2021-11-20,0,0,,,11,32,0.00000,False,,25
alraha,2021-11-21,25,0,1.17774,0.81428,11,32,0.78125,True,0.00000,25
alraha,2021-11-22,26,0,0.37903,0.77400,11,32,0.81250,True,0.00000,25
alraha,2021-11-23,24,0,1.18388,0.79387,11,32,0.75000,True,0.00000,25
alraha,2021-11-24,29,0,-0.11531,0.72913,11,32,0.90625,True,0.00000,25
alraha,2021-11-25,29,0,1.01305,0.80840,11,32,0.90625,True,0.00000,25
alraha,2021-11-26,24,0,-0.10864,0.74952,11,32,0.75000,True,0.00000,25
alraha,2021-11-27,16,0,1.13174,0.75629,11,32,0.50000,True,0.00000,25
alraha,2021-11-28,8,0,-0.22219,0.75629,11,32,0.25000,True,0.00000,25
alraha,2021-11-29,13,0,0.70506,0.67244,11,32,0.40625,True,0.00000,25
alraha,2021-11-30,28,0,0.94092,0.74691,11,32,0.87500,True,0.00000,25
alraha,2021-12-01,11,1,2.01753,0.62357,12,32,0.34375,True,0.09091,25
alraha,2021-12-02,31,0,0.79916,0.78215,12,32,0.96875,True,0.00000,25
alraha,2021-12-03,26,0,1.56214,0.75883,12,32,0.81250,True,0.00000,25
alraha,2021-12-04,16,0,1.50847,0.69969,12,32,0.50000,True,0.00000,25
alraha,2021-12-05,9,0,0.41742,0.68481,12,32,0.28125,True,0.00000,25
alraha,2021-12-06,27,0,0.76730,0.76163,12,32,0.84375,True,0.00000,25
alraha,2021-12-07,26,0,0.81741,0.75116,12,32,0.81250,True,0.00000,25
alraha,2021-12-08,21,0,0.88599,0.78898,12,32,0.65625,True,0.00000,25
alraha,2021-12-09,0,0,,,12,32,0.00000,False,,25
alraha,2021-12-10,7,1,3.32505,0.57988,12,32,0.21875,True,0.14286,25
alraha,2021-12-11,30,0,1.27888,0.69189,12,32,0.93750,True,0.00000,25
alraha,2021-12-12,0,0,,,12,32,0.00000,False,,25
alraha,2021-12-13,0,0,,,12,32,0.00000,False,,25
alraha,2021-12-14,27,0,1.11941,0.81239,12,32,0.84375,True,0.00000,25
alraha,2021-12-15,29,0,1.01518,0.77620,12,32,0.90625,True,0.00000,25
alraha,2021-12-16,20,1,2.20261,0.79949,12,32,0.62500,True,0.05000,25
alraha,2021-12-17,0,0,,,12,32,0.00000,False,,25
alraha,2021-12-18,1,0,1.42946,0.52643,12,32,0.03125,False,,25
alraha,2021-12-19,10,0,1.53156,0.59730,12,32,0.31250,True,0.00000,25
alraha,2021-12-20,25,1,2.13194,0.80696,12,32,0.78125,True,0.04000,25
alraha,2021-12-21,29,1,2.00353,0.75859,12,32,0.90625,True,0.03448,25
alraha,2021-12-22,30,0,1.47966,0.81201,12,32,0.93750,True,0.00000,25
alraha,2021-12-23,24,0,0.84942,0.71531,12,32,0.75000,True,0.00000,25
alraha,2021-12-24,18,0,1.95874,0.77010,12,32,0.56250,True,0.00000,25
alraha,2021-12-25,29,0,1.67703,0.74576,12,32,0.90625,True,0.00000,25
alraha,2021-12-26,17,0,1.29576,0.80898,12,32,0.53125,True,0.00000,25
alraha,2021-12-27,25,0,1.28363,0.82298,12,32,0.78125,True,0.00000,25
alraha,2021-12-28,11,4,3.47532,0.79361,12,32,0.34375,True,0.36364,25
alraha,2021-12-29,15,1,2.33358,0.68346,12,32,0.46875,True,0.06667,25
alraha,2021-12-30,0,0,,,12,32,0.00000,False,,25
alraha,2021-12-31,26,0,1.24706,0.71272,12,32,0.81250,True,0.00000,25
barka,2019-01-01,38,4,2.42191,0.53278,1,38,1.00000,True,0.10526,25
barka,2019-01-02,0,0,,,1,38,0.00000,False,,25
barka,2019-01-03,0,0,,,1,38,0.00000,False,,25
barka,2019-01-04,0,0,,,1,38,0.00000,False,,25
barka,2019-01-05,36,0,1.89271,0.46922,1,38,0.94737,True,0.00000,25
barka,2019-01-06,0,0,,,1,38,0.00000,False,,25
barka,2019-01-07,0,0,,,1,38,0.00000,False,,25
barka,2019-01-08,25,1,2.23735,0.47359,1,38,0.65789,True,0.04000,25
barka,2019-01-09,38,2,2.19175,0.47905,1,38,1.00000,True,0.05263,25
barka,2019-01-10,0,0,,,1,38,0.00000,False,,25
barka,2019-01-11,0,0,,,1,38,0.00000,False,,25
barka,2019-01-12,38,1,2.98815,0.44890,1,38,1.00000,True,0.02632,25
barka,2019-01-13,38,2,2.18241,0.51774,1,38,1.00000,True,0.05263,25
barka,2019-01-14,0,0,,,1,38,0.00000,False,,25
barka,2019-01-15,0,0,,,1,38,0.00000,False,,25
barka,2019-01-16,38,5,2.55620,0.65369,1,38,1.00000,True,0.13158,25
barka,2019-01-17,38,1,2.46788,0.30023,1,38,1.00000,True,0.02632,25
barka,2019-01-18,0,0,,,1,38,0.00000,False,,25
barka,2019-01-19,0,0,,,1,38,0.00000,False,,25
barka,2019-01-20,29,15,3.15811,0.84010,1,38,0.76316,True,0.51724,25
barka,2019-01-21,26,1,2.40436,0.77116,1,38,0.68421,True,0.03846,25
barka,2019-01-22,0,0,,,1,38,0.00000,False,,25
barka,2019-01-23,0,0,,,1,38,0.00000,False,,25
barka,2019-01-24,38,0,0.53534,-0.03451,1,38,1.00000,True,0.00000,25
barka,2019-01-25,0,0,,,1,38,0.00000,False,,25
barka,2019-01-26,0,0,,,1,38,0.00000,False,,25
barka,2019-01-27,0,0,,,1,38,0.00000,False,,25
barka,2019-01-28,37,0,1.77584,0.31121,1,38,0.97368,True,0.00000,25
barka,2019-01-29,0,0,,,1,38,0.00000,False,,25
barka,2019-01-30,0,0,,,1,38,0.00000,False,,25
barka,2019-01-31,0,0,,,1,38,0.00000,False,,25
barka,2019-02-01,38,2,2.61904,0.41379,2,38,1.00000,True,0.05263,25
barka,2019-02-02,0,0,,,2,38,0.00000,False,,25
barka,2019-02-03,0,0,,,2,38,0.00000,False,,25
barka,2019-02-04,26,0,1.71272,0.63370,2,38,0.68421,True,0.00000,25
barka,2019-02-05,17,0,1.40775,0.71431,2,38,0.44737,True,0.00000,25
barka,2019-02-06,0,0,,,2,38,0.00000,False,,25
barka,2019-02-07,0,0,,,2,38,0.00000,False,,25
barka,2019-02-08,38,0,1.74766,0.63474,2,38,1.00000,True,0.00000,25
barka,2019-02-09,38,0,1.72006,0.64487,2,38,1.00000,True,0.00000,25
barka,2019-02-10,0,0,,,2,38,0.00000,False,,25
barka,2019-02-11,0,0,,,2,38,0.00000,False,,25
barka,2019-02-12,25,1,2.22964,0.66136,2,38,0.65789,True,0.04000,25
barka,2019-02-13,37,0,1.33096,0.58014,2,38,0.97368,True,0.00000,25
barka,2019-02-14,0,0,,,2,38,0.00000,False,,25
barka,2019-02-15,0,0,,,2,38,0.00000,False,,25
barka,2019-02-16,32,1,2.14844,0.65154,2,38,0.84211,True,0.03125,25
barka,2019-02-17,20,0,1.77481,0.30937,2,38,0.52632,True,0.00000,25
barka,2019-02-18,0,0,,,2,38,0.00000,False,,25
barka,2019-02-19,0,0,,,2,38,0.00000,False,,25
barka,2019-02-20,37,3,2.14984,0.66223,2,38,0.97368,True,0.08108,25
barka,2019-02-21,0,0,,,2,38,0.00000,False,,25
barka,2019-02-22,0,0,,,2,38,0.00000,False,,25
barka,2019-02-23,0,0,,,2,38,0.00000,False,,25
barka,2019-02-24,37,0,-0.92681,0.00705,2,38,0.97368,True,0.00000,25
barka,2019-02-25,0,0,,,2,38,0.00000,False,,25
barka,2019-02-26,0,0,,,2,38,0.00000,False,,25
barka,2019-02-27,0,0,,,2,38,0.00000,False,,25
barka,2019-02-28,14,0,1.32238,0.36150,2,38,0.36842,True,0.00000,25
barka,2019-03-01,0,0,,,3,38,0.00000,False,,25
barka,2019-03-02,0,0,,,3,38,0.00000,False,,25
barka,2019-03-03,1,0,0.29428,0.88032,3,38,0.02632,False,,25
barka,2019-03-04,38,0,1.58530,0.49056,3,38,1.00000,True,0.00000,25
barka,2019-03-05,0,0,,,3,38,0.00000,False,,25
barka,2019-03-06,0,0,,,3,38,0.00000,False,,25
barka,2019-03-07,1,0,1.28177,0.89677,3,38,0.02632,False,,25
barka,2019-03-08,25,0,0.93296,0.21877,3,38,0.65789,True,0.00000,25
barka,2019-03-09,0,0,,,3,38,0.00000,False,,25
barka,2019-03-10,0,0,,,3,38,0.00000,False,,25
barka,2019-03-11,36,0,1.33837,0.53911,3,38,0.94737,True,0.00000,25
barka,2019-03-12,38,0,1.53601,0.55738,3,38,1.00000,True,0.00000,25
barka,2019-03-13,0,0,,,3,38,0.00000,False,,25
barka,2019-03-14,0,0,,,3,38,0.00000,False,,25
barka,2019-03-15,9,0,0.63813,0.33665,3,38,0.23684,True,0.00000,25
barka,2019-03-16,1,0,-0.70110,0.38873,3,38,0.02632,False,,25
barka,2019-03-17,0,0,,,3,38,0.00000,False,,25
barka,2019-03-18,0,0,,,3,38,0.00000,False,,25
barka,2019-03-19,38,5,2.40572,0.80515,3,38,1.00000,True,0.13158,25
barka,2019-03-20,0,0,,,3,38,0.00000,False,,25
barka,2019-03-21,0,0,,,3,38,0.00000,False,,25
barka,2019-03-22,1,0,0.04632,0.50214,3,38,0.02632,False,,25
barka,2019-03-23,0,0,,,3,38,0.00000,False,,25
barka,2019-03-24,0,0,,,3,38,0.00000,False,,25
barka,2019-03-25,26,0,1.76806,0.38509,3,38,0.68421,True,0.00000,25
barka,2019-03-26,28,2,2.07355,0.61241,3,38,0.73684,True,0.07143,25
barka,2019-03-27,0,0,,,3,38,0.00000,False,,25
barka,2019-03-28,0,0,,,3,38,0.00000,False,,25
barka,2019-03-29,37,22,3.28247,1.02116,3,38,0.97368,True,0.59459,25
barka,2019-03-30,0,0,,,3,38,0.00000,False,,25
barka,2019-03-31,0,0,,,3,38,0.00000,False,,25
barka,2019-04-01,0,0,,,4,38,0.00000,False,,25
barka,2019-04-02,36,29,3.72531,0.94113,4,38,0.94737,True,0.80556,25
barka,2019-04-03,0,0,,,4,38,0.00000,False,,25
barka,2019-04-04,33,0,1.52639,0.29080,4,38,0.86842,True,0.00000,25
barka,2019-04-05,0,0,,,4,38,0.00000,False,,25
barka,2019-04-06,0,0,,,4,38,0.00000,False,,25
barka,2019-04-07,0,0,,,4,38,0.00000,False,,25
barka,2019-04-08,0,0,,,4,38,0.00000,False,,25
barka,2019-04-09,0,0,,,4,38,0.00000,False,,25
barka,2019-04-10,3,2,3.12461,0.96378,4,38,0.07895,False,,25
barka,2019-04-11,3,3,2.76135,0.71316,4,38,0.07895,False,,25
barka,2019-04-12,1,0,-0.78828,-0.12707,4,38,0.02632,False,,25
barka,2019-04-13,0,0,,,4,38,0.00000,False,,25
barka,2019-04-14,0,0,,,4,38,0.00000,False,,25
barka,2019-04-15,32,1,2.14480,0.46719,4,38,0.84211,True,0.03125,25
barka,2019-04-16,0,0,,,4,38,0.00000,False,,25
barka,2019-04-17,0,0,,,4,38,0.00000,False,,25
barka,2019-04-18,38,2,2.18624,0.42898,4,38,1.00000,True,0.05263,25
barka,2019-04-19,38,0,1.98383,0.44556,4,38,1.00000,True,0.00000,25
barka,2019-04-20,0,0,,,4,38,0.00000,False,,25
barka,2019-04-21,0,0,,,4,38,0.00000,False,,25
barka,2019-04-22,38,3,2.23277,0.43926,4,38,1.00000,True,0.07895,25
barka,2019-04-23,38,1,2.16451,0.35053,4,38,1.00000,True,0.02632,25
barka,2019-04-24,0,0,,,4,38,0.00000,False,,25
barka,2019-04-25,3,0,0.95909,0.87244,4,38,0.07895,False,,25
barka,2019-04-26,0,0,,,4,38,0.00000,False,,25
barka,2019-04-27,30,0,-0.12871,-0.15008,4,38,0.78947,True,0.00000,25
barka,2019-04-28,0,0,,,4,38,0.00000,False,,25
barka,2019-04-29,38,2,2.66794,0.18293,4,38,1.00000,True,0.05263,25
barka,2019-04-30,0,0,,,4,38,0.00000,False,,25
barka,2019-05-01,38,10,3.25357,0.18235,5,38,1.00000,True,0.26316,25
barka,2019-05-02,0,0,,,5,38,0.00000,False,,25
barka,2019-05-03,38,4,2.37751,0.09642,5,38,1.00000,True,0.10526,25
barka,2019-05-04,0,0,,,5,38,0.00000,False,,25
barka,2019-05-05,31,3,2.51406,-0.06474,5,38,0.81579,True,0.09677,25
barka,2019-05-06,0,0,,,5,38,0.00000,False,,25
barka,2019-05-07,38,4,2.72994,0.04387,5,38,1.00000,True,0.10526,25
barka,2019-05-08,0,0,,,5,38,0.00000,False,,25
barka,2019-05-09,0,0,,,5,38,0.00000,False,,25
barka,2019-05-10,0,0,,,5,38,0.00000,False,,25
barka,2019-05-11,25,1,2.16210,-0.07100,5,38,0.65789,True,0.04000,25
barka,2019-05-12,22,1,2.80637,-0.05361,5,38,0.57895,True,0.04545,25
barka,2019-05-13,0,0,,,5,38,0.00000,False,,25
barka,2019-05-14,0,0,,,5,38,0.00000,False,,25
barka,2019-05-15,20,5,3.00551,0.04298,5,38,0.52632,True,0.25000,25
barka,2019-05-16,36,0,1.59866,-0.19819,5,38,0.94737,True,0.00000,25
barka,2019-05-17,0,0,,,5,38,0.00000,False,,25
barka,2019-05-18,0,0,,,5,38,0.00000,False,,25
barka,2019-05-19,2,0,1.61258,-0.05685,5,38,0.05263,False,,25
barka,2019-05-20,0,0,,,5,38,0.00000,False,,25
barka,2019-05-21,0,0,,,5,38,0.00000,False,,25
barka,2019-05-22,0,0,,,5,38,0.00000,False,,25
barka,2019-05-23,0,0,,,5,38,0.00000,False,,25
barka,2019-05-24,34,0,1.42412,-0.15041,5,38,0.89474,True,0.00000,25
barka,2019-05-25,0,0,,,5,38,0.00000,False,,25
barka,2019-05-26,38,2,2.35563,0.04188,5,38,1.00000,True,0.05263,25
barka,2019-05-27,0,0,,,5,38,0.00000,False,,25
barka,2019-05-28,38,24,3.35657,0.44061,5,38,1.00000,True,0.63158,25
barka,2019-05-29,0,0,,,5,38,0.00000,False,,25
barka,2019-05-30,0,0,,,5,38,0.00000,False,,25
barka,2019-05-31,0,0,,,5,38,0.00000,False,,25
barka,2019-06-01,37,0,1.74322,-0.03455,6,38,0.97368,True,0.00000,25
barka,2019-06-02,0,0,,,6,38,0.00000,False,,25
barka,2019-06-03,38,0,0.18727,-0.27294,6,38,1.00000,True,0.00000,25
barka,2019-06-04,0,0,,,6,38,0.00000,False,,25
barka,2019-06-05,29,0,1.30284,-0.28906,6,38,0.76316,True,0.00000,25
barka,2019-06-06,0,0,,,6,38,0.00000,False,,25
barka,2019-06-07,38,0,0.06464,-0.39711,6,38,1.00000,True,0.00000,25
barka,2019-06-08,4,4,3.02237,1.09756,6,38,0.10526,True,1.00000,25
barka,2019-06-09,0,0,,,6,38,0.00000,False,,25
barka,2019-06-10,0,0,,,6,38,0.00000,False,,25
barka,2019-06-11,37,0,0.43469,-0.26977,6,38,0.97368,True,0.00000,25
barka,2019-06-12,30,0,1.27715,-0.49840,6,38,0.78947,True,0.00000,25
barka,2019-06-13,0,0,,,6,38,0.00000,False,,25
barka,2019-06-14,0,0,,,6,38,0.00000,False,,25
barka,2019-06-15,38,0,0.40343,-0.34599,6,38,1.00000,True,0.00000,25
barka,2019-06-16,36,0,0.01786,-0.30487,6,38,0.94737,True,0.00000,25
barka,2019-06-17,0,0,,,6,38,0.00000,False,,25
barka,2019-06-18,10,0,0.62609,-0.26294,6,38,0.26316,True,0.00000,25
barka,2019-06-19,0,0,,,6,38,0.00000,False,,25
barka,2019-06-20,32,0,0.73659,-0.23824,6,38,0.84211,True,0.00000,25
barka,2019-06-21,0,0,,,6,38,0.00000,False,,25
barka,2019-06-22,38,0,1.44688,-0.07730,6,38,1.00000,True,0.00000,25
barka,2019-06-23,0,0,,,6,38,0.00000,False,,25
barka,2019-06-24,11,1,2.17337,-0.21313,6,38,0.28947,True,0.09091,25
barka,2019-06-25,0,0,,,6,38,0.00000,False,,25
barka,2019-06-26,35,4,2.75721,0.33326,6,38,0.92105,True,0.11429,25
barka,2019-06-27,0,0,,,6,38,0.00000,False,,25
barka,2019-06-28,22,0,1.58184,-0.06727,6,38,0.57895,True,0.00000,25
barka,2019-06-29,0,0,,,6,38,0.00000,False,,25
barka,2019-06-30,38,0,0.96600,-0.09338,6,38,1.00000,True,0.00000,25
barka,2019-07-01,0,0,,,7,38,0.00000,False,,25
barka,2019-07-02,32,0,0.32649,-0.10982,7,38,0.84211,True,0.00000,25
barka,2019-07-03,0,0,,,7,38,0.00000,False,,25
barka,2019-07-04,32,0,1.40208,0.18859,7,38,0.84211,True,0.00000,25
barka,2019-07-05,29,0,1.58269,0.18785,7,38,0.76316,True,0.00000,25
barka,2019-07-06,0,0,,,7,38,0.00000,False,,25
barka,2019-07-07,0,0,,,7,38,0.00000,False,,25
barka,2019-07-08,34,0,1.89319,0.32159,7,38,0.89474,True,0.00000,25
barka,2019-07-09,38,3,2.93937,0.29437,7,38,1.00000,True,0.07895,25
barka,2019-07-10,0,0,,,7,38,0.00000,False,,25
barka,2019-07-11,0,0,,,7,38,0.00000,False,,25
barka,2019-07-12,33,1,2.11004,0.17838,7,38,0.86842,True,0.03030,25
barka,2019-07-13,30,1,2.80400,0.38315,7,38,0.78947,True,0.03333,25
barka,2019-07-14,0,0,,,7,38,0.00000,False,,25
barka,2019-07-15,7,1,2.44692,0.31925,7,38,0.18421,True,0.14286,25
barka,2019-07-16,0,0,,,7,38,0.00000,False,,25
barka,2019-07-17,4,0,1.38115,0.31409,7,38,0.10526,True,0.00000,25
barka,2019-07-18,0,0,,,7,38,0.00000,False,,25
barka,2019-07-19,26,0,0.22647,-0.17957,7,38,0.68421,True,0.00000,25
barka,2019-07-20,0,0,,,7,38,0.00000,False,,25
barka,2019-07-21,17,0,-1.26047,-0.45092,7,38,0.44737,True,0.00000,25
barka,2019-07-22,0,0,,,7,38,0.00000,False,,25
barka,2019-07-23,0,0,,,7,38,0.00000,False,,25
barka,2019-07-24,0,0,,,7,38,0.00000,False,,25
barka,2019-07-25,9,0,-0.62223,-0.34961,7,38,0.23684,True,0.00000,25
barka,2019-07-26,0,0,,,7,38,0.00000,False,,25
barka,2019-07-27,27,2,2.36247,0.35537,7,38,0.71053,True,0.07407,25
barka,2019-07-28,1,0,1.03251,0.79265,7,38,0.02632,False,,25
barka,2019-07-29,0,0,,,7,38,0.00000,False,,25
barka,2019-07-30,0,0,,,7,38,0.00000,False,,25
barka,2019-07-31,0,0,,,7,38,0.00000,False,,25
barka,2019-08-01,23,10,2.64515,0.43073,8,38,0.60526,True,0.43478,25
barka,2019-08-02,0,0,,,8,38,0.00000,False,,25
barka,2019-08-03,0,0,,,8,38,0.00000,False,,25
barka,2019-08-04,4,1,2.24457,0.60882,8,38,0.10526,True,0.25000,25
barka,2019-08-05,4,1,2.09288,0.44094,8,38,0.10526,True,0.25000,25
barka,2019-08-06,0,0,,,8,38,0.00000,False,,25
barka,2019-08-07,0,0,,,8,38,0.00000,False,,25
barka,2019-08-08,0,0,,,8,38,0.00000,False,,25
barka,2019-08-09,0,0,,,8,38,0.00000,False,,25
barka,2019-08-10,0,0,,,8,38,0.00000,False,,25
barka,2019-08-11,11,0,1.82194,0.45921,8,38,0.28947,True,0.00000,25
barka,2019-08-12,0,0,,,8,38,0.00000,False,,25
barka,2019-08-13,21,0,-0.99669,-0.48710,8,38,0.55263,True,0.00000,25
barka,2019-08-14,0,0,,,8,38,0.00000,False,,25
barka,2019-08-15,18,10,2.64554,0.47288,8,38,0.47368,True,0.55556,25
barka,2019-08-16,0,0,,,8,38,0.00000,False,,25
barka,2019-08-17,37,0,1.86591,0.16048,8,38,0.97368,True,0.00000,25
barka,2019-08-18,0,0,,,8,38,0.00000,False,,25
barka,2019-08-19,38,0,1.76853,0.33196,8,38,1.00000,True,0.00000,25
barka,2019-08-20,0,0,,,8,38,0.00000,False,,25
barka,2019-08-21,33,1,2.23716,-0.02238,8,38,0.86842,True,0.03030,25
barka,2019-08-22,0,0,,,8,38,0.00000,False,,25
barka,2019-08-23,36,0,0.75524,0.07553,8,38,0.94737,True,0.00000,25
barka,2019-08-24,0,0,,,8,38,0.00000,False,,25
barka,2019-08-25,38,0,1.19323,0.27213,8,38,1.00000,True,0.00000,25
barka,2019-08-26,0,0,,,8,38,0.00000,False,,25
barka,2019-08-27,35,0,1.19472,0.17151,8,38,0.92105,True,0.00000,25
barka,2019-08-28,38,0,1.86126,0.30349,8,38,1.00000,True,0.00000,25
barka,2019-08-29,0,0,,,8,38,0.00000,False,,25
barka,2019-08-30,0,0,,,8,38,0.00000,False,,25
barka,2019-08-31,37,0,1.91722,0.44201,8,38,0.97368,True,0.00000,25
barka,2019-09-01,37,0,1.87348,0.11229,9,38,0.97368,True,0.00000,25
barka,2019-09-02,0,0,,,9,38,0.00000,False,,25
barka,2019-09-03,4,3,2.74699,0.38944,9,38,0.10526,True,0.75000,25
barka,2019-09-04,27,0,0.91238,-0.05641,9,38,0.71053,True,0.00000,25
barka,2019-09-05,0,0,,,9,38,0.00000,False,,25
barka,2019-09-06,0,0,,,9,38,0.00000,False,,25
barka,2019-09-07,0,0,,,9,38,0.00000,False,,25
barka,2019-09-08,0,0,,,9,38,0.00000,False,,25
barka,2019-09-09,19,1,2.22623,0.06933,9,38,0.50000,True,0.05263,25
barka,2019-09-10,0,0,,,9,38,0.00000,False,,25
barka,2019-09-11,38,2,2.34877,0.13601,9,38,1.00000,True,0.05263,25
barka,2019-09-12,0,0,,,9,38,0.00000,False,,25
barka,2019-09-13,37,28,3.73387,0.52214,9,38,0.97368,True,0.75676,25
barka,2019-09-14,0,0,,,9,38,0.00000,False,,25
barka,2019-09-15,38,3,2.47869,0.19860,9,38,1.00000,True,0.07895,25
barka,2019-09-16,0,0,,,9,38,0.00000,False,,25
barka,2019-09-17,33,1,2.27334,-0.30179,9,38,0.86842,True,0.03030,25
barka,2019-09-18,0,0,,,9,38,0.00000,False,,25
barka,2019-09-19,38,0,1.36359,0.07761,9,38,1.00000,True,0.00000,25
barka,2019-09-20,19,3,2.80106,0.52955,9,38,0.50000,True,0.15789,25
barka,2019-09-21,0,0,,,9,38,0.00000,False,,25
barka,2019-09-22,0,0,,,9,38,0.00000,False,,25
barka,2019-09-23,36,0,0.92480,-0.09279,9,38,0.94737,True,0.00000,25
barka,2019-09-24,0,0,,,9,38,0.00000,False,,25
barka,2019-09-25,0,0,,,9,38,0.00000,False,,25
barka,2019-09-26,0,0,,,9,38,0.00000,False,,25
barka,2019-09-27,38,8,2.91880,0.28787,9,38,1.00000,True,0.21053,25
barka,2019-09-28,38,19,2.73811,0.44851,9,38,1.00000,True,0.50000,25
barka,2019-09-29,0,0,,,9,38,0.00000,False,,25
barka,2019-09-30,14,0,1.91666,0.78666,9,38,0.36842,True,0.00000,25
barka,2019-10-01,38,10,2.56831,0.20554,10,39,0.97436,True,0.26316,25
barka,2019-10-02,37,9,2.40954,0.17940,10,39,0.94872,True,0.24324,25
barka,2019-10-03,0,0,,,10,39,0.00000,False,,25
barka,2019-10-04,37,7,2.29790,0.19770,10,39,0.94872,True,0.18919,25
barka,2019-10-05,0,0,,,10,39,0.00000,False,,25
barka,2019-10-06,0,0,,,10,39,0.00000,False,,25
barka,2019-10-07,0,0,,,10,39,0.00000,False,,25
barka,2019-10-08,38,0,1.57963,-0.05943,10,39,0.97436,True,0.00000,25
barka,2019-10-09,1,0,1.17920,0.82520,10,39,0.02564,False,,25
barka,2019-10-10,38,0,0.88587,-0.23204,10,39,0.97436,True,0.00000,25
barka,2019-10-11,0,0,,,10,39,0.00000,False,,25
barka,2019-10-12,0,0,,,10,39,0.00000,False,,25
barka,2019-10-13,37,1,2.04065,-0.24016,10,39,0.94872,True,0.02703,25
barka,2019-10-14,38,2,2.30999,-0.16243,10,39,0.97436,True,0.05263,25
barka,2019-10-15,0,0,,,10,39,0.00000,False,,25
barka,2019-10-16,38,0,0.58960,-0.25396,10,39,0.97436,True,0.00000,25
barka,2019-10-17,38,0,0.39695,-0.24571,10,39,0.97436,True,0.00000,25
barka,2019-10-18,38,0,1.13912,-0.08737,10,39,0.97436,True,0.00000,25
barka,2019-10-19,22,0,0.97215,0.16840,10,39,0.56410,True,0.00000,25
barka,2019-10-20,38,0,0.57729,-0.26777,10,39,0.97436,True,0.00000,25
barka,2019-10-21,38,0,1.42166,-0.19258,10,39,0.97436,True,0.00000,25
barka,2019-10-22,0,0,,,10,39,0.00000,False,,25
barka,2019-10-23,38,0,0.63578,-0.31398,10,39,0.97436,True,0.00000,25
barka,2019-10-24,38,0,0.73659,-0.33346,10,39,0.97436,True,0.00000,25
barka,2019-10-25,38,0,1.38661,-0.33714,10,39,0.97436,True,0.00000,25
barka,2019-10-26,0,0,,,10,39,0.00000,False,,25
barka,2019-10-27,38,0,0.81049,-0.35308,10,39,0.97436,True,0.00000,25
barka,2019-10-28,38,0,1.49114,-0.23741,10,39,0.97436,True,0.00000,25
barka,2019-10-29,38,1,2.29301,-0.20091,10,39,0.97436,True,0.02632,25
barka,2019-10-30,0,0,,,10,39,0.00000,False,,25
barka,2019-10-31,36,0,1.52741,0.00957,10,39,0.92308,True,0.00000,25
barka,2019-11-01,17,0,1.74480,0.28907,11,38,0.44737,True,0.00000,25
barka,2019-11-02,38,0,1.81298,0.01293,11,38,1.00000,True,0.00000,25
barka,2019-11-03,0,0,,,11,38,0.00000,False,,25
barka,2019-11-04,38,0,0.99427,0.06638,11,38,1.00000,True,0.00000,25
barka,2019-11-05,25,0,1.35599,-0.00102,11,38,0.65789,True,0.00000,25
barka,2019-11-06,38,0,1.32328,-0.01438,11,38,1.00000,True,0.00000,25
barka,2019-11-07,0,0,,,11,38,0.00000,False,,25
barka,2019-11-08,38,0,1.34777,-0.05552,11,38,1.00000,True,0.00000,25
barka,2019-11-09,38,0,1.47025,0.09607,11,38,1.00000,True,0.00000,25
barka,2019-11-10,0,0,,,11,38,0.00000,False,,25
barka,2019-11-11,0,0,,,11,38,0.00000,False,,25
barka,2019-11-12,38,0,1.84342,0.04237,11,38,1.00000,True,0.00000,25
barka,2019-11-13,38,0,0.90893,-0.06135,11,38,1.00000,True,0.00000,25
barka,2019-11-14,38,0,0.70217,0.01553,11,38,1.00000,True,0.00000,25
barka,2019-11-15,34,0,1.88569,0.03126,11,38,0.89474,True,0.00000,25
barka,2019-11-16,38,0,0.66080,0.00837,11,38,1.00000,True,0.00000,25
barka,2019-11-17,29,0,1.27199,0.05758,11,38,0.76316,True,0.00000,25
barka,2019-11-18,0,0,,,11,38,0.00000,False,,25
barka,2019-11-19,38,0,1.93686,0.15428,11,38,1.00000,True,0.00000,25
barka,2019-11-20,38,1,2.03740,0.13462,11,38,1.00000,True,0.02632,25
barka,2019-11-21,12,1,2.30062,0.01662,11,38,0.31579,True,0.08333,25
barka,2019-11-22,0,0,,,11,38,0.00000,False,,25
barka,2019-11-23,20,0,0.70317,0.07152,11,38,0.52632,True,0.00000,25
barka,2019-11-24,18,0,0.79739,-0.15400,11,38,0.47368,True,0.00000,25
barka,2019-11-25,0,0,,,11,38,0.00000,False,,25
barka,2019-11-26,0,0,,,11,38,0.00000,False,,25
barka,2019-11-27,38,3,2.18455,0.13268,11,38,1.00000,True,0.07895,25
barka,2019-11-28,26,2,2.54348,0.21336,11,38,0.68421,True,0.07692,25
barka,2019-11-29,38,5,2.79013,0.28510,11,38,1.00000,True,0.13158,25
barka,2019-11-30,0,0,,,11,38,0.00000,False,,25
barka,2019-12-01,38,0,1.06840,0.07149,12,38,1.00000,True,0.00000,25
barka,2019-12-02,0,0,,,12,38,0.00000,False,,25
barka,2019-12-03,26,2,2.59912,0.23406,12,38,0.68421,True,0.07692,25
barka,2019-12-04,0,0,,,12,38,0.00000,False,,25
barka,2019-12-05,25,0,0.60840,0.13701,12,38,0.65789,True,0.00000,25
barka,2019-12-06,38,1,2.45795,0.16206,12,38,1.00000,True,0.02632,25
barka,2019-12-07,36,0,1.30887,0.14058,12,38,0.94737,True,0.00000,25
barka,2019-12-08,0,0,,,12,38,0.00000,False,,25
barka,2019-12-09,38,0,0.06172,0.01562,12,38,1.00000,True,0.00000,25
barka,2019-12-10,38,0,0.07762,0.01655,12,38,1.00000,True,0.00000,25
barka,2019-12-11,0,0,,,12,38,0.00000,False,,25
barka,2019-12-12,38,0,-0.61126,-0.12598,12,38,1.00000,True,0.00000,25
barka,2019-12-13,0,0,,,12,38,0.00000,False,,25
barka,2019-12-14,38,0,-0.15704,-0.10446,12,38,1.00000,True,0.00000,25
barka,2019-12-15,0,0,,,12,38,0.00000,False,,25
barka,2019-12-16,38,0,-0.02262,-0.08736,12,38,1.00000,True,0.00000,25
barka,2019-12-17,36,0,0.44455,0.05530,12,38,0.94737,True,0.00000,25
barka,2019-12-18,38,0,1.48578,0.03835,12,38,1.00000,True,0.00000,25
barka,2019-12-19,0,0,,,12,38,0.00000,False,,25
barka,2019-12-20,20,0,0.36143,0.18498,12,38,0.52632,True,0.00000,25
barka,2019-12-21,17,0,1.23058,-0.08300,12,38,0.44737,True,0.00000,25
barka,2019-12-22,38,0,1.28461,0.18686,12,38,1.00000,True,0.00000,25
barka,2019-12-23,0,0,,,12,38,0.00000,False,,25
barka,2019-12-24,38,0,1.41283,0.14521,12,38,1.00000,True,0.00000,25
barka,2019-12-25,27,0,1.30719,0.18992,12,38,0.71053,True,0.00000,25
barka,2019-12-26,38,0,1.58472,0.19449,12,38,1.00000,True,0.00000,25
barka,2019-12-27,0,0,,,12,38,0.00000,False,,25
barka,2019-12-28,37,0,0.05885,-0.00052,12,38,0.97368,True,0.00000,25
barka,2019-12-29,36,0,-0.95364,-0.19953,12,38,0.94737,True,0.00000,25
barka,2019-12-30,38,0,0.03296,-0.03019,12,38,1.00000,True,0.00000,25
barka,2019-12-31,0,0,,,12,38,0.00000,False,,25
barka,2020-01-01,38,0,-0.33288,0.05796,1,38,1.00000,True,0.00000,25
barka,2020-01-02,38,0,0.09255,0.12943,1,38,1.00000,True,0.00000,25
barka,2020-01-03,38,0,0.56278,0.15234,1,38,1.00000,True,0.00000,25
barka,2020-01-04,0,0,,,1,38,0.00000,False,,25
barka,2020-01-05,0,0,,,1,38,0.00000,False,,25
barka,2020-01-06,37,0,1.11294,0.22139,1,38,0.97368,True,0.00000,25
barka,2020-01-07,18,0,-0.17441,-0.02681,1,38,0.47368,True,0.00000,25
barka,2020-01-08,38,0,-0.75579,-0.07303,1,38,1.00000,True,0.00000,25
barka,2020-01-09,38,0,0.66688,0.25788,1,38,1.00000,True,0.00000,25
barka,2020-01-10,0,0,,,1,38,0.00000,False,,25
barka,2020-01-11,0,0,,,1,38,0.00000,False,,25
barka,2020-01-12,16,0,0.18577,0.35523,1,38,0.42105,True,0.00000,25
barka,2020-01-13,5,0,-0.38118,0.52695,1,38,0.13158,True,0.00000,25
barka,2020-01-14,38,0,0.13084,0.22745,1,38,1.00000,True,0.00000,25
barka,2020-01-15,0,0,,,1,38,0.00000,False,,25
barka,2020-01-16,37,0,0.85587,0.30482,1,38,0.97368,True,0.00000,25
barka,2020-01-17,0,0,,,1,38,0.00000,False,,25
barka,2020-01-18,38,0,1.04817,0.37805,1,38,1.00000,True,0.00000,25
barka,2020-01-19,0,0,,,1,38,0.00000,False,,25
barka,2020-01-20,38,0,0.53709,0.08680,1,38,1.00000,True,0.00000,25
barka,2020-01-21,26,0,0.49604,0.11226,1,38,0.68421,True,0.00000,25
barka,2020-01-22,38,0,0.79072,0.06591,1,38,1.00000,True,0.00000,25
barka,2020-01-23,0,0,,,1,38,0.00000,False,,25
barka,2020-01-24,0,0,,,1,38,0.00000,False,,25
barka,2020-01-25,35,0,0.30790,0.11340,1,38,0.92105,True,0.00000,25
barka,2020-01-26,28,0,1.52879,0.13644,1,38,0.73684,True,0.00000,25
barka,2020-01-27,0,0,,,1,38,0.00000,False,,25
barka,2020-01-28,6,0,-0.15266,-0.52053,1,38,0.15789,True,0.00000,25
barka,2020-01-29,38,0,0.25025,0.22168,1,38,1.00000,True,0.00000,25
barka,2020-01-30,38,0,1.19618,0.35428,1,38,1.00000,True,0.00000,25
barka,2020-01-31,0,0,,,1,38,0.00000,False,,25
barka,2020-02-01,38,0,1.42351,0.37648,2,38,1.00000,True,0.00000,25
barka,2020-02-02,24,0,1.27557,0.40909,2,38,0.63158,True,0.00000,25
barka,2020-02-03,38,0,0.99271,0.39594,2,38,1.00000,True,0.00000,25
barka,2020-02-04,15,1,2.05034,0.83328,2,38,0.39474,True,0.06667,25
barka,2020-02-05,38,0,0.56798,0.23309,2,38,1.00000,True,0.00000,25
barka,2020-02-06,38,0,0.94726,0.21876,2,38,1.00000,True,0.00000,25
barka,2020-02-07,0,0,,,2,38,0.00000,False,,25
barka,2020-02-08,38,0,1.01755,0.30051,2,38,1.00000,True,0.00000,25
barka,2020-02-09,38,0,1.20330,0.50927,2,38,1.00000,True,0.00000,25
barka,2020-02-10,38,0,1.21364,0.53746,2,38,1.00000,True,0.00000,25
barka,2020-02-11,0,0,,,2,38,0.00000,False,,25
barka,2020-02-12,13,0,1.66802,0.59289,2,38,0.34211,True,0.00000,25
barka,2020-02-13,38,0,1.30869,0.38860,2,38,1.00000,True,0.00000,25
barka,2020-02-14,38,0,1.11866,0.30103,2,38,1.00000,True,0.00000,25
barka,2020-02-15,0,0,,,2,38,0.00000,False,,25
barka,2020-02-16,19,0,0.14214,-0.04724,2,38,0.50000,True,0.00000,25
barka,2020-02-17,1,0,0.72280,0.90814,2,38,0.02632,False,,25
barka,2020-02-18,36,0,0.34104,-0.10247,2,38,0.94737,True,0.00000,25
barka,2020-02-19,0,0,,,2,38,0.00000,False,,25
barka,2020-02-20,37,1,2.00788,0.18440,2,38,0.97368,True,0.02703,25
barka,2020-02-21,10,1,2.61025,0.68368,2,38,0.26316,True,0.10000,25
barka,2020-02-22,37,1,2.03666,0.33650,2,38,0.97368,True,0.02703,25
barka,2020-02-23,0,0,,,2,38,0.00000,False,,25
barka,2020-02-24,37,0,1.20946,0.20642,2,38,0.97368,True,0.00000,25
barka,2020-02-25,29,0,1.22169,0.38327,2,38,0.76316,True,0.00000,25
barka,2020-02-26,38,0,1.41746,0.42959,2,38,1.00000,True,0.00000,25
barka,2020-02-27,0,0,,,2,38,0.00000,False,,25
barka,2020-02-28,36,9,2.47401,0.72327,2,38,0.94737,True,0.25000,25
barka,2020-02-29,38,11,3.14674,0.71095,2,38,1.00000,True,0.28947,25
barka,2020-03-01,30,0,-0.09826,-0.05345,3,38,0.78947,True,0.00000,25
barka,2020-03-02,5,0,0.94186,0.51269,3,38,0.13158,True,0.00000,25
barka,2020-03-03,18,0,-0.45967,0.00118,3,38,0.47368,True,0.00000,25
barka,2020-03-04,38,0,1.27223,0.46581,3,38,1.00000,True,0.00000,25
barka,2020-03-05,0,0,,,3,38,0.00000,False,,25
barka,2020-03-06,5,0,1.10107,0.96378,3,38,0.13158,True,0.00000,25
barka,2020-03-07,38,0,0.08715,0.26985,3,38,1.00000,True,0.00000,25
barka,2020-03-08,38,0,0.37011,0.23878,3,38,1.00000,True,0.00000,25
barka,2020-03-09,0,0,,,3,38,0.00000,False,,25
barka,2020-03-10,9,1,2.38621,0.76378,3,38,0.23684,True,0.11111,25
barka,2020-03-11,38,0,1.23328,0.52021,3,38,1.00000,True,0.00000,25
barka,2020-03-12,38,0,1.05829,0.48340,3,38,1.00000,True,0.00000,25
barka,2020-03-13,0,0,,,3,38,0.00000,False,,25
barka,2020-03-14,4,0,-0.12817,-0.01671,3,38,0.10526,True,0.00000,25
barka,2020-03-15,0,0,,,3,38,0.00000,False,,25
barka,2020-03-16,12,0,-1.14793,-0.23649,3,38,0.31579,True,0.00000,25
barka,2020-03-17,0,0,,,3,38,0.00000,False,,25
barka,2020-03-18,38,2,2.16584,0.50481,3,38,1.00000,True,0.05263,25
barka,2020-03-19,0,0,,,3,38,0.00000,False,,25
barka,2020-03-20,35,0,0.38521,0.19073,3,38,0.92105,True,0.00000,25
barka,2020-03-21,0,0,,,3,38,0.00000,False,,25
barka,2020-03-22,0,0,,,3,38,0.00000,False,,25
barka,2020-03-23,5,0,0.64993,0.77362,3,38,0.13158,True,0.00000,25
barka,2020-03-24,33,0,1.80887,0.41112,3,38,0.86842,True,0.00000,25
barka,2020-03-25,0,0,,,3,38,0.00000,False,,25
barka,2020-03-26,38,0,0.90144,0.48340,3,38,1.00000,True,0.00000,25
barka,2020-03-27,36,0,1.86460,0.62950,3,38,0.94737,True,0.00000,25
barka,2020-03-28,7,0,-0.65922,-0.07612,3,38,0.18421,True,0.00000,25
barka,2020-03-29,0,0,,,3,38,0.00000,False,,25
barka,2020-03-30,0,0,,,3,38,0.00000,False,,25
barka,2020-03-31,38,4,2.60043,0.57499,3,38,1.00000,True,0.10526,25
barka,2020-04-01,0,0,,,4,38,0.00000,False,,25
barka,2020-04-02,0,0,,,4,38,0.00000,False,,25
barka,2020-04-03,28,0,-0.16736,-0.11105,4,38,0.73684,True,0.00000,25
barka,2020-04-04,34,0,1.24544,-0.12666,4,38,0.89474,True,0.00000,25
barka,2020-04-05,0,0,,,4,38,0.00000,False,,25
barka,2020-04-06,2,0,1.57770,0.99640,4,38,0.05263,False,,25
barka,2020-04-07,36,0,1.37854,0.26049,4,38,0.94737,True,0.00000,25
barka,2020-04-08,38,0,0.96763,0.20141,4,38,1.00000,True,0.00000,25
barka,2020-04-09,0,0,,,4,38,0.00000,False,,25
barka,2020-04-10,30,1,2.31575,0.37456,4,38,0.78947,True,0.03333,25
barka,2020-04-11,0,0,,,4,38,0.00000,False,,25
barka,2020-04-12,35,5,2.73261,0.37067,4,38,0.92105,True,0.14286,25
barka,2020-04-13,0,0,,,4,38,0.00000,False,,25
barka,2020-04-14,0,0,,,4,38,0.00000,False,,25
barka,2020-04-15,0,0,,,4,38,0.00000,False,,25
barka,2020-04-16,0,0,,,4,38,0.00000,False,,25
barka,2020-04-17,0,0,,,4,38,0.00000,False,,25
barka,2020-04-18,38,0,1.63845,0.22453,4,38,1.00000,True,0.00000,25
barka,2020-04-19,0,0,,,4,38,0.00000,False,,25
barka,2020-04-20,37,0,1.35287,0.02100,4,38,0.97368,True,0.00000,25
barka,2020-04-21,0,0,,,4,38,0.00000,False,,25
barka,2020-04-22,38,0,1.00196,0.25739,4,38,1.00000,True,0.00000,25
barka,2020-04-23,0,0,,,4,38,0.00000,False,,25
barka,2020-04-24,38,0,0.89411,0.12623,4,38,1.00000,True,0.00000,25
barka,2020-04-25,0,0,,,4,38,0.00000,False,,25
barka,2020-04-26,38,0,0.34649,-0.11350,4,38,1.00000,True,0.00000,25
barka,2020-04-27,15,0,1.45899,-0.38444,4,38,0.39474,True,0.00000,25
barka,2020-04-28,0,0,,,4,38,0.00000,False,,25
barka,2020-04-29,0,0,,,4,38,0.00000,False,,25
barka,2020-04-30,38,0,0.66130,0.11228,4,38,1.00000,True,0.00000,25
barka,2020-05-01,36,1,3.19914,0.05601,5,38,0.94737,True,0.02778,25
barka,2020-05-02,0,0,,,5,38,0.00000,False,,25
barka,2020-05-03,0,0,,,5,38,0.00000,False,,25
barka,2020-05-04,38,0,1.74007,0.11947,5,38,1.00000,True,0.00000,25
barka,2020-05-05,38,0,1.00223,-0.04734,5,38,1.00000,True,0.00000,25
barka,2020-05-06,0,0,,,5,38,0.00000,False,,25
barka,2020-05-07,1,1,2.25414,1.05118,5,38,0.02632,False,,25
barka,2020-05-08,0,0,,,5,38,0.00000,False,,25
barka,2020-05-09,38,0,0.14507,-0.31574,5,38,1.00000,True,0.00000,25
barka,2020-05-10,0,0,,,5,38,0.00000,False,,25
barka,2020-05-11,38,0,0.64629,-0.12058,5,38,1.00000,True,0.00000,25
barka,2020-05-12,0,0,,,5,38,0.00000,False,,25
barka,2020-05-13,38,0,-0.08930,-0.31703,5,38,1.00000,True,0.00000,25
barka,2020-05-14,0,0,,,5,38,0.00000,False,,25
barka,2020-05-15,38,0,0.42229,-0.28580,5,38,1.00000,True,0.00000,25
barka,2020-05-16,0,0,,,5,38,0.00000,False,,25
barka,2020-05-17,38,0,1.28651,-0.18399,5,38,1.00000,True,0.00000,25
barka,2020-05-18,0,0,,,5,38,0.00000,False,,25
barka,2020-05-19,38,0,0.42423,-0.24309,5,38,1.00000,True,0.00000,25
barka,2020-05-20,0,0,,,5,38,0.00000,False,,25
barka,2020-05-21,34,0,1.84561,-0.24513,5,38,0.89474,True,0.00000,25
barka,2020-05-22,0,0,,,5,38,0.00000,False,,25
barka,2020-05-23,38,0,1.00796,-0.21637,5,38,1.00000,True,0.00000,25
barka,2020-05-24,12,0,1.75183,-0.28762,5,38,0.31579,True,0.00000,25
barka,2020-05-25,0,0,,,5,38,0.00000,False,,25
barka,2020-05-26,0,0,,,5,38,0.00000,False,,25
barka,2020-05-27,38,0,0.94878,-0.15454,5,38,1.00000,True,0.00000,25
barka,2020-05-28,38,0,0.77296,-0.23907,5,38,1.00000,True,0.00000,25
barka,2020-05-29,0,0,,,5,38,0.00000,False,,25
barka,2020-05-30,0,0,,,5,38,0.00000,False,,25
barka,2020-05-31,38,0,1.56834,-0.13095,5,38,1.00000,True,0.00000,25
barka,2020-06-01,38,0,1.80298,-0.02657,6,38,1.00000,True,0.00000,25
barka,2020-06-02,0,0,,,6,38,0.00000,False,,25
barka,2020-06-03,0,0,,,6,38,0.00000,False,,25
barka,2020-06-04,0,0,,,6,38,0.00000,False,,25
barka,2020-06-05,37,0,0.69197,-0.11461,6,38,0.97368,True,0.00000,25
barka,2020-06-06,0,0,,,6,38,0.00000,False,,25
barka,2020-06-07,38,0,1.01021,-0.17126,6,38,1.00000,True,0.00000,25
barka,2020-06-08,0,0,,,6,38,0.00000,False,,25
barka,2020-06-09,35,0,1.41709,-0.00642,6,38,0.92105,True,0.00000,25
barka,2020-06-10,0,0,,,6,38,0.00000,False,,25
barka,2020-06-11,38,0,0.91537,-0.15727,6,38,1.00000,True,0.00000,25
barka,2020-06-12,0,0,,,6,38,0.00000,False,,25
barka,2020-06-13,36,0,0.57048,-0.24628,6,38,0.94737,True,0.00000,25
barka,2020-06-14,0,0,,,6,38,0.00000,False,,25
barka,2020-06-15,38,0,1.55930,-0.13520,6,38,1.00000,True,0.00000,25
barka,2020-06-16,0,0,,,6,38,0.00000,False,,25
barka,2020-06-17,35,0,1.36919,-0.20140,6,38,0.92105,True,0.00000,25
barka,2020-06-18,0,0,,,6,38,0.00000,False,,25
barka,2020-06-19,36,0,1.94060,0.05969,6,38,0.94737,True,0.00000,25
barka,2020-06-20,35,0,1.74226,0.00359,6,38,0.92105,True,0.00000,25
barka,2020-06-21,0,0,,,6,38,0.00000,False,,25
barka,2020-06-22,0,0,,,6,38,0.00000,False,,25
barka,2020-06-23,29,0,1.81331,0.04608,6,38,0.76316,True,0.00000,25
barka,2020-06-24,36,20,3.53006,0.34996,6,38,0.94737,True,0.55556,25
barka,2020-06-25,0,0,,,6,38,0.00000,False,,25
barka,2020-06-26,0,0,,,6,38,0.00000,False,,25
barka,2020-06-27,33,17,3.81183,0.32417,6,38,0.86842,True,0.51515,25
barka,2020-06-28,34,0,1.80359,-0.11086,6,38,0.89474,True,0.00000,25
barka,2020-06-29,0,0,,,6,38,0.00000,False,,25
barka,2020-06-30,7,0,1.57053,0.03267,6,38,0.18421,True,0.00000,25
barka,2020-07-01,0,0,,,7,38,0.00000,False,,25
barka,2020-07-02,38,0,1.13685,0.27824,7,38,1.00000,True,0.00000,25
barka,2020-07-03,0,0,,,7,38,0.00000,False,,25
barka,2020-07-04,35,0,0.81662,0.14434,7,38,0.92105,True,0.00000,25
barka,2020-07-05,0,0,,,7,38,0.00000,False,,25
barka,2020-07-06,0,0,,,7,38,0.00000,False,,25
barka,2020-07-07,0,0,,,7,38,0.00000,False,,25
barka,2020-07-08,31,0,1.04998,0.18236,7,38,0.81579,True,0.00000,25
barka,2020-07-09,0,0,,,7,38,0.00000,False,,25
barka,2020-07-10,0,0,,,7,38,0.00000,False,,25
barka,2020-07-11,0,0,,,7,38,0.00000,False,,25
barka,2020-07-12,28,0,0.91595,-0.08602,7,38,0.73684,True,0.00000,25
barka,2020-07-13,0,0,,,7,38,0.00000,False,,25
barka,2020-07-14,22,0,1.82182,0.22863,7,38,0.57895,True,0.00000,25
barka,2020-07-15,0,0,,,7,38,0.00000,False,,25
barka,2020-07-16,37,0,0.66920,0.16189,7,38,0.97368,True,0.00000,25
barka,2020-07-17,21,0,1.33783,0.15703,7,38,0.55263,True,0.00000,25
barka,2020-07-18,0,0,,,7,38,0.00000,False,,25
barka,2020-07-19,0,0,,,7,38,0.00000,False,,25
barka,2020-07-20,38,0,1.87945,0.20833,7,38,1.00000,True,0.00000,25
barka,2020-07-21,36,2,2.32269,0.22237,7,38,0.94737,True,0.05556,25
barka,2020-07-22,0,0,,,7,38,0.00000,False,,25
barka,2020-07-23,0,0,,,7,38,0.00000,False,,25
barka,2020-07-24,37,0,1.71427,0.29452,7,38,0.97368,True,0.00000,25
barka,2020-07-25,37,0,1.37488,0.08814,7,38,0.97368,True,0.00000,25
barka,2020-07-26,0,0,,,7,38,0.00000,False,,25
barka,2020-07-27,11,2,2.28166,0.23622,7,38,0.28947,True,0.18182,25
barka,2020-07-28,0,0,,,7,38,0.00000,False,,25
barka,2020-07-29,37,0,-0.55291,-0.32112,7,38,0.97368,True,0.00000,25
barka,2020-07-30,0,0,,,7,38,0.00000,False,,25
barka,2020-07-31,8,0,0.36105,0.21575,7,38,0.21053,True,0.00000,25
barka,2020-08-01,0,0,,,8,38,0.00000,False,,25
barka,2020-08-02,24,0,1.45304,-0.29905,8,38,0.63158,True,0.00000,25
barka,2020-08-03,0,0,,,8,38,0.00000,False,,25
barka,2020-08-04,32,0,-0.12482,-0.23919,8,38,0.84211,True,0.00000,25
barka,2020-08-05,0,0,,,8,38,0.00000,False,,25
barka,2020-08-06,0,0,,,8,38,0.00000,False,,25
barka,2020-08-07,0,0,,,8,38,0.00000,False,,25
barka,2020-08-08,0,0,,,8,38,0.00000,False,,25
barka,2020-08-09,0,0,,,8,38,0.00000,False,,25
barka,2020-08-10,38,0,1.04613,-0.00900,8,38,1.00000,True,0.00000,25
barka,2020-08-11,0,0,,,8,38,0.00000,False,,25
barka,2020-08-12,19,0,1.87647,0.49234,8,38,0.50000,True,0.00000,25
barka,2020-08-13,36,0,1.45547,0.10817,8,38,0.94737,True,0.00000,25
barka,2020-08-14,0,0,,,8,38,0.00000,False,,25
barka,2020-08-15,0,0,,,8,38,0.00000,False,,25
barka,2020-08-16,30,0,1.28484,0.19839,8,38,0.78947,True,0.00000,25
barka,2020-08-17,1,0,-0.35807,-0.18110,8,38,0.02632,False,,25
barka,2020-08-18,0,0,,,8,38,0.00000,False,,25
barka,2020-08-19,0,0,,,8,38,0.00000,False,,25
barka,2020-08-20,36,0,0.90407,0.08240,8,38,0.94737,True,0.00000,25
barka,2020-08-21,1,0,-0.45711,-0.21743,8,38,0.02632,False,,25
barka,2020-08-22,0,0,,,8,38,0.00000,False,,25
barka,2020-08-23,0,0,,,8,38,0.00000,False,,25
barka,2020-08-24,0,0,,,8,38,0.00000,False,,25
barka,2020-08-25,14,0,0.62725,-0.01642,8,38,0.36842,True,0.00000,25
barka,2020-08-26,0,0,,,8,38,0.00000,False,,25
barka,2020-08-27,0,0,,,8,38,0.00000,False,,25
barka,2020-08-28,0,0,,,8,38,0.00000,False,,25
barka,2020-08-29,35,0,0.32618,-0.33033,8,38,0.92105,True,0.00000,25
barka,2020-08-30,0,0,,,8,38,0.00000,False,,25
barka,2020-08-31,0,0,,,8,38,0.00000,False,,25
barka,2020-09-01,0,0,,,9,38,0.00000,False,,25
barka,2020-09-02,0,0,,,9,38,0.00000,False,,25
barka,2020-09-03,0,0,,,9,38,0.00000,False,,25
barka,2020-09-04,38,0,-0.46106,-0.39176,9,38,1.00000,True,0.00000,25
barka,2020-09-05,0,0,,,9,38,0.00000,False,,25
barka,2020-09-06,38,0,0.58605,-0.10693,9,38,1.00000,True,0.00000,25
barka,2020-09-07,0,0,,,9,38,0.00000,False,,25
barka,2020-09-08,38,0,-0.08754,-0.30724,9,38,1.00000,True,0.00000,25
barka,2020-09-09,38,0,-0.06138,-0.39678,9,38,1.00000,True,0.00000,25
barka,2020-09-10,0,0,,,9,38,0.00000,False,,25
barka,2020-09-11,0,0,,,9,38,0.00000,False,,25
barka,2020-09-12,38,0,0.19697,-0.28825,9,38,1.00000,True,0.00000,25
barka,2020-09-13,38,0,-0.29828,-0.42441,9,38,1.00000,True,0.00000,25
barka,2020-09-14,0,0,,,9,38,0.00000,False,,25
barka,2020-09-15,3,1,2.14000,0.93228,9,38,0.07895,False,,25
barka,2020-09-16,38,0,-0.22344,-0.46412,9,38,1.00000,True,0.00000,25
barka,2020-09-17,0,0,,,9,38,0.00000,False,,25
barka,2020-09-18,0,0,,,9,38,0.00000,False,,25
barka,2020-09-19,34,0,0.94966,-0.42060,9,38,0.89474,True,0.00000,25
barka,2020-09-20,0,0,,,9,38,0.00000,False,,25
barka,2020-09-21,38,0,-0.13139,-0.42764,9,38,1.00000,True,0.00000,25
barka,2020-09-22,0,0,,,9,38,0.00000,False,,25
barka,2020-09-23,38,0,-0.02511,-0.35883,9,38,1.00000,True,0.00000,25
barka,2020-09-24,0,0,,,9,38,0.00000,False,,25
barka,2020-09-25,38,0,0.15115,-0.34865,9,38,1.00000,True,0.00000,25
barka,2020-09-26,0,0,,,9,38,0.00000,False,,25
barka,2020-09-27,0,0,,,9,38,0.00000,False,,25
barka,2020-09-28,1,0,1.61748,0.87514,9,38,0.02632,False,,25
barka,2020-09-29,38,0,0.66503,-0.22379,9,38,1.00000,True,0.00000,25
barka,2020-09-30,0,0,,,9,38,0.00000,False,,25
barka,2020-10-01,38,0,0.69596,-0.26314,10,39,0.97436,True,0.00000,25
barka,2020-10-02,38,0,0.10673,-0.27556,10,39,0.97436,True,0.00000,25
barka,2020-10-03,38,0,0.50299,-0.24124,10,39,0.97436,True,0.00000,25
barka,2020-10-04,0,0,,,10,39,0.00000,False,,25
barka,2020-10-05,38,0,0.15479,-0.32720,10,39,0.97436,True,0.00000,25
barka,2020-10-06,38,0,-0.40925,-0.34492,10,39,0.97436,True,0.00000,25
barka,2020-10-07,0,0,,,10,39,0.00000,False,,25
barka,2020-10-08,4,1,2.04461,0.84803,10,39,0.10256,True,0.25000,25
barka,2020-10-09,38,0,-0.30772,-0.39491,10,39,0.97436,True,0.00000,25
barka,2020-10-10,38,0,-0.39193,-0.43955,10,39,0.97436,True,0.00000,25
barka,2020-10-11,0,0,,,10,39,0.00000,False,,25
barka,2020-10-12,22,0,-0.60577,-0.21733,10,39,0.56410,True,0.00000,25
barka,2020-10-13,38,0,0.18072,-0.34355,10,39,0.97436,True,0.00000,25
barka,2020-10-14,38,0,0.04777,-0.34757,10,39,0.97436,True,0.00000,25
barka,2020-10-15,0,0,,,10,39,0.00000,False,,25
barka,2020-10-16,38,0,0.50511,-0.35597,10,39,0.97436,True,0.00000,25
barka,2020-10-17,0,0,,,10,39,0.00000,False,,25
barka,2020-10-18,38,0,0.56517,-0.27628,10,39,0.97436,True,0.00000,25
barka,2020-10-19,0,0,,,10,39,0.00000,False,,25
barka,2020-10-20,38,2,2.11729,-0.24792,10,39,0.97436,True,0.05263,25
barka,2020-10-21,3,1,2.26883,0.82415,10,39,0.07692,False,,25
barka,2020-10-22,0,0,,,10,39,0.00000,False,,25
barka,2020-10-23,0,0,,,10,39,0.00000,False,,25
barka,2020-10-24,38,0,1.57791,-0.26321,10,39,0.97436,True,0.00000,25
barka,2020-10-25,38,0,1.22793,-0.20255,10,39,0.97436,True,0.00000,25
barka,2020-10-26,38,0,0.56805,-0.22875,10,39,0.97436,True,0.00000,25
barka,2020-10-27,0,0,,,10,39,0.00000,False,,25
barka,2020-10-28,38,0,0.09008,-0.30918,10,39,0.97436,True,0.00000,25
barka,2020-10-29,36,0,0.71618,-0.30639,10,39,0.92308,True,0.00000,25
barka,2020-10-30,38,0,0.91310,-0.22560,10,39,0.97436,True,0.00000,25
barka,2020-10-31,30,0,1.92542,-0.07366,10,39,0.76923,True,0.00000,25
barka,2020-11-01,0,0,,,11,38,0.00000,False,,25
barka,2020-11-02,38,0,1.58546,-0.11884,11,38,1.00000,True,0.00000,25
barka,2020-11-03,0,0,,,11,38,0.00000,False,,25
barka,2020-11-04,38,0,-0.37462,-0.12884,11,38,1.00000,True,0.00000,25
barka,2020-11-05,38,0,-0.24175,-0.13499,11,38,1.00000,True,0.00000,25
barka,2020-11-06,38,0,0.72792,-0.05669,11,38,1.00000,True,0.00000,25
barka,2020-11-07,0,0,,,11,38,0.00000,False,,25
barka,2020-11-08,38,0,0.68423,-0.02045,11,38,1.00000,True,0.00000,25
barka,2020-11-09,38,0,-0.53025,-0.20940,11,38,1.00000,True,0.00000,25
barka,2020-11-10,38,0,-0.08845,-0.18859,11,38,1.00000,True,0.00000,25
barka,2020-11-11,0,0,,,11,38,0.00000,False,,25
barka,2020-11-12,38,0,0.17091,-0.10524,11,38,1.00000,True,0.00000,25
barka,2020-11-13,26,0,-0.04724,-0.22264,11,38,0.68421,True,0.00000,25
barka,2020-11-14,38,0,-0.08764,-0.17720,11,38,1.00000,True,0.00000,25
barka,2020-11-15,0,0,,,11,38,0.00000,False,,25
barka,2020-11-16,38,0,0.33415,-0.11096,11,38,1.00000,True,0.00000,25
barka,2020-11-17,38,0,1.26435,0.03417,11,38,1.00000,True,0.00000,25
barka,2020-11-18,38,0,1.08088,0.15362,11,38,1.00000,True,0.00000,25
barka,2020-11-19,0,0,,,11,38,0.00000,False,,25
barka,2020-11-20,38,0,0.00287,-0.02752,11,38,1.00000,True,0.00000,25
barka,2020-11-21,0,0,,,11,38,0.00000,False,,25
barka,2020-11-22,38,0,1.50337,0.15415,11,38,1.00000,True,0.00000,25
barka,2020-11-23,0,0,,,11,38,0.00000,False,,25
barka,2020-11-24,0,0,,,11,38,0.00000,False,,25
barka,2020-11-25,26,0,0.65899,-0.03080,11,38,0.68421,True,0.00000,25
barka,2020-11-26,38,2,2.07385,0.25160,11,38,1.00000,True,0.05263,25
barka,2020-11-27,32,0,1.67876,0.15690,11,38,0.84211,True,0.00000,25
barka,2020-11-28,37,0,1.77525,0.21590,11,38,0.97368,True,0.00000,25
barka,2020-11-29,0,0,,,11,38,0.00000,False,,25
barka,2020-11-30,0,0,,,11,38,0.00000,False,,25
barka,2020-12-01,38,1,2.66948,0.19380,12,38,1.00000,True,0.02632,25
barka,2020-12-02,38,0,1.81573,0.14668,12,38,1.00000,True,0.00000,25
barka,2020-12-03,38,4,2.19631,0.22516,12,38,1.00000,True,0.10526,25
barka,2020-12-04,0,0,,,12,38,0.00000,False,,25
barka,2020-12-05,38,0,0.72810,-0.04667,12,38,1.00000,True,0.00000,25
barka,2020-12-06,38,0,0.49753,-0.09123,12,38,1.00000,True,0.00000,25
barka,2020-12-07,38,0,0.51018,0.03222,12,38,1.00000,True,0.00000,25
barka,2020-12-08,0,0,,,12,38,0.00000,False,,25
barka,2020-12-09,33,0,0.11347,-0.07460,12,38,0.86842,True,0.00000,25
barka,2020-12-10,26,0,1.26140,0.05391,12,38,0.68421,True,0.00000,25
barka,2020-12-11,25,0,0.33977,0.08573,12,38,0.65789,True,0.00000,25
barka,2020-12-12,0,0,,,12,38,0.00000,False,,25
barka,2020-12-13,38,0,0.89575,0.02847,12,38,1.00000,True,0.00000,25
barka,2020-12-14,0,0,,,12,38,0.00000,False,,25
barka,2020-12-15,29,2,3.09321,0.31002,12,38,0.76316,True,0.06897,25
barka,2020-12-16,0,0,,,12,38,0.00000,False,,25
barka,2020-12-17,38,1,2.01305,0.15859,12,38,1.00000,True,0.02632,25
barka,2020-12-18,38,0,1.60780,0.08117,12,38,1.00000,True,0.00000,25
barka,2020-12-19,38,0,1.71066,0.17960,12,38,1.00000,True,0.00000,25
barka,2020-12-20,0,0,,,12,38,0.00000,False,,25
barka,2020-12-21,36,0,1.33251,0.08234,12,38,0.94737,True,0.00000,25
barka,2020-12-22,0,0,,,12,38,0.00000,False,,25
barka,2020-12-23,38,0,0.70221,0.13043,12,38,1.00000,True,0.00000,25
barka,2020-12-24,38,0,0.95369,0.01906,12,38,1.00000,True,0.00000,25
barka,2020-12-25,0,0,,,12,38,0.00000,False,,25
barka,2020-12-26,38,0,0.79301,0.09569,12,38,1.00000,True,0.00000,25
barka,2020-12-27,0,0,,,12,38,0.00000,False,,25
barka,2020-12-28,0,0,,,12,38,0.00000,False,,25
barka,2020-12-29,38,1,2.91549,0.20784,12,38,1.00000,True,0.02632,25
barka,2020-12-30,38,1,2.47258,0.10436,12,38,1.00000,True,0.02632,25
barka,2020-12-31,0,0,,,12,38,0.00000,False,,25
barka,2021-01-01,0,0,,,1,38,0.00000,False,,25
barka,2021-01-02,0,0,,,1,38,0.00000,False,,25
barka,2021-01-03,0,0,,,1,38,0.00000,False,,25
barka,2021-01-04,0,0,,,1,38,0.00000,False,,25
barka,2021-01-05,0,0,,,1,38,0.00000,False,,25
barka,2021-01-06,0,0,,,1,38,0.00000,False,,25
barka,2021-01-07,0,0,,,1,38,0.00000,False,,25
barka,2021-01-08,0,0,,,1,38,0.00000,False,,25
barka,2021-01-09,0,0,,,1,38,0.00000,False,,25
barka,2021-01-10,0,0,,,1,38,0.00000,False,,25
barka,2021-01-11,0,0,,,1,38,0.00000,False,,25
barka,2021-01-12,0,0,,,1,38,0.00000,False,,25
barka,2021-01-13,0,0,,,1,38,0.00000,False,,25
barka,2021-01-14,0,0,,,1,38,0.00000,False,,25
barka,2021-01-15,0,0,,,1,38,0.00000,False,,25
barka,2021-01-16,0,0,,,1,38,0.00000,False,,25
barka,2021-01-17,0,0,,,1,38,0.00000,False,,25
barka,2021-01-18,0,0,,,1,38,0.00000,False,,25
barka,2021-01-19,0,0,,,1,38,0.00000,False,,25
barka,2021-01-20,0,0,,,1,38,0.00000,False,,25
barka,2021-01-21,0,0,,,1,38,0.00000,False,,25
barka,2021-01-22,0,0,,,1,38,0.00000,False,,25
barka,2021-01-23,0,0,,,1,38,0.00000,False,,25
barka,2021-01-24,0,0,,,1,38,0.00000,False,,25
barka,2021-01-25,0,0,,,1,38,0.00000,False,,25
barka,2021-01-26,0,0,,,1,38,0.00000,False,,25
barka,2021-01-27,0,0,,,1,38,0.00000,False,,25
barka,2021-01-28,0,0,,,1,38,0.00000,False,,25
barka,2021-01-29,0,0,,,1,38,0.00000,False,,25
barka,2021-01-30,0,0,,,1,38,0.00000,False,,25
barka,2021-01-31,0,0,,,1,38,0.00000,False,,25
barka,2021-02-01,0,0,,,2,38,0.00000,False,,25
barka,2021-02-02,0,0,,,2,38,0.00000,False,,25
barka,2021-02-03,0,0,,,2,38,0.00000,False,,25
barka,2021-02-04,0,0,,,2,38,0.00000,False,,25
barka,2021-02-05,0,0,,,2,38,0.00000,False,,25
barka,2021-02-06,0,0,,,2,38,0.00000,False,,25
barka,2021-02-07,0,0,,,2,38,0.00000,False,,25
barka,2021-02-08,0,0,,,2,38,0.00000,False,,25
barka,2021-02-09,0,0,,,2,38,0.00000,False,,25
barka,2021-02-10,0,0,,,2,38,0.00000,False,,25
barka,2021-02-11,0,0,,,2,38,0.00000,False,,25
barka,2021-02-12,0,0,,,2,38,0.00000,False,,25
barka,2021-02-13,0,0,,,2,38,0.00000,False,,25
barka,2021-02-14,0,0,,,2,38,0.00000,False,,25
barka,2021-02-15,0,0,,,2,38,0.00000,False,,25
barka,2021-02-16,0,0,,,2,38,0.00000,False,,25
barka,2021-02-17,0,0,,,2,38,0.00000,False,,25
barka,2021-02-18,0,0,,,2,38,0.00000,False,,25
barka,2021-02-19,0,0,,,2,38,0.00000,False,,25
barka,2021-02-20,0,0,,,2,38,0.00000,False,,25
barka,2021-02-21,0,0,,,2,38,0.00000,False,,25
barka,2021-02-22,0,0,,,2,38,0.00000,False,,25
barka,2021-02-23,0,0,,,2,38,0.00000,False,,25
barka,2021-02-24,0,0,,,2,38,0.00000,False,,25
barka,2021-02-25,0,0,,,2,38,0.00000,False,,25
barka,2021-02-26,0,0,,,2,38,0.00000,False,,25
barka,2021-02-27,0,0,,,2,38,0.00000,False,,25
barka,2021-02-28,0,0,,,2,38,0.00000,False,,25
barka,2021-03-01,0,0,,,3,38,0.00000,False,,25
barka,2021-03-02,0,0,,,3,38,0.00000,False,,25
barka,2021-03-03,0,0,,,3,38,0.00000,False,,25
barka,2021-03-04,38,0,1.78056,0.31399,3,38,1.00000,True,0.00000,25
barka,2021-03-05,38,0,1.43894,0.44148,3,38,1.00000,True,0.00000,25
barka,2021-03-06,38,0,1.81992,0.49441,3,38,1.00000,True,0.00000,25
barka,2021-03-07,0,0,,,3,38,0.00000,False,,25
barka,2021-03-08,38,0,0.99319,0.33271,3,38,1.00000,True,0.00000,25
barka,2021-03-09,38,0,0.62845,0.38100,3,38,1.00000,True,0.00000,25
barka,2021-03-10,23,0,0.49873,0.07677,3,38,0.60526,True,0.00000,25
barka,2021-03-11,0,0,,,3,38,0.00000,False,,25
barka,2021-03-12,37,3,2.43409,0.58308,3,38,0.97368,True,0.08108,25
barka,2021-03-13,36,0,0.35484,0.05673,3,38,0.94737,True,0.00000,25
barka,2021-03-14,25,0,-0.56004,-0.10541,3,38,0.65789,True,0.00000,25
barka,2021-03-15,0,0,,,3,38,0.00000,False,,25
barka,2021-03-16,0,0,,,3,38,0.00000,False,,25
barka,2021-03-17,1,0,0.02350,0.80315,3,38,0.02632,False,,25
barka,2021-03-18,17,0,-1.23284,-0.21908,3,38,0.44737,True,0.00000,25
barka,2021-03-19,0,0,,,3,38,0.00000,False,,25
barka,2021-03-20,37,0,-0.88484,-0.18898,3,38,0.97368,True,0.00000,25
barka,2021-03-21,38,0,-1.10274,-0.20103,3,38,1.00000,True,0.00000,25
barka,2021-03-22,38,0,1.33379,0.49725,3,38,1.00000,True,0.00000,25
barka,2021-03-23,13,0,1.42020,0.87992,3,38,0.34211,True,0.00000,25
barka,2021-03-24,38,0,1.13447,0.42886,3,38,1.00000,True,0.00000,25
barka,2021-03-25,38,2,2.18689,0.53489,3,38,1.00000,True,0.05263,25
barka,2021-03-26,1,0,1.42382,0.92283,3,38,0.02632,False,,25
barka,2021-03-27,38,0,0.95348,0.20263,3,38,1.00000,True,0.00000,25
barka,2021-03-28,38,0,0.60175,0.21157,3,38,1.00000,True,0.00000,25
barka,2021-03-29,38,0,0.50432,0.30875,3,38,1.00000,True,0.00000,25
barka,2021-03-30,0,0,,,3,38,0.00000,False,,25
barka,2021-03-31,38,0,-0.05219,0.07981,3,38,1.00000,True,0.00000,25
barka,2021-04-01,38,0,0.55588,0.07744,4,38,1.00000,True,0.00000,25
barka,2021-04-02,38,0,0.72875,0.10822,4,38,1.00000,True,0.00000,25
barka,2021-04-03,0,0,,,4,38,0.00000,False,,25
barka,2021-04-04,38,0,0.28720,0.07563,4,38,1.00000,True,0.00000,25
barka,2021-04-05,38,0,0.69513,0.12324,4,38,1.00000,True,0.00000,25
barka,2021-04-06,38,0,-0.28096,-0.13196,4,38,1.00000,True,0.00000,25
barka,2021-04-07,0,0,,,4,38,0.00000,False,,25
barka,2021-04-08,38,0,0.01198,-0.15467,4,38,1.00000,True,0.00000,25
barka,2021-04-09,20,0,1.34132,0.21207,4,38,0.52632,True,0.00000,25
barka,2021-04-10,0,0,,,4,38,0.00000,False,,25
barka,2021-04-11,0,0,,,4,38,0.00000,False,,25
barka,2021-04-12,38,0,-0.27184,-0.14928,4,38,1.00000,True,0.00000,25
barka,2021-04-13,37,0,-0.36329,-0.21073,4,38,0.97368,True,0.00000,25
barka,2021-04-14,38,0,0.58479,-0.01993,4,38,1.00000,True,0.00000,25
barka,2021-04-15,0,0,,,4,38,0.00000,False,,25
barka,2021-04-16,36,0,0.50622,-0.06918,4,38,0.94737,True,0.00000,25
barka,2021-04-17,37,0,1.25075,-0.14958,4,38,0.97368,True,0.00000,25
barka,2021-04-18,30,0,0.29059,-0.06504,4,38,0.78947,True,0.00000,25
barka,2021-04-19,0,0,,,4,38,0.00000,False,,25
barka,2021-04-20,38,0,1.71029,-0.00766,4,38,1.00000,True,0.00000,25
barka,2021-04-21,0,0,,,4,38,0.00000,False,,25
barka,2021-04-22,38,0,0.81791,0.07952,4,38,1.00000,True,0.00000,25
barka,2021-04-23,26,0,1.59006,-0.11820,4,38,0.68421,True,0.00000,25
barka,2021-04-24,38,0,-0.39954,-0.24167,4,38,1.00000,True,0.00000,25
barka,2021-04-25,38,0,-0.10106,-0.26687,4,38,1.00000,True,0.00000,25
barka,2021-04-26,0,0,,,4,38,0.00000,False,,25
barka,2021-04-27,0,0,,,4,38,0.00000,False,,25
barka,2021-04-28,8,0,-0.39765,-0.21339,4,38,0.21053,True,0.00000,25
barka,2021-04-29,25,0,-0.02025,-0.30002,4,38,0.65789,True,0.00000,25
barka,2021-04-30,0,0,,,4,38,0.00000,False,,25
barka,2021-05-01,38,0,0.68682,-0.20398,5,38,1.00000,True,0.00000,25
barka,2021-05-02,38,0,0.73221,-0.26011,5,38,1.00000,True,0.00000,25
barka,2021-05-03,0,0,,,5,38,0.00000,False,,25
barka,2021-05-04,0,0,,,5,38,0.00000,False,,25
barka,2021-05-05,38,4,2.37130,0.07138,5,38,1.00000,True,0.10526,25
barka,2021-05-06,1,0,1.50586,0.73873,5,38,0.02632,False,,25
barka,2021-05-07,0,0,,,5,38,0.00000,False,,25
barka,2021-05-08,0,0,,,5,38,0.00000,False,,25
barka,2021-05-09,38,1,2.24981,-0.00506,5,38,1.00000,True,0.02632,25
barka,2021-05-10,10,3,2.37666,0.67182,5,38,0.26316,True,0.30000,25
barka,2021-05-11,38,0,-0.01684,-0.32061,5,38,1.00000,True,0.00000,25
barka,2021-05-12,0,0,,,5,38,0.00000,False,,25
barka,2021-05-13,38,0,0.33453,-0.27845,5,38,1.00000,True,0.00000,25
barka,2021-05-14,38,0,-0.23956,-0.40340,5,38,1.00000,True,0.00000,25
barka,2021-05-15,38,0,-0.09483,-0.43580,5,38,1.00000,True,0.00000,25
barka,2021-05-16,0,0,,,5,38,0.00000,False,,25
barka,2021-05-17,36,0,0.50041,-0.32404,5,38,0.94737,True,0.00000,25
barka,2021-05-18,38,0,0.20361,-0.35763,5,38,1.00000,True,0.00000,25
barka,2021-05-19,38,0,0.82228,-0.36695,5,38,1.00000,True,0.00000,25
barka,2021-05-20,5,0,1.96319,0.79965,5,38,0.13158,True,0.00000,25
barka,2021-05-21,38,0,-0.08505,-0.42157,5,38,1.00000,True,0.00000,25
barka,2021-05-22,38,0,0.48226,-0.31365,5,38,1.00000,True,0.00000,25
barka,2021-05-23,0,0,,,5,38,0.00000,False,,25
barka,2021-05-24,38,0,0.67304,-0.22886,5,38,1.00000,True,0.00000,25
barka,2021-05-25,34,0,0.36151,-0.37751,5,38,0.89474,True,0.00000,25
barka,2021-05-26,37,0,0.14193,-0.39450,5,38,0.97368,True,0.00000,25
barka,2021-05-27,0,0,,,5,38,0.00000,False,,25
barka,2021-05-28,38,0,-0.41987,-0.47817,5,38,1.00000,True,0.00000,25
barka,2021-05-29,37,0,0.62374,-0.54116,5,38,0.97368,True,0.00000,25
barka,2021-05-30,0,0,,,5,38,0.00000,False,,25
barka,2021-05-31,0,0,,,5,38,0.00000,False,,25
barka,2021-06-01,38,0,0.85648,-0.33077,6,38,1.00000,True,0.00000,25
barka,2021-06-02,16,0,0.19805,-0.42612,6,38,0.42105,True,0.00000,25
barka,2021-06-03,38,0,0.00872,-0.35666,6,38,1.00000,True,0.00000,25
barka,2021-06-04,0,0,,,6,38,0.00000,False,,25
barka,2021-06-05,38,0,1.16826,-0.16639,6,38,1.00000,True,0.00000,25
barka,2021-06-06,23,1,2.07065,0.01433,6,38,0.60526,True,0.04348,25
barka,2021-06-07,19,2,2.12245,0.11226,6,38,0.50000,True,0.10526,25
barka,2021-06-08,0,0,,,6,38,0.00000,False,,25
barka,2021-06-09,0,0,,,6,38,0.00000,False,,25
barka,2021-06-10,38,0,0.75854,-0.21247,6,38,1.00000,True,0.00000,25
barka,2021-06-11,17,0,0.27914,-0.45332,6,38,0.44737,True,0.00000,25
barka,2021-06-12,0,0,,,6,38,0.00000,False,,25
barka,2021-06-13,37,0,1.45641,-0.18521,6,38,0.97368,True,0.00000,25
barka,2021-06-14,16,0,0.41810,-0.49831,6,38,0.42105,True,0.00000,25
barka,2021-06-15,5,0,-0.32928,-0.64706,6,38,0.13158,True,0.00000,25
barka,2021-06-16,6,1,2.02470,0.78784,6,38,0.15789,True,0.16667,25
barka,2021-06-17,38,0,0.06642,-0.39362,6,38,1.00000,True,0.00000,25
barka,2021-06-18,38,0,0.33217,-0.49846,6,38,1.00000,True,0.00000,25
barka,2021-06-19,0,0,,,6,38,0.00000,False,,25
barka,2021-06-20,31,0,1.34688,-0.61202,6,38,0.81579,True,0.00000,25
barka,2021-06-21,0,0,,,6,38,0.00000,False,,25
barka,2021-06-22,33,0,0.94662,-0.50668,6,38,0.86842,True,0.00000,25
barka,2021-06-23,0,0,,,6,38,0.00000,False,,25
barka,2021-06-24,38,0,0.66749,-0.26153,6,38,1.00000,True,0.00000,25
barka,2021-06-25,0,0,,,6,38,0.00000,False,,25
barka,2021-06-26,31,0,0.59959,-0.36516,6,38,0.81579,True,0.00000,25
barka,2021-06-27,0,0,,,6,38,0.00000,False,,25
barka,2021-06-28,0,0,,,6,38,0.00000,False,,25
barka,2021-06-29,0,0,,,6,38,0.00000,False,,25
barka,2021-06-30,0,0,,,6,38,0.00000,False,,25
barka,2021-07-01,0,0,,,7,38,0.00000,False,,25
barka,2021-07-02,0,0,,,7,38,0.00000,False,,25
barka,2021-07-03,38,0,-0.36963,-0.46525,7,38,1.00000,True,0.00000,25
barka,2021-07-04,0,0,,,7,38,0.00000,False,,25
barka,2021-07-05,0,0,,,7,38,0.00000,False,,25
barka,2021-07-06,0,0,,,7,38,0.00000,False,,25
barka,2021-07-07,30,2,2.53101,-0.11228,7,38,0.78947,True,0.06667,25
barka,2021-07-08,0,0,,,7,38,0.00000,False,,25
barka,2021-07-09,0,0,,,7,38,0.00000,False,,25
barka,2021-07-10,3,0,-2.33492,-0.81408,7,38,0.07895,False,,25
barka,2021-07-11,0,0,,,7,38,0.00000,False,,25
barka,2021-07-12,0,0,,,7,38,0.00000,False,,25
barka,2021-07-13,0,0,,,7,38,0.00000,False,,25
barka,2021-07-14,0,0,,,7,38,0.00000,False,,25
barka,2021-07-15,0,0,,,7,38,0.00000,False,,25
barka,2021-07-16,0,0,,,7,38,0.00000,False,,25
barka,2021-07-17,38,0,1.82963,0.12954,7,38,1.00000,True,0.00000,25
barka,2021-07-18,36,0,1.78742,0.45200,7,38,0.94737,True,0.00000,25
barka,2021-07-19,38,1,2.01218,0.27784,7,38,1.00000,True,0.02632,25
barka,2021-07-20,0,0,,,7,38,0.00000,False,,25
barka,2021-07-21,0,0,,,7,38,0.00000,False,,25
barka,2021-07-22,29,0,0.47109,-0.07535,7,38,0.76316,True,0.00000,25
barka,2021-07-23,38,0,0.77401,0.02809,7,38,1.00000,True,0.00000,25
barka,2021-07-24,0,0,,,7,38,0.00000,False,,25
barka,2021-07-25,38,0,1.29976,0.13142,7,38,1.00000,True,0.00000,25
barka,2021-07-26,3,0,0.91397,0.71216,7,38,0.07895,False,,25
barka,2021-07-27,0,0,,,7,38,0.00000,False,,25
barka,2021-07-28,0,0,,,7,38,0.00000,False,,25
barka,2021-07-29,0,0,,,7,38,0.00000,False,,25
barka,2021-07-30,2,0,0.79329,0.63452,7,38,0.05263,False,,25
barka,2021-07-31,0,0,,,7,38,0.00000,False,,25
barka,2021-08-01,0,0,,,8,38,0.00000,False,,25
barka,2021-08-02,37,0,0.79870,-0.05640,8,38,0.97368,True,0.00000,25
barka,2021-08-03,38,0,0.67853,-0.17540,8,38,1.00000,True,0.00000,25
barka,2021-08-04,22,0,1.03637,-0.25732,8,38,0.57895,True,0.00000,25
barka,2021-08-05,0,0,,,8,38,0.00000,False,,25
barka,2021-08-06,35,0,1.05597,-0.09144,8,38,0.92105,True,0.00000,25
barka,2021-08-07,38,0,0.40713,-0.21350,8,38,1.00000,True,0.00000,25
barka,2021-08-08,0,0,,,8,38,0.00000,False,,25
barka,2021-08-09,38,0,0.64034,-0.26502,8,38,1.00000,True,0.00000,25
barka,2021-08-10,25,0,0.75385,-0.20393,8,38,0.65789,True,0.00000,25
barka,2021-08-11,36,0,1.33844,-0.20952,8,38,0.94737,True,0.00000,25
barka,2021-08-12,0,0,,,8,38,0.00000,False,,25
barka,2021-08-13,38,0,0.91163,-0.15228,8,38,1.00000,True,0.00000,25
barka,2021-08-14,38,0,1.11873,-0.02153,8,38,1.00000,True,0.00000,25
barka,2021-08-15,14,1,2.32997,0.06387,8,38,0.36842,True,0.07143,25
barka,2021-08-16,0,0,,,8,38,0.00000,False,,25
barka,2021-08-17,0,0,,,8,38,0.00000,False,,25
barka,2021-08-18,0,0,,,8,38,0.00000,False,,25
barka,2021-08-19,0,0,,,8,38,0.00000,False,,25
barka,2021-08-20,0,0,,,8,38,0.00000,False,,25
barka,2021-08-21,38,0,0.66478,-0.13352,8,38,1.00000,True,0.00000,25
barka,2021-08-22,4,0,1.40308,0.77139,8,38,0.10526,True,0.00000,25
barka,2021-08-23,35,1,2.04678,0.12742,8,38,0.92105,True,0.02857,25
barka,2021-08-24,0,0,,,8,38,0.00000,False,,25
barka,2021-08-25,0,0,,,8,38,0.00000,False,,25
barka,2021-08-26,38,0,0.29299,-0.21658,8,38,1.00000,True,0.00000,25
barka,2021-08-27,36,0,-1.03685,-0.51548,8,38,0.94737,True,0.00000,25
barka,2021-08-28,0,0,,,8,38,0.00000,False,,25
barka,2021-08-29,36,0,-1.25847,-0.50641,8,38,0.94737,True,0.00000,25
barka,2021-08-30,32,0,0.16244,-0.38113,8,38,0.84211,True,0.00000,25
barka,2021-08-31,0,0,,,8,38,0.00000,False,,25
barka,2021-09-01,0,0,,,9,38,0.00000,False,,25
barka,2021-09-02,38,0,0.84829,-0.10294,9,38,1.00000,True,0.00000,25
barka,2021-09-03,38,0,0.14266,-0.28116,9,38,1.00000,True,0.00000,25
barka,2021-09-04,34,0,1.44078,-0.26788,9,38,0.89474,True,0.00000,25
barka,2021-09-05,31,0,0.87112,-0.19003,9,38,0.81579,True,0.00000,25
barka,2021-09-06,36,0,0.13462,-0.26235,9,38,0.94737,True,0.00000,25
barka,2021-09-07,38,0,0.88174,-0.27779,9,38,1.00000,True,0.00000,25
barka,2021-09-08,0,0,,,9,38,0.00000,False,,25
barka,2021-09-09,20,1,2.50889,0.09804,9,38,0.52632,True,0.05000,25
barka,2021-09-10,0,0,,,9,38,0.00000,False,,25
barka,2021-09-11,38,0,1.96092,0.01400,9,38,1.00000,True,0.00000,25
barka,2021-09-12,0,0,,,9,38,0.00000,False,,25
barka,2021-09-13,38,0,1.38580,0.09330,9,38,1.00000,True,0.00000,25
barka,2021-09-14,0,0,,,9,38,0.00000,False,,25
barka,2021-09-15,37,0,1.39786,-0.13999,9,38,0.97368,True,0.00000,25
barka,2021-09-16,0,0,,,9,38,0.00000,False,,25
barka,2021-09-17,38,0,1.25472,0.03543,9,38,1.00000,True,0.00000,25
barka,2021-09-18,38,0,1.05526,0.00444,9,38,1.00000,True,0.00000,25
barka,2021-09-19,38,0,0.90350,-0.00320,9,38,1.00000,True,0.00000,25
barka,2021-09-20,0,0,,,9,38,0.00000,False,,25
barka,2021-09-21,38,0,0.90211,-0.07866,9,38,1.00000,True,0.00000,25
barka,2021-09-22,38,0,-0.01707,-0.28590,9,38,1.00000,True,0.00000,25
barka,2021-09-23,36,0,-0.47252,-0.54959,9,38,0.94737,True,0.00000,25
barka,2021-09-24,0,0,,,9,38,0.00000,False,,25
barka,2021-09-25,2,0,0.42491,-0.47417,9,38,0.05263,False,,25
barka,2021-09-26,38,0,-0.20707,-0.38783,9,38,1.00000,True,0.00000,25
barka,2021-09-27,37,0,-0.60908,-0.48610,9,38,0.97368,True,0.00000,25
barka,2021-09-28,22,0,1.60018,-0.06493,9,38,0.57895,True,0.00000,25
barka,2021-09-29,36,0,0.93175,-0.16576,9,38,0.94737,True,0.00000,25
barka,2021-09-30,31,0,0.34174,-0.27459,9,38,0.81579,True,0.00000,25
barka,2021-10-01,15,0,0.31961,-0.55772,10,39,0.38462,True,0.00000,25
barka,2021-10-02,28,0,0.67951,-0.19987,10,39,0.71795,True,0.00000,25
barka,2021-10-03,0,0,,,10,39,0.00000,False,,25
barka,2021-10-04,4,1,2.28189,0.53271,10,39,0.10256,True,0.25000,25
barka,2021-10-05,0,0,,,10,39,0.00000,False,,25
barka,2021-10-06,39,26,4.21821,0.33524,10,39,1.00000,True,0.66667,25
barka,2021-10-07,39,25,4.06853,0.27773,10,39,1.00000,True,0.64103,25
barka,2021-10-08,39,0,1.57652,-0.03263,10,39,1.00000,True,0.00000,25
barka,2021-10-09,0,0,,,10,39,0.00000,False,,25
barka,2021-10-10,39,0,1.73204,-0.17635,10,39,1.00000,True,0.00000,25
barka,2021-10-11,39,1,2.49128,-0.18473,10,39,1.00000,True,0.02564,25
barka,2021-10-12,38,6,2.56965,-0.06845,10,39,0.97436,True,0.15789,25
barka,2021-10-13,0,0,,,10,39,0.00000,False,,25
barka,2021-10-14,38,0,1.03933,-0.24677,10,39,0.97436,True,0.00000,25
barka,2021-10-15,39,0,1.58562,-0.27420,10,39,1.00000,True,0.00000,25
barka,2021-10-16,38,0,0.99569,-0.26417,10,39,0.97436,True,0.00000,25
barka,2021-10-17,10,5,3.53694,0.92931,10,39,0.25641,True,0.50000,25
barka,2021-10-18,38,0,0.86946,-0.32263,10,39,0.97436,True,0.00000,25
barka,2021-10-19,0,0,,,10,39,0.00000,False,,25
barka,2021-10-20,31,0,0.65996,-0.23014,10,39,0.79487,True,0.00000,25
barka,2021-10-21,37,0,0.56739,-0.33474,10,39,0.94872,True,0.00000,25
barka,2021-10-22,28,0,1.66830,-0.28834,10,39,0.71795,True,0.00000,25
barka,2021-10-23,39,0,1.58547,-0.08340,10,39,1.00000,True,0.00000,25
barka,2021-10-24,38,0,1.46579,-0.07622,10,39,0.97436,True,0.00000,25
barka,2021-10-25,39,0,0.88192,-0.19685,10,39,1.00000,True,0.00000,25
barka,2021-10-26,33,1,2.33838,-0.01645,10,39,0.84615,True,0.03030,25
barka,2021-10-27,36,0,1.54915,-0.05374,10,39,0.92308,True,0.00000,25
barka,2021-10-28,37,0,0.69363,-0.15929,10,39,0.94872,True,0.00000,25
barka,2021-10-29,38,11,2.77975,0.23878,10,39,0.97436,True,0.28947,25
barka,2021-10-30,38,8,3.24733,0.20439,10,39,0.97436,True,0.21053,25
barka,2021-10-31,0,0,,,10,39,0.00000,False,,25
barka,2021-11-01,0,0,,,11,38,0.00000,False,,25
barka,2021-11-02,38,0,1.06088,-0.02211,11,38,1.00000,True,0.00000,25
barka,2021-11-03,38,0,0.65107,0.02894,11,38,1.00000,True,0.00000,25
barka,2021-11-04,38,0,1.56529,0.15824,11,38,1.00000,True,0.00000,25
barka,2021-11-05,0,0,,,11,38,0.00000,False,,25
barka,2021-11-06,38,0,1.82652,0.17587,11,38,1.00000,True,0.00000,25
barka,2021-11-07,38,0,1.22509,0.15254,11,38,1.00000,True,0.00000,25
barka,2021-11-08,38,0,1.72825,0.12317,11,38,1.00000,True,0.00000,25
barka,2021-11-09,0,0,,,11,38,0.00000,False,,25
barka,2021-11-10,38,0,0.27381,-0.12743,11,38,1.00000,True,0.00000,25
barka,2021-11-11,38,0,0.43715,-0.10371,11,38,1.00000,True,0.00000,25
barka,2021-11-12,0,0,,,11,38,0.00000,False,,25
barka,2021-11-13,38,0,0.39482,0.02716,11,38,1.00000,True,0.00000,25
barka,2021-11-14,38,0,0.24429,0.02979,11,38,1.00000,True,0.00000,25
barka,2021-11-15,38,0,0.65571,0.03611,11,38,1.00000,True,0.00000,25
barka,2021-11-16,38,0,1.86411,0.14526,11,38,1.00000,True,0.00000,25
barka,2021-11-17,38,0,1.04273,0.08662,11,38,1.00000,True,0.00000,25
barka,2021-11-18,6,1,2.24392,0.66957,11,38,0.15789,True,0.16667,25
barka,2021-11-19,37,1,2.17210,-0.16586,11,38,0.97368,True,0.02703,25
barka,2021-11-20,38,14,4.65546,0.43443,11,38,1.00000,True,0.36842,25
barka,2021-11-21,38,4,2.81882,0.30537,11,38,1.00000,True,0.10526,25
barka,2021-11-22,38,13,2.77052,0.32912,11,38,1.00000,True,0.34211,25
barka,2021-11-23,38,8,2.76656,0.27023,11,38,1.00000,True,0.21053,25
barka,2021-11-24,38,6,2.51976,0.25894,11,38,1.00000,True,0.15789,25
barka,2021-11-25,38,0,1.93494,0.19631,11,38,1.00000,True,0.00000,25
barka,2021-11-26,38,1,2.18036,0.15030,11,38,1.00000,True,0.02632,25
barka,2021-11-27,38,1,2.46103,0.16003,11,38,1.00000,True,0.02632,25
barka,2021-11-28,0,0,,,11,38,0.00000,False,,25
barka,2021-11-29,29,1,2.51247,0.01050,11,38,0.76316,True,0.03448,25
barka,2021-11-30,38,1,2.40584,0.07633,11,38,1.00000,True,0.02632,25
barka,2021-12-01,38,5,2.40632,0.29267,12,38,1.00000,True,0.13158,25
barka,2021-12-02,0,0,,,12,38,0.00000,False,,25
barka,2021-12-03,38,4,2.80847,0.44900,12,38,1.00000,True,0.10526,25
barka,2021-12-04,38,2,2.37849,0.31190,12,38,1.00000,True,0.05263,25
barka,2021-12-05,38,7,3.32874,0.35244,12,38,1.00000,True,0.18421,25
barka,2021-12-06,0,0,,,12,38,0.00000,False,,25
barka,2021-12-07,30,0,1.00328,0.13691,12,38,0.78947,True,0.00000,25
barka,2021-12-08,38,0,0.81387,0.06401,12,38,1.00000,True,0.00000,25
barka,2021-12-09,38,0,1.70376,0.25705,12,38,1.00000,True,0.00000,25
barka,2021-12-10,38,0,0.71024,0.11566,12,38,1.00000,True,0.00000,25
barka,2021-12-11,38,0,0.92315,0.14148,12,38,1.00000,True,0.00000,25
barka,2021-12-12,0,0,,,12,38,0.00000,False,,25
barka,2021-12-13,38,0,0.32704,-0.10620,12,38,1.00000,True,0.00000,25
barka,2021-12-14,38,0,1.26888,0.18346,12,38,1.00000,True,0.00000,25
barka,2021-12-15,38,0,1.34657,0.23740,12,38,1.00000,True,0.00000,25
barka,2021-12-16,29,0,1.57245,-0.04610,12,38,0.76316,True,0.00000,25
barka,2021-12-17,28,0,1.26582,0.12489,12,38,0.73684,True,0.00000,25
barka,2021-12-18,38,0,0.69678,0.10929,12,38,1.00000,True,0.00000,25
barka,2021-12-19,38,0,0.52048,0.03359,12,38,1.00000,True,0.00000,25
barka,2021-12-20,38,0,1.21970,0.06025,12,38,1.00000,True,0.00000,25
barka,2021-12-21,6,0,1.62171,0.37187,12,38,0.15789,True,0.00000,25
barka,2021-12-22,37,3,2.77197,0.22802,12,38,0.97368,True,0.08108,25
barka,2021-12-23,38,11,3.17108,0.33622,12,38,1.00000,True,0.28947,25
barka,2021-12-24,38,18,4.32450,0.47932,12,38,1.00000,True,0.47368,25
barka,2021-12-25,0,0,,,12,38,0.00000,False,,25
barka,2021-12-26,38,24,3.94861,0.61266,12,38,1.00000,True,0.63158,25
barka,2021-12-27,0,0,,,12,38,0.00000,False,,25
barka,2021-12-28,36,1,2.01813,0.36577,12,38,0.94737,True,0.02778,25
barka,2021-12-29,0,0,,,12,38,0.00000,False,,25
barka,2021-12-30,0,0,,,12,38,0.00000,False,,25
barka,2021-12-31,4,0,-1.47172,-0.47096,12,38,0.10526,True,0.00000,25
kalba,2019-01-01,31,2,2.21073,0.13596,1,33,0.93939,True,0.06452,25
kalba,2019-01-02,0,0,,,1,33,0.00000,False,,25
kalba,2019-01-03,0,0,,,1,33,0.00000,False,,25
kalba,2019-01-04,2,0,0.31821,-0.00200,1,33,0.06061,False,,25
kalba,2019-01-05,33,0,1.63003,0.00377,1,33,1.00000,True,0.00000,25
kalba,2019-01-06,0,0,,,1,33,0.00000,False,,25
kalba,2019-01-07,0,0,,,1,33,0.00000,False,,25
kalba,2019-01-08,6,0,-0.07617,-0.49151,1,33,0.18182,True,0.00000,25
kalba,2019-01-09,32,0,0.42413,-0.13794,1,33,0.96970,True,0.00000,25
kalba,2019-01-10,0,0,,,1,33,0.00000,False,,25
kalba,2019-01-11,0,0,,,1,33,0.00000,False,,25
kalba,2019-01-12,33,0,0.78546,-0.13732,1,33,1.00000,True,0.00000,25
kalba,2019-01-13,33,0,1.59899,-0.00643,1,33,1.00000,True,0.00000,25
kalba,2019-01-14,0,0,,,1,33,0.00000,False,,25
kalba,2019-01-15,0,0,,,1,33,0.00000,False,,25
kalba,2019-01-16,33,0,1.92340,0.20723,1,33,1.00000,True,0.00000,25
kalba,2019-01-17,15,8,3.03529,0.16679,1,33,0.45455,True,0.53333,25
kalba,2019-01-18,0,0,,,1,33,0.00000,False,,25
kalba,2019-01-19,0,0,,,1,33,0.00000,False,,25
kalba,2019-01-20,32,0,1.20725,-0.04726,1,33,0.96970,True,0.00000,25
kalba,2019-01-21,0,0,,,1,33,0.00000,False,,25
kalba,2019-01-22,0,0,,,1,33,0.00000,False,,25
kalba,2019-01-23,0,0,,,1,33,0.00000,False,,25
kalba,2019-01-24,19,0,-0.81965,-0.35055,1,33,0.57576,True,0.00000,25
kalba,2019-01-25,0,0,,,1,33,0.00000,False,,25
kalba,2019-01-26,0,0,,,1,33,0.00000,False,,25
kalba,2019-01-27,5,0,1.14350,0.24934,1,33,0.15152,True,0.00000,25
kalba,2019-01-28,1,0,-0.56511,-0.26903,1,33,0.03030,False,,25
kalba,2019-01-29,0,0,,,1,33,0.00000,False,,25
kalba,2019-01-30,0,0,,,1,33,0.00000,False,,25
kalba,2019-01-31,28,5,2.72637,0.07013,1,33,0.84848,True,0.17857,25
kalba,2019-02-01,33,0,1.53076,0.04401,2,33,1.00000,True,0.00000,25
kalba,2019-02-02,0,0,,,2,33,0.00000,False,,25
kalba,2019-02-03,0,0,,,2,33,0.00000,False,,25
kalba,2019-02-04,6,0,-0.46109,-0.48939,2,33,0.18182,True,0.00000,25
kalba,2019-02-05,33,1,2.20804,0.30538,2,33,1.00000,True,0.03030,25
kalba,2019-02-06,0,0,,,2,33,0.00000,False,,25
kalba,2019-02-07,0,0,,,2,33,0.00000,False,,25
kalba,2019-02-08,33,2,2.43167,0.09361,2,33,1.00000,True,0.06061,25
kalba,2019-02-09,33,0,1.78594,0.07353,2,33,1.00000,True,0.00000,25
kalba,2019-02-10,0,0,,,2,33,0.00000,False,,25
kalba,2019-02-11,0,0,,,2,33,0.00000,False,,25
kalba,2019-02-12,23,1,2.65403,-0.13842,2,33,0.69697,True,0.04348,25
kalba,2019-02-13,32,1,2.20072,-0.03853,2,33,0.96970,True,0.03125,25
kalba,2019-02-14,0,0,,,2,33,0.00000,False,,25
kalba,2019-02-15,0,0,,,2,33,0.00000,False,,25
kalba,2019-02-16,0,0,,,2,33,0.00000,False,,25
kalba,2019-02-17,0,0,,,2,33,0.00000,False,,25
kalba,2019-02-18,0,0,,,2,33,0.00000,False,,25
kalba,2019-02-19,0,0,,,2,33,0.00000,False,,25
kalba,2019-02-20,33,0,0.99551,-0.16796,2,33,1.00000,True,0.00000,25
kalba,2019-02-21,0,0,,,2,33,0.00000,False,,25
kalba,2019-02-22,0,0,,,2,33,0.00000,False,,25
kalba,2019-02-23,23,5,2.32089,0.44252,2,33,0.69697,True,0.21739,25
kalba,2019-02-24,0,0,,,2,33,0.00000,False,,25
kalba,2019-02-25,0,0,,,2,33,0.00000,False,,25
kalba,2019-02-26,0,0,,,2,33,0.00000,False,,25
kalba,2019-02-27,24,0,0.80546,-0.10239,2,33,0.72727,True,0.00000,25
kalba,2019-02-28,11,0,1.93049,-0.07349,2,33,0.33333,True,0.00000,25
kalba,2019-03-01,0,0,,,3,33,0.00000,False,,25
kalba,2019-03-02,0,0,,,3,33,0.00000,False,,25
kalba,2019-03-03,14,0,1.36351,0.17502,3,33,0.42424,True,0.00000,25
kalba,2019-03-04,33,0,0.59177,0.10087,3,33,1.00000,True,0.00000,25
kalba,2019-03-05,0,0,,,3,33,0.00000,False,,25
kalba,2019-03-06,0,0,,,3,33,0.00000,False,,25
kalba,2019-03-07,1,0,1.20586,0.63937,3,33,0.03030,False,,25
kalba,2019-03-08,33,0,1.85952,0.16959,3,33,1.00000,True,0.00000,25
kalba,2019-03-09,0,0,,,3,33,0.00000,False,,25
kalba,2019-03-10,0,0,,,3,33,0.00000,False,,25
kalba,2019-03-11,33,0,0.49305,0.00090,3,33,1.00000,True,0.00000,25
kalba,2019-03-12,33,0,0.66744,0.11695,3,33,1.00000,True,0.00000,25
kalba,2019-03-13,0,0,,,3,33,0.00000,False,,25
kalba,2019-03-14,0,0,,,3,33,0.00000,False,,25
kalba,2019-03-15,0,0,,,3,33,0.00000,False,,25
kalba,2019-03-16,20,0,0.94302,0.02187,3,33,0.60606,True,0.00000,25
kalba,2019-03-17,0,0,,,3,33,0.00000,False,,25
kalba,2019-03-18,0,0,,,3,33,0.00000,False,,25
kalba,2019-03-19,33,1,2.00796,0.20328,3,33,1.00000,True,0.03030,25
kalba,2019-03-20,0,0,,,3,33,0.00000,False,,25
kalba,2019-03-21,1,0,1.14884,0.72891,3,33,0.03030,False,,25
kalba,2019-03-22,0,0,,,3,33,0.00000,False,,25
kalba,2019-03-23,0,0,,,3,33,0.00000,False,,25
kalba,2019-03-24,0,0,,,3,33,0.00000,False,,25
kalba,2019-03-25,0,0,,,3,33,0.00000,False,,25
kalba,2019-03-26,0,0,,,3,33,0.00000,False,,25
kalba,2019-03-27,0,0,,,3,33,0.00000,False,,25
kalba,2019-03-28,0,0,,,3,33,0.00000,False,,25
kalba,2019-03-29,33,3,2.25922,0.42255,3,33,1.00000,True,0.09091,25
kalba,2019-03-30,2,0,1.21618,0.64724,3,33,0.06061,False,,25
kalba,2019-03-31,0,0,,,3,33,0.00000,False,,25
kalba,2019-04-01,0,0,,,4,33,0.00000,False,,25
kalba,2019-04-02,33,23,3.14462,0.75735,4,33,1.00000,True,0.69697,25
kalba,2019-04-03,3,3,2.88644,0.83165,4,33,0.09091,False,,25
kalba,2019-04-04,31,0,1.18379,0.04001,4,33,0.93939,True,0.00000,25
kalba,2019-04-05,0,0,,,4,33,0.00000,False,,25
kalba,2019-04-06,0,0,,,4,33,0.00000,False,,25
kalba,2019-04-07,0,0,,,4,33,0.00000,False,,25
kalba,2019-04-08,0,0,,,4,33,0.00000,False,,25
kalba,2019-04-09,0,0,,,4,33,0.00000,False,,25
kalba,2019-04-10,0,0,,,4,33,0.00000,False,,25
kalba,2019-04-11,15,0,1.85577,0.45669,4,33,0.45455,True,0.00000,25
kalba,2019-04-12,0,0,,,4,33,0.00000,False,,25
kalba,2019-04-13,0,0,,,4,33,0.00000,False,,25
kalba,2019-04-14,2,0,-1.19219,-0.41535,4,33,0.06061,False,,25
kalba,2019-04-15,33,0,0.99881,0.11112,4,33,1.00000,True,0.00000,25
kalba,2019-04-16,0,0,,,4,33,0.00000,False,,25
kalba,2019-04-17,4,3,2.93471,0.88844,4,33,0.12121,True,0.75000,25
kalba,2019-04-18,28,11,3.09766,0.54393,4,33,0.84848,True,0.39286,25
kalba,2019-04-19,33,1,2.10670,0.19080,4,33,1.00000,True,0.03030,25
kalba,2019-04-20,0,0,,,4,33,0.00000,False,,25
kalba,2019-04-21,32,19,3.02571,0.63808,4,33,0.96970,True,0.59375,25
kalba,2019-04-22,33,0,1.81454,0.02768,4,33,1.00000,True,0.00000,25
kalba,2019-04-23,18,0,-0.06675,-0.09074,4,33,0.54545,True,0.00000,25
kalba,2019-04-24,0,0,,,4,33,0.00000,False,,25
kalba,2019-04-25,32,6,2.78140,0.51125,4,33,0.96970,True,0.18750,25
kalba,2019-04-26,0,0,,,4,33,0.00000,False,,25
kalba,2019-04-27,32,0,-0.08106,-0.16008,4,33,0.96970,True,0.00000,25
kalba,2019-04-28,0,0,,,4,33,0.00000,False,,25
kalba,2019-04-29,33,0,1.73184,0.13830,4,33,1.00000,True,0.00000,25
kalba,2019-04-30,0,0,,,4,33,0.00000,False,,25
kalba,2019-05-01,33,28,3.89795,0.39729,5,33,1.00000,True,0.84848,25
kalba,2019-05-02,0,0,,,5,33,0.00000,False,,25
kalba,2019-05-03,33,24,3.02813,0.32171,5,33,1.00000,True,0.72727,25
kalba,2019-05-04,0,0,,,5,33,0.00000,False,,25
kalba,2019-05-05,7,0,0.17002,-0.17277,5,33,0.21212,True,0.00000,25
kalba,2019-05-06,0,0,,,5,33,0.00000,False,,25
kalba,2019-05-07,33,4,2.27924,0.08426,5,33,1.00000,True,0.12121,25
kalba,2019-05-08,32,1,2.07330,0.07826,5,33,0.96970,True,0.03125,25
kalba,2019-05-09,33,0,1.78057,0.04583,5,33,1.00000,True,0.00000,25
kalba,2019-05-10,0,0,,,5,33,0.00000,False,,25
kalba,2019-05-11,33,2,2.09758,0.02724,5,33,1.00000,True,0.06061,25
kalba,2019-05-12,33,0,0.25640,-0.23687,5,33,1.00000,True,0.00000,25
kalba,2019-05-13,0,0,,,5,33,0.00000,False,,25
kalba,2019-05-14,1,1,3.14135,0.86614,5,33,0.03030,False,,25
kalba,2019-05-15,33,0,1.35791,-0.09405,5,33,1.00000,True,0.00000,25
kalba,2019-05-16,33,0,1.14890,-0.12119,5,33,1.00000,True,0.00000,25
kalba,2019-05-17,0,0,,,5,33,0.00000,False,,25
kalba,2019-05-18,0,0,,,5,33,0.00000,False,,25
kalba,2019-05-19,5,0,0.20482,-0.25715,5,33,0.15152,True,0.00000,25
kalba,2019-05-20,8,0,0.12252,-0.37620,5,33,0.24242,True,0.00000,25
kalba,2019-05-21,0,0,,,5,33,0.00000,False,,25
kalba,2019-05-22,31,1,2.14690,-0.21904,5,33,0.93939,True,0.03226,25
kalba,2019-05-23,0,0,,,5,33,0.00000,False,,25
kalba,2019-05-24,32,0,1.03144,-0.26936,5,33,0.96970,True,0.00000,25
kalba,2019-05-25,0,0,,,5,33,0.00000,False,,25
kalba,2019-05-26,33,0,1.26536,-0.18412,5,33,1.00000,True,0.00000,25
kalba,2019-05-27,0,0,,,5,33,0.00000,False,,25
kalba,2019-05-28,33,0,1.49840,-0.25036,5,33,1.00000,True,0.00000,25
kalba,2019-05-29,0,0,,,5,33,0.00000,False,,25
kalba,2019-05-30,0,0,,,5,33,0.00000,False,,25
kalba,2019-05-31,5,0,0.65032,0.01928,5,33,0.15152,True,0.00000,25
kalba,2019-06-01,31,0,0.48827,-0.43602,6,33,0.93939,True,0.00000,25
kalba,2019-06-02,0,0,,,6,33,0.00000,False,,25
kalba,2019-06-03,33,0,-0.36999,-0.49139,6,33,1.00000,True,0.00000,25
kalba,2019-06-04,32,0,0.23099,-0.40286,6,33,0.96970,True,0.00000,25
kalba,2019-06-05,31,0,0.51617,-0.41113,6,33,0.93939,True,0.00000,25
kalba,2019-06-06,0,0,,,6,33,0.00000,False,,25
kalba,2019-06-07,33,0,0.63239,-0.44984,6,33,1.00000,True,0.00000,25
kalba,2019-06-08,33,0,0.22563,-0.42574,6,33,1.00000,True,0.00000,25
kalba,2019-06-09,0,0,,,6,33,0.00000,False,,25
kalba,2019-06-10,5,3,2.46457,0.76640,6,33,0.15152,True,0.60000,25
kalba,2019-06-11,32,0,0.78240,-0.34843,6,33,0.96970,True,0.00000,25
kalba,2019-06-12,31,0,0.85499,-0.39040,6,33,0.93939,True,0.00000,25
kalba,2019-06-13,0,0,,,6,33,0.00000,False,,25
kalba,2019-06-14,31,0,0.64438,-0.32463,6,33,0.93939,True,0.00000,25
kalba,2019-06-15,33,0,0.30677,-0.38412,6,33,1.00000,True,0.00000,25
kalba,2019-06-16,0,0,,,6,33,0.00000,False,,25
kalba,2019-06-17,0,0,,,6,33,0.00000,False,,25
kalba,2019-06-18,31,0,1.25053,-0.46962,6,33,0.93939,True,0.00000,25
kalba,2019-06-19,0,0,,,6,33,0.00000,False,,25
kalba,2019-06-20,1,0,-0.84752,-0.16321,6,33,0.03030,False,,25
kalba,2019-06-21,0,0,,,6,33,0.00000,False,,25
kalba,2019-06-22,0,0,,,6,33,0.00000,False,,25
kalba,2019-06-23,0,0,,,6,33,0.00000,False,,25
kalba,2019-06-24,19,2,2.79183,-0.17533,6,33,0.57576,True,0.10526,25
kalba,2019-06-25,0,0,,,6,33,0.00000,False,,25
kalba,2019-06-26,33,0,1.46168,-0.15721,6,33,1.00000,True,0.00000,25
kalba,2019-06-27,28,0,0.65995,-0.19031,6,33,0.84848,True,0.00000,25
kalba,2019-06-28,22,0,1.14599,-0.53011,6,33,0.66667,True,0.00000,25
kalba,2019-06-29,0,0,,,6,33,0.00000,False,,25
kalba,2019-06-30,33,0,0.32856,-0.39660,6,33,1.00000,True,0.00000,25
kalba,2019-07-01,32,0,-0.45152,-0.43060,7,33,0.96970,True,0.00000,25
kalba,2019-07-02,30,0,0.35829,-0.32674,7,33,0.90909,True,0.00000,25
kalba,2019-07-03,0,0,,,7,33,0.00000,False,,25
kalba,2019-07-04,0,0,,,7,33,0.00000,False,,25
kalba,2019-07-05,26,0,1.76339,-0.16698,7,33,0.78788,True,0.00000,25
kalba,2019-07-06,0,0,,,7,33,0.00000,False,,25
kalba,2019-07-07,18,1,3.23582,-0.42592,7,33,0.54545,True,0.05556,25
kalba,2019-07-08,21,0,0.64364,-0.29230,7,33,0.63636,True,0.00000,25
kalba,2019-07-09,20,0,0.73437,-0.31550,7,33,0.60606,True,0.00000,25
kalba,2019-07-10,0,0,,,7,33,0.00000,False,,25
kalba,2019-07-11,32,0,0.15361,-0.29133,7,33,0.96970,True,0.00000,25
kalba,2019-07-12,32,0,0.22551,-0.37498,7,33,0.96970,True,0.00000,25
kalba,2019-07-13,18,0,1.70577,0.14167,7,33,0.54545,True,0.00000,25
kalba,2019-07-14,0,0,,,7,33,0.00000,False,,25
kalba,2019-07-15,33,0,0.48068,-0.36361,7,33,1.00000,True,0.00000,25
kalba,2019-07-16,0,0,,,7,33,0.00000,False,,25
kalba,2019-07-17,2,0,0.65464,0.06727,7,33,0.06061,False,,25
kalba,2019-07-18,0,0,,,7,33,0.00000,False,,25
kalba,2019-07-19,0,0,,,7,33,0.00000,False,,25
kalba,2019-07-20,0,0,,,7,33,0.00000,False,,25
kalba,2019-07-21,8,0,1.52286,-0.23145,7,33,0.24242,True,0.00000,25
kalba,2019-07-22,0,0,,,7,33,0.00000,False,,25
kalba,2019-07-23,0,0,,,7,33,0.00000,False,,25
kalba,2019-07-24,6,6,3.89392,0.38490,7,33,0.18182,True,1.00000,25
kalba,2019-07-25,0,0,,,7,33,0.00000,False,,25
kalba,2019-07-26,0,0,,,7,33,0.00000,False,,25
kalba,2019-07-27,32,0,1.55545,0.05444,7,33,0.96970,True,0.00000,25
kalba,2019-07-28,19,11,3.99188,0.42295,7,33,0.57576,True,0.57895,25
kalba,2019-07-29,0,0,,,7,33,0.00000,False,,25
kalba,2019-07-30,0,0,,,7,33,0.00000,False,,25
kalba,2019-07-31,0,0,,,7,33,0.00000,False,,25
kalba,2019-08-01,27,0,1.63976,0.03062,8,33,0.81818,True,0.00000,25
kalba,2019-08-02,0,0,,,8,33,0.00000,False,,25
kalba,2019-08-03,0,0,,,8,33,0.00000,False,,25
kalba,2019-08-04,0,0,,,8,33,0.00000,False,,25
kalba,2019-08-05,0,0,,,8,33,0.00000,False,,25
kalba,2019-08-06,0,0,,,8,33,0.00000,False,,25
kalba,2019-08-07,33,0,0.51046,-0.16768,8,33,1.00000,True,0.00000,25
kalba,2019-08-08,0,0,,,8,33,0.00000,False,,25
kalba,2019-08-09,0,0,,,8,33,0.00000,False,,25
kalba,2019-08-10,0,0,,,8,33,0.00000,False,,25
kalba,2019-08-11,0,0,,,8,33,0.00000,False,,25
kalba,2019-08-12,0,0,,,8,33,0.00000,False,,25
kalba,2019-08-13,0,0,,,8,33,0.00000,False,,25
kalba,2019-08-14,0,0,,,8,33,0.00000,False,,25
kalba,2019-08-15,16,0,-0.96643,-0.38519,8,33,0.48485,True,0.00000,25
kalba,2019-08-16,2,0,1.21915,0.66119,8,33,0.06061,False,,25
kalba,2019-08-17,30,0,1.74833,-0.23851,8,33,0.90909,True,0.00000,25
kalba,2019-08-18,0,0,,,8,33,0.00000,False,,25
kalba,2019-08-19,33,0,0.75286,-0.06166,8,33,1.00000,True,0.00000,25
kalba,2019-08-20,0,0,,,8,33,0.00000,False,,25
kalba,2019-08-21,14,0,0.80294,0.03712,8,33,0.42424,True,0.00000,25
kalba,2019-08-22,0,0,,,8,33,0.00000,False,,25
kalba,2019-08-23,27,0,0.48251,-0.20235,8,33,0.81818,True,0.00000,25
kalba,2019-08-24,32,0,0.60172,-0.23041,8,33,0.96970,True,0.00000,25
kalba,2019-08-25,26,0,0.91414,-0.11084,8,33,0.78788,True,0.00000,25
kalba,2019-08-26,3,0,1.51529,0.68031,8,33,0.09091,False,,25
kalba,2019-08-27,33,0,0.42239,-0.17845,8,33,1.00000,True,0.00000,25
kalba,2019-08-28,33,0,0.74461,-0.17043,8,33,1.00000,True,0.00000,25
kalba,2019-08-29,0,0,,,8,33,0.00000,False,,25
kalba,2019-08-30,26,0,-0.08369,-0.22790,8,33,0.78788,True,0.00000,25
kalba,2019-08-31,29,0,0.09794,-0.28399,8,33,0.87879,True,0.00000,25
kalba,2019-09-01,32,0,0.43069,-0.32284,9,33,0.96970,True,0.00000,25
kalba,2019-09-02,0,0,,,9,33,0.00000,False,,25
kalba,2019-09-03,33,0,0.36787,-0.32117,9,33,1.00000,True,0.00000,25
kalba,2019-09-04,32,0,0.51292,-0.37259,9,33,0.96970,True,0.00000,25
kalba,2019-09-05,0,0,,,9,33,0.00000,False,,25
kalba,2019-09-06,0,0,,,9,33,0.00000,False,,25
kalba,2019-09-07,0,0,,,9,33,0.00000,False,,25
kalba,2019-09-08,0,0,,,9,33,0.00000,False,,25
kalba,2019-09-09,28,0,0.13673,-0.43859,9,33,0.84848,True,0.00000,25
kalba,2019-09-10,0,0,,,9,33,0.00000,False,,25
kalba,2019-09-11,33,0,0.76224,-0.28302,9,33,1.00000,True,0.00000,25
kalba,2019-09-12,33,0,1.47505,-0.11868,9,33,1.00000,True,0.00000,25
kalba,2019-09-13,32,1,2.31419,-0.15947,9,33,0.96970,True,0.03125,25
kalba,2019-09-14,0,0,,,9,33,0.00000,False,,25
kalba,2019-09-15,33,0,1.86993,-0.14724,9,33,1.00000,True,0.00000,25
kalba,2019-09-16,0,0,,,9,33,0.00000,False,,25
kalba,2019-09-17,5,0,0.46473,-0.47736,9,33,0.15152,True,0.00000,25
kalba,2019-09-18,0,0,,,9,33,0.00000,False,,25
kalba,2019-09-19,33,0,1.48188,-0.15303,9,33,1.00000,True,0.00000,25
kalba,2019-09-20,33,3,2.15209,-0.00528,9,33,1.00000,True,0.09091,25
kalba,2019-09-21,0,0,,,9,33,0.00000,False,,25
kalba,2019-09-22,12,5,2.91522,0.38698,9,33,0.36364,True,0.41667,25
kalba,2019-09-23,33,2,2.23827,-0.22226,9,33,1.00000,True,0.06061,25
kalba,2019-09-24,0,0,,,9,33,0.00000,False,,25
kalba,2019-09-25,0,0,,,9,33,0.00000,False,,25
kalba,2019-09-26,33,0,1.81815,-0.12833,9,33,1.00000,True,0.00000,25
kalba,2019-09-27,32,0,1.49289,-0.21420,9,33,0.96970,True,0.00000,25
kalba,2019-09-28,32,0,1.96853,-0.14577,9,33,0.96970,True,0.00000,25
kalba,2019-09-29,0,0,,,9,33,0.00000,False,,25
kalba,2019-09-30,33,0,1.92032,-0.19070,9,33,1.00000,True,0.00000,25
kalba,2019-10-01,19,0,0.94180,-0.08127,10,33,0.57576,True,0.00000,25
kalba,2019-10-02,31,0,1.49084,-0.27916,10,33,0.93939,True,0.00000,25
kalba,2019-10-03,0,0,,,10,33,0.00000,False,,25
kalba,2019-10-04,27,0,1.65166,-0.00040,10,33,0.81818,True,0.00000,25
kalba,2019-10-05,33,1,2.38487,-0.21364,10,33,1.00000,True,0.03030,25
kalba,2019-10-06,0,0,,,10,33,0.00000,False,,25
kalba,2019-10-07,0,0,,,10,33,0.00000,False,,25
kalba,2019-10-08,33,0,1.59290,-0.23594,10,33,1.00000,True,0.00000,25
kalba,2019-10-09,33,3,2.47054,-0.14294,10,33,1.00000,True,0.09091,25
kalba,2019-10-10,32,7,2.82825,-0.05359,10,33,0.96970,True,0.21875,25
kalba,2019-10-11,0,0,,,10,33,0.00000,False,,25
kalba,2019-10-12,0,0,,,10,33,0.00000,False,,25
kalba,2019-10-13,33,0,1.64111,-0.32504,10,33,1.00000,True,0.00000,25
kalba,2019-10-14,32,0,0.44976,-0.30189,10,33,0.96970,True,0.00000,25
kalba,2019-10-15,19,1,2.14991,-0.31813,10,33,0.57576,True,0.05263,25
kalba,2019-10-16,33,0,0.48077,-0.32774,10,33,1.00000,True,0.00000,25
kalba,2019-10-17,33,0,0.77404,-0.36928,10,33,1.00000,True,0.00000,25
kalba,2019-10-18,31,0,0.83906,-0.35582,10,33,0.93939,True,0.00000,25
kalba,2019-10-19,33,0,0.15258,-0.40474,10,33,1.00000,True,0.00000,25
kalba,2019-10-20,33,0,-0.15301,-0.46293,10,33,1.00000,True,0.00000,25
kalba,2019-10-21,29,0,-0.12109,-0.40956,10,33,0.87879,True,0.00000,25
kalba,2019-10-22,0,0,,,10,33,0.00000,False,,25
kalba,2019-10-23,33,0,-0.10314,-0.41710,10,33,1.00000,True,0.00000,25
kalba,2019-10-24,33,0,0.07468,-0.42729,10,33,1.00000,True,0.00000,25
kalba,2019-10-25,32,0,-0.00378,-0.42075,10,33,0.96970,True,0.00000,25
kalba,2019-10-26,0,0,,,10,33,0.00000,False,,25
kalba,2019-10-27,33,0,0.11704,-0.44067,10,33,1.00000,True,0.00000,25
kalba,2019-10-28,33,0,-0.16994,-0.43960,10,33,1.00000,True,0.00000,25
kalba,2019-10-29,33,0,0.48575,-0.46043,10,33,1.00000,True,0.00000,25
kalba,2019-10-30,0,0,,,10,33,0.00000,False,,25
kalba,2019-10-31,30,3,2.83114,-0.08607,10,33,0.90909,True,0.10000,25
kalba,2019-11-01,33,0,0.87822,-0.27704,11,33,1.00000,True,0.00000,25
kalba,2019-11-02,33,0,1.09070,-0.38389,11,33,1.00000,True,0.00000,25
kalba,2019-11-03,0,0,,,11,33,0.00000,False,,25
kalba,2019-11-04,26,0,0.79798,-0.50966,11,33,0.78788,True,0.00000,25
kalba,2019-11-05,33,0,0.07969,-0.38279,11,33,1.00000,True,0.00000,25
kalba,2019-11-06,33,0,0.95365,-0.33669,11,33,1.00000,True,0.00000,25
kalba,2019-11-07,25,0,1.24377,-0.34268,11,33,0.75758,True,0.00000,25
kalba,2019-11-08,33,0,0.54809,-0.28628,11,33,1.00000,True,0.00000,25
kalba,2019-11-09,5,0,0.71949,-0.17184,11,33,0.15152,True,0.00000,25
kalba,2019-11-10,23,0,0.07495,-0.30961,11,33,0.69697,True,0.00000,25
kalba,2019-11-11,16,0,1.80631,0.16979,11,33,0.48485,True,0.00000,25
kalba,2019-11-12,33,0,0.64943,-0.10016,11,33,1.00000,True,0.00000,25
kalba,2019-11-13,33,0,0.45523,-0.11598,11,33,1.00000,True,0.00000,25
kalba,2019-11-14,33,0,1.20067,-0.04840,11,33,1.00000,True,0.00000,25
kalba,2019-11-15,33,0,0.69120,-0.28184,11,33,1.00000,True,0.00000,25
kalba,2019-11-16,33,0,0.43639,-0.26181,11,33,1.00000,True,0.00000,25
kalba,2019-11-17,0,0,,,11,33,0.00000,False,,25
kalba,2019-11-18,0,0,,,11,33,0.00000,False,,25
kalba,2019-11-19,33,0,0.54946,-0.13763,11,33,1.00000,True,0.00000,25
kalba,2019-11-20,21,0,-0.64395,-0.47139,11,33,0.63636,True,0.00000,25
kalba,2019-11-21,1,0,-0.13975,-0.28543,11,33,0.03030,False,,25
kalba,2019-11-22,0,0,,,11,33,0.00000,False,,25
kalba,2019-11-23,33,0,0.17846,-0.15294,11,33,1.00000,True,0.00000,25
kalba,2019-11-24,20,0,0.12534,-0.27662,11,33,0.60606,True,0.00000,25
kalba,2019-11-25,0,0,,,11,33,0.00000,False,,25
kalba,2019-11-26,0,0,,,11,33,0.00000,False,,25
kalba,2019-11-27,33,0,1.23068,-0.10399,11,33,1.00000,True,0.00000,25
kalba,2019-11-28,33,0,1.47006,-0.11389,11,33,1.00000,True,0.00000,25
kalba,2019-11-29,33,2,2.26625,0.06684,11,33,1.00000,True,0.06061,25
kalba,2019-11-30,0,0,,,11,33,0.00000,False,,25
kalba,2019-12-01,33,0,1.77092,0.03643,12,33,1.00000,True,0.00000,25
kalba,2019-12-02,0,0,,,12,33,0.00000,False,,25
kalba,2019-12-03,11,1,2.08043,-0.17717,12,33,0.33333,True,0.09091,25
kalba,2019-12-04,33,1,2.23415,-0.02793,12,33,1.00000,True,0.03030,25
kalba,2019-12-05,33,0,0.87520,-0.13663,12,33,1.00000,True,0.00000,25
kalba,2019-12-06,6,0,0.84104,-0.25358,12,33,0.18182,True,0.00000,25
kalba,2019-12-07,31,0,1.85014,-0.16823,12,33,0.93939,True,0.00000,25
kalba,2019-12-08,16,0,-0.00469,-0.30500,12,33,0.48485,True,0.00000,25
kalba,2019-12-09,33,0,0.50699,-0.19004,12,33,1.00000,True,0.00000,25
kalba,2019-12-10,4,0,-0.84094,-0.38049,12,33,0.12121,True,0.00000,25
kalba,2019-12-11,0,0,,,12,33,0.00000,False,,25
kalba,2019-12-12,33,0,-0.20983,-0.28888,12,33,1.00000,True,0.00000,25
kalba,2019-12-13,0,0,,,12,33,0.00000,False,,25
kalba,2019-12-14,32,0,0.99049,-0.21720,12,33,0.96970,True,0.00000,25
kalba,2019-12-15,0,0,,,12,33,0.00000,False,,25
kalba,2019-12-16,8,0,0.11113,-0.24368,12,33,0.24242,True,0.00000,25
kalba,2019-12-17,9,0,-0.42494,-0.58254,12,33,0.27273,True,0.00000,25
kalba,2019-12-18,25,1,2.19652,-0.24299,12,33,0.75758,True,0.04000,25
kalba,2019-12-19,0,0,,,12,33,0.00000,False,,25
kalba,2019-12-20,33,0,0.48710,-0.17255,12,33,1.00000,True,0.00000,25
kalba,2019-12-21,33,0,0.59348,-0.15670,12,33,1.00000,True,0.00000,25
kalba,2019-12-22,33,0,0.89129,-0.06845,12,33,1.00000,True,0.00000,25
kalba,2019-12-23,0,0,,,12,33,0.00000,False,,25
kalba,2019-12-24,33,0,0.40966,-0.17291,12,33,1.00000,True,0.00000,25
kalba,2019-12-25,33,0,0.56859,-0.14982,12,33,1.00000,True,0.00000,25
kalba,2019-12-26,33,0,1.31188,-0.11219,12,33,1.00000,True,0.00000,25
kalba,2019-12-27,0,0,,,12,33,0.00000,False,,25
kalba,2019-12-28,33,0,-0.46750,-0.30101,12,33,1.00000,True,0.00000,25
kalba,2019-12-29,33,0,0.29258,-0.25084,12,33,1.00000,True,0.00000,25
kalba,2019-12-30,33,0,0.63362,-0.23339,12,33,1.00000,True,0.00000,25
kalba,2019-12-31,33,0,0.42938,-0.28205,12,33,1.00000,True,0.00000,25
kalba,2020-01-01,33,0,-0.32421,-0.21135,1,33,1.00000,True,0.00000,25
kalba,2020-01-02,33,0,0.24554,-0.18389,1,33,1.00000,True,0.00000,25
kalba,2020-01-03,7,0,0.80733,-0.10110,1,33,0.21212,True,0.00000,25
kalba,2020-01-04,33,0,0.94506,0.00840,1,33,1.00000,True,0.00000,25
kalba,2020-01-05,0,0,,,1,33,0.00000,False,,25
kalba,2020-01-06,3,0,-1.85512,-0.67492,1,33,0.09091,False,,25
kalba,2020-01-07,33,0,0.46750,-0.05113,1,33,1.00000,True,0.00000,25
kalba,2020-01-08,33,0,-0.02501,-0.21632,1,33,1.00000,True,0.00000,25
kalba,2020-01-09,28,0,1.04249,-0.10533,1,33,0.84848,True,0.00000,25
kalba,2020-01-10,0,0,,,1,33,0.00000,False,,25
kalba,2020-01-11,0,0,,,1,33,0.00000,False,,25
kalba,2020-01-12,27,0,-0.17200,-0.37967,1,33,0.81818,True,0.00000,25
kalba,2020-01-13,33,0,-0.65927,-0.26362,1,33,1.00000,True,0.00000,25
kalba,2020-01-14,21,0,-0.34397,-0.35985,1,33,0.63636,True,0.00000,25
kalba,2020-01-15,0,0,,,1,33,0.00000,False,,25
kalba,2020-01-16,32,0,0.24744,-0.08853,1,33,0.96970,True,0.00000,25
kalba,2020-01-17,33,0,0.43318,-0.09590,1,33,1.00000,True,0.00000,25
kalba,2020-01-18,33,0,1.03440,0.00765,1,33,1.00000,True,0.00000,25
kalba,2020-01-19,0,0,,,1,33,0.00000,False,,25
kalba,2020-01-20,31,0,1.48387,-0.12504,1,33,0.93939,True,0.00000,25
kalba,2020-01-21,33,0,1.55441,-0.25670,1,33,1.00000,True,0.00000,25
kalba,2020-01-22,33,0,0.93956,-0.06919,1,33,1.00000,True,0.00000,25
kalba,2020-01-23,0,0,,,1,33,0.00000,False,,25
kalba,2020-01-24,12,0,1.97163,-0.03464,1,33,0.36364,True,0.00000,25
kalba,2020-01-25,33,6,2.78800,0.24670,1,33,1.00000,True,0.18182,25
kalba,2020-01-26,25,7,2.80274,0.06852,1,33,0.75758,True,0.28000,25
kalba,2020-01-27,33,0,0.94622,-0.06317,1,33,1.00000,True,0.00000,25
kalba,2020-01-28,33,0,1.09320,0.01923,1,33,1.00000,True,0.00000,25
kalba,2020-01-29,33,0,1.67531,0.20856,1,33,1.00000,True,0.00000,25
kalba,2020-01-30,33,6,2.89580,0.42016,1,33,1.00000,True,0.18182,25
kalba,2020-01-31,33,0,1.85774,0.16747,1,33,1.00000,True,0.00000,25
kalba,2020-02-01,23,0,0.66127,-0.13070,2,33,0.69697,True,0.00000,25
kalba,2020-02-02,6,0,-0.43980,-0.23580,2,33,0.18182,True,0.00000,25
kalba,2020-02-03,31,0,1.12218,0.11896,2,33,0.93939,True,0.00000,25
kalba,2020-02-04,33,0,-0.22773,-0.19662,2,33,1.00000,True,0.00000,25
kalba,2020-02-05,32,0,-0.09028,-0.09757,2,33,0.96970,True,0.00000,25
kalba,2020-02-06,32,0,0.59717,-0.01324,2,33,0.96970,True,0.00000,25
kalba,2020-02-07,0,0,,,2,33,0.00000,False,,25
kalba,2020-02-08,33,0,0.29475,-0.11612,2,33,1.00000,True,0.00000,25
kalba,2020-02-09,29,0,0.38593,-0.01957,2,33,0.87879,True,0.00000,25
kalba,2020-02-10,8,0,0.75516,-0.00694,2,33,0.24242,True,0.00000,25
kalba,2020-02-11,0,0,,,2,33,0.00000,False,,25
kalba,2020-02-12,29,0,0.35706,-0.20081,2,33,0.87879,True,0.00000,25
kalba,2020-02-13,33,0,-0.26807,-0.18616,2,33,1.00000,True,0.00000,25
kalba,2020-02-14,33,0,1.05288,0.03831,2,33,1.00000,True,0.00000,25
kalba,2020-02-15,0,0,,,2,33,0.00000,False,,25
kalba,2020-02-16,33,0,0.34507,-0.23934,2,33,1.00000,True,0.00000,25
kalba,2020-02-17,16,0,0.92921,-0.30684,2,33,0.48485,True,0.00000,25
kalba,2020-02-18,16,0,0.60176,-0.24817,2,33,0.48485,True,0.00000,25
kalba,2020-02-19,0,0,,,2,33,0.00000,False,,25
kalba,2020-02-20,6,0,-1.21976,-0.40978,2,33,0.18182,True,0.00000,25
kalba,2020-02-21,32,0,1.21987,-0.00980,2,33,0.96970,True,0.00000,25
kalba,2020-02-22,6,1,2.11186,0.13856,2,33,0.18182,True,0.16667,25
kalba,2020-02-23,33,0,1.34605,0.15517,2,33,1.00000,True,0.00000,25
kalba,2020-02-24,33,1,2.13584,0.19156,2,33,1.00000,True,0.03030,25
kalba,2020-02-25,33,11,2.54164,0.41937,2,33,1.00000,True,0.33333,25
kalba,2020-02-26,33,11,3.18276,0.41317,2,33,1.00000,True,0.33333,25
kalba,2020-02-27,4,2,2.81637,0.80245,2,33,0.12121,True,0.50000,25
kalba,2020-02-28,32,0,1.90941,0.04678,2,33,0.96970,True,0.00000,25
kalba,2020-02-29,32,1,2.49438,0.17435,2,33,0.96970,True,0.03125,25
kalba,2020-03-01,0,0,,,3,33,0.00000,False,,25
kalba,2020-03-02,30,0,1.39183,0.50074,3,33,0.90909,True,0.00000,25
kalba,2020-03-03,33,5,2.22154,0.67404,3,33,1.00000,True,0.15152,25
kalba,2020-03-04,33,0,0.97964,-0.02589,3,33,1.00000,True,0.00000,25
kalba,2020-03-05,0,0,,,3,33,0.00000,False,,25
kalba,2020-03-06,33,0,0.23685,-0.25740,3,33,1.00000,True,0.00000,25
kalba,2020-03-07,33,0,-0.73240,-0.25549,3,33,1.00000,True,0.00000,25
kalba,2020-03-08,33,0,0.76980,0.07296,3,33,1.00000,True,0.00000,25
kalba,2020-03-09,0,0,,,3,33,0.00000,False,,25
kalba,2020-03-10,31,4,2.31236,0.51432,3,33,0.93939,True,0.12903,25
kalba,2020-03-11,32,2,2.28911,0.47957,3,33,0.96970,True,0.06250,25
kalba,2020-03-12,33,1,2.11623,0.40457,3,33,1.00000,True,0.03030,25
kalba,2020-03-13,0,0,,,3,33,0.00000,False,,25
kalba,2020-03-14,0,0,,,3,33,0.00000,False,,25
kalba,2020-03-15,29,1,2.02943,0.45602,3,33,0.87879,True,0.03448,25
kalba,2020-03-16,0,0,,,3,33,0.00000,False,,25
kalba,2020-03-17,0,0,,,3,33,0.00000,False,,25
kalba,2020-03-18,33,0,1.75625,0.33656,3,33,1.00000,True,0.00000,25
kalba,2020-03-19,0,0,,,3,33,0.00000,False,,25
kalba,2020-03-20,33,0,-0.05411,-0.06714,3,33,1.00000,True,0.00000,25
kalba,2020-03-21,0,0,,,3,33,0.00000,False,,25
kalba,2020-03-22,0,0,,,3,33,0.00000,False,,25
kalba,2020-03-23,1,0,1.47314,0.72091,3,33,0.03030,False,,25
kalba,2020-03-24,27,0,0.45883,-0.03688,3,33,0.81818,True,0.00000,25
kalba,2020-03-25,2,0,1.26780,0.67953,3,33,0.06061,False,,25
kalba,2020-03-26,33,0,-0.05615,-0.08739,3,33,1.00000,True,0.00000,25
kalba,2020-03-27,17,0,-0.27129,-0.12880,3,33,0.51515,True,0.00000,25
kalba,2020-03-28,0,0,,,3,33,0.00000,False,,25
kalba,2020-03-29,0,0,,,3,33,0.00000,False,,25
kalba,2020-03-30,0,0,,,3,33,0.00000,False,,25
kalba,2020-03-31,33,0,0.84539,0.13608,3,33,1.00000,True,0.00000,25
kalba,2020-04-01,0,0,,,4,33,0.00000,False,,25
kalba,2020-04-02,20,1,2.02358,0.45402,4,33,0.60606,True,0.05000,25
kalba,2020-04-03,0,0,,,4,33,0.00000,False,,25
kalba,2020-04-04,32,0,-0.29514,-0.17429,4,33,0.96970,True,0.00000,25
kalba,2020-04-05,0,0,,,4,33,0.00000,False,,25
kalba,2020-04-06,20,0,1.64373,0.19149,4,33,0.60606,True,0.00000,25
kalba,2020-04-07,32,0,1.14425,-0.05762,4,33,0.96970,True,0.00000,25
kalba,2020-04-08,33,0,1.49949,0.21515,4,33,1.00000,True,0.00000,25
kalba,2020-04-09,0,0,,,4,33,0.00000,False,,25
kalba,2020-04-10,33,0,1.80014,0.14747,4,33,1.00000,True,0.00000,25
kalba,2020-04-11,0,0,,,4,33,0.00000,False,,25
kalba,2020-04-12,21,0,0.97494,-0.03564,4,33,0.63636,True,0.00000,25
kalba,2020-04-13,0,0,,,4,33,0.00000,False,,25
kalba,2020-04-14,33,1,2.03928,0.14830,4,33,1.00000,True,0.03030,25
kalba,2020-04-15,0,0,,,4,33,0.00000,False,,25
kalba,2020-04-16,0,0,,,4,33,0.00000,False,,25
kalba,2020-04-17,0,0,,,4,33,0.00000,False,,25
kalba,2020-04-18,33,0,0.98548,-0.13705,4,33,1.00000,True,0.00000,25
kalba,2020-04-19,1,0,-0.58557,-0.25028,4,33,0.03030,False,,25
kalba,2020-04-20,18,0,1.16596,0.05724,4,33,0.54545,True,0.00000,25
kalba,2020-04-21,0,0,,,4,33,0.00000,False,,25
kalba,2020-04-22,0,0,,,4,33,0.00000,False,,25
kalba,2020-04-23,29,0,1.37631,-0.11743,4,33,0.87879,True,0.00000,25
kalba,2020-04-24,33,0,0.58417,-0.05770,4,33,1.00000,True,0.00000,25
kalba,2020-04-25,0,0,,,4,33,0.00000,False,,25
kalba,2020-04-26,33,0,0.93983,-0.23928,4,33,1.00000,True,0.00000,25
kalba,2020-04-27,32,0,0.20822,-0.16404,4,33,0.96970,True,0.00000,25
kalba,2020-04-28,0,0,,,4,33,0.00000,False,,25
kalba,2020-04-29,0,0,,,4,33,0.00000,False,,25
kalba,2020-04-30,33,0,0.53366,0.01941,4,33,1.00000,True,0.00000,25
kalba,2020-05-01,18,0,1.02466,-0.16637,5,33,0.54545,True,0.00000,25
kalba,2020-05-02,0,0,,,5,33,0.00000,False,,25
kalba,2020-05-03,33,0,1.15135,-0.12567,5,33,1.00000,True,0.00000,25
kalba,2020-05-04,31,0,1.43998,-0.04633,5,33,0.93939,True,0.00000,25
kalba,2020-05-05,33,0,0.53075,-0.19371,5,33,1.00000,True,0.00000,25
kalba,2020-05-06,0,0,,,5,33,0.00000,False,,25
kalba,2020-05-07,33,0,0.88226,-0.12821,5,33,1.00000,True,0.00000,25
kalba,2020-05-08,0,0,,,5,33,0.00000,False,,25
kalba,2020-05-09,33,0,0.43489,-0.23908,5,33,1.00000,True,0.00000,25
kalba,2020-05-10,0,0,,,5,33,0.00000,False,,25
kalba,2020-05-11,33,0,1.24948,-0.06628,5,33,1.00000,True,0.00000,25
kalba,2020-05-12,0,0,,,5,33,0.00000,False,,25
kalba,2020-05-13,33,0,1.10558,-0.20410,5,33,1.00000,True,0.00000,25
kalba,2020-05-14,0,0,,,5,33,0.00000,False,,25
kalba,2020-05-15,0,0,,,5,33,0.00000,False,,25
kalba,2020-05-16,0,0,,,5,33,0.00000,False,,25
kalba,2020-05-17,30,0,1.29825,-0.21733,5,33,0.90909,True,0.00000,25
kalba,2020-05-18,0,0,,,5,33,0.00000,False,,25
kalba,2020-05-19,32,0,0.74120,-0.14799,5,33,0.96970,True,0.00000,25
kalba,2020-05-20,0,0,,,5,33,0.00000,False,,25
kalba,2020-05-21,22,0,1.22565,-0.19219,5,33,0.66667,True,0.00000,25
kalba,2020-05-22,0,0,,,5,33,0.00000,False,,25
kalba,2020-05-23,32,0,0.89282,-0.19457,5,33,0.96970,True,0.00000,25
kalba,2020-05-24,33,0,1.38810,-0.05099,5,33,1.00000,True,0.00000,25
kalba,2020-05-25,0,0,,,5,33,0.00000,False,,25
kalba,2020-05-26,0,0,,,5,33,0.00000,False,,25
kalba,2020-05-27,32,0,0.28843,-0.24202,5,33,0.96970,True,0.00000,25
kalba,2020-05-28,33,0,1.19201,-0.18068,5,33,1.00000,True,0.00000,25
kalba,2020-05-29,0,0,,,5,33,0.00000,False,,25
kalba,2020-05-30,33,0,0.79705,-0.29912,5,33,1.00000,True,0.00000,25
kalba,2020-05-31,33,0,1.10131,-0.16601,5,33,1.00000,True,0.00000,25
kalba,2020-06-01,31,7,3.73833,0.02763,6,33,0.93939,True,0.22581,25
kalba,2020-06-02,0,0,,,6,33,0.00000,False,,25
kalba,2020-06-03,33,2,2.57650,-0.15486,6,33,1.00000,True,0.06061,25
kalba,2020-06-04,0,0,,,6,33,0.00000,False,,25
kalba,2020-06-05,31,4,4.05764,-0.03832,6,33,0.93939,True,0.12903,25
kalba,2020-06-06,0,0,,,6,33,0.00000,False,,25
kalba,2020-06-07,30,6,4.28776,-0.23205,6,33,0.90909,True,0.20000,25
kalba,2020-06-08,0,0,,,6,33,0.00000,False,,25
kalba,2020-06-09,28,0,1.18741,-0.50825,6,33,0.84848,True,0.00000,25
kalba,2020-06-10,0,0,,,6,33,0.00000,False,,25
kalba,2020-06-11,33,0,1.31024,-0.28631,6,33,1.00000,True,0.00000,25
kalba,2020-06-12,26,0,0.57948,-0.32981,6,33,0.78788,True,0.00000,25
kalba,2020-06-13,32,0,0.19046,-0.44522,6,33,0.96970,True,0.00000,25
kalba,2020-06-14,0,0,,,6,33,0.00000,False,,25
kalba,2020-06-15,18,0,0.47828,-0.38225,6,33,0.54545,True,0.00000,25
kalba,2020-06-16,23,0,0.30509,-0.35949,6,33,0.69697,True,0.00000,25
kalba,2020-06-17,30,0,0.52706,-0.35951,6,33,0.90909,True,0.00000,25
kalba,2020-06-18,0,0,,,6,33,0.00000,False,,25
kalba,2020-06-19,6,0,0.20150,-0.35671,6,33,0.18182,True,0.00000,25
kalba,2020-06-20,31,0,0.99471,-0.20727,6,33,0.93939,True,0.00000,25
kalba,2020-06-21,0,0,,,6,33,0.00000,False,,25
kalba,2020-06-22,1,0,1.18490,0.62467,6,33,0.03030,False,,25
kalba,2020-06-23,33,0,0.36459,-0.40326,6,33,1.00000,True,0.00000,25
kalba,2020-06-24,1,0,0.76874,-0.35827,6,33,0.03030,False,,25
kalba,2020-06-25,0,0,,,6,33,0.00000,False,,25
kalba,2020-06-26,33,0,1.86155,-0.16666,6,33,1.00000,True,0.00000,25
kalba,2020-06-27,33,8,3.09686,0.12679,6,33,1.00000,True,0.24242,25
kalba,2020-06-28,30,10,3.36553,0.35121,6,33,0.90909,True,0.33333,25
kalba,2020-06-29,0,0,,,6,33,0.00000,False,,25
kalba,2020-06-30,33,0,1.86144,-0.11438,6,33,1.00000,True,0.00000,25
kalba,2020-07-01,0,0,,,7,33,0.00000,False,,25
kalba,2020-07-02,33,0,1.25875,-0.07422,7,33,1.00000,True,0.00000,25
kalba,2020-07-03,0,0,,,7,33,0.00000,False,,25
kalba,2020-07-04,32,0,0.72329,-0.12719,7,33,0.96970,True,0.00000,25
kalba,2020-07-05,0,0,,,7,33,0.00000,False,,25
kalba,2020-07-06,32,0,0.08557,-0.32798,7,33,0.96970,True,0.00000,25
kalba,2020-07-07,0,0,,,7,33,0.00000,False,,25
kalba,2020-07-08,27,0,0.46795,-0.31155,7,33,0.81818,True,0.00000,25
kalba,2020-07-09,11,0,1.44835,0.45701,7,33,0.33333,True,0.00000,25
kalba,2020-07-10,23,0,1.50993,-0.12598,7,33,0.69697,True,0.00000,25
kalba,2020-07-11,0,0,,,7,33,0.00000,False,,25
kalba,2020-07-12,33,0,0.32035,-0.21870,7,33,1.00000,True,0.00000,25
kalba,2020-07-13,26,0,0.37005,-0.12911,7,33,0.78788,True,0.00000,25
kalba,2020-07-14,0,0,,,7,33,0.00000,False,,25
kalba,2020-07-15,0,0,,,7,33,0.00000,False,,25
kalba,2020-07-16,33,0,0.79830,-0.18230,7,33,1.00000,True,0.00000,25
kalba,2020-07-17,33,0,1.31260,-0.24172,7,33,1.00000,True,0.00000,25
kalba,2020-07-18,0,0,,,7,33,0.00000,False,,25
kalba,2020-07-19,14,0,1.32706,0.22124,7,33,0.42424,True,0.00000,25
kalba,2020-07-20,8,0,0.15711,-0.31669,7,33,0.24242,True,0.00000,25
kalba,2020-07-21,32,0,1.46940,-0.25510,7,33,0.96970,True,0.00000,25
kalba,2020-07-22,0,0,,,7,33,0.00000,False,,25
kalba,2020-07-23,31,0,1.19572,-0.09843,7,33,0.93939,True,0.00000,25
kalba,2020-07-24,26,0,1.37850,0.00136,7,33,0.78788,True,0.00000,25
kalba,2020-07-25,31,0,0.35635,-0.20244,7,33,0.93939,True,0.00000,25
kalba,2020-07-26,0,0,,,7,33,0.00000,False,,25
kalba,2020-07-27,25,0,1.17648,-0.27879,7,33,0.75758,True,0.00000,25
kalba,2020-07-28,0,0,,,7,33,0.00000,False,,25
kalba,2020-07-29,32,0,-0.94009,-0.50016,7,33,0.96970,True,0.00000,25
kalba,2020-07-30,0,0,,,7,33,0.00000,False,,25
kalba,2020-07-31,0,0,,,7,33,0.00000,False,,25
kalba,2020-08-01,0,0,,,8,33,0.00000,False,,25
kalba,2020-08-02,33,0,-0.04001,-0.31153,8,33,1.00000,True,0.00000,25
kalba,2020-08-03,0,0,,,8,33,0.00000,False,,25
kalba,2020-08-04,32,0,-0.92930,-0.49772,8,33,0.96970,True,0.00000,25
kalba,2020-08-05,33,0,-0.62119,-0.38585,8,33,1.00000,True,0.00000,25
kalba,2020-08-06,21,0,0.61675,-0.17116,8,33,0.63636,True,0.00000,25
kalba,2020-08-07,0,0,,,8,33,0.00000,False,,25
kalba,2020-08-08,0,0,,,8,33,0.00000,False,,25
kalba,2020-08-09,0,0,,,8,33,0.00000,False,,25
kalba,2020-08-10,14,0,0.18367,-0.35416,8,33,0.42424,True,0.00000,25
kalba,2020-08-11,0,0,,,8,33,0.00000,False,,25
kalba,2020-08-12,2,0,-0.20058,-0.15044,8,33,0.06061,False,,25
kalba,2020-08-13,21,0,-0.05275,-0.37065,8,33,0.63636,True,0.00000,25
kalba,2020-08-14,0,0,,,8,33,0.00000,False,,25
kalba,2020-08-15,6,0,-0.40980,-0.39353,8,33,0.18182,True,0.00000,25
kalba,2020-08-16,0,0,,,8,33,0.00000,False,,25
kalba,2020-08-17,10,0,1.30254,0.11480,8,33,0.30303,True,0.00000,25
kalba,2020-08-18,0,0,,,8,33,0.00000,False,,25
kalba,2020-08-19,31,0,1.36686,-0.06326,8,33,0.93939,True,0.00000,25
kalba,2020-08-20,0,0,,,8,33,0.00000,False,,25
kalba,2020-08-21,0,0,,,8,33,0.00000,False,,25
kalba,2020-08-22,0,0,,,8,33,0.00000,False,,25
kalba,2020-08-23,2,0,-0.50524,-0.34357,8,33,0.06061,False,,25
kalba,2020-08-24,0,0,,,8,33,0.00000,False,,25
kalba,2020-08-25,24,0,-0.38263,-0.33706,8,33,0.72727,True,0.00000,25
kalba,2020-08-26,0,0,,,8,33,0.00000,False,,25
kalba,2020-08-27,21,0,1.53518,0.21625,8,33,0.63636,True,0.00000,25
kalba,2020-08-28,9,0,1.13597,-0.43101,8,33,0.27273,True,0.00000,25
kalba,2020-08-29,27,0,0.19944,-0.31168,8,33,0.81818,True,0.00000,25
kalba,2020-08-30,0,0,,,8,33,0.00000,False,,25
kalba,2020-08-31,0,0,,,8,33,0.00000,False,,25
kalba,2020-09-01,32,0,1.86155,-0.11890,9,33,0.96970,True,0.00000,25
kalba,2020-09-02,0,0,,,9,33,0.00000,False,,25
kalba,2020-09-03,0,0,,,9,33,0.00000,False,,25
kalba,2020-09-04,33,0,0.63159,-0.31388,9,33,1.00000,True,0.00000,25
kalba,2020-09-05,33,0,0.23003,-0.34944,9,33,1.00000,True,0.00000,25
kalba,2020-09-06,33,0,0.38078,-0.37069,9,33,1.00000,True,0.00000,25
kalba,2020-09-07,3,1,2.09482,0.72216,9,33,0.09091,False,,25
kalba,2020-09-08,33,0,0.00349,-0.41520,9,33,1.00000,True,0.00000,25
kalba,2020-09-09,32,0,-0.31143,-0.45810,9,33,0.96970,True,0.00000,25
kalba,2020-09-10,0,0,,,9,33,0.00000,False,,25
kalba,2020-09-11,0,0,,,9,33,0.00000,False,,25
kalba,2020-09-12,33,0,0.07863,-0.42529,9,33,1.00000,True,0.00000,25
kalba,2020-09-13,33,0,0.28088,-0.41270,9,33,1.00000,True,0.00000,25
kalba,2020-09-14,0,0,,,9,33,0.00000,False,,25
kalba,2020-09-15,33,0,0.06765,-0.42694,9,33,1.00000,True,0.00000,25
kalba,2020-09-16,32,0,0.28904,-0.40553,9,33,0.96970,True,0.00000,25
kalba,2020-09-17,0,0,,,9,33,0.00000,False,,25
kalba,2020-09-18,0,0,,,9,33,0.00000,False,,25
kalba,2020-09-19,33,0,0.79385,-0.39105,9,33,1.00000,True,0.00000,25
kalba,2020-09-20,2,2,2.19791,0.83690,9,33,0.06061,False,,25
kalba,2020-09-21,33,1,2.06808,-0.38702,9,33,1.00000,True,0.03030,25
kalba,2020-09-22,0,0,,,9,33,0.00000,False,,25
kalba,2020-09-23,33,0,1.68120,-0.24350,9,33,1.00000,True,0.00000,25
kalba,2020-09-24,0,0,,,9,33,0.00000,False,,25
kalba,2020-09-25,33,1,2.13777,-0.24208,9,33,1.00000,True,0.03030,25
kalba,2020-09-26,0,0,,,9,33,0.00000,False,,25
kalba,2020-09-27,0,0,,,9,33,0.00000,False,,25
kalba,2020-09-28,33,0,1.02069,-0.30654,9,33,1.00000,True,0.00000,25
kalba,2020-09-29,13,0,0.40568,-0.32007,9,33,0.39394,True,0.00000,25
kalba,2020-09-30,1,0,1.76365,0.61642,9,33,0.03030,False,,25
kalba,2020-10-01,32,0,0.84204,-0.26387,10,33,0.96970,True,0.00000,25
kalba,2020-10-02,33,0,0.99015,-0.27885,10,33,1.00000,True,0.00000,25
kalba,2020-10-03,31,0,1.57541,-0.22371,10,33,0.93939,True,0.00000,25
kalba,2020-10-04,21,0,1.29366,-0.39774,10,33,0.63636,True,0.00000,25
kalba,2020-10-05,33,0,0.67201,-0.33773,10,33,1.00000,True,0.00000,25
kalba,2020-10-06,33,0,0.07749,-0.39111,10,33,1.00000,True,0.00000,25
kalba,2020-10-07,0,0,,,10,33,0.00000,False,,25
kalba,2020-10-08,33,0,0.48557,-0.33201,10,33,1.00000,True,0.00000,25
kalba,2020-10-09,33,0,0.06543,-0.34497,10,33,1.00000,True,0.00000,25
kalba,2020-10-10,32,0,0.08845,-0.38582,10,33,0.96970,True,0.00000,25
kalba,2020-10-11,0,0,,,10,33,0.00000,False,,25
kalba,2020-10-12,33,0,0.82445,-0.30205,10,33,1.00000,True,0.00000,25
kalba,2020-10-13,33,0,1.86774,-0.24840,10,33,1.00000,True,0.00000,25
kalba,2020-10-14,33,0,1.83282,-0.22212,10,33,1.00000,True,0.00000,25
kalba,2020-10-15,0,0,,,10,33,0.00000,False,,25
kalba,2020-10-16,33,1,2.51406,-0.28003,10,33,1.00000,True,0.03030,25
kalba,2020-10-17,0,0,,,10,33,0.00000,False,,25
kalba,2020-10-18,33,1,2.01603,-0.26055,10,33,1.00000,True,0.03030,25
kalba,2020-10-19,0,0,,,10,33,0.00000,False,,25
kalba,2020-10-20,33,0,1.61824,-0.29085,10,33,1.00000,True,0.00000,25
kalba,2020-10-21,33,0,1.43537,-0.29159,10,33,1.00000,True,0.00000,25
kalba,2020-10-22,0,0,,,10,33,0.00000,False,,25
kalba,2020-10-23,1,1,2.22375,0.76116,10,33,0.03030,False,,25
kalba,2020-10-24,33,0,0.04433,-0.35475,10,33,1.00000,True,0.00000,25
kalba,2020-10-25,33,0,0.21153,-0.34990,10,33,1.00000,True,0.00000,25
kalba,2020-10-26,33,0,0.67897,-0.26970,10,33,1.00000,True,0.00000,25
kalba,2020-10-27,24,0,0.52059,-0.34638,10,33,0.72727,True,0.00000,25
kalba,2020-10-28,33,0,0.75797,-0.35681,10,33,1.00000,True,0.00000,25
kalba,2020-10-29,33,0,0.45192,-0.37543,10,33,1.00000,True,0.00000,25
kalba,2020-10-30,31,0,1.19603,-0.33096,10,33,0.93939,True,0.00000,25
kalba,2020-10-31,33,0,1.26415,-0.36926,10,33,1.00000,True,0.00000,25
kalba,2020-11-01,0,0,,,11,33,0.00000,False,,25
kalba,2020-11-02,33,0,0.66642,-0.09485,11,33,1.00000,True,0.00000,25
kalba,2020-11-03,0,0,,,11,33,0.00000,False,,25
kalba,2020-11-04,33,0,0.22132,-0.23309,11,33,1.00000,True,0.00000,25
kalba,2020-11-05,33,0,-0.49399,-0.35219,11,33,1.00000,True,0.00000,25
kalba,2020-11-06,33,0,-0.38215,-0.38120,11,33,1.00000,True,0.00000,25
kalba,2020-11-07,0,0,,,11,33,0.00000,False,,25
kalba,2020-11-08,28,0,0.33153,-0.42767,11,33,0.84848,True,0.00000,25
kalba,2020-11-09,33,0,-0.51355,-0.33275,11,33,1.00000,True,0.00000,25
kalba,2020-11-10,33,0,-0.19262,-0.33281,11,33,1.00000,True,0.00000,25
kalba,2020-11-11,0,0,,,11,33,0.00000,False,,25
kalba,2020-11-12,33,0,0.33349,-0.42014,11,33,1.00000,True,0.00000,25
kalba,2020-11-13,33,0,-0.34262,-0.34819,11,33,1.00000,True,0.00000,25
kalba,2020-11-14,20,0,-0.12312,-0.30884,11,33,0.60606,True,0.00000,25
kalba,2020-11-15,0,0,,,11,33,0.00000,False,,25
kalba,2020-11-16,33,0,-0.68247,-0.47507,11,33,1.00000,True,0.00000,25
kalba,2020-11-17,32,0,0.37021,-0.34256,11,33,0.96970,True,0.00000,25
kalba,2020-11-18,33,0,0.98934,-0.23152,11,33,1.00000,True,0.00000,25
kalba,2020-11-19,33,0,-0.41539,-0.33729,11,33,1.00000,True,0.00000,25
kalba,2020-11-20,23,0,-0.01295,-0.47728,11,33,0.69697,True,0.00000,25
kalba,2020-11-21,0,0,,,11,33,0.00000,False,,25
kalba,2020-11-22,33,1,2.40693,0.05251,11,33,1.00000,True,0.03030,25
kalba,2020-11-23,33,3,2.59969,0.06773,11,33,1.00000,True,0.09091,25
kalba,2020-11-24,0,0,,,11,33,0.00000,False,,25
kalba,2020-11-25,33,0,1.87597,-0.04577,11,33,1.00000,True,0.00000,25
kalba,2020-11-26,32,2,2.35630,0.11264,11,33,0.96970,True,0.06250,25
kalba,2020-11-27,32,0,1.97375,-0.03508,11,33,0.96970,True,0.00000,25
kalba,2020-11-28,24,0,0.43550,-0.23602,11,33,0.72727,True,0.00000,25
kalba,2020-11-29,0,0,,,11,33,0.00000,False,,25
kalba,2020-11-30,0,0,,,11,33,0.00000,False,,25
kalba,2020-12-01,33,0,1.32348,-0.06559,12,33,1.00000,True,0.00000,25
kalba,2020-12-02,33,0,1.85665,-0.04668,12,33,1.00000,True,0.00000,25
kalba,2020-12-03,33,14,4.33616,0.22181,12,33,1.00000,True,0.42424,25
kalba,2020-12-04,0,0,,,12,33,0.00000,False,,25
kalba,2020-12-05,33,4,2.86168,0.10123,12,33,1.00000,True,0.12121,25
kalba,2020-12-06,32,0,1.15606,-0.09038,12,33,0.96970,True,0.00000,25
kalba,2020-12-07,33,0,0.87115,-0.10446,12,33,1.00000,True,0.00000,25
kalba,2020-12-08,0,0,,,12,33,0.00000,False,,25
kalba,2020-12-09,33,0,1.04141,-0.16746,12,33,1.00000,True,0.00000,25
kalba,2020-12-10,33,0,0.46945,-0.19522,12,33,1.00000,True,0.00000,25
kalba,2020-12-11,33,0,1.19979,-0.04827,12,33,1.00000,True,0.00000,25
kalba,2020-12-12,0,0,,,12,33,0.00000,False,,25
kalba,2020-12-13,33,0,0.15926,-0.28134,12,33,1.00000,True,0.00000,25
kalba,2020-12-14,0,0,,,12,33,0.00000,False,,25
kalba,2020-12-15,33,0,0.79718,-0.11137,12,33,1.00000,True,0.00000,25
kalba,2020-12-16,33,0,0.96284,-0.09901,12,33,1.00000,True,0.00000,25
kalba,2020-12-17,33,0,0.38920,-0.23577,12,33,1.00000,True,0.00000,25
kalba,2020-12-18,33,0,0.95683,-0.19605,12,33,1.00000,True,0.00000,25
kalba,2020-12-19,33,0,1.42959,-0.05153,12,33,1.00000,True,0.00000,25
kalba,2020-12-20,23,0,1.14570,-0.20391,12,33,0.69697,True,0.00000,25
kalba,2020-12-21,33,0,0.77574,-0.16365,12,33,1.00000,True,0.00000,25
kalba,2020-12-22,0,0,,,12,33,0.00000,False,,25
kalba,2020-12-23,32,0,1.22179,-0.02881,12,33,0.96970,True,0.00000,25
kalba,2020-12-24,33,0,0.59886,-0.11829,12,33,1.00000,True,0.00000,25
kalba,2020-12-25,0,0,,,12,33,0.00000,False,,25
kalba,2020-12-26,28,0,0.71565,-0.29704,12,33,0.84848,True,0.00000,25
kalba,2020-12-27,0,0,,,12,33,0.00000,False,,25
kalba,2020-12-28,0,0,,,12,33,0.00000,False,,25
kalba,2020-12-29,33,0,0.97164,-0.08737,12,33,1.00000,True,0.00000,25
kalba,2020-12-30,33,0,1.80987,-0.03555,12,33,1.00000,True,0.00000,25
kalba,2020-12-31,0,0,,,12,33,0.00000,False,,25
kalba,2021-01-01,0,0,,,1,33,0.00000,False,,25
kalba,2021-01-02,0,0,,,1,33,0.00000,False,,25
kalba,2021-01-03,0,0,,,1,33,0.00000,False,,25
kalba,2021-01-04,0,0,,,1,33,0.00000,False,,25
kalba,2021-01-05,0,0,,,1,33,0.00000,False,,25
kalba,2021-01-06,0,0,,,1,33,0.00000,False,,25
kalba,2021-01-07,0,0,,,1,33,0.00000,False,,25
kalba,2021-01-08,0,0,,,1,33,0.00000,False,,25
kalba,2021-01-09,0,0,,,1,33,0.00000,False,,25
kalba,2021-01-10,0,0,,,1,33,0.00000,False,,25
kalba,2021-01-11,0,0,,,1,33,0.00000,False,,25
kalba,2021-01-12,0,0,,,1,33,0.00000,False,,25
kalba,2021-01-13,0,0,,,1,33,0.00000,False,,25
kalba,2021-01-14,0,0,,,1,33,0.00000,False,,25
kalba,2021-01-15,0,0,,,1,33,0.00000,False,,25
kalba,2021-01-16,0,0,,,1,33,0.00000,False,,25
kalba,2021-01-17,0,0,,,1,33,0.00000,False,,25
kalba,2021-01-18,0,0,,,1,33,0.00000,False,,25
kalba,2021-01-19,0,0,,,1,33,0.00000,False,,25
kalba,2021-01-20,0,0,,,1,33,0.00000,False,,25
kalba,2021-01-21,0,0,,,1,33,0.00000,False,,25
kalba,2021-01-22,0,0,,,1,33,0.00000,False,,25
kalba,2021-01-23,0,0,,,1,33,0.00000,False,,25
kalba,2021-01-24,0,0,,,1,33,0.00000,False,,25
kalba,2021-01-25,0,0,,,1,33,0.00000,False,,25
kalba,2021-01-26,0,0,,,1,33,0.00000,False,,25
kalba,2021-01-27,0,0,,,1,33,0.00000,False,,25
kalba,2021-01-28,0,0,,,1,33,0.00000,False,,25
kalba,2021-01-29,0,0,,,1,33,0.00000,False,,25
kalba,2021-01-30,0,0,,,1,33,0.00000,False,,25
kalba,2021-01-31,0,0,,,1,33,0.00000,False,,25
kalba,2021-02-01,0,0,,,2,33,0.00000,False,,25
kalba,2021-02-02,0,0,,,2,33,0.00000,False,,25
kalba,2021-02-03,0,0,,,2,33,0.00000,False,,25
kalba,2021-02-04,0,0,,,2,33,0.00000,False,,25
kalba,2021-02-05,0,0,,,2,33,0.00000,False,,25
kalba,2021-02-06,0,0,,,2,33,0.00000,False,,25
kalba,2021-02-07,0,0,,,2,33,0.00000,False,,25
kalba,2021-02-08,0,0,,,2,33,0.00000,False,,25
kalba,2021-02-09,0,0,,,2,33,0.00000,False,,25
kalba,2021-02-10,0,0,,,2,33,0.00000,False,,25
kalba,2021-02-11,0,0,,,2,33,0.00000,False,,25
kalba,2021-02-12,0,0,,,2,33,0.00000,False,,25
kalba,2021-02-13,0,0,,,2,33,0.00000,False,,25
kalba,2021-02-14,0,0,,,2,33,0.00000,False,,25
kalba,2021-02-15,0,0,,,2,33,0.00000,False,,25
kalba,2021-02-16,0,0,,,2,33,0.00000,False,,25
kalba,2021-02-17,0,0,,,2,33,0.00000,False,,25
kalba,2021-02-18,0,0,,,2,33,0.00000,False,,25
kalba,2021-02-19,0,0,,,2,33,0.00000,False,,25
kalba,2021-02-20,0,0,,,2,33,0.00000,False,,25
kalba,2021-02-21,0,0,,,2,33,0.00000,False,,25
kalba,2021-02-22,0,0,,,2,33,0.00000,False,,25
kalba,2021-02-23,0,0,,,2,33,0.00000,False,,25
kalba,2021-02-24,0,0,,,2,33,0.00000,False,,25
kalba,2021-02-25,0,0,,,2,33,0.00000,False,,25
kalba,2021-02-26,0,0,,,2,33,0.00000,False,,25
kalba,2021-02-27,0,0,,,2,33,0.00000,False,,25
kalba,2021-02-28,0,0,,,2,33,0.00000,False,,25
kalba,2021-03-01,0,0,,,3,33,0.00000,False,,25
kalba,2021-03-02,0,0,,,3,33,0.00000,False,,25
kalba,2021-03-03,0,0,,,3,33,0.00000,False,,25
kalba,2021-03-04,33,0,1.89711,0.44793,3,33,1.00000,True,0.00000,25
kalba,2021-03-05,15,1,2.07016,0.47002,3,33,0.45455,True,0.06667,25
kalba,2021-03-06,33,0,1.14359,0.31102,3,33,1.00000,True,0.00000,25
kalba,2021-03-07,5,0,1.73478,0.78110,3,33,0.15152,True,0.00000,25
kalba,2021-03-08,33,0,1.79180,0.20835,3,33,1.00000,True,0.00000,25
kalba,2021-03-09,31,0,0.80987,-0.24304,3,33,0.93939,True,0.00000,25
kalba,2021-03-10,0,0,,,3,33,0.00000,False,,25
kalba,2021-03-11,0,0,,,3,33,0.00000,False,,25
kalba,2021-03-12,32,0,-0.98948,-0.20526,3,33,0.96970,True,0.00000,25
kalba,2021-03-13,28,0,-1.01538,-0.24128,3,33,0.84848,True,0.00000,25
kalba,2021-03-14,0,0,,,3,33,0.00000,False,,25
kalba,2021-03-15,24,0,0.99078,-0.24816,3,33,0.72727,True,0.00000,25
kalba,2021-03-16,0,0,,,3,33,0.00000,False,,25
kalba,2021-03-17,0,0,,,3,33,0.00000,False,,25
kalba,2021-03-18,0,0,,,3,33,0.00000,False,,25
kalba,2021-03-19,30,0,0.52449,-0.15406,3,33,0.90909,True,0.00000,25
kalba,2021-03-20,0,0,,,3,33,0.00000,False,,25
kalba,2021-03-21,33,0,1.83344,0.41732,3,33,1.00000,True,0.00000,25
kalba,2021-03-22,0,0,,,3,33,0.00000,False,,25
kalba,2021-03-23,33,0,1.47204,0.38308,3,33,1.00000,True,0.00000,25
kalba,2021-03-24,33,0,1.50697,0.38809,3,33,1.00000,True,0.00000,25
kalba,2021-03-25,33,0,1.61716,0.46609,3,33,1.00000,True,0.00000,25
kalba,2021-03-26,0,0,,,3,33,0.00000,False,,25
kalba,2021-03-27,33,1,2.01422,0.28844,3,33,1.00000,True,0.03030,25
kalba,2021-03-28,33,0,0.82626,0.22318,3,33,1.00000,True,0.00000,25
kalba,2021-03-29,33,0,0.56360,-0.01203,3,33,1.00000,True,0.00000,25
kalba,2021-03-30,0,0,,,3,33,0.00000,False,,25
kalba,2021-03-31,33,0,0.05662,-0.00425,3,33,1.00000,True,0.00000,25
kalba,2021-04-01,33,0,1.80008,0.10512,4,33,1.00000,True,0.00000,25
kalba,2021-04-02,33,0,0.79527,0.09337,4,33,1.00000,True,0.00000,25
kalba,2021-04-03,0,0,,,4,33,0.00000,False,,25
kalba,2021-04-04,33,0,0.42063,-0.13663,4,33,1.00000,True,0.00000,25
kalba,2021-04-05,33,0,1.03679,-0.03105,4,33,1.00000,True,0.00000,25
kalba,2021-04-06,33,0,0.69165,0.02665,4,33,1.00000,True,0.00000,25
kalba,2021-04-07,0,0,,,4,33,0.00000,False,,25
kalba,2021-04-08,32,0,0.53124,-0.10667,4,33,0.96970,True,0.00000,25
kalba,2021-04-09,33,0,-0.32417,-0.29244,4,33,1.00000,True,0.00000,25
kalba,2021-04-10,0,0,,,4,33,0.00000,False,,25
kalba,2021-04-11,0,0,,,4,33,0.00000,False,,25
kalba,2021-04-12,33,0,0.22602,-0.28411,4,33,1.00000,True,0.00000,25
kalba,2021-04-13,33,0,0.48717,-0.28007,4,33,1.00000,True,0.00000,25
kalba,2021-04-14,2,0,-1.32022,-0.50096,4,33,0.06061,False,,25
kalba,2021-04-15,3,0,-0.27277,-0.14778,4,33,0.09091,False,,25
kalba,2021-04-16,32,0,-0.91512,-0.39473,4,33,0.96970,True,0.00000,25
kalba,2021-04-17,33,0,0.76600,-0.21781,4,33,1.00000,True,0.00000,25
kalba,2021-04-18,0,0,,,4,33,0.00000,False,,25
kalba,2021-04-19,33,0,0.36583,-0.14091,4,33,1.00000,True,0.00000,25
kalba,2021-04-20,33,0,0.25936,-0.15588,4,33,1.00000,True,0.00000,25
kalba,2021-04-21,0,0,,,4,33,0.00000,False,,25
kalba,2021-04-22,0,0,,,4,33,0.00000,False,,25
kalba,2021-04-23,33,0,0.45298,-0.25551,4,33,1.00000,True,0.00000,25
kalba,2021-04-24,32,0,-0.26654,-0.31149,4,33,0.96970,True,0.00000,25
kalba,2021-04-25,33,0,-0.08212,-0.37292,4,33,1.00000,True,0.00000,25
kalba,2021-04-26,0,0,,,4,33,0.00000,False,,25
kalba,2021-04-27,0,0,,,4,33,0.00000,False,,25
kalba,2021-04-28,27,0,0.06994,-0.44935,4,33,0.81818,True,0.00000,25
kalba,2021-04-29,24,0,-0.30483,-0.35681,4,33,0.72727,True,0.00000,25
kalba,2021-04-30,0,0,,,4,33,0.00000,False,,25
kalba,2021-05-01,20,0,1.83599,-0.27967,5,33,0.60606,True,0.00000,25
kalba,2021-05-02,29,0,0.69739,-0.39222,5,33,0.87879,True,0.00000,25
kalba,2021-05-03,0,0,,,5,33,0.00000,False,,25
kalba,2021-05-04,0,0,,,5,33,0.00000,False,,25
kalba,2021-05-05,19,0,1.91150,-0.19408,5,33,0.57576,True,0.00000,25
kalba,2021-05-06,33,0,1.50467,-0.24915,5,33,1.00000,True,0.00000,25
kalba,2021-05-07,0,0,,,5,33,0.00000,False,,25
kalba,2021-05-08,0,0,,,5,33,0.00000,False,,25
kalba,2021-05-09,33,0,1.05718,-0.28590,5,33,1.00000,True,0.00000,25
kalba,2021-05-10,33,0,-0.26489,-0.45669,5,33,1.00000,True,0.00000,25
kalba,2021-05-11,33,0,-0.63837,-0.44967,5,33,1.00000,True,0.00000,25
kalba,2021-05-12,7,3,2.54735,0.72933,5,33,0.21212,True,0.42857,25
kalba,2021-05-13,33,0,0.28359,-0.40676,5,33,1.00000,True,0.00000,25
kalba,2021-05-14,33,0,-0.45514,-0.38735,5,33,1.00000,True,0.00000,25
kalba,2021-05-15,0,0,,,5,33,0.00000,False,,25
kalba,2021-05-16,27,0,-0.04595,-0.35637,5,33,0.81818,True,0.00000,25
kalba,2021-05-17,29,0,-0.31101,-0.50882,5,33,0.87879,True,0.00000,25
kalba,2021-05-18,33,0,0.40783,-0.41501,5,33,1.00000,True,0.00000,25
kalba,2021-05-19,0,0,,,5,33,0.00000,False,,25
kalba,2021-05-20,33,0,0.47733,-0.49013,5,33,1.00000,True,0.00000,25
kalba,2021-05-21,33,0,0.49919,-0.49087,5,33,1.00000,True,0.00000,25
kalba,2021-05-22,33,0,0.50775,-0.44744,5,33,1.00000,True,0.00000,25
kalba,2021-05-23,0,0,,,5,33,0.00000,False,,25
kalba,2021-05-24,12,1,2.01646,-0.53111,5,33,0.36364,True,0.08333,25
kalba,2021-05-25,1,0,-1.34803,-0.55905,5,33,0.03030,False,,25
kalba,2021-05-26,33,0,0.36169,-0.36234,5,33,1.00000,True,0.00000,25
kalba,2021-05-27,0,0,,,5,33,0.00000,False,,25
kalba,2021-05-28,32,0,0.30014,-0.36980,5,33,0.96970,True,0.00000,25
kalba,2021-05-29,15,0,0.28502,-0.27069,5,33,0.45455,True,0.00000,25
kalba,2021-05-30,0,0,,,5,33,0.00000,False,,25
kalba,2021-05-31,0,0,,,5,33,0.00000,False,,25
kalba,2021-06-01,33,0,0.25639,-0.44639,6,33,1.00000,True,0.00000,25
kalba,2021-06-02,33,0,0.79168,-0.58568,6,33,1.00000,True,0.00000,25
kalba,2021-06-03,33,0,-0.16164,-0.49236,6,33,1.00000,True,0.00000,25
kalba,2021-06-04,0,0,,,6,33,0.00000,False,,25
kalba,2021-06-05,33,0,-0.38738,-0.65157,6,33,1.00000,True,0.00000,25
kalba,2021-06-06,20,0,0.11305,-0.73845,6,33,0.60606,True,0.00000,25
kalba,2021-06-07,0,0,,,6,33,0.00000,False,,25
kalba,2021-06-08,3,0,1.45912,0.66285,6,33,0.09091,False,,25
kalba,2021-06-09,0,0,,,6,33,0.00000,False,,25
kalba,2021-06-10,32,0,1.41839,-0.23745,6,33,0.96970,True,0.00000,25
kalba,2021-06-11,0,0,,,6,33,0.00000,False,,25
kalba,2021-06-12,25,0,1.16939,-0.07705,6,33,0.75758,True,0.00000,25
kalba,2021-06-13,33,11,3.71245,0.17790,6,33,1.00000,True,0.33333,25
kalba,2021-06-14,33,9,2.93561,0.21423,6,33,1.00000,True,0.27273,25
kalba,2021-06-15,0,0,,,6,33,0.00000,False,,25
kalba,2021-06-16,33,1,2.75775,-0.24050,6,33,1.00000,True,0.03030,25
kalba,2021-06-17,33,0,1.19776,-0.52959,6,33,1.00000,True,0.00000,25
kalba,2021-06-18,5,0,0.72961,-0.26378,6,33,0.15152,True,0.00000,25
kalba,2021-06-19,0,0,,,6,33,0.00000,False,,25
kalba,2021-06-20,30,0,-1.12446,-0.72560,6,33,0.90909,True,0.00000,25
kalba,2021-06-21,1,0,1.32020,0.78543,6,33,0.03030,False,,25
kalba,2021-06-22,8,0,-0.70393,-0.51196,6,33,0.24242,True,0.00000,25
kalba,2021-06-23,0,0,,,6,33,0.00000,False,,25
kalba,2021-06-24,33,1,2.19790,-0.32854,6,33,1.00000,True,0.03030,25
kalba,2021-06-25,0,0,,,6,33,0.00000,False,,25
kalba,2021-06-26,33,0,1.51584,-0.21138,6,33,1.00000,True,0.00000,25
kalba,2021-06-27,0,0,,,6,33,0.00000,False,,25
kalba,2021-06-28,0,0,,,6,33,0.00000,False,,25
kalba,2021-06-29,0,0,,,6,33,0.00000,False,,25
kalba,2021-06-30,0,0,,,6,33,0.00000,False,,25
kalba,2021-07-01,0,0,,,7,33,0.00000,False,,25
kalba,2021-07-02,0,0,,,7,33,0.00000,False,,25
kalba,2021-07-03,33,0,0.72078,-0.36313,7,33,1.00000,True,0.00000,25
kalba,2021-07-04,0,0,,,7,33,0.00000,False,,25
kalba,2021-07-05,0,0,,,7,33,0.00000,False,,25
kalba,2021-07-06,0,0,,,7,33,0.00000,False,,25
kalba,2021-07-07,4,0,1.21013,0.65354,7,33,0.12121,True,0.00000,25
kalba,2021-07-08,0,0,,,7,33,0.00000,False,,25
kalba,2021-07-09,33,0,1.76422,-0.14958,7,33,1.00000,True,0.00000,25
kalba,2021-07-10,0,0,,,7,33,0.00000,False,,25
kalba,2021-07-11,22,0,-1.59856,-0.74075,7,33,0.66667,True,0.00000,25
kalba,2021-07-12,0,0,,,7,33,0.00000,False,,25
kalba,2021-07-13,0,0,,,7,33,0.00000,False,,25
kalba,2021-07-14,0,0,,,7,33,0.00000,False,,25
kalba,2021-07-15,18,4,2.77624,0.01330,7,33,0.54545,True,0.22222,25
kalba,2021-07-16,0,0,,,7,33,0.00000,False,,25
kalba,2021-07-17,13,0,0.65677,-0.26006,7,33,0.39394,True,0.00000,25
kalba,2021-07-18,27,3,2.77985,-0.29017,7,33,0.81818,True,0.11111,25
kalba,2021-07-19,33,2,2.35402,-0.05137,7,33,1.00000,True,0.06061,25
kalba,2021-07-20,0,0,,,7,33,0.00000,False,,25
kalba,2021-07-21,0,0,,,7,33,0.00000,False,,25
kalba,2021-07-22,26,0,0.86555,-0.18076,7,33,0.78788,True,0.00000,25
kalba,2021-07-23,33,0,1.94040,-0.00685,7,33,1.00000,True,0.00000,25
kalba,2021-07-24,0,0,,,7,33,0.00000,False,,25
kalba,2021-07-25,6,0,-2.18078,-0.75467,7,33,0.18182,True,0.00000,25
kalba,2021-07-26,33,0,0.72765,-0.20981,7,33,1.00000,True,0.00000,25
kalba,2021-07-27,32,0,1.87293,-0.04107,7,33,0.96970,True,0.00000,25
kalba,2021-07-28,0,0,,,7,33,0.00000,False,,25
kalba,2021-07-29,0,0,,,7,33,0.00000,False,,25
kalba,2021-07-30,0,0,,,7,33,0.00000,False,,25
kalba,2021-07-31,0,0,,,7,33,0.00000,False,,25
kalba,2021-08-01,4,0,1.48260,0.73933,8,33,0.12121,True,0.00000,25
kalba,2021-08-02,28,12,2.94925,0.35368,8,33,0.84848,True,0.42857,25
kalba,2021-08-03,26,9,3.02630,0.33994,8,33,0.78788,True,0.34615,25
kalba,2021-08-04,0,0,,,8,33,0.00000,False,,25
kalba,2021-08-05,33,0,1.75873,0.13834,8,33,1.00000,True,0.00000,25
kalba,2021-08-06,33,0,1.05092,-0.01998,8,33,1.00000,True,0.00000,25
kalba,2021-08-07,33,0,1.77302,0.03257,8,33,1.00000,True,0.00000,25
kalba,2021-08-08,0,0,,,8,33,0.00000,False,,25
kalba,2021-08-09,1,0,-0.19436,-0.27897,8,33,0.03030,False,,25
kalba,2021-08-10,0,0,,,8,33,0.00000,False,,25
kalba,2021-08-11,0,0,,,8,33,0.00000,False,,25
kalba,2021-08-12,0,0,,,8,33,0.00000,False,,25
kalba,2021-08-13,33,8,3.11293,0.29069,8,33,1.00000,True,0.24242,25
kalba,2021-08-14,5,0,1.69406,0.67087,8,33,0.15152,True,0.00000,25
kalba,2021-08-15,10,0,0.77898,0.07426,8,33,0.30303,True,0.00000,25
kalba,2021-08-16,0,0,,,8,33,0.00000,False,,25
kalba,2021-08-17,0,0,,,8,33,0.00000,False,,25
kalba,2021-08-18,0,0,,,8,33,0.00000,False,,25
kalba,2021-08-19,0,0,,,8,33,0.00000,False,,25
kalba,2021-08-20,0,0,,,8,33,0.00000,False,,25
kalba,2021-08-21,29,1,2.62086,-0.40315,8,33,0.87879,True,0.03448,25
kalba,2021-08-22,25,0,1.91621,0.13579,8,33,0.75758,True,0.00000,25
kalba,2021-08-23,2,0,0.99964,0.03488,8,33,0.06061,False,,25
kalba,2021-08-24,6,0,1.70124,0.70866,8,33,0.18182,True,0.00000,25
kalba,2021-08-25,0,0,,,8,33,0.00000,False,,25
kalba,2021-08-26,33,0,1.06730,-0.06474,8,33,1.00000,True,0.00000,25
kalba,2021-08-27,0,0,,,8,33,0.00000,False,,25
kalba,2021-08-28,26,2,2.11258,0.27165,8,33,0.78788,True,0.07692,25
kalba,2021-08-29,20,3,2.43727,0.13551,8,33,0.60606,True,0.15000,25
kalba,2021-08-30,33,0,1.25981,-0.24882,8,33,1.00000,True,0.00000,25
kalba,2021-08-31,0,0,,,8,33,0.00000,False,,25
kalba,2021-09-01,33,17,2.64213,0.19029,9,33,1.00000,True,0.51515,25
kalba,2021-09-02,29,18,2.69663,0.20557,9,33,0.87879,True,0.62069,25
kalba,2021-09-03,33,6,2.55503,0.08379,9,33,1.00000,True,0.18182,25
kalba,2021-09-04,0,0,,,9,33,0.00000,False,,25
kalba,2021-09-05,33,0,1.08356,-0.15232,9,33,1.00000,True,0.00000,25
kalba,2021-09-06,32,0,0.63770,-0.38258,9,33,0.96970,True,0.00000,25
kalba,2021-09-07,29,0,1.76196,-0.48138,9,33,0.87879,True,0.00000,25
kalba,2021-09-08,0,0,,,9,33,0.00000,False,,25
kalba,2021-09-09,32,0,1.36392,-0.61103,9,33,0.96970,True,0.00000,25
kalba,2021-09-10,33,0,0.34713,-0.59353,9,33,1.00000,True,0.00000,25
kalba,2021-09-11,33,0,0.45307,-0.64283,9,33,1.00000,True,0.00000,25
kalba,2021-09-12,0,0,,,9,33,0.00000,False,,25
kalba,2021-09-13,33,0,0.97185,-0.23662,9,33,1.00000,True,0.00000,25
kalba,2021-09-14,33,0,0.55596,-0.35026,9,33,1.00000,True,0.00000,25
kalba,2021-09-15,32,0,1.08280,-0.47030,9,33,0.96970,True,0.00000,25
kalba,2021-09-16,1,1,2.17581,0.82790,9,33,0.03030,False,,25
kalba,2021-09-17,33,0,0.90817,-0.23324,9,33,1.00000,True,0.00000,25
kalba,2021-09-18,33,0,0.41012,-0.36993,9,33,1.00000,True,0.00000,25
kalba,2021-09-19,27,0,0.24167,-0.37615,9,33,0.81818,True,0.00000,25
kalba,2021-09-20,21,1,2.23773,-0.27334,9,33,0.63636,True,0.04762,25
kalba,2021-09-21,31,0,0.91168,-0.26695,9,33,0.93939,True,0.00000,25
kalba,2021-09-22,33,0,0.71788,-0.34899,9,33,1.00000,True,0.00000,25
kalba,2021-09-23,28,0,-0.29170,-0.42470,9,33,0.84848,True,0.00000,25
kalba,2021-09-24,32,0,0.64622,-0.44253,9,33,0.96970,True,0.00000,25
kalba,2021-09-25,27,0,1.27560,-0.13849,9,33,0.81818,True,0.00000,25
kalba,2021-09-26,33,0,1.40363,-0.22621,9,33,1.00000,True,0.00000,25
kalba,2021-09-27,0,0,,,9,33,0.00000,False,,25
kalba,2021-09-28,33,5,3.99804,0.00231,9,33,1.00000,True,0.15152,25
kalba,2021-09-29,33,4,4.15038,0.02322,9,33,1.00000,True,0.12121,25
kalba,2021-09-30,30,4,3.00418,-0.29260,9,33,0.90909,True,0.13333,25
kalba,2021-10-01,0,0,,,10,33,0.00000,False,,25
kalba,2021-10-02,28,0,1.71327,-0.30643,10,33,0.84848,True,0.00000,25
kalba,2021-10-03,0,0,,,10,33,0.00000,False,,25
kalba,2021-10-04,0,0,,,10,33,0.00000,False,,25
kalba,2021-10-05,0,0,,,10,33,0.00000,False,,25
kalba,2021-10-06,29,4,3.61665,-0.07816,10,33,0.87879,True,0.13793,25
kalba,2021-10-07,33,11,3.12783,0.05845,10,33,1.00000,True,0.33333,25
kalba,2021-10-08,33,18,4.47577,0.13891,10,33,1.00000,True,0.54545,25
kalba,2021-10-09,7,3,2.48540,0.68091,10,33,0.21212,True,0.42857,25
kalba,2021-10-10,33,0,1.48767,-0.30858,10,33,1.00000,True,0.00000,25
kalba,2021-10-11,33,3,3.03363,-0.16059,10,33,1.00000,True,0.09091,25
kalba,2021-10-12,33,7,3.98068,-0.02998,10,33,1.00000,True,0.21212,25
kalba,2021-10-13,15,4,3.15262,0.25423,10,33,0.45455,True,0.26667,25
kalba,2021-10-14,33,2,2.15208,-0.02965,10,33,1.00000,True,0.06061,25
kalba,2021-10-15,33,0,1.18219,-0.22293,10,33,1.00000,True,0.00000,25
kalba,2021-10-16,33,3,2.34360,-0.02053,10,33,1.00000,True,0.09091,25
kalba,2021-10-17,33,0,1.24547,-0.21475,10,33,1.00000,True,0.00000,25
kalba,2021-10-18,33,0,1.50079,-0.20481,10,33,1.00000,True,0.00000,25
kalba,2021-10-19,0,0,,,10,33,0.00000,False,,25
kalba,2021-10-20,33,0,0.41529,-0.29921,10,33,1.00000,True,0.00000,25
kalba,2021-10-21,32,0,0.27831,-0.26978,10,33,0.96970,True,0.00000,25
kalba,2021-10-22,28,0,0.35545,-0.43995,10,33,0.84848,True,0.00000,25
kalba,2021-10-23,32,0,0.08776,-0.34807,10,33,0.96970,True,0.00000,25
kalba,2021-10-24,0,0,,,10,33,0.00000,False,,25
kalba,2021-10-25,33,6,2.86397,0.00369,10,33,1.00000,True,0.18182,25
kalba,2021-10-26,33,0,0.22636,-0.34340,10,33,1.00000,True,0.00000,25
kalba,2021-10-27,32,0,0.84979,-0.38271,10,33,0.96970,True,0.00000,25
kalba,2021-10-28,0,0,,,10,33,0.00000,False,,25
kalba,2021-10-29,33,1,2.15268,-0.07955,10,33,1.00000,True,0.03030,25
kalba,2021-10-30,33,2,2.42248,-0.01924,10,33,1.00000,True,0.06061,25
kalba,2021-10-31,0,0,,,10,33,0.00000,False,,25
kalba,2021-11-01,0,0,,,11,33,0.00000,False,,25
kalba,2021-11-02,33,0,1.52633,0.09345,11,33,1.00000,True,0.00000,25
kalba,2021-11-03,33,0,1.02141,-0.04977,11,33,1.00000,True,0.00000,25
kalba,2021-11-04,33,0,1.03603,-0.05605,11,33,1.00000,True,0.00000,25
kalba,2021-11-05,33,0,0.70323,-0.10205,11,33,1.00000,True,0.00000,25
kalba,2021-11-06,33,0,1.13435,-0.08151,11,33,1.00000,True,0.00000,25
kalba,2021-11-07,33,0,0.47625,-0.16984,11,33,1.00000,True,0.00000,25
kalba,2021-11-08,25,0,0.61377,-0.27988,11,33,0.75758,True,0.00000,25
kalba,2021-11-09,33,0,0.44536,-0.11383,11,33,1.00000,True,0.00000,25
kalba,2021-11-10,33,0,1.15808,-0.04410,11,33,1.00000,True,0.00000,25
kalba,2021-11-11,33,0,1.34297,-0.07545,11,33,1.00000,True,0.00000,25
kalba,2021-11-12,0,0,,,11,33,0.00000,False,,25
kalba,2021-11-13,33,14,2.94898,0.28328,11,33,1.00000,True,0.42424,25
kalba,2021-11-14,33,0,1.73871,0.12933,11,33,1.00000,True,0.00000,25
kalba,2021-11-15,33,0,1.89926,0.13377,11,33,1.00000,True,0.00000,25
kalba,2021-11-16,32,7,3.01123,0.34048,11,33,0.96970,True,0.21875,25
kalba,2021-11-17,33,0,1.61746,0.06464,11,33,1.00000,True,0.00000,25
kalba,2021-11-18,26,0,1.12573,-0.24971,11,33,0.78788,True,0.00000,25
kalba,2021-11-19,33,22,3.61501,0.42452,11,33,1.00000,True,0.66667,25
kalba,2021-11-20,0,0,,,11,33,0.00000,False,,25
kalba,2021-11-21,33,10,2.92181,0.07340,11,33,1.00000,True,0.30303,25
kalba,2021-11-22,33,4,2.42241,-0.00891,11,33,1.00000,True,0.12121,25
kalba,2021-11-23,33,12,2.79349,0.14815,11,33,1.00000,True,0.36364,25
kalba,2021-11-24,0,0,,,11,33,0.00000,False,,25
kalba,2021-11-25,33,2,2.00400,0.00598,11,33,1.00000,True,0.06061,25
kalba,2021-11-26,33,0,1.38856,-0.00808,11,33,1.00000,True,0.00000,25
kalba,2021-11-27,33,1,2.17927,0.20932,11,33,1.00000,True,0.03030,25
kalba,2021-11-28,0,0,,,11,33,0.00000,False,,25
kalba,2021-11-29,31,0,1.38885,-0.12656,11,33,0.93939,True,0.00000,25
kalba,2021-11-30,25,0,0.41133,-0.39229,11,33,0.75758,True,0.00000,25
kalba,2021-12-01,33,1,2.63054,-0.09157,12,33,1.00000,True,0.03030,25
kalba,2021-12-02,33,1,2.11565,0.07491,12,33,1.00000,True,0.03030,25
kalba,2021-12-03,33,0,1.72885,-0.03744,12,33,1.00000,True,0.00000,25
kalba,2021-12-04,33,0,1.35070,-0.02678,12,33,1.00000,True,0.00000,25
kalba,2021-12-05,33,0,1.99713,-0.19766,12,33,1.00000,True,0.00000,25
kalba,2021-12-06,33,0,1.10168,-0.10354,12,33,1.00000,True,0.00000,25
kalba,2021-12-07,33,0,1.82907,-0.19886,12,33,1.00000,True,0.00000,25
kalba,2021-12-08,33,1,2.42140,-0.07438,12,33,1.00000,True,0.03030,25
kalba,2021-12-09,33,11,3.14739,0.14011,12,33,1.00000,True,0.33333,25
kalba,2021-12-10,22,0,1.44078,-0.21292,12,33,0.66667,True,0.00000,25
kalba,2021-12-11,29,0,1.78285,-0.19183,12,33,0.87879,True,0.00000,25
kalba,2021-12-12,0,0,,,12,33,0.00000,False,,25
kalba,2021-12-13,32,0,-1.07212,-0.40550,12,33,0.96970,True,0.00000,25
kalba,2021-12-14,33,0,1.08932,-0.12872,12,33,1.00000,True,0.00000,25
kalba,2021-12-15,33,0,0.54995,-0.20093,12,33,1.00000,True,0.00000,25
kalba,2021-12-16,14,1,2.25705,-0.20280,12,33,0.42424,True,0.07143,25
kalba,2021-12-17,0,0,,,12,33,0.00000,False,,25
kalba,2021-12-18,32,2,2.66242,0.06291,12,33,0.96970,True,0.06250,25
kalba,2021-12-19,33,0,1.96381,-0.10182,12,33,1.00000,True,0.00000,25
kalba,2021-12-20,31,0,1.83997,-0.20083,12,33,0.93939,True,0.00000,25
kalba,2021-12-21,0,0,,,12,33,0.00000,False,,25
kalba,2021-12-22,33,0,1.99969,-0.06808,12,33,1.00000,True,0.00000,25
kalba,2021-12-23,33,2,3.43565,-0.02914,12,33,1.00000,True,0.06061,25
kalba,2021-12-24,33,2,2.48201,-0.00393,12,33,1.00000,True,0.06061,25
kalba,2021-12-25,0,0,,,12,33,0.00000,False,,25
kalba,2021-12-26,32,1,2.07147,-0.34071,12,33,0.96970,True,0.03125,25
kalba,2021-12-27,16,0,1.17554,-0.41172,12,33,0.48485,True,0.00000,25
kalba,2021-12-28,33,4,3.46201,-0.18585,12,33,1.00000,True,0.12121,25
kalba,2021-12-29,26,2,3.21690,-0.14644,12,33,0.78788,True,0.07692,25
kalba,2021-12-30,5,0,0.80855,-0.46824,12,33,0.15152,True,0.00000,25
kalba,2021-12-31,17,0,0.11951,-0.31580,12,33,0.51515,True,0.00000,25
alraha,2019-01-01,464,3,2.78332,0.11034,1,478,0.97071,True,0.00647,100
alraha,2019-01-02,0,0,,,1,478,0.00000,False,,100
alraha,2019-01-03,0,0,,,1,478,0.00000,False,,100
alraha,2019-01-04,331,4,2.26975,0.30998,1,478,0.69247,True,0.01208,100
alraha,2019-01-05,461,1,2.18552,0.25442,1,478,0.96444,True,0.00217,100
alraha,2019-01-06,0,0,,,1,478,0.00000,False,,100
alraha,2019-01-07,0,0,,,1,478,0.00000,False,,100
alraha,2019-01-08,122,5,2.40850,0.19366,1,478,0.25523,True,0.04098,100
alraha,2019-01-09,436,17,2.99483,0.30175,1,478,0.91213,True,0.03899,100
alraha,2019-01-10,0,0,,,1,478,0.00000,False,,100
alraha,2019-01-11,0,0,,,1,478,0.00000,False,,100
alraha,2019-01-12,351,0,1.99999,0.24178,1,478,0.73431,True,0.00000,100
alraha,2019-01-13,433,0,1.65332,0.22176,1,478,0.90586,True,0.00000,100
alraha,2019-01-14,0,0,,,1,478,0.00000,False,,100
alraha,2019-01-15,0,0,,,1,478,0.00000,False,,100
alraha,2019-01-16,475,2,2.29949,0.24435,1,478,0.99372,True,0.00421,100
alraha,2019-01-17,120,19,3.15556,0.47184,1,478,0.25105,True,0.15833,100
alraha,2019-01-18,0,0,,,1,478,0.00000,False,,100
alraha,2019-01-19,179,94,3.49441,0.46281,1,478,0.37448,True,0.52514,100
alraha,2019-01-20,420,7,2.17713,0.33827,1,478,0.87866,True,0.01667,100
alraha,2019-01-21,12,1,2.14884,0.60740,1,478,0.02510,False,,100
alraha,2019-01-22,0,0,,,1,478,0.00000,False,,100
alraha,2019-01-23,88,19,2.74424,0.59659,1,478,0.18410,True,0.21591,100
alraha,2019-01-24,36,1,2.04604,0.74366,1,478,0.07531,False,,100
alraha,2019-01-25,0,0,,,1,478,0.00000,False,,100
alraha,2019-01-26,0,0,,,1,478,0.00000,False,,100
alraha,2019-01-27,434,6,2.47113,0.14090,1,478,0.90795,True,0.01382,100
alraha,2019-01-28,176,22,4.22254,-0.14372,1,478,0.36820,True,0.12500,100
alraha,2019-01-29,0,0,,,1,478,0.00000,False,,100
alraha,2019-01-30,0,0,,,1,478,0.00000,False,,100
alraha,2019-01-31,436,1,2.14744,0.01214,1,478,0.91213,True,0.00229,100
alraha,2019-02-01,397,16,3.35398,0.08812,2,471,0.84289,True,0.04030,100
alraha,2019-02-02,0,0,,,2,471,0.00000,False,,100
alraha,2019-02-03,0,0,,,2,471,0.00000,False,,100
alraha,2019-02-04,270,2,2.11796,-0.13356,2,471,0.57325,True,0.00741,100
alraha,2019-02-05,420,0,1.91332,0.04868,2,471,0.89172,True,0.00000,100
alraha,2019-02-06,0,0,,,2,471,0.00000,False,,100
alraha,2019-02-07,0,0,,,2,471,0.00000,False,,100
alraha,2019-02-08,463,11,2.97697,0.03158,2,471,0.98301,True,0.02376,100
alraha,2019-02-09,72,24,3.83966,0.73578,2,471,0.15287,True,0.33333,100
alraha,2019-02-10,0,0,,,2,471,0.00000,False,,100
alraha,2019-02-11,0,0,,,2,471,0.00000,False,,100
alraha,2019-02-12,0,0,,,2,471,0.00000,False,,100
alraha,2019-02-13,232,74,3.37383,0.26519,2,471,0.49257,True,0.31897,100
alraha,2019-02-14,0,0,,,2,471,0.00000,False,,100
alraha,2019-02-15,46,0,1.20160,0.31933,2,471,0.09766,False,,100
alraha,2019-02-16,9,0,1.51971,0.12980,2,471,0.01911,False,,100
alraha,2019-02-17,0,0,,,2,471,0.00000,False,,100
alraha,2019-02-18,0,0,,,2,471,0.00000,False,,100
alraha,2019-02-19,222,15,2.47758,0.15490,2,471,0.47134,True,0.06757,100
alraha,2019-02-20,455,67,3.34692,0.27430,2,471,0.96603,True,0.14725,100
alraha,2019-02-21,0,0,,,2,471,0.00000,False,,100
alraha,2019-02-22,0,0,,,2,471,0.00000,False,,100
alraha,2019-02-23,20,0,1.89364,0.47964,2,471,0.04246,False,,100
alraha,2019-02-24,38,1,2.88338,0.74608,2,471,0.08068,False,,100
alraha,2019-02-25,0,0,,,2,471,0.00000,False,,100
alraha,2019-02-26,0,0,,,2,471,0.00000,False,,100
alraha,2019-02-27,450,2,2.41151,0.06074,2,471,0.95541,True,0.00444,100
alraha,2019-02-28,0,0,,,2,471,0.00000,False,,100
alraha,2019-03-01,0,0,,,3,475,0.00000,False,,100
alraha,2019-03-02,0,0,,,3,475,0.00000,False,,100
alraha,2019-03-03,111,26,3.04703,0.14567,3,475,0.23368,True,0.23423,100
alraha,2019-03-04,433,84,3.20332,0.18501,3,475,0.91158,True,0.19400,100
alraha,2019-03-05,0,0,,,3,475,0.00000,False,,100
alraha,2019-03-06,0,0,,,3,475,0.00000,False,,100
alraha,2019-03-07,265,2,2.62663,0.10358,3,475,0.55789,True,0.00755,100
alraha,2019-03-08,430,3,2.79425,-0.00413,3,475,0.90526,True,0.00698,100
alraha,2019-03-09,0,0,,,3,475,0.00000,False,,100
alraha,2019-03-10,0,0,,,3,475,0.00000,False,,100
alraha,2019-03-11,376,0,1.40471,-0.11973,3,475,0.79158,True,0.00000,100
alraha,2019-03-12,329,0,1.41304,-0.12113,3,475,0.69263,True,0.00000,100
alraha,2019-03-13,0,0,,,3,475,0.00000,False,,100
alraha,2019-03-14,0,0,,,3,475,0.00000,False,,100
alraha,2019-03-15,181,0,0.71760,-0.14155,3,475,0.38105,True,0.00000,100
alraha,2019-03-16,4,0,1.47004,0.49483,3,475,0.00842,False,,100
alraha,2019-03-17,0,0,,,3,475,0.00000,False,,100
alraha,2019-03-18,2,0,1.49189,0.92823,3,475,0.00421,False,,100
alraha,2019-03-19,469,1,2.01008,-0.02224,3,475,0.98737,True,0.00213,100
alraha,2019-03-20,0,0,,,3,475,0.00000,False,,100
alraha,2019-03-21,232,0,1.65694,-0.03656,3,475,0.48842,True,0.00000,100
alraha,2019-03-22,199,0,1.53506,-0.09157,3,475,0.41895,True,0.00000,100
alraha,2019-03-23,1,0,1.97162,0.57953,3,475,0.00211,False,,100
alraha,2019-03-24,0,0,,,3,475,0.00000,False,,100
alraha,2019-03-25,0,0,,,3,475,0.00000,False,,100
alraha,2019-03-26,11,1,2.30840,0.55039,3,475,0.02316,False,,100
alraha,2019-03-27,0,0,,,3,475,0.00000,False,,100
alraha,2019-03-28,0,0,,,3,475,0.00000,False,,100
alraha,2019-03-29,462,90,3.47454,0.18590,3,475,0.97263,True,0.19481,100
alraha,2019-03-30,8,2,2.40728,0.47328,3,475,0.01684,False,,100
alraha,2019-03-31,0,0,,,3,475,0.00000,False,,100
alraha,2019-04-01,0,0,,,4,476,0.00000,False,,100
alraha,2019-04-02,0,0,,,4,476,0.00000,False,,100
alraha,2019-04-03,2,2,4.06112,0.73597,4,476,0.00420,False,,100
alraha,2019-04-04,52,15,3.49004,0.54663,4,476,0.10924,True,0.28846,100
alraha,2019-04-05,7,0,0.47531,0.05363,4,476,0.01471,False,,100
alraha,2019-04-06,0,0,,,4,476,0.00000,False,,100
alraha,2019-04-07,0,0,,,4,476,0.00000,False,,100
alraha,2019-04-08,0,0,,,4,476,0.00000,False,,100
alraha,2019-04-09,418,1,2.15134,0.04941,4,476,0.87815,True,0.00239,100
alraha,2019-04-10,0,0,,,4,476,0.00000,False,,100
alraha,2019-04-11,0,0,,,4,476,0.00000,False,,100
alraha,2019-04-12,0,0,,,4,476,0.00000,False,,100
alraha,2019-04-13,194,1,2.42500,0.05528,4,476,0.40756,True,0.00515,100
alraha,2019-04-14,468,0,1.71634,-0.04720,4,476,0.98319,True,0.00000,100
alraha,2019-04-15,474,3,2.36004,0.10964,4,476,0.99580,True,0.00633,100
alraha,2019-04-16,0,0,,,4,476,0.00000,False,,100
alraha,2019-04-17,464,0,1.41391,-0.05859,4,476,0.97479,True,0.00000,100
alraha,2019-04-18,442,1,2.49364,0.05229,4,476,0.92857,True,0.00226,100
alraha,2019-04-19,445,1,2.02174,0.06978,4,476,0.93487,True,0.00225,100
alraha,2019-04-20,0,0,,,4,476,0.00000,False,,100
alraha,2019-04-21,424,0,1.23937,-0.05510,4,476,0.89076,True,0.00000,100
alraha,2019-04-22,114,4,2.61522,0.37826,4,476,0.23950,True,0.03509,100
alraha,2019-04-23,198,12,3.28264,0.12681,4,476,0.41597,True,0.06061,100
alraha,2019-04-24,0,0,,,4,476,0.00000,False,,100
alraha,2019-04-25,454,200,3.62058,0.35104,4,476,0.95378,True,0.44053,100
alraha,2019-04-26,389,56,3.09556,0.17359,4,476,0.81723,True,0.14396,100
alraha,2019-04-27,112,13,2.77340,0.40320,4,476,0.23529,True,0.11607,100
alraha,2019-04-28,0,0,,,4,476,0.00000,False,,100
alraha,2019-04-29,166,4,2.68962,0.45660,4,476,0.34874,True,0.02410,100
alraha,2019-04-30,415,4,2.66933,0.00405,4,476,0.87185,True,0.00964,100
alraha,2019-05-01,452,0,1.78437,-0.14214,5,478,0.94561,True,0.00000,100
alraha,2019-05-02,1,0,1.39414,1.05197,5,478,0.00209,False,,100
alraha,2019-05-03,453,0,0.51601,-0.21379,5,478,0.94770,True,0.00000,100
alraha,2019-05-04,449,0,1.10608,-0.22810,5,478,0.93933,True,0.00000,100
alraha,2019-05-05,37,0,1.68384,0.78543,5,478,0.07741,False,,100
alraha,2019-05-06,273,8,2.67249,-0.03402,5,478,0.57113,True,0.02930,100
alraha,2019-05-07,459,0,1.74174,-0.12190,5,478,0.96025,True,0.00000,100
alraha,2019-05-08,443,2,2.57794,-0.14709,5,478,0.92678,True,0.00451,100
alraha,2019-05-09,0,0,,,5,478,0.00000,False,,100
alraha,2019-05-10,242,2,2.70262,-0.01894,5,478,0.50628,True,0.00826,100
alraha,2019-05-11,281,6,2.80481,0.07349,5,478,0.58787,True,0.02135,100
alraha,2019-05-12,320,3,2.10255,-0.35037,5,478,0.66946,True,0.00937,100
alraha,2019-05-13,0,0,,,5,478,0.00000,False,,100
alraha,2019-05-14,435,3,2.39784,-0.24665,5,478,0.91004,True,0.00690,100
alraha,2019-05-15,444,2,3.42262,-0.29064,5,478,0.92887,True,0.00450,100
alraha,2019-05-16,443,0,1.96525,-0.26969,5,478,0.92678,True,0.00000,100
alraha,2019-05-17,0,0,,,5,478,0.00000,False,,100
alraha,2019-05-18,273,0,1.05110,-0.27011,5,478,0.57113,True,0.00000,100
alraha,2019-05-19,15,0,0.77792,-0.00709,5,478,0.03138,False,,100
alraha,2019-05-20,185,10,2.44564,0.26186,5,478,0.38703,True,0.05405,100
alraha,2019-05-21,0,0,,,5,478,0.00000,False,,100
alraha,2019-05-22,341,2,3.25403,-0.10294,5,478,0.71339,True,0.00587,100
alraha,2019-05-23,190,4,2.76986,0.01181,5,478,0.39749,True,0.02105,100
alraha,2019-05-24,460,2,2.45859,-0.04877,5,478,0.96234,True,0.00435,100
alraha,2019-05-25,0,0,,,5,478,0.00000,False,,100
alraha,2019-05-26,459,0,1.63030,-0.17784,5,478,0.96025,True,0.00000,100
alraha,2019-05-27,393,5,2.96739,-0.18380,5,478,0.82218,True,0.01272,100
alraha,2019-05-28,295,8,2.62754,-0.15274,5,478,0.61715,True,0.02712,100
alraha,2019-05-29,0,0,,,5,478,0.00000,False,,100
alraha,2019-05-30,0,0,,,5,478,0.00000,False,,100
alraha,2019-05-31,459,7,2.83721,-0.08093,5,478,0.96025,True,0.01525,100
alraha,2019-06-01,327,1,2.28656,-0.11127,6,478,0.68410,True,0.00306,100
alraha,2019-06-02,93,1,2.40944,-0.09524,6,478,0.19456,True,0.01075,100
alraha,2019-06-03,454,1,2.15213,-0.22517,6,478,0.94979,True,0.00220,100
alraha,2019-06-04,438,0,1.63511,-0.15100,6,478,0.91632,True,0.00000,100
alraha,2019-06-05,0,0,,,6,478,0.00000,False,,100
alraha,2019-06-06,302,1,2.05920,-0.09527,6,478,0.63180,True,0.00331,100
alraha,2019-06-07,463,1,2.03638,-0.17788,6,478,0.96862,True,0.00216,100
alraha,2019-06-08,463,1,2.12203,-0.13536,6,478,0.96862,True,0.00216,100
alraha,2019-06-09,0,0,,,6,478,0.00000,False,,100
alraha,2019-06-10,464,0,1.26946,-0.15167,6,478,0.97071,True,0.00000,100
alraha,2019-06-11,447,5,3.00905,-0.22969,6,478,0.93515,True,0.01119,100
alraha,2019-06-12,474,2,3.13440,-0.15156,6,478,0.99163,True,0.00422,100
alraha,2019-06-13,0,0,,,6,478,0.00000,False,,100
alraha,2019-06-14,463,1,2.74121,-0.14921,6,478,0.96862,True,0.00216,100
alraha,2019-06-15,139,0,1.86893,-0.21549,6,478,0.29079,True,0.00000,100
alraha,2019-06-16,18,0,1.32032,0.00168,6,478,0.03766,False,,100
alraha,2019-06-17,0,0,,,6,478,0.00000,False,,100
alraha,2019-06-18,457,0,1.90902,-0.12682,6,478,0.95607,True,0.00000,100
alraha,2019-06-19,38,15,3.06728,0.81470,6,478,0.07950,False,,100
alraha,2019-06-20,373,86,3.63831,0.29921,6,478,0.78033,True,0.23056,100
alraha,2019-06-21,0,0,,,6,478,0.00000,False,,100
alraha,2019-06-22,203,36,2.98108,0.44557,6,478,0.42469,True,0.17734,100
alraha,2019-06-23,427,11,2.99303,0.13360,6,478,0.89331,True,0.02576,100
alraha,2019-06-24,363,8,3.01385,0.13261,6,478,0.75941,True,0.02204,100
alraha,2019-06-25,0,0,,,6,478,0.00000,False,,100
alraha,2019-06-26,255,22,3.45003,0.18754,6,478,0.53347,True,0.08627,100
alraha,2019-06-27,347,35,3.33802,0.11282,6,478,0.72594,True,0.10086,100
alraha,2019-06-28,172,22,2.99258,0.20489,6,478,0.35983,True,0.12791,100
alraha,2019-06-29,165,1,2.10178,-0.03243,6,478,0.34519,True,0.00606,100
alraha,2019-06-30,461,0,1.96256,-0.08750,6,478,0.96444,True,0.00000,100
alraha,2019-07-01,452,1,2.01476,0.00171,7,472,0.95763,True,0.00221,100
alraha,2019-07-02,11,0,0.40145,0.55834,7,472,0.02331,False,,100
alraha,2019-07-03,407,0,1.68400,-0.01752,7,472,0.86229,True,0.00000,100
alraha,2019-07-04,10,0,1.23802,0.81997,7,472,0.02119,False,,100
alraha,2019-07-05,373,38,3.57455,0.33809,7,472,0.79025,True,0.10188,100
alraha,2019-07-06,0,0,,,7,472,0.00000,False,,100
alraha,2019-07-07,459,0,1.70240,0.09346,7,472,0.97246,True,0.00000,100
alraha,2019-07-08,311,0,1.62489,0.01270,7,472,0.65890,True,0.00000,100
alraha,2019-07-09,463,1,2.08104,0.04487,7,472,0.98093,True,0.00216,100
alraha,2019-07-10,0,0,,,7,472,0.00000,False,,100
alraha,2019-07-11,441,0,1.22263,-0.00509,7,472,0.93432,True,0.00000,100
alraha,2019-07-12,114,0,1.82842,-0.01857,7,472,0.24153,True,0.00000,100
alraha,2019-07-13,295,1,3.11878,-0.02846,7,472,0.62500,True,0.00339,100
alraha,2019-07-14,0,0,,,7,472,0.00000,False,,100
alraha,2019-07-15,463,1,2.09690,0.07233,7,472,0.98093,True,0.00216,100
alraha,2019-07-16,294,0,1.58425,0.16320,7,472,0.62288,True,0.00000,100
alraha,2019-07-17,356,1,2.20732,0.17915,7,472,0.75424,True,0.00281,100
alraha,2019-07-18,0,0,,,7,472,0.00000,False,,100
alraha,2019-07-19,448,0,1.95330,0.00669,7,472,0.94915,True,0.00000,100
alraha,2019-07-20,445,3,2.21930,0.12185,7,472,0.94280,True,0.00674,100
alraha,2019-07-21,152,3,2.46364,0.23091,7,472,0.32203,True,0.01974,100
alraha,2019-07-22,0,0,,,7,472,0.00000,False,,100
alraha,2019-07-23,40,0,-0.47907,0.71228,7,472,0.08475,False,,100
alraha,2019-07-24,221,49,2.80640,0.47950,7,472,0.46822,True,0.22172,100
alraha,2019-07-25,0,0,,,7,472,0.00000,False,,100
alraha,2019-07-26,22,1,2.13133,0.85914,7,472,0.04661,False,,100
alraha,2019-07-27,318,3,3.33463,0.17617,7,472,0.67373,True,0.00943,100
alraha,2019-07-28,73,0,-0.08455,0.65158,7,472,0.15466,True,0.00000,100
alraha,2019-07-29,0,0,,,7,472,0.00000,False,,100
alraha,2019-07-30,370,0,1.97411,0.20920,7,472,0.78390,True,0.00000,100
alraha,2019-07-31,1,0,-1.68013,0.68003,7,472,0.00212,False,,100
alraha,2019-08-01,157,3,2.52746,0.31662,8,468,0.33547,True,0.01911,100
alraha,2019-08-02,0,0,,,8,468,0.00000,False,,100
alraha,2019-08-03,402,2,2.40002,0.03858,8,468,0.85897,True,0.00498,100
alraha,2019-08-04,134,0,1.59211,0.13376,8,468,0.28632,True,0.00000,100
alraha,2019-08-05,447,0,1.41497,0.12657,8,468,0.95513,True,0.00000,100
alraha,2019-08-06,0,0,,,8,468,0.00000,False,,100
alraha,2019-08-07,447,0,1.71815,0.04349,8,468,0.95513,True,0.00000,100
alraha,2019-08-08,108,0,1.50123,0.09603,8,468,0.23077,True,0.00000,100
alraha,2019-08-09,75,1,2.52317,0.71725,8,468,0.16026,True,0.01333,100
alraha,2019-08-10,0,0,,,8,468,0.00000,False,,100
alraha,2019-08-11,162,0,1.21918,0.19196,8,468,0.34615,True,0.00000,100
alraha,2019-08-12,159,2,2.46829,0.30821,8,468,0.33974,True,0.01258,100
alraha,2019-08-13,283,0,1.82273,0.39498,8,468,0.60470,True,0.00000,100
alraha,2019-08-14,0,0,,,8,468,0.00000,False,,100
alraha,2019-08-15,207,11,2.91080,0.57953,8,468,0.44231,True,0.05314,100
alraha,2019-08-16,441,16,2.75861,0.45548,8,468,0.94231,True,0.03628,100
alraha,2019-08-17,48,0,1.91826,0.66214,8,468,0.10256,True,0.00000,100
alraha,2019-08-18,75,0,1.42449,0.15223,8,468,0.16026,True,0.00000,100
alraha,2019-08-19,203,30,3.47624,0.40260,8,468,0.43376,True,0.14778,100
alraha,2019-08-20,0,0,,,8,468,0.00000,False,,100
alraha,2019-08-21,297,0,1.92507,0.36044,8,468,0.63462,True,0.00000,100
alraha,2019-08-22,304,0,1.38649,0.12052,8,468,0.64957,True,0.00000,100
alraha,2019-08-23,455,0,1.69165,0.19039,8,468,0.97222,True,0.00000,100
alraha,2019-08-24,452,2,2.08527,0.42305,8,468,0.96581,True,0.00442,100
alraha,2019-08-25,10,0,1.11957,0.66045,8,468,0.02137,False,,100
alraha,2019-08-26,453,0,1.60997,0.14608,8,468,0.96795,True,0.00000,100
alraha,2019-08-27,448,2,2.75558,0.10261,8,468,0.95726,True,0.00446,100
alraha,2019-08-28,449,12,2.51769,0.37077,8,468,0.95940,True,0.02673,100
alraha,2019-08-29,0,0,,,8,468,0.00000,False,,100
alraha,2019-08-30,440,0,1.91525,0.20977,8,468,0.94017,True,0.00000,100
alraha,2019-08-31,410,0,1.37263,0.12536,8,468,0.87607,True,0.00000,100
alraha,2019-09-01,192,0,1.82426,0.21878,9,470,0.40851,True,0.00000,100
alraha,2019-09-02,0,0,,,9,470,0.00000,False,,100
alraha,2019-09-03,461,1,2.11157,0.24360,9,470,0.98085,True,0.00217,100
alraha,2019-09-04,312,1,2.04684,0.25440,9,470,0.66383,True,0.00321,100
alraha,2019-09-05,0,0,,,9,470,0.00000,False,,100
alraha,2019-09-06,0,0,,,9,470,0.00000,False,,100
alraha,2019-09-07,0,0,,,9,470,0.00000,False,,100
alraha,2019-09-08,413,0,1.99536,0.25399,9,470,0.87872,True,0.00000,100
alraha,2019-09-09,457,0,1.97495,0.20125,9,470,0.97234,True,0.00000,100
alraha,2019-09-10,0,0,,,9,470,0.00000,False,,100
alraha,2019-09-11,453,0,1.41448,0.15611,9,470,0.96383,True,0.00000,100
alraha,2019-09-12,447,0,1.94790,0.21011,9,470,0.95106,True,0.00000,100
alraha,2019-09-13,354,3,2.16744,0.30226,9,470,0.75319,True,0.00847,100
alraha,2019-09-14,193,1,2.12670,0.15413,9,470,0.41064,True,0.00518,100
alraha,2019-09-15,397,0,1.55857,0.04241,9,470,0.84468,True,0.00000,100
alraha,2019-09-16,388,31,3.23071,0.34455,9,470,0.82553,True,0.07990,100
alraha,2019-09-17,123,24,3.33223,0.48640,9,470,0.26170,True,0.19512,100
alraha,2019-09-18,377,6,2.35133,0.12776,9,470,0.80213,True,0.01592,100
alraha,2019-09-19,457,0,1.93017,0.12568,9,470,0.97234,True,0.00000,100
alraha,2019-09-20,454,2,2.72907,0.26816,9,470,0.96596,True,0.00441,100
alraha,2019-09-21,0,0,,,9,470,0.00000,False,,100
alraha,2019-09-22,452,0,1.70928,0.17037,9,470,0.96170,True,0.00000,100
alraha,2019-09-23,422,3,2.55647,0.14222,9,470,0.89787,True,0.00711,100
alraha,2019-09-24,0,0,,,9,470,0.00000,False,,100
alraha,2019-09-25,0,0,,,9,470,0.00000,False,,100
alraha,2019-09-26,456,1,2.07209,0.32559,9,470,0.97021,True,0.00219,100
alraha,2019-09-27,379,101,3.73244,0.51007,9,470,0.80638,True,0.26649,100
alraha,2019-09-28,454,10,2.66855,0.40149,9,470,0.96596,True,0.02203,100
alraha,2019-09-29,0,0,,,9,470,0.00000,False,,100
alraha,2019-09-30,446,0,1.20616,0.20937,9,470,0.94894,True,0.00000,100
alraha,2019-10-01,427,5,2.43499,0.32861,10,478,0.89331,True,0.01171,100
alraha,2019-10-02,420,87,3.51622,0.43816,10,478,0.87866,True,0.20714,100
alraha,2019-10-03,8,0,0.89868,0.87717,10,478,0.01674,False,,100
alraha,2019-10-04,451,15,2.88045,0.26629,10,478,0.94351,True,0.03326,100
alraha,2019-10-05,445,83,3.27341,0.46856,10,478,0.93096,True,0.18652,100
alraha,2019-10-06,0,0,,,10,478,0.00000,False,,100
alraha,2019-10-07,151,11,2.43873,0.41261,10,478,0.31590,True,0.07285,100
alraha,2019-10-08,467,2,3.24268,0.27892,10,478,0.97699,True,0.00428,100
alraha,2019-10-09,455,54,3.61492,0.41119,10,478,0.95188,True,0.11868,100
alraha,2019-10-10,238,4,2.90279,0.05154,10,478,0.49791,True,0.01681,100
alraha,2019-10-11,404,0,1.46057,0.18573,10,478,0.84519,True,0.00000,100
alraha,2019-10-12,0,0,,,10,478,0.00000,False,,100
alraha,2019-10-13,453,18,2.66416,0.39618,10,478,0.94770,True,0.03974,100
alraha,2019-10-14,299,47,3.18115,0.44703,10,478,0.62552,True,0.15719,100
alraha,2019-10-15,454,1,2.39761,0.33280,10,478,0.94979,True,0.00220,100
alraha,2019-10-16,462,0,1.95004,0.29751,10,478,0.96653,True,0.00000,100
alraha,2019-10-17,460,8,2.61667,0.33272,10,478,0.96234,True,0.01739,100
alraha,2019-10-18,12,0,1.16437,0.56488,10,478,0.02510,False,,100
alraha,2019-10-19,458,0,1.17052,0.16541,10,478,0.95816,True,0.00000,100
alraha,2019-10-20,463,1,2.53727,0.10535,10,478,0.96862,True,0.00216,100
alraha,2019-10-21,463,1,2.05050,0.17451,10,478,0.96862,True,0.00216,100
alraha,2019-10-22,0,0,,,10,478,0.00000,False,,100
alraha,2019-10-23,448,1,2.00336,0.08718,10,478,0.93724,True,0.00223,100
alraha,2019-10-24,468,1,2.27486,0.11103,10,478,0.97908,True,0.00214,100
alraha,2019-10-25,466,1,2.31176,0.24251,10,478,0.97490,True,0.00215,100
alraha,2019-10-26,173,1,2.34401,0.11401,10,478,0.36192,True,0.00578,100
alraha,2019-10-27,463,0,1.63455,0.19069,10,478,0.96862,True,0.00000,100
alraha,2019-10-28,463,1,2.07167,0.27197,10,478,0.96862,True,0.00216,100
alraha,2019-10-29,459,7,2.70099,0.35569,10,478,0.96025,True,0.01525,100
alraha,2019-10-30,464,0,1.80146,0.24780,10,478,0.97071,True,0.00000,100
alraha,2019-10-31,457,55,2.99514,0.38786,10,478,0.95607,True,0.12035,100
alraha,2019-11-01,415,9,3.33930,0.21967,11,491,0.84521,True,0.02169,100
alraha,2019-11-02,447,18,3.81277,0.28598,11,491,0.91039,True,0.04027,100
alraha,2019-11-03,472,1,2.07070,0.19639,11,491,0.96130,True,0.00212,100
alraha,2019-11-04,470,1,2.42631,0.16009,11,491,0.95723,True,0.00213,100
alraha,2019-11-05,469,123,3.92975,0.43185,11,491,0.95519,True,0.26226,100
alraha,2019-11-06,450,37,3.71997,0.30885,11,491,0.91650,True,0.08222,100
alraha,2019-11-07,469,3,2.20609,0.24632,11,491,0.95519,True,0.00640,100
alraha,2019-11-08,473,5,2.40891,0.25201,11,491,0.96334,True,0.01057,100
alraha,2019-11-09,433,132,4.83523,0.43099,11,491,0.88187,True,0.30485,100
alraha,2019-11-10,4,1,3.77530,0.73600,11,491,0.00815,False,,100
alraha,2019-11-11,474,9,3.28987,0.27688,11,491,0.96538,True,0.01899,100
alraha,2019-11-12,484,21,3.68758,0.33556,11,491,0.98574,True,0.04339,100
alraha,2019-11-13,474,142,3.13837,0.41459,11,491,0.96538,True,0.29958,100
alraha,2019-11-14,13,5,2.43875,0.68303,11,491,0.02648,False,,100
alraha,2019-11-15,410,1,2.02130,0.26474,11,491,0.83503,True,0.00244,100
alraha,2019-11-16,470,0,1.23018,0.14655,11,491,0.95723,True,0.00000,100
alraha,2019-11-17,374,81,3.66330,0.40011,11,491,0.76171,True,0.21658,100
alraha,2019-11-18,0,0,,,11,491,0.00000,False,,100
alraha,2019-11-19,400,2,2.36752,0.30489,11,491,0.81466,True,0.00500,100
alraha,2019-11-20,0,0,,,11,491,0.00000,False,,100
alraha,2019-11-21,0,0,,,11,491,0.00000,False,,100
alraha,2019-11-22,176,5,2.23129,0.32601,11,491,0.35845,True,0.02841,100
alraha,2019-11-23,454,4,2.07261,0.24942,11,491,0.92464,True,0.00881,100
alraha,2019-11-24,461,1,2.38756,0.21346,11,491,0.93890,True,0.00217,100
alraha,2019-11-25,0,0,,,11,491,0.00000,False,,100
alraha,2019-11-26,479,1,2.79940,0.13155,11,491,0.97556,True,0.00209,100
alraha,2019-11-27,442,0,1.54524,0.01289,11,491,0.90020,True,0.00000,100
alraha,2019-11-28,468,0,1.61744,0.13993,11,491,0.95316,True,0.00000,100
alraha,2019-11-29,445,0,1.13127,0.06353,11,491,0.90631,True,0.00000,100
alraha,2019-11-30,0,0,,,11,491,0.00000,False,,100
alraha,2019-12-01,385,1,2.10163,-0.04997,12,493,0.78093,True,0.00260,100
alraha,2019-12-02,0,0,,,12,493,0.00000,False,,100
alraha,2019-12-03,377,9,3.64205,-0.02063,12,493,0.76471,True,0.02387,100
alraha,2019-12-04,459,0,1.73372,0.01497,12,493,0.93103,True,0.00000,100
alraha,2019-12-05,409,2,2.38589,-0.03896,12,493,0.82961,True,0.00489,100
alraha,2019-12-06,479,0,1.77293,0.04107,12,493,0.97160,True,0.00000,100
alraha,2019-12-07,93,2,3.20658,0.24567,12,493,0.18864,True,0.02151,100
alraha,2019-12-08,266,0,1.40217,0.01088,12,493,0.53955,True,0.00000,100
alraha,2019-12-09,473,4,3.34117,0.04578,12,493,0.95943,True,0.00846,100
alraha,2019-12-10,10,0,0.47867,0.07489,12,493,0.02028,False,,100
alraha,2019-12-11,11,1,2.34988,0.50499,12,493,0.02231,False,,100
alraha,2019-12-12,474,0,1.96766,0.14527,12,493,0.96146,True,0.00000,100
alraha,2019-12-13,324,13,4.09449,0.16010,12,493,0.65720,True,0.04012,100
alraha,2019-12-14,330,95,3.71216,0.33707,12,493,0.66937,True,0.28788,100
alraha,2019-12-15,0,0,,,12,493,0.00000,False,,100
alraha,2019-12-16,82,8,3.30119,0.67742,12,493,0.16633,True,0.09756,100
alraha,2019-12-17,20,1,2.01771,0.12801,12,493,0.04057,False,,100
alraha,2019-12-18,40,18,4.27272,0.85585,12,493,0.08114,False,,100
alraha,2019-12-19,0,0,,,12,493,0.00000,False,,100
alraha,2019-12-20,299,1,3.82466,0.16214,12,493,0.60649,True,0.00334,100
alraha,2019-12-21,414,5,2.73910,0.20368,12,493,0.83976,True,0.01208,100
alraha,2019-12-22,440,71,3.15717,0.26983,12,493,0.89249,True,0.16136,100
alraha,2019-12-23,318,1,2.09633,0.12726,12,493,0.64503,True,0.00314,100
alraha,2019-12-24,410,2,2.23327,0.03712,12,493,0.83164,True,0.00488,100
alraha,2019-12-25,481,15,3.38987,0.14472,12,493,0.97566,True,0.03119,100
alraha,2019-12-26,451,21,3.87750,0.16271,12,493,0.91481,True,0.04656,100
alraha,2019-12-27,473,3,2.40702,0.01666,12,493,0.95943,True,0.00634,100
alraha,2019-12-28,470,2,2.81161,-0.00025,12,493,0.95335,True,0.00426,100
alraha,2019-12-29,461,11,3.71346,0.06763,12,493,0.93509,True,0.02386,100
alraha,2019-12-30,390,6,2.63870,0.05550,12,493,0.79108,True,0.01538,100
alraha,2019-12-31,470,15,3.18411,0.10396,12,493,0.95335,True,0.03191,100
alraha,2020-01-01,439,10,3.48952,0.19543,1,478,0.91841,True,0.02278,100
alraha,2020-01-02,356,2,2.39066,0.08940,1,478,0.74477,True,0.00562,100
alraha,2020-01-03,91,18,3.43974,0.39909,1,478,0.19038,True,0.19780,100
alraha,2020-01-04,473,1,2.26174,0.15653,1,478,0.98954,True,0.00211,100
alraha,2020-01-05,0,0,,,1,478,0.00000,False,,100
alraha,2020-01-06,126,5,2.37692,0.14272,1,478,0.26360,True,0.03968,100
alraha,2020-01-07,15,0,1.24396,0.56576,1,478,0.03138,False,,100
alraha,2020-01-08,473,0,1.85405,0.16965,1,478,0.98954,True,0.00000,100
alraha,2020-01-09,453,14,3.08521,0.30834,1,478,0.94770,True,0.03091,100
alraha,2020-01-10,18,0,1.67989,0.26171,1,478,0.03766,False,,100
alraha,2020-01-11,0,0,,,1,478,0.00000,False,,100
alraha,2020-01-12,182,42,2.87429,0.58009,1,478,0.38075,True,0.23077,100
alraha,2020-01-13,409,9,2.44795,0.35915,1,478,0.85565,True,0.02200,100
alraha,2020-01-14,399,3,2.14167,0.33349,1,478,0.83473,True,0.00752,100
alraha,2020-01-15,65,0,1.42551,0.23097,1,478,0.13598,True,0.00000,100
alraha,2020-01-16,470,1,2.46833,0.27308,1,478,0.98326,True,0.00213,100
alraha,2020-01-17,473,0,1.58427,0.17406,1,478,0.98954,True,0.00000,100
alraha,2020-01-18,466,0,1.99059,0.20956,1,478,0.97490,True,0.00000,100
alraha,2020-01-19,475,0,1.74483,0.08239,1,478,0.99372,True,0.00000,100
alraha,2020-01-20,477,0,1.59876,0.06539,1,478,0.99791,True,0.00000,100
alraha,2020-01-21,473,0,1.02865,0.07591,1,478,0.98954,True,0.00000,100
alraha,2020-01-22,442,0,1.51562,0.11386,1,478,0.92469,True,0.00000,100
alraha,2020-01-23,327,0,0.84093,-0.00394,1,478,0.68410,True,0.00000,100
alraha,2020-01-24,10,0,-0.12723,0.13564,1,478,0.02092,False,,100
alraha,2020-01-25,468,0,1.23857,0.11684,1,478,0.97908,True,0.00000,100
alraha,2020-01-26,53,6,2.32171,0.52756,1,478,0.11088,True,0.11321,100
alraha,2020-01-27,380,0,1.98320,0.34552,1,478,0.79498,True,0.00000,100
alraha,2020-01-28,413,0,1.47735,0.18822,1,478,0.86402,True,0.00000,100
alraha,2020-01-29,429,0,0.95475,0.10475,1,478,0.89749,True,0.00000,100
alraha,2020-01-30,300,0,1.97094,0.08693,1,478,0.62762,True,0.00000,100
alraha,2020-01-31,462,1,2.30921,-0.00746,1,478,0.96653,True,0.00216,100
alraha,2020-02-01,453,0,1.96590,-0.03955,2,471,0.96178,True,0.00000,100
alraha,2020-02-02,345,10,3.48699,0.05512,2,471,0.73248,True,0.02899,100
alraha,2020-02-03,13,0,0.46977,0.27700,2,471,0.02760,False,,100
alraha,2020-02-04,454,0,1.16087,-0.03699,2,471,0.96391,True,0.00000,100
alraha,2020-02-05,468,0,1.37586,-0.02090,2,471,0.99363,True,0.00000,100
alraha,2020-02-06,410,2,2.12910,-0.05233,2,471,0.87049,True,0.00488,100
alraha,2020-02-07,0,0,,,2,471,0.00000,False,,100
alraha,2020-02-08,311,1,2.30941,0.03446,2,471,0.66030,True,0.00322,100
alraha,2020-02-09,401,4,2.76700,-0.00567,2,471,0.85138,True,0.00998,100
alraha,2020-02-10,6,0,-0.73360,-0.29876,2,471,0.01274,False,,100
alraha,2020-02-11,112,0,1.81735,0.04595,2,471,0.23779,True,0.00000,100
alraha,2020-02-12,117,53,3.29778,0.48064,2,471,0.24841,True,0.45299,100
alraha,2020-02-13,391,54,2.81402,0.24635,2,471,0.83015,True,0.13811,100
alraha,2020-02-14,446,0,1.93280,0.14884,2,471,0.94692,True,0.00000,100
alraha,2020-02-15,335,2,2.24222,-0.01050,2,471,0.71125,True,0.00597,100
alraha,2020-02-16,464,0,1.12226,-0.05325,2,471,0.98514,True,0.00000,100
alraha,2020-02-17,379,0,1.95447,-0.00235,2,471,0.80467,True,0.00000,100
alraha,2020-02-18,236,2,2.72635,0.08463,2,471,0.50106,True,0.00847,100
alraha,2020-02-19,454,3,2.98884,-0.10281,2,471,0.96391,True,0.00661,100
alraha,2020-02-20,265,0,1.42585,-0.11556,2,471,0.56263,True,0.00000,100
alraha,2020-02-21,423,1,2.75375,-0.15044,2,471,0.89809,True,0.00236,100
alraha,2020-02-22,4,1,2.32793,0.83051,2,471,0.00849,False,,100
alraha,2020-02-23,463,0,1.55918,-0.15923,2,471,0.98301,True,0.00000,100
alraha,2020-02-24,453,1,2.29495,-0.11899,2,471,0.96178,True,0.00221,100
alraha,2020-02-25,463,0,1.97489,-0.11330,2,471,0.98301,True,0.00000,100
alraha,2020-02-26,95,0,0.86171,0.03674,2,471,0.20170,True,0.00000,100
alraha,2020-02-27,432,84,3.65382,0.26318,2,471,0.91720,True,0.19444,100
alraha,2020-02-28,174,0,1.55947,0.03745,2,471,0.36943,True,0.00000,100
alraha,2020-02-29,411,2,2.68761,0.02107,2,471,0.87261,True,0.00487,100
alraha,2020-03-01,9,0,0.42634,0.22830,3,475,0.01895,False,,100
alraha,2020-03-02,46,0,1.66904,0.75767,3,475,0.09684,False,,100
alraha,2020-03-03,455,0,1.59218,-0.10469,3,475,0.95789,True,0.00000,100
alraha,2020-03-04,384,16,2.30713,0.07881,3,475,0.80842,True,0.04167,100
alraha,2020-03-05,0,0,,,3,475,0.00000,False,,100
alraha,2020-03-06,468,1,3.09359,-0.07425,3,475,0.98526,True,0.00214,100
alraha,2020-03-07,459,2,2.39616,-0.14224,3,475,0.96632,True,0.00436,100
alraha,2020-03-08,453,2,2.55012,-0.02023,3,475,0.95368,True,0.00442,100
alraha,2020-03-09,0,0,,,3,475,0.00000,False,,100
alraha,2020-03-10,237,6,3.15476,-0.07274,3,475,0.49895,True,0.02532,100
alraha,2020-03-11,445,2,2.55874,-0.12607,3,475,0.93684,True,0.00449,100
alraha,2020-03-12,453,2,3.43884,-0.13670,3,475,0.95368,True,0.00442,100
alraha,2020-03-13,3,1,4.08354,0.85827,3,475,0.00632,False,,100
alraha,2020-03-14,0,0,,,3,475,0.00000,False,,100
alraha,2020-03-15,351,2,3.42328,-0.04794,3,475,0.73895,True,0.00570,100
alraha,2020-03-16,36,4,3.40580,-0.27421,3,475,0.07579,False,,100
alraha,2020-03-17,66,0,0.72466,-0.11040,3,475,0.13895,True,0.00000,100
alraha,2020-03-18,457,8,3.21367,0.00066,3,475,0.96211,True,0.01751,100
alraha,2020-03-19,140,10,3.03390,-0.19953,3,475,0.29474,True,0.07143,100
alraha,2020-03-20,69,9,3.43667,0.77858,3,475,0.14526,True,0.13043,100
alraha,2020-03-21,27,0,1.70745,0.01449,3,475,0.05684,False,,100
alraha,2020-03-22,278,58,3.29361,0.12247,3,475,0.58526,True,0.20863,100
alraha,2020-03-23,423,297,3.98157,0.43070,3,475,0.89053,True,0.70213,100
alraha,2020-03-24,273,19,3.10942,0.14142,3,475,0.57474,True,0.06960,100
alraha,2020-03-25,432,1,2.18110,-0.03264,3,475,0.90947,True,0.00231,100
alraha,2020-03-26,454,0,1.89778,-0.10101,3,475,0.95579,True,0.00000,100
alraha,2020-03-27,227,8,3.45055,-0.23622,3,475,0.47789,True,0.03524,100
alraha,2020-03-28,0,0,,,3,475,0.00000,False,,100
alraha,2020-03-29,2,0,1.41506,0.57122,3,475,0.00421,False,,100
alraha,2020-03-30,0,0,,,3,475,0.00000,False,,100
alraha,2020-03-31,466,2,2.45040,0.04715,3,475,0.98105,True,0.00429,100
alraha,2020-04-01,0,0,,,4,476,0.00000,False,,100
alraha,2020-04-02,123,0,0.51068,-0.27803,4,476,0.25840,True,0.00000,100
alraha,2020-04-03,24,0,1.88183,0.75831,4,476,0.05042,False,,100
alraha,2020-04-04,300,7,2.95695,-0.30697,4,476,0.63025,True,0.02333,100
alraha,2020-04-05,0,0,,,4,476,0.00000,False,,100
alraha,2020-04-06,468,0,1.12478,-0.19159,4,476,0.98319,True,0.00000,100
alraha,2020-04-07,319,4,2.66692,-0.14173,4,476,0.67017,True,0.01254,100
alraha,2020-04-08,320,0,1.97009,0.07948,4,476,0.67227,True,0.00000,100
alraha,2020-04-09,0,0,,,4,476,0.00000,False,,100
alraha,2020-04-10,232,0,0.92356,-0.04850,4,476,0.48739,True,0.00000,100
alraha,2020-04-11,1,0,-0.17303,-0.10079,4,476,0.00210,False,,100
alraha,2020-04-12,42,4,3.44238,0.77813,4,476,0.08824,False,,100
alraha,2020-04-13,0,0,,,4,476,0.00000,False,,100
alraha,2020-04-14,471,1,2.20803,0.04955,4,476,0.98950,True,0.00212,100
alraha,2020-04-15,0,0,,,4,476,0.00000,False,,100
alraha,2020-04-16,307,2,2.69065,0.04626,4,476,0.64496,True,0.00651,100
alraha,2020-04-17,4,0,1.52196,0.98538,4,476,0.00840,False,,100
alraha,2020-04-18,417,1,2.00810,-0.01326,4,476,0.87605,True,0.00240,100
alraha,2020-04-19,108,22,3.13402,0.00641,4,476,0.22689,True,0.20370,100
alraha,2020-04-20,0,0,,,4,476,0.00000,False,,100
alraha,2020-04-21,158,1,2.10354,-0.10771,4,476,0.33193,True,0.00633,100
alraha,2020-04-22,468,0,1.30114,-0.05258,4,476,0.98319,True,0.00000,100
alraha,2020-04-23,454,2,2.28830,0.06365,4,476,0.95378,True,0.00441,100
alraha,2020-04-24,12,0,1.65933,0.52472,4,476,0.02521,False,,100
alraha,2020-04-25,435,6,2.68695,-0.05998,4,476,0.91387,True,0.01379,100
alraha,2020-04-26,457,7,2.73980,0.00187,4,476,0.96008,True,0.01532,100
alraha,2020-04-27,408,30,3.48215,-0.08180,4,476,0.85714,True,0.07353,100
alraha,2020-04-28,0,0,,,4,476,0.00000,False,,100
alraha,2020-04-29,39,1,2.03741,0.41284,4,476,0.08193,False,,100
alraha,2020-04-30,92,24,3.33461,0.74440,4,476,0.19328,True,0.26087,100
alraha,2020-05-01,195,13,2.31633,0.00462,5,478,0.40795,True,0.06667,100
alraha,2020-05-02,0,0,,,5,478,0.00000,False,,100
alraha,2020-05-03,468,85,3.62784,0.07566,5,478,0.97908,True,0.18162,100
alraha,2020-05-04,122,17,4.48868,0.09866,5,478,0.25523,True,0.13934,100
alraha,2020-05-05,465,13,2.46530,0.00224,5,478,0.97280,True,0.02796,100
alraha,2020-05-06,0,0,,,5,478,0.00000,False,,100
alraha,2020-05-07,455,2,2.29438,-0.04391,5,478,0.95188,True,0.00440,100
alraha,2020-05-08,218,5,4.72717,0.11754,5,478,0.45607,True,0.02294,100
alraha,2020-05-09,339,17,3.61264,-0.11533,5,478,0.70921,True,0.05015,100
alraha,2020-05-10,0,0,,,5,478,0.00000,False,,100
alraha,2020-05-11,332,11,2.81882,-0.20511,5,478,0.69456,True,0.03313,100
alraha,2020-05-12,430,28,3.18324,0.00237,5,478,0.89958,True,0.06512,100
alraha,2020-05-13,465,160,4.66850,0.31227,5,478,0.97280,True,0.34409,100
alraha,2020-05-14,0,0,,,5,478,0.00000,False,,100
alraha,2020-05-15,372,39,3.20807,0.12257,5,478,0.77824,True,0.10484,100
alraha,2020-05-16,462,5,2.36178,0.00170,5,478,0.96653,True,0.01082,100
alraha,2020-05-17,289,6,2.91529,0.03392,5,478,0.60460,True,0.02076,100
alraha,2020-05-18,90,0,1.87729,0.14543,5,478,0.18828,True,0.00000,100
alraha,2020-05-19,463,0,1.89352,-0.13217,5,478,0.96862,True,0.00000,100
alraha,2020-05-20,398,2,2.04696,-0.21140,5,478,0.83264,True,0.00503,100
alraha,2020-05-21,0,0,,,5,478,0.00000,False,,100
alraha,2020-05-22,393,2,2.35844,-0.15032,5,478,0.82218,True,0.00509,100
alraha,2020-05-23,456,1,2.30838,-0.14813,5,478,0.95397,True,0.00219,100
alraha,2020-05-24,439,2,2.70680,-0.07970,5,478,0.91841,True,0.00456,100
alraha,2020-05-25,0,0,,,5,478,0.00000,False,,100
alraha,2020-05-26,447,1,2.59795,-0.09118,5,478,0.93515,True,0.00224,100
alraha,2020-05-27,461,1,3.45351,-0.09812,5,478,0.96444,True,0.00217,100
alraha,2020-05-28,455,0,1.78837,-0.09393,5,478,0.95188,True,0.00000,100
alraha,2020-05-29,0,0,,,5,478,0.00000,False,,100
alraha,2020-05-30,459,9,2.51600,0.01342,5,478,0.96025,True,0.01961,100
alraha,2020-05-31,38,4,2.77402,0.73762,5,478,0.07950,False,,100
alraha,2020-06-01,401,2,4.78354,-0.01712,6,478,0.83891,True,0.00499,100
alraha,2020-06-02,0,0,,,6,478,0.00000,False,,100
alraha,2020-06-03,461,0,1.75901,-0.11632,6,478,0.96444,True,0.00000,100
alraha,2020-06-04,301,2,2.75129,-0.08748,6,478,0.62971,True,0.00664,100
alraha,2020-06-05,410,9,2.46772,0.08378,6,478,0.85774,True,0.02195,100
alraha,2020-06-06,0,0,,,6,478,0.00000,False,,100
alraha,2020-06-07,459,0,1.99177,-0.01983,6,478,0.96025,True,0.00000,100
alraha,2020-06-08,428,1,2.19263,0.02288,6,478,0.89540,True,0.00234,100
alraha,2020-06-09,439,0,1.91916,0.01630,6,478,0.91841,True,0.00000,100
alraha,2020-06-10,0,0,,,6,478,0.00000,False,,100
alraha,2020-06-11,469,8,2.58289,0.07000,6,478,0.98117,True,0.01706,100
alraha,2020-06-12,464,7,2.79910,0.10146,6,478,0.97071,True,0.01509,100
alraha,2020-06-13,321,45,3.32769,0.21434,6,478,0.67155,True,0.14019,100
alraha,2020-06-14,33,4,3.48449,0.51181,6,478,0.06904,False,,100
alraha,2020-06-15,452,1,2.08177,-0.00356,6,478,0.94561,True,0.00221,100
alraha,2020-06-16,429,25,3.54185,0.03302,6,478,0.89749,True,0.05828,100
alraha,2020-06-17,9,6,2.85291,0.80635,6,478,0.01883,False,,100
alraha,2020-06-18,427,2,2.34409,-0.02776,6,478,0.89331,True,0.00468,100
alraha,2020-06-19,426,2,2.45923,-0.08471,6,478,0.89121,True,0.00469,100
alraha,2020-06-20,365,5,2.29510,-0.08500,6,478,0.76360,True,0.01370,100
alraha,2020-06-21,0,0,,,6,478,0.00000,False,,100
alraha,2020-06-22,450,2,2.18860,0.00311,6,478,0.94142,True,0.00444,100
alraha,2020-06-23,458,6,2.51983,0.05901,6,478,0.95816,True,0.01310,100
alraha,2020-06-24,336,5,2.68847,0.01009,6,478,0.70293,True,0.01488,100
alraha,2020-06-25,0,0,,,6,478,0.00000,False,,100
alraha,2020-06-26,439,12,3.92120,-0.10247,6,478,0.91841,True,0.02733,100
alraha,2020-06-27,6,0,-0.29843,0.77082,6,478,0.01255,False,,100
alraha,2020-06-28,430,5,3.28989,0.00543,6,478,0.89958,True,0.01163,100
alraha,2020-06-29,0,0,,,6,478,0.00000,False,,100
alraha,2020-06-30,475,4,2.43519,-0.13230,6,478,0.99372,True,0.00842,100
alraha,2020-07-01,392,6,3.22408,-0.17671,7,472,0.83051,True,0.01531,100
alraha,2020-07-02,316,3,2.45626,0.25803,7,472,0.66949,True,0.00949,100
alraha,2020-07-03,0,0,,,7,472,0.00000,False,,100
alraha,2020-07-04,449,1,2.63649,0.00705,7,472,0.95127,True,0.00223,100
alraha,2020-07-05,450,2,2.29346,-0.03398,7,472,0.95339,True,0.00444,100
alraha,2020-07-06,376,2,2.05500,0.03843,7,472,0.79661,True,0.00532,100
alraha,2020-07-07,2,1,3.15062,1.11389,7,472,0.00424,False,,100
alraha,2020-07-08,457,3,2.86453,-0.08235,7,472,0.96822,True,0.00656,100
alraha,2020-07-09,457,1,3.11721,0.05385,7,472,0.96822,True,0.00219,100
alraha,2020-07-10,222,1,2.19418,-0.10730,7,472,0.47034,True,0.00450,100
alraha,2020-07-11,115,1,2.34407,0.04363,7,472,0.24364,True,0.00870,100
alraha,2020-07-12,388,0,1.95187,-0.06220,7,472,0.82203,True,0.00000,100
alraha,2020-07-13,166,1,2.44520,-0.03407,7,472,0.35169,True,0.00602,100
alraha,2020-07-14,0,0,,,7,472,0.00000,False,,100
alraha,2020-07-15,450,3,2.42861,0.09721,7,472,0.95339,True,0.00667,100
alraha,2020-07-16,452,5,2.43289,0.26154,7,472,0.95763,True,0.01106,100
alraha,2020-07-17,314,6,2.60708,0.17063,7,472,0.66525,True,0.01911,100
alraha,2020-07-18,0,0,,,7,472,0.00000,False,,100
alraha,2020-07-19,428,3,2.60743,0.14522,7,472,0.90678,True,0.00701,100
alraha,2020-07-20,128,6,2.71295,0.09538,7,472,0.27119,True,0.04688,100
alraha,2020-07-21,435,7,3.33241,0.27074,7,472,0.92161,True,0.01609,100
alraha,2020-07-22,0,0,,,7,472,0.00000,False,,100
alraha,2020-07-23,450,21,3.03571,0.35080,7,472,0.95339,True,0.04667,100
alraha,2020-07-24,64,14,2.82904,0.79108,7,472,0.13559,True,0.21875,100
alraha,2020-07-25,459,80,3.10423,0.46615,7,472,0.97246,True,0.17429,100
alraha,2020-07-26,0,0,,,7,472,0.00000,False,,100
alraha,2020-07-27,411,23,2.60547,0.36351,7,472,0.87076,True,0.05596,100
alraha,2020-07-28,97,1,2.21816,0.25048,7,472,0.20551,True,0.01031,100
alraha,2020-07-29,433,20,2.67047,0.42576,7,472,0.91737,True,0.04619,100
alraha,2020-07-30,0,0,,,7,472,0.00000,False,,100
alraha,2020-07-31,435,0,1.82272,0.15204,7,472,0.92161,True,0.00000,100
alraha,2020-08-01,447,4,2.35915,0.28454,8,468,0.95513,True,0.00895,100
alraha,2020-08-02,338,12,2.61117,0.48204,8,468,0.72222,True,0.03550,100
alraha,2020-08-03,2,0,0.58796,0.92126,8,468,0.00427,False,,100
alraha,2020-08-04,331,0,1.34721,0.20231,8,468,0.70726,True,0.00000,100
alraha,2020-08-05,449,1,2.08056,0.20961,8,468,0.95940,True,0.00223,100
alraha,2020-08-06,271,1,2.22057,0.24737,8,468,0.57906,True,0.00369,100
alraha,2020-08-07,240,1,2.57363,0.29565,8,468,0.51282,True,0.00417,100
alraha,2020-08-08,0,0,,,8,468,0.00000,False,,100
alraha,2020-08-09,69,0,1.50606,-0.01732,8,468,0.14744,True,0.00000,100
alraha,2020-08-10,0,0,,,8,468,0.00000,False,,100
alraha,2020-08-11,156,0,1.78204,-0.07776,8,468,0.33333,True,0.00000,100
alraha,2020-08-12,17,0,0.96052,0.78764,8,468,0.03632,False,,100
alraha,2020-08-13,205,0,1.61161,0.17688,8,468,0.43803,True,0.00000,100
alraha,2020-08-14,0,0,,,8,468,0.00000,False,,100
alraha,2020-08-15,445,0,1.57437,0.07172,8,468,0.95085,True,0.00000,100
alraha,2020-08-16,258,0,1.64286,0.08754,8,468,0.55128,True,0.00000,100
alraha,2020-08-17,400,2,2.02885,0.24185,8,468,0.85470,True,0.00500,100
alraha,2020-08-18,0,0,,,8,468,0.00000,False,,100
alraha,2020-08-19,421,1,2.16766,0.12057,8,468,0.89957,True,0.00238,100
alraha,2020-08-20,207,0,1.90494,0.30282,8,468,0.44231,True,0.00000,100
alraha,2020-08-21,179,0,1.84010,0.08879,8,468,0.38248,True,0.00000,100
alraha,2020-08-22,0,0,,,8,468,0.00000,False,,100
alraha,2020-08-23,17,0,0.54854,0.67144,8,468,0.03632,False,,100
alraha,2020-08-24,387,0,1.97520,0.36073,8,468,0.82692,True,0.00000,100
alraha,2020-08-25,405,6,2.69355,0.21188,8,468,0.86538,True,0.01481,100
alraha,2020-08-26,0,0,,,8,468,0.00000,False,,100
alraha,2020-08-27,463,7,3.23833,0.33914,8,468,0.98932,True,0.01512,100
alraha,2020-08-28,278,40,3.35982,0.51545,8,468,0.59402,True,0.14388,100
alraha,2020-08-29,88,10,3.57919,0.82376,8,468,0.18803,True,0.11364,100
alraha,2020-08-30,104,0,1.23891,0.41696,8,468,0.22222,True,0.00000,100
alraha,2020-08-31,0,0,,,8,468,0.00000,False,,100
alraha,2020-09-01,430,228,4.28262,0.55829,9,470,0.91489,True,0.53023,100
alraha,2020-09-02,0,0,,,9,470,0.00000,False,,100
alraha,2020-09-03,306,1,2.18983,0.28139,9,470,0.65106,True,0.00327,100
alraha,2020-09-04,460,1,2.41588,0.29564,9,470,0.97872,True,0.00217,100
alraha,2020-09-05,450,6,2.31401,0.36614,9,470,0.95745,True,0.01333,100
alraha,2020-09-06,13,0,1.02511,0.62311,9,470,0.02766,False,,100
alraha,2020-09-07,407,3,2.74860,0.24007,9,470,0.86596,True,0.00737,100
alraha,2020-09-08,452,1,2.99768,0.09303,9,470,0.96170,True,0.00221,100
alraha,2020-09-09,402,1,2.42556,0.17849,9,470,0.85532,True,0.00249,100
alraha,2020-09-10,0,0,,,9,470,0.00000,False,,100
alraha,2020-09-11,0,0,,,9,470,0.00000,False,,100
alraha,2020-09-12,429,4,3.01606,0.08019,9,470,0.91277,True,0.00932,100
alraha,2020-09-13,448,19,3.42996,0.20629,9,470,0.95319,True,0.04241,100
alraha,2020-09-14,0,0,,,9,470,0.00000,False,,100
alraha,2020-09-15,455,13,2.93904,0.24756,9,470,0.96809,True,0.02857,100
alraha,2020-09-16,437,33,3.39930,0.34112,9,470,0.92979,True,0.07551,100
alraha,2020-09-17,0,0,,,9,470,0.00000,False,,100
alraha,2020-09-18,0,0,,,9,470,0.00000,False,,100
alraha,2020-09-19,456,2,2.50536,0.13914,9,470,0.97021,True,0.00439,100
alraha,2020-09-20,431,0,1.67690,0.22637,9,470,0.91702,True,0.00000,100
alraha,2020-09-21,446,1,2.37882,0.20161,9,470,0.94894,True,0.00224,100
alraha,2020-09-22,4,2,2.98454,0.92998,9,470,0.00851,False,,100
alraha,2020-09-23,456,0,1.11629,0.12556,9,470,0.97021,True,0.00000,100
alraha,2020-09-24,0,0,,,9,470,0.00000,False,,100
alraha,2020-09-25,441,12,2.75896,0.32688,9,470,0.93830,True,0.02721,100
alraha,2020-09-26,340,1,2.05852,0.09579,9,470,0.72340,True,0.00294,100
alraha,2020-09-27,0,0,,,9,470,0.00000,False,,100
alraha,2020-09-28,427,0,1.79815,0.23135,9,470,0.90851,True,0.00000,100
alraha,2020-09-29,252,5,3.50959,0.28818,9,470,0.53617,True,0.01984,100
alraha,2020-09-30,451,0,1.59225,0.19451,9,470,0.95957,True,0.00000,100
alraha,2020-10-01,439,7,2.50628,0.21632,10,478,0.91841,True,0.01595,100
alraha,2020-10-02,448,32,2.62400,0.39425,10,478,0.93724,True,0.07143,100
alraha,2020-10-03,12,0,1.85666,0.60232,10,478,0.02510,False,,100
alraha,2020-10-04,450,0,1.71930,0.12323,10,478,0.94142,True,0.00000,100
alraha,2020-10-05,448,5,3.45300,0.05044,10,478,0.93724,True,0.01116,100
alraha,2020-10-06,462,2,2.18256,0.19563,10,478,0.96653,True,0.00433,100
alraha,2020-10-07,0,0,,,10,478,0.00000,False,,100
alraha,2020-10-08,460,1,2.53359,0.10426,10,478,0.96234,True,0.00217,100
alraha,2020-10-09,460,1,2.04918,0.07564,10,478,0.96234,True,0.00217,100
alraha,2020-10-10,466,5,2.46718,0.28916,10,478,0.97490,True,0.01073,100
alraha,2020-10-11,5,0,-0.69481,0.81102,10,478,0.01046,False,,100
alraha,2020-10-12,467,2,2.52266,0.17980,10,478,0.97699,True,0.00428,100
alraha,2020-10-13,463,20,2.58846,0.33091,10,478,0.96862,True,0.04320,100
alraha,2020-10-14,465,39,3.06607,0.40307,10,478,0.97280,True,0.08387,100
alraha,2020-10-15,14,7,4.53207,0.92913,10,478,0.02929,False,,100
alraha,2020-10-16,461,11,2.63347,0.32659,10,478,0.96444,True,0.02386,100
alraha,2020-10-17,0,0,,,10,478,0.00000,False,,100
alraha,2020-10-18,453,68,3.52198,0.40818,10,478,0.94770,True,0.15011,100
alraha,2020-10-19,26,9,4.30664,0.93473,10,478,0.05439,False,,100
alraha,2020-10-20,463,2,2.31113,0.25876,10,478,0.96862,True,0.00432,100
alraha,2020-10-21,455,7,2.86069,0.32018,10,478,0.95188,True,0.01538,100
alraha,2020-10-22,0,0,,,10,478,0.00000,False,,100
alraha,2020-10-23,465,0,1.49221,0.11953,10,478,0.97280,True,0.00000,100
alraha,2020-10-24,458,0,1.80439,0.12534,10,478,0.95816,True,0.00000,100
alraha,2020-10-25,462,6,2.41320,0.26075,10,478,0.96653,True,0.01299,100
alraha,2020-10-26,322,8,2.52099,0.34745,10,478,0.67364,True,0.02484,100
alraha,2020-10-27,465,2,2.86719,0.17189,10,478,0.97280,True,0.00430,100
alraha,2020-10-28,466,0,1.68152,0.15604,10,478,0.97490,True,0.00000,100
alraha,2020-10-29,462,0,1.87798,0.24183,10,478,0.96653,True,0.00000,100
alraha,2020-10-30,14,0,0.85423,0.53798,10,478,0.02929,False,,100
alraha,2020-10-31,460,0,1.32686,0.11120,10,478,0.96234,True,0.00000,100
alraha,2020-11-01,462,1,3.41049,0.17305,11,491,0.94094,True,0.00216,100
alraha,2020-11-02,466,2,2.15615,0.21048,11,491,0.94908,True,0.00429,100
alraha,2020-11-03,0,0,,,11,491,0.00000,False,,100
alraha,2020-11-04,464,0,1.83066,0.08303,11,491,0.94501,True,0.00000,100
alraha,2020-11-05,468,0,1.65716,0.05027,11,491,0.95316,True,0.00000,100
alraha,2020-11-06,463,1,2.38501,0.12112,11,491,0.94297,True,0.00216,100
alraha,2020-11-07,154,3,3.11356,0.19284,11,491,0.31365,True,0.01948,100
alraha,2020-11-08,350,0,1.69214,0.05687,11,491,0.71283,True,0.00000,100
alraha,2020-11-09,466,4,2.69857,0.15682,11,491,0.94908,True,0.00858,100
alraha,2020-11-10,475,2,2.26259,0.12766,11,491,0.96741,True,0.00421,100
alraha,2020-11-11,476,0,1.91412,0.09160,11,491,0.96945,True,0.00000,100
alraha,2020-11-12,475,1,2.09755,0.09796,11,491,0.96741,True,0.00211,100
alraha,2020-11-13,466,9,3.21409,0.20784,11,491,0.94908,True,0.01931,100
alraha,2020-11-14,374,18,4.23592,0.23128,11,491,0.76171,True,0.04813,100
alraha,2020-11-15,471,1,2.21182,0.15511,11,491,0.95927,True,0.00212,100
alraha,2020-11-16,471,1,2.17602,0.16918,11,491,0.95927,True,0.00212,100
alraha,2020-11-17,342,15,3.29661,0.36013,11,491,0.69654,True,0.04386,100
alraha,2020-11-18,430,19,2.94893,0.17990,11,491,0.87576,True,0.04419,100
alraha,2020-11-19,457,6,2.34547,0.18564,11,491,0.93075,True,0.01313,100
alraha,2020-11-20,465,1,2.21554,0.13177,11,491,0.94705,True,0.00215,100
alraha,2020-11-21,0,0,,,11,491,0.00000,False,,100
alraha,2020-11-22,332,6,3.03818,0.18703,11,491,0.67617,True,0.01807,100
alraha,2020-11-23,457,0,1.93841,0.16516,11,491,0.93075,True,0.00000,100
alraha,2020-11-24,293,13,2.61670,0.27168,11,491,0.59674,True,0.04437,100
alraha,2020-11-25,475,13,2.60080,0.27455,11,491,0.96741,True,0.02737,100
alraha,2020-11-26,14,0,0.77682,0.53986,11,491,0.02851,False,,100
alraha,2020-11-27,342,1,2.06750,0.31853,11,491,0.69654,True,0.00292,100
alraha,2020-11-28,428,2,2.36897,0.28616,11,491,0.87169,True,0.00467,100
alraha,2020-11-29,0,0,,,11,491,0.00000,False,,100
alraha,2020-11-30,0,0,,,11,491,0.00000,False,,100
alraha,2020-12-01,474,2,2.27458,0.09951,12,493,0.96146,True,0.00422,100
alraha,2020-12-02,453,3,2.26383,0.06593,12,493,0.91886,True,0.00662,100
alraha,2020-12-03,470,2,2.47085,0.06222,12,493,0.95335,True,0.00426,100
alraha,2020-12-04,174,0,1.01092,0.00595,12,493,0.35294,True,0.00000,100
alraha,2020-12-05,471,3,2.27277,0.07874,12,493,0.95538,True,0.00637,100
alraha,2020-12-06,451,5,2.96870,0.06330,12,493,0.91481,True,0.01109,100
alraha,2020-12-07,469,16,2.46621,0.14357,12,493,0.95132,True,0.03412,100
alraha,2020-12-08,0,0,,,12,493,0.00000,False,,100
alraha,2020-12-09,358,5,3.29433,0.14312,12,493,0.72617,True,0.01397,100
alraha,2020-12-10,468,19,3.00589,0.21211,12,493,0.94929,True,0.04060,100
alraha,2020-12-11,452,61,3.16182,0.22664,12,493,0.91684,True,0.13496,100
alraha,2020-12-12,378,0,1.95200,-0.01479,12,493,0.76673,True,0.00000,100
alraha,2020-12-13,346,0,1.74471,-0.02248,12,493,0.70183,True,0.00000,100
alraha,2020-12-14,0,0,,,12,493,0.00000,False,,100
alraha,2020-12-15,418,4,3.30894,0.09468,12,493,0.84787,True,0.00957,100
alraha,2020-12-16,475,1,2.05876,0.09431,12,493,0.96349,True,0.00211,100
alraha,2020-12-17,460,1,2.36156,0.07796,12,493,0.93306,True,0.00217,100
alraha,2020-12-18,469,0,1.98454,0.10766,12,493,0.95132,True,0.00000,100
alraha,2020-12-19,220,5,3.19407,0.16680,12,493,0.44625,True,0.02273,100
alraha,2020-12-20,421,1,3.17369,0.02998,12,493,0.85396,True,0.00238,100
alraha,2020-12-21,471,1,2.44496,0.08655,12,493,0.95538,True,0.00212,100
alraha,2020-12-22,0,0,,,12,493,0.00000,False,,100
alraha,2020-12-23,14,0,0.04070,0.33583,12,493,0.02840,False,,100
alraha,2020-12-24,450,1,2.14743,-0.05981,12,493,0.91278,True,0.00222,100
alraha,2020-12-25,339,4,2.43860,-0.07805,12,493,0.68763,True,0.01180,100
alraha,2020-12-26,179,26,3.39514,0.47010,12,493,0.36308,True,0.14525,100
alraha,2020-12-27,0,0,,,12,493,0.00000,False,,100
alraha,2020-12-28,0,0,,,12,493,0.00000,False,,100
alraha,2020-12-29,479,0,1.89495,0.10663,12,493,0.97160,True,0.00000,100
alraha,2020-12-30,423,21,4.53847,0.15176,12,493,0.85801,True,0.04965,100
alraha,2020-12-31,0,0,,,12,493,0.00000,False,,100
alraha,2021-01-01,0,0,,,1,478,0.00000,False,,100
alraha,2021-01-02,0,0,,,1,478,0.00000,False,,100
alraha,2021-01-03,0,0,,,1,478,0.00000,False,,100
alraha,2021-01-04,0,0,,,1,478,0.00000,False,,100
alraha,2021-01-05,0,0,,,1,478,0.00000,False,,100
alraha,2021-01-06,0,0,,,1,478,0.00000,False,,100
alraha,2021-01-07,0,0,,,1,478,0.00000,False,,100
alraha,2021-01-08,0,0,,,1,478,0.00000,False,,100
alraha,2021-01-09,0,0,,,1,478,0.00000,False,,100
alraha,2021-01-10,0,0,,,1,478,0.00000,False,,100
alraha,2021-01-11,0,0,,,1,478,0.00000,False,,100
alraha,2021-01-12,0,0,,,1,478,0.00000,False,,100
alraha,2021-01-13,0,0,,,1,478,0.00000,False,,100
alraha,2021-01-14,0,0,,,1,478,0.00000,False,,100
alraha,2021-01-15,0,0,,,1,478,0.00000,False,,100
alraha,2021-01-16,0,0,,,1,478,0.00000,False,,100
alraha,2021-01-17,0,0,,,1,478,0.00000,False,,100
alraha,2021-01-18,0,0,,,1,478,0.00000,False,,100
alraha,2021-01-19,0,0,,,1,478,0.00000,False,,100
alraha,2021-01-20,0,0,,,1,478,0.00000,False,,100
alraha,2021-01-21,0,0,,,1,478,0.00000,False,,100
alraha,2021-01-22,0,0,,,1,478,0.00000,False,,100
alraha,2021-01-23,0,0,,,1,478,0.00000,False,,100
alraha,2021-01-24,0,0,,,1,478,0.00000,False,,100
alraha,2021-01-25,0,0,,,1,478,0.00000,False,,100
alraha,2021-01-26,0,0,,,1,478,0.00000,False,,100
alraha,2021-01-27,0,0,,,1,478,0.00000,False,,100
alraha,2021-01-28,0,0,,,1,478,0.00000,False,,100
alraha,2021-01-29,0,0,,,1,478,0.00000,False,,100
alraha,2021-01-30,0,0,,,1,478,0.00000,False,,100
alraha,2021-01-31,0,0,,,1,478,0.00000,False,,100
alraha,2021-02-01,0,0,,,2,471,0.00000,False,,100
alraha,2021-02-02,0,0,,,2,471,0.00000,False,,100
alraha,2021-02-03,0,0,,,2,471,0.00000,False,,100
alraha,2021-02-04,0,0,,,2,471,0.00000,False,,100
alraha,2021-02-05,0,0,,,2,471,0.00000,False,,100
alraha,2021-02-06,0,0,,,2,471,0.00000,False,,100
alraha,2021-02-07,0,0,,,2,471,0.00000,False,,100
alraha,2021-02-08,0,0,,,2,471,0.00000,False,,100
alraha,2021-02-09,0,0,,,2,471,0.00000,False,,100
alraha,2021-02-10,0,0,,,2,471,0.00000,False,,100
alraha,2021-02-11,0,0,,,2,471,0.00000,False,,100
alraha,2021-02-12,0,0,,,2,471,0.00000,False,,100
alraha,2021-02-13,0,0,,,2,471,0.00000,False,,100
alraha,2021-02-14,0,0,,,2,471,0.00000,False,,100
alraha,2021-02-15,0,0,,,2,471,0.00000,False,,100
alraha,2021-02-16,0,0,,,2,471,0.00000,False,,100
alraha,2021-02-17,0,0,,,2,471,0.00000,False,,100
alraha,2021-02-18,0,0,,,2,471,0.00000,False,,100
alraha,2021-02-19,0,0,,,2,471,0.00000,False,,100
alraha,2021-02-20,0,0,,,2,471,0.00000,False,,100
alraha,2021-02-21,0,0,,,2,471,0.00000,False,,100
alraha,2021-02-22,0,0,,,2,471,0.00000,False,,100
alraha,2021-02-23,0,0,,,2,471,0.00000,False,,100
alraha,2021-02-24,0,0,,,2,471,0.00000,False,,100
alraha,2021-02-25,0,0,,,2,471,0.00000,False,,100
alraha,2021-02-26,0,0,,,2,471,0.00000,False,,100
alraha,2021-02-27,0,0,,,2,471,0.00000,False,,100
alraha,2021-02-28,0,0,,,2,471,0.00000,False,,100
alraha,2021-03-01,0,0,,,3,475,0.00000,False,,100
alraha,2021-03-02,0,0,,,3,475,0.00000,False,,100
alraha,2021-03-03,0,0,,,3,475,0.00000,False,,100
alraha,2021-03-04,460,1,2.31526,-0.18760,3,475,0.96842,True,0.00217,100
alraha,2021-03-05,0,0,,,3,475,0.00000,False,,100
alraha,2021-03-06,436,0,1.80652,-0.10870,3,475,0.91789,True,0.00000,100
alraha,2021-03-07,396,2,2.05950,0.05410,3,475,0.83368,True,0.00505,100
alraha,2021-03-08,461,0,1.48820,-0.09633,3,475,0.97053,True,0.00000,100
alraha,2021-03-09,454,0,1.64988,-0.13910,3,475,0.95579,True,0.00000,100
alraha,2021-03-10,2,0,1.16741,0.93369,3,475,0.00421,False,,100
alraha,2021-03-11,0,0,,,3,475,0.00000,False,,100
alraha,2021-03-12,386,6,2.58113,-0.15474,3,475,0.81263,True,0.01554,100
alraha,2021-03-13,17,0,-0.46300,0.72441,3,475,0.03579,False,,100
alraha,2021-03-14,0,0,,,3,475,0.00000,False,,100
alraha,2021-03-15,448,0,0.89403,-0.16893,3,475,0.94316,True,0.00000,100
alraha,2021-03-16,2,0,-0.27800,0.78001,3,475,0.00421,False,,100
alraha,2021-03-17,44,0,1.26335,-0.33385,3,475,0.09263,False,,100
alraha,2021-03-18,0,0,,,3,475,0.00000,False,,100
alraha,2021-03-19,232,17,3.71117,-0.31578,3,475,0.48842,True,0.07328,100
alraha,2021-03-20,94,0,1.33682,-0.35998,3,475,0.19789,True,0.00000,100
alraha,2021-03-21,463,0,1.54617,-0.14608,3,475,0.97474,True,0.00000,100
alraha,2021-03-22,0,0,,,3,475,0.00000,False,,100
alraha,2021-03-23,468,3,2.35939,-0.17959,3,475,0.98526,True,0.00641,100
alraha,2021-03-24,463,2,2.58664,-0.23850,3,475,0.97474,True,0.00432,100
alraha,2021-03-25,432,10,2.66046,-0.21173,3,475,0.90947,True,0.02315,100
alraha,2021-03-26,0,0,,,3,475,0.00000,False,,100
alraha,2021-03-27,467,0,1.90864,-0.26594,3,475,0.98316,True,0.00000,100
alraha,2021-03-28,462,1,2.24378,-0.28706,3,475,0.97263,True,0.00216,100
alraha,2021-03-29,449,26,2.61235,0.07586,3,475,0.94526,True,0.05791,100
alraha,2021-03-30,1,1,2.39499,1.05197,3,475,0.00211,False,,100
alraha,2021-03-31,452,2,3.16868,-0.01885,3,475,0.95158,True,0.00442,100
alraha,2021-04-01,449,0,1.29637,-0.15083,4,476,0.94328,True,0.00000,100
alraha,2021-04-02,440,0,1.91595,-0.11974,4,476,0.92437,True,0.00000,100
alraha,2021-04-03,35,2,2.61279,0.84409,4,476,0.07353,False,,100
alraha,2021-04-04,466,4,2.11341,-0.06363,4,476,0.97899,True,0.00858,100
alraha,2021-04-05,459,31,2.67304,0.08123,4,476,0.96429,True,0.06754,100
alraha,2021-04-06,337,3,2.16636,0.05982,4,476,0.70798,True,0.00890,100
alraha,2021-04-07,403,0,1.69636,-0.03417,4,476,0.84664,True,0.00000,100
alraha,2021-04-08,457,0,1.63509,-0.07185,4,476,0.96008,True,0.00000,100
alraha,2021-04-09,459,0,1.91092,-0.10057,4,476,0.96429,True,0.00000,100
alraha,2021-04-10,0,0,,,4,476,0.00000,False,,100
alraha,2021-04-11,0,0,,,4,476,0.00000,False,,100
alraha,2021-04-12,423,23,3.02616,0.08639,4,476,0.88866,True,0.05437,100
alraha,2021-04-13,445,57,3.01237,0.13813,4,476,0.93487,True,0.12809,100
alraha,2021-04-14,0,0,,,4,476,0.00000,False,,100
alraha,2021-04-15,274,3,2.80367,0.00704,4,476,0.57563,True,0.01095,100
alraha,2021-04-16,231,10,3.31596,0.17516,4,476,0.48529,True,0.04329,100
alraha,2021-04-17,443,6,2.24003,0.00447,4,476,0.93067,True,0.01354,100
alraha,2021-04-18,0,0,,,4,476,0.00000,False,,100
alraha,2021-04-19,453,0,1.57630,-0.02948,4,476,0.95168,True,0.00000,100
alraha,2021-04-20,307,4,3.28688,0.01007,4,476,0.64496,True,0.01303,100
alraha,2021-04-21,0,0,,,4,476,0.00000,False,,100
alraha,2021-04-22,0,0,,,4,476,0.00000,False,,100
alraha,2021-04-23,456,6,2.72203,-0.01992,4,476,0.95798,True,0.01316,100
alraha,2021-04-24,259,1,2.24072,-0.10252,4,476,0.54412,True,0.00386,100
alraha,2021-04-25,453,8,2.65452,0.00275,4,476,0.95168,True,0.01766,100
alraha,2021-04-26,0,0,,,4,476,0.00000,False,,100
alraha,2021-04-27,0,0,,,4,476,0.00000,False,,100
alraha,2021-04-28,147,2,2.62246,0.07288,4,476,0.30882,True,0.01361,100
alraha,2021-04-29,216,6,2.47528,0.10528,4,476,0.45378,True,0.02778,100
alraha,2021-04-30,2,2,2.90332,1.10028,4,476,0.00420,False,,100
alraha,2021-05-01,472,0,1.54556,-0.05205,5,478,0.98745,True,0.00000,100
alraha,2021-05-02,448,0,1.65737,-0.05337,5,478,0.93724,True,0.00000,100
alraha,2021-05-03,0,0,,,5,478,0.00000,False,,100
alraha,2021-05-04,265,67,3.36056,0.09277,5,478,0.55439,True,0.25283,100
alraha,2021-05-05,331,53,3.29048,0.03526,5,478,0.69247,True,0.16012,100
alraha,2021-05-06,425,1,2.35716,-0.02328,5,478,0.88912,True,0.00235,100
alraha,2021-05-07,0,0,,,5,478,0.00000,False,,100
alraha,2021-05-08,458,0,1.45609,-0.09592,5,478,0.95816,True,0.00000,100
alraha,2021-05-09,463,18,2.64581,0.07853,5,478,0.96862,True,0.03888,100
alraha,2021-05-10,453,0,1.15926,-0.12746,5,478,0.94770,True,0.00000,100
alraha,2021-05-11,0,0,,,5,478,0.00000,False,,100
alraha,2021-05-12,446,0,1.71289,-0.11648,5,478,0.93305,True,0.00000,100
alraha,2021-05-13,453,0,1.90366,-0.12182,5,478,0.94770,True,0.00000,100
alraha,2021-05-14,465,3,2.63466,-0.06003,5,478,0.97280,True,0.00645,100
alraha,2021-05-15,0,0,,,5,478,0.00000,False,,100
alraha,2021-05-16,431,39,3.60850,0.02276,5,478,0.90167,True,0.09049,100
alraha,2021-05-17,147,2,2.17182,0.07860,5,478,0.30753,True,0.01361,100
alraha,2021-05-18,477,0,1.79584,-0.08985,5,478,0.99791,True,0.00000,100
alraha,2021-05-19,0,0,,,5,478,0.00000,False,,100
alraha,2021-05-20,471,0,1.73987,-0.07728,5,478,0.98536,True,0.00000,100
alraha,2021-05-21,292,3,3.12688,-0.09433,5,478,0.61088,True,0.01027,100
alraha,2021-05-22,470,8,2.83211,-0.04635,5,478,0.98326,True,0.01702,100
alraha,2021-05-23,0,0,,,5,478,0.00000,False,,100
alraha,2021-05-24,456,26,2.74461,0.04627,5,478,0.95397,True,0.05702,100
alraha,2021-05-25,422,7,3.90060,-0.03547,5,478,0.88285,True,0.01659,100
alraha,2021-05-26,33,6,3.32769,0.84139,5,478,0.06904,False,,100
alraha,2021-05-27,0,0,,,5,478,0.00000,False,,100
alraha,2021-05-28,464,37,3.24801,0.08132,5,478,0.97071,True,0.07974,100
alraha,2021-05-29,444,51,3.70173,0.11925,5,478,0.92887,True,0.11486,100
alraha,2021-05-30,0,0,,,5,478,0.00000,False,,100
alraha,2021-05-31,107,7,3.79256,0.18193,5,478,0.22385,True,0.06542,100
alraha,2021-06-01,475,0,1.84596,0.08732,6,478,0.99372,True,0.00000,100
alraha,2021-06-02,464,0,1.53240,0.02040,6,478,0.97071,True,0.00000,100
alraha,2021-06-03,12,0,0.76801,0.38944,6,478,0.02510,False,,100
alraha,2021-06-04,421,1,2.62112,-0.02086,6,478,0.88075,True,0.00238,100
alraha,2021-06-05,451,0,1.91437,-0.02377,6,478,0.94351,True,0.00000,100
alraha,2021-06-06,464,0,1.69013,-0.03252,6,478,0.97071,True,0.00000,100
alraha,2021-06-07,0,0,,,6,478,0.00000,False,,100
alraha,2021-06-08,456,2,2.28457,0.00436,6,478,0.95397,True,0.00439,100
alraha,2021-06-09,0,0,,,6,478,0.00000,False,,100
alraha,2021-06-10,458,2,2.93652,-0.00047,6,478,0.95816,True,0.00437,100
alraha,2021-06-11,0,0,,,6,478,0.00000,False,,100
alraha,2021-06-12,452,6,3.08638,0.10370,6,478,0.94561,True,0.01327,100
alraha,2021-06-13,133,2,2.35571,0.22572,6,478,0.27824,True,0.01504,100
alraha,2021-06-14,459,17,3.00247,0.14221,6,478,0.96025,True,0.03704,100
alraha,2021-06-15,0,0,,,6,478,0.00000,False,,100
alraha,2021-06-16,462,2,2.53052,0.05613,6,478,0.96653,True,0.00433,100
alraha,2021-06-17,282,13,2.67426,0.09733,6,478,0.58996,True,0.04610,100
alraha,2021-06-18,227,20,3.16041,0.18919,6,478,0.47490,True,0.08811,100
alraha,2021-06-19,0,0,,,6,478,0.00000,False,,100
alraha,2021-06-20,327,50,3.98124,0.25490,6,478,0.68410,True,0.15291,100
alraha,2021-06-21,378,11,2.61958,0.08387,6,478,0.79079,True,0.02910,100
alraha,2021-06-22,231,44,3.17667,0.21713,6,478,0.48326,True,0.19048,100
alraha,2021-06-23,2,0,0.88555,1.05766,6,478,0.00418,False,,100
alraha,2021-06-24,458,42,3.22471,0.21841,6,478,0.95816,True,0.09170,100
alraha,2021-06-25,0,0,,,6,478,0.00000,False,,100
alraha,2021-06-26,307,68,3.41033,0.27441,6,478,0.64226,True,0.22150,100
alraha,2021-06-27,49,9,3.04960,0.14972,6,478,0.10251,True,0.18367,100
alraha,2021-06-28,0,0,,,6,478,0.00000,False,,100
alraha,2021-06-29,0,0,,,6,478,0.00000,False,,100
alraha,2021-06-30,0,0,,,6,478,0.00000,False,,100
alraha,2021-07-01,0,0,,,7,472,0.00000,False,,100
alraha,2021-07-02,0,0,,,7,472,0.00000,False,,100
alraha,2021-07-03,399,0,1.81103,-0.03520,7,472,0.84534,True,0.00000,100
alraha,2021-07-04,0,0,,,7,472,0.00000,False,,100
alraha,2021-07-05,452,1,2.07464,0.01901,7,472,0.95763,True,0.00221,100
alraha,2021-07-06,31,1,4.12784,0.76575,7,472,0.06568,False,,100
alraha,2021-07-07,34,0,0.03082,-0.50763,7,472,0.07203,False,,100
alraha,2021-07-08,0,0,,,7,472,0.00000,False,,100
alraha,2021-07-09,372,1,2.11411,0.23643,7,472,0.78814,True,0.00269,100
alraha,2021-07-10,102,0,1.92244,0.31049,7,472,0.21610,True,0.00000,100
alraha,2021-07-11,296,7,2.77678,-0.23604,7,472,0.62712,True,0.02365,100
alraha,2021-07-12,0,0,,,7,472,0.00000,False,,100
alraha,2021-07-13,139,0,0.15746,-0.57585,7,472,0.29449,True,0.00000,100
alraha,2021-07-14,201,10,3.41089,0.17341,7,472,0.42585,True,0.04975,100
alraha,2021-07-15,6,0,-0.41413,0.70439,7,472,0.01271,False,,100
alraha,2021-07-16,0,0,,,7,472,0.00000,False,,100
alraha,2021-07-17,201,0,1.31404,0.17878,7,472,0.42585,True,0.00000,100
alraha,2021-07-18,378,7,2.78612,0.36005,7,472,0.80085,True,0.01852,100
alraha,2021-07-19,425,66,4.21997,0.52565,7,472,0.90042,True,0.15529,100
alraha,2021-07-20,3,1,2.97491,1.00262,7,472,0.00636,False,,100
alraha,2021-07-21,82,0,1.19575,0.01345,7,472,0.17373,True,0.00000,100
alraha,2021-07-22,408,7,2.63980,0.34892,7,472,0.86441,True,0.01716,100
alraha,2021-07-23,226,11,3.46498,0.48259,7,472,0.47881,True,0.04867,100
alraha,2021-07-24,87,7,2.58988,0.37440,7,472,0.18432,True,0.08046,100
alraha,2021-07-25,216,23,2.83544,0.55322,7,472,0.45763,True,0.10648,100
alraha,2021-07-26,428,34,2.80053,0.39252,7,472,0.90678,True,0.07944,100
alraha,2021-07-27,13,0,-0.12627,0.50086,7,472,0.02754,False,,100
alraha,2021-07-28,415,7,2.48308,0.21293,7,472,0.87924,True,0.01687,100
alraha,2021-07-29,48,5,3.26690,0.84068,7,472,0.10169,True,0.10417,100
alraha,2021-07-30,37,1,3.20481,0.64961,7,472,0.07839,False,,100
alraha,2021-07-31,0,0,,,7,472,0.00000,False,,100
alraha,2021-08-01,457,0,1.99995,0.12652,8,468,0.97650,True,0.00000,100
alraha,2021-08-02,206,8,4.39017,0.08225,8,468,0.44017,True,0.03883,100
alraha,2021-08-03,406,8,4.50861,-0.09390,8,468,0.86752,True,0.01970,100
alraha,2021-08-04,0,0,,,8,468,0.00000,False,,100
alraha,2021-08-05,442,6,2.87318,-0.00019,8,468,0.94444,True,0.01357,100
alraha,2021-08-06,192,1,4.37350,0.18754,8,468,0.41026,True,0.00521,100
alraha,2021-08-07,456,4,2.60103,-0.00032,8,468,0.97436,True,0.00877,100
alraha,2021-08-08,0,0,,,8,468,0.00000,False,,100
alraha,2021-08-09,456,24,3.07103,0.42290,8,468,0.97436,True,0.05263,100
alraha,2021-08-10,337,1,2.44780,0.30941,8,468,0.72009,True,0.00297,100
alraha,2021-08-11,450,4,2.48420,0.41248,8,468,0.96154,True,0.00889,100
alraha,2021-08-12,0,0,,,8,468,0.00000,False,,100
alraha,2021-08-13,382,0,1.90099,0.29802,8,468,0.81624,True,0.00000,100
alraha,2021-08-14,433,0,1.96502,0.27792,8,468,0.92521,True,0.00000,100
alraha,2021-08-15,352,4,2.74694,0.28122,8,468,0.75214,True,0.01136,100
alraha,2021-08-16,8,0,1.35869,0.95021,8,468,0.01709,False,,100
alraha,2021-08-17,0,0,,,8,468,0.00000,False,,100
alraha,2021-08-18,339,12,2.71135,0.45630,8,468,0.72436,True,0.03540,100
alraha,2021-08-19,11,0,-0.79020,0.69882,8,468,0.02350,False,,100
alraha,2021-08-20,220,29,2.56532,0.59588,8,468,0.47009,True,0.13182,100
alraha,2021-08-21,451,37,2.77752,0.57671,8,468,0.96368,True,0.08204,100
alraha,2021-08-22,411,135,3.28865,0.61299,8,468,0.87821,True,0.32847,100
alraha,2021-08-23,0,0,,,8,468,0.00000,False,,100
alraha,2021-08-24,445,101,3.62565,0.59214,8,468,0.95085,True,0.22697,100
alraha,2021-08-25,0,0,,,8,468,0.00000,False,,100
alraha,2021-08-26,410,0,1.99524,0.31147,8,468,0.87607,True,0.00000,100
alraha,2021-08-27,0,0,,,8,468,0.00000,False,,100
alraha,2021-08-28,380,3,2.66353,-0.02783,8,468,0.81197,True,0.00789,100
alraha,2021-08-29,18,1,2.05399,0.82095,8,468,0.03846,False,,100
alraha,2021-08-30,437,30,3.14404,-0.05607,8,468,0.93376,True,0.06865,100
alraha,2021-08-31,0,0,,,8,468,0.00000,False,,100
alraha,2021-09-01,453,146,3.24742,0.51031,9,470,0.96383,True,0.32230,100
alraha,2021-09-02,141,36,3.86543,0.68029,9,470,0.30000,True,0.25532,100
alraha,2021-09-03,452,34,3.03273,0.42805,9,470,0.96170,True,0.07522,100
alraha,2021-09-04,0,0,,,9,470,0.00000,False,,100
alraha,2021-09-05,385,141,3.62472,0.57892,9,470,0.81915,True,0.36623,100
alraha,2021-09-06,438,1,2.00322,0.27839,9,470,0.93191,True,0.00228,100
alraha,2021-09-07,211,1,2.29529,0.16300,9,470,0.44894,True,0.00474,100
alraha,2021-09-08,0,0,,,9,470,0.00000,False,,100
alraha,2021-09-09,406,8,2.72731,0.13793,9,470,0.86383,True,0.01970,100
alraha,2021-09-10,438,4,2.56930,0.11303,9,470,0.93191,True,0.00913,100
alraha,2021-09-11,384,1,2.24420,0.11614,9,470,0.81702,True,0.00260,100
alraha,2021-09-12,101,1,2.19924,0.29581,9,470,0.21489,True,0.00990,100
alraha,2021-09-13,466,0,1.65976,0.16949,9,470,0.99149,True,0.00000,100
alraha,2021-09-14,458,0,1.55963,0.21189,9,470,0.97447,True,0.00000,100
alraha,2021-09-15,329,0,1.39389,0.12538,9,470,0.70000,True,0.00000,100
alraha,2021-09-16,396,0,1.97122,0.25423,9,470,0.84255,True,0.00000,100
alraha,2021-09-17,445,0,1.76630,0.21169,9,470,0.94681,True,0.00000,100
alraha,2021-09-18,455,5,2.90218,0.27235,9,470,0.96809,True,0.01099,100
alraha,2021-09-19,14,0,1.67616,0.71365,9,470,0.02979,False,,100
alraha,2021-09-20,442,9,2.41967,0.33162,9,470,0.94043,True,0.02036,100
alraha,2021-09-21,292,0,1.49609,0.34183,9,470,0.62128,True,0.00000,100
alraha,2021-09-22,454,3,2.36400,0.23513,9,470,0.96596,True,0.00661,100
alraha,2021-09-23,0,0,,,9,470,0.00000,False,,100
alraha,2021-09-24,454,3,2.38679,0.23416,9,470,0.96596,True,0.00661,100
alraha,2021-09-25,431,11,2.78234,0.31729,9,470,0.91702,True,0.02552,100
alraha,2021-09-26,466,1,2.22537,0.25336,9,470,0.99149,True,0.00215,100
alraha,2021-09-27,1,1,2.24653,0.79965,9,470,0.00213,False,,100
alraha,2021-09-28,438,47,3.72130,0.38438,9,470,0.93191,True,0.10731,100
alraha,2021-09-29,460,3,2.13671,0.28708,9,470,0.97872,True,0.00652,100
alraha,2021-09-30,429,53,4.39400,0.29662,9,470,0.91277,True,0.12354,100
alraha,2021-10-01,21,1,2.12368,0.81365,10,478,0.04393,False,,100
alraha,2021-10-02,82,15,3.50555,0.67620,10,478,0.17155,True,0.18293,100
alraha,2021-10-03,265,25,3.15292,0.26538,10,478,0.55439,True,0.09434,100
alraha,2021-10-04,395,104,4.81458,0.46226,10,478,0.82636,True,0.26329,100
alraha,2021-10-05,231,13,2.92506,0.42895,10,478,0.48326,True,0.05628,100
alraha,2021-10-06,441,8,2.43299,0.37443,10,478,0.92259,True,0.01814,100
alraha,2021-10-07,453,9,2.63815,0.30073,10,478,0.94770,True,0.01987,100
alraha,2021-10-08,448,4,2.28714,0.29186,10,478,0.93724,True,0.00893,100
alraha,2021-10-09,432,1,4.78598,0.13718,10,478,0.90377,True,0.00231,100
alraha,2021-10-10,432,0,1.94916,0.25241,10,478,0.90377,True,0.00000,100
alraha,2021-10-11,452,0,1.96882,0.21149,10,478,0.94561,True,0.00000,100
alraha,2021-10-12,332,12,2.98840,0.36906,10,478,0.69456,True,0.03614,100
alraha,2021-10-13,465,3,2.13413,0.30506,10,478,0.97280,True,0.00645,100
alraha,2021-10-14,472,0,1.73937,0.21742,10,478,0.98745,True,0.00000,100
alraha,2021-10-15,459,0,1.28852,0.16105,10,478,0.96025,True,0.00000,100
alraha,2021-10-16,14,1,2.03114,0.52803,10,478,0.02929,False,,100
alraha,2021-10-17,463,0,1.81846,0.20355,10,478,0.96862,True,0.00000,100
alraha,2021-10-18,469,1,2.30949,0.18603,10,478,0.98117,True,0.00213,100
alraha,2021-10-19,0,0,,,10,478,0.00000,False,,100
alraha,2021-10-20,0,0,,,10,478,0.00000,False,,100
alraha,2021-10-21,465,1,2.15319,0.19270,10,478,0.97280,True,0.00215,100
alraha,2021-10-22,467,0,1.97027,0.24260,10,478,0.97699,True,0.00000,100
alraha,2021-10-23,421,0,0.69893,-0.02388,10,478,0.88075,True,0.00000,100
alraha,2021-10-24,173,0,0.96089,0.08858,10,478,0.36192,True,0.00000,100
alraha,2021-10-25,151,6,2.92011,0.32670,10,478,0.31590,True,0.03974,100
alraha,2021-10-26,462,0,1.49841,0.10824,10,478,0.96653,True,0.00000,100
alraha,2021-10-27,469,0,1.76385,0.03993,10,478,0.98117,True,0.00000,100
alraha,2021-10-28,468,0,0.66704,0.05638,10,478,0.97908,True,0.00000,100
alraha,2021-10-29,472,0,1.76105,0.17750,10,478,0.98745,True,0.00000,100
alraha,2021-10-30,465,0,0.75276,0.10382,10,478,0.97280,True,0.00000,100
alraha,2021-10-31,0,0,,,10,478,0.00000,False,,100
alraha,2021-11-01,471,0,1.85034,0.02922,11,491,0.95927,True,0.00000,100
alraha,2021-11-02,464,0,1.21223,0.03624,11,491,0.94501,True,0.00000,100
alraha,2021-11-03,426,1,2.02823,-0.02806,11,491,0.86762,True,0.00235,100
alraha,2021-11-04,412,0,1.26856,-0.12402,11,491,0.83910,True,0.00000,100
alraha,2021-11-05,438,0,1.17202,-0.03440,11,491,0.89206,True,0.00000,100
alraha,2021-11-06,447,0,1.53974,-0.12356,11,491,0.91039,True,0.00000,100
alraha,2021-11-07,473,1,2.01282,0.07591,11,491,0.96334,True,0.00211,100
alraha,2021-11-08,315,1,2.24577,0.13493,11,491,0.64155,True,0.00317,100
alraha,2021-11-09,426,0,1.86653,0.12910,11,491,0.86762,True,0.00000,100
alraha,2021-11-10,438,1,2.13194,0.01997,11,491,0.89206,True,0.00228,100
alraha,2021-11-11,475,3,2.31378,0.15278,11,491,0.96741,True,0.00632,100
alraha,2021-11-12,0,0,,,11,491,0.00000,False,,100
alraha,2021-11-13,466,71,4.98252,0.34214,11,491,0.94908,True,0.15236,100
alraha,2021-11-14,483,4,2.90534,0.21405,11,491,0.98371,True,0.00828,100
alraha,2021-11-15,475,1,2.07893,0.15876,11,491,0.96741,True,0.00211,100
alraha,2021-11-16,0,0,,,11,491,0.00000,False,,100
alraha,2021-11-17,473,18,3.59590,0.23135,11,491,0.96334,True,0.03805,100
alraha,2021-11-18,469,7,2.95624,0.09668,11,491,0.95519,True,0.01493,100
alraha,2021-11-19,376,44,5.85418,0.05504,11,491,0.76578,True,0.11702,100
alraha,2021-11-20,175,0,1.92637,0.15097,11,491,0.35642,True,0.00000,100
alraha,2021-11-21,473,21,3.16837,0.27187,11,491,0.96334,True,0.04440,100
alraha,2021-11-22,468,20,3.65638,0.25565,11,491,0.95316,True,0.04274,100
alraha,2021-11-23,469,23,3.71576,0.28147,11,491,0.95519,True,0.04904,100
alraha,2021-11-24,481,0,1.94017,0.25460,11,491,0.97963,True,0.00000,100
alraha,2021-11-25,477,4,2.40722,0.25893,11,491,0.97149,True,0.00839,100
alraha,2021-11-26,465,3,2.09794,0.22785,11,491,0.94705,True,0.00645,100
alraha,2021-11-27,461,0,1.82889,0.10252,11,491,0.93890,True,0.00000,100
alraha,2021-11-28,418,1,2.43876,0.07213,11,491,0.85132,True,0.00239,100
alraha,2021-11-29,432,0,1.86950,0.11698,11,491,0.87984,True,0.00000,100
alraha,2021-11-30,463,0,0.94092,0.08071,11,491,0.94297,True,0.00000,100
alraha,2021-12-01,447,1,2.01753,0.09011,12,493,0.90669,True,0.00224,100
alraha,2021-12-02,477,7,3.30816,0.13367,12,493,0.96755,True,0.01468,100
alraha,2021-12-03,480,4,2.72672,0.05415,12,493,0.97363,True,0.00833,100
alraha,2021-12-04,409,7,2.60692,0.14131,12,493,0.82961,True,0.01711,100
alraha,2021-12-05,320,1,2.00677,0.04334,12,493,0.64909,True,0.00313,100
alraha,2021-12-06,446,0,1.51000,0.06206,12,493,0.90467,True,0.00000,100
alraha,2021-12-07,464,0,1.87642,0.06138,12,493,0.94118,True,0.00000,100
alraha,2021-12-08,268,7,2.96782,0.21525,12,493,0.54361,True,0.02612,100
alraha,2021-12-09,14,3,2.92389,0.48747,12,493,0.02840,False,,100
alraha,2021-12-10,440,7,3.32505,0.11343,12,493,0.89249,True,0.01591,100
alraha,2021-12-11,444,1,2.80344,-0.08566,12,493,0.90061,True,0.00225,100
alraha,2021-12-12,0,0,,,12,493,0.00000,False,,100
alraha,2021-12-13,0,0,,,12,493,0.00000,False,,100
alraha,2021-12-14,478,2,2.28596,0.00371,12,493,0.96957,True,0.00418,100
alraha,2021-12-15,477,0,1.24753,-0.01633,12,493,0.96755,True,0.00000,100
alraha,2021-12-16,136,5,2.59707,0.42835,12,493,0.27586,True,0.03676,100
alraha,2021-12-17,166,0,0.61477,-0.01381,12,493,0.33671,True,0.00000,100
alraha,2021-12-18,158,5,2.80139,-0.00229,12,493,0.32049,True,0.03165,100
alraha,2021-12-19,399,35,3.82654,0.11158,12,493,0.80933,True,0.08772,100
alraha,2021-12-20,473,34,3.44684,0.15527,12,493,0.95943,True,0.07188,100
alraha,2021-12-21,482,22,3.18167,0.14999,12,493,0.97769,True,0.04564,100
alraha,2021-12-22,480,44,3.39569,0.18842,12,493,0.97363,True,0.09167,100
alraha,2021-12-23,471,63,3.95150,0.25806,12,493,0.95538,True,0.13376,100
alraha,2021-12-24,464,22,3.89498,0.17593,12,493,0.94118,True,0.04741,100
alraha,2021-12-25,458,1,2.19448,0.08412,12,493,0.92901,True,0.00218,100
alraha,2021-12-26,337,10,3.23825,0.16782,12,493,0.68357,True,0.02967,100
alraha,2021-12-27,474,2,2.07922,0.12122,12,493,0.96146,True,0.00422,100
alraha,2021-12-28,368,122,3.99609,0.31246,12,493,0.74645,True,0.33152,100
alraha,2021-12-29,276,9,3.02303,0.06626,12,493,0.55984,True,0.03261,100
alraha,2021-12-30,117,1,2.63307,-0.05153,12,493,0.23732,True,0.00855,100
alraha,2021-12-31,91,1,2.89053,0.21495,12,493,0.18458,True,0.01099,100
barka,2019-01-01,563,26,2.45021,0.06108,1,573,0.98255,True,0.04618,100
barka,2019-01-02,0,0,,,1,573,0.00000,False,,100
barka,2019-01-03,0,0,,,1,573,0.00000,False,,100
barka,2019-01-04,14,4,3.58895,0.43774,1,573,0.02443,False,,100
barka,2019-01-05,543,35,2.64203,0.08167,1,573,0.94764,True,0.06446,100
barka,2019-01-06,0,0,,,1,573,0.00000,False,,100
barka,2019-01-07,0,0,,,1,573,0.00000,False,,100
barka,2019-01-08,63,6,3.35278,0.56188,1,573,0.10995,True,0.09524,100
barka,2019-01-09,571,136,3.52474,0.18375,1,573,0.99651,True,0.23818,100
barka,2019-01-10,0,0,,,1,573,0.00000,False,,100
barka,2019-01-11,0,0,,,1,573,0.00000,False,,100
barka,2019-01-12,520,8,2.98815,-0.12686,1,573,0.90750,True,0.01538,100
barka,2019-01-13,571,11,2.30165,0.04572,1,573,0.99651,True,0.01926,100
barka,2019-01-14,0,0,,,1,573,0.00000,False,,100
barka,2019-01-15,0,0,,,1,573,0.00000,False,,100
barka,2019-01-16,571,45,2.94837,0.10757,1,573,0.99651,True,0.07881,100
barka,2019-01-17,549,51,3.50221,0.03500,1,573,0.95812,True,0.09290,100
barka,2019-01-18,0,0,,,1,573,0.00000,False,,100
barka,2019-01-19,0,0,,,1,573,0.00000,False,,100
barka,2019-01-20,483,44,3.15811,-0.07664,1,573,0.84293,True,0.09110,100
barka,2019-01-21,294,12,2.63387,-0.16462,1,573,0.51309,True,0.04082,100
barka,2019-01-22,0,0,,,1,573,0.00000,False,,100
barka,2019-01-23,0,0,,,1,573,0.00000,False,,100
barka,2019-01-24,571,0,1.58323,-0.29326,1,573,0.99651,True,0.00000,100
barka,2019-01-25,0,0,,,1,573,0.00000,False,,100
barka,2019-01-26,0,0,,,1,573,0.00000,False,,100
barka,2019-01-27,0,0,,,1,573,0.00000,False,,100
barka,2019-01-28,559,10,2.54678,-0.00456,1,573,0.97557,True,0.01789,100
barka,2019-01-29,0,0,,,1,573,0.00000,False,,100
barka,2019-01-30,0,0,,,1,573,0.00000,False,,100
barka,2019-01-31,0,0,,,1,573,0.00000,False,,100
barka,2019-02-01,567,3,2.61904,0.11071,2,571,0.99299,True,0.00529,100
barka,2019-02-02,0,0,,,2,571,0.00000,False,,100
barka,2019-02-03,0,0,,,2,571,0.00000,False,,100
barka,2019-02-04,301,17,2.59800,0.19838,2,571,0.52715,True,0.05648,100
barka,2019-02-05,476,1,2.14586,-0.03661,2,571,0.83363,True,0.00210,100
barka,2019-02-06,0,0,,,2,571,0.00000,False,,100
barka,2019-02-07,0,0,,,2,571,0.00000,False,,100
barka,2019-02-08,560,3,2.79851,-0.00269,2,571,0.98074,True,0.00536,100
barka,2019-02-09,561,3,2.25555,0.11178,2,571,0.98249,True,0.00535,100
barka,2019-02-10,0,0,,,2,571,0.00000,False,,100
barka,2019-02-11,0,0,,,2,571,0.00000,False,,100
barka,2019-02-12,377,3,2.40897,0.12936,2,571,0.66025,True,0.00796,100
barka,2019-02-13,540,0,1.33096,-0.13183,2,571,0.94571,True,0.00000,100
barka,2019-02-14,0,0,,,2,571,0.00000,False,,100
barka,2019-02-15,0,0,,,2,571,0.00000,False,,100
barka,2019-02-16,543,1,2.14844,-0.02110,2,571,0.95096,True,0.00184,100
barka,2019-02-17,131,0,1.77481,0.07449,2,571,0.22942,True,0.00000,100
barka,2019-02-18,0,0,,,2,571,0.00000,False,,100
barka,2019-02-19,0,0,,,2,571,0.00000,False,,100
barka,2019-02-20,477,5,2.33471,-0.06995,2,571,0.83538,True,0.01048,100
barka,2019-02-21,0,0,,,2,571,0.00000,False,,100
barka,2019-02-22,0,0,,,2,571,0.00000,False,,100
barka,2019-02-23,0,0,,,2,571,0.00000,False,,100
barka,2019-02-24,522,0,0.48960,-0.24954,2,571,0.91419,True,0.00000,100
barka,2019-02-25,0,0,,,2,571,0.00000,False,,100
barka,2019-02-26,0,0,,,2,571,0.00000,False,,100
barka,2019-02-27,0,0,,,2,571,0.00000,False,,100
barka,2019-02-28,449,27,2.49098,0.32605,2,571,0.78634,True,0.06013,100
barka,2019-03-01,0,0,,,3,573,0.00000,False,,100
barka,2019-03-02,0,0,,,3,573,0.00000,False,,100
barka,2019-03-03,3,0,0.51911,0.90079,3,573,0.00524,False,,100
barka,2019-03-04,569,0,1.58530,-0.29987,3,573,0.99302,True,0.00000,100
barka,2019-03-05,0,0,,,3,573,0.00000,False,,100
barka,2019-03-06,0,0,,,3,573,0.00000,False,,100
barka,2019-03-07,105,4,2.54915,0.41645,3,573,0.18325,True,0.03810,100
barka,2019-03-08,538,0,1.67184,-0.09786,3,573,0.93892,True,0.00000,100
barka,2019-03-09,0,0,,,3,573,0.00000,False,,100
barka,2019-03-10,0,0,,,3,573,0.00000,False,,100
barka,2019-03-11,389,0,1.77223,-0.15371,3,573,0.67888,True,0.00000,100
barka,2019-03-12,561,1,2.19844,0.02294,3,573,0.97906,True,0.00178,100
barka,2019-03-13,0,0,,,3,573,0.00000,False,,100
barka,2019-03-14,0,0,,,3,573,0.00000,False,,100
barka,2019-03-15,141,0,1.33161,0.09186,3,573,0.24607,True,0.00000,100
barka,2019-03-16,287,0,1.07667,-0.16079,3,573,0.50087,True,0.00000,100
barka,2019-03-17,0,0,,,3,573,0.00000,False,,100
barka,2019-03-18,0,0,,,3,573,0.00000,False,,100
barka,2019-03-19,512,33,3.09771,0.19328,3,573,0.89354,True,0.06445,100
barka,2019-03-20,0,0,,,3,573,0.00000,False,,100
barka,2019-03-21,0,0,,,3,573,0.00000,False,,100
barka,2019-03-22,12,0,1.56872,0.46660,3,573,0.02094,False,,100
barka,2019-03-23,0,0,,,3,573,0.00000,False,,100
barka,2019-03-24,0,0,,,3,573,0.00000,False,,100
barka,2019-03-25,132,0,1.76806,0.33850,3,573,0.23037,True,0.00000,100
barka,2019-03-26,258,21,2.94018,0.51637,3,573,0.45026,True,0.08140,100
barka,2019-03-27,3,0,-0.91835,-0.12947,3,573,0.00524,False,,100
barka,2019-03-28,0,0,,,3,573,0.00000,False,,100
barka,2019-03-29,483,376,3.72263,0.92841,3,573,0.84293,True,0.77847,100
barka,2019-03-30,0,0,,,3,573,0.00000,False,,100
barka,2019-03-31,0,0,,,3,573,0.00000,False,,100
barka,2019-04-01,0,0,,,4,573,0.00000,False,,100
barka,2019-04-02,517,306,4.58355,0.55957,4,573,0.90227,True,0.59188,100
barka,2019-04-03,0,0,,,4,573,0.00000,False,,100
barka,2019-04-04,551,17,3.78542,0.17336,4,573,0.96161,True,0.03085,100
barka,2019-04-05,0,0,,,4,573,0.00000,False,,100
barka,2019-04-06,0,0,,,4,573,0.00000,False,,100
barka,2019-04-07,0,0,,,4,573,0.00000,False,,100
barka,2019-04-08,0,0,,,4,573,0.00000,False,,100
barka,2019-04-09,0,0,,,4,573,0.00000,False,,100
barka,2019-04-10,54,29,3.70870,0.54803,4,573,0.09424,False,,100
barka,2019-04-11,56,38,3.44986,0.65858,4,573,0.09773,False,,100
barka,2019-04-12,239,2,2.97442,-0.03150,4,573,0.41710,True,0.00837,100
barka,2019-04-13,0,0,,,4,573,0.00000,False,,100
barka,2019-04-14,179,4,2.75105,0.23097,4,573,0.31239,True,0.02235,100
barka,2019-04-15,310,20,2.80009,0.35125,4,573,0.54101,True,0.06452,100
barka,2019-04-16,0,0,,,4,573,0.00000,False,,100
barka,2019-04-17,0,0,,,4,573,0.00000,False,,100
barka,2019-04-18,569,27,3.20833,0.24038,4,573,0.99302,True,0.04745,100
barka,2019-04-19,570,39,3.18028,0.32355,4,573,0.99476,True,0.06842,100
barka,2019-04-20,0,0,,,4,573,0.00000,False,,100
barka,2019-04-21,20,7,2.46305,0.76922,4,573,0.03490,False,,100
barka,2019-04-22,571,25,2.57939,0.25024,4,573,0.99651,True,0.04378,100
barka,2019-04-23,552,7,2.27189,0.21428,4,573,0.96335,True,0.01268,100
barka,2019-04-24,0,0,,,4,573,0.00000,False,,100
barka,2019-04-25,62,0,1.76189,0.47438,4,573,0.10820,True,0.00000,100
barka,2019-04-26,0,0,,,4,573,0.00000,False,,100
barka,2019-04-27,547,0,1.61255,-0.21417,4,573,0.95462,True,0.00000,100
barka,2019-04-28,0,0,,,4,573,0.00000,False,,100
barka,2019-04-29,470,44,3.17289,0.18988,4,573,0.82024,True,0.09362,100
barka,2019-04-30,0,0,,,4,573,0.00000,False,,100
barka,2019-05-01,567,305,4.16575,-0.00920,5,573,0.98953,True,0.53792,100
barka,2019-05-02,0,0,,,5,573,0.00000,False,,100
barka,2019-05-03,569,155,3.90216,-0.12621,5,573,0.99302,True,0.27241,100
barka,2019-05-04,0,0,,,5,573,0.00000,False,,100
barka,2019-05-05,523,140,3.86361,-0.16804,5,573,0.91274,True,0.26769,100
barka,2019-05-06,0,0,,,5,573,0.00000,False,,100
barka,2019-05-07,565,51,3.32709,-0.22012,5,573,0.98604,True,0.09027,100
barka,2019-05-08,26,4,2.97649,-0.21728,5,573,0.04538,False,,100
barka,2019-05-09,333,9,3.04434,-0.35572,5,573,0.58115,True,0.02703,100
barka,2019-05-10,0,0,,,5,573,0.00000,False,,100
barka,2019-05-11,501,58,3.66324,-0.22755,5,573,0.87435,True,0.11577,100
barka,2019-05-12,239,1,2.80637,-0.38157,5,573,0.41710,True,0.00418,100
barka,2019-05-13,0,0,,,5,573,0.00000,False,,100
barka,2019-05-14,0,0,,,5,573,0.00000,False,,100
barka,2019-05-15,507,19,3.00551,-0.29353,5,573,0.88482,True,0.03748,100
barka,2019-05-16,518,1,2.11853,-0.37564,5,573,0.90401,True,0.00193,100
barka,2019-05-17,0,0,,,5,573,0.00000,False,,100
barka,2019-05-18,0,0,,,5,573,0.00000,False,,100
barka,2019-05-19,72,9,3.68548,-0.31318,5,573,0.12565,True,0.12500,100
barka,2019-05-20,27,4,3.55901,-0.40533,5,573,0.04712,False,,100
barka,2019-05-21,0,0,,,5,573,0.00000,False,,100
barka,2019-05-22,64,1,2.20161,-0.48289,5,573,0.11169,True,0.01562,100
barka,2019-05-23,0,0,,,5,573,0.00000,False,,100
barka,2019-05-24,524,0,1.49532,-0.40138,5,573,0.91449,True,0.00000,100
barka,2019-05-25,0,0,,,5,573,0.00000,False,,100
barka,2019-05-26,325,5,3.04132,-0.39992,5,573,0.56719,True,0.01538,100
barka,2019-05-27,0,0,,,5,573,0.00000,False,,100
barka,2019-05-28,570,135,5.07243,-0.35177,5,573,0.99476,True,0.23684,100
barka,2019-05-29,0,0,,,5,573,0.00000,False,,100
barka,2019-05-30,0,0,,,5,573,0.00000,False,,100
barka,2019-05-31,0,0,,,5,573,0.00000,False,,100
barka,2019-06-01,563,41,3.31501,-0.47927,6,572,0.98427,True,0.07282,100
barka,2019-06-02,0,0,,,6,572,0.00000,False,,100
barka,2019-06-03,564,6,2.41088,-0.50164,6,572,0.98601,True,0.01064,100
barka,2019-06-04,0,0,,,6,572,0.00000,False,,100
barka,2019-06-05,314,2,4.04132,-0.57690,6,572,0.54895,True,0.00637,100
barka,2019-06-06,0,0,,,6,572,0.00000,False,,100
barka,2019-06-07,572,0,1.81202,-0.58094,6,572,1.00000,True,0.00000,100
barka,2019-06-08,125,5,3.02237,-0.70007,6,572,0.21853,True,0.04000,100
barka,2019-06-09,0,0,,,6,572,0.00000,False,,100
barka,2019-06-10,0,0,,,6,572,0.00000,False,,100
barka,2019-06-11,541,135,3.64796,-0.38384,6,572,0.94580,True,0.24954,100
barka,2019-06-12,363,7,2.66249,-0.60162,6,572,0.63462,True,0.01928,100
barka,2019-06-13,0,0,,,6,572,0.00000,False,,100
barka,2019-06-14,0,0,,,6,572,0.00000,False,,100
barka,2019-06-15,568,17,2.64774,-0.47743,6,572,0.99301,True,0.02993,100
barka,2019-06-16,409,8,2.75994,-0.52705,6,572,0.71503,True,0.01956,100
barka,2019-06-17,0,0,,,6,572,0.00000,False,,100
barka,2019-06-18,137,0,1.97136,-0.53267,6,572,0.23951,True,0.00000,100
barka,2019-06-19,0,0,,,6,572,0.00000,False,,100
barka,2019-06-20,176,1,2.12030,-0.41925,6,572,0.30769,True,0.00568,100
barka,2019-06-21,0,0,,,6,572,0.00000,False,,100
barka,2019-06-22,429,28,3.21193,-0.43858,6,572,0.75000,True,0.06527,100
barka,2019-06-23,0,0,,,6,572,0.00000,False,,100
barka,2019-06-24,290,51,4.17855,-0.30926,6,572,0.50699,True,0.17586,100
barka,2019-06-25,0,0,,,6,572,0.00000,False,,100
barka,2019-06-26,506,45,3.24489,-0.46210,6,572,0.88462,True,0.08893,100
barka,2019-06-27,0,0,,,6,572,0.00000,False,,100
barka,2019-06-28,525,21,3.07720,-0.54702,6,572,0.91783,True,0.04000,100
barka,2019-06-29,0,0,,,6,572,0.00000,False,,100
barka,2019-06-30,571,12,2.49324,-0.47424,6,572,0.99825,True,0.02102,100
barka,2019-07-01,41,0,-0.32001,-0.57198,7,569,0.07206,False,,100
barka,2019-07-02,536,0,0.96120,-0.52969,7,569,0.94200,True,0.00000,100
barka,2019-07-03,0,0,,,7,569,0.00000,False,,100
barka,2019-07-04,165,0,1.91996,-0.26916,7,569,0.28998,True,0.00000,100
barka,2019-07-05,316,2,2.21373,-0.49868,7,569,0.55536,True,0.00633,100
barka,2019-07-06,0,0,,,7,569,0.00000,False,,100
barka,2019-07-07,0,0,,,7,569,0.00000,False,,100
barka,2019-07-08,198,0,1.97093,-0.02696,7,569,0.34798,True,0.00000,100
barka,2019-07-09,552,4,2.93937,-0.55243,7,569,0.97012,True,0.00725,100
barka,2019-07-10,0,0,,,7,569,0.00000,False,,100
barka,2019-07-11,0,0,,,7,569,0.00000,False,,100
barka,2019-07-12,514,1,2.11004,-0.51769,7,569,0.90334,True,0.00195,100
barka,2019-07-13,275,2,2.80400,-0.22705,7,569,0.48330,True,0.00727,100
barka,2019-07-14,0,0,,,7,569,0.00000,False,,100
barka,2019-07-15,218,1,2.44692,-0.47730,7,569,0.38313,True,0.00459,100
barka,2019-07-16,0,0,,,7,569,0.00000,False,,100
barka,2019-07-17,42,1,2.00943,0.13194,7,569,0.07381,False,,100
barka,2019-07-18,0,0,,,7,569,0.00000,False,,100
barka,2019-07-19,407,11,2.89598,-0.46021,7,569,0.71529,True,0.02703,100
barka,2019-07-20,0,0,,,7,569,0.00000,False,,100
barka,2019-07-21,214,0,0.27300,-0.46421,7,569,0.37610,True,0.00000,100
barka,2019-07-22,0,0,,,7,569,0.00000,False,,100
barka,2019-07-23,116,37,3.81166,-0.13615,7,569,0.20387,True,0.31897,100
barka,2019-07-24,0,0,,,7,569,0.00000,False,,100
barka,2019-07-25,305,0,1.11091,-0.48144,7,569,0.53603,True,0.00000,100
barka,2019-07-26,0,0,,,7,569,0.00000,False,,100
barka,2019-07-27,312,32,3.18538,-0.33413,7,569,0.54833,True,0.10256,100
barka,2019-07-28,78,4,3.81702,-0.51897,7,569,0.13708,True,0.05128,100
barka,2019-07-29,0,0,,,7,569,0.00000,False,,100
barka,2019-07-30,0,0,,,7,569,0.00000,False,,100
barka,2019-07-31,0,0,,,7,569,0.00000,False,,100
barka,2019-08-01,330,64,3.15314,-0.12748,8,570,0.57895,True,0.19394,100
barka,2019-08-02,0,0,,,8,570,0.00000,False,,100
barka,2019-08-03,0,0,,,8,570,0.00000,False,,100
barka,2019-08-04,18,3,2.81442,0.28696,8,570,0.03158,False,,100
barka,2019-08-05,342,47,3.01138,-0.22982,8,570,0.60000,True,0.13743,100
barka,2019-08-06,0,0,,,8,570,0.00000,False,,100
barka,2019-08-07,13,0,-0.34923,-0.26838,8,570,0.02281,False,,100
barka,2019-08-08,0,0,,,8,570,0.00000,False,,100
barka,2019-08-09,8,0,1.13677,0.54199,8,570,0.01404,False,,100
barka,2019-08-10,0,0,,,8,570,0.00000,False,,100
barka,2019-08-11,132,86,4.75200,0.42520,8,570,0.23158,True,0.65152,100
barka,2019-08-12,0,0,,,8,570,0.00000,False,,100
barka,2019-08-13,138,4,2.89680,-0.40741,8,570,0.24211,True,0.02899,100
barka,2019-08-14,0,0,,,8,570,0.00000,False,,100
barka,2019-08-15,196,99,4.79320,0.46686,8,570,0.34386,True,0.50510,100
barka,2019-08-16,0,0,,,8,570,0.00000,False,,100
barka,2019-08-17,565,6,2.26867,-0.20754,8,570,0.99123,True,0.01062,100
barka,2019-08-18,0,0,,,8,570,0.00000,False,,100
barka,2019-08-19,389,33,3.42379,0.03939,8,570,0.68246,True,0.08483,100
barka,2019-08-20,0,0,,,8,570,0.00000,False,,100
barka,2019-08-21,547,59,3.44025,-0.07310,8,570,0.95965,True,0.10786,100
barka,2019-08-22,0,0,,,8,570,0.00000,False,,100
barka,2019-08-23,478,40,3.04029,-0.14483,8,570,0.83860,True,0.08368,100
barka,2019-08-24,161,5,2.24521,-0.31144,8,570,0.28246,True,0.03106,100
barka,2019-08-25,569,36,3.10184,-0.08976,8,570,0.99825,True,0.06327,100
barka,2019-08-26,0,0,,,8,570,0.00000,False,,100
barka,2019-08-27,566,5,2.43922,-0.16683,8,570,0.99298,True,0.00883,100
barka,2019-08-28,411,0,1.95601,-0.24093,8,570,0.72105,True,0.00000,100
barka,2019-08-29,0,0,,,8,570,0.00000,False,,100
barka,2019-08-30,0,0,,,8,570,0.00000,False,,100
barka,2019-08-31,555,27,2.87461,-0.12742,8,570,0.97368,True,0.04865,100
barka,2019-09-01,565,80,3.81728,-0.17800,9,573,0.98604,True,0.14159,100
barka,2019-09-02,0,0,,,9,573,0.00000,False,,100
barka,2019-09-03,51,28,5.37826,0.30096,9,573,0.08901,False,,100
barka,2019-09-04,425,19,2.52592,-0.31871,9,573,0.74171,True,0.04471,100
barka,2019-09-05,0,0,,,9,573,0.00000,False,,100
barka,2019-09-06,0,0,,,9,573,0.00000,False,,100
barka,2019-09-07,0,0,,,9,573,0.00000,False,,100
barka,2019-09-08,0,0,,,9,573,0.00000,False,,100
barka,2019-09-09,275,6,3.40759,-0.35878,9,573,0.47993,True,0.02182,100
barka,2019-09-10,0,0,,,9,573,0.00000,False,,100
barka,2019-09-11,568,47,3.20473,-0.30550,9,573,0.99127,True,0.08275,100
barka,2019-09-12,0,0,,,9,573,0.00000,False,,100
barka,2019-09-13,514,170,4.03642,-0.13792,9,573,0.89703,True,0.33074,100
barka,2019-09-14,0,0,,,9,573,0.00000,False,,100
barka,2019-09-15,569,47,3.05859,-0.17630,9,573,0.99302,True,0.08260,100
barka,2019-09-16,0,0,,,9,573,0.00000,False,,100
barka,2019-09-17,394,23,3.58027,-0.38705,9,573,0.68761,True,0.05838,100
barka,2019-09-18,0,0,,,9,573,0.00000,False,,100
barka,2019-09-19,570,93,4.68063,-0.12497,9,573,0.99476,True,0.16316,100
barka,2019-09-20,283,39,5.05765,-0.34955,9,573,0.49389,True,0.13781,100
barka,2019-09-21,0,0,,,9,573,0.00000,False,,100
barka,2019-09-22,0,0,,,9,573,0.00000,False,,100
barka,2019-09-23,562,29,3.79921,-0.25504,9,573,0.98080,True,0.05160,100
barka,2019-09-24,0,0,,,9,573,0.00000,False,,100
barka,2019-09-25,0,0,,,9,573,0.00000,False,,100
barka,2019-09-26,5,5,5.24737,0.31353,9,573,0.00873,False,,100
barka,2019-09-27,570,78,3.27315,-0.16981,9,573,0.99476,True,0.13684,100
barka,2019-09-28,565,157,3.74281,-0.12857,9,573,0.98604,True,0.27788,100
barka,2019-09-29,0,0,,,9,573,0.00000,False,,100
barka,2019-09-30,339,18,3.92557,-0.36954,9,573,0.59162,True,0.05310,100
barka,2019-10-01,567,101,3.51991,-0.21350,10,574,0.98780,True,0.17813,100
barka,2019-10-02,565,56,3.23118,-0.28403,10,574,0.98432,True,0.09912,100
barka,2019-10-03,0,0,,,10,574,0.00000,False,,100
barka,2019-10-04,554,39,3.83730,-0.28684,10,574,0.96516,True,0.07040,100
barka,2019-10-05,0,0,,,10,574,0.00000,False,,100
barka,2019-10-06,0,0,,,10,574,0.00000,False,,100
barka,2019-10-07,0,0,,,10,574,0.00000,False,,100
barka,2019-10-08,563,10,2.59257,-0.38009,10,574,0.98084,True,0.01776,100
barka,2019-10-09,13,1,2.17526,0.84968,10,574,0.02265,False,,100
barka,2019-10-10,568,9,2.38928,-0.34917,10,574,0.98955,True,0.01585,100
barka,2019-10-11,0,0,,,10,574,0.00000,False,,100
barka,2019-10-12,0,0,,,10,574,0.00000,False,,100
barka,2019-10-13,444,4,2.34084,-0.44828,10,574,0.77352,True,0.00901,100
barka,2019-10-14,568,17,2.83972,-0.41630,10,574,0.98955,True,0.02993,100
barka,2019-10-15,3,0,0.17307,-0.54634,10,574,0.00523,False,,100
barka,2019-10-16,572,0,1.12051,-0.46482,10,574,0.99652,True,0.00000,100
barka,2019-10-17,551,1,2.14474,-0.46336,10,574,0.95993,True,0.00181,100
barka,2019-10-18,569,12,2.82099,-0.40188,10,574,0.99129,True,0.02109,100
barka,2019-10-19,102,0,1.61427,-0.33901,10,574,0.17770,True,0.00000,100
barka,2019-10-20,564,0,1.26097,-0.47841,10,574,0.98258,True,0.00000,100
barka,2019-10-21,567,15,2.98719,-0.41427,10,574,0.98780,True,0.02646,100
barka,2019-10-22,0,0,,,10,574,0.00000,False,,100
barka,2019-10-23,477,0,1.25433,-0.50371,10,574,0.83101,True,0.00000,100
barka,2019-10-24,570,0,1.41351,-0.47314,10,574,0.99303,True,0.00000,100
barka,2019-10-25,570,3,2.19712,-0.43630,10,574,0.99303,True,0.00526,100
barka,2019-10-26,0,0,,,10,574,0.00000,False,,100
barka,2019-10-27,573,0,1.60842,-0.44409,10,574,0.99826,True,0.00000,100
barka,2019-10-28,571,0,1.49114,-0.38494,10,574,0.99477,True,0.00000,100
barka,2019-10-29,561,1,2.29301,-0.39797,10,574,0.97735,True,0.00178,100
barka,2019-10-30,0,0,,,10,574,0.00000,False,,100
barka,2019-10-31,561,0,1.52741,-0.41552,10,574,0.97735,True,0.00000,100
barka,2019-11-01,279,0,1.74480,-0.39804,11,573,0.48691,True,0.00000,100
barka,2019-11-02,561,0,1.81298,-0.42202,11,573,0.97906,True,0.00000,100
barka,2019-11-03,0,0,,,11,573,0.00000,False,,100
barka,2019-11-04,571,0,0.99427,-0.44734,11,573,0.99651,True,0.00000,100
barka,2019-11-05,544,0,1.43029,-0.41687,11,573,0.94939,True,0.00000,100
barka,2019-11-06,570,0,1.32328,-0.36941,11,573,0.99476,True,0.00000,100
barka,2019-11-07,0,0,,,11,573,0.00000,False,,100
barka,2019-11-08,572,0,1.34777,-0.38719,11,573,0.99825,True,0.00000,100
barka,2019-11-09,483,0,1.85501,-0.32608,11,573,0.84293,True,0.00000,100
barka,2019-11-10,76,0,1.28318,-0.21943,11,573,0.13264,True,0.00000,100
barka,2019-11-11,125,0,0.59564,-0.35850,11,573,0.21815,True,0.00000,100
barka,2019-11-12,573,0,1.84342,-0.26954,11,573,1.00000,True,0.00000,100
barka,2019-11-13,573,0,1.63475,-0.28584,11,573,1.00000,True,0.00000,100
barka,2019-11-14,570,0,1.74371,-0.18253,11,573,0.99476,True,0.00000,100
barka,2019-11-15,435,0,1.88569,-0.32883,11,573,0.75916,True,0.00000,100
barka,2019-11-16,573,0,0.83344,-0.31725,11,573,1.00000,True,0.00000,100
barka,2019-11-17,478,1,2.30901,-0.32160,11,573,0.83421,True,0.00209,100
barka,2019-11-18,0,0,,,11,573,0.00000,False,,100
barka,2019-11-19,572,0,1.93686,-0.32828,11,573,0.99825,True,0.00000,100
barka,2019-11-20,454,1,2.03740,-0.29264,11,573,0.79232,True,0.00220,100
barka,2019-11-21,113,1,2.30062,-0.25611,11,573,0.19721,True,0.00885,100
barka,2019-11-22,0,0,,,11,573,0.00000,False,,100
barka,2019-11-23,342,0,1.26286,-0.40550,11,573,0.59686,True,0.00000,100
barka,2019-11-24,225,0,0.79739,-0.48835,11,573,0.39267,True,0.00000,100
barka,2019-11-25,0,0,,,11,573,0.00000,False,,100
barka,2019-11-26,0,0,,,11,573,0.00000,False,,100
barka,2019-11-27,560,3,2.18455,-0.19258,11,573,0.97731,True,0.00536,100
barka,2019-11-28,302,6,2.54348,-0.09532,11,573,0.52705,True,0.01987,100
barka,2019-11-29,573,45,2.81170,-0.05369,11,573,1.00000,True,0.07853,100
barka,2019-11-30,0,0,,,11,573,0.00000,False,,100
barka,2019-12-01,573,0,1.56907,-0.15398,12,573,1.00000,True,0.00000,100
barka,2019-12-02,0,0,,,12,573,0.00000,False,,100
barka,2019-12-03,522,45,3.07738,-0.05322,12,573,0.91099,True,0.08621,100
barka,2019-12-04,0,0,,,12,573,0.00000,False,,100
barka,2019-12-05,532,0,1.54691,-0.17858,12,573,0.92845,True,0.00000,100
barka,2019-12-06,555,11,2.65601,-0.13058,12,573,0.96859,True,0.01982,100
barka,2019-12-07,374,1,2.18709,-0.12726,12,573,0.65271,True,0.00267,100
barka,2019-12-08,0,0,,,12,573,0.00000,False,,100
barka,2019-12-09,555,1,2.30499,-0.26117,12,573,0.96859,True,0.00180,100
barka,2019-12-10,569,2,2.51144,-0.20760,12,573,0.99302,True,0.00351,100
barka,2019-12-11,44,2,2.28415,-0.15923,12,573,0.07679,False,,100
barka,2019-12-12,458,0,1.00869,-0.30572,12,573,0.79930,True,0.00000,100
barka,2019-12-13,0,0,,,12,573,0.00000,False,,100
barka,2019-12-14,569,0,1.30345,-0.24041,12,573,0.99302,True,0.00000,100
barka,2019-12-15,0,0,,,12,573,0.00000,False,,100
barka,2019-12-16,528,0,0.11567,-0.39624,12,573,0.92147,True,0.00000,100
barka,2019-12-17,327,0,0.90399,-0.30229,12,573,0.57068,True,0.00000,100
barka,2019-12-18,561,1,2.32499,-0.35193,12,573,0.97906,True,0.00178,100
barka,2019-12-19,0,0,,,12,573,0.00000,False,,100
barka,2019-12-20,404,0,1.93753,-0.39158,12,573,0.70506,True,0.00000,100
barka,2019-12-21,522,0,1.23058,-0.28649,12,573,0.91099,True,0.00000,100
barka,2019-12-22,573,0,1.69510,-0.21055,12,573,1.00000,True,0.00000,100
barka,2019-12-23,0,0,,,12,573,0.00000,False,,100
barka,2019-12-24,572,0,1.41283,-0.25392,12,573,0.99825,True,0.00000,100
barka,2019-12-25,305,0,1.30719,-0.18907,12,573,0.53229,True,0.00000,100
barka,2019-12-26,573,1,2.01203,-0.16394,12,573,1.00000,True,0.00175,100
barka,2019-12-27,0,0,,,12,573,0.00000,False,,100
barka,2019-12-28,550,0,1.16113,-0.31262,12,573,0.95986,True,0.00000,100
barka,2019-12-29,399,0,0.70291,-0.40904,12,573,0.69634,True,0.00000,100
barka,2019-12-30,546,2,2.35134,-0.29327,12,573,0.95288,True,0.00366,100
barka,2019-12-31,0,0,,,12,573,0.00000,False,,100
barka,2020-01-01,529,0,1.02682,-0.22037,1,573,0.92321,True,0.00000,100
barka,2020-01-02,573,0,1.09944,-0.22706,1,573,1.00000,True,0.00000,100
barka,2020-01-03,570,0,1.43510,-0.17025,1,573,0.99476,True,0.00000,100
barka,2020-01-04,140,0,1.42419,-0.02037,1,573,0.24433,True,0.00000,100
barka,2020-01-05,0,0,,,1,573,0.00000,False,,100
barka,2020-01-06,504,2,2.33044,-0.07898,1,573,0.87958,True,0.00397,100
barka,2020-01-07,394,0,0.81261,-0.21959,1,573,0.68761,True,0.00000,100
barka,2020-01-08,461,0,-0.00100,-0.33812,1,573,0.80454,True,0.00000,100
barka,2020-01-09,518,0,1.16525,-0.23091,1,573,0.90401,True,0.00000,100
barka,2020-01-10,0,0,,,1,573,0.00000,False,,100
barka,2020-01-11,0,0,,,1,573,0.00000,False,,100
barka,2020-01-12,176,0,0.79337,-0.23515,1,573,0.30716,True,0.00000,100
barka,2020-01-13,227,0,0.34040,-0.47729,1,573,0.39616,True,0.00000,100
barka,2020-01-14,519,0,1.37622,-0.38383,1,573,0.90576,True,0.00000,100
barka,2020-01-15,0,0,,,1,573,0.00000,False,,100
barka,2020-01-16,554,0,1.81413,-0.29191,1,573,0.96684,True,0.00000,100
barka,2020-01-17,14,0,1.24803,0.36892,1,573,0.02443,False,,100
barka,2020-01-18,573,7,2.71899,-0.16387,1,573,1.00000,True,0.01222,100
barka,2020-01-19,0,0,,,1,573,0.00000,False,,100
barka,2020-01-20,567,0,1.69406,-0.20070,1,573,0.98953,True,0.00000,100
barka,2020-01-21,294,1,2.25857,-0.12357,1,573,0.51309,True,0.00340,100
barka,2020-01-22,548,0,1.95163,-0.24797,1,573,0.95637,True,0.00000,100
barka,2020-01-23,0,0,,,1,573,0.00000,False,,100
barka,2020-01-24,92,1,2.05790,-0.37095,1,573,0.16056,True,0.01087,100
barka,2020-01-25,357,0,0.86198,-0.51465,1,573,0.62304,True,0.00000,100
barka,2020-01-26,433,1,2.06093,-0.24749,1,573,0.75567,True,0.00231,100
barka,2020-01-27,0,0,,,1,573,0.00000,False,,100
barka,2020-01-28,413,0,0.87240,-0.37524,1,573,0.72077,True,0.00000,100
barka,2020-01-29,572,3,2.32306,-0.28400,1,573,0.99825,True,0.00524,100
barka,2020-01-30,562,1,2.13371,-0.18966,1,573,0.98080,True,0.00178,100
barka,2020-01-31,137,0,1.83513,-0.13897,1,573,0.23909,True,0.00000,100
barka,2020-02-01,568,0,1.46992,-0.16816,2,571,0.99475,True,0.00000,100
barka,2020-02-02,365,1,2.15550,-0.05647,2,571,0.63923,True,0.00274,100
barka,2020-02-03,563,0,1.71722,0.06242,2,571,0.98599,True,0.00000,100
barka,2020-02-04,385,1,2.05034,-0.28238,2,571,0.67426,True,0.00260,100
barka,2020-02-05,566,0,0.83067,-0.21409,2,571,0.99124,True,0.00000,100
barka,2020-02-06,568,0,1.26990,-0.12912,2,571,0.99475,True,0.00000,100
barka,2020-02-07,0,0,,,2,571,0.00000,False,,100
barka,2020-02-08,446,0,1.93024,-0.17120,2,571,0.78109,True,0.00000,100
barka,2020-02-09,568,0,1.20330,-0.09801,2,571,0.99475,True,0.00000,100
barka,2020-02-10,567,0,1.26877,-0.12459,2,571,0.99299,True,0.00000,100
barka,2020-02-11,0,0,,,2,571,0.00000,False,,100
barka,2020-02-12,241,2,2.19277,-0.25522,2,571,0.42207,True,0.00830,100
barka,2020-02-13,560,3,2.98316,-0.28813,2,571,0.98074,True,0.00536,100
barka,2020-02-14,566,0,1.93561,-0.30162,2,571,0.99124,True,0.00000,100
barka,2020-02-15,0,0,,,2,571,0.00000,False,,100
barka,2020-02-16,318,0,1.76960,-0.11018,2,571,0.55692,True,0.00000,100
barka,2020-02-17,28,1,2.24117,-0.01426,2,571,0.04904,False,,100
barka,2020-02-18,469,1,2.06698,-0.16825,2,571,0.82137,True,0.00213,100
barka,2020-02-19,0,0,,,2,571,0.00000,False,,100
barka,2020-02-20,538,58,2.90332,0.32761,2,571,0.94221,True,0.10781,100
barka,2020-02-21,104,20,2.96715,0.37151,2,571,0.18214,True,0.19231,100
barka,2020-02-22,209,17,3.06891,0.11223,2,571,0.36602,True,0.08134,100
barka,2020-02-23,0,0,,,2,571,0.00000,False,,100
barka,2020-02-24,568,0,1.85483,-0.14008,2,571,0.99475,True,0.00000,100
barka,2020-02-25,484,0,1.97144,-0.02108,2,571,0.84764,True,0.00000,100
barka,2020-02-26,570,12,2.43032,0.22090,2,571,0.99825,True,0.02105,100
barka,2020-02-27,9,0,1.85937,0.44649,2,571,0.01576,False,,100
barka,2020-02-28,530,237,3.75706,0.56932,2,571,0.92820,True,0.44717,100
barka,2020-02-29,441,222,3.80794,0.62773,2,571,0.77233,True,0.50340,100
barka,2020-03-01,487,0,0.93547,-0.09332,3,573,0.84991,True,0.00000,100
barka,2020-03-02,97,6,2.46684,0.61175,3,573,0.16928,True,0.06186,100
barka,2020-03-03,413,2,2.12462,-0.20263,3,573,0.72077,True,0.00484,100
barka,2020-03-04,569,4,2.16333,-0.13028,3,573,0.99302,True,0.00703,100
barka,2020-03-05,0,0,,,3,573,0.00000,False,,100
barka,2020-03-06,95,0,1.70758,-0.33148,3,573,0.16579,True,0.00000,100
barka,2020-03-07,571,0,0.98833,-0.12282,3,573,0.99651,True,0.00000,100
barka,2020-03-08,571,0,1.17617,0.15583,3,573,0.99651,True,0.00000,100
barka,2020-03-09,0,0,,,3,573,0.00000,False,,100
barka,2020-03-10,170,19,2.38621,0.62205,3,573,0.29668,True,0.11176,100
barka,2020-03-11,571,0,1.93168,0.30933,3,573,0.99651,True,0.00000,100
barka,2020-03-12,569,0,1.96814,0.26305,3,573,0.99302,True,0.00000,100
barka,2020-03-13,0,0,,,3,573,0.00000,False,,100
barka,2020-03-14,39,0,1.00417,0.06974,3,573,0.06806,False,,100
barka,2020-03-15,0,0,,,3,573,0.00000,False,,100
barka,2020-03-16,201,0,-0.61893,-0.28241,3,573,0.35079,True,0.00000,100
barka,2020-03-17,0,0,,,3,573,0.00000,False,,100
barka,2020-03-18,554,7,2.90190,0.26627,3,573,0.96684,True,0.01264,100
barka,2020-03-19,0,0,,,3,573,0.00000,False,,100
barka,2020-03-20,551,0,1.13261,0.16586,3,573,0.96161,True,0.00000,100
barka,2020-03-21,0,0,,,3,573,0.00000,False,,100
barka,2020-03-22,0,0,,,3,573,0.00000,False,,100
barka,2020-03-23,11,0,0.89468,0.81260,3,573,0.01920,False,,100
barka,2020-03-24,556,2,2.12094,0.00640,3,573,0.97033,True,0.00360,100
barka,2020-03-25,0,0,,,3,573,0.00000,False,,100
barka,2020-03-26,538,0,1.75467,0.12476,3,573,0.93892,True,0.00000,100
barka,2020-03-27,322,7,2.51160,0.28303,3,573,0.56195,True,0.02174,100
barka,2020-03-28,485,0,0.95895,-0.05926,3,573,0.84642,True,0.00000,100
barka,2020-03-29,0,0,,,3,573,0.00000,False,,100
barka,2020-03-30,26,0,-0.55697,-0.13720,3,573,0.04538,False,,100
barka,2020-03-31,563,105,2.81709,0.51847,3,573,0.98255,True,0.18650,100
barka,2020-04-01,0,0,,,4,573,0.00000,False,,100
barka,2020-04-02,0,0,,,4,573,0.00000,False,,100
barka,2020-04-03,451,2,2.33907,-0.08661,4,573,0.78709,True,0.00443,100
barka,2020-04-04,431,0,1.76158,-0.09264,4,573,0.75218,True,0.00000,100
barka,2020-04-05,0,0,,,4,573,0.00000,False,,100
barka,2020-04-06,4,1,2.95878,0.95669,4,573,0.00698,False,,100
barka,2020-04-07,561,63,3.07672,0.29764,4,573,0.97906,True,0.11230,100
barka,2020-04-08,566,13,2.60847,0.20297,4,573,0.98778,True,0.02297,100
barka,2020-04-09,0,0,,,4,573,0.00000,False,,100
barka,2020-04-10,259,66,3.70665,0.46755,4,573,0.45201,True,0.25483,100
barka,2020-04-11,0,0,,,4,573,0.00000,False,,100
barka,2020-04-12,371,36,3.28459,0.12861,4,573,0.64747,True,0.09704,100
barka,2020-04-13,0,0,,,4,573,0.00000,False,,100
barka,2020-04-14,13,3,2.39900,0.14987,4,573,0.02269,False,,100
barka,2020-04-15,0,0,,,4,573,0.00000,False,,100
barka,2020-04-16,0,0,,,4,573,0.00000,False,,100
barka,2020-04-17,0,0,,,4,573,0.00000,False,,100
barka,2020-04-18,571,10,2.84689,-0.03931,4,573,0.99651,True,0.01751,100
barka,2020-04-19,0,0,,,4,573,0.00000,False,,100
barka,2020-04-20,510,2,2.47253,-0.01110,4,573,0.89005,True,0.00392,100
barka,2020-04-21,0,0,,,4,573,0.00000,False,,100
barka,2020-04-22,489,0,1.68827,-0.12105,4,573,0.85340,True,0.00000,100
barka,2020-04-23,94,0,1.46898,-0.09260,4,573,0.16405,True,0.00000,100
barka,2020-04-24,570,0,1.26049,-0.13864,4,573,0.99476,True,0.00000,100
barka,2020-04-25,0,0,,,4,573,0.00000,False,,100
barka,2020-04-26,569,0,1.10530,-0.29087,4,573,0.99302,True,0.00000,100
barka,2020-04-27,317,0,1.45899,-0.30179,4,573,0.55323,True,0.00000,100
barka,2020-04-28,0,0,,,4,573,0.00000,False,,100
barka,2020-04-29,0,0,,,4,573,0.00000,False,,100
barka,2020-04-30,568,0,0.92388,-0.19990,4,573,0.99127,True,0.00000,100
barka,2020-05-01,481,15,3.19914,-0.28176,5,573,0.83944,True,0.03119,100
barka,2020-05-02,0,0,,,5,573,0.00000,False,,100
barka,2020-05-03,0,0,,,5,573,0.00000,False,,100
barka,2020-05-04,559,29,3.52797,-0.21834,5,573,0.97557,True,0.05188,100
barka,2020-05-05,568,2,2.14128,-0.30510,5,573,0.99127,True,0.00352,100
barka,2020-05-06,0,0,,,5,573,0.00000,False,,100
barka,2020-05-07,46,1,2.25414,0.04353,5,573,0.08028,False,,100
barka,2020-05-08,0,0,,,5,573,0.00000,False,,100
barka,2020-05-09,572,0,0.92844,-0.42945,5,573,0.99825,True,0.00000,100
barka,2020-05-10,0,0,,,5,573,0.00000,False,,100
barka,2020-05-11,414,1,2.83789,-0.28248,5,573,0.72251,True,0.00242,100
barka,2020-05-12,0,0,,,5,573,0.00000,False,,100
barka,2020-05-13,571,0,0.97407,-0.45356,5,573,0.99651,True,0.00000,100
barka,2020-05-14,0,0,,,5,573,0.00000,False,,100
barka,2020-05-15,567,0,1.76058,-0.35917,5,573,0.98953,True,0.00000,100
barka,2020-05-16,0,0,,,5,573,0.00000,False,,100
barka,2020-05-17,567,2,2.41853,-0.45816,5,573,0.98953,True,0.00353,100
barka,2020-05-18,0,0,,,5,573,0.00000,False,,100
barka,2020-05-19,569,0,1.88289,-0.39450,5,573,0.99302,True,0.00000,100
barka,2020-05-20,33,0,0.01518,-0.49010,5,573,0.05759,False,,100
barka,2020-05-21,467,0,1.84561,-0.39436,5,573,0.81501,True,0.00000,100
barka,2020-05-22,0,0,,,5,573,0.00000,False,,100
barka,2020-05-23,554,0,1.30467,-0.40614,5,573,0.96684,True,0.00000,100
barka,2020-05-24,293,3,3.50828,-0.49541,5,573,0.51134,True,0.01024,100
barka,2020-05-25,0,0,,,5,573,0.00000,False,,100
barka,2020-05-26,0,0,,,5,573,0.00000,False,,100
barka,2020-05-27,569,0,0.98761,-0.46539,5,573,0.99302,True,0.00000,100
barka,2020-05-28,497,1,2.86203,-0.50926,5,573,0.86736,True,0.00201,100
barka,2020-05-29,0,0,,,5,573,0.00000,False,,100
barka,2020-05-30,0,0,,,5,573,0.00000,False,,100
barka,2020-05-31,569,1,2.19809,-0.43712,5,573,0.99302,True,0.00176,100
barka,2020-06-01,568,8,2.43349,-0.47615,6,572,0.99301,True,0.01408,100
barka,2020-06-02,0,0,,,6,572,0.00000,False,,100
barka,2020-06-03,2,0,1.57080,0.77773,6,572,0.00350,False,,100
barka,2020-06-04,0,0,,,6,572,0.00000,False,,100
barka,2020-06-05,529,0,1.20672,-0.56845,6,572,0.92483,True,0.00000,100
barka,2020-06-06,0,0,,,6,572,0.00000,False,,100
barka,2020-06-07,399,1,2.51481,-0.50662,6,572,0.69755,True,0.00251,100
barka,2020-06-08,0,0,,,6,572,0.00000,False,,100
barka,2020-06-09,450,1,2.16254,-0.50907,6,572,0.78671,True,0.00222,100
barka,2020-06-10,0,0,,,6,572,0.00000,False,,100
barka,2020-06-11,570,1,2.17848,-0.48192,6,572,0.99650,True,0.00175,100
barka,2020-06-12,0,0,,,6,572,0.00000,False,,100
barka,2020-06-13,561,0,1.53946,-0.60316,6,572,0.98077,True,0.00000,100
barka,2020-06-14,0,0,,,6,572,0.00000,False,,100
barka,2020-06-15,560,4,2.19179,-0.49765,6,572,0.97902,True,0.00714,100
barka,2020-06-16,23,2,2.34839,-0.38574,6,572,0.04021,False,,100
barka,2020-06-17,542,0,1.84955,-0.55907,6,572,0.94755,True,0.00000,100
barka,2020-06-18,0,0,,,6,572,0.00000,False,,100
barka,2020-06-19,457,41,2.85617,-0.38035,6,572,0.79895,True,0.08972,100
barka,2020-06-20,314,10,2.57089,-0.49410,6,572,0.54895,True,0.03185,100
barka,2020-06-21,0,0,,,6,572,0.00000,False,,100
barka,2020-06-22,0,0,,,6,572,0.00000,False,,100
barka,2020-06-23,439,9,2.40702,-0.34757,6,572,0.76748,True,0.02050,100
barka,2020-06-24,512,50,3.66914,-0.49067,6,572,0.89510,True,0.09766,100
barka,2020-06-25,0,0,,,6,572,0.00000,False,,100
barka,2020-06-26,0,0,,,6,572,0.00000,False,,100
barka,2020-06-27,540,144,4.26944,-0.31509,6,572,0.94406,True,0.26667,100
barka,2020-06-28,510,21,2.66312,-0.48017,6,572,0.89161,True,0.04118,100
barka,2020-06-29,0,0,,,6,572,0.00000,False,,100
barka,2020-06-30,223,12,2.75665,-0.47190,6,572,0.38986,True,0.05381,100
barka,2020-07-01,0,0,,,7,569,0.00000,False,,100
barka,2020-07-02,422,0,1.51848,-0.39991,7,569,0.74165,True,0.00000,100
barka,2020-07-03,0,0,,,7,569,0.00000,False,,100
barka,2020-07-04,437,1,2.28053,-0.34064,7,569,0.76801,True,0.00229,100
barka,2020-07-05,0,0,,,7,569,0.00000,False,,100
barka,2020-07-06,69,0,1.64687,-0.47692,7,569,0.12127,True,0.00000,100
barka,2020-07-07,0,0,,,7,569,0.00000,False,,100
barka,2020-07-08,374,11,2.63735,-0.42398,7,569,0.65729,True,0.02941,100
barka,2020-07-09,0,0,,,7,569,0.00000,False,,100
barka,2020-07-10,12,0,1.94274,0.35093,7,569,0.02109,False,,100
barka,2020-07-11,0,0,,,7,569,0.00000,False,,100
barka,2020-07-12,496,4,2.26014,-0.42498,7,569,0.87170,True,0.00806,100
barka,2020-07-13,130,19,4.05334,-0.42526,7,569,0.22847,True,0.14615,100
barka,2020-07-14,391,1,2.22845,-0.45984,7,569,0.68717,True,0.00256,100
barka,2020-07-15,0,0,,,7,569,0.00000,False,,100
barka,2020-07-16,511,0,1.15517,-0.40377,7,569,0.89807,True,0.00000,100
barka,2020-07-17,314,0,1.44033,-0.65663,7,569,0.55185,True,0.00000,100
barka,2020-07-18,0,0,,,7,569,0.00000,False,,100
barka,2020-07-19,0,0,,,7,569,0.00000,False,,100
barka,2020-07-20,558,1,2.13278,-0.41241,7,569,0.98067,True,0.00179,100
barka,2020-07-21,507,14,2.64662,-0.55988,7,569,0.89104,True,0.02761,100
barka,2020-07-22,0,0,,,7,569,0.00000,False,,100
barka,2020-07-23,1,1,3.70570,0.32546,7,569,0.00176,False,,100
barka,2020-07-24,533,26,2.71650,-0.44695,7,569,0.93673,True,0.04878,100
barka,2020-07-25,552,7,2.24386,-0.56376,7,569,0.97012,True,0.01268,100
barka,2020-07-26,0,0,,,7,569,0.00000,False,,100
barka,2020-07-27,240,3,2.28166,-0.57932,7,569,0.42179,True,0.01250,100
barka,2020-07-28,0,0,,,7,569,0.00000,False,,100
barka,2020-07-29,563,0,0.28766,-0.62730,7,569,0.98946,True,0.00000,100
barka,2020-07-30,0,0,,,7,569,0.00000,False,,100
barka,2020-07-31,123,0,1.11041,-0.38467,7,569,0.21617,True,0.00000,100
barka,2020-08-01,0,0,,,8,570,0.00000,False,,100
barka,2020-08-02,375,0,1.45304,-0.48814,8,570,0.65789,True,0.00000,100
barka,2020-08-03,0,0,,,8,570,0.00000,False,,100
barka,2020-08-04,155,0,0.10820,-0.46855,8,570,0.27193,True,0.00000,100
barka,2020-08-05,0,0,,,8,570,0.00000,False,,100
barka,2020-08-06,27,0,0.02218,-0.47874,8,570,0.04737,False,,100
barka,2020-08-07,0,0,,,8,570,0.00000,False,,100
barka,2020-08-08,0,0,,,8,570,0.00000,False,,100
barka,2020-08-09,0,0,,,8,570,0.00000,False,,100
barka,2020-08-10,492,0,1.30756,-0.38083,8,570,0.86316,True,0.00000,100
barka,2020-08-11,0,0,,,8,570,0.00000,False,,100
barka,2020-08-12,328,0,1.87647,-0.16412,8,570,0.57544,True,0.00000,100
barka,2020-08-13,423,0,1.92531,-0.57244,8,570,0.74211,True,0.00000,100
barka,2020-08-14,0,0,,,8,570,0.00000,False,,100
barka,2020-08-15,0,0,,,8,570,0.00000,False,,100
barka,2020-08-16,404,3,2.44504,-0.40697,8,570,0.70877,True,0.00743,100
barka,2020-08-17,142,0,1.68902,-0.54134,8,570,0.24912,True,0.00000,100
barka,2020-08-18,0,0,,,8,570,0.00000,False,,100
barka,2020-08-19,50,7,4.02469,-0.50549,8,570,0.08772,False,,100
barka,2020-08-20,546,2,2.13191,-0.33178,8,570,0.95789,True,0.00366,100
barka,2020-08-21,245,0,1.36273,-0.50863,8,570,0.42982,True,0.00000,100
barka,2020-08-22,0,0,,,8,570,0.00000,False,,100
barka,2020-08-23,122,9,3.29364,-0.41801,8,570,0.21404,True,0.07377,100
barka,2020-08-24,0,0,,,8,570,0.00000,False,,100
barka,2020-08-25,269,9,4.18075,-0.27692,8,570,0.47193,True,0.03346,100
barka,2020-08-26,0,0,,,8,570,0.00000,False,,100
barka,2020-08-27,194,54,4.01716,0.00046,8,570,0.34035,True,0.27835,100
barka,2020-08-28,0,0,,,8,570,0.00000,False,,100
barka,2020-08-29,537,13,4.02093,-0.39360,8,570,0.94211,True,0.02421,100
barka,2020-08-30,0,0,,,8,570,0.00000,False,,100
barka,2020-08-31,0,0,,,8,570,0.00000,False,,100
barka,2020-09-01,0,0,,,9,573,0.00000,False,,100
barka,2020-09-02,0,0,,,9,573,0.00000,False,,100
barka,2020-09-03,0,0,,,9,573,0.00000,False,,100
barka,2020-09-04,571,0,1.25064,-0.51099,9,573,0.99651,True,0.00000,100
barka,2020-09-05,220,2,2.53286,-0.59836,9,573,0.38394,True,0.00909,100
barka,2020-09-06,569,1,2.03901,-0.44586,9,573,0.99302,True,0.00176,100
barka,2020-09-07,0,0,,,9,573,0.00000,False,,100
barka,2020-09-08,572,0,1.41055,-0.47754,9,573,0.99825,True,0.00000,100
barka,2020-09-09,397,0,1.98121,-0.59996,9,573,0.69284,True,0.00000,100
barka,2020-09-10,0,0,,,9,573,0.00000,False,,100
barka,2020-09-11,0,0,,,9,573,0.00000,False,,100
barka,2020-09-12,558,0,1.45134,-0.40743,9,573,0.97382,True,0.00000,100
barka,2020-09-13,568,0,1.06971,-0.52709,9,573,0.99127,True,0.00000,100
barka,2020-09-14,0,0,,,9,573,0.00000,False,,100
barka,2020-09-15,90,8,3.19450,-0.56849,9,573,0.15707,True,0.08889,100
barka,2020-09-16,569,0,1.36380,-0.51999,9,573,0.99302,True,0.00000,100
barka,2020-09-17,0,0,,,9,573,0.00000,False,,100
barka,2020-09-18,0,0,,,9,573,0.00000,False,,100
barka,2020-09-19,387,0,1.93084,-0.51199,9,573,0.67539,True,0.00000,100
barka,2020-09-20,0,0,,,9,573,0.00000,False,,100
barka,2020-09-21,570,0,1.43059,-0.50959,9,573,0.99476,True,0.00000,100
barka,2020-09-22,0,0,,,9,573,0.00000,False,,100
barka,2020-09-23,561,0,1.54497,-0.46485,9,573,0.97906,True,0.00000,100
barka,2020-09-24,0,0,,,9,573,0.00000,False,,100
barka,2020-09-25,569,0,1.91586,-0.45611,9,573,0.99302,True,0.00000,100
barka,2020-09-26,0,0,,,9,573,0.00000,False,,100
barka,2020-09-27,0,0,,,9,573,0.00000,False,,100
barka,2020-09-28,115,0,1.99045,-0.52299,9,573,0.20070,True,0.00000,100
barka,2020-09-29,568,0,1.97256,-0.44767,9,573,0.99127,True,0.00000,100
barka,2020-09-30,0,0,,,9,573,0.00000,False,,100
barka,2020-10-01,570,0,1.16863,-0.45864,10,574,0.99303,True,0.00000,100
barka,2020-10-02,470,1,3.11971,-0.48975,10,574,0.81882,True,0.00213,100
barka,2020-10-03,567,0,1.83202,-0.47267,10,574,0.98780,True,0.00000,100
barka,2020-10-04,0,0,,,10,574,0.00000,False,,100
barka,2020-10-05,571,0,0.15479,-0.48209,10,574,0.99477,True,0.00000,100
barka,2020-10-06,572,0,-0.10011,-0.56224,10,574,0.99652,True,0.00000,100
barka,2020-10-07,0,0,,,10,574,0.00000,False,,100
barka,2020-10-08,106,2,2.09410,-0.57008,10,574,0.18467,True,0.01887,100
barka,2020-10-09,569,0,0.43165,-0.49074,10,574,0.99129,True,0.00000,100
barka,2020-10-10,571,0,0.24736,-0.53798,10,574,0.99477,True,0.00000,100
barka,2020-10-11,0,0,,,10,574,0.00000,False,,100
barka,2020-10-12,125,0,1.76388,-0.38091,10,574,0.21777,True,0.00000,100
barka,2020-10-13,572,0,1.35176,-0.42787,10,574,0.99652,True,0.00000,100
barka,2020-10-14,572,0,0.78285,-0.44477,10,574,0.99652,True,0.00000,100
barka,2020-10-15,0,0,,,10,574,0.00000,False,,100
barka,2020-10-16,495,1,2.21438,-0.40726,10,574,0.86237,True,0.00202,100
barka,2020-10-17,0,0,,,10,574,0.00000,False,,100
barka,2020-10-18,571,2,2.25186,-0.36149,10,574,0.99477,True,0.00350,100
barka,2020-10-19,0,0,,,10,574,0.00000,False,,100
barka,2020-10-20,572,13,2.83717,-0.32832,10,574,0.99652,True,0.02273,100
barka,2020-10-21,126,1,2.26883,-0.47129,10,574,0.21951,True,0.00794,100
barka,2020-10-22,0,0,,,10,574,0.00000,False,,100
barka,2020-10-23,0,0,,,10,574,0.00000,False,,100
barka,2020-10-24,573,5,2.51056,-0.30468,10,574,0.99826,True,0.00873,100
barka,2020-10-25,272,3,3.23963,-0.27188,10,574,0.47387,True,0.01103,100
barka,2020-10-26,571,2,2.36211,-0.29817,10,574,0.99477,True,0.00350,100
barka,2020-10-27,49,0,0.78991,-0.37256,10,574,0.08537,False,,100
barka,2020-10-28,573,0,1.18533,-0.37118,10,574,0.99826,True,0.00000,100
barka,2020-10-29,554,1,2.14433,-0.38355,10,574,0.96516,True,0.00181,100
barka,2020-10-30,570,0,1.47312,-0.36844,10,574,0.99303,True,0.00000,100
barka,2020-10-31,194,1,2.85030,-0.40546,10,574,0.33798,True,0.00515,100
barka,2020-11-01,0,0,,,11,573,0.00000,False,,100
barka,2020-11-02,573,0,1.58546,-0.42475,11,573,1.00000,True,0.00000,100
barka,2020-11-03,0,0,,,11,573,0.00000,False,,100
barka,2020-11-04,563,1,2.60600,-0.49790,11,573,0.98255,True,0.00178,100
barka,2020-11-05,554,0,0.84558,-0.46443,11,573,0.96684,True,0.00000,100
barka,2020-11-06,572,2,2.19408,-0.42272,11,573,0.99825,True,0.00350,100
barka,2020-11-07,0,0,,,11,573,0.00000,False,,100
barka,2020-11-08,554,16,3.83403,-0.40744,11,573,0.96684,True,0.02888,100
barka,2020-11-09,569,1,2.31286,-0.42773,11,573,0.99302,True,0.00176,100
barka,2020-11-10,570,6,2.95779,-0.44145,11,573,0.99476,True,0.01053,100
barka,2020-11-11,0,0,,,11,573,0.00000,False,,100
barka,2020-11-12,558,1,2.57697,-0.37562,11,573,0.97382,True,0.00179,100
barka,2020-11-13,302,0,0.43431,-0.38426,11,573,0.52705,True,0.00000,100
barka,2020-11-14,569,0,1.64701,-0.35417,11,573,0.99302,True,0.00000,100
barka,2020-11-15,0,0,,,11,573,0.00000,False,,100
barka,2020-11-16,566,0,1.02044,-0.27741,11,573,0.98778,True,0.00000,100
barka,2020-11-17,570,0,1.89085,-0.23327,11,573,0.99476,True,0.00000,100
barka,2020-11-18,545,9,3.55863,-0.24555,11,573,0.95113,True,0.01651,100
barka,2020-11-19,0,0,,,11,573,0.00000,False,,100
barka,2020-11-20,561,0,1.00162,-0.36413,11,573,0.97906,True,0.00000,100
barka,2020-11-21,0,0,,,11,573,0.00000,False,,100
barka,2020-11-22,572,0,1.98685,-0.27268,11,573,0.99825,True,0.00000,100
barka,2020-11-23,139,0,0.41166,-0.27760,11,573,0.24258,True,0.00000,100
barka,2020-11-24,0,0,,,11,573,0.00000,False,,100
barka,2020-11-25,511,0,1.46550,-0.29030,11,573,0.89180,True,0.00000,100
barka,2020-11-26,545,5,2.36350,-0.13923,11,573,0.95113,True,0.00917,100
barka,2020-11-27,329,0,1.67876,-0.27434,11,573,0.57417,True,0.00000,100
barka,2020-11-28,545,18,2.51515,-0.20836,11,573,0.95113,True,0.03303,100
barka,2020-11-29,0,0,,,11,573,0.00000,False,,100
barka,2020-11-30,0,0,,,11,573,0.00000,False,,100
barka,2020-12-01,573,41,3.38929,-0.12862,12,573,1.00000,True,0.07155,100
barka,2020-12-02,573,23,2.90301,-0.10952,12,573,1.00000,True,0.04014,100
barka,2020-12-03,573,45,3.32657,-0.07164,12,573,1.00000,True,0.07853,100
barka,2020-12-04,0,0,,,12,573,0.00000,False,,100
barka,2020-12-05,573,0,1.92695,-0.12315,12,573,1.00000,True,0.00000,100
barka,2020-12-06,568,0,1.69608,-0.20029,12,573,0.99127,True,0.00000,100
barka,2020-12-07,531,50,3.69765,-0.08804,12,573,0.92670,True,0.09416,100
barka,2020-12-08,0,0,,,12,573,0.00000,False,,100
barka,2020-12-09,497,0,0.79761,-0.27225,12,573,0.86736,True,0.00000,100
barka,2020-12-10,294,0,1.60511,-0.24529,12,573,0.51309,True,0.00000,100
barka,2020-12-11,523,2,2.27228,-0.18482,12,573,0.91274,True,0.00382,100
barka,2020-12-12,0,0,,,12,573,0.00000,False,,100
barka,2020-12-13,496,0,1.37383,-0.33166,12,573,0.86562,True,0.00000,100
barka,2020-12-14,0,0,,,12,573,0.00000,False,,100
barka,2020-12-15,446,58,3.29843,-0.01192,12,573,0.77836,True,0.13004,100
barka,2020-12-16,0,0,,,12,573,0.00000,False,,100
barka,2020-12-17,573,1,2.01305,-0.18354,12,573,1.00000,True,0.00175,100
barka,2020-12-18,573,1,2.00328,-0.17623,12,573,1.00000,True,0.00175,100
barka,2020-12-19,515,12,3.01492,-0.11258,12,573,0.89878,True,0.02330,100
barka,2020-12-20,71,2,3.31391,-0.18177,12,573,0.12391,True,0.02817,100
barka,2020-12-21,514,0,1.97247,-0.25334,12,573,0.89703,True,0.00000,100
barka,2020-12-22,0,0,,,12,573,0.00000,False,,100
barka,2020-12-23,543,0,1.16622,-0.21280,12,573,0.94764,True,0.00000,100
barka,2020-12-24,457,0,0.95369,-0.26248,12,573,0.79756,True,0.00000,100
barka,2020-12-25,0,0,,,12,573,0.00000,False,,100
barka,2020-12-26,500,1,2.00176,-0.25631,12,573,0.87260,True,0.00200,100
barka,2020-12-27,0,0,,,12,573,0.00000,False,,100
barka,2020-12-28,0,0,,,12,573,0.00000,False,,100
barka,2020-12-29,572,4,2.91549,-0.21767,12,573,0.99825,True,0.00699,100
barka,2020-12-30,571,8,2.84898,-0.21462,12,573,0.99651,True,0.01401,100
barka,2020-12-31,0,0,,,12,573,0.00000,False,,100
barka,2021-01-01,0,0,,,1,573,0.00000,False,,100
barka,2021-01-02,0,0,,,1,573,0.00000,False,,100
barka,2021-01-03,0,0,,,1,573,0.00000,False,,100
barka,2021-01-04,0,0,,,1,573,0.00000,False,,100
barka,2021-01-05,0,0,,,1,573,0.00000,False,,100
barka,2021-01-06,0,0,,,1,573,0.00000,False,,100
barka,2021-01-07,0,0,,,1,573,0.00000,False,,100
barka,2021-01-08,0,0,,,1,573,0.00000,False,,100
barka,2021-01-09,0,0,,,1,573,0.00000,False,,100
barka,2021-01-10,0,0,,,1,573,0.00000,False,,100
barka,2021-01-11,0,0,,,1,573,0.00000,False,,100
barka,2021-01-12,0,0,,,1,573,0.00000,False,,100
barka,2021-01-13,0,0,,,1,573,0.00000,False,,100
barka,2021-01-14,0,0,,,1,573,0.00000,False,,100
barka,2021-01-15,0,0,,,1,573,0.00000,False,,100
barka,2021-01-16,0,0,,,1,573,0.00000,False,,100
barka,2021-01-17,0,0,,,1,573,0.00000,False,,100
barka,2021-01-18,0,0,,,1,573,0.00000,False,,100
barka,2021-01-19,0,0,,,1,573,0.00000,False,,100
barka,2021-01-20,0,0,,,1,573,0.00000,False,,100
barka,2021-01-21,0,0,,,1,573,0.00000,False,,100
barka,2021-01-22,0,0,,,1,573,0.00000,False,,100
barka,2021-01-23,0,0,,,1,573,0.00000,False,,100
barka,2021-01-24,0,0,,,1,573,0.00000,False,,100
barka,2021-01-25,0,0,,,1,573,0.00000,False,,100
barka,2021-01-26,0,0,,,1,573,0.00000,False,,100
barka,2021-01-27,0,0,,,1,573,0.00000,False,,100
barka,2021-01-28,0,0,,,1,573,0.00000,False,,100
barka,2021-01-29,0,0,,,1,573,0.00000,False,,100
barka,2021-01-30,0,0,,,1,573,0.00000,False,,100
barka,2021-01-31,0,0,,,1,573,0.00000,False,,100
barka,2021-02-01,0,0,,,2,571,0.00000,False,,100
barka,2021-02-02,0,0,,,2,571,0.00000,False,,100
barka,2021-02-03,0,0,,,2,571,0.00000,False,,100
barka,2021-02-04,0,0,,,2,571,0.00000,False,,100
barka,2021-02-05,0,0,,,2,571,0.00000,False,,100
barka,2021-02-06,0,0,,,2,571,0.00000,False,,100
barka,2021-02-07,0,0,,,2,571,0.00000,False,,100
barka,2021-02-08,0,0,,,2,571,0.00000,False,,100
barka,2021-02-09,0,0,,,2,571,0.00000,False,,100
barka,2021-02-10,0,0,,,2,571,0.00000,False,,100
barka,2021-02-11,0,0,,,2,571,0.00000,False,,100
barka,2021-02-12,0,0,,,2,571,0.00000,False,,100
barka,2021-02-13,0,0,,,2,571,0.00000,False,,100
barka,2021-02-14,0,0,,,2,571,0.00000,False,,100
barka,2021-02-15,0,0,,,2,571,0.00000,False,,100
barka,2021-02-16,0,0,,,2,571,0.00000,False,,100
barka,2021-02-17,0,0,,,2,571,0.00000,False,,100
barka,2021-02-18,0,0,,,2,571,0.00000,False,,100
barka,2021-02-19,0,0,,,2,571,0.00000,False,,100
barka,2021-02-20,0,0,,,2,571,0.00000,False,,100
barka,2021-02-21,0,0,,,2,571,0.00000,False,,100
barka,2021-02-22,0,0,,,2,571,0.00000,False,,100
barka,2021-02-23,0,0,,,2,571,0.00000,False,,100
barka,2021-02-24,0,0,,,2,571,0.00000,False,,100
barka,2021-02-25,0,0,,,2,571,0.00000,False,,100
barka,2021-02-26,0,0,,,2,571,0.00000,False,,100
barka,2021-02-27,0,0,,,2,571,0.00000,False,,100
barka,2021-02-28,0,0,,,2,571,0.00000,False,,100
barka,2021-03-01,0,0,,,3,573,0.00000,False,,100
barka,2021-03-02,0,0,,,3,573,0.00000,False,,100
barka,2021-03-03,0,0,,,3,573,0.00000,False,,100
barka,2021-03-04,570,28,2.93687,0.34412,3,573,0.99476,True,0.04912,100
barka,2021-03-05,538,38,3.46025,0.40668,3,573,0.93892,True,0.07063,100
barka,2021-03-06,569,10,2.77354,0.40335,3,573,0.99302,True,0.01757,100
barka,2021-03-07,0,0,,,3,573,0.00000,False,,100
barka,2021-03-08,573,9,2.36335,0.26709,3,573,1.00000,True,0.01571,100
barka,2021-03-09,496,33,2.68842,0.10220,3,573,0.86562,True,0.06653,100
barka,2021-03-10,426,1,2.27419,-0.16524,3,573,0.74346,True,0.00235,100
barka,2021-03-11,0,0,,,3,573,0.00000,False,,100
barka,2021-03-12,567,43,2.74073,0.52532,3,573,0.98953,True,0.07584,100
barka,2021-03-13,456,1,2.20805,-0.12369,3,573,0.79581,True,0.00219,100
barka,2021-03-14,331,3,3.37216,-0.25612,3,573,0.57766,True,0.00906,100
barka,2021-03-15,1,0,-0.03058,0.73701,3,573,0.00175,False,,100
barka,2021-03-16,263,0,1.43264,-0.19755,3,573,0.45899,True,0.00000,100
barka,2021-03-17,1,0,0.02350,0.80315,3,573,0.00175,False,,100
barka,2021-03-18,231,0,1.57812,-0.19057,3,573,0.40314,True,0.00000,100
barka,2021-03-19,30,0,1.22897,0.35121,3,573,0.05236,False,,100
barka,2021-03-20,561,0,0.21970,-0.15965,3,573,0.97906,True,0.00000,100
barka,2021-03-21,556,0,1.18013,-0.17950,3,573,0.97033,True,0.00000,100
barka,2021-03-22,568,8,2.30894,0.38175,3,573,0.99127,True,0.01408,100
barka,2021-03-23,223,1,2.32170,0.29130,3,573,0.38918,True,0.00448,100
barka,2021-03-24,567,0,1.78249,0.24547,3,573,0.98953,True,0.00000,100
barka,2021-03-25,555,6,2.40034,0.25794,3,573,0.96859,True,0.01081,100
barka,2021-03-26,146,0,1.69382,0.32099,3,573,0.25480,True,0.00000,100
barka,2021-03-27,426,1,2.33640,0.10239,3,573,0.74346,True,0.00235,100
barka,2021-03-28,570,0,1.37813,0.01476,3,573,0.99476,True,0.00000,100
barka,2021-03-29,566,0,1.31486,0.01678,3,573,0.98778,True,0.00000,100
barka,2021-03-30,115,1,2.33176,0.09240,3,573,0.20070,True,0.00870,100
barka,2021-03-31,572,0,0.89013,-0.07273,3,573,0.99825,True,0.00000,100
barka,2021-04-01,568,0,1.37988,0.00160,4,573,0.99127,True,0.00000,100
barka,2021-04-02,573,0,1.57134,-0.00670,4,573,1.00000,True,0.00000,100
barka,2021-04-03,0,0,,,4,573,0.00000,False,,100
barka,2021-04-04,572,0,1.09201,-0.09327,4,573,0.99825,True,0.00000,100
barka,2021-04-05,563,0,1.14068,-0.03998,4,573,0.98255,True,0.00000,100
barka,2021-04-06,573,0,0.70296,-0.21382,4,573,1.00000,True,0.00000,100
barka,2021-04-07,0,0,,,4,573,0.00000,False,,100
barka,2021-04-08,572,0,1.43051,-0.17550,4,573,0.99825,True,0.00000,100
barka,2021-04-09,336,0,1.69491,-0.22436,4,573,0.58639,True,0.00000,100
barka,2021-04-10,0,0,,,4,573,0.00000,False,,100
barka,2021-04-11,0,0,,,4,573,0.00000,False,,100
barka,2021-04-12,515,0,1.65122,-0.14222,4,573,0.89878,True,0.00000,100
barka,2021-04-13,490,2,2.68284,-0.22195,4,573,0.85515,True,0.00408,100
barka,2021-04-14,515,0,1.11840,-0.10276,4,573,0.89878,True,0.00000,100
barka,2021-04-15,0,0,,,4,573,0.00000,False,,100
barka,2021-04-16,560,0,1.35809,-0.14183,4,573,0.97731,True,0.00000,100
barka,2021-04-17,434,0,1.38382,-0.19081,4,573,0.75742,True,0.00000,100
barka,2021-04-18,480,0,0.92149,-0.13349,4,573,0.83770,True,0.00000,100
barka,2021-04-19,15,0,-0.09839,-0.30877,4,573,0.02618,False,,100
barka,2021-04-20,572,2,2.54264,-0.22107,4,573,0.99825,True,0.00350,100
barka,2021-04-21,0,0,,,4,573,0.00000,False,,100
barka,2021-04-22,450,0,1.94372,-0.21491,4,573,0.78534,True,0.00000,100
barka,2021-04-23,238,2,2.05062,-0.32828,4,573,0.41536,True,0.00840,100
barka,2021-04-24,570,0,0.29188,-0.34969,4,573,0.99476,True,0.00000,100
barka,2021-04-25,572,0,-0.06537,-0.39197,4,573,0.99825,True,0.00000,100
barka,2021-04-26,85,0,-0.64583,-0.46236,4,573,0.14834,True,0.00000,100
barka,2021-04-27,0,0,,,4,573,0.00000,False,,100
barka,2021-04-28,386,0,-0.29906,-0.39071,4,573,0.67365,True,0.00000,100
barka,2021-04-29,112,0,-0.02025,-0.33227,4,573,0.19546,True,0.00000,100
barka,2021-04-30,0,0,,,4,573,0.00000,False,,100
barka,2021-05-01,572,0,1.40002,-0.37963,5,573,0.99825,True,0.00000,100
barka,2021-05-02,566,0,1.39834,-0.40286,5,573,0.98778,True,0.00000,100
barka,2021-05-03,0,0,,,5,573,0.00000,False,,100
barka,2021-05-04,0,0,,,5,573,0.00000,False,,100
barka,2021-05-05,554,7,2.37130,-0.32215,5,573,0.96684,True,0.01264,100
barka,2021-05-06,273,8,4.20589,-0.46289,5,573,0.47644,True,0.02930,100
barka,2021-05-07,153,4,3.75629,-0.50257,5,573,0.26702,True,0.02614,100
barka,2021-05-08,0,0,,,5,573,0.00000,False,,100
barka,2021-05-09,569,3,2.73678,-0.41295,5,573,0.99302,True,0.00527,100
barka,2021-05-10,197,9,2.72516,-0.49621,5,573,0.34380,True,0.04569,100
barka,2021-05-11,573,0,1.00197,-0.55135,5,573,1.00000,True,0.00000,100
barka,2021-05-12,0,0,,,5,573,0.00000,False,,100
barka,2021-05-13,571,0,1.86918,-0.48456,5,573,0.99651,True,0.00000,100
barka,2021-05-14,563,1,2.02607,-0.55309,5,573,0.98255,True,0.00178,100
barka,2021-05-15,569,10,3.49126,-0.54001,5,573,0.99302,True,0.01757,100
barka,2021-05-16,0,0,,,5,573,0.00000,False,,100
barka,2021-05-17,469,0,1.18977,-0.49004,5,573,0.81850,True,0.00000,100
barka,2021-05-18,573,0,0.99379,-0.50550,5,573,1.00000,True,0.00000,100
barka,2021-05-19,459,0,1.16015,-0.50483,5,573,0.80105,True,0.00000,100
barka,2021-05-20,100,1,2.19990,-0.54034,5,573,0.17452,True,0.01000,100
barka,2021-05-21,571,0,0.59625,-0.50533,5,573,0.99651,True,0.00000,100
barka,2021-05-22,570,0,1.11776,-0.51803,5,573,0.99476,True,0.00000,100
barka,2021-05-23,130,0,1.26219,-0.49919,5,573,0.22688,True,0.00000,100
barka,2021-05-24,485,3,3.57055,-0.61845,5,573,0.84642,True,0.00619,100
barka,2021-05-25,549,1,2.00627,-0.64337,5,573,0.95812,True,0.00182,100
barka,2021-05-26,563,0,1.07467,-0.62402,5,573,0.98255,True,0.00000,100
barka,2021-05-27,0,0,,,5,573,0.00000,False,,100
barka,2021-05-28,568,0,0.13560,-0.68286,5,573,0.99127,True,0.00000,100
barka,2021-05-29,351,0,1.39518,-0.65140,5,573,0.61257,True,0.00000,100
barka,2021-05-30,0,0,,,5,573,0.00000,False,,100
barka,2021-05-31,0,0,,,5,573,0.00000,False,,100
barka,2021-06-01,571,0,1.66658,-0.63433,6,572,0.99825,True,0.00000,100
barka,2021-06-02,302,0,1.98592,-0.60957,6,572,0.52797,True,0.00000,100
barka,2021-06-03,556,0,1.74779,-0.64859,6,572,0.97203,True,0.00000,100
barka,2021-06-04,0,0,,,6,572,0.00000,False,,100
barka,2021-06-05,522,0,1.16826,-0.63489,6,572,0.91259,True,0.00000,100
barka,2021-06-06,189,2,2.21352,-0.75572,6,572,0.33042,True,0.01058,100
barka,2021-06-07,222,4,2.35548,-0.54541,6,572,0.38811,True,0.01802,100
barka,2021-06-08,0,0,,,6,572,0.00000,False,,100
barka,2021-06-09,0,0,,,6,572,0.00000,False,,100
barka,2021-06-10,563,0,1.86944,-0.64948,6,572,0.98427,True,0.00000,100
barka,2021-06-11,245,1,2.06346,-0.63940,6,572,0.42832,True,0.00408,100
barka,2021-06-12,4,1,2.19343,0.71686,6,572,0.00699,False,,100
barka,2021-06-13,459,12,2.69192,-0.48425,6,572,0.80245,True,0.02614,100
barka,2021-06-14,501,6,3.65100,-0.61268,6,572,0.87587,True,0.01198,100
barka,2021-06-15,388,10,3.74756,-0.64500,6,572,0.67832,True,0.02577,100
barka,2021-06-16,40,2,2.02470,0.08143,6,572,0.06993,False,,100
barka,2021-06-17,571,21,3.80969,-0.66530,6,572,0.99825,True,0.03678,100
barka,2021-06-18,466,13,3.73752,-0.68195,6,572,0.81469,True,0.02790,100
barka,2021-06-19,0,0,,,6,572,0.00000,False,,100
barka,2021-06-20,500,2,2.06563,-0.72518,6,572,0.87413,True,0.00400,100
barka,2021-06-21,212,1,2.39331,-0.74729,6,572,0.37063,True,0.00472,100
barka,2021-06-22,533,0,1.25089,-0.78981,6,572,0.93182,True,0.00000,100
barka,2021-06-23,0,0,,,6,572,0.00000,False,,100
barka,2021-06-24,570,0,1.46611,-0.60929,6,572,0.99650,True,0.00000,100
barka,2021-06-25,0,0,,,6,572,0.00000,False,,100
barka,2021-06-26,554,0,0.90960,-0.63224,6,572,0.96853,True,0.00000,100
barka,2021-06-27,0,0,,,6,572,0.00000,False,,100
barka,2021-06-28,0,0,,,6,572,0.00000,False,,100
barka,2021-06-29,0,0,,,6,572,0.00000,False,,100
barka,2021-06-30,0,0,,,6,572,0.00000,False,,100
barka,2021-07-01,0,0,,,7,569,0.00000,False,,100
barka,2021-07-02,0,0,,,7,569,0.00000,False,,100
barka,2021-07-03,337,0,1.45217,-0.62227,7,569,0.59227,True,0.00000,100
barka,2021-07-04,0,0,,,7,569,0.00000,False,,100
barka,2021-07-05,0,0,,,7,569,0.00000,False,,100
barka,2021-07-06,2,0,-2.58113,-0.89921,7,569,0.00351,False,,100
barka,2021-07-07,118,3,2.53101,-0.60557,7,569,0.20738,True,0.02542,100
barka,2021-07-08,1,0,0.99231,0.72441,7,569,0.00176,False,,100
barka,2021-07-09,5,0,1.12961,-0.02650,7,569,0.00879,False,,100
barka,2021-07-10,68,4,2.88862,-0.50273,7,569,0.11951,True,0.05882,100
barka,2021-07-11,5,0,-2.93356,-1.01948,7,569,0.00879,False,,100
barka,2021-07-12,0,0,,,7,569,0.00000,False,,100
barka,2021-07-13,0,0,,,7,569,0.00000,False,,100
barka,2021-07-14,11,0,0.66824,0.10096,7,569,0.01933,False,,100
barka,2021-07-15,183,0,0.11161,-0.49704,7,569,0.32162,True,0.00000,100
barka,2021-07-16,57,0,-0.34422,-0.71869,7,569,0.10018,True,0.00000,100
barka,2021-07-17,411,13,3.08111,-0.36392,7,569,0.72232,True,0.03163,100
barka,2021-07-18,462,6,2.54843,-0.32061,7,569,0.81195,True,0.01299,100
barka,2021-07-19,568,56,3.83348,-0.24780,7,569,0.99824,True,0.09859,100
barka,2021-07-20,0,0,,,7,569,0.00000,False,,100
barka,2021-07-21,37,8,2.89085,-0.17561,7,569,0.06503,False,,100
barka,2021-07-22,439,94,3.93602,-0.09713,7,569,0.77153,True,0.21412,100
barka,2021-07-23,561,93,3.12710,-0.11334,7,569,0.98594,True,0.16578,100
barka,2021-07-24,0,0,,,7,569,0.00000,False,,100
barka,2021-07-25,551,72,3.56892,-0.13733,7,569,0.96837,True,0.13067,100
barka,2021-07-26,125,0,1.64427,-0.34876,7,569,0.21968,True,0.00000,100
barka,2021-07-27,63,42,4.16321,-0.05079,7,569,0.11072,True,0.66667,100
barka,2021-07-28,0,0,,,7,569,0.00000,False,,100
barka,2021-07-29,1,0,0.85668,0.67087,7,569,0.00176,False,,100
barka,2021-07-30,3,0,0.79329,0.63780,7,569,0.00527,False,,100
barka,2021-07-31,1,0,1.12909,0.77840,7,569,0.00176,False,,100
barka,2021-08-01,0,0,,,8,570,0.00000,False,,100
barka,2021-08-02,568,0,1.92846,-0.28560,8,570,0.99649,True,0.00000,100
barka,2021-08-03,568,0,1.47261,-0.33091,8,570,0.99649,True,0.00000,100
barka,2021-08-04,345,3,2.28620,-0.47469,8,570,0.60526,True,0.00870,100
barka,2021-08-05,4,0,1.37565,-0.37398,8,570,0.00702,False,,100
barka,2021-08-06,559,1,2.08714,-0.33587,8,570,0.98070,True,0.00179,100
barka,2021-08-07,547,9,2.52087,-0.34790,8,570,0.95965,True,0.01645,100
barka,2021-08-08,91,0,1.85142,-0.33521,8,570,0.15965,True,0.00000,100
barka,2021-08-09,236,1,2.00431,-0.27405,8,570,0.41404,True,0.00424,100
barka,2021-08-10,139,1,2.01204,-0.14133,8,570,0.24386,True,0.00719,100
barka,2021-08-11,346,28,3.42598,-0.30491,8,570,0.60702,True,0.08092,100
barka,2021-08-12,24,0,0.33764,-0.41294,8,570,0.04211,False,,100
barka,2021-08-13,390,1,2.15366,-0.36678,8,570,0.68421,True,0.00256,100
barka,2021-08-14,414,1,2.47789,-0.22628,8,570,0.72632,True,0.00242,100
barka,2021-08-15,216,3,2.37026,-0.29112,8,570,0.37895,True,0.01389,100
barka,2021-08-16,0,0,,,8,570,0.00000,False,,100
barka,2021-08-17,0,0,,,8,570,0.00000,False,,100
barka,2021-08-18,0,0,,,8,570,0.00000,False,,100
barka,2021-08-19,217,3,3.30411,-0.51354,8,570,0.38070,True,0.01382,100
barka,2021-08-20,0,0,,,8,570,0.00000,False,,100
barka,2021-08-21,569,0,1.12330,-0.41163,8,570,0.99825,True,0.00000,100
barka,2021-08-22,184,1,2.68985,-0.65325,8,570,0.32281,True,0.00543,100
barka,2021-08-23,499,2,2.40894,-0.60059,8,570,0.87544,True,0.00401,100
barka,2021-08-24,0,0,,,8,570,0.00000,False,,100
barka,2021-08-25,0,0,,,8,570,0.00000,False,,100
barka,2021-08-26,474,1,2.01895,-0.63462,8,570,0.83158,True,0.00211,100
barka,2021-08-27,343,0,0.81357,-0.63383,8,570,0.60175,True,0.00000,100
barka,2021-08-28,0,0,,,8,570,0.00000,False,,100
barka,2021-08-29,381,0,0.24224,-0.65986,8,570,0.66842,True,0.00000,100
barka,2021-08-30,313,0,0.48800,-0.64795,8,570,0.54912,True,0.00000,100
barka,2021-08-31,145,0,0.43743,-0.64567,8,570,0.25439,True,0.00000,100
barka,2021-09-01,36,0,1.83633,-0.65980,9,573,0.06283,False,,100
barka,2021-09-02,567,15,3.52306,-0.52518,9,573,0.98953,True,0.02646,100
barka,2021-09-03,572,17,3.13715,-0.54668,9,573,0.99825,True,0.02972,100
barka,2021-09-04,448,0,1.44078,-0.56652,9,573,0.78185,True,0.00000,100
barka,2021-09-05,360,0,1.91590,-0.66603,9,573,0.62827,True,0.00000,100
barka,2021-09-06,514,0,1.17736,-0.58815,9,573,0.89703,True,0.00000,100
barka,2021-09-07,554,0,1.46099,-0.66580,9,573,0.96684,True,0.00000,100
barka,2021-09-08,0,0,,,9,573,0.00000,False,,100
barka,2021-09-09,412,1,2.50889,-0.63947,9,573,0.71902,True,0.00243,100
barka,2021-09-10,5,0,-0.93157,-0.79871,9,573,0.00873,False,,100
barka,2021-09-11,571,0,1.96092,-0.56318,9,573,0.99651,True,0.00000,100
barka,2021-09-12,0,0,,,9,573,0.00000,False,,100
barka,2021-09-13,570,0,1.56713,-0.47421,9,573,0.99476,True,0.00000,100
barka,2021-09-14,354,0,1.98511,-0.58912,9,573,0.61780,True,0.00000,100
barka,2021-09-15,535,0,1.41334,-0.54615,9,573,0.93368,True,0.00000,100
barka,2021-09-16,0,0,,,9,573,0.00000,False,,100
barka,2021-09-17,573,3,2.21987,-0.48722,9,573,1.00000,True,0.00524,100
barka,2021-09-18,540,0,1.88068,-0.50431,9,573,0.94241,True,0.00000,100
barka,2021-09-19,469,0,1.44510,-0.45713,9,573,0.81850,True,0.00000,100
barka,2021-09-20,0,0,,,9,573,0.00000,False,,100
barka,2021-09-21,572,2,2.91042,-0.50183,9,573,0.99825,True,0.00350,100
barka,2021-09-22,567,0,1.75078,-0.59384,9,573,0.98953,True,0.00000,100
barka,2021-09-23,547,0,1.98160,-0.67511,9,573,0.95462,True,0.00000,100
barka,2021-09-24,8,0,1.37075,0.08268,9,573,0.01396,False,,100
barka,2021-09-25,297,2,2.36194,-0.57387,9,573,0.51832,True,0.00673,100
barka,2021-09-26,564,1,2.75997,-0.56854,9,573,0.98429,True,0.00177,100
barka,2021-09-27,518,0,1.17161,-0.66552,9,573,0.90401,True,0.00000,100
barka,2021-09-28,289,0,1.82173,-0.56794,9,573,0.50436,True,0.00000,100
barka,2021-09-29,516,5,2.49130,-0.45380,9,573,0.90052,True,0.00969,100
barka,2021-09-30,525,8,2.74611,-0.56960,9,573,0.91623,True,0.01524,100
barka,2021-10-01,227,3,4.68436,-0.55993,10,574,0.39547,True,0.01322,100
barka,2021-10-02,192,6,2.83885,-0.36014,10,574,0.33449,True,0.03125,100
barka,2021-10-03,0,0,,,10,574,0.00000,False,,100
barka,2021-10-04,144,30,3.83626,-0.16875,10,574,0.25087,True,0.20833,100
barka,2021-10-05,61,7,2.73585,0.07540,10,574,0.10627,True,0.11475,100
barka,2021-10-06,486,155,5.68149,0.04399,10,574,0.84669,True,0.31893,100
barka,2021-10-07,485,182,5.61575,-0.06660,10,574,0.84495,True,0.37526,100
barka,2021-10-08,573,136,4.53790,-0.19135,10,574,0.99826,True,0.23735,100
barka,2021-10-09,0,0,,,10,574,0.00000,False,,100
barka,2021-10-10,573,76,4.76249,-0.25579,10,574,0.99826,True,0.13264,100
barka,2021-10-11,520,52,5.47186,-0.29269,10,574,0.90592,True,0.10000,100
barka,2021-10-12,571,56,3.02596,-0.25131,10,574,0.99477,True,0.09807,100
barka,2021-10-13,3,2,2.27588,0.96378,10,574,0.00523,False,,100
barka,2021-10-14,572,6,2.42141,-0.32677,10,574,0.99652,True,0.01049,100
barka,2021-10-15,574,2,2.25192,-0.35705,10,574,1.00000,True,0.00348,100
barka,2021-10-16,571,54,3.90144,-0.26728,10,574,0.99477,True,0.09457,100
barka,2021-10-17,94,11,3.53694,-0.36184,10,574,0.16376,True,0.11702,100
barka,2021-10-18,573,73,3.83533,-0.32562,10,574,0.99826,True,0.12740,100
barka,2021-10-19,4,0,1.27579,-0.17467,10,574,0.00697,False,,100
barka,2021-10-20,512,57,3.26276,-0.24691,10,574,0.89199,True,0.11133,100
barka,2021-10-21,422,7,2.33109,-0.39509,10,574,0.73519,True,0.01659,100
barka,2021-10-22,560,38,3.31582,-0.32364,10,574,0.97561,True,0.06786,100
barka,2021-10-23,574,41,4.04090,-0.21049,10,574,1.00000,True,0.07143,100
barka,2021-10-24,566,63,5.34742,-0.15307,10,574,0.98606,True,0.11131,100
barka,2021-10-25,550,18,5.19539,-0.25821,10,574,0.95819,True,0.03273,100
barka,2021-10-26,474,30,4.87957,-0.14814,10,574,0.82578,True,0.06329,100
barka,2021-10-27,478,4,3.10089,-0.26876,10,574,0.83275,True,0.00837,100
barka,2021-10-28,365,26,3.10775,-0.10065,10,574,0.63589,True,0.07123,100
barka,2021-10-29,569,91,4.17083,-0.07954,10,574,0.99129,True,0.15993,100
barka,2021-10-30,572,101,4.49538,-0.11100,10,574,0.99652,True,0.17657,100
barka,2021-10-31,0,0,,,10,574,0.00000,False,,100
barka,2021-11-01,9,8,3.74374,0.21634,11,573,0.01571,False,,100
barka,2021-11-02,572,52,3.78207,-0.10834,11,573,0.99825,True,0.09091,100
barka,2021-11-03,573,20,2.83898,-0.11269,11,573,1.00000,True,0.03490,100
barka,2021-11-04,571,66,3.04546,-0.05393,11,573,0.99651,True,0.11559,100
barka,2021-11-05,0,0,,,11,573,0.00000,False,,100
barka,2021-11-06,571,50,3.08520,-0.09561,11,573,0.99651,True,0.08757,100
barka,2021-11-07,571,32,2.48381,-0.11103,11,573,0.99651,True,0.05604,100
barka,2021-11-08,572,27,2.87033,-0.13677,11,573,0.99825,True,0.04720,100
barka,2021-11-09,133,0,1.69691,-0.14447,11,573,0.23211,True,0.00000,100
barka,2021-11-10,563,9,2.36726,-0.13929,11,573,0.98255,True,0.01599,100
barka,2021-11-11,573,1,2.17020,-0.15576,11,573,1.00000,True,0.00175,100
barka,2021-11-12,0,0,,,11,573,0.00000,False,,100
barka,2021-11-13,461,1,2.32163,-0.13105,11,573,0.80454,True,0.00217,100
barka,2021-11-14,567,5,2.38516,-0.09322,11,573,0.98953,True,0.00882,100
barka,2021-11-15,573,6,2.23212,-0.04757,11,573,1.00000,True,0.01047,100
barka,2021-11-16,571,66,3.55476,0.01691,11,573,0.99651,True,0.11559,100
barka,2021-11-17,573,11,2.66231,-0.13703,11,573,1.00000,True,0.01920,100
barka,2021-11-18,61,14,3.97366,0.27647,11,573,0.10646,True,0.22951,100
barka,2021-11-19,558,6,2.54021,-0.17717,11,573,0.97382,True,0.01075,100
barka,2021-11-20,559,146,4.92431,0.01975,11,573,0.97557,True,0.26118,100
barka,2021-11-21,573,23,2.93538,-0.16060,11,573,1.00000,True,0.04014,100
barka,2021-11-22,573,46,2.81112,-0.09186,11,573,1.00000,True,0.08028,100
barka,2021-11-23,573,67,3.55954,-0.10711,11,573,1.00000,True,0.11693,100
barka,2021-11-24,449,94,5.67254,-0.02991,11,573,0.78360,True,0.20935,100
barka,2021-11-25,573,42,3.81984,-0.04814,11,573,1.00000,True,0.07330,100
barka,2021-11-26,573,12,2.88359,-0.20228,11,573,1.00000,True,0.02094,100
barka,2021-11-27,571,18,2.93100,-0.14173,11,573,0.99651,True,0.03152,100
barka,2021-11-28,132,21,4.27783,0.02927,11,573,0.23037,True,0.15909,100
barka,2021-11-29,353,1,2.51247,-0.23847,11,573,0.61606,True,0.00283,100
barka,2021-11-30,497,1,2.40584,-0.21873,11,573,0.86736,True,0.00201,100
barka,2021-12-01,570,9,2.40632,-0.19307,12,573,0.99476,True,0.01579,100
barka,2021-12-02,0,0,,,12,573,0.00000,False,,100
barka,2021-12-03,431,12,2.97393,-0.15407,12,573,0.75218,True,0.02784,100
barka,2021-12-04,573,45,3.41032,-0.02675,12,573,1.00000,True,0.07853,100
barka,2021-12-05,545,66,4.17271,-0.04733,12,573,0.95113,True,0.12110,100
barka,2021-12-06,141,0,1.75353,-0.20787,12,573,0.24607,True,0.00000,100
barka,2021-12-07,446,4,2.19386,-0.25039,12,573,0.77836,True,0.00897,100
barka,2021-12-08,572,35,3.74732,-0.06736,12,573,0.99825,True,0.06119,100
barka,2021-12-09,571,53,2.80742,0.02859,12,573,0.99651,True,0.09282,100
barka,2021-12-10,461,5,3.18242,-0.14245,12,573,0.80454,True,0.01085,100
barka,2021-12-11,573,25,3.67424,-0.00994,12,573,1.00000,True,0.04363,100
barka,2021-12-12,0,0,,,12,573,0.00000,False,,100
barka,2021-12-13,566,17,3.14912,-0.23294,12,573,0.98778,True,0.03004,100
barka,2021-12-14,573,0,1.99213,-0.15636,12,573,1.00000,True,0.00000,100
barka,2021-12-15,572,18,3.11488,-0.04393,12,573,0.99825,True,0.03147,100
barka,2021-12-16,469,5,2.37633,-0.12268,12,573,0.81850,True,0.01066,100
barka,2021-12-17,266,6,2.50396,-0.10971,12,573,0.46422,True,0.02256,100
barka,2021-12-18,483,1,2.08383,-0.17110,12,573,0.84293,True,0.00207,100
barka,2021-12-19,551,0,1.81907,-0.19753,12,573,0.96161,True,0.00000,100
barka,2021-12-20,573,7,3.27587,-0.18592,12,573,1.00000,True,0.01222,100
barka,2021-12-21,114,17,4.02490,0.02322,12,573,0.19895,True,0.14912,100
barka,2021-12-22,461,8,2.83909,-0.20026,12,573,0.80454,True,0.01735,100
barka,2021-12-23,571,28,3.17108,-0.08761,12,573,0.99651,True,0.04904,100
barka,2021-12-24,573,46,4.32450,-0.10479,12,573,1.00000,True,0.08028,100
barka,2021-12-25,125,102,4.33850,0.30545,12,573,0.21815,True,0.81600,100
barka,2021-12-26,524,212,4.98077,0.10345,12,573,0.91449,True,0.40458,100
barka,2021-12-27,217,19,3.68078,-0.18771,12,573,0.37871,True,0.08756,100
barka,2021-12-28,488,10,3.56991,-0.15683,12,573,0.85166,True,0.02049,100
barka,2021-12-29,0,0,,,12,573,0.00000,False,,100
barka,2021-12-30,121,5,3.21003,-0.12246,12,573,0.21117,True,0.04132,100
barka,2021-12-31,216,7,3.74078,-0.32893,12,573,0.37696,True,0.03241,100
kalba,2019-01-01,495,34,2.70132,0.07369,1,534,0.92697,True,0.06869,100
kalba,2019-01-02,0,0,,,1,534,0.00000,False,,100
kalba,2019-01-03,0,0,,,1,534,0.00000,False,,100
kalba,2019-01-04,117,19,3.02730,0.08241,1,534,0.21910,True,0.16239,100
kalba,2019-01-05,526,12,3.25630,-0.01873,1,534,0.98502,True,0.02281,100
kalba,2019-01-06,0,0,,,1,534,0.00000,False,,100
kalba,2019-01-07,0,0,,,1,534,0.00000,False,,100
kalba,2019-01-08,233,34,2.89801,-0.29274,1,534,0.43633,True,0.14592,100
kalba,2019-01-09,388,30,3.48818,-0.03322,1,534,0.72659,True,0.07732,100
kalba,2019-01-10,0,0,,,1,534,0.00000,False,,100
kalba,2019-01-11,0,0,,,1,534,0.00000,False,,100
kalba,2019-01-12,500,0,1.92436,-0.17668,1,534,0.93633,True,0.00000,100
kalba,2019-01-13,520,5,2.31505,-0.05038,1,534,0.97378,True,0.00962,100
kalba,2019-01-14,0,0,,,1,534,0.00000,False,,100
kalba,2019-01-15,0,0,,,1,534,0.00000,False,,100
kalba,2019-01-16,533,22,3.18638,0.05764,1,534,0.99813,True,0.04128,100
kalba,2019-01-17,423,182,3.76731,0.19764,1,534,0.79213,True,0.43026,100
kalba,2019-01-18,0,0,,,1,534,0.00000,False,,100
kalba,2019-01-19,0,0,,,1,534,0.00000,False,,100
kalba,2019-01-20,520,28,2.67585,-0.16211,1,534,0.97378,True,0.05385,100
kalba,2019-01-21,2,2,3.08887,0.86308,1,534,0.00375,False,,100
kalba,2019-01-22,0,0,,,1,534,0.00000,False,,100
kalba,2019-01-23,13,0,1.51009,0.66772,1,534,0.02434,False,,100
kalba,2019-01-24,207,0,0.23293,-0.37981,1,534,0.38764,True,0.00000,100
kalba,2019-01-25,0,0,,,1,534,0.00000,False,,100
kalba,2019-01-26,0,0,,,1,534,0.00000,False,,100
kalba,2019-01-27,70,5,2.94573,0.01225,1,534,0.13109,True,0.07143,100
kalba,2019-01-28,343,0,1.25676,-0.19600,1,534,0.64232,True,0.00000,100
kalba,2019-01-29,0,0,,,1,534,0.00000,False,,100
kalba,2019-01-30,0,0,,,1,534,0.00000,False,,100
kalba,2019-01-31,444,124,3.87863,0.14086,1,534,0.83146,True,0.27928,100
kalba,2019-02-01,473,14,2.45493,0.10981,2,533,0.88743,True,0.02960,100
kalba,2019-02-02,0,0,,,2,533,0.00000,False,,100
kalba,2019-02-03,0,0,,,2,533,0.00000,False,,100
kalba,2019-02-04,302,13,2.81924,-0.15321,2,533,0.56660,True,0.04305,100
kalba,2019-02-05,527,1,2.20804,-0.06481,2,533,0.98874,True,0.00190,100
kalba,2019-02-06,0,0,,,2,533,0.00000,False,,100
kalba,2019-02-07,0,0,,,2,533,0.00000,False,,100
kalba,2019-02-08,531,11,2.43913,-0.01670,2,533,0.99625,True,0.02072,100
kalba,2019-02-09,514,4,2.36201,0.08314,2,533,0.96435,True,0.00778,100
kalba,2019-02-10,0,0,,,2,533,0.00000,False,,100
kalba,2019-02-11,0,0,,,2,533,0.00000,False,,100
kalba,2019-02-12,216,1,2.65403,-0.30368,2,533,0.40525,True,0.00463,100
kalba,2019-02-13,517,1,2.20072,-0.11050,2,533,0.96998,True,0.00193,100
kalba,2019-02-14,0,0,,,2,533,0.00000,False,,100
kalba,2019-02-15,0,0,,,2,533,0.00000,False,,100
kalba,2019-02-16,297,2,2.50113,-0.07396,2,533,0.55722,True,0.00673,100
kalba,2019-02-17,35,0,0.41887,-0.16826,2,533,0.06567,False,,100
kalba,2019-02-18,0,0,,,2,533,0.00000,False,,100
kalba,2019-02-19,7,0,1.38611,0.72336,2,533,0.01313,False,,100
kalba,2019-02-20,528,0,1.79927,-0.19781,2,533,0.99062,True,0.00000,100
kalba,2019-02-21,0,0,,,2,533,0.00000,False,,100
kalba,2019-02-22,0,0,,,2,533,0.00000,False,,100
kalba,2019-02-23,110,22,2.54469,0.43328,2,533,0.20638,True,0.20000,100
kalba,2019-02-24,152,0,0.49905,-0.20339,2,533,0.28518,True,0.00000,100
kalba,2019-02-25,0,0,,,2,533,0.00000,False,,100
kalba,2019-02-26,0,0,,,2,533,0.00000,False,,100
kalba,2019-02-27,147,1,2.23292,-0.02939,2,533,0.27580,True,0.00680,100
kalba,2019-02-28,51,1,2.19004,-0.02105,2,533,0.09568,False,,100
kalba,2019-03-01,0,0,,,3,536,0.00000,False,,100
kalba,2019-03-02,0,0,,,3,536,0.00000,False,,100
kalba,2019-03-03,84,0,1.36351,0.17878,3,536,0.15672,True,0.00000,100
kalba,2019-03-04,522,0,1.69537,-0.23078,3,536,0.97388,True,0.00000,100
kalba,2019-03-05,0,0,,,3,536,0.00000,False,,100
kalba,2019-03-06,0,0,,,3,536,0.00000,False,,100
kalba,2019-03-07,46,0,1.63768,0.04428,3,536,0.08582,False,,100
kalba,2019-03-08,520,0,1.85952,0.09488,3,536,0.97015,True,0.00000,100
kalba,2019-03-09,0,0,,,3,536,0.00000,False,,100
kalba,2019-03-10,0,0,,,3,536,0.00000,False,,100
kalba,2019-03-11,522,2,2.60918,-0.16204,3,536,0.97388,True,0.00383,100
kalba,2019-03-12,518,0,1.88627,0.01140,3,536,0.96642,True,0.00000,100
kalba,2019-03-13,0,0,,,3,536,0.00000,False,,100
kalba,2019-03-14,0,0,,,3,536,0.00000,False,,100
kalba,2019-03-15,5,0,0.04070,-0.34275,3,536,0.00933,False,,100
kalba,2019-03-16,320,2,2.29446,-0.20318,3,536,0.59701,True,0.00625,100
kalba,2019-03-17,0,0,,,3,536,0.00000,False,,100
kalba,2019-03-18,0,0,,,3,536,0.00000,False,,100
kalba,2019-03-19,530,16,4.01018,-0.08831,3,536,0.98881,True,0.03019,100
kalba,2019-03-20,0,0,,,3,536,0.00000,False,,100
kalba,2019-03-21,12,0,1.14884,0.72928,3,536,0.02239,False,,100
kalba,2019-03-22,6,0,0.90213,0.20562,3,536,0.01119,False,,100
kalba,2019-03-23,5,3,2.67678,0.75145,3,536,0.00933,False,,100
kalba,2019-03-24,0,0,,,3,536,0.00000,False,,100
kalba,2019-03-25,0,0,,,3,536,0.00000,False,,100
kalba,2019-03-26,0,0,,,3,536,0.00000,False,,100
kalba,2019-03-27,2,1,2.47997,0.91817,3,536,0.00373,False,,100
kalba,2019-03-28,0,0,,,3,536,0.00000,False,,100
kalba,2019-03-29,525,61,3.21839,0.40199,3,536,0.97948,True,0.11619,100
kalba,2019-03-30,2,0,1.21618,0.64724,3,536,0.00373,False,,100
kalba,2019-03-31,0,0,,,3,536,0.00000,False,,100
kalba,2019-04-01,0,0,,,4,536,0.00000,False,,100
kalba,2019-04-02,246,92,3.37525,0.55503,4,536,0.45896,True,0.37398,100
kalba,2019-04-03,9,5,2.88644,0.56942,4,536,0.01679,False,,100
kalba,2019-04-04,413,5,3.10444,0.03412,4,536,0.77052,True,0.01211,100
kalba,2019-04-05,0,0,,,4,536,0.00000,False,,100
kalba,2019-04-06,0,0,,,4,536,0.00000,False,,100
kalba,2019-04-07,0,0,,,4,536,0.00000,False,,100
kalba,2019-04-08,0,0,,,4,536,0.00000,False,,100
kalba,2019-04-09,6,1,3.50948,1.05190,4,536,0.01119,False,,100
kalba,2019-04-10,3,1,2.01357,0.54968,4,536,0.00560,False,,100
kalba,2019-04-11,407,148,3.23050,0.49981,4,536,0.75933,True,0.36364,100
kalba,2019-04-12,0,0,,,4,536,0.00000,False,,100
kalba,2019-04-13,13,1,2.94424,0.75328,4,536,0.02425,False,,100
kalba,2019-04-14,225,1,2.32293,0.18970,4,536,0.41978,True,0.00444,100
kalba,2019-04-15,530,0,1.90914,0.22542,4,536,0.98881,True,0.00000,100
kalba,2019-04-16,0,0,,,4,536,0.00000,False,,100
kalba,2019-04-17,103,13,2.93471,0.37226,4,536,0.19216,True,0.12621,100
kalba,2019-04-18,513,38,3.69467,0.24315,4,536,0.95709,True,0.07407,100
kalba,2019-04-19,474,34,3.59524,0.32936,4,536,0.88433,True,0.07173,100
kalba,2019-04-20,0,0,,,4,536,0.00000,False,,100
kalba,2019-04-21,495,85,3.12917,0.39709,4,536,0.92351,True,0.17172,100
kalba,2019-04-22,476,76,2.94066,0.34380,4,536,0.88806,True,0.15966,100
kalba,2019-04-23,433,13,2.63643,0.05789,4,536,0.80784,True,0.03002,100
kalba,2019-04-24,0,0,,,4,536,0.00000,False,,100
kalba,2019-04-25,522,36,3.33681,0.31278,4,536,0.97388,True,0.06897,100
kalba,2019-04-26,6,0,1.80859,0.93416,4,536,0.01119,False,,100
kalba,2019-04-27,510,0,0.96124,-0.16045,4,536,0.95149,True,0.00000,100
kalba,2019-04-28,0,0,,,4,536,0.00000,False,,100
kalba,2019-04-29,523,65,2.64148,0.41051,4,536,0.97575,True,0.12428,100
kalba,2019-04-30,13,0,1.05366,0.84180,4,536,0.02425,False,,100
kalba,2019-05-01,528,409,4.10096,0.22637,5,536,0.98507,True,0.77462,100
kalba,2019-05-02,0,0,,,5,536,0.00000,False,,100
kalba,2019-05-03,525,238,3.72144,0.12191,5,536,0.97948,True,0.45333,100
kalba,2019-05-04,63,36,3.99978,0.53961,5,536,0.11754,True,0.57143,100
kalba,2019-05-05,283,131,3.46654,0.05187,5,536,0.52799,True,0.46290,100
kalba,2019-05-06,0,0,,,5,536,0.00000,False,,100
kalba,2019-05-07,525,215,3.61232,0.07084,5,536,0.97948,True,0.40952,100
kalba,2019-05-08,526,94,2.95823,0.00812,5,536,0.98134,True,0.17871,100
kalba,2019-05-09,407,20,2.63594,-0.02475,5,536,0.75933,True,0.04914,100
kalba,2019-05-10,7,0,1.09839,0.89089,5,536,0.01306,False,,100
kalba,2019-05-11,522,6,2.09758,-0.11615,5,536,0.97388,True,0.01149,100
kalba,2019-05-12,471,32,3.51575,-0.13207,5,536,0.87873,True,0.06794,100
kalba,2019-05-13,0,0,,,5,536,0.00000,False,,100
kalba,2019-05-14,19,1,3.14135,0.86614,5,536,0.03545,False,,100
kalba,2019-05-15,525,5,2.93496,-0.17689,5,536,0.97948,True,0.00952,100
kalba,2019-05-16,468,2,2.06026,-0.28578,5,536,0.87313,True,0.00427,100
kalba,2019-05-17,0,0,,,5,536,0.00000,False,,100
kalba,2019-05-18,86,1,3.54071,-0.28652,5,536,0.16045,True,0.01163,100
kalba,2019-05-19,161,0,1.31956,-0.36877,5,536,0.30037,True,0.00000,100
kalba,2019-05-20,394,0,1.48657,-0.34391,5,536,0.73507,True,0.00000,100
kalba,2019-05-21,0,0,,,5,536,0.00000,False,,100
kalba,2019-05-22,513,11,3.25605,-0.40752,5,536,0.95709,True,0.02144,100
kalba,2019-05-23,0,0,,,5,536,0.00000,False,,100
kalba,2019-05-24,527,5,2.86241,-0.34121,5,536,0.98321,True,0.00949,100
kalba,2019-05-25,0,0,,,5,536,0.00000,False,,100
kalba,2019-05-26,527,2,2.52054,-0.38870,5,536,0.98321,True,0.00380,100
kalba,2019-05-27,4,0,1.41314,1.03755,5,536,0.00746,False,,100
kalba,2019-05-28,448,1,2.37346,-0.42459,5,536,0.83582,True,0.00223,100
kalba,2019-05-29,0,0,,,5,536,0.00000,False,,100
kalba,2019-05-30,0,0,,,5,536,0.00000,False,,100
kalba,2019-05-31,89,1,2.06151,-0.16375,5,536,0.16604,True,0.01124,100
kalba,2019-06-01,518,13,3.32675,-0.47193,6,536,0.96642,True,0.02510,100
kalba,2019-06-02,0,0,,,6,536,0.00000,False,,100
kalba,2019-06-03,522,5,2.36275,-0.53367,6,536,0.97388,True,0.00958,100
kalba,2019-06-04,451,4,2.29566,-0.46287,6,536,0.84142,True,0.00887,100
kalba,2019-06-05,485,31,2.93849,-0.44749,6,536,0.90485,True,0.06392,100
kalba,2019-06-06,1,0,0.46252,0.93228,6,536,0.00187,False,,100
kalba,2019-06-07,526,7,2.56309,-0.49001,6,536,0.98134,True,0.01331,100
kalba,2019-06-08,530,5,2.39633,-0.49820,6,536,0.98881,True,0.00943,100
kalba,2019-06-09,0,0,,,6,536,0.00000,False,,100
kalba,2019-06-10,41,9,3.38475,0.69556,6,536,0.07649,False,,100
kalba,2019-06-11,508,76,3.98703,-0.41885,6,536,0.94776,True,0.14961,100
kalba,2019-06-12,521,0,1.97694,-0.57804,6,536,0.97201,True,0.00000,100
kalba,2019-06-13,0,0,,,6,536,0.00000,False,,100
kalba,2019-06-14,314,2,3.98603,-0.39657,6,536,0.58582,True,0.00637,100
kalba,2019-06-15,525,0,1.82273,-0.52524,6,536,0.97948,True,0.00000,100
kalba,2019-06-16,59,3,2.38674,-0.54951,6,536,0.11007,True,0.05085,100
kalba,2019-06-17,0,0,,,6,536,0.00000,False,,100
kalba,2019-06-18,521,12,5.17226,-0.57257,6,536,0.97201,True,0.02303,100
kalba,2019-06-19,0,0,,,6,536,0.00000,False,,100
kalba,2019-06-20,65,13,3.08555,0.20472,6,536,0.12127,True,0.20000,100
kalba,2019-06-21,0,0,,,6,536,0.00000,False,,100
kalba,2019-06-22,182,8,4.14520,-0.59413,6,536,0.33955,True,0.04396,100
kalba,2019-06-23,22,3,2.68172,0.79986,6,536,0.04104,False,,100
kalba,2019-06-24,188,9,2.79183,-0.53355,6,536,0.35075,True,0.04787,100
kalba,2019-06-25,0,0,,,6,536,0.00000,False,,100
kalba,2019-06-26,421,28,4.89003,-0.50954,6,536,0.78545,True,0.06651,100
kalba,2019-06-27,106,14,5.41458,-0.02081,6,536,0.19776,True,0.13208,100
kalba,2019-06-28,437,56,5.24813,-0.54714,6,536,0.81530,True,0.12815,100
kalba,2019-06-29,0,0,,,6,536,0.00000,False,,100
kalba,2019-06-30,526,18,3.46650,-0.61582,6,536,0.98134,True,0.03422,100
kalba,2019-07-01,518,9,4.09961,-0.61563,7,533,0.97186,True,0.01737,100
kalba,2019-07-02,492,28,3.89678,-0.61582,7,533,0.92308,True,0.05691,100
kalba,2019-07-03,4,0,0.86607,0.95485,7,533,0.00750,False,,100
kalba,2019-07-04,121,5,3.11369,-0.40786,7,533,0.22702,True,0.04132,100
kalba,2019-07-05,479,1,2.80670,-0.50014,7,533,0.89869,True,0.00209,100
kalba,2019-07-06,0,0,,,7,533,0.00000,False,,100
kalba,2019-07-07,61,3,3.23582,-0.32808,7,533,0.11445,True,0.04918,100
kalba,2019-07-08,202,1,2.11773,-0.31758,7,533,0.37899,True,0.00495,100
kalba,2019-07-09,357,4,2.22481,-0.58268,7,533,0.66979,True,0.01120,100
kalba,2019-07-10,0,0,,,7,533,0.00000,False,,100
kalba,2019-07-11,501,1,2.62885,-0.54819,7,533,0.93996,True,0.00200,100
kalba,2019-07-12,436,0,1.94426,-0.53636,7,533,0.81801,True,0.00000,100
kalba,2019-07-13,208,28,3.58807,-0.32265,7,533,0.39024,True,0.13462,100
kalba,2019-07-14,0,0,,,7,533,0.00000,False,,100
kalba,2019-07-15,501,2,2.16865,-0.55634,7,533,0.93996,True,0.00399,100
kalba,2019-07-16,0,0,,,7,533,0.00000,False,,100
kalba,2019-07-17,49,0,1.68768,-0.02263,7,533,0.09193,False,,100
kalba,2019-07-18,0,0,,,7,533,0.00000,False,,100
kalba,2019-07-19,141,5,2.48015,-0.46158,7,533,0.26454,True,0.03546,100
kalba,2019-07-20,19,0,1.13574,0.76990,7,533,0.03565,False,,100
kalba,2019-07-21,247,6,3.71501,-0.48012,7,533,0.46341,True,0.02429,100
kalba,2019-07-22,0,0,,,7,533,0.00000,False,,100
kalba,2019-07-23,7,0,1.44330,0.77309,7,533,0.01313,False,,100
kalba,2019-07-24,187,75,4.63885,-0.09883,7,533,0.35084,True,0.40107,100
kalba,2019-07-25,78,0,1.62643,-0.47535,7,533,0.14634,True,0.00000,100
kalba,2019-07-26,0,0,,,7,533,0.00000,False,,100
kalba,2019-07-27,506,50,3.47719,-0.30862,7,533,0.94934,True,0.09881,100
kalba,2019-07-28,253,89,4.97251,0.04295,7,533,0.47467,True,0.35178,100
kalba,2019-07-29,0,0,,,7,533,0.00000,False,,100
kalba,2019-07-30,0,0,,,7,533,0.00000,False,,100
kalba,2019-07-31,8,0,0.26259,0.67773,7,533,0.01501,False,,100
kalba,2019-08-01,436,0,1.99496,-0.42950,8,536,0.81343,True,0.00000,100
kalba,2019-08-02,0,0,,,8,536,0.00000,False,,100
kalba,2019-08-03,7,0,-1.01632,-0.56386,8,536,0.01306,False,,100
kalba,2019-08-04,0,0,,,8,536,0.00000,False,,100
kalba,2019-08-05,46,0,1.34214,0.00313,8,536,0.08582,False,,100
kalba,2019-08-06,0,0,,,8,536,0.00000,False,,100
kalba,2019-08-07,505,0,1.28820,-0.38291,8,536,0.94216,True,0.00000,100
kalba,2019-08-08,0,0,,,8,536,0.00000,False,,100
kalba,2019-08-09,2,0,-0.87355,0.76208,8,536,0.00373,False,,100
kalba,2019-08-10,0,0,,,8,536,0.00000,False,,100
kalba,2019-08-11,2,0,-1.31787,-0.44359,8,536,0.00373,False,,100
kalba,2019-08-12,0,0,,,8,536,0.00000,False,,100
kalba,2019-08-13,0,0,,,8,536,0.00000,False,,100
kalba,2019-08-14,0,0,,,8,536,0.00000,False,,100
kalba,2019-08-15,114,9,2.91105,-0.31617,8,536,0.21269,True,0.07895,100
kalba,2019-08-16,15,0,1.47499,0.86389,8,536,0.02799,False,,100
kalba,2019-08-17,494,0,1.74833,-0.40564,8,536,0.92164,True,0.00000,100
kalba,2019-08-18,0,0,,,8,536,0.00000,False,,100
kalba,2019-08-19,345,0,1.39168,-0.36605,8,536,0.64366,True,0.00000,100
kalba,2019-08-20,0,0,,,8,536,0.00000,False,,100
kalba,2019-08-21,300,0,1.38623,-0.44392,8,536,0.55970,True,0.00000,100
kalba,2019-08-22,0,0,,,8,536,0.00000,False,,100
kalba,2019-08-23,404,0,1.35402,-0.40746,8,536,0.75373,True,0.00000,100
kalba,2019-08-24,489,0,1.99725,-0.45438,8,536,0.91231,True,0.00000,100
kalba,2019-08-25,485,7,2.76411,-0.38704,8,536,0.90485,True,0.01443,100
kalba,2019-08-26,18,1,2.38494,0.91094,8,536,0.03358,False,,100
kalba,2019-08-27,442,0,1.60697,-0.40438,8,536,0.82463,True,0.00000,100
kalba,2019-08-28,529,4,2.41377,-0.42105,8,536,0.98694,True,0.00756,100
kalba,2019-08-29,0,0,,,8,536,0.00000,False,,100
kalba,2019-08-30,248,1,2.62497,-0.42331,8,536,0.46269,True,0.00403,100
kalba,2019-08-31,454,0,1.33796,-0.40323,8,536,0.84701,True,0.00000,100
kalba,2019-09-01,509,25,3.66207,-0.41386,9,536,0.94963,True,0.04912,100
kalba,2019-09-02,0,0,,,9,536,0.00000,False,,100
kalba,2019-09-03,525,13,2.64031,-0.41820,9,536,0.97948,True,0.02476,100
kalba,2019-09-04,501,18,2.56830,-0.40671,9,536,0.93470,True,0.03593,100
kalba,2019-09-05,0,0,,,9,536,0.00000,False,,100
kalba,2019-09-06,0,0,,,9,536,0.00000,False,,100
kalba,2019-09-07,0,0,,,9,536,0.00000,False,,100
kalba,2019-09-08,9,0,0.21086,0.86727,9,536,0.01679,False,,100
kalba,2019-09-09,302,2,2.23474,-0.44702,9,536,0.56343,True,0.00662,100
kalba,2019-09-10,0,0,,,9,536,0.00000,False,,100
kalba,2019-09-11,430,2,2.20216,-0.42667,9,536,0.80224,True,0.00465,100
kalba,2019-09-12,263,11,4.99871,-0.39747,9,536,0.49067,True,0.04183,100
kalba,2019-09-13,381,17,3.53346,-0.42858,9,536,0.71082,True,0.04462,100
kalba,2019-09-14,0,0,,,9,536,0.00000,False,,100
kalba,2019-09-15,522,1,2.09693,-0.42069,9,536,0.97388,True,0.00192,100
kalba,2019-09-16,41,0,1.64080,-0.51848,9,536,0.07649,False,,100
kalba,2019-09-17,280,13,2.87655,-0.48204,9,536,0.52239,True,0.04643,100
kalba,2019-09-18,11,0,1.22603,0.97813,9,536,0.02052,False,,100
kalba,2019-09-19,527,1,2.58723,-0.45617,9,536,0.98321,True,0.00190,100
kalba,2019-09-20,528,8,3.45121,-0.43524,9,536,0.98507,True,0.01515,100
kalba,2019-09-21,0,0,,,9,536,0.00000,False,,100
kalba,2019-09-22,146,9,2.94535,-0.19413,9,536,0.27239,True,0.06164,100
kalba,2019-09-23,491,4,2.23827,-0.40824,9,536,0.91604,True,0.00815,100
kalba,2019-09-24,0,0,,,9,536,0.00000,False,,100
kalba,2019-09-25,0,0,,,9,536,0.00000,False,,100
kalba,2019-09-26,450,22,3.62820,-0.42267,9,536,0.83955,True,0.04889,100
kalba,2019-09-27,520,23,3.83919,-0.38161,9,536,0.97015,True,0.04423,100
kalba,2019-09-28,523,88,4.65860,-0.36067,9,536,0.97575,True,0.16826,100
kalba,2019-09-29,0,0,,,9,536,0.00000,False,,100
kalba,2019-09-30,521,46,3.91756,-0.39755,9,536,0.97201,True,0.08829,100
kalba,2019-10-01,339,0,1.53703,-0.46097,10,536,0.63246,True,0.00000,100
kalba,2019-10-02,440,6,3.05851,-0.48437,10,536,0.82090,True,0.01364,100
kalba,2019-10-03,0,0,,,10,536,0.00000,False,,100
kalba,2019-10-04,420,1,2.99428,-0.45354,10,536,0.78358,True,0.00238,100
kalba,2019-10-05,245,36,3.72947,-0.31910,10,536,0.45709,True,0.14694,100
kalba,2019-10-06,0,0,,,10,536,0.00000,False,,100
kalba,2019-10-07,1,0,0.02807,0.69921,10,536,0.00187,False,,100
kalba,2019-10-08,512,4,2.12752,-0.44458,10,536,0.95522,True,0.00781,100
kalba,2019-10-09,482,30,3.24333,-0.38371,10,536,0.89925,True,0.06224,100
kalba,2019-10-10,513,28,3.65572,-0.34910,10,536,0.95709,True,0.05458,100
kalba,2019-10-11,16,0,1.61852,0.40481,10,536,0.02985,False,,100
kalba,2019-10-12,0,0,,,10,536,0.00000,False,,100
kalba,2019-10-13,503,0,1.64537,-0.40882,10,536,0.93843,True,0.00000,100
kalba,2019-10-14,506,0,1.99993,-0.39029,10,536,0.94403,True,0.00000,100
kalba,2019-10-15,292,1,2.14991,-0.43248,10,536,0.54478,True,0.00342,100
kalba,2019-10-16,529,0,1.44821,-0.42390,10,536,0.98694,True,0.00000,100
kalba,2019-10-17,530,0,1.35790,-0.48096,10,536,0.98881,True,0.00000,100
kalba,2019-10-18,493,1,2.73593,-0.42609,10,536,0.91978,True,0.00203,100
kalba,2019-10-19,522,0,1.39412,-0.47870,10,536,0.97388,True,0.00000,100
kalba,2019-10-20,525,0,1.61669,-0.49120,10,536,0.97948,True,0.00000,100
kalba,2019-10-21,518,0,1.11086,-0.47227,10,536,0.96642,True,0.00000,100
kalba,2019-10-22,0,0,,,10,536,0.00000,False,,100
kalba,2019-10-23,529,0,1.24591,-0.47842,10,536,0.98694,True,0.00000,100
kalba,2019-10-24,532,0,1.94705,-0.50703,10,536,0.99254,True,0.00000,100
kalba,2019-10-25,526,0,1.51681,-0.47946,10,536,0.98134,True,0.00000,100
kalba,2019-10-26,0,0,,,10,536,0.00000,False,,100
kalba,2019-10-27,535,0,1.58991,-0.48415,10,536,0.99813,True,0.00000,100
kalba,2019-10-28,530,0,1.88780,-0.45481,10,536,0.98881,True,0.00000,100
kalba,2019-10-29,527,1,2.54848,-0.42721,10,536,0.98321,True,0.00190,100
kalba,2019-10-30,0,0,,,10,536,0.00000,False,,100
kalba,2019-10-31,502,3,2.83114,-0.40358,10,536,0.93657,True,0.00598,100
kalba,2019-11-01,530,0,1.93061,-0.44254,11,536,0.98881,True,0.00000,100
kalba,2019-11-02,522,0,1.94155,-0.41260,11,536,0.97388,True,0.00000,100
kalba,2019-11-03,26,1,2.55739,0.61112,11,536,0.04851,False,,100
kalba,2019-11-04,513,0,1.85305,-0.49923,11,536,0.95709,True,0.00000,100
kalba,2019-11-05,526,3,2.68281,-0.41762,11,536,0.98134,True,0.00570,100
kalba,2019-11-06,524,0,1.87873,-0.39300,11,536,0.97761,True,0.00000,100
kalba,2019-11-07,282,0,1.40055,-0.40230,11,536,0.52612,True,0.00000,100
kalba,2019-11-08,529,1,2.58867,-0.37759,11,536,0.98694,True,0.00189,100
kalba,2019-11-09,279,10,2.97432,-0.39639,11,536,0.52052,True,0.03584,100
kalba,2019-11-10,310,0,1.53316,-0.34639,11,536,0.57836,True,0.00000,100
kalba,2019-11-11,287,0,1.80631,-0.34127,11,536,0.53545,True,0.00000,100
kalba,2019-11-12,533,2,2.16347,-0.22284,11,536,0.99440,True,0.00375,100
kalba,2019-11-13,534,0,1.63001,-0.19283,11,536,0.99627,True,0.00000,100
kalba,2019-11-14,522,16,3.94073,-0.05168,11,536,0.97388,True,0.03065,100
kalba,2019-11-15,527,0,1.23318,-0.30335,11,536,0.98321,True,0.00000,100
kalba,2019-11-16,532,0,1.92162,-0.26518,11,536,0.99254,True,0.00000,100
kalba,2019-11-17,332,0,1.66671,-0.36430,11,536,0.61940,True,0.00000,100
kalba,2019-11-18,0,0,,,11,536,0.00000,False,,100
kalba,2019-11-19,525,0,1.35691,-0.30417,11,536,0.97948,True,0.00000,100
kalba,2019-11-20,75,0,0.15922,-0.42205,11,536,0.13993,True,0.00000,100
kalba,2019-11-21,13,0,0.33349,-0.38683,11,536,0.02425,False,,100
kalba,2019-11-22,0,0,,,11,536,0.00000,False,,100
kalba,2019-11-23,503,0,0.73080,-0.34549,11,536,0.93843,True,0.00000,100
kalba,2019-11-24,472,0,0.74933,-0.35871,11,536,0.88060,True,0.00000,100
kalba,2019-11-25,0,0,,,11,536,0.00000,False,,100
kalba,2019-11-26,0,0,,,11,536,0.00000,False,,100
kalba,2019-11-27,533,0,1.87342,-0.14160,11,536,0.99440,True,0.00000,100
kalba,2019-11-28,535,0,1.91606,-0.12064,11,536,0.99813,True,0.00000,100
kalba,2019-11-29,523,36,2.79950,-0.00816,11,536,0.97575,True,0.06883,100
kalba,2019-11-30,0,0,,,11,536,0.00000,False,,100
kalba,2019-12-01,509,5,2.33302,-0.16255,12,536,0.94963,True,0.00982,100
kalba,2019-12-02,0,0,,,12,536,0.00000,False,,100
kalba,2019-12-03,291,7,3.17615,-0.09640,12,536,0.54291,True,0.02405,100
kalba,2019-12-04,385,5,2.38529,-0.10668,12,536,0.71828,True,0.01299,100
kalba,2019-12-05,454,1,2.49730,-0.22307,12,536,0.84701,True,0.00220,100
kalba,2019-12-06,285,0,1.59796,-0.18130,12,536,0.53172,True,0.00000,100
kalba,2019-12-07,428,2,2.20094,-0.18730,12,536,0.79851,True,0.00467,100
kalba,2019-12-08,77,1,3.27684,-0.38368,12,536,0.14366,True,0.01299,100
kalba,2019-12-09,409,2,3.26023,-0.31496,12,536,0.76306,True,0.00489,100
kalba,2019-12-10,84,0,0.80509,-0.27454,12,536,0.15672,True,0.00000,100
kalba,2019-12-11,1,1,3.58484,0.82100,12,536,0.00187,False,,100
kalba,2019-12-12,503,0,1.37369,-0.34561,12,536,0.93843,True,0.00000,100
kalba,2019-12-13,1,0,-1.34768,0.48294,12,536,0.00187,False,,100
kalba,2019-12-14,527,0,1.52372,-0.24989,12,536,0.98321,True,0.00000,100
kalba,2019-12-15,0,0,,,12,536,0.00000,False,,100
kalba,2019-12-16,150,0,0.22981,-0.43869,12,536,0.27985,True,0.00000,100
kalba,2019-12-17,120,0,0.66638,-0.30979,12,536,0.22388,True,0.00000,100
kalba,2019-12-18,248,2,2.19652,-0.38097,12,536,0.46269,True,0.00806,100
kalba,2019-12-19,0,0,,,12,536,0.00000,False,,100
kalba,2019-12-20,516,0,1.92472,-0.34910,12,536,0.96269,True,0.00000,100
kalba,2019-12-21,529,0,1.51281,-0.28283,12,536,0.98694,True,0.00000,100
kalba,2019-12-22,532,0,1.39918,-0.19945,12,536,0.99254,True,0.00000,100
kalba,2019-12-23,0,0,,,12,536,0.00000,False,,100
kalba,2019-12-24,533,0,1.08357,-0.25428,12,536,0.99440,True,0.00000,100
kalba,2019-12-25,533,1,2.07285,-0.23469,12,536,0.99440,True,0.00188,100
kalba,2019-12-26,533,7,2.60304,-0.14187,12,536,0.99440,True,0.01313,100
kalba,2019-12-27,25,0,-0.39376,0.34277,12,536,0.04664,False,,100
kalba,2019-12-28,520,0,0.77301,-0.33635,12,536,0.97015,True,0.00000,100
kalba,2019-12-29,528,0,1.49949,-0.29728,12,536,0.98507,True,0.00000,100
kalba,2019-12-30,511,3,3.00236,-0.29987,12,536,0.95336,True,0.00587,100
kalba,2019-12-31,358,3,2.58003,-0.33068,12,536,0.66791,True,0.00838,100
kalba,2020-01-01,352,0,1.50860,-0.27916,1,534,0.65918,True,0.00000,100
kalba,2020-01-02,488,0,1.64498,-0.28169,1,534,0.91386,True,0.00000,100
kalba,2020-01-03,251,1,2.07023,-0.04945,1,534,0.47004,True,0.00398,100
kalba,2020-01-04,525,1,2.76961,-0.10272,1,534,0.98315,True,0.00190,100
kalba,2020-01-05,0,0,,,1,534,0.00000,False,,100
kalba,2020-01-06,40,1,3.27348,-0.33068,1,534,0.07491,False,,100
kalba,2020-01-07,495,0,1.17749,-0.21581,1,534,0.92697,True,0.00000,100
kalba,2020-01-08,531,0,0.43182,-0.36765,1,534,0.99438,True,0.00000,100
kalba,2020-01-09,407,0,1.60330,-0.26334,1,534,0.76217,True,0.00000,100
kalba,2020-01-10,0,0,,,1,534,0.00000,False,,100
kalba,2020-01-11,0,0,,,1,534,0.00000,False,,100
kalba,2020-01-12,207,0,1.27068,-0.36661,1,534,0.38764,True,0.00000,100
kalba,2020-01-13,452,0,0.74055,-0.36484,1,534,0.84644,True,0.00000,100
kalba,2020-01-14,307,0,0.82440,-0.41983,1,534,0.57491,True,0.00000,100
kalba,2020-01-15,0,0,,,1,534,0.00000,False,,100
kalba,2020-01-16,527,0,1.22629,-0.22764,1,534,0.98689,True,0.00000,100
kalba,2020-01-17,400,0,1.01998,-0.16994,1,534,0.74906,True,0.00000,100
kalba,2020-01-18,533,1,2.65819,-0.08110,1,534,0.99813,True,0.00188,100
kalba,2020-01-19,0,0,,,1,534,0.00000,False,,100
kalba,2020-01-20,519,0,1.67890,-0.13127,1,534,0.97191,True,0.00000,100
kalba,2020-01-21,495,1,2.18733,-0.26955,1,534,0.92697,True,0.00202,100
kalba,2020-01-22,387,0,1.83230,-0.25086,1,534,0.72472,True,0.00000,100
kalba,2020-01-23,25,0,1.30382,0.50853,1,534,0.04682,False,,100
kalba,2020-01-24,215,4,2.29154,-0.25757,1,534,0.40262,True,0.01860,100
kalba,2020-01-25,525,19,2.78800,-0.19380,1,534,0.98315,True,0.03619,100
kalba,2020-01-26,447,7,2.80274,-0.07017,1,534,0.83708,True,0.01566,100
kalba,2020-01-27,377,1,2.20220,-0.26519,1,534,0.70599,True,0.00265,100
kalba,2020-01-28,463,0,1.78225,-0.21854,1,534,0.86704,True,0.00000,100
kalba,2020-01-29,534,0,1.67531,-0.14670,1,534,1.00000,True,0.00000,100
kalba,2020-01-30,485,29,3.11199,-0.02843,1,534,0.90824,True,0.05979,100
kalba,2020-01-31,529,5,2.73274,-0.12125,1,534,0.99064,True,0.00945,100
kalba,2020-02-01,448,0,1.59542,-0.14148,2,533,0.84053,True,0.00000,100
kalba,2020-02-02,216,2,2.13440,-0.08047,2,533,0.40525,True,0.00926,100
kalba,2020-02-03,327,1,2.46257,-0.08848,2,533,0.61351,True,0.00306,100
kalba,2020-02-04,526,0,1.87439,-0.30339,2,533,0.98687,True,0.00000,100
kalba,2020-02-05,529,0,1.70524,-0.22553,2,533,0.99250,True,0.00000,100
kalba,2020-02-06,530,0,1.65315,-0.18728,2,533,0.99437,True,0.00000,100
kalba,2020-02-07,0,0,,,2,533,0.00000,False,,100
kalba,2020-02-08,513,0,1.09515,-0.15918,2,533,0.96248,True,0.00000,100
kalba,2020-02-09,295,0,1.64549,-0.09967,2,533,0.55347,True,0.00000,100
kalba,2020-02-10,63,0,0.87926,-0.12943,2,533,0.11820,True,0.00000,100
kalba,2020-02-11,0,0,,,2,533,0.00000,False,,100
kalba,2020-02-12,402,0,1.84547,-0.29700,2,533,0.75422,True,0.00000,100
kalba,2020-02-13,532,0,1.61843,-0.35262,2,533,0.99812,True,0.00000,100
kalba,2020-02-14,531,1,2.06864,-0.28369,2,533,0.99625,True,0.00188,100
kalba,2020-02-15,0,0,,,2,533,0.00000,False,,100
kalba,2020-02-16,457,0,1.80996,-0.18546,2,533,0.85741,True,0.00000,100
kalba,2020-02-17,105,1,2.50136,-0.01837,2,533,0.19700,True,0.00952,100
kalba,2020-02-18,405,1,2.05204,-0.20140,2,533,0.75985,True,0.00247,100
kalba,2020-02-19,24,0,0.78341,0.56955,2,533,0.04503,False,,100
kalba,2020-02-20,352,13,2.52174,-0.21271,2,533,0.66041,True,0.03693,100
kalba,2020-02-21,309,39,3.28600,-0.01655,2,533,0.57974,True,0.12621,100
kalba,2020-02-22,73,7,3.16433,0.11024,2,533,0.13696,True,0.09589,100
kalba,2020-02-23,338,10,2.69332,0.03206,2,533,0.63415,True,0.02959,100
kalba,2020-02-24,495,22,3.37202,-0.01408,2,533,0.92871,True,0.04444,100
kalba,2020-02-25,524,47,3.40202,-0.01829,2,533,0.98311,True,0.08969,100
kalba,2020-02-26,466,57,3.19868,0.19594,2,533,0.87430,True,0.12232,100
kalba,2020-02-27,164,71,3.63327,0.52212,2,533,0.30769,True,0.43293,100
kalba,2020-02-28,453,100,3.12866,0.22916,2,533,0.84991,True,0.22075,100
kalba,2020-02-29,518,98,3.35679,0.23071,2,533,0.97186,True,0.18919,100
kalba,2020-03-01,47,6,3.00689,0.58672,3,536,0.08769,False,,100
kalba,2020-03-02,138,3,2.73410,0.49418,3,536,0.25746,True,0.02174,100
kalba,2020-03-03,444,94,3.01928,0.56568,3,536,0.82836,True,0.21171,100
kalba,2020-03-04,514,0,1.18185,-0.09633,3,536,0.95896,True,0.00000,100
kalba,2020-03-05,0,0,,,3,536,0.00000,False,,100
kalba,2020-03-06,532,0,1.36897,-0.24548,3,536,0.99254,True,0.00000,100
kalba,2020-03-07,526,1,2.06897,-0.17824,3,536,0.98134,True,0.00190,100
kalba,2020-03-08,525,1,2.51887,0.12872,3,536,0.97948,True,0.00190,100
kalba,2020-03-09,0,0,,,3,536,0.00000,False,,100
kalba,2020-03-10,520,12,2.31236,0.33609,3,536,0.97015,True,0.02308,100
kalba,2020-03-11,524,17,2.61645,0.31245,3,536,0.97761,True,0.03244,100
kalba,2020-03-12,522,7,2.30534,0.26646,3,536,0.97388,True,0.01341,100
kalba,2020-03-13,0,0,,,3,536,0.00000,False,,100
kalba,2020-03-14,0,0,,,3,536,0.00000,False,,100
kalba,2020-03-15,130,15,2.85793,0.40943,3,536,0.24254,True,0.11538,100
kalba,2020-03-16,85,0,1.39518,-0.27297,3,536,0.15858,True,0.00000,100
kalba,2020-03-17,1,0,0.44169,0.85669,3,536,0.00187,False,,100
kalba,2020-03-18,415,1,2.88903,0.03909,3,536,0.77425,True,0.00241,100
kalba,2020-03-19,0,0,,,3,536,0.00000,False,,100
kalba,2020-03-20,438,3,2.67333,0.09955,3,536,0.81716,True,0.00685,100
kalba,2020-03-21,0,0,,,3,536,0.00000,False,,100
kalba,2020-03-22,27,0,1.44535,0.57673,3,536,0.05037,False,,100
kalba,2020-03-23,141,3,2.46799,0.24597,3,536,0.26306,True,0.02128,100
kalba,2020-03-24,454,0,0.84875,-0.03303,3,536,0.84701,True,0.00000,100
kalba,2020-03-25,8,2,2.09664,0.81339,3,536,0.01493,False,,100
kalba,2020-03-26,518,0,1.37887,0.02962,3,536,0.96642,True,0.00000,100
kalba,2020-03-27,469,0,1.87175,0.11324,3,536,0.87500,True,0.00000,100
kalba,2020-03-28,53,0,0.21029,-0.06569,3,536,0.09888,False,,100
kalba,2020-03-29,0,0,,,3,536,0.00000,False,,100
kalba,2020-03-30,0,0,,,3,536,0.00000,False,,100
kalba,2020-03-31,532,8,2.27573,0.14319,3,536,0.99254,True,0.01504,100
kalba,2020-04-01,0,0,,,4,536,0.00000,False,,100
kalba,2020-04-02,137,45,3.35546,0.59252,4,536,0.25560,True,0.32847,100
kalba,2020-04-03,1,0,-1.18292,0.92323,4,536,0.00187,False,,100
kalba,2020-04-04,508,1,2.38805,-0.09600,4,536,0.94776,True,0.00197,100
kalba,2020-04-05,0,0,,,4,536,0.00000,False,,100
kalba,2020-04-06,365,13,2.99769,0.13740,4,536,0.68097,True,0.03562,100
kalba,2020-04-07,431,39,2.72683,0.25468,4,536,0.80410,True,0.09049,100
kalba,2020-04-08,510,3,2.16726,0.14003,4,536,0.95149,True,0.00588,100
kalba,2020-04-09,0,0,,,4,536,0.00000,False,,100
kalba,2020-04-10,487,36,2.94824,0.14398,4,536,0.90858,True,0.07392,100
kalba,2020-04-11,1,0,-1.35060,0.77840,4,536,0.00187,False,,100
kalba,2020-04-12,231,1,2.08476,-0.08017,4,536,0.43097,True,0.00433,100
kalba,2020-04-13,0,0,,,4,536,0.00000,False,,100
kalba,2020-04-14,505,10,2.96220,0.11141,4,536,0.94216,True,0.01980,100
kalba,2020-04-15,0,0,,,4,536,0.00000,False,,100
kalba,2020-04-16,22,1,2.64385,-0.25472,4,536,0.04104,False,,100
kalba,2020-04-17,0,0,,,4,536,0.00000,False,,100
kalba,2020-04-18,500,2,2.81580,-0.00957,4,536,0.93284,True,0.00400,100
kalba,2020-04-19,219,11,3.33075,0.04874,4,536,0.40858,True,0.05023,100
kalba,2020-04-20,253,2,2.65878,0.18346,4,536,0.47201,True,0.00791,100
kalba,2020-04-21,0,0,,,4,536,0.00000,False,,100
kalba,2020-04-22,287,4,2.28827,0.01885,4,536,0.53545,True,0.01394,100
kalba,2020-04-23,489,0,1.95448,-0.04724,4,536,0.91231,True,0.00000,100
kalba,2020-04-24,523,1,2.33497,-0.03590,4,536,0.97575,True,0.00191,100
kalba,2020-04-25,4,0,1.54421,0.93858,4,536,0.00746,False,,100
kalba,2020-04-26,524,0,0.93983,-0.19000,4,536,0.97761,True,0.00000,100
kalba,2020-04-27,477,0,1.86740,-0.15738,4,536,0.88993,True,0.00000,100
kalba,2020-04-28,0,0,,,4,536,0.00000,False,,100
kalba,2020-04-29,47,0,1.89532,0.41192,4,536,0.08769,False,,100
kalba,2020-04-30,490,0,1.35943,-0.07583,4,536,0.91418,True,0.00000,100
kalba,2020-05-01,380,1,2.68042,-0.24296,5,536,0.70896,True,0.00263,100
kalba,2020-05-02,0,0,,,5,536,0.00000,False,,100
kalba,2020-05-03,359,11,2.98860,-0.20797,5,536,0.66978,True,0.03064,100
kalba,2020-05-04,481,12,2.48835,-0.21110,5,536,0.89739,True,0.02495,100
kalba,2020-05-05,527,1,2.11417,-0.24641,5,536,0.98321,True,0.00190,100
kalba,2020-05-06,0,0,,,5,536,0.00000,False,,100
kalba,2020-05-07,528,2,2.33979,-0.28168,5,536,0.98507,True,0.00379,100
kalba,2020-05-08,0,0,,,5,536,0.00000,False,,100
kalba,2020-05-09,533,1,2.70309,-0.36726,5,536,0.99440,True,0.00188,100
kalba,2020-05-10,0,0,,,5,536,0.00000,False,,100
kalba,2020-05-11,521,1,2.07046,-0.28277,5,536,0.97201,True,0.00192,100
kalba,2020-05-12,7,0,1.59482,0.99213,5,536,0.01306,False,,100
kalba,2020-05-13,526,0,1.70954,-0.34015,5,536,0.98134,True,0.00000,100
kalba,2020-05-14,0,0,,,5,536,0.00000,False,,100
kalba,2020-05-15,410,0,1.88173,-0.31255,5,536,0.76493,True,0.00000,100
kalba,2020-05-16,120,2,2.68846,-0.41463,5,536,0.22388,True,0.01667,100
kalba,2020-05-17,522,1,2.01764,-0.40773,5,536,0.97388,True,0.00192,100
kalba,2020-05-18,0,0,,,5,536,0.00000,False,,100
kalba,2020-05-19,522,0,1.61581,-0.30840,5,536,0.97388,True,0.00000,100
kalba,2020-05-20,145,0,1.12210,-0.38058,5,536,0.27052,True,0.00000,100
kalba,2020-05-21,416,1,2.24942,-0.42451,5,536,0.77612,True,0.00240,100
kalba,2020-05-22,1,0,0.82787,0.85939,5,536,0.00187,False,,100
kalba,2020-05-23,523,0,1.56054,-0.38543,5,536,0.97575,True,0.00000,100
kalba,2020-05-24,495,2,2.20569,-0.37295,5,536,0.92351,True,0.00404,100
kalba,2020-05-25,0,0,,,5,536,0.00000,False,,100
kalba,2020-05-26,20,0,1.26499,0.69336,5,536,0.03731,False,,100
kalba,2020-05-27,529,0,1.75026,-0.41207,5,536,0.98694,True,0.00000,100
kalba,2020-05-28,530,7,3.11302,-0.42726,5,536,0.98881,True,0.01321,100
kalba,2020-05-29,0,0,,,5,536,0.00000,False,,100
kalba,2020-05-30,254,0,1.77946,-0.37718,5,536,0.47388,True,0.00000,100
kalba,2020-05-31,495,2,2.05825,-0.36897,5,536,0.92351,True,0.00404,100
kalba,2020-06-01,485,68,4.02957,-0.44373,6,536,0.90485,True,0.14021,100
kalba,2020-06-02,0,0,,,6,536,0.00000,False,,100
kalba,2020-06-03,501,5,3.18651,-0.50992,6,536,0.93470,True,0.00998,100
kalba,2020-06-04,0,0,,,6,536,0.00000,False,,100
kalba,2020-06-05,422,8,4.05764,-0.57691,6,536,0.78731,True,0.01896,100
kalba,2020-06-06,0,0,,,6,536,0.00000,False,,100
kalba,2020-06-07,416,7,4.28776,-0.53329,6,536,0.77612,True,0.01683,100
kalba,2020-06-08,12,0,0.23057,0.69882,6,536,0.02239,False,,100
kalba,2020-06-09,446,14,4.62438,-0.55373,6,536,0.83209,True,0.03139,100
kalba,2020-06-10,0,0,,,6,536,0.00000,False,,100
kalba,2020-06-11,530,27,4.87015,-0.43572,6,536,0.98881,True,0.05094,100
kalba,2020-06-12,116,1,2.22412,-0.31635,6,536,0.21642,True,0.00862,100
kalba,2020-06-13,519,11,3.11831,-0.59156,6,536,0.96828,True,0.02119,100
kalba,2020-06-14,0,0,,,6,536,0.00000,False,,100
kalba,2020-06-15,360,26,3.49043,-0.49449,6,536,0.67164,True,0.07222,100
kalba,2020-06-16,425,0,1.53304,-0.58439,6,536,0.79291,True,0.00000,100
kalba,2020-06-17,478,0,1.83379,-0.54949,6,536,0.89179,True,0.00000,100
kalba,2020-06-18,1,0,1.76906,1.03712,6,536,0.00187,False,,100
kalba,2020-06-19,362,36,3.29372,-0.41491,6,536,0.67537,True,0.09945,100
kalba,2020-06-20,475,3,2.40741,-0.53929,6,536,0.88619,True,0.00632,100
kalba,2020-06-21,0,0,,,6,536,0.00000,False,,100
kalba,2020-06-22,25,4,2.55380,0.82999,6,536,0.04664,False,,100
kalba,2020-06-23,485,0,1.67665,-0.55741,6,536,0.90485,True,0.00000,100
kalba,2020-06-24,366,16,3.59089,-0.58881,6,536,0.68284,True,0.04372,100
kalba,2020-06-25,0,0,,,6,536,0.00000,False,,100
kalba,2020-06-26,400,16,3.82600,-0.50795,6,536,0.74627,True,0.04000,100
kalba,2020-06-27,438,13,3.09686,-0.52418,6,536,0.81716,True,0.02968,100
kalba,2020-06-28,506,16,3.36553,-0.55095,6,536,0.94403,True,0.03162,100
kalba,2020-06-29,0,0,,,6,536,0.00000,False,,100
kalba,2020-06-30,521,3,2.42151,-0.52251,6,536,0.97201,True,0.00576,100
kalba,2020-07-01,0,0,,,7,533,0.00000,False,,100
kalba,2020-07-02,513,0,1.74444,-0.54034,7,533,0.96248,True,0.00000,100
kalba,2020-07-03,0,0,,,7,533,0.00000,False,,100
kalba,2020-07-04,498,1,2.01110,-0.41031,7,533,0.93433,True,0.00201,100
kalba,2020-07-05,6,0,1.59396,0.85538,7,533,0.01126,False,,100
kalba,2020-07-06,464,0,1.89472,-0.59420,7,533,0.87054,True,0.00000,100
kalba,2020-07-07,0,0,,,7,533,0.00000,False,,100
kalba,2020-07-08,459,0,1.25971,-0.50627,7,533,0.86116,True,0.00000,100
kalba,2020-07-09,110,2,2.30432,-0.14496,7,533,0.20638,True,0.01818,100
kalba,2020-07-10,395,1,2.04145,-0.54225,7,533,0.74109,True,0.00253,100
kalba,2020-07-11,0,0,,,7,533,0.00000,False,,100
kalba,2020-07-12,394,0,1.86484,-0.40674,7,533,0.73921,True,0.00000,100
kalba,2020-07-13,247,7,4.62910,-0.41422,7,533,0.46341,True,0.02834,100
kalba,2020-07-14,63,0,1.22344,-0.47874,7,533,0.11820,True,0.00000,100
kalba,2020-07-15,6,0,1.19677,0.94579,7,533,0.01126,False,,100
kalba,2020-07-16,516,0,1.54362,-0.41766,7,533,0.96811,True,0.00000,100
kalba,2020-07-17,526,2,2.49274,-0.50714,7,533,0.98687,True,0.00380,100
kalba,2020-07-18,0,0,,,7,533,0.00000,False,,100
kalba,2020-07-19,62,3,2.81943,0.36491,7,533,0.11632,True,0.04839,100
kalba,2020-07-20,380,2,2.11849,-0.43967,7,533,0.71295,True,0.00526,100
kalba,2020-07-21,463,0,1.46940,-0.54490,7,533,0.86867,True,0.00000,100
kalba,2020-07-22,0,0,,,7,533,0.00000,False,,100
kalba,2020-07-23,501,0,1.89129,-0.49629,7,533,0.93996,True,0.00000,100
kalba,2020-07-24,385,0,1.91266,-0.48073,7,533,0.72233,True,0.00000,100
kalba,2020-07-25,434,0,1.76959,-0.47877,7,533,0.81426,True,0.00000,100
kalba,2020-07-26,0,0,,,7,533,0.00000,False,,100
kalba,2020-07-27,427,0,1.82164,-0.39842,7,533,0.80113,True,0.00000,100
kalba,2020-07-28,0,0,,,7,533,0.00000,False,,100
kalba,2020-07-29,510,0,1.13906,-0.55603,7,533,0.95685,True,0.00000,100
kalba,2020-07-30,0,0,,,7,533,0.00000,False,,100
kalba,2020-07-31,195,0,1.41312,-0.49749,7,533,0.36585,True,0.00000,100
kalba,2020-08-01,19,0,0.69853,0.69435,8,536,0.03545,False,,100
kalba,2020-08-02,347,0,1.89175,-0.46562,8,536,0.64739,True,0.00000,100
kalba,2020-08-03,0,0,,,8,536,0.00000,False,,100
kalba,2020-08-04,395,0,-0.22034,-0.57173,8,536,0.73694,True,0.00000,100
kalba,2020-08-05,201,1,2.05355,-0.42506,8,536,0.37500,True,0.00498,100
kalba,2020-08-06,245,0,1.47216,-0.40260,8,536,0.45709,True,0.00000,100
kalba,2020-08-07,0,0,,,8,536,0.00000,False,,100
kalba,2020-08-08,0,0,,,8,536,0.00000,False,,100
kalba,2020-08-09,0,0,,,8,536,0.00000,False,,100
kalba,2020-08-10,32,0,1.05559,-0.40017,8,536,0.05970,False,,100
kalba,2020-08-11,7,0,0.97382,0.95276,8,536,0.01306,False,,100
kalba,2020-08-12,63,0,1.18958,-0.31070,8,536,0.11754,True,0.00000,100
kalba,2020-08-13,356,1,2.52532,-0.54339,8,536,0.66418,True,0.00281,100
kalba,2020-08-14,0,0,,,8,536,0.00000,False,,100
kalba,2020-08-15,100,2,2.00758,-0.20888,8,536,0.18657,True,0.02000,100
kalba,2020-08-16,90,0,0.58290,-0.46688,8,536,0.16791,True,0.00000,100
kalba,2020-08-17,378,2,2.09577,-0.50329,8,536,0.70522,True,0.00529,100
kalba,2020-08-18,0,0,,,8,536,0.00000,False,,100
kalba,2020-08-19,490,15,2.89135,-0.34279,8,536,0.91418,True,0.03061,100
kalba,2020-08-20,214,0,1.79340,-0.35842,8,536,0.39925,True,0.00000,100
kalba,2020-08-21,107,0,1.33520,-0.50636,8,536,0.19963,True,0.00000,100
kalba,2020-08-22,0,0,,,8,536,0.00000,False,,100
kalba,2020-08-23,33,0,-0.22213,-0.36670,8,536,0.06157,False,,100
kalba,2020-08-24,6,0,0.33197,0.87566,8,536,0.01119,False,,100
kalba,2020-08-25,381,16,3.27170,-0.39370,8,536,0.71082,True,0.04199,100
kalba,2020-08-26,0,0,,,8,536,0.00000,False,,100
kalba,2020-08-27,261,13,4.27704,-0.14465,8,536,0.48694,True,0.04981,100
kalba,2020-08-28,58,7,2.68130,-0.09495,8,536,0.10821,True,0.12069,100
kalba,2020-08-29,485,15,4.22891,-0.37976,8,536,0.90485,True,0.03093,100
kalba,2020-08-30,0,0,,,8,536,0.00000,False,,100
kalba,2020-08-31,0,0,,,8,536,0.00000,False,,100
kalba,2020-09-01,312,14,3.76534,-0.41869,9,536,0.58209,True,0.04487,100
kalba,2020-09-02,0,0,,,9,536,0.00000,False,,100
kalba,2020-09-03,1,0,-0.13534,0.98313,9,536,0.00187,False,,100
kalba,2020-09-04,528,12,2.72908,-0.47618,9,536,0.98507,True,0.02273,100
kalba,2020-09-05,509,1,2.00106,-0.50597,9,536,0.94963,True,0.00196,100
kalba,2020-09-06,515,18,3.17016,-0.48930,9,536,0.96082,True,0.03495,100
kalba,2020-09-07,9,1,2.09482,0.77953,9,536,0.01679,False,,100
kalba,2020-09-08,527,7,2.46417,-0.49039,9,536,0.98321,True,0.01328,100
kalba,2020-09-09,521,0,1.97663,-0.55631,9,536,0.97201,True,0.00000,100
kalba,2020-09-10,0,0,,,9,536,0.00000,False,,100
kalba,2020-09-11,0,0,,,9,536,0.00000,False,,100
kalba,2020-09-12,521,1,2.77037,-0.48123,9,536,0.97201,True,0.00192,100
kalba,2020-09-13,522,17,2.60999,-0.43883,9,536,0.97388,True,0.03257,100
kalba,2020-09-14,0,0,,,9,536,0.00000,False,,100
kalba,2020-09-15,485,9,3.34035,-0.43830,9,536,0.90485,True,0.01856,100
kalba,2020-09-16,519,21,2.64399,-0.43106,9,536,0.96828,True,0.04046,100
kalba,2020-09-17,0,0,,,9,536,0.00000,False,,100
kalba,2020-09-18,0,0,,,9,536,0.00000,False,,100
kalba,2020-09-19,531,22,3.70882,-0.42185,9,536,0.99067,True,0.04143,100
kalba,2020-09-20,28,3,2.50503,0.72706,9,536,0.05224,False,,100
kalba,2020-09-21,529,28,3.14288,-0.43733,9,536,0.98694,True,0.05293,100
kalba,2020-09-22,0,0,,,9,536,0.00000,False,,100
kalba,2020-09-23,529,28,3.65505,-0.33441,9,536,0.98694,True,0.05293,100
kalba,2020-09-24,0,0,,,9,536,0.00000,False,,100
kalba,2020-09-25,524,19,3.37342,-0.39009,9,536,0.97761,True,0.03626,100
kalba,2020-09-26,9,0,0.85291,0.84646,9,536,0.01679,False,,100
kalba,2020-09-27,0,0,,,9,536,0.00000,False,,100
kalba,2020-09-28,524,13,2.85091,-0.42407,9,536,0.97761,True,0.02481,100
kalba,2020-09-29,422,31,4.06733,-0.40044,9,536,0.78731,True,0.07346,100
kalba,2020-09-30,25,2,3.28002,0.65512,9,536,0.04664,False,,100
kalba,2020-10-01,522,1,2.75169,-0.34574,10,536,0.97388,True,0.00192,100
kalba,2020-10-02,531,0,1.65105,-0.38489,10,536,0.99067,True,0.00000,100
kalba,2020-10-03,499,2,2.24392,-0.32995,10,536,0.93097,True,0.00401,100
kalba,2020-10-04,347,1,3.16782,-0.39774,10,536,0.64739,True,0.00288,100
kalba,2020-10-05,528,1,2.16014,-0.37920,10,536,0.98507,True,0.00189,100
kalba,2020-10-06,527,0,1.70427,-0.46056,10,536,0.98321,True,0.00000,100
kalba,2020-10-07,0,0,,,10,536,0.00000,False,,100
kalba,2020-10-08,529,1,2.49102,-0.39927,10,536,0.98694,True,0.00189,100
kalba,2020-10-09,525,0,1.18217,-0.40475,10,536,0.97948,True,0.00000,100
kalba,2020-10-10,528,0,1.74037,-0.42599,10,536,0.98507,True,0.00000,100
kalba,2020-10-11,0,0,,,10,536,0.00000,False,,100
kalba,2020-10-12,527,0,1.34507,-0.39688,10,536,0.98321,True,0.00000,100
kalba,2020-10-13,529,1,2.15579,-0.33918,10,536,0.98694,True,0.00189,100
kalba,2020-10-14,532,4,2.30924,-0.31311,10,536,0.99254,True,0.00752,100
kalba,2020-10-15,0,0,,,10,536,0.00000,False,,100
kalba,2020-10-16,532,1,2.51406,-0.35706,10,536,0.99254,True,0.00188,100
kalba,2020-10-17,0,0,,,10,536,0.00000,False,,100
kalba,2020-10-18,534,2,2.28319,-0.33336,10,536,0.99627,True,0.00375,100
kalba,2020-10-19,10,1,2.08009,0.93110,10,536,0.01866,False,,100
kalba,2020-10-20,532,0,1.61824,-0.35202,10,536,0.99254,True,0.00000,100
kalba,2020-10-21,429,0,1.55233,-0.34718,10,536,0.80037,True,0.00000,100
kalba,2020-10-22,0,0,,,10,536,0.00000,False,,100
kalba,2020-10-23,124,6,3.34531,-0.27297,10,536,0.23134,True,0.04839,100
kalba,2020-10-24,528,0,1.89521,-0.36303,10,536,0.98507,True,0.00000,100
kalba,2020-10-25,444,5,3.36053,-0.35086,10,536,0.82836,True,0.01126,100
kalba,2020-10-26,526,7,3.15232,-0.33482,10,536,0.98134,True,0.01331,100
kalba,2020-10-27,381,2,2.32286,-0.38950,10,536,0.71082,True,0.00525,100
kalba,2020-10-28,531,4,3.24487,-0.38345,10,536,0.99067,True,0.00753,100
kalba,2020-10-29,523,5,3.69784,-0.37979,10,536,0.97575,True,0.00956,100
kalba,2020-10-30,498,7,2.63469,-0.36025,10,536,0.92910,True,0.01406,100
kalba,2020-10-31,534,0,1.78660,-0.43637,10,536,0.99627,True,0.00000,100
kalba,2020-11-01,15,0,0.50791,0.58610,11,536,0.02799,False,,100
kalba,2020-11-02,529,1,2.23523,-0.43641,11,536,0.98694,True,0.00189,100
kalba,2020-11-03,0,0,,,11,536,0.00000,False,,100
kalba,2020-11-04,531,0,0.22132,-0.44175,11,536,0.99067,True,0.00000,100
kalba,2020-11-05,534,0,-0.12565,-0.52342,11,536,0.99627,True,0.00000,100
kalba,2020-11-06,535,0,1.58953,-0.45330,11,536,0.99813,True,0.00000,100
kalba,2020-11-07,0,0,,,11,536,0.00000,False,,100
kalba,2020-11-08,315,0,1.39091,-0.46682,11,536,0.58769,True,0.00000,100
kalba,2020-11-09,529,1,2.17180,-0.35667,11,536,0.98694,True,0.00189,100
kalba,2020-11-10,533,2,2.83092,-0.38187,11,536,0.99440,True,0.00375,100
kalba,2020-11-11,0,0,,,11,536,0.00000,False,,100
kalba,2020-11-12,395,0,1.68415,-0.45349,11,536,0.73694,True,0.00000,100
kalba,2020-11-13,528,1,2.11301,-0.39238,11,536,0.98507,True,0.00189,100
kalba,2020-11-14,292,0,1.50386,-0.35030,11,536,0.54478,True,0.00000,100
kalba,2020-11-15,21,0,0.78583,0.49691,11,536,0.03918,False,,100
kalba,2020-11-16,475,0,1.53024,-0.37303,11,536,0.88619,True,0.00000,100
kalba,2020-11-17,352,1,2.74328,-0.22817,11,536,0.65672,True,0.00284,100
kalba,2020-11-18,514,0,1.70739,-0.22953,11,536,0.95896,True,0.00000,100
kalba,2020-11-19,374,0,1.37690,-0.38708,11,536,0.69776,True,0.00000,100
kalba,2020-11-20,462,0,1.51299,-0.35742,11,536,0.86194,True,0.00000,100
kalba,2020-11-21,0,0,,,11,536,0.00000,False,,100
kalba,2020-11-22,516,12,2.94669,-0.21755,11,536,0.96269,True,0.02326,100
kalba,2020-11-23,523,6,3.08155,-0.20598,11,536,0.97575,True,0.01147,100
kalba,2020-11-24,0,0,,,11,536,0.00000,False,,100
kalba,2020-11-25,534,1,2.04525,-0.21501,11,536,0.99627,True,0.00187,100
kalba,2020-11-26,459,8,2.79436,-0.15317,11,536,0.85634,True,0.01743,100
kalba,2020-11-27,494,5,2.30549,-0.20379,11,536,0.92164,True,0.01012,100
kalba,2020-11-28,441,0,1.38446,-0.25363,11,536,0.82276,True,0.00000,100
kalba,2020-11-29,0,0,,,11,536,0.00000,False,,100
kalba,2020-11-30,0,0,,,11,536,0.00000,False,,100
kalba,2020-12-01,535,4,2.31806,-0.10497,12,536,0.99813,True,0.00748,100
kalba,2020-12-02,527,0,1.88699,-0.11140,12,536,0.98321,True,0.00000,100
kalba,2020-12-03,533,81,4.33616,0.01813,12,536,0.99440,True,0.15197,100
kalba,2020-12-04,0,0,,,12,536,0.00000,False,,100
kalba,2020-12-05,534,21,2.86168,-0.08383,12,536,0.99627,True,0.03933,100
kalba,2020-12-06,528,5,2.87778,-0.12194,12,536,0.98507,True,0.00947,100
kalba,2020-12-07,464,7,2.81075,-0.16498,12,536,0.86567,True,0.01509,100
kalba,2020-12-08,0,0,,,12,536,0.00000,False,,100
kalba,2020-12-09,524,0,1.52085,-0.23509,12,536,0.97761,True,0.00000,100
kalba,2020-12-10,476,1,2.23111,-0.23946,12,536,0.88806,True,0.00210,100
kalba,2020-12-11,501,2,2.28062,-0.13857,12,536,0.93470,True,0.00399,100
kalba,2020-12-12,19,1,2.39953,0.42888,12,536,0.03545,False,,100
kalba,2020-12-13,477,0,1.61862,-0.33356,12,536,0.88993,True,0.00000,100
kalba,2020-12-14,0,0,,,12,536,0.00000,False,,100
kalba,2020-12-15,524,19,3.74962,-0.09124,12,536,0.97761,True,0.03626,100
kalba,2020-12-16,398,5,2.60770,-0.16979,12,536,0.74254,True,0.01256,100
kalba,2020-12-17,512,4,3.03971,-0.21364,12,536,0.95522,True,0.00781,100
kalba,2020-12-18,532,9,3.45786,-0.14590,12,536,0.99254,True,0.01692,100
kalba,2020-12-19,479,32,3.15001,-0.06735,12,536,0.89366,True,0.06681,100
kalba,2020-12-20,339,7,2.82589,-0.18081,12,536,0.63246,True,0.02065,100
kalba,2020-12-21,519,1,2.05460,-0.25471,12,536,0.96828,True,0.00193,100
kalba,2020-12-22,0,0,,,12,536,0.00000,False,,100
kalba,2020-12-23,516,0,1.69894,-0.14904,12,536,0.96269,True,0.00000,100
kalba,2020-12-24,533,0,1.73848,-0.25555,12,536,0.99440,True,0.00000,100
kalba,2020-12-25,0,0,,,12,536,0.00000,False,,100
kalba,2020-12-26,374,0,1.63885,-0.26400,12,536,0.69776,True,0.00000,100
kalba,2020-12-27,0,0,,,12,536,0.00000,False,,100
kalba,2020-12-28,0,0,,,12,536,0.00000,False,,100
kalba,2020-12-29,532,1,2.84236,-0.21579,12,536,0.99254,True,0.00188,100
kalba,2020-12-30,529,10,3.22507,-0.20933,12,536,0.98694,True,0.01890,100
kalba,2020-12-31,0,0,,,12,536,0.00000,False,,100
kalba,2021-01-01,0,0,,,1,534,0.00000,False,,100
kalba,2021-01-02,0,0,,,1,534,0.00000,False,,100
kalba,2021-01-03,0,0,,,1,534,0.00000,False,,100
kalba,2021-01-04,0,0,,,1,534,0.00000,False,,100
kalba,2021-01-05,0,0,,,1,534,0.00000,False,,100
kalba,2021-01-06,0,0,,,1,534,0.00000,False,,100
kalba,2021-01-07,0,0,,,1,534,0.00000,False,,100
kalba,2021-01-08,0,0,,,1,534,0.00000,False,,100
kalba,2021-01-09,0,0,,,1,534,0.00000,False,,100
kalba,2021-01-10,0,0,,,1,534,0.00000,False,,100
kalba,2021-01-11,0,0,,,1,534,0.00000,False,,100
kalba,2021-01-12,0,0,,,1,534,0.00000,False,,100
kalba,2021-01-13,0,0,,,1,534,0.00000,False,,100
kalba,2021-01-14,0,0,,,1,534,0.00000,False,,100
kalba,2021-01-15,0,0,,,1,534,0.00000,False,,100
kalba,2021-01-16,0,0,,,1,534,0.00000,False,,100
kalba,2021-01-17,0,0,,,1,534,0.00000,False,,100
kalba,2021-01-18,0,0,,,1,534,0.00000,False,,100
kalba,2021-01-19,0,0,,,1,534,0.00000,False,,100
kalba,2021-01-20,0,0,,,1,534,0.00000,False,,100
kalba,2021-01-21,0,0,,,1,534,0.00000,False,,100
kalba,2021-01-22,0,0,,,1,534,0.00000,False,,100
kalba,2021-01-23,0,0,,,1,534,0.00000,False,,100
kalba,2021-01-24,0,0,,,1,534,0.00000,False,,100
kalba,2021-01-25,0,0,,,1,534,0.00000,False,,100
kalba,2021-01-26,0,0,,,1,534,0.00000,False,,100
kalba,2021-01-27,0,0,,,1,534,0.00000,False,,100
kalba,2021-01-28,0,0,,,1,534,0.00000,False,,100
kalba,2021-01-29,0,0,,,1,534,0.00000,False,,100
kalba,2021-01-30,0,0,,,1,534,0.00000,False,,100
kalba,2021-01-31,0,0,,,1,534,0.00000,False,,100
kalba,2021-02-01,0,0,,,2,533,0.00000,False,,100
kalba,2021-02-02,0,0,,,2,533,0.00000,False,,100
kalba,2021-02-03,0,0,,,2,533,0.00000,False,,100
kalba,2021-02-04,0,0,,,2,533,0.00000,False,,100
kalba,2021-02-05,0,0,,,2,533,0.00000,False,,100
kalba,2021-02-06,0,0,,,2,533,0.00000,False,,100
kalba,2021-02-07,0,0,,,2,533,0.00000,False,,100
kalba,2021-02-08,0,0,,,2,533,0.00000,False,,100
kalba,2021-02-09,0,0,,,2,533,0.00000,False,,100
kalba,2021-02-10,0,0,,,2,533,0.00000,False,,100
kalba,2021-02-11,0,0,,,2,533,0.00000,False,,100
kalba,2021-02-12,0,0,,,2,533,0.00000,False,,100
kalba,2021-02-13,0,0,,,2,533,0.00000,False,,100
kalba,2021-02-14,0,0,,,2,533,0.00000,False,,100
kalba,2021-02-15,0,0,,,2,533,0.00000,False,,100
kalba,2021-02-16,0,0,,,2,533,0.00000,False,,100
kalba,2021-02-17,0,0,,,2,533,0.00000,False,,100
kalba,2021-02-18,0,0,,,2,533,0.00000,False,,100
kalba,2021-02-19,0,0,,,2,533,0.00000,False,,100
kalba,2021-02-20,0,0,,,2,533,0.00000,False,,100
kalba,2021-02-21,0,0,,,2,533,0.00000,False,,100
kalba,2021-02-22,0,0,,,2,533,0.00000,False,,100
kalba,2021-02-23,0,0,,,2,533,0.00000,False,,100
kalba,2021-02-24,0,0,,,2,533,0.00000,False,,100
kalba,2021-02-25,0,0,,,2,533,0.00000,False,,100
kalba,2021-02-26,0,0,,,2,533,0.00000,False,,100
kalba,2021-02-27,0,0,,,2,533,0.00000,False,,100
kalba,2021-02-28,0,0,,,2,533,0.00000,False,,100
kalba,2021-03-01,0,0,,,3,536,0.00000,False,,100
kalba,2021-03-02,0,0,,,3,536,0.00000,False,,100
kalba,2021-03-03,0,0,,,3,536,0.00000,False,,100
kalba,2021-03-04,527,88,3.26066,0.47583,3,536,0.98321,True,0.16698,100
kalba,2021-03-05,318,49,3.57841,0.48542,3,536,0.59328,True,0.15409,100
kalba,2021-03-06,515,5,2.25029,0.28877,3,536,0.96082,True,0.00971,100
kalba,2021-03-07,28,8,3.32026,0.82193,3,536,0.05224,False,,100
kalba,2021-03-08,533,0,1.79180,0.19150,3,536,0.99440,True,0.00000,100
kalba,2021-03-09,388,8,2.40374,-0.26818,3,536,0.72388,True,0.02062,100
kalba,2021-03-10,0,0,,,3,536,0.00000,False,,100
kalba,2021-03-11,0,0,,,3,536,0.00000,False,,100
kalba,2021-03-12,453,4,2.67597,-0.17735,3,536,0.84515,True,0.00883,100
kalba,2021-03-13,421,0,0.67488,-0.23053,3,536,0.78545,True,0.00000,100
kalba,2021-03-14,0,0,,,3,536,0.00000,False,,100
kalba,2021-03-15,224,9,2.77262,-0.16752,3,536,0.41791,True,0.04018,100
kalba,2021-03-16,111,0,1.98012,0.27016,3,536,0.20709,True,0.00000,100
kalba,2021-03-17,6,0,1.73614,0.67874,3,536,0.01119,False,,100
kalba,2021-03-18,0,0,,,3,536,0.00000,False,,100
kalba,2021-03-19,467,0,1.97786,0.03300,3,536,0.87127,True,0.00000,100
kalba,2021-03-20,289,0,-0.43302,-0.17032,3,536,0.53918,True,0.00000,100
kalba,2021-03-21,528,3,2.80818,0.29364,3,536,0.98507,True,0.00568,100
kalba,2021-03-22,202,6,2.39629,0.52334,3,536,0.37687,True,0.02970,100
kalba,2021-03-23,534,9,3.17420,0.27430,3,536,0.99627,True,0.01685,100
kalba,2021-03-24,523,7,2.37784,0.29384,3,536,0.97575,True,0.01338,100
kalba,2021-03-25,514,7,2.85878,0.41516,3,536,0.95896,True,0.01362,100
kalba,2021-03-26,0,0,,,3,536,0.00000,False,,100
kalba,2021-03-27,523,9,2.57683,0.30971,3,536,0.97575,True,0.01721,100
kalba,2021-03-28,528,0,1.75936,0.24144,3,536,0.98507,True,0.00000,100
kalba,2021-03-29,527,0,1.67227,0.24364,3,536,0.98321,True,0.00000,100
kalba,2021-03-30,0,0,,,3,536,0.00000,False,,100
kalba,2021-03-31,532,0,1.64155,-0.00145,3,536,0.99254,True,0.00000,100
kalba,2021-04-01,520,1,2.14407,0.10969,4,536,0.97015,True,0.00192,100
kalba,2021-04-02,522,0,1.92313,0.12551,4,536,0.97388,True,0.00000,100
kalba,2021-04-03,0,0,,,4,536,0.00000,False,,100
kalba,2021-04-04,531,2,2.48098,-0.07766,4,536,0.99067,True,0.00377,100
kalba,2021-04-05,399,0,1.68837,-0.05581,4,536,0.74440,True,0.00000,100
kalba,2021-04-06,528,0,1.76136,-0.07446,4,536,0.98507,True,0.00000,100
kalba,2021-04-07,12,2,3.24630,0.91426,4,536,0.02239,False,,100
kalba,2021-04-08,528,0,1.31445,-0.16186,4,536,0.98507,True,0.00000,100
kalba,2021-04-09,532,0,1.27124,-0.21097,4,536,0.99254,True,0.00000,100
kalba,2021-04-10,0,0,,,4,536,0.00000,False,,100
kalba,2021-04-11,0,0,,,4,536,0.00000,False,,100
kalba,2021-04-12,503,0,1.76708,-0.18842,4,536,0.93843,True,0.00000,100
kalba,2021-04-13,519,0,1.72875,-0.21298,4,536,0.96828,True,0.00000,100
kalba,2021-04-14,64,0,1.37928,-0.14724,4,536,0.11940,True,0.00000,100
kalba,2021-04-15,115,0,1.87057,0.00263,4,536,0.21455,True,0.00000,100
kalba,2021-04-16,435,0,1.80814,-0.11479,4,536,0.81157,True,0.00000,100
kalba,2021-04-17,531,4,2.22590,-0.24800,4,536,0.99067,True,0.00753,100
kalba,2021-04-18,179,0,0.84094,-0.20715,4,536,0.33396,True,0.00000,100
kalba,2021-04-19,462,0,1.82839,-0.31789,4,536,0.86194,True,0.00000,100
kalba,2021-04-20,511,0,1.79044,-0.29993,4,536,0.95336,True,0.00000,100
kalba,2021-04-21,0,0,,,4,536,0.00000,False,,100
kalba,2021-04-22,0,0,,,4,536,0.00000,False,,100
kalba,2021-04-23,533,0,1.85314,-0.32807,4,536,0.99440,True,0.00000,100
kalba,2021-04-24,509,1,2.17256,-0.35858,4,536,0.94963,True,0.00196,100
kalba,2021-04-25,532,0,1.34059,-0.36107,4,536,0.99254,True,0.00000,100
kalba,2021-04-26,0,0,,,4,536,0.00000,False,,100
kalba,2021-04-27,0,0,,,4,536,0.00000,False,,100
kalba,2021-04-28,351,7,3.25369,-0.43530,4,536,0.65485,True,0.01994,100
kalba,2021-04-29,485,5,2.84235,-0.34559,4,536,0.90485,True,0.01031,100
kalba,2021-04-30,0,0,,,4,536,0.00000,False,,100
kalba,2021-05-01,446,4,3.07030,-0.41874,5,536,0.83209,True,0.00897,100
kalba,2021-05-02,247,4,3.08993,-0.41649,5,536,0.46082,True,0.01619,100
kalba,2021-05-03,0,0,,,5,536,0.00000,False,,100
kalba,2021-05-04,0,0,,,5,536,0.00000,False,,100
kalba,2021-05-05,255,3,2.36090,-0.26683,5,536,0.47575,True,0.01176,100
kalba,2021-05-06,437,4,2.91574,-0.39843,5,536,0.81530,True,0.00915,100
kalba,2021-05-07,91,0,1.21890,-0.46132,5,536,0.16978,True,0.00000,100
kalba,2021-05-08,13,3,3.18053,0.90664,5,536,0.02425,False,,100
kalba,2021-05-09,533,7,3.61085,-0.38216,5,536,0.99440,True,0.01313,100
kalba,2021-05-10,532,0,1.28347,-0.46872,5,536,0.99254,True,0.00000,100
kalba,2021-05-11,508,0,0.45271,-0.47651,5,536,0.94776,True,0.00000,100
kalba,2021-05-12,58,8,2.54735,0.49065,5,536,0.10821,True,0.13793,100
kalba,2021-05-13,533,0,1.40413,-0.45374,5,536,0.99440,True,0.00000,100
kalba,2021-05-14,535,1,2.05424,-0.44945,5,536,0.99813,True,0.00187,100
kalba,2021-05-15,225,0,0.89758,-0.57821,5,536,0.41978,True,0.00000,100
kalba,2021-05-16,195,3,3.15481,-0.38613,5,536,0.36381,True,0.01538,100
kalba,2021-05-17,491,0,1.50756,-0.54668,5,536,0.91604,True,0.00000,100
kalba,2021-05-18,535,1,2.15015,-0.48248,5,536,0.99813,True,0.00187,100
kalba,2021-05-19,0,0,,,5,536,0.00000,False,,100
kalba,2021-05-20,534,0,1.32453,-0.56057,5,536,0.99627,True,0.00000,100
kalba,2021-05-21,504,0,1.73783,-0.58554,5,536,0.94030,True,0.00000,100
kalba,2021-05-22,530,0,1.81708,-0.51743,5,536,0.98881,True,0.00000,100
kalba,2021-05-23,0,0,,,5,536,0.00000,False,,100
kalba,2021-05-24,280,1,2.01646,-0.63245,5,536,0.52239,True,0.00357,100
kalba,2021-05-25,170,0,0.61004,-0.68983,5,536,0.31716,True,0.00000,100
kalba,2021-05-26,523,0,0.96779,-0.61172,5,536,0.97575,True,0.00000,100
kalba,2021-05-27,0,0,,,5,536,0.00000,False,,100
kalba,2021-05-28,517,0,1.91437,-0.69548,5,536,0.96455,True,0.00000,100
kalba,2021-05-29,119,7,2.43863,-0.39725,5,536,0.22201,True,0.05882,100
kalba,2021-05-30,0,0,,,5,536,0.00000,False,,100
kalba,2021-05-31,0,0,,,5,536,0.00000,False,,100
kalba,2021-06-01,531,0,1.63450,-0.61408,6,536,0.99067,True,0.00000,100
kalba,2021-06-02,360,0,1.49741,-0.64189,6,536,0.67164,True,0.00000,100
kalba,2021-06-03,518,0,1.77031,-0.62023,6,536,0.96642,True,0.00000,100
kalba,2021-06-04,9,0,1.57354,0.94567,6,536,0.01679,False,,100
kalba,2021-06-05,478,0,0.66525,-0.69047,6,536,0.89179,True,0.00000,100
kalba,2021-06-06,352,0,1.78636,-0.74688,6,536,0.65672,True,0.00000,100
kalba,2021-06-07,74,0,0.40595,-0.71320,6,536,0.13806,True,0.00000,100
kalba,2021-06-08,36,3,2.92179,0.71365,6,536,0.06716,False,,100
kalba,2021-06-09,0,0,,,6,536,0.00000,False,,100
kalba,2021-06-10,401,2,2.66393,-0.66262,6,536,0.74813,True,0.00499,100
kalba,2021-06-11,1,0,-1.59685,-0.79921,6,536,0.00187,False,,100
kalba,2021-06-12,329,0,1.87014,-0.63493,6,536,0.61381,True,0.00000,100
kalba,2021-06-13,456,17,4.12245,-0.65411,6,536,0.85075,True,0.03728,100
kalba,2021-06-14,534,24,4.07944,-0.62446,6,536,0.99627,True,0.04494,100
kalba,2021-06-15,0,0,,,6,536,0.00000,False,,100
kalba,2021-06-16,494,4,3.44212,-0.64743,6,536,0.92164,True,0.00810,100
kalba,2021-06-17,526,2,2.24091,-0.69576,6,536,0.98134,True,0.00380,100
kalba,2021-06-18,256,2,2.60245,-0.69170,6,536,0.47761,True,0.00781,100
kalba,2021-06-19,0,0,,,6,536,0.00000,False,,100
kalba,2021-06-20,457,1,3.43168,-0.68202,6,536,0.85261,True,0.00219,100
kalba,2021-06-21,13,0,1.32020,0.79003,6,536,0.02425,False,,100
kalba,2021-06-22,147,3,2.97401,-0.95510,6,536,0.27425,True,0.02041,100
kalba,2021-06-23,0,0,,,6,536,0.00000,False,,100
kalba,2021-06-24,533,13,3.14936,-0.64675,6,536,0.99440,True,0.02439,100
kalba,2021-06-25,0,0,,,6,536,0.00000,False,,100
kalba,2021-06-26,528,14,3.91175,-0.64116,6,536,0.98507,True,0.02652,100
kalba,2021-06-27,0,0,,,6,536,0.00000,False,,100
kalba,2021-06-28,0,0,,,6,536,0.00000,False,,100
kalba,2021-06-29,0,0,,,6,536,0.00000,False,,100
kalba,2021-06-30,0,0,,,6,536,0.00000,False,,100
kalba,2021-07-01,0,0,,,7,533,0.00000,False,,100
kalba,2021-07-02,0,0,,,7,533,0.00000,False,,100
kalba,2021-07-03,513,20,4.02234,-0.53599,7,533,0.96248,True,0.03899,100
kalba,2021-07-04,0,0,,,7,533,0.00000,False,,100
kalba,2021-07-05,24,0,1.96696,0.75226,7,533,0.04503,False,,100
kalba,2021-07-06,35,3,2.84871,-0.62517,7,533,0.06567,False,,100
kalba,2021-07-07,80,0,1.65666,-0.70301,7,533,0.15009,True,0.00000,100
kalba,2021-07-08,0,0,,,7,533,0.00000,False,,100
kalba,2021-07-09,406,0,1.81845,-0.40065,7,533,0.76173,True,0.00000,100
kalba,2021-07-10,41,15,3.42948,-0.06194,7,533,0.07692,False,,100
kalba,2021-07-11,373,0,1.08153,-0.95788,7,533,0.69981,True,0.00000,100
kalba,2021-07-12,0,0,,,7,533,0.00000,False,,100
kalba,2021-07-13,121,0,1.49388,-0.45841,7,533,0.22702,True,0.00000,100
kalba,2021-07-14,3,0,0.02864,0.77881,7,533,0.00563,False,,100
kalba,2021-07-15,165,10,2.77624,-0.53687,7,533,0.30957,True,0.06061,100
kalba,2021-07-16,0,0,,,7,533,0.00000,False,,100
kalba,2021-07-17,412,0,1.52493,-0.56553,7,533,0.77298,True,0.00000,100
kalba,2021-07-18,305,8,3.08559,-0.51935,7,533,0.57223,True,0.02623,100
kalba,2021-07-19,528,15,3.60669,-0.43606,7,533,0.99062,True,0.02841,100
kalba,2021-07-20,0,0,,,7,533,0.00000,False,,100
kalba,2021-07-21,116,3,2.47156,-0.33077,7,533,0.21764,True,0.02586,100
kalba,2021-07-22,232,2,2.24046,-0.42609,7,533,0.43527,True,0.00862,100
kalba,2021-07-23,517,60,3.33955,-0.31773,7,533,0.96998,True,0.11605,100
kalba,2021-07-24,0,0,,,7,533,0.00000,False,,100
kalba,2021-07-25,306,68,3.72065,-0.45938,7,533,0.57411,True,0.22222,100
kalba,2021-07-26,531,45,2.89310,-0.27627,7,533,0.99625,True,0.08475,100
kalba,2021-07-27,515,75,3.51878,-0.23235,7,533,0.96623,True,0.14563,100
kalba,2021-07-28,19,4,2.78373,0.78498,7,533,0.03565,False,,100
kalba,2021-07-29,26,0,-0.91930,-0.87823,7,533,0.04878,False,,100
kalba,2021-07-30,8,0,-0.35563,0.65092,7,533,0.01501,False,,100
kalba,2021-07-31,0,0,,,7,533,0.00000,False,,100
kalba,2021-08-01,85,8,2.44526,0.42283,8,536,0.15858,True,0.09412,100
kalba,2021-08-02,328,48,3.38221,0.20003,8,536,0.61194,True,0.14634,100
kalba,2021-08-03,381,59,3.76535,-0.06284,8,536,0.71082,True,0.15486,100
kalba,2021-08-04,176,3,2.27204,-0.61437,8,536,0.32836,True,0.01705,100
kalba,2021-08-05,523,38,3.40060,0.05224,8,536,0.97575,True,0.07266,100
kalba,2021-08-06,491,7,2.30711,-0.06868,8,536,0.91604,True,0.01426,100
kalba,2021-08-07,502,76,3.35976,0.06317,8,536,0.93657,True,0.15139,100
kalba,2021-08-08,0,0,,,8,536,0.00000,False,,100
kalba,2021-08-09,197,27,2.99205,-0.06474,8,536,0.36754,True,0.13706,100
kalba,2021-08-10,11,0,-0.01369,0.81575,8,536,0.02052,False,,100
kalba,2021-08-11,51,4,2.96111,0.67517,8,536,0.09515,False,,100
kalba,2021-08-12,0,0,,,8,536,0.00000,False,,100
kalba,2021-08-13,412,64,4.03290,-0.00236,8,536,0.76866,True,0.15534,100
kalba,2021-08-14,196,7,2.81126,-0.24544,8,536,0.36567,True,0.03571,100
kalba,2021-08-15,130,3,2.65172,0.06741,8,536,0.24254,True,0.02308,100
kalba,2021-08-16,0,0,,,8,536,0.00000,False,,100
kalba,2021-08-17,0,0,,,8,536,0.00000,False,,100
kalba,2021-08-18,30,0,1.90631,0.64817,8,536,0.05597,False,,100
kalba,2021-08-19,111,2,2.28205,-0.48031,8,536,0.20709,True,0.01802,100
kalba,2021-08-20,0,0,,,8,536,0.00000,False,,100
kalba,2021-08-21,509,109,4.32868,-0.14961,8,536,0.94963,True,0.21415,100
kalba,2021-08-22,492,12,2.85901,-0.21341,8,536,0.91791,True,0.02439,100
kalba,2021-08-23,123,23,2.75961,-0.17660,8,536,0.22948,True,0.18699,100
kalba,2021-08-24,33,5,2.47451,0.75197,8,536,0.06157,False,,100
kalba,2021-08-25,0,0,,,8,536,0.00000,False,,100
kalba,2021-08-26,531,15,2.44555,-0.23555,8,536,0.99067,True,0.02825,100
kalba,2021-08-27,34,12,2.97907,-0.38663,8,536,0.06343,False,,100
kalba,2021-08-28,149,21,2.90749,-0.06614,8,536,0.27799,True,0.14094,100
kalba,2021-08-29,149,10,2.91321,-0.32625,8,536,0.27799,True,0.06711,100
kalba,2021-08-30,458,8,3.17540,-0.55650,8,536,0.85448,True,0.01747,100
kalba,2021-08-31,0,0,,,8,536,0.00000,False,,100
kalba,2021-09-01,524,35,3.11829,-0.57301,9,536,0.97761,True,0.06679,100
kalba,2021-09-02,507,31,2.72412,-0.53517,9,536,0.94590,True,0.06114,100
kalba,2021-09-03,530,14,2.55503,-0.56257,9,536,0.98881,True,0.02642,100
kalba,2021-09-04,0,0,,,9,536,0.00000,False,,100
kalba,2021-09-05,486,0,1.81150,-0.62538,9,536,0.90672,True,0.00000,100
kalba,2021-09-06,359,4,2.34671,-0.71697,9,536,0.66978,True,0.01114,100
kalba,2021-09-07,415,0,1.76196,-0.70621,9,536,0.77425,True,0.00000,100
kalba,2021-09-08,0,0,,,9,536,0.00000,False,,100
kalba,2021-09-09,413,3,2.39921,-0.64926,9,536,0.77052,True,0.00726,100
kalba,2021-09-10,366,3,4.00388,-0.64442,9,536,0.68284,True,0.00820,100
kalba,2021-09-11,523,3,2.51832,-0.64184,9,536,0.97575,True,0.00574,100
kalba,2021-09-12,0,0,,,9,536,0.00000,False,,100
kalba,2021-09-13,536,20,3.10687,-0.52812,9,536,1.00000,True,0.03731,100
kalba,2021-09-14,518,2,2.45487,-0.61738,9,536,0.96642,True,0.00386,100
kalba,2021-09-15,526,2,2.78563,-0.60188,9,536,0.98134,True,0.00380,100
kalba,2021-09-16,34,13,3.32679,0.89501,9,536,0.06343,False,,100
kalba,2021-09-17,536,9,2.34573,-0.53924,9,536,1.00000,True,0.01679,100
kalba,2021-09-18,529,3,2.42297,-0.60924,9,536,0.98694,True,0.00567,100
kalba,2021-09-19,349,2,3.05700,-0.52658,9,536,0.65112,True,0.00573,100
kalba,2021-09-20,153,5,3.02117,-0.19807,9,536,0.28545,True,0.03268,100
kalba,2021-09-21,466,13,3.00944,-0.41033,9,536,0.86940,True,0.02790,100
kalba,2021-09-22,535,3,2.07295,-0.49077,9,536,0.99813,True,0.00561,100
kalba,2021-09-23,467,7,3.00872,-0.61083,9,536,0.87127,True,0.01499,100
kalba,2021-09-24,458,5,3.10054,-0.55899,9,536,0.85448,True,0.01092,100
kalba,2021-09-25,366,1,2.32130,-0.57304,9,536,0.68284,True,0.00273,100
kalba,2021-09-26,517,1,2.78306,-0.55465,9,536,0.96455,True,0.00193,100
kalba,2021-09-27,152,1,2.46046,-0.70934,9,536,0.28358,True,0.00658,100
kalba,2021-09-28,535,40,4.08762,-0.39752,9,536,0.99813,True,0.07477,100
kalba,2021-09-29,530,99,4.15038,-0.30099,9,536,0.98881,True,0.18679,100
kalba,2021-09-30,522,127,4.76140,-0.30173,9,536,0.97388,True,0.24330,100
kalba,2021-10-01,0,0,,,10,536,0.00000,False,,100
kalba,2021-10-02,480,46,4.64414,-0.20128,10,536,0.89552,True,0.09583,100
kalba,2021-10-03,14,3,3.27852,0.19212,10,536,0.02612,False,,100
kalba,2021-10-04,0,0,,,10,536,0.00000,False,,100
kalba,2021-10-05,15,0,1.86838,0.86244,10,536,0.02799,False,,100
kalba,2021-10-06,488,66,3.85559,-0.18004,10,536,0.91045,True,0.13525,100
kalba,2021-10-07,531,92,4.70911,-0.15680,10,536,0.99067,True,0.17326,100
kalba,2021-10-08,528,118,4.47577,-0.15698,10,536,0.98507,True,0.22348,100
kalba,2021-10-09,51,13,2.61119,0.72913,10,536,0.09515,False,,100
kalba,2021-10-10,523,25,3.42974,-0.32593,10,536,0.97575,True,0.04780,100
kalba,2021-10-11,536,68,3.81037,-0.19487,10,536,1.00000,True,0.12687,100
kalba,2021-10-12,527,108,4.17605,-0.12627,10,536,0.98321,True,0.20493,100
kalba,2021-10-13,84,7,3.15262,0.48967,10,536,0.15672,True,0.08333,100
kalba,2021-10-14,534,31,3.36568,-0.19457,10,536,0.99627,True,0.05805,100
kalba,2021-10-15,536,10,2.62198,-0.29016,10,536,1.00000,True,0.01866,100
kalba,2021-10-16,521,91,4.20570,-0.14816,10,536,0.97201,True,0.17466,100
kalba,2021-10-17,464,9,2.87305,-0.28554,10,536,0.86567,True,0.01940,100
kalba,2021-10-18,534,44,3.81679,-0.20045,10,536,0.99627,True,0.08240,100
kalba,2021-10-19,0,0,,,10,536,0.00000,False,,100
kalba,2021-10-20,498,62,4.34663,-0.21861,10,536,0.92910,True,0.12450,100
kalba,2021-10-21,404,44,3.28025,-0.24672,10,536,0.75373,True,0.10891,100
kalba,2021-10-22,509,25,2.79208,-0.31866,10,536,0.94963,True,0.04912,100
kalba,2021-10-23,531,129,4.06626,-0.18148,10,536,0.99067,True,0.24294,100
kalba,2021-10-24,222,118,4.64803,0.03053,10,536,0.41418,True,0.53153,100
kalba,2021-10-25,534,152,4.02077,-0.02923,10,536,0.99627,True,0.28464,100
kalba,2021-10-26,478,98,3.90494,-0.14186,10,536,0.89179,True,0.20502,100
kalba,2021-10-27,448,20,3.41275,-0.29422,10,536,0.83582,True,0.04464,100
kalba,2021-10-28,0,0,,,10,536,0.00000,False,,100
kalba,2021-10-29,530,98,3.87132,-0.07973,10,536,0.98881,True,0.18491,100
kalba,2021-10-30,535,84,3.50959,-0.08953,10,536,0.99813,True,0.15701,100
kalba,2021-10-31,0,0,,,10,536,0.00000,False,,100
kalba,2021-11-01,27,1,2.01915,0.65540,11,536,0.05037,False,,100
kalba,2021-11-02,535,39,3.06578,-0.06863,11,536,0.99813,True,0.07290,100
kalba,2021-11-03,536,25,3.05622,-0.06802,11,536,1.00000,True,0.04664,100
kalba,2021-11-04,525,31,3.03579,-0.07860,11,536,0.97948,True,0.05905,100
kalba,2021-11-05,395,1,2.02409,-0.13189,11,536,0.73694,True,0.00253,100
kalba,2021-11-06,535,4,2.20993,-0.12111,11,536,0.99813,True,0.00748,100
kalba,2021-11-07,501,1,2.06917,-0.20731,11,536,0.93470,True,0.00200,100
kalba,2021-11-08,399,3,2.62348,-0.29696,11,536,0.74440,True,0.00752,100
kalba,2021-11-09,517,2,2.27492,-0.15015,11,536,0.96455,True,0.00387,100
kalba,2021-11-10,536,10,2.26323,-0.11070,11,536,1.00000,True,0.01866,100
kalba,2021-11-11,536,3,2.13816,-0.13387,11,536,1.00000,True,0.00560,100
kalba,2021-11-12,0,0,,,11,536,0.00000,False,,100
kalba,2021-11-13,535,63,2.94898,0.00349,11,536,0.99813,True,0.11776,100
kalba,2021-11-14,535,5,2.46140,-0.02180,11,536,0.99813,True,0.00935,100
kalba,2021-11-15,536,3,2.10952,-0.04223,11,536,1.00000,True,0.00560,100
kalba,2021-11-16,503,96,3.13110,0.08872,11,536,0.93843,True,0.19085,100
kalba,2021-11-17,498,14,2.33023,-0.06135,11,536,0.92910,True,0.02811,100
kalba,2021-11-18,191,34,4.61937,0.15993,11,536,0.35634,True,0.17801,100
kalba,2021-11-19,529,195,5.18090,0.09960,11,536,0.98694,True,0.36862,100
kalba,2021-11-20,216,139,4.81426,0.25975,11,536,0.40299,True,0.64352,100
kalba,2021-11-21,536,49,2.92181,-0.03788,11,536,1.00000,True,0.09142,100
kalba,2021-11-22,535,31,3.04202,-0.08374,11,536,0.99813,True,0.05794,100
kalba,2021-11-23,534,64,3.68688,0.03920,11,536,0.99627,True,0.11985,100
kalba,2021-11-24,0,0,,,11,536,0.00000,False,,100
kalba,2021-11-25,536,41,3.52497,-0.05438,11,536,1.00000,True,0.07649,100
kalba,2021-11-26,536,26,3.74996,-0.12385,11,536,1.00000,True,0.04851,100
kalba,2021-11-27,534,93,4.06901,0.08652,11,536,0.99627,True,0.17416,100
kalba,2021-11-28,25,0,1.03768,0.58310,11,536,0.04664,False,,100
kalba,2021-11-29,467,0,1.71166,-0.24316,11,536,0.87127,True,0.00000,100
kalba,2021-11-30,335,5,2.51622,-0.26045,11,536,0.62500,True,0.01493,100
kalba,2021-12-01,530,17,3.06801,-0.18565,12,536,0.98881,True,0.03208,100
kalba,2021-12-02,402,10,2.72824,-0.04522,12,536,0.75000,True,0.02488,100
kalba,2021-12-03,530,3,2.74425,-0.07029,12,536,0.98881,True,0.00566,100
kalba,2021-12-04,530,58,3.59109,0.01266,12,536,0.98881,True,0.10943,100
kalba,2021-12-05,507,12,3.00968,-0.19780,12,536,0.94590,True,0.02367,100
kalba,2021-12-06,535,4,2.68137,-0.16841,12,536,0.99813,True,0.00748,100
kalba,2021-12-07,526,0,1.82907,-0.24027,12,536,0.98134,True,0.00000,100
kalba,2021-12-08,531,20,3.00741,-0.08156,12,536,0.99067,True,0.03766,100
kalba,2021-12-09,500,127,4.11298,0.00503,12,536,0.93284,True,0.25400,100
kalba,2021-12-10,398,19,3.46250,-0.20437,12,536,0.74254,True,0.04774,100
kalba,2021-12-11,441,15,3.09571,-0.18468,12,536,0.82276,True,0.03401,100
kalba,2021-12-12,0,0,,,12,536,0.00000,False,,100
kalba,2021-12-13,500,0,1.78869,-0.33155,12,536,0.93284,True,0.00000,100
kalba,2021-12-14,534,5,2.37335,-0.11860,12,536,0.99627,True,0.00936,100
kalba,2021-12-15,535,3,2.22567,-0.14223,12,536,0.99813,True,0.00561,100
kalba,2021-12-16,120,9,3.28892,-0.22027,12,536,0.22388,True,0.07500,100
kalba,2021-12-17,35,0,1.87147,-0.20052,12,536,0.06530,False,,100
kalba,2021-12-18,193,6,3.01660,-0.33583,12,536,0.36007,True,0.03109,100
kalba,2021-12-19,486,4,3.28027,-0.35474,12,536,0.90672,True,0.00823,100
kalba,2021-12-20,442,4,2.29197,-0.21521,12,536,0.82463,True,0.00905,100
kalba,2021-12-21,0,0,,,12,536,0.00000,False,,100
kalba,2021-12-22,535,24,3.13885,-0.12290,12,536,0.99813,True,0.04486,100
kalba,2021-12-23,536,31,4.87258,-0.04894,12,536,1.00000,True,0.05784,100
kalba,2021-12-24,533,47,3.91744,-0.05599,12,536,0.99440,True,0.08818,100
kalba,2021-12-25,15,1,2.26785,0.64011,12,536,0.02799,False,,100
kalba,2021-12-26,510,151,4.97605,-0.02418,12,536,0.95149,True,0.29608,100
kalba,2021-12-27,312,19,3.88530,-0.18530,12,536,0.58209,True,0.06090,100
kalba,2021-12-28,522,16,3.46201,-0.24836,12,536,0.97388,True,0.03065,100
kalba,2021-12-29,111,3,3.21690,-0.43963,12,536,0.20709,True,0.02703,100
kalba,2021-12-30,94,15,4.08819,-0.16905,12,536,0.17537,True,0.15957,100
kalba,2021-12-31,244,0,1.59379,-0.49869,12,536,0.45522,True,0.00000,100
