intake,date,n_obs,n_anom,max_z,median_logchl,month,n_clim,coverage,observed,anom_frac,state,radius_km
kalba,2018-01-01,0,0,,,1,534,0.0000,False,,NODATA,100
kalba,2018-01-02,0,0,,,1,534,0.0000,False,,NODATA,100
kalba,2018-01-03,492,3,2.2416,-0.0703,1,534,0.9213,True,0.0061,QUIET,100
kalba,2018-01-04,456,11,3.4139,-0.0504,1,534,0.8539,True,0.0241,QUIET,100
kalba,2018-01-05,0,0,,,1,534,0.0000,False,,NODATA,100
kalba,2018-01-06,0,0,,,1,534,0.0000,False,,NODATA,100
kalba,2018-01-07,531,37,3.2219,0.0281,1,534,0.9944,True,0.0697,QUIET,100
kalba,2018-01-08,7,1,2.0716,0.6775,1,534,0.0131,False,,NODATA,100
kalba,2018-01-09,0,0,,,1,534,0.0000,False,,NODATA,100
kalba,2018-01-10,16,0,0.5370,0.5852,1,534,0.0300,False,,NODATA,100
kalba,2018-01-11,533,2,3.7751,-0.1319,1,534,0.9981,True,0.0038,QUIET,100
kalba,2018-01-12,0,0,,,1,534,0.0000,False,,NODATA,100
kalba,2018-01-13,0,0,,,1,534,0.0000,False,,NODATA,100
kalba,2018-01-14,159,2,2.3978,0.1199,1,534,0.2978,True,0.0126,QUIET,100
kalba,2018-01-15,534,13,3.1522,0.0255,1,534,1.0000,True,0.0243,QUIET,100
kalba,2018-01-16,0,0,,,1,534,0.0000,False,,NODATA,100
kalba,2018-01-17,0,0,,,1,534,0.0000,False,,NODATA,100
kalba,2018-01-18,510,1,2.4534,-0.1886,1,534,0.9551,True,0.0020,QUIET,100
kalba,2018-01-19,486,4,4.3653,-0.2179,1,534,0.9101,True,0.0082,QUIET,100
kalba,2018-01-20,0,0,,,1,534,0.0000,False,,NODATA,100
kalba,2018-01-21,0,0,,,1,534,0.0000,False,,NODATA,100
kalba,2018-01-22,300,14,4.4971,-0.0757,1,534,0.5618,True,0.0467,QUIET,100
kalba,2018-01-23,526,5,8.8329,-0.1148,1,534,0.9850,True,0.0095,QUIET,100
kalba,2018-01-24,0,0,,,1,534,0.0000,False,,NODATA,100
kalba,2018-01-25,0,0,,,1,534,0.0000,False,,NODATA,100
kalba,2018-01-26,491,1,2.0929,-0.1682,1,534,0.9195,True,0.0020,QUIET,100
kalba,2018-01-27,159,0,1.1694,-0.0992,1,534,0.2978,True,0.0000,QUIET,100
kalba,2018-01-28,0,0,,,1,534,0.0000,False,,NODATA,100
kalba,2018-01-29,0,0,,,1,534,0.0000,False,,NODATA,100
kalba,2018-01-30,479,24,4.3044,-0.0661,1,534,0.8970,True,0.0501,QUIET,100
kalba,2018-01-31,145,5,4.6634,-0.1591,1,534,0.2715,True,0.0345,QUIET,100
kalba,2018-02-01,0,0,,,2,533,0.0000,False,,NODATA,100
kalba,2018-02-02,0,0,,,2,533,0.0000,False,,NODATA,100
kalba,2018-02-03,520,0,1.5044,-0.2124,2,533,0.9756,True,0.0000,QUIET,100
kalba,2018-02-04,457,4,2.6052,0.0300,2,533,0.8574,True,0.0088,QUIET,100
kalba,2018-02-05,0,0,,,2,533,0.0000,False,,NODATA,100
kalba,2018-02-06,9,2,2.6911,0.8119,2,533,0.0169,False,,NODATA,100
kalba,2018-02-07,511,30,3.4628,0.0936,2,533,0.9587,True,0.0587,QUIET,100
kalba,2018-02-08,0,0,,,2,533,0.0000,False,,NODATA,100
kalba,2018-02-09,0,0,,,2,533,0.0000,False,,NODATA,100
kalba,2018-02-10,142,4,2.4425,-0.0213,2,533,0.2664,True,0.0282,QUIET,100
kalba,2018-02-11,520,15,3.5997,-0.0827,2,533,0.9756,True,0.0288,QUIET,100
kalba,2018-02-12,0,0,,,2,533,0.0000,False,,NODATA,100
kalba,2018-02-13,0,0,,,2,533,0.0000,False,,NODATA,100
kalba,2018-02-14,85,3,3.3510,0.0259,2,533,0.1595,True,0.0353,QUIET,100
kalba,2018-02-15,42,3,3.9001,0.0830,2,533,0.0788,False,,NODATA,100
kalba,2018-02-16,0,0,,,2,533,0.0000,False,,NODATA,100
kalba,2018-02-17,0,0,,,2,533,0.0000,False,,NODATA,100
kalba,2018-02-18,528,216,6.4487,0.3227,2,533,0.9906,True,0.4091,EXCEED,100
kalba,2018-02-19,516,84,3.6090,0.1501,2,533,0.9681,True,0.1628,QUIET,100
kalba,2018-02-20,0,0,,,2,533,0.0000,False,,NODATA,100
kalba,2018-02-21,0,0,,,2,533,0.0000,False,,NODATA,100
kalba,2018-02-22,218,40,6.2446,0.0041,2,533,0.4090,True,0.1835,QUIET,100
kalba,2018-02-23,206,6,3.9106,0.0057,2,533,0.3865,True,0.0291,QUIET,100
kalba,2018-02-24,0,0,,,2,533,0.0000,False,,NODATA,100
kalba,2018-02-25,0,0,,,2,533,0.0000,False,,NODATA,100
kalba,2018-02-26,429,80,4.9757,0.1505,2,533,0.8049,True,0.1865,QUIET,100
kalba,2018-02-27,94,25,4.6945,0.2150,2,533,0.1764,True,0.2660,EXCEED,100
kalba,2018-02-28,0,0,,,2,533,0.0000,False,,NODATA,100
kalba,2018-03-01,0,0,,,3,536,0.0000,False,,NODATA,100
kalba,2018-03-02,1,0,-0.5681,0.0519,3,536,0.0019,False,,NODATA,100
kalba,2018-03-03,458,2,2.3133,0.2046,3,536,0.8545,True,0.0044,QUIET,100
kalba,2018-03-04,0,0,,,3,536,0.0000,False,,NODATA,100
kalba,2018-03-05,4,0,0.8341,0.9949,3,536,0.0075,False,,NODATA,100
kalba,2018-03-06,532,3,2.7348,0.2117,3,536,0.9925,True,0.0056,QUIET,100
kalba,2018-03-07,0,0,,,3,536,0.0000,False,,NODATA,100
kalba,2018-03-08,0,0,,,3,536,0.0000,False,,NODATA,100
kalba,2018-03-09,16,2,2.2538,0.8427,3,536,0.0299,False,,NODATA,100
kalba,2018-03-10,417,9,4.4921,0.2021,3,536,0.7780,True,0.0216,QUIET,100
kalba,2018-03-11,0,0,,,3,536,0.0000,False,,NODATA,100
kalba,2018-03-12,0,0,,,3,536,0.0000,False,,NODATA,100
kalba,2018-03-13,13,0,1.9549,0.8346,3,536,0.0243,False,,NODATA,100
kalba,2018-03-14,532,5,3.0527,0.3084,3,536,0.9925,True,0.0094,QUIET,100
kalba,2018-03-15,0,0,,,3,536,0.0000,False,,NODATA,100
kalba,2018-03-16,0,0,,,3,536,0.0000,False,,NODATA,100
kalba,2018-03-17,13,0,-0.4422,-0.1398,3,536,0.0243,False,,NODATA,100
kalba,2018-03-18,515,0,1.3101,0.0706,3,536,0.9608,True,0.0000,QUIET,100
kalba,2018-03-19,0,0,,,3,536,0.0000,False,,NODATA,100
kalba,2018-03-20,0,0,,,3,536,0.0000,False,,NODATA,100
kalba,2018-03-21,270,2,2.1847,0.1526,3,536,0.5037,True,0.0074,QUIET,100
kalba,2018-03-22,529,0,1.7778,0.1212,3,536,0.9869,True,0.0000,QUIET,100
kalba,2018-03-23,0,0,,,3,536,0.0000,False,,NODATA,100
kalba,2018-03-24,0,0,,,3,536,0.0000,False,,NODATA,100
kalba,2018-03-25,486,0,1.6848,-0.0192,3,536,0.9067,True,0.0000,QUIET,100
kalba,2018-03-26,518,0,1.7239,0.1120,3,536,0.9664,True,0.0000,QUIET,100
kalba,2018-03-27,0,0,,,3,536,0.0000,False,,NODATA,100
kalba,2018-03-28,0,0,,,3,536,0.0000,False,,NODATA,100
kalba,2018-03-29,449,1,2.4438,-0.1607,3,536,0.8377,True,0.0022,QUIET,100
kalba,2018-03-30,501,1,2.6216,-0.1135,3,536,0.9347,True,0.0020,QUIET,100
kalba,2018-03-31,0,0,,,3,536,0.0000,False,,NODATA,100
kalba,2018-04-01,0,0,,,4,536,0.0000,False,,NODATA,100
kalba,2018-04-02,452,0,-0.0785,-0.3848,4,536,0.8433,True,0.0000,QUIET,100
kalba,2018-04-03,0,0,,,4,536,0.0000,False,,NODATA,100
kalba,2018-04-04,0,0,,,4,536,0.0000,False,,NODATA,100
kalba,2018-04-05,0,0,,,4,536,0.0000,False,,NODATA,100
kalba,2018-04-06,488,0,0.7591,-0.4143,4,536,0.9104,True,0.0000,QUIET,100
kalba,2018-04-07,0,0,,,4,536,0.0000,False,,NODATA,100
kalba,2018-04-08,0,0,,,4,536,0.0000,False,,NODATA,100
kalba,2018-04-09,0,0,,,4,536,0.0000,False,,NODATA,100
kalba,2018-04-10,528,1,2.0423,-0.2724,4,536,0.9851,True,0.0019,QUIET,100
kalba,2018-04-11,0,0,,,4,536,0.0000,False,,NODATA,100
kalba,2018-04-12,0,0,,,4,536,0.0000,False,,NODATA,100
kalba,2018-04-13,2,0,0.6161,0.7885,4,536,0.0037,False,,NODATA,100
kalba,2018-04-14,294,0,0.6653,-0.4410,4,536,0.5485,True,0.0000,QUIET,100
kalba,2018-04-15,0,0,,,4,536,0.0000,False,,NODATA,100
kalba,2018-04-16,0,0,,,4,536,0.0000,False,,NODATA,100
kalba,2018-04-17,10,4,3.0562,0.6659,4,536,0.0187,False,,NODATA,100
kalba,2018-04-18,481,0,0.0876,-0.4769,4,536,0.8974,True,0.0000,QUIET,100
kalba,2018-04-19,0,0,,,4,536,0.0000,False,,NODATA,100
kalba,2018-04-20,0,0,,,4,536,0.0000,False,,NODATA,100
kalba,2018-04-21,206,6,3.4608,-0.3138,4,536,0.3843,True,0.0291,QUIET,100
kalba,2018-04-22,215,0,0.0746,-0.2475,4,536,0.4011,True,0.0000,QUIET,100
kalba,2018-04-23,0,0,,,4,536,0.0000,False,,NODATA,100
kalba,2018-04-24,0,0,,,4,536,0.0000,False,,NODATA,100
kalba,2018-04-25,491,1,2.2126,-0.1515,4,536,0.9160,True,0.0020,QUIET,100
kalba,2018-04-26,254,1,3.8949,-0.1620,4,536,0.4739,True,0.0039,QUIET,100
kalba,2018-04-27,0,0,,,4,536,0.0000,False,,NODATA,100
kalba,2018-04-28,0,0,,,4,536,0.0000,False,,NODATA,100
kalba,2018-04-29,527,1,2.9483,-0.2397,4,536,0.9832,True,0.0019,QUIET,100
kalba,2018-04-30,0,0,,,4,536,0.0000,False,,NODATA,100
kalba,2018-05-01,0,0,,,5,536,0.0000,False,,NODATA,100
kalba,2018-05-02,0,0,,,5,536,0.0000,False,,NODATA,100
kalba,2018-05-03,484,0,1.5183,-0.4198,5,536,0.9030,True,0.0000,QUIET,100
kalba,2018-05-04,0,0,,,5,536,0.0000,False,,NODATA,100
kalba,2018-05-05,0,0,,,5,536,0.0000,False,,NODATA,100
kalba,2018-05-06,0,0,,,5,536,0.0000,False,,NODATA,100
kalba,2018-05-07,530,3,2.2765,-0.4123,5,536,0.9888,True,0.0057,QUIET,100
kalba,2018-05-08,0,0,,,5,536,0.0000,False,,NODATA,100
kalba,2018-05-09,0,0,,,5,536,0.0000,False,,NODATA,100
kalba,2018-05-10,0,0,,,5,536,0.0000,False,,NODATA,100
kalba,2018-05-11,374,0,0.1629,-0.4343,5,536,0.6978,True,0.0000,QUIET,100
kalba,2018-05-12,0,0,,,5,536,0.0000,False,,NODATA,100
kalba,2018-05-13,0,0,,,5,536,0.0000,False,,NODATA,100
kalba,2018-05-14,35,18,4.0831,0.6654,5,536,0.0653,False,,NODATA,100
kalba,2018-05-15,241,0,0.4683,-0.4709,5,536,0.4496,True,0.0000,QUIET,100
kalba,2018-05-16,0,0,,,5,536,0.0000,False,,NODATA,100
kalba,2018-05-17,0,0,,,5,536,0.0000,False,,NODATA,100
kalba,2018-05-18,113,8,3.1665,-0.1253,5,536,0.2108,True,0.0708,QUIET,100
kalba,2018-05-19,520,1,2.2727,-0.4561,5,536,0.9701,True,0.0019,QUIET,100
kalba,2018-05-20,0,0,,,5,536,0.0000,False,,NODATA,100
kalba,2018-05-21,0,0,,,5,536,0.0000,False,,NODATA,100
kalba,2018-05-22,334,0,1.4462,-0.4924,5,536,0.6231,True,0.0000,QUIET,100
kalba,2018-05-23,502,0,0.7107,-0.5185,5,536,0.9366,True,0.0000,QUIET,100
kalba,2018-05-24,0,0,,,5,536,0.0000,False,,NODATA,100
kalba,2018-05-25,0,0,,,5,536,0.0000,False,,NODATA,100
kalba,2018-05-26,183,0,0.0402,-0.5922,5,536,0.3414,True,0.0000,QUIET,100
kalba,2018-05-27,0,0,,,5,536,0.0000,False,,NODATA,100
kalba,2018-05-28,0,0,,,5,536,0.0000,False,,NODATA,100
kalba,2018-05-29,0,0,,,5,536,0.0000,False,,NODATA,100
kalba,2018-05-30,518,2,3.3999,-0.6125,5,536,0.9664,True,0.0039,QUIET,100
kalba,2018-05-31,0,0,,,5,536,0.0000,False,,NODATA,100
kalba,2018-06-01,0,0,,,6,536,0.0000,False,,NODATA,100
kalba,2018-06-02,0,0,,,6,536,0.0000,False,,NODATA,100
kalba,2018-06-03,381,3,2.5610,-0.6742,6,536,0.7108,True,0.0079,QUIET,100
kalba,2018-06-04,0,0,,,6,536,0.0000,False,,NODATA,100
kalba,2018-06-05,0,0,,,6,536,0.0000,False,,NODATA,100
kalba,2018-06-06,0,0,,,6,536,0.0000,False,,NODATA,100
kalba,2018-06-07,443,19,4.3701,-0.5803,6,536,0.8265,True,0.0429,QUIET,100
kalba,2018-06-08,0,0,,,6,536,0.0000,False,,NODATA,100
kalba,2018-06-09,0,0,,,6,536,0.0000,False,,NODATA,100
kalba,2018-06-10,7,1,2.3963,1.0079,6,536,0.0131,False,,NODATA,100
kalba,2018-06-11,482,17,3.7394,-0.5656,6,536,0.8993,True,0.0353,QUIET,100
kalba,2018-06-12,0,0,,,6,536,0.0000,False,,NODATA,100
kalba,2018-06-13,0,0,,,6,536,0.0000,False,,NODATA,100
kalba,2018-06-14,136,4,2.7697,-0.3917,6,536,0.2537,True,0.0294,QUIET,100
kalba,2018-06-15,498,59,6.6250,-0.4563,6,536,0.9291,True,0.1185,QUIET,100
kalba,2018-06-16,0,0,,,6,536,0.0000,False,,NODATA,100
kalba,2018-06-17,0,0,,,6,536,0.0000,False,,NODATA,100
kalba,2018-06-18,359,0,1.4470,-0.5613,6,536,0.6698,True,0.0000,QUIET,100
kalba,2018-06-19,374,4,3.0644,-0.5650,6,536,0.6978,True,0.0107,QUIET,100
kalba,2018-06-20,0,0,,,6,536,0.0000,False,,NODATA,100
kalba,2018-06-21,0,0,,,6,536,0.0000,False,,NODATA,100
kalba,2018-06-22,0,0,,,6,536,0.0000,False,,NODATA,100
kalba,2018-06-23,0,0,,,6,536,0.0000,False,,NODATA,100
kalba,2018-06-24,0,0,,,6,536,0.0000,False,,NODATA,100
kalba,2018-06-25,0,0,,,6,536,0.0000,False,,NODATA,100
kalba,2018-06-26,524,2,2.2172,-0.5494,6,536,0.9776,True,0.0038,QUIET,100
kalba,2018-06-27,0,0,,,6,536,0.0000,False,,NODATA,100
kalba,2018-06-28,0,0,,,6,536,0.0000,False,,NODATA,100
kalba,2018-06-29,0,0,,,6,536,0.0000,False,,NODATA,100
kalba,2018-06-30,24,0,0.0221,-0.4839,6,536,0.0448,False,,NODATA,100
kalba,2018-07-01,0,0,,,7,533,0.0000,False,,NODATA,100
kalba,2018-07-02,0,0,,,7,533,0.0000,False,,NODATA,100
kalba,2018-07-03,1,0,0.0458,0.9029,7,533,0.0019,False,,NODATA,100
kalba,2018-07-04,186,0,1.5607,-0.5269,7,533,0.3490,True,0.0000,QUIET,100
kalba,2018-07-05,0,0,,,7,533,0.0000,False,,NODATA,100
kalba,2018-07-06,0,0,,,7,533,0.0000,False,,NODATA,100
kalba,2018-07-07,15,0,1.3297,0.6310,7,533,0.0281,False,,NODATA,100
kalba,2018-07-08,1,0,-1.4869,0.7222,7,533,0.0019,False,,NODATA,100
kalba,2018-07-09,0,0,,,7,533,0.0000,False,,NODATA,100
kalba,2018-07-10,0,0,,,7,533,0.0000,False,,NODATA,100
kalba,2018-07-11,181,17,4.8042,-0.0611,7,533,0.3396,True,0.0939,QUIET,100
kalba,2018-07-12,225,27,6.3185,-0.4905,7,533,0.4221,True,0.1200,QUIET,100
kalba,2018-07-13,0,0,,,7,533,0.0000,False,,NODATA,100
kalba,2018-07-14,0,0,,,7,533,0.0000,False,,NODATA,100
kalba,2018-07-15,330,101,7.3012,-0.4329,7,533,0.6191,True,0.3061,EXCEED,100
kalba,2018-07-16,105,39,6.1830,-0.3339,7,533,0.1970,True,0.3714,ALERT,100
kalba,2018-07-17,0,0,,,7,533,0.0000,False,,NODATA,100
kalba,2018-07-18,0,0,,,7,533,0.0000,False,,NODATA,100
kalba,2018-07-19,186,19,3.2223,-0.4644,7,533,0.3490,True,0.1022,QUIET,100
kalba,2018-07-20,0,0,,,7,533,0.0000,False,,NODATA,100
kalba,2018-07-21,0,0,,,7,533,0.0000,False,,NODATA,100
kalba,2018-07-22,0,0,,,7,533,0.0000,False,,NODATA,100
kalba,2018-07-23,1,0,-0.4978,0.8567,7,533,0.0019,False,,NODATA,100
kalba,2018-07-24,0,0,,,7,533,0.0000,False,,NODATA,100
kalba,2018-07-25,0,0,,,7,533,0.0000,False,,NODATA,100
kalba,2018-07-26,0,0,,,7,533,0.0000,False,,NODATA,100
kalba,2018-07-27,173,26,4.1895,-0.3600,7,533,0.3246,True,0.1503,QUIET,100
kalba,2018-07-28,0,0,,,7,533,0.0000,False,,NODATA,100
kalba,2018-07-29,0,0,,,7,533,0.0000,False,,NODATA,100
kalba,2018-07-30,0,0,,,7,533,0.0000,False,,NODATA,100
kalba,2018-07-31,0,0,,,7,533,0.0000,False,,NODATA,100
kalba,2018-08-01,0,0,,,8,536,0.0000,False,,NODATA,100
kalba,2018-08-02,0,0,,,8,536,0.0000,False,,NODATA,100
kalba,2018-08-03,36,5,3.4027,0.6717,8,536,0.0672,False,,NODATA,100
kalba,2018-08-04,335,7,2.6694,-0.2468,8,536,0.6250,True,0.0209,QUIET,100
kalba,2018-08-05,0,0,,,8,536,0.0000,False,,NODATA,100
kalba,2018-08-06,0,0,,,8,536,0.0000,False,,NODATA,100
kalba,2018-08-07,201,0,0.9009,-0.3202,8,536,0.3750,True,0.0000,QUIET,100
kalba,2018-08-08,0,0,,,8,536,0.0000,False,,NODATA,100
kalba,2018-08-09,0,0,,,8,536,0.0000,False,,NODATA,100
kalba,2018-08-10,0,0,,,8,536,0.0000,False,,NODATA,100
kalba,2018-08-11,387,43,7.8439,-0.3181,8,536,0.7220,True,0.1111,QUIET,100
kalba,2018-08-12,192,2,2.1455,-0.3521,8,536,0.3582,True,0.0104,QUIET,100
kalba,2018-08-13,0,0,,,8,536,0.0000,False,,NODATA,100
kalba,2018-08-14,0,0,,,8,536,0.0000,False,,NODATA,100
kalba,2018-08-15,32,1,5.4857,-0.4973,8,536,0.0597,False,,NODATA,100
kalba,2018-08-16,0,0,,,8,536,0.0000,False,,NODATA,100
kalba,2018-08-17,0,0,,,8,536,0.0000,False,,NODATA,100
kalba,2018-08-18,0,0,,,8,536,0.0000,False,,NODATA,100
kalba,2018-08-19,431,81,6.5963,-0.2080,8,536,0.8041,True,0.1879,EXCEED,100
kalba,2018-08-20,0,0,,,8,536,0.0000,False,,NODATA,100
kalba,2018-08-21,0,0,,,8,536,0.0000,False,,NODATA,100
kalba,2018-08-22,0,0,,,8,536,0.0000,False,,NODATA,100
kalba,2018-08-23,56,6,3.7936,-0.3112,8,536,0.1045,True,0.1071,QUIET,100
kalba,2018-08-24,0,0,,,8,536,0.0000,False,,NODATA,100
kalba,2018-08-25,0,0,,,8,536,0.0000,False,,NODATA,100
kalba,2018-08-26,11,0,1.9241,0.9493,8,536,0.0205,False,,NODATA,100
kalba,2018-08-27,517,83,6.2931,-0.2086,8,536,0.9646,True,0.1605,QUIET,100
kalba,2018-08-28,0,0,,,8,536,0.0000,False,,NODATA,100
kalba,2018-08-29,0,0,,,8,536,0.0000,False,,NODATA,100
kalba,2018-08-30,52,14,4.4538,0.3107,8,536,0.0970,False,,NODATA,100
kalba,2018-08-31,57,0,1.8053,-0.2953,8,536,0.1063,True,0.0000,QUIET,100
kalba,2018-09-01,0,0,,,9,536,0.0000,False,,NODATA,100
kalba,2018-09-02,0,0,,,9,536,0.0000,False,,NODATA,100
kalba,2018-09-03,507,243,7.5208,-0.2029,9,536,0.9459,True,0.4793,EXCEED,100
kalba,2018-09-04,66,43,7.2927,0.0461,9,536,0.1231,True,0.6515,ALERT,100
kalba,2018-09-05,0,0,,,9,536,0.0000,False,,NODATA,100
kalba,2018-09-06,0,0,,,9,536,0.0000,False,,NODATA,100
kalba,2018-09-07,528,268,6.5593,-0.1297,9,536,0.9851,True,0.5076,ALERT,100
kalba,2018-09-08,400,281,7.4092,-0.1437,9,536,0.7463,True,0.7025,ALERT,100
kalba,2018-09-09,0,0,,,9,536,0.0000,False,,NODATA,100
kalba,2018-09-10,0,0,,,9,536,0.0000,False,,NODATA,100
kalba,2018-09-11,475,173,5.4317,-0.2465,9,536,0.8862,True,0.3642,ALERT,100
kalba,2018-09-12,0,0,,,9,536,0.0000,False,,NODATA,100
kalba,2018-09-13,0,0,,,9,536,0.0000,False,,NODATA,100
kalba,2018-09-14,0,0,,,9,536,0.0000,False,,NODATA,100
kalba,2018-09-15,132,88,7.2966,0.4403,9,536,0.2463,True,0.6667,ALERT,100
kalba,2018-09-16,0,0,,,9,536,0.0000,False,,NODATA,100
kalba,2018-09-17,0,0,,,9,536,0.0000,False,,NODATA,100
kalba,2018-09-18,7,0,1.2234,0.9587,9,536,0.0131,False,,NODATA,100
kalba,2018-09-19,460,161,6.5225,-0.2458,9,536,0.8582,True,0.3500,ALERT,100
kalba,2018-09-20,0,0,,,9,536,0.0000,False,,NODATA,100
kalba,2018-09-21,0,0,,,9,536,0.0000,False,,NODATA,100
kalba,2018-09-22,35,5,4.2871,0.6520,9,536,0.0653,False,,NODATA,100
kalba,2018-09-23,465,221,6.6359,-0.1772,9,536,0.8675,True,0.4753,ALERT,100
kalba,2018-09-24,0,0,,,9,536,0.0000,False,,NODATA,100
kalba,2018-09-25,0,0,,,9,536,0.0000,False,,NODATA,100
kalba,2018-09-26,357,26,4.1405,-0.3520,9,536,0.6660,True,0.0728,QUIET,100
kalba,2018-09-27,473,49,5.1154,-0.3615,9,536,0.8825,True,0.1036,QUIET,100
kalba,2018-09-28,0,0,,,9,536,0.0000,False,,NODATA,100
kalba,2018-09-29,0,0,,,9,536,0.0000,False,,NODATA,100
kalba,2018-09-30,520,56,4.3779,-0.3298,9,536,0.9701,True,0.1077,QUIET,100
kalba,2018-10-01,483,28,5.2735,-0.3374,10,536,0.9011,True,0.0580,QUIET,100
kalba,2018-10-02,0,0,,,10,536,0.0000,False,,NODATA,100
kalba,2018-10-03,0,0,,,10,536,0.0000,False,,NODATA,100
kalba,2018-10-04,528,19,3.8526,-0.3906,10,536,0.9851,True,0.0360,QUIET,100
kalba,2018-10-05,501,13,3.2644,-0.3570,10,536,0.9347,True,0.0259,QUIET,100
kalba,2018-10-06,0,0,,,10,536,0.0000,False,,NODATA,100
kalba,2018-10-07,7,0,1.9368,0.8248,10,536,0.0131,False,,NODATA,100
kalba,2018-10-08,528,18,3.6602,-0.3791,10,536,0.9851,True,0.0341,QUIET,100
kalba,2018-10-09,0,0,,,10,536,0.0000,False,,NODATA,100
kalba,2018-10-10,0,0,,,10,536,0.0000,False,,NODATA,100
kalba,2018-10-11,15,6,3.3194,0.7848,10,536,0.0280,False,,NODATA,100
kalba,2018-10-12,530,9,3.3431,-0.3764,10,536,0.9888,True,0.0170,QUIET,100
kalba,2018-10-13,0,0,,,10,536,0.0000,False,,NODATA,100
kalba,2018-10-14,0,0,,,10,536,0.0000,False,,NODATA,100
kalba,2018-10-15,88,6,2.5780,-0.2924,10,536,0.1642,True,0.0682,QUIET,100
kalba,2018-10-16,513,18,3.3183,-0.3061,10,536,0.9571,True,0.0351,QUIET,100
kalba,2018-10-17,0,0,,,10,536,0.0000,False,,NODATA,100
kalba,2018-10-18,0,0,,,10,536,0.0000,False,,NODATA,100
kalba,2018-10-19,238,7,2.7642,-0.2847,10,536,0.4440,True,0.0294,QUIET,100
kalba,2018-10-20,397,14,5.0162,-0.2504,10,536,0.7407,True,0.0353,QUIET,100
kalba,2018-10-21,0,0,,,10,536,0.0000,False,,NODATA,100
kalba,2018-10-22,0,0,,,10,536,0.0000,False,,NODATA,100
kalba,2018-10-23,420,11,5.4055,-0.2830,10,536,0.7836,True,0.0262,QUIET,100
kalba,2018-10-24,526,23,5.7453,-0.2350,10,536,0.9813,True,0.0437,QUIET,100
kalba,2018-10-25,0,0,,,10,536,0.0000,False,,NODATA,100
kalba,2018-10-26,0,0,,,10,536,0.0000,False,,NODATA,100
kalba,2018-10-27,471,7,3.1213,-0.3114,10,536,0.8787,True,0.0149,QUIET,100
kalba,2018-10-28,262,7,3.0872,-0.2456,10,536,0.4888,True,0.0267,QUIET,100
kalba,2018-10-29,0,0,,,10,536,0.0000,False,,NODATA,100
kalba,2018-10-30,0,0,,,10,536,0.0000,False,,NODATA,100
kalba,2018-10-31,258,9,4.3464,-0.2278,10,536,0.4813,True,0.0349,QUIET,100
kalba,2018-11-01,346,10,4.7745,-0.1418,11,536,0.6455,True,0.0289,QUIET,100
kalba,2018-11-02,0,0,,,11,536,0.0000,False,,NODATA,100
kalba,2018-11-03,10,3,3.8864,0.7669,11,536,0.0187,False,,NODATA,100
kalba,2018-11-04,531,27,2.9342,-0.0331,11,536,0.9907,True,0.0508,QUIET,100
kalba,2018-11-05,0,0,,,11,536,0.0000,False,,NODATA,100
kalba,2018-11-06,0,0,,,11,536,0.0000,False,,NODATA,100
kalba,2018-11-07,144,18,3.5582,0.1870,11,536,0.2687,True,0.1250,QUIET,100
kalba,2018-11-08,528,126,3.6865,0.0643,11,536,0.9851,True,0.2386,EXCEED,100
kalba,2018-11-09,0,0,,,11,536,0.0000,False,,NODATA,100
kalba,2018-11-10,0,0,,,11,536,0.0000,False,,NODATA,100
kalba,2018-11-11,502,26,2.9524,-0.0397,11,536,0.9366,True,0.0518,QUIET,100
kalba,2018-11-12,532,115,3.9393,0.0987,11,536,0.9925,True,0.2162,ALERT,100
kalba,2018-11-13,0,0,,,11,536,0.0000,False,,NODATA,100
kalba,2018-11-14,0,0,,,11,536,0.0000,False,,NODATA,100
kalba,2018-11-15,524,13,3.1059,-0.0995,11,536,0.9776,True,0.0248,QUIET,100
kalba,2018-11-16,455,89,3.6218,0.0348,11,536,0.8489,True,0.1956,ALERT,100
kalba,2018-11-17,0,0,,,11,536,0.0000,False,,NODATA,100
kalba,2018-11-18,0,0,,,11,536,0.0000,False,,NODATA,100
kalba,2018-11-19,532,16,2.7570,-0.0305,11,536,0.9925,True,0.0301,QUIET,100
kalba,2018-11-20,524,80,3.8260,0.0563,11,536,0.9776,True,0.1527,QUIET,100
kalba,2018-11-21,0,0,,,11,536,0.0000,False,,NODATA,100
kalba,2018-11-22,0,0,,,11,536,0.0000,False,,NODATA,100
kalba,2018-11-23,459,7,3.2171,-0.2494,11,536,0.8563,True,0.0153,QUIET,100
kalba,2018-11-24,416,10,2.9445,-0.2036,11,536,0.7761,True,0.0240,QUIET,100
kalba,2018-11-25,0,0,,,11,536,0.0000,False,,NODATA,100
kalba,2018-11-26,0,0,,,11,536,0.0000,False,,NODATA,100
kalba,2018-11-27,510,8,2.3232,-0.1112,11,536,0.9515,True,0.0157,QUIET,100
kalba,2018-11-28,283,26,3.3457,-0.0109,11,536,0.5280,True,0.0919,QUIET,100
kalba,2018-11-29,0,0,,,11,536,0.0000,False,,NODATA,100
kalba,2018-11-30,15,4,3.1988,0.7845,11,536,0.0280,False,,NODATA,100
kalba,2018-12-01,491,210,4.9324,0.1271,12,536,0.9160,True,0.4277,EXCEED,100
kalba,2018-12-02,0,0,,,12,536,0.0000,False,,NODATA,100
kalba,2018-12-03,0,0,,,12,536,0.0000,False,,NODATA,100
kalba,2018-12-04,160,14,3.0057,0.0563,12,536,0.2985,True,0.0875,QUIET,100
kalba,2018-12-05,252,23,3.2460,-0.1591,12,536,0.4701,True,0.0913,QUIET,100
kalba,2018-12-06,0,0,,,12,536,0.0000,False,,NODATA,100
kalba,2018-12-07,0,0,,,12,536,0.0000,False,,NODATA,100
kalba,2018-12-08,524,117,4.2819,0.0466,12,536,0.9776,True,0.2233,ALERT,100
kalba,2018-12-09,533,322,4.3295,0.2032,12,536,0.9944,True,0.6041,ALERT,100
kalba,2018-12-10,0,0,,,12,536,0.0000,False,,NODATA,100
kalba,2018-12-11,0,0,,,12,536,0.0000,False,,NODATA,100
kalba,2018-12-12,533,75,4.0853,-0.0093,12,536,0.9944,True,0.1407,QUIET,100
kalba,2018-12-13,528,198,4.0354,0.0970,12,536,0.9851,True,0.3750,ALERT,100
kalba,2018-12-14,0,0,,,12,536,0.0000,False,,NODATA,100
kalba,2018-12-15,0,0,,,12,536,0.0000,False,,NODATA,100
kalba,2018-12-16,534,100,9.2348,-0.0305,12,536,0.9963,True,0.1873,ALERT,100
kalba,2018-12-17,528,244,8.1839,0.1156,12,536,0.9851,True,0.4621,ALERT,100
kalba,2018-12-18,0,0,,,12,536,0.0000,False,,NODATA,100
kalba,2018-12-19,0,0,,,12,536,0.0000,False,,NODATA,100
kalba,2018-12-20,533,141,5.7654,0.0431,12,536,0.9944,True,0.2645,ALERT,100
kalba,2018-12-21,496,306,4.0702,0.1720,12,536,0.9254,True,0.6169,ALERT,100
kalba,2018-12-22,0,0,,,12,536,0.0000,False,,NODATA,100
kalba,2018-12-23,0,0,,,12,536,0.0000,False,,NODATA,100
kalba,2018-12-24,506,11,2.9809,-0.1017,12,536,0.9440,True,0.0217,QUIET,100
kalba,2018-12-25,502,10,2.6237,-0.1298,12,536,0.9366,True,0.0199,QUIET,100
kalba,2018-12-26,0,0,,,12,536,0.0000,False,,NODATA,100
kalba,2018-12-27,9,5,3.6745,0.6655,12,536,0.0168,False,,NODATA,100
kalba,2018-12-28,253,29,4.7442,-0.1681,12,536,0.4720,True,0.1146,QUIET,100
kalba,2018-12-29,0,0,,,12,536,0.0000,False,,NODATA,100
kalba,2018-12-30,0,0,,,12,536,0.0000,False,,NODATA,100
kalba,2018-12-31,112,30,4.6826,0.0945,12,536,0.2090,True,0.2679,EXCEED,100
kalba,2019-01-01,495,34,2.7013,0.0737,1,534,0.9270,True,0.0687,QUIET,100
kalba,2019-01-02,0,0,,,1,534,0.0000,False,,NODATA,100
kalba,2019-01-03,0,0,,,1,534,0.0000,False,,NODATA,100
kalba,2019-01-04,117,19,3.0273,0.0824,1,534,0.2191,True,0.1624,QUIET,100
kalba,2019-01-05,526,12,3.2562,-0.0187,1,534,0.9850,True,0.0228,QUIET,100
kalba,2019-01-06,0,0,,,1,534,0.0000,False,,NODATA,100
kalba,2019-01-07,0,0,,,1,534,0.0000,False,,NODATA,100
kalba,2019-01-08,233,34,2.8981,-0.2927,1,534,0.4363,True,0.1459,QUIET,100
kalba,2019-01-09,388,30,3.4882,-0.0332,1,534,0.7266,True,0.0773,QUIET,100
kalba,2019-01-10,0,0,,,1,534,0.0000,False,,NODATA,100
kalba,2019-01-11,0,0,,,1,534,0.0000,False,,NODATA,100
kalba,2019-01-12,500,0,1.9244,-0.1767,1,534,0.9363,True,0.0000,QUIET,100
kalba,2019-01-13,520,5,2.3150,-0.0504,1,534,0.9738,True,0.0096,QUIET,100
kalba,2019-01-14,0,0,,,1,534,0.0000,False,,NODATA,100
kalba,2019-01-15,0,0,,,1,534,0.0000,False,,NODATA,100
kalba,2019-01-16,533,22,3.1863,0.0576,1,534,0.9981,True,0.0413,QUIET,100
kalba,2019-01-17,423,182,3.7673,0.1976,1,534,0.7921,True,0.4303,EXCEED,100
kalba,2019-01-18,0,0,,,1,534,0.0000,False,,NODATA,100
kalba,2019-01-19,0,0,,,1,534,0.0000,False,,NODATA,100
kalba,2019-01-20,520,28,2.6759,-0.1621,1,534,0.9738,True,0.0538,QUIET,100
kalba,2019-01-21,2,2,3.0887,0.8631,1,534,0.0037,False,,NODATA,100
kalba,2019-01-22,0,0,,,1,534,0.0000,False,,NODATA,100
kalba,2019-01-23,13,0,1.5100,0.6677,1,534,0.0243,False,,NODATA,100
kalba,2019-01-24,207,0,0.2329,-0.3798,1,534,0.3876,True,0.0000,QUIET,100
kalba,2019-01-25,0,0,,,1,534,0.0000,False,,NODATA,100
kalba,2019-01-26,0,0,,,1,534,0.0000,False,,NODATA,100
kalba,2019-01-27,70,5,2.9457,0.0122,1,534,0.1311,True,0.0714,QUIET,100
kalba,2019-01-28,343,0,1.2568,-0.1960,1,534,0.6423,True,0.0000,QUIET,100
kalba,2019-01-29,0,0,,,1,534,0.0000,False,,NODATA,100
kalba,2019-01-30,0,0,,,1,534,0.0000,False,,NODATA,100
kalba,2019-01-31,444,124,3.8786,0.1409,1,534,0.8315,True,0.2793,EXCEED,100
kalba,2019-02-01,473,14,2.4549,0.1098,2,533,0.8874,True,0.0296,QUIET,100
kalba,2019-02-02,0,0,,,2,533,0.0000,False,,NODATA,100
kalba,2019-02-03,0,0,,,2,533,0.0000,False,,NODATA,100
kalba,2019-02-04,302,13,2.8193,-0.1532,2,533,0.5666,True,0.0430,QUIET,100
kalba,2019-02-05,527,1,2.2080,-0.0648,2,533,0.9887,True,0.0019,QUIET,100
kalba,2019-02-06,0,0,,,2,533,0.0000,False,,NODATA,100
kalba,2019-02-07,0,0,,,2,533,0.0000,False,,NODATA,100
kalba,2019-02-08,531,11,2.4391,-0.0167,2,533,0.9962,True,0.0207,QUIET,100
kalba,2019-02-09,514,4,2.3620,0.0831,2,533,0.9644,True,0.0078,QUIET,100
kalba,2019-02-10,0,0,,,2,533,0.0000,False,,NODATA,100
kalba,2019-02-11,0,0,,,2,533,0.0000,False,,NODATA,100
kalba,2019-02-12,216,1,2.6541,-0.3037,2,533,0.4053,True,0.0046,QUIET,100
kalba,2019-02-13,517,1,2.2007,-0.1105,2,533,0.9700,True,0.0019,QUIET,100
kalba,2019-02-14,0,0,,,2,533,0.0000,False,,NODATA,100
kalba,2019-02-15,0,0,,,2,533,0.0000,False,,NODATA,100
kalba,2019-02-16,297,2,2.5012,-0.0740,2,533,0.5572,True,0.0067,QUIET,100
kalba,2019-02-17,35,0,0.4189,-0.1683,2,533,0.0657,False,,NODATA,100
kalba,2019-02-18,0,0,,,2,533,0.0000,False,,NODATA,100
kalba,2019-02-19,7,0,1.3861,0.7234,2,533,0.0131,False,,NODATA,100
kalba,2019-02-20,528,0,1.7992,-0.1978,2,533,0.9906,True,0.0000,QUIET,100
kalba,2019-02-21,0,0,,,2,533,0.0000,False,,NODATA,100
kalba,2019-02-22,0,0,,,2,533,0.0000,False,,NODATA,100
kalba,2019-02-23,110,22,2.5446,0.4333,2,533,0.2064,True,0.2000,EXCEED,100
kalba,2019-02-24,152,0,0.4991,-0.2034,2,533,0.2852,True,0.0000,QUIET,100
kalba,2019-02-25,0,0,,,2,533,0.0000,False,,NODATA,100
kalba,2019-02-26,0,0,,,2,533,0.0000,False,,NODATA,100
kalba,2019-02-27,147,1,2.2331,-0.0294,2,533,0.2758,True,0.0068,QUIET,100
kalba,2019-02-28,51,1,2.1900,-0.0210,2,533,0.0957,False,,NODATA,100
kalba,2019-03-01,0,0,,,3,536,0.0000,False,,NODATA,100
kalba,2019-03-02,0,0,,,3,536,0.0000,False,,NODATA,100
kalba,2019-03-03,84,0,1.3635,0.1788,3,536,0.1567,True,0.0000,QUIET,100
kalba,2019-03-04,522,0,1.6953,-0.2308,3,536,0.9739,True,0.0000,QUIET,100
kalba,2019-03-05,0,0,,,3,536,0.0000,False,,NODATA,100
kalba,2019-03-06,0,0,,,3,536,0.0000,False,,NODATA,100
kalba,2019-03-07,46,0,1.6377,0.0443,3,536,0.0858,False,,NODATA,100
kalba,2019-03-08,520,0,1.8596,0.0949,3,536,0.9701,True,0.0000,QUIET,100
kalba,2019-03-09,0,0,,,3,536,0.0000,False,,NODATA,100
kalba,2019-03-10,0,0,,,3,536,0.0000,False,,NODATA,100
kalba,2019-03-11,522,2,2.6091,-0.1620,3,536,0.9739,True,0.0038,QUIET,100
kalba,2019-03-12,518,0,1.8863,0.0114,3,536,0.9664,True,0.0000,QUIET,100
kalba,2019-03-13,0,0,,,3,536,0.0000,False,,NODATA,100
kalba,2019-03-14,0,0,,,3,536,0.0000,False,,NODATA,100
kalba,2019-03-15,5,0,0.0407,-0.3428,3,536,0.0093,False,,NODATA,100
kalba,2019-03-16,320,2,2.2944,-0.2032,3,536,0.5970,True,0.0063,QUIET,100
kalba,2019-03-17,0,0,,,3,536,0.0000,False,,NODATA,100
kalba,2019-03-18,0,0,,,3,536,0.0000,False,,NODATA,100
kalba,2019-03-19,530,16,4.0101,-0.0883,3,536,0.9888,True,0.0302,QUIET,100
kalba,2019-03-20,0,0,,,3,536,0.0000,False,,NODATA,100
kalba,2019-03-21,12,0,1.1488,0.7293,3,536,0.0224,False,,NODATA,100
kalba,2019-03-22,6,0,0.9021,0.2056,3,536,0.0112,False,,NODATA,100
kalba,2019-03-23,5,3,2.6768,0.7514,3,536,0.0093,False,,NODATA,100
kalba,2019-03-24,0,0,,,3,536,0.0000,False,,NODATA,100
kalba,2019-03-25,0,0,,,3,536,0.0000,False,,NODATA,100
kalba,2019-03-26,0,0,,,3,536,0.0000,False,,NODATA,100
kalba,2019-03-27,2,1,2.4800,0.9182,3,536,0.0037,False,,NODATA,100
kalba,2019-03-28,0,0,,,3,536,0.0000,False,,NODATA,100
kalba,2019-03-29,525,61,3.2184,0.4020,3,536,0.9795,True,0.1162,QUIET,100
kalba,2019-03-30,2,0,1.2162,0.6472,3,536,0.0037,False,,NODATA,100
kalba,2019-03-31,0,0,,,3,536,0.0000,False,,NODATA,100
kalba,2019-04-01,0,0,,,4,536,0.0000,False,,NODATA,100
kalba,2019-04-02,246,92,3.3752,0.5550,4,536,0.4590,True,0.3740,EXCEED,100
kalba,2019-04-03,9,5,2.8864,0.5694,4,536,0.0168,False,,NODATA,100
kalba,2019-04-04,413,5,3.1044,0.0341,4,536,0.7705,True,0.0121,QUIET,100
kalba,2019-04-05,0,0,,,4,536,0.0000,False,,NODATA,100
kalba,2019-04-06,0,0,,,4,536,0.0000,False,,NODATA,100
kalba,2019-04-07,0,0,,,4,536,0.0000,False,,NODATA,100
kalba,2019-04-08,0,0,,,4,536,0.0000,False,,NODATA,100
kalba,2019-04-09,6,1,3.5094,1.0519,4,536,0.0112,False,,NODATA,100
kalba,2019-04-10,3,1,2.0136,0.5497,4,536,0.0056,False,,NODATA,100
kalba,2019-04-11,407,148,3.2305,0.4998,4,536,0.7593,True,0.3636,EXCEED,100
kalba,2019-04-12,0,0,,,4,536,0.0000,False,,NODATA,100
kalba,2019-04-13,13,1,2.9442,0.7533,4,536,0.0243,False,,NODATA,100
kalba,2019-04-14,225,1,2.3229,0.1897,4,536,0.4198,True,0.0044,QUIET,100
kalba,2019-04-15,530,0,1.9091,0.2254,4,536,0.9888,True,0.0000,QUIET,100
kalba,2019-04-16,0,0,,,4,536,0.0000,False,,NODATA,100
kalba,2019-04-17,103,13,2.9347,0.3723,4,536,0.1922,True,0.1262,QUIET,100
kalba,2019-04-18,513,38,3.6947,0.2432,4,536,0.9571,True,0.0741,QUIET,100
kalba,2019-04-19,474,34,3.5953,0.3294,4,536,0.8843,True,0.0717,QUIET,100
kalba,2019-04-20,0,0,,,4,536,0.0000,False,,NODATA,100
kalba,2019-04-21,495,85,3.1292,0.3971,4,536,0.9235,True,0.1717,QUIET,100
kalba,2019-04-22,476,76,2.9406,0.3438,4,536,0.8881,True,0.1597,QUIET,100
kalba,2019-04-23,433,13,2.6364,0.0579,4,536,0.8078,True,0.0300,QUIET,100
kalba,2019-04-24,0,0,,,4,536,0.0000,False,,NODATA,100
kalba,2019-04-25,522,36,3.3368,0.3128,4,536,0.9739,True,0.0690,QUIET,100
kalba,2019-04-26,6,0,1.8086,0.9342,4,536,0.0112,False,,NODATA,100
kalba,2019-04-27,510,0,0.9612,-0.1605,4,536,0.9515,True,0.0000,QUIET,100
kalba,2019-04-28,0,0,,,4,536,0.0000,False,,NODATA,100
kalba,2019-04-29,523,65,2.6414,0.4105,4,536,0.9757,True,0.1243,QUIET,100
kalba,2019-04-30,13,0,1.0537,0.8418,4,536,0.0243,False,,NODATA,100
kalba,2019-05-01,528,409,4.1010,0.2264,5,536,0.9851,True,0.7746,EXCEED,100
kalba,2019-05-02,0,0,,,5,536,0.0000,False,,NODATA,100
kalba,2019-05-03,525,238,3.7215,0.1219,5,536,0.9795,True,0.4533,ALERT,100
kalba,2019-05-04,63,35,3.9998,0.5396,5,536,0.1175,True,0.5556,ALERT,100
kalba,2019-05-05,283,131,3.4665,0.0519,5,536,0.5280,True,0.4629,ALERT,100
kalba,2019-05-06,0,0,,,5,536,0.0000,False,,NODATA,100
kalba,2019-05-07,525,215,3.6123,0.0708,5,536,0.9795,True,0.4095,ALERT,100
kalba,2019-05-08,526,94,2.9582,0.0081,5,536,0.9813,True,0.1787,QUIET,100
kalba,2019-05-09,407,20,2.6359,-0.0247,5,536,0.7593,True,0.0491,QUIET,100
kalba,2019-05-10,7,0,1.0984,0.8909,5,536,0.0131,False,,NODATA,100
kalba,2019-05-11,522,6,2.0976,-0.1162,5,536,0.9739,True,0.0115,QUIET,100
kalba,2019-05-12,471,32,3.5157,-0.1321,5,536,0.8787,True,0.0679,QUIET,100
kalba,2019-05-13,0,0,,,5,536,0.0000,False,,NODATA,100
kalba,2019-05-14,19,1,3.1413,0.8661,5,536,0.0354,False,,NODATA,100
kalba,2019-05-15,525,5,2.9349,-0.1769,5,536,0.9795,True,0.0095,QUIET,100
kalba,2019-05-16,468,2,2.0602,-0.2858,5,536,0.8731,True,0.0043,QUIET,100
kalba,2019-05-17,0,0,,,5,536,0.0000,False,,NODATA,100
kalba,2019-05-18,86,1,3.5407,-0.2865,5,536,0.1604,True,0.0116,QUIET,100
kalba,2019-05-19,161,0,1.3195,-0.3688,5,536,0.3004,True,0.0000,QUIET,100
kalba,2019-05-20,394,0,1.4866,-0.3439,5,536,0.7351,True,0.0000,QUIET,100
kalba,2019-05-21,0,0,,,5,536,0.0000,False,,NODATA,100
kalba,2019-05-22,513,11,3.2561,-0.4075,5,536,0.9571,True,0.0214,QUIET,100
kalba,2019-05-23,0,0,,,5,536,0.0000,False,,NODATA,100
kalba,2019-05-24,527,5,2.8624,-0.3412,5,536,0.9832,True,0.0095,QUIET,100
kalba,2019-05-25,0,0,,,5,536,0.0000,False,,NODATA,100
kalba,2019-05-26,527,2,2.5205,-0.3887,5,536,0.9832,True,0.0038,QUIET,100
kalba,2019-05-27,4,0,1.4131,1.0376,5,536,0.0075,False,,NODATA,100
kalba,2019-05-28,448,1,2.3735,-0.4246,5,536,0.8358,True,0.0022,QUIET,100
kalba,2019-05-29,0,0,,,5,536,0.0000,False,,NODATA,100
kalba,2019-05-30,0,0,,,5,536,0.0000,False,,NODATA,100
kalba,2019-05-31,89,1,2.0615,-0.1637,5,536,0.1660,True,0.0112,QUIET,100
kalba,2019-06-01,518,13,3.3267,-0.4719,6,536,0.9664,True,0.0251,QUIET,100
kalba,2019-06-02,0,0,,,6,536,0.0000,False,,NODATA,100
kalba,2019-06-03,522,5,2.3627,-0.5337,6,536,0.9739,True,0.0096,QUIET,100
kalba,2019-06-04,451,4,2.2958,-0.4629,6,536,0.8414,True,0.0089,QUIET,100
kalba,2019-06-05,485,31,2.9384,-0.4475,6,536,0.9049,True,0.0639,QUIET,100
kalba,2019-06-06,1,0,0.4626,0.9323,6,536,0.0019,False,,NODATA,100
kalba,2019-06-07,526,7,2.5632,-0.4900,6,536,0.9813,True,0.0133,QUIET,100
kalba,2019-06-08,530,5,2.3963,-0.4982,6,536,0.9888,True,0.0094,QUIET,100
kalba,2019-06-09,0,0,,,6,536,0.0000,False,,NODATA,100
kalba,2019-06-10,41,9,3.3847,0.6956,6,536,0.0765,False,,NODATA,100
kalba,2019-06-11,508,76,3.9872,-0.4188,6,536,0.9478,True,0.1496,QUIET,100
kalba,2019-06-12,521,0,1.9770,-0.5780,6,536,0.9720,True,0.0000,QUIET,100
kalba,2019-06-13,0,0,,,6,536,0.0000,False,,NODATA,100
kalba,2019-06-14,314,2,3.9859,-0.3966,6,536,0.5858,True,0.0064,QUIET,100
kalba,2019-06-15,525,0,1.8228,-0.5252,6,536,0.9795,True,0.0000,QUIET,100
kalba,2019-06-16,59,3,2.3867,-0.5495,6,536,0.1101,True,0.0508,QUIET,100
kalba,2019-06-17,0,0,,,6,536,0.0000,False,,NODATA,100
kalba,2019-06-18,521,12,5.1722,-0.5726,6,536,0.9720,True,0.0230,QUIET,100
kalba,2019-06-19,0,0,,,6,536,0.0000,False,,NODATA,100
kalba,2019-06-20,65,13,3.0856,0.2047,6,536,0.1213,True,0.2000,EXCEED,100
kalba,2019-06-21,0,0,,,6,536,0.0000,False,,NODATA,100
kalba,2019-06-22,182,8,4.1454,-0.5941,6,536,0.3396,True,0.0440,QUIET,100
kalba,2019-06-23,22,3,2.6817,0.7999,6,536,0.0410,False,,NODATA,100
kalba,2019-06-24,188,9,2.7919,-0.5336,6,536,0.3507,True,0.0479,QUIET,100
kalba,2019-06-25,0,0,,,6,536,0.0000,False,,NODATA,100
kalba,2019-06-26,421,28,4.8901,-0.5095,6,536,0.7854,True,0.0665,QUIET,100
kalba,2019-06-27,106,14,5.4147,-0.0208,6,536,0.1978,True,0.1321,QUIET,100
kalba,2019-06-28,437,56,5.2482,-0.5471,6,536,0.8153,True,0.1281,QUIET,100
kalba,2019-06-29,0,0,,,6,536,0.0000,False,,NODATA,100
kalba,2019-06-30,526,18,3.4665,-0.6158,6,536,0.9813,True,0.0342,QUIET,100
kalba,2019-07-01,518,9,4.0995,-0.6156,7,533,0.9719,True,0.0174,QUIET,100
kalba,2019-07-02,492,28,3.8967,-0.6158,7,533,0.9231,True,0.0569,QUIET,100
kalba,2019-07-03,4,0,0.8661,0.9549,7,533,0.0075,False,,NODATA,100
kalba,2019-07-04,121,5,3.1135,-0.4079,7,533,0.2270,True,0.0413,QUIET,100
kalba,2019-07-05,479,1,2.8068,-0.5001,7,533,0.8987,True,0.0021,QUIET,100
kalba,2019-07-06,0,0,,,7,533,0.0000,False,,NODATA,100
kalba,2019-07-07,61,3,3.2358,-0.3281,7,533,0.1144,True,0.0492,QUIET,100
kalba,2019-07-08,202,1,2.1178,-0.3176,7,533,0.3790,True,0.0050,QUIET,100
kalba,2019-07-09,357,4,2.2248,-0.5827,7,533,0.6698,True,0.0112,QUIET,100
kalba,2019-07-10,0,0,,,7,533,0.0000,False,,NODATA,100
kalba,2019-07-11,501,1,2.6289,-0.5482,7,533,0.9400,True,0.0020,QUIET,100
kalba,2019-07-12,436,0,1.9442,-0.5364,7,533,0.8180,True,0.0000,QUIET,100
kalba,2019-07-13,208,28,3.5880,-0.3226,7,533,0.3902,True,0.1346,QUIET,100
kalba,2019-07-14,0,0,,,7,533,0.0000,False,,NODATA,100
kalba,2019-07-15,501,2,2.1687,-0.5563,7,533,0.9400,True,0.0040,QUIET,100
kalba,2019-07-16,0,0,,,7,533,0.0000,False,,NODATA,100
kalba,2019-07-17,49,0,1.6877,-0.0226,7,533,0.0919,False,,NODATA,100
kalba,2019-07-18,0,0,,,7,533,0.0000,False,,NODATA,100
kalba,2019-07-19,141,5,2.4801,-0.4616,7,533,0.2645,True,0.0355,QUIET,100
kalba,2019-07-20,19,0,1.1357,0.7699,7,533,0.0356,False,,NODATA,100
kalba,2019-07-21,247,6,3.7151,-0.4801,7,533,0.4634,True,0.0243,QUIET,100
kalba,2019-07-22,0,0,,,7,533,0.0000,False,,NODATA,100
kalba,2019-07-23,7,0,1.4433,0.7731,7,533,0.0131,False,,NODATA,100
kalba,2019-07-24,187,75,4.6389,-0.0988,7,533,0.3508,True,0.4011,EXCEED,100
kalba,2019-07-25,78,0,1.6264,-0.4754,7,533,0.1463,True,0.0000,QUIET,100
kalba,2019-07-26,0,0,,,7,533,0.0000,False,,NODATA,100
kalba,2019-07-27,506,50,3.4772,-0.3086,7,533,0.9493,True,0.0988,QUIET,100
kalba,2019-07-28,253,89,4.9724,0.0429,7,533,0.4747,True,0.3518,ALERT,100
kalba,2019-07-29,0,0,,,7,533,0.0000,False,,NODATA,100
kalba,2019-07-30,0,0,,,7,533,0.0000,False,,NODATA,100
kalba,2019-07-31,8,0,0.2626,0.6777,7,533,0.0150,False,,NODATA,100
kalba,2019-08-01,436,0,1.9950,-0.4295,8,536,0.8134,True,0.0000,QUIET,100
kalba,2019-08-02,0,0,,,8,536,0.0000,False,,NODATA,100
kalba,2019-08-03,7,0,-1.0163,-0.5639,8,536,0.0131,False,,NODATA,100
kalba,2019-08-04,0,0,,,8,536,0.0000,False,,NODATA,100
kalba,2019-08-05,46,0,1.3421,0.0031,8,536,0.0858,False,,NODATA,100
kalba,2019-08-06,0,0,,,8,536,0.0000,False,,NODATA,100
kalba,2019-08-07,505,0,1.2882,-0.3829,8,536,0.9422,True,0.0000,QUIET,100
kalba,2019-08-08,0,0,,,8,536,0.0000,False,,NODATA,100
kalba,2019-08-09,2,0,-0.8735,0.7621,8,536,0.0037,False,,NODATA,100
kalba,2019-08-10,0,0,,,8,536,0.0000,False,,NODATA,100
kalba,2019-08-11,2,0,-1.3179,-0.4436,8,536,0.0037,False,,NODATA,100
kalba,2019-08-12,0,0,,,8,536,0.0000,False,,NODATA,100
kalba,2019-08-13,0,0,,,8,536,0.0000,False,,NODATA,100
kalba,2019-08-14,0,0,,,8,536,0.0000,False,,NODATA,100
kalba,2019-08-15,114,9,2.9110,-0.3162,8,536,0.2127,True,0.0789,QUIET,100
kalba,2019-08-16,15,0,1.4750,0.8639,8,536,0.0280,False,,NODATA,100
kalba,2019-08-17,494,0,1.7483,-0.4056,8,536,0.9216,True,0.0000,QUIET,100
kalba,2019-08-18,0,0,,,8,536,0.0000,False,,NODATA,100
kalba,2019-08-19,345,0,1.3917,-0.3661,8,536,0.6437,True,0.0000,QUIET,100
kalba,2019-08-20,0,0,,,8,536,0.0000,False,,NODATA,100
kalba,2019-08-21,300,0,1.3862,-0.4439,8,536,0.5597,True,0.0000,QUIET,100
kalba,2019-08-22,0,0,,,8,536,0.0000,False,,NODATA,100
kalba,2019-08-23,404,0,1.3540,-0.4075,8,536,0.7537,True,0.0000,QUIET,100
kalba,2019-08-24,489,0,1.9972,-0.4544,8,536,0.9123,True,0.0000,QUIET,100
kalba,2019-08-25,485,7,2.7641,-0.3870,8,536,0.9049,True,0.0144,QUIET,100
kalba,2019-08-26,18,1,2.3849,0.9109,8,536,0.0336,False,,NODATA,100
kalba,2019-08-27,442,0,1.6070,-0.4044,8,536,0.8246,True,0.0000,QUIET,100
kalba,2019-08-28,529,4,2.4138,-0.4210,8,536,0.9869,True,0.0076,QUIET,100
kalba,2019-08-29,0,0,,,8,536,0.0000,False,,NODATA,100
kalba,2019-08-30,248,1,2.6250,-0.4233,8,536,0.4627,True,0.0040,QUIET,100
kalba,2019-08-31,454,0,1.3380,-0.4032,8,536,0.8470,True,0.0000,QUIET,100
kalba,2019-09-01,509,25,3.6620,-0.4139,9,536,0.9496,True,0.0491,QUIET,100
kalba,2019-09-02,0,0,,,9,536,0.0000,False,,NODATA,100
kalba,2019-09-03,525,13,2.6402,-0.4182,9,536,0.9795,True,0.0248,QUIET,100
kalba,2019-09-04,501,18,2.5684,-0.4067,9,536,0.9347,True,0.0359,QUIET,100
kalba,2019-09-05,0,0,,,9,536,0.0000,False,,NODATA,100
kalba,2019-09-06,0,0,,,9,536,0.0000,False,,NODATA,100
kalba,2019-09-07,0,0,,,9,536,0.0000,False,,NODATA,100
kalba,2019-09-08,9,0,0.2108,0.8673,9,536,0.0168,False,,NODATA,100
kalba,2019-09-09,302,2,2.2347,-0.4470,9,536,0.5634,True,0.0066,QUIET,100
kalba,2019-09-10,0,0,,,9,536,0.0000,False,,NODATA,100
kalba,2019-09-11,430,2,2.2022,-0.4267,9,536,0.8022,True,0.0047,QUIET,100
kalba,2019-09-12,263,11,4.9988,-0.3975,9,536,0.4907,True,0.0418,QUIET,100
kalba,2019-09-13,381,17,3.5335,-0.4286,9,536,0.7108,True,0.0446,QUIET,100
kalba,2019-09-14,0,0,,,9,536,0.0000,False,,NODATA,100
kalba,2019-09-15,522,1,2.0970,-0.4207,9,536,0.9739,True,0.0019,QUIET,100
kalba,2019-09-16,41,0,1.6408,-0.5185,9,536,0.0765,False,,NODATA,100
kalba,2019-09-17,280,13,2.8766,-0.4820,9,536,0.5224,True,0.0464,QUIET,100
kalba,2019-09-18,11,0,1.2260,0.9781,9,536,0.0205,False,,NODATA,100
kalba,2019-09-19,527,1,2.5872,-0.4562,9,536,0.9832,True,0.0019,QUIET,100
kalba,2019-09-20,528,8,3.4512,-0.4352,9,536,0.9851,True,0.0152,QUIET,100
kalba,2019-09-21,0,0,,,9,536,0.0000,False,,NODATA,100
kalba,2019-09-22,146,9,2.9453,-0.1941,9,536,0.2724,True,0.0616,QUIET,100
kalba,2019-09-23,491,4,2.2383,-0.4082,9,536,0.9160,True,0.0081,QUIET,100
kalba,2019-09-24,0,0,,,9,536,0.0000,False,,NODATA,100
kalba,2019-09-25,0,0,,,9,536,0.0000,False,,NODATA,100
kalba,2019-09-26,450,22,3.6282,-0.4227,9,536,0.8396,True,0.0489,QUIET,100
kalba,2019-09-27,520,23,3.8392,-0.3816,9,536,0.9701,True,0.0442,QUIET,100
kalba,2019-09-28,523,88,4.6586,-0.3607,9,536,0.9757,True,0.1683,QUIET,100
kalba,2019-09-29,0,0,,,9,536,0.0000,False,,NODATA,100
kalba,2019-09-30,521,46,3.9175,-0.3975,9,536,0.9720,True,0.0883,QUIET,100
kalba,2019-10-01,339,0,1.5370,-0.4610,10,536,0.6325,True,0.0000,QUIET,100
kalba,2019-10-02,440,6,3.0585,-0.4844,10,536,0.8209,True,0.0136,QUIET,100
kalba,2019-10-03,0,0,,,10,536,0.0000,False,,NODATA,100
kalba,2019-10-04,420,1,2.9942,-0.4535,10,536,0.7836,True,0.0024,QUIET,100
kalba,2019-10-05,245,36,3.7295,-0.3191,10,536,0.4571,True,0.1469,QUIET,100
kalba,2019-10-06,0,0,,,10,536,0.0000,False,,NODATA,100
kalba,2019-10-07,1,0,0.0280,0.6992,10,536,0.0019,False,,NODATA,100
kalba,2019-10-08,512,4,2.1275,-0.4446,10,536,0.9552,True,0.0078,QUIET,100
kalba,2019-10-09,482,30,3.2432,-0.3837,10,536,0.8993,True,0.0622,QUIET,100
kalba,2019-10-10,513,28,3.6558,-0.3491,10,536,0.9571,True,0.0546,QUIET,100
kalba,2019-10-11,16,0,1.6185,0.4048,10,536,0.0299,False,,NODATA,100
kalba,2019-10-12,0,0,,,10,536,0.0000,False,,NODATA,100
kalba,2019-10-13,503,0,1.6453,-0.4088,10,536,0.9384,True,0.0000,QUIET,100
kalba,2019-10-14,506,0,1.9999,-0.3903,10,536,0.9440,True,0.0000,QUIET,100
kalba,2019-10-15,292,1,2.1499,-0.4325,10,536,0.5448,True,0.0034,QUIET,100
kalba,2019-10-16,529,0,1.4482,-0.4239,10,536,0.9869,True,0.0000,QUIET,100
kalba,2019-10-17,530,0,1.3578,-0.4810,10,536,0.9888,True,0.0000,QUIET,100
kalba,2019-10-18,493,1,2.7359,-0.4261,10,536,0.9198,True,0.0020,QUIET,100
kalba,2019-10-19,522,0,1.3942,-0.4787,10,536,0.9739,True,0.0000,QUIET,100
kalba,2019-10-20,525,0,1.6168,-0.4912,10,536,0.9795,True,0.0000,QUIET,100
kalba,2019-10-21,518,0,1.1109,-0.4723,10,536,0.9664,True,0.0000,QUIET,100
kalba,2019-10-22,0,0,,,10,536,0.0000,False,,NODATA,100
kalba,2019-10-23,529,0,1.2459,-0.4784,10,536,0.9869,True,0.0000,QUIET,100
kalba,2019-10-24,532,0,1.9471,-0.5070,10,536,0.9925,True,0.0000,QUIET,100
kalba,2019-10-25,526,0,1.5168,-0.4795,10,536,0.9813,True,0.0000,QUIET,100
kalba,2019-10-26,0,0,,,10,536,0.0000,False,,NODATA,100
kalba,2019-10-27,535,0,1.5899,-0.4842,10,536,0.9981,True,0.0000,QUIET,100
kalba,2019-10-28,530,0,1.8877,-0.4548,10,536,0.9888,True,0.0000,QUIET,100
kalba,2019-10-29,527,1,2.5486,-0.4272,10,536,0.9832,True,0.0019,QUIET,100
kalba,2019-10-30,0,0,,,10,536,0.0000,False,,NODATA,100
kalba,2019-10-31,502,3,2.8312,-0.4036,10,536,0.9366,True,0.0060,QUIET,100
kalba,2019-11-01,530,0,1.9306,-0.4425,11,536,0.9888,True,0.0000,QUIET,100
kalba,2019-11-02,522,0,1.9414,-0.4126,11,536,0.9739,True,0.0000,QUIET,100
kalba,2019-11-03,26,1,2.5574,0.6111,11,536,0.0485,False,,NODATA,100
kalba,2019-11-04,513,0,1.8531,-0.4992,11,536,0.9571,True,0.0000,QUIET,100
kalba,2019-11-05,526,3,2.6827,-0.4176,11,536,0.9813,True,0.0057,QUIET,100
kalba,2019-11-06,524,0,1.8787,-0.3930,11,536,0.9776,True,0.0000,QUIET,100
kalba,2019-11-07,282,0,1.4006,-0.4023,11,536,0.5261,True,0.0000,QUIET,100
kalba,2019-11-08,529,1,2.5884,-0.3776,11,536,0.9869,True,0.0019,QUIET,100
kalba,2019-11-09,279,10,2.9742,-0.3964,11,536,0.5205,True,0.0358,QUIET,100
kalba,2019-11-10,310,0,1.5331,-0.3464,11,536,0.5784,True,0.0000,QUIET,100
kalba,2019-11-11,287,0,1.8063,-0.3413,11,536,0.5354,True,0.0000,QUIET,100
kalba,2019-11-12,533,2,2.1635,-0.2228,11,536,0.9944,True,0.0038,QUIET,100
kalba,2019-11-13,534,0,1.6300,-0.1928,11,536,0.9963,True,0.0000,QUIET,100
kalba,2019-11-14,522,16,3.9406,-0.0517,11,536,0.9739,True,0.0307,QUIET,100
kalba,2019-11-15,527,0,1.2332,-0.3034,11,536,0.9832,True,0.0000,QUIET,100
kalba,2019-11-16,532,0,1.9216,-0.2652,11,536,0.9925,True,0.0000,QUIET,100
kalba,2019-11-17,332,0,1.6667,-0.3643,11,536,0.6194,True,0.0000,QUIET,100
kalba,2019-11-18,0,0,,,11,536,0.0000,False,,NODATA,100
kalba,2019-11-19,525,0,1.3570,-0.3042,11,536,0.9795,True,0.0000,QUIET,100
kalba,2019-11-20,75,0,0.1592,-0.4220,11,536,0.1399,True,0.0000,QUIET,100
kalba,2019-11-21,13,0,0.3335,-0.3868,11,536,0.0243,False,,NODATA,100
kalba,2019-11-22,0,0,,,11,536,0.0000,False,,NODATA,100
kalba,2019-11-23,503,0,0.7308,-0.3455,11,536,0.9384,True,0.0000,QUIET,100
kalba,2019-11-24,472,0,0.7493,-0.3587,11,536,0.8806,True,0.0000,QUIET,100
kalba,2019-11-25,0,0,,,11,536,0.0000,False,,NODATA,100
kalba,2019-11-26,0,0,,,11,536,0.0000,False,,NODATA,100
kalba,2019-11-27,533,0,1.8734,-0.1416,11,536,0.9944,True,0.0000,QUIET,100
kalba,2019-11-28,535,0,1.9161,-0.1206,11,536,0.9981,True,0.0000,QUIET,100
kalba,2019-11-29,523,36,2.7995,-0.0082,11,536,0.9757,True,0.0688,QUIET,100
kalba,2019-11-30,0,0,,,11,536,0.0000,False,,NODATA,100
kalba,2019-12-01,509,5,2.3331,-0.1626,12,536,0.9496,True,0.0098,QUIET,100
kalba,2019-12-02,0,0,,,12,536,0.0000,False,,NODATA,100
kalba,2019-12-03,291,7,3.1761,-0.0964,12,536,0.5429,True,0.0241,QUIET,100
kalba,2019-12-04,385,5,2.3853,-0.1067,12,536,0.7183,True,0.0130,QUIET,100
kalba,2019-12-05,454,1,2.4973,-0.2231,12,536,0.8470,True,0.0022,QUIET,100
kalba,2019-12-06,285,0,1.5979,-0.1813,12,536,0.5317,True,0.0000,QUIET,100
kalba,2019-12-07,428,2,2.2010,-0.1873,12,536,0.7985,True,0.0047,QUIET,100
kalba,2019-12-08,77,1,3.2769,-0.3837,12,536,0.1437,True,0.0130,QUIET,100
kalba,2019-12-09,409,2,3.2601,-0.3150,12,536,0.7631,True,0.0049,QUIET,100
kalba,2019-12-10,84,0,0.8051,-0.2745,12,536,0.1567,True,0.0000,QUIET,100
kalba,2019-12-11,1,1,3.5849,0.8210,12,536,0.0019,False,,NODATA,100
kalba,2019-12-12,503,0,1.3737,-0.3456,12,536,0.9384,True,0.0000,QUIET,100
kalba,2019-12-13,1,0,-1.3477,0.4829,12,536,0.0019,False,,NODATA,100
kalba,2019-12-14,527,0,1.5237,-0.2499,12,536,0.9832,True,0.0000,QUIET,100
kalba,2019-12-15,0,0,,,12,536,0.0000,False,,NODATA,100
kalba,2019-12-16,150,0,0.2298,-0.4387,12,536,0.2799,True,0.0000,QUIET,100
kalba,2019-12-17,120,0,0.6664,-0.3098,12,536,0.2239,True,0.0000,QUIET,100
kalba,2019-12-18,248,2,2.1965,-0.3810,12,536,0.4627,True,0.0081,QUIET,100
kalba,2019-12-19,0,0,,,12,536,0.0000,False,,NODATA,100
kalba,2019-12-20,516,0,1.9248,-0.3491,12,536,0.9627,True,0.0000,QUIET,100
kalba,2019-12-21,529,0,1.5128,-0.2828,12,536,0.9869,True,0.0000,QUIET,100
kalba,2019-12-22,532,0,1.3992,-0.1994,12,536,0.9925,True,0.0000,QUIET,100
kalba,2019-12-23,0,0,,,12,536,0.0000,False,,NODATA,100
kalba,2019-12-24,533,0,1.0836,-0.2543,12,536,0.9944,True,0.0000,QUIET,100
kalba,2019-12-25,533,1,2.0729,-0.2347,12,536,0.9944,True,0.0019,QUIET,100
kalba,2019-12-26,533,7,2.6031,-0.1419,12,536,0.9944,True,0.0131,QUIET,100
kalba,2019-12-27,25,0,-0.3938,0.3428,12,536,0.0466,False,,NODATA,100
kalba,2019-12-28,520,0,0.7731,-0.3364,12,536,0.9701,True,0.0000,QUIET,100
kalba,2019-12-29,528,0,1.4995,-0.2973,12,536,0.9851,True,0.0000,QUIET,100
kalba,2019-12-30,511,3,3.0023,-0.2999,12,536,0.9534,True,0.0059,QUIET,100
kalba,2019-12-31,358,3,2.5800,-0.3307,12,536,0.6679,True,0.0084,QUIET,100
kalba,2020-01-01,352,0,1.5086,-0.2792,1,534,0.6592,True,0.0000,QUIET,100
kalba,2020-01-02,488,0,1.6450,-0.2817,1,534,0.9139,True,0.0000,QUIET,100
kalba,2020-01-03,251,1,2.0703,-0.0495,1,534,0.4700,True,0.0040,QUIET,100
kalba,2020-01-04,525,1,2.7697,-0.1027,1,534,0.9831,True,0.0019,QUIET,100
kalba,2020-01-05,0,0,,,1,534,0.0000,False,,NODATA,100
kalba,2020-01-06,40,1,3.2734,-0.3307,1,534,0.0749,False,,NODATA,100
kalba,2020-01-07,495,0,1.1774,-0.2158,1,534,0.9270,True,0.0000,QUIET,100
kalba,2020-01-08,531,0,0.4318,-0.3676,1,534,0.9944,True,0.0000,QUIET,100
kalba,2020-01-09,407,0,1.6033,-0.2633,1,534,0.7622,True,0.0000,QUIET,100
kalba,2020-01-10,0,0,,,1,534,0.0000,False,,NODATA,100
kalba,2020-01-11,0,0,,,1,534,0.0000,False,,NODATA,100
kalba,2020-01-12,207,0,1.2707,-0.3666,1,534,0.3876,True,0.0000,QUIET,100
kalba,2020-01-13,452,0,0.7405,-0.3648,1,534,0.8464,True,0.0000,QUIET,100
kalba,2020-01-14,307,0,0.8244,-0.4198,1,534,0.5749,True,0.0000,QUIET,100
kalba,2020-01-15,0,0,,,1,534,0.0000,False,,NODATA,100
kalba,2020-01-16,527,0,1.2262,-0.2276,1,534,0.9869,True,0.0000,QUIET,100
kalba,2020-01-17,400,0,1.0200,-0.1699,1,534,0.7491,True,0.0000,QUIET,100
kalba,2020-01-18,533,1,2.6583,-0.0811,1,534,0.9981,True,0.0019,QUIET,100
kalba,2020-01-19,0,0,,,1,534,0.0000,False,,NODATA,100
kalba,2020-01-20,519,0,1.6789,-0.1313,1,534,0.9719,True,0.0000,QUIET,100
kalba,2020-01-21,495,1,2.1874,-0.2696,1,534,0.9270,True,0.0020,QUIET,100
kalba,2020-01-22,387,0,1.8323,-0.2509,1,534,0.7247,True,0.0000,QUIET,100
kalba,2020-01-23,25,0,1.3038,0.5085,1,534,0.0468,False,,NODATA,100
kalba,2020-01-24,215,4,2.2915,-0.2576,1,534,0.4026,True,0.0186,QUIET,100
kalba,2020-01-25,525,19,2.7880,-0.1938,1,534,0.9831,True,0.0362,QUIET,100
kalba,2020-01-26,447,7,2.8027,-0.0702,1,534,0.8371,True,0.0157,QUIET,100
kalba,2020-01-27,377,1,2.2023,-0.2652,1,534,0.7060,True,0.0027,QUIET,100
kalba,2020-01-28,463,0,1.7823,-0.2185,1,534,0.8670,True,0.0000,QUIET,100
kalba,2020-01-29,534,0,1.6753,-0.1467,1,534,1.0000,True,0.0000,QUIET,100
kalba,2020-01-30,485,29,3.1120,-0.0284,1,534,0.9082,True,0.0598,QUIET,100
kalba,2020-01-31,529,5,2.7327,-0.1212,1,534,0.9906,True,0.0095,QUIET,100
kalba,2020-02-01,448,0,1.5954,-0.1415,2,533,0.8405,True,0.0000,QUIET,100
kalba,2020-02-02,216,2,2.1344,-0.0805,2,533,0.4053,True,0.0093,QUIET,100
kalba,2020-02-03,327,1,2.4625,-0.0885,2,533,0.6135,True,0.0031,QUIET,100
kalba,2020-02-04,526,0,1.8744,-0.3034,2,533,0.9869,True,0.0000,QUIET,100
kalba,2020-02-05,529,0,1.7053,-0.2255,2,533,0.9925,True,0.0000,QUIET,100
kalba,2020-02-06,530,0,1.6531,-0.1873,2,533,0.9944,True,0.0000,QUIET,100
kalba,2020-02-07,0,0,,,2,533,0.0000,False,,NODATA,100
kalba,2020-02-08,513,0,1.0952,-0.1592,2,533,0.9625,True,0.0000,QUIET,100
kalba,2020-02-09,295,0,1.6454,-0.0997,2,533,0.5535,True,0.0000,QUIET,100
kalba,2020-02-10,63,0,0.8793,-0.1294,2,533,0.1182,True,0.0000,QUIET,100
kalba,2020-02-11,0,0,,,2,533,0.0000,False,,NODATA,100
kalba,2020-02-12,402,0,1.8455,-0.2970,2,533,0.7542,True,0.0000,QUIET,100
kalba,2020-02-13,532,0,1.6184,-0.3526,2,533,0.9981,True,0.0000,QUIET,100
kalba,2020-02-14,531,1,2.0687,-0.2837,2,533,0.9962,True,0.0019,QUIET,100
kalba,2020-02-15,0,0,,,2,533,0.0000,False,,NODATA,100
kalba,2020-02-16,457,0,1.8100,-0.1855,2,533,0.8574,True,0.0000,QUIET,100
kalba,2020-02-17,105,1,2.5014,-0.0184,2,533,0.1970,True,0.0095,QUIET,100
kalba,2020-02-18,405,1,2.0520,-0.2014,2,533,0.7598,True,0.0025,QUIET,100
kalba,2020-02-19,24,0,0.7834,0.5696,2,533,0.0450,False,,NODATA,100
kalba,2020-02-20,352,13,2.5217,-0.2127,2,533,0.6604,True,0.0369,QUIET,100
kalba,2020-02-21,309,39,3.2860,-0.0165,2,533,0.5797,True,0.1262,QUIET,100
kalba,2020-02-22,73,7,3.1644,0.1102,2,533,0.1370,True,0.0959,QUIET,100
kalba,2020-02-23,338,10,2.6933,0.0321,2,533,0.6341,True,0.0296,QUIET,100
kalba,2020-02-24,495,22,3.3720,-0.0141,2,533,0.9287,True,0.0444,QUIET,100
kalba,2020-02-25,524,47,3.4021,-0.0183,2,533,0.9831,True,0.0897,QUIET,100
kalba,2020-02-26,466,57,3.1987,0.1959,2,533,0.8743,True,0.1223,QUIET,100
kalba,2020-02-27,164,71,3.6333,0.5221,2,533,0.3077,True,0.4329,EXCEED,100
kalba,2020-02-28,453,100,3.1287,0.2292,2,533,0.8499,True,0.2208,ALERT,100
kalba,2020-02-29,518,98,3.3569,0.2307,2,533,0.9719,True,0.1892,ALERT,100
kalba,2020-03-01,47,6,3.0069,0.5867,3,536,0.0877,False,,NODATA,100
kalba,2020-03-02,138,3,2.7341,0.4942,3,536,0.2575,True,0.0217,QUIET,100
kalba,2020-03-03,444,94,3.0192,0.5657,3,536,0.8284,True,0.2117,ALERT,100
kalba,2020-03-04,514,0,1.1819,-0.0963,3,536,0.9590,True,0.0000,QUIET,100
kalba,2020-03-05,0,0,,,3,536,0.0000,False,,NODATA,100
kalba,2020-03-06,532,0,1.3690,-0.2455,3,536,0.9925,True,0.0000,QUIET,100
kalba,2020-03-07,526,1,2.0688,-0.1782,3,536,0.9813,True,0.0019,QUIET,100
kalba,2020-03-08,525,1,2.5188,0.1287,3,536,0.9795,True,0.0019,QUIET,100
kalba,2020-03-09,0,0,,,3,536,0.0000,False,,NODATA,100
kalba,2020-03-10,520,12,2.3124,0.3361,3,536,0.9701,True,0.0231,QUIET,100
kalba,2020-03-11,524,17,2.6164,0.3125,3,536,0.9776,True,0.0324,QUIET,100
kalba,2020-03-12,522,7,2.3053,0.2665,3,536,0.9739,True,0.0134,QUIET,100
kalba,2020-03-13,0,0,,,3,536,0.0000,False,,NODATA,100
kalba,2020-03-14,0,0,,,3,536,0.0000,False,,NODATA,100
kalba,2020-03-15,130,15,2.8580,0.4094,3,536,0.2425,True,0.1154,QUIET,100
kalba,2020-03-16,85,0,1.3952,-0.2730,3,536,0.1586,True,0.0000,QUIET,100
kalba,2020-03-17,1,0,0.4417,0.8567,3,536,0.0019,False,,NODATA,100
kalba,2020-03-18,415,1,2.8890,0.0391,3,536,0.7743,True,0.0024,QUIET,100
kalba,2020-03-19,0,0,,,3,536,0.0000,False,,NODATA,100
kalba,2020-03-20,438,3,2.6733,0.0996,3,536,0.8172,True,0.0068,QUIET,100
kalba,2020-03-21,0,0,,,3,536,0.0000,False,,NODATA,100
kalba,2020-03-22,27,0,1.4454,0.5767,3,536,0.0504,False,,NODATA,100
kalba,2020-03-23,141,3,2.4679,0.2460,3,536,0.2631,True,0.0213,QUIET,100
kalba,2020-03-24,454,0,0.8487,-0.0330,3,536,0.8470,True,0.0000,QUIET,100
kalba,2020-03-25,8,2,2.0966,0.8134,3,536,0.0149,False,,NODATA,100
kalba,2020-03-26,518,0,1.3788,0.0296,3,536,0.9664,True,0.0000,QUIET,100
kalba,2020-03-27,469,0,1.8718,0.1132,3,536,0.8750,True,0.0000,QUIET,100
kalba,2020-03-28,53,0,0.2103,-0.0657,3,536,0.0989,False,,NODATA,100
kalba,2020-03-29,0,0,,,3,536,0.0000,False,,NODATA,100
kalba,2020-03-30,0,0,,,3,536,0.0000,False,,NODATA,100
kalba,2020-03-31,532,8,2.2757,0.1432,3,536,0.9925,True,0.0150,QUIET,100
kalba,2020-04-01,0,0,,,4,536,0.0000,False,,NODATA,100
kalba,2020-04-02,137,45,3.3554,0.5925,4,536,0.2556,True,0.3285,EXCEED,100
kalba,2020-04-03,1,0,-1.1829,0.9232,4,536,0.0019,False,,NODATA,100
kalba,2020-04-04,508,1,2.3880,-0.0960,4,536,0.9478,True,0.0020,QUIET,100
kalba,2020-04-05,0,0,,,4,536,0.0000,False,,NODATA,100
kalba,2020-04-06,365,13,2.9976,0.1374,4,536,0.6810,True,0.0356,QUIET,100
kalba,2020-04-07,431,39,2.7268,0.2547,4,536,0.8041,True,0.0905,QUIET,100
kalba,2020-04-08,510,3,2.1672,0.1400,4,536,0.9515,True,0.0059,QUIET,100
kalba,2020-04-09,0,0,,,4,536,0.0000,False,,NODATA,100
kalba,2020-04-10,487,36,2.9483,0.1440,4,536,0.9086,True,0.0739,QUIET,100
kalba,2020-04-11,1,0,-1.3506,0.7784,4,536,0.0019,False,,NODATA,100
kalba,2020-04-12,231,1,2.0848,-0.0802,4,536,0.4310,True,0.0043,QUIET,100
kalba,2020-04-13,0,0,,,4,536,0.0000,False,,NODATA,100
kalba,2020-04-14,505,10,2.9622,0.1114,4,536,0.9422,True,0.0198,QUIET,100
kalba,2020-04-15,0,0,,,4,536,0.0000,False,,NODATA,100
kalba,2020-04-16,22,1,2.6437,-0.2547,4,536,0.0410,False,,NODATA,100
kalba,2020-04-17,0,0,,,4,536,0.0000,False,,NODATA,100
kalba,2020-04-18,500,2,2.8159,-0.0096,4,536,0.9328,True,0.0040,QUIET,100
kalba,2020-04-19,219,11,3.3307,0.0487,4,536,0.4086,True,0.0502,QUIET,100
kalba,2020-04-20,253,2,2.6588,0.1835,4,536,0.4720,True,0.0079,QUIET,100
kalba,2020-04-21,0,0,,,4,536,0.0000,False,,NODATA,100
kalba,2020-04-22,287,4,2.2883,0.0188,4,536,0.5354,True,0.0139,QUIET,100
kalba,2020-04-23,489,0,1.9545,-0.0472,4,536,0.9123,True,0.0000,QUIET,100
kalba,2020-04-24,523,1,2.3349,-0.0359,4,536,0.9757,True,0.0019,QUIET,100
kalba,2020-04-25,4,0,1.5442,0.9386,4,536,0.0075,False,,NODATA,100
kalba,2020-04-26,524,0,0.9398,-0.1900,4,536,0.9776,True,0.0000,QUIET,100
kalba,2020-04-27,477,0,1.8674,-0.1574,4,536,0.8899,True,0.0000,QUIET,100
kalba,2020-04-28,0,0,,,4,536,0.0000,False,,NODATA,100
kalba,2020-04-29,47,0,1.8953,0.4119,4,536,0.0877,False,,NODATA,100
kalba,2020-04-30,490,0,1.3594,-0.0758,4,536,0.9142,True,0.0000,QUIET,100
kalba,2020-05-01,380,1,2.6804,-0.2430,5,536,0.7090,True,0.0026,QUIET,100
kalba,2020-05-02,0,0,,,5,536,0.0000,False,,NODATA,100
kalba,2020-05-03,359,11,2.9887,-0.2080,5,536,0.6698,True,0.0306,QUIET,100
kalba,2020-05-04,481,12,2.4883,-0.2111,5,536,0.8974,True,0.0249,QUIET,100
kalba,2020-05-05,527,1,2.1142,-0.2464,5,536,0.9832,True,0.0019,QUIET,100
kalba,2020-05-06,0,0,,,5,536,0.0000,False,,NODATA,100
kalba,2020-05-07,528,2,2.3398,-0.2817,5,536,0.9851,True,0.0038,QUIET,100
kalba,2020-05-08,0,0,,,5,536,0.0000,False,,NODATA,100
kalba,2020-05-09,533,1,2.7032,-0.3673,5,536,0.9944,True,0.0019,QUIET,100
kalba,2020-05-10,0,0,,,5,536,0.0000,False,,NODATA,100
kalba,2020-05-11,521,1,2.0704,-0.2828,5,536,0.9720,True,0.0019,QUIET,100
kalba,2020-05-12,7,0,1.5948,0.9921,5,536,0.0131,False,,NODATA,100
kalba,2020-05-13,526,0,1.7096,-0.3401,5,536,0.9813,True,0.0000,QUIET,100
kalba,2020-05-14,0,0,,,5,536,0.0000,False,,NODATA,100
kalba,2020-05-15,410,0,1.8817,-0.3125,5,536,0.7649,True,0.0000,QUIET,100
kalba,2020-05-16,120,2,2.6885,-0.4146,5,536,0.2239,True,0.0167,QUIET,100
kalba,2020-05-17,522,1,2.0178,-0.4077,5,536,0.9739,True,0.0019,QUIET,100
kalba,2020-05-18,0,0,,,5,536,0.0000,False,,NODATA,100
kalba,2020-05-19,522,0,1.6159,-0.3084,5,536,0.9739,True,0.0000,QUIET,100
kalba,2020-05-20,145,0,1.1221,-0.3806,5,536,0.2705,True,0.0000,QUIET,100
kalba,2020-05-21,416,1,2.2494,-0.4245,5,536,0.7761,True,0.0024,QUIET,100
kalba,2020-05-22,1,0,0.8278,0.8594,5,536,0.0019,False,,NODATA,100
kalba,2020-05-23,523,0,1.5607,-0.3854,5,536,0.9757,True,0.0000,QUIET,100
kalba,2020-05-24,495,2,2.2057,-0.3730,5,536,0.9235,True,0.0040,QUIET,100
kalba,2020-05-25,0,0,,,5,536,0.0000,False,,NODATA,100
kalba,2020-05-26,20,0,1.2651,0.6934,5,536,0.0373,False,,NODATA,100
kalba,2020-05-27,529,0,1.7503,-0.4121,5,536,0.9869,True,0.0000,QUIET,100
kalba,2020-05-28,530,7,3.1131,-0.4273,5,536,0.9888,True,0.0132,QUIET,100
kalba,2020-05-29,0,0,,,5,536,0.0000,False,,NODATA,100
kalba,2020-05-30,254,0,1.7794,-0.3772,5,536,0.4739,True,0.0000,QUIET,100
kalba,2020-05-31,495,2,2.0582,-0.3690,5,536,0.9235,True,0.0040,QUIET,100
kalba,2020-06-01,485,68,4.0294,-0.4437,6,536,0.9049,True,0.1402,QUIET,100
kalba,2020-06-02,0,0,,,6,536,0.0000,False,,NODATA,100
kalba,2020-06-03,501,5,3.1865,-0.5099,6,536,0.9347,True,0.0100,QUIET,100
kalba,2020-06-04,0,0,,,6,536,0.0000,False,,NODATA,100
kalba,2020-06-05,422,8,4.0576,-0.5769,6,536,0.7873,True,0.0190,QUIET,100
kalba,2020-06-06,0,0,,,6,536,0.0000,False,,NODATA,100
kalba,2020-06-07,416,7,4.2877,-0.5333,6,536,0.7761,True,0.0168,QUIET,100
kalba,2020-06-08,12,0,0.2305,0.6988,6,536,0.0224,False,,NODATA,100
kalba,2020-06-09,446,14,4.6243,-0.5537,6,536,0.8321,True,0.0314,QUIET,100
kalba,2020-06-10,0,0,,,6,536,0.0000,False,,NODATA,100
kalba,2020-06-11,530,27,4.8702,-0.4357,6,536,0.9888,True,0.0509,QUIET,100
kalba,2020-06-12,116,1,2.2241,-0.3164,6,536,0.2164,True,0.0086,QUIET,100
kalba,2020-06-13,519,11,3.1182,-0.5916,6,536,0.9683,True,0.0212,QUIET,100
kalba,2020-06-14,0,0,,,6,536,0.0000,False,,NODATA,100
kalba,2020-06-15,360,26,3.4905,-0.4945,6,536,0.6716,True,0.0722,QUIET,100
kalba,2020-06-16,425,0,1.5331,-0.5844,6,536,0.7929,True,0.0000,QUIET,100
kalba,2020-06-17,478,0,1.8337,-0.5495,6,536,0.8918,True,0.0000,QUIET,100
kalba,2020-06-18,1,0,1.7690,1.0371,6,536,0.0019,False,,NODATA,100
kalba,2020-06-19,362,36,3.2937,-0.4149,6,536,0.6754,True,0.0994,QUIET,100
kalba,2020-06-20,475,3,2.4074,-0.5393,6,536,0.8862,True,0.0063,QUIET,100
kalba,2020-06-21,0,0,,,6,536,0.0000,False,,NODATA,100
kalba,2020-06-22,25,4,2.5537,0.8300,6,536,0.0466,False,,NODATA,100
kalba,2020-06-23,485,0,1.6766,-0.5574,6,536,0.9049,True,0.0000,QUIET,100
kalba,2020-06-24,366,16,3.5910,-0.5888,6,536,0.6828,True,0.0437,QUIET,100
kalba,2020-06-25,0,0,,,6,536,0.0000,False,,NODATA,100
kalba,2020-06-26,400,16,3.8261,-0.5079,6,536,0.7463,True,0.0400,QUIET,100
kalba,2020-06-27,438,13,3.0968,-0.5242,6,536,0.8172,True,0.0297,QUIET,100
kalba,2020-06-28,506,16,3.3655,-0.5510,6,536,0.9440,True,0.0316,QUIET,100
kalba,2020-06-29,0,0,,,6,536,0.0000,False,,NODATA,100
kalba,2020-06-30,521,3,2.4215,-0.5225,6,536,0.9720,True,0.0058,QUIET,100
kalba,2020-07-01,0,0,,,7,533,0.0000,False,,NODATA,100
kalba,2020-07-02,513,0,1.7445,-0.5403,7,533,0.9625,True,0.0000,QUIET,100
kalba,2020-07-03,0,0,,,7,533,0.0000,False,,NODATA,100
kalba,2020-07-04,498,1,2.0110,-0.4103,7,533,0.9343,True,0.0020,QUIET,100
kalba,2020-07-05,6,0,1.5939,0.8554,7,533,0.0113,False,,NODATA,100
kalba,2020-07-06,464,0,1.8947,-0.5942,7,533,0.8705,True,0.0000,QUIET,100
kalba,2020-07-07,0,0,,,7,533,0.0000,False,,NODATA,100
kalba,2020-07-08,459,0,1.2597,-0.5063,7,533,0.8612,True,0.0000,QUIET,100
kalba,2020-07-09,110,2,2.3043,-0.1450,7,533,0.2064,True,0.0182,QUIET,100
kalba,2020-07-10,395,1,2.0414,-0.5423,7,533,0.7411,True,0.0025,QUIET,100
kalba,2020-07-11,0,0,,,7,533,0.0000,False,,NODATA,100
kalba,2020-07-12,394,0,1.8648,-0.4067,7,533,0.7392,True,0.0000,QUIET,100
kalba,2020-07-13,247,7,4.6292,-0.4142,7,533,0.4634,True,0.0283,QUIET,100
kalba,2020-07-14,63,0,1.2234,-0.4787,7,533,0.1182,True,0.0000,QUIET,100
kalba,2020-07-15,6,0,1.1968,0.9458,7,533,0.0113,False,,NODATA,100
kalba,2020-07-16,516,0,1.5437,-0.4177,7,533,0.9681,True,0.0000,QUIET,100
kalba,2020-07-17,526,2,2.4928,-0.5071,7,533,0.9869,True,0.0038,QUIET,100
kalba,2020-07-18,0,0,,,7,533,0.0000,False,,NODATA,100
kalba,2020-07-19,62,3,2.8194,0.3649,7,533,0.1163,True,0.0484,QUIET,100
kalba,2020-07-20,380,2,2.1185,-0.4397,7,533,0.7129,True,0.0053,QUIET,100
kalba,2020-07-21,463,0,1.4694,-0.5449,7,533,0.8687,True,0.0000,QUIET,100
kalba,2020-07-22,0,0,,,7,533,0.0000,False,,NODATA,100
kalba,2020-07-23,501,0,1.8913,-0.4963,7,533,0.9400,True,0.0000,QUIET,100
kalba,2020-07-24,385,0,1.9126,-0.4807,7,533,0.7223,True,0.0000,QUIET,100
kalba,2020-07-25,434,0,1.7697,-0.4788,7,533,0.8143,True,0.0000,QUIET,100
kalba,2020-07-26,0,0,,,7,533,0.0000,False,,NODATA,100
kalba,2020-07-27,427,0,1.8216,-0.3984,7,533,0.8011,True,0.0000,QUIET,100
kalba,2020-07-28,0,0,,,7,533,0.0000,False,,NODATA,100
kalba,2020-07-29,510,0,1.1391,-0.5560,7,533,0.9568,True,0.0000,QUIET,100
kalba,2020-07-30,0,0,,,7,533,0.0000,False,,NODATA,100
kalba,2020-07-31,195,0,1.4132,-0.4975,7,533,0.3659,True,0.0000,QUIET,100
kalba,2020-08-01,19,0,0.6986,0.6943,8,536,0.0354,False,,NODATA,100
kalba,2020-08-02,347,0,1.8918,-0.4656,8,536,0.6474,True,0.0000,QUIET,100
kalba,2020-08-03,0,0,,,8,536,0.0000,False,,NODATA,100
kalba,2020-08-04,395,0,-0.2204,-0.5717,8,536,0.7369,True,0.0000,QUIET,100
kalba,2020-08-05,201,1,2.0536,-0.4251,8,536,0.3750,True,0.0050,QUIET,100
kalba,2020-08-06,245,0,1.4721,-0.4026,8,536,0.4571,True,0.0000,QUIET,100
kalba,2020-08-07,0,0,,,8,536,0.0000,False,,NODATA,100
kalba,2020-08-08,0,0,,,8,536,0.0000,False,,NODATA,100
kalba,2020-08-09,0,0,,,8,536,0.0000,False,,NODATA,100
kalba,2020-08-10,32,0,1.0556,-0.4002,8,536,0.0597,False,,NODATA,100
kalba,2020-08-11,7,0,0.9738,0.9528,8,536,0.0131,False,,NODATA,100
kalba,2020-08-12,63,0,1.1896,-0.3107,8,536,0.1175,True,0.0000,QUIET,100
kalba,2020-08-13,356,1,2.5253,-0.5434,8,536,0.6642,True,0.0028,QUIET,100
kalba,2020-08-14,0,0,,,8,536,0.0000,False,,NODATA,100
kalba,2020-08-15,100,2,2.0076,-0.2089,8,536,0.1866,True,0.0200,QUIET,100
kalba,2020-08-16,90,0,0.5829,-0.4669,8,536,0.1679,True,0.0000,QUIET,100
kalba,2020-08-17,378,2,2.0958,-0.5033,8,536,0.7052,True,0.0053,QUIET,100
kalba,2020-08-18,0,0,,,8,536,0.0000,False,,NODATA,100
kalba,2020-08-19,490,15,2.8914,-0.3428,8,536,0.9142,True,0.0306,QUIET,100
kalba,2020-08-20,214,0,1.7934,-0.3584,8,536,0.3993,True,0.0000,QUIET,100
kalba,2020-08-21,107,0,1.3352,-0.5064,8,536,0.1996,True,0.0000,QUIET,100
kalba,2020-08-22,0,0,,,8,536,0.0000,False,,NODATA,100
kalba,2020-08-23,33,0,-0.2221,-0.3667,8,536,0.0616,False,,NODATA,100
kalba,2020-08-24,6,0,0.3320,0.8757,8,536,0.0112,False,,NODATA,100
kalba,2020-08-25,381,16,3.2717,-0.3937,8,536,0.7108,True,0.0420,QUIET,100
kalba,2020-08-26,0,0,,,8,536,0.0000,False,,NODATA,100
kalba,2020-08-27,261,13,4.2770,-0.1446,8,536,0.4869,True,0.0498,QUIET,100
kalba,2020-08-28,58,7,2.6814,-0.0949,8,536,0.1082,True,0.1207,QUIET,100
kalba,2020-08-29,485,15,4.2290,-0.3798,8,536,0.9049,True,0.0309,QUIET,100
kalba,2020-08-30,0,0,,,8,536,0.0000,False,,NODATA,100
kalba,2020-08-31,0,0,,,8,536,0.0000,False,,NODATA,100
kalba,2020-09-01,312,14,3.7652,-0.4187,9,536,0.5821,True,0.0449,QUIET,100
kalba,2020-09-02,0,0,,,9,536,0.0000,False,,NODATA,100
kalba,2020-09-03,1,0,-0.1353,0.9831,9,536,0.0019,False,,NODATA,100
kalba,2020-09-04,528,12,2.7291,-0.4762,9,536,0.9851,True,0.0227,QUIET,100
kalba,2020-09-05,509,1,2.0011,-0.5060,9,536,0.9496,True,0.0020,QUIET,100
kalba,2020-09-06,515,19,3.1702,-0.4893,9,536,0.9608,True,0.0369,QUIET,100
kalba,2020-09-07,9,1,2.0948,0.7795,9,536,0.0168,False,,NODATA,100
kalba,2020-09-08,527,7,2.4642,-0.4904,9,536,0.9832,True,0.0133,QUIET,100
kalba,2020-09-09,521,0,1.9766,-0.5563,9,536,0.9720,True,0.0000,QUIET,100
kalba,2020-09-10,0,0,,,9,536,0.0000,False,,NODATA,100
kalba,2020-09-11,0,0,,,9,536,0.0000,False,,NODATA,100
kalba,2020-09-12,521,1,2.7704,-0.4812,9,536,0.9720,True,0.0019,QUIET,100
kalba,2020-09-13,522,17,2.6099,-0.4388,9,536,0.9739,True,0.0326,QUIET,100
kalba,2020-09-14,0,0,,,9,536,0.0000,False,,NODATA,100
kalba,2020-09-15,485,9,3.3402,-0.4383,9,536,0.9049,True,0.0186,QUIET,100
kalba,2020-09-16,519,21,2.6440,-0.4311,9,536,0.9683,True,0.0405,QUIET,100
kalba,2020-09-17,0,0,,,9,536,0.0000,False,,NODATA,100
kalba,2020-09-18,0,0,,,9,536,0.0000,False,,NODATA,100
kalba,2020-09-19,531,22,3.7087,-0.4219,9,536,0.9907,True,0.0414,QUIET,100
kalba,2020-09-20,28,3,2.5051,0.7271,9,536,0.0522,False,,NODATA,100
kalba,2020-09-21,529,28,3.1430,-0.4373,9,536,0.9869,True,0.0529,QUIET,100
kalba,2020-09-22,0,0,,,9,536,0.0000,False,,NODATA,100
kalba,2020-09-23,529,28,3.6551,-0.3344,9,536,0.9869,True,0.0529,QUIET,100
kalba,2020-09-24,0,0,,,9,536,0.0000,False,,NODATA,100
kalba,2020-09-25,524,19,3.3735,-0.3901,9,536,0.9776,True,0.0363,QUIET,100
kalba,2020-09-26,9,0,0.8530,0.8465,9,536,0.0168,False,,NODATA,100
kalba,2020-09-27,0,0,,,9,536,0.0000,False,,NODATA,100
kalba,2020-09-28,524,13,2.8510,-0.4241,9,536,0.9776,True,0.0248,QUIET,100
kalba,2020-09-29,422,31,4.0674,-0.4004,9,536,0.7873,True,0.0735,QUIET,100
kalba,2020-09-30,25,2,3.2800,0.6551,9,536,0.0466,False,,NODATA,100
kalba,2020-10-01,522,1,2.7517,-0.3457,10,536,0.9739,True,0.0019,QUIET,100
kalba,2020-10-02,531,0,1.6510,-0.3849,10,536,0.9907,True,0.0000,QUIET,100
kalba,2020-10-03,499,2,2.2439,-0.3300,10,536,0.9310,True,0.0040,QUIET,100
kalba,2020-10-04,347,1,3.1678,-0.3977,10,536,0.6474,True,0.0029,QUIET,100
kalba,2020-10-05,528,1,2.1601,-0.3792,10,536,0.9851,True,0.0019,QUIET,100
kalba,2020-10-06,527,0,1.7043,-0.4606,10,536,0.9832,True,0.0000,QUIET,100
kalba,2020-10-07,0,0,,,10,536,0.0000,False,,NODATA,100
kalba,2020-10-08,529,1,2.4910,-0.3993,10,536,0.9869,True,0.0019,QUIET,100
kalba,2020-10-09,525,0,1.1821,-0.4047,10,536,0.9795,True,0.0000,QUIET,100
kalba,2020-10-10,528,0,1.7403,-0.4260,10,536,0.9851,True,0.0000,QUIET,100
kalba,2020-10-11,0,0,,,10,536,0.0000,False,,NODATA,100
kalba,2020-10-12,527,0,1.3450,-0.3969,10,536,0.9832,True,0.0000,QUIET,100
kalba,2020-10-13,529,1,2.1558,-0.3392,10,536,0.9869,True,0.0019,QUIET,100
kalba,2020-10-14,532,4,2.3093,-0.3131,10,536,0.9925,True,0.0075,QUIET,100
kalba,2020-10-15,0,0,,,10,536,0.0000,False,,NODATA,100
kalba,2020-10-16,532,1,2.5141,-0.3571,10,536,0.9925,True,0.0019,QUIET,100
kalba,2020-10-17,0,0,,,10,536,0.0000,False,,NODATA,100
kalba,2020-10-18,534,2,2.2832,-0.3334,10,536,0.9963,True,0.0037,QUIET,100
kalba,2020-10-19,10,1,2.0799,0.9311,10,536,0.0187,False,,NODATA,100
kalba,2020-10-20,532,0,1.6182,-0.3520,10,536,0.9925,True,0.0000,QUIET,100
kalba,2020-10-21,429,0,1.5524,-0.3472,10,536,0.8004,True,0.0000,QUIET,100
kalba,2020-10-22,0,0,,,10,536,0.0000,False,,NODATA,100
kalba,2020-10-23,124,6,3.3454,-0.2730,10,536,0.2313,True,0.0484,QUIET,100
kalba,2020-10-24,528,0,1.8952,-0.3630,10,536,0.9851,True,0.0000,QUIET,100
kalba,2020-10-25,444,5,3.3606,-0.3509,10,536,0.8284,True,0.0113,QUIET,100
kalba,2020-10-26,526,7,3.1523,-0.3348,10,536,0.9813,True,0.0133,QUIET,100
kalba,2020-10-27,381,2,2.3229,-0.3895,10,536,0.7108,True,0.0052,QUIET,100
kalba,2020-10-28,531,4,3.2448,-0.3835,10,536,0.9907,True,0.0075,QUIET,100
kalba,2020-10-29,523,5,3.6979,-0.3798,10,536,0.9757,True,0.0096,QUIET,100
kalba,2020-10-30,498,7,2.6347,-0.3602,10,536,0.9291,True,0.0141,QUIET,100
kalba,2020-10-31,534,0,1.7866,-0.4364,10,536,0.9963,True,0.0000,QUIET,100
kalba,2020-11-01,15,0,0.5079,0.5861,11,536,0.0280,False,,NODATA,100
kalba,2020-11-02,529,1,2.2352,-0.4364,11,536,0.9869,True,0.0019,QUIET,100
kalba,2020-11-03,0,0,,,11,536,0.0000,False,,NODATA,100
kalba,2020-11-04,531,0,0.2213,-0.4418,11,536,0.9907,True,0.0000,QUIET,100
kalba,2020-11-05,534,0,-0.1257,-0.5234,11,536,0.9963,True,0.0000,QUIET,100
kalba,2020-11-06,535,0,1.5896,-0.4533,11,536,0.9981,True,0.0000,QUIET,100
kalba,2020-11-07,0,0,,,11,536,0.0000,False,,NODATA,100
kalba,2020-11-08,315,0,1.3910,-0.4668,11,536,0.5877,True,0.0000,QUIET,100
kalba,2020-11-09,529,1,2.1717,-0.3567,11,536,0.9869,True,0.0019,QUIET,100
kalba,2020-11-10,533,2,2.8311,-0.3819,11,536,0.9944,True,0.0038,QUIET,100
kalba,2020-11-11,0,0,,,11,536,0.0000,False,,NODATA,100
kalba,2020-11-12,395,0,1.6840,-0.4535,11,536,0.7369,True,0.0000,QUIET,100
kalba,2020-11-13,528,1,2.1130,-0.3924,11,536,0.9851,True,0.0019,QUIET,100
kalba,2020-11-14,292,0,1.5039,-0.3503,11,536,0.5448,True,0.0000,QUIET,100
kalba,2020-11-15,21,0,0.7858,0.4969,11,536,0.0392,False,,NODATA,100
kalba,2020-11-16,475,0,1.5303,-0.3730,11,536,0.8862,True,0.0000,QUIET,100
kalba,2020-11-17,352,1,2.7432,-0.2282,11,536,0.6567,True,0.0028,QUIET,100
kalba,2020-11-18,514,0,1.7074,-0.2295,11,536,0.9590,True,0.0000,QUIET,100
kalba,2020-11-19,374,0,1.3769,-0.3871,11,536,0.6978,True,0.0000,QUIET,100
kalba,2020-11-20,462,0,1.5130,-0.3574,11,536,0.8619,True,0.0000,QUIET,100
kalba,2020-11-21,0,0,,,11,536,0.0000,False,,NODATA,100
kalba,2020-11-22,516,12,2.9467,-0.2176,11,536,0.9627,True,0.0233,QUIET,100
kalba,2020-11-23,523,6,3.0816,-0.2060,11,536,0.9757,True,0.0115,QUIET,100
kalba,2020-11-24,0,0,,,11,536,0.0000,False,,NODATA,100
kalba,2020-11-25,534,1,2.0452,-0.2150,11,536,0.9963,True,0.0019,QUIET,100
kalba,2020-11-26,459,8,2.7943,-0.1532,11,536,0.8563,True,0.0174,QUIET,100
kalba,2020-11-27,494,5,2.3055,-0.2038,11,536,0.9216,True,0.0101,QUIET,100
kalba,2020-11-28,441,0,1.3845,-0.2536,11,536,0.8228,True,0.0000,QUIET,100
kalba,2020-11-29,0,0,,,11,536,0.0000,False,,NODATA,100
kalba,2020-11-30,0,0,,,11,536,0.0000,False,,NODATA,100
kalba,2020-12-01,535,4,2.3180,-0.1050,12,536,0.9981,True,0.0075,QUIET,100
kalba,2020-12-02,527,0,1.8869,-0.1114,12,536,0.9832,True,0.0000,QUIET,100
kalba,2020-12-03,533,81,4.3361,0.0181,12,536,0.9944,True,0.1520,QUIET,100
kalba,2020-12-04,0,0,,,12,536,0.0000,False,,NODATA,100
kalba,2020-12-05,534,21,2.8618,-0.0838,12,536,0.9963,True,0.0393,QUIET,100
kalba,2020-12-06,528,5,2.8778,-0.1219,12,536,0.9851,True,0.0095,QUIET,100
kalba,2020-12-07,464,7,2.8108,-0.1650,12,536,0.8657,True,0.0151,QUIET,100
kalba,2020-12-08,0,0,,,12,536,0.0000,False,,NODATA,100
kalba,2020-12-09,524,0,1.5209,-0.2351,12,536,0.9776,True,0.0000,QUIET,100
kalba,2020-12-10,476,1,2.2311,-0.2395,12,536,0.8881,True,0.0021,QUIET,100
kalba,2020-12-11,501,2,2.2806,-0.1386,12,536,0.9347,True,0.0040,QUIET,100
kalba,2020-12-12,19,1,2.3995,0.4289,12,536,0.0354,False,,NODATA,100
kalba,2020-12-13,477,0,1.6186,-0.3336,12,536,0.8899,True,0.0000,QUIET,100
kalba,2020-12-14,0,0,,,12,536,0.0000,False,,NODATA,100
kalba,2020-12-15,524,19,3.7495,-0.0912,12,536,0.9776,True,0.0363,QUIET,100
kalba,2020-12-16,398,5,2.6078,-0.1698,12,536,0.7425,True,0.0126,QUIET,100
kalba,2020-12-17,512,4,3.0398,-0.2136,12,536,0.9552,True,0.0078,QUIET,100
kalba,2020-12-18,532,9,3.4579,-0.1459,12,536,0.9925,True,0.0169,QUIET,100
kalba,2020-12-19,479,32,3.1500,-0.0673,12,536,0.8937,True,0.0668,QUIET,100
kalba,2020-12-20,339,7,2.8260,-0.1808,12,536,0.6325,True,0.0206,QUIET,100
kalba,2020-12-21,519,1,2.0547,-0.2547,12,536,0.9683,True,0.0019,QUIET,100
kalba,2020-12-22,0,0,,,12,536,0.0000,False,,NODATA,100
kalba,2020-12-23,516,0,1.6989,-0.1490,12,536,0.9627,True,0.0000,QUIET,100
kalba,2020-12-24,533,0,1.7386,-0.2556,12,536,0.9944,True,0.0000,QUIET,100
kalba,2020-12-25,0,0,,,12,536,0.0000,False,,NODATA,100
kalba,2020-12-26,374,0,1.6388,-0.2640,12,536,0.6978,True,0.0000,QUIET,100
kalba,2020-12-27,0,0,,,12,536,0.0000,False,,NODATA,100
kalba,2020-12-28,0,0,,,12,536,0.0000,False,,NODATA,100
kalba,2020-12-29,532,1,2.8424,-0.2158,12,536,0.9925,True,0.0019,QUIET,100
kalba,2020-12-30,529,10,3.2249,-0.2093,12,536,0.9869,True,0.0189,QUIET,100
kalba,2020-12-31,0,0,,,12,536,0.0000,False,,NODATA,100
kalba,2021-01-01,0,0,,,1,534,0.0000,False,,NODATA,100
kalba,2021-01-02,0,0,,,1,534,0.0000,False,,NODATA,100
kalba,2021-01-03,0,0,,,1,534,0.0000,False,,NODATA,100
kalba,2021-01-04,0,0,,,1,534,0.0000,False,,NODATA,100
kalba,2021-01-05,0,0,,,1,534,0.0000,False,,NODATA,100
kalba,2021-01-06,0,0,,,1,534,0.0000,False,,NODATA,100
kalba,2021-01-07,0,0,,,1,534,0.0000,False,,NODATA,100
kalba,2021-01-08,0,0,,,1,534,0.0000,False,,NODATA,100
kalba,2021-01-09,0,0,,,1,534,0.0000,False,,NODATA,100
kalba,2021-01-10,0,0,,,1,534,0.0000,False,,NODATA,100
kalba,2021-01-11,0,0,,,1,534,0.0000,False,,NODATA,100
kalba,2021-01-12,0,0,,,1,534,0.0000,False,,NODATA,100
kalba,2021-01-13,0,0,,,1,534,0.0000,False,,NODATA,100
kalba,2021-01-14,0,0,,,1,534,0.0000,False,,NODATA,100
kalba,2021-01-15,0,0,,,1,534,0.0000,False,,NODATA,100
kalba,2021-01-16,0,0,,,1,534,0.0000,False,,NODATA,100
kalba,2021-01-17,0,0,,,1,534,0.0000,False,,NODATA,100
kalba,2021-01-18,0,0,,,1,534,0.0000,False,,NODATA,100
kalba,2021-01-19,0,0,,,1,534,0.0000,False,,NODATA,100
kalba,2021-01-20,0,0,,,1,534,0.0000,False,,NODATA,100
kalba,2021-01-21,0,0,,,1,534,0.0000,False,,NODATA,100
kalba,2021-01-22,0,0,,,1,534,0.0000,False,,NODATA,100
kalba,2021-01-23,0,0,,,1,534,0.0000,False,,NODATA,100
kalba,2021-01-24,0,0,,,1,534,0.0000,False,,NODATA,100
kalba,2021-01-25,0,0,,,1,534,0.0000,False,,NODATA,100
kalba,2021-01-26,0,0,,,1,534,0.0000,False,,NODATA,100
kalba,2021-01-27,0,0,,,1,534,0.0000,False,,NODATA,100
kalba,2021-01-28,0,0,,,1,534,0.0000,False,,NODATA,100
kalba,2021-01-29,0,0,,,1,534,0.0000,False,,NODATA,100
kalba,2021-01-30,0,0,,,1,534,0.0000,False,,NODATA,100
kalba,2021-01-31,0,0,,,1,534,0.0000,False,,NODATA,100
kalba,2021-02-01,0,0,,,2,533,0.0000,False,,NODATA,100
kalba,2021-02-02,0,0,,,2,533,0.0000,False,,NODATA,100
kalba,2021-02-03,0,0,,,2,533,0.0000,False,,NODATA,100
kalba,2021-02-04,0,0,,,2,533,0.0000,False,,NODATA,100
kalba,2021-02-05,0,0,,,2,533,0.0000,False,,NODATA,100
kalba,2021-02-06,0,0,,,2,533,0.0000,False,,NODATA,100
kalba,2021-02-07,0,0,,,2,533,0.0000,False,,NODATA,100
kalba,2021-02-08,0,0,,,2,533,0.0000,False,,NODATA,100
kalba,2021-02-09,0,0,,,2,533,0.0000,False,,NODATA,100
kalba,2021-02-10,0,0,,,2,533,0.0000,False,,NODATA,100
kalba,2021-02-11,0,0,,,2,533,0.0000,False,,NODATA,100
kalba,2021-02-12,0,0,,,2,533,0.0000,False,,NODATA,100
kalba,2021-02-13,0,0,,,2,533,0.0000,False,,NODATA,100
kalba,2021-02-14,0,0,,,2,533,0.0000,False,,NODATA,100
kalba,2021-02-15,0,0,,,2,533,0.0000,False,,NODATA,100
kalba,2021-02-16,0,0,,,2,533,0.0000,False,,NODATA,100
kalba,2021-02-17,0,0,,,2,533,0.0000,False,,NODATA,100
kalba,2021-02-18,0,0,,,2,533,0.0000,False,,NODATA,100
kalba,2021-02-19,0,0,,,2,533,0.0000,False,,NODATA,100
kalba,2021-02-20,0,0,,,2,533,0.0000,False,,NODATA,100
kalba,2021-02-21,0,0,,,2,533,0.0000,False,,NODATA,100
kalba,2021-02-22,0,0,,,2,533,0.0000,False,,NODATA,100
kalba,2021-02-23,0,0,,,2,533,0.0000,False,,NODATA,100
kalba,2021-02-24,0,0,,,2,533,0.0000,False,,NODATA,100
kalba,2021-02-25,0,0,,,2,533,0.0000,False,,NODATA,100
kalba,2021-02-26,0,0,,,2,533,0.0000,False,,NODATA,100
kalba,2021-02-27,0,0,,,2,533,0.0000,False,,NODATA,100
kalba,2021-02-28,0,0,,,2,533,0.0000,False,,NODATA,100
kalba,2021-03-01,0,0,,,3,536,0.0000,False,,NODATA,100
kalba,2021-03-02,0,0,,,3,536,0.0000,False,,NODATA,100
kalba,2021-03-03,0,0,,,3,536,0.0000,False,,NODATA,100
kalba,2021-03-04,527,88,3.2606,0.4758,3,536,0.9832,True,0.1670,QUIET,100
kalba,2021-03-05,318,49,3.5784,0.4854,3,536,0.5933,True,0.1541,QUIET,100
kalba,2021-03-06,515,5,2.2502,0.2888,3,536,0.9608,True,0.0097,QUIET,100
kalba,2021-03-07,28,8,3.3203,0.8219,3,536,0.0522,False,,NODATA,100
kalba,2021-03-08,533,0,1.7918,0.1915,3,536,0.9944,True,0.0000,QUIET,100
kalba,2021-03-09,388,8,2.4037,-0.2682,3,536,0.7239,True,0.0206,QUIET,100
kalba,2021-03-10,0,0,,,3,536,0.0000,False,,NODATA,100
kalba,2021-03-11,0,0,,,3,536,0.0000,False,,NODATA,100
kalba,2021-03-12,453,4,2.6760,-0.1773,3,536,0.8451,True,0.0088,QUIET,100
kalba,2021-03-13,421,0,0.6749,-0.2305,3,536,0.7854,True,0.0000,QUIET,100
kalba,2021-03-14,0,0,,,3,536,0.0000,False,,NODATA,100
kalba,2021-03-15,224,9,2.7726,-0.1675,3,536,0.4179,True,0.0402,QUIET,100
kalba,2021-03-16,111,0,1.9801,0.2702,3,536,0.2071,True,0.0000,QUIET,100
kalba,2021-03-17,6,0,1.7362,0.6787,3,536,0.0112,False,,NODATA,100
kalba,2021-03-18,0,0,,,3,536,0.0000,False,,NODATA,100
kalba,2021-03-19,467,0,1.9779,0.0330,3,536,0.8713,True,0.0000,QUIET,100
kalba,2021-03-20,289,0,-0.4330,-0.1703,3,536,0.5392,True,0.0000,QUIET,100
kalba,2021-03-21,528,3,2.8081,0.2936,3,536,0.9851,True,0.0057,QUIET,100
kalba,2021-03-22,202,6,2.3963,0.5233,3,536,0.3769,True,0.0297,QUIET,100
kalba,2021-03-23,534,9,3.1742,0.2743,3,536,0.9963,True,0.0169,QUIET,100
kalba,2021-03-24,523,7,2.3778,0.2938,3,536,0.9757,True,0.0134,QUIET,100
kalba,2021-03-25,514,7,2.8587,0.4152,3,536,0.9590,True,0.0136,QUIET,100
kalba,2021-03-26,0,0,,,3,536,0.0000,False,,NODATA,100
kalba,2021-03-27,523,9,2.5768,0.3097,3,536,0.9757,True,0.0172,QUIET,100
kalba,2021-03-28,528,0,1.7593,0.2414,3,536,0.9851,True,0.0000,QUIET,100
kalba,2021-03-29,527,0,1.6722,0.2436,3,536,0.9832,True,0.0000,QUIET,100
kalba,2021-03-30,0,0,,,3,536,0.0000,False,,NODATA,100
kalba,2021-03-31,532,0,1.6416,-0.0014,3,536,0.9925,True,0.0000,QUIET,100
kalba,2021-04-01,520,1,2.1441,0.1097,4,536,0.9701,True,0.0019,QUIET,100
kalba,2021-04-02,522,0,1.9231,0.1255,4,536,0.9739,True,0.0000,QUIET,100
kalba,2021-04-03,0,0,,,4,536,0.0000,False,,NODATA,100
kalba,2021-04-04,531,2,2.4810,-0.0777,4,536,0.9907,True,0.0038,QUIET,100
kalba,2021-04-05,399,0,1.6884,-0.0558,4,536,0.7444,True,0.0000,QUIET,100
kalba,2021-04-06,528,0,1.7614,-0.0745,4,536,0.9851,True,0.0000,QUIET,100
kalba,2021-04-07,12,2,3.2463,0.9143,4,536,0.0224,False,,NODATA,100
kalba,2021-04-08,528,0,1.3145,-0.1619,4,536,0.9851,True,0.0000,QUIET,100
kalba,2021-04-09,532,0,1.2712,-0.2110,4,536,0.9925,True,0.0000,QUIET,100
kalba,2021-04-10,0,0,,,4,536,0.0000,False,,NODATA,100
kalba,2021-04-11,0,0,,,4,536,0.0000,False,,NODATA,100
kalba,2021-04-12,503,0,1.7671,-0.1884,4,536,0.9384,True,0.0000,QUIET,100
kalba,2021-04-13,519,0,1.7287,-0.2130,4,536,0.9683,True,0.0000,QUIET,100
kalba,2021-04-14,64,0,1.3793,-0.1472,4,536,0.1194,True,0.0000,QUIET,100
kalba,2021-04-15,115,0,1.8706,0.0026,4,536,0.2146,True,0.0000,QUIET,100
kalba,2021-04-16,435,0,1.8081,-0.1148,4,536,0.8116,True,0.0000,QUIET,100
kalba,2021-04-17,531,4,2.2259,-0.2480,4,536,0.9907,True,0.0075,QUIET,100
kalba,2021-04-18,179,0,0.8409,-0.2071,4,536,0.3340,True,0.0000,QUIET,100
kalba,2021-04-19,462,0,1.8284,-0.3179,4,536,0.8619,True,0.0000,QUIET,100
kalba,2021-04-20,511,0,1.7905,-0.2999,4,536,0.9534,True,0.0000,QUIET,100
kalba,2021-04-21,0,0,,,4,536,0.0000,False,,NODATA,100
kalba,2021-04-22,0,0,,,4,536,0.0000,False,,NODATA,100
kalba,2021-04-23,533,0,1.8531,-0.3281,4,536,0.9944,True,0.0000,QUIET,100
kalba,2021-04-24,509,1,2.1725,-0.3586,4,536,0.9496,True,0.0020,QUIET,100
kalba,2021-04-25,532,0,1.3406,-0.3611,4,536,0.9925,True,0.0000,QUIET,100
kalba,2021-04-26,0,0,,,4,536,0.0000,False,,NODATA,100
kalba,2021-04-27,0,0,,,4,536,0.0000,False,,NODATA,100
kalba,2021-04-28,351,7,3.2537,-0.4353,4,536,0.6549,True,0.0199,QUIET,100
kalba,2021-04-29,485,5,2.8422,-0.3456,4,536,0.9049,True,0.0103,QUIET,100
kalba,2021-04-30,0,0,,,4,536,0.0000,False,,NODATA,100
kalba,2021-05-01,446,4,3.0704,-0.4187,5,536,0.8321,True,0.0090,QUIET,100
kalba,2021-05-02,247,4,3.0899,-0.4165,5,536,0.4608,True,0.0162,QUIET,100
kalba,2021-05-03,0,0,,,5,536,0.0000,False,,NODATA,100
kalba,2021-05-04,0,0,,,5,536,0.0000,False,,NODATA,100
kalba,2021-05-05,255,3,2.3609,-0.2668,5,536,0.4757,True,0.0118,QUIET,100
kalba,2021-05-06,437,4,2.9158,-0.3984,5,536,0.8153,True,0.0092,QUIET,100
kalba,2021-05-07,91,0,1.2189,-0.4613,5,536,0.1698,True,0.0000,QUIET,100
kalba,2021-05-08,13,3,3.1805,0.9066,5,536,0.0243,False,,NODATA,100
kalba,2021-05-09,533,7,3.6108,-0.3822,5,536,0.9944,True,0.0131,QUIET,100
kalba,2021-05-10,532,0,1.2834,-0.4687,5,536,0.9925,True,0.0000,QUIET,100
kalba,2021-05-11,508,0,0.4527,-0.4765,5,536,0.9478,True,0.0000,QUIET,100
kalba,2021-05-12,58,8,2.5473,0.4906,5,536,0.1082,True,0.1379,QUIET,100
kalba,2021-05-13,533,0,1.4041,-0.4537,5,536,0.9944,True,0.0000,QUIET,100
kalba,2021-05-14,535,1,2.0543,-0.4494,5,536,0.9981,True,0.0019,QUIET,100
kalba,2021-05-15,225,0,0.8976,-0.5782,5,536,0.4198,True,0.0000,QUIET,100
kalba,2021-05-16,195,3,3.1548,-0.3861,5,536,0.3638,True,0.0154,QUIET,100
kalba,2021-05-17,491,0,1.5075,-0.5467,5,536,0.9160,True,0.0000,QUIET,100
kalba,2021-05-18,535,1,2.1502,-0.4825,5,536,0.9981,True,0.0019,QUIET,100
kalba,2021-05-19,0,0,,,5,536,0.0000,False,,NODATA,100
kalba,2021-05-20,534,0,1.3245,-0.5606,5,536,0.9963,True,0.0000,QUIET,100
kalba,2021-05-21,504,0,1.7378,-0.5855,5,536,0.9403,True,0.0000,QUIET,100
kalba,2021-05-22,530,0,1.8171,-0.5174,5,536,0.9888,True,0.0000,QUIET,100
kalba,2021-05-23,0,0,,,5,536,0.0000,False,,NODATA,100
kalba,2021-05-24,280,1,2.0164,-0.6325,5,536,0.5224,True,0.0036,QUIET,100
kalba,2021-05-25,170,0,0.6100,-0.6898,5,536,0.3172,True,0.0000,QUIET,100
kalba,2021-05-26,523,0,0.9678,-0.6117,5,536,0.9757,True,0.0000,QUIET,100
kalba,2021-05-27,0,0,,,5,536,0.0000,False,,NODATA,100
kalba,2021-05-28,517,0,1.9144,-0.6955,5,536,0.9646,True,0.0000,QUIET,100
kalba,2021-05-29,119,7,2.4385,-0.3973,5,536,0.2220,True,0.0588,QUIET,100
kalba,2021-05-30,0,0,,,5,536,0.0000,False,,NODATA,100
kalba,2021-05-31,0,0,,,5,536,0.0000,False,,NODATA,100
kalba,2021-06-01,531,0,1.6345,-0.6141,6,536,0.9907,True,0.0000,QUIET,100
kalba,2021-06-02,360,0,1.4974,-0.6419,6,536,0.6716,True,0.0000,QUIET,100
kalba,2021-06-03,518,0,1.7702,-0.6202,6,536,0.9664,True,0.0000,QUIET,100
kalba,2021-06-04,9,0,1.5736,0.9457,6,536,0.0168,False,,NODATA,100
kalba,2021-06-05,478,0,0.6653,-0.6905,6,536,0.8918,True,0.0000,QUIET,100
kalba,2021-06-06,352,0,1.7864,-0.7469,6,536,0.6567,True,0.0000,QUIET,100
kalba,2021-06-07,74,0,0.4060,-0.7132,6,536,0.1381,True,0.0000,QUIET,100
kalba,2021-06-08,36,3,2.9218,0.7136,6,536,0.0672,False,,NODATA,100
kalba,2021-06-09,0,0,,,6,536,0.0000,False,,NODATA,100
kalba,2021-06-10,401,2,2.6639,-0.6626,6,536,0.7481,True,0.0050,QUIET,100
kalba,2021-06-11,1,0,-1.5968,-0.7992,6,536,0.0019,False,,NODATA,100
kalba,2021-06-12,329,0,1.8702,-0.6349,6,536,0.6138,True,0.0000,QUIET,100
kalba,2021-06-13,456,17,4.1223,-0.6541,6,536,0.8507,True,0.0373,QUIET,100
kalba,2021-06-14,534,24,4.0794,-0.6245,6,536,0.9963,True,0.0449,QUIET,100
kalba,2021-06-15,0,0,,,6,536,0.0000,False,,NODATA,100
kalba,2021-06-16,494,4,3.4421,-0.6474,6,536,0.9216,True,0.0081,QUIET,100
kalba,2021-06-17,526,2,2.2409,-0.6958,6,536,0.9813,True,0.0038,QUIET,100
kalba,2021-06-18,256,2,2.6024,-0.6917,6,536,0.4776,True,0.0078,QUIET,100
kalba,2021-06-19,0,0,,,6,536,0.0000,False,,NODATA,100
kalba,2021-06-20,457,1,3.4316,-0.6820,6,536,0.8526,True,0.0022,QUIET,100
kalba,2021-06-21,13,0,1.3202,0.7900,6,536,0.0243,False,,NODATA,100
kalba,2021-06-22,147,3,2.9740,-0.9551,6,536,0.2743,True,0.0204,QUIET,100
kalba,2021-06-23,0,0,,,6,536,0.0000,False,,NODATA,100
kalba,2021-06-24,533,13,3.1493,-0.6467,6,536,0.9944,True,0.0244,QUIET,100
kalba,2021-06-25,0,0,,,6,536,0.0000,False,,NODATA,100
kalba,2021-06-26,528,14,3.9118,-0.6412,6,536,0.9851,True,0.0265,QUIET,100
kalba,2021-06-27,0,0,,,6,536,0.0000,False,,NODATA,100
kalba,2021-06-28,0,0,,,6,536,0.0000,False,,NODATA,100
kalba,2021-06-29,0,0,,,6,536,0.0000,False,,NODATA,100
kalba,2021-06-30,0,0,,,6,536,0.0000,False,,NODATA,100
kalba,2021-07-01,0,0,,,7,533,0.0000,False,,NODATA,100
kalba,2021-07-02,0,0,,,7,533,0.0000,False,,NODATA,100
kalba,2021-07-03,513,20,4.0222,-0.5360,7,533,0.9625,True,0.0390,QUIET,100
kalba,2021-07-04,0,0,,,7,533,0.0000,False,,NODATA,100
kalba,2021-07-05,24,0,1.9670,0.7523,7,533,0.0450,False,,NODATA,100
kalba,2021-07-06,35,3,2.8487,-0.6252,7,533,0.0657,False,,NODATA,100
kalba,2021-07-07,80,0,1.6566,-0.7030,7,533,0.1501,True,0.0000,QUIET,100
kalba,2021-07-08,0,0,,,7,533,0.0000,False,,NODATA,100
kalba,2021-07-09,406,0,1.8184,-0.4007,7,533,0.7617,True,0.0000,QUIET,100
kalba,2021-07-10,41,15,3.4295,-0.0619,7,533,0.0769,False,,NODATA,100
kalba,2021-07-11,373,0,1.0815,-0.9579,7,533,0.6998,True,0.0000,QUIET,100
kalba,2021-07-12,0,0,,,7,533,0.0000,False,,NODATA,100
kalba,2021-07-13,121,0,1.4939,-0.4584,7,533,0.2270,True,0.0000,QUIET,100
kalba,2021-07-14,3,0,0.0286,0.7788,7,533,0.0056,False,,NODATA,100
kalba,2021-07-15,165,10,2.7762,-0.5369,7,533,0.3096,True,0.0606,QUIET,100
kalba,2021-07-16,0,0,,,7,533,0.0000,False,,NODATA,100
kalba,2021-07-17,412,0,1.5249,-0.5655,7,533,0.7730,True,0.0000,QUIET,100
kalba,2021-07-18,305,8,3.0857,-0.5193,7,533,0.5722,True,0.0262,QUIET,100
kalba,2021-07-19,528,15,3.6068,-0.4361,7,533,0.9906,True,0.0284,QUIET,100
kalba,2021-07-20,0,0,,,7,533,0.0000,False,,NODATA,100
kalba,2021-07-21,116,3,2.4716,-0.3308,7,533,0.2176,True,0.0259,QUIET,100
kalba,2021-07-22,232,2,2.2405,-0.4261,7,533,0.4353,True,0.0086,QUIET,100
kalba,2021-07-23,517,60,3.3395,-0.3177,7,533,0.9700,True,0.1161,QUIET,100
kalba,2021-07-24,0,0,,,7,533,0.0000,False,,NODATA,100
kalba,2021-07-25,306,68,3.7206,-0.4594,7,533,0.5741,True,0.2222,EXCEED,100
kalba,2021-07-26,531,45,2.8931,-0.2763,7,533,0.9962,True,0.0847,QUIET,100
kalba,2021-07-27,515,75,3.5188,-0.2323,7,533,0.9662,True,0.1456,QUIET,100
kalba,2021-07-28,19,4,2.7837,0.7850,7,533,0.0356,False,,NODATA,100
kalba,2021-07-29,26,0,-0.9193,-0.8782,7,533,0.0488,False,,NODATA,100
kalba,2021-07-30,8,0,-0.3557,0.6509,7,533,0.0150,False,,NODATA,100
kalba,2021-07-31,0,0,,,7,533,0.0000,False,,NODATA,100
kalba,2021-08-01,85,8,2.4453,0.4228,8,536,0.1586,True,0.0941,QUIET,100
kalba,2021-08-02,328,48,3.3822,0.2000,8,536,0.6119,True,0.1463,QUIET,100
kalba,2021-08-03,381,59,3.7654,-0.0628,8,536,0.7108,True,0.1549,QUIET,100
kalba,2021-08-04,176,3,2.2720,-0.6144,8,536,0.3284,True,0.0170,QUIET,100
kalba,2021-08-05,523,38,3.4007,0.0522,8,536,0.9757,True,0.0727,QUIET,100
kalba,2021-08-06,491,7,2.3071,-0.0687,8,536,0.9160,True,0.0143,QUIET,100
kalba,2021-08-07,502,76,3.3597,0.0632,8,536,0.9366,True,0.1514,QUIET,100
kalba,2021-08-08,0,0,,,8,536,0.0000,False,,NODATA,100
kalba,2021-08-09,197,27,2.9920,-0.0647,8,536,0.3675,True,0.1371,QUIET,100
kalba,2021-08-10,11,0,-0.0137,0.8157,8,536,0.0205,False,,NODATA,100
kalba,2021-08-11,51,4,2.9611,0.6752,8,536,0.0951,False,,NODATA,100
kalba,2021-08-12,0,0,,,8,536,0.0000,False,,NODATA,100
kalba,2021-08-13,412,64,4.0328,-0.0024,8,536,0.7687,True,0.1553,QUIET,100
kalba,2021-08-14,196,7,2.8113,-0.2454,8,536,0.3657,True,0.0357,QUIET,100
kalba,2021-08-15,130,3,2.6517,0.0674,8,536,0.2425,True,0.0231,QUIET,100
kalba,2021-08-16,0,0,,,8,536,0.0000,False,,NODATA,100
kalba,2021-08-17,0,0,,,8,536,0.0000,False,,NODATA,100
kalba,2021-08-18,30,0,1.9063,0.6482,8,536,0.0560,False,,NODATA,100
kalba,2021-08-19,111,2,2.2821,-0.4803,8,536,0.2071,True,0.0180,QUIET,100
kalba,2021-08-20,0,0,,,8,536,0.0000,False,,NODATA,100
kalba,2021-08-21,509,109,4.3286,-0.1496,8,536,0.9496,True,0.2141,EXCEED,100
kalba,2021-08-22,492,12,2.8590,-0.2134,8,536,0.9179,True,0.0244,QUIET,100
kalba,2021-08-23,123,23,2.7596,-0.1766,8,536,0.2295,True,0.1870,ALERT,100
kalba,2021-08-24,33,5,2.4745,0.7520,8,536,0.0616,False,,NODATA,100
kalba,2021-08-25,0,0,,,8,536,0.0000,False,,NODATA,100
kalba,2021-08-26,531,15,2.4456,-0.2355,8,536,0.9907,True,0.0282,QUIET,100
kalba,2021-08-27,34,12,2.9791,-0.3866,8,536,0.0634,False,,NODATA,100
kalba,2021-08-28,149,21,2.9075,-0.0661,8,536,0.2780,True,0.1409,QUIET,100
kalba,2021-08-29,149,10,2.9132,-0.3263,8,536,0.2780,True,0.0671,QUIET,100
kalba,2021-08-30,458,8,3.1754,-0.5565,8,536,0.8545,True,0.0175,QUIET,100
kalba,2021-08-31,0,0,,,8,536,0.0000,False,,NODATA,100
kalba,2021-09-01,524,35,3.1183,-0.5730,9,536,0.9776,True,0.0668,QUIET,100
kalba,2021-09-02,507,31,2.7241,-0.5352,9,536,0.9459,True,0.0611,QUIET,100
kalba,2021-09-03,530,14,2.5551,-0.5626,9,536,0.9888,True,0.0264,QUIET,100
kalba,2021-09-04,0,0,,,9,536,0.0000,False,,NODATA,100
kalba,2021-09-05,486,0,1.8115,-0.6254,9,536,0.9067,True,0.0000,QUIET,100
kalba,2021-09-06,359,4,2.3467,-0.7170,9,536,0.6698,True,0.0111,QUIET,100
kalba,2021-09-07,415,0,1.7620,-0.7062,9,536,0.7743,True,0.0000,QUIET,100
kalba,2021-09-08,0,0,,,9,536,0.0000,False,,NODATA,100
kalba,2021-09-09,413,3,2.3993,-0.6493,9,536,0.7705,True,0.0073,QUIET,100
kalba,2021-09-10,366,3,4.0038,-0.6444,9,536,0.6828,True,0.0082,QUIET,100
kalba,2021-09-11,523,3,2.5183,-0.6418,9,536,0.9757,True,0.0057,QUIET,100
kalba,2021-09-12,0,0,,,9,536,0.0000,False,,NODATA,100
kalba,2021-09-13,536,20,3.1070,-0.5281,9,536,1.0000,True,0.0373,QUIET,100
kalba,2021-09-14,518,2,2.4549,-0.6174,9,536,0.9664,True,0.0039,QUIET,100
kalba,2021-09-15,526,2,2.7856,-0.6019,9,536,0.9813,True,0.0038,QUIET,100
kalba,2021-09-16,34,13,3.3269,0.8950,9,536,0.0634,False,,NODATA,100
kalba,2021-09-17,536,9,2.3458,-0.5392,9,536,1.0000,True,0.0168,QUIET,100
kalba,2021-09-18,529,3,2.4230,-0.6092,9,536,0.9869,True,0.0057,QUIET,100
kalba,2021-09-19,349,2,3.0570,-0.5266,9,536,0.6511,True,0.0057,QUIET,100
kalba,2021-09-20,153,5,3.0212,-0.1981,9,536,0.2854,True,0.0327,QUIET,100
kalba,2021-09-21,466,13,3.0094,-0.4103,9,536,0.8694,True,0.0279,QUIET,100
kalba,2021-09-22,535,3,2.0729,-0.4908,9,536,0.9981,True,0.0056,QUIET,100
kalba,2021-09-23,467,7,3.0087,-0.6108,9,536,0.8713,True,0.0150,QUIET,100
kalba,2021-09-24,458,5,3.1006,-0.5590,9,536,0.8545,True,0.0109,QUIET,100
kalba,2021-09-25,366,1,2.3213,-0.5730,9,536,0.6828,True,0.0027,QUIET,100
kalba,2021-09-26,517,1,2.7831,-0.5547,9,536,0.9646,True,0.0019,QUIET,100
kalba,2021-09-27,152,1,2.4605,-0.7093,9,536,0.2836,True,0.0066,QUIET,100
kalba,2021-09-28,535,40,4.0876,-0.3975,9,536,0.9981,True,0.0748,QUIET,100
kalba,2021-09-29,530,99,4.1503,-0.3010,9,536,0.9888,True,0.1868,EXCEED,100
kalba,2021-09-30,522,127,4.7614,-0.3017,9,536,0.9739,True,0.2433,ALERT,100
kalba,2021-10-01,0,0,,,10,536,0.0000,False,,NODATA,100
kalba,2021-10-02,480,46,4.6442,-0.2013,10,536,0.8955,True,0.0958,QUIET,100
kalba,2021-10-03,14,3,3.2785,0.1921,10,536,0.0261,False,,NODATA,100
kalba,2021-10-04,0,0,,,10,536,0.0000,False,,NODATA,100
kalba,2021-10-05,15,0,1.8684,0.8624,10,536,0.0280,False,,NODATA,100
kalba,2021-10-06,488,66,3.8557,-0.1800,10,536,0.9104,True,0.1352,QUIET,100
kalba,2021-10-07,531,92,4.7092,-0.1568,10,536,0.9907,True,0.1733,QUIET,100
kalba,2021-10-08,528,118,4.4758,-0.1570,10,536,0.9851,True,0.2235,EXCEED,100
kalba,2021-10-09,51,13,2.6112,0.7291,10,536,0.0951,False,,NODATA,100
kalba,2021-10-10,523,25,3.4299,-0.3259,10,536,0.9757,True,0.0478,QUIET,100
kalba,2021-10-11,536,68,3.8104,-0.1949,10,536,1.0000,True,0.1269,QUIET,100
kalba,2021-10-12,527,108,4.1760,-0.1263,10,536,0.9832,True,0.2049,ALERT,100
kalba,2021-10-13,84,7,3.1526,0.4897,10,536,0.1567,True,0.0833,QUIET,100
kalba,2021-10-14,534,31,3.3657,-0.1946,10,536,0.9963,True,0.0581,QUIET,100
kalba,2021-10-15,536,10,2.6219,-0.2902,10,536,1.0000,True,0.0187,QUIET,100
kalba,2021-10-16,521,91,4.2057,-0.1482,10,536,0.9720,True,0.1747,QUIET,100
kalba,2021-10-17,464,9,2.8730,-0.2855,10,536,0.8657,True,0.0194,QUIET,100
kalba,2021-10-18,534,44,3.8166,-0.2005,10,536,0.9963,True,0.0824,QUIET,100
kalba,2021-10-19,0,0,,,10,536,0.0000,False,,NODATA,100
kalba,2021-10-20,498,62,4.3468,-0.2186,10,536,0.9291,True,0.1245,QUIET,100
kalba,2021-10-21,404,44,3.2804,-0.2467,10,536,0.7537,True,0.1089,QUIET,100
kalba,2021-10-22,509,25,2.7921,-0.3187,10,536,0.9496,True,0.0491,QUIET,100
kalba,2021-10-23,531,129,4.0662,-0.1815,10,536,0.9907,True,0.2429,EXCEED,100
kalba,2021-10-24,222,118,4.6480,0.0305,10,536,0.4142,True,0.5315,ALERT,100
kalba,2021-10-25,534,152,4.0208,-0.0292,10,536,0.9963,True,0.2846,ALERT,100
kalba,2021-10-26,478,98,3.9050,-0.1419,10,536,0.8918,True,0.2050,ALERT,100
kalba,2021-10-27,448,20,3.4128,-0.2942,10,536,0.8358,True,0.0446,QUIET,100
kalba,2021-10-28,0,0,,,10,536,0.0000,False,,NODATA,100
kalba,2021-10-29,530,98,3.8713,-0.0797,10,536,0.9888,True,0.1849,QUIET,100
kalba,2021-10-30,535,84,3.5097,-0.0895,10,536,0.9981,True,0.1570,QUIET,100
kalba,2021-10-31,0,0,,,10,536,0.0000,False,,NODATA,100
kalba,2021-11-01,27,1,2.0190,0.6554,11,536,0.0504,False,,NODATA,100
kalba,2021-11-02,535,39,3.0657,-0.0686,11,536,0.9981,True,0.0729,QUIET,100
kalba,2021-11-03,536,25,3.0562,-0.0680,11,536,1.0000,True,0.0466,QUIET,100
kalba,2021-11-04,525,31,3.0357,-0.0786,11,536,0.9795,True,0.0590,QUIET,100
kalba,2021-11-05,395,1,2.0241,-0.1319,11,536,0.7369,True,0.0025,QUIET,100
kalba,2021-11-06,535,4,2.2100,-0.1211,11,536,0.9981,True,0.0075,QUIET,100
kalba,2021-11-07,501,1,2.0692,-0.2073,11,536,0.9347,True,0.0020,QUIET,100
kalba,2021-11-08,399,3,2.6235,-0.2970,11,536,0.7444,True,0.0075,QUIET,100
kalba,2021-11-09,517,2,2.2749,-0.1501,11,536,0.9646,True,0.0039,QUIET,100
kalba,2021-11-10,536,10,2.2633,-0.1107,11,536,1.0000,True,0.0187,QUIET,100
kalba,2021-11-11,536,3,2.1382,-0.1339,11,536,1.0000,True,0.0056,QUIET,100
kalba,2021-11-12,0,0,,,11,536,0.0000,False,,NODATA,100
kalba,2021-11-13,535,63,2.9490,0.0035,11,536,0.9981,True,0.1178,QUIET,100
kalba,2021-11-14,535,5,2.4614,-0.0218,11,536,0.9981,True,0.0093,QUIET,100
kalba,2021-11-15,536,3,2.1095,-0.0422,11,536,1.0000,True,0.0056,QUIET,100
kalba,2021-11-16,503,96,3.1311,0.0887,11,536,0.9384,True,0.1909,EXCEED,100
kalba,2021-11-17,498,14,2.3300,-0.0614,11,536,0.9291,True,0.0281,QUIET,100
kalba,2021-11-18,191,34,4.6195,0.1599,11,536,0.3563,True,0.1780,QUIET,100
kalba,2021-11-19,529,195,5.1809,0.0996,11,536,0.9869,True,0.3686,ALERT,100
kalba,2021-11-20,216,139,4.8143,0.2597,11,536,0.4030,True,0.6435,ALERT,100
kalba,2021-11-21,536,49,2.9218,-0.0379,11,536,1.0000,True,0.0914,QUIET,100
kalba,2021-11-22,535,31,3.0420,-0.0837,11,536,0.9981,True,0.0579,QUIET,100
kalba,2021-11-23,534,64,3.6869,0.0392,11,536,0.9963,True,0.1199,QUIET,100
kalba,2021-11-24,0,0,,,11,536,0.0000,False,,NODATA,100
kalba,2021-11-25,536,41,3.5250,-0.0544,11,536,1.0000,True,0.0765,QUIET,100
kalba,2021-11-26,536,26,3.7500,-0.1239,11,536,1.0000,True,0.0485,QUIET,100
kalba,2021-11-27,534,93,4.0691,0.0865,11,536,0.9963,True,0.1742,QUIET,100
kalba,2021-11-28,25,0,1.0377,0.5831,11,536,0.0466,False,,NODATA,100
kalba,2021-11-29,467,0,1.7117,-0.2432,11,536,0.8713,True,0.0000,QUIET,100
kalba,2021-11-30,335,5,2.5162,-0.2604,11,536,0.6250,True,0.0149,QUIET,100
kalba,2021-12-01,530,17,3.0679,-0.1857,12,536,0.9888,True,0.0321,QUIET,100
kalba,2021-12-02,402,10,2.7282,-0.0452,12,536,0.7500,True,0.0249,QUIET,100
kalba,2021-12-03,530,3,2.7442,-0.0703,12,536,0.9888,True,0.0057,QUIET,100
kalba,2021-12-04,530,58,3.5911,0.0127,12,536,0.9888,True,0.1094,QUIET,100
kalba,2021-12-05,507,12,3.0097,-0.1978,12,536,0.9459,True,0.0237,QUIET,100
kalba,2021-12-06,535,4,2.6814,-0.1684,12,536,0.9981,True,0.0075,QUIET,100
kalba,2021-12-07,526,0,1.8291,-0.2403,12,536,0.9813,True,0.0000,QUIET,100
kalba,2021-12-08,531,20,3.0075,-0.0816,12,536,0.9907,True,0.0377,QUIET,100
kalba,2021-12-09,500,127,4.1130,0.0050,12,536,0.9328,True,0.2540,EXCEED,100
kalba,2021-12-10,398,19,3.4626,-0.2044,12,536,0.7425,True,0.0477,QUIET,100
kalba,2021-12-11,441,15,3.0958,-0.1847,12,536,0.8228,True,0.0340,QUIET,100
kalba,2021-12-12,0,0,,,12,536,0.0000,False,,NODATA,100
kalba,2021-12-13,500,0,1.7887,-0.3316,12,536,0.9328,True,0.0000,QUIET,100
kalba,2021-12-14,534,5,2.3734,-0.1186,12,536,0.9963,True,0.0094,QUIET,100
kalba,2021-12-15,535,3,2.2257,-0.1422,12,536,0.9981,True,0.0056,QUIET,100
kalba,2021-12-16,120,9,3.2889,-0.2203,12,536,0.2239,True,0.0750,QUIET,100
kalba,2021-12-17,35,0,1.8715,-0.2005,12,536,0.0653,False,,NODATA,100
kalba,2021-12-18,193,6,3.0166,-0.3358,12,536,0.3601,True,0.0311,QUIET,100
kalba,2021-12-19,486,4,3.2804,-0.3547,12,536,0.9067,True,0.0082,QUIET,100
kalba,2021-12-20,442,4,2.2920,-0.2152,12,536,0.8246,True,0.0090,QUIET,100
kalba,2021-12-21,0,0,,,12,536,0.0000,False,,NODATA,100
kalba,2021-12-22,535,24,3.1388,-0.1229,12,536,0.9981,True,0.0449,QUIET,100
kalba,2021-12-23,536,31,4.8725,-0.0489,12,536,1.0000,True,0.0578,QUIET,100
kalba,2021-12-24,533,47,3.9174,-0.0560,12,536,0.9944,True,0.0882,QUIET,100
kalba,2021-12-25,15,1,2.2678,0.6401,12,536,0.0280,False,,NODATA,100
kalba,2021-12-26,510,151,4.9760,-0.0242,12,536,0.9515,True,0.2961,EXCEED,100
kalba,2021-12-27,312,19,3.8854,-0.1853,12,536,0.5821,True,0.0609,QUIET,100
kalba,2021-12-28,522,16,3.4621,-0.2484,12,536,0.9739,True,0.0307,QUIET,100
kalba,2021-12-29,111,3,3.2170,-0.4396,12,536,0.2071,True,0.0270,QUIET,100
kalba,2021-12-30,94,15,4.0882,-0.1690,12,536,0.1754,True,0.1596,QUIET,100
kalba,2021-12-31,244,0,1.5938,-0.4987,12,536,0.4552,True,0.0000,QUIET,100
kalba,2022-01-01,0,0,,,1,534,0.0000,False,,NODATA,100
kalba,2022-01-02,80,0,1.0566,-0.5156,1,534,0.1498,True,0.0000,QUIET,100
kalba,2022-01-03,465,4,2.7083,-0.1189,1,534,0.8708,True,0.0086,QUIET,100
kalba,2022-01-04,75,1,2.7655,-0.2335,1,534,0.1404,True,0.0133,QUIET,100
kalba,2022-01-05,185,0,-1.5080,-0.7015,1,534,0.3464,True,0.0000,QUIET,100
kalba,2022-01-06,483,0,1.8493,-0.4415,1,534,0.9045,True,0.0000,QUIET,100
kalba,2022-01-07,394,18,4.2469,-0.2653,1,534,0.7378,True,0.0457,QUIET,100
kalba,2022-01-08,534,3,2.4144,-0.2214,1,534,1.0000,True,0.0056,QUIET,100
kalba,2022-01-09,430,0,1.5502,-0.3028,1,534,0.8052,True,0.0000,QUIET,100
kalba,2022-01-10,485,0,1.4973,-0.3656,1,534,0.9082,True,0.0000,QUIET,100
kalba,2022-01-11,158,0,1.4868,-0.3318,1,534,0.2959,True,0.0000,QUIET,100
kalba,2022-01-12,471,9,3.4385,-0.3457,1,534,0.8820,True,0.0191,QUIET,100
kalba,2022-01-13,188,0,1.8773,-0.5649,1,534,0.3521,True,0.0000,QUIET,100
kalba,2022-01-14,525,8,4.1327,-0.4183,1,534,0.9831,True,0.0152,QUIET,100
kalba,2022-01-15,388,8,3.3365,-0.4162,1,534,0.7266,True,0.0206,QUIET,100
kalba,2022-01-16,0,0,,,1,534,0.0000,False,,NODATA,100
kalba,2022-01-17,0,0,,,1,534,0.0000,False,,NODATA,100
kalba,2022-01-18,129,5,3.6014,-0.1794,1,534,0.2416,True,0.0388,QUIET,100
kalba,2022-01-19,134,4,3.3485,-0.2267,1,534,0.2509,True,0.0299,QUIET,100
kalba,2022-01-20,203,64,7.4126,0.0160,1,534,0.3801,True,0.3153,EXCEED,100
kalba,2022-01-21,1,0,1.3064,0.6767,1,534,0.0019,False,,NODATA,100
kalba,2022-01-22,165,3,4.3689,-0.0818,1,534,0.3090,True,0.0182,QUIET,100
kalba,2022-01-23,519,3,3.6492,-0.3553,1,534,0.9719,True,0.0058,QUIET,100
kalba,2022-01-24,523,21,3.7120,-0.2342,1,534,0.9794,True,0.0402,QUIET,100
kalba,2022-01-25,393,6,2.9550,-0.3127,1,534,0.7360,True,0.0153,QUIET,100
kalba,2022-01-26,532,7,2.9336,-0.2524,1,534,0.9963,True,0.0132,QUIET,100
kalba,2022-01-27,534,15,3.9826,-0.2042,1,534,1.0000,True,0.0281,QUIET,100
kalba,2022-01-28,513,38,5.2476,-0.1923,1,534,0.9607,True,0.0741,QUIET,100
kalba,2022-01-29,529,39,4.3752,-0.0497,1,534,0.9906,True,0.0737,QUIET,100
kalba,2022-01-30,530,7,2.6589,-0.0667,1,534,0.9925,True,0.0132,QUIET,100
kalba,2022-01-31,493,2,2.6436,-0.4721,1,534,0.9232,True,0.0041,QUIET,100
kalba,2022-02-01,212,75,6.5501,0.4420,2,533,0.3977,True,0.3538,EXCEED,100
kalba,2022-02-02,525,7,2.6102,-0.1577,2,533,0.9850,True,0.0133,QUIET,100
kalba,2022-02-03,505,5,3.1066,-0.4335,2,533,0.9475,True,0.0099,QUIET,100
kalba,2022-02-04,531,8,2.3759,-0.1129,2,533,0.9962,True,0.0151,QUIET,100
kalba,2022-02-05,366,225,6.4396,0.4229,2,533,0.6867,True,0.6148,ALERT,100
kalba,2022-02-06,529,30,3.3782,-0.0527,2,533,0.9925,True,0.0567,QUIET,100
kalba,2022-02-07,519,4,3.0123,-0.2385,2,533,0.9737,True,0.0077,QUIET,100
kalba,2022-02-08,527,21,3.0236,-0.2530,2,533,0.9887,True,0.0398,QUIET,100
kalba,2022-02-09,220,5,2.6988,-0.4752,2,533,0.4128,True,0.0227,QUIET,100
kalba,2022-02-10,533,45,4.5614,-0.0079,2,533,1.0000,True,0.0844,QUIET,100
kalba,2022-02-11,533,37,3.2832,-0.0325,2,533,1.0000,True,0.0694,QUIET,100
kalba,2022-02-12,524,67,3.5390,0.2299,2,533,0.9831,True,0.1279,QUIET,100
kalba,2022-02-13,0,0,,,2,533,0.0000,False,,NODATA,100
kalba,2022-02-14,0,0,,,2,533,0.0000,False,,NODATA,100
kalba,2022-02-15,503,16,3.8342,-0.1570,2,533,0.9437,True,0.0318,QUIET,100
kalba,2022-02-16,532,22,3.3705,-0.0659,2,533,0.9981,True,0.0414,QUIET,100
kalba,2022-02-17,20,0,1.0359,0.4622,2,533,0.0375,False,,NODATA,100
kalba,2022-02-18,529,9,3.0107,-0.1652,2,533,0.9925,True,0.0170,QUIET,100
kalba,2022-02-19,533,20,3.6369,-0.0401,2,533,1.0000,True,0.0375,QUIET,100
kalba,2022-02-20,529,134,4.9008,0.2954,2,533,0.9925,True,0.2533,EXCEED,100
kalba,2022-02-21,140,66,5.4127,0.5704,2,533,0.2627,True,0.4714,ALERT,100
kalba,2022-02-22,519,8,3.0129,-0.1474,2,533,0.9737,True,0.0154,QUIET,100
kalba,2022-02-23,520,38,3.2271,0.0291,2,533,0.9756,True,0.0731,QUIET,100
kalba,2022-02-24,350,212,7.3646,0.6073,2,533,0.6567,True,0.6057,ALERT,100
kalba,2022-02-25,513,205,5.9574,0.3242,2,533,0.9625,True,0.3996,ALERT,100
kalba,2022-02-26,530,6,2.6194,-0.1032,2,533,0.9944,True,0.0113,QUIET,100
kalba,2022-02-27,369,167,6.9845,0.4287,2,533,0.6923,True,0.4526,ALERT,100
kalba,2022-02-28,287,168,7.8564,0.5627,2,533,0.5385,True,0.5854,ALERT,100
kalba,2022-03-01,480,150,5.7715,0.5513,3,536,0.8955,True,0.3125,ALERT,100
kalba,2022-03-02,525,120,4.1928,0.5991,3,536,0.9795,True,0.2286,ALERT,100
kalba,2022-03-03,518,26,3.0255,0.4381,3,536,0.9664,True,0.0502,QUIET,100
kalba,2022-03-04,231,12,5.6465,0.3652,3,536,0.4310,True,0.0519,QUIET,100
kalba,2022-03-05,56,10,2.5965,0.5594,3,536,0.1045,True,0.1786,QUIET,100
kalba,2022-03-06,372,55,2.9192,0.5898,3,536,0.6940,True,0.1478,QUIET,100
kalba,2022-03-07,252,7,2.2902,-0.0220,3,536,0.4701,True,0.0278,QUIET,100
kalba,2022-03-08,0,0,,,3,536,0.0000,False,,NODATA,100
kalba,2022-03-09,338,10,3.9095,0.3887,3,536,0.6306,True,0.0296,QUIET,100
kalba,2022-03-10,223,2,2.3937,0.3985,3,536,0.4160,True,0.0090,QUIET,100
kalba,2022-03-11,483,7,4.8602,0.2544,3,536,0.9011,True,0.0145,QUIET,100
kalba,2022-03-12,0,0,,,3,536,0.0000,False,,NODATA,100
kalba,2022-03-13,498,11,6.2485,0.1726,3,536,0.9291,True,0.0221,QUIET,100
kalba,2022-03-14,484,9,7.2695,0.1391,3,536,0.9030,True,0.0186,QUIET,100
kalba,2022-03-15,535,7,7.4105,0.0985,3,536,0.9981,True,0.0131,QUIET,100
kalba,2022-03-16,7,0,1.5609,0.8648,3,536,0.0131,False,,NODATA,100
kalba,2022-03-17,534,0,1.8610,-0.0648,3,536,0.9963,True,0.0000,QUIET,100
kalba,2022-03-18,263,0,1.4651,-0.0144,3,536,0.4907,True,0.0000,QUIET,100
kalba,2022-03-19,499,0,1.5626,-0.1828,3,536,0.9310,True,0.0000,QUIET,100
kalba,2022-03-20,20,7,2.9722,0.8697,3,536,0.0373,False,,NODATA,100
kalba,2022-03-21,527,0,1.7472,-0.1444,3,536,0.9832,True,0.0000,QUIET,100
kalba,2022-03-22,533,10,3.3747,-0.0920,3,536,0.9944,True,0.0188,QUIET,100
kalba,2022-03-23,514,21,3.8250,-0.0217,3,536,0.9590,True,0.0409,QUIET,100
kalba,2022-03-24,38,5,2.3975,0.7625,3,536,0.0709,False,,NODATA,100
kalba,2022-03-25,515,4,3.0815,0.0748,3,536,0.9608,True,0.0078,QUIET,100
kalba,2022-03-26,532,0,1.9109,-0.0659,3,536,0.9925,True,0.0000,QUIET,100
kalba,2022-03-27,398,0,1.8596,-0.1020,3,536,0.7425,True,0.0000,QUIET,100
kalba,2022-03-28,74,4,2.7770,0.7142,3,536,0.1381,True,0.0541,QUIET,100
kalba,2022-03-29,529,3,2.7068,-0.0721,3,536,0.9869,True,0.0057,QUIET,100
kalba,2022-03-30,488,2,2.4582,-0.5429,3,536,0.9104,True,0.0041,QUIET,100
kalba,2022-03-31,381,12,3.3035,-0.0474,3,536,0.7108,True,0.0315,QUIET,100
kalba,2022-04-01,206,2,2.8240,-0.2487,4,536,0.3843,True,0.0097,QUIET,100
kalba,2022-04-02,528,0,1.5506,-0.2893,4,536,0.9851,True,0.0000,QUIET,100
kalba,2022-04-03,520,0,1.1985,-0.3089,4,536,0.9701,True,0.0000,QUIET,100
kalba,2022-04-04,201,0,1.9021,-0.3673,4,536,0.3750,True,0.0000,QUIET,100
kalba,2022-04-05,534,0,1.7858,-0.3079,4,536,0.9963,True,0.0000,QUIET,100
kalba,2022-04-06,492,0,1.9917,-0.3223,4,536,0.9179,True,0.0000,QUIET,100
kalba,2022-04-07,515,0,1.7993,-0.2853,4,536,0.9608,True,0.0000,QUIET,100
kalba,2022-04-08,0,0,,,4,536,0.0000,False,,NODATA,100
kalba,2022-04-09,531,2,2.4879,-0.2445,4,536,0.9907,True,0.0038,QUIET,100
kalba,2022-04-10,208,1,3.4598,-0.3728,4,536,0.3881,True,0.0048,QUIET,100
kalba,2022-04-11,533,3,2.6444,-0.2527,4,536,0.9944,True,0.0056,QUIET,100
kalba,2022-04-12,0,0,,,4,536,0.0000,False,,NODATA,100
kalba,2022-04-13,505,0,0.8983,-0.1224,4,536,0.9422,True,0.0000,QUIET,100
kalba,2022-04-14,61,0,1.7325,0.3081,4,536,0.1138,True,0.0000,QUIET,100
kalba,2022-04-15,320,0,1.1624,-0.3899,4,536,0.5970,True,0.0000,QUIET,100
kalba,2022-04-16,0,0,,,4,536,0.0000,False,,NODATA,100
kalba,2022-04-17,513,0,1.4115,-0.2170,4,536,0.9571,True,0.0000,QUIET,100
kalba,2022-04-18,220,0,1.8681,-0.3390,4,536,0.4104,True,0.0000,QUIET,100
kalba,2022-04-19,496,0,1.7115,-0.2748,4,536,0.9254,True,0.0000,QUIET,100
kalba,2022-04-20,7,1,2.0468,0.9356,4,536,0.0131,False,,NODATA,100
kalba,2022-04-21,520,0,1.1515,-0.4082,4,536,0.9701,True,0.0000,QUIET,100
kalba,2022-04-22,534,0,1.6217,-0.4205,4,536,0.9963,True,0.0000,QUIET,100
kalba,2022-04-23,187,0,0.6488,-0.3829,4,536,0.3489,True,0.0000,QUIET,100
kalba,2022-04-24,37,12,4.5717,0.7368,4,536,0.0690,False,,NODATA,100
kalba,2022-04-25,533,0,1.1262,-0.4775,4,536,0.9944,True,0.0000,QUIET,100
kalba,2022-04-26,531,0,0.9362,-0.4601,4,536,0.9907,True,0.0000,QUIET,100
kalba,2022-04-27,420,0,1.0802,-0.6063,4,536,0.7836,True,0.0000,QUIET,100
kalba,2022-04-28,110,0,1.7777,-0.1869,4,536,0.2052,True,0.0000,QUIET,100
kalba,2022-04-29,530,0,1.6275,-0.3656,4,536,0.9888,True,0.0000,QUIET,100
kalba,2022-04-30,536,1,2.2542,-0.4787,4,536,1.0000,True,0.0019,QUIET,100
kalba,2022-05-01,33,0,1.1704,-0.2889,5,536,0.0616,False,,NODATA,100
kalba,2022-05-02,367,2,3.3501,-0.4290,5,536,0.6847,True,0.0054,QUIET,100
kalba,2022-05-03,297,2,4.1711,-0.5874,5,536,0.5541,True,0.0067,QUIET,100
kalba,2022-05-04,529,5,2.8701,-0.4372,5,536,0.9869,True,0.0095,QUIET,100
kalba,2022-05-05,0,0,,,5,536,0.0000,False,,NODATA,100
kalba,2022-05-06,372,0,1.7522,-0.8250,5,536,0.6940,True,0.0000,QUIET,100
kalba,2022-05-07,133,0,-0.0776,-0.6723,5,536,0.2481,True,0.0000,QUIET,100
kalba,2022-05-08,514,1,2.0937,-0.5106,5,536,0.9590,True,0.0019,QUIET,100
kalba,2022-05-09,0,0,,,5,536,0.0000,False,,NODATA,100
kalba,2022-05-10,528,0,1.8987,-0.4545,5,536,0.9851,True,0.0000,QUIET,100
kalba,2022-05-11,478,3,4.0744,-0.4840,5,536,0.8918,True,0.0063,QUIET,100
kalba,2022-05-12,535,1,2.4665,-0.4489,5,536,0.9981,True,0.0019,QUIET,100
kalba,2022-05-13,0,0,,,5,536,0.0000,False,,NODATA,100
kalba,2022-05-14,531,0,1.6470,-0.4503,5,536,0.9907,True,0.0000,QUIET,100
kalba,2022-05-15,7,3,3.6458,0.7008,5,536,0.0131,False,,NODATA,100
kalba,2022-05-16,493,0,1.9551,-0.5356,5,536,0.9198,True,0.0000,QUIET,100
kalba,2022-05-17,0,0,,,5,536,0.0000,False,,NODATA,100
kalba,2022-05-18,501,0,1.8167,-0.5519,5,536,0.9347,True,0.0000,QUIET,100
kalba,2022-05-19,510,0,1.8513,-0.7080,5,536,0.9515,True,0.0000,QUIET,100
kalba,2022-05-20,371,4,2.3746,-0.6739,5,536,0.6922,True,0.0108,QUIET,100
kalba,2022-05-21,4,0,1.9855,1.0577,5,536,0.0075,False,,NODATA,100
kalba,2022-05-22,531,0,1.4223,-0.5654,5,536,0.9907,True,0.0000,QUIET,100
kalba,2022-05-23,344,2,4.3744,-1.0014,5,536,0.6418,True,0.0058,QUIET,100
kalba,2022-05-24,54,1,2.2294,-0.7868,5,536,0.1007,True,0.0185,QUIET,100
kalba,2022-05-25,9,2,2.5382,0.7208,5,536,0.0168,False,,NODATA,100
kalba,2022-05-26,511,2,2.4766,-0.6000,5,536,0.9534,True,0.0039,QUIET,100
kalba,2022-05-27,345,0,1.7076,-0.9032,5,536,0.6437,True,0.0000,QUIET,100
kalba,2022-05-28,0,0,,,5,536,0.0000,False,,NODATA,100
kalba,2022-05-29,377,1,2.3676,-0.6777,5,536,0.7034,True,0.0027,QUIET,100
kalba,2022-05-30,525,0,1.1617,-0.6161,5,536,0.9795,True,0.0000,QUIET,100
kalba,2022-05-31,532,0,1.4995,-0.6524,5,536,0.9925,True,0.0000,QUIET,100
kalba,2022-06-01,0,0,,,6,536,0.0000,False,,NODATA,100
kalba,2022-06-02,530,0,1.9542,-0.6574,6,536,0.9888,True,0.0000,QUIET,100
kalba,2022-06-03,509,0,1.6363,-0.6997,6,536,0.9496,True,0.0000,QUIET,100
kalba,2022-06-04,530,1,2.6943,-0.6504,6,536,0.9888,True,0.0019,QUIET,100
kalba,2022-06-05,0,0,,,6,536,0.0000,False,,NODATA,100
kalba,2022-06-06,532,1,2.4892,-0.6797,6,536,0.9925,True,0.0019,QUIET,100
kalba,2022-06-07,442,2,2.5148,-0.6694,6,536,0.8246,True,0.0045,QUIET,100
kalba,2022-06-08,486,0,1.8555,-0.6880,6,536,0.9067,True,0.0000,QUIET,100
kalba,2022-06-09,0,0,,,6,536,0.0000,False,,NODATA,100
kalba,2022-06-10,524,0,1.7793,-0.7067,6,536,0.9776,True,0.0000,QUIET,100
kalba,2022-06-11,122,2,2.3823,-0.5863,6,536,0.2276,True,0.0164,QUIET,100
kalba,2022-06-12,154,3,2.6926,-0.6278,6,536,0.2873,True,0.0195,QUIET,100
kalba,2022-06-13,0,0,,,6,536,0.0000,False,,NODATA,100
kalba,2022-06-14,467,3,3.9061,-0.6592,6,536,0.8713,True,0.0064,QUIET,100
kalba,2022-06-15,493,0,1.8357,-0.6652,6,536,0.9198,True,0.0000,QUIET,100
kalba,2022-06-16,451,4,5.2298,-0.6575,6,536,0.8414,True,0.0089,QUIET,100
kalba,2022-06-17,10,0,0.2560,0.7425,6,536,0.0187,False,,NODATA,100
kalba,2022-06-18,423,0,1.2427,-0.9328,6,536,0.7892,True,0.0000,QUIET,100
kalba,2022-06-19,458,1,2.0110,-0.6998,6,536,0.8545,True,0.0022,QUIET,100
kalba,2022-06-20,376,8,3.4869,-0.6612,6,536,0.7015,True,0.0213,QUIET,100
kalba,2022-06-21,81,3,3.2269,0.2636,6,536,0.1511,True,0.0370,QUIET,100
kalba,2022-06-22,414,1,2.7164,-0.6658,6,536,0.7724,True,0.0024,QUIET,100
kalba,2022-06-23,19,0,1.7981,0.7260,6,536,0.0354,False,,NODATA,100
kalba,2022-06-24,0,0,,,6,536,0.0000,False,,NODATA,100
kalba,2022-06-25,81,2,3.7272,-0.6236,6,536,0.1511,True,0.0247,QUIET,100
kalba,2022-06-26,0,0,,,6,536,0.0000,False,,NODATA,100
kalba,2022-06-27,9,0,1.2047,0.6799,6,536,0.0168,False,,NODATA,100
kalba,2022-06-28,0,0,,,6,536,0.0000,False,,NODATA,100
kalba,2022-06-29,56,0,1.4424,-0.7171,6,536,0.1045,True,0.0000,QUIET,100
kalba,2022-06-30,5,0,0.1100,0.8406,6,536,0.0093,False,,NODATA,100
kalba,2022-07-01,22,0,0.0083,-1.2062,7,533,0.0413,False,,NODATA,100
kalba,2022-07-02,0,0,,,7,533,0.0000,False,,NODATA,100
kalba,2022-07-03,135,0,1.1621,-1.2283,7,533,0.2533,True,0.0000,QUIET,100
kalba,2022-07-04,15,0,1.1032,0.7213,7,533,0.0281,False,,NODATA,100
kalba,2022-07-05,0,0,,,7,533,0.0000,False,,NODATA,100
kalba,2022-07-06,0,0,,,7,533,0.0000,False,,NODATA,100
kalba,2022-07-07,6,1,2.0329,0.7466,7,533,0.0113,False,,NODATA,100
kalba,2022-07-08,43,1,2.0306,-0.5154,7,533,0.0807,False,,NODATA,100
kalba,2022-07-09,198,1,2.1317,-0.6374,7,533,0.3715,True,0.0051,QUIET,100
kalba,2022-07-10,0,0,,,7,533,0.0000,False,,NODATA,100
kalba,2022-07-11,85,0,-0.1433,-0.7662,7,533,0.1595,True,0.0000,QUIET,100
kalba,2022-07-12,300,0,0.8997,-0.8761,7,533,0.5629,True,0.0000,QUIET,100
kalba,2022-07-13,52,0,1.6660,-0.8569,7,533,0.0976,False,,NODATA,100
kalba,2022-07-14,18,3,3.0577,0.7342,7,533,0.0338,False,,NODATA,100
kalba,2022-07-15,0,0,,,7,533,0.0000,False,,NODATA,100
kalba,2022-07-16,426,0,1.0043,-1.0558,7,533,0.7992,True,0.0000,QUIET,100
kalba,2022-07-17,0,0,,,7,533,0.0000,False,,NODATA,100
kalba,2022-07-18,15,0,0.7698,0.7073,7,533,0.0281,False,,NODATA,100
kalba,2022-07-19,361,0,1.8916,-0.5560,7,533,0.6773,True,0.0000,QUIET,100
kalba,2022-07-20,233,0,1.3924,-0.5782,7,533,0.4371,True,0.0000,QUIET,100
kalba,2022-07-21,15,0,-0.2939,-0.6692,7,533,0.0281,False,,NODATA,100
kalba,2022-07-22,269,0,1.3410,-0.6939,7,533,0.5047,True,0.0000,QUIET,100
kalba,2022-07-23,67,0,-0.0819,-0.6791,7,533,0.1257,True,0.0000,QUIET,100
kalba,2022-07-24,76,0,0.4483,-1.1675,7,533,0.1426,True,0.0000,QUIET,100
kalba,2022-07-25,0,0,,,7,533,0.0000,False,,NODATA,100
kalba,2022-07-26,0,0,,,7,533,0.0000,False,,NODATA,100
kalba,2022-07-27,45,0,1.2986,-0.8566,7,533,0.0844,False,,NODATA,100
kalba,2022-07-28,90,0,1.3252,-0.6075,7,533,0.1689,True,0.0000,QUIET,100
kalba,2022-07-29,0,0,,,7,533,0.0000,False,,NODATA,100
kalba,2022-07-30,155,21,5.0278,-0.5197,7,533,0.2908,True,0.1355,QUIET,100
kalba,2022-07-31,97,2,4.2458,-0.6427,7,533,0.1820,True,0.0206,QUIET,100
kalba,2022-08-01,405,1,2.3001,-0.6704,8,536,0.7556,True,0.0025,QUIET,100
kalba,2022-08-02,0,0,,,8,536,0.0000,False,,NODATA,100
kalba,2022-08-03,208,2,2.1318,-0.5362,8,536,0.3881,True,0.0096,QUIET,100
kalba,2022-08-04,389,0,1.3406,-0.6811,8,536,0.7257,True,0.0000,QUIET,100
kalba,2022-08-05,362,0,1.8377,-0.6637,8,536,0.6754,True,0.0000,QUIET,100
kalba,2022-08-06,3,0,1.8016,0.9256,8,536,0.0056,False,,NODATA,100
kalba,2022-08-07,387,0,0.9546,-0.6245,8,536,0.7220,True,0.0000,QUIET,100
kalba,2022-08-08,531,1,3.1743,-0.6860,8,536,0.9907,True,0.0019,QUIET,100
kalba,2022-08-09,189,0,-0.1985,-0.6859,8,536,0.3526,True,0.0000,QUIET,100
kalba,2022-08-10,23,4,3.9599,0.7627,8,536,0.0429,False,,NODATA,100
kalba,2022-08-11,153,0,0.9578,-1.1176,8,536,0.2854,True,0.0000,QUIET,100
kalba,2022-08-12,223,0,-0.5994,-0.6864,8,536,0.4160,True,0.0000,QUIET,100
kalba,2022-08-13,0,0,,,8,536,0.0000,False,,NODATA,100
kalba,2022-08-14,131,0,0.8127,-0.6492,8,536,0.2444,True,0.0000,QUIET,100
kalba,2022-08-15,1,0,-2.2547,0.5984,8,536,0.0019,False,,NODATA,100
kalba,2022-08-16,92,0,1.5975,-1.0137,8,536,0.1716,True,0.0000,QUIET,100
kalba,2022-08-17,0,0,,,8,536,0.0000,False,,NODATA,100
kalba,2022-08-18,511,0,1.3158,-0.6895,8,536,0.9534,True,0.0000,QUIET,100
kalba,2022-08-19,517,3,2.8390,-0.6682,8,536,0.9646,True,0.0058,QUIET,100
kalba,2022-08-20,463,0,1.7048,-0.6655,8,536,0.8638,True,0.0000,QUIET,100
kalba,2022-08-21,0,0,,,8,536,0.0000,False,,NODATA,100
kalba,2022-08-22,525,1,2.0242,-0.6776,8,536,0.9795,True,0.0019,QUIET,100
kalba,2022-08-23,507,5,2.5287,-0.6367,8,536,0.9459,True,0.0099,QUIET,100
kalba,2022-08-24,494,0,1.6356,-0.6646,8,536,0.9216,True,0.0000,QUIET,100
kalba,2022-08-25,0,0,,,8,536,0.0000,False,,NODATA,100
kalba,2022-08-26,532,1,3.3702,-0.5986,8,536,0.9925,True,0.0019,QUIET,100
kalba,2022-08-27,110,2,3.5552,-0.0244,8,536,0.2052,True,0.0182,QUIET,100
kalba,2022-08-28,511,1,2.1138,-0.6379,8,536,0.9534,True,0.0020,QUIET,100
kalba,2022-08-29,0,0,,,8,536,0.0000,False,,NODATA,100
kalba,2022-08-30,520,0,1.7052,-0.6857,8,536,0.9701,True,0.0000,QUIET,100
kalba,2022-08-31,424,0,1.7376,-0.6801,8,536,0.7910,True,0.0000,QUIET,100
kalba,2022-09-01,531,2,2.2612,-0.6739,9,536,0.9907,True,0.0038,QUIET,100
kalba,2022-09-02,13,0,1.0716,0.8567,9,536,0.0243,False,,NODATA,100
kalba,2022-09-03,509,2,2.1751,-0.6423,9,536,0.9496,True,0.0039,QUIET,100
kalba,2022-09-04,533,1,2.2447,-0.7021,9,536,0.9944,True,0.0019,QUIET,100
kalba,2022-09-05,522,2,2.4833,-0.7540,9,536,0.9739,True,0.0038,QUIET,100
kalba,2022-09-06,54,6,2.8335,0.6865,9,536,0.1007,True,0.1111,QUIET,100
kalba,2022-09-07,232,0,1.5191,-0.7976,9,536,0.4328,True,0.0000,QUIET,100
kalba,2022-09-08,321,0,1.3112,-0.8114,9,536,0.5989,True,0.0000,QUIET,100
kalba,2022-09-09,465,2,2.1129,-0.7610,9,536,0.8675,True,0.0043,QUIET,100
kalba,2022-09-10,377,2,2.4973,-0.6809,9,536,0.7034,True,0.0053,QUIET,100
kalba,2022-09-11,531,4,2.7249,-0.7396,9,536,0.9907,True,0.0075,QUIET,100
kalba,2022-09-12,533,3,3.0124,-0.7508,9,536,0.9944,True,0.0056,QUIET,100
kalba,2022-09-13,0,0,,,9,536,0.0000,False,,NODATA,100
kalba,2022-09-14,485,6,2.7750,-0.7034,9,536,0.9049,True,0.0124,QUIET,100
kalba,2022-09-15,374,7,3.5601,-0.7578,9,536,0.6978,True,0.0187,QUIET,100
kalba,2022-09-16,510,2,2.5523,-0.8187,9,536,0.9515,True,0.0039,QUIET,100
kalba,2022-09-17,0,0,,,9,536,0.0000,False,,NODATA,100
kalba,2022-09-18,435,0,1.5005,-0.7403,9,536,0.8116,True,0.0000,QUIET,100
kalba,2022-09-19,107,2,2.1397,-0.7231,9,536,0.1996,True,0.0187,QUIET,100
kalba,2022-09-20,285,0,1.5800,-0.6856,9,536,0.5317,True,0.0000,QUIET,100
kalba,2022-09-21,0,0,,,9,536,0.0000,False,,NODATA,100
kalba,2022-09-22,421,0,1.5738,-0.6788,9,536,0.7854,True,0.0000,QUIET,100
kalba,2022-09-23,499,1,4.0344,-0.7465,9,536,0.9310,True,0.0020,QUIET,100
kalba,2022-09-24,522,1,2.1526,-0.7043,9,536,0.9739,True,0.0019,QUIET,100
kalba,2022-09-25,17,2,2.2016,0.7514,9,536,0.0317,False,,NODATA,100
kalba,2022-09-26,387,0,0.3837,-0.7516,9,536,0.7220,True,0.0000,QUIET,100
kalba,2022-09-27,416,0,0.7644,-0.7160,9,536,0.7761,True,0.0000,QUIET,100
kalba,2022-09-28,273,0,-0.5741,-0.8059,9,536,0.5093,True,0.0000,QUIET,100
kalba,2022-09-29,38,2,2.2103,0.6256,9,536,0.0709,False,,NODATA,100
kalba,2022-09-30,504,0,1.8349,-0.7019,9,536,0.9403,True,0.0000,QUIET,100
kalba,2022-10-01,528,0,1.7774,-0.6962,10,536,0.9851,True,0.0000,QUIET,100
kalba,2022-10-02,355,0,1.5446,-0.7570,10,536,0.6623,True,0.0000,QUIET,100
kalba,2022-10-03,169,1,2.2134,-0.2513,10,536,0.3153,True,0.0059,QUIET,100
kalba,2022-10-04,504,0,1.4139,-0.6388,10,536,0.9403,True,0.0000,QUIET,100
kalba,2022-10-05,533,0,1.7028,-0.6226,10,536,0.9944,True,0.0000,QUIET,100
kalba,2022-10-06,488,7,3.2568,-0.6095,10,536,0.9104,True,0.0143,QUIET,100
kalba,2022-10-07,533,1,2.7486,-0.6382,10,536,0.9944,True,0.0019,QUIET,100
kalba,2022-10-08,534,0,1.5132,-0.6179,10,536,0.9963,True,0.0000,QUIET,100
kalba,2022-10-09,0,0,,,10,536,0.0000,False,,NODATA,100
kalba,2022-10-10,223,0,-0.6844,-0.6314,10,536,0.4160,True,0.0000,QUIET,100
kalba,2022-10-11,532,0,1.3807,-0.6213,10,536,0.9925,True,0.0000,QUIET,100
kalba,2022-10-12,534,0,1.3462,-0.6251,10,536,0.9963,True,0.0000,QUIET,100
kalba,2022-10-13,533,0,0.7020,-0.6231,10,536,0.9944,True,0.0000,QUIET,100
kalba,2022-10-14,0,0,,,10,536,0.0000,False,,NODATA,100
kalba,2022-10-15,0,0,,,10,536,0.0000,False,,NODATA,100
kalba,2022-10-16,0,0,,,10,536,0.0000,False,,NODATA,100
kalba,2022-10-17,0,0,,,10,536,0.0000,False,,NODATA,100
kalba,2022-10-18,0,0,,,10,536,0.0000,False,,NODATA,100
kalba,2022-10-19,0,0,,,10,536,0.0000,False,,NODATA,100
kalba,2022-10-20,0,0,,,10,536,0.0000,False,,NODATA,100
kalba,2022-10-21,0,0,,,10,536,0.0000,False,,NODATA,100
kalba,2022-10-22,0,0,,,10,536,0.0000,False,,NODATA,100
kalba,2022-10-23,0,0,,,10,536,0.0000,False,,NODATA,100
kalba,2022-10-24,0,0,,,10,536,0.0000,False,,NODATA,100
kalba,2022-10-25,0,0,,,10,536,0.0000,False,,NODATA,100
kalba,2022-10-26,0,0,,,10,536,0.0000,False,,NODATA,100
kalba,2022-10-27,0,0,,,10,536,0.0000,False,,NODATA,100
kalba,2022-10-28,0,0,,,10,536,0.0000,False,,NODATA,100
kalba,2022-10-29,0,0,,,10,536,0.0000,False,,NODATA,100
kalba,2022-10-30,0,0,,,10,536,0.0000,False,,NODATA,100
kalba,2022-10-31,0,0,,,10,536,0.0000,False,,NODATA,100
kalba,2022-11-01,0,0,,,11,536,0.0000,False,,NODATA,100
kalba,2022-11-02,0,0,,,11,536,0.0000,False,,NODATA,100
kalba,2022-11-03,0,0,,,11,536,0.0000,False,,NODATA,100
kalba,2022-11-04,0,0,,,11,536,0.0000,False,,NODATA,100
kalba,2022-11-05,0,0,,,11,536,0.0000,False,,NODATA,100
kalba,2022-11-06,0,0,,,11,536,0.0000,False,,NODATA,100
kalba,2022-11-07,0,0,,,11,536,0.0000,False,,NODATA,100
kalba,2022-11-08,0,0,,,11,536,0.0000,False,,NODATA,100
kalba,2022-11-09,0,0,,,11,536,0.0000,False,,NODATA,100
kalba,2022-11-10,0,0,,,11,536,0.0000,False,,NODATA,100
kalba,2022-11-11,0,0,,,11,536,0.0000,False,,NODATA,100
kalba,2022-11-12,0,0,,,11,536,0.0000,False,,NODATA,100
kalba,2022-11-13,0,0,,,11,536,0.0000,False,,NODATA,100
kalba,2022-11-14,0,0,,,11,536,0.0000,False,,NODATA,100
kalba,2022-11-15,0,0,,,11,536,0.0000,False,,NODATA,100
kalba,2022-11-16,0,0,,,11,536,0.0000,False,,NODATA,100
kalba,2022-11-17,0,0,,,11,536,0.0000,False,,NODATA,100
kalba,2022-11-18,0,0,,,11,536,0.0000,False,,NODATA,100
kalba,2022-11-19,0,0,,,11,536,0.0000,False,,NODATA,100
kalba,2022-11-20,0,0,,,11,536,0.0000,False,,NODATA,100
kalba,2022-11-21,0,0,,,11,536,0.0000,False,,NODATA,100
kalba,2022-11-22,0,0,,,11,536,0.0000,False,,NODATA,100
kalba,2022-11-23,0,0,,,11,536,0.0000,False,,NODATA,100
kalba,2022-11-24,0,0,,,11,536,0.0000,False,,NODATA,100
kalba,2022-11-25,0,0,,,11,536,0.0000,False,,NODATA,100
kalba,2022-11-26,0,0,,,11,536,0.0000,False,,NODATA,100
kalba,2022-11-27,0,0,,,11,536,0.0000,False,,NODATA,100
kalba,2022-11-28,0,0,,,11,536,0.0000,False,,NODATA,100
kalba,2022-11-29,0,0,,,11,536,0.0000,False,,NODATA,100
kalba,2022-11-30,0,0,,,11,536,0.0000,False,,NODATA,100
kalba,2022-12-01,0,0,,,12,536,0.0000,False,,NODATA,100
kalba,2022-12-02,0,0,,,12,536,0.0000,False,,NODATA,100
kalba,2022-12-03,0,0,,,12,536,0.0000,False,,NODATA,100
kalba,2022-12-04,0,0,,,12,536,0.0000,False,,NODATA,100
kalba,2022-12-05,0,0,,,12,536,0.0000,False,,NODATA,100
kalba,2022-12-06,0,0,,,12,536,0.0000,False,,NODATA,100
kalba,2022-12-07,0,0,,,12,536,0.0000,False,,NODATA,100
kalba,2022-12-08,0,0,,,12,536,0.0000,False,,NODATA,100
kalba,2022-12-09,0,0,,,12,536,0.0000,False,,NODATA,100
kalba,2022-12-10,0,0,,,12,536,0.0000,False,,NODATA,100
kalba,2022-12-11,0,0,,,12,536,0.0000,False,,NODATA,100
kalba,2022-12-12,0,0,,,12,536,0.0000,False,,NODATA,100
kalba,2022-12-13,0,0,,,12,536,0.0000,False,,NODATA,100
kalba,2022-12-14,0,0,,,12,536,0.0000,False,,NODATA,100
kalba,2022-12-15,0,0,,,12,536,0.0000,False,,NODATA,100
kalba,2022-12-16,0,0,,,12,536,0.0000,False,,NODATA,100
kalba,2022-12-17,0,0,,,12,536,0.0000,False,,NODATA,100
kalba,2022-12-18,0,0,,,12,536,0.0000,False,,NODATA,100
kalba,2022-12-19,0,0,,,12,536,0.0000,False,,NODATA,100
kalba,2022-12-20,0,0,,,12,536,0.0000,False,,NODATA,100
kalba,2022-12-21,0,0,,,12,536,0.0000,False,,NODATA,100
kalba,2022-12-22,0,0,,,12,536,0.0000,False,,NODATA,100
kalba,2022-12-23,0,0,,,12,536,0.0000,False,,NODATA,100
kalba,2022-12-24,0,0,,,12,536,0.0000,False,,NODATA,100
kalba,2022-12-25,0,0,,,12,536,0.0000,False,,NODATA,100
kalba,2022-12-26,0,0,,,12,536,0.0000,False,,NODATA,100
kalba,2022-12-27,0,0,,,12,536,0.0000,False,,NODATA,100
kalba,2022-12-28,0,0,,,12,536,0.0000,False,,NODATA,100
kalba,2022-12-29,0,0,,,12,536,0.0000,False,,NODATA,100
kalba,2022-12-30,0,0,,,12,536,0.0000,False,,NODATA,100
kalba,2022-12-31,0,0,,,12,536,0.0000,False,,NODATA,100
kalba,2023-01-01,0,0,,,1,534,0.0000,False,,NODATA,100
kalba,2023-01-02,0,0,,,1,534,0.0000,False,,NODATA,100
kalba,2023-01-03,0,0,,,1,534,0.0000,False,,NODATA,100
kalba,2023-01-04,0,0,,,1,534,0.0000,False,,NODATA,100
kalba,2023-01-05,0,0,,,1,534,0.0000,False,,NODATA,100
kalba,2023-01-06,0,0,,,1,534,0.0000,False,,NODATA,100
kalba,2023-01-07,0,0,,,1,534,0.0000,False,,NODATA,100
kalba,2023-01-08,0,0,,,1,534,0.0000,False,,NODATA,100
kalba,2023-01-09,0,0,,,1,534,0.0000,False,,NODATA,100
kalba,2023-01-10,0,0,,,1,534,0.0000,False,,NODATA,100
kalba,2023-01-11,0,0,,,1,534,0.0000,False,,NODATA,100
kalba,2023-01-12,0,0,,,1,534,0.0000,False,,NODATA,100
kalba,2023-01-13,0,0,,,1,534,0.0000,False,,NODATA,100
kalba,2023-01-14,0,0,,,1,534,0.0000,False,,NODATA,100
kalba,2023-01-15,393,0,1.9057,-0.3260,1,534,0.7360,True,0.0000,QUIET,100
kalba,2023-01-16,530,0,1.8502,-0.2157,1,534,0.9925,True,0.0000,QUIET,100
kalba,2023-01-17,341,2,2.4932,-0.3536,1,534,0.6386,True,0.0059,QUIET,100
kalba,2023-01-18,0,0,,,1,534,0.0000,False,,NODATA,100
kalba,2023-01-19,0,0,,,1,534,0.0000,False,,NODATA,100
kalba,2023-01-20,452,1,2.5568,-0.4564,1,534,0.8464,True,0.0022,QUIET,100
kalba,2023-01-21,191,1,2.8632,-0.6233,1,534,0.3577,True,0.0052,QUIET,100
kalba,2023-01-22,354,0,1.4959,-0.5437,1,534,0.6629,True,0.0000,QUIET,100
kalba,2023-01-23,197,0,1.8119,-0.5504,1,534,0.3689,True,0.0000,QUIET,100
kalba,2023-01-24,109,0,0.6411,-0.5669,1,534,0.2041,True,0.0000,QUIET,100
kalba,2023-01-25,49,0,0.4334,-0.5961,1,534,0.0918,False,,NODATA,100
kalba,2023-01-26,2,0,-2.2336,-0.5840,1,534,0.0037,False,,NODATA,100
kalba,2023-01-27,0,0,,,1,534,0.0000,False,,NODATA,100
kalba,2023-01-28,418,2,3.1316,-0.4333,1,534,0.7828,True,0.0048,QUIET,100
kalba,2023-01-29,471,6,3.2893,-0.3153,1,534,0.8820,True,0.0127,QUIET,100
kalba,2023-01-30,0,0,,,1,534,0.0000,False,,NODATA,100
kalba,2023-01-31,423,15,3.7180,-0.1323,1,534,0.7921,True,0.0355,QUIET,100
kalba,2023-02-01,505,7,2.7487,-0.0394,2,533,0.9475,True,0.0139,QUIET,100
kalba,2023-02-02,225,0,1.2685,-0.2520,2,533,0.4221,True,0.0000,QUIET,100
kalba,2023-02-03,25,0,0.3383,0.6118,2,533,0.0469,False,,NODATA,100
kalba,2023-02-04,516,39,4.1194,0.0414,2,533,0.9681,True,0.0756,QUIET,100
kalba,2023-02-05,528,4,2.8359,-0.2626,2,533,0.9906,True,0.0076,QUIET,100
kalba,2023-02-06,521,2,2.3476,-0.2992,2,533,0.9775,True,0.0038,QUIET,100
kalba,2023-02-07,393,4,2.6067,-0.0109,2,533,0.7373,True,0.0102,QUIET,100
kalba,2023-02-08,372,41,4.9607,0.1045,2,533,0.6979,True,0.1102,QUIET,100
kalba,2023-02-09,533,84,4.4752,0.1813,2,533,1.0000,True,0.1576,QUIET,100
kalba,2023-02-10,127,6,3.3267,-0.2110,2,533,0.2383,True,0.0472,QUIET,100
kalba,2023-02-11,532,48,3.9435,0.0092,2,533,0.9981,True,0.0902,QUIET,100
kalba,2023-02-12,530,95,5.5543,0.2826,2,533,0.9944,True,0.1792,QUIET,100
kalba,2023-02-13,374,178,5.7602,0.5645,2,533,0.7017,True,0.4759,EXCEED,100
kalba,2023-02-14,473,436,8.5671,1.0066,2,533,0.8874,True,0.9218,ALERT,100
kalba,2023-02-15,483,421,8.1353,0.9223,2,533,0.9062,True,0.8716,ALERT,100
kalba,2023-02-16,527,439,9.2980,0.9635,2,533,0.9887,True,0.8330,ALERT,100
kalba,2023-02-17,511,394,8.1814,0.7139,2,533,0.9587,True,0.7710,ALERT,100
kalba,2023-02-18,495,405,6.1103,0.5755,2,533,0.9287,True,0.8182,ALERT,100
kalba,2023-02-19,528,230,5.2359,0.3745,2,533,0.9906,True,0.4356,ALERT,100
kalba,2023-02-20,406,50,5.2166,0.0008,2,533,0.7617,True,0.1232,QUIET,100
kalba,2023-02-21,318,2,3.0063,-0.2111,2,533,0.5966,True,0.0063,QUIET,100
kalba,2023-02-22,81,24,8.0587,0.0528,2,533,0.1520,True,0.2963,ALERT,100
kalba,2023-02-23,524,96,3.8858,0.2056,2,533,0.9831,True,0.1832,QUIET,100
kalba,2023-02-24,532,184,5.5466,0.3189,2,533,0.9981,True,0.3459,ALERT,100
kalba,2023-02-25,305,108,6.6151,0.4661,2,533,0.5722,True,0.3541,ALERT,100
kalba,2023-02-26,0,0,,,2,533,0.0000,False,,NODATA,100
kalba,2023-02-27,520,418,7.7978,0.6861,2,533,0.9756,True,0.8038,ALERT,100
kalba,2023-02-28,458,226,7.4574,0.4444,2,533,0.8593,True,0.4934,ALERT,100
kalba,2023-03-01,306,54,4.4540,0.4530,3,536,0.5709,True,0.1765,QUIET,100
kalba,2023-03-02,0,0,,,3,536,0.0000,False,,NODATA,100
kalba,2023-03-03,475,5,3.1011,0.0600,3,536,0.8862,True,0.0105,QUIET,100
kalba,2023-03-04,474,8,3.9024,-0.0709,3,536,0.8843,True,0.0169,QUIET,100
kalba,2023-03-05,495,0,1.2910,-0.2313,3,536,0.9235,True,0.0000,QUIET,100
kalba,2023-03-06,31,0,1.6277,0.7262,3,536,0.0578,False,,NODATA,100
kalba,2023-03-07,524,1,2.1659,-0.0072,3,536,0.9776,True,0.0019,QUIET,100
kalba,2023-03-08,531,1,2.9902,0.0992,3,536,0.9907,True,0.0019,QUIET,100
kalba,2023-03-09,357,8,3.5512,0.0486,3,536,0.6660,True,0.0224,QUIET,100
kalba,2023-03-10,60,0,1.7549,-0.0645,3,536,0.1119,True,0.0000,QUIET,100
kalba,2023-03-11,392,7,4.0894,0.0410,3,536,0.7313,True,0.0179,QUIET,100
kalba,2023-03-12,533,3,4.3304,0.1281,3,536,0.9944,True,0.0056,QUIET,100
kalba,2023-03-13,0,0,,,3,536,0.0000,False,,NODATA,100
kalba,2023-03-14,176,0,1.3829,-0.1563,3,536,0.3284,True,0.0000,QUIET,100
kalba,2023-03-15,439,0,1.7035,0.1281,3,536,0.8190,True,0.0000,QUIET,100
kalba,2023-03-16,535,1,2.3633,0.2134,3,536,0.9981,True,0.0019,QUIET,100
kalba,2023-03-17,500,167,4.5132,0.5704,3,536,0.9328,True,0.3340,EXCEED,100
kalba,2023-03-18,512,2,2.3800,0.3167,3,536,0.9552,True,0.0039,QUIET,100
kalba,2023-03-19,495,3,2.0840,0.2389,3,536,0.9235,True,0.0061,QUIET,100
kalba,2023-03-20,530,1,2.0111,0.1435,3,536,0.9888,True,0.0019,QUIET,100
kalba,2023-03-21,182,0,1.7016,0.1475,3,536,0.3396,True,0.0000,QUIET,100
kalba,2023-03-22,533,32,3.0149,0.3662,3,536,0.9944,True,0.0600,QUIET,100
kalba,2023-03-23,374,26,3.0016,0.2430,3,536,0.6978,True,0.0695,QUIET,100
kalba,2023-03-24,524,28,3.0269,0.1462,3,536,0.9776,True,0.0534,QUIET,100
kalba,2023-03-25,0,0,,,3,536,0.0000,False,,NODATA,100
kalba,2023-03-26,498,45,3.7246,0.3464,3,536,0.9291,True,0.0904,QUIET,100
kalba,2023-03-27,22,5,4.3356,0.6552,3,536,0.0410,False,,NODATA,100
kalba,2023-03-28,481,124,5.9156,0.4677,3,536,0.8974,True,0.2578,EXCEED,100
kalba,2023-03-29,0,0,,,3,536,0.0000,False,,NODATA,100
kalba,2023-03-30,534,29,3.3873,0.1255,3,536,0.9963,True,0.0543,QUIET,100
kalba,2023-03-31,517,27,3.4251,0.1012,3,536,0.9646,True,0.0522,QUIET,100
kalba,2023-04-01,439,91,7.4082,0.3482,4,536,0.8190,True,0.2073,ALERT,100
kalba,2023-04-02,0,0,,,4,536,0.0000,False,,NODATA,100
kalba,2023-04-03,533,6,2.8140,0.0446,4,536,0.9944,True,0.0113,QUIET,100
kalba,2023-04-04,359,6,3.2690,-0.0435,4,536,0.6698,True,0.0167,QUIET,100
kalba,2023-04-05,527,2,2.1963,-0.0785,4,536,0.9832,True,0.0038,QUIET,100
kalba,2023-04-06,16,5,4.5300,0.9032,4,536,0.0299,False,,NODATA,100
kalba,2023-04-07,453,47,4.8658,0.2600,4,536,0.8451,True,0.1038,QUIET,100
kalba,2023-04-08,503,77,3.9960,0.3652,4,536,0.9384,True,0.1531,QUIET,100
kalba,2023-04-09,404,42,5.4759,0.2851,4,536,0.7537,True,0.1040,QUIET,100
kalba,2023-04-10,47,19,4.9438,0.7838,4,536,0.0877,False,,NODATA,100
kalba,2023-04-11,289,19,3.7431,-0.2372,4,536,0.5392,True,0.0657,QUIET,100
kalba,2023-04-12,446,22,3.6650,0.2675,4,536,0.8321,True,0.0493,QUIET,100
kalba,2023-04-13,87,13,4.6426,0.0009,4,536,0.1623,True,0.1494,QUIET,100
kalba,2023-04-14,201,11,2.9562,0.2410,4,536,0.3750,True,0.0547,QUIET,100
kalba,2023-04-15,447,21,3.9556,0.2804,4,536,0.8340,True,0.0470,QUIET,100
kalba,2023-04-16,526,18,3.2456,0.1944,4,536,0.9813,True,0.0342,QUIET,100
kalba,2023-04-17,200,0,1.8537,0.0743,4,536,0.3731,True,0.0000,QUIET,100
kalba,2023-04-18,121,8,3.2954,-0.0007,4,536,0.2257,True,0.0661,QUIET,100
kalba,2023-04-19,497,8,3.6145,-0.0254,4,536,0.9272,True,0.0161,QUIET,100
kalba,2023-04-20,489,7,2.3660,-0.0130,4,536,0.9123,True,0.0143,QUIET,100
kalba,2023-04-21,0,0,,,4,536,0.0000,False,,NODATA,100
kalba,2023-04-22,529,18,3.8105,0.0111,4,536,0.9869,True,0.0340,QUIET,100
kalba,2023-04-23,517,17,3.9535,-0.0401,4,536,0.9646,True,0.0329,QUIET,100
kalba,2023-04-24,480,12,4.4333,0.0539,4,536,0.8955,True,0.0250,QUIET,100
kalba,2023-04-25,0,0,,,4,536,0.0000,False,,NODATA,100
kalba,2023-04-26,482,19,4.0107,0.1946,4,536,0.8993,True,0.0394,QUIET,100
kalba,2023-04-27,456,0,1.2840,-0.0325,4,536,0.8507,True,0.0000,QUIET,100
kalba,2023-04-28,534,14,3.4999,0.1981,4,536,0.9963,True,0.0262,QUIET,100
kalba,2023-04-29,0,0,,,4,536,0.0000,False,,NODATA,100
kalba,2023-04-30,0,0,,,4,536,0.0000,False,,NODATA,100
kalba,2023-05-01,0,0,,,5,536,0.0000,False,,NODATA,100
kalba,2023-05-02,534,226,5.3858,0.1043,5,536,0.9963,True,0.4232,EXCEED,100
kalba,2023-05-03,0,0,,,5,536,0.0000,False,,NODATA,100
kalba,2023-05-04,535,83,4.8719,-0.0269,5,536,0.9981,True,0.1551,QUIET,100
kalba,2023-05-05,526,47,5.3998,-0.1152,5,536,0.9813,True,0.0894,QUIET,100
kalba,2023-05-06,509,101,4.3234,-0.0486,5,536,0.9496,True,0.1984,ALERT,100
kalba,2023-05-07,11,4,3.9299,0.9318,5,536,0.0205,False,,NODATA,100
kalba,2023-05-08,0,0,,,5,536,0.0000,False,,NODATA,100
kalba,2023-05-09,0,0,,,5,536,0.0000,False,,NODATA,100
kalba,2023-05-10,504,136,4.3611,-0.0199,5,536,0.9403,True,0.2698,ALERT,100
kalba,2023-05-11,37,8,3.0295,0.7492,5,536,0.0690,False,,NODATA,100
kalba,2023-05-12,534,62,3.9245,-0.1382,5,536,0.9963,True,0.1161,QUIET,100
kalba,2023-05-13,534,67,4.1641,-0.1520,5,536,0.9963,True,0.1255,QUIET,100
kalba,2023-05-14,215,77,6.2652,0.0015,5,536,0.4011,True,0.3581,ALERT,100
kalba,2023-05-15,111,9,3.5018,0.2894,5,536,0.2071,True,0.0811,QUIET,100
kalba,2023-05-16,509,24,3.0093,-0.1454,5,536,0.9496,True,0.0472,QUIET,100
kalba,2023-05-17,536,29,3.4743,-0.1604,5,536,1.0000,True,0.0541,QUIET,100
kalba,2023-05-18,0,0,,,5,536,0.0000,False,,NODATA,100
kalba,2023-05-19,532,12,3.1935,-0.2816,5,536,0.9925,True,0.0226,QUIET,100
kalba,2023-05-20,473,15,4.0231,-0.3119,5,536,0.8825,True,0.0317,QUIET,100
kalba,2023-05-21,117,0,1.2763,-0.5138,5,536,0.2183,True,0.0000,QUIET,100
kalba,2023-05-22,0,0,,,5,536,0.0000,False,,NODATA,100
kalba,2023-05-23,498,2,2.3649,-0.3058,5,536,0.9291,True,0.0040,QUIET,100
kalba,2023-05-24,0,0,,,5,536,0.0000,False,,NODATA,100
kalba,2023-05-25,507,5,2.8179,-0.4236,5,536,0.9459,True,0.0099,QUIET,100
kalba,2023-05-26,0,0,,,5,536,0.0000,False,,NODATA,100
kalba,2023-05-27,0,0,,,5,536,0.0000,False,,NODATA,100
kalba,2023-05-28,136,9,3.6711,-0.0247,5,536,0.2537,True,0.0662,QUIET,100
kalba,2023-05-29,516,9,3.2461,-0.5699,5,536,0.9627,True,0.0174,QUIET,100
kalba,2023-05-30,0,0,,,5,536,0.0000,False,,NODATA,100
kalba,2023-05-31,479,3,2.4628,-0.4275,5,536,0.8937,True,0.0063,QUIET,100
kalba,2023-06-01,373,11,4.2295,-0.4632,6,536,0.6959,True,0.0295,QUIET,100
kalba,2023-06-02,508,89,3.9547,-0.4852,6,536,0.9478,True,0.1752,QUIET,100
kalba,2023-06-03,3,0,0.5794,0.7559,6,536,0.0056,False,,NODATA,100
kalba,2023-06-04,535,33,4.7172,-0.5517,6,536,0.9981,True,0.0617,QUIET,100
kalba,2023-06-05,534,37,5.3795,-0.5515,6,536,0.9963,True,0.0693,QUIET,100
kalba,2023-06-06,505,38,5.6236,-0.5932,6,536,0.9422,True,0.0752,QUIET,100
kalba,2023-06-07,41,11,4.8463,0.7717,6,536,0.0765,False,,NODATA,100
kalba,2023-06-08,536,13,4.4629,-0.6332,6,536,1.0000,True,0.0243,QUIET,100
kalba,2023-06-09,535,14,3.7112,-0.6149,6,536,0.9981,True,0.0262,QUIET,100
kalba,2023-06-10,218,1,2.8897,-0.6268,6,536,0.4067,True,0.0046,QUIET,100
kalba,2023-06-11,345,23,4.8758,-0.4510,6,536,0.6437,True,0.0667,QUIET,100
kalba,2023-06-12,473,12,4.3081,-0.5903,6,536,0.8825,True,0.0254,QUIET,100
kalba,2023-06-13,513,12,3.8174,-0.5330,6,536,0.9571,True,0.0234,QUIET,100
kalba,2023-06-14,0,0,,,6,536,0.0000,False,,NODATA,100
kalba,2023-06-15,504,19,4.9393,-0.5351,6,536,0.9403,True,0.0377,QUIET,100
kalba,2023-06-16,0,0,,,6,536,0.0000,False,,NODATA,100
kalba,2023-06-17,437,14,5.5350,-0.6292,6,536,0.8153,True,0.0320,QUIET,100
kalba,2023-06-18,0,0,,,6,536,0.0000,False,,NODATA,100
kalba,2023-06-19,121,1,2.1057,-0.6527,6,536,0.2257,True,0.0083,QUIET,100
kalba,2023-06-20,26,3,2.5698,0.7914,6,536,0.0485,False,,NODATA,100
kalba,2023-06-21,518,9,3.5255,-0.6851,6,536,0.9664,True,0.0174,QUIET,100
kalba,2023-06-22,0,0,,,6,536,0.0000,False,,NODATA,100
kalba,2023-06-23,204,1,2.3517,-0.5457,6,536,0.3806,True,0.0049,QUIET,100
kalba,2023-06-24,201,1,2.9265,-0.6097,6,536,0.3750,True,0.0050,QUIET,100
kalba,2023-06-25,6,0,1.0262,0.7545,6,536,0.0112,False,,NODATA,100
kalba,2023-06-26,0,0,,,6,536,0.0000,False,,NODATA,100
kalba,2023-06-27,73,0,0.5997,-0.6582,6,536,0.1362,True,0.0000,QUIET,100
kalba,2023-06-28,0,0,,,6,536,0.0000,False,,NODATA,100
kalba,2023-06-29,0,0,,,6,536,0.0000,False,,NODATA,100
kalba,2023-06-30,10,0,0.1955,0.7552,6,536,0.0187,False,,NODATA,100
kalba,2023-07-01,470,77,9.8536,-0.3809,7,533,0.8818,True,0.1638,QUIET,100
kalba,2023-07-02,433,57,10.2954,-0.5892,7,533,0.8124,True,0.1316,QUIET,100
kalba,2023-07-03,3,0,-0.4078,-0.7276,7,533,0.0056,False,,NODATA,100
kalba,2023-07-04,38,0,0.4531,0.6555,7,533,0.0713,False,,NODATA,100
kalba,2023-07-05,0,0,,,7,533,0.0000,False,,NODATA,100
kalba,2023-07-06,416,0,0.8330,-0.8845,7,533,0.7805,True,0.0000,QUIET,100
kalba,2023-07-07,0,0,,,7,533,0.0000,False,,NODATA,100
kalba,2023-07-08,0,0,,,7,533,0.0000,False,,NODATA,100
kalba,2023-07-09,1,0,-0.2552,0.8189,7,533,0.0019,False,,NODATA,100
kalba,2023-07-10,9,0,0.0744,0.7365,7,533,0.0169,False,,NODATA,100
kalba,2023-07-11,0,0,,,7,533,0.0000,False,,NODATA,100
kalba,2023-07-12,98,2,2.4692,-0.7056,7,533,0.1839,True,0.0204,QUIET,100
kalba,2023-07-13,0,0,,,7,533,0.0000,False,,NODATA,100
kalba,2023-07-14,0,0,,,7,533,0.0000,False,,NODATA,100
kalba,2023-07-15,0,0,,,7,533,0.0000,False,,NODATA,100
kalba,2023-07-16,69,0,0.1097,-1.0711,7,533,0.1295,True,0.0000,QUIET,100
kalba,2023-07-17,22,1,2.2958,0.8055,7,533,0.0413,False,,NODATA,100
kalba,2023-07-18,218,0,1.5218,-0.9775,7,533,0.4090,True,0.0000,QUIET,100
kalba,2023-07-19,0,0,,,7,533,0.0000,False,,NODATA,100
kalba,2023-07-20,310,0,1.0152,-0.8691,7,533,0.5816,True,0.0000,QUIET,100
kalba,2023-07-21,0,0,,,7,533,0.0000,False,,NODATA,100
kalba,2023-07-22,0,0,,,7,533,0.0000,False,,NODATA,100
kalba,2023-07-23,0,0,,,7,533,0.0000,False,,NODATA,100
kalba,2023-07-24,8,0,-2.1099,-0.9321,7,533,0.0150,False,,NODATA,100
kalba,2023-07-25,0,0,,,7,533,0.0000,False,,NODATA,100
kalba,2023-07-26,188,17,8.6956,-0.5581,7,533,0.3527,True,0.0904,QUIET,100
kalba,2023-07-27,16,4,3.6129,0.9567,7,533,0.0300,False,,NODATA,100
kalba,2023-07-28,305,26,4.5805,-0.5002,7,533,0.5722,True,0.0852,QUIET,100
kalba,2023-07-29,11,1,2.5043,-0.5997,7,533,0.0206,False,,NODATA,100
kalba,2023-07-30,5,0,-0.2426,-0.6952,7,533,0.0094,False,,NODATA,100
kalba,2023-07-31,122,0,1.2349,-0.4941,7,533,0.2289,True,0.0000,QUIET,100
kalba,2023-08-01,374,4,3.1721,-0.6274,8,536,0.6978,True,0.0107,QUIET,100
kalba,2023-08-02,0,0,,,8,536,0.0000,False,,NODATA,100
kalba,2023-08-03,0,0,,,8,536,0.0000,False,,NODATA,100
kalba,2023-08-04,0,0,,,8,536,0.0000,False,,NODATA,100
kalba,2023-08-05,0,0,,,8,536,0.0000,False,,NODATA,100
kalba,2023-08-06,0,0,,,8,536,0.0000,False,,NODATA,100
kalba,2023-08-07,0,0,,,8,536,0.0000,False,,NODATA,100
kalba,2023-08-08,0,0,,,8,536,0.0000,False,,NODATA,100
kalba,2023-08-09,23,0,1.0926,0.8205,8,536,0.0429,False,,NODATA,100
kalba,2023-08-10,0,0,,,8,536,0.0000,False,,NODATA,100
kalba,2023-08-11,0,0,,,8,536,0.0000,False,,NODATA,100
kalba,2023-08-12,0,0,,,8,536,0.0000,False,,NODATA,100
kalba,2023-08-13,0,0,,,8,536,0.0000,False,,NODATA,100
kalba,2023-08-14,0,0,,,8,536,0.0000,False,,NODATA,100
kalba,2023-08-15,0,0,,,8,536,0.0000,False,,NODATA,100
kalba,2023-08-16,0,0,,,8,536,0.0000,False,,NODATA,100
kalba,2023-08-17,264,2,2.5223,-0.7565,8,536,0.4925,True,0.0076,QUIET,100
kalba,2023-08-18,395,0,-0.6258,-0.9385,8,536,0.7369,True,0.0000,QUIET,100
kalba,2023-08-19,3,0,0.5535,0.9425,8,536,0.0056,False,,NODATA,100
kalba,2023-08-20,509,0,1.5052,-0.5453,8,536,0.9496,True,0.0000,QUIET,100
kalba,2023-08-21,0,0,,,8,536,0.0000,False,,NODATA,100
kalba,2023-08-22,463,0,1.6450,-0.6248,8,536,0.8638,True,0.0000,QUIET,100
kalba,2023-08-23,0,0,,,8,536,0.0000,False,,NODATA,100
kalba,2023-08-24,421,2,3.0964,-0.7225,8,536,0.7854,True,0.0048,QUIET,100
kalba,2023-08-25,533,0,1.3738,-0.5936,8,536,0.9944,True,0.0000,QUIET,100
kalba,2023-08-26,339,0,1.0898,-0.6569,8,536,0.6325,True,0.0000,QUIET,100
kalba,2023-08-27,0,0,,,8,536,0.0000,False,,NODATA,100
kalba,2023-08-28,228,0,1.2349,-0.6191,8,536,0.4254,True,0.0000,QUIET,100
kalba,2023-08-29,0,0,,,8,536,0.0000,False,,NODATA,100
kalba,2023-08-30,0,0,,,8,536,0.0000,False,,NODATA,100
kalba,2023-08-31,356,0,1.6699,-0.7177,8,536,0.6642,True,0.0000,QUIET,100
kalba,2023-09-01,2,0,-1.1202,-0.6861,9,536,0.0037,False,,NODATA,100
kalba,2023-09-02,208,10,4.9175,-0.6150,9,536,0.3881,True,0.0481,QUIET,100
kalba,2023-09-03,0,0,,,9,536,0.0000,False,,NODATA,100
kalba,2023-09-04,188,12,3.5782,-0.5132,9,536,0.3507,True,0.0638,QUIET,100
kalba,2023-09-05,81,5,3.2755,-0.5865,9,536,0.1511,True,0.0617,QUIET,100
kalba,2023-09-06,473,16,3.7757,-0.5113,9,536,0.8825,True,0.0338,QUIET,100
kalba,2023-09-07,0,0,,,9,536,0.0000,False,,NODATA,100
kalba,2023-09-08,524,12,4.1463,-0.5121,9,536,0.9776,True,0.0229,QUIET,100
kalba,2023-09-09,0,0,,,9,536,0.0000,False,,NODATA,100
kalba,2023-09-10,443,1,2.4888,-0.6105,9,536,0.8265,True,0.0023,QUIET,100
kalba,2023-09-11,0,0,,,9,536,0.0000,False,,NODATA,100
kalba,2023-09-12,0,0,,,9,536,0.0000,False,,NODATA,100
kalba,2023-09-13,0,0,,,9,536,0.0000,False,,NODATA,100
kalba,2023-09-14,0,0,,,9,536,0.0000,False,,NODATA,100
kalba,2023-09-15,21,0,0.1633,0.7370,9,536,0.0392,False,,NODATA,100
kalba,2023-09-16,215,0,1.8388,-0.5986,9,536,0.4011,True,0.0000,QUIET,100
kalba,2023-09-17,0,0,,,9,536,0.0000,False,,NODATA,100
kalba,2023-09-18,0,0,,,9,536,0.0000,False,,NODATA,100
kalba,2023-09-19,103,6,2.9326,0.1403,9,536,0.1922,True,0.0583,QUIET,100
kalba,2023-09-20,0,0,,,9,536,0.0000,False,,NODATA,100
kalba,2023-09-21,474,6,2.6516,-0.5104,9,536,0.8843,True,0.0127,QUIET,100
kalba,2023-09-22,104,0,1.4404,-0.6304,9,536,0.1940,True,0.0000,QUIET,100
kalba,2023-09-23,0,0,,,9,536,0.0000,False,,NODATA,100
kalba,2023-09-24,504,12,3.1077,-0.5264,9,536,0.9403,True,0.0238,QUIET,100
kalba,2023-09-25,527,6,2.9127,-0.4758,9,536,0.9832,True,0.0114,QUIET,100
kalba,2023-09-26,175,4,4.4574,-0.6974,9,536,0.3265,True,0.0229,QUIET,100
kalba,2023-09-27,536,11,2.5727,-0.5126,9,536,1.0000,True,0.0205,QUIET,100
kalba,2023-09-28,0,0,,,9,536,0.0000,False,,NODATA,100
kalba,2023-09-29,535,4,2.2904,-0.5854,9,536,0.9981,True,0.0075,QUIET,100
kalba,2023-09-30,0,0,,,9,536,0.0000,False,,NODATA,100
kalba,2023-10-01,0,0,,,10,536,0.0000,False,,NODATA,100
kalba,2023-10-02,535,0,1.1911,-0.6593,10,536,0.9981,True,0.0000,QUIET,100
kalba,2023-10-03,535,0,1.5095,-0.6556,10,536,0.9981,True,0.0000,QUIET,100
kalba,2023-10-04,18,0,1.8099,0.8026,10,536,0.0336,False,,NODATA,100
kalba,2023-10-05,535,0,0.9073,-0.5721,10,536,0.9981,True,0.0000,QUIET,100
kalba,2023-10-06,536,0,1.0697,-0.6227,10,536,1.0000,True,0.0000,QUIET,100
kalba,2023-10-07,428,0,0.8966,-0.6601,10,536,0.7985,True,0.0000,QUIET,100
kalba,2023-10-08,48,13,2.8361,0.7002,10,536,0.0896,False,,NODATA,100
kalba,2023-10-09,512,6,3.1466,-0.5162,10,536,0.9552,True,0.0117,QUIET,100
kalba,2023-10-10,505,0,1.2292,-0.5464,10,536,0.9422,True,0.0000,QUIET,100
kalba,2023-10-11,413,3,2.4634,-0.6146,10,536,0.7705,True,0.0073,QUIET,100
kalba,2023-10-12,111,5,2.9071,-0.1847,10,536,0.2071,True,0.0450,QUIET,100
kalba,2023-10-13,525,2,2.6690,-0.5174,10,536,0.9795,True,0.0038,QUIET,100
kalba,2023-10-14,87,2,2.8166,0.3299,10,536,0.1623,True,0.0230,QUIET,100
kalba,2023-10-15,105,3,3.1676,-0.5039,10,536,0.1959,True,0.0286,QUIET,100
kalba,2023-10-16,483,10,2.3562,-0.5504,10,536,0.9011,True,0.0207,QUIET,100
kalba,2023-10-17,534,4,2.1423,-0.4674,10,536,0.9963,True,0.0075,QUIET,100
kalba,2023-10-18,0,0,,,10,536,0.0000,False,,NODATA,100
kalba,2023-10-19,0,0,,,10,536,0.0000,False,,NODATA,100
kalba,2023-10-20,0,0,,,10,536,0.0000,False,,NODATA,100
kalba,2023-10-21,0,0,,,10,536,0.0000,False,,NODATA,100
kalba,2023-10-22,0,0,,,10,536,0.0000,False,,NODATA,100
kalba,2023-10-23,0,0,,,10,536,0.0000,False,,NODATA,100
kalba,2023-10-24,441,5,2.3877,-0.5329,10,536,0.8228,True,0.0113,QUIET,100
kalba,2023-10-25,473,3,2.6566,-0.5423,10,536,0.8825,True,0.0063,QUIET,100
kalba,2023-10-26,59,0,0.0630,-0.5810,10,536,0.1101,True,0.0000,QUIET,100
kalba,2023-10-27,0,0,,,10,536,0.0000,False,,NODATA,100
kalba,2023-10-28,522,2,2.6848,-0.5459,10,536,0.9739,True,0.0038,QUIET,100
kalba,2023-10-29,536,2,2.2819,-0.5450,10,536,1.0000,True,0.0037,QUIET,100
kalba,2023-10-30,523,1,2.1903,-0.5741,10,536,0.9757,True,0.0019,QUIET,100
kalba,2023-10-31,27,0,1.0085,0.7218,10,536,0.0504,False,,NODATA,100
kalba,2023-11-01,429,6,4.2234,-0.5901,11,536,0.8004,True,0.0140,QUIET,100
kalba,2023-11-02,535,3,3.5383,-0.5341,11,536,0.9981,True,0.0056,QUIET,100
kalba,2023-11-03,327,16,5.3007,-0.6229,11,536,0.6101,True,0.0489,QUIET,100
kalba,2023-11-04,384,0,1.6718,-0.4834,11,536,0.7164,True,0.0000,QUIET,100
kalba,2023-11-05,518,0,0.9910,-0.6126,11,536,0.9664,True,0.0000,QUIET,100
kalba,2023-11-06,535,0,1.7824,-0.5229,11,536,0.9981,True,0.0000,QUIET,100
kalba,2023-11-07,472,0,1.8696,-0.7139,11,536,0.8806,True,0.0000,QUIET,100
barka,2018-01-01,0,0,,,1,573,0.0000,False,,NODATA,100
barka,2018-01-02,0,0,,,1,573,0.0000,False,,NODATA,100
barka,2018-01-03,571,74,4.1178,0.1072,1,573,0.9965,True,0.1296,QUIET,100
barka,2018-01-04,270,3,3.1622,-0.0958,1,573,0.4712,True,0.0111,QUIET,100
barka,2018-01-05,0,0,,,1,573,0.0000,False,,NODATA,100
barka,2018-01-06,0,0,,,1,573,0.0000,False,,NODATA,100
barka,2018-01-07,568,38,2.8416,0.0445,1,573,0.9913,True,0.0669,QUIET,100
barka,2018-01-08,118,32,4.3108,0.2060,1,573,0.2059,True,0.2712,EXCEED,100
barka,2018-01-09,0,0,,,1,573,0.0000,False,,NODATA,100
barka,2018-01-10,0,0,,,1,573,0.0000,False,,NODATA,100
barka,2018-01-11,570,4,2.8691,-0.1826,1,573,0.9948,True,0.0070,QUIET,100
barka,2018-01-12,0,0,,,1,573,0.0000,False,,NODATA,100
barka,2018-01-13,0,0,,,1,573,0.0000,False,,NODATA,100
barka,2018-01-14,0,0,,,1,573,0.0000,False,,NODATA,100
barka,2018-01-15,572,11,2.4609,-0.0018,1,573,0.9983,True,0.0192,QUIET,100
barka,2018-01-16,0,0,,,1,573,0.0000,False,,NODATA,100
barka,2018-01-17,0,0,,,1,573,0.0000,False,,NODATA,100
barka,2018-01-18,13,0,1.3038,0.2693,1,573,0.0227,False,,NODATA,100
barka,2018-01-19,410,0,1.3184,-0.2736,1,573,0.7155,True,0.0000,QUIET,100
barka,2018-01-20,0,0,,,1,573,0.0000,False,,NODATA,100
barka,2018-01-21,0,0,,,1,573,0.0000,False,,NODATA,100
barka,2018-01-22,58,1,3.0818,-0.1383,1,573,0.1012,True,0.0172,QUIET,100
barka,2018-01-23,569,1,2.0695,-0.1001,1,573,0.9930,True,0.0018,QUIET,100
barka,2018-01-24,0,0,,,1,573,0.0000,False,,NODATA,100
barka,2018-01-25,0,0,,,1,573,0.0000,False,,NODATA,100
barka,2018-01-26,357,3,3.4094,-0.1483,1,573,0.6230,True,0.0084,QUIET,100
barka,2018-01-27,570,2,2.2402,-0.1113,1,573,0.9948,True,0.0035,QUIET,100
barka,2018-01-28,0,0,,,1,573,0.0000,False,,NODATA,100
barka,2018-01-29,0,0,,,1,573,0.0000,False,,NODATA,100
barka,2018-01-30,489,56,5.5408,-0.0563,1,573,0.8534,True,0.1145,QUIET,100
barka,2018-01-31,400,16,5.4621,-0.1505,1,573,0.6981,True,0.0400,QUIET,100
barka,2018-02-01,0,0,,,2,571,0.0000,False,,NODATA,100
barka,2018-02-02,0,0,,,2,571,0.0000,False,,NODATA,100
barka,2018-02-03,293,1,2.2836,-0.3359,2,571,0.5131,True,0.0034,QUIET,100
barka,2018-02-04,559,0,1.7533,-0.0749,2,571,0.9790,True,0.0000,QUIET,100
barka,2018-02-05,0,0,,,2,571,0.0000,False,,NODATA,100
barka,2018-02-06,0,0,,,2,571,0.0000,False,,NODATA,100
barka,2018-02-07,570,7,2.3003,0.0888,2,571,0.9982,True,0.0123,QUIET,100
barka,2018-02-08,0,0,,,2,571,0.0000,False,,NODATA,100
barka,2018-02-09,0,0,,,2,571,0.0000,False,,NODATA,100
barka,2018-02-10,0,0,,,2,571,0.0000,False,,NODATA,100
barka,2018-02-11,542,30,3.6621,0.0518,2,571,0.9492,True,0.0554,QUIET,100
barka,2018-02-12,0,0,,,2,571,0.0000,False,,NODATA,100
barka,2018-02-13,0,0,,,2,571,0.0000,False,,NODATA,100
barka,2018-02-14,0,0,,,2,571,0.0000,False,,NODATA,100
barka,2018-02-15,479,41,4.5476,0.0551,2,571,0.8389,True,0.0856,QUIET,100
barka,2018-02-16,0,0,,,2,571,0.0000,False,,NODATA,100
barka,2018-02-17,0,0,,,2,571,0.0000,False,,NODATA,100
barka,2018-02-18,144,79,6.7029,0.7699,2,571,0.2522,True,0.5486,EXCEED,100
barka,2018-02-19,560,17,3.5641,0.2263,2,571,0.9807,True,0.0304,QUIET,100
barka,2018-02-20,0,0,,,2,571,0.0000,False,,NODATA,100
barka,2018-02-21,0,0,,,2,571,0.0000,False,,NODATA,100
barka,2018-02-22,5,2,3.7608,0.4622,2,571,0.0088,False,,NODATA,100
barka,2018-02-23,454,0,1.4888,0.0386,2,571,0.7951,True,0.0000,QUIET,100
barka,2018-02-24,0,0,,,2,571,0.0000,False,,NODATA,100
barka,2018-02-25,0,0,,,2,571,0.0000,False,,NODATA,100
barka,2018-02-26,444,91,3.7727,0.3363,2,571,0.7776,True,0.2050,EXCEED,100
barka,2018-02-27,3,2,2.4348,0.6205,2,571,0.0053,False,,NODATA,100
barka,2018-02-28,0,0,,,2,571,0.0000,False,,NODATA,100
barka,2018-03-01,0,0,,,3,573,0.0000,False,,NODATA,100
barka,2018-03-02,193,31,2.7459,0.5348,3,573,0.3368,True,0.1606,QUIET,100
barka,2018-03-03,568,5,2.2346,0.4030,3,573,0.9913,True,0.0088,QUIET,100
barka,2018-03-04,0,0,,,3,573,0.0000,False,,NODATA,100
barka,2018-03-05,0,0,,,3,573,0.0000,False,,NODATA,100
barka,2018-03-06,503,6,3.1286,0.1302,3,573,0.8778,True,0.0119,QUIET,100
barka,2018-03-07,0,0,,,3,573,0.0000,False,,NODATA,100
barka,2018-03-08,0,0,,,3,573,0.0000,False,,NODATA,100
barka,2018-03-09,0,0,,,3,573,0.0000,False,,NODATA,100
barka,2018-03-10,566,7,2.2472,0.3151,3,573,0.9878,True,0.0124,QUIET,100
barka,2018-03-11,0,0,,,3,573,0.0000,False,,NODATA,100
barka,2018-03-12,0,0,,,3,573,0.0000,False,,NODATA,100
barka,2018-03-13,0,0,,,3,573,0.0000,False,,NODATA,100
barka,2018-03-14,557,1,2.2456,0.2769,3,573,0.9721,True,0.0018,QUIET,100
barka,2018-03-15,0,0,,,3,573,0.0000,False,,NODATA,100
barka,2018-03-16,0,0,,,3,573,0.0000,False,,NODATA,100
barka,2018-03-17,0,0,,,3,573,0.0000,False,,NODATA,100
barka,2018-03-18,548,0,1.4285,-0.1335,3,573,0.9564,True,0.0000,QUIET,100
barka,2018-03-19,0,0,,,3,573,0.0000,False,,NODATA,100
barka,2018-03-20,0,0,,,3,573,0.0000,False,,NODATA,100
barka,2018-03-21,0,0,,,3,573,0.0000,False,,NODATA,100
barka,2018-03-22,570,1,2.2935,-0.0058,3,573,0.9948,True,0.0018,QUIET,100
barka,2018-03-23,0,0,,,3,573,0.0000,False,,NODATA,100
barka,2018-03-24,0,0,,,3,573,0.0000,False,,NODATA,100
barka,2018-03-25,14,0,1.4119,-0.0511,3,573,0.0244,False,,NODATA,100
barka,2018-03-26,569,0,0.6413,-0.0997,3,573,0.9930,True,0.0000,QUIET,100
barka,2018-03-27,0,0,,,3,573,0.0000,False,,NODATA,100
barka,2018-03-28,0,0,,,3,573,0.0000,False,,NODATA,100
barka,2018-03-29,271,0,1.2038,-0.1802,3,573,0.4729,True,0.0000,QUIET,100
barka,2018-03-30,569,0,0.8321,-0.1664,3,573,0.9930,True,0.0000,QUIET,100
barka,2018-03-31,0,0,,,3,573,0.0000,False,,NODATA,100
barka,2018-04-01,0,0,,,4,573,0.0000,False,,NODATA,100
barka,2018-04-02,44,3,2.2194,0.4819,4,573,0.0768,False,,NODATA,100
barka,2018-04-03,0,0,,,4,573,0.0000,False,,NODATA,100
barka,2018-04-04,0,0,,,4,573,0.0000,False,,NODATA,100
barka,2018-04-05,0,0,,,4,573,0.0000,False,,NODATA,100
barka,2018-04-06,563,0,1.5910,-0.1558,4,573,0.9825,True,0.0000,QUIET,100
barka,2018-04-07,0,0,,,4,573,0.0000,False,,NODATA,100
barka,2018-04-08,0,0,,,4,573,0.0000,False,,NODATA,100
barka,2018-04-09,0,0,,,4,573,0.0000,False,,NODATA,100
barka,2018-04-10,481,0,1.1645,-0.2293,4,573,0.8394,True,0.0000,QUIET,100
barka,2018-04-11,0,0,,,4,573,0.0000,False,,NODATA,100
barka,2018-04-12,0,0,,,4,573,0.0000,False,,NODATA,100
barka,2018-04-13,0,0,,,4,573,0.0000,False,,NODATA,100
barka,2018-04-14,235,0,1.6300,-0.4626,4,573,0.4101,True,0.0000,QUIET,100
barka,2018-04-15,0,0,,,4,573,0.0000,False,,NODATA,100
barka,2018-04-16,0,0,,,4,573,0.0000,False,,NODATA,100
barka,2018-04-17,0,0,,,4,573,0.0000,False,,NODATA,100
barka,2018-04-18,421,0,1.0287,-0.3662,4,573,0.7347,True,0.0000,QUIET,100
barka,2018-04-19,0,0,,,4,573,0.0000,False,,NODATA,100
barka,2018-04-20,0,0,,,4,573,0.0000,False,,NODATA,100
barka,2018-04-21,0,0,,,4,573,0.0000,False,,NODATA,100
barka,2018-04-22,562,0,1.6614,-0.4107,4,573,0.9808,True,0.0000,QUIET,100
barka,2018-04-23,0,0,,,4,573,0.0000,False,,NODATA,100
barka,2018-04-24,0,0,,,4,573,0.0000,False,,NODATA,100
barka,2018-04-25,54,0,1.8221,-0.1005,4,573,0.0942,False,,NODATA,100
barka,2018-04-26,287,0,0.3313,-0.4917,4,573,0.5009,True,0.0000,QUIET,100
barka,2018-04-27,0,0,,,4,573,0.0000,False,,NODATA,100
barka,2018-04-28,0,0,,,4,573,0.0000,False,,NODATA,100
barka,2018-04-29,290,0,0.2973,-0.4471,4,573,0.5061,True,0.0000,QUIET,100
barka,2018-04-30,0,0,,,4,573,0.0000,False,,NODATA,100
barka,2018-05-01,0,0,,,5,573,0.0000,False,,NODATA,100
barka,2018-05-02,0,0,,,5,573,0.0000,False,,NODATA,100
barka,2018-05-03,479,2,3.0220,-0.5604,5,573,0.8360,True,0.0042,QUIET,100
barka,2018-05-04,0,0,,,5,573,0.0000,False,,NODATA,100
barka,2018-05-05,0,0,,,5,573,0.0000,False,,NODATA,100
barka,2018-05-06,0,0,,,5,573,0.0000,False,,NODATA,100
barka,2018-05-07,571,0,1.6738,-0.5274,5,573,0.9965,True,0.0000,QUIET,100
barka,2018-05-08,0,0,,,5,573,0.0000,False,,NODATA,100
barka,2018-05-09,0,0,,,5,573,0.0000,False,,NODATA,100
barka,2018-05-10,0,0,,,5,573,0.0000,False,,NODATA,100
barka,2018-05-11,544,0,0.1855,-0.5500,5,573,0.9494,True,0.0000,QUIET,100
barka,2018-05-12,0,0,,,5,573,0.0000,False,,NODATA,100
barka,2018-05-13,0,0,,,5,573,0.0000,False,,NODATA,100
barka,2018-05-14,0,0,,,5,573,0.0000,False,,NODATA,100
barka,2018-05-15,508,0,0.3328,-0.4576,5,573,0.8866,True,0.0000,QUIET,100
barka,2018-05-16,0,0,,,5,573,0.0000,False,,NODATA,100
barka,2018-05-17,0,0,,,5,573,0.0000,False,,NODATA,100
barka,2018-05-18,0,0,,,5,573,0.0000,False,,NODATA,100
barka,2018-05-19,554,0,1.7040,-0.5570,5,573,0.9668,True,0.0000,QUIET,100
barka,2018-05-20,0,0,,,5,573,0.0000,False,,NODATA,100
barka,2018-05-21,0,0,,,5,573,0.0000,False,,NODATA,100
barka,2018-05-22,0,0,,,5,573,0.0000,False,,NODATA,100
barka,2018-05-23,568,0,1.3177,-0.6190,5,573,0.9913,True,0.0000,QUIET,100
barka,2018-05-24,0,0,,,5,573,0.0000,False,,NODATA,100
barka,2018-05-25,0,0,,,5,573,0.0000,False,,NODATA,100
barka,2018-05-26,207,7,3.2411,-0.7134,5,573,0.3613,True,0.0338,QUIET,100
barka,2018-05-27,0,0,,,5,573,0.0000,False,,NODATA,100
barka,2018-05-28,0,0,,,5,573,0.0000,False,,NODATA,100
barka,2018-05-29,0,0,,,5,573,0.0000,False,,NODATA,100
barka,2018-05-30,528,0,0.1947,-0.7338,5,573,0.9215,True,0.0000,QUIET,100
barka,2018-05-31,0,0,,,5,573,0.0000,False,,NODATA,100
barka,2018-06-01,0,0,,,6,572,0.0000,False,,NODATA,100
barka,2018-06-02,0,0,,,6,572,0.0000,False,,NODATA,100
barka,2018-06-03,366,0,1.2715,-0.6153,6,572,0.6399,True,0.0000,QUIET,100
barka,2018-06-04,0,0,,,6,572,0.0000,False,,NODATA,100
barka,2018-06-05,0,0,,,6,572,0.0000,False,,NODATA,100
barka,2018-06-06,0,0,,,6,572,0.0000,False,,NODATA,100
barka,2018-06-07,539,7,2.7333,-0.6635,6,572,0.9423,True,0.0130,QUIET,100
barka,2018-06-08,0,0,,,6,572,0.0000,False,,NODATA,100
barka,2018-06-09,0,0,,,6,572,0.0000,False,,NODATA,100
barka,2018-06-10,0,0,,,6,572,0.0000,False,,NODATA,100
barka,2018-06-11,567,37,6.7981,-0.4573,6,572,0.9913,True,0.0653,QUIET,100
barka,2018-06-12,0,0,,,6,572,0.0000,False,,NODATA,100
barka,2018-06-13,0,0,,,6,572,0.0000,False,,NODATA,100
barka,2018-06-14,0,0,,,6,572,0.0000,False,,NODATA,100
barka,2018-06-15,548,9,2.7530,-0.5463,6,572,0.9580,True,0.0164,QUIET,100
barka,2018-06-16,0,0,,,6,572,0.0000,False,,NODATA,100
barka,2018-06-17,0,0,,,6,572,0.0000,False,,NODATA,100
barka,2018-06-18,0,0,,,6,572,0.0000,False,,NODATA,100
barka,2018-06-19,348,0,1.6424,-0.5917,6,572,0.6084,True,0.0000,QUIET,100
barka,2018-06-20,0,0,,,6,572,0.0000,False,,NODATA,100
barka,2018-06-21,0,0,,,6,572,0.0000,False,,NODATA,100
barka,2018-06-22,0,0,,,6,572,0.0000,False,,NODATA,100
barka,2018-06-23,0,0,,,6,572,0.0000,False,,NODATA,100
barka,2018-06-24,0,0,,,6,572,0.0000,False,,NODATA,100
barka,2018-06-25,0,0,,,6,572,0.0000,False,,NODATA,100
barka,2018-06-26,454,0,0.9720,-0.6255,6,572,0.7937,True,0.0000,QUIET,100
barka,2018-06-27,0,0,,,6,572,0.0000,False,,NODATA,100
barka,2018-06-28,0,0,,,6,572,0.0000,False,,NODATA,100
barka,2018-06-29,0,0,,,6,572,0.0000,False,,NODATA,100
barka,2018-06-30,231,9,6.5563,-0.5976,6,572,0.4038,True,0.0390,QUIET,100
barka,2018-07-01,0,0,,,7,569,0.0000,False,,NODATA,100
barka,2018-07-02,0,0,,,7,569,0.0000,False,,NODATA,100
barka,2018-07-03,0,0,,,7,569,0.0000,False,,NODATA,100
barka,2018-07-04,144,0,-0.0535,-0.5872,7,569,0.2531,True,0.0000,QUIET,100
barka,2018-07-05,0,0,,,7,569,0.0000,False,,NODATA,100
barka,2018-07-06,0,0,,,7,569,0.0000,False,,NODATA,100
barka,2018-07-07,0,0,,,7,569,0.0000,False,,NODATA,100
barka,2018-07-08,0,0,,,7,569,0.0000,False,,NODATA,100
barka,2018-07-09,0,0,,,7,569,0.0000,False,,NODATA,100
barka,2018-07-10,0,0,,,7,569,0.0000,False,,NODATA,100
barka,2018-07-11,0,0,,,7,569,0.0000,False,,NODATA,100
barka,2018-07-12,423,0,0.9057,-0.4680,7,569,0.7434,True,0.0000,QUIET,100
barka,2018-07-13,0,0,,,7,569,0.0000,False,,NODATA,100
barka,2018-07-14,0,0,,,7,569,0.0000,False,,NODATA,100
barka,2018-07-15,105,6,2.9392,-0.4053,7,569,0.1845,True,0.0571,QUIET,100
barka,2018-07-16,225,93,5.4623,-0.1874,7,569,0.3954,True,0.4133,EXCEED,100
barka,2018-07-17,0,0,,,7,569,0.0000,False,,NODATA,100
barka,2018-07-18,0,0,,,7,569,0.0000,False,,NODATA,100
barka,2018-07-19,80,19,3.6364,-0.1733,7,569,0.1406,True,0.2375,ALERT,100
barka,2018-07-20,0,0,,,7,569,0.0000,False,,NODATA,100
barka,2018-07-21,0,0,,,7,569,0.0000,False,,NODATA,100
barka,2018-07-22,0,0,,,7,569,0.0000,False,,NODATA,100
barka,2018-07-23,76,17,3.3097,0.4902,7,569,0.1336,True,0.2237,ALERT,100
barka,2018-07-24,0,0,,,7,569,0.0000,False,,NODATA,100
barka,2018-07-25,0,0,,,7,569,0.0000,False,,NODATA,100
barka,2018-07-26,0,0,,,7,569,0.0000,False,,NODATA,100
barka,2018-07-27,566,8,2.3761,-0.3603,7,569,0.9947,True,0.0141,QUIET,100
barka,2018-07-28,0,0,,,7,569,0.0000,False,,NODATA,100
barka,2018-07-29,0,0,,,7,569,0.0000,False,,NODATA,100
barka,2018-07-30,0,0,,,7,569,0.0000,False,,NODATA,100
barka,2018-07-31,55,28,9.0710,0.5602,7,569,0.0967,False,,NODATA,100
barka,2018-08-01,0,0,,,8,570,0.0000,False,,NODATA,100
barka,2018-08-02,0,0,,,8,570,0.0000,False,,NODATA,100
barka,2018-08-03,0,0,,,8,570,0.0000,False,,NODATA,100
barka,2018-08-04,438,56,5.2115,-0.1880,8,570,0.7684,True,0.1279,QUIET,100
barka,2018-08-05,0,0,,,8,570,0.0000,False,,NODATA,100
barka,2018-08-06,0,0,,,8,570,0.0000,False,,NODATA,100
barka,2018-08-07,0,0,,,8,570,0.0000,False,,NODATA,100
barka,2018-08-08,0,0,,,8,570,0.0000,False,,NODATA,100
barka,2018-08-09,0,0,,,8,570,0.0000,False,,NODATA,100
barka,2018-08-10,0,0,,,8,570,0.0000,False,,NODATA,100
barka,2018-08-11,121,54,7.0100,-0.0189,8,570,0.2123,True,0.4463,EXCEED,100
barka,2018-08-12,196,49,5.7126,-0.1082,8,570,0.3439,True,0.2500,ALERT,100
barka,2018-08-13,0,0,,,8,570,0.0000,False,,NODATA,100
barka,2018-08-14,0,0,,,8,570,0.0000,False,,NODATA,100
barka,2018-08-15,109,58,5.7339,0.4937,8,570,0.1912,True,0.5321,ALERT,100
barka,2018-08-16,0,0,,,8,570,0.0000,False,,NODATA,100
barka,2018-08-17,0,0,,,8,570,0.0000,False,,NODATA,100
barka,2018-08-18,0,0,,,8,570,0.0000,False,,NODATA,100
barka,2018-08-19,201,49,4.6631,-0.4259,8,570,0.3526,True,0.2438,ALERT,100
barka,2018-08-20,0,0,,,8,570,0.0000,False,,NODATA,100
barka,2018-08-21,0,0,,,8,570,0.0000,False,,NODATA,100
barka,2018-08-22,0,0,,,8,570,0.0000,False,,NODATA,100
barka,2018-08-23,233,7,3.1395,-0.3894,8,570,0.4088,True,0.0300,QUIET,100
barka,2018-08-24,0,0,,,8,570,0.0000,False,,NODATA,100
barka,2018-08-25,0,0,,,8,570,0.0000,False,,NODATA,100
barka,2018-08-26,0,0,,,8,570,0.0000,False,,NODATA,100
barka,2018-08-27,308,55,5.8205,-0.0798,8,570,0.5404,True,0.1786,QUIET,100
barka,2018-08-28,0,0,,,8,570,0.0000,False,,NODATA,100
barka,2018-08-29,0,0,,,8,570,0.0000,False,,NODATA,100
barka,2018-08-30,0,0,,,8,570,0.0000,False,,NODATA,100
barka,2018-08-31,435,66,5.1223,-0.2290,8,570,0.7632,True,0.1517,QUIET,100
barka,2018-09-01,0,0,,,9,573,0.0000,False,,NODATA,100
barka,2018-09-02,0,0,,,9,573,0.0000,False,,NODATA,100
barka,2018-09-03,4,4,3.6372,-0.0923,9,573,0.0070,False,,NODATA,100
barka,2018-09-04,228,51,6.0092,-0.2550,9,573,0.3979,True,0.2237,EXCEED,100
barka,2018-09-05,0,0,,,9,573,0.0000,False,,NODATA,100
barka,2018-09-06,0,0,,,9,573,0.0000,False,,NODATA,100
barka,2018-09-07,290,242,10.5543,-0.1610,9,573,0.5061,True,0.8345,ALERT,100
barka,2018-09-08,263,199,11.2213,-0.0828,9,573,0.4590,True,0.7567,ALERT,100
barka,2018-09-09,0,0,,,9,573,0.0000,False,,NODATA,100
barka,2018-09-10,0,0,,,9,573,0.0000,False,,NODATA,100
barka,2018-09-11,479,245,11.7349,-0.0773,9,573,0.8360,True,0.5115,ALERT,100
barka,2018-09-12,0,0,,,9,573,0.0000,False,,NODATA,100
barka,2018-09-13,0,0,,,9,573,0.0000,False,,NODATA,100
barka,2018-09-14,0,0,,,9,573,0.0000,False,,NODATA,100
barka,2018-09-15,464,294,9.6970,0.1883,9,573,0.8098,True,0.6336,ALERT,100
barka,2018-09-16,0,0,,,9,573,0.0000,False,,NODATA,100
barka,2018-09-17,0,0,,,9,573,0.0000,False,,NODATA,100
barka,2018-09-18,0,0,,,9,573,0.0000,False,,NODATA,100
barka,2018-09-19,553,189,5.8663,-0.1190,9,573,0.9651,True,0.3418,ALERT,100
barka,2018-09-20,0,0,,,9,573,0.0000,False,,NODATA,100
barka,2018-09-21,0,0,,,9,573,0.0000,False,,NODATA,100
barka,2018-09-22,0,0,,,9,573,0.0000,False,,NODATA,100
barka,2018-09-23,568,171,9.9375,-0.2313,9,573,0.9913,True,0.3011,ALERT,100
barka,2018-09-24,0,0,,,9,573,0.0000,False,,NODATA,100
barka,2018-09-25,0,0,,,9,573,0.0000,False,,NODATA,100
barka,2018-09-26,0,0,,,9,573,0.0000,False,,NODATA,100
barka,2018-09-27,508,82,9.5762,-0.3215,9,573,0.8866,True,0.1614,QUIET,100
barka,2018-09-28,0,0,,,9,573,0.0000,False,,NODATA,100
barka,2018-09-29,0,0,,,9,573,0.0000,False,,NODATA,100
barka,2018-09-30,49,31,8.0575,0.4684,9,573,0.0855,False,,NODATA,100
barka,2018-10-01,564,151,16.1211,-0.2656,10,574,0.9826,True,0.2677,EXCEED,100
barka,2018-10-02,0,0,,,10,574,0.0000,False,,NODATA,100
barka,2018-10-03,0,0,,,10,574,0.0000,False,,NODATA,100
barka,2018-10-04,418,85,6.5961,-0.2950,10,574,0.7282,True,0.2033,ALERT,100
barka,2018-10-05,568,79,5.7162,-0.3011,10,574,0.9895,True,0.1391,QUIET,100
barka,2018-10-06,0,0,,,10,574,0.0000,False,,NODATA,100
barka,2018-10-07,0,0,,,10,574,0.0000,False,,NODATA,100
barka,2018-10-08,447,90,6.0271,-0.2586,10,574,0.7787,True,0.2013,ALERT,100
barka,2018-10-09,0,0,,,10,574,0.0000,False,,NODATA,100
barka,2018-10-10,0,0,,,10,574,0.0000,False,,NODATA,100
barka,2018-10-11,0,0,,,10,574,0.0000,False,,NODATA,100
barka,2018-10-12,571,84,4.8894,-0.2932,10,574,0.9948,True,0.1471,QUIET,100
barka,2018-10-13,0,0,,,10,574,0.0000,False,,NODATA,100
barka,2018-10-14,0,0,,,10,574,0.0000,False,,NODATA,100
barka,2018-10-15,0,0,,,10,574,0.0000,False,,NODATA,100
barka,2018-10-16,490,26,3.4293,-0.3122,10,574,0.8537,True,0.0531,QUIET,100
barka,2018-10-17,0,0,,,10,574,0.0000,False,,NODATA,100
barka,2018-10-18,0,0,,,10,574,0.0000,False,,NODATA,100
barka,2018-10-19,183,0,1.1659,-0.4365,10,574,0.3188,True,0.0000,QUIET,100
barka,2018-10-20,546,2,2.0682,-0.3033,10,574,0.9512,True,0.0037,QUIET,100
barka,2018-10-21,0,0,,,10,574,0.0000,False,,NODATA,100
barka,2018-10-22,0,0,,,10,574,0.0000,False,,NODATA,100
barka,2018-10-23,162,3,2.8450,-0.2191,10,574,0.2822,True,0.0185,QUIET,100
barka,2018-10-24,561,0,1.7557,-0.3558,10,574,0.9774,True,0.0000,QUIET,100
barka,2018-10-25,0,0,,,10,574,0.0000,False,,NODATA,100
barka,2018-10-26,0,0,,,10,574,0.0000,False,,NODATA,100
barka,2018-10-27,498,13,2.8346,-0.3497,10,574,0.8676,True,0.0261,QUIET,100
barka,2018-10-28,511,53,3.8189,-0.2567,10,574,0.8902,True,0.1037,QUIET,100
barka,2018-10-29,0,0,,,10,574,0.0000,False,,NODATA,100
barka,2018-10-30,0,0,,,10,574,0.0000,False,,NODATA,100
barka,2018-10-31,508,0,1.5491,-0.3625,10,574,0.8850,True,0.0000,QUIET,100
barka,2018-11-01,483,6,2.9177,-0.2684,11,573,0.8429,True,0.0124,QUIET,100
barka,2018-11-02,0,0,,,11,573,0.0000,False,,NODATA,100
barka,2018-11-03,0,0,,,11,573,0.0000,False,,NODATA,100
barka,2018-11-04,563,70,3.5958,-0.0666,11,573,0.9825,True,0.1243,QUIET,100
barka,2018-11-05,0,0,,,11,573,0.0000,False,,NODATA,100
barka,2018-11-06,0,0,,,11,573,0.0000,False,,NODATA,100
barka,2018-11-07,0,0,,,11,573,0.0000,False,,NODATA,100
barka,2018-11-08,569,74,3.8370,-0.0737,11,573,0.9930,True,0.1301,QUIET,100
barka,2018-11-09,0,0,,,11,573,0.0000,False,,NODATA,100
barka,2018-11-10,0,0,,,11,573,0.0000,False,,NODATA,100
barka,2018-11-11,13,1,4.3083,0.0614,11,573,0.0227,False,,NODATA,100
barka,2018-11-12,562,22,2.5924,-0.0891,11,573,0.9808,True,0.0391,QUIET,100
barka,2018-11-13,0,0,,,11,573,0.0000,False,,NODATA,100
barka,2018-11-14,0,0,,,11,573,0.0000,False,,NODATA,100
barka,2018-11-15,203,1,2.3172,-0.1837,11,573,0.3543,True,0.0049,QUIET,100
barka,2018-11-16,509,20,2.7624,-0.0747,11,573,0.8883,True,0.0393,QUIET,100
barka,2018-11-17,0,0,,,11,573,0.0000,False,,NODATA,100
barka,2018-11-18,0,0,,,11,573,0.0000,False,,NODATA,100
barka,2018-11-19,568,29,3.0949,-0.1285,11,573,0.9913,True,0.0511,QUIET,100
barka,2018-11-20,571,75,3.5182,-0.0042,11,573,0.9965,True,0.1313,QUIET,100
barka,2018-11-21,0,0,,,11,573,0.0000,False,,NODATA,100
barka,2018-11-22,0,0,,,11,573,0.0000,False,,NODATA,100
barka,2018-11-23,556,21,3.6486,-0.1248,11,573,0.9703,True,0.0378,QUIET,100
barka,2018-11-24,534,50,4.7031,-0.0696,11,573,0.9319,True,0.0936,QUIET,100
barka,2018-11-25,0,0,,,11,573,0.0000,False,,NODATA,100
barka,2018-11-26,0,0,,,11,573,0.0000,False,,NODATA,100
barka,2018-11-27,300,1,2.5897,-0.2437,11,573,0.5236,True,0.0033,QUIET,100
barka,2018-11-28,323,1,3.0695,-0.1782,11,573,0.5637,True,0.0031,QUIET,100
barka,2018-11-29,0,0,,,11,573,0.0000,False,,NODATA,100
barka,2018-11-30,0,0,,,11,573,0.0000,False,,NODATA,100
barka,2018-12-01,565,105,4.9925,0.0401,12,573,0.9860,True,0.1858,QUIET,100
barka,2018-12-02,0,0,,,12,573,0.0000,False,,NODATA,100
barka,2018-12-03,0,0,,,12,573,0.0000,False,,NODATA,100
barka,2018-12-04,0,0,,,12,573,0.0000,False,,NODATA,100
barka,2018-12-05,563,53,3.2485,-0.0006,12,573,0.9825,True,0.0941,QUIET,100
barka,2018-12-06,0,0,,,12,573,0.0000,False,,NODATA,100
barka,2018-12-07,0,0,,,12,573,0.0000,False,,NODATA,100
barka,2018-12-08,13,0,1.9212,0.1699,12,573,0.0227,False,,NODATA,100
barka,2018-12-09,571,284,4.0639,0.1507,12,573,0.9965,True,0.4974,EXCEED,100
barka,2018-12-10,0,0,,,12,573,0.0000,False,,NODATA,100
barka,2018-12-11,0,0,,,12,573,0.0000,False,,NODATA,100
barka,2018-12-12,302,36,3.7100,-0.0394,12,573,0.5271,True,0.1192,QUIET,100
barka,2018-12-13,570,123,4.2953,0.0381,12,573,0.9948,True,0.2158,ALERT,100
barka,2018-12-14,0,0,,,12,573,0.0000,False,,NODATA,100
barka,2018-12-15,0,0,,,12,573,0.0000,False,,NODATA,100
barka,2018-12-16,473,10,3.2170,-0.2034,12,573,0.8255,True,0.0211,QUIET,100
barka,2018-12-17,572,92,3.7253,0.0338,12,573,0.9983,True,0.1608,QUIET,100
barka,2018-12-18,0,0,,,12,573,0.0000,False,,NODATA,100
barka,2018-12-19,0,0,,,12,573,0.0000,False,,NODATA,100
barka,2018-12-20,573,51,4.0840,-0.0039,12,573,1.0000,True,0.0890,QUIET,100
barka,2018-12-21,567,146,5.4292,0.0718,12,573,0.9895,True,0.2575,EXCEED,100
barka,2018-12-22,0,0,,,12,573,0.0000,False,,NODATA,100
barka,2018-12-23,0,0,,,12,573,0.0000,False,,NODATA,100
barka,2018-12-24,340,8,3.1128,-0.1569,12,573,0.5934,True,0.0235,QUIET,100
barka,2018-12-25,481,6,5.0652,-0.2351,12,573,0.8394,True,0.0125,QUIET,100
barka,2018-12-26,0,0,,,12,573,0.0000,False,,NODATA,100
barka,2018-12-27,0,0,,,12,573,0.0000,False,,NODATA,100
barka,2018-12-28,308,30,4.5381,-0.1252,12,573,0.5375,True,0.0974,QUIET,100
barka,2018-12-29,0,0,,,12,573,0.0000,False,,NODATA,100
barka,2018-12-30,0,0,,,12,573,0.0000,False,,NODATA,100
barka,2018-12-31,0,0,,,12,573,0.0000,False,,NODATA,100
barka,2019-01-01,563,26,2.4502,0.0611,1,573,0.9825,True,0.0462,QUIET,100
barka,2019-01-02,0,0,,,1,573,0.0000,False,,NODATA,100
barka,2019-01-03,0,0,,,1,573,0.0000,False,,NODATA,100
barka,2019-01-04,14,4,3.5889,0.4377,1,573,0.0244,False,,NODATA,100
barka,2019-01-05,543,35,2.6420,0.0817,1,573,0.9476,True,0.0645,QUIET,100
barka,2019-01-06,0,0,,,1,573,0.0000,False,,NODATA,100
barka,2019-01-07,0,0,,,1,573,0.0000,False,,NODATA,100
barka,2019-01-08,63,6,3.3528,0.5619,1,573,0.1099,True,0.0952,QUIET,100
barka,2019-01-09,571,136,3.5248,0.1838,1,573,0.9965,True,0.2382,EXCEED,100
barka,2019-01-10,0,0,,,1,573,0.0000,False,,NODATA,100
barka,2019-01-11,0,0,,,1,573,0.0000,False,,NODATA,100
barka,2019-01-12,520,8,2.9882,-0.1269,1,573,0.9075,True,0.0154,QUIET,100
barka,2019-01-13,571,11,2.3016,0.0457,1,573,0.9965,True,0.0193,QUIET,100
barka,2019-01-14,0,0,,,1,573,0.0000,False,,NODATA,100
barka,2019-01-15,0,0,,,1,573,0.0000,False,,NODATA,100
barka,2019-01-16,571,45,2.9484,0.1076,1,573,0.9965,True,0.0788,QUIET,100
barka,2019-01-17,549,51,3.5022,0.0350,1,573,0.9581,True,0.0929,QUIET,100
barka,2019-01-18,0,0,,,1,573,0.0000,False,,NODATA,100
barka,2019-01-19,0,0,,,1,573,0.0000,False,,NODATA,100
barka,2019-01-20,483,44,3.1581,-0.0766,1,573,0.8429,True,0.0911,QUIET,100
barka,2019-01-21,294,12,2.6339,-0.1646,1,573,0.5131,True,0.0408,QUIET,100
barka,2019-01-22,0,0,,,1,573,0.0000,False,,NODATA,100
barka,2019-01-23,0,0,,,1,573,0.0000,False,,NODATA,100
barka,2019-01-24,571,0,1.5832,-0.2933,1,573,0.9965,True,0.0000,QUIET,100
barka,2019-01-25,0,0,,,1,573,0.0000,False,,NODATA,100
barka,2019-01-26,0,0,,,1,573,0.0000,False,,NODATA,100
barka,2019-01-27,0,0,,,1,573,0.0000,False,,NODATA,100
barka,2019-01-28,559,10,2.5468,-0.0046,1,573,0.9756,True,0.0179,QUIET,100
barka,2019-01-29,0,0,,,1,573,0.0000,False,,NODATA,100
barka,2019-01-30,0,0,,,1,573,0.0000,False,,NODATA,100
barka,2019-01-31,0,0,,,1,573,0.0000,False,,NODATA,100
barka,2019-02-01,567,3,2.6191,0.1107,2,571,0.9930,True,0.0053,QUIET,100
barka,2019-02-02,0,0,,,2,571,0.0000,False,,NODATA,100
barka,2019-02-03,0,0,,,2,571,0.0000,False,,NODATA,100
barka,2019-02-04,301,17,2.5980,0.1984,2,571,0.5271,True,0.0565,QUIET,100
barka,2019-02-05,476,1,2.1458,-0.0366,2,571,0.8336,True,0.0021,QUIET,100
barka,2019-02-06,0,0,,,2,571,0.0000,False,,NODATA,100
barka,2019-02-07,0,0,,,2,571,0.0000,False,,NODATA,100
barka,2019-02-08,560,3,2.7985,-0.0027,2,571,0.9807,True,0.0054,QUIET,100
barka,2019-02-09,561,3,2.2555,0.1118,2,571,0.9825,True,0.0053,QUIET,100
barka,2019-02-10,0,0,,,2,571,0.0000,False,,NODATA,100
barka,2019-02-11,0,0,,,2,571,0.0000,False,,NODATA,100
barka,2019-02-12,377,3,2.4089,0.1294,2,571,0.6602,True,0.0080,QUIET,100
barka,2019-02-13,540,0,1.3309,-0.1318,2,571,0.9457,True,0.0000,QUIET,100
barka,2019-02-14,0,0,,,2,571,0.0000,False,,NODATA,100
barka,2019-02-15,0,0,,,2,571,0.0000,False,,NODATA,100
barka,2019-02-16,543,1,2.1484,-0.0211,2,571,0.9510,True,0.0018,QUIET,100
barka,2019-02-17,131,0,1.7748,0.0745,2,571,0.2294,True,0.0000,QUIET,100
barka,2019-02-18,0,0,,,2,571,0.0000,False,,NODATA,100
barka,2019-02-19,0,0,,,2,571,0.0000,False,,NODATA,100
barka,2019-02-20,477,5,2.3347,-0.0700,2,571,0.8354,True,0.0105,QUIET,100
barka,2019-02-21,0,0,,,2,571,0.0000,False,,NODATA,100
barka,2019-02-22,0,0,,,2,571,0.0000,False,,NODATA,100
barka,2019-02-23,0,0,,,2,571,0.0000,False,,NODATA,100
barka,2019-02-24,522,0,0.4896,-0.2495,2,571,0.9142,True,0.0000,QUIET,100
barka,2019-02-25,0,0,,,2,571,0.0000,False,,NODATA,100
barka,2019-02-26,0,0,,,2,571,0.0000,False,,NODATA,100
barka,2019-02-27,0,0,,,2,571,0.0000,False,,NODATA,100
barka,2019-02-28,449,27,2.4909,0.3261,2,571,0.7863,True,0.0601,QUIET,100
barka,2019-03-01,0,0,,,3,573,0.0000,False,,NODATA,100
barka,2019-03-02,0,0,,,3,573,0.0000,False,,NODATA,100
barka,2019-03-03,3,0,0.5191,0.9008,3,573,0.0052,False,,NODATA,100
barka,2019-03-04,569,0,1.5853,-0.2999,3,573,0.9930,True,0.0000,QUIET,100
barka,2019-03-05,0,0,,,3,573,0.0000,False,,NODATA,100
barka,2019-03-06,0,0,,,3,573,0.0000,False,,NODATA,100
barka,2019-03-07,105,4,2.5491,0.4164,3,573,0.1832,True,0.0381,QUIET,100
barka,2019-03-08,538,0,1.6718,-0.0979,3,573,0.9389,True,0.0000,QUIET,100
barka,2019-03-09,0,0,,,3,573,0.0000,False,,NODATA,100
barka,2019-03-10,0,0,,,3,573,0.0000,False,,NODATA,100
barka,2019-03-11,389,0,1.7722,-0.1537,3,573,0.6789,True,0.0000,QUIET,100
barka,2019-03-12,561,1,2.1985,0.0229,3,573,0.9791,True,0.0018,QUIET,100
barka,2019-03-13,0,0,,,3,573,0.0000,False,,NODATA,100
barka,2019-03-14,0,0,,,3,573,0.0000,False,,NODATA,100
barka,2019-03-15,141,0,1.3316,0.0919,3,573,0.2461,True,0.0000,QUIET,100
barka,2019-03-16,287,0,1.0767,-0.1608,3,573,0.5009,True,0.0000,QUIET,100
barka,2019-03-17,0,0,,,3,573,0.0000,False,,NODATA,100
barka,2019-03-18,0,0,,,3,573,0.0000,False,,NODATA,100
barka,2019-03-19,512,33,3.0977,0.1933,3,573,0.8935,True,0.0645,QUIET,100
barka,2019-03-20,0,0,,,3,573,0.0000,False,,NODATA,100
barka,2019-03-21,0,0,,,3,573,0.0000,False,,NODATA,100
barka,2019-03-22,12,0,1.5687,0.4666,3,573,0.0209,False,,NODATA,100
barka,2019-03-23,0,0,,,3,573,0.0000,False,,NODATA,100
barka,2019-03-24,0,0,,,3,573,0.0000,False,,NODATA,100
barka,2019-03-25,132,0,1.7681,0.3385,3,573,0.2304,True,0.0000,QUIET,100
barka,2019-03-26,258,21,2.9402,0.5164,3,573,0.4503,True,0.0814,QUIET,100
barka,2019-03-27,3,0,-0.9184,-0.1295,3,573,0.0052,False,,NODATA,100
barka,2019-03-28,0,0,,,3,573,0.0000,False,,NODATA,100
barka,2019-03-29,483,376,3.7227,0.9284,3,573,0.8429,True,0.7785,EXCEED,100
barka,2019-03-30,0,0,,,3,573,0.0000,False,,NODATA,100
barka,2019-03-31,0,0,,,3,573,0.0000,False,,NODATA,100
barka,2019-04-01,0,0,,,4,573,0.0000,False,,NODATA,100
barka,2019-04-02,517,306,4.5835,0.5596,4,573,0.9023,True,0.5919,ALERT,100
barka,2019-04-03,0,0,,,4,573,0.0000,False,,NODATA,100
barka,2019-04-04,551,17,3.7854,0.1734,4,573,0.9616,True,0.0309,QUIET,100
barka,2019-04-05,0,0,,,4,573,0.0000,False,,NODATA,100
barka,2019-04-06,0,0,,,4,573,0.0000,False,,NODATA,100
barka,2019-04-07,0,0,,,4,573,0.0000,False,,NODATA,100
barka,2019-04-08,0,0,,,4,573,0.0000,False,,NODATA,100
barka,2019-04-09,0,0,,,4,573,0.0000,False,,NODATA,100
barka,2019-04-10,54,29,3.7087,0.5480,4,573,0.0942,False,,NODATA,100
barka,2019-04-11,56,38,3.4499,0.6586,4,573,0.0977,False,,NODATA,100
barka,2019-04-12,239,2,2.9744,-0.0315,4,573,0.4171,True,0.0084,QUIET,100
barka,2019-04-13,0,0,,,4,573,0.0000,False,,NODATA,100
barka,2019-04-14,179,4,2.7511,0.2310,4,573,0.3124,True,0.0223,QUIET,100
barka,2019-04-15,310,20,2.8001,0.3513,4,573,0.5410,True,0.0645,QUIET,100
barka,2019-04-16,0,0,,,4,573,0.0000,False,,NODATA,100
barka,2019-04-17,0,0,,,4,573,0.0000,False,,NODATA,100
barka,2019-04-18,569,27,3.2083,0.2404,4,573,0.9930,True,0.0475,QUIET,100
barka,2019-04-19,570,39,3.1803,0.3235,4,573,0.9948,True,0.0684,QUIET,100
barka,2019-04-20,0,0,,,4,573,0.0000,False,,NODATA,100
barka,2019-04-21,20,7,2.4631,0.7692,4,573,0.0349,False,,NODATA,100
barka,2019-04-22,571,25,2.5794,0.2502,4,573,0.9965,True,0.0438,QUIET,100
barka,2019-04-23,552,7,2.2719,0.2143,4,573,0.9634,True,0.0127,QUIET,100
barka,2019-04-24,0,0,,,4,573,0.0000,False,,NODATA,100
barka,2019-04-25,62,0,1.7619,0.4744,4,573,0.1082,True,0.0000,QUIET,100
barka,2019-04-26,0,0,,,4,573,0.0000,False,,NODATA,100
barka,2019-04-27,547,0,1.6125,-0.2142,4,573,0.9546,True,0.0000,QUIET,100
barka,2019-04-28,0,0,,,4,573,0.0000,False,,NODATA,100
barka,2019-04-29,470,44,3.1729,0.1899,4,573,0.8202,True,0.0936,QUIET,100
barka,2019-04-30,0,0,,,4,573,0.0000,False,,NODATA,100
barka,2019-05-01,567,305,4.1657,-0.0092,5,573,0.9895,True,0.5379,EXCEED,100
barka,2019-05-02,0,0,,,5,573,0.0000,False,,NODATA,100
barka,2019-05-03,569,155,3.9022,-0.1262,5,573,0.9930,True,0.2724,ALERT,100
barka,2019-05-04,0,0,,,5,573,0.0000,False,,NODATA,100
barka,2019-05-05,523,140,3.8636,-0.1680,5,573,0.9127,True,0.2677,ALERT,100
barka,2019-05-06,0,0,,,5,573,0.0000,False,,NODATA,100
barka,2019-05-07,565,51,3.3271,-0.2201,5,573,0.9860,True,0.0903,QUIET,100
barka,2019-05-08,26,4,2.9764,-0.2173,5,573,0.0454,False,,NODATA,100
barka,2019-05-09,333,9,3.0443,-0.3557,5,573,0.5812,True,0.0270,QUIET,100
barka,2019-05-10,0,0,,,5,573,0.0000,False,,NODATA,100
barka,2019-05-11,501,58,3.6633,-0.2275,5,573,0.8743,True,0.1158,QUIET,100
barka,2019-05-12,239,1,2.8064,-0.3816,5,573,0.4171,True,0.0042,QUIET,100
barka,2019-05-13,0,0,,,5,573,0.0000,False,,NODATA,100
barka,2019-05-14,0,0,,,5,573,0.0000,False,,NODATA,100
barka,2019-05-15,507,19,3.0054,-0.2935,5,573,0.8848,True,0.0375,QUIET,100
barka,2019-05-16,518,1,2.1186,-0.3756,5,573,0.9040,True,0.0019,QUIET,100
barka,2019-05-17,0,0,,,5,573,0.0000,False,,NODATA,100
barka,2019-05-18,0,0,,,5,573,0.0000,False,,NODATA,100
barka,2019-05-19,72,9,3.6854,-0.3132,5,573,0.1257,True,0.1250,QUIET,100
barka,2019-05-20,27,4,3.5591,-0.4053,5,573,0.0471,False,,NODATA,100
barka,2019-05-21,0,0,,,5,573,0.0000,False,,NODATA,100
barka,2019-05-22,64,1,2.2016,-0.4829,5,573,0.1117,True,0.0156,QUIET,100
barka,2019-05-23,0,0,,,5,573,0.0000,False,,NODATA,100
barka,2019-05-24,524,0,1.4954,-0.4014,5,573,0.9145,True,0.0000,QUIET,100
barka,2019-05-25,0,0,,,5,573,0.0000,False,,NODATA,100
barka,2019-05-26,325,5,3.0413,-0.3999,5,573,0.5672,True,0.0154,QUIET,100
barka,2019-05-27,0,0,,,5,573,0.0000,False,,NODATA,100
barka,2019-05-28,570,135,5.0725,-0.3518,5,573,0.9948,True,0.2368,EXCEED,100
barka,2019-05-29,0,0,,,5,573,0.0000,False,,NODATA,100
barka,2019-05-30,0,0,,,5,573,0.0000,False,,NODATA,100
barka,2019-05-31,0,0,,,5,573,0.0000,False,,NODATA,100
barka,2019-06-01,563,41,3.3151,-0.4793,6,572,0.9843,True,0.0728,QUIET,100
barka,2019-06-02,0,0,,,6,572,0.0000,False,,NODATA,100
barka,2019-06-03,564,6,2.4109,-0.5016,6,572,0.9860,True,0.0106,QUIET,100
barka,2019-06-04,0,0,,,6,572,0.0000,False,,NODATA,100
barka,2019-06-05,314,2,4.0413,-0.5769,6,572,0.5490,True,0.0064,QUIET,100
barka,2019-06-06,0,0,,,6,572,0.0000,False,,NODATA,100
barka,2019-06-07,572,0,1.8120,-0.5809,6,572,1.0000,True,0.0000,QUIET,100
barka,2019-06-08,125,5,3.0223,-0.7001,6,572,0.2185,True,0.0400,QUIET,100
barka,2019-06-09,0,0,,,6,572,0.0000,False,,NODATA,100
barka,2019-06-10,0,0,,,6,572,0.0000,False,,NODATA,100
barka,2019-06-11,541,135,3.6481,-0.3838,6,572,0.9458,True,0.2495,EXCEED,100
barka,2019-06-12,363,7,2.6626,-0.6016,6,572,0.6346,True,0.0193,QUIET,100
barka,2019-06-13,0,0,,,6,572,0.0000,False,,NODATA,100
barka,2019-06-14,0,0,,,6,572,0.0000,False,,NODATA,100
barka,2019-06-15,568,17,2.6478,-0.4774,6,572,0.9930,True,0.0299,QUIET,100
barka,2019-06-16,409,8,2.7599,-0.5270,6,572,0.7150,True,0.0196,QUIET,100
barka,2019-06-17,0,0,,,6,572,0.0000,False,,NODATA,100
barka,2019-06-18,137,0,1.9714,-0.5327,6,572,0.2395,True,0.0000,QUIET,100
barka,2019-06-19,0,0,,,6,572,0.0000,False,,NODATA,100
barka,2019-06-20,176,1,2.1203,-0.4192,6,572,0.3077,True,0.0057,QUIET,100
barka,2019-06-21,0,0,,,6,572,0.0000,False,,NODATA,100
barka,2019-06-22,429,28,3.2119,-0.4386,6,572,0.7500,True,0.0653,QUIET,100
barka,2019-06-23,0,0,,,6,572,0.0000,False,,NODATA,100
barka,2019-06-24,290,51,4.1785,-0.3093,6,572,0.5070,True,0.1759,QUIET,100
barka,2019-06-25,0,0,,,6,572,0.0000,False,,NODATA,100
barka,2019-06-26,506,45,3.2449,-0.4621,6,572,0.8846,True,0.0889,QUIET,100
barka,2019-06-27,0,0,,,6,572,0.0000,False,,NODATA,100
barka,2019-06-28,525,21,3.0773,-0.5470,6,572,0.9178,True,0.0400,QUIET,100
barka,2019-06-29,0,0,,,6,572,0.0000,False,,NODATA,100
barka,2019-06-30,571,12,2.4932,-0.4742,6,572,0.9983,True,0.0210,QUIET,100
barka,2019-07-01,41,0,-0.3200,-0.5720,7,569,0.0721,False,,NODATA,100
barka,2019-07-02,536,0,0.9612,-0.5297,7,569,0.9420,True,0.0000,QUIET,100
barka,2019-07-03,0,0,,,7,569,0.0000,False,,NODATA,100
barka,2019-07-04,165,0,1.9199,-0.2692,7,569,0.2900,True,0.0000,QUIET,100
barka,2019-07-05,316,2,2.2137,-0.4987,7,569,0.5554,True,0.0063,QUIET,100
barka,2019-07-06,0,0,,,7,569,0.0000,False,,NODATA,100
barka,2019-07-07,0,0,,,7,569,0.0000,False,,NODATA,100
barka,2019-07-08,198,0,1.9709,-0.0270,7,569,0.3480,True,0.0000,QUIET,100
barka,2019-07-09,552,4,2.9394,-0.5524,7,569,0.9701,True,0.0072,QUIET,100
barka,2019-07-10,0,0,,,7,569,0.0000,False,,NODATA,100
barka,2019-07-11,0,0,,,7,569,0.0000,False,,NODATA,100
barka,2019-07-12,514,1,2.1100,-0.5177,7,569,0.9033,True,0.0019,QUIET,100
barka,2019-07-13,275,2,2.8040,-0.2271,7,569,0.4833,True,0.0073,QUIET,100
barka,2019-07-14,0,0,,,7,569,0.0000,False,,NODATA,100
barka,2019-07-15,218,1,2.4469,-0.4773,7,569,0.3831,True,0.0046,QUIET,100
barka,2019-07-16,0,0,,,7,569,0.0000,False,,NODATA,100
barka,2019-07-17,42,1,2.0094,0.1319,7,569,0.0738,False,,NODATA,100
barka,2019-07-18,0,0,,,7,569,0.0000,False,,NODATA,100
barka,2019-07-19,407,11,2.8960,-0.4602,7,569,0.7153,True,0.0270,QUIET,100
barka,2019-07-20,0,0,,,7,569,0.0000,False,,NODATA,100
barka,2019-07-21,214,0,0.2730,-0.4642,7,569,0.3761,True,0.0000,QUIET,100
barka,2019-07-22,0,0,,,7,569,0.0000,False,,NODATA,100
barka,2019-07-23,116,37,3.8116,-0.1361,7,569,0.2039,True,0.3190,EXCEED,100
barka,2019-07-24,0,0,,,7,569,0.0000,False,,NODATA,100
barka,2019-07-25,305,0,1.1109,-0.4814,7,569,0.5360,True,0.0000,QUIET,100
barka,2019-07-26,0,0,,,7,569,0.0000,False,,NODATA,100
barka,2019-07-27,312,32,3.1854,-0.3341,7,569,0.5483,True,0.1026,QUIET,100
barka,2019-07-28,78,4,3.8171,-0.5190,7,569,0.1371,True,0.0513,QUIET,100
barka,2019-07-29,0,0,,,7,569,0.0000,False,,NODATA,100
barka,2019-07-30,0,0,,,7,569,0.0000,False,,NODATA,100
barka,2019-07-31,0,0,,,7,569,0.0000,False,,NODATA,100
barka,2019-08-01,330,64,3.1531,-0.1275,8,570,0.5789,True,0.1939,EXCEED,100
barka,2019-08-02,0,0,,,8,570,0.0000,False,,NODATA,100
barka,2019-08-03,0,0,,,8,570,0.0000,False,,NODATA,100
barka,2019-08-04,18,3,2.8145,0.2870,8,570,0.0316,False,,NODATA,100
barka,2019-08-05,342,47,3.0114,-0.2298,8,570,0.6000,True,0.1374,QUIET,100
barka,2019-08-06,0,0,,,8,570,0.0000,False,,NODATA,100
barka,2019-08-07,13,0,-0.3492,-0.2684,8,570,0.0228,False,,NODATA,100
barka,2019-08-08,0,0,,,8,570,0.0000,False,,NODATA,100
barka,2019-08-09,8,0,1.1368,0.5420,8,570,0.0140,False,,NODATA,100
barka,2019-08-10,0,0,,,8,570,0.0000,False,,NODATA,100
barka,2019-08-11,132,86,4.7520,0.4252,8,570,0.2316,True,0.6515,EXCEED,100
barka,2019-08-12,0,0,,,8,570,0.0000,False,,NODATA,100
barka,2019-08-13,138,4,2.8968,-0.4074,8,570,0.2421,True,0.0290,QUIET,100
barka,2019-08-14,0,0,,,8,570,0.0000,False,,NODATA,100
barka,2019-08-15,196,99,4.7932,0.4669,8,570,0.3439,True,0.5051,ALERT,100
barka,2019-08-16,0,0,,,8,570,0.0000,False,,NODATA,100
barka,2019-08-17,565,6,2.2687,-0.2075,8,570,0.9912,True,0.0106,QUIET,100
barka,2019-08-18,0,0,,,8,570,0.0000,False,,NODATA,100
barka,2019-08-19,389,33,3.4238,0.0394,8,570,0.6825,True,0.0848,QUIET,100
barka,2019-08-20,0,0,,,8,570,0.0000,False,,NODATA,100
barka,2019-08-21,547,59,3.4402,-0.0731,8,570,0.9596,True,0.1079,QUIET,100
barka,2019-08-22,0,0,,,8,570,0.0000,False,,NODATA,100
barka,2019-08-23,478,40,3.0403,-0.1448,8,570,0.8386,True,0.0837,QUIET,100
barka,2019-08-24,161,5,2.2452,-0.3114,8,570,0.2825,True,0.0311,QUIET,100
barka,2019-08-25,569,36,3.1018,-0.0898,8,570,0.9982,True,0.0633,QUIET,100
barka,2019-08-26,0,0,,,8,570,0.0000,False,,NODATA,100
barka,2019-08-27,566,5,2.4392,-0.1668,8,570,0.9930,True,0.0088,QUIET,100
barka,2019-08-28,411,0,1.9560,-0.2409,8,570,0.7211,True,0.0000,QUIET,100
barka,2019-08-29,0,0,,,8,570,0.0000,False,,NODATA,100
barka,2019-08-30,0,0,,,8,570,0.0000,False,,NODATA,100
barka,2019-08-31,555,27,2.8746,-0.1274,8,570,0.9737,True,0.0486,QUIET,100
barka,2019-09-01,565,80,3.8173,-0.1780,9,573,0.9860,True,0.1416,QUIET,100
barka,2019-09-02,0,0,,,9,573,0.0000,False,,NODATA,100
barka,2019-09-03,51,28,5.3784,0.3010,9,573,0.0890,False,,NODATA,100
barka,2019-09-04,425,19,2.5260,-0.3187,9,573,0.7417,True,0.0447,QUIET,100
barka,2019-09-05,0,0,,,9,573,0.0000,False,,NODATA,100
barka,2019-09-06,0,0,,,9,573,0.0000,False,,NODATA,100
barka,2019-09-07,0,0,,,9,573,0.0000,False,,NODATA,100
barka,2019-09-08,0,0,,,9,573,0.0000,False,,NODATA,100
barka,2019-09-09,275,6,3.4076,-0.3588,9,573,0.4799,True,0.0218,QUIET,100
barka,2019-09-10,0,0,,,9,573,0.0000,False,,NODATA,100
barka,2019-09-11,568,47,3.2048,-0.3055,9,573,0.9913,True,0.0827,QUIET,100
barka,2019-09-12,0,0,,,9,573,0.0000,False,,NODATA,100
barka,2019-09-13,514,170,4.0365,-0.1379,9,573,0.8970,True,0.3307,EXCEED,100
barka,2019-09-14,0,0,,,9,573,0.0000,False,,NODATA,100
barka,2019-09-15,569,47,3.0586,-0.1763,9,573,0.9930,True,0.0826,QUIET,100
barka,2019-09-16,0,0,,,9,573,0.0000,False,,NODATA,100
barka,2019-09-17,394,23,3.5802,-0.3871,9,573,0.6876,True,0.0584,QUIET,100
barka,2019-09-18,0,0,,,9,573,0.0000,False,,NODATA,100
barka,2019-09-19,570,93,4.6807,-0.1250,9,573,0.9948,True,0.1632,QUIET,100
barka,2019-09-20,283,39,5.0576,-0.3496,9,573,0.4939,True,0.1378,QUIET,100
barka,2019-09-21,0,0,,,9,573,0.0000,False,,NODATA,100
barka,2019-09-22,0,0,,,9,573,0.0000,False,,NODATA,100
barka,2019-09-23,562,29,3.7991,-0.2550,9,573,0.9808,True,0.0516,QUIET,100
barka,2019-09-24,0,0,,,9,573,0.0000,False,,NODATA,100
barka,2019-09-25,0,0,,,9,573,0.0000,False,,NODATA,100
barka,2019-09-26,5,5,5.2474,0.3135,9,573,0.0087,False,,NODATA,100
barka,2019-09-27,570,78,3.2731,-0.1698,9,573,0.9948,True,0.1368,QUIET,100
barka,2019-09-28,565,157,3.7429,-0.1286,9,573,0.9860,True,0.2779,EXCEED,100
barka,2019-09-29,0,0,,,9,573,0.0000,False,,NODATA,100
barka,2019-09-30,339,18,3.9255,-0.3695,9,573,0.5916,True,0.0531,QUIET,100
barka,2019-10-01,567,101,3.5199,-0.2135,10,574,0.9878,True,0.1781,QUIET,100
barka,2019-10-02,565,56,3.2312,-0.2840,10,574,0.9843,True,0.0991,QUIET,100
barka,2019-10-03,0,0,,,10,574,0.0000,False,,NODATA,100
barka,2019-10-04,554,39,3.8372,-0.2868,10,574,0.9652,True,0.0704,QUIET,100
barka,2019-10-05,0,0,,,10,574,0.0000,False,,NODATA,100
barka,2019-10-06,0,0,,,10,574,0.0000,False,,NODATA,100
barka,2019-10-07,0,0,,,10,574,0.0000,False,,NODATA,100
barka,2019-10-08,563,10,2.5925,-0.3801,10,574,0.9808,True,0.0178,QUIET,100
barka,2019-10-09,13,1,2.1753,0.8497,10,574,0.0226,False,,NODATA,100
barka,2019-10-10,568,9,2.3893,-0.3492,10,574,0.9895,True,0.0158,QUIET,100
barka,2019-10-11,0,0,,,10,574,0.0000,False,,NODATA,100
barka,2019-10-12,0,0,,,10,574,0.0000,False,,NODATA,100
barka,2019-10-13,444,4,2.3408,-0.4483,10,574,0.7735,True,0.0090,QUIET,100
barka,2019-10-14,568,17,2.8397,-0.4163,10,574,0.9895,True,0.0299,QUIET,100
barka,2019-10-15,3,0,0.1730,-0.5463,10,574,0.0052,False,,NODATA,100
barka,2019-10-16,572,0,1.1205,-0.4648,10,574,0.9965,True,0.0000,QUIET,100
barka,2019-10-17,551,1,2.1447,-0.4634,10,574,0.9599,True,0.0018,QUIET,100
barka,2019-10-18,569,12,2.8211,-0.4019,10,574,0.9913,True,0.0211,QUIET,100
barka,2019-10-19,102,0,1.6142,-0.3390,10,574,0.1777,True,0.0000,QUIET,100
barka,2019-10-20,564,0,1.2610,-0.4784,10,574,0.9826,True,0.0000,QUIET,100
barka,2019-10-21,567,15,2.9872,-0.4143,10,574,0.9878,True,0.0265,QUIET,100
barka,2019-10-22,0,0,,,10,574,0.0000,False,,NODATA,100
barka,2019-10-23,477,0,1.2543,-0.5037,10,574,0.8310,True,0.0000,QUIET,100
barka,2019-10-24,570,0,1.4135,-0.4731,10,574,0.9930,True,0.0000,QUIET,100
barka,2019-10-25,570,3,2.1972,-0.4363,10,574,0.9930,True,0.0053,QUIET,100
barka,2019-10-26,0,0,,,10,574,0.0000,False,,NODATA,100
barka,2019-10-27,573,0,1.6084,-0.4441,10,574,0.9983,True,0.0000,QUIET,100
barka,2019-10-28,571,0,1.4911,-0.3849,10,574,0.9948,True,0.0000,QUIET,100
barka,2019-10-29,561,1,2.2930,-0.3980,10,574,0.9774,True,0.0018,QUIET,100
barka,2019-10-30,0,0,,,10,574,0.0000,False,,NODATA,100
barka,2019-10-31,561,0,1.5274,-0.4155,10,574,0.9774,True,0.0000,QUIET,100
barka,2019-11-01,279,0,1.7449,-0.3980,11,573,0.4869,True,0.0000,QUIET,100
barka,2019-11-02,561,0,1.8131,-0.4220,11,573,0.9791,True,0.0000,QUIET,100
barka,2019-11-03,0,0,,,11,573,0.0000,False,,NODATA,100
barka,2019-11-04,571,0,0.9943,-0.4473,11,573,0.9965,True,0.0000,QUIET,100
barka,2019-11-05,544,0,1.4303,-0.4169,11,573,0.9494,True,0.0000,QUIET,100
barka,2019-11-06,570,0,1.3233,-0.3694,11,573,0.9948,True,0.0000,QUIET,100
barka,2019-11-07,0,0,,,11,573,0.0000,False,,NODATA,100
barka,2019-11-08,572,0,1.3478,-0.3872,11,573,0.9983,True,0.0000,QUIET,100
barka,2019-11-09,483,0,1.8550,-0.3261,11,573,0.8429,True,0.0000,QUIET,100
barka,2019-11-10,76,0,1.2832,-0.2194,11,573,0.1326,True,0.0000,QUIET,100
barka,2019-11-11,125,0,0.5957,-0.3585,11,573,0.2182,True,0.0000,QUIET,100
barka,2019-11-12,573,0,1.8434,-0.2695,11,573,1.0000,True,0.0000,QUIET,100
barka,2019-11-13,573,0,1.6348,-0.2858,11,573,1.0000,True,0.0000,QUIET,100
barka,2019-11-14,570,0,1.7437,-0.1825,11,573,0.9948,True,0.0000,QUIET,100
barka,2019-11-15,435,0,1.8857,-0.3288,11,573,0.7592,True,0.0000,QUIET,100
barka,2019-11-16,573,0,0.8334,-0.3173,11,573,1.0000,True,0.0000,QUIET,100
barka,2019-11-17,478,1,2.3090,-0.3216,11,573,0.8342,True,0.0021,QUIET,100
barka,2019-11-18,0,0,,,11,573,0.0000,False,,NODATA,100
barka,2019-11-19,572,0,1.9368,-0.3283,11,573,0.9983,True,0.0000,QUIET,100
barka,2019-11-20,454,1,2.0374,-0.2926,11,573,0.7923,True,0.0022,QUIET,100
barka,2019-11-21,113,1,2.3006,-0.2561,11,573,0.1972,True,0.0088,QUIET,100
barka,2019-11-22,0,0,,,11,573,0.0000,False,,NODATA,100
barka,2019-11-23,342,0,1.2629,-0.4055,11,573,0.5969,True,0.0000,QUIET,100
barka,2019-11-24,225,0,0.7974,-0.4883,11,573,0.3927,True,0.0000,QUIET,100
barka,2019-11-25,0,0,,,11,573,0.0000,False,,NODATA,100
barka,2019-11-26,0,0,,,11,573,0.0000,False,,NODATA,100
barka,2019-11-27,560,3,2.1845,-0.1926,11,573,0.9773,True,0.0054,QUIET,100
barka,2019-11-28,302,6,2.5434,-0.0953,11,573,0.5271,True,0.0199,QUIET,100
barka,2019-11-29,573,45,2.8117,-0.0537,11,573,1.0000,True,0.0785,QUIET,100
barka,2019-11-30,0,0,,,11,573,0.0000,False,,NODATA,100
barka,2019-12-01,573,0,1.5690,-0.1540,12,573,1.0000,True,0.0000,QUIET,100
barka,2019-12-02,0,0,,,12,573,0.0000,False,,NODATA,100
barka,2019-12-03,522,45,3.0774,-0.0532,12,573,0.9110,True,0.0862,QUIET,100
barka,2019-12-04,0,0,,,12,573,0.0000,False,,NODATA,100
barka,2019-12-05,532,0,1.5469,-0.1786,12,573,0.9284,True,0.0000,QUIET,100
barka,2019-12-06,555,11,2.6560,-0.1306,12,573,0.9686,True,0.0198,QUIET,100
barka,2019-12-07,374,1,2.1871,-0.1273,12,573,0.6527,True,0.0027,QUIET,100
barka,2019-12-08,0,0,,,12,573,0.0000,False,,NODATA,100
barka,2019-12-09,555,1,2.3051,-0.2612,12,573,0.9686,True,0.0018,QUIET,100
barka,2019-12-10,569,2,2.5114,-0.2076,12,573,0.9930,True,0.0035,QUIET,100
barka,2019-12-11,44,2,2.2841,-0.1592,12,573,0.0768,False,,NODATA,100
barka,2019-12-12,458,0,1.0087,-0.3057,12,573,0.7993,True,0.0000,QUIET,100
barka,2019-12-13,0,0,,,12,573,0.0000,False,,NODATA,100
barka,2019-12-14,569,0,1.3035,-0.2404,12,573,0.9930,True,0.0000,QUIET,100
barka,2019-12-15,0,0,,,12,573,0.0000,False,,NODATA,100
barka,2019-12-16,528,0,0.1157,-0.3962,12,573,0.9215,True,0.0000,QUIET,100
barka,2019-12-17,327,0,0.9040,-0.3023,12,573,0.5707,True,0.0000,QUIET,100
barka,2019-12-18,561,1,2.3251,-0.3519,12,573,0.9791,True,0.0018,QUIET,100
barka,2019-12-19,0,0,,,12,573,0.0000,False,,NODATA,100
barka,2019-12-20,404,0,1.9375,-0.3916,12,573,0.7051,True,0.0000,QUIET,100
barka,2019-12-21,522,0,1.2306,-0.2865,12,573,0.9110,True,0.0000,QUIET,100
barka,2019-12-22,573,0,1.6951,-0.2106,12,573,1.0000,True,0.0000,QUIET,100
barka,2019-12-23,0,0,,,12,573,0.0000,False,,NODATA,100
barka,2019-12-24,572,0,1.4129,-0.2539,12,573,0.9983,True,0.0000,QUIET,100
barka,2019-12-25,305,0,1.3072,-0.1891,12,573,0.5323,True,0.0000,QUIET,100
barka,2019-12-26,573,1,2.0120,-0.1639,12,573,1.0000,True,0.0017,QUIET,100
barka,2019-12-27,0,0,,,12,573,0.0000,False,,NODATA,100
barka,2019-12-28,550,0,1.1612,-0.3126,12,573,0.9599,True,0.0000,QUIET,100
barka,2019-12-29,399,0,0.7029,-0.4090,12,573,0.6963,True,0.0000,QUIET,100
barka,2019-12-30,546,2,2.3513,-0.2933,12,573,0.9529,True,0.0037,QUIET,100
barka,2019-12-31,0,0,,,12,573,0.0000,False,,NODATA,100
barka,2020-01-01,529,0,1.0268,-0.2204,1,573,0.9232,True,0.0000,QUIET,100
barka,2020-01-02,573,0,1.0994,-0.2271,1,573,1.0000,True,0.0000,QUIET,100
barka,2020-01-03,570,0,1.4350,-0.1703,1,573,0.9948,True,0.0000,QUIET,100
barka,2020-01-04,140,0,1.4242,-0.0204,1,573,0.2443,True,0.0000,QUIET,100
barka,2020-01-05,0,0,,,1,573,0.0000,False,,NODATA,100
barka,2020-01-06,504,2,2.3304,-0.0790,1,573,0.8796,True,0.0040,QUIET,100
barka,2020-01-07,394,0,0.8126,-0.2196,1,573,0.6876,True,0.0000,QUIET,100
barka,2020-01-08,461,0,-0.0010,-0.3381,1,573,0.8045,True,0.0000,QUIET,100
barka,2020-01-09,518,0,1.1653,-0.2309,1,573,0.9040,True,0.0000,QUIET,100
barka,2020-01-10,0,0,,,1,573,0.0000,False,,NODATA,100
barka,2020-01-11,0,0,,,1,573,0.0000,False,,NODATA,100
barka,2020-01-12,176,0,0.7933,-0.2351,1,573,0.3072,True,0.0000,QUIET,100
barka,2020-01-13,227,0,0.3404,-0.4773,1,573,0.3962,True,0.0000,QUIET,100
barka,2020-01-14,519,0,1.3762,-0.3838,1,573,0.9058,True,0.0000,QUIET,100
barka,2020-01-15,0,0,,,1,573,0.0000,False,,NODATA,100
barka,2020-01-16,554,0,1.8141,-0.2919,1,573,0.9668,True,0.0000,QUIET,100
barka,2020-01-17,14,0,1.2480,0.3689,1,573,0.0244,False,,NODATA,100
barka,2020-01-18,573,7,2.7190,-0.1639,1,573,1.0000,True,0.0122,QUIET,100
barka,2020-01-19,0,0,,,1,573,0.0000,False,,NODATA,100
barka,2020-01-20,567,0,1.6940,-0.2007,1,573,0.9895,True,0.0000,QUIET,100
barka,2020-01-21,294,1,2.2586,-0.1236,1,573,0.5131,True,0.0034,QUIET,100
barka,2020-01-22,548,0,1.9516,-0.2480,1,573,0.9564,True,0.0000,QUIET,100
barka,2020-01-23,0,0,,,1,573,0.0000,False,,NODATA,100
barka,2020-01-24,92,1,2.0579,-0.3710,1,573,0.1606,True,0.0109,QUIET,100
barka,2020-01-25,357,0,0.8620,-0.5147,1,573,0.6230,True,0.0000,QUIET,100
barka,2020-01-26,433,1,2.0609,-0.2475,1,573,0.7557,True,0.0023,QUIET,100
barka,2020-01-27,0,0,,,1,573,0.0000,False,,NODATA,100
barka,2020-01-28,413,0,0.8724,-0.3752,1,573,0.7208,True,0.0000,QUIET,100
barka,2020-01-29,572,3,2.3230,-0.2840,1,573,0.9983,True,0.0052,QUIET,100
barka,2020-01-30,562,1,2.1337,-0.1897,1,573,0.9808,True,0.0018,QUIET,100
barka,2020-01-31,137,0,1.8351,-0.1390,1,573,0.2391,True,0.0000,QUIET,100
barka,2020-02-01,568,0,1.4699,-0.1682,2,571,0.9947,True,0.0000,QUIET,100
barka,2020-02-02,365,1,2.1555,-0.0565,2,571,0.6392,True,0.0027,QUIET,100
barka,2020-02-03,563,0,1.7172,0.0624,2,571,0.9860,True,0.0000,QUIET,100
barka,2020-02-04,385,1,2.0503,-0.2824,2,571,0.6743,True,0.0026,QUIET,100
barka,2020-02-05,566,0,0.8307,-0.2141,2,571,0.9912,True,0.0000,QUIET,100
barka,2020-02-06,568,0,1.2699,-0.1291,2,571,0.9947,True,0.0000,QUIET,100
barka,2020-02-07,0,0,,,2,571,0.0000,False,,NODATA,100
barka,2020-02-08,446,0,1.9302,-0.1712,2,571,0.7811,True,0.0000,QUIET,100
barka,2020-02-09,568,0,1.2033,-0.0980,2,571,0.9947,True,0.0000,QUIET,100
barka,2020-02-10,567,0,1.2688,-0.1246,2,571,0.9930,True,0.0000,QUIET,100
barka,2020-02-11,0,0,,,2,571,0.0000,False,,NODATA,100
barka,2020-02-12,241,2,2.1928,-0.2552,2,571,0.4221,True,0.0083,QUIET,100
barka,2020-02-13,560,3,2.9831,-0.2881,2,571,0.9807,True,0.0054,QUIET,100
barka,2020-02-14,566,0,1.9356,-0.3016,2,571,0.9912,True,0.0000,QUIET,100
barka,2020-02-15,0,0,,,2,571,0.0000,False,,NODATA,100
barka,2020-02-16,318,0,1.7696,-0.1102,2,571,0.5569,True,0.0000,QUIET,100
barka,2020-02-17,28,1,2.2412,-0.0143,2,571,0.0490,False,,NODATA,100
barka,2020-02-18,469,1,2.0670,-0.1682,2,571,0.8214,True,0.0021,QUIET,100
barka,2020-02-19,0,0,,,2,571,0.0000,False,,NODATA,100
barka,2020-02-20,538,58,2.9034,0.3276,2,571,0.9422,True,0.1078,QUIET,100
barka,2020-02-21,104,20,2.9671,0.3715,2,571,0.1821,True,0.1923,EXCEED,100
barka,2020-02-22,209,17,3.0689,0.1122,2,571,0.3660,True,0.0813,QUIET,100
barka,2020-02-23,0,0,,,2,571,0.0000,False,,NODATA,100
barka,2020-02-24,568,0,1.8548,-0.1401,2,571,0.9947,True,0.0000,QUIET,100
barka,2020-02-25,484,0,1.9714,-0.0211,2,571,0.8476,True,0.0000,QUIET,100
barka,2020-02-26,570,12,2.4303,0.2209,2,571,0.9982,True,0.0211,QUIET,100
barka,2020-02-27,9,0,1.8593,0.4465,2,571,0.0158,False,,NODATA,100
barka,2020-02-28,530,237,3.7571,0.5693,2,571,0.9282,True,0.4472,ALERT,100
barka,2020-02-29,441,222,3.8080,0.6277,2,571,0.7723,True,0.5034,ALERT,100
barka,2020-03-01,487,0,0.9355,-0.0933,3,573,0.8499,True,0.0000,QUIET,100
barka,2020-03-02,97,6,2.4669,0.6118,3,573,0.1693,True,0.0619,QUIET,100
barka,2020-03-03,413,2,2.1246,-0.2026,3,573,0.7208,True,0.0048,QUIET,100
barka,2020-03-04,569,4,2.1633,-0.1303,3,573,0.9930,True,0.0070,QUIET,100
barka,2020-03-05,0,0,,,3,573,0.0000,False,,NODATA,100
barka,2020-03-06,95,0,1.7076,-0.3315,3,573,0.1658,True,0.0000,QUIET,100
barka,2020-03-07,571,0,0.9883,-0.1228,3,573,0.9965,True,0.0000,QUIET,100
barka,2020-03-08,571,0,1.1762,0.1558,3,573,0.9965,True,0.0000,QUIET,100
barka,2020-03-09,0,0,,,3,573,0.0000,False,,NODATA,100
barka,2020-03-10,170,19,2.3862,0.6220,3,573,0.2967,True,0.1118,QUIET,100
barka,2020-03-11,571,0,1.9316,0.3093,3,573,0.9965,True,0.0000,QUIET,100
barka,2020-03-12,569,0,1.9682,0.2630,3,573,0.9930,True,0.0000,QUIET,100
barka,2020-03-13,0,0,,,3,573,0.0000,False,,NODATA,100
barka,2020-03-14,39,0,1.0042,0.0697,3,573,0.0681,False,,NODATA,100
barka,2020-03-15,0,0,,,3,573,0.0000,False,,NODATA,100
barka,2020-03-16,201,0,-0.6189,-0.2824,3,573,0.3508,True,0.0000,QUIET,100
barka,2020-03-17,0,0,,,3,573,0.0000,False,,NODATA,100
barka,2020-03-18,554,7,2.9019,0.2663,3,573,0.9668,True,0.0126,QUIET,100
barka,2020-03-19,0,0,,,3,573,0.0000,False,,NODATA,100
barka,2020-03-20,551,0,1.1326,0.1659,3,573,0.9616,True,0.0000,QUIET,100
barka,2020-03-21,0,0,,,3,573,0.0000,False,,NODATA,100
barka,2020-03-22,0,0,,,3,573,0.0000,False,,NODATA,100
barka,2020-03-23,11,0,0.8947,0.8126,3,573,0.0192,False,,NODATA,100
barka,2020-03-24,556,2,2.1209,0.0064,3,573,0.9703,True,0.0036,QUIET,100
barka,2020-03-25,0,0,,,3,573,0.0000,False,,NODATA,100
barka,2020-03-26,538,0,1.7546,0.1248,3,573,0.9389,True,0.0000,QUIET,100
barka,2020-03-27,322,7,2.5116,0.2830,3,573,0.5620,True,0.0217,QUIET,100
barka,2020-03-28,485,0,0.9589,-0.0593,3,573,0.8464,True,0.0000,QUIET,100
barka,2020-03-29,0,0,,,3,573,0.0000,False,,NODATA,100
barka,2020-03-30,26,0,-0.5570,-0.1372,3,573,0.0454,False,,NODATA,100
barka,2020-03-31,563,105,2.8171,0.5185,3,573,0.9825,True,0.1865,QUIET,100
barka,2020-04-01,0,0,,,4,573,0.0000,False,,NODATA,100
barka,2020-04-02,0,0,,,4,573,0.0000,False,,NODATA,100
barka,2020-04-03,451,2,2.3391,-0.0866,4,573,0.7871,True,0.0044,QUIET,100
barka,2020-04-04,431,0,1.7616,-0.0926,4,573,0.7522,True,0.0000,QUIET,100
barka,2020-04-05,0,0,,,4,573,0.0000,False,,NODATA,100
barka,2020-04-06,4,1,2.9588,0.9567,4,573,0.0070,False,,NODATA,100
barka,2020-04-07,561,63,3.0767,0.2976,4,573,0.9791,True,0.1123,QUIET,100
barka,2020-04-08,566,13,2.6085,0.2030,4,573,0.9878,True,0.0230,QUIET,100
barka,2020-04-09,0,0,,,4,573,0.0000,False,,NODATA,100
barka,2020-04-10,259,66,3.7066,0.4676,4,573,0.4520,True,0.2548,EXCEED,100
barka,2020-04-11,0,0,,,4,573,0.0000,False,,NODATA,100
barka,2020-04-12,371,36,3.2845,0.1286,4,573,0.6475,True,0.0970,QUIET,100
barka,2020-04-13,0,0,,,4,573,0.0000,False,,NODATA,100
barka,2020-04-14,13,3,2.3990,0.1499,4,573,0.0227,False,,NODATA,100
barka,2020-04-15,0,0,,,4,573,0.0000,False,,NODATA,100
barka,2020-04-16,0,0,,,4,573,0.0000,False,,NODATA,100
barka,2020-04-17,0,0,,,4,573,0.0000,False,,NODATA,100
barka,2020-04-18,571,10,2.8469,-0.0393,4,573,0.9965,True,0.0175,QUIET,100
barka,2020-04-19,0,0,,,4,573,0.0000,False,,NODATA,100
barka,2020-04-20,510,2,2.4726,-0.0111,4,573,0.8901,True,0.0039,QUIET,100
barka,2020-04-21,0,0,,,4,573,0.0000,False,,NODATA,100
barka,2020-04-22,489,0,1.6883,-0.1210,4,573,0.8534,True,0.0000,QUIET,100
barka,2020-04-23,94,0,1.4690,-0.0926,4,573,0.1640,True,0.0000,QUIET,100
barka,2020-04-24,570,0,1.2605,-0.1386,4,573,0.9948,True,0.0000,QUIET,100
barka,2020-04-25,0,0,,,4,573,0.0000,False,,NODATA,100
barka,2020-04-26,569,0,1.1053,-0.2909,4,573,0.9930,True,0.0000,QUIET,100
barka,2020-04-27,317,0,1.4590,-0.3018,4,573,0.5532,True,0.0000,QUIET,100
barka,2020-04-28,0,0,,,4,573,0.0000,False,,NODATA,100
barka,2020-04-29,0,0,,,4,573,0.0000,False,,NODATA,100
barka,2020-04-30,568,0,0.9239,-0.1999,4,573,0.9913,True,0.0000,QUIET,100
barka,2020-05-01,481,15,3.1992,-0.2818,5,573,0.8394,True,0.0312,QUIET,100
barka,2020-05-02,0,0,,,5,573,0.0000,False,,NODATA,100
barka,2020-05-03,0,0,,,5,573,0.0000,False,,NODATA,100
barka,2020-05-04,559,29,3.5281,-0.2183,5,573,0.9756,True,0.0519,QUIET,100
barka,2020-05-05,568,2,2.1412,-0.3051,5,573,0.9913,True,0.0035,QUIET,100
barka,2020-05-06,0,0,,,5,573,0.0000,False,,NODATA,100
barka,2020-05-07,46,1,2.2541,0.0435,5,573,0.0803,False,,NODATA,100
barka,2020-05-08,0,0,,,5,573,0.0000,False,,NODATA,100
barka,2020-05-09,572,0,0.9284,-0.4294,5,573,0.9983,True,0.0000,QUIET,100
barka,2020-05-10,0,0,,,5,573,0.0000,False,,NODATA,100
barka,2020-05-11,414,1,2.8379,-0.2825,5,573,0.7225,True,0.0024,QUIET,100
barka,2020-05-12,0,0,,,5,573,0.0000,False,,NODATA,100
barka,2020-05-13,571,0,0.9741,-0.4536,5,573,0.9965,True,0.0000,QUIET,100
barka,2020-05-14,0,0,,,5,573,0.0000,False,,NODATA,100
barka,2020-05-15,567,0,1.7606,-0.3592,5,573,0.9895,True,0.0000,QUIET,100
barka,2020-05-16,0,0,,,5,573,0.0000,False,,NODATA,100
barka,2020-05-17,567,2,2.4186,-0.4582,5,573,0.9895,True,0.0035,QUIET,100
barka,2020-05-18,0,0,,,5,573,0.0000,False,,NODATA,100
barka,2020-05-19,569,0,1.8829,-0.3945,5,573,0.9930,True,0.0000,QUIET,100
barka,2020-05-20,33,0,0.0152,-0.4901,5,573,0.0576,False,,NODATA,100
barka,2020-05-21,467,0,1.8456,-0.3944,5,573,0.8150,True,0.0000,QUIET,100
barka,2020-05-22,0,0,,,5,573,0.0000,False,,NODATA,100
barka,2020-05-23,554,0,1.3047,-0.4061,5,573,0.9668,True,0.0000,QUIET,100
barka,2020-05-24,293,3,3.5083,-0.4954,5,573,0.5113,True,0.0102,QUIET,100
barka,2020-05-25,0,0,,,5,573,0.0000,False,,NODATA,100
barka,2020-05-26,0,0,,,5,573,0.0000,False,,NODATA,100
barka,2020-05-27,569,0,0.9876,-0.4654,5,573,0.9930,True,0.0000,QUIET,100
barka,2020-05-28,497,1,2.8621,-0.5093,5,573,0.8674,True,0.0020,QUIET,100
barka,2020-05-29,0,0,,,5,573,0.0000,False,,NODATA,100
barka,2020-05-30,0,0,,,5,573,0.0000,False,,NODATA,100
barka,2020-05-31,569,1,2.1980,-0.4371,5,573,0.9930,True,0.0018,QUIET,100
barka,2020-06-01,568,8,2.4335,-0.4761,6,572,0.9930,True,0.0141,QUIET,100
barka,2020-06-02,0,0,,,6,572,0.0000,False,,NODATA,100
barka,2020-06-03,2,0,1.5708,0.7777,6,572,0.0035,False,,NODATA,100
barka,2020-06-04,0,0,,,6,572,0.0000,False,,NODATA,100
barka,2020-06-05,529,0,1.2067,-0.5685,6,572,0.9248,True,0.0000,QUIET,100
barka,2020-06-06,0,0,,,6,572,0.0000,False,,NODATA,100
barka,2020-06-07,399,1,2.5148,-0.5066,6,572,0.6976,True,0.0025,QUIET,100
barka,2020-06-08,0,0,,,6,572,0.0000,False,,NODATA,100
barka,2020-06-09,450,1,2.1626,-0.5091,6,572,0.7867,True,0.0022,QUIET,100
barka,2020-06-10,0,0,,,6,572,0.0000,False,,NODATA,100
barka,2020-06-11,570,1,2.1785,-0.4819,6,572,0.9965,True,0.0018,QUIET,100
barka,2020-06-12,0,0,,,6,572,0.0000,False,,NODATA,100
barka,2020-06-13,561,0,1.5395,-0.6032,6,572,0.9808,True,0.0000,QUIET,100
barka,2020-06-14,0,0,,,6,572,0.0000,False,,NODATA,100
barka,2020-06-15,560,4,2.1918,-0.4976,6,572,0.9790,True,0.0071,QUIET,100
barka,2020-06-16,23,2,2.3484,-0.3857,6,572,0.0402,False,,NODATA,100
barka,2020-06-17,542,0,1.8495,-0.5591,6,572,0.9476,True,0.0000,QUIET,100
barka,2020-06-18,0,0,,,6,572,0.0000,False,,NODATA,100
barka,2020-06-19,457,41,2.8562,-0.3804,6,572,0.7990,True,0.0897,QUIET,100
barka,2020-06-20,314,10,2.5710,-0.4941,6,572,0.5490,True,0.0318,QUIET,100
barka,2020-06-21,0,0,,,6,572,0.0000,False,,NODATA,100
barka,2020-06-22,0,0,,,6,572,0.0000,False,,NODATA,100
barka,2020-06-23,439,9,2.4069,-0.3476,6,572,0.7675,True,0.0205,QUIET,100
barka,2020-06-24,512,50,3.6691,-0.4907,6,572,0.8951,True,0.0977,QUIET,100
barka,2020-06-25,0,0,,,6,572,0.0000,False,,NODATA,100
barka,2020-06-26,0,0,,,6,572,0.0000,False,,NODATA,100
barka,2020-06-27,540,144,4.2694,-0.3151,6,572,0.9441,True,0.2667,EXCEED,100
barka,2020-06-28,510,21,2.6631,-0.4802,6,572,0.8916,True,0.0412,QUIET,100
barka,2020-06-29,0,0,,,6,572,0.0000,False,,NODATA,100
barka,2020-06-30,223,12,2.7567,-0.4719,6,572,0.3899,True,0.0538,QUIET,100
barka,2020-07-01,0,0,,,7,569,0.0000,False,,NODATA,100
barka,2020-07-02,422,0,1.5185,-0.3999,7,569,0.7417,True,0.0000,QUIET,100
barka,2020-07-03,0,0,,,7,569,0.0000,False,,NODATA,100
barka,2020-07-04,437,1,2.2805,-0.3406,7,569,0.7680,True,0.0023,QUIET,100
barka,2020-07-05,0,0,,,7,569,0.0000,False,,NODATA,100
barka,2020-07-06,69,0,1.6469,-0.4769,7,569,0.1213,True,0.0000,QUIET,100
barka,2020-07-07,0,0,,,7,569,0.0000,False,,NODATA,100
barka,2020-07-08,374,11,2.6374,-0.4240,7,569,0.6573,True,0.0294,QUIET,100
barka,2020-07-09,0,0,,,7,569,0.0000,False,,NODATA,100
barka,2020-07-10,12,0,1.9428,0.3509,7,569,0.0211,False,,NODATA,100
barka,2020-07-11,0,0,,,7,569,0.0000,False,,NODATA,100
barka,2020-07-12,496,4,2.2601,-0.4250,7,569,0.8717,True,0.0081,QUIET,100
barka,2020-07-13,130,19,4.0533,-0.4253,7,569,0.2285,True,0.1462,QUIET,100
barka,2020-07-14,391,1,2.2284,-0.4598,7,569,0.6872,True,0.0026,QUIET,100
barka,2020-07-15,0,0,,,7,569,0.0000,False,,NODATA,100
barka,2020-07-16,511,0,1.1552,-0.4038,7,569,0.8981,True,0.0000,QUIET,100
barka,2020-07-17,314,0,1.4403,-0.6566,7,569,0.5518,True,0.0000,QUIET,100
barka,2020-07-18,0,0,,,7,569,0.0000,False,,NODATA,100
barka,2020-07-19,0,0,,,7,569,0.0000,False,,NODATA,100
barka,2020-07-20,558,1,2.1328,-0.4124,7,569,0.9807,True,0.0018,QUIET,100
barka,2020-07-21,507,14,2.6466,-0.5599,7,569,0.8910,True,0.0276,QUIET,100
barka,2020-07-22,0,0,,,7,569,0.0000,False,,NODATA,100
barka,2020-07-23,1,1,3.7058,0.3255,7,569,0.0018,False,,NODATA,100
barka,2020-07-24,533,26,2.7165,-0.4470,7,569,0.9367,True,0.0488,QUIET,100
barka,2020-07-25,552,7,2.2438,-0.5638,7,569,0.9701,True,0.0127,QUIET,100
barka,2020-07-26,0,0,,,7,569,0.0000,False,,NODATA,100
barka,2020-07-27,240,3,2.2816,-0.5793,7,569,0.4218,True,0.0125,QUIET,100
barka,2020-07-28,0,0,,,7,569,0.0000,False,,NODATA,100
barka,2020-07-29,563,0,0.2877,-0.6273,7,569,0.9895,True,0.0000,QUIET,100
barka,2020-07-30,0,0,,,7,569,0.0000,False,,NODATA,100
barka,2020-07-31,123,0,1.1104,-0.3847,7,569,0.2162,True,0.0000,QUIET,100
barka,2020-08-01,0,0,,,8,570,0.0000,False,,NODATA,100
barka,2020-08-02,375,0,1.4530,-0.4881,8,570,0.6579,True,0.0000,QUIET,100
barka,2020-08-03,0,0,,,8,570,0.0000,False,,NODATA,100
barka,2020-08-04,155,0,0.1082,-0.4685,8,570,0.2719,True,0.0000,QUIET,100
barka,2020-08-05,0,0,,,8,570,0.0000,False,,NODATA,100
barka,2020-08-06,27,0,0.0222,-0.4787,8,570,0.0474,False,,NODATA,100
barka,2020-08-07,0,0,,,8,570,0.0000,False,,NODATA,100
barka,2020-08-08,0,0,,,8,570,0.0000,False,,NODATA,100
barka,2020-08-09,0,0,,,8,570,0.0000,False,,NODATA,100
barka,2020-08-10,492,0,1.3075,-0.3808,8,570,0.8632,True,0.0000,QUIET,100
barka,2020-08-11,0,0,,,8,570,0.0000,False,,NODATA,100
barka,2020-08-12,328,0,1.8765,-0.1641,8,570,0.5754,True,0.0000,QUIET,100
barka,2020-08-13,423,0,1.9253,-0.5724,8,570,0.7421,True,0.0000,QUIET,100
barka,2020-08-14,0,0,,,8,570,0.0000,False,,NODATA,100
barka,2020-08-15,0,0,,,8,570,0.0000,False,,NODATA,100
barka,2020-08-16,404,3,2.4451,-0.4070,8,570,0.7088,True,0.0074,QUIET,100
barka,2020-08-17,142,0,1.6890,-0.5413,8,570,0.2491,True,0.0000,QUIET,100
barka,2020-08-18,0,0,,,8,570,0.0000,False,,NODATA,100
barka,2020-08-19,50,7,4.0246,-0.5055,8,570,0.0877,False,,NODATA,100
barka,2020-08-20,546,2,2.1319,-0.3318,8,570,0.9579,True,0.0037,QUIET,100
barka,2020-08-21,245,0,1.3628,-0.5086,8,570,0.4298,True,0.0000,QUIET,100
barka,2020-08-22,0,0,,,8,570,0.0000,False,,NODATA,100
barka,2020-08-23,122,9,3.2937,-0.4180,8,570,0.2140,True,0.0738,QUIET,100
barka,2020-08-24,0,0,,,8,570,0.0000,False,,NODATA,100
barka,2020-08-25,269,9,4.1807,-0.2769,8,570,0.4719,True,0.0335,QUIET,100
barka,2020-08-26,0,0,,,8,570,0.0000,False,,NODATA,100
barka,2020-08-27,194,54,4.0172,0.0005,8,570,0.3404,True,0.2784,EXCEED,100
barka,2020-08-28,0,0,,,8,570,0.0000,False,,NODATA,100
barka,2020-08-29,537,13,4.0208,-0.3936,8,570,0.9421,True,0.0242,QUIET,100
barka,2020-08-30,0,0,,,8,570,0.0000,False,,NODATA,100
barka,2020-08-31,0,0,,,8,570,0.0000,False,,NODATA,100
barka,2020-09-01,0,0,,,9,573,0.0000,False,,NODATA,100
barka,2020-09-02,0,0,,,9,573,0.0000,False,,NODATA,100
barka,2020-09-03,0,0,,,9,573,0.0000,False,,NODATA,100
barka,2020-09-04,571,0,1.2506,-0.5110,9,573,0.9965,True,0.0000,QUIET,100
barka,2020-09-05,220,2,2.5329,-0.5984,9,573,0.3839,True,0.0091,QUIET,100
barka,2020-09-06,569,1,2.0390,-0.4459,9,573,0.9930,True,0.0018,QUIET,100
barka,2020-09-07,0,0,,,9,573,0.0000,False,,NODATA,100
barka,2020-09-08,572,0,1.4105,-0.4775,9,573,0.9983,True,0.0000,QUIET,100
barka,2020-09-09,397,0,1.9812,-0.6000,9,573,0.6928,True,0.0000,QUIET,100
barka,2020-09-10,0,0,,,9,573,0.0000,False,,NODATA,100
barka,2020-09-11,0,0,,,9,573,0.0000,False,,NODATA,100
barka,2020-09-12,558,0,1.4513,-0.4074,9,573,0.9738,True,0.0000,QUIET,100
barka,2020-09-13,568,0,1.0697,-0.5271,9,573,0.9913,True,0.0000,QUIET,100
barka,2020-09-14,0,0,,,9,573,0.0000,False,,NODATA,100
barka,2020-09-15,90,8,3.1945,-0.5685,9,573,0.1571,True,0.0889,QUIET,100
barka,2020-09-16,569,0,1.3638,-0.5200,9,573,0.9930,True,0.0000,QUIET,100
barka,2020-09-17,0,0,,,9,573,0.0000,False,,NODATA,100
barka,2020-09-18,0,0,,,9,573,0.0000,False,,NODATA,100
barka,2020-09-19,387,0,1.9308,-0.5120,9,573,0.6754,True,0.0000,QUIET,100
barka,2020-09-20,0,0,,,9,573,0.0000,False,,NODATA,100
barka,2020-09-21,570,0,1.4306,-0.5096,9,573,0.9948,True,0.0000,QUIET,100
barka,2020-09-22,0,0,,,9,573,0.0000,False,,NODATA,100
barka,2020-09-23,561,0,1.5450,-0.4649,9,573,0.9791,True,0.0000,QUIET,100
barka,2020-09-24,0,0,,,9,573,0.0000,False,,NODATA,100
barka,2020-09-25,569,0,1.9158,-0.4561,9,573,0.9930,True,0.0000,QUIET,100
barka,2020-09-26,0,0,,,9,573,0.0000,False,,NODATA,100
barka,2020-09-27,0,0,,,9,573,0.0000,False,,NODATA,100
barka,2020-09-28,115,0,1.9905,-0.5230,9,573,0.2007,True,0.0000,QUIET,100
barka,2020-09-29,568,0,1.9726,-0.4477,9,573,0.9913,True,0.0000,QUIET,100
barka,2020-09-30,0,0,,,9,573,0.0000,False,,NODATA,100
barka,2020-10-01,570,0,1.1686,-0.4586,10,574,0.9930,True,0.0000,QUIET,100
barka,2020-10-02,470,1,3.1198,-0.4897,10,574,0.8188,True,0.0021,QUIET,100
barka,2020-10-03,567,0,1.8321,-0.4727,10,574,0.9878,True,0.0000,QUIET,100
barka,2020-10-04,0,0,,,10,574,0.0000,False,,NODATA,100
barka,2020-10-05,571,0,0.1548,-0.4821,10,574,0.9948,True,0.0000,QUIET,100
barka,2020-10-06,572,0,-0.1001,-0.5622,10,574,0.9965,True,0.0000,QUIET,100
barka,2020-10-07,0,0,,,10,574,0.0000,False,,NODATA,100
barka,2020-10-08,106,2,2.0941,-0.5701,10,574,0.1847,True,0.0189,QUIET,100
barka,2020-10-09,569,0,0.4316,-0.4907,10,574,0.9913,True,0.0000,QUIET,100
barka,2020-10-10,571,0,0.2474,-0.5380,10,574,0.9948,True,0.0000,QUIET,100
barka,2020-10-11,0,0,,,10,574,0.0000,False,,NODATA,100
barka,2020-10-12,125,0,1.7639,-0.3809,10,574,0.2178,True,0.0000,QUIET,100
barka,2020-10-13,572,0,1.3517,-0.4279,10,574,0.9965,True,0.0000,QUIET,100
barka,2020-10-14,572,0,0.7828,-0.4448,10,574,0.9965,True,0.0000,QUIET,100
barka,2020-10-15,0,0,,,10,574,0.0000,False,,NODATA,100
barka,2020-10-16,495,1,2.2144,-0.4073,10,574,0.8624,True,0.0020,QUIET,100
barka,2020-10-17,0,0,,,10,574,0.0000,False,,NODATA,100
barka,2020-10-18,571,2,2.2519,-0.3615,10,574,0.9948,True,0.0035,QUIET,100
barka,2020-10-19,0,0,,,10,574,0.0000,False,,NODATA,100
barka,2020-10-20,572,13,2.8371,-0.3283,10,574,0.9965,True,0.0227,QUIET,100
barka,2020-10-21,126,1,2.2689,-0.4713,10,574,0.2195,True,0.0079,QUIET,100
barka,2020-10-22,0,0,,,10,574,0.0000,False,,NODATA,100
barka,2020-10-23,0,0,,,10,574,0.0000,False,,NODATA,100
barka,2020-10-24,573,5,2.5107,-0.3047,10,574,0.9983,True,0.0087,QUIET,100
barka,2020-10-25,272,3,3.2397,-0.2719,10,574,0.4739,True,0.0110,QUIET,100
barka,2020-10-26,571,2,2.3621,-0.2982,10,574,0.9948,True,0.0035,QUIET,100
barka,2020-10-27,49,0,0.7899,-0.3726,10,574,0.0854,False,,NODATA,100
barka,2020-10-28,573,0,1.1853,-0.3712,10,574,0.9983,True,0.0000,QUIET,100
barka,2020-10-29,554,1,2.1443,-0.3835,10,574,0.9652,True,0.0018,QUIET,100
barka,2020-10-30,570,0,1.4731,-0.3684,10,574,0.9930,True,0.0000,QUIET,100
barka,2020-10-31,194,1,2.8503,-0.4055,10,574,0.3380,True,0.0052,QUIET,100
barka,2020-11-01,0,0,,,11,573,0.0000,False,,NODATA,100
barka,2020-11-02,573,0,1.5854,-0.4248,11,573,1.0000,True,0.0000,QUIET,100
barka,2020-11-03,0,0,,,11,573,0.0000,False,,NODATA,100
barka,2020-11-04,563,1,2.6060,-0.4979,11,573,0.9825,True,0.0018,QUIET,100
barka,2020-11-05,554,0,0.8456,-0.4644,11,573,0.9668,True,0.0000,QUIET,100
barka,2020-11-06,572,2,2.1941,-0.4227,11,573,0.9983,True,0.0035,QUIET,100
barka,2020-11-07,0,0,,,11,573,0.0000,False,,NODATA,100
barka,2020-11-08,554,16,3.8341,-0.4074,11,573,0.9668,True,0.0289,QUIET,100
barka,2020-11-09,569,1,2.3129,-0.4277,11,573,0.9930,True,0.0018,QUIET,100
barka,2020-11-10,570,6,2.9578,-0.4415,11,573,0.9948,True,0.0105,QUIET,100
barka,2020-11-11,0,0,,,11,573,0.0000,False,,NODATA,100
barka,2020-11-12,558,1,2.5770,-0.3756,11,573,0.9738,True,0.0018,QUIET,100
barka,2020-11-13,302,0,0.4343,-0.3843,11,573,0.5271,True,0.0000,QUIET,100
barka,2020-11-14,569,0,1.6470,-0.3542,11,573,0.9930,True,0.0000,QUIET,100
barka,2020-11-15,0,0,,,11,573,0.0000,False,,NODATA,100
barka,2020-11-16,566,0,1.0204,-0.2774,11,573,0.9878,True,0.0000,QUIET,100
barka,2020-11-17,570,0,1.8909,-0.2333,11,573,0.9948,True,0.0000,QUIET,100
barka,2020-11-18,545,9,3.5587,-0.2455,11,573,0.9511,True,0.0165,QUIET,100
barka,2020-11-19,0,0,,,11,573,0.0000,False,,NODATA,100
barka,2020-11-20,561,0,1.0016,-0.3641,11,573,0.9791,True,0.0000,QUIET,100
barka,2020-11-21,0,0,,,11,573,0.0000,False,,NODATA,100
barka,2020-11-22,572,0,1.9869,-0.2727,11,573,0.9983,True,0.0000,QUIET,100
barka,2020-11-23,139,0,0.4116,-0.2776,11,573,0.2426,True,0.0000,QUIET,100
barka,2020-11-24,0,0,,,11,573,0.0000,False,,NODATA,100
barka,2020-11-25,511,0,1.4654,-0.2903,11,573,0.8918,True,0.0000,QUIET,100
barka,2020-11-26,545,5,2.3634,-0.1392,11,573,0.9511,True,0.0092,QUIET,100
barka,2020-11-27,329,0,1.6788,-0.2743,11,573,0.5742,True,0.0000,QUIET,100
barka,2020-11-28,545,18,2.5151,-0.2084,11,573,0.9511,True,0.0330,QUIET,100
barka,2020-11-29,0,0,,,11,573,0.0000,False,,NODATA,100
barka,2020-11-30,0,0,,,11,573,0.0000,False,,NODATA,100
barka,2020-12-01,573,41,3.3892,-0.1286,12,573,1.0000,True,0.0716,QUIET,100
barka,2020-12-02,573,23,2.9030,-0.1095,12,573,1.0000,True,0.0401,QUIET,100
barka,2020-12-03,573,45,3.3265,-0.0716,12,573,1.0000,True,0.0785,QUIET,100
barka,2020-12-04,0,0,,,12,573,0.0000,False,,NODATA,100
barka,2020-12-05,573,0,1.9270,-0.1231,12,573,1.0000,True,0.0000,QUIET,100
barka,2020-12-06,568,0,1.6962,-0.2003,12,573,0.9913,True,0.0000,QUIET,100
barka,2020-12-07,531,50,3.6977,-0.0880,12,573,0.9267,True,0.0942,QUIET,100
barka,2020-12-08,0,0,,,12,573,0.0000,False,,NODATA,100
barka,2020-12-09,497,0,0.7977,-0.2723,12,573,0.8674,True,0.0000,QUIET,100
barka,2020-12-10,294,0,1.6050,-0.2453,12,573,0.5131,True,0.0000,QUIET,100
barka,2020-12-11,523,2,2.2723,-0.1848,12,573,0.9127,True,0.0038,QUIET,100
barka,2020-12-12,0,0,,,12,573,0.0000,False,,NODATA,100
barka,2020-12-13,496,0,1.3738,-0.3317,12,573,0.8656,True,0.0000,QUIET,100
barka,2020-12-14,0,0,,,12,573,0.0000,False,,NODATA,100
barka,2020-12-15,446,58,3.2984,-0.0119,12,573,0.7784,True,0.1300,QUIET,100
barka,2020-12-16,0,0,,,12,573,0.0000,False,,NODATA,100
barka,2020-12-17,573,1,2.0131,-0.1835,12,573,1.0000,True,0.0017,QUIET,100
barka,2020-12-18,573,1,2.0034,-0.1762,12,573,1.0000,True,0.0017,QUIET,100
barka,2020-12-19,515,12,3.0150,-0.1126,12,573,0.8988,True,0.0233,QUIET,100
barka,2020-12-20,71,2,3.3139,-0.1818,12,573,0.1239,True,0.0282,QUIET,100
barka,2020-12-21,514,0,1.9725,-0.2533,12,573,0.8970,True,0.0000,QUIET,100
barka,2020-12-22,0,0,,,12,573,0.0000,False,,NODATA,100
barka,2020-12-23,543,0,1.1662,-0.2128,12,573,0.9476,True,0.0000,QUIET,100
barka,2020-12-24,457,0,0.9537,-0.2625,12,573,0.7976,True,0.0000,QUIET,100
barka,2020-12-25,0,0,,,12,573,0.0000,False,,NODATA,100
barka,2020-12-26,500,1,2.0018,-0.2563,12,573,0.8726,True,0.0020,QUIET,100
barka,2020-12-27,0,0,,,12,573,0.0000,False,,NODATA,100
barka,2020-12-28,0,0,,,12,573,0.0000,False,,NODATA,100
barka,2020-12-29,572,4,2.9155,-0.2177,12,573,0.9983,True,0.0070,QUIET,100
barka,2020-12-30,571,8,2.8490,-0.2146,12,573,0.9965,True,0.0140,QUIET,100
barka,2020-12-31,0,0,,,12,573,0.0000,False,,NODATA,100
barka,2021-01-01,0,0,,,1,573,0.0000,False,,NODATA,100
barka,2021-01-02,0,0,,,1,573,0.0000,False,,NODATA,100
barka,2021-01-03,0,0,,,1,573,0.0000,False,,NODATA,100
barka,2021-01-04,0,0,,,1,573,0.0000,False,,NODATA,100
barka,2021-01-05,0,0,,,1,573,0.0000,False,,NODATA,100
barka,2021-01-06,0,0,,,1,573,0.0000,False,,NODATA,100
barka,2021-01-07,0,0,,,1,573,0.0000,False,,NODATA,100
barka,2021-01-08,0,0,,,1,573,0.0000,False,,NODATA,100
barka,2021-01-09,0,0,,,1,573,0.0000,False,,NODATA,100
barka,2021-01-10,0,0,,,1,573,0.0000,False,,NODATA,100
barka,2021-01-11,0,0,,,1,573,0.0000,False,,NODATA,100
barka,2021-01-12,0,0,,,1,573,0.0000,False,,NODATA,100
barka,2021-01-13,0,0,,,1,573,0.0000,False,,NODATA,100
barka,2021-01-14,0,0,,,1,573,0.0000,False,,NODATA,100
barka,2021-01-15,0,0,,,1,573,0.0000,False,,NODATA,100
barka,2021-01-16,0,0,,,1,573,0.0000,False,,NODATA,100
barka,2021-01-17,0,0,,,1,573,0.0000,False,,NODATA,100
barka,2021-01-18,0,0,,,1,573,0.0000,False,,NODATA,100
barka,2021-01-19,0,0,,,1,573,0.0000,False,,NODATA,100
barka,2021-01-20,0,0,,,1,573,0.0000,False,,NODATA,100
barka,2021-01-21,0,0,,,1,573,0.0000,False,,NODATA,100
barka,2021-01-22,0,0,,,1,573,0.0000,False,,NODATA,100
barka,2021-01-23,0,0,,,1,573,0.0000,False,,NODATA,100
barka,2021-01-24,0,0,,,1,573,0.0000,False,,NODATA,100
barka,2021-01-25,0,0,,,1,573,0.0000,False,,NODATA,100
barka,2021-01-26,0,0,,,1,573,0.0000,False,,NODATA,100
barka,2021-01-27,0,0,,,1,573,0.0000,False,,NODATA,100
barka,2021-01-28,0,0,,,1,573,0.0000,False,,NODATA,100
barka,2021-01-29,0,0,,,1,573,0.0000,False,,NODATA,100
barka,2021-01-30,0,0,,,1,573,0.0000,False,,NODATA,100
barka,2021-01-31,0,0,,,1,573,0.0000,False,,NODATA,100
barka,2021-02-01,0,0,,,2,571,0.0000,False,,NODATA,100
barka,2021-02-02,0,0,,,2,571,0.0000,False,,NODATA,100
barka,2021-02-03,0,0,,,2,571,0.0000,False,,NODATA,100
barka,2021-02-04,0,0,,,2,571,0.0000,False,,NODATA,100
barka,2021-02-05,0,0,,,2,571,0.0000,False,,NODATA,100
barka,2021-02-06,0,0,,,2,571,0.0000,False,,NODATA,100
barka,2021-02-07,0,0,,,2,571,0.0000,False,,NODATA,100
barka,2021-02-08,0,0,,,2,571,0.0000,False,,NODATA,100
barka,2021-02-09,0,0,,,2,571,0.0000,False,,NODATA,100
barka,2021-02-10,0,0,,,2,571,0.0000,False,,NODATA,100
barka,2021-02-11,0,0,,,2,571,0.0000,False,,NODATA,100
barka,2021-02-12,0,0,,,2,571,0.0000,False,,NODATA,100
barka,2021-02-13,0,0,,,2,571,0.0000,False,,NODATA,100
barka,2021-02-14,0,0,,,2,571,0.0000,False,,NODATA,100
barka,2021-02-15,0,0,,,2,571,0.0000,False,,NODATA,100
barka,2021-02-16,0,0,,,2,571,0.0000,False,,NODATA,100
barka,2021-02-17,0,0,,,2,571,0.0000,False,,NODATA,100
barka,2021-02-18,0,0,,,2,571,0.0000,False,,NODATA,100
barka,2021-02-19,0,0,,,2,571,0.0000,False,,NODATA,100
barka,2021-02-20,0,0,,,2,571,0.0000,False,,NODATA,100
barka,2021-02-21,0,0,,,2,571,0.0000,False,,NODATA,100
barka,2021-02-22,0,0,,,2,571,0.0000,False,,NODATA,100
barka,2021-02-23,0,0,,,2,571,0.0000,False,,NODATA,100
barka,2021-02-24,0,0,,,2,571,0.0000,False,,NODATA,100
barka,2021-02-25,0,0,,,2,571,0.0000,False,,NODATA,100
barka,2021-02-26,0,0,,,2,571,0.0000,False,,NODATA,100
barka,2021-02-27,0,0,,,2,571,0.0000,False,,NODATA,100
barka,2021-02-28,0,0,,,2,571,0.0000,False,,NODATA,100
barka,2021-03-01,0,0,,,3,573,0.0000,False,,NODATA,100
barka,2021-03-02,0,0,,,3,573,0.0000,False,,NODATA,100
barka,2021-03-03,0,0,,,3,573,0.0000,False,,NODATA,100
barka,2021-03-04,570,28,2.9369,0.3441,3,573,0.9948,True,0.0491,QUIET,100
barka,2021-03-05,538,38,3.4603,0.4067,3,573,0.9389,True,0.0706,QUIET,100
barka,2021-03-06,569,10,2.7735,0.4034,3,573,0.9930,True,0.0176,QUIET,100
barka,2021-03-07,0,0,,,3,573,0.0000,False,,NODATA,100
barka,2021-03-08,573,9,2.3634,0.2671,3,573,1.0000,True,0.0157,QUIET,100
barka,2021-03-09,496,33,2.6884,0.1022,3,573,0.8656,True,0.0665,QUIET,100
barka,2021-03-10,426,1,2.2742,-0.1652,3,573,0.7435,True,0.0023,QUIET,100
barka,2021-03-11,0,0,,,3,573,0.0000,False,,NODATA,100
barka,2021-03-12,567,43,2.7408,0.5253,3,573,0.9895,True,0.0758,QUIET,100
barka,2021-03-13,456,1,2.2080,-0.1237,3,573,0.7958,True,0.0022,QUIET,100
barka,2021-03-14,331,3,3.3721,-0.2561,3,573,0.5777,True,0.0091,QUIET,100
barka,2021-03-15,1,0,-0.0306,0.7370,3,573,0.0017,False,,NODATA,100
barka,2021-03-16,263,0,1.4327,-0.1975,3,573,0.4590,True,0.0000,QUIET,100
barka,2021-03-17,1,0,0.0235,0.8031,3,573,0.0017,False,,NODATA,100
barka,2021-03-18,231,0,1.5782,-0.1906,3,573,0.4031,True,0.0000,QUIET,100
barka,2021-03-19,30,0,1.2290,0.3512,3,573,0.0524,False,,NODATA,100
barka,2021-03-20,561,0,0.2197,-0.1596,3,573,0.9791,True,0.0000,QUIET,100
barka,2021-03-21,556,0,1.1801,-0.1795,3,573,0.9703,True,0.0000,QUIET,100
barka,2021-03-22,568,8,2.3090,0.3818,3,573,0.9913,True,0.0141,QUIET,100
barka,2021-03-23,223,1,2.3217,0.2913,3,573,0.3892,True,0.0045,QUIET,100
barka,2021-03-24,567,0,1.7825,0.2455,3,573,0.9895,True,0.0000,QUIET,100
barka,2021-03-25,555,6,2.4003,0.2579,3,573,0.9686,True,0.0108,QUIET,100
barka,2021-03-26,146,0,1.6938,0.3210,3,573,0.2548,True,0.0000,QUIET,100
barka,2021-03-27,426,1,2.3364,0.1024,3,573,0.7435,True,0.0023,QUIET,100
barka,2021-03-28,570,0,1.3781,0.0148,3,573,0.9948,True,0.0000,QUIET,100
barka,2021-03-29,566,0,1.3149,0.0168,3,573,0.9878,True,0.0000,QUIET,100
barka,2021-03-30,115,1,2.3317,0.0924,3,573,0.2007,True,0.0087,QUIET,100
barka,2021-03-31,572,0,0.8901,-0.0727,3,573,0.9983,True,0.0000,QUIET,100
barka,2021-04-01,568,0,1.3799,0.0016,4,573,0.9913,True,0.0000,QUIET,100
barka,2021-04-02,573,0,1.5713,-0.0067,4,573,1.0000,True,0.0000,QUIET,100
barka,2021-04-03,0,0,,,4,573,0.0000,False,,NODATA,100
barka,2021-04-04,572,0,1.0920,-0.0933,4,573,0.9983,True,0.0000,QUIET,100
barka,2021-04-05,563,0,1.1407,-0.0400,4,573,0.9825,True,0.0000,QUIET,100
barka,2021-04-06,573,0,0.7030,-0.2138,4,573,1.0000,True,0.0000,QUIET,100
barka,2021-04-07,0,0,,,4,573,0.0000,False,,NODATA,100
barka,2021-04-08,572,0,1.4305,-0.1755,4,573,0.9983,True,0.0000,QUIET,100
barka,2021-04-09,336,0,1.6949,-0.2244,4,573,0.5864,True,0.0000,QUIET,100
barka,2021-04-10,0,0,,,4,573,0.0000,False,,NODATA,100
barka,2021-04-11,0,0,,,4,573,0.0000,False,,NODATA,100
barka,2021-04-12,515,0,1.6512,-0.1422,4,573,0.8988,True,0.0000,QUIET,100
barka,2021-04-13,490,2,2.6829,-0.2219,4,573,0.8551,True,0.0041,QUIET,100
barka,2021-04-14,515,0,1.1184,-0.1028,4,573,0.8988,True,0.0000,QUIET,100
barka,2021-04-15,0,0,,,4,573,0.0000,False,,NODATA,100
barka,2021-04-16,560,0,1.3581,-0.1418,4,573,0.9773,True,0.0000,QUIET,100
barka,2021-04-17,434,0,1.3838,-0.1908,4,573,0.7574,True,0.0000,QUIET,100
barka,2021-04-18,480,0,0.9215,-0.1335,4,573,0.8377,True,0.0000,QUIET,100
barka,2021-04-19,15,0,-0.0984,-0.3088,4,573,0.0262,False,,NODATA,100
barka,2021-04-20,572,2,2.5427,-0.2211,4,573,0.9983,True,0.0035,QUIET,100
barka,2021-04-21,0,0,,,4,573,0.0000,False,,NODATA,100
barka,2021-04-22,450,0,1.9437,-0.2149,4,573,0.7853,True,0.0000,QUIET,100
barka,2021-04-23,238,2,2.0507,-0.3283,4,573,0.4154,True,0.0084,QUIET,100
barka,2021-04-24,570,0,0.2919,-0.3497,4,573,0.9948,True,0.0000,QUIET,100
barka,2021-04-25,572,0,-0.0654,-0.3920,4,573,0.9983,True,0.0000,QUIET,100
barka,2021-04-26,85,0,-0.6458,-0.4624,4,573,0.1483,True,0.0000,QUIET,100
barka,2021-04-27,0,0,,,4,573,0.0000,False,,NODATA,100
barka,2021-04-28,386,0,-0.2991,-0.3907,4,573,0.6736,True,0.0000,QUIET,100
barka,2021-04-29,112,0,-0.0202,-0.3323,4,573,0.1955,True,0.0000,QUIET,100
barka,2021-04-30,0,0,,,4,573,0.0000,False,,NODATA,100
barka,2021-05-01,572,0,1.4000,-0.3796,5,573,0.9983,True,0.0000,QUIET,100
barka,2021-05-02,566,0,1.3984,-0.4029,5,573,0.9878,True,0.0000,QUIET,100
barka,2021-05-03,0,0,,,5,573,0.0000,False,,NODATA,100
barka,2021-05-04,0,0,,,5,573,0.0000,False,,NODATA,100
barka,2021-05-05,554,7,2.3713,-0.3221,5,573,0.9668,True,0.0126,QUIET,100
barka,2021-05-06,273,8,4.2059,-0.4629,5,573,0.4764,True,0.0293,QUIET,100
barka,2021-05-07,153,4,3.7563,-0.5026,5,573,0.2670,True,0.0261,QUIET,100
barka,2021-05-08,0,0,,,5,573,0.0000,False,,NODATA,100
barka,2021-05-09,569,3,2.7368,-0.4129,5,573,0.9930,True,0.0053,QUIET,100
barka,2021-05-10,197,9,2.7252,-0.4962,5,573,0.3438,True,0.0457,QUIET,100
barka,2021-05-11,573,0,1.0019,-0.5513,5,573,1.0000,True,0.0000,QUIET,100
barka,2021-05-12,0,0,,,5,573,0.0000,False,,NODATA,100
barka,2021-05-13,571,0,1.8691,-0.4846,5,573,0.9965,True,0.0000,QUIET,100
barka,2021-05-14,563,1,2.0260,-0.5531,5,573,0.9825,True,0.0018,QUIET,100
barka,2021-05-15,569,10,3.4912,-0.5400,5,573,0.9930,True,0.0176,QUIET,100
barka,2021-05-16,0,0,,,5,573,0.0000,False,,NODATA,100
barka,2021-05-17,469,0,1.1898,-0.4900,5,573,0.8185,True,0.0000,QUIET,100
barka,2021-05-18,573,0,0.9938,-0.5055,5,573,1.0000,True,0.0000,QUIET,100
barka,2021-05-19,459,0,1.1602,-0.5048,5,573,0.8010,True,0.0000,QUIET,100
barka,2021-05-20,100,1,2.1999,-0.5403,5,573,0.1745,True,0.0100,QUIET,100
barka,2021-05-21,571,0,0.5963,-0.5053,5,573,0.9965,True,0.0000,QUIET,100
barka,2021-05-22,570,0,1.1178,-0.5180,5,573,0.9948,True,0.0000,QUIET,100
barka,2021-05-23,130,0,1.2622,-0.4992,5,573,0.2269,True,0.0000,QUIET,100
barka,2021-05-24,485,3,3.5706,-0.6185,5,573,0.8464,True,0.0062,QUIET,100
barka,2021-05-25,549,1,2.0062,-0.6434,5,573,0.9581,True,0.0018,QUIET,100
barka,2021-05-26,563,0,1.0746,-0.6240,5,573,0.9825,True,0.0000,QUIET,100
barka,2021-05-27,0,0,,,5,573,0.0000,False,,NODATA,100
barka,2021-05-28,568,0,0.1356,-0.6829,5,573,0.9913,True,0.0000,QUIET,100
barka,2021-05-29,351,0,1.3951,-0.6514,5,573,0.6126,True,0.0000,QUIET,100
barka,2021-05-30,0,0,,,5,573,0.0000,False,,NODATA,100
barka,2021-05-31,0,0,,,5,573,0.0000,False,,NODATA,100
barka,2021-06-01,571,0,1.6667,-0.6343,6,572,0.9983,True,0.0000,QUIET,100
barka,2021-06-02,302,0,1.9860,-0.6096,6,572,0.5280,True,0.0000,QUIET,100
barka,2021-06-03,556,0,1.7478,-0.6486,6,572,0.9720,True,0.0000,QUIET,100
barka,2021-06-04,0,0,,,6,572,0.0000,False,,NODATA,100
barka,2021-06-05,522,0,1.1683,-0.6349,6,572,0.9126,True,0.0000,QUIET,100
barka,2021-06-06,189,2,2.2135,-0.7557,6,572,0.3304,True,0.0106,QUIET,100
barka,2021-06-07,222,4,2.3555,-0.5454,6,572,0.3881,True,0.0180,QUIET,100
barka,2021-06-08,0,0,,,6,572,0.0000,False,,NODATA,100
barka,2021-06-09,0,0,,,6,572,0.0000,False,,NODATA,100
barka,2021-06-10,563,0,1.8695,-0.6495,6,572,0.9843,True,0.0000,QUIET,100
barka,2021-06-11,245,1,2.0634,-0.6394,6,572,0.4283,True,0.0041,QUIET,100
barka,2021-06-12,4,1,2.1934,0.7169,6,572,0.0070,False,,NODATA,100
barka,2021-06-13,459,12,2.6920,-0.4843,6,572,0.8024,True,0.0261,QUIET,100
barka,2021-06-14,501,6,3.6510,-0.6127,6,572,0.8759,True,0.0120,QUIET,100
barka,2021-06-15,388,10,3.7475,-0.6450,6,572,0.6783,True,0.0258,QUIET,100
barka,2021-06-16,40,2,2.0247,0.0814,6,572,0.0699,False,,NODATA,100
barka,2021-06-17,571,21,3.8096,-0.6653,6,572,0.9983,True,0.0368,QUIET,100
barka,2021-06-18,466,13,3.7375,-0.6819,6,572,0.8147,True,0.0279,QUIET,100
barka,2021-06-19,0,0,,,6,572,0.0000,False,,NODATA,100
barka,2021-06-20,500,2,2.0657,-0.7252,6,572,0.8741,True,0.0040,QUIET,100
barka,2021-06-21,212,1,2.3933,-0.7473,6,572,0.3706,True,0.0047,QUIET,100
barka,2021-06-22,533,0,1.2509,-0.7898,6,572,0.9318,True,0.0000,QUIET,100
barka,2021-06-23,0,0,,,6,572,0.0000,False,,NODATA,100
barka,2021-06-24,570,0,1.4662,-0.6093,6,572,0.9965,True,0.0000,QUIET,100
barka,2021-06-25,0,0,,,6,572,0.0000,False,,NODATA,100
barka,2021-06-26,554,0,0.9096,-0.6322,6,572,0.9685,True,0.0000,QUIET,100
barka,2021-06-27,0,0,,,6,572,0.0000,False,,NODATA,100
barka,2021-06-28,0,0,,,6,572,0.0000,False,,NODATA,100
barka,2021-06-29,0,0,,,6,572,0.0000,False,,NODATA,100
barka,2021-06-30,0,0,,,6,572,0.0000,False,,NODATA,100
barka,2021-07-01,0,0,,,7,569,0.0000,False,,NODATA,100
barka,2021-07-02,0,0,,,7,569,0.0000,False,,NODATA,100
barka,2021-07-03,337,0,1.4522,-0.6223,7,569,0.5923,True,0.0000,QUIET,100
barka,2021-07-04,0,0,,,7,569,0.0000,False,,NODATA,100
barka,2021-07-05,0,0,,,7,569,0.0000,False,,NODATA,100
barka,2021-07-06,2,0,-2.5811,-0.8992,7,569,0.0035,False,,NODATA,100
barka,2021-07-07,118,3,2.5311,-0.6056,7,569,0.2074,True,0.0254,QUIET,100
barka,2021-07-08,1,0,0.9923,0.7244,7,569,0.0018,False,,NODATA,100
barka,2021-07-09,5,0,1.1296,-0.0265,7,569,0.0088,False,,NODATA,100
barka,2021-07-10,68,4,2.8886,-0.5027,7,569,0.1195,True,0.0588,QUIET,100
barka,2021-07-11,5,0,-2.9336,-1.0195,7,569,0.0088,False,,NODATA,100
barka,2021-07-12,0,0,,,7,569,0.0000,False,,NODATA,100
barka,2021-07-13,0,0,,,7,569,0.0000,False,,NODATA,100
barka,2021-07-14,11,0,0.6683,0.1010,7,569,0.0193,False,,NODATA,100
barka,2021-07-15,183,0,0.1116,-0.4970,7,569,0.3216,True,0.0000,QUIET,100
barka,2021-07-16,57,0,-0.3442,-0.7187,7,569,0.1002,True,0.0000,QUIET,100
barka,2021-07-17,411,13,3.0811,-0.3639,7,569,0.7223,True,0.0316,QUIET,100
barka,2021-07-18,462,6,2.5485,-0.3206,7,569,0.8120,True,0.0130,QUIET,100
barka,2021-07-19,568,56,3.8335,-0.2478,7,569,0.9982,True,0.0986,QUIET,100
barka,2021-07-20,0,0,,,7,569,0.0000,False,,NODATA,100
barka,2021-07-21,37,8,2.8909,-0.1756,7,569,0.0650,False,,NODATA,100
barka,2021-07-22,439,94,3.9360,-0.0971,7,569,0.7715,True,0.2141,EXCEED,100
barka,2021-07-23,561,93,3.1271,-0.1133,7,569,0.9859,True,0.1658,QUIET,100
barka,2021-07-24,0,0,,,7,569,0.0000,False,,NODATA,100
barka,2021-07-25,551,72,3.5689,-0.1373,7,569,0.9684,True,0.1307,QUIET,100
barka,2021-07-26,125,0,1.6443,-0.3488,7,569,0.2197,True,0.0000,QUIET,100
barka,2021-07-27,63,42,4.1631,-0.0508,7,569,0.1107,True,0.6667,ALERT,100
barka,2021-07-28,0,0,,,7,569,0.0000,False,,NODATA,100
barka,2021-07-29,1,0,0.8567,0.6709,7,569,0.0018,False,,NODATA,100
barka,2021-07-30,3,0,0.7933,0.6378,7,569,0.0053,False,,NODATA,100
barka,2021-07-31,1,0,1.1291,0.7784,7,569,0.0018,False,,NODATA,100
barka,2021-08-01,0,0,,,8,570,0.0000,False,,NODATA,100
barka,2021-08-02,568,0,1.9285,-0.2856,8,570,0.9965,True,0.0000,QUIET,100
barka,2021-08-03,568,0,1.4726,-0.3309,8,570,0.9965,True,0.0000,QUIET,100
barka,2021-08-04,345,3,2.2862,-0.4747,8,570,0.6053,True,0.0087,QUIET,100
barka,2021-08-05,4,0,1.3756,-0.3740,8,570,0.0070,False,,NODATA,100
barka,2021-08-06,559,1,2.0872,-0.3359,8,570,0.9807,True,0.0018,QUIET,100
barka,2021-08-07,547,9,2.5208,-0.3479,8,570,0.9596,True,0.0165,QUIET,100
barka,2021-08-08,91,0,1.8514,-0.3352,8,570,0.1596,True,0.0000,QUIET,100
barka,2021-08-09,236,1,2.0043,-0.2740,8,570,0.4140,True,0.0042,QUIET,100
barka,2021-08-10,139,1,2.0120,-0.1413,8,570,0.2439,True,0.0072,QUIET,100
barka,2021-08-11,346,28,3.4260,-0.3049,8,570,0.6070,True,0.0809,QUIET,100
barka,2021-08-12,24,0,0.3376,-0.4129,8,570,0.0421,False,,NODATA,100
barka,2021-08-13,390,1,2.1537,-0.3668,8,570,0.6842,True,0.0026,QUIET,100
barka,2021-08-14,414,1,2.4778,-0.2263,8,570,0.7263,True,0.0024,QUIET,100
barka,2021-08-15,216,3,2.3703,-0.2911,8,570,0.3789,True,0.0139,QUIET,100
barka,2021-08-16,0,0,,,8,570,0.0000,False,,NODATA,100
barka,2021-08-17,0,0,,,8,570,0.0000,False,,NODATA,100
barka,2021-08-18,0,0,,,8,570,0.0000,False,,NODATA,100
barka,2021-08-19,217,3,3.3041,-0.5135,8,570,0.3807,True,0.0138,QUIET,100
barka,2021-08-20,0,0,,,8,570,0.0000,False,,NODATA,100
barka,2021-08-21,569,0,1.1233,-0.4116,8,570,0.9982,True,0.0000,QUIET,100
barka,2021-08-22,184,1,2.6898,-0.6532,8,570,0.3228,True,0.0054,QUIET,100
barka,2021-08-23,499,2,2.4089,-0.6006,8,570,0.8754,True,0.0040,QUIET,100
barka,2021-08-24,0,0,,,8,570,0.0000,False,,NODATA,100
barka,2021-08-25,0,0,,,8,570,0.0000,False,,NODATA,100
barka,2021-08-26,474,1,2.0189,-0.6346,8,570,0.8316,True,0.0021,QUIET,100
barka,2021-08-27,343,0,0.8136,-0.6338,8,570,0.6018,True,0.0000,QUIET,100
barka,2021-08-28,0,0,,,8,570,0.0000,False,,NODATA,100
barka,2021-08-29,381,0,0.2422,-0.6599,8,570,0.6684,True,0.0000,QUIET,100
barka,2021-08-30,313,0,0.4880,-0.6479,8,570,0.5491,True,0.0000,QUIET,100
barka,2021-08-31,145,0,0.4374,-0.6457,8,570,0.2544,True,0.0000,QUIET,100
barka,2021-09-01,36,0,1.8364,-0.6598,9,573,0.0628,False,,NODATA,100
barka,2021-09-02,567,15,3.5231,-0.5252,9,573,0.9895,True,0.0265,QUIET,100
barka,2021-09-03,572,17,3.1372,-0.5467,9,573,0.9983,True,0.0297,QUIET,100
barka,2021-09-04,448,0,1.4408,-0.5665,9,573,0.7818,True,0.0000,QUIET,100
barka,2021-09-05,360,0,1.9159,-0.6660,9,573,0.6283,True,0.0000,QUIET,100
barka,2021-09-06,514,0,1.1773,-0.5882,9,573,0.8970,True,0.0000,QUIET,100
barka,2021-09-07,554,0,1.4610,-0.6658,9,573,0.9668,True,0.0000,QUIET,100
barka,2021-09-08,0,0,,,9,573,0.0000,False,,NODATA,100
barka,2021-09-09,412,1,2.5089,-0.6395,9,573,0.7190,True,0.0024,QUIET,100
barka,2021-09-10,5,0,-0.9316,-0.7987,9,573,0.0087,False,,NODATA,100
barka,2021-09-11,571,0,1.9609,-0.5632,9,573,0.9965,True,0.0000,QUIET,100
barka,2021-09-12,0,0,,,9,573,0.0000,False,,NODATA,100
barka,2021-09-13,570,0,1.5671,-0.4742,9,573,0.9948,True,0.0000,QUIET,100
barka,2021-09-14,354,0,1.9851,-0.5891,9,573,0.6178,True,0.0000,QUIET,100
barka,2021-09-15,535,0,1.4133,-0.5462,9,573,0.9337,True,0.0000,QUIET,100
barka,2021-09-16,0,0,,,9,573,0.0000,False,,NODATA,100
barka,2021-09-17,573,3,2.2199,-0.4872,9,573,1.0000,True,0.0052,QUIET,100
barka,2021-09-18,540,0,1.8806,-0.5043,9,573,0.9424,True,0.0000,QUIET,100
barka,2021-09-19,469,0,1.4451,-0.4571,9,573,0.8185,True,0.0000,QUIET,100
barka,2021-09-20,0,0,,,9,573,0.0000,False,,NODATA,100
barka,2021-09-21,572,2,2.9105,-0.5018,9,573,0.9983,True,0.0035,QUIET,100
barka,2021-09-22,567,0,1.7508,-0.5938,9,573,0.9895,True,0.0000,QUIET,100
barka,2021-09-23,547,0,1.9816,-0.6751,9,573,0.9546,True,0.0000,QUIET,100
barka,2021-09-24,8,0,1.3707,0.0827,9,573,0.0140,False,,NODATA,100
barka,2021-09-25,297,2,2.3618,-0.5739,9,573,0.5183,True,0.0067,QUIET,100
barka,2021-09-26,564,1,2.7600,-0.5685,9,573,0.9843,True,0.0018,QUIET,100
barka,2021-09-27,518,0,1.1716,-0.6655,9,573,0.9040,True,0.0000,QUIET,100
barka,2021-09-28,289,0,1.8217,-0.5679,9,573,0.5044,True,0.0000,QUIET,100
barka,2021-09-29,516,5,2.4912,-0.4538,9,573,0.9005,True,0.0097,QUIET,100
barka,2021-09-30,525,8,2.7461,-0.5696,9,573,0.9162,True,0.0152,QUIET,100
barka,2021-10-01,227,3,4.6843,-0.5599,10,574,0.3955,True,0.0132,QUIET,100
barka,2021-10-02,192,6,2.8389,-0.3601,10,574,0.3345,True,0.0312,QUIET,100
barka,2021-10-03,0,0,,,10,574,0.0000,False,,NODATA,100
barka,2021-10-04,144,30,3.8363,-0.1687,10,574,0.2509,True,0.2083,EXCEED,100
barka,2021-10-05,61,7,2.7359,0.0754,10,574,0.1063,True,0.1148,QUIET,100
barka,2021-10-06,486,155,5.6816,0.0440,10,574,0.8467,True,0.3189,ALERT,100
barka,2021-10-07,485,182,5.6159,-0.0666,10,574,0.8449,True,0.3753,ALERT,100
barka,2021-10-08,573,136,4.5379,-0.1914,10,574,0.9983,True,0.2373,ALERT,100
barka,2021-10-09,0,0,,,10,574,0.0000,False,,NODATA,100
barka,2021-10-10,573,76,4.7625,-0.2558,10,574,0.9983,True,0.1326,QUIET,100
barka,2021-10-11,520,52,5.4719,-0.2927,10,574,0.9059,True,0.1000,QUIET,100
barka,2021-10-12,571,56,3.0259,-0.2513,10,574,0.9948,True,0.0981,QUIET,100
barka,2021-10-13,3,2,2.2759,0.9638,10,574,0.0052,False,,NODATA,100
barka,2021-10-14,572,6,2.4214,-0.3268,10,574,0.9965,True,0.0105,QUIET,100
barka,2021-10-15,574,2,2.2519,-0.3570,10,574,1.0000,True,0.0035,QUIET,100
barka,2021-10-16,571,54,3.9015,-0.2673,10,574,0.9948,True,0.0946,QUIET,100
barka,2021-10-17,94,11,3.5370,-0.3618,10,574,0.1638,True,0.1170,QUIET,100
barka,2021-10-18,573,73,3.8353,-0.3256,10,574,0.9983,True,0.1274,QUIET,100
barka,2021-10-19,4,0,1.2758,-0.1747,10,574,0.0070,False,,NODATA,100
barka,2021-10-20,512,57,3.2628,-0.2469,10,574,0.8920,True,0.1113,QUIET,100
barka,2021-10-21,422,7,2.3310,-0.3951,10,574,0.7352,True,0.0166,QUIET,100
barka,2021-10-22,560,38,3.3159,-0.3236,10,574,0.9756,True,0.0679,QUIET,100
barka,2021-10-23,574,41,4.0411,-0.2105,10,574,1.0000,True,0.0714,QUIET,100
barka,2021-10-24,566,63,5.3473,-0.1531,10,574,0.9861,True,0.1113,QUIET,100
barka,2021-10-25,550,18,5.1954,-0.2582,10,574,0.9582,True,0.0327,QUIET,100
barka,2021-10-26,474,30,4.8796,-0.1481,10,574,0.8258,True,0.0633,QUIET,100
barka,2021-10-27,478,4,3.1009,-0.2688,10,574,0.8328,True,0.0084,QUIET,100
barka,2021-10-28,365,26,3.1078,-0.1007,10,574,0.6359,True,0.0712,QUIET,100
barka,2021-10-29,569,91,4.1708,-0.0795,10,574,0.9913,True,0.1599,QUIET,100
barka,2021-10-30,572,101,4.4955,-0.1110,10,574,0.9965,True,0.1766,QUIET,100
barka,2021-10-31,0,0,,,10,574,0.0000,False,,NODATA,100
barka,2021-11-01,9,8,3.7437,0.2163,11,573,0.0157,False,,NODATA,100
barka,2021-11-02,572,52,3.7821,-0.1083,11,573,0.9983,True,0.0909,QUIET,100
barka,2021-11-03,573,20,2.8390,-0.1127,11,573,1.0000,True,0.0349,QUIET,100
barka,2021-11-04,571,66,3.0454,-0.0539,11,573,0.9965,True,0.1156,QUIET,100
barka,2021-11-05,0,0,,,11,573,0.0000,False,,NODATA,100
barka,2021-11-06,571,50,3.0852,-0.0956,11,573,0.9965,True,0.0876,QUIET,100
barka,2021-11-07,571,32,2.4839,-0.1110,11,573,0.9965,True,0.0560,QUIET,100
barka,2021-11-08,572,27,2.8703,-0.1368,11,573,0.9983,True,0.0472,QUIET,100
barka,2021-11-09,133,0,1.6968,-0.1445,11,573,0.2321,True,0.0000,QUIET,100
barka,2021-11-10,563,9,2.3673,-0.1393,11,573,0.9825,True,0.0160,QUIET,100
barka,2021-11-11,573,1,2.1702,-0.1558,11,573,1.0000,True,0.0017,QUIET,100
barka,2021-11-12,0,0,,,11,573,0.0000,False,,NODATA,100
barka,2021-11-13,461,1,2.3217,-0.1311,11,573,0.8045,True,0.0022,QUIET,100
barka,2021-11-14,567,5,2.3852,-0.0932,11,573,0.9895,True,0.0088,QUIET,100
barka,2021-11-15,573,6,2.2321,-0.0476,11,573,1.0000,True,0.0105,QUIET,100
barka,2021-11-16,571,66,3.5548,0.0169,11,573,0.9965,True,0.1156,QUIET,100
barka,2021-11-17,573,11,2.6623,-0.1370,11,573,1.0000,True,0.0192,QUIET,100
barka,2021-11-18,61,14,3.9736,0.2765,11,573,0.1065,True,0.2295,EXCEED,100
barka,2021-11-19,558,6,2.5401,-0.1772,11,573,0.9738,True,0.0108,QUIET,100
barka,2021-11-20,559,146,4.9244,0.0198,11,573,0.9756,True,0.2612,ALERT,100
barka,2021-11-21,573,23,2.9353,-0.1606,11,573,1.0000,True,0.0401,QUIET,100
barka,2021-11-22,573,46,2.8111,-0.0919,11,573,1.0000,True,0.0803,QUIET,100
barka,2021-11-23,573,67,3.5595,-0.1071,11,573,1.0000,True,0.1169,QUIET,100
barka,2021-11-24,449,94,5.6725,-0.0299,11,573,0.7836,True,0.2094,ALERT,100
barka,2021-11-25,573,42,3.8199,-0.0481,11,573,1.0000,True,0.0733,QUIET,100
barka,2021-11-26,573,12,2.8837,-0.2023,11,573,1.0000,True,0.0209,QUIET,100
barka,2021-11-27,571,18,2.9310,-0.1417,11,573,0.9965,True,0.0315,QUIET,100
barka,2021-11-28,132,21,4.2777,0.0293,11,573,0.2304,True,0.1591,QUIET,100
barka,2021-11-29,353,1,2.5124,-0.2385,11,573,0.6161,True,0.0028,QUIET,100
barka,2021-11-30,497,1,2.4058,-0.2187,11,573,0.8674,True,0.0020,QUIET,100
barka,2021-12-01,570,9,2.4063,-0.1931,12,573,0.9948,True,0.0158,QUIET,100
barka,2021-12-02,0,0,,,12,573,0.0000,False,,NODATA,100
barka,2021-12-03,431,12,2.9739,-0.1541,12,573,0.7522,True,0.0278,QUIET,100
barka,2021-12-04,573,45,3.4104,-0.0267,12,573,1.0000,True,0.0785,QUIET,100
barka,2021-12-05,545,66,4.1728,-0.0473,12,573,0.9511,True,0.1211,QUIET,100
barka,2021-12-06,141,0,1.7535,-0.2079,12,573,0.2461,True,0.0000,QUIET,100
barka,2021-12-07,446,4,2.1939,-0.2504,12,573,0.7784,True,0.0090,QUIET,100
barka,2021-12-08,572,35,3.7474,-0.0674,12,573,0.9983,True,0.0612,QUIET,100
barka,2021-12-09,571,53,2.8075,0.0286,12,573,0.9965,True,0.0928,QUIET,100
barka,2021-12-10,461,5,3.1824,-0.1425,12,573,0.8045,True,0.0108,QUIET,100
barka,2021-12-11,573,25,3.6741,-0.0099,12,573,1.0000,True,0.0436,QUIET,100
barka,2021-12-12,0,0,,,12,573,0.0000,False,,NODATA,100
barka,2021-12-13,566,17,3.1490,-0.2329,12,573,0.9878,True,0.0300,QUIET,100
barka,2021-12-14,573,0,1.9921,-0.1564,12,573,1.0000,True,0.0000,QUIET,100
barka,2021-12-15,572,18,3.1148,-0.0439,12,573,0.9983,True,0.0315,QUIET,100
barka,2021-12-16,469,5,2.3763,-0.1227,12,573,0.8185,True,0.0107,QUIET,100
barka,2021-12-17,266,6,2.5040,-0.1097,12,573,0.4642,True,0.0226,QUIET,100
barka,2021-12-18,483,1,2.0839,-0.1711,12,573,0.8429,True,0.0021,QUIET,100
barka,2021-12-19,551,0,1.8191,-0.1975,12,573,0.9616,True,0.0000,QUIET,100
barka,2021-12-20,573,7,3.2759,-0.1859,12,573,1.0000,True,0.0122,QUIET,100
barka,2021-12-21,114,17,4.0249,0.0232,12,573,0.1990,True,0.1491,QUIET,100
barka,2021-12-22,461,8,2.8391,-0.2003,12,573,0.8045,True,0.0174,QUIET,100
barka,2021-12-23,571,28,3.1711,-0.0876,12,573,0.9965,True,0.0490,QUIET,100
barka,2021-12-24,573,46,4.3244,-0.1048,12,573,1.0000,True,0.0803,QUIET,100
barka,2021-12-25,125,102,4.3385,0.3055,12,573,0.2182,True,0.8160,EXCEED,100
barka,2021-12-26,524,212,4.9809,0.1035,12,573,0.9145,True,0.4046,ALERT,100
barka,2021-12-27,217,19,3.6808,-0.1877,12,573,0.3787,True,0.0876,QUIET,100
barka,2021-12-28,488,10,3.5699,-0.1568,12,573,0.8517,True,0.0205,QUIET,100
barka,2021-12-29,0,0,,,12,573,0.0000,False,,NODATA,100
barka,2021-12-30,121,5,3.2099,-0.1225,12,573,0.2112,True,0.0413,QUIET,100
barka,2021-12-31,216,7,3.7408,-0.3289,12,573,0.3770,True,0.0324,QUIET,100
barka,2022-01-01,177,0,1.6408,-0.3683,1,573,0.3089,True,0.0000,QUIET,100
barka,2022-01-02,82,6,3.9928,-0.4256,1,573,0.1431,True,0.0732,QUIET,100
barka,2022-01-03,76,1,4.1999,-0.1888,1,573,0.1326,True,0.0132,QUIET,100
barka,2022-01-04,0,0,,,1,573,0.0000,False,,NODATA,100
barka,2022-01-05,372,1,2.4289,-0.5405,1,573,0.6492,True,0.0027,QUIET,100
barka,2022-01-06,384,3,4.6263,-0.5254,1,573,0.6702,True,0.0078,QUIET,100
barka,2022-01-07,553,2,2.6519,-0.2664,1,573,0.9651,True,0.0036,QUIET,100
barka,2022-01-08,570,20,3.8808,-0.2396,1,573,0.9948,True,0.0351,QUIET,100
barka,2022-01-09,472,20,3.8820,-0.3176,1,573,0.8237,True,0.0424,QUIET,100
barka,2022-01-10,473,4,3.3373,-0.4721,1,573,0.8255,True,0.0085,QUIET,100
barka,2022-01-11,0,0,,,1,573,0.0000,False,,NODATA,100
barka,2022-01-12,569,4,3.0773,-0.3068,1,573,0.9930,True,0.0070,QUIET,100
barka,2022-01-13,562,3,3.2873,-0.3965,1,573,0.9808,True,0.0053,QUIET,100
barka,2022-01-14,573,16,4.8833,-0.4311,1,573,1.0000,True,0.0279,QUIET,100
barka,2022-01-15,466,9,3.2481,-0.3443,1,573,0.8133,True,0.0193,QUIET,100
barka,2022-01-16,134,8,4.4713,-0.1542,1,573,0.2339,True,0.0597,QUIET,100
barka,2022-01-17,143,2,2.2733,-0.2266,1,573,0.2496,True,0.0140,QUIET,100
barka,2022-01-18,554,22,4.0121,-0.3004,1,573,0.9668,True,0.0397,QUIET,100
barka,2022-01-19,197,4,3.1307,-0.1912,1,573,0.3438,True,0.0203,QUIET,100
barka,2022-01-20,416,36,6.8283,-0.1481,1,573,0.7260,True,0.0865,QUIET,100
barka,2022-01-21,0,0,,,1,573,0.0000,False,,NODATA,100
barka,2022-01-22,65,0,1.3530,0.3207,1,573,0.1134,True,0.0000,QUIET,100
barka,2022-01-23,410,3,4.0186,-0.4357,1,573,0.7155,True,0.0073,QUIET,100
barka,2022-01-24,450,11,3.4932,-0.3975,1,573,0.7853,True,0.0244,QUIET,100
barka,2022-01-25,0,0,,,1,573,0.0000,False,,NODATA,100
barka,2022-01-26,571,21,4.8032,-0.3878,1,573,0.9965,True,0.0368,QUIET,100
barka,2022-01-27,570,24,3.9233,-0.3489,1,573,0.9948,True,0.0421,QUIET,100
barka,2022-01-28,570,15,3.1323,-0.2837,1,573,0.9948,True,0.0263,QUIET,100
barka,2022-01-29,139,19,5.1091,0.0119,1,573,0.2426,True,0.1367,QUIET,100
barka,2022-01-30,572,60,3.7996,0.0725,1,573,0.9983,True,0.1049,QUIET,100
barka,2022-01-31,570,64,3.8981,-0.0130,1,573,0.9948,True,0.1123,QUIET,100
barka,2022-02-01,568,28,3.8929,-0.1206,2,571,0.9947,True,0.0493,QUIET,100
barka,2022-02-02,457,22,3.8023,-0.0693,2,571,0.8004,True,0.0481,QUIET,100
barka,2022-02-03,570,19,3.9178,-0.2679,2,571,0.9982,True,0.0333,QUIET,100
barka,2022-02-04,570,45,4.1028,-0.3016,2,571,0.9982,True,0.0789,QUIET,100
barka,2022-02-05,550,40,4.9860,-0.1201,2,571,0.9632,True,0.0727,QUIET,100
barka,2022-02-06,565,32,5.9338,0.0094,2,571,0.9895,True,0.0566,QUIET,100
barka,2022-02-07,571,51,3.4414,-0.2152,2,571,1.0000,True,0.0893,QUIET,100
barka,2022-02-08,522,27,3.7323,-0.3501,2,571,0.9142,True,0.0517,QUIET,100
barka,2022-02-09,564,59,4.2490,-0.2994,2,571,0.9877,True,0.1046,QUIET,100
barka,2022-02-10,569,16,3.1592,-0.2280,2,571,0.9965,True,0.0281,QUIET,100
barka,2022-02-11,569,20,3.7472,-0.1190,2,571,0.9965,True,0.0351,QUIET,100
barka,2022-02-12,570,27,3.3073,-0.0540,2,571,0.9982,True,0.0474,QUIET,100
barka,2022-02-13,2,1,2.1439,0.8210,2,571,0.0035,False,,NODATA,100
barka,2022-02-14,0,0,,,2,571,0.0000,False,,NODATA,100
barka,2022-02-15,225,1,2.0279,-0.3622,2,571,0.3940,True,0.0044,QUIET,100
barka,2022-02-16,571,38,4.0729,0.0003,2,571,1.0000,True,0.0665,QUIET,100
barka,2022-02-17,106,31,4.8312,0.3771,2,571,0.1856,True,0.2925,EXCEED,100
barka,2022-02-18,571,35,5.0557,0.0546,2,571,1.0000,True,0.0613,QUIET,100
barka,2022-02-19,571,27,3.3391,0.1271,2,571,1.0000,True,0.0473,QUIET,100
barka,2022-02-20,570,194,5.5568,0.4850,2,571,0.9982,True,0.3404,ALERT,100
barka,2022-02-21,0,0,,,2,571,0.0000,False,,NODATA,100
barka,2022-02-22,566,56,4.9763,0.1380,2,571,0.9912,True,0.0989,QUIET,100
barka,2022-02-23,571,74,4.0214,0.1698,2,571,1.0000,True,0.1296,QUIET,100
barka,2022-02-24,569,73,3.5905,0.1029,2,571,0.9965,True,0.1283,QUIET,100
barka,2022-02-25,10,7,4.3928,0.7450,2,571,0.0175,False,,NODATA,100
barka,2022-02-26,570,349,6.5627,0.7227,2,571,0.9982,True,0.6123,ALERT,100
barka,2022-02-27,504,270,5.8032,0.6457,2,571,0.8827,True,0.5357,ALERT,100
barka,2022-02-28,492,278,6.2394,0.7035,2,571,0.8616,True,0.5650,ALERT,100
barka,2022-03-01,117,3,2.1917,0.1901,3,573,0.2042,True,0.0256,QUIET,100
barka,2022-03-02,567,144,3.9053,0.6309,3,573,0.9895,True,0.2540,ALERT,100
barka,2022-03-03,569,37,3.5066,0.5129,3,573,0.9930,True,0.0650,QUIET,100
barka,2022-03-04,406,32,4.7338,0.4822,3,573,0.7086,True,0.0788,QUIET,100
barka,2022-03-05,0,0,,,3,573,0.0000,False,,NODATA,100
barka,2022-03-06,456,36,3.7711,0.5044,3,573,0.7958,True,0.0789,QUIET,100
barka,2022-03-07,200,1,2.1150,-0.0182,3,573,0.3490,True,0.0050,QUIET,100
barka,2022-03-08,11,0,-0.7626,-0.1689,3,573,0.0192,False,,NODATA,100
barka,2022-03-09,313,0,1.6653,-0.0721,3,573,0.5462,True,0.0000,QUIET,100
barka,2022-03-10,483,0,1.8579,0.3182,3,573,0.8429,True,0.0000,QUIET,100
barka,2022-03-11,564,9,3.7635,0.2255,3,573,0.9843,True,0.0160,QUIET,100
barka,2022-03-12,230,7,4.0611,0.1889,3,573,0.4014,True,0.0304,QUIET,100
barka,2022-03-13,557,17,3.4388,0.1066,3,573,0.9721,True,0.0305,QUIET,100
barka,2022-03-14,533,0,1.8343,0.0231,3,573,0.9302,True,0.0000,QUIET,100
barka,2022-03-15,570,2,2.5617,-0.0243,3,573,0.9948,True,0.0035,QUIET,100
barka,2022-03-16,112,1,2.0451,0.0529,3,573,0.1955,True,0.0089,QUIET,100
barka,2022-03-17,570,1,2.2126,-0.1249,3,573,0.9948,True,0.0018,QUIET,100
barka,2022-03-18,486,0,0.8061,-0.1246,3,573,0.8482,True,0.0000,QUIET,100
barka,2022-03-19,573,0,1.6587,-0.1127,3,573,1.0000,True,0.0000,QUIET,100
barka,2022-03-20,0,0,,,3,573,0.0000,False,,NODATA,100
barka,2022-03-21,571,1,2.8707,-0.1895,3,573,0.9965,True,0.0018,QUIET,100
barka,2022-03-22,548,0,1.5239,-0.0574,3,573,0.9564,True,0.0000,QUIET,100
barka,2022-03-23,571,0,1.3402,-0.0748,3,573,0.9965,True,0.0000,QUIET,100
barka,2022-03-24,0,0,,,3,573,0.0000,False,,NODATA,100
barka,2022-03-25,571,10,2.7788,0.0468,3,573,0.9965,True,0.0175,QUIET,100
barka,2022-03-26,465,7,3.3193,-0.0331,3,573,0.8115,True,0.0151,QUIET,100
barka,2022-03-27,571,2,2.5147,0.0342,3,573,0.9965,True,0.0035,QUIET,100
barka,2022-03-28,0,0,,,3,573,0.0000,False,,NODATA,100
barka,2022-03-29,572,6,3.8361,-0.0515,3,573,0.9983,True,0.0105,QUIET,100
barka,2022-03-30,567,6,3.1005,-0.0983,3,573,0.9895,True,0.0106,QUIET,100
barka,2022-03-31,569,2,2.0027,0.1219,3,573,0.9930,True,0.0035,QUIET,100
barka,2022-04-01,0,0,,,4,573,0.0000,False,,NODATA,100
barka,2022-04-02,571,7,3.6484,-0.0009,4,573,0.9965,True,0.0123,QUIET,100
barka,2022-04-03,571,9,3.9507,-0.0285,4,573,0.9965,True,0.0158,QUIET,100
barka,2022-04-04,471,2,3.1926,0.0135,4,573,0.8220,True,0.0042,QUIET,100
barka,2022-04-05,46,1,2.0334,-0.1667,4,573,0.0803,False,,NODATA,100
barka,2022-04-06,554,0,1.7123,-0.0341,4,573,0.9668,True,0.0000,QUIET,100
barka,2022-04-07,571,2,2.8025,-0.0607,4,573,0.9965,True,0.0035,QUIET,100
barka,2022-04-08,438,0,1.8042,0.0024,4,573,0.7644,True,0.0000,QUIET,100
barka,2022-04-09,267,9,3.6222,-0.0368,4,573,0.4660,True,0.0337,QUIET,100
barka,2022-04-10,567,0,1.7778,0.0922,4,573,0.9895,True,0.0000,QUIET,100
barka,2022-04-11,569,0,1.5068,0.0225,4,573,0.9930,True,0.0000,QUIET,100
barka,2022-04-12,117,0,1.8292,0.0062,4,573,0.2042,True,0.0000,QUIET,100
barka,2022-04-13,557,0,1.3744,0.0945,4,573,0.9721,True,0.0000,QUIET,100
barka,2022-04-14,35,0,-0.9714,-0.4141,4,573,0.0611,False,,NODATA,100
barka,2022-04-15,462,0,1.7234,-0.4737,4,573,0.8063,True,0.0000,QUIET,100
barka,2022-04-16,0,0,,,4,573,0.0000,False,,NODATA,100
barka,2022-04-17,568,0,1.2366,-0.0011,4,573,0.9913,True,0.0000,QUIET,100
barka,2022-04-18,0,0,,,4,573,0.0000,False,,NODATA,100
barka,2022-04-19,553,0,-0.5970,-0.3783,4,573,0.9651,True,0.0000,QUIET,100
barka,2022-04-20,0,0,,,4,573,0.0000,False,,NODATA,100
barka,2022-04-21,564,0,0.5669,-0.2446,4,573,0.9843,True,0.0000,QUIET,100
barka,2022-04-22,125,1,2.0694,-0.3436,4,573,0.2182,True,0.0080,QUIET,100
barka,2022-04-23,274,0,1.1178,-0.3887,4,573,0.4782,True,0.0000,QUIET,100
barka,2022-04-24,0,0,,,4,573,0.0000,False,,NODATA,100
barka,2022-04-25,572,0,1.6549,-0.3050,4,573,0.9983,True,0.0000,QUIET,100
barka,2022-04-26,282,4,3.4243,-0.4156,4,573,0.4921,True,0.0142,QUIET,100
barka,2022-04-27,570,0,1.3263,-0.3809,4,573,0.9948,True,0.0000,QUIET,100
barka,2022-04-28,0,0,,,4,573,0.0000,False,,NODATA,100
barka,2022-04-29,571,1,2.1276,-0.3913,4,573,0.9965,True,0.0018,QUIET,100
barka,2022-04-30,566,0,1.8658,-0.4463,4,573,0.9878,True,0.0000,QUIET,100
barka,2022-05-01,476,2,2.1837,-0.3968,5,573,0.8307,True,0.0042,QUIET,100
barka,2022-05-02,0,0,,,5,573,0.0000,False,,NODATA,100
barka,2022-05-03,563,0,1.0825,-0.4278,5,573,0.9825,True,0.0000,QUIET,100
barka,2022-05-04,572,1,2.0186,-0.3996,5,573,0.9983,True,0.0017,QUIET,100
barka,2022-05-05,81,3,3.2140,-0.3176,5,573,0.1414,True,0.0370,QUIET,100
barka,2022-05-06,284,0,1.6557,-0.7900,5,573,0.4956,True,0.0000,QUIET,100
barka,2022-05-07,555,0,1.7367,-0.6420,5,573,0.9686,True,0.0000,QUIET,100
barka,2022-05-08,571,1,2.0576,-0.5265,5,573,0.9965,True,0.0018,QUIET,100
barka,2022-05-09,0,0,,,5,573,0.0000,False,,NODATA,100
barka,2022-05-10,353,6,3.9297,-0.4941,5,573,0.6161,True,0.0170,QUIET,100
barka,2022-05-11,572,0,1.3319,-0.4944,5,573,0.9983,True,0.0000,QUIET,100
barka,2022-05-12,572,0,1.5193,-0.4793,5,573,0.9983,True,0.0000,QUIET,100
barka,2022-05-13,0,0,,,5,573,0.0000,False,,NODATA,100
barka,2022-05-14,573,0,1.3045,-0.5178,5,573,1.0000,True,0.0000,QUIET,100
barka,2022-05-15,86,2,3.6239,-0.5139,5,573,0.1501,True,0.0233,QUIET,100
barka,2022-05-16,554,0,1.1636,-0.6054,5,573,0.9668,True,0.0000,QUIET,100
barka,2022-05-17,0,0,,,5,573,0.0000,False,,NODATA,100
barka,2022-05-18,572,0,1.4070,-0.5615,5,573,0.9983,True,0.0000,QUIET,100
barka,2022-05-19,149,6,4.8608,-0.6888,5,573,0.2600,True,0.0403,QUIET,100
barka,2022-05-20,551,0,1.0888,-0.6626,5,573,0.9616,True,0.0000,QUIET,100
barka,2022-05-21,0,0,,,5,573,0.0000,False,,NODATA,100
barka,2022-05-22,573,0,1.8001,-0.6249,5,573,1.0000,True,0.0000,QUIET,100
barka,2022-05-23,201,2,2.9344,-0.8102,5,573,0.3508,True,0.0100,QUIET,100
barka,2022-05-24,225,2,4.2403,-0.5703,5,573,0.3927,True,0.0089,QUIET,100
barka,2022-05-25,0,0,,,5,573,0.0000,False,,NODATA,100
barka,2022-05-26,556,1,2.6997,-0.6389,5,573,0.9703,True,0.0018,QUIET,100
barka,2022-05-27,486,0,-0.5687,-0.7992,5,573,0.8482,True,0.0000,QUIET,100
barka,2022-05-28,146,0,0.4876,-0.6258,5,573,0.2548,True,0.0000,QUIET,100
barka,2022-05-29,0,0,,,5,573,0.0000,False,,NODATA,100
barka,2022-05-30,553,0,0.5178,-0.5586,5,573,0.9651,True,0.0000,QUIET,100
barka,2022-05-31,571,0,1.3251,-0.6370,5,573,0.9965,True,0.0000,QUIET,100
barka,2022-06-01,1,1,2.4644,0.8121,6,572,0.0017,False,,NODATA,100
barka,2022-06-02,145,2,2.8848,-0.6139,6,572,0.2535,True,0.0138,QUIET,100
barka,2022-06-03,571,3,2.9438,-0.6271,6,572,0.9983,True,0.0053,QUIET,100
barka,2022-06-04,571,2,3.3307,-0.6325,6,572,0.9983,True,0.0035,QUIET,100
barka,2022-06-05,0,0,,,6,572,0.0000,False,,NODATA,100
barka,2022-06-06,408,1,2.9250,-0.6446,6,572,0.7133,True,0.0025,QUIET,100
barka,2022-06-07,562,2,2.0979,-0.6521,6,572,0.9825,True,0.0036,QUIET,100
barka,2022-06-08,570,3,2.6880,-0.6712,6,572,0.9965,True,0.0053,QUIET,100
barka,2022-06-09,0,0,,,6,572,0.0000,False,,NODATA,100
barka,2022-06-10,571,2,5.4815,-0.6928,6,572,0.9983,True,0.0035,QUIET,100
barka,2022-06-11,34,1,2.1707,-0.6245,6,572,0.0594,False,,NODATA,100
barka,2022-06-12,258,3,3.6289,-0.7139,6,572,0.4510,True,0.0116,QUIET,100
barka,2022-06-13,0,0,,,6,572,0.0000,False,,NODATA,100
barka,2022-06-14,241,0,0.9319,-0.7212,6,572,0.4213,True,0.0000,QUIET,100
barka,2022-06-15,11,0,1.9426,0.3530,6,572,0.0192,False,,NODATA,100
barka,2022-06-16,355,0,0.4250,-0.6739,6,572,0.6206,True,0.0000,QUIET,100
barka,2022-06-17,0,0,,,6,572,0.0000,False,,NODATA,100
barka,2022-06-18,432,0,-1.3576,-1.0117,6,572,0.7552,True,0.0000,QUIET,100
barka,2022-06-19,329,4,2.7384,-0.6630,6,572,0.5752,True,0.0122,QUIET,100
barka,2022-06-20,557,0,1.7194,-0.6429,6,572,0.9738,True,0.0000,QUIET,100
barka,2022-06-21,0,0,,,6,572,0.0000,False,,NODATA,100
barka,2022-06-22,455,0,0.4260,-0.7556,6,572,0.7955,True,0.0000,QUIET,100
barka,2022-06-23,20,5,2.4205,0.6246,6,572,0.0350,False,,NODATA,100
barka,2022-06-24,0,0,,,6,572,0.0000,False,,NODATA,100
barka,2022-06-25,0,0,,,6,572,0.0000,False,,NODATA,100
barka,2022-06-26,0,0,,,6,572,0.0000,False,,NODATA,100
barka,2022-06-27,0,0,,,6,572,0.0000,False,,NODATA,100
barka,2022-06-28,0,0,,,6,572,0.0000,False,,NODATA,100
barka,2022-06-29,204,0,1.7182,-0.8274,6,572,0.3566,True,0.0000,QUIET,100
barka,2022-06-30,0,0,,,6,572,0.0000,False,,NODATA,100
barka,2022-07-01,12,0,-3.0147,-1.2001,7,569,0.0211,False,,NODATA,100
barka,2022-07-02,0,0,,,7,569,0.0000,False,,NODATA,100
barka,2022-07-03,43,0,0.0202,-0.7248,7,569,0.0756,False,,NODATA,100
barka,2022-07-04,0,0,,,7,569,0.0000,False,,NODATA,100
barka,2022-07-05,0,0,,,7,569,0.0000,False,,NODATA,100
barka,2022-07-06,0,0,,,7,569,0.0000,False,,NODATA,100
barka,2022-07-07,2,0,-1.2811,-0.8040,7,569,0.0035,False,,NODATA,100
barka,2022-07-08,58,0,1.2673,-0.6883,7,569,0.1019,True,0.0000,QUIET,100
barka,2022-07-09,271,0,1.0719,-0.5622,7,569,0.4763,True,0.0000,QUIET,100
barka,2022-07-10,0,0,,,7,569,0.0000,False,,NODATA,100
barka,2022-07-11,460,0,0.9762,-0.6428,7,569,0.8084,True,0.0000,QUIET,100
barka,2022-07-12,6,0,0.2886,0.1739,7,569,0.0105,False,,NODATA,100
barka,2022-07-13,372,0,-0.8086,-0.9775,7,569,0.6538,True,0.0000,QUIET,100
barka,2022-07-14,0,0,,,7,569,0.0000,False,,NODATA,100
barka,2022-07-15,289,0,-1.1545,-0.9886,7,569,0.5079,True,0.0000,QUIET,100
barka,2022-07-16,94,0,0.8656,-0.6408,7,569,0.1652,True,0.0000,QUIET,100
barka,2022-07-17,0,0,,,7,569,0.0000,False,,NODATA,100
barka,2022-07-18,0,0,,,7,569,0.0000,False,,NODATA,100
barka,2022-07-19,100,2,2.2285,-0.4041,7,569,0.1757,True,0.0200,QUIET,100
barka,2022-07-20,544,13,3.6279,-0.6454,7,569,0.9561,True,0.0239,QUIET,100
barka,2022-07-21,152,0,1.0189,-0.7771,7,569,0.2671,True,0.0000,QUIET,100
barka,2022-07-22,22,0,1.9762,-0.7223,7,569,0.0387,False,,NODATA,100
barka,2022-07-23,59,0,1.1652,-0.7539,7,569,0.1037,True,0.0000,QUIET,100
barka,2022-07-24,252,0,0.7927,-0.9491,7,569,0.4429,True,0.0000,QUIET,100
barka,2022-07-25,0,0,,,7,569,0.0000,False,,NODATA,100
barka,2022-07-26,0,0,,,7,569,0.0000,False,,NODATA,100
barka,2022-07-27,185,0,1.6491,-0.5012,7,569,0.3251,True,0.0000,QUIET,100
barka,2022-07-28,342,0,0.4884,-0.7149,7,569,0.6011,True,0.0000,QUIET,100
barka,2022-07-29,0,0,,,7,569,0.0000,False,,NODATA,100
barka,2022-07-30,373,51,4.9346,-0.3533,7,569,0.6555,True,0.1367,QUIET,100
barka,2022-07-31,311,22,4.4860,-0.4736,7,569,0.5466,True,0.0707,QUIET,100
barka,2022-08-01,540,0,-0.3991,-0.7922,8,570,0.9474,True,0.0000,QUIET,100
barka,2022-08-02,0,0,,,8,570,0.0000,False,,NODATA,100
barka,2022-08-03,564,0,1.9691,-0.3845,8,570,0.9895,True,0.0000,QUIET,100
barka,2022-08-04,79,0,-0.7430,-0.7274,8,570,0.1386,True,0.0000,QUIET,100
barka,2022-08-05,529,0,1.1738,-0.5986,8,570,0.9281,True,0.0000,QUIET,100
barka,2022-08-06,0,0,,,8,570,0.0000,False,,NODATA,100
barka,2022-08-07,542,1,2.0580,-0.6085,8,570,0.9509,True,0.0018,QUIET,100
barka,2022-08-08,323,4,3.2708,-0.6075,8,570,0.5667,True,0.0124,QUIET,100
barka,2022-08-09,376,1,2.2412,-0.8611,8,570,0.6596,True,0.0027,QUIET,100
barka,2022-08-10,0,0,,,8,570,0.0000,False,,NODATA,100
barka,2022-08-11,83,0,-1.3206,-0.9237,8,570,0.1456,True,0.0000,QUIET,100
barka,2022-08-12,14,0,-0.8948,-0.6673,8,570,0.0246,False,,NODATA,100
barka,2022-08-13,0,0,,,8,570,0.0000,False,,NODATA,100
barka,2022-08-14,0,0,,,8,570,0.0000,False,,NODATA,100
barka,2022-08-15,0,0,,,8,570,0.0000,False,,NODATA,100
barka,2022-08-16,1,0,0.2002,0.6254,8,570,0.0018,False,,NODATA,100
barka,2022-08-17,0,0,,,8,570,0.0000,False,,NODATA,100
barka,2022-08-18,75,0,1.2106,-0.7185,8,570,0.1316,True,0.0000,QUIET,100
barka,2022-08-19,565,1,2.7830,-0.4662,8,570,0.9912,True,0.0018,QUIET,100
barka,2022-08-20,539,1,2.2604,-0.4933,8,570,0.9456,True,0.0019,QUIET,100
barka,2022-08-21,30,0,1.6737,-0.5306,8,570,0.0526,False,,NODATA,100
barka,2022-08-22,330,1,2.2749,-0.6051,8,570,0.5789,True,0.0030,QUIET,100
barka,2022-08-23,536,1,2.2835,-0.4821,8,570,0.9404,True,0.0019,QUIET,100
barka,2022-08-24,330,0,1.1029,-0.5564,8,570,0.5789,True,0.0000,QUIET,100
barka,2022-08-25,0,0,,,8,570,0.0000,False,,NODATA,100
barka,2022-08-26,496,0,1.1043,-0.5526,8,570,0.8702,True,0.0000,QUIET,100
barka,2022-08-27,556,0,1.2762,-0.4932,8,570,0.9754,True,0.0000,QUIET,100
barka,2022-08-28,570,0,1.1478,-0.3803,8,570,1.0000,True,0.0000,QUIET,100
barka,2022-08-29,0,0,,,8,570,0.0000,False,,NODATA,100
barka,2022-08-30,543,1,2.7432,-0.4129,8,570,0.9526,True,0.0018,QUIET,100
barka,2022-08-31,525,0,1.4510,-0.4186,8,570,0.9211,True,0.0000,QUIET,100
barka,2022-09-01,573,19,3.0333,-0.4185,9,573,1.0000,True,0.0332,QUIET,100
barka,2022-09-02,0,0,,,9,573,0.0000,False,,NODATA,100
barka,2022-09-03,570,22,3.3411,-0.3937,9,573,0.9948,True,0.0386,QUIET,100
barka,2022-09-04,458,5,2.4744,-0.4758,9,573,0.7993,True,0.0109,QUIET,100
barka,2022-09-05,573,0,1.8369,-0.4911,9,573,1.0000,True,0.0000,QUIET,100
barka,2022-09-06,0,0,,,9,573,0.0000,False,,NODATA,100
barka,2022-09-07,331,0,1.6378,-0.5644,9,573,0.5777,True,0.0000,QUIET,100
barka,2022-09-08,499,0,1.4208,-0.5972,9,573,0.8709,True,0.0000,QUIET,100
barka,2022-09-09,475,0,1.8726,-0.5981,9,573,0.8290,True,0.0000,QUIET,100
barka,2022-09-10,0,0,,,9,573,0.0000,False,,NODATA,100
barka,2022-09-11,569,0,1.3447,-0.5227,9,573,0.9930,True,0.0000,QUIET,100
barka,2022-09-12,572,0,1.6951,-0.5783,9,573,0.9983,True,0.0000,QUIET,100
barka,2022-09-13,246,0,0.7016,-0.6828,9,573,0.4293,True,0.0000,QUIET,100
barka,2022-09-14,107,1,2.6397,-0.5754,9,573,0.1867,True,0.0093,QUIET,100
barka,2022-09-15,514,2,3.4701,-0.6827,9,573,0.8970,True,0.0039,QUIET,100
barka,2022-09-16,568,2,3.2497,-0.6851,9,573,0.9913,True,0.0035,QUIET,100
barka,2022-09-17,443,0,0.4110,-0.7364,9,573,0.7731,True,0.0000,QUIET,100
barka,2022-09-18,404,1,2.1972,-0.7309,9,573,0.7051,True,0.0025,QUIET,100
barka,2022-09-19,249,0,1.2252,-0.7131,9,573,0.4346,True,0.0000,QUIET,100
barka,2022-09-20,487,1,2.9582,-0.6861,9,573,0.8499,True,0.0021,QUIET,100
barka,2022-09-21,77,0,-0.7521,-0.6472,9,573,0.1344,True,0.0000,QUIET,100
barka,2022-09-22,472,2,4.6994,-0.6541,9,573,0.8237,True,0.0042,QUIET,100
barka,2022-09-23,567,0,1.2107,-0.7040,9,573,0.9895,True,0.0000,QUIET,100
barka,2022-09-24,572,0,1.1044,-0.6764,9,573,0.9983,True,0.0000,QUIET,100
barka,2022-09-25,0,0,,,9,573,0.0000,False,,NODATA,100
barka,2022-09-26,412,0,1.1557,-0.6925,9,573,0.7190,True,0.0000,QUIET,100
barka,2022-09-27,364,0,1.1583,-0.7546,9,573,0.6353,True,0.0000,QUIET,100
barka,2022-09-28,416,0,1.2270,-0.6949,9,573,0.7260,True,0.0000,QUIET,100
barka,2022-09-29,0,0,,,9,573,0.0000,False,,NODATA,100
barka,2022-09-30,446,0,1.2397,-0.6454,9,573,0.7784,True,0.0000,QUIET,100
barka,2022-10-01,570,1,2.2225,-0.6562,10,574,0.9930,True,0.0018,QUIET,100
barka,2022-10-02,568,0,0.5841,-0.7246,10,574,0.9895,True,0.0000,QUIET,100
barka,2022-10-03,1,0,1.2711,0.7106,10,574,0.0017,False,,NODATA,100
barka,2022-10-04,571,0,1.7266,-0.5955,10,574,0.9948,True,0.0000,QUIET,100
barka,2022-10-05,572,0,1.1365,-0.6231,10,574,0.9965,True,0.0000,QUIET,100
barka,2022-10-06,569,0,0.9327,-0.6447,10,574,0.9913,True,0.0000,QUIET,100
barka,2022-10-07,127,5,3.2491,-0.5439,10,574,0.2213,True,0.0394,QUIET,100
barka,2022-10-08,569,0,1.4347,-0.6169,10,574,0.9913,True,0.0000,QUIET,100
barka,2022-10-09,0,0,,,10,574,0.0000,False,,NODATA,100
barka,2022-10-10,570,3,3.4779,-0.6654,10,574,0.9930,True,0.0053,QUIET,100
barka,2022-10-11,207,9,3.7283,-0.4741,10,574,0.3606,True,0.0435,QUIET,100
barka,2022-10-12,571,0,1.7543,-0.6287,10,574,0.9948,True,0.0000,QUIET,100
barka,2022-10-13,573,3,2.9898,-0.6786,10,574,0.9983,True,0.0052,QUIET,100
barka,2022-10-14,457,1,2.0146,-0.6500,10,574,0.7962,True,0.0022,QUIET,100
barka,2022-10-15,0,0,,,10,574,0.0000,False,,NODATA,100
barka,2022-10-16,0,0,,,10,574,0.0000,False,,NODATA,100
barka,2022-10-17,0,0,,,10,574,0.0000,False,,NODATA,100
barka,2022-10-18,0,0,,,10,574,0.0000,False,,NODATA,100
barka,2022-10-19,0,0,,,10,574,0.0000,False,,NODATA,100
barka,2022-10-20,0,0,,,10,574,0.0000,False,,NODATA,100
barka,2022-10-21,0,0,,,10,574,0.0000,False,,NODATA,100
barka,2022-10-22,0,0,,,10,574,0.0000,False,,NODATA,100
barka,2022-10-23,0,0,,,10,574,0.0000,False,,NODATA,100
barka,2022-10-24,0,0,,,10,574,0.0000,False,,NODATA,100
barka,2022-10-25,0,0,,,10,574,0.0000,False,,NODATA,100
barka,2022-10-26,0,0,,,10,574,0.0000,False,,NODATA,100
barka,2022-10-27,0,0,,,10,574,0.0000,False,,NODATA,100
barka,2022-10-28,0,0,,,10,574,0.0000,False,,NODATA,100
barka,2022-10-29,0,0,,,10,574,0.0000,False,,NODATA,100
barka,2022-10-30,0,0,,,10,574,0.0000,False,,NODATA,100
barka,2022-10-31,0,0,,,10,574,0.0000,False,,NODATA,100
barka,2022-11-01,0,0,,,11,573,0.0000,False,,NODATA,100
barka,2022-11-02,0,0,,,11,573,0.0000,False,,NODATA,100
barka,2022-11-03,0,0,,,11,573,0.0000,False,,NODATA,100
barka,2022-11-04,0,0,,,11,573,0.0000,False,,NODATA,100
barka,2022-11-05,0,0,,,11,573,0.0000,False,,NODATA,100
barka,2022-11-06,0,0,,,11,573,0.0000,False,,NODATA,100
barka,2022-11-07,0,0,,,11,573,0.0000,False,,NODATA,100
barka,2022-11-08,0,0,,,11,573,0.0000,False,,NODATA,100
barka,2022-11-09,0,0,,,11,573,0.0000,False,,NODATA,100
barka,2022-11-10,0,0,,,11,573,0.0000,False,,NODATA,100
barka,2022-11-11,0,0,,,11,573,0.0000,False,,NODATA,100
barka,2022-11-12,0,0,,,11,573,0.0000,False,,NODATA,100
barka,2022-11-13,0,0,,,11,573,0.0000,False,,NODATA,100
barka,2022-11-14,0,0,,,11,573,0.0000,False,,NODATA,100
barka,2022-11-15,0,0,,,11,573,0.0000,False,,NODATA,100
barka,2022-11-16,0,0,,,11,573,0.0000,False,,NODATA,100
barka,2022-11-17,0,0,,,11,573,0.0000,False,,NODATA,100
barka,2022-11-18,0,0,,,11,573,0.0000,False,,NODATA,100
barka,2022-11-19,0,0,,,11,573,0.0000,False,,NODATA,100
barka,2022-11-20,0,0,,,11,573,0.0000,False,,NODATA,100
barka,2022-11-21,0,0,,,11,573,0.0000,False,,NODATA,100
barka,2022-11-22,0,0,,,11,573,0.0000,False,,NODATA,100
barka,2022-11-23,0,0,,,11,573,0.0000,False,,NODATA,100
barka,2022-11-24,0,0,,,11,573,0.0000,False,,NODATA,100
barka,2022-11-25,0,0,,,11,573,0.0000,False,,NODATA,100
barka,2022-11-26,0,0,,,11,573,0.0000,False,,NODATA,100
barka,2022-11-27,0,0,,,11,573,0.0000,False,,NODATA,100
barka,2022-11-28,0,0,,,11,573,0.0000,False,,NODATA,100
barka,2022-11-29,0,0,,,11,573,0.0000,False,,NODATA,100
barka,2022-11-30,0,0,,,11,573,0.0000,False,,NODATA,100
barka,2022-12-01,0,0,,,12,573,0.0000,False,,NODATA,100
barka,2022-12-02,0,0,,,12,573,0.0000,False,,NODATA,100
barka,2022-12-03,0,0,,,12,573,0.0000,False,,NODATA,100
barka,2022-12-04,0,0,,,12,573,0.0000,False,,NODATA,100
barka,2022-12-05,0,0,,,12,573,0.0000,False,,NODATA,100
barka,2022-12-06,0,0,,,12,573,0.0000,False,,NODATA,100
barka,2022-12-07,0,0,,,12,573,0.0000,False,,NODATA,100
barka,2022-12-08,0,0,,,12,573,0.0000,False,,NODATA,100
barka,2022-12-09,0,0,,,12,573,0.0000,False,,NODATA,100
barka,2022-12-10,0,0,,,12,573,0.0000,False,,NODATA,100
barka,2022-12-11,0,0,,,12,573,0.0000,False,,NODATA,100
barka,2022-12-12,0,0,,,12,573,0.0000,False,,NODATA,100
barka,2022-12-13,0,0,,,12,573,0.0000,False,,NODATA,100
barka,2022-12-14,0,0,,,12,573,0.0000,False,,NODATA,100
barka,2022-12-15,0,0,,,12,573,0.0000,False,,NODATA,100
barka,2022-12-16,0,0,,,12,573,0.0000,False,,NODATA,100
barka,2022-12-17,0,0,,,12,573,0.0000,False,,NODATA,100
barka,2022-12-18,0,0,,,12,573,0.0000,False,,NODATA,100
barka,2022-12-19,0,0,,,12,573,0.0000,False,,NODATA,100
barka,2022-12-20,0,0,,,12,573,0.0000,False,,NODATA,100
barka,2022-12-21,0,0,,,12,573,0.0000,False,,NODATA,100
barka,2022-12-22,0,0,,,12,573,0.0000,False,,NODATA,100
barka,2022-12-23,0,0,,,12,573,0.0000,False,,NODATA,100
barka,2022-12-24,0,0,,,12,573,0.0000,False,,NODATA,100
barka,2022-12-25,0,0,,,12,573,0.0000,False,,NODATA,100
barka,2022-12-26,0,0,,,12,573,0.0000,False,,NODATA,100
barka,2022-12-27,0,0,,,12,573,0.0000,False,,NODATA,100
barka,2022-12-28,0,0,,,12,573,0.0000,False,,NODATA,100
barka,2022-12-29,0,0,,,12,573,0.0000,False,,NODATA,100
barka,2022-12-30,0,0,,,12,573,0.0000,False,,NODATA,100
barka,2022-12-31,0,0,,,12,573,0.0000,False,,NODATA,100
barka,2023-01-01,0,0,,,1,573,0.0000,False,,NODATA,100
barka,2023-01-02,0,0,,,1,573,0.0000,False,,NODATA,100
barka,2023-01-03,0,0,,,1,573,0.0000,False,,NODATA,100
barka,2023-01-04,0,0,,,1,573,0.0000,False,,NODATA,100
barka,2023-01-05,0,0,,,1,573,0.0000,False,,NODATA,100
barka,2023-01-06,0,0,,,1,573,0.0000,False,,NODATA,100
barka,2023-01-07,0,0,,,1,573,0.0000,False,,NODATA,100
barka,2023-01-08,0,0,,,1,573,0.0000,False,,NODATA,100
barka,2023-01-09,0,0,,,1,573,0.0000,False,,NODATA,100
barka,2023-01-10,0,0,,,1,573,0.0000,False,,NODATA,100
barka,2023-01-11,0,0,,,1,573,0.0000,False,,NODATA,100
barka,2023-01-12,0,0,,,1,573,0.0000,False,,NODATA,100
barka,2023-01-13,0,0,,,1,573,0.0000,False,,NODATA,100
barka,2023-01-14,0,0,,,1,573,0.0000,False,,NODATA,100
barka,2023-01-15,139,2,2.2352,-0.2493,1,573,0.2426,True,0.0144,QUIET,100
barka,2023-01-16,570,18,4.4616,-0.1389,1,573,0.9948,True,0.0316,QUIET,100
barka,2023-01-17,565,14,4.1807,-0.1593,1,573,0.9860,True,0.0248,QUIET,100
barka,2023-01-18,0,0,,,1,573,0.0000,False,,NODATA,100
barka,2023-01-19,0,0,,,1,573,0.0000,False,,NODATA,100
barka,2023-01-20,397,0,0.4476,-0.4487,1,573,0.6928,True,0.0000,QUIET,100
barka,2023-01-21,301,0,0.9976,-0.5189,1,573,0.5253,True,0.0000,QUIET,100
barka,2023-01-22,308,0,-0.4901,-0.5574,1,573,0.5375,True,0.0000,QUIET,100
barka,2023-01-23,468,3,2.9298,-0.5040,1,573,0.8168,True,0.0064,QUIET,100
barka,2023-01-24,413,1,2.5417,-0.4567,1,573,0.7208,True,0.0024,QUIET,100
barka,2023-01-25,445,5,3.3622,-0.4619,1,573,0.7766,True,0.0112,QUIET,100
barka,2023-01-26,63,1,3.4464,-0.3528,1,573,0.1099,True,0.0159,QUIET,100
barka,2023-01-27,47,1,2.1570,-0.3971,1,573,0.0820,False,,NODATA,100
barka,2023-01-28,306,2,2.2562,-0.4704,1,573,0.5340,True,0.0065,QUIET,100
barka,2023-01-29,541,5,3.1683,-0.3401,1,573,0.9442,True,0.0092,QUIET,100
barka,2023-01-30,433,30,5.1552,-0.0726,1,573,0.7557,True,0.0693,QUIET,100
barka,2023-01-31,507,39,3.8756,-0.0128,1,573,0.8848,True,0.0769,QUIET,100
barka,2023-02-01,539,0,1.9668,-0.2575,2,571,0.9440,True,0.0000,QUIET,100
barka,2023-02-02,536,17,3.6434,-0.0442,2,571,0.9387,True,0.0317,QUIET,100
barka,2023-02-03,121,0,1.7804,-0.2705,2,571,0.2119,True,0.0000,QUIET,100
barka,2023-02-04,567,34,3.8789,-0.0520,2,571,0.9930,True,0.0600,QUIET,100
barka,2023-02-05,570,30,5.0564,0.0795,2,571,0.9982,True,0.0526,QUIET,100
barka,2023-02-06,570,0,1.5112,-0.1939,2,571,0.9982,True,0.0000,QUIET,100
barka,2023-02-07,0,0,,,2,571,0.0000,False,,NODATA,100
barka,2023-02-08,548,54,4.2401,0.1332,2,571,0.9597,True,0.0985,QUIET,100
barka,2023-02-09,571,225,5.9134,0.4603,2,571,1.0000,True,0.3940,EXCEED,100
barka,2023-02-10,479,37,5.1160,-0.0262,2,571,0.8389,True,0.0772,QUIET,100
barka,2023-02-11,135,13,3.4780,0.2241,2,571,0.2364,True,0.0963,QUIET,100
barka,2023-02-12,568,196,4.8975,0.4054,2,571,0.9947,True,0.3451,ALERT,100
barka,2023-02-13,515,226,6.5328,0.5840,2,571,0.9019,True,0.4388,ALERT,100
barka,2023-02-14,440,281,6.7516,0.7438,2,571,0.7706,True,0.6386,ALERT,100
barka,2023-02-15,200,125,5.3211,0.7845,2,571,0.3503,True,0.6250,ALERT,100
barka,2023-02-16,566,378,7.6440,0.7873,2,571,0.9912,True,0.6678,ALERT,100
barka,2023-02-17,558,333,5.9114,0.7219,2,571,0.9772,True,0.5968,ALERT,100
barka,2023-02-18,483,211,6.7207,0.5624,2,571,0.8459,True,0.4369,ALERT,100
barka,2023-02-19,413,38,3.6063,0.2872,2,571,0.7233,True,0.0920,QUIET,100
barka,2023-02-20,509,16,7.1248,-0.1061,2,571,0.8914,True,0.0314,QUIET,100
barka,2023-02-21,558,20,4.5993,-0.1071,2,571,0.9772,True,0.0358,QUIET,100
barka,2023-02-22,244,15,5.6908,0.1421,2,571,0.4273,True,0.0615,QUIET,100
barka,2023-02-23,569,63,5.0418,0.2880,2,571,0.9965,True,0.1107,QUIET,100
barka,2023-02-24,535,171,6.8847,0.4849,2,571,0.9370,True,0.3196,ALERT,100
barka,2023-02-25,509,191,6.1935,0.4902,2,571,0.8914,True,0.3752,ALERT,100
barka,2023-02-26,354,259,8.4206,0.7265,2,571,0.6200,True,0.7316,ALERT,100
barka,2023-02-27,565,323,6.2467,0.6072,2,571,0.9895,True,0.5717,ALERT,100
barka,2023-02-28,449,229,5.8293,0.5354,2,571,0.7863,True,0.5100,ALERT,100
barka,2023-03-01,344,26,2.9717,0.3941,3,573,0.6003,True,0.0756,QUIET,100
barka,2023-03-02,0,0,,,3,573,0.0000,False,,NODATA,100
barka,2023-03-03,479,16,3.2096,0.0930,3,573,0.8360,True,0.0334,QUIET,100
barka,2023-03-04,454,18,2.8929,0.0573,3,573,0.7923,True,0.0396,QUIET,100
barka,2023-03-05,519,8,3.2332,0.1282,3,573,0.9058,True,0.0154,QUIET,100
barka,2023-03-06,0,0,,,3,573,0.0000,False,,NODATA,100
barka,2023-03-07,571,34,3.7976,0.2757,3,573,0.9965,True,0.0595,QUIET,100
barka,2023-03-08,551,11,2.6636,0.1854,3,573,0.9616,True,0.0200,QUIET,100
barka,2023-03-09,556,9,2.7704,0.2295,3,573,0.9703,True,0.0162,QUIET,100
barka,2023-03-10,0,0,,,3,573,0.0000,False,,NODATA,100
barka,2023-03-11,297,1,3.7589,0.0821,3,573,0.5183,True,0.0034,QUIET,100
barka,2023-03-12,566,22,6.1133,0.1600,3,573,0.9878,True,0.0389,QUIET,100
barka,2023-03-13,0,0,,,3,573,0.0000,False,,NODATA,100
barka,2023-03-14,1,0,-1.6000,0.6437,3,573,0.0017,False,,NODATA,100
barka,2023-03-15,571,3,3.0957,0.1797,3,573,0.9965,True,0.0053,QUIET,100
barka,2023-03-16,568,2,2.8949,0.1738,3,573,0.9913,True,0.0035,QUIET,100
barka,2023-03-17,569,5,2.3802,0.3272,3,573,0.9930,True,0.0088,QUIET,100
barka,2023-03-18,11,0,1.7286,0.8556,3,573,0.0192,False,,NODATA,100
barka,2023-03-19,489,0,1.6020,0.1075,3,573,0.8534,True,0.0000,QUIET,100
barka,2023-03-20,570,1,2.2202,0.0441,3,573,0.9948,True,0.0018,QUIET,100
barka,2023-03-21,552,8,3.3869,0.0609,3,573,0.9634,True,0.0145,QUIET,100
barka,2023-03-22,278,0,1.1700,-0.4217,3,573,0.4852,True,0.0000,QUIET,100
barka,2023-03-23,569,3,2.0457,0.0683,3,573,0.9930,True,0.0053,QUIET,100
barka,2023-03-24,430,1,2.2370,-0.1154,3,573,0.7504,True,0.0023,QUIET,100
barka,2023-03-25,454,3,2.2691,0.2566,3,573,0.7923,True,0.0066,QUIET,100
barka,2023-03-26,489,5,2.9123,0.2417,3,573,0.8534,True,0.0102,QUIET,100
barka,2023-03-27,58,1,2.0325,0.5119,3,573,0.1012,True,0.0172,QUIET,100
barka,2023-03-28,417,9,2.9236,0.2782,3,573,0.7277,True,0.0216,QUIET,100
barka,2023-03-29,133,2,2.6263,0.2325,3,573,0.2321,True,0.0150,QUIET,100
barka,2023-03-30,571,7,3.3979,0.0818,3,573,0.9965,True,0.0123,QUIET,100
barka,2023-03-31,572,0,1.8460,0.0483,3,573,0.9983,True,0.0000,QUIET,100
barka,2023-04-01,554,60,3.4123,0.2307,4,573,0.9668,True,0.1083,QUIET,100
barka,2023-04-02,0,0,,,4,573,0.0000,False,,NODATA,100
barka,2023-04-03,571,33,3.3057,0.1204,4,573,0.9965,True,0.0578,QUIET,100
barka,2023-04-04,567,18,3.0280,0.1853,4,573,0.9895,True,0.0317,QUIET,100
barka,2023-04-05,573,27,5.3649,0.1431,4,573,1.0000,True,0.0471,QUIET,100
barka,2023-04-06,0,0,,,4,573,0.0000,False,,NODATA,100
barka,2023-04-07,521,76,6.6641,0.1724,4,573,0.9092,True,0.1459,QUIET,100
barka,2023-04-08,363,32,6.0787,0.1085,4,573,0.6335,True,0.0882,QUIET,100
barka,2023-04-09,2,0,0.3073,0.6486,4,573,0.0035,False,,NODATA,100
barka,2023-04-10,0,0,,,4,573,0.0000,False,,NODATA,100
barka,2023-04-11,437,51,4.1522,0.0338,4,573,0.7627,True,0.1167,QUIET,100
barka,2023-04-12,158,28,3.9279,-0.0433,4,573,0.2757,True,0.1772,QUIET,100
barka,2023-04-13,423,33,4.2080,-0.2968,4,573,0.7382,True,0.0780,QUIET,100
barka,2023-04-14,0,0,,,4,573,0.0000,False,,NODATA,100
barka,2023-04-15,562,8,4.8227,0.1430,4,573,0.9808,True,0.0142,QUIET,100
barka,2023-04-16,573,4,5.7690,0.1004,4,573,1.0000,True,0.0070,QUIET,100
barka,2023-04-17,558,5,3.5002,0.0920,4,573,0.9738,True,0.0090,QUIET,100
barka,2023-04-18,0,0,,,4,573,0.0000,False,,NODATA,100
barka,2023-04-19,554,10,3.2233,0.0701,4,573,0.9668,True,0.0181,QUIET,100
barka,2023-04-20,558,8,3.4916,-0.0488,4,573,0.9738,True,0.0143,QUIET,100
barka,2023-04-21,308,3,2.8169,-0.1676,4,573,0.5375,True,0.0097,QUIET,100
barka,2023-04-22,55,9,3.6845,0.2541,4,573,0.0960,False,,NODATA,100
barka,2023-04-23,564,15,3.1959,-0.1197,4,573,0.9843,True,0.0266,QUIET,100
barka,2023-04-24,398,3,3.6610,-0.1398,4,573,0.6946,True,0.0075,QUIET,100
barka,2023-04-25,128,2,2.8213,-0.2780,4,573,0.2234,True,0.0156,QUIET,100
barka,2023-04-26,492,10,5.4924,-0.1048,4,573,0.8586,True,0.0203,QUIET,100
barka,2023-04-27,560,0,1.6467,-0.0005,4,573,0.9773,True,0.0000,QUIET,100
barka,2023-04-28,572,12,4.5939,0.0184,4,573,0.9983,True,0.0210,QUIET,100
barka,2023-04-29,0,0,,,4,573,0.0000,False,,NODATA,100
barka,2023-04-30,0,0,,,4,573,0.0000,False,,NODATA,100
barka,2023-05-01,0,0,,,5,573,0.0000,False,,NODATA,100
barka,2023-05-02,570,158,3.8964,-0.1271,5,573,0.9948,True,0.2772,EXCEED,100
barka,2023-05-03,0,0,,,5,573,0.0000,False,,NODATA,100
barka,2023-05-04,572,24,4.0458,-0.3090,5,573,0.9983,True,0.0420,QUIET,100
barka,2023-05-05,293,5,2.7499,-0.4823,5,573,0.5113,True,0.0171,QUIET,100
barka,2023-05-06,560,19,2.9179,-0.3692,5,573,0.9773,True,0.0339,QUIET,100
barka,2023-05-07,0,0,,,5,573,0.0000,False,,NODATA,100
barka,2023-05-08,0,0,,,5,573,0.0000,False,,NODATA,100
barka,2023-05-09,0,0,,,5,573,0.0000,False,,NODATA,100
barka,2023-05-10,570,14,3.0170,-0.3520,5,573,0.9948,True,0.0246,QUIET,100
barka,2023-05-11,0,0,,,5,573,0.0000,False,,NODATA,100
barka,2023-05-12,572,8,5.0405,-0.4010,5,573,0.9983,True,0.0140,QUIET,100
barka,2023-05-13,417,9,4.2875,-0.5309,5,573,0.7277,True,0.0216,QUIET,100
barka,2023-05-14,572,18,3.7625,-0.4200,5,573,0.9983,True,0.0315,QUIET,100
barka,2023-05-15,0,0,,,5,573,0.0000,False,,NODATA,100
barka,2023-05-16,569,6,4.7959,-0.4577,5,573,0.9930,True,0.0105,QUIET,100
barka,2023-05-17,571,3,3.1670,-0.4480,5,573,0.9965,True,0.0053,QUIET,100
barka,2023-05-18,447,10,3.2762,-0.4615,5,573,0.7801,True,0.0224,QUIET,100
barka,2023-05-19,94,0,1.8469,-0.5179,5,573,0.1640,True,0.0000,QUIET,100
barka,2023-05-20,569,9,2.7201,-0.4704,5,573,0.9930,True,0.0158,QUIET,100
barka,2023-05-21,315,1,2.3949,-0.5658,5,573,0.5497,True,0.0032,QUIET,100
barka,2023-05-22,0,0,,,5,573,0.0000,False,,NODATA,100
barka,2023-05-23,394,7,4.5807,-0.4905,5,573,0.6876,True,0.0178,QUIET,100
barka,2023-05-24,0,0,,,5,573,0.0000,False,,NODATA,100
barka,2023-05-25,561,5,2.6674,-0.5104,5,573,0.9791,True,0.0089,QUIET,100
barka,2023-05-26,0,0,,,5,573,0.0000,False,,NODATA,100
barka,2023-05-27,0,0,,,5,573,0.0000,False,,NODATA,100
barka,2023-05-28,546,5,4.5291,-0.5493,5,573,0.9529,True,0.0092,QUIET,100
barka,2023-05-29,571,15,3.2064,-0.5087,5,573,0.9965,True,0.0263,QUIET,100
barka,2023-05-30,0,0,,,5,573,0.0000,False,,NODATA,100
barka,2023-05-31,565,33,3.9439,-0.5545,5,573,0.9860,True,0.0584,QUIET,100
barka,2023-06-01,298,13,2.5664,-0.6377,6,572,0.5210,True,0.0436,QUIET,100
barka,2023-06-02,570,24,3.5558,-0.5547,6,572,0.9965,True,0.0421,QUIET,100
barka,2023-06-03,0,0,,,6,572,0.0000,False,,NODATA,100
barka,2023-06-04,572,1,2.0597,-0.6041,6,572,1.0000,True,0.0017,QUIET,100
barka,2023-06-05,266,1,2.2248,-0.6695,6,572,0.4650,True,0.0038,QUIET,100
barka,2023-06-06,572,1,2.5897,-0.6420,6,572,1.0000,True,0.0017,QUIET,100
barka,2023-06-07,0,0,,,6,572,0.0000,False,,NODATA,100
barka,2023-06-08,571,0,1.4049,-0.6320,6,572,0.9983,True,0.0000,QUIET,100
barka,2023-06-09,536,6,3.1822,-0.6684,6,572,0.9371,True,0.0112,QUIET,100
barka,2023-06-10,548,4,2.5252,-0.6337,6,572,0.9580,True,0.0073,QUIET,100
barka,2023-06-11,1,0,1.6740,0.7622,6,572,0.0017,False,,NODATA,100
barka,2023-06-12,323,0,0.9735,-0.6983,6,572,0.5647,True,0.0000,QUIET,100
barka,2023-06-13,566,1,2.2009,-0.6681,6,572,0.9895,True,0.0018,QUIET,100
barka,2023-06-14,220,0,0.6135,-0.6517,6,572,0.3846,True,0.0000,QUIET,100
barka,2023-06-15,159,1,2.0314,-0.6919,6,572,0.2780,True,0.0063,QUIET,100
barka,2023-06-16,0,0,,,6,572,0.0000,False,,NODATA,100
barka,2023-06-17,527,9,3.0516,-0.6690,6,572,0.9213,True,0.0171,QUIET,100
barka,2023-06-18,0,0,,,6,572,0.0000,False,,NODATA,100
barka,2023-06-19,477,9,2.7485,-0.6630,6,572,0.8339,True,0.0189,QUIET,100
barka,2023-06-20,560,1,2.3958,-0.6447,6,572,0.9790,True,0.0018,QUIET,100
barka,2023-06-21,388,0,1.6331,-0.6478,6,572,0.6783,True,0.0000,QUIET,100
barka,2023-06-22,0,0,,,6,572,0.0000,False,,NODATA,100
barka,2023-06-23,517,0,1.8762,-0.6361,6,572,0.9038,True,0.0000,QUIET,100
barka,2023-06-24,1,1,2.2619,0.7480,6,572,0.0017,False,,NODATA,100
barka,2023-06-25,1,1,2.1154,0.7017,6,572,0.0017,False,,NODATA,100
barka,2023-06-26,0,0,,,6,572,0.0000,False,,NODATA,100
barka,2023-06-27,229,1,2.3298,-1.0151,6,572,0.4003,True,0.0044,QUIET,100
barka,2023-06-28,0,0,,,6,572,0.0000,False,,NODATA,100
barka,2023-06-29,173,0,0.9920,-0.7076,6,572,0.3024,True,0.0000,QUIET,100
barka,2023-06-30,0,0,,,6,572,0.0000,False,,NODATA,100
barka,2023-07-01,565,87,7.2059,-0.3101,7,569,0.9930,True,0.1540,QUIET,100
barka,2023-07-02,345,32,5.2067,-0.5596,7,569,0.6063,True,0.0928,QUIET,100
barka,2023-07-03,1,0,-1.3724,-0.5884,7,569,0.0018,False,,NODATA,100
barka,2023-07-04,0,0,,,7,569,0.0000,False,,NODATA,100
barka,2023-07-05,0,0,,,7,569,0.0000,False,,NODATA,100
barka,2023-07-06,441,0,1.3668,-0.7907,7,569,0.7750,True,0.0000,QUIET,100
barka,2023-07-07,0,0,,,7,569,0.0000,False,,NODATA,100
barka,2023-07-08,0,0,,,7,569,0.0000,False,,NODATA,100
barka,2023-07-09,152,0,1.5244,-0.8248,7,569,0.2671,True,0.0000,QUIET,100
barka,2023-07-10,171,0,0.9071,-0.8387,7,569,0.3005,True,0.0000,QUIET,100
barka,2023-07-11,0,0,,,7,569,0.0000,False,,NODATA,100
barka,2023-07-12,241,0,0.8623,-0.9897,7,569,0.4236,True,0.0000,QUIET,100
barka,2023-07-13,0,0,,,7,569,0.0000,False,,NODATA,100
barka,2023-07-14,0,0,,,7,569,0.0000,False,,NODATA,100
barka,2023-07-15,0,0,,,7,569,0.0000,False,,NODATA,100
barka,2023-07-16,11,0,0.8481,-0.7047,7,569,0.0193,False,,NODATA,100
barka,2023-07-17,1,0,1.1845,0.8003,7,569,0.0018,False,,NODATA,100
barka,2023-07-18,58,0,-2.6054,-1.0823,7,569,0.1019,True,0.0000,QUIET,100
barka,2023-07-19,0,0,,,7,569,0.0000,False,,NODATA,100
barka,2023-07-20,51,0,-1.2948,-0.6433,7,569,0.0896,False,,NODATA,100
barka,2023-07-21,0,0,,,7,569,0.0000,False,,NODATA,100
barka,2023-07-22,0,0,,,7,569,0.0000,False,,NODATA,100
barka,2023-07-23,0,0,,,7,569,0.0000,False,,NODATA,100
barka,2023-07-24,318,17,4.4761,-0.5705,7,569,0.5589,True,0.0535,QUIET,100
barka,2023-07-25,0,0,,,7,569,0.0000,False,,NODATA,100
barka,2023-07-26,350,12,4.6464,-0.3564,7,569,0.6151,True,0.0343,QUIET,100
barka,2023-07-27,0,0,,,7,569,0.0000,False,,NODATA,100
barka,2023-07-28,102,0,0.0807,-0.4212,7,569,0.1793,True,0.0000,QUIET,100
barka,2023-07-29,0,0,,,7,569,0.0000,False,,NODATA,100
barka,2023-07-30,0,0,,,7,569,0.0000,False,,NODATA,100
barka,2023-07-31,0,0,,,7,569,0.0000,False,,NODATA,100
barka,2023-08-01,334,19,5.1005,-0.4651,8,570,0.5860,True,0.0569,QUIET,100
barka,2023-08-02,0,0,,,8,570,0.0000,False,,NODATA,100
barka,2023-08-03,0,0,,,8,570,0.0000,False,,NODATA,100
barka,2023-08-04,0,0,,,8,570,0.0000,False,,NODATA,100
barka,2023-08-05,0,0,,,8,570,0.0000,False,,NODATA,100
barka,2023-08-06,0,0,,,8,570,0.0000,False,,NODATA,100
barka,2023-08-07,1,0,-1.0242,-0.6170,8,570,0.0018,False,,NODATA,100
barka,2023-08-08,0,0,,,8,570,0.0000,False,,NODATA,100
barka,2023-08-09,44,0,1.6243,-0.9403,8,570,0.0772,False,,NODATA,100
barka,2023-08-10,0,0,,,8,570,0.0000,False,,NODATA,100
barka,2023-08-11,0,0,,,8,570,0.0000,False,,NODATA,100
barka,2023-08-12,0,0,,,8,570,0.0000,False,,NODATA,100
barka,2023-08-13,0,0,,,8,570,0.0000,False,,NODATA,100
barka,2023-08-14,0,0,,,8,570,0.0000,False,,NODATA,100
barka,2023-08-15,0,0,,,8,570,0.0000,False,,NODATA,100
barka,2023-08-16,0,0,,,8,570,0.0000,False,,NODATA,100
barka,2023-08-17,0,0,,,8,570,0.0000,False,,NODATA,100
barka,2023-08-18,562,0,0.4727,-0.6231,8,570,0.9860,True,0.0000,QUIET,100
barka,2023-08-19,0,0,,,8,570,0.0000,False,,NODATA,100
barka,2023-08-20,570,2,2.4516,-0.3720,8,570,1.0000,True,0.0035,QUIET,100
barka,2023-08-21,0,0,,,8,570,0.0000,False,,NODATA,100
barka,2023-08-22,512,2,2.3243,-0.4312,8,570,0.8982,True,0.0039,QUIET,100
barka,2023-08-23,0,0,,,8,570,0.0000,False,,NODATA,100
barka,2023-08-24,563,0,1.9568,-0.5032,8,570,0.9877,True,0.0000,QUIET,100
barka,2023-08-25,528,0,1.9327,-0.5117,8,570,0.9263,True,0.0000,QUIET,100
barka,2023-08-26,504,0,1.8602,-0.5583,8,570,0.8842,True,0.0000,QUIET,100
barka,2023-08-27,0,0,,,8,570,0.0000,False,,NODATA,100
barka,2023-08-28,492,8,3.0815,-0.4545,8,570,0.8632,True,0.0163,QUIET,100
barka,2023-08-29,0,0,,,8,570,0.0000,False,,NODATA,100
barka,2023-08-30,0,0,,,8,570,0.0000,False,,NODATA,100
barka,2023-08-31,38,0,0.8045,-0.7429,8,570,0.0667,False,,NODATA,100
barka,2023-09-01,354,11,3.9898,-0.6674,9,573,0.6178,True,0.0311,QUIET,100
barka,2023-09-02,187,1,2.1160,-0.5957,9,573,0.3264,True,0.0053,QUIET,100
barka,2023-09-03,0,0,,,9,573,0.0000,False,,NODATA,100
barka,2023-09-04,321,1,2.1788,-0.5309,9,573,0.5602,True,0.0031,QUIET,100
barka,2023-09-05,523,22,3.6651,-0.4133,9,573,0.9127,True,0.0421,QUIET,100
barka,2023-09-06,563,13,3.4365,-0.3841,9,573,0.9825,True,0.0231,QUIET,100
barka,2023-09-07,0,0,,,9,573,0.0000,False,,NODATA,100
barka,2023-09-08,560,2,2.2925,-0.4519,9,573,0.9773,True,0.0036,QUIET,100
barka,2023-09-09,0,0,,,9,573,0.0000,False,,NODATA,100
barka,2023-09-10,572,0,1.9097,-0.5068,9,573,0.9983,True,0.0000,QUIET,100
barka,2023-09-11,0,0,,,9,573,0.0000,False,,NODATA,100
barka,2023-09-12,0,0,,,9,573,0.0000,False,,NODATA,100
barka,2023-09-13,0,0,,,9,573,0.0000,False,,NODATA,100
barka,2023-09-14,0,0,,,9,573,0.0000,False,,NODATA,100
barka,2023-09-15,0,0,,,9,573,0.0000,False,,NODATA,100
barka,2023-09-16,277,39,4.6345,-0.2110,9,573,0.4834,True,0.1408,QUIET,100
barka,2023-09-17,0,0,,,9,573,0.0000,False,,NODATA,100
barka,2023-09-18,0,0,,,9,573,0.0000,False,,NODATA,100
barka,2023-09-19,0,0,,,9,573,0.0000,False,,NODATA,100
barka,2023-09-20,0,0,,,9,573,0.0000,False,,NODATA,100
barka,2023-09-21,560,26,3.6296,-0.4327,9,573,0.9773,True,0.0464,QUIET,100
barka,2023-09-22,120,1,2.7087,-0.5296,9,573,0.2094,True,0.0083,QUIET,100
barka,2023-09-23,0,0,,,9,573,0.0000,False,,NODATA,100
barka,2023-09-24,554,0,1.6561,-0.6315,9,573,0.9668,True,0.0000,QUIET,100
barka,2023-09-25,568,26,5.3673,-0.4214,9,573,0.9913,True,0.0458,QUIET,100
barka,2023-09-26,523,17,4.2256,-0.4496,9,573,0.9127,True,0.0325,QUIET,100
barka,2023-09-27,399,8,2.7276,-0.5496,9,573,0.6963,True,0.0201,QUIET,100
barka,2023-09-28,0,0,,,9,573,0.0000,False,,NODATA,100
barka,2023-09-29,571,0,1.3830,-0.5484,9,573,0.9965,True,0.0000,QUIET,100
barka,2023-09-30,426,0,1.5855,-0.6688,9,573,0.7435,True,0.0000,QUIET,100
barka,2023-10-01,0,0,,,10,574,0.0000,False,,NODATA,100
barka,2023-10-02,566,0,1.5449,-0.6755,10,574,0.9861,True,0.0000,QUIET,100
barka,2023-10-03,572,0,1.5102,-0.6313,10,574,0.9965,True,0.0000,QUIET,100
barka,2023-10-04,128,0,0.9895,-0.6349,10,574,0.2230,True,0.0000,QUIET,100
barka,2023-10-05,571,0,1.3487,-0.5275,10,574,0.9948,True,0.0000,QUIET,100
barka,2023-10-06,569,0,1.4068,-0.5645,10,574,0.9913,True,0.0000,QUIET,100
barka,2023-10-07,334,0,0.7054,-0.5749,10,574,0.5819,True,0.0000,QUIET,100
barka,2023-10-08,0,0,,,10,574,0.0000,False,,NODATA,100
barka,2023-10-09,571,0,1.7089,-0.4847,10,574,0.9948,True,0.0000,QUIET,100
barka,2023-10-10,572,1,2.0774,-0.5423,10,574,0.9965,True,0.0017,QUIET,100
barka,2023-10-11,572,0,1.3233,-0.5630,10,574,0.9965,True,0.0000,QUIET,100
barka,2023-10-12,4,0,1.4808,0.7718,10,574,0.0070,False,,NODATA,100
barka,2023-10-13,572,0,1.6892,-0.4943,10,574,0.9965,True,0.0000,QUIET,100
barka,2023-10-14,92,0,1.2688,-0.4126,10,574,0.1603,True,0.0000,QUIET,100
barka,2023-10-15,0,0,,,10,574,0.0000,False,,NODATA,100
barka,2023-10-16,276,8,2.6454,-0.4173,10,574,0.4808,True,0.0290,QUIET,100
barka,2023-10-17,567,5,2.6189,-0.4065,10,574,0.9878,True,0.0088,QUIET,100
barka,2023-10-18,0,0,,,10,574,0.0000,False,,NODATA,100
barka,2023-10-19,0,0,,,10,574,0.0000,False,,NODATA,100
barka,2023-10-20,0,0,,,10,574,0.0000,False,,NODATA,100
barka,2023-10-21,0,0,,,10,574,0.0000,False,,NODATA,100
barka,2023-10-22,0,0,,,10,574,0.0000,False,,NODATA,100
barka,2023-10-23,0,0,,,10,574,0.0000,False,,NODATA,100
barka,2023-10-24,262,0,1.1664,-0.6226,10,574,0.4564,True,0.0000,QUIET,100
barka,2023-10-25,277,0,1.3638,-0.4863,10,574,0.4826,True,0.0000,QUIET,100
barka,2023-10-26,164,0,0.9315,-0.4739,10,574,0.2857,True,0.0000,QUIET,100
barka,2023-10-27,114,0,0.2389,-0.5984,10,574,0.1986,True,0.0000,QUIET,100
barka,2023-10-28,570,0,1.7767,-0.4497,10,574,0.9930,True,0.0000,QUIET,100
barka,2023-10-29,561,0,0.2167,-0.5654,10,574,0.9774,True,0.0000,QUIET,100
barka,2023-10-30,563,0,0.8640,-0.5436,10,574,0.9808,True,0.0000,QUIET,100
barka,2023-10-31,133,0,0.5283,-0.4522,10,574,0.2317,True,0.0000,QUIET,100
barka,2023-11-01,573,0,1.5133,-0.4450,11,573,1.0000,True,0.0000,QUIET,100
barka,2023-11-02,573,1,2.5793,-0.4015,11,573,1.0000,True,0.0017,QUIET,100
barka,2023-11-03,518,3,2.8789,-0.4504,11,573,0.9040,True,0.0058,QUIET,100
barka,2023-11-04,0,0,,,11,573,0.0000,False,,NODATA,100
barka,2023-11-05,571,1,2.2483,-0.4373,11,573,0.9965,True,0.0018,QUIET,100
barka,2023-11-06,570,2,2.9857,-0.5215,11,573,0.9948,True,0.0035,QUIET,100
barka,2023-11-07,520,0,1.3704,-0.6089,11,573,0.9075,True,0.0000,QUIET,100
alraha,2018-01-01,0,0,,,1,478,0.0000,False,,NODATA,100
alraha,2018-01-02,0,0,,,1,478,0.0000,False,,NODATA,100
alraha,2018-01-03,380,7,4.1613,0.0648,1,478,0.7950,True,0.0184,QUIET,100
alraha,2018-01-04,7,1,9.9466,0.4011,1,478,0.0146,False,,NODATA,100
alraha,2018-01-05,0,0,,,1,478,0.0000,False,,NODATA,100
alraha,2018-01-06,378,14,4.4429,0.0901,1,478,0.7908,True,0.0370,QUIET,100
alraha,2018-01-07,468,17,4.9657,0.1865,1,478,0.9791,True,0.0363,QUIET,100
alraha,2018-01-08,6,0,1.1968,0.5360,1,478,0.0126,False,,NODATA,100
alraha,2018-01-09,0,0,,,1,478,0.0000,False,,NODATA,100
alraha,2018-01-10,382,3,2.3989,0.0310,1,478,0.7992,True,0.0079,QUIET,100
alraha,2018-01-11,476,1,3.2857,0.0500,1,478,0.9958,True,0.0021,QUIET,100
alraha,2018-01-12,0,0,,,1,478,0.0000,False,,NODATA,100
alraha,2018-01-13,0,0,,,1,478,0.0000,False,,NODATA,100
alraha,2018-01-14,453,0,1.5597,-0.0667,1,478,0.9477,True,0.0000,QUIET,100
alraha,2018-01-15,177,0,0.0032,-0.2024,1,478,0.3703,True,0.0000,QUIET,100
alraha,2018-01-16,0,0,,,1,478,0.0000,False,,NODATA,100
alraha,2018-01-17,0,0,,,1,478,0.0000,False,,NODATA,100
alraha,2018-01-18,393,1,2.5502,-0.0103,1,478,0.8222,True,0.0025,QUIET,100
alraha,2018-01-19,438,1,2.6879,0.0097,1,478,0.9163,True,0.0023,QUIET,100
alraha,2018-01-20,0,0,,,1,478,0.0000,False,,NODATA,100
alraha,2018-01-21,0,0,,,1,478,0.0000,False,,NODATA,100
alraha,2018-01-22,220,12,3.4051,-0.1825,1,478,0.4603,True,0.0545,QUIET,100
alraha,2018-01-23,151,6,4.2567,0.3529,1,478,0.3159,True,0.0397,QUIET,100
alraha,2018-01-24,0,0,,,1,478,0.0000,False,,NODATA,100
alraha,2018-01-25,0,0,,,1,478,0.0000,False,,NODATA,100
alraha,2018-01-26,116,1,2.1199,-0.0497,1,478,0.2427,True,0.0086,QUIET,100
alraha,2018-01-27,34,19,4.2383,0.9284,1,478,0.0711,False,,NODATA,100
alraha,2018-01-28,0,0,,,1,478,0.0000,False,,NODATA,100
alraha,2018-01-29,0,0,,,1,478,0.0000,False,,NODATA,100
alraha,2018-01-30,396,9,2.8578,0.1278,1,478,0.8285,True,0.0227,QUIET,100
alraha,2018-01-31,123,6,2.5154,0.3110,1,478,0.2573,True,0.0488,QUIET,100
alraha,2018-02-01,0,0,,,2,471,0.0000,False,,NODATA,100
alraha,2018-02-02,320,0,1.5843,0.0149,2,471,0.6794,True,0.0000,QUIET,100
alraha,2018-02-03,441,2,2.2837,0.0219,2,471,0.9363,True,0.0045,QUIET,100
alraha,2018-02-04,11,0,-0.1110,0.2273,2,471,0.0234,False,,NODATA,100
alraha,2018-02-05,0,0,,,2,471,0.0000,False,,NODATA,100
alraha,2018-02-06,444,1,2.0480,-0.1531,2,471,0.9427,True,0.0023,QUIET,100
alraha,2018-02-07,77,1,2.7454,-0.1385,2,471,0.1635,True,0.0130,QUIET,100
alraha,2018-02-08,0,0,,,2,471,0.0000,False,,NODATA,100
alraha,2018-02-09,0,0,,,2,471,0.0000,False,,NODATA,100
alraha,2018-02-10,463,0,1.6366,-0.1618,2,471,0.9830,True,0.0000,QUIET,100
alraha,2018-02-11,394,7,2.9239,-0.1982,2,471,0.8365,True,0.0178,QUIET,100
alraha,2018-02-12,0,0,,,2,471,0.0000,False,,NODATA,100
alraha,2018-02-13,0,0,,,2,471,0.0000,False,,NODATA,100
alraha,2018-02-14,304,0,1.9770,-0.2427,2,471,0.6454,True,0.0000,QUIET,100
alraha,2018-02-15,178,12,4.3948,-0.1891,2,471,0.3779,True,0.0674,QUIET,100
alraha,2018-02-16,0,0,,,2,471,0.0000,False,,NODATA,100
alraha,2018-02-17,0,0,,,2,471,0.0000,False,,NODATA,100
alraha,2018-02-18,454,5,2.5837,-0.0862,2,471,0.9639,True,0.0110,QUIET,100
alraha,2018-02-19,193,10,3.8552,0.1194,2,471,0.4098,True,0.0518,QUIET,100
alraha,2018-02-20,0,0,,,2,471,0.0000,False,,NODATA,100
alraha,2018-02-21,0,0,,,2,471,0.0000,False,,NODATA,100
alraha,2018-02-22,271,16,3.9897,-0.0617,2,471,0.5754,True,0.0590,QUIET,100
alraha,2018-02-23,57,32,5.4501,0.8841,2,471,0.1210,True,0.5614,EXCEED,100
alraha,2018-02-24,0,0,,,2,471,0.0000,False,,NODATA,100
alraha,2018-02-25,0,0,,,2,471,0.0000,False,,NODATA,100
alraha,2018-02-26,426,84,7.7443,0.0681,2,471,0.9045,True,0.1972,ALERT,100
alraha,2018-02-27,0,0,,,2,471,0.0000,False,,NODATA,100
alraha,2018-02-28,0,0,,,2,471,0.0000,False,,NODATA,100
alraha,2018-03-01,0,0,,,3,475,0.0000,False,,NODATA,100
alraha,2018-03-02,0,0,,,3,475,0.0000,False,,NODATA,100
alraha,2018-03-03,12,11,4.2110,0.9335,3,475,0.0253,False,,NODATA,100
alraha,2018-03-04,0,0,,,3,475,0.0000,False,,NODATA,100
alraha,2018-03-05,20,7,3.9575,0.8986,3,475,0.0421,False,,NODATA,100
alraha,2018-03-06,462,3,2.5701,-0.0777,3,475,0.9726,True,0.0065,QUIET,100
alraha,2018-03-07,0,0,,,3,475,0.0000,False,,NODATA,100
alraha,2018-03-08,0,0,,,3,475,0.0000,False,,NODATA,100
alraha,2018-03-09,177,5,3.0838,-0.0819,3,475,0.3726,True,0.0282,QUIET,100
alraha,2018-03-10,455,2,2.0164,-0.0231,3,475,0.9579,True,0.0044,QUIET,100
alraha,2018-03-11,0,0,,,3,475,0.0000,False,,NODATA,100
alraha,2018-03-12,0,0,,,3,475,0.0000,False,,NODATA,100
alraha,2018-03-13,464,36,3.3974,0.0815,3,475,0.9768,True,0.0776,QUIET,100
alraha,2018-03-14,460,8,2.7756,-0.0465,3,475,0.9684,True,0.0174,QUIET,100
alraha,2018-03-15,0,0,,,3,475,0.0000,False,,NODATA,100
alraha,2018-03-16,0,0,,,3,475,0.0000,False,,NODATA,100
alraha,2018-03-17,60,1,2.0398,-0.0028,3,475,0.1263,True,0.0167,QUIET,100
alraha,2018-03-18,284,13,3.6419,-0.2773,3,475,0.5979,True,0.0458,QUIET,100
alraha,2018-03-19,0,0,,,3,475,0.0000,False,,NODATA,100
alraha,2018-03-20,0,0,,,3,475,0.0000,False,,NODATA,100
alraha,2018-03-21,408,4,3.0009,-0.1765,3,475,0.8589,True,0.0098,QUIET,100
alraha,2018-03-22,406,1,2.1191,-0.1909,3,475,0.8547,True,0.0025,QUIET,100
alraha,2018-03-23,0,0,,,3,475,0.0000,False,,NODATA,100
alraha,2018-03-24,0,0,,,3,475,0.0000,False,,NODATA,100
alraha,2018-03-25,464,4,4.1226,-0.2047,3,475,0.9768,True,0.0086,QUIET,100
alraha,2018-03-26,325,8,3.7941,-0.0756,3,475,0.6842,True,0.0246,QUIET,100
alraha,2018-03-27,0,0,,,3,475,0.0000,False,,NODATA,100
alraha,2018-03-28,0,0,,,3,475,0.0000,False,,NODATA,100
alraha,2018-03-29,364,1,2.0679,-0.1591,3,475,0.7663,True,0.0027,QUIET,100
alraha,2018-03-30,9,0,1.3255,0.3825,3,475,0.0189,False,,NODATA,100
alraha,2018-03-31,0,0,,,3,475,0.0000,False,,NODATA,100
alraha,2018-04-01,0,0,,,4,476,0.0000,False,,NODATA,100
alraha,2018-04-02,50,0,1.8531,0.7760,4,476,0.1050,True,0.0000,QUIET,100
alraha,2018-04-03,0,0,,,4,476,0.0000,False,,NODATA,100
alraha,2018-04-04,0,0,,,4,476,0.0000,False,,NODATA,100
alraha,2018-04-05,27,1,2.2018,0.3196,4,476,0.0567,False,,NODATA,100
alraha,2018-04-06,317,7,2.8256,-0.3937,4,476,0.6660,True,0.0221,QUIET,100
alraha,2018-04-07,0,0,,,4,476,0.0000,False,,NODATA,100
alraha,2018-04-08,0,0,,,4,476,0.0000,False,,NODATA,100
alraha,2018-04-09,28,1,2.5441,0.6688,4,476,0.0588,False,,NODATA,100
alraha,2018-04-10,468,1,2.9856,-0.1437,4,476,0.9832,True,0.0021,QUIET,100
alraha,2018-04-11,0,0,,,4,476,0.0000,False,,NODATA,100
alraha,2018-04-12,0,0,,,4,476,0.0000,False,,NODATA,100
alraha,2018-04-13,216,124,5.4770,0.4724,4,476,0.4538,True,0.5741,EXCEED,100
alraha,2018-04-14,18,0,-0.9614,0.7759,4,476,0.0378,False,,NODATA,100
alraha,2018-04-15,0,0,,,4,476,0.0000,False,,NODATA,100
alraha,2018-04-16,0,0,,,4,476,0.0000,False,,NODATA,100
alraha,2018-04-17,61,0,1.8332,-0.0879,4,476,0.1282,True,0.0000,QUIET,100
alraha,2018-04-18,142,5,2.5031,0.4492,4,476,0.2983,True,0.0352,QUIET,100
alraha,2018-04-19,0,0,,,4,476,0.0000,False,,NODATA,100
alraha,2018-04-20,0,0,,,4,476,0.0000,False,,NODATA,100
alraha,2018-04-21,318,5,3.3202,-0.1529,4,476,0.6681,True,0.0157,QUIET,100
alraha,2018-04-22,0,0,,,4,476,0.0000,False,,NODATA,100
alraha,2018-04-23,0,0,,,4,476,0.0000,False,,NODATA,100
alraha,2018-04-24,0,0,,,4,476,0.0000,False,,NODATA,100
alraha,2018-04-25,249,4,2.9672,-0.4229,4,476,0.5231,True,0.0161,QUIET,100
alraha,2018-04-26,2,0,0.9077,0.5606,4,476,0.0042,False,,NODATA,100
alraha,2018-04-27,0,0,,,4,476,0.0000,False,,NODATA,100
alraha,2018-04-28,0,0,,,4,476,0.0000,False,,NODATA,100
alraha,2018-04-29,449,1,3.9147,-0.1601,4,476,0.9433,True,0.0022,QUIET,100
alraha,2018-04-30,0,0,,,4,476,0.0000,False,,NODATA,100
alraha,2018-05-01,0,0,,,5,478,0.0000,False,,NODATA,100
alraha,2018-05-02,0,0,,,5,478,0.0000,False,,NODATA,100
alraha,2018-05-03,88,0,1.2581,0.2752,5,478,0.1841,True,0.0000,QUIET,100
alraha,2018-05-04,0,0,,,5,478,0.0000,False,,NODATA,100
alraha,2018-05-05,0,0,,,5,478,0.0000,False,,NODATA,100
alraha,2018-05-06,13,0,1.7605,0.7795,5,478,0.0272,False,,NODATA,100
alraha,2018-05-07,461,93,8.1211,0.1106,5,478,0.9644,True,0.2017,EXCEED,100
alraha,2018-05-08,0,0,,,5,478,0.0000,False,,NODATA,100
alraha,2018-05-09,0,0,,,5,478,0.0000,False,,NODATA,100
alraha,2018-05-10,61,23,7.6175,0.1582,5,478,0.1276,True,0.3770,ALERT,100
alraha,2018-05-11,63,0,1.7394,0.0189,5,478,0.1318,True,0.0000,QUIET,100
alraha,2018-05-12,0,0,,,5,478,0.0000,False,,NODATA,100
alraha,2018-05-13,0,0,,,5,478,0.0000,False,,NODATA,100
alraha,2018-05-14,67,5,3.2129,0.6965,5,478,0.1402,True,0.0746,QUIET,100
alraha,2018-05-15,34,0,1.2259,0.8444,5,478,0.0711,False,,NODATA,100
alraha,2018-05-16,0,0,,,5,478,0.0000,False,,NODATA,100
alraha,2018-05-17,0,0,,,5,478,0.0000,False,,NODATA,100
alraha,2018-05-18,295,3,2.4125,-0.1655,5,478,0.6172,True,0.0102,QUIET,100
alraha,2018-05-19,332,156,6.6367,0.3052,5,478,0.6946,True,0.4699,EXCEED,100
alraha,2018-05-20,0,0,,,5,478,0.0000,False,,NODATA,100
alraha,2018-05-21,0,0,,,5,478,0.0000,False,,NODATA,100
alraha,2018-05-22,362,84,6.5661,0.1410,5,478,0.7573,True,0.2320,ALERT,100
alraha,2018-05-23,2,0,1.2856,0.5681,5,478,0.0042,False,,NODATA,100
alraha,2018-05-24,0,0,,,5,478,0.0000,False,,NODATA,100
alraha,2018-05-25,0,0,,,5,478,0.0000,False,,NODATA,100
alraha,2018-05-26,38,27,3.9703,0.0911,5,478,0.0795,False,,NODATA,100
alraha,2018-05-27,0,0,,,5,478,0.0000,False,,NODATA,100
alraha,2018-05-28,0,0,,,5,478,0.0000,False,,NODATA,100
alraha,2018-05-29,0,0,,,5,478,0.0000,False,,NODATA,100
alraha,2018-05-30,441,12,2.6106,0.0141,5,478,0.9226,True,0.0272,QUIET,100
alraha,2018-05-31,0,0,,,5,478,0.0000,False,,NODATA,100
alraha,2018-06-01,0,0,,,6,478,0.0000,False,,NODATA,100
alraha,2018-06-02,2,0,-0.0826,0.9003,6,478,0.0042,False,,NODATA,100
alraha,2018-06-03,450,1,2.0338,0.0850,6,478,0.9414,True,0.0022,QUIET,100
alraha,2018-06-04,0,0,,,6,478,0.0000,False,,NODATA,100
alraha,2018-06-05,0,0,,,6,478,0.0000,False,,NODATA,100
alraha,2018-06-06,122,6,3.6085,-0.0283,6,478,0.2552,True,0.0492,QUIET,100
alraha,2018-06-07,158,10,2.9784,0.0451,6,478,0.3305,True,0.0633,QUIET,100
alraha,2018-06-08,0,0,,,6,478,0.0000,False,,NODATA,100
alraha,2018-06-09,0,0,,,6,478,0.0000,False,,NODATA,100
alraha,2018-06-10,455,36,4.6621,0.0510,6,478,0.9519,True,0.0791,QUIET,100
alraha,2018-06-11,453,54,5.4529,0.1713,6,478,0.9477,True,0.1192,QUIET,100
alraha,2018-06-12,0,0,,,6,478,0.0000,False,,NODATA,100
alraha,2018-06-13,0,0,,,6,478,0.0000,False,,NODATA,100
alraha,2018-06-14,416,85,4.9553,0.2555,6,478,0.8703,True,0.2043,EXCEED,100
alraha,2018-06-15,105,15,3.2757,0.5476,6,478,0.2197,True,0.1429,QUIET,100
alraha,2018-06-16,0,0,,,6,478,0.0000,False,,NODATA,100
alraha,2018-06-17,0,0,,,6,478,0.0000,False,,NODATA,100
alraha,2018-06-18,453,7,2.7448,0.0977,6,478,0.9477,True,0.0155,QUIET,100
alraha,2018-06-19,0,0,,,6,478,0.0000,False,,NODATA,100
alraha,2018-06-20,0,0,,,6,478,0.0000,False,,NODATA,100
alraha,2018-06-21,0,0,,,6,478,0.0000,False,,NODATA,100
alraha,2018-06-22,0,0,,,6,478,0.0000,False,,NODATA,100
alraha,2018-06-23,0,0,,,6,478,0.0000,False,,NODATA,100
alraha,2018-06-24,0,0,,,6,478,0.0000,False,,NODATA,100
alraha,2018-06-25,0,0,,,6,478,0.0000,False,,NODATA,100
alraha,2018-06-26,441,7,2.4148,0.0388,6,478,0.9226,True,0.0159,QUIET,100
alraha,2018-06-27,0,0,,,6,478,0.0000,False,,NODATA,100
alraha,2018-06-28,0,0,,,6,478,0.0000,False,,NODATA,100
alraha,2018-06-29,104,2,2.1276,0.0433,6,478,0.2176,True,0.0192,QUIET,100
alraha,2018-06-30,16,0,0.5956,0.7492,6,478,0.0335,False,,NODATA,100
alraha,2018-07-01,0,0,,,7,472,0.0000,False,,NODATA,100
alraha,2018-07-02,0,0,,,7,472,0.0000,False,,NODATA,100
alraha,2018-07-03,433,1,2.3285,0.0162,7,472,0.9174,True,0.0023,QUIET,100
alraha,2018-07-04,370,3,2.5731,0.2614,7,472,0.7839,True,0.0081,QUIET,100
alraha,2018-07-05,0,0,,,7,472,0.0000,False,,NODATA,100
alraha,2018-07-06,0,0,,,7,472,0.0000,False,,NODATA,100
alraha,2018-07-07,62,0,1.6624,0.5321,7,472,0.1314,True,0.0000,QUIET,100
alraha,2018-07-08,23,0,0.2064,0.7801,7,472,0.0487,False,,NODATA,100
alraha,2018-07-09,0,0,,,7,472,0.0000,False,,NODATA,100
alraha,2018-07-10,0,0,,,7,472,0.0000,False,,NODATA,100
alraha,2018-07-11,306,0,1.8774,0.0039,7,472,0.6483,True,0.0000,QUIET,100
alraha,2018-07-12,9,0,1.8516,0.8304,7,472,0.0191,False,,NODATA,100
alraha,2018-07-13,0,0,,,7,472,0.0000,False,,NODATA,100
alraha,2018-07-14,0,0,,,7,472,0.0000,False,,NODATA,100
alraha,2018-07-15,426,17,3.1526,0.2381,7,472,0.9025,True,0.0399,QUIET,100
alraha,2018-07-16,7,0,0.8657,0.5540,7,472,0.0148,False,,NODATA,100
alraha,2018-07-17,0,0,,,7,472,0.0000,False,,NODATA,100
alraha,2018-07-18,0,0,,,7,472,0.0000,False,,NODATA,100
alraha,2018-07-19,8,0,-0.0757,0.8768,7,472,0.0169,False,,NODATA,100
alraha,2018-07-20,0,0,,,7,472,0.0000,False,,NODATA,100
alraha,2018-07-21,0,0,,,7,472,0.0000,False,,NODATA,100
alraha,2018-07-22,0,0,,,7,472,0.0000,False,,NODATA,100
alraha,2018-07-23,99,10,2.8809,0.6284,7,472,0.2097,True,0.1010,QUIET,100
alraha,2018-07-24,0,0,,,7,472,0.0000,False,,NODATA,100
alraha,2018-07-25,0,0,,,7,472,0.0000,False,,NODATA,100
alraha,2018-07-26,6,0,1.1973,0.9582,7,472,0.0127,False,,NODATA,100
alraha,2018-07-27,21,0,0.9617,0.0217,7,472,0.0445,False,,NODATA,100
alraha,2018-07-28,0,0,,,7,472,0.0000,False,,NODATA,100
alraha,2018-07-29,0,0,,,7,472,0.0000,False,,NODATA,100
alraha,2018-07-30,0,0,,,7,472,0.0000,False,,NODATA,100
alraha,2018-07-31,293,0,1.6620,0.1594,7,472,0.6208,True,0.0000,QUIET,100
alraha,2018-08-01,0,0,,,8,468,0.0000,False,,NODATA,100
alraha,2018-08-02,0,0,,,8,468,0.0000,False,,NODATA,100
alraha,2018-08-03,454,2,2.1886,0.1210,8,468,0.9701,True,0.0044,QUIET,100
alraha,2018-08-04,416,9,3.4783,0.0309,8,468,0.8889,True,0.0216,QUIET,100
alraha,2018-08-05,0,0,,,8,468,0.0000,False,,NODATA,100
alraha,2018-08-06,0,0,,,8,468,0.0000,False,,NODATA,100
alraha,2018-08-07,407,0,1.8344,-0.0209,8,468,0.8697,True,0.0000,QUIET,100
alraha,2018-08-08,0,0,,,8,468,0.0000,False,,NODATA,100
alraha,2018-08-09,0,0,,,8,468,0.0000,False,,NODATA,100
alraha,2018-08-10,0,0,,,8,468,0.0000,False,,NODATA,100
alraha,2018-08-11,75,0,1.4268,0.6675,8,468,0.1603,True,0.0000,QUIET,100
alraha,2018-08-12,0,0,,,8,468,0.0000,False,,NODATA,100
alraha,2018-08-13,0,0,,,8,468,0.0000,False,,NODATA,100
alraha,2018-08-14,0,0,,,8,468,0.0000,False,,NODATA,100
alraha,2018-08-15,153,35,3.4503,0.6958,8,468,0.3269,True,0.2288,EXCEED,100
alraha,2018-08-16,0,0,,,8,468,0.0000,False,,NODATA,100
alraha,2018-08-17,0,0,,,8,468,0.0000,False,,NODATA,100
alraha,2018-08-18,0,0,,,8,468,0.0000,False,,NODATA,100
alraha,2018-08-19,300,3,2.7756,0.3437,8,468,0.6410,True,0.0100,QUIET,100
alraha,2018-08-20,0,0,,,8,468,0.0000,False,,NODATA,100
alraha,2018-08-21,0,0,,,8,468,0.0000,False,,NODATA,100
alraha,2018-08-22,262,6,3.8794,0.3810,8,468,0.5598,True,0.0229,QUIET,100
alraha,2018-08-23,49,5,2.5709,0.6608,8,468,0.1047,True,0.1020,QUIET,100
alraha,2018-08-24,0,0,,,8,468,0.0000,False,,NODATA,100
alraha,2018-08-25,0,0,,,8,468,0.0000,False,,NODATA,100
alraha,2018-08-26,412,0,1.8768,0.2484,8,468,0.8803,True,0.0000,QUIET,100
alraha,2018-08-27,19,1,2.3998,0.7449,8,468,0.0406,False,,NODATA,100
alraha,2018-08-28,0,0,,,8,468,0.0000,False,,NODATA,100
alraha,2018-08-29,0,0,,,8,468,0.0000,False,,NODATA,100
alraha,2018-08-30,232,18,3.1537,0.4498,8,468,0.4957,True,0.0776,QUIET,100
alraha,2018-08-31,345,8,2.8123,0.4320,8,468,0.7372,True,0.0232,QUIET,100
alraha,2018-09-01,0,0,,,9,470,0.0000,False,,NODATA,100
alraha,2018-09-02,0,0,,,9,470,0.0000,False,,NODATA,100
alraha,2018-09-03,451,11,4.8206,0.3493,9,470,0.9596,True,0.0244,QUIET,100
alraha,2018-09-04,125,22,2.9914,0.3843,9,470,0.2660,True,0.1760,QUIET,100
alraha,2018-09-05,0,0,,,9,470,0.0000,False,,NODATA,100
alraha,2018-09-06,0,0,,,9,470,0.0000,False,,NODATA,100
alraha,2018-09-07,452,10,3.0836,0.3437,9,470,0.9617,True,0.0221,QUIET,100
alraha,2018-09-08,8,2,2.3303,0.8033,9,470,0.0170,False,,NODATA,100
alraha,2018-09-09,0,0,,,9,470,0.0000,False,,NODATA,100
alraha,2018-09-10,0,0,,,9,470,0.0000,False,,NODATA,100
alraha,2018-09-11,446,22,3.0492,0.4080,9,470,0.9489,True,0.0493,QUIET,100
alraha,2018-09-12,0,0,,,9,470,0.0000,False,,NODATA,100
alraha,2018-09-13,0,0,,,9,470,0.0000,False,,NODATA,100
alraha,2018-09-14,7,0,-0.1217,0.8957,9,470,0.0149,False,,NODATA,100
alraha,2018-09-15,442,37,3.5396,0.4240,9,470,0.9404,True,0.0837,QUIET,100
alraha,2018-09-16,0,0,,,9,470,0.0000,False,,NODATA,100
alraha,2018-09-17,0,0,,,9,470,0.0000,False,,NODATA,100
alraha,2018-09-18,317,36,2.5064,0.4250,9,470,0.6745,True,0.1136,QUIET,100
alraha,2018-09-19,450,57,4.3571,0.4243,9,470,0.9574,True,0.1267,QUIET,100
alraha,2018-09-20,0,0,,,9,470,0.0000,False,,NODATA,100
alraha,2018-09-21,0,0,,,9,470,0.0000,False,,NODATA,100
alraha,2018-09-22,432,112,3.5938,0.4840,9,470,0.9191,True,0.2593,EXCEED,100
alraha,2018-09-23,47,6,3.7805,0.7953,9,470,0.1000,True,0.1277,QUIET,100
alraha,2018-09-24,0,0,,,9,470,0.0000,False,,NODATA,100
alraha,2018-09-25,0,0,,,9,470,0.0000,False,,NODATA,100
alraha,2018-09-26,449,9,2.6235,0.3013,9,470,0.9553,True,0.0200,QUIET,100
alraha,2018-09-27,426,16,2.8395,0.2880,9,470,0.9064,True,0.0376,QUIET,100
alraha,2018-09-28,0,0,,,9,470,0.0000,False,,NODATA,100
alraha,2018-09-29,0,0,,,9,470,0.0000,False,,NODATA,100
alraha,2018-09-30,449,47,3.3723,0.4087,9,470,0.9553,True,0.1047,QUIET,100
alraha,2018-10-01,148,15,4.7117,0.3372,10,478,0.3096,True,0.1014,QUIET,100
alraha,2018-10-02,0,0,,,10,478,0.0000,False,,NODATA,100
alraha,2018-10-03,7,1,2.0933,0.9008,10,478,0.0146,False,,NODATA,100
alraha,2018-10-04,379,5,3.0355,0.2618,10,478,0.7929,True,0.0132,QUIET,100
alraha,2018-10-05,12,6,3.6548,0.7494,10,478,0.0251,False,,NODATA,100
alraha,2018-10-06,0,0,,,10,478,0.0000,False,,NODATA,100
alraha,2018-10-07,7,0,1.7671,0.7177,10,478,0.0146,False,,NODATA,100
alraha,2018-10-08,422,16,3.3984,0.3111,10,478,0.8828,True,0.0379,QUIET,100
alraha,2018-10-09,0,0,,,10,478,0.0000,False,,NODATA,100
alraha,2018-10-10,0,0,,,10,478,0.0000,False,,NODATA,100
alraha,2018-10-11,415,31,3.2570,0.3911,10,478,0.8682,True,0.0747,QUIET,100
alraha,2018-10-12,455,74,3.3147,0.4470,10,478,0.9519,True,0.1626,QUIET,100
alraha,2018-10-13,0,0,,,10,478,0.0000,False,,NODATA,100
alraha,2018-10-14,0,0,,,10,478,0.0000,False,,NODATA,100
alraha,2018-10-15,220,6,3.3247,0.2927,10,478,0.4603,True,0.0273,QUIET,100
alraha,2018-10-16,437,5,2.8195,0.2817,10,478,0.9142,True,0.0114,QUIET,100
alraha,2018-10-17,0,0,,,10,478,0.0000,False,,NODATA,100
alraha,2018-10-18,0,0,,,10,478,0.0000,False,,NODATA,100
alraha,2018-10-19,32,1,2.9649,0.1046,10,478,0.0669,False,,NODATA,100
alraha,2018-10-20,416,11,3.9480,0.2589,10,478,0.8703,True,0.0264,QUIET,100
alraha,2018-10-21,0,0,,,10,478,0.0000,False,,NODATA,100
alraha,2018-10-22,0,0,,,10,478,0.0000,False,,NODATA,100
alraha,2018-10-23,461,3,2.7269,0.2052,10,478,0.9644,True,0.0065,QUIET,100
alraha,2018-10-24,437,1,2.4134,0.2720,10,478,0.9142,True,0.0023,QUIET,100
alraha,2018-10-25,0,0,,,10,478,0.0000,False,,NODATA,100
alraha,2018-10-26,0,0,,,10,478,0.0000,False,,NODATA,100
alraha,2018-10-27,459,2,2.2428,0.2186,10,478,0.9603,True,0.0044,QUIET,100
alraha,2018-10-28,302,1,2.9219,0.2047,10,478,0.6318,True,0.0033,QUIET,100
alraha,2018-10-29,0,0,,,10,478,0.0000,False,,NODATA,100
alraha,2018-10-30,195,0,1.3879,0.1293,10,478,0.4079,True,0.0000,QUIET,100
alraha,2018-10-31,379,25,3.1626,0.3653,10,478,0.7929,True,0.0660,QUIET,100
alraha,2018-11-01,14,2,2.8097,0.6409,11,491,0.0285,False,,NODATA,100
alraha,2018-11-02,0,0,,,11,491,0.0000,False,,NODATA,100
alraha,2018-11-03,350,62,3.2871,0.4111,11,491,0.7128,True,0.1771,QUIET,100
alraha,2018-11-04,467,60,3.4693,0.3887,11,491,0.9511,True,0.1285,QUIET,100
alraha,2018-11-05,0,0,,,11,491,0.0000,False,,NODATA,100
alraha,2018-11-06,0,0,,,11,491,0.0000,False,,NODATA,100
alraha,2018-11-07,428,111,5.5468,0.3914,11,491,0.8717,True,0.2593,EXCEED,100
alraha,2018-11-08,305,98,5.7954,0.4848,11,491,0.6212,True,0.3213,ALERT,100
alraha,2018-11-09,0,0,,,11,491,0.0000,False,,NODATA,100
alraha,2018-11-10,0,0,,,11,491,0.0000,False,,NODATA,100
alraha,2018-11-11,452,1,2.9251,0.2249,11,491,0.9206,True,0.0022,QUIET,100
alraha,2018-11-12,396,29,3.2051,0.3539,11,491,0.8065,True,0.0732,QUIET,100
alraha,2018-11-13,0,0,,,11,491,0.0000,False,,NODATA,100
alraha,2018-11-14,0,0,,,11,491,0.0000,False,,NODATA,100
alraha,2018-11-15,461,0,1.9321,0.2002,11,491,0.9389,True,0.0000,QUIET,100
alraha,2018-11-16,179,23,3.5347,0.3200,11,491,0.3646,True,0.1285,QUIET,100
alraha,2018-11-17,0,0,,,11,491,0.0000,False,,NODATA,100
alraha,2018-11-18,0,0,,,11,491,0.0000,False,,NODATA,100
alraha,2018-11-19,399,31,3.2613,0.2832,11,491,0.8126,True,0.0777,QUIET,100
alraha,2018-11-20,389,29,3.0570,0.3159,11,491,0.7923,True,0.0746,QUIET,100
alraha,2018-11-21,0,0,,,11,491,0.0000,False,,NODATA,100
alraha,2018-11-22,0,0,,,11,491,0.0000,False,,NODATA,100
alraha,2018-11-23,469,3,2.1479,0.2104,11,491,0.9552,True,0.0064,QUIET,100
alraha,2018-11-24,244,4,2.9439,0.3464,11,491,0.4969,True,0.0164,QUIET,100
alraha,2018-11-25,0,0,,,11,491,0.0000,False,,NODATA,100
alraha,2018-11-26,248,21,2.9920,0.3062,11,491,0.5051,True,0.0847,QUIET,100
alraha,2018-11-27,335,13,3.4634,0.2726,11,491,0.6823,True,0.0388,QUIET,100
alraha,2018-11-28,0,0,,,11,491,0.0000,False,,NODATA,100
alraha,2018-11-29,0,0,,,11,491,0.0000,False,,NODATA,100
alraha,2018-11-30,460,0,1.8338,0.2696,11,491,0.9369,True,0.0000,QUIET,100
alraha,2018-12-01,436,129,3.8980,0.3152,12,493,0.8844,True,0.2959,EXCEED,100
alraha,2018-12-02,0,0,,,12,493,0.0000,False,,NODATA,100
alraha,2018-12-03,0,0,,,12,493,0.0000,False,,NODATA,100
alraha,2018-12-04,472,22,3.5186,0.1745,12,493,0.9574,True,0.0466,QUIET,100
alraha,2018-12-05,271,29,3.7831,0.2776,12,493,0.5497,True,0.1070,QUIET,100
alraha,2018-12-06,0,0,,,12,493,0.0000,False,,NODATA,100
alraha,2018-12-07,0,0,,,12,493,0.0000,False,,NODATA,100
alraha,2018-12-08,472,49,3.0411,0.2440,12,493,0.9574,True,0.1038,QUIET,100
alraha,2018-12-09,470,170,4.5089,0.3654,12,493,0.9533,True,0.3617,EXCEED,100
alraha,2018-12-10,0,0,,,12,493,0.0000,False,,NODATA,100
alraha,2018-12-11,0,0,,,12,493,0.0000,False,,NODATA,100
alraha,2018-12-12,463,57,3.5088,0.2553,12,493,0.9391,True,0.1231,QUIET,100
alraha,2018-12-13,448,19,4.1872,0.2378,12,493,0.9087,True,0.0424,QUIET,100
alraha,2018-12-14,0,0,,,12,493,0.0000,False,,NODATA,100
alraha,2018-12-15,0,0,,,12,493,0.0000,False,,NODATA,100
alraha,2018-12-16,469,20,3.1043,0.1803,12,493,0.9513,True,0.0426,QUIET,100
alraha,2018-12-17,446,79,3.3375,0.2805,12,493,0.9047,True,0.1771,QUIET,100
alraha,2018-12-18,0,0,,,12,493,0.0000,False,,NODATA,100
alraha,2018-12-19,0,0,,,12,493,0.0000,False,,NODATA,100
alraha,2018-12-20,470,2,2.3228,0.1446,12,493,0.9533,True,0.0043,QUIET,100
alraha,2018-12-21,249,1,2.6660,-0.0018,12,493,0.5051,True,0.0040,QUIET,100
alraha,2018-12-22,0,0,,,12,493,0.0000,False,,NODATA,100
alraha,2018-12-23,329,79,3.9867,0.2692,12,493,0.6673,True,0.2401,EXCEED,100
alraha,2018-12-24,366,71,3.6312,0.2701,12,493,0.7424,True,0.1940,QUIET,100
alraha,2018-12-25,5,0,1.7149,0.4050,12,493,0.0101,False,,NODATA,100
alraha,2018-12-26,0,0,,,12,493,0.0000,False,,NODATA,100
alraha,2018-12-27,416,15,3.1043,0.1635,12,493,0.8438,True,0.0361,QUIET,100
alraha,2018-12-28,102,22,2.6667,0.2793,12,493,0.2069,True,0.2157,ALERT,100
alraha,2018-12-29,0,0,,,12,493,0.0000,False,,NODATA,100
alraha,2018-12-30,0,0,,,12,493,0.0000,False,,NODATA,100
alraha,2018-12-31,342,11,3.0451,0.2093,12,493,0.6937,True,0.0322,QUIET,100
alraha,2019-01-01,464,3,2.7833,0.1103,1,478,0.9707,True,0.0065,QUIET,100
alraha,2019-01-02,0,0,,,1,478,0.0000,False,,NODATA,100
alraha,2019-01-03,0,0,,,1,478,0.0000,False,,NODATA,100
alraha,2019-01-04,331,4,2.2697,0.3100,1,478,0.6925,True,0.0121,QUIET,100
alraha,2019-01-05,461,1,2.1854,0.2544,1,478,0.9644,True,0.0022,QUIET,100
alraha,2019-01-06,0,0,,,1,478,0.0000,False,,NODATA,100
alraha,2019-01-07,0,0,,,1,478,0.0000,False,,NODATA,100
alraha,2019-01-08,122,5,2.4085,0.1937,1,478,0.2552,True,0.0410,QUIET,100
alraha,2019-01-09,436,17,2.9948,0.3018,1,478,0.9121,True,0.0390,QUIET,100
alraha,2019-01-10,0,0,,,1,478,0.0000,False,,NODATA,100
alraha,2019-01-11,0,0,,,1,478,0.0000,False,,NODATA,100
alraha,2019-01-12,351,1,2.0000,0.2418,1,478,0.7343,True,0.0028,QUIET,100
alraha,2019-01-13,433,0,1.6533,0.2218,1,478,0.9059,True,0.0000,QUIET,100
alraha,2019-01-14,0,0,,,1,478,0.0000,False,,NODATA,100
alraha,2019-01-15,0,0,,,1,478,0.0000,False,,NODATA,100
alraha,2019-01-16,475,2,2.2994,0.2443,1,478,0.9937,True,0.0042,QUIET,100
alraha,2019-01-17,120,19,3.1555,0.4718,1,478,0.2510,True,0.1583,QUIET,100
alraha,2019-01-18,0,0,,,1,478,0.0000,False,,NODATA,100
alraha,2019-01-19,179,94,3.4945,0.4628,1,478,0.3745,True,0.5251,EXCEED,100
alraha,2019-01-20,420,7,2.1771,0.3383,1,478,0.8787,True,0.0167,QUIET,100
alraha,2019-01-21,12,1,2.1489,0.6074,1,478,0.0251,False,,NODATA,100
alraha,2019-01-22,0,0,,,1,478,0.0000,False,,NODATA,100
alraha,2019-01-23,88,19,2.7442,0.5966,1,478,0.1841,True,0.2159,ALERT,100
alraha,2019-01-24,36,1,2.0460,0.7437,1,478,0.0753,False,,NODATA,100
alraha,2019-01-25,0,0,,,1,478,0.0000,False,,NODATA,100
alraha,2019-01-26,0,0,,,1,478,0.0000,False,,NODATA,100
alraha,2019-01-27,434,6,2.4712,0.1409,1,478,0.9079,True,0.0138,QUIET,100
alraha,2019-01-28,176,22,4.2226,-0.1437,1,478,0.3682,True,0.1250,QUIET,100
alraha,2019-01-29,0,0,,,1,478,0.0000,False,,NODATA,100
alraha,2019-01-30,0,0,,,1,478,0.0000,False,,NODATA,100
alraha,2019-01-31,436,1,2.1473,0.0121,1,478,0.9121,True,0.0023,QUIET,100
alraha,2019-02-01,397,16,3.3542,0.0881,2,471,0.8429,True,0.0403,QUIET,100
alraha,2019-02-02,0,0,,,2,471,0.0000,False,,NODATA,100
alraha,2019-02-03,0,0,,,2,471,0.0000,False,,NODATA,100
alraha,2019-02-04,270,2,2.1179,-0.1336,2,471,0.5732,True,0.0074,QUIET,100
alraha,2019-02-05,420,0,1.9134,0.0487,2,471,0.8917,True,0.0000,QUIET,100
alraha,2019-02-06,0,0,,,2,471,0.0000,False,,NODATA,100
alraha,2019-02-07,0,0,,,2,471,0.0000,False,,NODATA,100
alraha,2019-02-08,463,11,2.9770,0.0316,2,471,0.9830,True,0.0238,QUIET,100
alraha,2019-02-09,72,24,3.8400,0.7358,2,471,0.1529,True,0.3333,EXCEED,100
alraha,2019-02-10,0,0,,,2,471,0.0000,False,,NODATA,100
alraha,2019-02-11,0,0,,,2,471,0.0000,False,,NODATA,100
alraha,2019-02-12,0,0,,,2,471,0.0000,False,,NODATA,100
alraha,2019-02-13,232,74,3.3737,0.2652,2,471,0.4926,True,0.3190,ALERT,100
alraha,2019-02-14,0,0,,,2,471,0.0000,False,,NODATA,100
alraha,2019-02-15,46,0,1.2017,0.3193,2,471,0.0977,False,,NODATA,100
alraha,2019-02-16,9,0,1.5197,0.1298,2,471,0.0191,False,,NODATA,100
alraha,2019-02-17,0,0,,,2,471,0.0000,False,,NODATA,100
alraha,2019-02-18,0,0,,,2,471,0.0000,False,,NODATA,100
alraha,2019-02-19,222,15,2.4775,0.1549,2,471,0.4713,True,0.0676,QUIET,100
alraha,2019-02-20,455,67,3.3468,0.2743,2,471,0.9660,True,0.1473,QUIET,100
alraha,2019-02-21,0,0,,,2,471,0.0000,False,,NODATA,100
alraha,2019-02-22,0,0,,,2,471,0.0000,False,,NODATA,100
alraha,2019-02-23,20,0,1.8937,0.4796,2,471,0.0425,False,,NODATA,100
alraha,2019-02-24,38,1,2.8833,0.7461,2,471,0.0807,False,,NODATA,100
alraha,2019-02-25,0,0,,,2,471,0.0000,False,,NODATA,100
alraha,2019-02-26,0,0,,,2,471,0.0000,False,,NODATA,100
alraha,2019-02-27,450,2,2.4116,0.0607,2,471,0.9554,True,0.0044,QUIET,100
alraha,2019-02-28,0,0,,,2,471,0.0000,False,,NODATA,100
alraha,2019-03-01,0,0,,,3,475,0.0000,False,,NODATA,100
alraha,2019-03-02,0,0,,,3,475,0.0000,False,,NODATA,100
alraha,2019-03-03,111,26,3.0469,0.1457,3,475,0.2337,True,0.2342,EXCEED,100
alraha,2019-03-04,433,84,3.2032,0.1850,3,475,0.9116,True,0.1940,QUIET,100
alraha,2019-03-05,0,0,,,3,475,0.0000,False,,NODATA,100
alraha,2019-03-06,0,0,,,3,475,0.0000,False,,NODATA,100
alraha,2019-03-07,265,2,2.6267,0.1036,3,475,0.5579,True,0.0075,QUIET,100
alraha,2019-03-08,430,3,2.7943,-0.0041,3,475,0.9053,True,0.0070,QUIET,100
alraha,2019-03-09,0,0,,,3,475,0.0000,False,,NODATA,100
alraha,2019-03-10,0,0,,,3,475,0.0000,False,,NODATA,100
alraha,2019-03-11,376,0,1.4047,-0.1197,3,475,0.7916,True,0.0000,QUIET,100
alraha,2019-03-12,329,0,1.4130,-0.1211,3,475,0.6926,True,0.0000,QUIET,100
alraha,2019-03-13,0,0,,,3,475,0.0000,False,,NODATA,100
alraha,2019-03-14,0,0,,,3,475,0.0000,False,,NODATA,100
alraha,2019-03-15,181,0,0.7176,-0.1416,3,475,0.3811,True,0.0000,QUIET,100
alraha,2019-03-16,4,0,1.4700,0.4948,3,475,0.0084,False,,NODATA,100
alraha,2019-03-17,0,0,,,3,475,0.0000,False,,NODATA,100
alraha,2019-03-18,2,0,1.4918,0.9282,3,475,0.0042,False,,NODATA,100
alraha,2019-03-19,469,1,2.0101,-0.0222,3,475,0.9874,True,0.0021,QUIET,100
alraha,2019-03-20,0,0,,,3,475,0.0000,False,,NODATA,100
alraha,2019-03-21,232,0,1.6572,-0.0366,3,475,0.4884,True,0.0000,QUIET,100
alraha,2019-03-22,199,0,1.5351,-0.0916,3,475,0.4189,True,0.0000,QUIET,100
alraha,2019-03-23,1,0,1.9717,0.5795,3,475,0.0021,False,,NODATA,100
alraha,2019-03-24,0,0,,,3,475,0.0000,False,,NODATA,100
alraha,2019-03-25,0,0,,,3,475,0.0000,False,,NODATA,100
alraha,2019-03-26,11,1,2.3083,0.5504,3,475,0.0232,False,,NODATA,100
alraha,2019-03-27,0,0,,,3,475,0.0000,False,,NODATA,100
alraha,2019-03-28,0,0,,,3,475,0.0000,False,,NODATA,100
alraha,2019-03-29,462,90,3.4745,0.1859,3,475,0.9726,True,0.1948,EXCEED,100
alraha,2019-03-30,8,2,2.4073,0.4733,3,475,0.0168,False,,NODATA,100
alraha,2019-03-31,0,0,,,3,475,0.0000,False,,NODATA,100
alraha,2019-04-01,0,0,,,4,476,0.0000,False,,NODATA,100
alraha,2019-04-02,0,0,,,4,476,0.0000,False,,NODATA,100
alraha,2019-04-03,2,2,4.0611,0.7360,4,476,0.0042,False,,NODATA,100
alraha,2019-04-04,52,15,3.4901,0.5466,4,476,0.1092,True,0.2885,ALERT,100
alraha,2019-04-05,7,0,0.4753,0.0536,4,476,0.0147,False,,NODATA,100
alraha,2019-04-06,0,0,,,4,476,0.0000,False,,NODATA,100
alraha,2019-04-07,0,0,,,4,476,0.0000,False,,NODATA,100
alraha,2019-04-08,0,0,,,4,476,0.0000,False,,NODATA,100
alraha,2019-04-09,418,1,2.1514,0.0494,4,476,0.8782,True,0.0024,QUIET,100
alraha,2019-04-10,0,0,,,4,476,0.0000,False,,NODATA,100
alraha,2019-04-11,0,0,,,4,476,0.0000,False,,NODATA,100
alraha,2019-04-12,0,0,,,4,476,0.0000,False,,NODATA,100
alraha,2019-04-13,194,1,2.4250,0.0553,4,476,0.4076,True,0.0052,QUIET,100
alraha,2019-04-14,468,0,1.7164,-0.0472,4,476,0.9832,True,0.0000,QUIET,100
alraha,2019-04-15,474,3,2.3601,0.1096,4,476,0.9958,True,0.0063,QUIET,100
alraha,2019-04-16,0,0,,,4,476,0.0000,False,,NODATA,100
alraha,2019-04-17,464,0,1.4139,-0.0586,4,476,0.9748,True,0.0000,QUIET,100
alraha,2019-04-18,442,1,2.4937,0.0523,4,476,0.9286,True,0.0023,QUIET,100
alraha,2019-04-19,445,1,2.0217,0.0698,4,476,0.9349,True,0.0022,QUIET,100
alraha,2019-04-20,0,0,,,4,476,0.0000,False,,NODATA,100
alraha,2019-04-21,424,0,1.2394,-0.0551,4,476,0.8908,True,0.0000,QUIET,100
alraha,2019-04-22,114,4,2.6152,0.3783,4,476,0.2395,True,0.0351,QUIET,100
alraha,2019-04-23,198,12,3.2827,0.1268,4,476,0.4160,True,0.0606,QUIET,100
alraha,2019-04-24,0,0,,,4,476,0.0000,False,,NODATA,100
alraha,2019-04-25,454,200,3.6207,0.3510,4,476,0.9538,True,0.4405,EXCEED,100
alraha,2019-04-26,389,56,3.0955,0.1736,4,476,0.8172,True,0.1440,QUIET,100
alraha,2019-04-27,112,13,2.7734,0.4032,4,476,0.2353,True,0.1161,QUIET,100
alraha,2019-04-28,0,0,,,4,476,0.0000,False,,NODATA,100
alraha,2019-04-29,166,4,2.6896,0.4566,4,476,0.3487,True,0.0241,QUIET,100
alraha,2019-04-30,415,4,2.6692,0.0040,4,476,0.8718,True,0.0096,QUIET,100
alraha,2019-05-01,452,0,1.7844,-0.1421,5,478,0.9456,True,0.0000,QUIET,100
alraha,2019-05-02,1,0,1.3941,1.0520,5,478,0.0021,False,,NODATA,100
alraha,2019-05-03,453,0,0.5160,-0.2138,5,478,0.9477,True,0.0000,QUIET,100
alraha,2019-05-04,449,0,1.1061,-0.2281,5,478,0.9393,True,0.0000,QUIET,100
alraha,2019-05-05,37,0,1.6839,0.7854,5,478,0.0774,False,,NODATA,100
alraha,2019-05-06,273,8,2.6726,-0.0340,5,478,0.5711,True,0.0293,QUIET,100
alraha,2019-05-07,459,0,1.7417,-0.1219,5,478,0.9603,True,0.0000,QUIET,100
alraha,2019-05-08,443,2,2.5780,-0.1471,5,478,0.9268,True,0.0045,QUIET,100
alraha,2019-05-09,0,0,,,5,478,0.0000,False,,NODATA,100
alraha,2019-05-10,242,2,2.7023,-0.0189,5,478,0.5063,True,0.0083,QUIET,100
alraha,2019-05-11,281,6,2.8048,0.0735,5,478,0.5879,True,0.0214,QUIET,100
alraha,2019-05-12,320,3,2.1025,-0.3504,5,478,0.6695,True,0.0094,QUIET,100
alraha,2019-05-13,0,0,,,5,478,0.0000,False,,NODATA,100
alraha,2019-05-14,435,3,2.3978,-0.2466,5,478,0.9100,True,0.0069,QUIET,100
alraha,2019-05-15,444,2,3.4228,-0.2906,5,478,0.9289,True,0.0045,QUIET,100
alraha,2019-05-16,443,0,1.9652,-0.2697,5,478,0.9268,True,0.0000,QUIET,100
alraha,2019-05-17,0,0,,,5,478,0.0000,False,,NODATA,100
alraha,2019-05-18,273,0,1.0511,-0.2701,5,478,0.5711,True,0.0000,QUIET,100
alraha,2019-05-19,15,0,0.7780,-0.0071,5,478,0.0314,False,,NODATA,100
alraha,2019-05-20,185,10,2.4457,0.2619,5,478,0.3870,True,0.0541,QUIET,100
alraha,2019-05-21,0,0,,,5,478,0.0000,False,,NODATA,100
alraha,2019-05-22,341,2,3.2539,-0.1029,5,478,0.7134,True,0.0059,QUIET,100
alraha,2019-05-23,190,4,2.7700,0.0118,5,478,0.3975,True,0.0211,QUIET,100
alraha,2019-05-24,460,2,2.4586,-0.0488,5,478,0.9623,True,0.0043,QUIET,100
alraha,2019-05-25,0,0,,,5,478,0.0000,False,,NODATA,100
alraha,2019-05-26,459,0,1.6303,-0.1778,5,478,0.9603,True,0.0000,QUIET,100
alraha,2019-05-27,393,5,2.9673,-0.1838,5,478,0.8222,True,0.0127,QUIET,100
alraha,2019-05-28,295,8,2.6276,-0.1527,5,478,0.6172,True,0.0271,QUIET,100
alraha,2019-05-29,0,0,,,5,478,0.0000,False,,NODATA,100
alraha,2019-05-30,0,0,,,5,478,0.0000,False,,NODATA,100
alraha,2019-05-31,459,7,2.8373,-0.0809,5,478,0.9603,True,0.0153,QUIET,100
alraha,2019-06-01,327,1,2.2866,-0.1113,6,478,0.6841,True,0.0031,QUIET,100
alraha,2019-06-02,93,1,2.4095,-0.0952,6,478,0.1946,True,0.0108,QUIET,100
alraha,2019-06-03,454,1,2.1521,-0.2252,6,478,0.9498,True,0.0022,QUIET,100
alraha,2019-06-04,438,0,1.6351,-0.1510,6,478,0.9163,True,0.0000,QUIET,100
alraha,2019-06-05,0,0,,,6,478,0.0000,False,,NODATA,100
alraha,2019-06-06,302,1,2.0593,-0.0953,6,478,0.6318,True,0.0033,QUIET,100
alraha,2019-06-07,463,1,2.0364,-0.1779,6,478,0.9686,True,0.0022,QUIET,100
alraha,2019-06-08,463,1,2.1219,-0.1354,6,478,0.9686,True,0.0022,QUIET,100
alraha,2019-06-09,0,0,,,6,478,0.0000,False,,NODATA,100
alraha,2019-06-10,464,0,1.2694,-0.1517,6,478,0.9707,True,0.0000,QUIET,100
alraha,2019-06-11,447,5,3.0089,-0.2297,6,478,0.9351,True,0.0112,QUIET,100
alraha,2019-06-12,474,2,3.1344,-0.1516,6,478,0.9916,True,0.0042,QUIET,100
alraha,2019-06-13,0,0,,,6,478,0.0000,False,,NODATA,100
alraha,2019-06-14,463,1,2.7413,-0.1492,6,478,0.9686,True,0.0022,QUIET,100
alraha,2019-06-15,139,0,1.8690,-0.2155,6,478,0.2908,True,0.0000,QUIET,100
alraha,2019-06-16,18,0,1.3203,0.0017,6,478,0.0377,False,,NODATA,100
alraha,2019-06-17,0,0,,,6,478,0.0000,False,,NODATA,100
alraha,2019-06-18,457,0,1.9091,-0.1268,6,478,0.9561,True,0.0000,QUIET,100
alraha,2019-06-19,38,15,3.0672,0.8147,6,478,0.0795,False,,NODATA,100
alraha,2019-06-20,373,86,3.6384,0.2992,6,478,0.7803,True,0.2306,EXCEED,100
alraha,2019-06-21,0,0,,,6,478,0.0000,False,,NODATA,100
alraha,2019-06-22,203,36,2.9811,0.4456,6,478,0.4247,True,0.1773,QUIET,100
alraha,2019-06-23,427,11,2.9932,0.1336,6,478,0.8933,True,0.0258,QUIET,100
alraha,2019-06-24,363,8,3.0140,0.1326,6,478,0.7594,True,0.0220,QUIET,100
alraha,2019-06-25,0,0,,,6,478,0.0000,False,,NODATA,100
alraha,2019-06-26,255,22,3.4501,0.1875,6,478,0.5335,True,0.0863,QUIET,100
alraha,2019-06-27,347,35,3.3380,0.1128,6,478,0.7259,True,0.1009,QUIET,100
alraha,2019-06-28,172,22,2.9925,0.2049,6,478,0.3598,True,0.1279,QUIET,100
alraha,2019-06-29,165,1,2.1018,-0.0324,6,478,0.3452,True,0.0061,QUIET,100
alraha,2019-06-30,461,0,1.9626,-0.0875,6,478,0.9644,True,0.0000,QUIET,100
alraha,2019-07-01,452,1,2.0147,0.0017,7,472,0.9576,True,0.0022,QUIET,100
alraha,2019-07-02,11,0,0.4015,0.5583,7,472,0.0233,False,,NODATA,100
alraha,2019-07-03,407,0,1.6840,-0.0175,7,472,0.8623,True,0.0000,QUIET,100
alraha,2019-07-04,10,0,1.2380,0.8200,7,472,0.0212,False,,NODATA,100
alraha,2019-07-05,373,38,3.5745,0.3381,7,472,0.7903,True,0.1019,QUIET,100
alraha,2019-07-06,0,0,,,7,472,0.0000,False,,NODATA,100
alraha,2019-07-07,459,0,1.7023,0.0935,7,472,0.9725,True,0.0000,QUIET,100
alraha,2019-07-08,311,0,1.6249,0.0127,7,472,0.6589,True,0.0000,QUIET,100
alraha,2019-07-09,463,1,2.0811,0.0449,7,472,0.9809,True,0.0022,QUIET,100
alraha,2019-07-10,0,0,,,7,472,0.0000,False,,NODATA,100
alraha,2019-07-11,441,0,1.2226,-0.0051,7,472,0.9343,True,0.0000,QUIET,100
alraha,2019-07-12,114,0,1.8283,-0.0186,7,472,0.2415,True,0.0000,QUIET,100
alraha,2019-07-13,295,1,3.1188,-0.0285,7,472,0.6250,True,0.0034,QUIET,100
alraha,2019-07-14,0,0,,,7,472,0.0000,False,,NODATA,100
alraha,2019-07-15,463,1,2.0970,0.0723,7,472,0.9809,True,0.0022,QUIET,100
alraha,2019-07-16,294,0,1.5842,0.1632,7,472,0.6229,True,0.0000,QUIET,100
alraha,2019-07-17,356,1,2.2072,0.1792,7,472,0.7542,True,0.0028,QUIET,100
alraha,2019-07-18,0,0,,,7,472,0.0000,False,,NODATA,100
alraha,2019-07-19,448,0,1.9534,0.0067,7,472,0.9492,True,0.0000,QUIET,100
alraha,2019-07-20,445,3,2.2192,0.1219,7,472,0.9428,True,0.0067,QUIET,100
alraha,2019-07-21,152,3,2.4637,0.2309,7,472,0.3220,True,0.0197,QUIET,100
alraha,2019-07-22,0,0,,,7,472,0.0000,False,,NODATA,100
alraha,2019-07-23,40,0,-0.4790,0.7123,7,472,0.0847,False,,NODATA,100
alraha,2019-07-24,221,49,2.8064,0.4795,7,472,0.4682,True,0.2217,EXCEED,100
alraha,2019-07-25,0,0,,,7,472,0.0000,False,,NODATA,100
alraha,2019-07-26,22,1,2.1313,0.8591,7,472,0.0466,False,,NODATA,100
alraha,2019-07-27,318,3,3.3346,0.1762,7,472,0.6737,True,0.0094,QUIET,100
alraha,2019-07-28,73,0,-0.0845,0.6516,7,472,0.1547,True,0.0000,QUIET,100
alraha,2019-07-29,0,0,,,7,472,0.0000,False,,NODATA,100
alraha,2019-07-30,370,0,1.9741,0.2092,7,472,0.7839,True,0.0000,QUIET,100
alraha,2019-07-31,1,0,-1.6801,0.6800,7,472,0.0021,False,,NODATA,100
alraha,2019-08-01,157,3,2.5274,0.3166,8,468,0.3355,True,0.0191,QUIET,100
alraha,2019-08-02,0,0,,,8,468,0.0000,False,,NODATA,100
alraha,2019-08-03,402,2,2.3999,0.0386,8,468,0.8590,True,0.0050,QUIET,100
alraha,2019-08-04,134,0,1.5921,0.1338,8,468,0.2863,True,0.0000,QUIET,100
alraha,2019-08-05,447,0,1.4151,0.1266,8,468,0.9551,True,0.0000,QUIET,100
alraha,2019-08-06,0,0,,,8,468,0.0000,False,,NODATA,100
alraha,2019-08-07,447,0,1.7181,0.0435,8,468,0.9551,True,0.0000,QUIET,100
alraha,2019-08-08,108,0,1.5012,0.0960,8,468,0.2308,True,0.0000,QUIET,100
alraha,2019-08-09,75,1,2.5233,0.7173,8,468,0.1603,True,0.0133,QUIET,100
alraha,2019-08-10,0,0,,,8,468,0.0000,False,,NODATA,100
alraha,2019-08-11,162,0,1.2192,0.1920,8,468,0.3462,True,0.0000,QUIET,100
alraha,2019-08-12,159,2,2.4683,0.3082,8,468,0.3397,True,0.0126,QUIET,100
alraha,2019-08-13,283,0,1.8227,0.3950,8,468,0.6047,True,0.0000,QUIET,100
alraha,2019-08-14,0,0,,,8,468,0.0000,False,,NODATA,100
alraha,2019-08-15,207,11,2.9108,0.5795,8,468,0.4423,True,0.0531,QUIET,100
alraha,2019-08-16,441,16,2.7586,0.4555,8,468,0.9423,True,0.0363,QUIET,100
alraha,2019-08-17,48,0,1.9182,0.6621,8,468,0.1026,True,0.0000,QUIET,100
alraha,2019-08-18,75,0,1.4245,0.1522,8,468,0.1603,True,0.0000,QUIET,100
alraha,2019-08-19,203,30,3.4762,0.4026,8,468,0.4338,True,0.1478,QUIET,100
alraha,2019-08-20,0,0,,,8,468,0.0000,False,,NODATA,100
alraha,2019-08-21,297,0,1.9251,0.3604,8,468,0.6346,True,0.0000,QUIET,100
alraha,2019-08-22,304,0,1.3864,0.1205,8,468,0.6496,True,0.0000,QUIET,100
alraha,2019-08-23,455,0,1.6916,0.1904,8,468,0.9722,True,0.0000,QUIET,100
alraha,2019-08-24,452,2,2.0852,0.4231,8,468,0.9658,True,0.0044,QUIET,100
alraha,2019-08-25,10,0,1.1196,0.6604,8,468,0.0214,False,,NODATA,100
alraha,2019-08-26,453,0,1.6099,0.1461,8,468,0.9679,True,0.0000,QUIET,100
alraha,2019-08-27,448,2,2.7554,0.1026,8,468,0.9573,True,0.0045,QUIET,100
alraha,2019-08-28,449,12,2.5177,0.3708,8,468,0.9594,True,0.0267,QUIET,100
alraha,2019-08-29,0,0,,,8,468,0.0000,False,,NODATA,100
alraha,2019-08-30,440,0,1.9152,0.2098,8,468,0.9402,True,0.0000,QUIET,100
alraha,2019-08-31,410,0,1.3727,0.1254,8,468,0.8761,True,0.0000,QUIET,100
alraha,2019-09-01,192,0,1.8243,0.2188,9,470,0.4085,True,0.0000,QUIET,100
alraha,2019-09-02,0,0,,,9,470,0.0000,False,,NODATA,100
alraha,2019-09-03,461,1,2.1116,0.2436,9,470,0.9809,True,0.0022,QUIET,100
alraha,2019-09-04,312,1,2.0470,0.2544,9,470,0.6638,True,0.0032,QUIET,100
alraha,2019-09-05,0,0,,,9,470,0.0000,False,,NODATA,100
alraha,2019-09-06,0,0,,,9,470,0.0000,False,,NODATA,100
alraha,2019-09-07,0,0,,,9,470,0.0000,False,,NODATA,100
alraha,2019-09-08,413,0,1.9954,0.2540,9,470,0.8787,True,0.0000,QUIET,100
alraha,2019-09-09,457,0,1.9749,0.2012,9,470,0.9723,True,0.0000,QUIET,100
alraha,2019-09-10,0,0,,,9,470,0.0000,False,,NODATA,100
alraha,2019-09-11,453,0,1.4145,0.1561,9,470,0.9638,True,0.0000,QUIET,100
alraha,2019-09-12,447,0,1.9479,0.2101,9,470,0.9511,True,0.0000,QUIET,100
alraha,2019-09-13,354,3,2.1675,0.3023,9,470,0.7532,True,0.0085,QUIET,100
alraha,2019-09-14,193,1,2.1265,0.1541,9,470,0.4106,True,0.0052,QUIET,100
alraha,2019-09-15,397,0,1.5586,0.0424,9,470,0.8447,True,0.0000,QUIET,100
alraha,2019-09-16,388,31,3.2307,0.3446,9,470,0.8255,True,0.0799,QUIET,100
alraha,2019-09-17,123,24,3.3321,0.4864,9,470,0.2617,True,0.1951,EXCEED,100
alraha,2019-09-18,377,6,2.3514,0.1278,9,470,0.8021,True,0.0159,QUIET,100
alraha,2019-09-19,457,0,1.9301,0.1257,9,470,0.9723,True,0.0000,QUIET,100
alraha,2019-09-20,454,2,2.7288,0.2682,9,470,0.9660,True,0.0044,QUIET,100
alraha,2019-09-21,0,0,,,9,470,0.0000,False,,NODATA,100
alraha,2019-09-22,452,0,1.7092,0.1704,9,470,0.9617,True,0.0000,QUIET,100
alraha,2019-09-23,422,3,2.5566,0.1422,9,470,0.8979,True,0.0071,QUIET,100
alraha,2019-09-24,0,0,,,9,470,0.0000,False,,NODATA,100
alraha,2019-09-25,0,0,,,9,470,0.0000,False,,NODATA,100
alraha,2019-09-26,456,1,2.0721,0.3256,9,470,0.9702,True,0.0022,QUIET,100
alraha,2019-09-27,379,101,3.7326,0.5101,9,470,0.8064,True,0.2665,EXCEED,100
alraha,2019-09-28,454,10,2.6687,0.4015,9,470,0.9660,True,0.0220,QUIET,100
alraha,2019-09-29,0,0,,,9,470,0.0000,False,,NODATA,100
alraha,2019-09-30,446,0,1.2062,0.2094,9,470,0.9489,True,0.0000,QUIET,100
alraha,2019-10-01,427,5,2.4351,0.3286,10,478,0.8933,True,0.0117,QUIET,100
alraha,2019-10-02,420,87,3.5162,0.4382,10,478,0.8787,True,0.2071,ALERT,100
alraha,2019-10-03,8,0,0.8986,0.8772,10,478,0.0167,False,,NODATA,100
alraha,2019-10-04,451,15,2.8805,0.2663,10,478,0.9435,True,0.0333,QUIET,100
alraha,2019-10-05,445,83,3.2733,0.4686,10,478,0.9310,True,0.1865,QUIET,100
alraha,2019-10-06,0,0,,,10,478,0.0000,False,,NODATA,100
alraha,2019-10-07,151,11,2.4387,0.4126,10,478,0.3159,True,0.0728,QUIET,100
alraha,2019-10-08,467,2,3.2425,0.2789,10,478,0.9770,True,0.0043,QUIET,100
alraha,2019-10-09,455,54,3.6149,0.4112,10,478,0.9519,True,0.1187,QUIET,100
alraha,2019-10-10,238,4,2.9028,0.0515,10,478,0.4979,True,0.0168,QUIET,100
alraha,2019-10-11,404,0,1.4607,0.1857,10,478,0.8452,True,0.0000,QUIET,100
alraha,2019-10-12,0,0,,,10,478,0.0000,False,,NODATA,100
alraha,2019-10-13,453,18,2.6643,0.3962,10,478,0.9477,True,0.0397,QUIET,100
alraha,2019-10-14,299,47,3.1810,0.4470,10,478,0.6255,True,0.1572,QUIET,100
alraha,2019-10-15,454,1,2.3976,0.3328,10,478,0.9498,True,0.0022,QUIET,100
alraha,2019-10-16,462,0,1.9500,0.2975,10,478,0.9665,True,0.0000,QUIET,100
alraha,2019-10-17,460,8,2.6166,0.3327,10,478,0.9623,True,0.0174,QUIET,100
alraha,2019-10-18,12,0,1.1644,0.5649,10,478,0.0251,False,,NODATA,100
alraha,2019-10-19,458,0,1.1706,0.1654,10,478,0.9582,True,0.0000,QUIET,100
alraha,2019-10-20,463,1,2.5371,0.1053,10,478,0.9686,True,0.0022,QUIET,100
alraha,2019-10-21,463,1,2.0507,0.1745,10,478,0.9686,True,0.0022,QUIET,100
alraha,2019-10-22,0,0,,,10,478,0.0000,False,,NODATA,100
alraha,2019-10-23,448,1,2.0035,0.0872,10,478,0.9372,True,0.0022,QUIET,100
alraha,2019-10-24,468,1,2.2748,0.1110,10,478,0.9791,True,0.0021,QUIET,100
alraha,2019-10-25,466,1,2.3119,0.2425,10,478,0.9749,True,0.0021,QUIET,100
alraha,2019-10-26,173,1,2.3441,0.1140,10,478,0.3619,True,0.0058,QUIET,100
alraha,2019-10-27,463,0,1.6346,0.1907,10,478,0.9686,True,0.0000,QUIET,100
alraha,2019-10-28,463,1,2.0717,0.2720,10,478,0.9686,True,0.0022,QUIET,100
alraha,2019-10-29,459,7,2.7011,0.3557,10,478,0.9603,True,0.0153,QUIET,100
alraha,2019-10-30,464,0,1.8015,0.2478,10,478,0.9707,True,0.0000,QUIET,100
alraha,2019-10-31,457,55,2.9951,0.3879,10,478,0.9561,True,0.1204,QUIET,100
alraha,2019-11-01,415,9,3.3395,0.2197,11,491,0.8452,True,0.0217,QUIET,100
alraha,2019-11-02,447,18,3.8128,0.2860,11,491,0.9104,True,0.0403,QUIET,100
alraha,2019-11-03,472,1,2.0706,0.1964,11,491,0.9613,True,0.0021,QUIET,100
alraha,2019-11-04,470,1,2.4263,0.1601,11,491,0.9572,True,0.0021,QUIET,100
alraha,2019-11-05,469,123,3.9296,0.4318,11,491,0.9552,True,0.2623,EXCEED,100
alraha,2019-11-06,450,37,3.7198,0.3089,11,491,0.9165,True,0.0822,QUIET,100
alraha,2019-11-07,469,3,2.2061,0.2463,11,491,0.9552,True,0.0064,QUIET,100
alraha,2019-11-08,473,5,2.4088,0.2520,11,491,0.9633,True,0.0106,QUIET,100
alraha,2019-11-09,433,132,4.8355,0.4310,11,491,0.8819,True,0.3048,ALERT,100
alraha,2019-11-10,4,1,3.7753,0.7360,11,491,0.0081,False,,NODATA,100
alraha,2019-11-11,474,9,3.2899,0.2769,11,491,0.9654,True,0.0190,QUIET,100
alraha,2019-11-12,484,21,3.6873,0.3356,11,491,0.9857,True,0.0434,QUIET,100
alraha,2019-11-13,474,142,3.1384,0.4146,11,491,0.9654,True,0.2996,ALERT,100
alraha,2019-11-14,13,5,2.4387,0.6830,11,491,0.0265,False,,NODATA,100
alraha,2019-11-15,410,1,2.0212,0.2647,11,491,0.8350,True,0.0024,QUIET,100
alraha,2019-11-16,470,0,1.2302,0.1465,11,491,0.9572,True,0.0000,QUIET,100
alraha,2019-11-17,374,81,3.6634,0.4001,11,491,0.7617,True,0.2166,ALERT,100
alraha,2019-11-18,0,0,,,11,491,0.0000,False,,NODATA,100
alraha,2019-11-19,400,2,2.3676,0.3049,11,491,0.8147,True,0.0050,QUIET,100
alraha,2019-11-20,0,0,,,11,491,0.0000,False,,NODATA,100
alraha,2019-11-21,0,0,,,11,491,0.0000,False,,NODATA,100
alraha,2019-11-22,176,5,2.2313,0.3260,11,491,0.3585,True,0.0284,QUIET,100
alraha,2019-11-23,454,4,2.0725,0.2494,11,491,0.9246,True,0.0088,QUIET,100
alraha,2019-11-24,461,1,2.3876,0.2135,11,491,0.9389,True,0.0022,QUIET,100
alraha,2019-11-25,0,0,,,11,491,0.0000,False,,NODATA,100
alraha,2019-11-26,479,1,2.7995,0.1315,11,491,0.9756,True,0.0021,QUIET,100
alraha,2019-11-27,442,0,1.5453,0.0129,11,491,0.9002,True,0.0000,QUIET,100
alraha,2019-11-28,468,0,1.6174,0.1399,11,491,0.9532,True,0.0000,QUIET,100
alraha,2019-11-29,445,0,1.1312,0.0635,11,491,0.9063,True,0.0000,QUIET,100
alraha,2019-11-30,0,0,,,11,491,0.0000,False,,NODATA,100
alraha,2019-12-01,385,1,2.1017,-0.0500,12,493,0.7809,True,0.0026,QUIET,100
alraha,2019-12-02,0,0,,,12,493,0.0000,False,,NODATA,100
alraha,2019-12-03,377,9,3.6423,-0.0206,12,493,0.7647,True,0.0239,QUIET,100
alraha,2019-12-04,459,0,1.7338,0.0150,12,493,0.9310,True,0.0000,QUIET,100
alraha,2019-12-05,409,2,2.3859,-0.0390,12,493,0.8296,True,0.0049,QUIET,100
alraha,2019-12-06,479,0,1.7728,0.0411,12,493,0.9716,True,0.0000,QUIET,100
alraha,2019-12-07,93,2,3.2067,0.2457,12,493,0.1886,True,0.0215,QUIET,100
alraha,2019-12-08,266,0,1.4023,0.0109,12,493,0.5396,True,0.0000,QUIET,100
alraha,2019-12-09,473,4,3.3412,0.0458,12,493,0.9594,True,0.0085,QUIET,100
alraha,2019-12-10,10,0,0.4787,0.0749,12,493,0.0203,False,,NODATA,100
alraha,2019-12-11,11,1,2.3500,0.5050,12,493,0.0223,False,,NODATA,100
alraha,2019-12-12,474,0,1.9677,0.1453,12,493,0.9615,True,0.0000,QUIET,100
alraha,2019-12-13,324,13,4.0947,0.1601,12,493,0.6572,True,0.0401,QUIET,100
alraha,2019-12-14,330,95,3.7121,0.3371,12,493,0.6694,True,0.2879,EXCEED,100
alraha,2019-12-15,0,0,,,12,493,0.0000,False,,NODATA,100
alraha,2019-12-16,82,8,3.3010,0.6774,12,493,0.1663,True,0.0976,QUIET,100
alraha,2019-12-17,20,1,2.0177,0.1280,12,493,0.0406,False,,NODATA,100
alraha,2019-12-18,40,18,4.2726,0.8559,12,493,0.0811,False,,NODATA,100
alraha,2019-12-19,0,0,,,12,493,0.0000,False,,NODATA,100
alraha,2019-12-20,299,1,3.8245,0.1621,12,493,0.6065,True,0.0033,QUIET,100
alraha,2019-12-21,414,5,2.7391,0.2037,12,493,0.8398,True,0.0121,QUIET,100
alraha,2019-12-22,440,71,3.1571,0.2698,12,493,0.8925,True,0.1614,QUIET,100
alraha,2019-12-23,318,1,2.0963,0.1273,12,493,0.6450,True,0.0031,QUIET,100
alraha,2019-12-24,410,2,2.2332,0.0371,12,493,0.8316,True,0.0049,QUIET,100
alraha,2019-12-25,481,15,3.3898,0.1447,12,493,0.9757,True,0.0312,QUIET,100
alraha,2019-12-26,451,21,3.8775,0.1627,12,493,0.9148,True,0.0466,QUIET,100
alraha,2019-12-27,473,3,2.4070,0.0167,12,493,0.9594,True,0.0063,QUIET,100
alraha,2019-12-28,470,2,2.8116,-0.0002,12,493,0.9533,True,0.0043,QUIET,100
alraha,2019-12-29,461,11,3.7134,0.0676,12,493,0.9351,True,0.0239,QUIET,100
alraha,2019-12-30,390,6,2.6386,0.0555,12,493,0.7911,True,0.0154,QUIET,100
alraha,2019-12-31,470,15,3.1842,0.1040,12,493,0.9533,True,0.0319,QUIET,100
alraha,2020-01-01,439,10,3.4895,0.1954,1,478,0.9184,True,0.0228,QUIET,100
alraha,2020-01-02,356,2,2.3906,0.0894,1,478,0.7448,True,0.0056,QUIET,100
alraha,2020-01-03,91,18,3.4397,0.3991,1,478,0.1904,True,0.1978,EXCEED,100
alraha,2020-01-04,473,1,2.2618,0.1565,1,478,0.9895,True,0.0021,QUIET,100
alraha,2020-01-05,0,0,,,1,478,0.0000,False,,NODATA,100
alraha,2020-01-06,126,5,2.3769,0.1427,1,478,0.2636,True,0.0397,QUIET,100
alraha,2020-01-07,15,0,1.2440,0.5658,1,478,0.0314,False,,NODATA,100
alraha,2020-01-08,473,0,1.8540,0.1697,1,478,0.9895,True,0.0000,QUIET,100
alraha,2020-01-09,453,14,3.0851,0.3083,1,478,0.9477,True,0.0309,QUIET,100
alraha,2020-01-10,18,0,1.6799,0.2617,1,478,0.0377,False,,NODATA,100
alraha,2020-01-11,0,0,,,1,478,0.0000,False,,NODATA,100
alraha,2020-01-12,182,42,2.8742,0.5801,1,478,0.3808,True,0.2308,EXCEED,100
alraha,2020-01-13,409,9,2.4479,0.3591,1,478,0.8556,True,0.0220,QUIET,100
alraha,2020-01-14,399,3,2.1416,0.3335,1,478,0.8347,True,0.0075,QUIET,100
alraha,2020-01-15,65,0,1.4255,0.2310,1,478,0.1360,True,0.0000,QUIET,100
alraha,2020-01-16,470,1,2.4683,0.2731,1,478,0.9833,True,0.0021,QUIET,100
alraha,2020-01-17,473,0,1.5843,0.1741,1,478,0.9895,True,0.0000,QUIET,100
alraha,2020-01-18,466,0,1.9906,0.2096,1,478,0.9749,True,0.0000,QUIET,100
alraha,2020-01-19,475,0,1.7449,0.0824,1,478,0.9937,True,0.0000,QUIET,100
alraha,2020-01-20,477,0,1.5986,0.0654,1,478,0.9979,True,0.0000,QUIET,100
alraha,2020-01-21,473,0,1.0286,0.0759,1,478,0.9895,True,0.0000,QUIET,100
alraha,2020-01-22,442,0,1.5156,0.1139,1,478,0.9247,True,0.0000,QUIET,100
alraha,2020-01-23,327,0,0.8409,-0.0039,1,478,0.6841,True,0.0000,QUIET,100
alraha,2020-01-24,10,0,-0.1273,0.1356,1,478,0.0209,False,,NODATA,100
alraha,2020-01-25,468,0,1.2385,0.1168,1,478,0.9791,True,0.0000,QUIET,100
alraha,2020-01-26,53,6,2.3217,0.5276,1,478,0.1109,True,0.1132,QUIET,100
alraha,2020-01-27,380,0,1.9832,0.3455,1,478,0.7950,True,0.0000,QUIET,100
alraha,2020-01-28,413,0,1.4773,0.1882,1,478,0.8640,True,0.0000,QUIET,100
alraha,2020-01-29,429,0,0.9546,0.1048,1,478,0.8975,True,0.0000,QUIET,100
alraha,2020-01-30,300,0,1.9709,0.0869,1,478,0.6276,True,0.0000,QUIET,100
alraha,2020-01-31,462,1,2.3092,-0.0075,1,478,0.9665,True,0.0022,QUIET,100
alraha,2020-02-01,453,0,1.9660,-0.0396,2,471,0.9618,True,0.0000,QUIET,100
alraha,2020-02-02,345,10,3.4870,0.0551,2,471,0.7325,True,0.0290,QUIET,100
alraha,2020-02-03,13,0,0.4697,0.2770,2,471,0.0276,False,,NODATA,100
alraha,2020-02-04,454,0,1.1609,-0.0370,2,471,0.9639,True,0.0000,QUIET,100
alraha,2020-02-05,468,0,1.3757,-0.0209,2,471,0.9936,True,0.0000,QUIET,100
alraha,2020-02-06,410,2,2.1290,-0.0523,2,471,0.8705,True,0.0049,QUIET,100
alraha,2020-02-07,0,0,,,2,471,0.0000,False,,NODATA,100
alraha,2020-02-08,311,1,2.3094,0.0345,2,471,0.6603,True,0.0032,QUIET,100
alraha,2020-02-09,401,4,2.7670,-0.0057,2,471,0.8514,True,0.0100,QUIET,100
alraha,2020-02-10,6,0,-0.7337,-0.2988,2,471,0.0127,False,,NODATA,100
alraha,2020-02-11,112,0,1.8173,0.0459,2,471,0.2378,True,0.0000,QUIET,100
alraha,2020-02-12,117,53,3.2978,0.4806,2,471,0.2484,True,0.4530,EXCEED,100
alraha,2020-02-13,391,54,2.8141,0.2464,2,471,0.8301,True,0.1381,QUIET,100
alraha,2020-02-14,446,0,1.9328,0.1488,2,471,0.9469,True,0.0000,QUIET,100
alraha,2020-02-15,335,2,2.2424,-0.0105,2,471,0.7113,True,0.0060,QUIET,100
alraha,2020-02-16,464,0,1.1222,-0.0532,2,471,0.9851,True,0.0000,QUIET,100
alraha,2020-02-17,379,0,1.9545,-0.0024,2,471,0.8047,True,0.0000,QUIET,100
alraha,2020-02-18,236,2,2.7263,0.0846,2,471,0.5011,True,0.0085,QUIET,100
alraha,2020-02-19,454,3,2.9888,-0.1028,2,471,0.9639,True,0.0066,QUIET,100
alraha,2020-02-20,265,0,1.4258,-0.1156,2,471,0.5626,True,0.0000,QUIET,100
alraha,2020-02-21,423,1,2.7538,-0.1504,2,471,0.8981,True,0.0024,QUIET,100
alraha,2020-02-22,4,1,2.3281,0.8305,2,471,0.0085,False,,NODATA,100
alraha,2020-02-23,463,0,1.5592,-0.1592,2,471,0.9830,True,0.0000,QUIET,100
alraha,2020-02-24,453,1,2.2949,-0.1190,2,471,0.9618,True,0.0022,QUIET,100
alraha,2020-02-25,463,0,1.9748,-0.1133,2,471,0.9830,True,0.0000,QUIET,100
alraha,2020-02-26,95,0,0.8617,0.0367,2,471,0.2017,True,0.0000,QUIET,100
alraha,2020-02-27,432,84,3.6537,0.2632,2,471,0.9172,True,0.1944,QUIET,100
alraha,2020-02-28,174,0,1.5595,0.0375,2,471,0.3694,True,0.0000,QUIET,100
alraha,2020-02-29,411,2,2.6875,0.0211,2,471,0.8726,True,0.0049,QUIET,100
alraha,2020-03-01,9,0,0.4264,0.2283,3,475,0.0189,False,,NODATA,100
alraha,2020-03-02,46,0,1.6691,0.7577,3,475,0.0968,False,,NODATA,100
alraha,2020-03-03,455,0,1.5922,-0.1047,3,475,0.9579,True,0.0000,QUIET,100
alraha,2020-03-04,384,16,2.3072,0.0788,3,475,0.8084,True,0.0417,QUIET,100
alraha,2020-03-05,0,0,,,3,475,0.0000,False,,NODATA,100
alraha,2020-03-06,468,1,3.0934,-0.0742,3,475,0.9853,True,0.0021,QUIET,100
alraha,2020-03-07,459,2,2.3961,-0.1422,3,475,0.9663,True,0.0044,QUIET,100
alraha,2020-03-08,453,2,2.5502,-0.0202,3,475,0.9537,True,0.0044,QUIET,100
alraha,2020-03-09,0,0,,,3,475,0.0000,False,,NODATA,100
alraha,2020-03-10,237,6,3.1549,-0.0727,3,475,0.4989,True,0.0253,QUIET,100
alraha,2020-03-11,445,2,2.5588,-0.1261,3,475,0.9368,True,0.0045,QUIET,100
alraha,2020-03-12,453,2,3.4389,-0.1367,3,475,0.9537,True,0.0044,QUIET,100
alraha,2020-03-13,3,1,4.0836,0.8583,3,475,0.0063,False,,NODATA,100
alraha,2020-03-14,0,0,,,3,475,0.0000,False,,NODATA,100
alraha,2020-03-15,351,2,3.4235,-0.0479,3,475,0.7389,True,0.0057,QUIET,100
alraha,2020-03-16,36,4,3.4057,-0.2742,3,475,0.0758,False,,NODATA,100
alraha,2020-03-17,66,0,0.7246,-0.1104,3,475,0.1389,True,0.0000,QUIET,100
alraha,2020-03-18,457,8,3.2136,0.0007,3,475,0.9621,True,0.0175,QUIET,100
alraha,2020-03-19,140,10,3.0339,-0.1995,3,475,0.2947,True,0.0714,QUIET,100
alraha,2020-03-20,69,9,3.4367,0.7786,3,475,0.1453,True,0.1304,QUIET,100
alraha,2020-03-21,27,0,1.7074,0.0145,3,475,0.0568,False,,NODATA,100
alraha,2020-03-22,278,58,3.2936,0.1225,3,475,0.5853,True,0.2086,EXCEED,100
alraha,2020-03-23,423,297,3.9817,0.4307,3,475,0.8905,True,0.7021,ALERT,100
alraha,2020-03-24,273,19,3.1096,0.1414,3,475,0.5747,True,0.0696,QUIET,100
alraha,2020-03-25,432,1,2.1811,-0.0326,3,475,0.9095,True,0.0023,QUIET,100
alraha,2020-03-26,454,0,1.8979,-0.1010,3,475,0.9558,True,0.0000,QUIET,100
alraha,2020-03-27,227,8,3.4505,-0.2362,3,475,0.4779,True,0.0352,QUIET,100
alraha,2020-03-28,0,0,,,3,475,0.0000,False,,NODATA,100
alraha,2020-03-29,2,0,1.4151,0.5712,3,475,0.0042,False,,NODATA,100
alraha,2020-03-30,0,0,,,3,475,0.0000,False,,NODATA,100
alraha,2020-03-31,466,2,2.4505,0.0472,3,475,0.9811,True,0.0043,QUIET,100
alraha,2020-04-01,0,0,,,4,476,0.0000,False,,NODATA,100
alraha,2020-04-02,123,0,0.5107,-0.2780,4,476,0.2584,True,0.0000,QUIET,100
alraha,2020-04-03,24,0,1.8819,0.7583,4,476,0.0504,False,,NODATA,100
alraha,2020-04-04,300,7,2.9570,-0.3070,4,476,0.6303,True,0.0233,QUIET,100
alraha,2020-04-05,0,0,,,4,476,0.0000,False,,NODATA,100
alraha,2020-04-06,468,0,1.1248,-0.1916,4,476,0.9832,True,0.0000,QUIET,100
alraha,2020-04-07,319,4,2.6670,-0.1417,4,476,0.6702,True,0.0125,QUIET,100
alraha,2020-04-08,320,0,1.9702,0.0795,4,476,0.6723,True,0.0000,QUIET,100
alraha,2020-04-09,0,0,,,4,476,0.0000,False,,NODATA,100
alraha,2020-04-10,232,0,0.9235,-0.0485,4,476,0.4874,True,0.0000,QUIET,100
alraha,2020-04-11,1,0,-0.1731,-0.1008,4,476,0.0021,False,,NODATA,100
alraha,2020-04-12,42,4,3.4423,0.7781,4,476,0.0882,False,,NODATA,100
alraha,2020-04-13,0,0,,,4,476,0.0000,False,,NODATA,100
alraha,2020-04-14,471,1,2.2080,0.0495,4,476,0.9895,True,0.0021,QUIET,100
alraha,2020-04-15,0,0,,,4,476,0.0000,False,,NODATA,100
alraha,2020-04-16,307,2,2.6907,0.0463,4,476,0.6450,True,0.0065,QUIET,100
alraha,2020-04-17,4,0,1.5219,0.9854,4,476,0.0084,False,,NODATA,100
alraha,2020-04-18,417,1,2.0080,-0.0133,4,476,0.8761,True,0.0024,QUIET,100
alraha,2020-04-19,108,22,3.1339,0.0064,4,476,0.2269,True,0.2037,EXCEED,100
alraha,2020-04-20,0,0,,,4,476,0.0000,False,,NODATA,100
alraha,2020-04-21,158,1,2.1036,-0.1077,4,476,0.3319,True,0.0063,QUIET,100
alraha,2020-04-22,468,0,1.3011,-0.0526,4,476,0.9832,True,0.0000,QUIET,100
alraha,2020-04-23,454,2,2.2883,0.0637,4,476,0.9538,True,0.0044,QUIET,100
alraha,2020-04-24,12,0,1.6593,0.5247,4,476,0.0252,False,,NODATA,100
alraha,2020-04-25,435,6,2.6869,-0.0600,4,476,0.9139,True,0.0138,QUIET,100
alraha,2020-04-26,457,7,2.7396,0.0019,4,476,0.9601,True,0.0153,QUIET,100
alraha,2020-04-27,408,30,3.4821,-0.0818,4,476,0.8571,True,0.0735,QUIET,100
alraha,2020-04-28,0,0,,,4,476,0.0000,False,,NODATA,100
alraha,2020-04-29,39,1,2.0375,0.4128,4,476,0.0819,False,,NODATA,100
alraha,2020-04-30,92,24,3.3347,0.7444,4,476,0.1933,True,0.2609,EXCEED,100
alraha,2020-05-01,195,13,2.3164,0.0046,5,478,0.4079,True,0.0667,QUIET,100
alraha,2020-05-02,0,0,,,5,478,0.0000,False,,NODATA,100
alraha,2020-05-03,468,85,3.6277,0.0757,5,478,0.9791,True,0.1816,QUIET,100
alraha,2020-05-04,122,17,4.4886,0.0987,5,478,0.2552,True,0.1393,QUIET,100
alraha,2020-05-05,465,13,2.4653,0.0022,5,478,0.9728,True,0.0280,QUIET,100
alraha,2020-05-06,0,0,,,5,478,0.0000,False,,NODATA,100
alraha,2020-05-07,455,2,2.2945,-0.0439,5,478,0.9519,True,0.0044,QUIET,100
alraha,2020-05-08,218,5,4.7273,0.1175,5,478,0.4561,True,0.0229,QUIET,100
alraha,2020-05-09,339,17,3.6128,-0.1153,5,478,0.7092,True,0.0501,QUIET,100
alraha,2020-05-10,0,0,,,5,478,0.0000,False,,NODATA,100
alraha,2020-05-11,332,11,2.8188,-0.2051,5,478,0.6946,True,0.0331,QUIET,100
alraha,2020-05-12,430,28,3.1833,0.0024,5,478,0.8996,True,0.0651,QUIET,100
alraha,2020-05-13,465,160,4.6686,0.3123,5,478,0.9728,True,0.3441,EXCEED,100
alraha,2020-05-14,0,0,,,5,478,0.0000,False,,NODATA,100
alraha,2020-05-15,372,39,3.2080,0.1226,5,478,0.7782,True,0.1048,QUIET,100
alraha,2020-05-16,462,5,2.3618,0.0017,5,478,0.9665,True,0.0108,QUIET,100
alraha,2020-05-17,289,6,2.9152,0.0339,5,478,0.6046,True,0.0208,QUIET,100
alraha,2020-05-18,90,0,1.8774,0.1454,5,478,0.1883,True,0.0000,QUIET,100
alraha,2020-05-19,463,0,1.8934,-0.1322,5,478,0.9686,True,0.0000,QUIET,100
alraha,2020-05-20,398,2,2.0470,-0.2114,5,478,0.8326,True,0.0050,QUIET,100
alraha,2020-05-21,0,0,,,5,478,0.0000,False,,NODATA,100
alraha,2020-05-22,393,2,2.3583,-0.1503,5,478,0.8222,True,0.0051,QUIET,100
alraha,2020-05-23,456,1,2.3084,-0.1481,5,478,0.9540,True,0.0022,QUIET,100
alraha,2020-05-24,439,2,2.7069,-0.0797,5,478,0.9184,True,0.0046,QUIET,100
alraha,2020-05-25,0,0,,,5,478,0.0000,False,,NODATA,100
alraha,2020-05-26,447,1,2.5981,-0.0912,5,478,0.9351,True,0.0022,QUIET,100
alraha,2020-05-27,461,1,3.4533,-0.0981,5,478,0.9644,True,0.0022,QUIET,100
alraha,2020-05-28,455,0,1.7883,-0.0939,5,478,0.9519,True,0.0000,QUIET,100
alraha,2020-05-29,0,0,,,5,478,0.0000,False,,NODATA,100
alraha,2020-05-30,459,9,2.5159,0.0134,5,478,0.9603,True,0.0196,QUIET,100
alraha,2020-05-31,38,4,2.7741,0.7376,5,478,0.0795,False,,NODATA,100
alraha,2020-06-01,401,2,4.7836,-0.0171,6,478,0.8389,True,0.0050,QUIET,100
alraha,2020-06-02,0,0,,,6,478,0.0000,False,,NODATA,100
alraha,2020-06-03,461,0,1.7591,-0.1163,6,478,0.9644,True,0.0000,QUIET,100
alraha,2020-06-04,301,2,2.7512,-0.0875,6,478,0.6297,True,0.0066,QUIET,100
alraha,2020-06-05,410,9,2.4678,0.0838,6,478,0.8577,True,0.0220,QUIET,100
alraha,2020-06-06,0,0,,,6,478,0.0000,False,,NODATA,100
alraha,2020-06-07,459,0,1.9918,-0.0198,6,478,0.9603,True,0.0000,QUIET,100
alraha,2020-06-08,428,1,2.1925,0.0229,6,478,0.8954,True,0.0023,QUIET,100
alraha,2020-06-09,439,0,1.9191,0.0163,6,478,0.9184,True,0.0000,QUIET,100
alraha,2020-06-10,0,0,,,6,478,0.0000,False,,NODATA,100
alraha,2020-06-11,469,8,2.5827,0.0700,6,478,0.9812,True,0.0171,QUIET,100
alraha,2020-06-12,464,7,2.7992,0.1015,6,478,0.9707,True,0.0151,QUIET,100
alraha,2020-06-13,321,45,3.3278,0.2143,6,478,0.6715,True,0.1402,QUIET,100
alraha,2020-06-14,33,4,3.4846,0.5118,6,478,0.0690,False,,NODATA,100
alraha,2020-06-15,452,1,2.0818,-0.0036,6,478,0.9456,True,0.0022,QUIET,100
alraha,2020-06-16,429,25,3.5419,0.0330,6,478,0.8975,True,0.0583,QUIET,100
alraha,2020-06-17,9,6,2.8530,0.8064,6,478,0.0188,False,,NODATA,100
alraha,2020-06-18,427,2,2.3439,-0.0278,6,478,0.8933,True,0.0047,QUIET,100
alraha,2020-06-19,426,2,2.4592,-0.0847,6,478,0.8912,True,0.0047,QUIET,100
alraha,2020-06-20,365,5,2.2952,-0.0850,6,478,0.7636,True,0.0137,QUIET,100
alraha,2020-06-21,0,0,,,6,478,0.0000,False,,NODATA,100
alraha,2020-06-22,450,2,2.1887,0.0031,6,478,0.9414,True,0.0044,QUIET,100
alraha,2020-06-23,458,6,2.5198,0.0590,6,478,0.9582,True,0.0131,QUIET,100
alraha,2020-06-24,336,5,2.6884,0.0101,6,478,0.7029,True,0.0149,QUIET,100
alraha,2020-06-25,0,0,,,6,478,0.0000,False,,NODATA,100
alraha,2020-06-26,439,12,3.9213,-0.1025,6,478,0.9184,True,0.0273,QUIET,100
alraha,2020-06-27,6,0,-0.2984,0.7708,6,478,0.0126,False,,NODATA,100
alraha,2020-06-28,430,5,3.2900,0.0054,6,478,0.8996,True,0.0116,QUIET,100
alraha,2020-06-29,0,0,,,6,478,0.0000,False,,NODATA,100
alraha,2020-06-30,475,4,2.4353,-0.1323,6,478,0.9937,True,0.0084,QUIET,100
alraha,2020-07-01,392,6,3.2242,-0.1767,7,472,0.8305,True,0.0153,QUIET,100
alraha,2020-07-02,316,3,2.4561,0.2580,7,472,0.6695,True,0.0095,QUIET,100
alraha,2020-07-03,0,0,,,7,472,0.0000,False,,NODATA,100
alraha,2020-07-04,449,1,2.6365,0.0071,7,472,0.9513,True,0.0022,QUIET,100
alraha,2020-07-05,450,2,2.2934,-0.0340,7,472,0.9534,True,0.0044,QUIET,100
alraha,2020-07-06,376,2,2.0550,0.0384,7,472,0.7966,True,0.0053,QUIET,100
alraha,2020-07-07,2,1,3.1505,1.1139,7,472,0.0042,False,,NODATA,100
alraha,2020-07-08,457,3,2.8644,-0.0824,7,472,0.9682,True,0.0066,QUIET,100
alraha,2020-07-09,457,1,3.1173,0.0538,7,472,0.9682,True,0.0022,QUIET,100
alraha,2020-07-10,222,1,2.1942,-0.1073,7,472,0.4703,True,0.0045,QUIET,100
alraha,2020-07-11,115,1,2.3443,0.0436,7,472,0.2436,True,0.0087,QUIET,100
alraha,2020-07-12,388,0,1.9519,-0.0622,7,472,0.8220,True,0.0000,QUIET,100
alraha,2020-07-13,166,1,2.4452,-0.0341,7,472,0.3517,True,0.0060,QUIET,100
alraha,2020-07-14,0,0,,,7,472,0.0000,False,,NODATA,100
alraha,2020-07-15,450,3,2.4287,0.0972,7,472,0.9534,True,0.0067,QUIET,100
alraha,2020-07-16,452,5,2.4329,0.2615,7,472,0.9576,True,0.0111,QUIET,100
alraha,2020-07-17,314,6,2.6072,0.1706,7,472,0.6653,True,0.0191,QUIET,100
alraha,2020-07-18,0,0,,,7,472,0.0000,False,,NODATA,100
alraha,2020-07-19,428,3,2.6074,0.1452,7,472,0.9068,True,0.0070,QUIET,100
alraha,2020-07-20,128,6,2.7130,0.0954,7,472,0.2712,True,0.0469,QUIET,100
alraha,2020-07-21,435,7,3.3324,0.2707,7,472,0.9216,True,0.0161,QUIET,100
alraha,2020-07-22,0,0,,,7,472,0.0000,False,,NODATA,100
alraha,2020-07-23,450,21,3.0358,0.3508,7,472,0.9534,True,0.0467,QUIET,100
alraha,2020-07-24,64,14,2.8291,0.7911,7,472,0.1356,True,0.2188,EXCEED,100
alraha,2020-07-25,459,80,3.1042,0.4662,7,472,0.9725,True,0.1743,QUIET,100
alraha,2020-07-26,0,0,,,7,472,0.0000,False,,NODATA,100
alraha,2020-07-27,411,23,2.6055,0.3635,7,472,0.8708,True,0.0560,QUIET,100
alraha,2020-07-28,97,1,2.2180,0.2505,7,472,0.2055,True,0.0103,QUIET,100
alraha,2020-07-29,433,20,2.6704,0.4258,7,472,0.9174,True,0.0462,QUIET,100
alraha,2020-07-30,0,0,,,7,472,0.0000,False,,NODATA,100
alraha,2020-07-31,435,0,1.8227,0.1520,7,472,0.9216,True,0.0000,QUIET,100
alraha,2020-08-01,447,4,2.3592,0.2845,8,468,0.9551,True,0.0089,QUIET,100
alraha,2020-08-02,338,12,2.6113,0.4820,8,468,0.7222,True,0.0355,QUIET,100
alraha,2020-08-03,2,0,0.5879,0.9213,8,468,0.0043,False,,NODATA,100
alraha,2020-08-04,331,0,1.3472,0.2023,8,468,0.7073,True,0.0000,QUIET,100
alraha,2020-08-05,449,1,2.0806,0.2096,8,468,0.9594,True,0.0022,QUIET,100
alraha,2020-08-06,271,1,2.2206,0.2474,8,468,0.5791,True,0.0037,QUIET,100
alraha,2020-08-07,240,1,2.5736,0.2956,8,468,0.5128,True,0.0042,QUIET,100
alraha,2020-08-08,0,0,,,8,468,0.0000,False,,NODATA,100
alraha,2020-08-09,69,0,1.5061,-0.0173,8,468,0.1474,True,0.0000,QUIET,100
alraha,2020-08-10,0,0,,,8,468,0.0000,False,,NODATA,100
alraha,2020-08-11,156,0,1.7820,-0.0778,8,468,0.3333,True,0.0000,QUIET,100
alraha,2020-08-12,17,0,0.9605,0.7876,8,468,0.0363,False,,NODATA,100
alraha,2020-08-13,205,0,1.6116,0.1769,8,468,0.4380,True,0.0000,QUIET,100
alraha,2020-08-14,0,0,,,8,468,0.0000,False,,NODATA,100
alraha,2020-08-15,445,0,1.5745,0.0717,8,468,0.9509,True,0.0000,QUIET,100
alraha,2020-08-16,258,0,1.6427,0.0875,8,468,0.5513,True,0.0000,QUIET,100
alraha,2020-08-17,400,2,2.0288,0.2419,8,468,0.8547,True,0.0050,QUIET,100
alraha,2020-08-18,0,0,,,8,468,0.0000,False,,NODATA,100
alraha,2020-08-19,421,1,2.1677,0.1206,8,468,0.8996,True,0.0024,QUIET,100
alraha,2020-08-20,207,0,1.9050,0.3028,8,468,0.4423,True,0.0000,QUIET,100
alraha,2020-08-21,179,0,1.8401,0.0888,8,468,0.3825,True,0.0000,QUIET,100
alraha,2020-08-22,0,0,,,8,468,0.0000,False,,NODATA,100
alraha,2020-08-23,17,0,0.5485,0.6714,8,468,0.0363,False,,NODATA,100
alraha,2020-08-24,387,0,1.9752,0.3607,8,468,0.8269,True,0.0000,QUIET,100
alraha,2020-08-25,405,6,2.6936,0.2119,8,468,0.8654,True,0.0148,QUIET,100
alraha,2020-08-26,0,0,,,8,468,0.0000,False,,NODATA,100
alraha,2020-08-27,463,7,3.2383,0.3391,8,468,0.9893,True,0.0151,QUIET,100
alraha,2020-08-28,278,40,3.3598,0.5155,8,468,0.5940,True,0.1439,QUIET,100
alraha,2020-08-29,88,10,3.5793,0.8238,8,468,0.1880,True,0.1136,QUIET,100
alraha,2020-08-30,104,0,1.2389,0.4170,8,468,0.2222,True,0.0000,QUIET,100
alraha,2020-08-31,0,0,,,8,468,0.0000,False,,NODATA,100
alraha,2020-09-01,430,228,4.2825,0.5583,9,470,0.9149,True,0.5302,EXCEED,100
alraha,2020-09-02,0,0,,,9,470,0.0000,False,,NODATA,100
alraha,2020-09-03,306,1,2.1899,0.2814,9,470,0.6511,True,0.0033,QUIET,100
alraha,2020-09-04,460,1,2.4157,0.2956,9,470,0.9787,True,0.0022,QUIET,100
alraha,2020-09-05,450,6,2.3140,0.3661,9,470,0.9574,True,0.0133,QUIET,100
alraha,2020-09-06,13,0,1.0251,0.6231,9,470,0.0277,False,,NODATA,100
alraha,2020-09-07,407,3,2.7487,0.2401,9,470,0.8660,True,0.0074,QUIET,100
alraha,2020-09-08,452,1,2.9976,0.0930,9,470,0.9617,True,0.0022,QUIET,100
alraha,2020-09-09,402,1,2.4255,0.1785,9,470,0.8553,True,0.0025,QUIET,100
alraha,2020-09-10,0,0,,,9,470,0.0000,False,,NODATA,100
alraha,2020-09-11,0,0,,,9,470,0.0000,False,,NODATA,100
alraha,2020-09-12,429,4,3.0160,0.0802,9,470,0.9128,True,0.0093,QUIET,100
alraha,2020-09-13,448,19,3.4299,0.2063,9,470,0.9532,True,0.0424,QUIET,100
alraha,2020-09-14,0,0,,,9,470,0.0000,False,,NODATA,100
alraha,2020-09-15,455,13,2.9390,0.2476,9,470,0.9681,True,0.0286,QUIET,100
alraha,2020-09-16,437,33,3.3993,0.3411,9,470,0.9298,True,0.0755,QUIET,100
alraha,2020-09-17,0,0,,,9,470,0.0000,False,,NODATA,100
alraha,2020-09-18,0,0,,,9,470,0.0000,False,,NODATA,100
alraha,2020-09-19,456,2,2.5055,0.1391,9,470,0.9702,True,0.0044,QUIET,100
alraha,2020-09-20,431,0,1.6769,0.2264,9,470,0.9170,True,0.0000,QUIET,100
alraha,2020-09-21,446,1,2.3787,0.2016,9,470,0.9489,True,0.0022,QUIET,100
alraha,2020-09-22,4,2,2.9847,0.9300,9,470,0.0085,False,,NODATA,100
alraha,2020-09-23,456,0,1.1163,0.1256,9,470,0.9702,True,0.0000,QUIET,100
alraha,2020-09-24,0,0,,,9,470,0.0000,False,,NODATA,100
alraha,2020-09-25,441,12,2.7591,0.3269,9,470,0.9383,True,0.0272,QUIET,100
alraha,2020-09-26,340,1,2.0586,0.0958,9,470,0.7234,True,0.0029,QUIET,100
alraha,2020-09-27,0,0,,,9,470,0.0000,False,,NODATA,100
alraha,2020-09-28,427,0,1.7981,0.2313,9,470,0.9085,True,0.0000,QUIET,100
alraha,2020-09-29,252,5,3.5096,0.2882,9,470,0.5362,True,0.0198,QUIET,100
alraha,2020-09-30,451,0,1.5923,0.1945,9,470,0.9596,True,0.0000,QUIET,100
alraha,2020-10-01,439,7,2.5063,0.2163,10,478,0.9184,True,0.0159,QUIET,100
alraha,2020-10-02,448,32,2.6240,0.3943,10,478,0.9372,True,0.0714,QUIET,100
alraha,2020-10-03,12,0,1.8566,0.6023,10,478,0.0251,False,,NODATA,100
alraha,2020-10-04,450,0,1.7192,0.1232,10,478,0.9414,True,0.0000,QUIET,100
alraha,2020-10-05,448,5,3.4532,0.0504,10,478,0.9372,True,0.0112,QUIET,100
alraha,2020-10-06,462,2,2.1826,0.1956,10,478,0.9665,True,0.0043,QUIET,100
alraha,2020-10-07,0,0,,,10,478,0.0000,False,,NODATA,100
alraha,2020-10-08,460,1,2.5334,0.1043,10,478,0.9623,True,0.0022,QUIET,100
alraha,2020-10-09,460,1,2.0492,0.0756,10,478,0.9623,True,0.0022,QUIET,100
alraha,2020-10-10,466,5,2.4672,0.2892,10,478,0.9749,True,0.0107,QUIET,100
alraha,2020-10-11,5,0,-0.6949,0.8110,10,478,0.0105,False,,NODATA,100
alraha,2020-10-12,467,2,2.5226,0.1798,10,478,0.9770,True,0.0043,QUIET,100
alraha,2020-10-13,463,20,2.5884,0.3309,10,478,0.9686,True,0.0432,QUIET,100
alraha,2020-10-14,465,39,3.0661,0.4031,10,478,0.9728,True,0.0839,QUIET,100
alraha,2020-10-15,14,7,4.5320,0.9291,10,478,0.0293,False,,NODATA,100
alraha,2020-10-16,461,11,2.6333,0.3266,10,478,0.9644,True,0.0239,QUIET,100
alraha,2020-10-17,0,0,,,10,478,0.0000,False,,NODATA,100
alraha,2020-10-18,453,68,3.5219,0.4082,10,478,0.9477,True,0.1501,QUIET,100
alraha,2020-10-19,26,9,4.3066,0.9347,10,478,0.0544,False,,NODATA,100
alraha,2020-10-20,463,2,2.3112,0.2588,10,478,0.9686,True,0.0043,QUIET,100
alraha,2020-10-21,455,7,2.8607,0.3202,10,478,0.9519,True,0.0154,QUIET,100
alraha,2020-10-22,0,0,,,10,478,0.0000,False,,NODATA,100
alraha,2020-10-23,465,0,1.4922,0.1195,10,478,0.9728,True,0.0000,QUIET,100
alraha,2020-10-24,458,0,1.8044,0.1253,10,478,0.9582,True,0.0000,QUIET,100
alraha,2020-10-25,462,6,2.4131,0.2608,10,478,0.9665,True,0.0130,QUIET,100
alraha,2020-10-26,322,8,2.5211,0.3474,10,478,0.6736,True,0.0248,QUIET,100
alraha,2020-10-27,465,2,2.8672,0.1719,10,478,0.9728,True,0.0043,QUIET,100
alraha,2020-10-28,466,0,1.6815,0.1560,10,478,0.9749,True,0.0000,QUIET,100
alraha,2020-10-29,462,0,1.8780,0.2418,10,478,0.9665,True,0.0000,QUIET,100
alraha,2020-10-30,14,0,0.8542,0.5380,10,478,0.0293,False,,NODATA,100
alraha,2020-10-31,460,0,1.3268,0.1112,10,478,0.9623,True,0.0000,QUIET,100
alraha,2020-11-01,462,1,3.4104,0.1731,11,491,0.9409,True,0.0022,QUIET,100
alraha,2020-11-02,466,2,2.1562,0.2105,11,491,0.9491,True,0.0043,QUIET,100
alraha,2020-11-03,0,0,,,11,491,0.0000,False,,NODATA,100
alraha,2020-11-04,464,0,1.8307,0.0830,11,491,0.9450,True,0.0000,QUIET,100
alraha,2020-11-05,468,0,1.6572,0.0503,11,491,0.9532,True,0.0000,QUIET,100
alraha,2020-11-06,463,1,2.3850,0.1211,11,491,0.9430,True,0.0022,QUIET,100
alraha,2020-11-07,154,3,3.1136,0.1928,11,491,0.3136,True,0.0195,QUIET,100
alraha,2020-11-08,350,0,1.6921,0.0569,11,491,0.7128,True,0.0000,QUIET,100
alraha,2020-11-09,466,4,2.6986,0.1568,11,491,0.9491,True,0.0086,QUIET,100
alraha,2020-11-10,475,2,2.2626,0.1277,11,491,0.9674,True,0.0042,QUIET,100
alraha,2020-11-11,476,0,1.9141,0.0916,11,491,0.9695,True,0.0000,QUIET,100
alraha,2020-11-12,475,1,2.0977,0.0980,11,491,0.9674,True,0.0021,QUIET,100
alraha,2020-11-13,466,9,3.2142,0.2078,11,491,0.9491,True,0.0193,QUIET,100
alraha,2020-11-14,374,18,4.2361,0.2313,11,491,0.7617,True,0.0481,QUIET,100
alraha,2020-11-15,471,1,2.2118,0.1551,11,491,0.9593,True,0.0021,QUIET,100
alraha,2020-11-16,471,1,2.1758,0.1692,11,491,0.9593,True,0.0021,QUIET,100
alraha,2020-11-17,342,15,3.2963,0.3601,11,491,0.6965,True,0.0439,QUIET,100
alraha,2020-11-18,430,19,2.9489,0.1799,11,491,0.8758,True,0.0442,QUIET,100
alraha,2020-11-19,457,6,2.3456,0.1856,11,491,0.9308,True,0.0131,QUIET,100
alraha,2020-11-20,465,1,2.2156,0.1318,11,491,0.9470,True,0.0022,QUIET,100
alraha,2020-11-21,0,0,,,11,491,0.0000,False,,NODATA,100
alraha,2020-11-22,332,6,3.0383,0.1870,11,491,0.6762,True,0.0181,QUIET,100
alraha,2020-11-23,457,0,1.9384,0.1652,11,491,0.9308,True,0.0000,QUIET,100
alraha,2020-11-24,293,13,2.6166,0.2717,11,491,0.5967,True,0.0444,QUIET,100
alraha,2020-11-25,475,13,2.6008,0.2746,11,491,0.9674,True,0.0274,QUIET,100
alraha,2020-11-26,14,0,0.7768,0.5399,11,491,0.0285,False,,NODATA,100
alraha,2020-11-27,342,1,2.0675,0.3185,11,491,0.6965,True,0.0029,QUIET,100
alraha,2020-11-28,428,2,2.3691,0.2862,11,491,0.8717,True,0.0047,QUIET,100
alraha,2020-11-29,0,0,,,11,491,0.0000,False,,NODATA,100
alraha,2020-11-30,0,0,,,11,491,0.0000,False,,NODATA,100
alraha,2020-12-01,474,2,2.2744,0.0995,12,493,0.9615,True,0.0042,QUIET,100
alraha,2020-12-02,453,3,2.2639,0.0659,12,493,0.9189,True,0.0066,QUIET,100
alraha,2020-12-03,470,2,2.4709,0.0622,12,493,0.9533,True,0.0043,QUIET,100
alraha,2020-12-04,174,0,1.0109,0.0059,12,493,0.3529,True,0.0000,QUIET,100
alraha,2020-12-05,471,3,2.2728,0.0787,12,493,0.9554,True,0.0064,QUIET,100
alraha,2020-12-06,451,5,2.9686,0.0633,12,493,0.9148,True,0.0111,QUIET,100
alraha,2020-12-07,469,16,2.4662,0.1436,12,493,0.9513,True,0.0341,QUIET,100
alraha,2020-12-08,0,0,,,12,493,0.0000,False,,NODATA,100
alraha,2020-12-09,358,5,3.2943,0.1431,12,493,0.7262,True,0.0140,QUIET,100
alraha,2020-12-10,468,19,3.0059,0.2121,12,493,0.9493,True,0.0406,QUIET,100
alraha,2020-12-11,452,61,3.1617,0.2266,12,493,0.9168,True,0.1350,QUIET,100
alraha,2020-12-12,378,0,1.9520,-0.0148,12,493,0.7667,True,0.0000,QUIET,100
alraha,2020-12-13,346,0,1.7447,-0.0225,12,493,0.7018,True,0.0000,QUIET,100
alraha,2020-12-14,0,0,,,12,493,0.0000,False,,NODATA,100
alraha,2020-12-15,418,4,3.3091,0.0947,12,493,0.8479,True,0.0096,QUIET,100
alraha,2020-12-16,475,1,2.0588,0.0943,12,493,0.9635,True,0.0021,QUIET,100
alraha,2020-12-17,460,1,2.3615,0.0780,12,493,0.9331,True,0.0022,QUIET,100
alraha,2020-12-18,469,0,1.9846,0.1077,12,493,0.9513,True,0.0000,QUIET,100
alraha,2020-12-19,220,5,3.1942,0.1668,12,493,0.4462,True,0.0227,QUIET,100
alraha,2020-12-20,421,1,3.1736,0.0300,12,493,0.8540,True,0.0024,QUIET,100
alraha,2020-12-21,471,1,2.4449,0.0865,12,493,0.9554,True,0.0021,QUIET,100
alraha,2020-12-22,0,0,,,12,493,0.0000,False,,NODATA,100
alraha,2020-12-23,14,0,0.0407,0.3358,12,493,0.0284,False,,NODATA,100
alraha,2020-12-24,450,1,2.1476,-0.0598,12,493,0.9128,True,0.0022,QUIET,100
alraha,2020-12-25,339,4,2.4384,-0.0781,12,493,0.6876,True,0.0118,QUIET,100
alraha,2020-12-26,179,26,3.3951,0.4701,12,493,0.3631,True,0.1453,QUIET,100
alraha,2020-12-27,0,0,,,12,493,0.0000,False,,NODATA,100
alraha,2020-12-28,0,0,,,12,493,0.0000,False,,NODATA,100
alraha,2020-12-29,479,0,1.8949,0.1066,12,493,0.9716,True,0.0000,QUIET,100
alraha,2020-12-30,423,21,4.5386,0.1518,12,493,0.8580,True,0.0496,QUIET,100
alraha,2020-12-31,0,0,,,12,493,0.0000,False,,NODATA,100
alraha,2021-01-01,0,0,,,1,478,0.0000,False,,NODATA,100
alraha,2021-01-02,0,0,,,1,478,0.0000,False,,NODATA,100
alraha,2021-01-03,0,0,,,1,478,0.0000,False,,NODATA,100
alraha,2021-01-04,0,0,,,1,478,0.0000,False,,NODATA,100
alraha,2021-01-05,0,0,,,1,478,0.0000,False,,NODATA,100
alraha,2021-01-06,0,0,,,1,478,0.0000,False,,NODATA,100
alraha,2021-01-07,0,0,,,1,478,0.0000,False,,NODATA,100
alraha,2021-01-08,0,0,,,1,478,0.0000,False,,NODATA,100
alraha,2021-01-09,0,0,,,1,478,0.0000,False,,NODATA,100
alraha,2021-01-10,0,0,,,1,478,0.0000,False,,NODATA,100
alraha,2021-01-11,0,0,,,1,478,0.0000,False,,NODATA,100
alraha,2021-01-12,0,0,,,1,478,0.0000,False,,NODATA,100
alraha,2021-01-13,0,0,,,1,478,0.0000,False,,NODATA,100
alraha,2021-01-14,0,0,,,1,478,0.0000,False,,NODATA,100
alraha,2021-01-15,0,0,,,1,478,0.0000,False,,NODATA,100
alraha,2021-01-16,0,0,,,1,478,0.0000,False,,NODATA,100
alraha,2021-01-17,0,0,,,1,478,0.0000,False,,NODATA,100
alraha,2021-01-18,0,0,,,1,478,0.0000,False,,NODATA,100
alraha,2021-01-19,0,0,,,1,478,0.0000,False,,NODATA,100
alraha,2021-01-20,0,0,,,1,478,0.0000,False,,NODATA,100
alraha,2021-01-21,0,0,,,1,478,0.0000,False,,NODATA,100
alraha,2021-01-22,0,0,,,1,478,0.0000,False,,NODATA,100
alraha,2021-01-23,0,0,,,1,478,0.0000,False,,NODATA,100
alraha,2021-01-24,0,0,,,1,478,0.0000,False,,NODATA,100
alraha,2021-01-25,0,0,,,1,478,0.0000,False,,NODATA,100
alraha,2021-01-26,0,0,,,1,478,0.0000,False,,NODATA,100
alraha,2021-01-27,0,0,,,1,478,0.0000,False,,NODATA,100
alraha,2021-01-28,0,0,,,1,478,0.0000,False,,NODATA,100
alraha,2021-01-29,0,0,,,1,478,0.0000,False,,NODATA,100
alraha,2021-01-30,0,0,,,1,478,0.0000,False,,NODATA,100
alraha,2021-01-31,0,0,,,1,478,0.0000,False,,NODATA,100
alraha,2021-02-01,0,0,,,2,471,0.0000,False,,NODATA,100
alraha,2021-02-02,0,0,,,2,471,0.0000,False,,NODATA,100
alraha,2021-02-03,0,0,,,2,471,0.0000,False,,NODATA,100
alraha,2021-02-04,0,0,,,2,471,0.0000,False,,NODATA,100
alraha,2021-02-05,0,0,,,2,471,0.0000,False,,NODATA,100
alraha,2021-02-06,0,0,,,2,471,0.0000,False,,NODATA,100
alraha,2021-02-07,0,0,,,2,471,0.0000,False,,NODATA,100
alraha,2021-02-08,0,0,,,2,471,0.0000,False,,NODATA,100
alraha,2021-02-09,0,0,,,2,471,0.0000,False,,NODATA,100
alraha,2021-02-10,0,0,,,2,471,0.0000,False,,NODATA,100
alraha,2021-02-11,0,0,,,2,471,0.0000,False,,NODATA,100
alraha,2021-02-12,0,0,,,2,471,0.0000,False,,NODATA,100
alraha,2021-02-13,0,0,,,2,471,0.0000,False,,NODATA,100
alraha,2021-02-14,0,0,,,2,471,0.0000,False,,NODATA,100
alraha,2021-02-15,0,0,,,2,471,0.0000,False,,NODATA,100
alraha,2021-02-16,0,0,,,2,471,0.0000,False,,NODATA,100
alraha,2021-02-17,0,0,,,2,471,0.0000,False,,NODATA,100
alraha,2021-02-18,0,0,,,2,471,0.0000,False,,NODATA,100
alraha,2021-02-19,0,0,,,2,471,0.0000,False,,NODATA,100
alraha,2021-02-20,0,0,,,2,471,0.0000,False,,NODATA,100
alraha,2021-02-21,0,0,,,2,471,0.0000,False,,NODATA,100
alraha,2021-02-22,0,0,,,2,471,0.0000,False,,NODATA,100
alraha,2021-02-23,0,0,,,2,471,0.0000,False,,NODATA,100
alraha,2021-02-24,0,0,,,2,471,0.0000,False,,NODATA,100
alraha,2021-02-25,0,0,,,2,471,0.0000,False,,NODATA,100
alraha,2021-02-26,0,0,,,2,471,0.0000,False,,NODATA,100
alraha,2021-02-27,0,0,,,2,471,0.0000,False,,NODATA,100
alraha,2021-02-28,0,0,,,2,471,0.0000,False,,NODATA,100
alraha,2021-03-01,0,0,,,3,475,0.0000,False,,NODATA,100
alraha,2021-03-02,0,0,,,3,475,0.0000,False,,NODATA,100
alraha,2021-03-03,0,0,,,3,475,0.0000,False,,NODATA,100
alraha,2021-03-04,460,1,2.3154,-0.1876,3,475,0.9684,True,0.0022,QUIET,100
alraha,2021-03-05,0,0,,,3,475,0.0000,False,,NODATA,100
alraha,2021-03-06,436,0,1.8065,-0.1087,3,475,0.9179,True,0.0000,QUIET,100
alraha,2021-03-07,396,2,2.0594,0.0541,3,475,0.8337,True,0.0051,QUIET,100
alraha,2021-03-08,461,0,1.4883,-0.0963,3,475,0.9705,True,0.0000,QUIET,100
alraha,2021-03-09,454,0,1.6499,-0.1391,3,475,0.9558,True,0.0000,QUIET,100
alraha,2021-03-10,2,0,1.1674,0.9337,3,475,0.0042,False,,NODATA,100
alraha,2021-03-11,0,0,,,3,475,0.0000,False,,NODATA,100
alraha,2021-03-12,386,6,2.5811,-0.1547,3,475,0.8126,True,0.0155,QUIET,100
alraha,2021-03-13,17,0,-0.4630,0.7244,3,475,0.0358,False,,NODATA,100
alraha,2021-03-14,0,0,,,3,475,0.0000,False,,NODATA,100
alraha,2021-03-15,448,0,0.8941,-0.1689,3,475,0.9432,True,0.0000,QUIET,100
alraha,2021-03-16,2,0,-0.2780,0.7800,3,475,0.0042,False,,NODATA,100
alraha,2021-03-17,44,0,1.2634,-0.3338,3,475,0.0926,False,,NODATA,100
alraha,2021-03-18,0,0,,,3,475,0.0000,False,,NODATA,100
alraha,2021-03-19,232,17,3.7108,-0.3158,3,475,0.4884,True,0.0733,QUIET,100
alraha,2021-03-20,94,0,1.3369,-0.3600,3,475,0.1979,True,0.0000,QUIET,100
alraha,2021-03-21,463,0,1.5462,-0.1461,3,475,0.9747,True,0.0000,QUIET,100
alraha,2021-03-22,0,0,,,3,475,0.0000,False,,NODATA,100
alraha,2021-03-23,468,3,2.3594,-0.1796,3,475,0.9853,True,0.0064,QUIET,100
alraha,2021-03-24,463,2,2.5867,-0.2385,3,475,0.9747,True,0.0043,QUIET,100
alraha,2021-03-25,432,10,2.6604,-0.2117,3,475,0.9095,True,0.0231,QUIET,100
alraha,2021-03-26,0,0,,,3,475,0.0000,False,,NODATA,100
alraha,2021-03-27,467,0,1.9087,-0.2659,3,475,0.9832,True,0.0000,QUIET,100
alraha,2021-03-28,462,1,2.2436,-0.2871,3,475,0.9726,True,0.0022,QUIET,100
alraha,2021-03-29,449,26,2.6124,0.0759,3,475,0.9453,True,0.0579,QUIET,100
alraha,2021-03-30,1,1,2.3951,1.0520,3,475,0.0021,False,,NODATA,100
alraha,2021-03-31,452,2,3.1686,-0.0189,3,475,0.9516,True,0.0044,QUIET,100
alraha,2021-04-01,449,0,1.2964,-0.1508,4,476,0.9433,True,0.0000,QUIET,100
alraha,2021-04-02,440,0,1.9160,-0.1197,4,476,0.9244,True,0.0000,QUIET,100
alraha,2021-04-03,35,2,2.6128,0.8441,4,476,0.0735,False,,NODATA,100
alraha,2021-04-04,466,4,2.1134,-0.0636,4,476,0.9790,True,0.0086,QUIET,100
alraha,2021-04-05,459,31,2.6730,0.0812,4,476,0.9643,True,0.0675,QUIET,100
alraha,2021-04-06,337,3,2.1664,0.0598,4,476,0.7080,True,0.0089,QUIET,100
alraha,2021-04-07,403,0,1.6963,-0.0342,4,476,0.8466,True,0.0000,QUIET,100
alraha,2021-04-08,457,0,1.6351,-0.0718,4,476,0.9601,True,0.0000,QUIET,100
alraha,2021-04-09,459,0,1.9109,-0.1006,4,476,0.9643,True,0.0000,QUIET,100
alraha,2021-04-10,0,0,,,4,476,0.0000,False,,NODATA,100
alraha,2021-04-11,0,0,,,4,476,0.0000,False,,NODATA,100
alraha,2021-04-12,423,23,3.0262,0.0864,4,476,0.8887,True,0.0544,QUIET,100
alraha,2021-04-13,445,57,3.0124,0.1381,4,476,0.9349,True,0.1281,QUIET,100
alraha,2021-04-14,0,0,,,4,476,0.0000,False,,NODATA,100
alraha,2021-04-15,274,3,2.8036,0.0070,4,476,0.5756,True,0.0109,QUIET,100
alraha,2021-04-16,231,10,3.3162,0.1752,4,476,0.4853,True,0.0433,QUIET,100
alraha,2021-04-17,443,6,2.2400,0.0045,4,476,0.9307,True,0.0135,QUIET,100
alraha,2021-04-18,0,0,,,4,476,0.0000,False,,NODATA,100
alraha,2021-04-19,453,0,1.5764,-0.0295,4,476,0.9517,True,0.0000,QUIET,100
alraha,2021-04-20,307,4,3.2870,0.0101,4,476,0.6450,True,0.0130,QUIET,100
alraha,2021-04-21,0,0,,,4,476,0.0000,False,,NODATA,100
alraha,2021-04-22,0,0,,,4,476,0.0000,False,,NODATA,100
alraha,2021-04-23,456,6,2.7220,-0.0199,4,476,0.9580,True,0.0132,QUIET,100
alraha,2021-04-24,259,1,2.2409,-0.1025,4,476,0.5441,True,0.0039,QUIET,100
alraha,2021-04-25,453,8,2.6544,0.0027,4,476,0.9517,True,0.0177,QUIET,100
alraha,2021-04-26,0,0,,,4,476,0.0000,False,,NODATA,100
alraha,2021-04-27,0,0,,,4,476,0.0000,False,,NODATA,100
alraha,2021-04-28,147,2,2.6224,0.0729,4,476,0.3088,True,0.0136,QUIET,100
alraha,2021-04-29,216,6,2.4754,0.1053,4,476,0.4538,True,0.0278,QUIET,100
alraha,2021-04-30,2,2,2.9032,1.1003,4,476,0.0042,False,,NODATA,100
alraha,2021-05-01,472,0,1.5455,-0.0520,5,478,0.9874,True,0.0000,QUIET,100
alraha,2021-05-02,448,0,1.6575,-0.0534,5,478,0.9372,True,0.0000,QUIET,100
alraha,2021-05-03,0,0,,,5,478,0.0000,False,,NODATA,100
alraha,2021-05-04,265,67,3.3605,0.0928,5,478,0.5544,True,0.2528,EXCEED,100
alraha,2021-05-05,331,53,3.2906,0.0353,5,478,0.6925,True,0.1601,QUIET,100
alraha,2021-05-06,425,1,2.3572,-0.0233,5,478,0.8891,True,0.0024,QUIET,100
alraha,2021-05-07,0,0,,,5,478,0.0000,False,,NODATA,100
alraha,2021-05-08,458,0,1.4561,-0.0959,5,478,0.9582,True,0.0000,QUIET,100
alraha,2021-05-09,463,18,2.6459,0.0785,5,478,0.9686,True,0.0389,QUIET,100
alraha,2021-05-10,453,0,1.1593,-0.1275,5,478,0.9477,True,0.0000,QUIET,100
alraha,2021-05-11,0,0,,,5,478,0.0000,False,,NODATA,100
alraha,2021-05-12,446,0,1.7129,-0.1165,5,478,0.9331,True,0.0000,QUIET,100
alraha,2021-05-13,453,0,1.9038,-0.1218,5,478,0.9477,True,0.0000,QUIET,100
alraha,2021-05-14,465,3,2.6347,-0.0600,5,478,0.9728,True,0.0065,QUIET,100
alraha,2021-05-15,0,0,,,5,478,0.0000,False,,NODATA,100
alraha,2021-05-16,431,39,3.6085,0.0228,5,478,0.9017,True,0.0905,QUIET,100
alraha,2021-05-17,147,2,2.1718,0.0786,5,478,0.3075,True,0.0136,QUIET,100
alraha,2021-05-18,477,0,1.7959,-0.0899,5,478,0.9979,True,0.0000,QUIET,100
alraha,2021-05-19,0,0,,,5,478,0.0000,False,,NODATA,100
alraha,2021-05-20,471,0,1.7399,-0.0773,5,478,0.9854,True,0.0000,QUIET,100
alraha,2021-05-21,292,3,3.1269,-0.0943,5,478,0.6109,True,0.0103,QUIET,100
alraha,2021-05-22,470,8,2.8321,-0.0464,5,478,0.9833,True,0.0170,QUIET,100
alraha,2021-05-23,0,0,,,5,478,0.0000,False,,NODATA,100
alraha,2021-05-24,456,26,2.7446,0.0463,5,478,0.9540,True,0.0570,QUIET,100
alraha,2021-05-25,422,7,3.9004,-0.0355,5,478,0.8828,True,0.0166,QUIET,100
alraha,2021-05-26,33,6,3.3278,0.8414,5,478,0.0690,False,,NODATA,100
alraha,2021-05-27,0,0,,,5,478,0.0000,False,,NODATA,100
alraha,2021-05-28,464,37,3.2480,0.0813,5,478,0.9707,True,0.0797,QUIET,100
alraha,2021-05-29,444,51,3.7016,0.1193,5,478,0.9289,True,0.1149,QUIET,100
alraha,2021-05-30,0,0,,,5,478,0.0000,False,,NODATA,100
alraha,2021-05-31,107,7,3.7925,0.1819,5,478,0.2238,True,0.0654,QUIET,100
alraha,2021-06-01,475,0,1.8460,0.0873,6,478,0.9937,True,0.0000,QUIET,100
alraha,2021-06-02,464,0,1.5324,0.0204,6,478,0.9707,True,0.0000,QUIET,100
alraha,2021-06-03,12,0,0.7680,0.3894,6,478,0.0251,False,,NODATA,100
alraha,2021-06-04,421,1,2.6211,-0.0209,6,478,0.8808,True,0.0024,QUIET,100
alraha,2021-06-05,451,0,1.9143,-0.0238,6,478,0.9435,True,0.0000,QUIET,100
alraha,2021-06-06,464,0,1.6902,-0.0325,6,478,0.9707,True,0.0000,QUIET,100
alraha,2021-06-07,0,0,,,6,478,0.0000,False,,NODATA,100
alraha,2021-06-08,456,2,2.2846,0.0044,6,478,0.9540,True,0.0044,QUIET,100
alraha,2021-06-09,0,0,,,6,478,0.0000,False,,NODATA,100
alraha,2021-06-10,458,2,2.9364,-0.0005,6,478,0.9582,True,0.0044,QUIET,100
alraha,2021-06-11,0,0,,,6,478,0.0000,False,,NODATA,100
alraha,2021-06-12,452,6,3.0865,0.1037,6,478,0.9456,True,0.0133,QUIET,100
alraha,2021-06-13,133,2,2.3557,0.2257,6,478,0.2782,True,0.0150,QUIET,100
alraha,2021-06-14,459,17,3.0026,0.1422,6,478,0.9603,True,0.0370,QUIET,100
alraha,2021-06-15,0,0,,,6,478,0.0000,False,,NODATA,100
alraha,2021-06-16,462,2,2.5304,0.0561,6,478,0.9665,True,0.0043,QUIET,100
alraha,2021-06-17,282,13,2.6742,0.0973,6,478,0.5900,True,0.0461,QUIET,100
alraha,2021-06-18,227,20,3.1604,0.1892,6,478,0.4749,True,0.0881,QUIET,100
alraha,2021-06-19,0,0,,,6,478,0.0000,False,,NODATA,100
alraha,2021-06-20,327,50,3.9812,0.2549,6,478,0.6841,True,0.1529,QUIET,100
alraha,2021-06-21,378,11,2.6195,0.0839,6,478,0.7908,True,0.0291,QUIET,100
alraha,2021-06-22,231,44,3.1766,0.2171,6,478,0.4833,True,0.1905,QUIET,100
alraha,2021-06-23,2,0,0.8855,1.0577,6,478,0.0042,False,,NODATA,100
alraha,2021-06-24,458,42,3.2247,0.2184,6,478,0.9582,True,0.0917,QUIET,100
alraha,2021-06-25,0,0,,,6,478,0.0000,False,,NODATA,100
alraha,2021-06-26,307,68,3.4104,0.2744,6,478,0.6423,True,0.2215,EXCEED,100
alraha,2021-06-27,49,9,3.0496,0.1497,6,478,0.1025,True,0.1837,QUIET,100
alraha,2021-06-28,0,0,,,6,478,0.0000,False,,NODATA,100
alraha,2021-06-29,0,0,,,6,478,0.0000,False,,NODATA,100
alraha,2021-06-30,0,0,,,6,478,0.0000,False,,NODATA,100
alraha,2021-07-01,0,0,,,7,472,0.0000,False,,NODATA,100
alraha,2021-07-02,0,0,,,7,472,0.0000,False,,NODATA,100
alraha,2021-07-03,399,0,1.8110,-0.0352,7,472,0.8453,True,0.0000,QUIET,100
alraha,2021-07-04,0,0,,,7,472,0.0000,False,,NODATA,100
alraha,2021-07-05,452,1,2.0746,0.0190,7,472,0.9576,True,0.0022,QUIET,100
alraha,2021-07-06,31,1,4.1279,0.7657,7,472,0.0657,False,,NODATA,100
alraha,2021-07-07,34,0,0.0308,-0.5076,7,472,0.0720,False,,NODATA,100
alraha,2021-07-08,0,0,,,7,472,0.0000,False,,NODATA,100
alraha,2021-07-09,372,1,2.1141,0.2364,7,472,0.7881,True,0.0027,QUIET,100
alraha,2021-07-10,102,0,1.9224,0.3105,7,472,0.2161,True,0.0000,QUIET,100
alraha,2021-07-11,296,7,2.7768,-0.2360,7,472,0.6271,True,0.0236,QUIET,100
alraha,2021-07-12,0,0,,,7,472,0.0000,False,,NODATA,100
alraha,2021-07-13,139,0,0.1575,-0.5759,7,472,0.2945,True,0.0000,QUIET,100
alraha,2021-07-14,201,10,3.4110,0.1734,7,472,0.4258,True,0.0498,QUIET,100
alraha,2021-07-15,6,0,-0.4141,0.7044,7,472,0.0127,False,,NODATA,100
alraha,2021-07-16,0,0,,,7,472,0.0000,False,,NODATA,100
alraha,2021-07-17,201,0,1.3141,0.1788,7,472,0.4258,True,0.0000,QUIET,100
alraha,2021-07-18,378,7,2.7861,0.3601,7,472,0.8008,True,0.0185,QUIET,100
alraha,2021-07-19,425,66,4.2199,0.5257,7,472,0.9004,True,0.1553,QUIET,100
alraha,2021-07-20,3,1,2.9749,1.0026,7,472,0.0064,False,,NODATA,100
alraha,2021-07-21,82,0,1.1957,0.0135,7,472,0.1737,True,0.0000,QUIET,100
alraha,2021-07-22,408,7,2.6397,0.3489,7,472,0.8644,True,0.0172,QUIET,100
alraha,2021-07-23,226,11,3.4651,0.4826,7,472,0.4788,True,0.0487,QUIET,100
alraha,2021-07-24,87,7,2.5899,0.3744,7,472,0.1843,True,0.0805,QUIET,100
alraha,2021-07-25,216,23,2.8354,0.5532,7,472,0.4576,True,0.1065,QUIET,100
alraha,2021-07-26,428,34,2.8004,0.3925,7,472,0.9068,True,0.0794,QUIET,100
alraha,2021-07-27,13,0,-0.1263,0.5009,7,472,0.0275,False,,NODATA,100
alraha,2021-07-28,415,7,2.4830,0.2129,7,472,0.8792,True,0.0169,QUIET,100
alraha,2021-07-29,48,5,3.2670,0.8407,7,472,0.1017,True,0.1042,QUIET,100
alraha,2021-07-30,37,1,3.2047,0.6496,7,472,0.0784,False,,NODATA,100
alraha,2021-07-31,0,0,,,7,472,0.0000,False,,NODATA,100
alraha,2021-08-01,457,1,2.0001,0.1265,8,468,0.9765,True,0.0022,QUIET,100
alraha,2021-08-02,206,8,4.3900,0.0822,8,468,0.4402,True,0.0388,QUIET,100
alraha,2021-08-03,406,8,4.5086,-0.0939,8,468,0.8675,True,0.0197,QUIET,100
alraha,2021-08-04,0,0,,,8,468,0.0000,False,,NODATA,100
alraha,2021-08-05,442,6,2.8732,-0.0002,8,468,0.9444,True,0.0136,QUIET,100
alraha,2021-08-06,192,1,4.3734,0.1875,8,468,0.4103,True,0.0052,QUIET,100
alraha,2021-08-07,456,4,2.6010,-0.0003,8,468,0.9744,True,0.0088,QUIET,100
alraha,2021-08-08,0,0,,,8,468,0.0000,False,,NODATA,100
alraha,2021-08-09,456,24,3.0710,0.4229,8,468,0.9744,True,0.0526,QUIET,100
alraha,2021-08-10,337,1,2.4479,0.3094,8,468,0.7201,True,0.0030,QUIET,100
alraha,2021-08-11,450,4,2.4842,0.4125,8,468,0.9615,True,0.0089,QUIET,100
alraha,2021-08-12,0,0,,,8,468,0.0000,False,,NODATA,100
alraha,2021-08-13,382,0,1.9010,0.2980,8,468,0.8162,True,0.0000,QUIET,100
alraha,2021-08-14,433,0,1.9650,0.2779,8,468,0.9252,True,0.0000,QUIET,100
alraha,2021-08-15,352,4,2.7469,0.2812,8,468,0.7521,True,0.0114,QUIET,100
alraha,2021-08-16,8,0,1.3587,0.9502,8,468,0.0171,False,,NODATA,100
alraha,2021-08-17,0,0,,,8,468,0.0000,False,,NODATA,100
alraha,2021-08-18,339,12,2.7113,0.4563,8,468,0.7244,True,0.0354,QUIET,100
alraha,2021-08-19,11,0,-0.7903,0.6988,8,468,0.0235,False,,NODATA,100
alraha,2021-08-20,220,29,2.5653,0.5959,8,468,0.4701,True,0.1318,QUIET,100
alraha,2021-08-21,451,37,2.7776,0.5767,8,468,0.9637,True,0.0820,QUIET,100
alraha,2021-08-22,411,135,3.2886,0.6130,8,468,0.8782,True,0.3285,EXCEED,100
alraha,2021-08-23,0,0,,,8,468,0.0000,False,,NODATA,100
alraha,2021-08-24,445,101,3.6256,0.5921,8,468,0.9509,True,0.2270,ALERT,100
alraha,2021-08-25,0,0,,,8,468,0.0000,False,,NODATA,100
alraha,2021-08-26,410,0,1.9953,0.3115,8,468,0.8761,True,0.0000,QUIET,100
alraha,2021-08-27,0,0,,,8,468,0.0000,False,,NODATA,100
alraha,2021-08-28,380,3,2.6636,-0.0278,8,468,0.8120,True,0.0079,QUIET,100
alraha,2021-08-29,18,1,2.0540,0.8209,8,468,0.0385,False,,NODATA,100
alraha,2021-08-30,437,30,3.1441,-0.0561,8,468,0.9338,True,0.0686,QUIET,100
alraha,2021-08-31,0,0,,,8,468,0.0000,False,,NODATA,100
alraha,2021-09-01,453,146,3.2475,0.5103,9,470,0.9638,True,0.3223,EXCEED,100
alraha,2021-09-02,141,36,3.8654,0.6803,9,470,0.3000,True,0.2553,ALERT,100
alraha,2021-09-03,452,34,3.0326,0.4281,9,470,0.9617,True,0.0752,QUIET,100
alraha,2021-09-04,0,0,,,9,470,0.0000,False,,NODATA,100
alraha,2021-09-05,385,141,3.6248,0.5789,9,470,0.8191,True,0.3662,ALERT,100
alraha,2021-09-06,438,1,2.0031,0.2784,9,470,0.9319,True,0.0023,QUIET,100
alraha,2021-09-07,211,1,2.2954,0.1630,9,470,0.4489,True,0.0047,QUIET,100
alraha,2021-09-08,0,0,,,9,470,0.0000,False,,NODATA,100
alraha,2021-09-09,406,8,2.7274,0.1379,9,470,0.8638,True,0.0197,QUIET,100
alraha,2021-09-10,438,4,2.5693,0.1130,9,470,0.9319,True,0.0091,QUIET,100
alraha,2021-09-11,384,1,2.2442,0.1161,9,470,0.8170,True,0.0026,QUIET,100
alraha,2021-09-12,101,1,2.1994,0.2958,9,470,0.2149,True,0.0099,QUIET,100
alraha,2021-09-13,466,0,1.6599,0.1695,9,470,0.9915,True,0.0000,QUIET,100
alraha,2021-09-14,458,0,1.5595,0.2119,9,470,0.9745,True,0.0000,QUIET,100
alraha,2021-09-15,329,0,1.3938,0.1254,9,470,0.7000,True,0.0000,QUIET,100
alraha,2021-09-16,396,0,1.9714,0.2542,9,470,0.8426,True,0.0000,QUIET,100
alraha,2021-09-17,445,0,1.7663,0.2117,9,470,0.9468,True,0.0000,QUIET,100
alraha,2021-09-18,455,5,2.9021,0.2724,9,470,0.9681,True,0.0110,QUIET,100
alraha,2021-09-19,14,0,1.6762,0.7137,9,470,0.0298,False,,NODATA,100
alraha,2021-09-20,442,9,2.4196,0.3316,9,470,0.9404,True,0.0204,QUIET,100
alraha,2021-09-21,292,0,1.4961,0.3418,9,470,0.6213,True,0.0000,QUIET,100
alraha,2021-09-22,454,3,2.3640,0.2351,9,470,0.9660,True,0.0066,QUIET,100
alraha,2021-09-23,0,0,,,9,470,0.0000,False,,NODATA,100
alraha,2021-09-24,454,3,2.3868,0.2342,9,470,0.9660,True,0.0066,QUIET,100
alraha,2021-09-25,431,11,2.7823,0.3173,9,470,0.9170,True,0.0255,QUIET,100
alraha,2021-09-26,466,1,2.2254,0.2534,9,470,0.9915,True,0.0021,QUIET,100
alraha,2021-09-27,1,1,2.2465,0.7997,9,470,0.0021,False,,NODATA,100
alraha,2021-09-28,438,47,3.7213,0.3844,9,470,0.9319,True,0.1073,QUIET,100
alraha,2021-09-29,460,3,2.1367,0.2871,9,470,0.9787,True,0.0065,QUIET,100
alraha,2021-09-30,429,53,4.3938,0.2966,9,470,0.9128,True,0.1235,QUIET,100
alraha,2021-10-01,21,1,2.1237,0.8136,10,478,0.0439,False,,NODATA,100
alraha,2021-10-02,82,15,3.5057,0.6762,10,478,0.1715,True,0.1829,QUIET,100
alraha,2021-10-03,265,25,3.1529,0.2654,10,478,0.5544,True,0.0943,QUIET,100
alraha,2021-10-04,395,104,4.8147,0.4623,10,478,0.8264,True,0.2633,EXCEED,100
alraha,2021-10-05,231,13,2.9248,0.4289,10,478,0.4833,True,0.0563,QUIET,100
alraha,2021-10-06,441,8,2.4329,0.3744,10,478,0.9226,True,0.0181,QUIET,100
alraha,2021-10-07,453,9,2.6381,0.3007,10,478,0.9477,True,0.0199,QUIET,100
alraha,2021-10-08,448,4,2.2871,0.2919,10,478,0.9372,True,0.0089,QUIET,100
alraha,2021-10-09,432,1,4.7861,0.1372,10,478,0.9038,True,0.0023,QUIET,100
alraha,2021-10-10,432,0,1.9492,0.2524,10,478,0.9038,True,0.0000,QUIET,100
alraha,2021-10-11,452,0,1.9688,0.2115,10,478,0.9456,True,0.0000,QUIET,100
alraha,2021-10-12,332,12,2.9884,0.3691,10,478,0.6946,True,0.0361,QUIET,100
alraha,2021-10-13,465,3,2.1342,0.3051,10,478,0.9728,True,0.0065,QUIET,100
alraha,2021-10-14,472,0,1.7394,0.2174,10,478,0.9874,True,0.0000,QUIET,100
alraha,2021-10-15,459,0,1.2885,0.1610,10,478,0.9603,True,0.0000,QUIET,100
alraha,2021-10-16,14,1,2.0312,0.5280,10,478,0.0293,False,,NODATA,100
alraha,2021-10-17,463,0,1.8185,0.2035,10,478,0.9686,True,0.0000,QUIET,100
alraha,2021-10-18,469,1,2.3095,0.1860,10,478,0.9812,True,0.0021,QUIET,100
alraha,2021-10-19,0,0,,,10,478,0.0000,False,,NODATA,100
alraha,2021-10-20,0,0,,,10,478,0.0000,False,,NODATA,100
alraha,2021-10-21,465,1,2.1533,0.1927,10,478,0.9728,True,0.0022,QUIET,100
alraha,2021-10-22,467,0,1.9703,0.2426,10,478,0.9770,True,0.0000,QUIET,100
alraha,2021-10-23,421,0,0.6989,-0.0239,10,478,0.8808,True,0.0000,QUIET,100
alraha,2021-10-24,173,0,0.9609,0.0886,10,478,0.3619,True,0.0000,QUIET,100
alraha,2021-10-25,151,6,2.9200,0.3267,10,478,0.3159,True,0.0397,QUIET,100
alraha,2021-10-26,462,0,1.4984,0.1082,10,478,0.9665,True,0.0000,QUIET,100
alraha,2021-10-27,469,0,1.7640,0.0399,10,478,0.9812,True,0.0000,QUIET,100
alraha,2021-10-28,468,0,0.6671,0.0564,10,478,0.9791,True,0.0000,QUIET,100
alraha,2021-10-29,472,0,1.7611,0.1775,10,478,0.9874,True,0.0000,QUIET,100
alraha,2021-10-30,465,0,0.7528,0.1038,10,478,0.9728,True,0.0000,QUIET,100
alraha,2021-10-31,0,0,,,10,478,0.0000,False,,NODATA,100
alraha,2021-11-01,471,0,1.8505,0.0292,11,491,0.9593,True,0.0000,QUIET,100
alraha,2021-11-02,464,0,1.2124,0.0362,11,491,0.9450,True,0.0000,QUIET,100
alraha,2021-11-03,426,1,2.0283,-0.0281,11,491,0.8676,True,0.0023,QUIET,100
alraha,2021-11-04,412,0,1.2687,-0.1240,11,491,0.8391,True,0.0000,QUIET,100
alraha,2021-11-05,438,0,1.1721,-0.0344,11,491,0.8921,True,0.0000,QUIET,100
alraha,2021-11-06,447,0,1.5398,-0.1236,11,491,0.9104,True,0.0000,QUIET,100
alraha,2021-11-07,473,1,2.0129,0.0759,11,491,0.9633,True,0.0021,QUIET,100
alraha,2021-11-08,315,1,2.2459,0.1349,11,491,0.6415,True,0.0032,QUIET,100
alraha,2021-11-09,426,0,1.8665,0.1291,11,491,0.8676,True,0.0000,QUIET,100
alraha,2021-11-10,438,1,2.1320,0.0200,11,491,0.8921,True,0.0023,QUIET,100
alraha,2021-11-11,475,3,2.3139,0.1528,11,491,0.9674,True,0.0063,QUIET,100
alraha,2021-11-12,0,0,,,11,491,0.0000,False,,NODATA,100
alraha,2021-11-13,466,71,4.9826,0.3421,11,491,0.9491,True,0.1524,QUIET,100
alraha,2021-11-14,483,4,2.9054,0.2140,11,491,0.9837,True,0.0083,QUIET,100
alraha,2021-11-15,475,1,2.0789,0.1588,11,491,0.9674,True,0.0021,QUIET,100
alraha,2021-11-16,0,0,,,11,491,0.0000,False,,NODATA,100
alraha,2021-11-17,473,18,3.5958,0.2314,11,491,0.9633,True,0.0381,QUIET,100
alraha,2021-11-18,469,7,2.9563,0.0967,11,491,0.9552,True,0.0149,QUIET,100
alraha,2021-11-19,376,44,5.8542,0.0550,11,491,0.7658,True,0.1170,QUIET,100
alraha,2021-11-20,175,0,1.9263,0.1510,11,491,0.3564,True,0.0000,QUIET,100
alraha,2021-11-21,473,21,3.1684,0.2719,11,491,0.9633,True,0.0444,QUIET,100
alraha,2021-11-22,468,20,3.6564,0.2556,11,491,0.9532,True,0.0427,QUIET,100
alraha,2021-11-23,469,23,3.7159,0.2815,11,491,0.9552,True,0.0490,QUIET,100
alraha,2021-11-24,481,0,1.9402,0.2546,11,491,0.9796,True,0.0000,QUIET,100
alraha,2021-11-25,477,4,2.4073,0.2589,11,491,0.9715,True,0.0084,QUIET,100
alraha,2021-11-26,465,3,2.0979,0.2278,11,491,0.9470,True,0.0065,QUIET,100
alraha,2021-11-27,461,0,1.8291,0.1025,11,491,0.9389,True,0.0000,QUIET,100
alraha,2021-11-28,418,1,2.4388,0.0721,11,491,0.8513,True,0.0024,QUIET,100
alraha,2021-11-29,432,0,1.8695,0.1170,11,491,0.8798,True,0.0000,QUIET,100
alraha,2021-11-30,463,0,0.9409,0.0807,11,491,0.9430,True,0.0000,QUIET,100
alraha,2021-12-01,447,1,2.0174,0.0901,12,493,0.9067,True,0.0022,QUIET,100
alraha,2021-12-02,477,7,3.3082,0.1337,12,493,0.9675,True,0.0147,QUIET,100
alraha,2021-12-03,480,4,2.7268,0.0541,12,493,0.9736,True,0.0083,QUIET,100
alraha,2021-12-04,409,7,2.6070,0.1413,12,493,0.8296,True,0.0171,QUIET,100
alraha,2021-12-05,320,1,2.0069,0.0433,12,493,0.6491,True,0.0031,QUIET,100
alraha,2021-12-06,446,0,1.5100,0.0621,12,493,0.9047,True,0.0000,QUIET,100
alraha,2021-12-07,464,0,1.8764,0.0614,12,493,0.9412,True,0.0000,QUIET,100
alraha,2021-12-08,268,7,2.9679,0.2152,12,493,0.5436,True,0.0261,QUIET,100
alraha,2021-12-09,14,3,2.9238,0.4875,12,493,0.0284,False,,NODATA,100
alraha,2021-12-10,440,7,3.3252,0.1134,12,493,0.8925,True,0.0159,QUIET,100
alraha,2021-12-11,444,1,2.8036,-0.0857,12,493,0.9006,True,0.0023,QUIET,100
alraha,2021-12-12,0,0,,,12,493,0.0000,False,,NODATA,100
alraha,2021-12-13,0,0,,,12,493,0.0000,False,,NODATA,100
alraha,2021-12-14,478,2,2.2860,0.0037,12,493,0.9696,True,0.0042,QUIET,100
alraha,2021-12-15,477,0,1.2475,-0.0163,12,493,0.9675,True,0.0000,QUIET,100
alraha,2021-12-16,136,5,2.5971,0.4284,12,493,0.2759,True,0.0368,QUIET,100
alraha,2021-12-17,166,0,0.6148,-0.0138,12,493,0.3367,True,0.0000,QUIET,100
alraha,2021-12-18,158,5,2.8014,-0.0023,12,493,0.3205,True,0.0316,QUIET,100
alraha,2021-12-19,399,35,3.8265,0.1116,12,493,0.8093,True,0.0877,QUIET,100
alraha,2021-12-20,473,34,3.4468,0.1553,12,493,0.9594,True,0.0719,QUIET,100
alraha,2021-12-21,482,22,3.1816,0.1500,12,493,0.9777,True,0.0456,QUIET,100
alraha,2021-12-22,480,44,3.3956,0.1884,12,493,0.9736,True,0.0917,QUIET,100
alraha,2021-12-23,471,63,3.9514,0.2581,12,493,0.9554,True,0.1338,QUIET,100
alraha,2021-12-24,464,22,3.8950,0.1759,12,493,0.9412,True,0.0474,QUIET,100
alraha,2021-12-25,458,1,2.1945,0.0841,12,493,0.9290,True,0.0022,QUIET,100
alraha,2021-12-26,337,10,3.2382,0.1678,12,493,0.6836,True,0.0297,QUIET,100
alraha,2021-12-27,474,2,2.0793,0.1212,12,493,0.9615,True,0.0042,QUIET,100
alraha,2021-12-28,368,122,3.9960,0.3125,12,493,0.7465,True,0.3315,EXCEED,100
alraha,2021-12-29,276,9,3.0231,0.0663,12,493,0.5598,True,0.0326,QUIET,100
alraha,2021-12-30,117,1,2.6333,-0.0515,12,493,0.2373,True,0.0085,QUIET,100
alraha,2021-12-31,91,1,2.8907,0.2150,12,493,0.1846,True,0.0110,QUIET,100
alraha,2022-01-01,53,1,2.9159,0.0223,1,478,0.1109,True,0.0189,QUIET,100
alraha,2022-01-02,148,2,2.5934,-0.1377,1,478,0.3096,True,0.0135,QUIET,100
alraha,2022-01-03,33,2,2.4462,0.6500,1,478,0.0690,False,,NODATA,100
alraha,2022-01-04,131,1,2.0863,-0.1541,1,478,0.2741,True,0.0076,QUIET,100
alraha,2022-01-05,0,0,,,1,478,0.0000,False,,NODATA,100
alraha,2022-01-06,293,2,2.1295,0.2741,1,478,0.6130,True,0.0068,QUIET,100
alraha,2022-01-07,442,1,2.9021,0.1334,1,478,0.9247,True,0.0023,QUIET,100
alraha,2022-01-08,442,1,2.0169,0.0941,1,478,0.9247,True,0.0023,QUIET,100
alraha,2022-01-09,0,0,,,1,478,0.0000,False,,NODATA,100
alraha,2022-01-10,431,2,2.3801,-0.1340,1,478,0.9017,True,0.0046,QUIET,100
alraha,2022-01-11,476,0,1.9508,-0.1404,1,478,0.9958,True,0.0000,QUIET,100
alraha,2022-01-12,473,1,2.8779,-0.1570,1,478,0.9895,True,0.0021,QUIET,100
alraha,2022-01-13,174,0,0.0205,-0.2231,1,478,0.3640,True,0.0000,QUIET,100
alraha,2022-01-14,333,1,2.1361,-0.0575,1,478,0.6967,True,0.0030,QUIET,100
alraha,2022-01-15,16,0,-0.1260,0.2298,1,478,0.0335,False,,NODATA,100
alraha,2022-01-16,0,0,,,1,478,0.0000,False,,NODATA,100
alraha,2022-01-17,444,24,6.0003,0.1367,1,478,0.9289,True,0.0541,QUIET,100
alraha,2022-01-18,378,7,3.6275,0.2181,1,478,0.7908,True,0.0185,QUIET,100
alraha,2022-01-19,95,0,1.9485,0.0747,1,478,0.1987,True,0.0000,QUIET,100
alraha,2022-01-20,0,0,,,1,478,0.0000,False,,NODATA,100
alraha,2022-01-21,0,0,,,1,478,0.0000,False,,NODATA,100
alraha,2022-01-22,142,14,2.5094,0.3962,1,478,0.2971,True,0.0986,QUIET,100
alraha,2022-01-23,416,1,2.0646,0.2241,1,478,0.8703,True,0.0024,QUIET,100
alraha,2022-01-24,442,0,1.9099,0.1726,1,478,0.9247,True,0.0000,QUIET,100
alraha,2022-01-25,437,1,2.5203,0.0756,1,478,0.9142,True,0.0023,QUIET,100
alraha,2022-01-26,458,2,2.3687,0.0104,1,478,0.9582,True,0.0044,QUIET,100
alraha,2022-01-27,451,1,3.7067,-0.1036,1,478,0.9435,True,0.0022,QUIET,100
alraha,2022-01-28,321,0,1.4142,-0.0291,1,478,0.6715,True,0.0000,QUIET,100
alraha,2022-01-29,475,5,3.0016,0.0439,1,478,0.9937,True,0.0105,QUIET,100
alraha,2022-01-30,462,0,1.5709,-0.0569,1,478,0.9665,True,0.0000,QUIET,100
alraha,2022-01-31,136,1,2.3620,0.6518,1,478,0.2845,True,0.0074,QUIET,100
alraha,2022-02-01,0,0,,,2,471,0.0000,False,,NODATA,100
alraha,2022-02-02,422,0,1.6728,-0.1168,2,471,0.8960,True,0.0000,QUIET,100
alraha,2022-02-03,399,1,2.1116,0.0073,2,471,0.8471,True,0.0025,QUIET,100
alraha,2022-02-04,463,1,2.5471,-0.0949,2,471,0.9830,True,0.0022,QUIET,100
alraha,2022-02-05,0,0,,,2,471,0.0000,False,,NODATA,100
alraha,2022-02-06,465,88,6.1780,0.2699,2,471,0.9873,True,0.1892,QUIET,100
alraha,2022-02-07,421,58,6.2139,0.2042,2,471,0.8938,True,0.1378,QUIET,100
alraha,2022-02-08,407,81,4.1793,0.2313,2,471,0.8641,True,0.1990,EXCEED,100
alraha,2022-02-09,170,4,2.5383,0.0773,2,471,0.3609,True,0.0235,QUIET,100
alraha,2022-02-10,470,1,4.5003,-0.0722,2,471,0.9979,True,0.0021,QUIET,100
alraha,2022-02-11,467,2,5.7055,-0.1455,2,471,0.9915,True,0.0043,QUIET,100
alraha,2022-02-12,463,0,1.5241,-0.1462,2,471,0.9830,True,0.0000,QUIET,100
alraha,2022-02-13,43,0,1.3182,-0.2550,2,471,0.0913,False,,NODATA,100
alraha,2022-02-14,0,0,,,2,471,0.0000,False,,NODATA,100
alraha,2022-02-15,465,1,2.5255,-0.1883,2,471,0.9873,True,0.0022,QUIET,100
alraha,2022-02-16,436,0,0.8920,-0.2595,2,471,0.9257,True,0.0000,QUIET,100
alraha,2022-02-17,466,1,2.0752,-0.2668,2,471,0.9894,True,0.0021,QUIET,100
alraha,2022-02-18,465,1,3.8952,-0.2692,2,471,0.9873,True,0.0022,QUIET,100
alraha,2022-02-19,462,4,4.5178,-0.2685,2,471,0.9809,True,0.0087,QUIET,100
alraha,2022-02-20,443,0,1.9811,-0.1838,2,471,0.9406,True,0.0000,QUIET,100
alraha,2022-02-21,150,0,1.2909,-0.3214,2,471,0.3185,True,0.0000,QUIET,100
alraha,2022-02-22,243,1,2.4832,-0.1032,2,471,0.5159,True,0.0041,QUIET,100
alraha,2022-02-23,338,0,1.3859,-0.1765,2,471,0.7176,True,0.0000,QUIET,100
alraha,2022-02-24,288,0,1.5871,-0.2043,2,471,0.6115,True,0.0000,QUIET,100
alraha,2022-02-25,389,0,1.5191,-0.1585,2,471,0.8259,True,0.0000,QUIET,100
alraha,2022-02-26,458,6,3.1320,-0.1369,2,471,0.9724,True,0.0131,QUIET,100
alraha,2022-02-27,377,9,3.1299,-0.1652,2,471,0.8004,True,0.0239,QUIET,100
alraha,2022-02-28,0,0,,,2,471,0.0000,False,,NODATA,100
alraha,2022-03-01,395,3,3.2661,-0.1049,3,475,0.8316,True,0.0076,QUIET,100
alraha,2022-03-02,465,0,1.8418,-0.2300,3,475,0.9789,True,0.0000,QUIET,100
alraha,2022-03-03,435,0,1.5176,-0.2613,3,475,0.9158,True,0.0000,QUIET,100
alraha,2022-03-04,0,0,,,3,475,0.0000,False,,NODATA,100
alraha,2022-03-05,89,0,1.8180,-0.2644,3,475,0.1874,True,0.0000,QUIET,100
alraha,2022-03-06,294,1,2.6296,-0.0940,3,475,0.6189,True,0.0034,QUIET,100
alraha,2022-03-07,243,14,4.5554,-0.3448,3,475,0.5116,True,0.0576,QUIET,100
alraha,2022-03-08,0,0,,,3,475,0.0000,False,,NODATA,100
alraha,2022-03-09,445,6,2.7526,-0.1279,3,475,0.9368,True,0.0135,QUIET,100
alraha,2022-03-10,457,5,2.5489,-0.1783,3,475,0.9621,True,0.0109,QUIET,100
alraha,2022-03-11,434,8,3.1849,-0.2010,3,475,0.9137,True,0.0184,QUIET,100
alraha,2022-03-12,4,1,4.5792,0.8399,3,475,0.0084,False,,NODATA,100
alraha,2022-03-13,470,25,4.6634,-0.1110,3,475,0.9895,True,0.0532,QUIET,100
alraha,2022-03-14,466,0,1.9916,-0.1817,3,475,0.9811,True,0.0000,QUIET,100
alraha,2022-03-15,454,2,3.1784,-0.1838,3,475,0.9558,True,0.0044,QUIET,100
alraha,2022-03-16,20,3,3.9702,0.7867,3,475,0.0421,False,,NODATA,100
alraha,2022-03-17,264,28,3.1695,0.3419,3,475,0.5558,True,0.1061,QUIET,100
alraha,2022-03-18,411,185,5.8560,0.3125,3,475,0.8653,True,0.4501,EXCEED,100
alraha,2022-03-19,349,222,5.9961,0.3307,3,475,0.7347,True,0.6361,ALERT,100
alraha,2022-03-20,330,39,3.5255,0.0735,3,475,0.6947,True,0.1182,QUIET,100
alraha,2022-03-21,379,9,4.5364,0.0103,3,475,0.7979,True,0.0237,QUIET,100
alraha,2022-03-22,441,2,3.5672,-0.0741,3,475,0.9284,True,0.0045,QUIET,100
alraha,2022-03-23,104,7,4.3305,0.1082,3,475,0.2189,True,0.0673,QUIET,100
alraha,2022-03-24,455,11,2.6355,-0.0788,3,475,0.9579,True,0.0242,QUIET,100
alraha,2022-03-25,179,17,3.6547,-0.3347,3,475,0.3768,True,0.0950,QUIET,100
alraha,2022-03-26,462,23,3.4605,-0.1160,3,475,0.9726,True,0.0498,QUIET,100
alraha,2022-03-27,11,0,-0.2217,0.0533,3,475,0.0232,False,,NODATA,100
alraha,2022-03-28,411,126,3.8189,0.2127,3,475,0.8653,True,0.3066,EXCEED,100
alraha,2022-03-29,439,130,3.9812,0.2323,3,475,0.9242,True,0.2961,ALERT,100
alraha,2022-03-30,447,1,2.0379,0.0098,3,475,0.9411,True,0.0022,QUIET,100
alraha,2022-03-31,0,0,,,3,475,0.0000,False,,NODATA,100
alraha,2022-04-01,445,0,1.0851,-0.1208,4,476,0.9349,True,0.0000,QUIET,100
alraha,2022-04-02,436,4,2.5768,-0.1036,4,476,0.9160,True,0.0092,QUIET,100
alraha,2022-04-03,452,1,2.7901,-0.1470,4,476,0.9496,True,0.0022,QUIET,100
alraha,2022-04-04,0,0,,,4,476,0.0000,False,,NODATA,100
alraha,2022-04-05,401,0,1.7838,-0.1887,4,476,0.8424,True,0.0000,QUIET,100
alraha,2022-04-06,310,1,2.4339,-0.1590,4,476,0.6513,True,0.0032,QUIET,100
alraha,2022-04-07,460,0,1.3131,-0.1587,4,476,0.9664,True,0.0000,QUIET,100
alraha,2022-04-08,0,0,,,4,476,0.0000,False,,NODATA,100
alraha,2022-04-09,463,0,1.7164,-0.1100,4,476,0.9727,True,0.0000,QUIET,100
alraha,2022-04-10,371,2,2.5985,-0.0852,4,476,0.7794,True,0.0054,QUIET,100
alraha,2022-04-11,450,7,4.4533,-0.0588,4,476,0.9454,True,0.0156,QUIET,100
alraha,2022-04-12,0,0,,,4,476,0.0000,False,,NODATA,100
alraha,2022-04-13,343,10,3.2027,-0.4292,4,476,0.7206,True,0.0292,QUIET,100
alraha,2022-04-14,449,11,3.6952,-0.1321,4,476,0.9433,True,0.0245,QUIET,100
alraha,2022-04-15,6,0,0.0451,0.7728,4,476,0.0126,False,,NODATA,100
alraha,2022-04-16,21,2,2.4992,0.8714,4,476,0.0441,False,,NODATA,100
alraha,2022-04-17,66,0,1.6699,-0.4125,4,476,0.1387,True,0.0000,QUIET,100
alraha,2022-04-18,383,9,3.1961,-0.0751,4,476,0.8046,True,0.0235,QUIET,100
alraha,2022-04-19,313,1,3.3468,-0.0333,4,476,0.6576,True,0.0032,QUIET,100
alraha,2022-04-20,193,0,1.6087,-0.1267,4,476,0.4055,True,0.0000,QUIET,100
alraha,2022-04-21,456,0,1.8644,-0.0942,4,476,0.9580,True,0.0000,QUIET,100
alraha,2022-04-22,457,2,3.6485,-0.1052,4,476,0.9601,True,0.0044,QUIET,100
alraha,2022-04-23,0,0,,,4,476,0.0000,False,,NODATA,100
alraha,2022-04-24,455,1,2.4453,-0.0419,4,476,0.9559,True,0.0022,QUIET,100
alraha,2022-04-25,427,5,2.3765,0.0349,4,476,0.8971,True,0.0117,QUIET,100
alraha,2022-04-26,141,0,1.2844,-0.1568,4,476,0.2962,True,0.0000,QUIET,100
alraha,2022-04-27,0,0,,,4,476,0.0000,False,,NODATA,100
alraha,2022-04-28,368,7,2.3825,0.0481,4,476,0.7731,True,0.0190,QUIET,100
alraha,2022-04-29,462,2,2.5407,-0.0819,4,476,0.9706,True,0.0043,QUIET,100
alraha,2022-04-30,260,19,3.2049,0.0750,4,476,0.5462,True,0.0731,QUIET,100
alraha,2022-05-01,0,0,,,5,478,0.0000,False,,NODATA,100
alraha,2022-05-02,289,0,1.6025,-0.3491,5,478,0.6046,True,0.0000,QUIET,100
alraha,2022-05-03,52,16,4.3750,0.4060,5,478,0.1088,True,0.3077,EXCEED,100
alraha,2022-05-04,460,43,4.1782,0.1010,5,478,0.9623,True,0.0935,QUIET,100
alraha,2022-05-05,0,0,,,5,478,0.0000,False,,NODATA,100
alraha,2022-05-06,34,0,0.6224,0.6762,5,478,0.0711,False,,NODATA,100
alraha,2022-05-07,136,0,0.2180,-0.4114,5,478,0.2845,True,0.0000,QUIET,100
alraha,2022-05-08,124,0,0.8600,-0.2493,5,478,0.2594,True,0.0000,QUIET,100
alraha,2022-05-09,0,0,,,5,478,0.0000,False,,NODATA,100
alraha,2022-05-10,460,106,5.4722,0.2289,5,478,0.9623,True,0.2304,ALERT,100
alraha,2022-05-11,453,81,5.5928,0.1353,5,478,0.9477,True,0.1788,QUIET,100
alraha,2022-05-12,458,94,4.5361,0.1339,5,478,0.9582,True,0.2052,ALERT,100
alraha,2022-05-13,0,0,,,5,478,0.0000,False,,NODATA,100
alraha,2022-05-14,390,132,6.6754,0.4191,5,478,0.8159,True,0.3385,ALERT,100
alraha,2022-05-15,56,10,5.4811,0.6869,5,478,0.1172,True,0.1786,QUIET,100
alraha,2022-05-16,1,0,-1.7284,0.7839,5,478,0.0021,False,,NODATA,100
alraha,2022-05-17,142,103,6.4234,0.3418,5,478,0.2971,True,0.7254,ALERT,100
alraha,2022-05-18,23,0,0.7154,0.7286,5,478,0.0481,False,,NODATA,100
alraha,2022-05-19,378,224,8.6051,0.3869,5,478,0.7908,True,0.5926,ALERT,100
alraha,2022-05-20,4,0,1.9556,0.5308,5,478,0.0084,False,,NODATA,100
alraha,2022-05-21,382,99,4.7118,0.1159,5,478,0.7992,True,0.2592,ALERT,100
alraha,2022-05-22,472,148,6.3470,0.2236,5,478,0.9874,True,0.3136,ALERT,100
alraha,2022-05-23,463,110,5.2134,0.1318,5,478,0.9686,True,0.2376,ALERT,100
alraha,2022-05-24,0,0,,,5,478,0.0000,False,,NODATA,100
alraha,2022-05-25,27,0,0.6034,0.6457,5,478,0.0565,False,,NODATA,100
alraha,2022-05-26,0,0,,,5,478,0.0000,False,,NODATA,100
alraha,2022-05-27,155,1,2.2791,-0.2184,5,478,0.3243,True,0.0065,QUIET,100
alraha,2022-05-28,0,0,,,5,478,0.0000,False,,NODATA,100
alraha,2022-05-29,252,0,0.7206,-0.3057,5,478,0.5272,True,0.0000,QUIET,100
alraha,2022-05-30,136,36,3.8143,0.2295,5,478,0.2845,True,0.2647,ALERT,100
alraha,2022-05-31,455,56,3.7777,0.0391,5,478,0.9519,True,0.1231,QUIET,100
alraha,2022-06-01,0,0,,,6,478,0.0000,False,,NODATA,100
alraha,2022-06-02,369,17,2.8151,0.1053,6,478,0.7720,True,0.0461,QUIET,100
alraha,2022-06-03,312,0,1.0270,-0.1184,6,478,0.6527,True,0.0000,QUIET,100
alraha,2022-06-04,462,1,2.5755,-0.0486,6,478,0.9665,True,0.0022,QUIET,100
alraha,2022-06-05,0,0,,,6,478,0.0000,False,,NODATA,100
alraha,2022-06-06,461,1,2.1058,-0.0457,6,478,0.9644,True,0.0022,QUIET,100
alraha,2022-06-07,423,0,1.4021,-0.1037,6,478,0.8849,True,0.0000,QUIET,100
alraha,2022-06-08,437,13,3.1243,0.0017,6,478,0.9142,True,0.0297,QUIET,100
alraha,2022-06-09,0,0,,,6,478,0.0000,False,,NODATA,100
alraha,2022-06-10,461,3,2.7239,-0.1302,6,478,0.9644,True,0.0065,QUIET,100
alraha,2022-06-11,456,1,2.1691,0.0196,6,478,0.9540,True,0.0022,QUIET,100
alraha,2022-06-12,265,15,3.0642,0.1700,6,478,0.5544,True,0.0566,QUIET,100
alraha,2022-06-13,76,1,3.1538,-0.0389,6,478,0.1590,True,0.0132,QUIET,100
alraha,2022-06-14,46,0,0.4832,0.7328,6,478,0.0962,False,,NODATA,100
alraha,2022-06-15,275,0,0.4000,-0.5011,6,478,0.5753,True,0.0000,QUIET,100
alraha,2022-06-16,9,0,0.7236,0.4693,6,478,0.0188,False,,NODATA,100
alraha,2022-06-17,447,1,2.6201,-0.0591,6,478,0.9351,True,0.0022,QUIET,100
alraha,2022-06-18,457,0,1.3099,-0.0554,6,478,0.9561,True,0.0000,QUIET,100
alraha,2022-06-19,453,0,1.8541,-0.0315,6,478,0.9477,True,0.0000,QUIET,100
alraha,2022-06-20,0,0,,,6,478,0.0000,False,,NODATA,100
alraha,2022-06-21,463,1,2.0068,-0.1259,6,478,0.9686,True,0.0022,QUIET,100
alraha,2022-06-22,94,5,5.3506,-0.0913,6,478,0.1967,True,0.0532,QUIET,100
alraha,2022-06-23,222,1,2.5837,-0.1482,6,478,0.4644,True,0.0045,QUIET,100
alraha,2022-06-24,0,0,,,6,478,0.0000,False,,NODATA,100
alraha,2022-06-25,218,1,2.3532,-0.4920,6,478,0.4561,True,0.0046,QUIET,100
alraha,2022-06-26,89,2,3.1403,-0.0067,6,478,0.1862,True,0.0225,QUIET,100
alraha,2022-06-27,25,0,0.1759,0.7140,6,478,0.0523,False,,NODATA,100
alraha,2022-06-28,0,0,,,6,478,0.0000,False,,NODATA,100
alraha,2022-06-29,125,0,0.5037,-0.4316,6,478,0.2615,True,0.0000,QUIET,100
alraha,2022-06-30,319,2,2.8995,-0.1339,6,478,0.6674,True,0.0063,QUIET,100
alraha,2022-07-01,32,0,-0.6038,-0.3528,7,472,0.0678,False,,NODATA,100
alraha,2022-07-02,0,0,,,7,472,0.0000,False,,NODATA,100
alraha,2022-07-03,372,0,1.9039,-0.2530,7,472,0.7881,True,0.0000,QUIET,100
alraha,2022-07-04,302,1,3.6325,0.0030,7,472,0.6398,True,0.0033,QUIET,100
alraha,2022-07-05,10,0,0.3478,0.7105,7,472,0.0212,False,,NODATA,100
alraha,2022-07-06,0,0,,,7,472,0.0000,False,,NODATA,100
alraha,2022-07-07,0,0,,,7,472,0.0000,False,,NODATA,100
alraha,2022-07-08,0,0,,,7,472,0.0000,False,,NODATA,100
alraha,2022-07-09,0,0,,,7,472,0.0000,False,,NODATA,100
alraha,2022-07-10,250,0,0.4665,-0.1223,7,472,0.5297,True,0.0000,QUIET,100
alraha,2022-07-11,64,3,3.7984,-0.6037,7,472,0.1356,True,0.0469,QUIET,100
alraha,2022-07-12,329,7,2.9322,-0.3323,7,472,0.6970,True,0.0213,QUIET,100
alraha,2022-07-13,0,0,,,7,472,0.0000,False,,NODATA,100
alraha,2022-07-14,263,0,1.1728,-0.0397,7,472,0.5572,True,0.0000,QUIET,100
alraha,2022-07-15,130,0,1.2580,-0.1464,7,472,0.2754,True,0.0000,QUIET,100
alraha,2022-07-16,23,0,0.6476,0.7118,7,472,0.0487,False,,NODATA,100
alraha,2022-07-17,0,0,,,7,472,0.0000,False,,NODATA,100
alraha,2022-07-18,393,3,2.2278,0.2408,7,472,0.8326,True,0.0076,QUIET,100
alraha,2022-07-19,47,0,0.9312,0.7458,7,472,0.0996,False,,NODATA,100
alraha,2022-07-20,170,0,1.7839,0.0821,7,472,0.3602,True,0.0000,QUIET,100
alraha,2022-07-21,0,0,,,7,472,0.0000,False,,NODATA,100
alraha,2022-07-22,363,2,2.4463,0.0349,7,472,0.7691,True,0.0055,QUIET,100
alraha,2022-07-23,96,0,1.4907,-0.0687,7,472,0.2034,True,0.0000,QUIET,100
alraha,2022-07-24,403,4,3.0158,-0.0627,7,472,0.8538,True,0.0099,QUIET,100
alraha,2022-07-25,0,0,,,7,472,0.0000,False,,NODATA,100
alraha,2022-07-26,0,0,,,7,472,0.0000,False,,NODATA,100
alraha,2022-07-27,0,0,,,7,472,0.0000,False,,NODATA,100
alraha,2022-07-28,25,1,2.3622,0.6524,7,472,0.0530,False,,NODATA,100
alraha,2022-07-29,0,0,,,7,472,0.0000,False,,NODATA,100
alraha,2022-07-30,126,14,2.8098,0.4093,7,472,0.2669,True,0.1111,QUIET,100
alraha,2022-07-31,441,17,2.7676,0.3351,7,472,0.9343,True,0.0385,QUIET,100
alraha,2022-08-01,80,1,2.8005,0.6970,8,468,0.1709,True,0.0125,QUIET,100
alraha,2022-08-02,6,0,1.8343,0.6232,8,468,0.0128,False,,NODATA,100
alraha,2022-08-03,294,0,1.8789,0.3589,8,468,0.6282,True,0.0000,QUIET,100
alraha,2022-08-04,451,1,2.0938,0.0606,8,468,0.9637,True,0.0022,QUIET,100
alraha,2022-08-05,100,2,2.5415,0.1230,8,468,0.2137,True,0.0200,QUIET,100
alraha,2022-08-06,255,2,2.1226,0.0683,8,468,0.5449,True,0.0078,QUIET,100
alraha,2022-08-07,403,4,4.6365,0.0313,8,468,0.8611,True,0.0099,QUIET,100
alraha,2022-08-08,459,2,2.6757,0.1081,8,468,0.9808,True,0.0044,QUIET,100
alraha,2022-08-09,13,0,0.2307,0.5325,8,468,0.0278,False,,NODATA,100
alraha,2022-08-10,357,6,4.5505,0.0467,8,468,0.7628,True,0.0168,QUIET,100
alraha,2022-08-11,295,1,3.0493,0.0856,8,468,0.6303,True,0.0034,QUIET,100
alraha,2022-08-12,256,0,0.6515,-0.2175,8,468,0.5470,True,0.0000,QUIET,100
alraha,2022-08-13,0,0,,,8,468,0.0000,False,,NODATA,100
alraha,2022-08-14,21,1,2.1390,-0.3143,8,468,0.0449,False,,NODATA,100
alraha,2022-08-15,85,2,2.2269,0.1922,8,468,0.1816,True,0.0235,QUIET,100
alraha,2022-08-16,109,0,0.8412,-0.3944,8,468,0.2329,True,0.0000,QUIET,100
alraha,2022-08-17,0,0,,,8,468,0.0000,False,,NODATA,100
alraha,2022-08-18,460,1,2.4241,0.0945,8,468,0.9829,True,0.0022,QUIET,100
alraha,2022-08-19,253,1,3.7353,0.1675,8,468,0.5406,True,0.0040,QUIET,100
alraha,2022-08-20,464,2,2.1051,0.1480,8,468,0.9915,True,0.0043,QUIET,100
alraha,2022-08-21,0,0,,,8,468,0.0000,False,,NODATA,100
alraha,2022-08-22,441,1,2.1158,0.2006,8,468,0.9423,True,0.0023,QUIET,100
alraha,2022-08-23,449,1,2.0347,0.0710,8,468,0.9594,True,0.0022,QUIET,100
alraha,2022-08-24,270,0,1.4846,0.1156,8,468,0.5769,True,0.0000,QUIET,100
alraha,2022-08-25,0,0,,,8,468,0.0000,False,,NODATA,100
alraha,2022-08-26,441,1,2.0105,0.3833,8,468,0.9423,True,0.0023,QUIET,100
alraha,2022-08-27,394,14,2.4252,0.4311,8,468,0.8419,True,0.0355,QUIET,100
alraha,2022-08-28,446,33,2.8417,0.4521,8,468,0.9530,True,0.0740,QUIET,100
alraha,2022-08-29,106,0,1.8802,0.3130,8,468,0.2265,True,0.0000,QUIET,100
alraha,2022-08-30,451,19,2.7934,0.3689,8,468,0.9637,True,0.0421,QUIET,100
alraha,2022-08-31,452,4,2.1895,0.2720,8,468,0.9658,True,0.0088,QUIET,100
alraha,2022-09-01,335,4,3.4705,0.2511,9,470,0.7128,True,0.0119,QUIET,100
alraha,2022-09-02,432,0,0.9219,0.1164,9,470,0.9191,True,0.0000,QUIET,100
alraha,2022-09-03,466,0,1.2099,0.1724,9,470,0.9915,True,0.0000,QUIET,100
alraha,2022-09-04,453,1,2.6793,0.2463,9,470,0.9638,True,0.0022,QUIET,100
alraha,2022-09-05,14,0,0.3878,0.4877,9,470,0.0298,False,,NODATA,100
alraha,2022-09-06,447,4,2.2435,0.2257,9,470,0.9511,True,0.0089,QUIET,100
alraha,2022-09-07,440,3,2.6356,0.2304,9,470,0.9362,True,0.0068,QUIET,100
alraha,2022-09-08,241,12,3.9676,0.2536,9,470,0.5128,True,0.0498,QUIET,100
alraha,2022-09-09,0,0,,,9,470,0.0000,False,,NODATA,100
alraha,2022-09-10,445,6,2.2757,0.3009,9,470,0.9468,True,0.0135,QUIET,100
alraha,2022-09-11,440,1,2.0027,0.2189,9,470,0.9362,True,0.0023,QUIET,100
alraha,2022-09-12,325,0,1.5550,0.1112,9,470,0.6915,True,0.0000,QUIET,100
alraha,2022-09-13,0,0,,,9,470,0.0000,False,,NODATA,100
alraha,2022-09-14,461,4,2.1533,0.2897,9,470,0.9809,True,0.0087,QUIET,100
alraha,2022-09-15,383,1,2.8753,0.2478,9,470,0.8149,True,0.0026,QUIET,100
alraha,2022-09-16,452,1,2.3953,0.0756,9,470,0.9617,True,0.0022,QUIET,100
alraha,2022-09-17,0,0,,,9,470,0.0000,False,,NODATA,100
alraha,2022-09-18,457,3,2.3885,0.2586,9,470,0.9723,True,0.0066,QUIET,100
alraha,2022-09-19,457,3,2.3812,0.2328,9,470,0.9723,True,0.0066,QUIET,100
alraha,2022-09-20,419,74,4.8778,0.4035,9,470,0.8915,True,0.1766,QUIET,100
alraha,2022-09-21,12,1,2.0195,0.4456,9,470,0.0255,False,,NODATA,100
alraha,2022-09-22,456,1,2.0679,0.3027,9,470,0.9702,True,0.0022,QUIET,100
alraha,2022-09-23,456,0,1.7526,0.2521,9,470,0.9702,True,0.0000,QUIET,100
alraha,2022-09-24,370,0,1.2419,0.0976,9,470,0.7872,True,0.0000,QUIET,100
alraha,2022-09-25,302,0,1.1184,0.1539,9,470,0.6426,True,0.0000,QUIET,100
alraha,2022-09-26,369,1,2.1358,0.0796,9,470,0.7851,True,0.0027,QUIET,100
alraha,2022-09-27,444,0,1.1139,0.0867,9,470,0.9447,True,0.0000,QUIET,100
alraha,2022-09-28,294,0,1.7218,0.1228,9,470,0.6255,True,0.0000,QUIET,100
alraha,2022-09-29,454,1,2.1233,0.2021,9,470,0.9660,True,0.0022,QUIET,100
alraha,2022-09-30,458,0,1.7435,0.1401,9,470,0.9745,True,0.0000,QUIET,100
alraha,2022-10-01,470,2,5.0478,0.1988,10,478,0.9833,True,0.0043,QUIET,100
alraha,2022-10-02,12,0,0.0344,0.4494,10,478,0.0251,False,,NODATA,100
alraha,2022-10-03,427,1,2.6544,0.2325,10,478,0.8933,True,0.0023,QUIET,100
alraha,2022-10-04,448,94,4.7778,0.4551,10,478,0.9372,True,0.2098,EXCEED,100
alraha,2022-10-05,463,8,2.8816,0.2761,10,478,0.9686,True,0.0173,QUIET,100
alraha,2022-10-06,0,0,,,10,478,0.0000,False,,NODATA,100
alraha,2022-10-07,458,0,1.7261,0.2252,10,478,0.9582,True,0.0000,QUIET,100
alraha,2022-10-08,455,54,2.9458,0.4409,10,478,0.9519,True,0.1187,QUIET,100
alraha,2022-10-09,0,0,,,10,478,0.0000,False,,NODATA,100
alraha,2022-10-10,6,1,2.6357,0.8218,10,478,0.0126,False,,NODATA,100
alraha,2022-10-11,466,1,2.7465,0.2043,10,478,0.9749,True,0.0021,QUIET,100
alraha,2022-10-12,433,1,2.6549,0.1942,10,478,0.9059,True,0.0023,QUIET,100
alraha,2022-10-13,459,2,2.7398,0.2593,10,478,0.9603,True,0.0044,QUIET,100
alraha,2022-10-14,144,4,2.9493,0.2026,10,478,0.3013,True,0.0278,QUIET,100
alraha,2022-10-15,0,0,,,10,478,0.0000,False,,NODATA,100
alraha,2022-10-16,0,0,,,10,478,0.0000,False,,NODATA,100
alraha,2022-10-17,0,0,,,10,478,0.0000,False,,NODATA,100
alraha,2022-10-18,0,0,,,10,478,0.0000,False,,NODATA,100
alraha,2022-10-19,0,0,,,10,478,0.0000,False,,NODATA,100
alraha,2022-10-20,0,0,,,10,478,0.0000,False,,NODATA,100
alraha,2022-10-21,0,0,,,10,478,0.0000,False,,NODATA,100
alraha,2022-10-22,0,0,,,10,478,0.0000,False,,NODATA,100
alraha,2022-10-23,0,0,,,10,478,0.0000,False,,NODATA,100
alraha,2022-10-24,0,0,,,10,478,0.0000,False,,NODATA,100
alraha,2022-10-25,0,0,,,10,478,0.0000,False,,NODATA,100
alraha,2022-10-26,0,0,,,10,478,0.0000,False,,NODATA,100
alraha,2022-10-27,0,0,,,10,478,0.0000,False,,NODATA,100
alraha,2022-10-28,0,0,,,10,478,0.0000,False,,NODATA,100
alraha,2022-10-29,0,0,,,10,478,0.0000,False,,NODATA,100
alraha,2022-10-30,0,0,,,10,478,0.0000,False,,NODATA,100
alraha,2022-10-31,0,0,,,10,478,0.0000,False,,NODATA,100
alraha,2022-11-01,0,0,,,11,491,0.0000,False,,NODATA,100
alraha,2022-11-02,0,0,,,11,491,0.0000,False,,NODATA,100
alraha,2022-11-03,0,0,,,11,491,0.0000,False,,NODATA,100
alraha,2022-11-04,0,0,,,11,491,0.0000,False,,NODATA,100
alraha,2022-11-05,0,0,,,11,491,0.0000,False,,NODATA,100
alraha,2022-11-06,0,0,,,11,491,0.0000,False,,NODATA,100
alraha,2022-11-07,0,0,,,11,491,0.0000,False,,NODATA,100
alraha,2022-11-08,0,0,,,11,491,0.0000,False,,NODATA,100
alraha,2022-11-09,0,0,,,11,491,0.0000,False,,NODATA,100
alraha,2022-11-10,0,0,,,11,491,0.0000,False,,NODATA,100
alraha,2022-11-11,0,0,,,11,491,0.0000,False,,NODATA,100
alraha,2022-11-12,0,0,,,11,491,0.0000,False,,NODATA,100
alraha,2022-11-13,0,0,,,11,491,0.0000,False,,NODATA,100
alraha,2022-11-14,0,0,,,11,491,0.0000,False,,NODATA,100
alraha,2022-11-15,0,0,,,11,491,0.0000,False,,NODATA,100
alraha,2022-11-16,0,0,,,11,491,0.0000,False,,NODATA,100
alraha,2022-11-17,0,0,,,11,491,0.0000,False,,NODATA,100
alraha,2022-11-18,0,0,,,11,491,0.0000,False,,NODATA,100
alraha,2022-11-19,0,0,,,11,491,0.0000,False,,NODATA,100
alraha,2022-11-20,0,0,,,11,491,0.0000,False,,NODATA,100
alraha,2022-11-21,0,0,,,11,491,0.0000,False,,NODATA,100
alraha,2022-11-22,0,0,,,11,491,0.0000,False,,NODATA,100
alraha,2022-11-23,0,0,,,11,491,0.0000,False,,NODATA,100
alraha,2022-11-24,0,0,,,11,491,0.0000,False,,NODATA,100
alraha,2022-11-25,0,0,,,11,491,0.0000,False,,NODATA,100
alraha,2022-11-26,0,0,,,11,491,0.0000,False,,NODATA,100
alraha,2022-11-27,0,0,,,11,491,0.0000,False,,NODATA,100
alraha,2022-11-28,0,0,,,11,491,0.0000,False,,NODATA,100
alraha,2022-11-29,0,0,,,11,491,0.0000,False,,NODATA,100
alraha,2022-11-30,0,0,,,11,491,0.0000,False,,NODATA,100
alraha,2022-12-01,0,0,,,12,493,0.0000,False,,NODATA,100
alraha,2022-12-02,0,0,,,12,493,0.0000,False,,NODATA,100
alraha,2022-12-03,0,0,,,12,493,0.0000,False,,NODATA,100
alraha,2022-12-04,0,0,,,12,493,0.0000,False,,NODATA,100
alraha,2022-12-05,0,0,,,12,493,0.0000,False,,NODATA,100
alraha,2022-12-06,0,0,,,12,493,0.0000,False,,NODATA,100
alraha,2022-12-07,0,0,,,12,493,0.0000,False,,NODATA,100
alraha,2022-12-08,0,0,,,12,493,0.0000,False,,NODATA,100
alraha,2022-12-09,0,0,,,12,493,0.0000,False,,NODATA,100
alraha,2022-12-10,0,0,,,12,493,0.0000,False,,NODATA,100
alraha,2022-12-11,0,0,,,12,493,0.0000,False,,NODATA,100
alraha,2022-12-12,0,0,,,12,493,0.0000,False,,NODATA,100
alraha,2022-12-13,0,0,,,12,493,0.0000,False,,NODATA,100
alraha,2022-12-14,0,0,,,12,493,0.0000,False,,NODATA,100
alraha,2022-12-15,0,0,,,12,493,0.0000,False,,NODATA,100
alraha,2022-12-16,0,0,,,12,493,0.0000,False,,NODATA,100
alraha,2022-12-17,0,0,,,12,493,0.0000,False,,NODATA,100
alraha,2022-12-18,0,0,,,12,493,0.0000,False,,NODATA,100
alraha,2022-12-19,0,0,,,12,493,0.0000,False,,NODATA,100
alraha,2022-12-20,0,0,,,12,493,0.0000,False,,NODATA,100
alraha,2022-12-21,0,0,,,12,493,0.0000,False,,NODATA,100
alraha,2022-12-22,0,0,,,12,493,0.0000,False,,NODATA,100
alraha,2022-12-23,0,0,,,12,493,0.0000,False,,NODATA,100
alraha,2022-12-24,0,0,,,12,493,0.0000,False,,NODATA,100
alraha,2022-12-25,0,0,,,12,493,0.0000,False,,NODATA,100
alraha,2022-12-26,0,0,,,12,493,0.0000,False,,NODATA,100
alraha,2022-12-27,0,0,,,12,493,0.0000,False,,NODATA,100
alraha,2022-12-28,0,0,,,12,493,0.0000,False,,NODATA,100
alraha,2022-12-29,0,0,,,12,493,0.0000,False,,NODATA,100
alraha,2022-12-30,0,0,,,12,493,0.0000,False,,NODATA,100
alraha,2022-12-31,0,0,,,12,493,0.0000,False,,NODATA,100
alraha,2023-01-01,0,0,,,1,478,0.0000,False,,NODATA,100
alraha,2023-01-02,0,0,,,1,478,0.0000,False,,NODATA,100
alraha,2023-01-03,0,0,,,1,478,0.0000,False,,NODATA,100
alraha,2023-01-04,0,0,,,1,478,0.0000,False,,NODATA,100
alraha,2023-01-05,0,0,,,1,478,0.0000,False,,NODATA,100
alraha,2023-01-06,0,0,,,1,478,0.0000,False,,NODATA,100
alraha,2023-01-07,0,0,,,1,478,0.0000,False,,NODATA,100
alraha,2023-01-08,0,0,,,1,478,0.0000,False,,NODATA,100
alraha,2023-01-09,0,0,,,1,478,0.0000,False,,NODATA,100
alraha,2023-01-10,0,0,,,1,478,0.0000,False,,NODATA,100
alraha,2023-01-11,0,0,,,1,478,0.0000,False,,NODATA,100
alraha,2023-01-12,0,0,,,1,478,0.0000,False,,NODATA,100
alraha,2023-01-13,0,0,,,1,478,0.0000,False,,NODATA,100
alraha,2023-01-14,0,0,,,1,478,0.0000,False,,NODATA,100
alraha,2023-01-15,11,0,0.0516,-0.0493,1,478,0.0230,False,,NODATA,100
alraha,2023-01-16,468,7,3.2980,0.0814,1,478,0.9791,True,0.0150,QUIET,100
alraha,2023-01-17,207,8,3.0270,0.3365,1,478,0.4331,True,0.0386,QUIET,100
alraha,2023-01-18,0,0,,,1,478,0.0000,False,,NODATA,100
alraha,2023-01-19,0,0,,,1,478,0.0000,False,,NODATA,100
alraha,2023-01-20,426,6,2.6435,0.0345,1,478,0.8912,True,0.0141,QUIET,100
alraha,2023-01-21,476,14,2.8462,0.0754,1,478,0.9958,True,0.0294,QUIET,100
alraha,2023-01-22,0,0,,,1,478,0.0000,False,,NODATA,100
alraha,2023-01-23,107,1,2.1257,0.1252,1,478,0.2238,True,0.0093,QUIET,100
alraha,2023-01-24,472,0,1.4851,-0.0065,1,478,0.9874,True,0.0000,QUIET,100
alraha,2023-01-25,206,0,1.7303,-0.0044,1,478,0.4310,True,0.0000,QUIET,100
alraha,2023-01-26,40,0,-1.1634,-0.1235,1,478,0.0837,False,,NODATA,100
alraha,2023-01-27,45,0,0.6246,-0.2418,1,478,0.0941,False,,NODATA,100
alraha,2023-01-28,324,0,1.1301,0.0082,1,478,0.6778,True,0.0000,QUIET,100
alraha,2023-01-29,458,6,3.1236,0.1089,1,478,0.9582,True,0.0131,QUIET,100
alraha,2023-01-30,441,0,1.6040,0.0041,1,478,0.9226,True,0.0000,QUIET,100
alraha,2023-01-31,476,4,2.4373,0.0170,1,478,0.9958,True,0.0084,QUIET,100
alraha,2023-02-01,469,17,2.7886,0.1027,2,471,0.9958,True,0.0362,QUIET,100
alraha,2023-02-02,360,62,7.9742,0.2539,2,471,0.7643,True,0.1722,QUIET,100
alraha,2023-02-03,384,11,4.9625,0.1255,2,471,0.8153,True,0.0286,QUIET,100
alraha,2023-02-04,463,4,4.1529,-0.0206,2,471,0.9830,True,0.0086,QUIET,100
alraha,2023-02-05,467,5,4.4034,-0.0541,2,471,0.9915,True,0.0107,QUIET,100
alraha,2023-02-06,85,23,4.8916,0.5512,2,471,0.1805,True,0.2706,EXCEED,100
alraha,2023-02-07,466,4,3.5602,-0.0768,2,471,0.9894,True,0.0086,QUIET,100
alraha,2023-02-08,41,4,2.9756,0.8416,2,471,0.0870,False,,NODATA,100
alraha,2023-02-09,465,50,3.4290,0.1473,2,471,0.9873,True,0.1075,QUIET,100
alraha,2023-02-10,140,103,5.6737,0.4393,2,471,0.2972,True,0.7357,ALERT,100
alraha,2023-02-11,451,31,2.7197,0.1891,2,471,0.9575,True,0.0687,QUIET,100
alraha,2023-02-12,456,2,2.9376,0.0692,2,471,0.9682,True,0.0044,QUIET,100
alraha,2023-02-13,463,3,2.6023,0.0437,2,471,0.9830,True,0.0065,QUIET,100
alraha,2023-02-14,12,1,4.3566,0.4992,2,471,0.0255,False,,NODATA,100
alraha,2023-02-15,458,7,3.2553,0.0230,2,471,0.9724,True,0.0153,QUIET,100
alraha,2023-02-16,470,13,4.7478,0.0437,2,471,0.9979,True,0.0277,QUIET,100
alraha,2023-02-17,245,2,2.4310,-0.0818,2,471,0.5202,True,0.0082,QUIET,100
alraha,2023-02-18,0,0,,,2,471,0.0000,False,,NODATA,100
alraha,2023-02-19,465,0,1.9728,0.1186,2,471,0.9873,True,0.0000,QUIET,100
alraha,2023-02-20,459,7,2.6034,0.1233,2,471,0.9745,True,0.0153,QUIET,100
alraha,2023-02-21,450,0,1.3268,-0.0118,2,471,0.9554,True,0.0000,QUIET,100
alraha,2023-02-22,38,0,1.9987,-0.1764,2,471,0.0807,False,,NODATA,100
alraha,2023-02-23,463,1,2.2091,-0.0763,2,471,0.9830,True,0.0022,QUIET,100
alraha,2023-02-24,453,1,2.1335,-0.1357,2,471,0.9618,True,0.0022,QUIET,100
alraha,2023-02-25,452,2,3.1858,-0.1162,2,471,0.9597,True,0.0044,QUIET,100
alraha,2023-02-26,235,5,4.2411,-0.1902,2,471,0.4989,True,0.0213,QUIET,100
alraha,2023-02-27,153,2,2.7561,0.1318,2,471,0.3248,True,0.0131,QUIET,100
alraha,2023-02-28,392,4,4.7807,-0.1400,2,471,0.8323,True,0.0102,QUIET,100
alraha,2023-03-01,73,0,1.2114,-0.2758,3,475,0.1537,True,0.0000,QUIET,100
alraha,2023-03-02,353,5,2.6777,-0.2638,3,475,0.7432,True,0.0142,QUIET,100
alraha,2023-03-03,469,2,2.6762,-0.2788,3,475,0.9874,True,0.0043,QUIET,100
alraha,2023-03-04,462,1,3.2715,-0.2723,3,475,0.9726,True,0.0022,QUIET,100
alraha,2023-03-05,343,2,3.1659,-0.3479,3,475,0.7221,True,0.0058,QUIET,100
alraha,2023-03-06,451,3,2.9179,-0.2435,3,475,0.9495,True,0.0067,QUIET,100
alraha,2023-03-07,461,1,2.0654,-0.2426,3,475,0.9705,True,0.0022,QUIET,100
alraha,2023-03-08,304,1,2.3809,-0.2721,3,475,0.6400,True,0.0033,QUIET,100
alraha,2023-03-09,294,1,2.1452,-0.1935,3,475,0.6189,True,0.0034,QUIET,100
alraha,2023-03-10,0,0,,,3,475,0.0000,False,,NODATA,100
alraha,2023-03-11,300,11,3.7139,-0.1640,3,475,0.6316,True,0.0367,QUIET,100
alraha,2023-03-12,455,20,3.7437,-0.1267,3,475,0.9579,True,0.0440,QUIET,100
alraha,2023-03-13,0,0,,,3,475,0.0000,False,,NODATA,100
alraha,2023-03-14,469,30,3.8656,-0.0223,3,475,0.9874,True,0.0640,QUIET,100
alraha,2023-03-15,253,16,3.6332,-0.0513,3,475,0.5326,True,0.0632,QUIET,100
alraha,2023-03-16,475,10,3.9657,-0.0343,3,475,1.0000,True,0.0211,QUIET,100
alraha,2023-03-17,0,0,,,3,475,0.0000,False,,NODATA,100
alraha,2023-03-18,471,5,3.9043,-0.1402,3,475,0.9916,True,0.0106,QUIET,100
alraha,2023-03-19,4,0,-0.0652,-0.1485,3,475,0.0084,False,,NODATA,100
alraha,2023-03-20,458,4,3.4464,-0.1924,3,475,0.9642,True,0.0087,QUIET,100
alraha,2023-03-21,0,0,,,3,475,0.0000,False,,NODATA,100
alraha,2023-03-22,466,3,2.2679,-0.0632,3,475,0.9811,True,0.0064,QUIET,100
alraha,2023-03-23,381,7,2.4610,-0.1395,3,475,0.8021,True,0.0184,QUIET,100
alraha,2023-03-24,431,2,2.1278,-0.1224,3,475,0.9074,True,0.0046,QUIET,100
alraha,2023-03-25,0,0,,,3,475,0.0000,False,,NODATA,100
alraha,2023-03-26,466,1,2.1191,-0.1560,3,475,0.9811,True,0.0021,QUIET,100
alraha,2023-03-27,180,2,2.0253,-0.1822,3,475,0.3789,True,0.0111,QUIET,100
alraha,2023-03-28,370,23,3.6519,0.1355,3,475,0.7789,True,0.0622,QUIET,100
alraha,2023-03-29,0,0,,,3,475,0.0000,False,,NODATA,100
alraha,2023-03-30,427,0,1.7409,-0.1341,3,475,0.8989,True,0.0000,QUIET,100
alraha,2023-03-31,464,14,3.1497,-0.0977,3,475,0.9768,True,0.0302,QUIET,100
alraha,2023-04-01,380,15,3.3364,-0.0735,4,476,0.7983,True,0.0395,QUIET,100
alraha,2023-04-02,1,0,-3.4736,-0.5801,4,476,0.0021,False,,NODATA,100
alraha,2023-04-03,453,46,3.3571,0.1659,4,476,0.9517,True,0.1015,QUIET,100
alraha,2023-04-04,453,15,2.9566,0.0652,4,476,0.9517,True,0.0331,QUIET,100
alraha,2023-04-05,330,0,1.4009,-0.1196,4,476,0.6933,True,0.0000,QUIET,100
alraha,2023-04-06,275,0,1.4991,-0.1264,4,476,0.5777,True,0.0000,QUIET,100
alraha,2023-04-07,434,2,3.3758,-0.1573,4,476,0.9118,True,0.0046,QUIET,100
alraha,2023-04-08,176,0,1.9850,-0.1318,4,476,0.3697,True,0.0000,QUIET,100
alraha,2023-04-09,15,0,0.1464,0.2804,4,476,0.0315,False,,NODATA,100
alraha,2023-04-10,435,2,3.9913,-0.0672,4,476,0.9139,True,0.0046,QUIET,100
alraha,2023-04-11,411,2,2.5680,-0.0433,4,476,0.8634,True,0.0049,QUIET,100
alraha,2023-04-12,453,3,4.9662,-0.0335,4,476,0.9517,True,0.0066,QUIET,100
alraha,2023-04-13,0,0,,,4,476,0.0000,False,,NODATA,100
alraha,2023-04-14,51,0,1.3841,-0.1522,4,476,0.1071,True,0.0000,QUIET,100
alraha,2023-04-15,373,8,3.3674,-0.0010,4,476,0.7836,True,0.0214,QUIET,100
alraha,2023-04-16,448,6,3.2539,0.0175,4,476,0.9412,True,0.0134,QUIET,100
alraha,2023-04-17,0,0,,,4,476,0.0000,False,,NODATA,100
alraha,2023-04-18,295,0,1.0354,-0.2007,4,476,0.6197,True,0.0000,QUIET,100
alraha,2023-04-19,177,1,2.5687,-0.1596,4,476,0.3718,True,0.0056,QUIET,100
alraha,2023-04-20,198,0,1.5448,-0.2251,4,476,0.4160,True,0.0000,QUIET,100
alraha,2023-04-21,0,0,,,4,476,0.0000,False,,NODATA,100
alraha,2023-04-22,449,2,2.2112,-0.1794,4,476,0.9433,True,0.0045,QUIET,100
alraha,2023-04-23,33,0,1.0738,-0.0198,4,476,0.0693,False,,NODATA,100
alraha,2023-04-24,361,20,4.6272,-0.1304,4,476,0.7584,True,0.0554,QUIET,100
alraha,2023-04-25,0,0,,,4,476,0.0000,False,,NODATA,100
alraha,2023-04-26,182,1,2.2038,0.0198,4,476,0.3824,True,0.0055,QUIET,100
alraha,2023-04-27,0,0,,,4,476,0.0000,False,,NODATA,100
alraha,2023-04-28,463,3,3.2505,-0.0155,4,476,0.9727,True,0.0065,QUIET,100
alraha,2023-04-29,0,0,,,4,476,0.0000,False,,NODATA,100
alraha,2023-04-30,0,0,,,4,476,0.0000,False,,NODATA,100
alraha,2023-05-01,0,0,,,5,478,0.0000,False,,NODATA,100
alraha,2023-05-02,345,19,6.0699,-0.0315,5,478,0.7218,True,0.0551,QUIET,100
alraha,2023-05-03,0,0,,,5,478,0.0000,False,,NODATA,100
alraha,2023-05-04,465,11,3.7069,-0.0252,5,478,0.9728,True,0.0237,QUIET,100
alraha,2023-05-05,449,40,3.3531,0.0025,5,478,0.9393,True,0.0891,QUIET,100
alraha,2023-05-06,15,0,0.7531,0.1877,5,478,0.0314,False,,NODATA,100
alraha,2023-05-07,371,35,4.1678,-0.0162,5,478,0.7762,True,0.0943,QUIET,100
alraha,2023-05-08,0,0,,,5,478,0.0000,False,,NODATA,100
alraha,2023-05-09,0,0,,,5,478,0.0000,False,,NODATA,100
alraha,2023-05-10,0,0,,,5,478,0.0000,False,,NODATA,100
alraha,2023-05-11,461,68,4.4932,0.0584,5,478,0.9644,True,0.1475,QUIET,100
alraha,2023-05-12,433,74,5.3744,0.0556,5,478,0.9059,True,0.1709,QUIET,100
alraha,2023-05-13,468,49,4.2017,-0.0016,5,478,0.9791,True,0.1047,QUIET,100
alraha,2023-05-14,0,0,,,5,478,0.0000,False,,NODATA,100
alraha,2023-05-15,466,39,3.2502,-0.0197,5,478,0.9749,True,0.0837,QUIET,100
alraha,2023-05-16,16,0,1.6730,0.0368,5,478,0.0335,False,,NODATA,100
alraha,2023-05-17,463,28,3.2025,-0.0348,5,478,0.9686,True,0.0605,QUIET,100
alraha,2023-05-18,0,0,,,5,478,0.0000,False,,NODATA,100
alraha,2023-05-19,437,32,3.4175,0.0161,5,478,0.9142,True,0.0732,QUIET,100
alraha,2023-05-20,317,19,2.6741,-0.0551,5,478,0.6632,True,0.0599,QUIET,100
alraha,2023-05-21,113,40,4.0892,0.0093,5,478,0.2364,True,0.3540,EXCEED,100
alraha,2023-05-22,0,0,,,5,478,0.0000,False,,NODATA,100
alraha,2023-05-23,434,138,5.5002,0.1992,5,478,0.9079,True,0.3180,ALERT,100
alraha,2023-05-24,0,0,,,5,478,0.0000,False,,NODATA,100
alraha,2023-05-25,461,72,3.7808,0.0715,5,478,0.9644,True,0.1562,QUIET,100
alraha,2023-05-26,0,0,,,5,478,0.0000,False,,NODATA,100
alraha,2023-05-27,0,0,,,5,478,0.0000,False,,NODATA,100
alraha,2023-05-28,453,60,3.9731,0.0468,5,478,0.9477,True,0.1325,QUIET,100
alraha,2023-05-29,340,118,4.4034,0.1978,5,478,0.7113,True,0.3471,ALERT,100
alraha,2023-05-30,208,6,6.6846,-0.0415,5,478,0.4351,True,0.0288,QUIET,100
alraha,2023-05-31,475,29,2.5153,0.0244,5,478,0.9937,True,0.0611,QUIET,100
alraha,2023-06-01,436,6,3.0577,0.0671,6,478,0.9121,True,0.0138,QUIET,100
alraha,2023-06-02,17,0,0.1315,0.3922,6,478,0.0356,False,,NODATA,100
alraha,2023-06-03,391,0,1.8731,0.0063,6,478,0.8180,True,0.0000,QUIET,100
alraha,2023-06-04,460,0,1.6694,-0.0400,6,478,0.9623,True,0.0000,QUIET,100
alraha,2023-06-05,458,0,1.6982,-0.0764,6,478,0.9582,True,0.0000,QUIET,100
alraha,2023-06-06,0,0,,,6,478,0.0000,False,,NODATA,100
alraha,2023-06-07,457,3,2.6129,-0.0848,6,478,0.9561,True,0.0066,QUIET,100
alraha,2023-06-08,475,2,2.2550,0.0152,6,478,0.9937,True,0.0042,QUIET,100
alraha,2023-06-09,465,12,4.1985,0.0496,6,478,0.9728,True,0.0258,QUIET,100
alraha,2023-06-10,0,0,,,6,478,0.0000,False,,NODATA,100
alraha,2023-06-11,470,1,2.3746,-0.0776,6,478,0.9833,True,0.0021,QUIET,100
alraha,2023-06-12,138,1,2.8615,0.0713,6,478,0.2887,True,0.0072,QUIET,100
alraha,2023-06-13,454,12,3.3574,-0.0301,6,478,0.9498,True,0.0264,QUIET,100
alraha,2023-06-14,0,0,,,6,478,0.0000,False,,NODATA,100
alraha,2023-06-15,463,13,2.8786,0.0556,6,478,0.9686,True,0.0281,QUIET,100
alraha,2023-06-16,0,0,,,6,478,0.0000,False,,NODATA,100
alraha,2023-06-17,473,6,2.7615,0.0081,6,478,0.9895,True,0.0127,QUIET,100
alraha,2023-06-18,0,0,,,6,478,0.0000,False,,NODATA,100
alraha,2023-06-19,463,1,2.3907,-0.0274,6,478,0.9686,True,0.0022,QUIET,100
alraha,2023-06-20,459,0,1.7985,-0.0706,6,478,0.9603,True,0.0000,QUIET,100
alraha,2023-06-21,467,2,2.2483,0.0203,6,478,0.9770,True,0.0043,QUIET,100
alraha,2023-06-22,1,1,2.7326,0.8005,6,478,0.0021,False,,NODATA,100
alraha,2023-06-23,461,0,1.9155,0.0354,6,478,0.9644,True,0.0000,QUIET,100
alraha,2023-06-24,421,2,3.2759,0.0336,6,478,0.8808,True,0.0048,QUIET,100
alraha,2023-06-25,305,10,4.6632,0.1241,6,478,0.6381,True,0.0328,QUIET,100
alraha,2023-06-26,241,2,3.5115,0.0740,6,478,0.5042,True,0.0083,QUIET,100
alraha,2023-06-27,126,3,2.8561,0.6903,6,478,0.2636,True,0.0238,QUIET,100
alraha,2023-06-28,68,0,0.8836,-0.5574,6,478,0.1423,True,0.0000,QUIET,100
alraha,2023-06-29,0,0,,,6,478,0.0000,False,,NODATA,100
alraha,2023-06-30,429,4,4.5996,-0.1375,6,478,0.8975,True,0.0093,QUIET,100
alraha,2023-07-01,463,1,2.1170,-0.0924,7,472,0.9809,True,0.0022,QUIET,100
alraha,2023-07-02,454,1,3.4316,-0.1280,7,472,0.9619,True,0.0022,QUIET,100
alraha,2023-07-03,0,0,,,7,472,0.0000,False,,NODATA,100
alraha,2023-07-04,446,2,2.7282,-0.0718,7,472,0.9449,True,0.0045,QUIET,100
alraha,2023-07-05,0,0,,,7,472,0.0000,False,,NODATA,100
alraha,2023-07-06,407,2,2.2767,0.0327,7,472,0.8623,True,0.0049,QUIET,100
alraha,2023-07-07,0,0,,,7,472,0.0000,False,,NODATA,100
alraha,2023-07-08,0,0,,,7,472,0.0000,False,,NODATA,100
alraha,2023-07-09,31,1,2.8814,0.2791,7,472,0.0657,False,,NODATA,100
alraha,2023-07-10,418,3,2.6782,-0.0665,7,472,0.8856,True,0.0072,QUIET,100
alraha,2023-07-11,0,0,,,7,472,0.0000,False,,NODATA,100
alraha,2023-07-12,408,0,1.5376,-0.0903,7,472,0.8644,True,0.0000,QUIET,100
alraha,2023-07-13,0,0,,,7,472,0.0000,False,,NODATA,100
alraha,2023-07-14,0,0,,,7,472,0.0000,False,,NODATA,100
alraha,2023-07-15,0,0,,,7,472,0.0000,False,,NODATA,100
alraha,2023-07-16,183,0,1.4230,-0.4602,7,472,0.3877,True,0.0000,QUIET,100
alraha,2023-07-17,449,3,3.1324,0.1010,7,472,0.9513,True,0.0067,QUIET,100
alraha,2023-07-18,230,5,3.2021,0.0661,7,472,0.4873,True,0.0217,QUIET,100
alraha,2023-07-19,3,1,2.9749,1.0792,7,472,0.0064,False,,NODATA,100
alraha,2023-07-20,459,1,2.4248,0.1078,7,472,0.9725,True,0.0022,QUIET,100
alraha,2023-07-21,0,0,,,7,472,0.0000,False,,NODATA,100
alraha,2023-07-22,0,0,,,7,472,0.0000,False,,NODATA,100
alraha,2023-07-23,18,0,-0.0078,-0.0053,7,472,0.0381,False,,NODATA,100
alraha,2023-07-24,9,0,-0.1076,0.7516,7,472,0.0191,False,,NODATA,100
alraha,2023-07-25,0,0,,,7,472,0.0000,False,,NODATA,100
alraha,2023-07-26,0,0,,,7,472,0.0000,False,,NODATA,100
alraha,2023-07-27,411,20,3.9042,0.3115,7,472,0.8708,True,0.0487,QUIET,100
alraha,2023-07-28,16,4,2.9550,0.3211,7,472,0.0339,False,,NODATA,100
alraha,2023-07-29,164,7,4.6029,0.2703,7,472,0.3475,True,0.0427,QUIET,100
alraha,2023-07-30,0,0,,,7,472,0.0000,False,,NODATA,100
alraha,2023-07-31,453,5,2.6529,0.1337,7,472,0.9597,True,0.0110,QUIET,100
alraha,2023-08-01,430,1,2.2486,0.2185,8,468,0.9188,True,0.0023,QUIET,100
alraha,2023-08-02,0,0,,,8,468,0.0000,False,,NODATA,100
alraha,2023-08-03,0,0,,,8,468,0.0000,False,,NODATA,100
alraha,2023-08-04,0,0,,,8,468,0.0000,False,,NODATA,100
alraha,2023-08-05,0,0,,,8,468,0.0000,False,,NODATA,100
alraha,2023-08-06,0,0,,,8,468,0.0000,False,,NODATA,100
alraha,2023-08-07,0,0,,,8,468,0.0000,False,,NODATA,100
alraha,2023-08-08,0,0,,,8,468,0.0000,False,,NODATA,100
alraha,2023-08-09,406,3,2.8328,0.1524,8,468,0.8675,True,0.0074,QUIET,100
alraha,2023-08-10,0,0,,,8,468,0.0000,False,,NODATA,100
alraha,2023-08-11,0,0,,,8,468,0.0000,False,,NODATA,100
alraha,2023-08-12,0,0,,,8,468,0.0000,False,,NODATA,100
alraha,2023-08-13,0,0,,,8,468,0.0000,False,,NODATA,100
alraha,2023-08-14,0,0,,,8,468,0.0000,False,,NODATA,100
alraha,2023-08-15,0,0,,,8,468,0.0000,False,,NODATA,100
alraha,2023-08-16,0,0,,,8,468,0.0000,False,,NODATA,100
alraha,2023-08-17,195,55,3.7837,0.5144,8,468,0.4167,True,0.2821,EXCEED,100
alraha,2023-08-18,135,44,3.9556,0.7368,8,468,0.2885,True,0.3259,ALERT,100
alraha,2023-08-19,159,0,1.5537,0.4228,8,468,0.3397,True,0.0000,QUIET,100
alraha,2023-08-20,457,43,2.7362,0.4914,8,468,0.9765,True,0.0941,QUIET,100
alraha,2023-08-21,0,0,,,8,468,0.0000,False,,NODATA,100
alraha,2023-08-22,13,0,1.5133,0.8554,8,468,0.0278,False,,NODATA,100
alraha,2023-08-23,0,0,,,8,468,0.0000,False,,NODATA,100
alraha,2023-08-24,100,0,0.1203,-0.1462,8,468,0.2137,True,0.0000,QUIET,100
alraha,2023-08-25,457,1,2.2792,0.0932,8,468,0.9765,True,0.0022,QUIET,100
alraha,2023-08-26,0,0,,,8,468,0.0000,False,,NODATA,100
alraha,2023-08-27,0,0,,,8,468,0.0000,False,,NODATA,100
alraha,2023-08-28,205,0,1.4934,0.1308,8,468,0.4380,True,0.0000,QUIET,100
alraha,2023-08-29,0,0,,,8,468,0.0000,False,,NODATA,100
alraha,2023-08-30,0,0,,,8,468,0.0000,False,,NODATA,100
alraha,2023-08-31,436,5,2.1726,0.3800,8,468,0.9316,True,0.0115,QUIET,100
alraha,2023-09-01,273,13,3.0715,0.4167,9,470,0.5809,True,0.0476,QUIET,100
alraha,2023-09-02,419,3,2.2014,0.1902,9,470,0.8915,True,0.0072,QUIET,100
alraha,2023-09-03,0,0,,,9,470,0.0000,False,,NODATA,100
alraha,2023-09-04,339,197,5.2941,0.5964,9,470,0.7213,True,0.5811,EXCEED,100
alraha,2023-09-05,440,25,4.4903,0.3679,9,470,0.9362,True,0.0568,QUIET,100
alraha,2023-09-06,451,64,3.8800,0.4306,9,470,0.9596,True,0.1419,QUIET,100
alraha,2023-09-07,0,0,,,9,470,0.0000,False,,NODATA,100
alraha,2023-09-08,462,88,3.4236,0.4720,9,470,0.9830,True,0.1905,QUIET,100
alraha,2023-09-09,0,0,,,9,470,0.0000,False,,NODATA,100
alraha,2023-09-10,237,4,2.6353,0.2929,9,470,0.5043,True,0.0169,QUIET,100
alraha,2023-09-11,224,9,3.2545,0.2301,9,470,0.4766,True,0.0402,QUIET,100
alraha,2023-09-12,0,0,,,9,470,0.0000,False,,NODATA,100
alraha,2023-09-13,0,0,,,9,470,0.0000,False,,NODATA,100
alraha,2023-09-14,0,0,,,9,470,0.0000,False,,NODATA,100
alraha,2023-09-15,210,0,1.8784,0.3950,9,470,0.4468,True,0.0000,QUIET,100
alraha,2023-09-16,52,0,1.4089,0.3941,9,470,0.1106,True,0.0000,QUIET,100
alraha,2023-09-17,0,0,,,9,470,0.0000,False,,NODATA,100
alraha,2023-09-18,0,0,,,9,470,0.0000,False,,NODATA,100
alraha,2023-09-19,425,44,3.3827,0.3868,9,470,0.9043,True,0.1035,QUIET,100
alraha,2023-09-20,0,0,,,9,470,0.0000,False,,NODATA,100
alraha,2023-09-21,421,7,2.9694,0.2749,9,470,0.8957,True,0.0166,QUIET,100
alraha,2023-09-22,0,0,,,9,470,0.0000,False,,NODATA,100
alraha,2023-09-23,0,0,,,9,470,0.0000,False,,NODATA,100
alraha,2023-09-24,205,73,7.3440,0.5577,9,470,0.4362,True,0.3561,EXCEED,100
alraha,2023-09-25,449,79,3.8435,0.4390,9,470,0.9553,True,0.1759,QUIET,100
alraha,2023-09-26,0,0,,,9,470,0.0000,False,,NODATA,100
alraha,2023-09-27,448,94,3.8891,0.4756,9,470,0.9532,True,0.2098,ALERT,100
alraha,2023-09-28,0,0,,,9,470,0.0000,False,,NODATA,100
alraha,2023-09-29,272,0,1.8497,0.0981,9,470,0.5787,True,0.0000,QUIET,100
alraha,2023-09-30,21,1,2.4263,0.7664,9,470,0.0447,False,,NODATA,100
alraha,2023-10-01,0,0,,,10,478,0.0000,False,,NODATA,100
alraha,2023-10-02,454,6,2.3628,0.3304,10,478,0.9498,True,0.0132,QUIET,100
alraha,2023-10-03,461,0,1.9781,0.2184,10,478,0.9644,True,0.0000,QUIET,100
alraha,2023-10-04,39,3,2.4304,0.8537,10,478,0.0816,False,,NODATA,100
alraha,2023-10-05,437,0,1.8529,0.0485,10,478,0.9142,True,0.0000,QUIET,100
alraha,2023-10-06,468,6,3.8368,0.2512,10,478,0.9791,True,0.0128,QUIET,100
alraha,2023-10-07,452,23,3.1865,0.3071,10,478,0.9456,True,0.0509,QUIET,100
alraha,2023-10-08,426,11,4.2619,0.2947,10,478,0.8912,True,0.0258,QUIET,100
alraha,2023-10-09,471,6,2.6539,0.2139,10,478,0.9854,True,0.0127,QUIET,100
alraha,2023-10-10,460,4,5.2250,0.1599,10,478,0.9623,True,0.0087,QUIET,100
alraha,2023-10-11,328,2,3.6372,0.0042,10,478,0.6862,True,0.0061,QUIET,100
alraha,2023-10-12,465,6,3.5606,0.1859,10,478,0.9728,True,0.0129,QUIET,100
alraha,2023-10-13,466,4,2.6243,0.1072,10,478,0.9749,True,0.0086,QUIET,100
alraha,2023-10-14,453,1,2.4546,0.1110,10,478,0.9477,True,0.0022,QUIET,100
alraha,2023-10-15,12,0,-0.2538,0.3322,10,478,0.0251,False,,NODATA,100
alraha,2023-10-16,446,0,1.9589,0.0838,10,478,0.9331,True,0.0000,QUIET,100
alraha,2023-10-17,446,0,1.9197,0.0916,10,478,0.9331,True,0.0000,QUIET,100
alraha,2023-10-18,0,0,,,10,478,0.0000,False,,NODATA,100
alraha,2023-10-19,0,0,,,10,478,0.0000,False,,NODATA,100
alraha,2023-10-20,0,0,,,10,478,0.0000,False,,NODATA,100
alraha,2023-10-21,0,0,,,10,478,0.0000,False,,NODATA,100
alraha,2023-10-22,0,0,,,10,478,0.0000,False,,NODATA,100
alraha,2023-10-23,0,0,,,10,478,0.0000,False,,NODATA,100
alraha,2023-10-24,444,4,2.1956,0.2204,10,478,0.9289,True,0.0090,QUIET,100
alraha,2023-10-25,439,8,2.8180,0.2349,10,478,0.9184,True,0.0182,QUIET,100
alraha,2023-10-26,25,1,3.3970,-0.1931,10,478,0.0523,False,,NODATA,100
alraha,2023-10-27,428,0,1.8936,0.1413,10,478,0.8954,True,0.0000,QUIET,100
alraha,2023-10-28,467,1,2.6566,0.1086,10,478,0.9770,True,0.0021,QUIET,100
alraha,2023-10-29,466,1,2.1403,0.1990,10,478,0.9749,True,0.0021,QUIET,100
alraha,2023-10-30,392,7,2.3932,0.1421,10,478,0.8201,True,0.0179,QUIET,100
alraha,2023-10-31,427,4,2.1049,0.2566,10,478,0.8933,True,0.0094,QUIET,100
alraha,2023-11-01,477,32,3.8772,0.3381,11,491,0.9715,True,0.0671,QUIET,100
alraha,2023-11-02,471,27,3.9708,0.3015,11,491,0.9593,True,0.0573,QUIET,100
alraha,2023-11-03,300,42,5.8838,0.3173,11,491,0.6110,True,0.1400,QUIET,100
alraha,2023-11-04,432,4,4.6234,0.1760,11,491,0.8798,True,0.0093,QUIET,100
alraha,2023-11-05,441,1,2.1116,0.0327,11,491,0.8982,True,0.0023,QUIET,100
alraha,2023-11-06,401,0,1.7782,0.0669,11,491,0.8167,True,0.0000,QUIET,100
alraha,2023-11-07,308,0,1.5099,-0.0553,11,491,0.6273,True,0.0000,QUIET,100
