intake,date,n_obs,n_anom,max_z,median_logchl,month,n_clim,coverage,observed,anom_frac,state,radius_km
kalba,2018-01-01,0,0,,,1,133,0.0000,False,,NODATA,50
kalba,2018-01-02,0,0,,,1,133,0.0000,False,,NODATA,50
kalba,2018-01-03,127,0,1.8607,-0.0839,1,133,0.9549,True,0.0000,QUIET,50
kalba,2018-01-04,128,4,3.3492,-0.0143,1,133,0.9624,True,0.0312,QUIET,50
kalba,2018-01-05,0,0,,,1,133,0.0000,False,,NODATA,50
kalba,2018-01-06,0,0,,,1,133,0.0000,False,,NODATA,50
kalba,2018-01-07,133,9,3.2219,0.0300,1,133,1.0000,True,0.0677,QUIET,50
kalba,2018-01-08,0,0,,,1,133,0.0000,False,,NODATA,50
kalba,2018-01-09,0,0,,,1,133,0.0000,False,,NODATA,50
kalba,2018-01-10,0,0,,,1,133,0.0000,False,,NODATA,50
kalba,2018-01-11,133,1,3.7751,-0.1246,1,133,1.0000,True,0.0075,QUIET,50
kalba,2018-01-12,0,0,,,1,133,0.0000,False,,NODATA,50
kalba,2018-01-13,0,0,,,1,133,0.0000,False,,NODATA,50
kalba,2018-01-14,58,1,2.3978,-0.0187,1,133,0.4361,True,0.0172,QUIET,50
kalba,2018-01-15,133,6,2.3587,0.0610,1,133,1.0000,True,0.0451,QUIET,50
kalba,2018-01-16,0,0,,,1,133,0.0000,False,,NODATA,50
kalba,2018-01-17,0,0,,,1,133,0.0000,False,,NODATA,50
kalba,2018-01-18,132,0,1.5900,-0.1941,1,133,0.9925,True,0.0000,QUIET,50
kalba,2018-01-19,125,0,1.6749,-0.2275,1,133,0.9398,True,0.0000,QUIET,50
kalba,2018-01-20,0,0,,,1,133,0.0000,False,,NODATA,50
kalba,2018-01-21,0,0,,,1,133,0.0000,False,,NODATA,50
kalba,2018-01-22,77,3,2.5774,-0.1900,1,133,0.5789,True,0.0390,QUIET,50
kalba,2018-01-23,133,0,1.9784,-0.1021,1,133,1.0000,True,0.0000,QUIET,50
kalba,2018-01-24,0,0,,,1,133,0.0000,False,,NODATA,50
kalba,2018-01-25,0,0,,,1,133,0.0000,False,,NODATA,50
kalba,2018-01-26,133,0,1.0837,-0.1199,1,133,1.0000,True,0.0000,QUIET,50
kalba,2018-01-27,37,0,1.1694,-0.0766,1,133,0.2782,True,0.0000,QUIET,50
kalba,2018-01-28,0,0,,,1,133,0.0000,False,,NODATA,50
kalba,2018-01-29,0,0,,,1,133,0.0000,False,,NODATA,50
kalba,2018-01-30,133,0,1.8129,-0.0044,1,133,1.0000,True,0.0000,QUIET,50
kalba,2018-01-31,14,0,1.2090,-0.3206,1,133,0.1053,True,0.0000,QUIET,50
kalba,2018-02-01,0,0,,,2,133,0.0000,False,,NODATA,50
kalba,2018-02-02,0,0,,,2,133,0.0000,False,,NODATA,50
kalba,2018-02-03,131,0,1.2987,-0.2126,2,133,0.9850,True,0.0000,QUIET,50
kalba,2018-02-04,104,0,1.8217,0.1076,2,133,0.7820,True,0.0000,QUIET,50
kalba,2018-02-05,0,0,,,2,133,0.0000,False,,NODATA,50
kalba,2018-02-06,0,0,,,2,133,0.0000,False,,NODATA,50
kalba,2018-02-07,130,3,2.3008,0.1262,2,133,0.9774,True,0.0231,QUIET,50
kalba,2018-02-08,0,0,,,2,133,0.0000,False,,NODATA,50
kalba,2018-02-09,0,0,,,2,133,0.0000,False,,NODATA,50
kalba,2018-02-10,55,2,2.2275,-0.0293,2,133,0.4135,True,0.0364,QUIET,50
kalba,2018-02-11,132,0,1.8177,0.0011,2,133,0.9925,True,0.0000,QUIET,50
kalba,2018-02-12,0,0,,,2,133,0.0000,False,,NODATA,50
kalba,2018-02-13,0,0,,,2,133,0.0000,False,,NODATA,50
kalba,2018-02-14,20,1,2.0392,0.0400,2,133,0.1504,True,0.0500,QUIET,50
kalba,2018-02-15,4,0,-1.3310,-0.2908,2,133,0.0301,False,,NODATA,50
kalba,2018-02-16,0,0,,,2,133,0.0000,False,,NODATA,50
kalba,2018-02-17,0,0,,,2,133,0.0000,False,,NODATA,50
kalba,2018-02-18,130,21,4.2660,0.1934,2,133,0.9774,True,0.1615,QUIET,50
kalba,2018-02-19,133,1,2.4493,0.0230,2,133,1.0000,True,0.0075,QUIET,50
kalba,2018-02-20,0,0,,,2,133,0.0000,False,,NODATA,50
kalba,2018-02-21,0,0,,,2,133,0.0000,False,,NODATA,50
kalba,2018-02-22,78,0,0.6812,-0.0140,2,133,0.5865,True,0.0000,QUIET,50
kalba,2018-02-23,13,0,0.6280,-0.0945,2,133,0.0977,False,,NODATA,50
kalba,2018-02-24,0,0,,,2,133,0.0000,False,,NODATA,50
kalba,2018-02-25,0,0,,,2,133,0.0000,False,,NODATA,50
kalba,2018-02-26,121,17,4.0051,0.1864,2,133,0.9098,True,0.1405,QUIET,50
kalba,2018-02-27,7,0,0.8667,0.1887,2,133,0.0526,False,,NODATA,50
kalba,2018-02-28,0,0,,,2,133,0.0000,False,,NODATA,50
kalba,2018-03-01,0,0,,,3,133,0.0000,False,,NODATA,50
kalba,2018-03-02,1,0,-0.5681,0.0519,3,133,0.0075,False,,NODATA,50
kalba,2018-03-03,109,0,1.9118,0.2713,3,133,0.8195,True,0.0000,QUIET,50
kalba,2018-03-04,0,0,,,3,133,0.0000,False,,NODATA,50
kalba,2018-03-05,0,0,,,3,133,0.0000,False,,NODATA,50
kalba,2018-03-06,133,1,2.3356,0.1446,3,133,1.0000,True,0.0075,QUIET,50
kalba,2018-03-07,0,0,,,3,133,0.0000,False,,NODATA,50
kalba,2018-03-08,0,0,,,3,133,0.0000,False,,NODATA,50
kalba,2018-03-09,4,1,2.0329,0.7858,3,133,0.0301,False,,NODATA,50
kalba,2018-03-10,117,1,2.5407,0.1672,3,133,0.8797,True,0.0085,QUIET,50
kalba,2018-03-11,0,0,,,3,133,0.0000,False,,NODATA,50
kalba,2018-03-12,0,0,,,3,133,0.0000,False,,NODATA,50
kalba,2018-03-13,3,0,1.1543,0.6236,3,133,0.0226,False,,NODATA,50
kalba,2018-03-14,133,2,2.6919,0.2897,3,133,1.0000,True,0.0150,QUIET,50
kalba,2018-03-15,0,0,,,3,133,0.0000,False,,NODATA,50
kalba,2018-03-16,0,0,,,3,133,0.0000,False,,NODATA,50
kalba,2018-03-17,11,0,-0.7398,-0.2087,3,133,0.0827,False,,NODATA,50
kalba,2018-03-18,133,0,1.3101,0.2574,3,133,1.0000,True,0.0000,QUIET,50
kalba,2018-03-19,0,0,,,3,133,0.0000,False,,NODATA,50
kalba,2018-03-20,0,0,,,3,133,0.0000,False,,NODATA,50
kalba,2018-03-21,83,0,1.6639,0.1213,3,133,0.6241,True,0.0000,QUIET,50
kalba,2018-03-22,132,0,1.3131,0.1480,3,133,0.9925,True,0.0000,QUIET,50
kalba,2018-03-23,0,0,,,3,133,0.0000,False,,NODATA,50
kalba,2018-03-24,0,0,,,3,133,0.0000,False,,NODATA,50
kalba,2018-03-25,132,0,1.6848,0.0025,3,133,0.9925,True,0.0000,QUIET,50
kalba,2018-03-26,133,0,1.1114,0.1183,3,133,1.0000,True,0.0000,QUIET,50
kalba,2018-03-27,0,0,,,3,133,0.0000,False,,NODATA,50
kalba,2018-03-28,0,0,,,3,133,0.0000,False,,NODATA,50
kalba,2018-03-29,106,0,0.8031,-0.0779,3,133,0.7970,True,0.0000,QUIET,50
kalba,2018-03-30,130,0,0.3736,-0.0318,3,133,0.9774,True,0.0000,QUIET,50
kalba,2018-03-31,0,0,,,3,133,0.0000,False,,NODATA,50
kalba,2018-04-01,0,0,,,4,133,0.0000,False,,NODATA,50
kalba,2018-04-02,129,0,-0.2709,-0.3375,4,133,0.9699,True,0.0000,QUIET,50
kalba,2018-04-03,0,0,,,4,133,0.0000,False,,NODATA,50
kalba,2018-04-04,0,0,,,4,133,0.0000,False,,NODATA,50
kalba,2018-04-05,0,0,,,4,133,0.0000,False,,NODATA,50
kalba,2018-04-06,129,0,-0.9181,-0.4282,4,133,0.9699,True,0.0000,QUIET,50
kalba,2018-04-07,0,0,,,4,133,0.0000,False,,NODATA,50
kalba,2018-04-08,0,0,,,4,133,0.0000,False,,NODATA,50
kalba,2018-04-09,0,0,,,4,133,0.0000,False,,NODATA,50
kalba,2018-04-10,133,0,0.7035,-0.2712,4,133,1.0000,True,0.0000,QUIET,50
kalba,2018-04-11,0,0,,,4,133,0.0000,False,,NODATA,50
kalba,2018-04-12,0,0,,,4,133,0.0000,False,,NODATA,50
kalba,2018-04-13,0,0,,,4,133,0.0000,False,,NODATA,50
kalba,2018-04-14,36,0,-1.0209,-0.4343,4,133,0.2707,True,0.0000,QUIET,50
kalba,2018-04-15,0,0,,,4,133,0.0000,False,,NODATA,50
kalba,2018-04-16,0,0,,,4,133,0.0000,False,,NODATA,50
kalba,2018-04-17,5,1,2.0174,0.7900,4,133,0.0376,False,,NODATA,50
kalba,2018-04-18,131,0,-0.8628,-0.4644,4,133,0.9850,True,0.0000,QUIET,50
kalba,2018-04-19,0,0,,,4,133,0.0000,False,,NODATA,50
kalba,2018-04-20,0,0,,,4,133,0.0000,False,,NODATA,50
kalba,2018-04-21,93,0,1.2479,-0.4005,4,133,0.6992,True,0.0000,QUIET,50
kalba,2018-04-22,73,0,-0.4091,-0.2362,4,133,0.5489,True,0.0000,QUIET,50
kalba,2018-04-23,0,0,,,4,133,0.0000,False,,NODATA,50
kalba,2018-04-24,0,0,,,4,133,0.0000,False,,NODATA,50
kalba,2018-04-25,126,1,2.2126,-0.1458,4,133,0.9474,True,0.0079,QUIET,50
kalba,2018-04-26,91,0,1.8333,-0.2264,4,133,0.6842,True,0.0000,QUIET,50
kalba,2018-04-27,0,0,,,4,133,0.0000,False,,NODATA,50
kalba,2018-04-28,0,0,,,4,133,0.0000,False,,NODATA,50
kalba,2018-04-29,133,0,0.4927,-0.1722,4,133,1.0000,True,0.0000,QUIET,50
kalba,2018-04-30,0,0,,,4,133,0.0000,False,,NODATA,50
kalba,2018-05-01,0,0,,,5,133,0.0000,False,,NODATA,50
kalba,2018-05-02,0,0,,,5,133,0.0000,False,,NODATA,50
kalba,2018-05-03,124,0,0.5659,-0.3867,5,133,0.9323,True,0.0000,QUIET,50
kalba,2018-05-04,0,0,,,5,133,0.0000,False,,NODATA,50
kalba,2018-05-05,0,0,,,5,133,0.0000,False,,NODATA,50
kalba,2018-05-06,0,0,,,5,133,0.0000,False,,NODATA,50
kalba,2018-05-07,133,0,0.7946,-0.3999,5,133,1.0000,True,0.0000,QUIET,50
kalba,2018-05-08,0,0,,,5,133,0.0000,False,,NODATA,50
kalba,2018-05-09,0,0,,,5,133,0.0000,False,,NODATA,50
kalba,2018-05-10,0,0,,,5,133,0.0000,False,,NODATA,50
kalba,2018-05-11,101,0,-0.3139,-0.4356,5,133,0.7594,True,0.0000,QUIET,50
kalba,2018-05-12,0,0,,,5,133,0.0000,False,,NODATA,50
kalba,2018-05-13,0,0,,,5,133,0.0000,False,,NODATA,50
kalba,2018-05-14,7,7,4.0831,0.6887,5,133,0.0526,False,,NODATA,50
kalba,2018-05-15,45,0,-0.1614,-0.4459,5,133,0.3383,True,0.0000,QUIET,50
kalba,2018-05-16,0,0,,,5,133,0.0000,False,,NODATA,50
kalba,2018-05-17,0,0,,,5,133,0.0000,False,,NODATA,50
kalba,2018-05-18,38,4,3.1665,-0.1803,5,133,0.2857,True,0.1053,QUIET,50
kalba,2018-05-19,132,0,1.1924,-0.4343,5,133,0.9925,True,0.0000,QUIET,50
kalba,2018-05-20,0,0,,,5,133,0.0000,False,,NODATA,50
kalba,2018-05-21,0,0,,,5,133,0.0000,False,,NODATA,50
kalba,2018-05-22,132,0,-0.0126,-0.5446,5,133,0.9925,True,0.0000,QUIET,50
kalba,2018-05-23,130,0,-0.3314,-0.5441,5,133,0.9774,True,0.0000,QUIET,50
kalba,2018-05-24,0,0,,,5,133,0.0000,False,,NODATA,50
kalba,2018-05-25,0,0,,,5,133,0.0000,False,,NODATA,50
kalba,2018-05-26,29,0,-0.8860,-0.6072,5,133,0.2180,True,0.0000,QUIET,50
kalba,2018-05-27,0,0,,,5,133,0.0000,False,,NODATA,50
kalba,2018-05-28,0,0,,,5,133,0.0000,False,,NODATA,50
kalba,2018-05-29,0,0,,,5,133,0.0000,False,,NODATA,50
kalba,2018-05-30,129,0,-0.3979,-0.6395,5,133,0.9699,True,0.0000,QUIET,50
kalba,2018-05-31,0,0,,,5,133,0.0000,False,,NODATA,50
kalba,2018-06-01,0,0,,,6,133,0.0000,False,,NODATA,50
kalba,2018-06-02,0,0,,,6,133,0.0000,False,,NODATA,50
kalba,2018-06-03,126,0,-0.1230,-0.6973,6,133,0.9474,True,0.0000,QUIET,50
kalba,2018-06-04,0,0,,,6,133,0.0000,False,,NODATA,50
kalba,2018-06-05,0,0,,,6,133,0.0000,False,,NODATA,50
kalba,2018-06-06,0,0,,,6,133,0.0000,False,,NODATA,50
kalba,2018-06-07,99,0,1.3556,-0.5903,6,133,0.7444,True,0.0000,QUIET,50
kalba,2018-06-08,0,0,,,6,133,0.0000,False,,NODATA,50
kalba,2018-06-09,0,0,,,6,133,0.0000,False,,NODATA,50
kalba,2018-06-10,0,0,,,6,133,0.0000,False,,NODATA,50
kalba,2018-06-11,131,4,3.1032,-0.4344,6,133,0.9850,True,0.0305,QUIET,50
kalba,2018-06-12,0,0,,,6,133,0.0000,False,,NODATA,50
kalba,2018-06-13,0,0,,,6,133,0.0000,False,,NODATA,50
kalba,2018-06-14,70,1,2.1822,-0.3738,6,133,0.5263,True,0.0143,QUIET,50
kalba,2018-06-15,126,6,3.1039,-0.4352,6,133,0.9474,True,0.0476,QUIET,50
kalba,2018-06-16,0,0,,,6,133,0.0000,False,,NODATA,50
kalba,2018-06-17,0,0,,,6,133,0.0000,False,,NODATA,50
kalba,2018-06-18,132,0,0.6827,-0.5756,6,133,0.9925,True,0.0000,QUIET,50
kalba,2018-06-19,59,0,1.6952,-0.5108,6,133,0.4436,True,0.0000,QUIET,50
kalba,2018-06-20,0,0,,,6,133,0.0000,False,,NODATA,50
kalba,2018-06-21,0,0,,,6,133,0.0000,False,,NODATA,50
kalba,2018-06-22,0,0,,,6,133,0.0000,False,,NODATA,50
kalba,2018-06-23,0,0,,,6,133,0.0000,False,,NODATA,50
kalba,2018-06-24,0,0,,,6,133,0.0000,False,,NODATA,50
kalba,2018-06-25,0,0,,,6,133,0.0000,False,,NODATA,50
kalba,2018-06-26,131,0,0.9022,-0.5014,6,133,0.9850,True,0.0000,QUIET,50
kalba,2018-06-27,0,0,,,6,133,0.0000,False,,NODATA,50
kalba,2018-06-28,0,0,,,6,133,0.0000,False,,NODATA,50
kalba,2018-06-29,0,0,,,6,133,0.0000,False,,NODATA,50
kalba,2018-06-30,6,0,-0.9442,-0.6197,6,133,0.0451,False,,NODATA,50
kalba,2018-07-01,0,0,,,7,132,0.0000,False,,NODATA,50
kalba,2018-07-02,0,0,,,7,132,0.0000,False,,NODATA,50
kalba,2018-07-03,0,0,,,7,132,0.0000,False,,NODATA,50
kalba,2018-07-04,84,0,1.5607,-0.5232,7,132,0.6364,True,0.0000,QUIET,50
kalba,2018-07-05,0,0,,,7,132,0.0000,False,,NODATA,50
kalba,2018-07-06,0,0,,,7,132,0.0000,False,,NODATA,50
kalba,2018-07-07,0,0,,,7,132,0.0000,False,,NODATA,50
kalba,2018-07-08,0,0,,,7,132,0.0000,False,,NODATA,50
kalba,2018-07-09,0,0,,,7,132,0.0000,False,,NODATA,50
kalba,2018-07-10,0,0,,,7,132,0.0000,False,,NODATA,50
kalba,2018-07-11,93,16,4.8042,-0.0590,7,132,0.7045,True,0.1720,QUIET,50
kalba,2018-07-12,54,23,6.3185,-0.1872,7,132,0.4091,True,0.4259,EXCEED,50
kalba,2018-07-13,0,0,,,7,132,0.0000,False,,NODATA,50
kalba,2018-07-14,0,0,,,7,132,0.0000,False,,NODATA,50
kalba,2018-07-15,94,47,7.3012,0.0014,7,132,0.7121,True,0.5000,ALERT,50
kalba,2018-07-16,56,23,5.0839,-0.1249,7,132,0.4242,True,0.4107,ALERT,50
kalba,2018-07-17,0,0,,,7,132,0.0000,False,,NODATA,50
kalba,2018-07-18,0,0,,,7,132,0.0000,False,,NODATA,50
kalba,2018-07-19,51,11,3.2223,-0.1225,7,132,0.3864,True,0.2157,QUIET,50
kalba,2018-07-20,0,0,,,7,132,0.0000,False,,NODATA,50
kalba,2018-07-21,0,0,,,7,132,0.0000,False,,NODATA,50
kalba,2018-07-22,0,0,,,7,132,0.0000,False,,NODATA,50
kalba,2018-07-23,0,0,,,7,132,0.0000,False,,NODATA,50
kalba,2018-07-24,0,0,,,7,132,0.0000,False,,NODATA,50
kalba,2018-07-25,0,0,,,7,132,0.0000,False,,NODATA,50
kalba,2018-07-26,0,0,,,7,132,0.0000,False,,NODATA,50
kalba,2018-07-27,44,22,4.1895,0.0221,7,132,0.3333,True,0.5000,EXCEED,50
kalba,2018-07-28,0,0,,,7,132,0.0000,False,,NODATA,50
kalba,2018-07-29,0,0,,,7,132,0.0000,False,,NODATA,50
kalba,2018-07-30,0,0,,,7,132,0.0000,False,,NODATA,50
kalba,2018-07-31,0,0,,,7,132,0.0000,False,,NODATA,50
kalba,2018-08-01,0,0,,,8,133,0.0000,False,,NODATA,50
kalba,2018-08-02,0,0,,,8,133,0.0000,False,,NODATA,50
kalba,2018-08-03,12,3,2.2711,0.4954,8,133,0.0902,False,,NODATA,50
kalba,2018-08-04,105,0,1.8054,-0.2019,8,133,0.7895,True,0.0000,QUIET,50
kalba,2018-08-05,0,0,,,8,133,0.0000,False,,NODATA,50
kalba,2018-08-06,0,0,,,8,133,0.0000,False,,NODATA,50
kalba,2018-08-07,55,0,0.4640,-0.3132,8,133,0.4135,True,0.0000,QUIET,50
kalba,2018-08-08,0,0,,,8,133,0.0000,False,,NODATA,50
kalba,2018-08-09,0,0,,,8,133,0.0000,False,,NODATA,50
kalba,2018-08-10,0,0,,,8,133,0.0000,False,,NODATA,50
kalba,2018-08-11,93,0,1.9874,-0.3229,8,133,0.6992,True,0.0000,QUIET,50
kalba,2018-08-12,53,0,0.3239,-0.3306,8,133,0.3985,True,0.0000,QUIET,50
kalba,2018-08-13,0,0,,,8,133,0.0000,False,,NODATA,50
kalba,2018-08-14,0,0,,,8,133,0.0000,False,,NODATA,50
kalba,2018-08-15,4,0,-0.9695,-0.4933,8,133,0.0301,False,,NODATA,50
kalba,2018-08-16,0,0,,,8,133,0.0000,False,,NODATA,50
kalba,2018-08-17,0,0,,,8,133,0.0000,False,,NODATA,50
kalba,2018-08-18,0,0,,,8,133,0.0000,False,,NODATA,50
kalba,2018-08-19,130,6,3.1633,-0.2580,8,133,0.9774,True,0.0462,QUIET,50
kalba,2018-08-20,0,0,,,8,133,0.0000,False,,NODATA,50
kalba,2018-08-21,0,0,,,8,133,0.0000,False,,NODATA,50
kalba,2018-08-22,0,0,,,8,133,0.0000,False,,NODATA,50
kalba,2018-08-23,6,0,-1.3218,-0.3462,8,133,0.0451,False,,NODATA,50
kalba,2018-08-24,0,0,,,8,133,0.0000,False,,NODATA,50
kalba,2018-08-25,0,0,,,8,133,0.0000,False,,NODATA,50
kalba,2018-08-26,0,0,,,8,133,0.0000,False,,NODATA,50
kalba,2018-08-27,131,1,2.6901,-0.2521,8,133,0.9850,True,0.0076,QUIET,50
kalba,2018-08-28,0,0,,,8,133,0.0000,False,,NODATA,50
kalba,2018-08-29,0,0,,,8,133,0.0000,False,,NODATA,50
kalba,2018-08-30,4,2,2.3951,0.3673,8,133,0.0301,False,,NODATA,50
kalba,2018-08-31,41,0,1.8053,-0.2854,8,133,0.3083,True,0.0000,QUIET,50
kalba,2018-09-01,0,0,,,9,133,0.0000,False,,NODATA,50
kalba,2018-09-02,0,0,,,9,133,0.0000,False,,NODATA,50
kalba,2018-09-03,128,77,7.5208,-0.0617,9,133,0.9624,True,0.6016,EXCEED,50
kalba,2018-09-04,6,0,0.1436,-0.3849,9,133,0.0451,False,,NODATA,50
kalba,2018-09-05,0,0,,,9,133,0.0000,False,,NODATA,50
kalba,2018-09-06,0,0,,,9,133,0.0000,False,,NODATA,50
kalba,2018-09-07,133,77,6.5593,-0.0161,9,133,1.0000,True,0.5789,ALERT,50
kalba,2018-09-08,91,71,7.4092,-0.0619,9,133,0.6842,True,0.7802,ALERT,50
kalba,2018-09-09,0,0,,,9,133,0.0000,False,,NODATA,50
kalba,2018-09-10,0,0,,,9,133,0.0000,False,,NODATA,50
kalba,2018-09-11,126,57,5.4317,-0.1391,9,133,0.9474,True,0.4524,ALERT,50
kalba,2018-09-12,0,0,,,9,133,0.0000,False,,NODATA,50
kalba,2018-09-13,0,0,,,9,133,0.0000,False,,NODATA,50
kalba,2018-09-14,0,0,,,9,133,0.0000,False,,NODATA,50
kalba,2018-09-15,40,33,7.2966,0.4461,9,133,0.3008,True,0.8250,ALERT,50
kalba,2018-09-16,0,0,,,9,133,0.0000,False,,NODATA,50
kalba,2018-09-17,0,0,,,9,133,0.0000,False,,NODATA,50
kalba,2018-09-18,0,0,,,9,133,0.0000,False,,NODATA,50
kalba,2018-09-19,124,63,5.8821,0.0514,9,133,0.9323,True,0.5081,ALERT,50
kalba,2018-09-20,0,0,,,9,133,0.0000,False,,NODATA,50
kalba,2018-09-21,0,0,,,9,133,0.0000,False,,NODATA,50
kalba,2018-09-22,6,0,1.8487,0.6337,9,133,0.0451,False,,NODATA,50
kalba,2018-09-23,126,46,4.8634,-0.1453,9,133,0.9474,True,0.3651,ALERT,50
kalba,2018-09-24,0,0,,,9,133,0.0000,False,,NODATA,50
kalba,2018-09-25,0,0,,,9,133,0.0000,False,,NODATA,50
kalba,2018-09-26,125,2,2.3845,-0.3463,9,133,0.9398,True,0.0160,QUIET,50
kalba,2018-09-27,125,3,2.9832,-0.3719,9,133,0.9398,True,0.0240,QUIET,50
kalba,2018-09-28,0,0,,,9,133,0.0000,False,,NODATA,50
kalba,2018-09-29,0,0,,,9,133,0.0000,False,,NODATA,50
kalba,2018-09-30,126,2,2.3077,-0.3251,9,133,0.9474,True,0.0159,QUIET,50
kalba,2018-10-01,118,4,2.4973,-0.3623,10,133,0.8872,True,0.0339,QUIET,50
kalba,2018-10-02,0,0,,,10,133,0.0000,False,,NODATA,50
kalba,2018-10-03,0,0,,,10,133,0.0000,False,,NODATA,50
kalba,2018-10-04,130,3,2.2882,-0.3668,10,133,0.9774,True,0.0231,QUIET,50
kalba,2018-10-05,127,3,2.8534,-0.3566,10,133,0.9549,True,0.0236,QUIET,50
kalba,2018-10-06,0,0,,,10,133,0.0000,False,,NODATA,50
kalba,2018-10-07,0,0,,,10,133,0.0000,False,,NODATA,50
kalba,2018-10-08,132,0,0.9333,-0.3960,10,133,0.9925,True,0.0000,QUIET,50
kalba,2018-10-09,0,0,,,10,133,0.0000,False,,NODATA,50
kalba,2018-10-10,0,0,,,10,133,0.0000,False,,NODATA,50
kalba,2018-10-11,6,5,3.3194,0.7426,10,133,0.0451,False,,NODATA,50
kalba,2018-10-12,131,0,1.7982,-0.4034,10,133,0.9850,True,0.0000,QUIET,50
kalba,2018-10-13,0,0,,,10,133,0.0000,False,,NODATA,50
kalba,2018-10-14,0,0,,,10,133,0.0000,False,,NODATA,50
kalba,2018-10-15,23,1,2.5780,-0.0701,10,133,0.1729,True,0.0435,QUIET,50
kalba,2018-10-16,132,2,2.4557,-0.3352,10,133,0.9925,True,0.0152,QUIET,50
kalba,2018-10-17,0,0,,,10,133,0.0000,False,,NODATA,50
kalba,2018-10-18,0,0,,,10,133,0.0000,False,,NODATA,50
kalba,2018-10-19,47,1,2.7642,-0.3774,10,133,0.3534,True,0.0213,QUIET,50
kalba,2018-10-20,92,7,3.9585,-0.2522,10,133,0.6917,True,0.0761,QUIET,50
kalba,2018-10-21,0,0,,,10,133,0.0000,False,,NODATA,50
kalba,2018-10-22,0,0,,,10,133,0.0000,False,,NODATA,50
kalba,2018-10-23,132,6,5.4055,-0.2729,10,133,0.9925,True,0.0455,QUIET,50
kalba,2018-10-24,130,10,5.7453,-0.2681,10,133,0.9774,True,0.0769,QUIET,50
kalba,2018-10-25,0,0,,,10,133,0.0000,False,,NODATA,50
kalba,2018-10-26,0,0,,,10,133,0.0000,False,,NODATA,50
kalba,2018-10-27,117,1,3.1213,-0.3960,10,133,0.8797,True,0.0085,QUIET,50
kalba,2018-10-28,64,3,3.0872,-0.3004,10,133,0.4812,True,0.0469,QUIET,50
kalba,2018-10-29,0,0,,,10,133,0.0000,False,,NODATA,50
kalba,2018-10-30,0,0,,,10,133,0.0000,False,,NODATA,50
kalba,2018-10-31,60,5,4.3464,-0.2264,10,133,0.4511,True,0.0833,QUIET,50
kalba,2018-11-01,87,0,1.6810,-0.1598,11,133,0.6541,True,0.0000,QUIET,50
kalba,2018-11-02,0,0,,,11,133,0.0000,False,,NODATA,50
kalba,2018-11-03,0,0,,,11,133,0.0000,False,,NODATA,50
kalba,2018-11-04,133,5,2.5217,-0.0226,11,133,1.0000,True,0.0376,QUIET,50
kalba,2018-11-05,0,0,,,11,133,0.0000,False,,NODATA,50
kalba,2018-11-06,0,0,,,11,133,0.0000,False,,NODATA,50
kalba,2018-11-07,51,5,3.5582,0.0607,11,133,0.3835,True,0.0980,QUIET,50
kalba,2018-11-08,131,22,3.2437,0.0128,11,133,0.9850,True,0.1679,QUIET,50
kalba,2018-11-09,0,0,,,11,133,0.0000,False,,NODATA,50
kalba,2018-11-10,0,0,,,11,133,0.0000,False,,NODATA,50
kalba,2018-11-11,132,1,2.2145,-0.0418,11,133,0.9925,True,0.0076,QUIET,50
kalba,2018-11-12,132,27,3.2787,0.1184,11,133,0.9925,True,0.2045,QUIET,50
kalba,2018-11-13,0,0,,,11,133,0.0000,False,,NODATA,50
kalba,2018-11-14,0,0,,,11,133,0.0000,False,,NODATA,50
kalba,2018-11-15,130,0,1.7348,-0.1233,11,133,0.9774,True,0.0000,QUIET,50
kalba,2018-11-16,130,29,3.1225,0.0503,11,133,0.9774,True,0.2231,QUIET,50
kalba,2018-11-17,0,0,,,11,133,0.0000,False,,NODATA,50
kalba,2018-11-18,0,0,,,11,133,0.0000,False,,NODATA,50
kalba,2018-11-19,133,7,2.4565,-0.0324,11,133,1.0000,True,0.0526,QUIET,50
kalba,2018-11-20,132,20,2.7911,0.0716,11,133,0.9925,True,0.1515,QUIET,50
kalba,2018-11-21,0,0,,,11,133,0.0000,False,,NODATA,50
kalba,2018-11-22,0,0,,,11,133,0.0000,False,,NODATA,50
kalba,2018-11-23,107,0,1.6906,-0.3174,11,133,0.8045,True,0.0000,QUIET,50
kalba,2018-11-24,112,1,2.6802,-0.2267,11,133,0.8421,True,0.0089,QUIET,50
kalba,2018-11-25,0,0,,,11,133,0.0000,False,,NODATA,50
kalba,2018-11-26,0,0,,,11,133,0.0000,False,,NODATA,50
kalba,2018-11-27,133,1,2.0497,-0.0756,11,133,1.0000,True,0.0075,QUIET,50
kalba,2018-11-28,104,13,3.0849,0.0539,11,133,0.7820,True,0.1250,QUIET,50
kalba,2018-11-29,0,0,,,11,133,0.0000,False,,NODATA,50
kalba,2018-11-30,0,0,,,11,133,0.0000,False,,NODATA,50
kalba,2018-12-01,128,75,4.2201,0.1507,12,133,0.9624,True,0.5859,EXCEED,50
kalba,2018-12-02,0,0,,,12,133,0.0000,False,,NODATA,50
kalba,2018-12-03,0,0,,,12,133,0.0000,False,,NODATA,50
kalba,2018-12-04,57,0,1.7090,-0.0615,12,133,0.4286,True,0.0000,QUIET,50
kalba,2018-12-05,31,0,1.5000,-0.3484,12,133,0.2331,True,0.0000,QUIET,50
kalba,2018-12-06,0,0,,,12,133,0.0000,False,,NODATA,50
kalba,2018-12-07,0,0,,,12,133,0.0000,False,,NODATA,50
kalba,2018-12-08,132,33,4.2819,0.0332,12,133,0.9925,True,0.2500,ALERT,50
kalba,2018-12-09,133,108,4.3295,0.2243,12,133,1.0000,True,0.8120,ALERT,50
kalba,2018-12-10,0,0,,,12,133,0.0000,False,,NODATA,50
kalba,2018-12-11,0,0,,,12,133,0.0000,False,,NODATA,50
kalba,2018-12-12,133,5,3.2445,-0.0662,12,133,1.0000,True,0.0376,QUIET,50
kalba,2018-12-13,133,35,3.3769,0.0273,12,133,1.0000,True,0.2632,ALERT,50
kalba,2018-12-14,0,0,,,12,133,0.0000,False,,NODATA,50
kalba,2018-12-15,0,0,,,12,133,0.0000,False,,NODATA,50
kalba,2018-12-16,133,49,9.2348,0.0300,12,133,1.0000,True,0.3684,ALERT,50
kalba,2018-12-17,132,100,8.1839,0.2236,12,133,0.9925,True,0.7576,ALERT,50
kalba,2018-12-18,0,0,,,12,133,0.0000,False,,NODATA,50
kalba,2018-12-19,0,0,,,12,133,0.0000,False,,NODATA,50
kalba,2018-12-20,133,44,5.7654,0.0015,12,133,1.0000,True,0.3308,ALERT,50
kalba,2018-12-21,124,77,4.0702,0.1388,12,133,0.9323,True,0.6210,ALERT,50
kalba,2018-12-22,0,0,,,12,133,0.0000,False,,NODATA,50
kalba,2018-12-23,0,0,,,12,133,0.0000,False,,NODATA,50
kalba,2018-12-24,133,2,2.2060,-0.1212,12,133,1.0000,True,0.0150,QUIET,50
kalba,2018-12-25,130,5,2.6237,-0.1032,12,133,0.9774,True,0.0385,QUIET,50
kalba,2018-12-26,0,0,,,12,133,0.0000,False,,NODATA,50
kalba,2018-12-27,0,0,,,12,133,0.0000,False,,NODATA,50
kalba,2018-12-28,28,2,2.9514,-0.3475,12,133,0.2105,True,0.0714,QUIET,50
kalba,2018-12-29,0,0,,,12,133,0.0000,False,,NODATA,50
kalba,2018-12-30,0,0,,,12,133,0.0000,False,,NODATA,50
kalba,2018-12-31,45,18,3.9970,0.1096,12,133,0.3383,True,0.4000,EXCEED,50
kalba,2019-01-01,126,12,2.5015,0.1030,1,133,0.9474,True,0.0952,QUIET,50
kalba,2019-01-02,0,0,,,1,133,0.0000,False,,NODATA,50
kalba,2019-01-03,0,0,,,1,133,0.0000,False,,NODATA,50
kalba,2019-01-04,29,0,0.3182,-0.4114,1,133,0.2180,True,0.0000,QUIET,50
kalba,2019-01-05,130,0,1.6300,-0.0449,1,133,0.9774,True,0.0000,QUIET,50
kalba,2019-01-06,0,0,,,1,133,0.0000,False,,NODATA,50
kalba,2019-01-07,0,0,,,1,133,0.0000,False,,NODATA,50
kalba,2019-01-08,48,7,2.5725,-0.4190,1,133,0.3609,True,0.1458,QUIET,50
kalba,2019-01-09,132,0,1.9800,-0.0743,1,133,0.9925,True,0.0000,QUIET,50
kalba,2019-01-10,0,0,,,1,133,0.0000,False,,NODATA,50
kalba,2019-01-11,0,0,,,1,133,0.0000,False,,NODATA,50
kalba,2019-01-12,125,0,0.8261,-0.1989,1,133,0.9398,True,0.0000,QUIET,50
kalba,2019-01-13,132,0,1.5990,-0.0863,1,133,0.9925,True,0.0000,QUIET,50
kalba,2019-01-14,0,0,,,1,133,0.0000,False,,NODATA,50
kalba,2019-01-15,0,0,,,1,133,0.0000,False,,NODATA,50
kalba,2019-01-16,132,4,2.3185,0.0535,1,133,0.9925,True,0.0303,QUIET,50
kalba,2019-01-17,91,53,3.5763,0.2228,1,133,0.6842,True,0.5824,EXCEED,50
kalba,2019-01-18,0,0,,,1,133,0.0000,False,,NODATA,50
kalba,2019-01-19,0,0,,,1,133,0.0000,False,,NODATA,50
kalba,2019-01-20,131,0,1.2547,-0.1505,1,133,0.9850,True,0.0000,QUIET,50
kalba,2019-01-21,0,0,,,1,133,0.0000,False,,NODATA,50
kalba,2019-01-22,0,0,,,1,133,0.0000,False,,NODATA,50
kalba,2019-01-23,0,0,,,1,133,0.0000,False,,NODATA,50
kalba,2019-01-24,36,0,0.2329,-0.3518,1,133,0.2707,True,0.0000,QUIET,50
kalba,2019-01-25,0,0,,,1,133,0.0000,False,,NODATA,50
kalba,2019-01-26,0,0,,,1,133,0.0000,False,,NODATA,50
kalba,2019-01-27,22,0,1.1435,-0.1830,1,133,0.1654,True,0.0000,QUIET,50
kalba,2019-01-28,52,0,1.2568,-0.2133,1,133,0.3910,True,0.0000,QUIET,50
kalba,2019-01-29,0,0,,,1,133,0.0000,False,,NODATA,50
kalba,2019-01-30,0,0,,,1,133,0.0000,False,,NODATA,50
kalba,2019-01-31,110,56,3.8786,0.2511,1,133,0.8271,True,0.5091,EXCEED,50
kalba,2019-02-01,119,4,2.2904,0.1886,2,133,0.8947,True,0.0336,QUIET,50
kalba,2019-02-02,0,0,,,2,133,0.0000,False,,NODATA,50
kalba,2019-02-03,0,0,,,2,133,0.0000,False,,NODATA,50
kalba,2019-02-04,56,0,1.0161,-0.1349,2,133,0.4211,True,0.0000,QUIET,50
kalba,2019-02-05,133,1,2.2080,0.1557,2,133,1.0000,True,0.0075,QUIET,50
kalba,2019-02-06,0,0,,,2,133,0.0000,False,,NODATA,50
kalba,2019-02-07,0,0,,,2,133,0.0000,False,,NODATA,50
kalba,2019-02-08,133,4,2.4331,0.0758,2,133,1.0000,True,0.0301,QUIET,50
kalba,2019-02-09,132,0,1.7860,0.0873,2,133,0.9925,True,0.0000,QUIET,50
kalba,2019-02-10,0,0,,,2,133,0.0000,False,,NODATA,50
kalba,2019-02-11,0,0,,,2,133,0.0000,False,,NODATA,50
kalba,2019-02-12,79,1,2.6541,-0.3413,2,133,0.5940,True,0.0127,QUIET,50
kalba,2019-02-13,131,1,2.2007,-0.0477,2,133,0.9850,True,0.0076,QUIET,50
kalba,2019-02-14,0,0,,,2,133,0.0000,False,,NODATA,50
kalba,2019-02-15,0,0,,,2,133,0.0000,False,,NODATA,50
kalba,2019-02-16,40,0,1.9632,0.0706,2,133,0.3008,True,0.0000,QUIET,50
kalba,2019-02-17,11,0,0.2932,-0.1113,2,133,0.0827,False,,NODATA,50
kalba,2019-02-18,0,0,,,2,133,0.0000,False,,NODATA,50
kalba,2019-02-19,0,0,,,2,133,0.0000,False,,NODATA,50
kalba,2019-02-20,132,0,1.0292,-0.1370,2,133,0.9925,True,0.0000,QUIET,50
kalba,2019-02-21,0,0,,,2,133,0.0000,False,,NODATA,50
kalba,2019-02-22,0,0,,,2,133,0.0000,False,,NODATA,50
kalba,2019-02-23,51,17,2.4711,0.4387,2,133,0.3835,True,0.3333,EXCEED,50
kalba,2019-02-24,2,0,-0.8874,-0.0913,2,133,0.0150,False,,NODATA,50
kalba,2019-02-25,0,0,,,2,133,0.0000,False,,NODATA,50
kalba,2019-02-26,0,0,,,2,133,0.0000,False,,NODATA,50
kalba,2019-02-27,65,0,1.3592,-0.0820,2,133,0.4887,True,0.0000,QUIET,50
kalba,2019-02-28,23,0,1.9305,-0.0846,2,133,0.1729,True,0.0000,QUIET,50
kalba,2019-03-01,0,0,,,3,133,0.0000,False,,NODATA,50
kalba,2019-03-02,0,0,,,3,133,0.0000,False,,NODATA,50
kalba,2019-03-03,22,0,1.3635,-0.1552,3,133,0.1654,True,0.0000,QUIET,50
kalba,2019-03-04,132,0,0.6546,-0.1963,3,133,0.9925,True,0.0000,QUIET,50
kalba,2019-03-05,0,0,,,3,133,0.0000,False,,NODATA,50
kalba,2019-03-06,0,0,,,3,133,0.0000,False,,NODATA,50
kalba,2019-03-07,16,0,1.2059,-0.1969,3,133,0.1203,True,0.0000,QUIET,50
kalba,2019-03-08,133,0,1.8596,0.1095,3,133,1.0000,True,0.0000,QUIET,50
kalba,2019-03-09,0,0,,,3,133,0.0000,False,,NODATA,50
kalba,2019-03-10,0,0,,,3,133,0.0000,False,,NODATA,50
kalba,2019-03-11,133,0,0.4930,-0.0890,3,133,1.0000,True,0.0000,QUIET,50
kalba,2019-03-12,132,0,0.6674,0.0431,3,133,0.9925,True,0.0000,QUIET,50
kalba,2019-03-13,0,0,,,3,133,0.0000,False,,NODATA,50
kalba,2019-03-14,0,0,,,3,133,0.0000,False,,NODATA,50
kalba,2019-03-15,0,0,,,3,133,0.0000,False,,NODATA,50
kalba,2019-03-16,70,0,0.9430,-0.2016,3,133,0.5263,True,0.0000,QUIET,50
kalba,2019-03-17,0,0,,,3,133,0.0000,False,,NODATA,50
kalba,2019-03-18,0,0,,,3,133,0.0000,False,,NODATA,50
kalba,2019-03-19,132,3,2.7298,0.0281,3,133,0.9925,True,0.0227,QUIET,50
kalba,2019-03-20,0,0,,,3,133,0.0000,False,,NODATA,50
kalba,2019-03-21,3,0,1.1488,0.7253,3,133,0.0226,False,,NODATA,50
kalba,2019-03-22,4,0,0.9021,0.2056,3,133,0.0301,False,,NODATA,50
kalba,2019-03-23,2,1,2.6043,0.5939,3,133,0.0150,False,,NODATA,50
kalba,2019-03-24,0,0,,,3,133,0.0000,False,,NODATA,50
kalba,2019-03-25,0,0,,,3,133,0.0000,False,,NODATA,50
kalba,2019-03-26,0,0,,,3,133,0.0000,False,,NODATA,50
kalba,2019-03-27,0,0,,,3,133,0.0000,False,,NODATA,50
kalba,2019-03-28,0,0,,,3,133,0.0000,False,,NODATA,50
kalba,2019-03-29,132,11,2.3984,0.4102,3,133,0.9925,True,0.0833,QUIET,50
kalba,2019-03-30,2,0,1.2162,0.6472,3,133,0.0150,False,,NODATA,50
kalba,2019-03-31,0,0,,,3,133,0.0000,False,,NODATA,50
kalba,2019-04-01,0,0,,,4,133,0.0000,False,,NODATA,50
kalba,2019-04-02,93,53,3.3752,0.6426,4,133,0.6992,True,0.5699,EXCEED,50
kalba,2019-04-03,9,5,2.8864,0.5694,4,133,0.0677,False,,NODATA,50
kalba,2019-04-04,107,0,1.3044,0.1220,4,133,0.8045,True,0.0000,QUIET,50
kalba,2019-04-05,0,0,,,4,133,0.0000,False,,NODATA,50
kalba,2019-04-06,0,0,,,4,133,0.0000,False,,NODATA,50
kalba,2019-04-07,0,0,,,4,133,0.0000,False,,NODATA,50
kalba,2019-04-08,0,0,,,4,133,0.0000,False,,NODATA,50
kalba,2019-04-09,0,0,,,4,133,0.0000,False,,NODATA,50
kalba,2019-04-10,0,0,,,4,133,0.0000,False,,NODATA,50
kalba,2019-04-11,81,17,2.7165,0.5164,4,133,0.6090,True,0.2099,QUIET,50
kalba,2019-04-12,0,0,,,4,133,0.0000,False,,NODATA,50
kalba,2019-04-13,1,1,2.9442,0.9035,4,133,0.0075,False,,NODATA,50
kalba,2019-04-14,27,0,1.1888,-0.0630,4,133,0.2030,True,0.0000,QUIET,50
kalba,2019-04-15,133,0,1.5298,0.1852,4,133,1.0000,True,0.0000,QUIET,50
kalba,2019-04-16,0,0,,,4,133,0.0000,False,,NODATA,50
kalba,2019-04-17,22,5,2.9347,0.3694,4,133,0.1654,True,0.2273,QUIET,50
kalba,2019-04-18,127,24,3.6947,0.3415,4,133,0.9549,True,0.1890,QUIET,50
kalba,2019-04-19,124,5,2.2495,0.2492,4,133,0.9323,True,0.0403,QUIET,50
kalba,2019-04-20,0,0,,,4,133,0.0000,False,,NODATA,50
kalba,2019-04-21,130,39,3.0257,0.5078,4,133,0.9774,True,0.3000,EXCEED,50
kalba,2019-04-22,133,4,2.2041,0.1262,4,133,1.0000,True,0.0301,QUIET,50
kalba,2019-04-23,90,2,2.5719,-0.0477,4,133,0.6767,True,0.0222,QUIET,50
kalba,2019-04-24,0,0,,,4,133,0.0000,False,,NODATA,50
kalba,2019-04-25,130,16,3.0800,0.3352,4,133,0.9774,True,0.1231,QUIET,50
kalba,2019-04-26,0,0,,,4,133,0.0000,False,,NODATA,50
kalba,2019-04-27,131,0,0.1756,-0.1702,4,133,0.9850,True,0.0000,QUIET,50
kalba,2019-04-28,0,0,,,4,133,0.0000,False,,NODATA,50
kalba,2019-04-29,133,8,2.3337,0.3021,4,133,1.0000,True,0.0602,QUIET,50
kalba,2019-04-30,0,0,,,4,133,0.0000,False,,NODATA,50
kalba,2019-05-01,132,120,4.1010,0.3318,5,133,0.9925,True,0.9091,EXCEED,50
kalba,2019-05-02,0,0,,,5,133,0.0000,False,,NODATA,50
kalba,2019-05-03,133,78,3.6886,0.1810,5,133,1.0000,True,0.5865,ALERT,50
kalba,2019-05-04,9,7,3.5413,0.6213,5,133,0.0677,False,,NODATA,50
kalba,2019-05-05,46,0,1.0093,-0.2168,5,133,0.3459,True,0.0000,QUIET,50
kalba,2019-05-06,0,0,,,5,133,0.0000,False,,NODATA,50
kalba,2019-05-07,132,33,2.6010,0.0386,5,133,0.9925,True,0.2500,ALERT,50
kalba,2019-05-08,131,1,2.0733,-0.0141,5,133,0.9850,True,0.0076,QUIET,50
kalba,2019-05-09,131,0,1.9766,-0.0350,5,133,0.9850,True,0.0000,QUIET,50
kalba,2019-05-10,0,0,,,5,133,0.0000,False,,NODATA,50
kalba,2019-05-11,132,2,2.0976,-0.1491,5,133,0.9925,True,0.0152,QUIET,50
kalba,2019-05-12,121,12,3.0959,-0.2712,5,133,0.9098,True,0.0992,QUIET,50
kalba,2019-05-13,0,0,,,5,133,0.0000,False,,NODATA,50
kalba,2019-05-14,1,1,3.1413,0.8661,5,133,0.0075,False,,NODATA,50
kalba,2019-05-15,133,0,1.8716,-0.1855,5,133,1.0000,True,0.0000,QUIET,50
kalba,2019-05-16,132,0,1.2971,-0.2470,5,133,0.9925,True,0.0000,QUIET,50
kalba,2019-05-17,0,0,,,5,133,0.0000,False,,NODATA,50
kalba,2019-05-18,0,0,,,5,133,0.0000,False,,NODATA,50
kalba,2019-05-19,38,0,0.3531,-0.3465,5,133,0.2857,True,0.0000,QUIET,50
kalba,2019-05-20,76,0,0.4817,-0.3663,5,133,0.5714,True,0.0000,QUIET,50
kalba,2019-05-21,0,0,,,5,133,0.0000,False,,NODATA,50
kalba,2019-05-22,127,2,3.2561,-0.3835,5,133,0.9549,True,0.0157,QUIET,50
kalba,2019-05-23,0,0,,,5,133,0.0000,False,,NODATA,50
kalba,2019-05-24,131,0,1.4206,-0.3723,5,133,0.9850,True,0.0000,QUIET,50
kalba,2019-05-25,0,0,,,5,133,0.0000,False,,NODATA,50
kalba,2019-05-26,132,0,1.6987,-0.3789,5,133,0.9925,True,0.0000,QUIET,50
kalba,2019-05-27,0,0,,,5,133,0.0000,False,,NODATA,50
kalba,2019-05-28,124,0,1.4984,-0.3766,5,133,0.9323,True,0.0000,QUIET,50
kalba,2019-05-29,0,0,,,5,133,0.0000,False,,NODATA,50
kalba,2019-05-30,0,0,,,5,133,0.0000,False,,NODATA,50
kalba,2019-05-31,26,0,0.6503,-0.3749,5,133,0.1955,True,0.0000,QUIET,50
kalba,2019-06-01,125,2,2.2440,-0.4793,6,133,0.9398,True,0.0160,QUIET,50
kalba,2019-06-02,0,0,,,6,133,0.0000,False,,NODATA,50
kalba,2019-06-03,133,0,1.3256,-0.5506,6,133,1.0000,True,0.0000,QUIET,50
kalba,2019-06-04,131,1,2.2958,-0.4625,6,133,0.9850,True,0.0076,QUIET,50
kalba,2019-06-05,125,3,2.4028,-0.4469,6,133,0.9398,True,0.0240,QUIET,50
kalba,2019-06-06,0,0,,,6,133,0.0000,False,,NODATA,50
kalba,2019-06-07,132,1,2.4742,-0.5058,6,133,0.9925,True,0.0076,QUIET,50
kalba,2019-06-08,132,0,0.9999,-0.5017,6,133,0.9925,True,0.0000,QUIET,50
kalba,2019-06-09,0,0,,,6,133,0.0000,False,,NODATA,50
kalba,2019-06-10,7,5,3.1706,0.7664,6,133,0.0526,False,,NODATA,50
kalba,2019-06-11,128,28,3.9872,-0.3552,6,133,0.9624,True,0.2188,QUIET,50
kalba,2019-06-12,129,0,1.9770,-0.4630,6,133,0.9699,True,0.0000,QUIET,50
kalba,2019-06-13,0,0,,,6,133,0.0000,False,,NODATA,50
kalba,2019-06-14,94,0,0.9257,-0.3624,6,133,0.7068,True,0.0000,QUIET,50
kalba,2019-06-15,133,0,1.8228,-0.4447,6,133,1.0000,True,0.0000,QUIET,50
kalba,2019-06-16,0,0,,,6,133,0.0000,False,,NODATA,50
kalba,2019-06-17,0,0,,,6,133,0.0000,False,,NODATA,50
kalba,2019-06-18,130,1,3.2969,-0.5152,6,133,0.9774,True,0.0077,QUIET,50
kalba,2019-06-19,0,0,,,6,133,0.0000,False,,NODATA,50
kalba,2019-06-20,3,0,0.6732,-0.1874,6,133,0.0226,False,,NODATA,50
kalba,2019-06-21,0,0,,,6,133,0.0000,False,,NODATA,50
kalba,2019-06-22,30,1,2.6398,-0.6200,6,133,0.2256,True,0.0333,QUIET,50
kalba,2019-06-23,0,0,,,6,133,0.0000,False,,NODATA,50
kalba,2019-06-24,50,2,2.7919,-0.4378,6,133,0.3759,True,0.0400,QUIET,50
kalba,2019-06-25,0,0,,,6,133,0.0000,False,,NODATA,50
kalba,2019-06-26,120,5,2.3816,-0.2880,6,133,0.9023,True,0.0417,QUIET,50
kalba,2019-06-27,67,1,2.1772,-0.1666,6,133,0.5038,True,0.0149,QUIET,50
kalba,2019-06-28,98,7,3.3785,-0.5552,6,133,0.7368,True,0.0714,QUIET,50
kalba,2019-06-29,0,0,,,6,133,0.0000,False,,NODATA,50
kalba,2019-06-30,133,0,0.9194,-0.4830,6,133,1.0000,True,0.0000,QUIET,50
kalba,2019-07-01,131,0,0.0577,-0.4936,7,132,0.9924,True,0.0000,QUIET,50
kalba,2019-07-02,123,0,1.1174,-0.4569,7,132,0.9318,True,0.0000,QUIET,50
kalba,2019-07-03,0,0,,,7,132,0.0000,False,,NODATA,50
kalba,2019-07-04,15,1,2.3265,-0.0917,7,132,0.1136,True,0.0667,QUIET,50
kalba,2019-07-05,122,0,1.9054,-0.3312,7,132,0.9242,True,0.0000,QUIET,50
kalba,2019-07-06,0,0,,,7,132,0.0000,False,,NODATA,50
kalba,2019-07-07,39,3,3.2358,-0.4704,7,132,0.2955,True,0.0769,QUIET,50
kalba,2019-07-08,87,0,0.7634,-0.3169,7,132,0.6591,True,0.0000,QUIET,50
kalba,2019-07-09,93,0,1.0750,-0.3753,7,132,0.7045,True,0.0000,QUIET,50
kalba,2019-07-10,0,0,,,7,132,0.0000,False,,NODATA,50
kalba,2019-07-11,131,0,0.5662,-0.3900,7,132,0.9924,True,0.0000,QUIET,50
kalba,2019-07-12,124,0,1.4742,-0.4312,7,132,0.9394,True,0.0000,QUIET,50
kalba,2019-07-13,59,9,3.5880,-0.0581,7,132,0.4470,True,0.1525,QUIET,50
kalba,2019-07-14,0,0,,,7,132,0.0000,False,,NODATA,50
kalba,2019-07-15,121,2,2.1687,-0.4467,7,132,0.9167,True,0.0165,QUIET,50
kalba,2019-07-16,0,0,,,7,132,0.0000,False,,NODATA,50
kalba,2019-07-17,12,0,1.6877,-0.1451,7,132,0.0909,False,,NODATA,50
kalba,2019-07-18,0,0,,,7,132,0.0000,False,,NODATA,50
kalba,2019-07-19,14,0,1.8279,-0.4667,7,132,0.1061,True,0.0000,QUIET,50
kalba,2019-07-20,0,0,,,7,132,0.0000,False,,NODATA,50
kalba,2019-07-21,55,0,1.7181,-0.4532,7,132,0.4167,True,0.0000,QUIET,50
kalba,2019-07-22,0,0,,,7,132,0.0000,False,,NODATA,50
kalba,2019-07-23,0,0,,,7,132,0.0000,False,,NODATA,50
kalba,2019-07-24,80,29,3.8939,-0.1788,7,132,0.6061,True,0.3625,EXCEED,50
kalba,2019-07-25,0,0,,,7,132,0.0000,False,,NODATA,50
kalba,2019-07-26,0,0,,,7,132,0.0000,False,,NODATA,50
kalba,2019-07-27,131,3,2.1540,-0.1976,7,132,0.9924,True,0.0229,QUIET,50
kalba,2019-07-28,65,44,4.1609,0.4039,7,132,0.4924,True,0.6769,ALERT,50
kalba,2019-07-29,0,0,,,7,132,0.0000,False,,NODATA,50
kalba,2019-07-30,0,0,,,7,132,0.0000,False,,NODATA,50
kalba,2019-07-31,0,0,,,7,132,0.0000,False,,NODATA,50
kalba,2019-08-01,124,0,1.9950,-0.2232,8,133,0.9323,True,0.0000,QUIET,50
kalba,2019-08-02,0,0,,,8,133,0.0000,False,,NODATA,50
kalba,2019-08-03,0,0,,,8,133,0.0000,False,,NODATA,50
kalba,2019-08-04,0,0,,,8,133,0.0000,False,,NODATA,50
kalba,2019-08-05,0,0,,,8,133,0.0000,False,,NODATA,50
kalba,2019-08-06,0,0,,,8,133,0.0000,False,,NODATA,50
kalba,2019-08-07,132,0,1.1535,-0.3096,8,133,0.9925,True,0.0000,QUIET,50
kalba,2019-08-08,0,0,,,8,133,0.0000,False,,NODATA,50
kalba,2019-08-09,0,0,,,8,133,0.0000,False,,NODATA,50
kalba,2019-08-10,0,0,,,8,133,0.0000,False,,NODATA,50
kalba,2019-08-11,1,0,-1.3179,-0.4379,8,133,0.0075,False,,NODATA,50
kalba,2019-08-12,0,0,,,8,133,0.0000,False,,NODATA,50
kalba,2019-08-13,0,0,,,8,133,0.0000,False,,NODATA,50
kalba,2019-08-14,0,0,,,8,133,0.0000,False,,NODATA,50
kalba,2019-08-15,29,0,-0.7586,-0.3690,8,133,0.2180,True,0.0000,QUIET,50
kalba,2019-08-16,2,0,1.2191,0.6612,8,133,0.0150,False,,NODATA,50
kalba,2019-08-17,127,0,1.7483,-0.3475,8,133,0.9549,True,0.0000,QUIET,50
kalba,2019-08-18,0,0,,,8,133,0.0000,False,,NODATA,50
kalba,2019-08-19,100,0,1.1430,-0.2455,8,133,0.7519,True,0.0000,QUIET,50
kalba,2019-08-20,0,0,,,8,133,0.0000,False,,NODATA,50
kalba,2019-08-21,53,0,1.3862,-0.2047,8,133,0.3985,True,0.0000,QUIET,50
kalba,2019-08-22,0,0,,,8,133,0.0000,False,,NODATA,50
kalba,2019-08-23,111,0,0.8249,-0.3614,8,133,0.8346,True,0.0000,QUIET,50
kalba,2019-08-24,118,0,0.8837,-0.3196,8,133,0.8872,True,0.0000,QUIET,50
kalba,2019-08-25,118,0,1.2260,-0.2833,8,133,0.8872,True,0.0000,QUIET,50
kalba,2019-08-26,5,1,2.3849,0.7276,8,133,0.0376,False,,NODATA,50
kalba,2019-08-27,131,0,0.6498,-0.3205,8,133,0.9850,True,0.0000,QUIET,50
kalba,2019-08-28,132,0,0.7975,-0.3195,8,133,0.9925,True,0.0000,QUIET,50
kalba,2019-08-29,0,0,,,8,133,0.0000,False,,NODATA,50
kalba,2019-08-30,78,0,-0.0090,-0.3251,8,133,0.5865,True,0.0000,QUIET,50
kalba,2019-08-31,104,0,0.1424,-0.3335,8,133,0.7820,True,0.0000,QUIET,50
kalba,2019-09-01,129,0,1.8387,-0.4075,9,133,0.9699,True,0.0000,QUIET,50
kalba,2019-09-02,0,0,,,9,133,0.0000,False,,NODATA,50
kalba,2019-09-03,133,0,1.8289,-0.3794,9,133,1.0000,True,0.0000,QUIET,50
kalba,2019-09-04,131,0,1.6812,-0.3726,9,133,0.9850,True,0.0000,QUIET,50
kalba,2019-09-05,0,0,,,9,133,0.0000,False,,NODATA,50
kalba,2019-09-06,0,0,,,9,133,0.0000,False,,NODATA,50
kalba,2019-09-07,0,0,,,9,133,0.0000,False,,NODATA,50
kalba,2019-09-08,0,0,,,9,133,0.0000,False,,NODATA,50
kalba,2019-09-09,93,0,0.6201,-0.4555,9,133,0.6992,True,0.0000,QUIET,50
kalba,2019-09-10,0,0,,,9,133,0.0000,False,,NODATA,50
kalba,2019-09-11,131,0,1.0954,-0.3988,9,133,0.9850,True,0.0000,QUIET,50
kalba,2019-09-12,128,0,1.8000,-0.3656,9,133,0.9624,True,0.0000,QUIET,50
kalba,2019-09-13,124,3,3.1253,-0.3530,9,133,0.9323,True,0.0242,QUIET,50
kalba,2019-09-14,0,0,,,9,133,0.0000,False,,NODATA,50
kalba,2019-09-15,132,1,2.0970,-0.3701,9,133,0.9925,True,0.0076,QUIET,50
kalba,2019-09-16,11,0,0.0217,-0.5131,9,133,0.0827,False,,NODATA,50
kalba,2019-09-17,58,0,1.1246,-0.4919,9,133,0.4361,True,0.0000,QUIET,50
kalba,2019-09-18,0,0,,,9,133,0.0000,False,,NODATA,50
kalba,2019-09-19,133,0,1.4819,-0.4364,9,133,1.0000,True,0.0000,QUIET,50
kalba,2019-09-20,132,5,2.8810,-0.3936,9,133,0.9925,True,0.0379,QUIET,50
kalba,2019-09-21,0,0,,,9,133,0.0000,False,,NODATA,50
kalba,2019-09-22,40,9,2.9453,-0.0227,9,133,0.3008,True,0.2250,QUIET,50
kalba,2019-09-23,131,3,2.2383,-0.3732,9,133,0.9850,True,0.0229,QUIET,50
kalba,2019-09-24,0,0,,,9,133,0.0000,False,,NODATA,50
kalba,2019-09-25,0,0,,,9,133,0.0000,False,,NODATA,50
kalba,2019-09-26,132,4,3.1255,-0.3879,9,133,0.9925,True,0.0303,QUIET,50
kalba,2019-09-27,131,4,3.8392,-0.3609,9,133,0.9850,True,0.0305,QUIET,50
kalba,2019-09-28,131,11,3.6004,-0.3343,9,133,0.9850,True,0.0840,QUIET,50
kalba,2019-09-29,0,0,,,9,133,0.0000,False,,NODATA,50
kalba,2019-09-30,133,10,3.3216,-0.3789,9,133,1.0000,True,0.0752,QUIET,50
kalba,2019-10-01,78,0,1.2544,-0.4188,10,133,0.5865,True,0.0000,QUIET,50
kalba,2019-10-02,124,3,3.0585,-0.4411,10,133,0.9323,True,0.0242,QUIET,50
kalba,2019-10-03,0,0,,,10,133,0.0000,False,,NODATA,50
kalba,2019-10-04,105,0,1.6517,-0.4561,10,133,0.7895,True,0.0000,QUIET,50
kalba,2019-10-05,111,5,3.5420,-0.3355,10,133,0.8346,True,0.0450,QUIET,50
kalba,2019-10-06,0,0,,,10,133,0.0000,False,,NODATA,50
kalba,2019-10-07,0,0,,,10,133,0.0000,False,,NODATA,50
kalba,2019-10-08,131,2,2.1142,-0.4160,10,133,0.9850,True,0.0153,QUIET,50
kalba,2019-10-09,132,11,3.2432,-0.3474,10,133,0.9925,True,0.0833,QUIET,50
kalba,2019-10-10,131,15,3.3865,-0.3078,10,133,0.9850,True,0.1145,QUIET,50
kalba,2019-10-11,2,0,-0.3387,-0.4862,10,133,0.0150,False,,NODATA,50
kalba,2019-10-12,0,0,,,10,133,0.0000,False,,NODATA,50
kalba,2019-10-13,129,0,1.6411,-0.4039,10,133,0.9699,True,0.0000,QUIET,50
kalba,2019-10-14,128,0,1.2121,-0.4009,10,133,0.9624,True,0.0000,QUIET,50
kalba,2019-10-15,75,1,2.1499,-0.4458,10,133,0.5639,True,0.0133,QUIET,50
kalba,2019-10-16,132,0,0.4808,-0.4492,10,133,0.9925,True,0.0000,QUIET,50
kalba,2019-10-17,132,0,0.9937,-0.4948,10,133,0.9925,True,0.0000,QUIET,50
kalba,2019-10-18,127,1,2.7359,-0.4215,10,133,0.9549,True,0.0079,QUIET,50
kalba,2019-10-19,132,0,1.3942,-0.4549,10,133,0.9925,True,0.0000,QUIET,50
kalba,2019-10-20,132,0,0.8760,-0.4921,10,133,0.9925,True,0.0000,QUIET,50
kalba,2019-10-21,128,0,0.5050,-0.4849,10,133,0.9624,True,0.0000,QUIET,50
kalba,2019-10-22,0,0,,,10,133,0.0000,False,,NODATA,50
kalba,2019-10-23,132,0,0.2246,-0.4740,10,133,0.9925,True,0.0000,QUIET,50
kalba,2019-10-24,132,0,0.0747,-0.5166,10,133,0.9925,True,0.0000,QUIET,50
kalba,2019-10-25,131,0,0.7640,-0.4934,10,133,0.9850,True,0.0000,QUIET,50
kalba,2019-10-26,0,0,,,10,133,0.0000,False,,NODATA,50
kalba,2019-10-27,133,0,0.1929,-0.5130,10,133,1.0000,True,0.0000,QUIET,50
kalba,2019-10-28,133,0,-0.1334,-0.4945,10,133,1.0000,True,0.0000,QUIET,50
kalba,2019-10-29,132,0,0.6570,-0.4633,10,133,0.9925,True,0.0000,QUIET,50
kalba,2019-10-30,0,0,,,10,133,0.0000,False,,NODATA,50
kalba,2019-10-31,126,3,2.8312,-0.3976,10,133,0.9474,True,0.0238,QUIET,50
kalba,2019-11-01,133,0,1.9306,-0.4443,11,133,1.0000,True,0.0000,QUIET,50
kalba,2019-11-02,133,0,1.1977,-0.4127,11,133,1.0000,True,0.0000,QUIET,50
kalba,2019-11-03,0,0,,,11,133,0.0000,False,,NODATA,50
kalba,2019-11-04,118,0,0.7980,-0.5167,11,133,0.8872,True,0.0000,QUIET,50
kalba,2019-11-05,133,0,0.3515,-0.3987,11,133,1.0000,True,0.0000,QUIET,50
kalba,2019-11-06,132,0,0.9980,-0.3524,11,133,0.9925,True,0.0000,QUIET,50
kalba,2019-11-07,76,0,1.2438,-0.3849,11,133,0.5714,True,0.0000,QUIET,50
kalba,2019-11-08,132,0,1.0926,-0.3321,11,133,0.9925,True,0.0000,QUIET,50
kalba,2019-11-09,30,0,0.8454,-0.3029,11,133,0.2256,True,0.0000,QUIET,50
kalba,2019-11-10,95,0,0.6742,-0.3357,11,133,0.7143,True,0.0000,QUIET,50
kalba,2019-11-11,56,0,1.8063,-0.2765,11,133,0.4211,True,0.0000,QUIET,50
kalba,2019-11-12,133,0,1.5317,-0.2081,11,133,1.0000,True,0.0000,QUIET,50
kalba,2019-11-13,133,0,1.3806,-0.1684,11,133,1.0000,True,0.0000,QUIET,50
kalba,2019-11-14,132,10,2.7207,-0.0006,11,133,0.9925,True,0.0758,QUIET,50
kalba,2019-11-15,133,0,1.2332,-0.2538,11,133,1.0000,True,0.0000,QUIET,50
kalba,2019-11-16,133,0,0.8031,-0.2483,11,133,1.0000,True,0.0000,QUIET,50
kalba,2019-11-17,64,0,0.5475,-0.3980,11,133,0.4812,True,0.0000,QUIET,50
kalba,2019-11-18,0,0,,,11,133,0.0000,False,,NODATA,50
kalba,2019-11-19,132,0,0.8355,-0.2556,11,133,0.9925,True,0.0000,QUIET,50
kalba,2019-11-20,30,0,-0.6304,-0.4449,11,133,0.2256,True,0.0000,QUIET,50
kalba,2019-11-21,3,0,0.3335,-0.2854,11,133,0.0226,False,,NODATA,50
kalba,2019-11-22,0,0,,,11,133,0.0000,False,,NODATA,50
kalba,2019-11-23,132,0,0.3550,-0.2870,11,133,0.9925,True,0.0000,QUIET,50
kalba,2019-11-24,98,0,0.1253,-0.3759,11,133,0.7368,True,0.0000,QUIET,50
kalba,2019-11-25,0,0,,,11,133,0.0000,False,,NODATA,50
kalba,2019-11-26,0,0,,,11,133,0.0000,False,,NODATA,50
kalba,2019-11-27,133,0,1.3063,-0.1635,11,133,1.0000,True,0.0000,QUIET,50
kalba,2019-11-28,133,0,1.8719,-0.1538,11,133,1.0000,True,0.0000,QUIET,50
kalba,2019-11-29,128,6,2.3501,-0.0481,11,133,0.9624,True,0.0469,QUIET,50
kalba,2019-11-30,0,0,,,11,133,0.0000,False,,NODATA,50
kalba,2019-12-01,122,3,2.3331,-0.1924,12,133,0.9173,True,0.0246,QUIET,50
kalba,2019-12-02,0,0,,,12,133,0.0000,False,,NODATA,50
kalba,2019-12-03,56,2,2.4524,-0.1414,12,133,0.4211,True,0.0357,QUIET,50
kalba,2019-12-04,133,2,2.2597,-0.1031,12,133,1.0000,True,0.0150,QUIET,50
kalba,2019-12-05,131,0,1.9616,-0.2248,12,133,0.9850,True,0.0000,QUIET,50
kalba,2019-12-06,32,0,0.8410,-0.2705,12,133,0.2406,True,0.0000,QUIET,50
kalba,2019-12-07,100,0,1.8501,-0.2238,12,133,0.7519,True,0.0000,QUIET,50
kalba,2019-12-08,29,0,-0.0047,-0.2992,12,133,0.2180,True,0.0000,QUIET,50
kalba,2019-12-09,130,0,1.5755,-0.3013,12,133,0.9774,True,0.0000,QUIET,50
kalba,2019-12-10,10,0,-0.8409,-0.3961,12,133,0.0752,False,,NODATA,50
kalba,2019-12-11,0,0,,,12,133,0.0000,False,,NODATA,50
kalba,2019-12-12,128,0,-0.1703,-0.3310,12,133,0.9624,True,0.0000,QUIET,50
kalba,2019-12-13,0,0,,,12,133,0.0000,False,,NODATA,50
kalba,2019-12-14,131,0,0.9904,-0.2545,12,133,0.9850,True,0.0000,QUIET,50
kalba,2019-12-15,0,0,,,12,133,0.0000,False,,NODATA,50
kalba,2019-12-16,33,0,0.1111,-0.3699,12,133,0.2481,True,0.0000,QUIET,50
kalba,2019-12-17,39,0,0.2672,-0.3053,12,133,0.2932,True,0.0000,QUIET,50
kalba,2019-12-18,75,1,2.1965,-0.3445,12,133,0.5639,True,0.0133,QUIET,50
kalba,2019-12-19,0,0,,,12,133,0.0000,False,,NODATA,50
kalba,2019-12-20,124,0,0.7216,-0.3306,12,133,0.9323,True,0.0000,QUIET,50
kalba,2019-12-21,133,0,0.5935,-0.3036,12,133,1.0000,True,0.0000,QUIET,50
kalba,2019-12-22,133,0,0.8913,-0.2140,12,133,1.0000,True,0.0000,QUIET,50
kalba,2019-12-23,0,0,,,12,133,0.0000,False,,NODATA,50
kalba,2019-12-24,133,0,0.4096,-0.2722,12,133,1.0000,True,0.0000,QUIET,50
kalba,2019-12-25,133,0,0.5686,-0.2539,12,133,1.0000,True,0.0000,QUIET,50
kalba,2019-12-26,133,0,1.4589,-0.1588,12,133,1.0000,True,0.0000,QUIET,50
kalba,2019-12-27,0,0,,,12,133,0.0000,False,,NODATA,50
kalba,2019-12-28,133,0,-0.1668,-0.3240,12,133,1.0000,True,0.0000,QUIET,50
kalba,2019-12-29,133,0,0.2926,-0.2765,12,133,1.0000,True,0.0000,QUIET,50
kalba,2019-12-30,132,0,0.6336,-0.2856,12,133,0.9925,True,0.0000,QUIET,50
kalba,2019-12-31,132,0,0.4294,-0.3478,12,133,0.9925,True,0.0000,QUIET,50
kalba,2020-01-01,131,0,-0.1871,-0.3120,1,133,0.9850,True,0.0000,QUIET,50
kalba,2020-01-02,133,0,0.6506,-0.3334,1,133,1.0000,True,0.0000,QUIET,50
kalba,2020-01-03,35,0,1.2183,-0.0897,1,133,0.2632,True,0.0000,QUIET,50
kalba,2020-01-04,132,0,1.0164,-0.1328,1,133,0.9925,True,0.0000,QUIET,50
kalba,2020-01-05,0,0,,,1,133,0.0000,False,,NODATA,50
kalba,2020-01-06,14,0,-1.0095,-0.3964,1,133,0.1053,True,0.0000,QUIET,50
kalba,2020-01-07,120,0,0.4675,-0.2132,1,133,0.9023,True,0.0000,QUIET,50
kalba,2020-01-08,133,0,0.1316,-0.3106,1,133,1.0000,True,0.0000,QUIET,50
kalba,2020-01-09,88,0,1.0425,-0.2358,1,133,0.6617,True,0.0000,QUIET,50
kalba,2020-01-10,0,0,,,1,133,0.0000,False,,NODATA,50
kalba,2020-01-11,0,0,,,1,133,0.0000,False,,NODATA,50
kalba,2020-01-12,78,0,0.7302,-0.3807,1,133,0.5865,True,0.0000,QUIET,50
kalba,2020-01-13,133,0,0.2666,-0.3283,1,133,1.0000,True,0.0000,QUIET,50
kalba,2020-01-14,108,0,-0.0590,-0.3656,1,133,0.8120,True,0.0000,QUIET,50
kalba,2020-01-15,0,0,,,1,133,0.0000,False,,NODATA,50
kalba,2020-01-16,127,0,0.7066,-0.1534,1,133,0.9549,True,0.0000,QUIET,50
kalba,2020-01-17,125,0,1.0200,-0.1359,1,133,0.9398,True,0.0000,QUIET,50
kalba,2020-01-18,133,0,1.7075,-0.0425,1,133,1.0000,True,0.0000,QUIET,50
kalba,2020-01-19,0,0,,,1,133,0.0000,False,,NODATA,50
kalba,2020-01-20,124,0,1.4839,-0.1267,1,133,0.9323,True,0.0000,QUIET,50
kalba,2020-01-21,133,0,1.5544,-0.2567,1,133,1.0000,True,0.0000,QUIET,50
kalba,2020-01-22,129,0,0.9395,-0.2254,1,133,0.9699,True,0.0000,QUIET,50
kalba,2020-01-23,0,0,,,1,133,0.0000,False,,NODATA,50
kalba,2020-01-24,67,0,1.9903,-0.2944,1,133,0.5038,True,0.0000,QUIET,50
kalba,2020-01-25,132,9,2.7880,-0.1919,1,133,0.9925,True,0.0682,QUIET,50
kalba,2020-01-26,114,7,2.8027,-0.0393,1,133,0.8571,True,0.0614,QUIET,50
kalba,2020-01-27,132,0,1.4199,-0.2713,1,133,0.9925,True,0.0000,QUIET,50
kalba,2020-01-28,125,0,1.5362,-0.2250,1,133,0.9398,True,0.0000,QUIET,50
kalba,2020-01-29,133,0,1.6753,-0.1084,1,133,1.0000,True,0.0000,QUIET,50
kalba,2020-01-30,130,20,2.8959,0.0854,1,133,0.9774,True,0.1538,QUIET,50
kalba,2020-01-31,133,3,2.7327,-0.0541,1,133,1.0000,True,0.0226,QUIET,50
kalba,2020-02-01,85,0,1.4027,-0.1307,2,133,0.6391,True,0.0000,QUIET,50
kalba,2020-02-02,51,0,0.5763,-0.1953,2,133,0.3835,True,0.0000,QUIET,50
kalba,2020-02-03,103,0,1.2822,-0.0636,2,133,0.7744,True,0.0000,QUIET,50
kalba,2020-02-04,132,0,0.0635,-0.2802,2,133,0.9925,True,0.0000,QUIET,50
kalba,2020-02-05,132,0,0.2599,-0.2268,2,133,0.9925,True,0.0000,QUIET,50
kalba,2020-02-06,132,0,0.7077,-0.1546,2,133,0.9925,True,0.0000,QUIET,50
kalba,2020-02-07,0,0,,,2,133,0.0000,False,,NODATA,50
kalba,2020-02-08,120,0,0.6426,-0.1677,2,133,0.9023,True,0.0000,QUIET,50
kalba,2020-02-09,88,0,1.2113,-0.0974,2,133,0.6617,True,0.0000,QUIET,50
kalba,2020-02-10,38,0,0.8793,-0.0310,2,133,0.2857,True,0.0000,QUIET,50
kalba,2020-02-11,0,0,,,2,133,0.0000,False,,NODATA,50
kalba,2020-02-12,87,0,0.3571,-0.2750,2,133,0.6541,True,0.0000,QUIET,50
kalba,2020-02-13,133,0,0.2727,-0.3489,2,133,1.0000,True,0.0000,QUIET,50
kalba,2020-02-14,133,0,1.0529,-0.2056,2,133,1.0000,True,0.0000,QUIET,50
kalba,2020-02-15,0,0,,,2,133,0.0000,False,,NODATA,50
kalba,2020-02-16,132,0,0.7139,-0.2149,2,133,0.9925,True,0.0000,QUIET,50
kalba,2020-02-17,32,1,2.5014,-0.3294,2,133,0.2406,True,0.0312,QUIET,50
kalba,2020-02-18,102,0,0.7132,-0.1607,2,133,0.7669,True,0.0000,QUIET,50
kalba,2020-02-19,0,0,,,2,133,0.0000,False,,NODATA,50
kalba,2020-02-20,51,0,0.5437,-0.3698,2,133,0.3835,True,0.0000,QUIET,50
kalba,2020-02-21,107,5,3.0089,-0.0165,2,133,0.8045,True,0.0467,QUIET,50
kalba,2020-02-22,18,5,2.5272,0.4486,2,133,0.1353,True,0.2778,EXCEED,50
kalba,2020-02-23,122,2,2.1254,0.1188,2,133,0.9173,True,0.0164,QUIET,50
kalba,2020-02-24,118,6,2.4986,0.1284,2,133,0.8872,True,0.0508,QUIET,50
kalba,2020-02-25,132,39,3.4021,0.3883,2,133,0.9925,True,0.2955,ALERT,50
kalba,2020-02-26,133,35,3.1987,0.3539,2,133,1.0000,True,0.2632,ALERT,50
kalba,2020-02-27,13,9,2.8163,0.6881,2,133,0.0977,False,,NODATA,50
kalba,2020-02-28,124,24,3.1280,0.2425,2,133,0.9323,True,0.1935,QUIET,50
kalba,2020-02-29,131,2,2.4944,0.2146,2,133,0.9850,True,0.0153,QUIET,50
kalba,2020-03-01,0,0,,,3,133,0.0000,False,,NODATA,50
kalba,2020-03-02,68,0,1.8593,0.4965,3,133,0.5113,True,0.0000,QUIET,50
kalba,2020-03-03,129,35,2.6741,0.6646,3,133,0.9699,True,0.2713,ALERT,50
kalba,2020-03-04,133,0,0.9819,-0.0641,3,133,1.0000,True,0.0000,QUIET,50
kalba,2020-03-05,0,0,,,3,133,0.0000,False,,NODATA,50
kalba,2020-03-06,132,0,0.4789,-0.2841,3,133,0.9925,True,0.0000,QUIET,50
kalba,2020-03-07,132,0,0.6450,-0.2137,3,133,0.9925,True,0.0000,QUIET,50
kalba,2020-03-08,132,0,0.9949,0.1427,3,133,0.9925,True,0.0000,QUIET,50
kalba,2020-03-09,0,0,,,3,133,0.0000,False,,NODATA,50
kalba,2020-03-10,126,8,2.3124,0.4923,3,133,0.9474,True,0.0635,QUIET,50
kalba,2020-03-11,131,11,2.3616,0.4814,3,133,0.9850,True,0.0840,QUIET,50
kalba,2020-03-12,132,3,2.2317,0.4045,3,133,0.9925,True,0.0227,QUIET,50
kalba,2020-03-13,0,0,,,3,133,0.0000,False,,NODATA,50
kalba,2020-03-14,0,0,,,3,133,0.0000,False,,NODATA,50
kalba,2020-03-15,67,8,2.8580,0.4700,3,133,0.5038,True,0.1194,QUIET,50
kalba,2020-03-16,8,0,-1.2198,-0.3275,3,133,0.0602,False,,NODATA,50
kalba,2020-03-17,0,0,,,3,133,0.0000,False,,NODATA,50
kalba,2020-03-18,121,0,1.7562,0.2162,3,133,0.9098,True,0.0000,QUIET,50
kalba,2020-03-19,0,0,,,3,133,0.0000,False,,NODATA,50
kalba,2020-03-20,122,0,1.4768,-0.0190,3,133,0.9173,True,0.0000,QUIET,50
kalba,2020-03-21,0,0,,,3,133,0.0000,False,,NODATA,50
kalba,2020-03-22,2,0,-0.0044,0.0921,3,133,0.0150,False,,NODATA,50
kalba,2020-03-23,12,0,1.4732,0.1992,3,133,0.0902,False,,NODATA,50
kalba,2020-03-24,118,0,0.8487,-0.0215,3,133,0.8872,True,0.0000,QUIET,50
kalba,2020-03-25,2,0,1.2678,0.6795,3,133,0.0150,False,,NODATA,50
kalba,2020-03-26,132,0,1.3505,0.0057,3,133,0.9925,True,0.0000,QUIET,50
kalba,2020-03-27,110,0,0.4466,-0.0359,3,133,0.8271,True,0.0000,QUIET,50
kalba,2020-03-28,0,0,,,3,133,0.0000,False,,NODATA,50
kalba,2020-03-29,0,0,,,3,133,0.0000,False,,NODATA,50
kalba,2020-03-30,0,0,,,3,133,0.0000,False,,NODATA,50
kalba,2020-03-31,133,0,1.6728,0.1587,3,133,1.0000,True,0.0000,QUIET,50
kalba,2020-04-01,0,0,,,4,133,0.0000,False,,NODATA,50
kalba,2020-04-02,70,24,3.3554,0.5069,4,133,0.5263,True,0.3429,EXCEED,50
kalba,2020-04-03,0,0,,,4,133,0.0000,False,,NODATA,50
kalba,2020-04-04,131,0,0.8475,-0.1239,4,133,0.9850,True,0.0000,QUIET,50
kalba,2020-04-05,0,0,,,4,133,0.0000,False,,NODATA,50
kalba,2020-04-06,92,8,2.9976,0.1282,4,133,0.6917,True,0.0870,QUIET,50
kalba,2020-04-07,131,0,1.5736,0.1298,4,133,0.9850,True,0.0000,QUIET,50
kalba,2020-04-08,132,0,1.4995,0.0943,4,133,0.9925,True,0.0000,QUIET,50
kalba,2020-04-09,0,0,,,4,133,0.0000,False,,NODATA,50
kalba,2020-04-10,133,9,2.9483,0.1550,4,133,1.0000,True,0.0677,QUIET,50
kalba,2020-04-11,0,0,,,4,133,0.0000,False,,NODATA,50
kalba,2020-04-12,63,0,1.2715,-0.1909,4,133,0.4737,True,0.0000,QUIET,50
kalba,2020-04-13,0,0,,,4,133,0.0000,False,,NODATA,50
kalba,2020-04-14,132,5,2.3917,0.0848,4,133,0.9925,True,0.0379,QUIET,50
kalba,2020-04-15,0,0,,,4,133,0.0000,False,,NODATA,50
kalba,2020-04-16,0,0,,,4,133,0.0000,False,,NODATA,50
kalba,2020-04-17,0,0,,,4,133,0.0000,False,,NODATA,50
kalba,2020-04-18,131,0,1.8599,0.0326,4,133,0.9850,True,0.0000,QUIET,50
kalba,2020-04-19,45,1,2.1548,0.1518,4,133,0.3383,True,0.0222,QUIET,50
kalba,2020-04-20,86,1,2.1188,0.1888,4,133,0.6466,True,0.0116,QUIET,50
kalba,2020-04-21,0,0,,,4,133,0.0000,False,,NODATA,50
kalba,2020-04-22,10,0,1.7491,0.0998,4,133,0.0752,False,,NODATA,50
kalba,2020-04-23,124,0,1.6708,-0.0385,4,133,0.9323,True,0.0000,QUIET,50
kalba,2020-04-24,132,0,1.0457,-0.0006,4,133,0.9925,True,0.0000,QUIET,50
kalba,2020-04-25,0,0,,,4,133,0.0000,False,,NODATA,50
kalba,2020-04-26,133,0,0.9398,-0.1888,4,133,1.0000,True,0.0000,QUIET,50
kalba,2020-04-27,129,0,1.0508,-0.1400,4,133,0.9699,True,0.0000,QUIET,50
kalba,2020-04-28,0,0,,,4,133,0.0000,False,,NODATA,50
kalba,2020-04-29,1,0,1.8953,0.7433,4,133,0.0075,False,,NODATA,50
kalba,2020-04-30,132,0,0.7069,-0.0052,4,133,0.9925,True,0.0000,QUIET,50
kalba,2020-05-01,80,0,1.5320,-0.1901,5,133,0.6015,True,0.0000,QUIET,50
kalba,2020-05-02,0,0,,,5,133,0.0000,False,,NODATA,50
kalba,2020-05-03,101,2,2.5983,-0.1777,5,133,0.7594,True,0.0198,QUIET,50
kalba,2020-05-04,124,2,2.1130,-0.1339,5,133,0.9323,True,0.0161,QUIET,50
kalba,2020-05-05,132,0,1.4470,-0.2213,5,133,0.9925,True,0.0000,QUIET,50
kalba,2020-05-06,0,0,,,5,133,0.0000,False,,NODATA,50
kalba,2020-05-07,132,0,0.9530,-0.2222,5,133,0.9925,True,0.0000,QUIET,50
kalba,2020-05-08,0,0,,,5,133,0.0000,False,,NODATA,50
kalba,2020-05-09,133,0,0.4349,-0.3468,5,133,1.0000,True,0.0000,QUIET,50
kalba,2020-05-10,0,0,,,5,133,0.0000,False,,NODATA,50
kalba,2020-05-11,132,0,1.7723,-0.2207,5,133,0.9925,True,0.0000,QUIET,50
kalba,2020-05-12,0,0,,,5,133,0.0000,False,,NODATA,50
kalba,2020-05-13,132,0,1.7096,-0.3080,5,133,0.9925,True,0.0000,QUIET,50
kalba,2020-05-14,0,0,,,5,133,0.0000,False,,NODATA,50
kalba,2020-05-15,47,0,1.4965,-0.1685,5,133,0.3534,True,0.0000,QUIET,50
kalba,2020-05-16,21,1,2.4588,-0.3511,5,133,0.1579,True,0.0476,QUIET,50
kalba,2020-05-17,130,0,1.2982,-0.3391,5,133,0.9774,True,0.0000,QUIET,50
kalba,2020-05-18,0,0,,,5,133,0.0000,False,,NODATA,50
kalba,2020-05-19,131,0,0.8158,-0.2527,5,133,0.9850,True,0.0000,QUIET,50
kalba,2020-05-20,8,0,0.3666,-0.3401,5,133,0.0602,False,,NODATA,50
kalba,2020-05-21,88,0,1.3013,-0.3013,5,133,0.6617,True,0.0000,QUIET,50
kalba,2020-05-22,0,0,,,5,133,0.0000,False,,NODATA,50
kalba,2020-05-23,131,0,1.1919,-0.3169,5,133,0.9850,True,0.0000,QUIET,50
kalba,2020-05-24,127,0,1.3882,-0.2914,5,133,0.9549,True,0.0000,QUIET,50
kalba,2020-05-25,0,0,,,5,133,0.0000,False,,NODATA,50
kalba,2020-05-26,0,0,,,5,133,0.0000,False,,NODATA,50
kalba,2020-05-27,131,0,0.6665,-0.3320,5,133,0.9850,True,0.0000,QUIET,50
kalba,2020-05-28,131,1,2.5426,-0.3263,5,133,0.9850,True,0.0076,QUIET,50
kalba,2020-05-29,0,0,,,5,133,0.0000,False,,NODATA,50
kalba,2020-05-30,99,0,1.7794,-0.3332,5,133,0.7444,True,0.0000,QUIET,50
kalba,2020-05-31,133,0,1.4420,-0.2588,5,133,1.0000,True,0.0000,QUIET,50
kalba,2020-06-01,125,42,4.0294,-0.2198,6,133,0.9398,True,0.3360,EXCEED,50
kalba,2020-06-02,0,0,,,6,133,0.0000,False,,NODATA,50
kalba,2020-06-03,132,3,2.5765,-0.4028,6,133,0.9925,True,0.0227,QUIET,50
kalba,2020-06-04,0,0,,,6,133,0.0000,False,,NODATA,50
kalba,2020-06-05,122,4,4.0576,-0.4138,6,133,0.9173,True,0.0328,QUIET,50
kalba,2020-06-06,0,0,,,6,133,0.0000,False,,NODATA,50
kalba,2020-06-07,111,7,4.2877,-0.4812,6,133,0.8346,True,0.0631,QUIET,50
kalba,2020-06-08,0,0,,,6,133,0.0000,False,,NODATA,50
kalba,2020-06-09,124,7,4.1628,-0.5334,6,133,0.9323,True,0.0565,QUIET,50
kalba,2020-06-10,0,0,,,6,133,0.0000,False,,NODATA,50
kalba,2020-06-11,133,5,3.8783,-0.3665,6,133,1.0000,True,0.0376,QUIET,50
kalba,2020-06-12,46,0,1.1906,-0.3639,6,133,0.3459,True,0.0000,QUIET,50
kalba,2020-06-13,130,0,0.5035,-0.5577,6,133,0.9774,True,0.0000,QUIET,50
kalba,2020-06-14,0,0,,,6,133,0.0000,False,,NODATA,50
kalba,2020-06-15,79,0,1.5561,-0.4764,6,133,0.5940,True,0.0000,QUIET,50
kalba,2020-06-16,96,0,0.5383,-0.5461,6,133,0.7218,True,0.0000,QUIET,50
kalba,2020-06-17,125,0,1.3529,-0.4656,6,133,0.9398,True,0.0000,QUIET,50
kalba,2020-06-18,0,0,,,6,133,0.0000,False,,NODATA,50
kalba,2020-06-19,75,3,2.2538,-0.4566,6,133,0.5639,True,0.0400,QUIET,50
kalba,2020-06-20,129,0,1.5681,-0.4408,6,133,0.9699,True,0.0000,QUIET,50
kalba,2020-06-21,0,0,,,6,133,0.0000,False,,NODATA,50
kalba,2020-06-22,1,0,1.1849,0.6247,6,133,0.0075,False,,NODATA,50
kalba,2020-06-23,112,0,1.1642,-0.4370,6,133,0.8421,True,0.0000,QUIET,50
kalba,2020-06-24,57,0,1.4975,-0.6218,6,133,0.4286,True,0.0000,QUIET,50
kalba,2020-06-25,0,0,,,6,133,0.0000,False,,NODATA,50
kalba,2020-06-26,131,0,1.9127,-0.4678,6,133,0.9850,True,0.0000,QUIET,50
kalba,2020-06-27,125,11,3.0968,-0.4684,6,133,0.9398,True,0.0880,QUIET,50
kalba,2020-06-28,128,14,3.3655,-0.5121,6,133,0.9624,True,0.1094,QUIET,50
kalba,2020-06-29,0,0,,,6,133,0.0000,False,,NODATA,50
kalba,2020-06-30,132,0,1.8615,-0.3505,6,133,0.9925,True,0.0000,QUIET,50
kalba,2020-07-01,0,0,,,7,132,0.0000,False,,NODATA,50
kalba,2020-07-02,130,0,1.2588,-0.3177,7,132,0.9848,True,0.0000,QUIET,50
kalba,2020-07-03,0,0,,,7,132,0.0000,False,,NODATA,50
kalba,2020-07-04,131,0,0.8298,-0.3302,7,132,0.9924,True,0.0000,QUIET,50
kalba,2020-07-05,0,0,,,7,132,0.0000,False,,NODATA,50
kalba,2020-07-06,130,0,0.0856,-0.4888,7,132,0.9848,True,0.0000,QUIET,50
kalba,2020-07-07,0,0,,,7,132,0.0000,False,,NODATA,50
kalba,2020-07-08,126,0,1.2597,-0.4698,7,132,0.9545,True,0.0000,QUIET,50
kalba,2020-07-09,24,1,2.1439,0.3231,7,132,0.1818,True,0.0417,QUIET,50
kalba,2020-07-10,116,0,1.5100,-0.4603,7,132,0.8788,True,0.0000,QUIET,50
kalba,2020-07-11,0,0,,,7,132,0.0000,False,,NODATA,50
kalba,2020-07-12,114,0,0.9329,-0.3367,7,132,0.8636,True,0.0000,QUIET,50
kalba,2020-07-13,70,0,0.5997,-0.2738,7,132,0.5303,True,0.0000,QUIET,50
kalba,2020-07-14,24,0,0.8010,-0.4445,7,132,0.1818,True,0.0000,QUIET,50
kalba,2020-07-15,0,0,,,7,132,0.0000,False,,NODATA,50
kalba,2020-07-16,132,0,1.1932,-0.3467,7,132,1.0000,True,0.0000,QUIET,50
kalba,2020-07-17,131,0,1.3126,-0.3890,7,132,0.9924,True,0.0000,QUIET,50
kalba,2020-07-18,0,0,,,7,132,0.0000,False,,NODATA,50
kalba,2020-07-19,26,0,1.3271,-0.0039,7,132,0.1970,True,0.0000,QUIET,50
kalba,2020-07-20,80,2,2.1185,-0.3233,7,132,0.6061,True,0.0250,QUIET,50
kalba,2020-07-21,130,0,1.4694,-0.3270,7,132,0.9848,True,0.0000,QUIET,50
kalba,2020-07-22,0,0,,,7,132,0.0000,False,,NODATA,50
kalba,2020-07-23,124,0,1.1957,-0.2824,7,132,0.9394,True,0.0000,QUIET,50
kalba,2020-07-24,103,0,1.9126,-0.2458,7,132,0.7803,True,0.0000,QUIET,50
kalba,2020-07-25,128,0,0.8405,-0.3247,7,132,0.9697,True,0.0000,QUIET,50
kalba,2020-07-26,0,0,,,7,132,0.0000,False,,NODATA,50
kalba,2020-07-27,118,0,1.2569,-0.3054,7,132,0.8939,True,0.0000,QUIET,50
kalba,2020-07-28,0,0,,,7,132,0.0000,False,,NODATA,50
kalba,2020-07-29,130,0,0.5529,-0.5003,7,132,0.9848,True,0.0000,QUIET,50
kalba,2020-07-30,0,0,,,7,132,0.0000,False,,NODATA,50
kalba,2020-07-31,5,0,0.6843,-0.3186,7,132,0.0379,False,,NODATA,50
kalba,2020-08-01,0,0,,,8,133,0.0000,False,,NODATA,50
kalba,2020-08-02,112,0,0.5377,-0.4352,8,133,0.8421,True,0.0000,QUIET,50
kalba,2020-08-03,0,0,,,8,133,0.0000,False,,NODATA,50
kalba,2020-08-04,102,0,-0.4053,-0.5223,8,133,0.7669,True,0.0000,QUIET,50
kalba,2020-08-05,93,0,-0.0243,-0.4229,8,133,0.6992,True,0.0000,QUIET,50
kalba,2020-08-06,104,0,0.6167,-0.3152,8,133,0.7820,True,0.0000,QUIET,50
kalba,2020-08-07,0,0,,,8,133,0.0000,False,,NODATA,50
kalba,2020-08-08,0,0,,,8,133,0.0000,False,,NODATA,50
kalba,2020-08-09,0,0,,,8,133,0.0000,False,,NODATA,50
kalba,2020-08-10,21,0,0.1837,-0.3754,8,133,0.1579,True,0.0000,QUIET,50
kalba,2020-08-11,0,0,,,8,133,0.0000,False,,NODATA,50
kalba,2020-08-12,9,0,0.0441,-0.3107,8,133,0.0677,False,,NODATA,50
kalba,2020-08-13,92,0,0.7395,-0.5131,8,133,0.6917,True,0.0000,QUIET,50
kalba,2020-08-14,0,0,,,8,133,0.0000,False,,NODATA,50
kalba,2020-08-15,36,0,0.6702,-0.3182,8,133,0.2707,True,0.0000,QUIET,50
kalba,2020-08-16,2,0,-0.0627,-0.4168,8,133,0.0150,False,,NODATA,50
kalba,2020-08-17,51,0,1.3026,-0.4024,8,133,0.3835,True,0.0000,QUIET,50
kalba,2020-08-18,0,0,,,8,133,0.0000,False,,NODATA,50
kalba,2020-08-19,124,4,2.7542,-0.2490,8,133,0.9323,True,0.0323,QUIET,50
kalba,2020-08-20,42,0,1.4292,-0.2851,8,133,0.3158,True,0.0000,QUIET,50
kalba,2020-08-21,1,0,-0.1261,-0.4061,8,133,0.0075,False,,NODATA,50
kalba,2020-08-22,0,0,,,8,133,0.0000,False,,NODATA,50
kalba,2020-08-23,21,0,-0.2667,-0.3543,8,133,0.1579,True,0.0000,QUIET,50
kalba,2020-08-24,0,0,,,8,133,0.0000,False,,NODATA,50
kalba,2020-08-25,112,0,1.6177,-0.3743,8,133,0.8421,True,0.0000,QUIET,50
kalba,2020-08-26,0,0,,,8,133,0.0000,False,,NODATA,50
kalba,2020-08-27,75,0,1.6227,-0.0718,8,133,0.5639,True,0.0000,QUIET,50
kalba,2020-08-28,21,2,2.1269,-0.3269,8,133,0.1579,True,0.0952,QUIET,50
kalba,2020-08-29,124,1,2.0053,-0.3212,8,133,0.9323,True,0.0081,QUIET,50
kalba,2020-08-30,0,0,,,8,133,0.0000,False,,NODATA,50
kalba,2020-08-31,0,0,,,8,133,0.0000,False,,NODATA,50
kalba,2020-09-01,113,2,2.2293,-0.3589,9,133,0.8496,True,0.0177,QUIET,50
kalba,2020-09-02,0,0,,,9,133,0.0000,False,,NODATA,50
kalba,2020-09-03,0,0,,,9,133,0.0000,False,,NODATA,50
kalba,2020-09-04,133,0,1.2509,-0.4180,9,133,1.0000,True,0.0000,QUIET,50
kalba,2020-09-05,128,0,1.5403,-0.4450,9,133,0.9624,True,0.0000,QUIET,50
kalba,2020-09-06,131,3,2.3540,-0.4289,9,133,0.9850,True,0.0229,QUIET,50
kalba,2020-09-07,4,1,2.0948,0.7508,9,133,0.0301,False,,NODATA,50
kalba,2020-09-08,132,0,1.5452,-0.4701,9,133,0.9925,True,0.0000,QUIET,50
kalba,2020-09-09,131,0,1.0377,-0.5023,9,133,0.9850,True,0.0000,QUIET,50
kalba,2020-09-10,0,0,,,9,133,0.0000,False,,NODATA,50
kalba,2020-09-11,0,0,,,9,133,0.0000,False,,NODATA,50
kalba,2020-09-12,132,0,1.0024,-0.4776,9,133,0.9925,True,0.0000,QUIET,50
kalba,2020-09-13,131,0,1.7748,-0.4505,9,133,0.9850,True,0.0000,QUIET,50
kalba,2020-09-14,0,0,,,9,133,0.0000,False,,NODATA,50
kalba,2020-09-15,133,1,2.0813,-0.4448,9,133,1.0000,True,0.0075,QUIET,50
kalba,2020-09-16,131,2,2.6440,-0.4260,9,133,0.9850,True,0.0153,QUIET,50
kalba,2020-09-17,0,0,,,9,133,0.0000,False,,NODATA,50
kalba,2020-09-18,0,0,,,9,133,0.0000,False,,NODATA,50
kalba,2020-09-19,133,15,3.7087,-0.3817,9,133,1.0000,True,0.1128,QUIET,50
kalba,2020-09-20,2,2,2.1979,0.8369,9,133,0.0150,False,,NODATA,50
kalba,2020-09-21,132,11,3.1430,-0.4038,9,133,0.9925,True,0.0833,QUIET,50
kalba,2020-09-22,0,0,,,9,133,0.0000,False,,NODATA,50
kalba,2020-09-23,132,16,3.4364,-0.2886,9,133,0.9925,True,0.1212,QUIET,50
kalba,2020-09-24,0,0,,,9,133,0.0000,False,,NODATA,50
kalba,2020-09-25,132,13,3.3735,-0.3060,9,133,0.9925,True,0.0985,QUIET,50
kalba,2020-09-26,0,0,,,9,133,0.0000,False,,NODATA,50
kalba,2020-09-27,0,0,,,9,133,0.0000,False,,NODATA,50
kalba,2020-09-28,132,2,2.7458,-0.3377,9,133,0.9925,True,0.0152,QUIET,50
kalba,2020-09-29,63,1,2.5124,-0.3357,9,133,0.4737,True,0.0159,QUIET,50
kalba,2020-09-30,5,1,3.2800,0.6040,9,133,0.0376,False,,NODATA,50
kalba,2020-10-01,131,0,1.7895,-0.3046,10,133,0.9850,True,0.0000,QUIET,50
kalba,2020-10-02,132,0,1.3181,-0.3456,10,133,0.9925,True,0.0000,QUIET,50
kalba,2020-10-03,127,1,2.0973,-0.2870,10,133,0.9549,True,0.0079,QUIET,50
kalba,2020-10-04,99,0,1.2936,-0.4336,10,133,0.7444,True,0.0000,QUIET,50
kalba,2020-10-05,132,0,1.2441,-0.4041,10,133,0.9925,True,0.0000,QUIET,50
kalba,2020-10-06,132,0,0.9376,-0.4695,10,133,0.9925,True,0.0000,QUIET,50
kalba,2020-10-07,0,0,,,10,133,0.0000,False,,NODATA,50
kalba,2020-10-08,132,0,0.8928,-0.3673,10,133,0.9925,True,0.0000,QUIET,50
kalba,2020-10-09,132,0,1.1821,-0.3933,10,133,0.9925,True,0.0000,QUIET,50
kalba,2020-10-10,131,0,1.7403,-0.3955,10,133,0.9850,True,0.0000,QUIET,50
kalba,2020-10-11,0,0,,,10,133,0.0000,False,,NODATA,50
kalba,2020-10-12,130,0,1.2374,-0.3728,10,133,0.9774,True,0.0000,QUIET,50
kalba,2020-10-13,132,0,1.8677,-0.3269,10,133,0.9925,True,0.0000,QUIET,50
kalba,2020-10-14,132,1,2.1057,-0.2959,10,133,0.9925,True,0.0076,QUIET,50
kalba,2020-10-15,0,0,,,10,133,0.0000,False,,NODATA,50
kalba,2020-10-16,133,1,2.5141,-0.3375,10,133,1.0000,True,0.0075,QUIET,50
kalba,2020-10-17,0,0,,,10,133,0.0000,False,,NODATA,50
kalba,2020-10-18,133,2,2.2832,-0.3075,10,133,1.0000,True,0.0150,QUIET,50
kalba,2020-10-19,0,0,,,10,133,0.0000,False,,NODATA,50
kalba,2020-10-20,133,0,1.6182,-0.3292,10,133,1.0000,True,0.0000,QUIET,50
kalba,2020-10-21,133,0,1.5524,-0.3461,10,133,1.0000,True,0.0000,QUIET,50
kalba,2020-10-22,0,0,,,10,133,0.0000,False,,NODATA,50
kalba,2020-10-23,1,1,2.2238,0.7612,10,133,0.0075,False,,NODATA,50
kalba,2020-10-24,132,0,0.6729,-0.3767,10,133,0.9925,True,0.0000,QUIET,50
kalba,2020-10-25,133,0,1.2221,-0.4103,10,133,1.0000,True,0.0000,QUIET,50
kalba,2020-10-26,133,0,1.6252,-0.3631,10,133,1.0000,True,0.0000,QUIET,50
kalba,2020-10-27,80,0,1.1275,-0.3985,10,133,0.6015,True,0.0000,QUIET,50
kalba,2020-10-28,133,0,1.6156,-0.3966,10,133,1.0000,True,0.0000,QUIET,50
kalba,2020-10-29,133,0,1.8263,-0.4085,10,133,1.0000,True,0.0000,QUIET,50
kalba,2020-10-30,128,2,2.4301,-0.3975,10,133,0.9624,True,0.0156,QUIET,50
kalba,2020-10-31,133,0,1.7866,-0.4539,10,133,1.0000,True,0.0000,QUIET,50
kalba,2020-11-01,0,0,,,11,133,0.0000,False,,NODATA,50
kalba,2020-11-02,132,0,0.6912,-0.4239,11,133,0.9925,True,0.0000,QUIET,50
kalba,2020-11-03,0,0,,,11,133,0.0000,False,,NODATA,50
kalba,2020-11-04,133,0,0.2213,-0.4231,11,133,1.0000,True,0.0000,QUIET,50
kalba,2020-11-05,133,0,-0.4343,-0.4734,11,133,1.0000,True,0.0000,QUIET,50
kalba,2020-11-06,133,0,0.0737,-0.4219,11,133,1.0000,True,0.0000,QUIET,50
kalba,2020-11-07,0,0,,,11,133,0.0000,False,,NODATA,50
kalba,2020-11-08,91,0,0.3315,-0.4530,11,133,0.6842,True,0.0000,QUIET,50
kalba,2020-11-09,132,0,0.1593,-0.3474,11,133,0.9925,True,0.0000,QUIET,50
kalba,2020-11-10,132,0,-0.1029,-0.3599,11,133,0.9925,True,0.0000,QUIET,50
kalba,2020-11-11,0,0,,,11,133,0.0000,False,,NODATA,50
kalba,2020-11-12,126,0,0.3583,-0.4707,11,133,0.9474,True,0.0000,QUIET,50
kalba,2020-11-13,132,0,-0.2182,-0.3879,11,133,0.9925,True,0.0000,QUIET,50
kalba,2020-11-14,70,0,0.6023,-0.3295,11,133,0.5263,True,0.0000,QUIET,50
kalba,2020-11-15,0,0,,,11,133,0.0000,False,,NODATA,50
kalba,2020-11-16,99,0,0.1612,-0.4798,11,133,0.7444,True,0.0000,QUIET,50
kalba,2020-11-17,112,0,0.9192,-0.3100,11,133,0.8421,True,0.0000,QUIET,50
kalba,2020-11-18,132,0,1.7074,-0.2489,11,133,0.9925,True,0.0000,QUIET,50
kalba,2020-11-19,132,0,-0.0752,-0.3827,11,133,0.9925,True,0.0000,QUIET,50
kalba,2020-11-20,110,0,0.9965,-0.4457,11,133,0.8271,True,0.0000,QUIET,50
kalba,2020-11-21,0,0,,,11,133,0.0000,False,,NODATA,50
kalba,2020-11-22,130,6,2.9467,-0.1651,11,133,0.9774,True,0.0462,QUIET,50
kalba,2020-11-23,133,4,2.5997,-0.1121,11,133,1.0000,True,0.0301,QUIET,50
kalba,2020-11-24,0,0,,,11,133,0.0000,False,,NODATA,50
kalba,2020-11-25,133,0,1.8897,-0.1744,11,133,1.0000,True,0.0000,QUIET,50
kalba,2020-11-26,124,8,2.7943,-0.0682,11,133,0.9323,True,0.0645,QUIET,50
kalba,2020-11-27,130,4,2.3055,-0.1071,11,133,0.9774,True,0.0308,QUIET,50
kalba,2020-11-28,86,0,0.4358,-0.2511,11,133,0.6466,True,0.0000,QUIET,50
kalba,2020-11-29,0,0,,,11,133,0.0000,False,,NODATA,50
kalba,2020-11-30,0,0,,,11,133,0.0000,False,,NODATA,50
kalba,2020-12-01,133,0,1.9717,-0.1124,12,133,1.0000,True,0.0000,QUIET,50
kalba,2020-12-02,132,0,1.8566,-0.1201,12,133,0.9925,True,0.0000,QUIET,50
kalba,2020-12-03,133,41,4.3361,0.0577,12,133,1.0000,True,0.3083,EXCEED,50
kalba,2020-12-04,0,0,,,12,133,0.0000,False,,NODATA,50
kalba,2020-12-05,133,7,2.8618,-0.0559,12,133,1.0000,True,0.0526,QUIET,50
kalba,2020-12-06,128,0,1.5323,-0.1351,12,133,0.9624,True,0.0000,QUIET,50
kalba,2020-12-07,132,0,1.4679,-0.1926,12,133,0.9925,True,0.0000,QUIET,50
kalba,2020-12-08,0,0,,,12,133,0.0000,False,,NODATA,50
kalba,2020-12-09,133,0,1.1429,-0.2530,12,133,1.0000,True,0.0000,QUIET,50
kalba,2020-12-10,126,0,0.7761,-0.2748,12,133,0.9474,True,0.0000,QUIET,50
kalba,2020-12-11,125,0,1.6002,-0.1737,12,133,0.9398,True,0.0000,QUIET,50
kalba,2020-12-12,0,0,,,12,133,0.0000,False,,NODATA,50
kalba,2020-12-13,130,0,0.7221,-0.3200,12,133,0.9774,True,0.0000,QUIET,50
kalba,2020-12-14,0,0,,,12,133,0.0000,False,,NODATA,50
kalba,2020-12-15,133,5,2.7070,-0.1114,12,133,1.0000,True,0.0376,QUIET,50
kalba,2020-12-16,133,0,1.7901,-0.1358,12,133,1.0000,True,0.0000,QUIET,50
kalba,2020-12-17,125,0,1.4402,-0.2465,12,133,0.9398,True,0.0000,QUIET,50
kalba,2020-12-18,132,1,2.2370,-0.1881,12,133,0.9925,True,0.0076,QUIET,50
kalba,2020-12-19,127,10,2.8173,-0.0431,12,133,0.9549,True,0.0787,QUIET,50
kalba,2020-12-20,95,2,2.5079,-0.2039,12,133,0.7143,True,0.0211,QUIET,50
kalba,2020-12-21,133,0,1.3147,-0.1958,12,133,1.0000,True,0.0000,QUIET,50
kalba,2020-12-22,0,0,,,12,133,0.0000,False,,NODATA,50
kalba,2020-12-23,131,0,1.4009,-0.1325,12,133,0.9850,True,0.0000,QUIET,50
kalba,2020-12-24,133,0,0.5988,-0.2318,12,133,1.0000,True,0.0000,QUIET,50
kalba,2020-12-25,0,0,,,12,133,0.0000,False,,NODATA,50
kalba,2020-12-26,101,0,0.7156,-0.3280,12,133,0.7594,True,0.0000,QUIET,50
kalba,2020-12-27,0,0,,,12,133,0.0000,False,,NODATA,50
kalba,2020-12-28,0,0,,,12,133,0.0000,False,,NODATA,50
kalba,2020-12-29,132,0,1.1264,-0.1799,12,133,0.9925,True,0.0000,QUIET,50
kalba,2020-12-30,132,2,2.1743,-0.1868,12,133,0.9925,True,0.0152,QUIET,50
kalba,2020-12-31,0,0,,,12,133,0.0000,False,,NODATA,50
kalba,2021-01-01,0,0,,,1,133,0.0000,False,,NODATA,50
kalba,2021-01-02,0,0,,,1,133,0.0000,False,,NODATA,50
kalba,2021-01-03,0,0,,,1,133,0.0000,False,,NODATA,50
kalba,2021-01-04,0,0,,,1,133,0.0000,False,,NODATA,50
kalba,2021-01-05,0,0,,,1,133,0.0000,False,,NODATA,50
kalba,2021-01-06,0,0,,,1,133,0.0000,False,,NODATA,50
kalba,2021-01-07,0,0,,,1,133,0.0000,False,,NODATA,50
kalba,2021-01-08,0,0,,,1,133,0.0000,False,,NODATA,50
kalba,2021-01-09,0,0,,,1,133,0.0000,False,,NODATA,50
kalba,2021-01-10,0,0,,,1,133,0.0000,False,,NODATA,50
kalba,2021-01-11,0,0,,,1,133,0.0000,False,,NODATA,50
kalba,2021-01-12,0,0,,,1,133,0.0000,False,,NODATA,50
kalba,2021-01-13,0,0,,,1,133,0.0000,False,,NODATA,50
kalba,2021-01-14,0,0,,,1,133,0.0000,False,,NODATA,50
kalba,2021-01-15,0,0,,,1,133,0.0000,False,,NODATA,50
kalba,2021-01-16,0,0,,,1,133,0.0000,False,,NODATA,50
kalba,2021-01-17,0,0,,,1,133,0.0000,False,,NODATA,50
kalba,2021-01-18,0,0,,,1,133,0.0000,False,,NODATA,50
kalba,2021-01-19,0,0,,,1,133,0.0000,False,,NODATA,50
kalba,2021-01-20,0,0,,,1,133,0.0000,False,,NODATA,50
kalba,2021-01-21,0,0,,,1,133,0.0000,False,,NODATA,50
kalba,2021-01-22,0,0,,,1,133,0.0000,False,,NODATA,50
kalba,2021-01-23,0,0,,,1,133,0.0000,False,,NODATA,50
kalba,2021-01-24,0,0,,,1,133,0.0000,False,,NODATA,50
kalba,2021-01-25,0,0,,,1,133,0.0000,False,,NODATA,50
kalba,2021-01-26,0,0,,,1,133,0.0000,False,,NODATA,50
kalba,2021-01-27,0,0,,,1,133,0.0000,False,,NODATA,50
kalba,2021-01-28,0,0,,,1,133,0.0000,False,,NODATA,50
kalba,2021-01-29,0,0,,,1,133,0.0000,False,,NODATA,50
kalba,2021-01-30,0,0,,,1,133,0.0000,False,,NODATA,50
kalba,2021-01-31,0,0,,,1,133,0.0000,False,,NODATA,50
kalba,2021-02-01,0,0,,,2,133,0.0000,False,,NODATA,50
kalba,2021-02-02,0,0,,,2,133,0.0000,False,,NODATA,50
kalba,2021-02-03,0,0,,,2,133,0.0000,False,,NODATA,50
kalba,2021-02-04,0,0,,,2,133,0.0000,False,,NODATA,50
kalba,2021-02-05,0,0,,,2,133,0.0000,False,,NODATA,50
kalba,2021-02-06,0,0,,,2,133,0.0000,False,,NODATA,50
kalba,2021-02-07,0,0,,,2,133,0.0000,False,,NODATA,50
kalba,2021-02-08,0,0,,,2,133,0.0000,False,,NODATA,50
kalba,2021-02-09,0,0,,,2,133,0.0000,False,,NODATA,50
kalba,2021-02-10,0,0,,,2,133,0.0000,False,,NODATA,50
kalba,2021-02-11,0,0,,,2,133,0.0000,False,,NODATA,50
kalba,2021-02-12,0,0,,,2,133,0.0000,False,,NODATA,50
kalba,2021-02-13,0,0,,,2,133,0.0000,False,,NODATA,50
kalba,2021-02-14,0,0,,,2,133,0.0000,False,,NODATA,50
kalba,2021-02-15,0,0,,,2,133,0.0000,False,,NODATA,50
kalba,2021-02-16,0,0,,,2,133,0.0000,False,,NODATA,50
kalba,2021-02-17,0,0,,,2,133,0.0000,False,,NODATA,50
kalba,2021-02-18,0,0,,,2,133,0.0000,False,,NODATA,50
kalba,2021-02-19,0,0,,,2,133,0.0000,False,,NODATA,50
kalba,2021-02-20,0,0,,,2,133,0.0000,False,,NODATA,50
kalba,2021-02-21,0,0,,,2,133,0.0000,False,,NODATA,50
kalba,2021-02-22,0,0,,,2,133,0.0000,False,,NODATA,50
kalba,2021-02-23,0,0,,,2,133,0.0000,False,,NODATA,50
kalba,2021-02-24,0,0,,,2,133,0.0000,False,,NODATA,50
kalba,2021-02-25,0,0,,,2,133,0.0000,False,,NODATA,50
kalba,2021-02-26,0,0,,,2,133,0.0000,False,,NODATA,50
kalba,2021-02-27,0,0,,,2,133,0.0000,False,,NODATA,50
kalba,2021-02-28,0,0,,,2,133,0.0000,False,,NODATA,50
kalba,2021-03-01,0,0,,,3,133,0.0000,False,,NODATA,50
kalba,2021-03-02,0,0,,,3,133,0.0000,False,,NODATA,50
kalba,2021-03-03,0,0,,,3,133,0.0000,False,,NODATA,50
kalba,2021-03-04,132,4,2.7196,0.4446,3,133,0.9925,True,0.0303,QUIET,50
kalba,2021-03-05,64,8,3.1657,0.5343,3,133,0.4812,True,0.1250,QUIET,50
kalba,2021-03-06,133,1,2.0057,0.2931,3,133,1.0000,True,0.0075,QUIET,50
kalba,2021-03-07,10,1,2.1014,0.7843,3,133,0.0752,False,,NODATA,50
kalba,2021-03-08,133,0,1.7918,0.1689,3,133,1.0000,True,0.0000,QUIET,50
kalba,2021-03-09,117,0,1.9332,-0.2619,3,133,0.8797,True,0.0000,QUIET,50
kalba,2021-03-10,0,0,,,3,133,0.0000,False,,NODATA,50
kalba,2021-03-11,0,0,,,3,133,0.0000,False,,NODATA,50
kalba,2021-03-12,130,0,-0.6130,-0.1975,3,133,0.9774,True,0.0000,QUIET,50
kalba,2021-03-13,105,0,-0.6720,-0.2513,3,133,0.7895,True,0.0000,QUIET,50
kalba,2021-03-14,0,0,,,3,133,0.0000,False,,NODATA,50
kalba,2021-03-15,63,4,2.7726,-0.2315,3,133,0.4737,True,0.0635,QUIET,50
kalba,2021-03-16,0,0,,,3,133,0.0000,False,,NODATA,50
kalba,2021-03-17,0,0,,,3,133,0.0000,False,,NODATA,50
kalba,2021-03-18,0,0,,,3,133,0.0000,False,,NODATA,50
kalba,2021-03-19,120,0,0.5245,-0.0512,3,133,0.9023,True,0.0000,QUIET,50
kalba,2021-03-20,41,0,-0.6265,-0.1837,3,133,0.3083,True,0.0000,QUIET,50
kalba,2021-03-21,132,0,1.8335,0.3220,3,133,0.9925,True,0.0000,QUIET,50
kalba,2021-03-22,0,0,,,3,133,0.0000,False,,NODATA,50
kalba,2021-03-23,133,0,1.6743,0.3014,3,133,1.0000,True,0.0000,QUIET,50
kalba,2021-03-24,132,0,1.9385,0.3083,3,133,0.9925,True,0.0000,QUIET,50
kalba,2021-03-25,132,0,1.8892,0.4003,3,133,0.9925,True,0.0000,QUIET,50
kalba,2021-03-26,0,0,,,3,133,0.0000,False,,NODATA,50
kalba,2021-03-27,133,1,2.0142,0.2409,3,133,1.0000,True,0.0075,QUIET,50
kalba,2021-03-28,132,0,1.0356,0.1970,3,133,0.9925,True,0.0000,QUIET,50
kalba,2021-03-29,132,0,1.0404,0.2196,3,133,0.9925,True,0.0000,QUIET,50
kalba,2021-03-30,0,0,,,3,133,0.0000,False,,NODATA,50
kalba,2021-03-31,132,0,0.5055,0.0005,3,133,0.9925,True,0.0000,QUIET,50
kalba,2021-04-01,132,0,1.8255,0.1037,4,133,0.9925,True,0.0000,QUIET,50
kalba,2021-04-02,132,0,1.1692,0.1128,4,133,0.9925,True,0.0000,QUIET,50
kalba,2021-04-03,0,0,,,4,133,0.0000,False,,NODATA,50
kalba,2021-04-04,133,0,0.5070,-0.1074,4,133,1.0000,True,0.0000,QUIET,50
kalba,2021-04-05,129,0,1.0368,-0.0635,4,133,0.9699,True,0.0000,QUIET,50
kalba,2021-04-06,133,0,0.6917,-0.0818,4,133,1.0000,True,0.0000,QUIET,50
kalba,2021-04-07,0,0,,,4,133,0.0000,False,,NODATA,50
kalba,2021-04-08,131,0,0.5312,-0.1954,4,133,0.9850,True,0.0000,QUIET,50
kalba,2021-04-09,133,0,-0.0494,-0.2892,4,133,1.0000,True,0.0000,QUIET,50
kalba,2021-04-10,0,0,,,4,133,0.0000,False,,NODATA,50
kalba,2021-04-11,0,0,,,4,133,0.0000,False,,NODATA,50
kalba,2021-04-12,132,0,0.6961,-0.2902,4,133,0.9925,True,0.0000,QUIET,50
kalba,2021-04-13,133,0,0.9962,-0.2491,4,133,1.0000,True,0.0000,QUIET,50
kalba,2021-04-14,5,0,-1.3202,-0.4769,4,133,0.0376,False,,NODATA,50
kalba,2021-04-15,17,0,-0.2728,-0.2377,4,133,0.1278,True,0.0000,QUIET,50
kalba,2021-04-16,104,0,1.0921,-0.4040,4,133,0.7820,True,0.0000,QUIET,50
kalba,2021-04-17,133,0,1.0810,-0.2082,4,133,1.0000,True,0.0000,QUIET,50
kalba,2021-04-18,1,0,-0.5065,-0.1220,4,133,0.0075,False,,NODATA,50
kalba,2021-04-19,133,0,1.8284,-0.2327,4,133,1.0000,True,0.0000,QUIET,50
kalba,2021-04-20,132,0,1.7905,-0.2276,4,133,0.9925,True,0.0000,QUIET,50
kalba,2021-04-21,0,0,,,4,133,0.0000,False,,NODATA,50
kalba,2021-04-22,0,0,,,4,133,0.0000,False,,NODATA,50
kalba,2021-04-23,133,0,1.0620,-0.3020,4,133,1.0000,True,0.0000,QUIET,50
kalba,2021-04-24,131,0,0.6229,-0.3555,4,133,0.9850,True,0.0000,QUIET,50
kalba,2021-04-25,132,0,0.2952,-0.3748,4,133,0.9925,True,0.0000,QUIET,50
kalba,2021-04-26,0,0,,,4,133,0.0000,False,,NODATA,50
kalba,2021-04-27,0,0,,,4,133,0.0000,False,,NODATA,50
kalba,2021-04-28,102,3,2.3404,-0.4249,4,133,0.7669,True,0.0294,QUIET,50
kalba,2021-04-29,118,0,0.1244,-0.3346,4,133,0.8872,True,0.0000,QUIET,50
kalba,2021-04-30,0,0,,,4,133,0.0000,False,,NODATA,50
kalba,2021-05-01,87,0,1.8360,-0.3801,5,133,0.6541,True,0.0000,QUIET,50
kalba,2021-05-02,90,3,3.0899,-0.4408,5,133,0.6767,True,0.0333,QUIET,50
kalba,2021-05-03,0,0,,,5,133,0.0000,False,,NODATA,50
kalba,2021-05-04,0,0,,,5,133,0.0000,False,,NODATA,50
kalba,2021-05-05,77,3,2.3609,-0.1688,5,133,0.5789,True,0.0390,QUIET,50
kalba,2021-05-06,131,0,1.5047,-0.3186,5,133,0.9850,True,0.0000,QUIET,50
kalba,2021-05-07,0,0,,,5,133,0.0000,False,,NODATA,50
kalba,2021-05-08,0,0,,,5,133,0.0000,False,,NODATA,50
kalba,2021-05-09,133,0,1.7716,-0.3827,5,133,1.0000,True,0.0000,QUIET,50
kalba,2021-05-10,133,0,0.3791,-0.4547,5,133,1.0000,True,0.0000,QUIET,50
kalba,2021-05-11,133,0,-0.3149,-0.4596,5,133,1.0000,True,0.0000,QUIET,50
kalba,2021-05-12,13,6,2.5473,0.4952,5,133,0.0977,False,,NODATA,50
kalba,2021-05-13,133,0,0.5077,-0.4355,5,133,1.0000,True,0.0000,QUIET,50
kalba,2021-05-14,133,0,0.2244,-0.4257,5,133,1.0000,True,0.0000,QUIET,50
kalba,2021-05-15,1,0,-1.2673,-0.6079,5,133,0.0075,False,,NODATA,50
kalba,2021-05-16,69,0,1.8545,-0.3710,5,133,0.5188,True,0.0000,QUIET,50
kalba,2021-05-17,111,0,1.5075,-0.5425,5,133,0.8346,True,0.0000,QUIET,50
kalba,2021-05-18,133,0,0.7242,-0.4360,5,133,1.0000,True,0.0000,QUIET,50
kalba,2021-05-19,0,0,,,5,133,0.0000,False,,NODATA,50
kalba,2021-05-20,133,0,1.0591,-0.5255,5,133,1.0000,True,0.0000,QUIET,50
kalba,2021-05-21,132,0,0.4992,-0.5344,5,133,0.9925,True,0.0000,QUIET,50
kalba,2021-05-22,132,0,0.5078,-0.4911,5,133,0.9925,True,0.0000,QUIET,50
kalba,2021-05-23,0,0,,,5,133,0.0000,False,,NODATA,50
kalba,2021-05-24,52,1,2.0164,-0.5510,5,133,0.3910,True,0.0192,QUIET,50
kalba,2021-05-25,27,0,-1.3480,-0.7806,5,133,0.2030,True,0.0000,QUIET,50
kalba,2021-05-26,133,0,0.4161,-0.4960,5,133,1.0000,True,0.0000,QUIET,50
kalba,2021-05-27,0,0,,,5,133,0.0000,False,,NODATA,50
kalba,2021-05-28,131,0,0.3002,-0.5023,5,133,0.9850,True,0.0000,QUIET,50
kalba,2021-05-29,27,2,2.1585,-0.2880,5,133,0.2030,True,0.0741,QUIET,50
kalba,2021-05-30,0,0,,,5,133,0.0000,False,,NODATA,50
kalba,2021-05-31,0,0,,,5,133,0.0000,False,,NODATA,50
kalba,2021-06-01,132,0,1.0754,-0.5335,6,133,0.9925,True,0.0000,QUIET,50
kalba,2021-06-02,133,0,0.7917,-0.6225,6,133,1.0000,True,0.0000,QUIET,50
kalba,2021-06-03,133,0,1.0418,-0.5534,6,133,1.0000,True,0.0000,QUIET,50
kalba,2021-06-04,0,0,,,6,133,0.0000,False,,NODATA,50
kalba,2021-06-05,130,0,0.1896,-0.6885,6,133,0.9774,True,0.0000,QUIET,50
kalba,2021-06-06,99,0,0.1687,-0.7409,6,133,0.7444,True,0.0000,QUIET,50
kalba,2021-06-07,6,0,-0.8479,-0.7326,6,133,0.0451,False,,NODATA,50
kalba,2021-06-08,3,0,1.4591,0.6628,6,133,0.0226,False,,NODATA,50
kalba,2021-06-09,0,0,,,6,133,0.0000,False,,NODATA,50
kalba,2021-06-10,120,1,2.0683,-0.5429,6,133,0.9023,True,0.0083,QUIET,50
kalba,2021-06-11,0,0,,,6,133,0.0000,False,,NODATA,50
kalba,2021-06-12,123,0,1.8702,-0.4852,6,133,0.9248,True,0.0000,QUIET,50
kalba,2021-06-13,122,17,4.1223,-0.2967,6,133,0.9173,True,0.1393,QUIET,50
kalba,2021-06-14,133,24,4.0794,-0.2741,6,133,1.0000,True,0.1805,QUIET,50
kalba,2021-06-15,0,0,,,6,133,0.0000,False,,NODATA,50
kalba,2021-06-16,133,3,2.7578,-0.5383,6,133,1.0000,True,0.0226,QUIET,50
kalba,2021-06-17,133,0,1.7413,-0.6713,6,133,1.0000,True,0.0000,QUIET,50
kalba,2021-06-18,55,0,0.7296,-0.7067,6,133,0.4135,True,0.0000,QUIET,50
kalba,2021-06-19,0,0,,,6,133,0.0000,False,,NODATA,50
kalba,2021-06-20,124,0,0.6402,-0.7736,6,133,0.9323,True,0.0000,QUIET,50
kalba,2021-06-21,1,0,1.3202,0.7854,6,133,0.0075,False,,NODATA,50
kalba,2021-06-22,27,0,-0.2636,-0.5472,6,133,0.2030,True,0.0000,QUIET,50
kalba,2021-06-23,0,0,,,6,133,0.0000,False,,NODATA,50
kalba,2021-06-24,133,9,3.1493,-0.6455,6,133,1.0000,True,0.0677,QUIET,50
kalba,2021-06-25,0,0,,,6,133,0.0000,False,,NODATA,50
kalba,2021-06-26,133,5,3.5943,-0.6619,6,133,1.0000,True,0.0376,QUIET,50
kalba,2021-06-27,0,0,,,6,133,0.0000,False,,NODATA,50
kalba,2021-06-28,0,0,,,6,133,0.0000,False,,NODATA,50
kalba,2021-06-29,0,0,,,6,133,0.0000,False,,NODATA,50
kalba,2021-06-30,0,0,,,6,133,0.0000,False,,NODATA,50
kalba,2021-07-01,0,0,,,7,132,0.0000,False,,NODATA,50
kalba,2021-07-02,0,0,,,7,132,0.0000,False,,NODATA,50
kalba,2021-07-03,132,0,1.0176,-0.5006,7,132,1.0000,True,0.0000,QUIET,50
kalba,2021-07-04,0,0,,,7,132,0.0000,False,,NODATA,50
kalba,2021-07-05,0,0,,,7,132,0.0000,False,,NODATA,50
kalba,2021-07-06,0,0,,,7,132,0.0000,False,,NODATA,50
kalba,2021-07-07,8,0,1.2101,0.6178,7,132,0.0606,False,,NODATA,50
kalba,2021-07-08,0,0,,,7,132,0.0000,False,,NODATA,50
kalba,2021-07-09,132,0,1.7642,-0.2709,7,132,1.0000,True,0.0000,QUIET,50
kalba,2021-07-10,0,0,,,7,132,0.0000,False,,NODATA,50
kalba,2021-07-11,96,0,-1.5986,-0.9670,7,132,0.7273,True,0.0000,QUIET,50
kalba,2021-07-12,0,0,,,7,132,0.0000,False,,NODATA,50
kalba,2021-07-13,2,0,1.3557,0.1648,7,132,0.0152,False,,NODATA,50
kalba,2021-07-14,0,0,,,7,132,0.0000,False,,NODATA,50
kalba,2021-07-15,55,10,2.7762,-0.1489,7,132,0.4167,True,0.1818,QUIET,50
kalba,2021-07-16,0,0,,,7,132,0.0000,False,,NODATA,50
kalba,2021-07-17,94,0,1.0153,-0.4902,7,132,0.7121,True,0.0000,QUIET,50
kalba,2021-07-18,97,3,2.7799,-0.3519,7,132,0.7348,True,0.0309,QUIET,50
kalba,2021-07-19,130,7,2.3540,-0.2593,7,132,0.9848,True,0.0538,QUIET,50
kalba,2021-07-20,0,0,,,7,132,0.0000,False,,NODATA,50
kalba,2021-07-21,4,0,1.5777,-0.1409,7,132,0.0303,False,,NODATA,50
kalba,2021-07-22,82,2,2.2405,-0.2657,7,132,0.6212,True,0.0244,QUIET,50
kalba,2021-07-23,132,26,3.3395,-0.0742,7,132,1.0000,True,0.1970,QUIET,50
kalba,2021-07-24,0,0,,,7,132,0.0000,False,,NODATA,50
kalba,2021-07-25,20,6,3.3943,-0.3049,7,132,0.1515,True,0.3000,EXCEED,50
kalba,2021-07-26,132,18,2.8931,-0.1603,7,132,1.0000,True,0.1364,QUIET,50
kalba,2021-07-27,131,23,3.2147,-0.1005,7,132,0.9924,True,0.1756,QUIET,50
kalba,2021-07-28,0,0,,,7,132,0.0000,False,,NODATA,50
kalba,2021-07-29,0,0,,,7,132,0.0000,False,,NODATA,50
kalba,2021-07-30,0,0,,,7,132,0.0000,False,,NODATA,50
kalba,2021-07-31,0,0,,,7,132,0.0000,False,,NODATA,50
kalba,2021-08-01,17,1,2.0643,0.4228,8,133,0.1278,True,0.0588,QUIET,50
kalba,2021-08-02,123,36,3.3822,0.2766,8,133,0.9248,True,0.2927,EXCEED,50
kalba,2021-08-03,107,26,3.6430,0.2299,8,133,0.8045,True,0.2430,ALERT,50
kalba,2021-08-04,0,0,,,8,133,0.0000,False,,NODATA,50
kalba,2021-08-05,131,0,1.7807,0.0721,8,133,0.9850,True,0.0000,QUIET,50
kalba,2021-08-06,129,0,1.3257,-0.0889,8,133,0.9699,True,0.0000,QUIET,50
kalba,2021-08-07,133,1,2.1198,0.0129,8,133,1.0000,True,0.0075,QUIET,50
kalba,2021-08-08,0,0,,,8,133,0.0000,False,,NODATA,50
kalba,2021-08-09,31,0,1.0810,-0.3591,8,133,0.2331,True,0.0000,QUIET,50
kalba,2021-08-10,0,0,,,8,133,0.0000,False,,NODATA,50
kalba,2021-08-11,5,0,1.6229,0.3884,8,133,0.0376,False,,NODATA,50
kalba,2021-08-12,0,0,,,8,133,0.0000,False,,NODATA,50
kalba,2021-08-13,121,30,3.1129,0.2017,8,133,0.9098,True,0.2479,EXCEED,50
kalba,2021-08-14,8,0,1.7470,0.6732,8,133,0.0602,False,,NODATA,50
kalba,2021-08-15,28,0,1.3347,-0.0687,8,133,0.2105,True,0.0000,QUIET,50
kalba,2021-08-16,0,0,,,8,133,0.0000,False,,NODATA,50
kalba,2021-08-17,0,0,,,8,133,0.0000,False,,NODATA,50
kalba,2021-08-18,0,0,,,8,133,0.0000,False,,NODATA,50
kalba,2021-08-19,0,0,,,8,133,0.0000,False,,NODATA,50
kalba,2021-08-20,0,0,,,8,133,0.0000,False,,NODATA,50
kalba,2021-08-21,125,48,3.0434,0.0593,8,133,0.9398,True,0.3840,EXCEED,50
kalba,2021-08-22,123,6,2.8590,0.0722,8,133,0.9248,True,0.0488,QUIET,50
kalba,2021-08-23,20,5,2.3537,0.1637,8,133,0.1504,True,0.2500,ALERT,50
kalba,2021-08-24,11,2,2.1729,0.7047,8,133,0.0827,False,,NODATA,50
kalba,2021-08-25,0,0,,,8,133,0.0000,False,,NODATA,50
kalba,2021-08-26,133,0,1.2584,-0.1127,8,133,1.0000,True,0.0000,QUIET,50
kalba,2021-08-27,0,0,,,8,133,0.0000,False,,NODATA,50
kalba,2021-08-28,49,10,2.9075,0.3729,8,133,0.3684,True,0.2041,QUIET,50
kalba,2021-08-29,63,6,2.5742,-0.2142,8,133,0.4737,True,0.0952,QUIET,50
kalba,2021-08-30,125,0,1.3129,-0.3970,8,133,0.9398,True,0.0000,QUIET,50
kalba,2021-08-31,0,0,,,8,133,0.0000,False,,NODATA,50
kalba,2021-09-01,133,28,3.1183,-0.1257,9,133,1.0000,True,0.2105,QUIET,50
kalba,2021-09-02,119,29,2.7241,-0.1472,9,133,0.8947,True,0.2437,EXCEED,50
kalba,2021-09-03,133,12,2.5551,-0.1769,9,133,1.0000,True,0.0902,QUIET,50
kalba,2021-09-04,0,0,,,9,133,0.0000,False,,NODATA,50
kalba,2021-09-05,131,0,1.4266,-0.4175,9,133,0.9850,True,0.0000,QUIET,50
kalba,2021-09-06,71,0,1.4401,-0.4138,9,133,0.5338,True,0.0000,QUIET,50
kalba,2021-09-07,82,0,1.7620,-0.5866,9,133,0.6165,True,0.0000,QUIET,50
kalba,2021-09-08,0,0,,,9,133,0.0000,False,,NODATA,50
kalba,2021-09-09,115,0,1.3639,-0.6596,9,133,0.8647,True,0.0000,QUIET,50
kalba,2021-09-10,121,0,0.7697,-0.6377,9,133,0.9098,True,0.0000,QUIET,50
kalba,2021-09-11,133,0,1.1172,-0.6876,9,133,1.0000,True,0.0000,QUIET,50
kalba,2021-09-12,0,0,,,9,133,0.0000,False,,NODATA,50
kalba,2021-09-13,133,3,2.3289,-0.5100,9,133,1.0000,True,0.0226,QUIET,50
kalba,2021-09-14,133,0,1.1972,-0.5492,9,133,1.0000,True,0.0000,QUIET,50
kalba,2021-09-15,132,0,1.9929,-0.5413,9,133,0.9925,True,0.0000,QUIET,50
kalba,2021-09-16,5,2,2.1758,0.7968,9,133,0.0376,False,,NODATA,50
kalba,2021-09-17,133,3,2.1620,-0.4043,9,133,1.0000,True,0.0226,QUIET,50
kalba,2021-09-18,133,0,1.8343,-0.5051,9,133,1.0000,True,0.0000,QUIET,50
kalba,2021-09-19,103,0,0.8080,-0.5087,9,133,0.7744,True,0.0000,QUIET,50
kalba,2021-09-20,66,4,3.0212,-0.4082,9,133,0.4962,True,0.0606,QUIET,50
kalba,2021-09-21,106,1,2.1935,-0.5203,9,133,0.7970,True,0.0094,QUIET,50
kalba,2021-09-22,133,1,2.0721,-0.5609,9,133,1.0000,True,0.0075,QUIET,50
kalba,2021-09-23,118,4,3.0087,-0.6103,9,133,0.8872,True,0.0339,QUIET,50
kalba,2021-09-24,115,5,3.1006,-0.5245,9,133,0.8647,True,0.0435,QUIET,50
kalba,2021-09-25,104,0,1.8210,-0.4235,9,133,0.7820,True,0.0000,QUIET,50
kalba,2021-09-26,132,0,1.9621,-0.3834,9,133,0.9925,True,0.0000,QUIET,50
kalba,2021-09-27,1,0,-1.2268,-0.7231,9,133,0.0075,False,,NODATA,50
kalba,2021-09-28,133,11,3.9981,-0.2382,9,133,1.0000,True,0.0827,QUIET,50
kalba,2021-09-29,132,7,4.1503,-0.2809,9,133,0.9925,True,0.0530,QUIET,50
kalba,2021-09-30,128,13,3.3393,-0.3683,9,133,0.9624,True,0.1016,QUIET,50
kalba,2021-10-01,0,0,,,10,133,0.0000,False,,NODATA,50
kalba,2021-10-02,124,16,4.6442,-0.2521,10,133,0.9323,True,0.1290,QUIET,50
kalba,2021-10-03,0,0,,,10,133,0.0000,False,,NODATA,50
kalba,2021-10-04,0,0,,,10,133,0.0000,False,,NODATA,50
kalba,2021-10-05,0,0,,,10,133,0.0000,False,,NODATA,50
kalba,2021-10-06,96,16,3.6168,-0.1459,10,133,0.7218,True,0.1667,QUIET,50
kalba,2021-10-07,133,45,3.8250,-0.1105,10,133,1.0000,True,0.3383,EXCEED,50
kalba,2021-10-08,133,58,4.4758,-0.0744,10,133,1.0000,True,0.4361,ALERT,50
kalba,2021-10-09,13,7,2.4854,0.6737,10,133,0.0977,False,,NODATA,50
kalba,2021-10-10,132,6,3.4299,-0.3601,10,133,0.9925,True,0.0455,QUIET,50
kalba,2021-10-11,133,18,3.4050,-0.2296,10,133,1.0000,True,0.1353,QUIET,50
kalba,2021-10-12,132,33,4.1760,-0.1393,10,133,0.9925,True,0.2500,ALERT,50
kalba,2021-10-13,31,5,3.1526,-0.1244,10,133,0.2331,True,0.1613,QUIET,50
kalba,2021-10-14,133,9,3.1315,-0.2143,10,133,1.0000,True,0.0677,QUIET,50
kalba,2021-10-15,133,0,1.6519,-0.3221,10,133,1.0000,True,0.0000,QUIET,50
kalba,2021-10-16,133,20,3.4703,-0.1579,10,133,1.0000,True,0.1504,QUIET,50
kalba,2021-10-17,133,5,2.8730,-0.3192,10,133,1.0000,True,0.0376,QUIET,50
kalba,2021-10-18,132,15,3.8166,-0.2478,10,133,0.9925,True,0.1136,QUIET,50
kalba,2021-10-19,0,0,,,10,133,0.0000,False,,NODATA,50
kalba,2021-10-20,132,11,4.3468,-0.2764,10,133,0.9925,True,0.0833,QUIET,50
kalba,2021-10-21,130,8,3.2804,-0.3592,10,133,0.9774,True,0.0615,QUIET,50
kalba,2021-10-22,123,0,1.8827,-0.4616,10,133,0.9248,True,0.0000,QUIET,50
kalba,2021-10-23,131,6,3.7960,-0.3338,10,133,0.9850,True,0.0458,QUIET,50
kalba,2021-10-24,0,0,,,10,133,0.0000,False,,NODATA,50
kalba,2021-10-25,132,17,3.6999,-0.2045,10,133,0.9925,True,0.1288,QUIET,50
kalba,2021-10-26,122,3,3.1612,-0.4016,10,133,0.9173,True,0.0246,QUIET,50
kalba,2021-10-27,119,1,3.2608,-0.4462,10,133,0.8947,True,0.0084,QUIET,50
kalba,2021-10-28,0,0,,,10,133,0.0000,False,,NODATA,50
kalba,2021-10-29,132,11,3.7963,-0.2814,10,133,0.9925,True,0.0833,QUIET,50
kalba,2021-10-30,133,14,3.4300,-0.2414,10,133,1.0000,True,0.1053,QUIET,50
kalba,2021-10-31,0,0,,,10,133,0.0000,False,,NODATA,50
kalba,2021-11-01,0,0,,,11,133,0.0000,False,,NODATA,50
kalba,2021-11-02,132,2,2.0482,-0.1206,11,133,0.9925,True,0.0152,QUIET,50
kalba,2021-11-03,133,1,2.0432,-0.1279,11,133,1.0000,True,0.0075,QUIET,50
kalba,2021-11-04,133,0,1.6975,-0.1453,11,133,1.0000,True,0.0000,QUIET,50
kalba,2021-11-05,132,0,1.0625,-0.1825,11,133,0.9925,True,0.0000,QUIET,50
kalba,2021-11-06,133,0,1.3512,-0.1768,11,133,1.0000,True,0.0000,QUIET,50
kalba,2021-11-07,131,0,0.6003,-0.2623,11,133,0.9850,True,0.0000,QUIET,50
kalba,2021-11-08,105,0,0.6138,-0.3657,11,133,0.7895,True,0.0000,QUIET,50
kalba,2021-11-09,133,0,1.7876,-0.1559,11,133,1.0000,True,0.0000,QUIET,50
kalba,2021-11-10,133,0,1.8964,-0.0802,11,133,1.0000,True,0.0000,QUIET,50
kalba,2021-11-11,133,1,2.0216,-0.0925,11,133,1.0000,True,0.0075,QUIET,50
kalba,2021-11-12,0,0,,,11,133,0.0000,False,,NODATA,50
kalba,2021-11-13,132,30,2.9490,0.1188,11,133,0.9925,True,0.2273,QUIET,50
kalba,2021-11-14,133,0,1.9169,0.0030,11,133,1.0000,True,0.0000,QUIET,50
kalba,2021-11-15,133,0,1.9692,-0.0221,11,133,1.0000,True,0.0000,QUIET,50
kalba,2021-11-16,131,33,3.0864,0.1231,11,133,0.9850,True,0.2519,EXCEED,50
kalba,2021-11-17,128,0,1.8548,-0.0648,11,133,0.9624,True,0.0000,QUIET,50
kalba,2021-11-18,90,14,3.3627,-0.1240,11,133,0.6767,True,0.1556,QUIET,50
kalba,2021-11-19,133,71,5.1809,0.1837,11,133,1.0000,True,0.5338,ALERT,50
kalba,2021-11-20,0,0,,,11,133,0.0000,False,,NODATA,50
kalba,2021-11-21,133,24,2.9218,-0.0192,11,133,1.0000,True,0.1805,QUIET,50
kalba,2021-11-22,132,12,3.0420,-0.0383,11,133,0.9925,True,0.0909,QUIET,50
kalba,2021-11-23,132,36,3.6869,0.0804,11,133,0.9925,True,0.2727,ALERT,50
kalba,2021-11-24,0,0,,,11,133,0.0000,False,,NODATA,50
kalba,2021-11-25,133,2,2.0040,-0.0418,11,133,1.0000,True,0.0150,QUIET,50
kalba,2021-11-26,133,0,1.7832,-0.1133,11,133,1.0000,True,0.0000,QUIET,50
kalba,2021-11-27,133,23,2.7629,0.1072,11,133,1.0000,True,0.1729,QUIET,50
kalba,2021-11-28,0,0,,,11,133,0.0000,False,,NODATA,50
kalba,2021-11-29,122,0,1.3888,-0.2573,11,133,0.9173,True,0.0000,QUIET,50
kalba,2021-11-30,98,1,2.1013,-0.4130,11,133,0.7368,True,0.0102,QUIET,50
kalba,2021-12-01,133,2,2.7904,-0.1945,12,133,1.0000,True,0.0150,QUIET,50
kalba,2021-12-02,133,2,2.1157,-0.0396,12,133,1.0000,True,0.0150,QUIET,50
kalba,2021-12-03,132,0,1.7289,-0.1287,12,133,0.9925,True,0.0000,QUIET,50
kalba,2021-12-04,133,1,2.0769,-0.0557,12,133,1.0000,True,0.0075,QUIET,50
kalba,2021-12-05,127,1,2.0465,-0.2297,12,133,0.9549,True,0.0079,QUIET,50
kalba,2021-12-06,133,0,1.6911,-0.1405,12,133,1.0000,True,0.0000,QUIET,50
kalba,2021-12-07,133,0,1.8291,-0.2016,12,133,1.0000,True,0.0000,QUIET,50
kalba,2021-12-08,133,4,2.5075,-0.0989,12,133,1.0000,True,0.0301,QUIET,50
kalba,2021-12-09,132,36,4.1130,0.0146,12,133,0.9925,True,0.2727,EXCEED,50
kalba,2021-12-10,105,5,2.7788,-0.3091,12,133,0.7895,True,0.0476,QUIET,50
kalba,2021-12-11,122,6,3.0958,-0.2457,12,133,0.9173,True,0.0492,QUIET,50
kalba,2021-12-12,0,0,,,12,133,0.0000,False,,NODATA,50
kalba,2021-12-13,131,0,0.2625,-0.4053,12,133,0.9850,True,0.0000,QUIET,50
kalba,2021-12-14,133,3,2.3734,-0.0948,12,133,1.0000,True,0.0226,QUIET,50
kalba,2021-12-15,133,1,2.1693,-0.1832,12,133,1.0000,True,0.0075,QUIET,50
kalba,2021-12-16,34,3,2.2571,-0.2291,12,133,0.2556,True,0.0882,QUIET,50
kalba,2021-12-17,0,0,,,12,133,0.0000,False,,NODATA,50
kalba,2021-12-18,85,4,3.0166,-0.2289,12,133,0.6391,True,0.0471,QUIET,50
kalba,2021-12-19,128,0,1.9638,-0.3100,12,133,0.9624,True,0.0000,QUIET,50
kalba,2021-12-20,131,2,2.2920,-0.1929,12,133,0.9850,True,0.0153,QUIET,50
kalba,2021-12-21,0,0,,,12,133,0.0000,False,,NODATA,50
kalba,2021-12-22,133,1,2.1394,-0.1195,12,133,1.0000,True,0.0075,QUIET,50
kalba,2021-12-23,133,5,3.4356,-0.0801,12,133,1.0000,True,0.0376,QUIET,50
kalba,2021-12-24,132,11,3.4928,-0.0542,12,133,0.9925,True,0.0833,QUIET,50
kalba,2021-12-25,0,0,,,12,133,0.0000,False,,NODATA,50
kalba,2021-12-26,128,22,3.8611,-0.1340,12,133,0.9624,True,0.1719,QUIET,50
kalba,2021-12-27,72,6,3.0810,-0.2243,12,133,0.5414,True,0.0833,QUIET,50
kalba,2021-12-28,133,5,3.4621,-0.2183,12,133,1.0000,True,0.0376,QUIET,50
kalba,2021-12-29,65,3,3.2170,-0.3389,12,133,0.4887,True,0.0462,QUIET,50
kalba,2021-12-30,13,0,0.8551,-0.4924,12,133,0.0977,False,,NODATA,50
kalba,2021-12-31,50,0,0.2596,-0.5029,12,133,0.3759,True,0.0000,QUIET,50
kalba,2022-01-01,0,0,,,1,133,0.0000,False,,NODATA,50
kalba,2022-01-02,15,0,1.0566,-0.4505,1,133,0.1128,True,0.0000,QUIET,50
kalba,2022-01-03,133,3,2.7083,-0.0877,1,133,1.0000,True,0.0226,QUIET,50
kalba,2022-01-04,0,0,,,1,133,0.0000,False,,NODATA,50
kalba,2022-01-05,67,0,-1.5080,-0.6774,1,133,0.5038,True,0.0000,QUIET,50
kalba,2022-01-06,118,0,0.3461,-0.4391,1,133,0.8872,True,0.0000,QUIET,50
kalba,2022-01-07,77,11,4.2469,-0.4413,1,133,0.5789,True,0.1429,QUIET,50
kalba,2022-01-08,133,0,1.2937,-0.2037,1,133,1.0000,True,0.0000,QUIET,50
kalba,2022-01-09,113,0,1.1589,-0.3013,1,133,0.8496,True,0.0000,QUIET,50
kalba,2022-01-10,118,0,1.4579,-0.3873,1,133,0.8872,True,0.0000,QUIET,50
kalba,2022-01-11,56,0,-0.1572,-0.3584,1,133,0.4211,True,0.0000,QUIET,50
kalba,2022-01-12,132,0,0.4868,-0.3343,1,133,0.9925,True,0.0000,QUIET,50
kalba,2022-01-13,0,0,,,1,133,0.0000,False,,NODATA,50
kalba,2022-01-14,129,3,4.1327,-0.4183,1,133,0.9699,True,0.0233,QUIET,50
kalba,2022-01-15,103,2,3.2219,-0.4030,1,133,0.7744,True,0.0194,QUIET,50
kalba,2022-01-16,0,0,,,1,133,0.0000,False,,NODATA,50
kalba,2022-01-17,0,0,,,1,133,0.0000,False,,NODATA,50
kalba,2022-01-18,11,1,3.6014,-0.3133,1,133,0.0827,False,,NODATA,50
kalba,2022-01-19,79,3,3.0243,-0.1629,1,133,0.5940,True,0.0380,QUIET,50
kalba,2022-01-20,52,12,5.4174,0.0155,1,133,0.3910,True,0.2308,EXCEED,50
kalba,2022-01-21,0,0,,,1,133,0.0000,False,,NODATA,50
kalba,2022-01-22,86,1,4.3689,-0.2046,1,133,0.6466,True,0.0116,QUIET,50
kalba,2022-01-23,133,1,3.6492,-0.3131,1,133,1.0000,True,0.0075,QUIET,50
kalba,2022-01-24,133,3,2.6917,-0.1895,1,133,1.0000,True,0.0226,QUIET,50
kalba,2022-01-25,133,4,2.9550,-0.2835,1,133,1.0000,True,0.0301,QUIET,50
kalba,2022-01-26,133,0,1.5490,-0.2307,1,133,1.0000,True,0.0000,QUIET,50
kalba,2022-01-27,133,4,3.3905,-0.2002,1,133,1.0000,True,0.0301,QUIET,50
kalba,2022-01-28,132,5,2.7973,-0.0820,1,133,0.9925,True,0.0379,QUIET,50
kalba,2022-01-29,132,11,3.1305,-0.0231,1,133,0.9925,True,0.0833,QUIET,50
kalba,2022-01-30,132,0,1.9709,-0.0872,1,133,0.9925,True,0.0000,QUIET,50
kalba,2022-01-31,133,0,-0.0835,-0.4482,1,133,1.0000,True,0.0000,QUIET,50
kalba,2022-02-01,59,27,3.6505,0.5442,2,133,0.4436,True,0.4576,EXCEED,50
kalba,2022-02-02,133,3,2.6102,-0.2282,2,133,1.0000,True,0.0226,QUIET,50
kalba,2022-02-03,133,0,1.2647,-0.4382,2,133,1.0000,True,0.0000,QUIET,50
kalba,2022-02-04,132,3,2.3759,-0.1730,2,133,0.9925,True,0.0227,QUIET,50
kalba,2022-02-05,83,21,5.0104,0.3397,2,133,0.6241,True,0.2530,ALERT,50
kalba,2022-02-06,132,11,3.3782,-0.0224,2,133,0.9925,True,0.0833,QUIET,50
kalba,2022-02-07,129,1,2.3256,-0.2406,2,133,0.9699,True,0.0078,QUIET,50
kalba,2022-02-08,133,4,2.2681,-0.2029,2,133,1.0000,True,0.0301,QUIET,50
kalba,2022-02-09,1,0,-0.4482,-0.1915,2,133,0.0075,False,,NODATA,50
kalba,2022-02-10,133,17,4.5614,0.0801,2,133,1.0000,True,0.1278,QUIET,50
kalba,2022-02-11,133,15,3.2832,0.0334,2,133,1.0000,True,0.1128,QUIET,50
kalba,2022-02-12,130,23,3.0511,0.3977,2,133,0.9774,True,0.1769,QUIET,50
kalba,2022-02-13,0,0,,,2,133,0.0000,False,,NODATA,50
kalba,2022-02-14,0,0,,,2,133,0.0000,False,,NODATA,50
kalba,2022-02-15,133,0,1.7858,-0.1479,2,133,1.0000,True,0.0000,QUIET,50
kalba,2022-02-16,133,0,1.6378,-0.0814,2,133,1.0000,True,0.0000,QUIET,50
kalba,2022-02-17,0,0,,,2,133,0.0000,False,,NODATA,50
kalba,2022-02-18,133,1,2.3364,-0.0642,2,133,1.0000,True,0.0075,QUIET,50
kalba,2022-02-19,133,9,3.0397,0.1086,2,133,1.0000,True,0.0677,QUIET,50
kalba,2022-02-20,132,31,3.3634,0.3462,2,133,0.9925,True,0.2348,EXCEED,50
kalba,2022-02-21,93,52,5.4127,0.6193,2,133,0.6992,True,0.5591,ALERT,50
kalba,2022-02-22,132,7,3.0129,0.1633,2,133,0.9925,True,0.0530,QUIET,50
kalba,2022-02-23,133,8,2.8664,0.0908,2,133,1.0000,True,0.0602,QUIET,50
kalba,2022-02-24,47,32,5.0129,0.7165,2,133,0.3534,True,0.6809,ALERT,50
kalba,2022-02-25,132,58,4.3801,0.4880,2,133,0.9925,True,0.4394,ALERT,50
kalba,2022-02-26,133,0,0.6284,-0.1593,2,133,1.0000,True,0.0000,QUIET,50
kalba,2022-02-27,90,38,4.9513,0.4216,2,133,0.6767,True,0.4222,ALERT,50
kalba,2022-02-28,90,54,4.2198,0.5974,2,133,0.6767,True,0.6000,ALERT,50
kalba,2022-03-01,128,33,3.9132,0.0290,3,133,0.9624,True,0.2578,ALERT,50
kalba,2022-03-02,133,59,4.1928,0.7215,3,133,1.0000,True,0.4436,ALERT,50
kalba,2022-03-03,133,22,3.0255,0.5170,3,133,1.0000,True,0.1654,QUIET,50
kalba,2022-03-04,58,5,5.6465,0.4200,3,133,0.4361,True,0.0862,QUIET,50
kalba,2022-03-05,24,4,2.3951,0.5623,3,133,0.1805,True,0.1667,QUIET,50
kalba,2022-03-06,114,20,2.9192,0.5547,3,133,0.8571,True,0.1754,QUIET,50
kalba,2022-03-07,25,0,1.7505,0.0104,3,133,0.1880,True,0.0000,QUIET,50
kalba,2022-03-08,0,0,,,3,133,0.0000,False,,NODATA,50
kalba,2022-03-09,80,1,2.5240,0.4053,3,133,0.6015,True,0.0125,QUIET,50
kalba,2022-03-10,32,0,1.6650,0.4543,3,133,0.2406,True,0.0000,QUIET,50
kalba,2022-03-11,107,0,1.8806,0.2528,3,133,0.8045,True,0.0000,QUIET,50
kalba,2022-03-12,0,0,,,3,133,0.0000,False,,NODATA,50
kalba,2022-03-13,133,0,1.3136,0.1755,3,133,1.0000,True,0.0000,QUIET,50
kalba,2022-03-14,129,1,2.1448,0.1096,3,133,0.9699,True,0.0078,QUIET,50
kalba,2022-03-15,132,0,1.0598,0.0843,3,133,0.9925,True,0.0000,QUIET,50
kalba,2022-03-16,0,0,,,3,133,0.0000,False,,NODATA,50
kalba,2022-03-17,133,0,1.2391,-0.1074,3,133,1.0000,True,0.0000,QUIET,50
kalba,2022-03-18,98,0,1.0849,-0.0593,3,133,0.7368,True,0.0000,QUIET,50
kalba,2022-03-19,123,0,-0.0977,-0.2635,3,133,0.9248,True,0.0000,QUIET,50
kalba,2022-03-20,2,1,2.0884,0.7669,3,133,0.0150,False,,NODATA,50
kalba,2022-03-21,133,0,1.7472,-0.1774,3,133,1.0000,True,0.0000,QUIET,50
kalba,2022-03-22,132,6,3.3747,-0.1683,3,133,0.9925,True,0.0455,QUIET,50
kalba,2022-03-23,133,12,2.6470,0.0586,3,133,1.0000,True,0.0902,QUIET,50
kalba,2022-03-24,9,0,1.8938,0.7329,3,133,0.0677,False,,NODATA,50
kalba,2022-03-25,131,1,2.0346,0.1680,3,133,0.9850,True,0.0076,QUIET,50
kalba,2022-03-26,132,0,1.5027,0.0310,3,133,0.9925,True,0.0000,QUIET,50
kalba,2022-03-27,100,0,1.8596,-0.0297,3,133,0.7519,True,0.0000,QUIET,50
kalba,2022-03-28,17,1,2.0013,0.7617,3,133,0.1278,True,0.0588,QUIET,50
kalba,2022-03-29,133,3,2.7068,-0.0429,3,133,1.0000,True,0.0226,QUIET,50
kalba,2022-03-30,128,0,0.0606,-0.5416,3,133,0.9624,True,0.0000,QUIET,50
kalba,2022-03-31,55,1,3.3035,-0.2004,3,133,0.4135,True,0.0182,QUIET,50
kalba,2022-04-01,63,1,2.8240,-0.2346,4,133,0.4737,True,0.0159,QUIET,50
kalba,2022-04-02,133,0,1.4834,-0.2853,4,133,1.0000,True,0.0000,QUIET,50
kalba,2022-04-03,132,0,0.8753,-0.2891,4,133,0.9925,True,0.0000,QUIET,50
kalba,2022-04-04,0,0,,,4,133,0.0000,False,,NODATA,50
kalba,2022-04-05,133,0,1.7858,-0.2075,4,133,1.0000,True,0.0000,QUIET,50
kalba,2022-04-06,132,0,1.5068,-0.2917,4,133,0.9925,True,0.0000,QUIET,50
kalba,2022-04-07,132,0,1.3797,-0.2476,4,133,0.9925,True,0.0000,QUIET,50
kalba,2022-04-08,0,0,,,4,133,0.0000,False,,NODATA,50
kalba,2022-04-09,133,0,0.9278,-0.2298,4,133,1.0000,True,0.0000,QUIET,50
kalba,2022-04-10,55,0,-0.9572,-0.3739,4,133,0.4135,True,0.0000,QUIET,50
kalba,2022-04-11,133,0,0.5474,-0.2781,4,133,1.0000,True,0.0000,QUIET,50
kalba,2022-04-12,0,0,,,4,133,0.0000,False,,NODATA,50
kalba,2022-04-13,130,0,0.2823,-0.1149,4,133,0.9774,True,0.0000,QUIET,50
kalba,2022-04-14,0,0,,,4,133,0.0000,False,,NODATA,50
kalba,2022-04-15,60,0,0.0918,-0.3711,4,133,0.4511,True,0.0000,QUIET,50
kalba,2022-04-16,0,0,,,4,133,0.0000,False,,NODATA,50
kalba,2022-04-17,131,0,0.8720,-0.1857,4,133,0.9850,True,0.0000,QUIET,50
kalba,2022-04-18,73,0,0.9022,-0.3792,4,133,0.5489,True,0.0000,QUIET,50
kalba,2022-04-19,129,0,1.1870,-0.2255,4,133,0.9699,True,0.0000,QUIET,50
kalba,2022-04-20,0,0,,,4,133,0.0000,False,,NODATA,50
kalba,2022-04-21,132,0,0.6076,-0.4319,4,133,0.9925,True,0.0000,QUIET,50
kalba,2022-04-22,133,0,1.6217,-0.4425,4,133,1.0000,True,0.0000,QUIET,50
kalba,2022-04-23,0,0,,,4,133,0.0000,False,,NODATA,50
kalba,2022-04-24,5,5,2.6175,0.7480,4,133,0.0376,False,,NODATA,50
kalba,2022-04-25,133,0,1.1262,-0.4347,4,133,1.0000,True,0.0000,QUIET,50
kalba,2022-04-26,133,0,0.9362,-0.4643,4,133,1.0000,True,0.0000,QUIET,50
kalba,2022-04-27,78,0,-1.4562,-0.6646,4,133,0.5865,True,0.0000,QUIET,50
kalba,2022-04-28,37,0,1.7777,-0.3267,4,133,0.2782,True,0.0000,QUIET,50
kalba,2022-04-29,132,0,0.5142,-0.3612,4,133,0.9925,True,0.0000,QUIET,50
kalba,2022-04-30,133,0,1.1910,-0.4634,4,133,1.0000,True,0.0000,QUIET,50
kalba,2022-05-01,0,0,,,5,133,0.0000,False,,NODATA,50
kalba,2022-05-02,130,1,2.5313,-0.4292,5,133,0.9774,True,0.0077,QUIET,50
kalba,2022-05-03,55,0,-1.1121,-0.5961,5,133,0.4135,True,0.0000,QUIET,50
kalba,2022-05-04,132,0,0.6557,-0.4164,5,133,0.9925,True,0.0000,QUIET,50
kalba,2022-05-05,0,0,,,5,133,0.0000,False,,NODATA,50
kalba,2022-05-06,103,0,-1.4038,-0.8211,5,133,0.7744,True,0.0000,QUIET,50
kalba,2022-05-07,0,0,,,5,133,0.0000,False,,NODATA,50
kalba,2022-05-08,133,0,0.8266,-0.4587,5,133,1.0000,True,0.0000,QUIET,50
kalba,2022-05-09,0,0,,,5,133,0.0000,False,,NODATA,50
kalba,2022-05-10,131,0,1.8987,-0.3928,5,133,0.9850,True,0.0000,QUIET,50
kalba,2022-05-11,123,0,1.3804,-0.3885,5,133,0.9248,True,0.0000,QUIET,50
kalba,2022-05-12,133,0,1.4742,-0.3213,5,133,1.0000,True,0.0000,QUIET,50
kalba,2022-05-13,0,0,,,5,133,0.0000,False,,NODATA,50
kalba,2022-05-14,132,0,1.6470,-0.3375,5,133,0.9925,True,0.0000,QUIET,50
kalba,2022-05-15,0,0,,,5,133,0.0000,False,,NODATA,50
kalba,2022-05-16,127,0,-0.1627,-0.6188,5,133,0.9549,True,0.0000,QUIET,50
kalba,2022-05-17,0,0,,,5,133,0.0000,False,,NODATA,50
kalba,2022-05-18,132,0,0.2972,-0.4595,5,133,0.9925,True,0.0000,QUIET,50
kalba,2022-05-19,129,0,1.8513,-0.8125,5,133,0.9699,True,0.0000,QUIET,50
kalba,2022-05-20,77,3,2.3746,-0.7288,5,133,0.5789,True,0.0390,QUIET,50
kalba,2022-05-21,0,0,,,5,133,0.0000,False,,NODATA,50
kalba,2022-05-22,133,0,0.7464,-0.5702,5,133,1.0000,True,0.0000,QUIET,50
kalba,2022-05-23,112,1,2.1560,-1.0105,5,133,0.8421,True,0.0089,QUIET,50
kalba,2022-05-24,0,0,,,5,133,0.0000,False,,NODATA,50
kalba,2022-05-25,1,1,2.5382,0.6187,5,133,0.0075,False,,NODATA,50
kalba,2022-05-26,128,1,2.2745,-0.5456,5,133,0.9624,True,0.0078,QUIET,50
kalba,2022-05-27,31,0,-1.8742,-0.9204,5,133,0.2331,True,0.0000,QUIET,50
kalba,2022-05-28,0,0,,,5,133,0.0000,False,,NODATA,50
kalba,2022-05-29,129,1,2.3676,-0.6253,5,133,0.9699,True,0.0078,QUIET,50
kalba,2022-05-30,133,0,0.1299,-0.5568,5,133,1.0000,True,0.0000,QUIET,50
kalba,2022-05-31,133,0,0.9178,-0.5645,5,133,1.0000,True,0.0000,QUIET,50
kalba,2022-06-01,0,0,,,6,133,0.0000,False,,NODATA,50
kalba,2022-06-02,133,0,1.9542,-0.5708,6,133,1.0000,True,0.0000,QUIET,50
kalba,2022-06-03,133,0,1.0099,-0.6964,6,133,1.0000,True,0.0000,QUIET,50
kalba,2022-06-04,132,0,0.8012,-0.5743,6,133,0.9925,True,0.0000,QUIET,50
kalba,2022-06-05,0,0,,,6,133,0.0000,False,,NODATA,50
kalba,2022-06-06,132,0,0.6544,-0.6090,6,133,0.9925,True,0.0000,QUIET,50
kalba,2022-06-07,113,2,2.5148,-0.6744,6,133,0.8496,True,0.0177,QUIET,50
kalba,2022-06-08,122,0,1.2534,-0.6621,6,133,0.9173,True,0.0000,QUIET,50
kalba,2022-06-09,0,0,,,6,133,0.0000,False,,NODATA,50
kalba,2022-06-10,131,0,0.0806,-0.7122,6,133,0.9850,True,0.0000,QUIET,50
kalba,2022-06-11,76,0,0.0668,-0.7400,6,133,0.5714,True,0.0000,QUIET,50
kalba,2022-06-12,16,1,2.6926,-0.0472,6,133,0.1203,True,0.0625,QUIET,50
kalba,2022-06-13,0,0,,,6,133,0.0000,False,,NODATA,50
kalba,2022-06-14,111,1,2.1427,-0.6609,6,133,0.8346,True,0.0090,QUIET,50
kalba,2022-06-15,130,0,1.8357,-0.6776,6,133,0.9774,True,0.0000,QUIET,50
kalba,2022-06-16,107,1,2.9636,-0.6558,6,133,0.8045,True,0.0093,QUIET,50
kalba,2022-06-17,0,0,,,6,133,0.0000,False,,NODATA,50
kalba,2022-06-18,118,0,-0.1477,-0.9761,6,133,0.8872,True,0.0000,QUIET,50
kalba,2022-06-19,123,0,1.7218,-0.6821,6,133,0.9248,True,0.0000,QUIET,50
kalba,2022-06-20,87,4,3.4869,-0.6976,6,133,0.6541,True,0.0460,QUIET,50
kalba,2022-06-21,21,3,3.2269,0.2636,6,133,0.1579,True,0.1429,QUIET,50
kalba,2022-06-22,123,1,2.7164,-0.6615,6,133,0.9248,True,0.0081,QUIET,50
kalba,2022-06-23,0,0,,,6,133,0.0000,False,,NODATA,50
kalba,2022-06-24,0,0,,,6,133,0.0000,False,,NODATA,50
kalba,2022-06-25,4,0,-1.1143,-0.5880,6,133,0.0301,False,,NODATA,50
kalba,2022-06-26,0,0,,,6,133,0.0000,False,,NODATA,50
kalba,2022-06-27,0,0,,,6,133,0.0000,False,,NODATA,50
kalba,2022-06-28,0,0,,,6,133,0.0000,False,,NODATA,50
kalba,2022-06-29,14,0,1.2575,-0.6458,6,133,0.1053,True,0.0000,QUIET,50
kalba,2022-06-30,0,0,,,6,133,0.0000,False,,NODATA,50
kalba,2022-07-01,3,0,-2.1216,-1.1957,7,132,0.0227,False,,NODATA,50
kalba,2022-07-02,0,0,,,7,132,0.0000,False,,NODATA,50
kalba,2022-07-03,26,0,1.1621,-1.2522,7,132,0.1970,True,0.0000,QUIET,50
kalba,2022-07-04,0,0,,,7,132,0.0000,False,,NODATA,50
kalba,2022-07-05,0,0,,,7,132,0.0000,False,,NODATA,50
kalba,2022-07-06,0,0,,,7,132,0.0000,False,,NODATA,50
kalba,2022-07-07,0,0,,,7,132,0.0000,False,,NODATA,50
kalba,2022-07-08,29,0,-0.4186,-0.7423,7,132,0.2197,True,0.0000,QUIET,50
kalba,2022-07-09,54,1,2.1317,-0.6583,7,132,0.4091,True,0.0185,QUIET,50
kalba,2022-07-10,0,0,,,7,132,0.0000,False,,NODATA,50
kalba,2022-07-11,1,0,-1.9606,-0.8189,7,132,0.0076,False,,NODATA,50
kalba,2022-07-12,110,0,0.8217,-0.8715,7,132,0.8333,True,0.0000,QUIET,50
kalba,2022-07-13,0,0,,,7,132,0.0000,False,,NODATA,50
kalba,2022-07-14,0,0,,,7,132,0.0000,False,,NODATA,50
kalba,2022-07-15,0,0,,,7,132,0.0000,False,,NODATA,50
kalba,2022-07-16,127,0,-1.9001,-0.9704,7,132,0.9621,True,0.0000,QUIET,50
kalba,2022-07-17,0,0,,,7,132,0.0000,False,,NODATA,50
kalba,2022-07-18,0,0,,,7,132,0.0000,False,,NODATA,50
kalba,2022-07-19,98,0,1.8916,-0.5160,7,132,0.7424,True,0.0000,QUIET,50
kalba,2022-07-20,14,0,0.3585,-0.2941,7,132,0.1061,True,0.0000,QUIET,50
kalba,2022-07-21,0,0,,,7,132,0.0000,False,,NODATA,50
kalba,2022-07-22,84,0,1.3410,-0.6552,7,132,0.6364,True,0.0000,QUIET,50
kalba,2022-07-23,12,0,-0.4037,-0.7174,7,132,0.0909,False,,NODATA,50
kalba,2022-07-24,4,0,-2.6061,-0.8590,7,132,0.0303,False,,NODATA,50
kalba,2022-07-25,0,0,,,7,132,0.0000,False,,NODATA,50
kalba,2022-07-26,0,0,,,7,132,0.0000,False,,NODATA,50
kalba,2022-07-27,3,0,-1.5974,-0.9430,7,132,0.0227,False,,NODATA,50
kalba,2022-07-28,26,0,1.3252,-0.2458,7,132,0.1970,True,0.0000,QUIET,50
kalba,2022-07-29,0,0,,,7,132,0.0000,False,,NODATA,50
kalba,2022-07-30,20,4,4.7932,-0.5973,7,132,0.1515,True,0.2000,QUIET,50
kalba,2022-07-31,15,0,1.6474,-0.6535,7,132,0.1136,True,0.0000,QUIET,50
kalba,2022-08-01,98,1,2.3001,-0.5681,8,133,0.7368,True,0.0102,QUIET,50
kalba,2022-08-02,0,0,,,8,133,0.0000,False,,NODATA,50
kalba,2022-08-03,60,1,2.0607,-0.5319,8,133,0.4511,True,0.0167,QUIET,50
kalba,2022-08-04,131,0,0.2548,-0.6774,8,133,0.9850,True,0.0000,QUIET,50
kalba,2022-08-05,57,0,1.8377,-0.6621,8,133,0.4286,True,0.0000,QUIET,50
kalba,2022-08-06,0,0,,,8,133,0.0000,False,,NODATA,50
kalba,2022-08-07,133,0,0.2503,-0.6311,8,133,1.0000,True,0.0000,QUIET,50
kalba,2022-08-08,133,0,0.2731,-0.6103,8,133,1.0000,True,0.0000,QUIET,50
kalba,2022-08-09,27,0,-1.0481,-0.6859,8,133,0.2030,True,0.0000,QUIET,50
kalba,2022-08-10,1,0,1.9712,0.6754,8,133,0.0075,False,,NODATA,50
kalba,2022-08-11,23,0,-2.5558,-1.1269,8,133,0.1729,True,0.0000,QUIET,50
kalba,2022-08-12,40,0,-0.9122,-0.9014,8,133,0.3008,True,0.0000,QUIET,50
kalba,2022-08-13,0,0,,,8,133,0.0000,False,,NODATA,50
kalba,2022-08-14,71,0,0.2757,-0.6394,8,133,0.5338,True,0.0000,QUIET,50
kalba,2022-08-15,0,0,,,8,133,0.0000,False,,NODATA,50
kalba,2022-08-16,0,0,,,8,133,0.0000,False,,NODATA,50
kalba,2022-08-17,0,0,,,8,133,0.0000,False,,NODATA,50
kalba,2022-08-18,126,0,1.3158,-0.6799,8,133,0.9474,True,0.0000,QUIET,50
kalba,2022-08-19,132,0,0.9572,-0.6592,8,133,0.9925,True,0.0000,QUIET,50
kalba,2022-08-20,129,0,1.4837,-0.6679,8,133,0.9699,True,0.0000,QUIET,50
kalba,2022-08-21,0,0,,,8,133,0.0000,False,,NODATA,50
kalba,2022-08-22,129,0,1.1411,-0.7222,8,133,0.9699,True,0.0000,QUIET,50
kalba,2022-08-23,127,1,2.5287,-0.6619,8,133,0.9549,True,0.0079,QUIET,50
kalba,2022-08-24,127,0,0.6247,-0.6839,8,133,0.9549,True,0.0000,QUIET,50
kalba,2022-08-25,0,0,,,8,133,0.0000,False,,NODATA,50
kalba,2022-08-26,133,0,1.4619,-0.6020,8,133,1.0000,True,0.0000,QUIET,50
kalba,2022-08-27,35,1,2.1712,0.1085,8,133,0.2632,True,0.0286,QUIET,50
kalba,2022-08-28,133,0,0.7225,-0.6351,8,133,1.0000,True,0.0000,QUIET,50
kalba,2022-08-29,0,0,,,8,133,0.0000,False,,NODATA,50
kalba,2022-08-30,129,0,1.2861,-0.6566,8,133,0.9699,True,0.0000,QUIET,50
kalba,2022-08-31,130,0,1.1711,-0.6561,8,133,0.9774,True,0.0000,QUIET,50
kalba,2022-09-01,133,0,1.2466,-0.6115,9,133,1.0000,True,0.0000,QUIET,50
kalba,2022-09-02,0,0,,,9,133,0.0000,False,,NODATA,50
kalba,2022-09-03,133,0,1.3420,-0.5319,9,133,1.0000,True,0.0000,QUIET,50
kalba,2022-09-04,133,0,1.5297,-0.5353,9,133,1.0000,True,0.0000,QUIET,50
kalba,2022-09-05,133,0,1.2793,-0.5664,9,133,1.0000,True,0.0000,QUIET,50
kalba,2022-09-06,12,2,2.2578,0.7130,9,133,0.0902,False,,NODATA,50
kalba,2022-09-07,41,0,-0.2835,-0.7789,9,133,0.3083,True,0.0000,QUIET,50
kalba,2022-09-08,100,0,1.1300,-0.6440,9,133,0.7519,True,0.0000,QUIET,50
kalba,2022-09-09,130,1,2.1129,-0.6357,9,133,0.9774,True,0.0077,QUIET,50
kalba,2022-09-10,132,0,1.8403,-0.4431,9,133,0.9925,True,0.0000,QUIET,50
kalba,2022-09-11,133,0,1.7732,-0.5460,9,133,1.0000,True,0.0000,QUIET,50
kalba,2022-09-12,133,2,3.0124,-0.6226,9,133,1.0000,True,0.0150,QUIET,50
kalba,2022-09-13,0,0,,,9,133,0.0000,False,,NODATA,50
kalba,2022-09-14,126,2,2.3582,-0.5793,9,133,0.9474,True,0.0159,QUIET,50
kalba,2022-09-15,68,2,2.8685,-0.7584,9,133,0.5113,True,0.0294,QUIET,50
kalba,2022-09-16,132,0,1.2863,-0.7542,9,133,0.9925,True,0.0000,QUIET,50
kalba,2022-09-17,0,0,,,9,133,0.0000,False,,NODATA,50
kalba,2022-09-18,83,0,1.2258,-0.7185,9,133,0.6241,True,0.0000,QUIET,50
kalba,2022-09-19,11,1,2.0947,0.5953,9,133,0.0827,False,,NODATA,50
kalba,2022-09-20,83,0,0.9181,-0.7688,9,133,0.6241,True,0.0000,QUIET,50
kalba,2022-09-21,0,0,,,9,133,0.0000,False,,NODATA,50
kalba,2022-09-22,117,0,1.5738,-0.5404,9,133,0.8797,True,0.0000,QUIET,50
kalba,2022-09-23,132,1,4.0344,-0.5605,9,133,0.9925,True,0.0076,QUIET,50
kalba,2022-09-24,133,1,2.1526,-0.5983,9,133,1.0000,True,0.0075,QUIET,50
kalba,2022-09-25,0,0,,,9,133,0.0000,False,,NODATA,50
kalba,2022-09-26,121,0,0.3837,-0.7562,9,133,0.9098,True,0.0000,QUIET,50
kalba,2022-09-27,127,0,0.7366,-0.7289,9,133,0.9549,True,0.0000,QUIET,50
kalba,2022-09-28,45,0,-1.9571,-0.8548,9,133,0.3383,True,0.0000,QUIET,50
kalba,2022-09-29,8,0,1.7486,0.6161,9,133,0.0602,False,,NODATA,50
kalba,2022-09-30,132,0,0.6666,-0.6908,9,133,0.9925,True,0.0000,QUIET,50
kalba,2022-10-01,133,0,1.7774,-0.7062,10,133,1.0000,True,0.0000,QUIET,50
kalba,2022-10-02,119,0,0.7926,-0.7518,10,133,0.8947,True,0.0000,QUIET,50
kalba,2022-10-03,70,1,2.2134,-0.6278,10,133,0.5263,True,0.0143,QUIET,50
kalba,2022-10-04,133,0,1.3812,-0.7045,10,133,1.0000,True,0.0000,QUIET,50
kalba,2022-10-05,133,0,0.9023,-0.6245,10,133,1.0000,True,0.0000,QUIET,50
kalba,2022-10-06,125,5,2.5473,-0.5939,10,133,0.9398,True,0.0400,QUIET,50
kalba,2022-10-07,132,0,1.1936,-0.6163,10,133,0.9925,True,0.0000,QUIET,50
kalba,2022-10-08,133,0,0.9727,-0.6038,10,133,1.0000,True,0.0000,QUIET,50
kalba,2022-10-09,0,0,,,10,133,0.0000,False,,NODATA,50
kalba,2022-10-10,0,0,,,10,133,0.0000,False,,NODATA,50
kalba,2022-10-11,132,0,1.3807,-0.6063,10,133,0.9925,True,0.0000,QUIET,50
kalba,2022-10-12,133,0,1.3462,-0.6251,10,133,1.0000,True,0.0000,QUIET,50
kalba,2022-10-13,132,0,0.7020,-0.6080,10,133,0.9925,True,0.0000,QUIET,50
kalba,2022-10-14,0,0,,,10,133,0.0000,False,,NODATA,50
kalba,2022-10-15,0,0,,,10,133,0.0000,False,,NODATA,50
kalba,2022-10-16,0,0,,,10,133,0.0000,False,,NODATA,50
kalba,2022-10-17,0,0,,,10,133,0.0000,False,,NODATA,50
kalba,2022-10-18,0,0,,,10,133,0.0000,False,,NODATA,50
kalba,2022-10-19,0,0,,,10,133,0.0000,False,,NODATA,50
kalba,2022-10-20,0,0,,,10,133,0.0000,False,,NODATA,50
kalba,2022-10-21,0,0,,,10,133,0.0000,False,,NODATA,50
kalba,2022-10-22,0,0,,,10,133,0.0000,False,,NODATA,50
kalba,2022-10-23,0,0,,,10,133,0.0000,False,,NODATA,50
kalba,2022-10-24,0,0,,,10,133,0.0000,False,,NODATA,50
kalba,2022-10-25,0,0,,,10,133,0.0000,False,,NODATA,50
kalba,2022-10-26,0,0,,,10,133,0.0000,False,,NODATA,50
kalba,2022-10-27,0,0,,,10,133,0.0000,False,,NODATA,50
kalba,2022-10-28,0,0,,,10,133,0.0000,False,,NODATA,50
kalba,2022-10-29,0,0,,,10,133,0.0000,False,,NODATA,50
kalba,2022-10-30,0,0,,,10,133,0.0000,False,,NODATA,50
kalba,2022-10-31,0,0,,,10,133,0.0000,False,,NODATA,50
kalba,2022-11-01,0,0,,,11,133,0.0000,False,,NODATA,50
kalba,2022-11-02,0,0,,,11,133,0.0000,False,,NODATA,50
kalba,2022-11-03,0,0,,,11,133,0.0000,False,,NODATA,50
kalba,2022-11-04,0,0,,,11,133,0.0000,False,,NODATA,50
kalba,2022-11-05,0,0,,,11,133,0.0000,False,,NODATA,50
kalba,2022-11-06,0,0,,,11,133,0.0000,False,,NODATA,50
kalba,2022-11-07,0,0,,,11,133,0.0000,False,,NODATA,50
kalba,2022-11-08,0,0,,,11,133,0.0000,False,,NODATA,50
kalba,2022-11-09,0,0,,,11,133,0.0000,False,,NODATA,50
kalba,2022-11-10,0,0,,,11,133,0.0000,False,,NODATA,50
kalba,2022-11-11,0,0,,,11,133,0.0000,False,,NODATA,50
kalba,2022-11-12,0,0,,,11,133,0.0000,False,,NODATA,50
kalba,2022-11-13,0,0,,,11,133,0.0000,False,,NODATA,50
kalba,2022-11-14,0,0,,,11,133,0.0000,False,,NODATA,50
kalba,2022-11-15,0,0,,,11,133,0.0000,False,,NODATA,50
kalba,2022-11-16,0,0,,,11,133,0.0000,False,,NODATA,50
kalba,2022-11-17,0,0,,,11,133,0.0000,False,,NODATA,50
kalba,2022-11-18,0,0,,,11,133,0.0000,False,,NODATA,50
kalba,2022-11-19,0,0,,,11,133,0.0000,False,,NODATA,50
kalba,2022-11-20,0,0,,,11,133,0.0000,False,,NODATA,50
kalba,2022-11-21,0,0,,,11,133,0.0000,False,,NODATA,50
kalba,2022-11-22,0,0,,,11,133,0.0000,False,,NODATA,50
kalba,2022-11-23,0,0,,,11,133,0.0000,False,,NODATA,50
kalba,2022-11-24,0,0,,,11,133,0.0000,False,,NODATA,50
kalba,2022-11-25,0,0,,,11,133,0.0000,False,,NODATA,50
kalba,2022-11-26,0,0,,,11,133,0.0000,False,,NODATA,50
kalba,2022-11-27,0,0,,,11,133,0.0000,False,,NODATA,50
kalba,2022-11-28,0,0,,,11,133,0.0000,False,,NODATA,50
kalba,2022-11-29,0,0,,,11,133,0.0000,False,,NODATA,50
kalba,2022-11-30,0,0,,,11,133,0.0000,False,,NODATA,50
kalba,2022-12-01,0,0,,,12,133,0.0000,False,,NODATA,50
kalba,2022-12-02,0,0,,,12,133,0.0000,False,,NODATA,50
kalba,2022-12-03,0,0,,,12,133,0.0000,False,,NODATA,50
kalba,2022-12-04,0,0,,,12,133,0.0000,False,,NODATA,50
kalba,2022-12-05,0,0,,,12,133,0.0000,False,,NODATA,50
kalba,2022-12-06,0,0,,,12,133,0.0000,False,,NODATA,50
kalba,2022-12-07,0,0,,,12,133,0.0000,False,,NODATA,50
kalba,2022-12-08,0,0,,,12,133,0.0000,False,,NODATA,50
kalba,2022-12-09,0,0,,,12,133,0.0000,False,,NODATA,50
kalba,2022-12-10,0,0,,,12,133,0.0000,False,,NODATA,50
kalba,2022-12-11,0,0,,,12,133,0.0000,False,,NODATA,50
kalba,2022-12-12,0,0,,,12,133,0.0000,False,,NODATA,50
kalba,2022-12-13,0,0,,,12,133,0.0000,False,,NODATA,50
kalba,2022-12-14,0,0,,,12,133,0.0000,False,,NODATA,50
kalba,2022-12-15,0,0,,,12,133,0.0000,False,,NODATA,50
kalba,2022-12-16,0,0,,,12,133,0.0000,False,,NODATA,50
kalba,2022-12-17,0,0,,,12,133,0.0000,False,,NODATA,50
kalba,2022-12-18,0,0,,,12,133,0.0000,False,,NODATA,50
kalba,2022-12-19,0,0,,,12,133,0.0000,False,,NODATA,50
kalba,2022-12-20,0,0,,,12,133,0.0000,False,,NODATA,50
kalba,2022-12-21,0,0,,,12,133,0.0000,False,,NODATA,50
kalba,2022-12-22,0,0,,,12,133,0.0000,False,,NODATA,50
kalba,2022-12-23,0,0,,,12,133,0.0000,False,,NODATA,50
kalba,2022-12-24,0,0,,,12,133,0.0000,False,,NODATA,50
kalba,2022-12-25,0,0,,,12,133,0.0000,False,,NODATA,50
kalba,2022-12-26,0,0,,,12,133,0.0000,False,,NODATA,50
kalba,2022-12-27,0,0,,,12,133,0.0000,False,,NODATA,50
kalba,2022-12-28,0,0,,,12,133,0.0000,False,,NODATA,50
kalba,2022-12-29,0,0,,,12,133,0.0000,False,,NODATA,50
kalba,2022-12-30,0,0,,,12,133,0.0000,False,,NODATA,50
kalba,2022-12-31,0,0,,,12,133,0.0000,False,,NODATA,50
kalba,2023-01-01,0,0,,,1,133,0.0000,False,,NODATA,50
kalba,2023-01-02,0,0,,,1,133,0.0000,False,,NODATA,50
kalba,2023-01-03,0,0,,,1,133,0.0000,False,,NODATA,50
kalba,2023-01-04,0,0,,,1,133,0.0000,False,,NODATA,50
kalba,2023-01-05,0,0,,,1,133,0.0000,False,,NODATA,50
kalba,2023-01-06,0,0,,,1,133,0.0000,False,,NODATA,50
kalba,2023-01-07,0,0,,,1,133,0.0000,False,,NODATA,50
kalba,2023-01-08,0,0,,,1,133,0.0000,False,,NODATA,50
kalba,2023-01-09,0,0,,,1,133,0.0000,False,,NODATA,50
kalba,2023-01-10,0,0,,,1,133,0.0000,False,,NODATA,50
kalba,2023-01-11,0,0,,,1,133,0.0000,False,,NODATA,50
kalba,2023-01-12,0,0,,,1,133,0.0000,False,,NODATA,50
kalba,2023-01-13,0,0,,,1,133,0.0000,False,,NODATA,50
kalba,2023-01-14,0,0,,,1,133,0.0000,False,,NODATA,50
kalba,2023-01-15,82,0,0.2049,-0.3922,1,133,0.6165,True,0.0000,QUIET,50
kalba,2023-01-16,132,0,0.9067,-0.2250,1,133,0.9925,True,0.0000,QUIET,50
kalba,2023-01-17,91,0,1.1846,-0.3809,1,133,0.6842,True,0.0000,QUIET,50
kalba,2023-01-18,0,0,,,1,133,0.0000,False,,NODATA,50
kalba,2023-01-19,0,0,,,1,133,0.0000,False,,NODATA,50
kalba,2023-01-20,99,0,-0.4942,-0.4996,1,133,0.7444,True,0.0000,QUIET,50
kalba,2023-01-21,11,0,-2.1188,-0.6663,1,133,0.0827,False,,NODATA,50
kalba,2023-01-22,96,0,1.4959,-0.6215,1,133,0.7218,True,0.0000,QUIET,50
kalba,2023-01-23,20,0,-2.0905,-0.6508,1,133,0.1504,True,0.0000,QUIET,50
kalba,2023-01-24,16,0,-2.1087,-0.6588,1,133,0.1203,True,0.0000,QUIET,50
kalba,2023-01-25,0,0,,,1,133,0.0000,False,,NODATA,50
kalba,2023-01-26,0,0,,,1,133,0.0000,False,,NODATA,50
kalba,2023-01-27,0,0,,,1,133,0.0000,False,,NODATA,50
kalba,2023-01-28,110,0,1.2801,-0.4288,1,133,0.8271,True,0.0000,QUIET,50
kalba,2023-01-29,122,2,3.2893,-0.3097,1,133,0.9173,True,0.0164,QUIET,50
kalba,2023-01-30,0,0,,,1,133,0.0000,False,,NODATA,50
kalba,2023-01-31,126,6,3.7180,-0.1324,1,133,0.9474,True,0.0476,QUIET,50
kalba,2023-02-01,130,5,2.7487,0.1011,2,133,0.9774,True,0.0385,QUIET,50
kalba,2023-02-02,49,0,0.6006,-0.3210,2,133,0.3684,True,0.0000,QUIET,50
kalba,2023-02-03,0,0,,,2,133,0.0000,False,,NODATA,50
kalba,2023-02-04,132,1,2.5171,-0.0098,2,133,0.9925,True,0.0076,QUIET,50
kalba,2023-02-05,132,0,0.7755,-0.2872,2,133,0.9925,True,0.0000,QUIET,50
kalba,2023-02-06,131,0,1.0382,-0.3576,2,133,0.9850,True,0.0000,QUIET,50
kalba,2023-02-07,132,0,1.7211,-0.0365,2,133,0.9925,True,0.0000,QUIET,50
kalba,2023-02-08,128,14,3.8927,0.2320,2,133,0.9624,True,0.1094,QUIET,50
kalba,2023-02-09,133,12,3.1146,0.2002,2,133,1.0000,True,0.0902,QUIET,50
kalba,2023-02-10,24,0,0.2508,-0.2815,2,133,0.1805,True,0.0000,QUIET,50
kalba,2023-02-11,133,8,3.0351,0.0019,2,133,1.0000,True,0.0602,QUIET,50
kalba,2023-02-12,132,11,2.3289,0.3235,2,133,0.9925,True,0.0833,QUIET,50
kalba,2023-02-13,103,72,4.3034,0.6861,2,133,0.7744,True,0.6990,EXCEED,50
kalba,2023-02-14,121,121,7.1624,1.2343,2,133,0.9098,True,1.0000,ALERT,50
kalba,2023-02-15,128,123,7.1908,1.0631,2,133,0.9624,True,0.9609,ALERT,50
kalba,2023-02-16,133,119,5.5885,0.9536,2,133,1.0000,True,0.8947,ALERT,50
kalba,2023-02-17,131,114,5.5100,0.7666,2,133,0.9850,True,0.8702,ALERT,50
kalba,2023-02-18,127,103,4.1821,0.6367,2,133,0.9549,True,0.8110,ALERT,50
kalba,2023-02-19,133,25,3.1127,0.3171,2,133,1.0000,True,0.1880,QUIET,50
kalba,2023-02-20,110,0,1.9315,-0.1005,2,133,0.8271,True,0.0000,QUIET,50
kalba,2023-02-21,124,0,1.3134,-0.2676,2,133,0.9323,True,0.0000,QUIET,50
kalba,2023-02-22,0,0,,,2,133,0.0000,False,,NODATA,50
kalba,2023-02-23,132,0,1.8599,-0.0162,2,133,0.9925,True,0.0000,QUIET,50
kalba,2023-02-24,133,19,3.2534,0.1869,2,133,1.0000,True,0.1429,QUIET,50
kalba,2023-02-25,99,21,4.3691,0.3493,2,133,0.7444,True,0.2121,QUIET,50
kalba,2023-02-26,0,0,,,2,133,0.0000,False,,NODATA,50
kalba,2023-02-27,128,110,6.7693,0.7660,2,133,0.9624,True,0.8594,EXCEED,50
kalba,2023-02-28,129,68,3.9788,0.5540,2,133,0.9699,True,0.5271,ALERT,50
kalba,2023-03-01,50,12,3.2848,0.5148,3,133,0.3759,True,0.2400,ALERT,50
kalba,2023-03-02,0,0,,,3,133,0.0000,False,,NODATA,50
kalba,2023-03-03,107,1,2.2643,0.1405,3,133,0.8045,True,0.0093,QUIET,50
kalba,2023-03-04,129,0,1.3586,0.1058,3,133,0.9699,True,0.0000,QUIET,50
kalba,2023-03-05,126,0,1.1523,-0.1777,3,133,0.9474,True,0.0000,QUIET,50
kalba,2023-03-06,11,0,1.6234,0.6862,3,133,0.0827,False,,NODATA,50
kalba,2023-03-07,132,1,2.1659,0.1281,3,133,0.9925,True,0.0076,QUIET,50
kalba,2023-03-08,133,1,2.9902,0.2011,3,133,1.0000,True,0.0075,QUIET,50
kalba,2023-03-09,78,2,2.3158,0.0310,3,133,0.5865,True,0.0256,QUIET,50
kalba,2023-03-10,4,0,1.7549,0.6856,3,133,0.0301,False,,NODATA,50
kalba,2023-03-11,84,0,1.6676,0.1657,3,133,0.6316,True,0.0000,QUIET,50
kalba,2023-03-12,132,0,1.4686,0.1987,3,133,0.9925,True,0.0000,QUIET,50
kalba,2023-03-13,0,0,,,3,133,0.0000,False,,NODATA,50
kalba,2023-03-14,16,0,-0.3815,-0.1806,3,133,0.1203,True,0.0000,QUIET,50
kalba,2023-03-15,116,0,1.6158,0.1330,3,133,0.8722,True,0.0000,QUIET,50
kalba,2023-03-16,133,0,1.3516,0.2004,3,133,1.0000,True,0.0000,QUIET,50
kalba,2023-03-17,131,67,3.5830,0.6891,3,133,0.9850,True,0.5115,EXCEED,50
kalba,2023-03-18,133,2,2.3800,0.3338,3,133,1.0000,True,0.0150,QUIET,50
kalba,2023-03-19,123,3,2.0840,0.2914,3,133,0.9248,True,0.0244,QUIET,50
kalba,2023-03-20,132,1,2.0111,0.2371,3,133,0.9925,True,0.0076,QUIET,50
kalba,2023-03-21,1,0,0.7580,0.3146,3,133,0.0075,False,,NODATA,50
kalba,2023-03-22,133,24,3.0149,0.5106,3,133,1.0000,True,0.1805,QUIET,50
kalba,2023-03-23,114,14,2.7502,0.3854,3,133,0.8571,True,0.1228,QUIET,50
kalba,2023-03-24,132,20,3.0269,0.3842,3,133,0.9925,True,0.1515,QUIET,50
kalba,2023-03-25,0,0,,,3,133,0.0000,False,,NODATA,50
kalba,2023-03-26,102,12,2.7867,0.4608,3,133,0.7669,True,0.1176,QUIET,50
kalba,2023-03-27,0,0,,,3,133,0.0000,False,,NODATA,50
kalba,2023-03-28,119,10,4.8164,-0.0420,3,133,0.8947,True,0.0840,QUIET,50
kalba,2023-03-29,0,0,,,3,133,0.0000,False,,NODATA,50
kalba,2023-03-30,133,19,3.3873,0.2486,3,133,1.0000,True,0.1429,QUIET,50
kalba,2023-03-31,131,11,2.7353,0.2154,3,133,0.9850,True,0.0840,QUIET,50
kalba,2023-04-01,65,21,4.3997,0.2790,4,133,0.4887,True,0.3231,EXCEED,50
kalba,2023-04-02,0,0,,,4,133,0.0000,False,,NODATA,50
kalba,2023-04-03,133,5,2.8140,0.0368,4,133,1.0000,True,0.0376,QUIET,50
kalba,2023-04-04,116,6,3.2690,-0.0181,4,133,0.8722,True,0.0517,QUIET,50
kalba,2023-04-05,133,0,1.8133,0.0277,4,133,1.0000,True,0.0000,QUIET,50
kalba,2023-04-06,0,0,,,4,133,0.0000,False,,NODATA,50
kalba,2023-04-07,81,6,3.1178,0.1566,4,133,0.6090,True,0.0741,QUIET,50
kalba,2023-04-08,131,13,2.9480,0.3973,4,133,0.9850,True,0.0992,QUIET,50
kalba,2023-04-09,108,2,2.2672,0.1907,4,133,0.8120,True,0.0185,QUIET,50
kalba,2023-04-10,11,8,2.5603,0.7692,4,133,0.0827,False,,NODATA,50
kalba,2023-04-11,38,0,1.7602,-0.0694,4,133,0.2857,True,0.0000,QUIET,50
kalba,2023-04-12,123,2,2.1658,0.3167,4,133,0.9248,True,0.0163,QUIET,50
kalba,2023-04-13,6,1,2.5070,0.7388,4,133,0.0451,False,,NODATA,50
kalba,2023-04-14,89,0,1.8411,0.1840,4,133,0.6692,True,0.0000,QUIET,50
kalba,2023-04-15,115,2,2.3057,0.2201,4,133,0.8647,True,0.0174,QUIET,50
kalba,2023-04-16,132,0,1.8628,0.1216,4,133,0.9925,True,0.0000,QUIET,50
kalba,2023-04-17,1,0,0.4654,0.1411,4,133,0.0075,False,,NODATA,50
kalba,2023-04-18,20,0,-0.0251,-0.1287,4,133,0.1504,True,0.0000,QUIET,50
kalba,2023-04-19,124,0,0.6943,-0.0845,4,133,0.9323,True,0.0000,QUIET,50
kalba,2023-04-20,124,0,0.5946,-0.0742,4,133,0.9323,True,0.0000,QUIET,50
kalba,2023-04-21,0,0,,,4,133,0.0000,False,,NODATA,50
kalba,2023-04-22,133,0,1.5382,-0.0343,4,133,1.0000,True,0.0000,QUIET,50
kalba,2023-04-23,132,0,1.1547,0.0026,4,133,0.9925,True,0.0000,QUIET,50
kalba,2023-04-24,132,2,2.5912,0.0420,4,133,0.9925,True,0.0152,QUIET,50
kalba,2023-04-25,0,0,,,4,133,0.0000,False,,NODATA,50
kalba,2023-04-26,110,4,3.0379,0.2551,4,133,0.8271,True,0.0364,QUIET,50
kalba,2023-04-27,118,0,0.6142,-0.1080,4,133,0.8872,True,0.0000,QUIET,50
kalba,2023-04-28,132,3,2.5066,0.1629,4,133,0.9925,True,0.0227,QUIET,50
kalba,2023-04-29,0,0,,,4,133,0.0000,False,,NODATA,50
kalba,2023-04-30,0,0,,,4,133,0.0000,False,,NODATA,50
kalba,2023-05-01,0,0,,,5,133,0.0000,False,,NODATA,50
kalba,2023-05-02,133,58,5.3858,0.0908,5,133,1.0000,True,0.4361,EXCEED,50
kalba,2023-05-03,0,0,,,5,133,0.0000,False,,NODATA,50
kalba,2023-05-04,133,19,3.2542,-0.0848,5,133,1.0000,True,0.1429,QUIET,50
kalba,2023-05-05,133,9,5.3998,-0.1259,5,133,1.0000,True,0.0677,QUIET,50
kalba,2023-05-06,133,23,4.3140,-0.0175,5,133,1.0000,True,0.1729,QUIET,50
kalba,2023-05-07,0,0,,,5,133,0.0000,False,,NODATA,50
kalba,2023-05-08,0,0,,,5,133,0.0000,False,,NODATA,50
kalba,2023-05-09,0,0,,,5,133,0.0000,False,,NODATA,50
kalba,2023-05-10,133,23,3.9944,-0.0217,5,133,1.0000,True,0.1729,QUIET,50
kalba,2023-05-11,3,3,2.8178,0.7937,5,133,0.0226,False,,NODATA,50
kalba,2023-05-12,133,1,2.0911,-0.1668,5,133,1.0000,True,0.0075,QUIET,50
kalba,2023-05-13,132,3,2.5483,-0.1684,5,133,0.9925,True,0.0227,QUIET,50
kalba,2023-05-14,1,0,1.8709,0.0000,5,133,0.0075,False,,NODATA,50
kalba,2023-05-15,38,1,2.5524,0.2008,5,133,0.2857,True,0.0263,QUIET,50
kalba,2023-05-16,128,1,2.2552,-0.2035,5,133,0.9624,True,0.0078,QUIET,50
kalba,2023-05-17,133,7,3.4743,-0.1526,5,133,1.0000,True,0.0526,QUIET,50
kalba,2023-05-18,0,0,,,5,133,0.0000,False,,NODATA,50
kalba,2023-05-19,133,0,1.7079,-0.2388,5,133,1.0000,True,0.0000,QUIET,50
kalba,2023-05-20,113,3,3.2076,-0.2962,5,133,0.8496,True,0.0265,QUIET,50
kalba,2023-05-21,26,0,1.2763,-0.2671,5,133,0.1955,True,0.0000,QUIET,50
kalba,2023-05-22,0,0,,,5,133,0.0000,False,,NODATA,50
kalba,2023-05-23,126,0,1.5584,-0.2825,5,133,0.9474,True,0.0000,QUIET,50
kalba,2023-05-24,0,0,,,5,133,0.0000,False,,NODATA,50
kalba,2023-05-25,133,0,1.5415,-0.3935,5,133,1.0000,True,0.0000,QUIET,50
kalba,2023-05-26,0,0,,,5,133,0.0000,False,,NODATA,50
kalba,2023-05-27,0,0,,,5,133,0.0000,False,,NODATA,50
kalba,2023-05-28,31,6,3.6711,0.0648,5,133,0.2331,True,0.1935,QUIET,50
kalba,2023-05-29,133,2,2.7357,-0.5630,5,133,1.0000,True,0.0150,QUIET,50
kalba,2023-05-30,0,0,,,5,133,0.0000,False,,NODATA,50
kalba,2023-05-31,120,1,2.1153,-0.4248,5,133,0.9023,True,0.0083,QUIET,50
kalba,2023-06-01,109,1,4.2295,-0.5523,6,133,0.8195,True,0.0092,QUIET,50
kalba,2023-06-02,132,18,3.6425,-0.4259,6,133,0.9925,True,0.1364,QUIET,50
kalba,2023-06-03,0,0,,,6,133,0.0000,False,,NODATA,50
kalba,2023-06-04,133,0,1.6077,-0.5311,6,133,1.0000,True,0.0000,QUIET,50
kalba,2023-06-05,133,1,2.1253,-0.5472,6,133,1.0000,True,0.0075,QUIET,50
kalba,2023-06-06,133,0,1.3193,-0.5878,6,133,1.0000,True,0.0000,QUIET,50
kalba,2023-06-07,7,4,4.0980,0.7585,6,133,0.0526,False,,NODATA,50
kalba,2023-06-08,133,0,1.1554,-0.6552,6,133,1.0000,True,0.0000,QUIET,50
kalba,2023-06-09,133,3,3.1395,-0.6236,6,133,1.0000,True,0.0226,QUIET,50
kalba,2023-06-10,1,0,-1.6810,-0.8032,6,133,0.0075,False,,NODATA,50
kalba,2023-06-11,105,7,3.1261,-0.4253,6,133,0.7895,True,0.0667,QUIET,50
kalba,2023-06-12,127,1,2.0272,-0.5468,6,133,0.9549,True,0.0079,QUIET,50
kalba,2023-06-13,133,5,3.8174,-0.3958,6,133,1.0000,True,0.0376,QUIET,50
kalba,2023-06-14,0,0,,,6,133,0.0000,False,,NODATA,50
kalba,2023-06-15,131,2,4.0556,-0.4765,6,133,0.9850,True,0.0153,QUIET,50
kalba,2023-06-16,0,0,,,6,133,0.0000,False,,NODATA,50
kalba,2023-06-17,120,2,3.4184,-0.6250,6,133,0.9023,True,0.0167,QUIET,50
kalba,2023-06-18,0,0,,,6,133,0.0000,False,,NODATA,50
kalba,2023-06-19,0,0,,,6,133,0.0000,False,,NODATA,50
kalba,2023-06-20,0,0,,,6,133,0.0000,False,,NODATA,50
kalba,2023-06-21,130,5,3.1012,-0.6624,6,133,0.9774,True,0.0385,QUIET,50
kalba,2023-06-22,0,0,,,6,133,0.0000,False,,NODATA,50
kalba,2023-06-23,54,0,1.2221,-0.5478,6,133,0.4060,True,0.0000,QUIET,50
kalba,2023-06-24,103,0,0.8058,-0.6490,6,133,0.7744,True,0.0000,QUIET,50
kalba,2023-06-25,0,0,,,6,133,0.0000,False,,NODATA,50
kalba,2023-06-26,0,0,,,6,133,0.0000,False,,NODATA,50
kalba,2023-06-27,12,0,0.5997,-0.6562,6,133,0.0902,False,,NODATA,50
kalba,2023-06-28,0,0,,,6,133,0.0000,False,,NODATA,50
kalba,2023-06-29,0,0,,,6,133,0.0000,False,,NODATA,50
kalba,2023-06-30,0,0,,,6,133,0.0000,False,,NODATA,50
kalba,2023-07-01,113,3,3.1555,-0.3895,7,132,0.8561,True,0.0265,QUIET,50
kalba,2023-07-02,129,1,2.1822,-0.5960,7,132,0.9773,True,0.0078,QUIET,50
kalba,2023-07-03,0,0,,,7,132,0.0000,False,,NODATA,50
kalba,2023-07-04,16,0,0.4531,-0.6240,7,132,0.1212,True,0.0000,QUIET,50
kalba,2023-07-05,0,0,,,7,132,0.0000,False,,NODATA,50
kalba,2023-07-06,101,0,-1.8579,-0.9619,7,132,0.7652,True,0.0000,QUIET,50
kalba,2023-07-07,0,0,,,7,132,0.0000,False,,NODATA,50
kalba,2023-07-08,0,0,,,7,132,0.0000,False,,NODATA,50
kalba,2023-07-09,0,0,,,7,132,0.0000,False,,NODATA,50
kalba,2023-07-10,0,0,,,7,132,0.0000,False,,NODATA,50
kalba,2023-07-11,0,0,,,7,132,0.0000,False,,NODATA,50
kalba,2023-07-12,25,0,0.6689,-0.7045,7,132,0.1894,True,0.0000,QUIET,50
kalba,2023-07-13,0,0,,,7,132,0.0000,False,,NODATA,50
kalba,2023-07-14,0,0,,,7,132,0.0000,False,,NODATA,50
kalba,2023-07-15,0,0,,,7,132,0.0000,False,,NODATA,50
kalba,2023-07-16,0,0,,,7,132,0.0000,False,,NODATA,50
kalba,2023-07-17,1,0,1.5168,0.5849,7,132,0.0076,False,,NODATA,50
kalba,2023-07-18,24,0,-1.5120,-0.6581,7,132,0.1818,True,0.0000,QUIET,50
kalba,2023-07-19,0,0,,,7,132,0.0000,False,,NODATA,50
kalba,2023-07-20,94,0,-0.2356,-0.7060,7,132,0.7121,True,0.0000,QUIET,50
kalba,2023-07-21,0,0,,,7,132,0.0000,False,,NODATA,50
kalba,2023-07-22,0,0,,,7,132,0.0000,False,,NODATA,50
kalba,2023-07-23,0,0,,,7,132,0.0000,False,,NODATA,50
kalba,2023-07-24,0,0,,,7,132,0.0000,False,,NODATA,50
kalba,2023-07-25,0,0,,,7,132,0.0000,False,,NODATA,50
kalba,2023-07-26,80,2,2.0714,-0.5083,7,132,0.6061,True,0.0250,QUIET,50
kalba,2023-07-27,0,0,,,7,132,0.0000,False,,NODATA,50
kalba,2023-07-28,105,2,2.1102,-0.4615,7,132,0.7955,True,0.0190,QUIET,50
kalba,2023-07-29,6,1,2.5043,-0.1921,7,132,0.0455,False,,NODATA,50
kalba,2023-07-30,0,0,,,7,132,0.0000,False,,NODATA,50
kalba,2023-07-31,56,0,0.4959,-0.5476,7,132,0.4242,True,0.0000,QUIET,50
kalba,2023-08-01,129,2,3.1721,-0.5758,8,133,0.9699,True,0.0155,QUIET,50
kalba,2023-08-02,0,0,,,8,133,0.0000,False,,NODATA,50
kalba,2023-08-03,0,0,,,8,133,0.0000,False,,NODATA,50
kalba,2023-08-04,0,0,,,8,133,0.0000,False,,NODATA,50
kalba,2023-08-05,0,0,,,8,133,0.0000,False,,NODATA,50
kalba,2023-08-06,0,0,,,8,133,0.0000,False,,NODATA,50
kalba,2023-08-07,0,0,,,8,133,0.0000,False,,NODATA,50
kalba,2023-08-08,0,0,,,8,133,0.0000,False,,NODATA,50
kalba,2023-08-09,0,0,,,8,133,0.0000,False,,NODATA,50
kalba,2023-08-10,0,0,,,8,133,0.0000,False,,NODATA,50
kalba,2023-08-11,0,0,,,8,133,0.0000,False,,NODATA,50
kalba,2023-08-12,0,0,,,8,133,0.0000,False,,NODATA,50
kalba,2023-08-13,0,0,,,8,133,0.0000,False,,NODATA,50
kalba,2023-08-14,0,0,,,8,133,0.0000,False,,NODATA,50
kalba,2023-08-15,0,0,,,8,133,0.0000,False,,NODATA,50
kalba,2023-08-16,0,0,,,8,133,0.0000,False,,NODATA,50
kalba,2023-08-17,51,0,-0.1412,-0.6987,8,133,0.3835,True,0.0000,QUIET,50
kalba,2023-08-18,95,0,-0.9575,-0.8917,8,133,0.7143,True,0.0000,QUIET,50
kalba,2023-08-19,0,0,,,8,133,0.0000,False,,NODATA,50
kalba,2023-08-20,133,0,0.4267,-0.4591,8,133,1.0000,True,0.0000,QUIET,50
kalba,2023-08-21,0,0,,,8,133,0.0000,False,,NODATA,50
kalba,2023-08-22,119,0,0.6189,-0.4381,8,133,0.8947,True,0.0000,QUIET,50
kalba,2023-08-23,0,0,,,8,133,0.0000,False,,NODATA,50
kalba,2023-08-24,114,0,0.8138,-0.7597,8,133,0.8571,True,0.0000,QUIET,50
kalba,2023-08-25,133,0,0.3270,-0.4376,8,133,1.0000,True,0.0000,QUIET,50
kalba,2023-08-26,112,0,1.0898,-0.6554,8,133,0.8421,True,0.0000,QUIET,50
kalba,2023-08-27,0,0,,,8,133,0.0000,False,,NODATA,50
kalba,2023-08-28,77,0,0.1712,-0.7300,8,133,0.5789,True,0.0000,QUIET,50
kalba,2023-08-29,0,0,,,8,133,0.0000,False,,NODATA,50
kalba,2023-08-30,0,0,,,8,133,0.0000,False,,NODATA,50
kalba,2023-08-31,120,0,0.4123,-0.7324,8,133,0.9023,True,0.0000,QUIET,50
kalba,2023-09-01,0,0,,,9,133,0.0000,False,,NODATA,50
kalba,2023-09-02,35,6,4.9175,-0.6021,9,133,0.2632,True,0.1714,QUIET,50
kalba,2023-09-03,0,0,,,9,133,0.0000,False,,NODATA,50
kalba,2023-09-04,47,2,2.4660,-0.2456,9,133,0.3534,True,0.0426,QUIET,50
kalba,2023-09-05,0,0,,,9,133,0.0000,False,,NODATA,50
kalba,2023-09-06,130,3,2.7381,-0.4458,9,133,0.9774,True,0.0231,QUIET,50
kalba,2023-09-07,0,0,,,9,133,0.0000,False,,NODATA,50
kalba,2023-09-08,132,2,2.1920,-0.4714,9,133,0.9925,True,0.0152,QUIET,50
kalba,2023-09-09,0,0,,,9,133,0.0000,False,,NODATA,50
kalba,2023-09-10,114,0,1.5392,-0.5595,9,133,0.8571,True,0.0000,QUIET,50
kalba,2023-09-11,0,0,,,9,133,0.0000,False,,NODATA,50
kalba,2023-09-12,0,0,,,9,133,0.0000,False,,NODATA,50
kalba,2023-09-13,0,0,,,9,133,0.0000,False,,NODATA,50
kalba,2023-09-14,0,0,,,9,133,0.0000,False,,NODATA,50
kalba,2023-09-15,0,0,,,9,133,0.0000,False,,NODATA,50
kalba,2023-09-16,3,0,-1.3064,-0.7473,9,133,0.0226,False,,NODATA,50
kalba,2023-09-17,0,0,,,9,133,0.0000,False,,NODATA,50
kalba,2023-09-18,0,0,,,9,133,0.0000,False,,NODATA,50
kalba,2023-09-19,18,1,2.4386,0.6302,9,133,0.1353,True,0.0556,QUIET,50
kalba,2023-09-20,0,0,,,9,133,0.0000,False,,NODATA,50
kalba,2023-09-21,91,0,0.6269,-0.5492,9,133,0.6842,True,0.0000,QUIET,50
kalba,2023-09-22,27,0,-0.5502,-0.6394,9,133,0.2030,True,0.0000,QUIET,50
kalba,2023-09-23,0,0,,,9,133,0.0000,False,,NODATA,50
kalba,2023-09-24,130,0,0.6478,-0.5510,9,133,0.9774,True,0.0000,QUIET,50
kalba,2023-09-25,133,0,1.4460,-0.4670,9,133,1.0000,True,0.0000,QUIET,50
kalba,2023-09-26,0,0,,,9,133,0.0000,False,,NODATA,50
kalba,2023-09-27,133,0,1.7672,-0.4871,9,133,1.0000,True,0.0000,QUIET,50
kalba,2023-09-28,0,0,,,9,133,0.0000,False,,NODATA,50
kalba,2023-09-29,133,0,1.6309,-0.5662,9,133,1.0000,True,0.0000,QUIET,50
kalba,2023-09-30,0,0,,,9,133,0.0000,False,,NODATA,50
kalba,2023-10-01,0,0,,,10,133,0.0000,False,,NODATA,50
kalba,2023-10-02,133,0,0.9482,-0.6639,10,133,1.0000,True,0.0000,QUIET,50
kalba,2023-10-03,133,0,-0.1804,-0.6697,10,133,1.0000,True,0.0000,QUIET,50
kalba,2023-10-04,0,0,,,10,133,0.0000,False,,NODATA,50
kalba,2023-10-05,133,0,0.7234,-0.5695,10,133,1.0000,True,0.0000,QUIET,50
kalba,2023-10-06,133,0,-0.1460,-0.6677,10,133,1.0000,True,0.0000,QUIET,50
kalba,2023-10-07,118,0,0.0366,-0.6862,10,133,0.8872,True,0.0000,QUIET,50
kalba,2023-10-08,13,8,2.7358,0.6821,10,133,0.0977,False,,NODATA,50
kalba,2023-10-09,119,0,0.9113,-0.5354,10,133,0.8947,True,0.0000,QUIET,50
kalba,2023-10-10,129,0,0.2088,-0.5740,10,133,0.9699,True,0.0000,QUIET,50
kalba,2023-10-11,48,0,1.1686,-0.6620,10,133,0.3609,True,0.0000,QUIET,50
kalba,2023-10-12,20,5,2.9071,0.6630,10,133,0.1504,True,0.2500,EXCEED,50
kalba,2023-10-13,127,1,2.6690,-0.5085,10,133,0.9549,True,0.0079,QUIET,50
kalba,2023-10-14,33,2,2.8166,0.0859,10,133,0.2481,True,0.0606,QUIET,50
kalba,2023-10-15,27,2,3.1676,-0.4667,10,133,0.2030,True,0.0741,QUIET,50
kalba,2023-10-16,126,6,2.3147,-0.5205,10,133,0.9474,True,0.0476,QUIET,50
kalba,2023-10-17,133,1,2.0045,-0.4348,10,133,1.0000,True,0.0075,QUIET,50
kalba,2023-10-18,0,0,,,10,133,0.0000,False,,NODATA,50
kalba,2023-10-19,0,0,,,10,133,0.0000,False,,NODATA,50
kalba,2023-10-20,0,0,,,10,133,0.0000,False,,NODATA,50
kalba,2023-10-21,0,0,,,10,133,0.0000,False,,NODATA,50
kalba,2023-10-22,0,0,,,10,133,0.0000,False,,NODATA,50
kalba,2023-10-23,0,0,,,10,133,0.0000,False,,NODATA,50
kalba,2023-10-24,113,2,2.3877,-0.4668,10,133,0.8496,True,0.0177,QUIET,50
kalba,2023-10-25,123,1,2.5455,-0.5182,10,133,0.9248,True,0.0081,QUIET,50
kalba,2023-10-26,11,0,-0.2681,-0.6362,10,133,0.0827,False,,NODATA,50
kalba,2023-10-27,0,0,,,10,133,0.0000,False,,NODATA,50
kalba,2023-10-28,133,0,1.0758,-0.5248,10,133,1.0000,True,0.0000,QUIET,50
kalba,2023-10-29,133,0,1.6401,-0.4867,10,133,1.0000,True,0.0000,QUIET,50
kalba,2023-10-30,133,0,0.7499,-0.4704,10,133,1.0000,True,0.0000,QUIET,50
kalba,2023-10-31,0,0,,,10,133,0.0000,False,,NODATA,50
kalba,2023-11-01,99,0,1.4111,-0.4426,11,133,0.7444,True,0.0000,QUIET,50
kalba,2023-11-02,133,0,1.0030,-0.4525,11,133,1.0000,True,0.0000,QUIET,50
kalba,2023-11-03,61,0,0.7366,-0.5564,11,133,0.4586,True,0.0000,QUIET,50
kalba,2023-11-04,133,0,0.3321,-0.4816,11,133,1.0000,True,0.0000,QUIET,50
kalba,2023-11-05,133,0,0.6234,-0.5510,11,133,1.0000,True,0.0000,QUIET,50
kalba,2023-11-06,133,0,0.3849,-0.5101,11,133,1.0000,True,0.0000,QUIET,50
kalba,2023-11-07,117,0,0.3647,-0.7233,11,133,0.8797,True,0.0000,QUIET,50
barka,2018-01-01,0,0,,,1,144,0.0000,False,,NODATA,50
barka,2018-01-02,0,0,,,1,144,0.0000,False,,NODATA,50
barka,2018-01-03,143,13,3.2808,0.1353,1,144,0.9931,True,0.0909,QUIET,50
barka,2018-01-04,3,0,1.3706,-0.0950,1,144,0.0208,False,,NODATA,50
barka,2018-01-05,0,0,,,1,144,0.0000,False,,NODATA,50
barka,2018-01-06,0,0,,,1,144,0.0000,False,,NODATA,50
barka,2018-01-07,141,5,2.8190,0.1524,1,144,0.9792,True,0.0355,QUIET,50
barka,2018-01-08,29,9,2.8078,0.3640,1,144,0.2014,True,0.3103,EXCEED,50
barka,2018-01-09,0,0,,,1,144,0.0000,False,,NODATA,50
barka,2018-01-10,0,0,,,1,144,0.0000,False,,NODATA,50
barka,2018-01-11,143,2,2.8691,-0.1494,1,144,0.9931,True,0.0140,QUIET,50
barka,2018-01-12,0,0,,,1,144,0.0000,False,,NODATA,50
barka,2018-01-13,0,0,,,1,144,0.0000,False,,NODATA,50
barka,2018-01-14,0,0,,,1,144,0.0000,False,,NODATA,50
barka,2018-01-15,143,3,2.3628,0.1311,1,144,0.9931,True,0.0210,QUIET,50
barka,2018-01-16,0,0,,,1,144,0.0000,False,,NODATA,50
barka,2018-01-17,0,0,,,1,144,0.0000,False,,NODATA,50
barka,2018-01-18,0,0,,,1,144,0.0000,False,,NODATA,50
barka,2018-01-19,140,0,0.8952,-0.1849,1,144,0.9722,True,0.0000,QUIET,50
barka,2018-01-20,0,0,,,1,144,0.0000,False,,NODATA,50
barka,2018-01-21,0,0,,,1,144,0.0000,False,,NODATA,50
barka,2018-01-22,16,1,3.0818,0.7297,1,144,0.1111,True,0.0625,QUIET,50
barka,2018-01-23,142,0,1.8347,0.0305,1,144,0.9861,True,0.0000,QUIET,50
barka,2018-01-24,0,0,,,1,144,0.0000,False,,NODATA,50
barka,2018-01-25,0,0,,,1,144,0.0000,False,,NODATA,50
barka,2018-01-26,99,2,3.4094,-0.1251,1,144,0.6875,True,0.0202,QUIET,50
barka,2018-01-27,142,0,1.7380,0.0335,1,144,0.9861,True,0.0000,QUIET,50
barka,2018-01-28,0,0,,,1,144,0.0000,False,,NODATA,50
barka,2018-01-29,0,0,,,1,144,0.0000,False,,NODATA,50
barka,2018-01-30,104,9,2.8859,0.0338,1,144,0.7222,True,0.0865,QUIET,50
barka,2018-01-31,92,0,1.5684,-0.1102,1,144,0.6389,True,0.0000,QUIET,50
barka,2018-02-01,0,0,,,2,143,0.0000,False,,NODATA,50
barka,2018-02-02,0,0,,,2,143,0.0000,False,,NODATA,50
barka,2018-02-03,27,0,1.2571,-0.3354,2,143,0.1888,True,0.0000,QUIET,50
barka,2018-02-04,139,0,1.7533,0.0077,2,143,0.9720,True,0.0000,QUIET,50
barka,2018-02-05,0,0,,,2,143,0.0000,False,,NODATA,50
barka,2018-02-06,0,0,,,2,143,0.0000,False,,NODATA,50
barka,2018-02-07,143,3,2.1616,0.3015,2,143,1.0000,True,0.0210,QUIET,50
barka,2018-02-08,0,0,,,2,143,0.0000,False,,NODATA,50
barka,2018-02-09,0,0,,,2,143,0.0000,False,,NODATA,50
barka,2018-02-10,0,0,,,2,143,0.0000,False,,NODATA,50
barka,2018-02-11,130,2,3.5717,0.0903,2,143,0.9091,True,0.0154,QUIET,50
barka,2018-02-12,0,0,,,2,143,0.0000,False,,NODATA,50
barka,2018-02-13,0,0,,,2,143,0.0000,False,,NODATA,50
barka,2018-02-14,0,0,,,2,143,0.0000,False,,NODATA,50
barka,2018-02-15,94,0,1.1415,0.0402,2,143,0.6573,True,0.0000,QUIET,50
barka,2018-02-16,0,0,,,2,143,0.0000,False,,NODATA,50
barka,2018-02-17,0,0,,,2,143,0.0000,False,,NODATA,50
barka,2018-02-18,16,0,1.7463,0.8882,2,143,0.1119,True,0.0000,QUIET,50
barka,2018-02-19,141,1,2.1769,0.2726,2,143,0.9860,True,0.0071,QUIET,50
barka,2018-02-20,0,0,,,2,143,0.0000,False,,NODATA,50
barka,2018-02-21,0,0,,,2,143,0.0000,False,,NODATA,50
barka,2018-02-22,4,1,2.2714,0.4268,2,143,0.0280,False,,NODATA,50
barka,2018-02-23,133,0,0.8206,0.0826,2,143,0.9301,True,0.0000,QUIET,50
barka,2018-02-24,0,0,,,2,143,0.0000,False,,NODATA,50
barka,2018-02-25,0,0,,,2,143,0.0000,False,,NODATA,50
barka,2018-02-26,88,18,3.4641,0.4918,2,143,0.6154,True,0.2045,QUIET,50
barka,2018-02-27,1,0,1.2799,0.2589,2,143,0.0070,False,,NODATA,50
barka,2018-02-28,0,0,,,2,143,0.0000,False,,NODATA,50
barka,2018-03-01,0,0,,,3,144,0.0000,False,,NODATA,50
barka,2018-03-02,70,12,2.6984,0.5662,3,144,0.4861,True,0.1714,QUIET,50
barka,2018-03-03,143,0,1.8376,0.4950,3,144,0.9931,True,0.0000,QUIET,50
barka,2018-03-04,0,0,,,3,144,0.0000,False,,NODATA,50
barka,2018-03-05,0,0,,,3,144,0.0000,False,,NODATA,50
barka,2018-03-06,142,0,1.9729,0.1626,3,144,0.9861,True,0.0000,QUIET,50
barka,2018-03-07,0,0,,,3,144,0.0000,False,,NODATA,50
barka,2018-03-08,0,0,,,3,144,0.0000,False,,NODATA,50
barka,2018-03-09,0,0,,,3,144,0.0000,False,,NODATA,50
barka,2018-03-10,143,7,2.2472,0.3495,3,144,0.9931,True,0.0490,QUIET,50
barka,2018-03-11,0,0,,,3,144,0.0000,False,,NODATA,50
barka,2018-03-12,0,0,,,3,144,0.0000,False,,NODATA,50
barka,2018-03-13,0,0,,,3,144,0.0000,False,,NODATA,50
barka,2018-03-14,140,1,2.2456,0.2742,3,144,0.9722,True,0.0071,QUIET,50
barka,2018-03-15,0,0,,,3,144,0.0000,False,,NODATA,50
barka,2018-03-16,0,0,,,3,144,0.0000,False,,NODATA,50
barka,2018-03-17,0,0,,,3,144,0.0000,False,,NODATA,50
barka,2018-03-18,139,0,1.4285,-0.0046,3,144,0.9653,True,0.0000,QUIET,50
barka,2018-03-19,0,0,,,3,144,0.0000,False,,NODATA,50
barka,2018-03-20,0,0,,,3,144,0.0000,False,,NODATA,50
barka,2018-03-21,0,0,,,3,144,0.0000,False,,NODATA,50
barka,2018-03-22,142,1,2.2935,0.0824,3,144,0.9861,True,0.0070,QUIET,50
barka,2018-03-23,0,0,,,3,144,0.0000,False,,NODATA,50
barka,2018-03-24,0,0,,,3,144,0.0000,False,,NODATA,50
barka,2018-03-25,1,0,1.4119,1.1988,3,144,0.0069,False,,NODATA,50
barka,2018-03-26,142,0,0.6413,0.0053,3,144,0.9861,True,0.0000,QUIET,50
barka,2018-03-27,0,0,,,3,144,0.0000,False,,NODATA,50
barka,2018-03-28,0,0,,,3,144,0.0000,False,,NODATA,50
barka,2018-03-29,65,0,1.1257,0.1090,3,144,0.4514,True,0.0000,QUIET,50
barka,2018-03-30,142,0,0.8321,-0.0855,3,144,0.9861,True,0.0000,QUIET,50
barka,2018-03-31,0,0,,,3,144,0.0000,False,,NODATA,50
barka,2018-04-01,0,0,,,4,144,0.0000,False,,NODATA,50
barka,2018-04-02,4,0,0.7835,0.7528,4,144,0.0278,False,,NODATA,50
barka,2018-04-03,0,0,,,4,144,0.0000,False,,NODATA,50
barka,2018-04-04,0,0,,,4,144,0.0000,False,,NODATA,50
barka,2018-04-05,0,0,,,4,144,0.0000,False,,NODATA,50
barka,2018-04-06,142,0,1.5910,-0.0950,4,144,0.9861,True,0.0000,QUIET,50
barka,2018-04-07,0,0,,,4,144,0.0000,False,,NODATA,50
barka,2018-04-08,0,0,,,4,144,0.0000,False,,NODATA,50
barka,2018-04-09,0,0,,,4,144,0.0000,False,,NODATA,50
barka,2018-04-10,131,0,0.7830,-0.1079,4,144,0.9097,True,0.0000,QUIET,50
barka,2018-04-11,0,0,,,4,144,0.0000,False,,NODATA,50
barka,2018-04-12,0,0,,,4,144,0.0000,False,,NODATA,50
barka,2018-04-13,0,0,,,4,144,0.0000,False,,NODATA,50
barka,2018-04-14,39,0,-1.1274,-0.4626,4,144,0.2708,True,0.0000,QUIET,50
barka,2018-04-15,0,0,,,4,144,0.0000,False,,NODATA,50
barka,2018-04-16,0,0,,,4,144,0.0000,False,,NODATA,50
barka,2018-04-17,0,0,,,4,144,0.0000,False,,NODATA,50
barka,2018-04-18,118,0,0.6131,-0.2970,4,144,0.8194,True,0.0000,QUIET,50
barka,2018-04-19,0,0,,,4,144,0.0000,False,,NODATA,50
barka,2018-04-20,0,0,,,4,144,0.0000,False,,NODATA,50
barka,2018-04-21,0,0,,,4,144,0.0000,False,,NODATA,50
barka,2018-04-22,142,0,1.6614,-0.3709,4,144,0.9861,True,0.0000,QUIET,50
barka,2018-04-23,0,0,,,4,144,0.0000,False,,NODATA,50
barka,2018-04-24,0,0,,,4,144,0.0000,False,,NODATA,50
barka,2018-04-25,4,0,1.8221,0.8128,4,144,0.0278,False,,NODATA,50
barka,2018-04-26,51,0,0.3313,-0.3740,4,144,0.3542,True,0.0000,QUIET,50
barka,2018-04-27,0,0,,,4,144,0.0000,False,,NODATA,50
barka,2018-04-28,0,0,,,4,144,0.0000,False,,NODATA,50
barka,2018-04-29,74,0,0.2973,-0.1637,4,144,0.5139,True,0.0000,QUIET,50
barka,2018-04-30,0,0,,,4,144,0.0000,False,,NODATA,50
barka,2018-05-01,0,0,,,5,144,0.0000,False,,NODATA,50
barka,2018-05-02,0,0,,,5,144,0.0000,False,,NODATA,50
barka,2018-05-03,141,0,0.8303,-0.5156,5,144,0.9792,True,0.0000,QUIET,50
barka,2018-05-04,0,0,,,5,144,0.0000,False,,NODATA,50
barka,2018-05-05,0,0,,,5,144,0.0000,False,,NODATA,50
barka,2018-05-06,0,0,,,5,144,0.0000,False,,NODATA,50
barka,2018-05-07,144,0,0.8975,-0.5060,5,144,1.0000,True,0.0000,QUIET,50
barka,2018-05-08,0,0,,,5,144,0.0000,False,,NODATA,50
barka,2018-05-09,0,0,,,5,144,0.0000,False,,NODATA,50
barka,2018-05-10,0,0,,,5,144,0.0000,False,,NODATA,50
barka,2018-05-11,127,0,-0.0241,-0.5110,5,144,0.8819,True,0.0000,QUIET,50
barka,2018-05-12,0,0,,,5,144,0.0000,False,,NODATA,50
barka,2018-05-13,0,0,,,5,144,0.0000,False,,NODATA,50
barka,2018-05-14,0,0,,,5,144,0.0000,False,,NODATA,50
barka,2018-05-15,137,0,0.2985,-0.4209,5,144,0.9514,True,0.0000,QUIET,50
barka,2018-05-16,0,0,,,5,144,0.0000,False,,NODATA,50
barka,2018-05-17,0,0,,,5,144,0.0000,False,,NODATA,50
barka,2018-05-18,0,0,,,5,144,0.0000,False,,NODATA,50
barka,2018-05-19,132,0,1.0855,-0.5749,5,144,0.9167,True,0.0000,QUIET,50
barka,2018-05-20,0,0,,,5,144,0.0000,False,,NODATA,50
barka,2018-05-21,0,0,,,5,144,0.0000,False,,NODATA,50
barka,2018-05-22,0,0,,,5,144,0.0000,False,,NODATA,50
barka,2018-05-23,143,0,0.7944,-0.5856,5,144,0.9931,True,0.0000,QUIET,50
barka,2018-05-24,0,0,,,5,144,0.0000,False,,NODATA,50
barka,2018-05-25,0,0,,,5,144,0.0000,False,,NODATA,50
barka,2018-05-26,44,7,3.2411,-0.6447,5,144,0.3056,True,0.1591,QUIET,50
barka,2018-05-27,0,0,,,5,144,0.0000,False,,NODATA,50
barka,2018-05-28,0,0,,,5,144,0.0000,False,,NODATA,50
barka,2018-05-29,0,0,,,5,144,0.0000,False,,NODATA,50
barka,2018-05-30,142,0,0.1235,-0.6820,5,144,0.9861,True,0.0000,QUIET,50
barka,2018-05-31,0,0,,,5,144,0.0000,False,,NODATA,50
barka,2018-06-01,0,0,,,6,144,0.0000,False,,NODATA,50
barka,2018-06-02,0,0,,,6,144,0.0000,False,,NODATA,50
barka,2018-06-03,115,0,1.2715,-0.5901,6,144,0.7986,True,0.0000,QUIET,50
barka,2018-06-04,0,0,,,6,144,0.0000,False,,NODATA,50
barka,2018-06-05,0,0,,,6,144,0.0000,False,,NODATA,50
barka,2018-06-06,0,0,,,6,144,0.0000,False,,NODATA,50
barka,2018-06-07,118,0,0.4766,-0.6569,6,144,0.8194,True,0.0000,QUIET,50
barka,2018-06-08,0,0,,,6,144,0.0000,False,,NODATA,50
barka,2018-06-09,0,0,,,6,144,0.0000,False,,NODATA,50
barka,2018-06-10,0,0,,,6,144,0.0000,False,,NODATA,50
barka,2018-06-11,141,0,0.9319,-0.3815,6,144,0.9792,True,0.0000,QUIET,50
barka,2018-06-12,0,0,,,6,144,0.0000,False,,NODATA,50
barka,2018-06-13,0,0,,,6,144,0.0000,False,,NODATA,50
barka,2018-06-14,0,0,,,6,144,0.0000,False,,NODATA,50
barka,2018-06-15,132,0,1.3419,-0.4661,6,144,0.9167,True,0.0000,QUIET,50
barka,2018-06-16,0,0,,,6,144,0.0000,False,,NODATA,50
barka,2018-06-17,0,0,,,6,144,0.0000,False,,NODATA,50
barka,2018-06-18,0,0,,,6,144,0.0000,False,,NODATA,50
barka,2018-06-19,26,0,1.1805,-0.5309,6,144,0.1806,True,0.0000,QUIET,50
barka,2018-06-20,0,0,,,6,144,0.0000,False,,NODATA,50
barka,2018-06-21,0,0,,,6,144,0.0000,False,,NODATA,50
barka,2018-06-22,0,0,,,6,144,0.0000,False,,NODATA,50
barka,2018-06-23,0,0,,,6,144,0.0000,False,,NODATA,50
barka,2018-06-24,0,0,,,6,144,0.0000,False,,NODATA,50
barka,2018-06-25,0,0,,,6,144,0.0000,False,,NODATA,50
barka,2018-06-26,142,0,0.5199,-0.5471,6,144,0.9861,True,0.0000,QUIET,50
barka,2018-06-27,0,0,,,6,144,0.0000,False,,NODATA,50
barka,2018-06-28,0,0,,,6,144,0.0000,False,,NODATA,50
barka,2018-06-29,0,0,,,6,144,0.0000,False,,NODATA,50
barka,2018-06-30,31,4,6.5563,-0.4866,6,144,0.2153,True,0.1290,QUIET,50
barka,2018-07-01,0,0,,,7,142,0.0000,False,,NODATA,50
barka,2018-07-02,0,0,,,7,142,0.0000,False,,NODATA,50
barka,2018-07-03,0,0,,,7,142,0.0000,False,,NODATA,50
barka,2018-07-04,49,0,-0.3818,-0.5914,7,142,0.3451,True,0.0000,QUIET,50
barka,2018-07-05,0,0,,,7,142,0.0000,False,,NODATA,50
barka,2018-07-06,0,0,,,7,142,0.0000,False,,NODATA,50
barka,2018-07-07,0,0,,,7,142,0.0000,False,,NODATA,50
barka,2018-07-08,0,0,,,7,142,0.0000,False,,NODATA,50
barka,2018-07-09,0,0,,,7,142,0.0000,False,,NODATA,50
barka,2018-07-10,0,0,,,7,142,0.0000,False,,NODATA,50
barka,2018-07-11,0,0,,,7,142,0.0000,False,,NODATA,50
barka,2018-07-12,120,0,0.8344,-0.3909,7,142,0.8451,True,0.0000,QUIET,50
barka,2018-07-13,0,0,,,7,142,0.0000,False,,NODATA,50
barka,2018-07-14,0,0,,,7,142,0.0000,False,,NODATA,50
barka,2018-07-15,8,0,1.7810,0.0026,7,142,0.0563,False,,NODATA,50
barka,2018-07-16,47,39,4.9051,0.1131,7,142,0.3310,True,0.8298,EXCEED,50
barka,2018-07-17,0,0,,,7,142,0.0000,False,,NODATA,50
barka,2018-07-18,0,0,,,7,142,0.0000,False,,NODATA,50
barka,2018-07-19,6,1,2.0513,0.5892,7,142,0.0423,False,,NODATA,50
barka,2018-07-20,0,0,,,7,142,0.0000,False,,NODATA,50
barka,2018-07-21,0,0,,,7,142,0.0000,False,,NODATA,50
barka,2018-07-22,0,0,,,7,142,0.0000,False,,NODATA,50
barka,2018-07-23,22,0,1.8504,0.4995,7,142,0.1549,True,0.0000,QUIET,50
barka,2018-07-24,0,0,,,7,142,0.0000,False,,NODATA,50
barka,2018-07-25,0,0,,,7,142,0.0000,False,,NODATA,50
barka,2018-07-26,0,0,,,7,142,0.0000,False,,NODATA,50
barka,2018-07-27,142,3,2.3722,0.0016,7,142,1.0000,True,0.0211,QUIET,50
barka,2018-07-28,0,0,,,7,142,0.0000,False,,NODATA,50
barka,2018-07-29,0,0,,,7,142,0.0000,False,,NODATA,50
barka,2018-07-30,0,0,,,7,142,0.0000,False,,NODATA,50
barka,2018-07-31,24,2,5.2498,0.5882,7,142,0.1690,True,0.0833,QUIET,50
barka,2018-08-01,0,0,,,8,142,0.0000,False,,NODATA,50
barka,2018-08-02,0,0,,,8,142,0.0000,False,,NODATA,50
barka,2018-08-03,0,0,,,8,142,0.0000,False,,NODATA,50
barka,2018-08-04,133,20,2.7411,-0.0472,8,142,0.9366,True,0.1504,QUIET,50
barka,2018-08-05,0,0,,,8,142,0.0000,False,,NODATA,50
barka,2018-08-06,0,0,,,8,142,0.0000,False,,NODATA,50
barka,2018-08-07,0,0,,,8,142,0.0000,False,,NODATA,50
barka,2018-08-08,0,0,,,8,142,0.0000,False,,NODATA,50
barka,2018-08-09,0,0,,,8,142,0.0000,False,,NODATA,50
barka,2018-08-10,0,0,,,8,142,0.0000,False,,NODATA,50
barka,2018-08-11,2,1,2.8873,0.1464,8,142,0.0141,False,,NODATA,50
barka,2018-08-12,22,4,2.6457,0.0383,8,142,0.1549,True,0.1818,QUIET,50
barka,2018-08-13,0,0,,,8,142,0.0000,False,,NODATA,50
barka,2018-08-14,0,0,,,8,142,0.0000,False,,NODATA,50
barka,2018-08-15,28,0,1.9629,0.5342,8,142,0.1972,True,0.0000,QUIET,50
barka,2018-08-16,0,0,,,8,142,0.0000,False,,NODATA,50
barka,2018-08-17,0,0,,,8,142,0.0000,False,,NODATA,50
barka,2018-08-18,0,0,,,8,142,0.0000,False,,NODATA,50
barka,2018-08-19,64,0,1.9191,-0.5442,8,142,0.4507,True,0.0000,QUIET,50
barka,2018-08-20,0,0,,,8,142,0.0000,False,,NODATA,50
barka,2018-08-21,0,0,,,8,142,0.0000,False,,NODATA,50
barka,2018-08-22,0,0,,,8,142,0.0000,False,,NODATA,50
barka,2018-08-23,64,0,0.5944,-0.3104,8,142,0.4507,True,0.0000,QUIET,50
barka,2018-08-24,0,0,,,8,142,0.0000,False,,NODATA,50
barka,2018-08-25,0,0,,,8,142,0.0000,False,,NODATA,50
barka,2018-08-26,0,0,,,8,142,0.0000,False,,NODATA,50
barka,2018-08-27,78,8,3.9413,-0.0445,8,142,0.5493,True,0.1026,QUIET,50
barka,2018-08-28,0,0,,,8,142,0.0000,False,,NODATA,50
barka,2018-08-29,0,0,,,8,142,0.0000,False,,NODATA,50
barka,2018-08-30,0,0,,,8,142,0.0000,False,,NODATA,50
barka,2018-08-31,113,2,3.2689,-0.1568,8,142,0.7958,True,0.0177,QUIET,50
barka,2018-09-01,0,0,,,9,144,0.0000,False,,NODATA,50
barka,2018-09-02,0,0,,,9,144,0.0000,False,,NODATA,50
barka,2018-09-03,0,0,,,9,144,0.0000,False,,NODATA,50
barka,2018-09-04,70,0,1.0466,-0.1647,9,144,0.4861,True,0.0000,QUIET,50
barka,2018-09-05,0,0,,,9,144,0.0000,False,,NODATA,50
barka,2018-09-06,0,0,,,9,144,0.0000,False,,NODATA,50
barka,2018-09-07,72,65,9.7269,0.6630,9,144,0.5000,True,0.9028,EXCEED,50
barka,2018-09-08,41,8,6.2841,-0.1021,9,144,0.2847,True,0.1951,QUIET,50
barka,2018-09-09,0,0,,,9,144,0.0000,False,,NODATA,50
barka,2018-09-10,0,0,,,9,144,0.0000,False,,NODATA,50
barka,2018-09-11,132,126,11.4685,0.8564,9,144,0.9167,True,0.9545,ALERT,50
barka,2018-09-12,0,0,,,9,144,0.0000,False,,NODATA,50
barka,2018-09-13,0,0,,,9,144,0.0000,False,,NODATA,50
barka,2018-09-14,0,0,,,9,144,0.0000,False,,NODATA,50
barka,2018-09-15,139,96,8.3198,0.4428,9,144,0.9653,True,0.6906,ALERT,50
barka,2018-09-16,0,0,,,9,144,0.0000,False,,NODATA,50
barka,2018-09-17,0,0,,,9,144,0.0000,False,,NODATA,50
barka,2018-09-18,0,0,,,9,144,0.0000,False,,NODATA,50
barka,2018-09-19,142,31,3.7717,0.0552,9,144,0.9861,True,0.2183,ALERT,50
barka,2018-09-20,0,0,,,9,144,0.0000,False,,NODATA,50
barka,2018-09-21,0,0,,,9,144,0.0000,False,,NODATA,50
barka,2018-09-22,0,0,,,9,144,0.0000,False,,NODATA,50
barka,2018-09-23,142,66,6.0424,0.1199,9,144,0.9861,True,0.4648,ALERT,50
barka,2018-09-24,0,0,,,9,144,0.0000,False,,NODATA,50
barka,2018-09-25,0,0,,,9,144,0.0000,False,,NODATA,50
barka,2018-09-26,0,0,,,9,144,0.0000,False,,NODATA,50
barka,2018-09-27,142,41,9.5762,0.1642,9,144,0.9861,True,0.2887,ALERT,50
barka,2018-09-28,0,0,,,9,144,0.0000,False,,NODATA,50
barka,2018-09-29,0,0,,,9,144,0.0000,False,,NODATA,50
barka,2018-09-30,3,2,3.8081,0.9287,9,144,0.0208,False,,NODATA,50
barka,2018-10-01,141,103,16.1211,0.3250,10,145,0.9724,True,0.7305,ALERT,50
barka,2018-10-02,0,0,,,10,145,0.0000,False,,NODATA,50
barka,2018-10-03,0,0,,,10,145,0.0000,False,,NODATA,50
barka,2018-10-04,142,66,6.5961,0.0484,10,145,0.9793,True,0.4648,ALERT,50
barka,2018-10-05,142,62,5.7162,0.0373,10,145,0.9793,True,0.4366,ALERT,50
barka,2018-10-06,0,0,,,10,145,0.0000,False,,NODATA,50
barka,2018-10-07,0,0,,,10,145,0.0000,False,,NODATA,50
barka,2018-10-08,132,68,6.0271,0.1865,10,145,0.9103,True,0.5152,ALERT,50
barka,2018-10-09,0,0,,,10,145,0.0000,False,,NODATA,50
barka,2018-10-10,0,0,,,10,145,0.0000,False,,NODATA,50
barka,2018-10-11,0,0,,,10,145,0.0000,False,,NODATA,50
barka,2018-10-12,143,35,4.8894,-0.0804,10,145,0.9862,True,0.2448,ALERT,50
barka,2018-10-13,0,0,,,10,145,0.0000,False,,NODATA,50
barka,2018-10-14,0,0,,,10,145,0.0000,False,,NODATA,50
barka,2018-10-15,0,0,,,10,145,0.0000,False,,NODATA,50
barka,2018-10-16,133,16,3.4293,-0.1662,10,145,0.9172,True,0.1203,QUIET,50
barka,2018-10-17,0,0,,,10,145,0.0000,False,,NODATA,50
barka,2018-10-18,0,0,,,10,145,0.0000,False,,NODATA,50
barka,2018-10-19,49,0,1.1659,-0.4091,10,145,0.3379,True,0.0000,QUIET,50
barka,2018-10-20,142,0,1.9721,-0.2759,10,145,0.9793,True,0.0000,QUIET,50
barka,2018-10-21,0,0,,,10,145,0.0000,False,,NODATA,50
barka,2018-10-22,0,0,,,10,145,0.0000,False,,NODATA,50
barka,2018-10-23,50,3,2.8450,-0.0482,10,145,0.3448,True,0.0600,QUIET,50
barka,2018-10-24,135,0,1.0553,-0.3807,10,145,0.9310,True,0.0000,QUIET,50
barka,2018-10-25,0,0,,,10,145,0.0000,False,,NODATA,50
barka,2018-10-26,0,0,,,10,145,0.0000,False,,NODATA,50
barka,2018-10-27,143,11,2.8346,-0.1468,10,145,0.9862,True,0.0769,QUIET,50
barka,2018-10-28,132,34,3.8189,-0.0328,10,145,0.9103,True,0.2576,EXCEED,50
barka,2018-10-29,0,0,,,10,145,0.0000,False,,NODATA,50
barka,2018-10-30,0,0,,,10,145,0.0000,False,,NODATA,50
barka,2018-10-31,141,0,1.5491,-0.3145,10,145,0.9724,True,0.0000,QUIET,50
barka,2018-11-01,110,0,0.3878,-0.3082,11,144,0.7639,True,0.0000,QUIET,50
barka,2018-11-02,0,0,,,11,144,0.0000,False,,NODATA,50
barka,2018-11-03,0,0,,,11,144,0.0000,False,,NODATA,50
barka,2018-11-04,142,10,3.5958,-0.0291,11,144,0.9861,True,0.0704,QUIET,50
barka,2018-11-05,0,0,,,11,144,0.0000,False,,NODATA,50
barka,2018-11-06,0,0,,,11,144,0.0000,False,,NODATA,50
barka,2018-11-07,0,0,,,11,144,0.0000,False,,NODATA,50
barka,2018-11-08,142,17,3.4633,-0.0033,11,144,0.9861,True,0.1197,QUIET,50
barka,2018-11-09,0,0,,,11,144,0.0000,False,,NODATA,50
barka,2018-11-10,0,0,,,11,144,0.0000,False,,NODATA,50
barka,2018-11-11,0,0,,,11,144,0.0000,False,,NODATA,50
barka,2018-11-12,138,2,2.3719,-0.0610,11,144,0.9583,True,0.0145,QUIET,50
barka,2018-11-13,0,0,,,11,144,0.0000,False,,NODATA,50
barka,2018-11-14,0,0,,,11,144,0.0000,False,,NODATA,50
barka,2018-11-15,26,1,2.3172,0.3242,11,144,0.1806,True,0.0385,QUIET,50
barka,2018-11-16,143,9,2.7624,-0.0055,11,144,0.9931,True,0.0629,QUIET,50
barka,2018-11-17,0,0,,,11,144,0.0000,False,,NODATA,50
barka,2018-11-18,0,0,,,11,144,0.0000,False,,NODATA,50
barka,2018-11-19,144,0,1.5239,-0.1230,11,144,1.0000,True,0.0000,QUIET,50
barka,2018-11-20,143,1,2.1953,-0.0061,11,144,0.9931,True,0.0070,QUIET,50
barka,2018-11-21,0,0,,,11,144,0.0000,False,,NODATA,50
barka,2018-11-22,0,0,,,11,144,0.0000,False,,NODATA,50
barka,2018-11-23,144,1,2.0785,-0.0537,11,144,1.0000,True,0.0069,QUIET,50
barka,2018-11-24,143,6,3.5006,0.0011,11,144,0.9931,True,0.0420,QUIET,50
barka,2018-11-25,0,0,,,11,144,0.0000,False,,NODATA,50
barka,2018-11-26,0,0,,,11,144,0.0000,False,,NODATA,50
barka,2018-11-27,55,0,1.7319,-0.2767,11,144,0.3819,True,0.0000,QUIET,50
barka,2018-11-28,66,1,3.0695,-0.1420,11,144,0.4583,True,0.0152,QUIET,50
barka,2018-11-29,0,0,,,11,144,0.0000,False,,NODATA,50
barka,2018-11-30,0,0,,,11,144,0.0000,False,,NODATA,50
barka,2018-12-01,143,12,2.6813,0.0808,12,144,0.9931,True,0.0839,QUIET,50
barka,2018-12-02,0,0,,,12,144,0.0000,False,,NODATA,50
barka,2018-12-03,0,0,,,12,144,0.0000,False,,NODATA,50
barka,2018-12-04,0,0,,,12,144,0.0000,False,,NODATA,50
barka,2018-12-05,141,5,2.8847,0.0089,12,144,0.9792,True,0.0355,QUIET,50
barka,2018-12-06,0,0,,,12,144,0.0000,False,,NODATA,50
barka,2018-12-07,0,0,,,12,144,0.0000,False,,NODATA,50
barka,2018-12-08,0,0,,,12,144,0.0000,False,,NODATA,50
barka,2018-12-09,143,41,3.8425,0.1642,12,144,0.9931,True,0.2867,EXCEED,50
barka,2018-12-10,0,0,,,12,144,0.0000,False,,NODATA,50
barka,2018-12-11,0,0,,,12,144,0.0000,False,,NODATA,50
barka,2018-12-12,83,7,2.7977,0.0215,12,144,0.5764,True,0.0843,QUIET,50
barka,2018-12-13,142,36,3.7084,0.1264,12,144,0.9861,True,0.2535,ALERT,50
barka,2018-12-14,0,0,,,12,144,0.0000,False,,NODATA,50
barka,2018-12-15,0,0,,,12,144,0.0000,False,,NODATA,50
barka,2018-12-16,107,3,2.6605,-0.1902,12,144,0.7431,True,0.0280,QUIET,50
barka,2018-12-17,144,12,2.7523,0.0637,12,144,1.0000,True,0.0833,QUIET,50
barka,2018-12-18,0,0,,,12,144,0.0000,False,,NODATA,50
barka,2018-12-19,0,0,,,12,144,0.0000,False,,NODATA,50
barka,2018-12-20,144,14,2.9003,0.0509,12,144,1.0000,True,0.0972,QUIET,50
barka,2018-12-21,144,15,3.3058,0.0588,12,144,1.0000,True,0.1042,QUIET,50
barka,2018-12-22,0,0,,,12,144,0.0000,False,,NODATA,50
barka,2018-12-23,0,0,,,12,144,0.0000,False,,NODATA,50
barka,2018-12-24,91,1,2.3739,0.0079,12,144,0.6319,True,0.0110,QUIET,50
barka,2018-12-25,105,0,1.3203,-0.1790,12,144,0.7292,True,0.0000,QUIET,50
barka,2018-12-26,0,0,,,12,144,0.0000,False,,NODATA,50
barka,2018-12-27,0,0,,,12,144,0.0000,False,,NODATA,50
barka,2018-12-28,36,1,2.9835,-0.2545,12,144,0.2500,True,0.0278,QUIET,50
barka,2018-12-29,0,0,,,12,144,0.0000,False,,NODATA,50
barka,2018-12-30,0,0,,,12,144,0.0000,False,,NODATA,50
barka,2018-12-31,0,0,,,12,144,0.0000,False,,NODATA,50
barka,2019-01-01,142,4,2.4219,0.1481,1,144,0.9861,True,0.0282,QUIET,50
barka,2019-01-02,0,0,,,1,144,0.0000,False,,NODATA,50
barka,2019-01-03,0,0,,,1,144,0.0000,False,,NODATA,50
barka,2019-01-04,0,0,,,1,144,0.0000,False,,NODATA,50
barka,2019-01-05,137,9,2.5281,0.1333,1,144,0.9514,True,0.0657,QUIET,50
barka,2019-01-06,0,0,,,1,144,0.0000,False,,NODATA,50
barka,2019-01-07,0,0,,,1,144,0.0000,False,,NODATA,50
barka,2019-01-08,45,5,3.3528,0.5619,1,144,0.3125,True,0.1111,QUIET,50
barka,2019-01-09,142,24,2.5145,0.2710,1,144,0.9861,True,0.1690,QUIET,50
barka,2019-01-10,0,0,,,1,144,0.0000,False,,NODATA,50
barka,2019-01-11,0,0,,,1,144,0.0000,False,,NODATA,50
barka,2019-01-12,129,3,2.9882,0.1526,1,144,0.8958,True,0.0233,QUIET,50
barka,2019-01-13,142,8,2.2173,0.2215,1,144,0.9861,True,0.0563,QUIET,50
barka,2019-01-14,0,0,,,1,144,0.0000,False,,NODATA,50
barka,2019-01-15,0,0,,,1,144,0.0000,False,,NODATA,50
barka,2019-01-16,144,24,2.9484,0.2458,1,144,1.0000,True,0.1667,QUIET,50
barka,2019-01-17,141,4,2.7263,0.0874,1,144,0.9792,True,0.0284,QUIET,50
barka,2019-01-18,0,0,,,1,144,0.0000,False,,NODATA,50
barka,2019-01-19,0,0,,,1,144,0.0000,False,,NODATA,50
barka,2019-01-20,108,25,3.1581,0.0625,1,144,0.7500,True,0.2315,EXCEED,50
barka,2019-01-21,83,6,2.4887,0.3929,1,144,0.5764,True,0.0723,QUIET,50
barka,2019-01-22,0,0,,,1,144,0.0000,False,,NODATA,50
barka,2019-01-23,0,0,,,1,144,0.0000,False,,NODATA,50
barka,2019-01-24,144,0,1.1354,-0.2595,1,144,1.0000,True,0.0000,QUIET,50
barka,2019-01-25,0,0,,,1,144,0.0000,False,,NODATA,50
barka,2019-01-26,0,0,,,1,144,0.0000,False,,NODATA,50
barka,2019-01-27,0,0,,,1,144,0.0000,False,,NODATA,50
barka,2019-01-28,133,0,1.7759,-0.0619,1,144,0.9236,True,0.0000,QUIET,50
barka,2019-01-29,0,0,,,1,144,0.0000,False,,NODATA,50
barka,2019-01-30,0,0,,,1,144,0.0000,False,,NODATA,50
barka,2019-01-31,0,0,,,1,144,0.0000,False,,NODATA,50
barka,2019-02-01,142,2,2.6191,0.1610,2,143,0.9930,True,0.0141,QUIET,50
barka,2019-02-02,0,0,,,2,143,0.0000,False,,NODATA,50
barka,2019-02-03,0,0,,,2,143,0.0000,False,,NODATA,50
barka,2019-02-04,84,1,2.2675,0.3213,2,143,0.5874,True,0.0119,QUIET,50
barka,2019-02-05,88,0,1.4078,0.0985,2,143,0.6154,True,0.0000,QUIET,50
barka,2019-02-06,0,0,,,2,143,0.0000,False,,NODATA,50
barka,2019-02-07,0,0,,,2,143,0.0000,False,,NODATA,50
barka,2019-02-08,138,0,1.7477,0.0648,2,143,0.9650,True,0.0000,QUIET,50
barka,2019-02-09,138,1,2.0141,0.1539,2,143,0.9650,True,0.0072,QUIET,50
barka,2019-02-10,0,0,,,2,143,0.0000,False,,NODATA,50
barka,2019-02-11,0,0,,,2,143,0.0000,False,,NODATA,50
barka,2019-02-12,93,1,2.2296,0.2696,2,143,0.6503,True,0.0108,QUIET,50
barka,2019-02-13,136,0,1.3309,0.0074,2,143,0.9510,True,0.0000,QUIET,50
barka,2019-02-14,0,0,,,2,143,0.0000,False,,NODATA,50
barka,2019-02-15,0,0,,,2,143,0.0000,False,,NODATA,50
barka,2019-02-16,134,1,2.1484,0.0044,2,143,0.9371,True,0.0075,QUIET,50
barka,2019-02-17,46,0,1.7748,0.2836,2,143,0.3217,True,0.0000,QUIET,50
barka,2019-02-18,0,0,,,2,143,0.0000,False,,NODATA,50
barka,2019-02-19,0,0,,,2,143,0.0000,False,,NODATA,50
barka,2019-02-20,128,3,2.1498,0.1474,2,143,0.8951,True,0.0234,QUIET,50
barka,2019-02-21,0,0,,,2,143,0.0000,False,,NODATA,50
barka,2019-02-22,0,0,,,2,143,0.0000,False,,NODATA,50
barka,2019-02-23,0,0,,,2,143,0.0000,False,,NODATA,50
barka,2019-02-24,132,0,-0.1815,-0.1850,2,143,0.9231,True,0.0000,QUIET,50
barka,2019-02-25,0,0,,,2,143,0.0000,False,,NODATA,50
barka,2019-02-26,0,0,,,2,143,0.0000,False,,NODATA,50
barka,2019-02-27,0,0,,,2,143,0.0000,False,,NODATA,50
barka,2019-02-28,101,0,1.9585,0.3381,2,143,0.7063,True,0.0000,QUIET,50
barka,2019-03-01,0,0,,,3,144,0.0000,False,,NODATA,50
barka,2019-03-02,0,0,,,3,144,0.0000,False,,NODATA,50
barka,2019-03-03,2,0,0.5191,0.8906,3,144,0.0139,False,,NODATA,50
barka,2019-03-04,142,0,1.5853,-0.0861,3,144,0.9861,True,0.0000,QUIET,50
barka,2019-03-05,0,0,,,3,144,0.0000,False,,NODATA,50
barka,2019-03-06,0,0,,,3,144,0.0000,False,,NODATA,50
barka,2019-03-07,25,0,1.5552,0.4315,3,144,0.1736,True,0.0000,QUIET,50
barka,2019-03-08,124,0,1.1952,-0.1187,3,144,0.8611,True,0.0000,QUIET,50
barka,2019-03-09,0,0,,,3,144,0.0000,False,,NODATA,50
barka,2019-03-10,0,0,,,3,144,0.0000,False,,NODATA,50
barka,2019-03-11,118,0,1.7722,0.0780,3,144,0.8194,True,0.0000,QUIET,50
barka,2019-03-12,142,0,1.6758,0.0822,3,144,0.9861,True,0.0000,QUIET,50
barka,2019-03-13,0,0,,,3,144,0.0000,False,,NODATA,50
barka,2019-03-14,0,0,,,3,144,0.0000,False,,NODATA,50
barka,2019-03-15,37,0,1.0364,0.3062,3,144,0.2569,True,0.0000,QUIET,50
barka,2019-03-16,20,0,1.0767,0.1869,3,144,0.1389,True,0.0000,QUIET,50
barka,2019-03-17,0,0,,,3,144,0.0000,False,,NODATA,50
barka,2019-03-18,0,0,,,3,144,0.0000,False,,NODATA,50
barka,2019-03-19,144,16,3.0977,0.4818,3,144,1.0000,True,0.1111,QUIET,50
barka,2019-03-20,0,0,,,3,144,0.0000,False,,NODATA,50
barka,2019-03-21,0,0,,,3,144,0.0000,False,,NODATA,50
barka,2019-03-22,6,0,1.5687,0.5019,3,144,0.0417,False,,NODATA,50
barka,2019-03-23,0,0,,,3,144,0.0000,False,,NODATA,50
barka,2019-03-24,0,0,,,3,144,0.0000,False,,NODATA,50
barka,2019-03-25,66,0,1.7681,0.3706,3,144,0.4583,True,0.0000,QUIET,50
barka,2019-03-26,82,7,2.3899,0.5659,3,144,0.5694,True,0.0854,QUIET,50
barka,2019-03-27,3,0,-0.9184,-0.1295,3,144,0.0208,False,,NODATA,50
barka,2019-03-28,0,0,,,3,144,0.0000,False,,NODATA,50
barka,2019-03-29,138,109,3.6021,0.9754,3,144,0.9583,True,0.7899,EXCEED,50
barka,2019-03-30,0,0,,,3,144,0.0000,False,,NODATA,50
barka,2019-03-31,0,0,,,3,144,0.0000,False,,NODATA,50
barka,2019-04-01,0,0,,,4,144,0.0000,False,,NODATA,50
barka,2019-04-02,121,72,4.1934,0.6117,4,144,0.8403,True,0.5950,ALERT,50
barka,2019-04-03,0,0,,,4,144,0.0000,False,,NODATA,50
barka,2019-04-04,134,1,2.1787,0.2127,4,144,0.9306,True,0.0075,QUIET,50
barka,2019-04-05,0,0,,,4,144,0.0000,False,,NODATA,50
barka,2019-04-06,0,0,,,4,144,0.0000,False,,NODATA,50
barka,2019-04-07,0,0,,,4,144,0.0000,False,,NODATA,50
barka,2019-04-08,0,0,,,4,144,0.0000,False,,NODATA,50
barka,2019-04-09,0,0,,,4,144,0.0000,False,,NODATA,50
barka,2019-04-10,20,14,3.7087,0.7323,4,144,0.1389,True,0.7000,EXCEED,50
barka,2019-04-11,9,9,3.4499,0.7528,4,144,0.0625,False,,NODATA,50
barka,2019-04-12,47,1,2.9744,-0.0593,4,144,0.3264,True,0.0213,QUIET,50
barka,2019-04-13,0,0,,,4,144,0.0000,False,,NODATA,50
barka,2019-04-14,7,0,0.5449,0.0538,4,144,0.0486,False,,NODATA,50
barka,2019-04-15,92,9,2.8001,0.4153,4,144,0.6389,True,0.0978,QUIET,50
barka,2019-04-16,0,0,,,4,144,0.0000,False,,NODATA,50
barka,2019-04-17,0,0,,,4,144,0.0000,False,,NODATA,50
barka,2019-04-18,142,18,3.2083,0.3635,4,144,0.9861,True,0.1268,QUIET,50
barka,2019-04-19,142,19,2.7427,0.3730,4,144,0.9861,True,0.1338,QUIET,50
barka,2019-04-20,0,0,,,4,144,0.0000,False,,NODATA,50
barka,2019-04-21,0,0,,,4,144,0.0000,False,,NODATA,50
barka,2019-04-22,142,11,2.5794,0.3067,4,144,0.9861,True,0.0775,QUIET,50
barka,2019-04-23,139,3,2.2274,0.2862,4,144,0.9653,True,0.0216,QUIET,50
barka,2019-04-24,0,0,,,4,144,0.0000,False,,NODATA,50
barka,2019-04-25,10,0,1.7619,0.9067,4,144,0.0694,False,,NODATA,50
barka,2019-04-26,0,0,,,4,144,0.0000,False,,NODATA,50
barka,2019-04-27,126,0,0.0095,-0.2717,4,144,0.8750,True,0.0000,QUIET,50
barka,2019-04-28,0,0,,,4,144,0.0000,False,,NODATA,50
barka,2019-04-29,142,9,3.0617,0.1262,4,144,0.9861,True,0.0634,QUIET,50
barka,2019-04-30,0,0,,,4,144,0.0000,False,,NODATA,50
barka,2019-05-01,142,42,3.4211,-0.0676,5,144,0.9861,True,0.2958,EXCEED,50
barka,2019-05-02,0,0,,,5,144,0.0000,False,,NODATA,50
barka,2019-05-03,142,9,2.8273,-0.2390,5,144,0.9861,True,0.0634,QUIET,50
barka,2019-05-04,0,0,,,5,144,0.0000,False,,NODATA,50
barka,2019-05-05,133,24,2.6461,-0.1351,5,144,0.9236,True,0.1805,QUIET,50
barka,2019-05-06,0,0,,,5,144,0.0000,False,,NODATA,50
barka,2019-05-07,140,8,2.7299,-0.1524,5,144,0.9722,True,0.0571,QUIET,50
barka,2019-05-08,0,0,,,5,144,0.0000,False,,NODATA,50
barka,2019-05-09,38,8,3.0443,-0.4300,5,144,0.2639,True,0.2105,QUIET,50
barka,2019-05-10,0,0,,,5,144,0.0000,False,,NODATA,50
barka,2019-05-11,109,13,2.7525,-0.1692,5,144,0.7569,True,0.1193,QUIET,50
barka,2019-05-12,69,1,2.8064,-0.2914,5,144,0.4792,True,0.0145,QUIET,50
barka,2019-05-13,0,0,,,5,144,0.0000,False,,NODATA,50
barka,2019-05-14,0,0,,,5,144,0.0000,False,,NODATA,50
barka,2019-05-15,105,11,3.0054,-0.2682,5,144,0.7292,True,0.1048,QUIET,50
barka,2019-05-16,124,1,2.1186,-0.3538,5,144,0.8611,True,0.0081,QUIET,50
barka,2019-05-17,0,0,,,5,144,0.0000,False,,NODATA,50
barka,2019-05-18,0,0,,,5,144,0.0000,False,,NODATA,50
barka,2019-05-19,24,1,3.6854,-0.4230,5,144,0.1667,True,0.0417,QUIET,50
barka,2019-05-20,9,4,3.5591,-0.4120,5,144,0.0625,False,,NODATA,50
barka,2019-05-21,0,0,,,5,144,0.0000,False,,NODATA,50
barka,2019-05-22,7,0,1.7199,-0.4357,5,144,0.0486,False,,NODATA,50
barka,2019-05-23,0,0,,,5,144,0.0000,False,,NODATA,50
barka,2019-05-24,128,0,1.4241,-0.3580,5,144,0.8889,True,0.0000,QUIET,50
barka,2019-05-25,0,0,,,5,144,0.0000,False,,NODATA,50
barka,2019-05-26,123,5,3.0413,-0.3471,5,144,0.8542,True,0.0407,QUIET,50
barka,2019-05-27,0,0,,,5,144,0.0000,False,,NODATA,50
barka,2019-05-28,143,51,4.3292,0.0914,5,144,0.9931,True,0.3566,EXCEED,50
barka,2019-05-29,0,0,,,5,144,0.0000,False,,NODATA,50
barka,2019-05-30,0,0,,,5,144,0.0000,False,,NODATA,50
barka,2019-05-31,0,0,,,5,144,0.0000,False,,NODATA,50
barka,2019-06-01,140,1,2.0171,-0.2125,6,144,0.9722,True,0.0071,QUIET,50
barka,2019-06-02,0,0,,,6,144,0.0000,False,,NODATA,50
barka,2019-06-03,144,0,0.8252,-0.4226,6,144,1.0000,True,0.0000,QUIET,50
barka,2019-06-04,0,0,,,6,144,0.0000,False,,NODATA,50
barka,2019-06-05,75,0,1.3029,-0.5156,6,144,0.5208,True,0.0000,QUIET,50
barka,2019-06-06,0,0,,,6,144,0.0000,False,,NODATA,50
barka,2019-06-07,144,0,1.0397,-0.5355,6,144,1.0000,True,0.0000,QUIET,50
barka,2019-06-08,8,4,3.0223,0.9321,6,144,0.0556,False,,NODATA,50
barka,2019-06-09,0,0,,,6,144,0.0000,False,,NODATA,50
barka,2019-06-10,0,0,,,6,144,0.0000,False,,NODATA,50
barka,2019-06-11,137,0,1.9639,-0.3726,6,144,0.9514,True,0.0000,QUIET,50
barka,2019-06-12,83,0,1.5477,-0.5894,6,144,0.5764,True,0.0000,QUIET,50
barka,2019-06-13,0,0,,,6,144,0.0000,False,,NODATA,50
barka,2019-06-14,0,0,,,6,144,0.0000,False,,NODATA,50
barka,2019-06-15,142,0,1.9729,-0.4397,6,144,0.9861,True,0.0000,QUIET,50
barka,2019-06-16,122,8,2.7599,-0.4273,6,144,0.8472,True,0.0656,QUIET,50
barka,2019-06-17,0,0,,,6,144,0.0000,False,,NODATA,50
barka,2019-06-18,34,0,0.6261,-0.3631,6,144,0.2361,True,0.0000,QUIET,50
barka,2019-06-19,0,0,,,6,144,0.0000,False,,NODATA,50
barka,2019-06-20,92,0,1.5172,-0.3724,6,144,0.6389,True,0.0000,QUIET,50
barka,2019-06-21,0,0,,,6,144,0.0000,False,,NODATA,50
barka,2019-06-22,140,5,2.7543,-0.2476,6,144,0.9722,True,0.0357,QUIET,50
barka,2019-06-23,0,0,,,6,144,0.0000,False,,NODATA,50
barka,2019-06-24,87,13,2.6266,-0.3069,6,144,0.6042,True,0.1494,QUIET,50
barka,2019-06-25,0,0,,,6,144,0.0000,False,,NODATA,50
barka,2019-06-26,132,12,2.7571,-0.0320,6,144,0.9167,True,0.0909,QUIET,50
barka,2019-06-27,0,0,,,6,144,0.0000,False,,NODATA,50
barka,2019-06-28,107,9,2.5402,-0.4238,6,144,0.7431,True,0.0841,QUIET,50
barka,2019-06-29,0,0,,,6,144,0.0000,False,,NODATA,50
barka,2019-06-30,144,0,1.5509,-0.2481,6,144,1.0000,True,0.0000,QUIET,50
barka,2019-07-01,0,0,,,7,142,0.0000,False,,NODATA,50
barka,2019-07-02,129,0,0.3561,-0.2694,7,142,0.9085,True,0.0000,QUIET,50
barka,2019-07-03,0,0,,,7,142,0.0000,False,,NODATA,50
barka,2019-07-04,64,0,1.6280,0.1340,7,142,0.4507,True,0.0000,QUIET,50
barka,2019-07-05,90,0,1.8376,-0.1751,7,142,0.6338,True,0.0000,QUIET,50
barka,2019-07-06,0,0,,,7,142,0.0000,False,,NODATA,50
barka,2019-07-07,0,0,,,7,142,0.0000,False,,NODATA,50
barka,2019-07-08,94,0,1.9709,0.1482,7,142,0.6620,True,0.0000,QUIET,50
barka,2019-07-09,142,4,2.9394,-0.0235,7,142,1.0000,True,0.0282,QUIET,50
barka,2019-07-10,0,0,,,7,142,0.0000,False,,NODATA,50
barka,2019-07-11,0,0,,,7,142,0.0000,False,,NODATA,50
barka,2019-07-12,120,1,2.1100,-0.0866,7,142,0.8451,True,0.0083,QUIET,50
barka,2019-07-13,91,2,2.8040,0.1661,7,142,0.6408,True,0.0220,QUIET,50
barka,2019-07-14,0,0,,,7,142,0.0000,False,,NODATA,50
barka,2019-07-15,38,1,2.4469,-0.3870,7,142,0.2676,True,0.0263,QUIET,50
barka,2019-07-16,0,0,,,7,142,0.0000,False,,NODATA,50
barka,2019-07-17,21,1,2.0094,0.3622,7,142,0.1479,True,0.0476,QUIET,50
barka,2019-07-18,0,0,,,7,142,0.0000,False,,NODATA,50
barka,2019-07-19,93,3,2.8960,-0.3270,7,142,0.6549,True,0.0323,QUIET,50
barka,2019-07-20,0,0,,,7,142,0.0000,False,,NODATA,50
barka,2019-07-21,78,0,-0.6407,-0.4570,7,142,0.5493,True,0.0000,QUIET,50
barka,2019-07-22,0,0,,,7,142,0.0000,False,,NODATA,50
barka,2019-07-23,16,0,0.4764,-0.2788,7,142,0.1127,True,0.0000,QUIET,50
barka,2019-07-24,0,0,,,7,142,0.0000,False,,NODATA,50
barka,2019-07-25,75,0,-0.2586,-0.4843,7,142,0.5282,True,0.0000,QUIET,50
barka,2019-07-26,0,0,,,7,142,0.0000,False,,NODATA,50
barka,2019-07-27,115,20,3.1827,0.0488,7,142,0.8099,True,0.1739,QUIET,50
barka,2019-07-28,2,0,1.7917,0.4099,7,142,0.0141,False,,NODATA,50
barka,2019-07-29,0,0,,,7,142,0.0000,False,,NODATA,50
barka,2019-07-30,0,0,,,7,142,0.0000,False,,NODATA,50
barka,2019-07-31,0,0,,,7,142,0.0000,False,,NODATA,50
barka,2019-08-01,99,46,2.9984,0.2665,8,142,0.6972,True,0.4646,EXCEED,50
barka,2019-08-02,0,0,,,8,142,0.0000,False,,NODATA,50
barka,2019-08-03,0,0,,,8,142,0.0000,False,,NODATA,50
barka,2019-08-04,5,2,2.8145,0.6008,8,142,0.0352,False,,NODATA,50
barka,2019-08-05,38,15,3.0114,0.2783,8,142,0.2676,True,0.3947,ALERT,50
barka,2019-08-06,0,0,,,8,142,0.0000,False,,NODATA,50
barka,2019-08-07,0,0,,,8,142,0.0000,False,,NODATA,50
barka,2019-08-08,0,0,,,8,142,0.0000,False,,NODATA,50
barka,2019-08-09,3,0,1.0358,0.5684,8,142,0.0211,False,,NODATA,50
barka,2019-08-10,0,0,,,8,142,0.0000,False,,NODATA,50
barka,2019-08-11,26,6,2.6284,0.4556,8,142,0.1831,True,0.2308,ALERT,50
barka,2019-08-12,0,0,,,8,142,0.0000,False,,NODATA,50
barka,2019-08-13,70,0,-0.5559,-0.4532,8,142,0.4930,True,0.0000,QUIET,50
barka,2019-08-14,0,0,,,8,142,0.0000,False,,NODATA,50
barka,2019-08-15,74,34,3.2089,0.4703,8,142,0.5211,True,0.4595,ALERT,50
barka,2019-08-16,0,0,,,8,142,0.0000,False,,NODATA,50
barka,2019-08-17,138,0,1.8659,-0.1083,8,142,0.9718,True,0.0000,QUIET,50
barka,2019-08-18,0,0,,,8,142,0.0000,False,,NODATA,50
barka,2019-08-19,140,4,2.4928,0.1945,8,142,0.9859,True,0.0286,QUIET,50
barka,2019-08-20,0,0,,,8,142,0.0000,False,,NODATA,50
barka,2019-08-21,125,2,2.2372,-0.0208,8,142,0.8803,True,0.0160,QUIET,50
barka,2019-08-22,0,0,,,8,142,0.0000,False,,NODATA,50
barka,2019-08-23,137,0,1.1939,-0.0890,8,142,0.9648,True,0.0000,QUIET,50
barka,2019-08-24,16,0,1.5931,-0.2601,8,142,0.1127,True,0.0000,QUIET,50
barka,2019-08-25,142,1,2.2315,0.0374,8,142,1.0000,True,0.0070,QUIET,50
barka,2019-08-26,0,0,,,8,142,0.0000,False,,NODATA,50
barka,2019-08-27,139,0,1.7655,-0.0722,8,142,0.9789,True,0.0000,QUIET,50
barka,2019-08-28,125,0,1.8613,-0.0096,8,142,0.8803,True,0.0000,QUIET,50
barka,2019-08-29,0,0,,,8,142,0.0000,False,,NODATA,50
barka,2019-08-30,0,0,,,8,142,0.0000,False,,NODATA,50
barka,2019-08-31,132,21,2.8746,0.2381,8,142,0.9296,True,0.1591,QUIET,50
barka,2019-09-01,140,28,3.8173,0.0741,9,144,0.9722,True,0.2000,QUIET,50
barka,2019-09-02,0,0,,,9,144,0.0000,False,,NODATA,50
barka,2019-09-03,18,16,4.5212,0.3542,9,144,0.1250,True,0.8889,EXCEED,50
barka,2019-09-04,64,0,0.9802,-0.2762,9,144,0.4444,True,0.0000,QUIET,50
barka,2019-09-05,0,0,,,9,144,0.0000,False,,NODATA,50
barka,2019-09-06,0,0,,,9,144,0.0000,False,,NODATA,50
barka,2019-09-07,0,0,,,9,144,0.0000,False,,NODATA,50
barka,2019-09-08,0,0,,,9,144,0.0000,False,,NODATA,50
barka,2019-09-09,64,5,3.4076,-0.0279,9,144,0.4444,True,0.0781,QUIET,50
barka,2019-09-10,0,0,,,9,144,0.0000,False,,NODATA,50
barka,2019-09-11,143,6,2.7367,0.0388,9,144,0.9931,True,0.0420,QUIET,50
barka,2019-09-12,0,0,,,9,144,0.0000,False,,NODATA,50
barka,2019-09-13,128,81,3.7794,0.3576,9,144,0.8889,True,0.6328,EXCEED,50
barka,2019-09-14,0,0,,,9,144,0.0000,False,,NODATA,50
barka,2019-09-15,142,14,2.6418,0.1048,9,144,0.9861,True,0.0986,QUIET,50
barka,2019-09-16,0,0,,,9,144,0.0000,False,,NODATA,50
barka,2019-09-17,110,1,2.2733,-0.3352,9,144,0.7639,True,0.0091,QUIET,50
barka,2019-09-18,0,0,,,9,144,0.0000,False,,NODATA,50
barka,2019-09-19,144,11,2.9220,0.0706,9,144,1.0000,True,0.0764,QUIET,50
barka,2019-09-20,42,5,2.8010,0.2401,9,144,0.2917,True,0.1190,QUIET,50
barka,2019-09-21,0,0,,,9,144,0.0000,False,,NODATA,50
barka,2019-09-22,0,0,,,9,144,0.0000,False,,NODATA,50
barka,2019-09-23,136,0,1.8818,-0.1621,9,144,0.9444,True,0.0000,QUIET,50
barka,2019-09-24,0,0,,,9,144,0.0000,False,,NODATA,50
barka,2019-09-25,0,0,,,9,144,0.0000,False,,NODATA,50
barka,2019-09-26,0,0,,,9,144,0.0000,False,,NODATA,50
barka,2019-09-27,143,32,3.2731,-0.0203,9,144,0.9931,True,0.2238,EXCEED,50
barka,2019-09-28,142,47,3.7429,0.1267,9,144,0.9861,True,0.3310,ALERT,50
barka,2019-09-29,0,0,,,9,144,0.0000,False,,NODATA,50
barka,2019-09-30,91,0,1.9167,-0.3169,9,144,0.6319,True,0.0000,QUIET,50
barka,2019-10-01,142,43,3.5199,0.0257,10,145,0.9793,True,0.3028,ALERT,50
barka,2019-10-02,141,29,2.9920,0.0022,10,145,0.9724,True,0.2057,QUIET,50
barka,2019-10-03,0,0,,,10,145,0.0000,False,,NODATA,50
barka,2019-10-04,133,30,3.8372,0.0097,10,145,0.9172,True,0.2256,ALERT,50
barka,2019-10-05,0,0,,,10,145,0.0000,False,,NODATA,50
barka,2019-10-06,0,0,,,10,145,0.0000,False,,NODATA,50
barka,2019-10-07,0,0,,,10,145,0.0000,False,,NODATA,50
barka,2019-10-08,144,4,2.1835,-0.2637,10,145,0.9931,True,0.0278,QUIET,50
barka,2019-10-09,1,0,1.1792,0.8252,10,145,0.0069,False,,NODATA,50
barka,2019-10-10,142,1,2.0696,-0.2807,10,145,0.9793,True,0.0070,QUIET,50
barka,2019-10-11,0,0,,,10,145,0.0000,False,,NODATA,50
barka,2019-10-12,0,0,,,10,145,0.0000,False,,NODATA,50
barka,2019-10-13,135,3,2.3408,-0.3451,10,145,0.9310,True,0.0222,QUIET,50
barka,2019-10-14,141,4,2.3797,-0.3644,10,145,0.9724,True,0.0284,QUIET,50
barka,2019-10-15,0,0,,,10,145,0.0000,False,,NODATA,50
barka,2019-10-16,144,0,0.6930,-0.3935,10,145,0.9931,True,0.0000,QUIET,50
barka,2019-10-17,143,0,0.5738,-0.3880,10,145,0.9862,True,0.0000,QUIET,50
barka,2019-10-18,142,0,1.1391,-0.3493,10,145,0.9793,True,0.0000,QUIET,50
barka,2019-10-19,31,0,0.9722,0.2342,10,145,0.2138,True,0.0000,QUIET,50
barka,2019-10-20,142,0,1.2610,-0.3921,10,145,0.9793,True,0.0000,QUIET,50
barka,2019-10-21,144,5,2.9872,-0.2871,10,145,0.9931,True,0.0347,QUIET,50
barka,2019-10-22,0,0,,,10,145,0.0000,False,,NODATA,50
barka,2019-10-23,114,0,1.2543,-0.3612,10,145,0.7862,True,0.0000,QUIET,50
barka,2019-10-24,143,0,1.4135,-0.3444,10,145,0.9862,True,0.0000,QUIET,50
barka,2019-10-25,143,3,2.1972,-0.3375,10,145,0.9862,True,0.0210,QUIET,50
barka,2019-10-26,0,0,,,10,145,0.0000,False,,NODATA,50
barka,2019-10-27,144,0,0.8738,-0.3969,10,145,0.9931,True,0.0000,QUIET,50
barka,2019-10-28,143,0,1.4911,-0.3921,10,145,0.9862,True,0.0000,QUIET,50
barka,2019-10-29,142,1,2.2930,-0.3883,10,145,0.9793,True,0.0070,QUIET,50
barka,2019-10-30,0,0,,,10,145,0.0000,False,,NODATA,50
barka,2019-10-31,136,0,1.5274,-0.3403,10,145,0.9379,True,0.0000,QUIET,50
barka,2019-11-01,71,0,1.7449,-0.4036,11,144,0.4931,True,0.0000,QUIET,50
barka,2019-11-02,140,0,1.8131,-0.3537,11,144,0.9722,True,0.0000,QUIET,50
barka,2019-11-03,0,0,,,11,144,0.0000,False,,NODATA,50
barka,2019-11-04,144,0,0.9943,-0.2203,11,144,1.0000,True,0.0000,QUIET,50
barka,2019-11-05,129,0,1.3560,-0.3081,11,144,0.8958,True,0.0000,QUIET,50
barka,2019-11-06,142,0,1.3233,-0.2735,11,144,0.9861,True,0.0000,QUIET,50
barka,2019-11-07,0,0,,,11,144,0.0000,False,,NODATA,50
barka,2019-11-08,144,0,1.3478,-0.2930,11,144,1.0000,True,0.0000,QUIET,50
barka,2019-11-09,143,0,1.8550,-0.1422,11,144,0.9931,True,0.0000,QUIET,50
barka,2019-11-10,10,0,1.2832,0.3330,11,144,0.0694,False,,NODATA,50
barka,2019-11-11,6,0,-0.1268,-0.0766,11,144,0.0417,False,,NODATA,50
barka,2019-11-12,144,0,1.8434,-0.1371,11,144,1.0000,True,0.0000,QUIET,50
barka,2019-11-13,144,0,1.6348,-0.1478,11,144,1.0000,True,0.0000,QUIET,50
barka,2019-11-14,143,0,1.4812,-0.0602,11,144,0.9931,True,0.0000,QUIET,50
barka,2019-11-15,122,0,1.8857,-0.1832,11,144,0.8472,True,0.0000,QUIET,50
barka,2019-11-16,144,0,0.8334,-0.2112,11,144,1.0000,True,0.0000,QUIET,50
barka,2019-11-17,116,1,2.3090,-0.2034,11,144,0.8056,True,0.0086,QUIET,50
barka,2019-11-18,0,0,,,11,144,0.0000,False,,NODATA,50
barka,2019-11-19,144,0,1.9368,-0.1088,11,144,1.0000,True,0.0000,QUIET,50
barka,2019-11-20,134,1,2.0374,-0.0647,11,144,0.9306,True,0.0075,QUIET,50
barka,2019-11-21,30,1,2.3006,-0.2136,11,144,0.2083,True,0.0333,QUIET,50
barka,2019-11-22,0,0,,,11,144,0.0000,False,,NODATA,50
barka,2019-11-23,61,0,0.7031,-0.3327,11,144,0.4236,True,0.0000,QUIET,50
barka,2019-11-24,37,0,0.7974,-0.2075,11,144,0.2569,True,0.0000,QUIET,50
barka,2019-11-25,0,0,,,11,144,0.0000,False,,NODATA,50
barka,2019-11-26,0,0,,,11,144,0.0000,False,,NODATA,50
barka,2019-11-27,142,3,2.1845,-0.0758,11,144,0.9861,True,0.0211,QUIET,50
barka,2019-11-28,83,4,2.5434,0.0838,11,144,0.5764,True,0.0482,QUIET,50
barka,2019-11-29,144,20,2.7901,0.1195,11,144,1.0000,True,0.1389,QUIET,50
barka,2019-11-30,0,0,,,11,144,0.0000,False,,NODATA,50
barka,2019-12-01,144,0,1.4472,-0.0759,12,144,1.0000,True,0.0000,QUIET,50
barka,2019-12-02,0,0,,,12,144,0.0000,False,,NODATA,50
barka,2019-12-03,130,24,3.0246,0.0818,12,144,0.9028,True,0.1846,QUIET,50
barka,2019-12-04,0,0,,,12,144,0.0000,False,,NODATA,50
barka,2019-12-05,108,0,1.4310,-0.0197,12,144,0.7500,True,0.0000,QUIET,50
barka,2019-12-06,144,10,2.6560,0.0423,12,144,1.0000,True,0.0694,QUIET,50
barka,2019-12-07,120,0,1.4729,-0.0181,12,144,0.8333,True,0.0000,QUIET,50
barka,2019-12-08,0,0,,,12,144,0.0000,False,,NODATA,50
barka,2019-12-09,144,1,2.3051,-0.1747,12,144,1.0000,True,0.0069,QUIET,50
barka,2019-12-10,144,0,1.8616,-0.1447,12,144,1.0000,True,0.0000,QUIET,50
barka,2019-12-11,0,0,,,12,144,0.0000,False,,NODATA,50
barka,2019-12-12,143,0,1.0087,-0.2312,12,144,0.9931,True,0.0000,QUIET,50
barka,2019-12-13,0,0,,,12,144,0.0000,False,,NODATA,50
barka,2019-12-14,142,0,0.5384,-0.2517,12,144,0.9861,True,0.0000,QUIET,50
barka,2019-12-15,0,0,,,12,144,0.0000,False,,NODATA,50
barka,2019-12-16,144,0,0.1157,-0.2657,12,144,1.0000,True,0.0000,QUIET,50
barka,2019-12-17,119,0,0.4445,-0.2497,12,144,0.8264,True,0.0000,QUIET,50
barka,2019-12-18,143,1,2.3251,-0.2555,12,144,0.9931,True,0.0070,QUIET,50
barka,2019-12-19,0,0,,,12,144,0.0000,False,,NODATA,50
barka,2019-12-20,80,0,1.4383,-0.4767,12,144,0.5556,True,0.0000,QUIET,50
barka,2019-12-21,103,0,1.2306,-0.2823,12,144,0.7153,True,0.0000,QUIET,50
barka,2019-12-22,144,0,1.4964,-0.1579,12,144,1.0000,True,0.0000,QUIET,50
barka,2019-12-23,0,0,,,12,144,0.0000,False,,NODATA,50
barka,2019-12-24,144,0,1.4129,-0.1734,12,144,1.0000,True,0.0000,QUIET,50
barka,2019-12-25,85,0,1.3072,-0.1076,12,144,0.5903,True,0.0000,QUIET,50
barka,2019-12-26,144,1,2.0120,-0.0813,12,144,1.0000,True,0.0069,QUIET,50
barka,2019-12-27,0,0,,,12,144,0.0000,False,,NODATA,50
barka,2019-12-28,137,0,0.3821,-0.2333,12,144,0.9514,True,0.0000,QUIET,50
barka,2019-12-29,100,0,-0.5785,-0.4181,12,144,0.6944,True,0.0000,QUIET,50
barka,2019-12-30,144,0,0.6429,-0.1848,12,144,1.0000,True,0.0000,QUIET,50
barka,2019-12-31,0,0,,,12,144,0.0000,False,,NODATA,50
barka,2020-01-01,142,0,0.6291,-0.1453,1,144,0.9861,True,0.0000,QUIET,50
barka,2020-01-02,144,0,0.2187,-0.1452,1,144,1.0000,True,0.0000,QUIET,50
barka,2020-01-03,143,0,0.9497,-0.0835,1,144,0.9931,True,0.0000,QUIET,50
barka,2020-01-04,6,0,1.0122,0.2568,1,144,0.0417,False,,NODATA,50
barka,2020-01-05,0,0,,,1,144,0.0000,False,,NODATA,50
barka,2020-01-06,125,0,1.5107,0.0701,1,144,0.8681,True,0.0000,QUIET,50
barka,2020-01-07,57,0,0.8126,-0.2142,1,144,0.3958,True,0.0000,QUIET,50
barka,2020-01-08,144,0,-0.0010,-0.2531,1,144,1.0000,True,0.0000,QUIET,50
barka,2020-01-09,142,0,0.6932,-0.1280,1,144,0.9861,True,0.0000,QUIET,50
barka,2020-01-10,0,0,,,1,144,0.0000,False,,NODATA,50
barka,2020-01-11,0,0,,,1,144,0.0000,False,,NODATA,50
barka,2020-01-12,48,0,0.7205,0.1216,1,144,0.3333,True,0.0000,QUIET,50
barka,2020-01-13,27,0,0.3404,0.1908,1,144,0.1875,True,0.0000,QUIET,50
barka,2020-01-14,144,0,1.1346,-0.2665,1,144,1.0000,True,0.0000,QUIET,50
barka,2020-01-15,0,0,,,1,144,0.0000,False,,NODATA,50
barka,2020-01-16,136,0,1.4702,-0.1981,1,144,0.9444,True,0.0000,QUIET,50
barka,2020-01-17,0,0,,,1,144,0.0000,False,,NODATA,50
barka,2020-01-18,144,0,1.0482,-0.0794,1,144,1.0000,True,0.0000,QUIET,50
barka,2020-01-19,0,0,,,1,144,0.0000,False,,NODATA,50
barka,2020-01-20,144,0,0.5605,-0.1357,1,144,1.0000,True,0.0000,QUIET,50
barka,2020-01-21,84,0,1.4800,-0.0878,1,144,0.5833,True,0.0000,QUIET,50
barka,2020-01-22,134,0,0.9652,-0.1899,1,144,0.9306,True,0.0000,QUIET,50
barka,2020-01-23,0,0,,,1,144,0.0000,False,,NODATA,50
barka,2020-01-24,1,0,-2.8487,-0.4814,1,144,0.0069,False,,NODATA,50
barka,2020-01-25,77,0,0.4489,-0.0903,1,144,0.5347,True,0.0000,QUIET,50
barka,2020-01-26,107,0,1.5288,-0.1432,1,144,0.7431,True,0.0000,QUIET,50
barka,2020-01-27,0,0,,,1,144,0.0000,False,,NODATA,50
barka,2020-01-28,61,0,-0.0734,-0.4921,1,144,0.4236,True,0.0000,QUIET,50
barka,2020-01-29,144,0,1.1553,-0.1844,1,144,1.0000,True,0.0000,QUIET,50
barka,2020-01-30,143,0,1.4960,-0.0148,1,144,0.9931,True,0.0000,QUIET,50
barka,2020-01-31,6,0,-0.0449,0.2133,1,144,0.0417,False,,NODATA,50
barka,2020-02-01,142,0,1.4235,-0.0131,2,143,0.9930,True,0.0000,QUIET,50
barka,2020-02-02,105,0,1.3235,0.0806,2,143,0.7343,True,0.0000,QUIET,50
barka,2020-02-03,142,0,1.7172,0.2697,2,143,0.9930,True,0.0000,QUIET,50
barka,2020-02-04,83,1,2.0503,-0.0824,2,143,0.5804,True,0.0120,QUIET,50
barka,2020-02-05,142,0,0.7830,-0.0198,2,143,0.9930,True,0.0000,QUIET,50
barka,2020-02-06,143,0,1.2699,0.0154,2,143,1.0000,True,0.0000,QUIET,50
barka,2020-02-07,0,0,,,2,143,0.0000,False,,NODATA,50
barka,2020-02-08,143,0,1.9302,-0.0682,2,143,1.0000,True,0.0000,QUIET,50
barka,2020-02-09,142,0,1.2033,0.0218,2,143,0.9930,True,0.0000,QUIET,50
barka,2020-02-10,141,0,1.2688,-0.0029,2,143,0.9860,True,0.0000,QUIET,50
barka,2020-02-11,0,0,,,2,143,0.0000,False,,NODATA,50
barka,2020-02-12,40,0,1.6680,0.3664,2,143,0.2797,True,0.0000,QUIET,50
barka,2020-02-13,142,2,2.2672,0.0171,2,143,0.9930,True,0.0141,QUIET,50
barka,2020-02-14,141,0,1.2697,-0.0741,2,143,0.9860,True,0.0000,QUIET,50
barka,2020-02-15,0,0,,,2,143,0.0000,False,,NODATA,50
barka,2020-02-16,92,0,1.3170,-0.1323,2,143,0.6434,True,0.0000,QUIET,50
barka,2020-02-17,2,0,0.7228,0.8530,2,143,0.0140,False,,NODATA,50
barka,2020-02-18,132,0,0.3411,-0.1717,2,143,0.9231,True,0.0000,QUIET,50
barka,2020-02-19,0,0,,,2,143,0.0000,False,,NODATA,50
barka,2020-02-20,140,20,2.7751,0.3717,2,143,0.9790,True,0.1429,QUIET,50
barka,2020-02-21,32,1,2.6103,0.3933,2,143,0.2238,True,0.0312,QUIET,50
barka,2020-02-22,111,5,2.1990,0.2282,2,143,0.7762,True,0.0450,QUIET,50
barka,2020-02-23,0,0,,,2,143,0.0000,False,,NODATA,50
barka,2020-02-24,141,0,1.8548,-0.0995,2,143,0.9860,True,0.0000,QUIET,50
barka,2020-02-25,107,0,1.7177,-0.0001,2,143,0.7483,True,0.0000,QUIET,50
barka,2020-02-26,143,0,1.7816,0.2092,2,143,1.0000,True,0.0000,QUIET,50
barka,2020-02-27,0,0,,,2,143,0.0000,False,,NODATA,50
barka,2020-02-28,131,49,2.9370,0.6110,2,143,0.9161,True,0.3740,EXCEED,50
barka,2020-02-29,142,67,3.6386,0.6737,2,143,0.9930,True,0.4718,ALERT,50
barka,2020-03-01,117,0,0.2758,-0.0969,3,144,0.8125,True,0.0000,QUIET,50
barka,2020-03-02,17,1,2.4669,0.7305,3,144,0.1181,True,0.0588,QUIET,50
barka,2020-03-03,74,0,-0.2501,-0.1224,3,144,0.5139,True,0.0000,QUIET,50
barka,2020-03-04,144,0,1.3198,0.1944,3,144,1.0000,True,0.0000,QUIET,50
barka,2020-03-05,0,0,,,3,144,0.0000,False,,NODATA,50
barka,2020-03-06,27,0,1.6980,-0.2497,3,144,0.1875,True,0.0000,QUIET,50
barka,2020-03-07,143,0,0.9883,-0.0485,3,144,0.9931,True,0.0000,QUIET,50
barka,2020-03-08,143,0,0.6492,0.1660,3,144,0.9931,True,0.0000,QUIET,50
barka,2020-03-09,0,0,,,3,144,0.0000,False,,NODATA,50
barka,2020-03-10,40,4,2.3862,0.6719,3,144,0.2778,True,0.1000,QUIET,50
barka,2020-03-11,142,0,1.9316,0.4576,3,144,0.9861,True,0.0000,QUIET,50
barka,2020-03-12,142,0,1.9682,0.3860,3,144,0.9861,True,0.0000,QUIET,50
barka,2020-03-13,0,0,,,3,144,0.0000,False,,NODATA,50
barka,2020-03-14,23,0,0.5645,0.0494,3,144,0.1597,True,0.0000,QUIET,50
barka,2020-03-15,0,0,,,3,144,0.0000,False,,NODATA,50
barka,2020-03-16,56,0,-0.6189,-0.2241,3,144,0.3889,True,0.0000,QUIET,50
barka,2020-03-17,0,0,,,3,144,0.0000,False,,NODATA,50
barka,2020-03-18,144,5,2.2378,0.4021,3,144,1.0000,True,0.0347,QUIET,50
barka,2020-03-19,0,0,,,3,144,0.0000,False,,NODATA,50
barka,2020-03-20,132,0,0.7833,0.1800,3,144,0.9167,True,0.0000,QUIET,50
barka,2020-03-21,0,0,,,3,144,0.0000,False,,NODATA,50
barka,2020-03-22,0,0,,,3,144,0.0000,False,,NODATA,50
barka,2020-03-23,8,0,0.6499,0.7621,3,144,0.0556,False,,NODATA,50
barka,2020-03-24,136,2,2.1209,0.1896,3,144,0.9444,True,0.0147,QUIET,50
barka,2020-03-25,0,0,,,3,144,0.0000,False,,NODATA,50
barka,2020-03-26,138,0,1.1260,0.2125,3,144,0.9583,True,0.0000,QUIET,50
barka,2020-03-27,100,0,1.8646,0.5407,3,144,0.6944,True,0.0000,QUIET,50
barka,2020-03-28,78,0,-0.3277,-0.0977,3,144,0.5417,True,0.0000,QUIET,50
barka,2020-03-29,0,0,,,3,144,0.0000,False,,NODATA,50
barka,2020-03-30,0,0,,,3,144,0.0000,False,,NODATA,50
barka,2020-03-31,142,17,2.6436,0.4951,3,144,0.9861,True,0.1197,QUIET,50
barka,2020-04-01,0,0,,,4,144,0.0000,False,,NODATA,50
barka,2020-04-02,0,0,,,4,144,0.0000,False,,NODATA,50
barka,2020-04-03,117,0,0.3870,-0.1589,4,144,0.8125,True,0.0000,QUIET,50
barka,2020-04-04,129,0,1.2455,-0.1248,4,144,0.8958,True,0.0000,QUIET,50
barka,2020-04-05,0,0,,,4,144,0.0000,False,,NODATA,50
barka,2020-04-06,2,0,1.5777,0.9964,4,144,0.0139,False,,NODATA,50
barka,2020-04-07,137,2,2.3678,0.2032,4,144,0.9514,True,0.0146,QUIET,50
barka,2020-04-08,140,1,2.2013,0.1764,4,144,0.9722,True,0.0071,QUIET,50
barka,2020-04-09,0,0,,,4,144,0.0000,False,,NODATA,50
barka,2020-04-10,89,20,3.7066,0.4226,4,144,0.6181,True,0.2247,EXCEED,50
barka,2020-04-11,0,0,,,4,144,0.0000,False,,NODATA,50
barka,2020-04-12,134,11,3.2845,0.2002,4,144,0.9306,True,0.0821,QUIET,50
barka,2020-04-13,0,0,,,4,144,0.0000,False,,NODATA,50
barka,2020-04-14,1,0,0.8629,0.1544,4,144,0.0069,False,,NODATA,50
barka,2020-04-15,0,0,,,4,144,0.0000,False,,NODATA,50
barka,2020-04-16,0,0,,,4,144,0.0000,False,,NODATA,50
barka,2020-04-17,0,0,,,4,144,0.0000,False,,NODATA,50
barka,2020-04-18,142,1,2.0614,0.0775,4,144,0.9861,True,0.0070,QUIET,50
barka,2020-04-19,0,0,,,4,144,0.0000,False,,NODATA,50
barka,2020-04-20,137,0,1.3528,0.0133,4,144,0.9514,True,0.0000,QUIET,50
barka,2020-04-21,0,0,,,4,144,0.0000,False,,NODATA,50
barka,2020-04-22,140,0,1.4140,-0.1081,4,144,0.9722,True,0.0000,QUIET,50
barka,2020-04-23,2,0,1.4690,0.2910,4,144,0.0139,False,,NODATA,50
barka,2020-04-24,142,0,1.2605,-0.0357,4,144,0.9861,True,0.0000,QUIET,50
barka,2020-04-25,0,0,,,4,144,0.0000,False,,NODATA,50
barka,2020-04-26,142,0,0.7803,-0.2692,4,144,0.9861,True,0.0000,QUIET,50
barka,2020-04-27,86,0,1.4590,-0.2695,4,144,0.5972,True,0.0000,QUIET,50
barka,2020-04-28,0,0,,,4,144,0.0000,False,,NODATA,50
barka,2020-04-29,0,0,,,4,144,0.0000,False,,NODATA,50
barka,2020-04-30,142,0,0.9239,-0.2429,4,144,0.9861,True,0.0000,QUIET,50
barka,2020-05-01,123,2,3.1992,-0.3234,5,144,0.8542,True,0.0163,QUIET,50
barka,2020-05-02,0,0,,,5,144,0.0000,False,,NODATA,50
barka,2020-05-03,0,0,,,5,144,0.0000,False,,NODATA,50
barka,2020-05-04,141,2,2.0726,-0.2183,5,144,0.9792,True,0.0142,QUIET,50
barka,2020-05-05,142,0,1.4759,-0.2690,5,144,0.9861,True,0.0000,QUIET,50
barka,2020-05-06,0,0,,,5,144,0.0000,False,,NODATA,50
barka,2020-05-07,10,1,2.2541,0.5961,5,144,0.0694,False,,NODATA,50
barka,2020-05-08,0,0,,,5,144,0.0000,False,,NODATA,50
barka,2020-05-09,144,0,0.4993,-0.4076,5,144,1.0000,True,0.0000,QUIET,50
barka,2020-05-10,0,0,,,5,144,0.0000,False,,NODATA,50
barka,2020-05-11,131,0,1.7107,-0.2281,5,144,0.9097,True,0.0000,QUIET,50
barka,2020-05-12,0,0,,,5,144,0.0000,False,,NODATA,50
barka,2020-05-13,143,0,0.5650,-0.4136,5,144,0.9931,True,0.0000,QUIET,50
barka,2020-05-14,0,0,,,5,144,0.0000,False,,NODATA,50
barka,2020-05-15,142,0,1.0588,-0.3488,5,144,0.9861,True,0.0000,QUIET,50
barka,2020-05-16,0,0,,,5,144,0.0000,False,,NODATA,50
barka,2020-05-17,142,1,2.0821,-0.3594,5,144,0.9861,True,0.0070,QUIET,50
barka,2020-05-18,0,0,,,5,144,0.0000,False,,NODATA,50
barka,2020-05-19,142,0,1.5271,-0.3521,5,144,0.9861,True,0.0000,QUIET,50
barka,2020-05-20,0,0,,,5,144,0.0000,False,,NODATA,50
barka,2020-05-21,121,0,1.8456,-0.3648,5,144,0.8403,True,0.0000,QUIET,50
barka,2020-05-22,0,0,,,5,144,0.0000,False,,NODATA,50
barka,2020-05-23,142,0,1.0770,-0.4087,5,144,0.9861,True,0.0000,QUIET,50
barka,2020-05-24,56,0,1.7519,-0.5183,5,144,0.3889,True,0.0000,QUIET,50
barka,2020-05-25,0,0,,,5,144,0.0000,False,,NODATA,50
barka,2020-05-26,0,0,,,5,144,0.0000,False,,NODATA,50
barka,2020-05-27,142,0,0.9488,-0.4043,5,144,0.9861,True,0.0000,QUIET,50
barka,2020-05-28,143,0,1.3357,-0.4432,5,144,0.9931,True,0.0000,QUIET,50
barka,2020-05-29,0,0,,,5,144,0.0000,False,,NODATA,50
barka,2020-05-30,0,0,,,5,144,0.0000,False,,NODATA,50
barka,2020-05-31,142,1,2.1980,-0.4027,5,144,0.9861,True,0.0070,QUIET,50
barka,2020-06-01,143,0,1.8030,-0.3690,6,144,0.9931,True,0.0000,QUIET,50
barka,2020-06-02,0,0,,,6,144,0.0000,False,,NODATA,50
barka,2020-06-03,0,0,,,6,144,0.0000,False,,NODATA,50
barka,2020-06-04,0,0,,,6,144,0.0000,False,,NODATA,50
barka,2020-06-05,140,0,1.2067,-0.4331,6,144,0.9722,True,0.0000,QUIET,50
barka,2020-06-06,0,0,,,6,144,0.0000,False,,NODATA,50
barka,2020-06-07,121,0,1.0710,-0.2775,6,144,0.8403,True,0.0000,QUIET,50
barka,2020-06-08,0,0,,,6,144,0.0000,False,,NODATA,50
barka,2020-06-09,106,0,1.7259,-0.2151,6,144,0.7361,True,0.0000,QUIET,50
barka,2020-06-10,0,0,,,6,144,0.0000,False,,NODATA,50
barka,2020-06-11,143,0,1.9315,-0.3268,6,144,0.9931,True,0.0000,QUIET,50
barka,2020-06-12,0,0,,,6,144,0.0000,False,,NODATA,50
barka,2020-06-13,140,0,1.1332,-0.5289,6,144,0.9722,True,0.0000,QUIET,50
barka,2020-06-14,0,0,,,6,144,0.0000,False,,NODATA,50
barka,2020-06-15,141,1,2.0004,-0.3514,6,144,0.9792,True,0.0071,QUIET,50
barka,2020-06-16,0,0,,,6,144,0.0000,False,,NODATA,50
barka,2020-06-17,131,0,1.6280,-0.4926,6,144,0.9097,True,0.0000,QUIET,50
barka,2020-06-18,0,0,,,6,144,0.0000,False,,NODATA,50
barka,2020-06-19,119,9,2.7335,-0.1543,6,144,0.8264,True,0.0756,QUIET,50
barka,2020-06-20,100,8,2.5710,-0.2324,6,144,0.6944,True,0.0800,QUIET,50
barka,2020-06-21,0,0,,,6,144,0.0000,False,,NODATA,50
barka,2020-06-22,0,0,,,6,144,0.0000,False,,NODATA,50
barka,2020-06-23,124,6,2.3408,-0.2173,6,144,0.8611,True,0.0484,QUIET,50
barka,2020-06-24,136,49,3.6691,-0.0559,6,144,0.9444,True,0.3603,EXCEED,50
barka,2020-06-25,0,0,,,6,144,0.0000,False,,NODATA,50
barka,2020-06-26,0,0,,,6,144,0.0000,False,,NODATA,50
barka,2020-06-27,132,47,4.2694,-0.0510,6,144,0.9167,True,0.3561,ALERT,50
barka,2020-06-28,129,13,2.6631,-0.2364,6,144,0.8958,True,0.1008,QUIET,50
barka,2020-06-29,0,0,,,6,144,0.0000,False,,NODATA,50
barka,2020-06-30,49,0,1.8657,-0.2072,6,144,0.3403,True,0.0000,QUIET,50
barka,2020-07-01,0,0,,,7,142,0.0000,False,,NODATA,50
barka,2020-07-02,137,0,1.5185,-0.0583,7,142,0.9648,True,0.0000,QUIET,50
barka,2020-07-03,0,0,,,7,142,0.0000,False,,NODATA,50
barka,2020-07-04,96,1,2.2805,-0.1039,7,142,0.6761,True,0.0104,QUIET,50
barka,2020-07-05,0,0,,,7,142,0.0000,False,,NODATA,50
barka,2020-07-06,8,0,-1.3362,-0.5845,7,142,0.0563,False,,NODATA,50
barka,2020-07-07,0,0,,,7,142,0.0000,False,,NODATA,50
barka,2020-07-08,98,4,2.3044,-0.2302,7,142,0.6901,True,0.0408,QUIET,50
barka,2020-07-09,0,0,,,7,142,0.0000,False,,NODATA,50
barka,2020-07-10,4,0,1.7304,0.4402,7,142,0.0282,False,,NODATA,50
barka,2020-07-11,0,0,,,7,142,0.0000,False,,NODATA,50
barka,2020-07-12,112,1,2.0436,-0.3139,7,142,0.7887,True,0.0089,QUIET,50
barka,2020-07-13,14,2,3.3746,-0.1818,7,142,0.0986,False,,NODATA,50
barka,2020-07-14,94,0,1.8464,-0.2485,7,142,0.6620,True,0.0000,QUIET,50
barka,2020-07-15,0,0,,,7,142,0.0000,False,,NODATA,50
barka,2020-07-16,141,0,1.0249,-0.1332,7,142,0.9930,True,0.0000,QUIET,50
barka,2020-07-17,74,0,1.3378,-0.2705,7,142,0.5211,True,0.0000,QUIET,50
barka,2020-07-18,0,0,,,7,142,0.0000,False,,NODATA,50
barka,2020-07-19,0,0,,,7,142,0.0000,False,,NODATA,50
barka,2020-07-20,142,0,1.8795,-0.1170,7,142,1.0000,True,0.0000,QUIET,50
barka,2020-07-21,132,2,2.3227,-0.3766,7,142,0.9296,True,0.0152,QUIET,50
barka,2020-07-22,0,0,,,7,142,0.0000,False,,NODATA,50
barka,2020-07-23,0,0,,,7,142,0.0000,False,,NODATA,50
barka,2020-07-24,128,0,1.7142,-0.1873,7,142,0.9014,True,0.0000,QUIET,50
barka,2020-07-25,139,0,1.5050,-0.3889,7,142,0.9789,True,0.0000,QUIET,50
barka,2020-07-26,0,0,,,7,142,0.0000,False,,NODATA,50
barka,2020-07-27,55,3,2.2816,-0.4799,7,142,0.3873,True,0.0545,QUIET,50
barka,2020-07-28,0,0,,,7,142,0.0000,False,,NODATA,50
barka,2020-07-29,138,0,-0.2863,-0.4619,7,142,0.9718,True,0.0000,QUIET,50
barka,2020-07-30,0,0,,,7,142,0.0000,False,,NODATA,50
barka,2020-07-31,22,0,0.3610,-0.0950,7,142,0.1549,True,0.0000,QUIET,50
barka,2020-08-01,0,0,,,8,142,0.0000,False,,NODATA,50
barka,2020-08-02,103,0,1.4530,-0.4796,8,142,0.7254,True,0.0000,QUIET,50
barka,2020-08-03,0,0,,,8,142,0.0000,False,,NODATA,50
barka,2020-08-04,76,0,-0.1248,-0.3408,8,142,0.5352,True,0.0000,QUIET,50
barka,2020-08-05,0,0,,,8,142,0.0000,False,,NODATA,50
barka,2020-08-06,0,0,,,8,142,0.0000,False,,NODATA,50
barka,2020-08-07,0,0,,,8,142,0.0000,False,,NODATA,50
barka,2020-08-08,0,0,,,8,142,0.0000,False,,NODATA,50
barka,2020-08-09,0,0,,,8,142,0.0000,False,,NODATA,50
barka,2020-08-10,142,0,1.0461,-0.2919,8,142,1.0000,True,0.0000,QUIET,50
barka,2020-08-11,0,0,,,8,142,0.0000,False,,NODATA,50
barka,2020-08-12,68,0,1.8765,0.3141,8,142,0.4789,True,0.0000,QUIET,50
barka,2020-08-13,122,0,1.4555,-0.2835,8,142,0.8592,True,0.0000,QUIET,50
barka,2020-08-14,0,0,,,8,142,0.0000,False,,NODATA,50
barka,2020-08-15,0,0,,,8,142,0.0000,False,,NODATA,50
barka,2020-08-16,101,2,2.4451,0.0346,8,142,0.7113,True,0.0198,QUIET,50
barka,2020-08-17,9,0,0.0464,-0.2158,8,142,0.0634,False,,NODATA,50
barka,2020-08-18,0,0,,,8,142,0.0000,False,,NODATA,50
barka,2020-08-19,0,0,,,8,142,0.0000,False,,NODATA,50
barka,2020-08-20,134,0,1.5616,-0.0668,8,142,0.9437,True,0.0000,QUIET,50
barka,2020-08-21,17,0,-0.2157,-0.2540,8,142,0.1197,True,0.0000,QUIET,50
barka,2020-08-22,0,0,,,8,142,0.0000,False,,NODATA,50
barka,2020-08-23,2,0,-0.7193,-0.1895,8,142,0.0141,False,,NODATA,50
barka,2020-08-24,0,0,,,8,142,0.0000,False,,NODATA,50
barka,2020-08-25,48,0,1.5996,-0.2663,8,142,0.3380,True,0.0000,QUIET,50
barka,2020-08-26,0,0,,,8,142,0.0000,False,,NODATA,50
barka,2020-08-27,19,8,2.6242,0.4147,8,142,0.1338,True,0.4211,EXCEED,50
barka,2020-08-28,0,0,,,8,142,0.0000,False,,NODATA,50
barka,2020-08-29,135,0,0.3262,-0.4129,8,142,0.9507,True,0.0000,QUIET,50
barka,2020-08-30,0,0,,,8,142,0.0000,False,,NODATA,50
barka,2020-08-31,0,0,,,8,142,0.0000,False,,NODATA,50
barka,2020-09-01,0,0,,,9,144,0.0000,False,,NODATA,50
barka,2020-09-02,0,0,,,9,144,0.0000,False,,NODATA,50
barka,2020-09-03,0,0,,,9,144,0.0000,False,,NODATA,50
barka,2020-09-04,143,0,0.6507,-0.4492,9,144,0.9931,True,0.0000,QUIET,50
barka,2020-09-05,20,0,1.4106,-0.5588,9,144,0.1389,True,0.0000,QUIET,50
barka,2020-09-06,142,0,1.4468,-0.3786,9,144,0.9861,True,0.0000,QUIET,50
barka,2020-09-07,0,0,,,9,144,0.0000,False,,NODATA,50
barka,2020-09-08,143,0,1.4105,-0.4116,9,144,0.9931,True,0.0000,QUIET,50
barka,2020-09-09,135,0,0.5560,-0.4704,9,144,0.9375,True,0.0000,QUIET,50
barka,2020-09-10,0,0,,,9,144,0.0000,False,,NODATA,50
barka,2020-09-11,0,0,,,9,144,0.0000,False,,NODATA,50
barka,2020-09-12,142,0,0.7803,-0.3586,9,144,0.9861,True,0.0000,QUIET,50
barka,2020-09-13,142,0,0.3833,-0.5104,9,144,0.9861,True,0.0000,QUIET,50
barka,2020-09-14,0,0,,,9,144,0.0000,False,,NODATA,50
barka,2020-09-15,8,6,3.1945,0.9756,9,144,0.0556,False,,NODATA,50
barka,2020-09-16,142,0,0.1905,-0.5063,9,144,0.9861,True,0.0000,QUIET,50
barka,2020-09-17,0,0,,,9,144,0.0000,False,,NODATA,50
barka,2020-09-18,0,0,,,9,144,0.0000,False,,NODATA,50
barka,2020-09-19,96,0,1.9308,-0.4578,9,144,0.6667,True,0.0000,QUIET,50
barka,2020-09-20,0,0,,,9,144,0.0000,False,,NODATA,50
barka,2020-09-21,142,0,0.1754,-0.4872,9,144,0.9861,True,0.0000,QUIET,50
barka,2020-09-22,0,0,,,9,144,0.0000,False,,NODATA,50
barka,2020-09-23,143,0,0.8875,-0.4355,9,144,0.9931,True,0.0000,QUIET,50
barka,2020-09-24,0,0,,,9,144,0.0000,False,,NODATA,50
barka,2020-09-25,142,0,1.1102,-0.4313,9,144,0.9861,True,0.0000,QUIET,50
barka,2020-09-26,0,0,,,9,144,0.0000,False,,NODATA,50
barka,2020-09-27,0,0,,,9,144,0.0000,False,,NODATA,50
barka,2020-09-28,3,0,1.9905,0.8751,9,144,0.0208,False,,NODATA,50
barka,2020-09-29,142,0,0.8112,-0.3956,9,144,0.9861,True,0.0000,QUIET,50
barka,2020-09-30,0,0,,,9,144,0.0000,False,,NODATA,50
barka,2020-10-01,143,0,0.6960,-0.4009,10,145,0.9862,True,0.0000,QUIET,50
barka,2020-10-02,144,0,0.6847,-0.4166,10,145,0.9931,True,0.0000,QUIET,50
barka,2020-10-03,142,0,1.0169,-0.3690,10,145,0.9793,True,0.0000,QUIET,50
barka,2020-10-04,0,0,,,10,145,0.0000,False,,NODATA,50
barka,2020-10-05,143,0,0.1548,-0.4168,10,145,0.9862,True,0.0000,QUIET,50
barka,2020-10-06,144,0,-0.3344,-0.4956,10,145,0.9931,True,0.0000,QUIET,50
barka,2020-10-07,0,0,,,10,145,0.0000,False,,NODATA,50
barka,2020-10-08,5,1,2.0446,0.8299,10,145,0.0345,False,,NODATA,50
barka,2020-10-09,142,0,-0.0617,-0.4559,10,145,0.9793,True,0.0000,QUIET,50
barka,2020-10-10,143,0,0.2474,-0.5094,10,145,0.9862,True,0.0000,QUIET,50
barka,2020-10-11,0,0,,,10,145,0.0000,False,,NODATA,50
barka,2020-10-12,49,0,-0.0062,-0.2494,10,145,0.3379,True,0.0000,QUIET,50
barka,2020-10-13,144,0,0.3997,-0.4402,10,145,0.9931,True,0.0000,QUIET,50
barka,2020-10-14,144,0,0.7828,-0.4479,10,145,0.9931,True,0.0000,QUIET,50
barka,2020-10-15,0,0,,,10,145,0.0000,False,,NODATA,50
barka,2020-10-16,122,1,2.2144,-0.3952,10,145,0.8414,True,0.0082,QUIET,50
barka,2020-10-17,0,0,,,10,145,0.0000,False,,NODATA,50
barka,2020-10-18,142,2,2.2519,-0.3107,10,145,0.9793,True,0.0141,QUIET,50
barka,2020-10-19,0,0,,,10,145,0.0000,False,,NODATA,50
barka,2020-10-20,144,13,2.8371,-0.2621,10,145,0.9931,True,0.0903,QUIET,50
barka,2020-10-21,8,1,2.2689,0.8006,10,145,0.0552,False,,NODATA,50
barka,2020-10-22,0,0,,,10,145,0.0000,False,,NODATA,50
barka,2020-10-23,0,0,,,10,145,0.0000,False,,NODATA,50
barka,2020-10-24,144,5,2.5107,-0.2713,10,145,0.9931,True,0.0347,QUIET,50
barka,2020-10-25,120,3,3.2397,-0.2535,10,145,0.8276,True,0.0250,QUIET,50
barka,2020-10-26,143,1,2.2371,-0.2911,10,145,0.9862,True,0.0070,QUIET,50
barka,2020-10-27,3,0,-0.1843,0.1901,10,145,0.0207,False,,NODATA,50
barka,2020-10-28,144,0,1.0042,-0.3636,10,145,0.9931,True,0.0000,QUIET,50
barka,2020-10-29,136,0,1.3720,-0.3561,10,145,0.9379,True,0.0000,QUIET,50
barka,2020-10-30,142,0,1.4731,-0.3393,10,145,0.9793,True,0.0000,QUIET,50
barka,2020-10-31,68,1,2.8503,-0.2883,10,145,0.4690,True,0.0147,QUIET,50
barka,2020-11-01,0,0,,,11,144,0.0000,False,,NODATA,50
barka,2020-11-02,144,0,1.5854,-0.4091,11,144,1.0000,True,0.0000,QUIET,50
barka,2020-11-03,0,0,,,11,144,0.0000,False,,NODATA,50
barka,2020-11-04,144,0,-0.2804,-0.5060,11,144,1.0000,True,0.0000,QUIET,50
barka,2020-11-05,144,0,0.8456,-0.4366,11,144,1.0000,True,0.0000,QUIET,50
barka,2020-11-06,143,2,2.1941,-0.3642,11,144,0.9931,True,0.0140,QUIET,50
barka,2020-11-07,0,0,,,11,144,0.0000,False,,NODATA,50
barka,2020-11-08,142,2,2.6676,-0.3030,11,144,0.9861,True,0.0141,QUIET,50
barka,2020-11-09,142,0,0.0193,-0.3929,11,144,0.9861,True,0.0000,QUIET,50
barka,2020-11-10,142,0,0.1691,-0.4150,11,144,0.9861,True,0.0000,QUIET,50
barka,2020-11-11,0,0,,,11,144,0.0000,False,,NODATA,50
barka,2020-11-12,144,0,0.7671,-0.3136,11,144,1.0000,True,0.0000,QUIET,50
barka,2020-11-13,83,0,0.1767,-0.3820,11,144,0.5764,True,0.0000,QUIET,50
barka,2020-11-14,142,0,0.7133,-0.3295,11,144,0.9861,True,0.0000,QUIET,50
barka,2020-11-15,0,0,,,11,144,0.0000,False,,NODATA,50
barka,2020-11-16,143,0,0.9354,-0.2284,11,144,0.9931,True,0.0000,QUIET,50
barka,2020-11-17,143,0,1.3339,-0.1484,11,144,0.9931,True,0.0000,QUIET,50
barka,2020-11-18,142,0,1.4450,-0.1580,11,144,0.9861,True,0.0000,QUIET,50
barka,2020-11-19,0,0,,,11,144,0.0000,False,,NODATA,50
barka,2020-11-20,144,0,0.1914,-0.2785,11,144,1.0000,True,0.0000,QUIET,50
barka,2020-11-21,0,0,,,11,144,0.0000,False,,NODATA,50
barka,2020-11-22,144,0,1.9869,-0.0535,11,144,1.0000,True,0.0000,QUIET,50
barka,2020-11-23,6,0,-0.1154,-0.0738,11,144,0.0417,False,,NODATA,50
barka,2020-11-24,0,0,,,11,144,0.0000,False,,NODATA,50
barka,2020-11-25,109,0,1.4654,-0.2265,11,144,0.7569,True,0.0000,QUIET,50
barka,2020-11-26,143,2,2.0738,0.0443,11,144,0.9931,True,0.0140,QUIET,50
barka,2020-11-27,95,0,1.6788,0.0510,11,144,0.6597,True,0.0000,QUIET,50
barka,2020-11-28,137,7,2.3596,0.0790,11,144,0.9514,True,0.0511,QUIET,50
barka,2020-11-29,0,0,,,11,144,0.0000,False,,NODATA,50
barka,2020-11-30,0,0,,,11,144,0.0000,False,,NODATA,50
barka,2020-12-01,144,13,2.9707,0.1009,12,144,1.0000,True,0.0903,QUIET,50
barka,2020-12-02,144,9,2.2241,0.0651,12,144,1.0000,True,0.0625,QUIET,50
barka,2020-12-03,144,20,2.7794,0.1161,12,144,1.0000,True,0.1389,QUIET,50
barka,2020-12-04,0,0,,,12,144,0.0000,False,,NODATA,50
barka,2020-12-05,144,0,1.9270,-0.0775,12,144,1.0000,True,0.0000,QUIET,50
barka,2020-12-06,144,0,1.6962,-0.1701,12,144,1.0000,True,0.0000,QUIET,50
barka,2020-12-07,138,5,3.2156,-0.0279,12,144,0.9583,True,0.0362,QUIET,50
barka,2020-12-08,0,0,,,12,144,0.0000,False,,NODATA,50
barka,2020-12-09,122,0,0.3888,-0.2158,12,144,0.8472,True,0.0000,QUIET,50
barka,2020-12-10,83,0,1.6050,0.0062,12,144,0.5764,True,0.0000,QUIET,50
barka,2020-12-11,118,0,0.8980,-0.1482,12,144,0.8194,True,0.0000,QUIET,50
barka,2020-12-12,0,0,,,12,144,0.0000,False,,NODATA,50
barka,2020-12-13,141,0,1.0566,-0.1540,12,144,0.9792,True,0.0000,QUIET,50
barka,2020-12-14,0,0,,,12,144,0.0000,False,,NODATA,50
barka,2020-12-15,98,13,3.1169,0.2092,12,144,0.6806,True,0.1327,QUIET,50
barka,2020-12-16,0,0,,,12,144,0.0000,False,,NODATA,50
barka,2020-12-17,144,1,2.0131,-0.0739,12,144,1.0000,True,0.0069,QUIET,50
barka,2020-12-18,144,0,1.9586,-0.0402,12,144,1.0000,True,0.0000,QUIET,50
barka,2020-12-19,142,3,2.1779,0.0436,12,144,0.9861,True,0.0211,QUIET,50
barka,2020-12-20,6,0,-0.5984,-0.0345,12,144,0.0417,False,,NODATA,50
barka,2020-12-21,137,0,1.9725,-0.2018,12,144,0.9514,True,0.0000,QUIET,50
barka,2020-12-22,0,0,,,12,144,0.0000,False,,NODATA,50
barka,2020-12-23,133,0,1.1662,-0.1860,12,144,0.9236,True,0.0000,QUIET,50
barka,2020-12-24,143,0,0.9537,-0.2036,12,144,0.9931,True,0.0000,QUIET,50
barka,2020-12-25,0,0,,,12,144,0.0000,False,,NODATA,50
barka,2020-12-26,138,0,1.1502,-0.1824,12,144,0.9583,True,0.0000,QUIET,50
barka,2020-12-27,0,0,,,12,144,0.0000,False,,NODATA,50
barka,2020-12-28,0,0,,,12,144,0.0000,False,,NODATA,50
barka,2020-12-29,144,3,2.9155,-0.0840,12,144,1.0000,True,0.0208,QUIET,50
barka,2020-12-30,143,6,2.8490,-0.0072,12,144,0.9931,True,0.0420,QUIET,50
barka,2020-12-31,0,0,,,12,144,0.0000,False,,NODATA,50
barka,2021-01-01,0,0,,,1,144,0.0000,False,,NODATA,50
barka,2021-01-02,0,0,,,1,144,0.0000,False,,NODATA,50
barka,2021-01-03,0,0,,,1,144,0.0000,False,,NODATA,50
barka,2021-01-04,0,0,,,1,144,0.0000,False,,NODATA,50
barka,2021-01-05,0,0,,,1,144,0.0000,False,,NODATA,50
barka,2021-01-06,0,0,,,1,144,0.0000,False,,NODATA,50
barka,2021-01-07,0,0,,,1,144,0.0000,False,,NODATA,50
barka,2021-01-08,0,0,,,1,144,0.0000,False,,NODATA,50
barka,2021-01-09,0,0,,,1,144,0.0000,False,,NODATA,50
barka,2021-01-10,0,0,,,1,144,0.0000,False,,NODATA,50
barka,2021-01-11,0,0,,,1,144,0.0000,False,,NODATA,50
barka,2021-01-12,0,0,,,1,144,0.0000,False,,NODATA,50
barka,2021-01-13,0,0,,,1,144,0.0000,False,,NODATA,50
barka,2021-01-14,0,0,,,1,144,0.0000,False,,NODATA,50
barka,2021-01-15,0,0,,,1,144,0.0000,False,,NODATA,50
barka,2021-01-16,0,0,,,1,144,0.0000,False,,NODATA,50
barka,2021-01-17,0,0,,,1,144,0.0000,False,,NODATA,50
barka,2021-01-18,0,0,,,1,144,0.0000,False,,NODATA,50
barka,2021-01-19,0,0,,,1,144,0.0000,False,,NODATA,50
barka,2021-01-20,0,0,,,1,144,0.0000,False,,NODATA,50
barka,2021-01-21,0,0,,,1,144,0.0000,False,,NODATA,50
barka,2021-01-22,0,0,,,1,144,0.0000,False,,NODATA,50
barka,2021-01-23,0,0,,,1,144,0.0000,False,,NODATA,50
barka,2021-01-24,0,0,,,1,144,0.0000,False,,NODATA,50
barka,2021-01-25,0,0,,,1,144,0.0000,False,,NODATA,50
barka,2021-01-26,0,0,,,1,144,0.0000,False,,NODATA,50
barka,2021-01-27,0,0,,,1,144,0.0000,False,,NODATA,50
barka,2021-01-28,0,0,,,1,144,0.0000,False,,NODATA,50
barka,2021-01-29,0,0,,,1,144,0.0000,False,,NODATA,50
barka,2021-01-30,0,0,,,1,144,0.0000,False,,NODATA,50
barka,2021-01-31,0,0,,,1,144,0.0000,False,,NODATA,50
barka,2021-02-01,0,0,,,2,143,0.0000,False,,NODATA,50
barka,2021-02-02,0,0,,,2,143,0.0000,False,,NODATA,50
barka,2021-02-03,0,0,,,2,143,0.0000,False,,NODATA,50
barka,2021-02-04,0,0,,,2,143,0.0000,False,,NODATA,50
barka,2021-02-05,0,0,,,2,143,0.0000,False,,NODATA,50
barka,2021-02-06,0,0,,,2,143,0.0000,False,,NODATA,50
barka,2021-02-07,0,0,,,2,143,0.0000,False,,NODATA,50
barka,2021-02-08,0,0,,,2,143,0.0000,False,,NODATA,50
barka,2021-02-09,0,0,,,2,143,0.0000,False,,NODATA,50
barka,2021-02-10,0,0,,,2,143,0.0000,False,,NODATA,50
barka,2021-02-11,0,0,,,2,143,0.0000,False,,NODATA,50
barka,2021-02-12,0,0,,,2,143,0.0000,False,,NODATA,50
barka,2021-02-13,0,0,,,2,143,0.0000,False,,NODATA,50
barka,2021-02-14,0,0,,,2,143,0.0000,False,,NODATA,50
barka,2021-02-15,0,0,,,2,143,0.0000,False,,NODATA,50
barka,2021-02-16,0,0,,,2,143,0.0000,False,,NODATA,50
barka,2021-02-17,0,0,,,2,143,0.0000,False,,NODATA,50
barka,2021-02-18,0,0,,,2,143,0.0000,False,,NODATA,50
barka,2021-02-19,0,0,,,2,143,0.0000,False,,NODATA,50
barka,2021-02-20,0,0,,,2,143,0.0000,False,,NODATA,50
barka,2021-02-21,0,0,,,2,143,0.0000,False,,NODATA,50
barka,2021-02-22,0,0,,,2,143,0.0000,False,,NODATA,50
barka,2021-02-23,0,0,,,2,143,0.0000,False,,NODATA,50
barka,2021-02-24,0,0,,,2,143,0.0000,False,,NODATA,50
barka,2021-02-25,0,0,,,2,143,0.0000,False,,NODATA,50
barka,2021-02-26,0,0,,,2,143,0.0000,False,,NODATA,50
barka,2021-02-27,0,0,,,2,143,0.0000,False,,NODATA,50
barka,2021-02-28,0,0,,,2,143,0.0000,False,,NODATA,50
barka,2021-03-01,0,0,,,3,144,0.0000,False,,NODATA,50
barka,2021-03-02,0,0,,,3,144,0.0000,False,,NODATA,50
barka,2021-03-03,0,0,,,3,144,0.0000,False,,NODATA,50
barka,2021-03-04,143,4,2.7915,0.2850,3,144,0.9931,True,0.0280,QUIET,50
barka,2021-03-05,140,5,2.7772,0.3387,3,144,0.9722,True,0.0357,QUIET,50
barka,2021-03-06,142,0,1.8199,0.4103,3,144,0.9861,True,0.0000,QUIET,50
barka,2021-03-07,0,0,,,3,144,0.0000,False,,NODATA,50
barka,2021-03-08,144,1,2.1285,0.2725,3,144,1.0000,True,0.0069,QUIET,50
barka,2021-03-09,137,5,2.5203,0.2370,3,144,0.9514,True,0.0365,QUIET,50
barka,2021-03-10,115,0,1.8400,-0.0124,3,144,0.7986,True,0.0000,QUIET,50
barka,2021-03-11,0,0,,,3,144,0.0000,False,,NODATA,50
barka,2021-03-12,140,6,2.4341,0.5415,3,144,0.9722,True,0.0429,QUIET,50
barka,2021-03-13,119,0,0.7557,-0.1125,3,144,0.8264,True,0.0000,QUIET,50
barka,2021-03-14,106,0,-0.2669,-0.2866,3,144,0.7361,True,0.0000,QUIET,50
barka,2021-03-15,0,0,,,3,144,0.0000,False,,NODATA,50
barka,2021-03-16,15,0,-0.4697,-0.1332,3,144,0.1042,True,0.0000,QUIET,50
barka,2021-03-17,1,0,0.0235,0.8031,3,144,0.0069,False,,NODATA,50
barka,2021-03-18,76,0,-0.6619,-0.2039,3,144,0.5278,True,0.0000,QUIET,50
barka,2021-03-19,2,0,0.1483,0.8299,3,144,0.0139,False,,NODATA,50
barka,2021-03-20,140,0,-0.1428,-0.1765,3,144,0.9722,True,0.0000,QUIET,50
barka,2021-03-21,143,0,0.0680,-0.1805,3,144,0.9931,True,0.0000,QUIET,50
barka,2021-03-22,143,2,2.3090,0.4637,3,144,0.9931,True,0.0140,QUIET,50
barka,2021-03-23,34,0,1.4202,0.6260,3,144,0.2361,True,0.0000,QUIET,50
barka,2021-03-24,142,0,1.4346,0.2910,3,144,0.9861,True,0.0000,QUIET,50
barka,2021-03-25,143,2,2.1869,0.2827,3,144,0.9931,True,0.0140,QUIET,50
barka,2021-03-26,24,0,1.4238,0.2973,3,144,0.1667,True,0.0000,QUIET,50
barka,2021-03-27,134,0,1.1097,-0.0143,3,144,0.9306,True,0.0000,QUIET,50
barka,2021-03-28,142,0,0.6018,-0.0084,3,144,0.9861,True,0.0000,QUIET,50
barka,2021-03-29,142,0,0.5239,0.0592,3,144,0.9861,True,0.0000,QUIET,50
barka,2021-03-30,0,0,,,3,144,0.0000,False,,NODATA,50
barka,2021-03-31,143,0,0.6685,-0.0484,3,144,0.9931,True,0.0000,QUIET,50
barka,2021-04-01,142,0,0.9529,-0.0053,4,144,0.9861,True,0.0000,QUIET,50
barka,2021-04-02,144,0,1.2828,0.0051,4,144,1.0000,True,0.0000,QUIET,50
barka,2021-04-03,0,0,,,4,144,0.0000,False,,NODATA,50
barka,2021-04-04,143,0,0.3780,-0.1085,4,144,0.9931,True,0.0000,QUIET,50
barka,2021-04-05,141,0,1.0532,-0.0303,4,144,0.9792,True,0.0000,QUIET,50
barka,2021-04-06,144,0,0.2994,-0.2017,4,144,1.0000,True,0.0000,QUIET,50
barka,2021-04-07,0,0,,,4,144,0.0000,False,,NODATA,50
barka,2021-04-08,144,0,1.3253,-0.1727,4,144,1.0000,True,0.0000,QUIET,50
barka,2021-04-09,87,0,1.3413,-0.0998,4,144,0.6042,True,0.0000,QUIET,50
barka,2021-04-10,0,0,,,4,144,0.0000,False,,NODATA,50
barka,2021-04-11,0,0,,,4,144,0.0000,False,,NODATA,50
barka,2021-04-12,137,0,0.4940,-0.1573,4,144,0.9514,True,0.0000,QUIET,50
barka,2021-04-13,129,1,2.6779,-0.2285,4,144,0.8958,True,0.0078,QUIET,50
barka,2021-04-14,140,0,0.8975,-0.0828,4,144,0.9722,True,0.0000,QUIET,50
barka,2021-04-15,0,0,,,4,144,0.0000,False,,NODATA,50
barka,2021-04-16,138,0,0.5062,-0.1272,4,144,0.9583,True,0.0000,QUIET,50
barka,2021-04-17,127,0,1.3838,-0.1801,4,144,0.8819,True,0.0000,QUIET,50
barka,2021-04-18,109,0,0.6105,-0.0851,4,144,0.7569,True,0.0000,QUIET,50
barka,2021-04-19,0,0,,,4,144,0.0000,False,,NODATA,50
barka,2021-04-20,143,2,2.5427,-0.1033,4,144,0.9931,True,0.0140,QUIET,50
barka,2021-04-21,0,0,,,4,144,0.0000,False,,NODATA,50
barka,2021-04-22,136,0,0.9277,-0.1377,4,144,0.9444,True,0.0000,QUIET,50
barka,2021-04-23,76,1,2.0059,-0.2524,4,144,0.5278,True,0.0132,QUIET,50
barka,2021-04-24,143,0,-0.3896,-0.3100,4,144,0.9931,True,0.0000,QUIET,50
barka,2021-04-25,144,0,-0.1010,-0.3442,4,144,1.0000,True,0.0000,QUIET,50
barka,2021-04-26,0,0,,,4,144,0.0000,False,,NODATA,50
barka,2021-04-27,0,0,,,4,144,0.0000,False,,NODATA,50
barka,2021-04-28,67,0,-0.3976,-0.3870,4,144,0.4653,True,0.0000,QUIET,50
barka,2021-04-29,56,0,-0.0202,-0.3103,4,144,0.3889,True,0.0000,QUIET,50
barka,2021-04-30,0,0,,,4,144,0.0000,False,,NODATA,50
barka,2021-05-01,144,0,1.4000,-0.3193,5,144,1.0000,True,0.0000,QUIET,50
barka,2021-05-02,142,0,0.8794,-0.3762,5,144,0.9861,True,0.0000,QUIET,50
barka,2021-05-03,0,0,,,5,144,0.0000,False,,NODATA,50
barka,2021-05-04,0,0,,,5,144,0.0000,False,,NODATA,50
barka,2021-05-05,143,6,2.3713,-0.2301,5,144,0.9931,True,0.0420,QUIET,50
barka,2021-05-06,37,2,2.6109,-0.3510,5,144,0.2569,True,0.0541,QUIET,50
barka,2021-05-07,2,2,3.7563,0.6391,5,144,0.0139,False,,NODATA,50
barka,2021-05-08,0,0,,,5,144,0.0000,False,,NODATA,50
barka,2021-05-09,144,1,2.2498,-0.3239,5,144,1.0000,True,0.0069,QUIET,50
barka,2021-05-10,47,5,2.4998,-0.4429,5,144,0.3264,True,0.1064,QUIET,50
barka,2021-05-11,144,0,-0.0169,-0.5249,5,144,1.0000,True,0.0000,QUIET,50
barka,2021-05-12,0,0,,,5,144,0.0000,False,,NODATA,50
barka,2021-05-13,143,0,0.8310,-0.4556,5,144,0.9931,True,0.0000,QUIET,50
barka,2021-05-14,144,0,-0.0923,-0.5398,5,144,1.0000,True,0.0000,QUIET,50
barka,2021-05-15,144,0,0.3776,-0.4928,5,144,1.0000,True,0.0000,QUIET,50
barka,2021-05-16,0,0,,,5,144,0.0000,False,,NODATA,50
barka,2021-05-17,110,0,1.1898,-0.3500,5,144,0.7639,True,0.0000,QUIET,50
barka,2021-05-18,144,0,0.4601,-0.3873,5,144,1.0000,True,0.0000,QUIET,50
barka,2021-05-19,142,0,0.8223,-0.4040,5,144,0.9861,True,0.0000,QUIET,50
barka,2021-05-20,9,0,1.9632,0.8434,5,144,0.0625,False,,NODATA,50
barka,2021-05-21,143,0,0.5963,-0.4345,5,144,0.9931,True,0.0000,QUIET,50
barka,2021-05-22,143,0,0.6285,-0.4524,5,144,0.9931,True,0.0000,QUIET,50
barka,2021-05-23,0,0,,,5,144,0.0000,False,,NODATA,50
barka,2021-05-24,141,2,2.4345,-0.3830,5,144,0.9792,True,0.0142,QUIET,50
barka,2021-05-25,135,1,2.0062,-0.5876,5,144,0.9375,True,0.0074,QUIET,50
barka,2021-05-26,140,0,1.0746,-0.5674,5,144,0.9722,True,0.0000,QUIET,50
barka,2021-05-27,0,0,,,5,144,0.0000,False,,NODATA,50
barka,2021-05-28,144,0,-0.0804,-0.6752,5,144,1.0000,True,0.0000,QUIET,50
barka,2021-05-29,118,0,1.3951,-0.6370,5,144,0.8194,True,0.0000,QUIET,50
barka,2021-05-30,0,0,,,5,144,0.0000,False,,NODATA,50
barka,2021-05-31,0,0,,,5,144,0.0000,False,,NODATA,50
barka,2021-06-01,144,0,0.9378,-0.4972,6,144,1.0000,True,0.0000,QUIET,50
barka,2021-06-02,71,0,0.5288,-0.5273,6,144,0.4931,True,0.0000,QUIET,50
barka,2021-06-03,144,0,1.7478,-0.5212,6,144,1.0000,True,0.0000,QUIET,50
barka,2021-06-04,0,0,,,6,144,0.0000,False,,NODATA,50
barka,2021-06-05,139,0,1.1683,-0.4623,6,144,0.9653,True,0.0000,QUIET,50
barka,2021-06-06,61,2,2.2135,-0.1613,6,144,0.4236,True,0.0328,QUIET,50
barka,2021-06-07,50,3,2.1627,-0.0327,6,144,0.3472,True,0.0600,QUIET,50
barka,2021-06-08,0,0,,,6,144,0.0000,False,,NODATA,50
barka,2021-06-09,0,0,,,6,144,0.0000,False,,NODATA,50
barka,2021-06-10,142,0,0.7586,-0.5201,6,144,0.9861,True,0.0000,QUIET,50
barka,2021-06-11,82,1,2.0634,-0.6556,6,144,0.5694,True,0.0122,QUIET,50
barka,2021-06-12,0,0,,,6,144,0.0000,False,,NODATA,50
barka,2021-06-13,140,2,2.3216,-0.4267,6,144,0.9722,True,0.0143,QUIET,50
barka,2021-06-14,92,5,3.6510,-0.5382,6,144,0.6389,True,0.0543,QUIET,50
barka,2021-06-15,85,0,0.4654,-0.6489,6,144,0.5903,True,0.0000,QUIET,50
barka,2021-06-16,11,2,2.0247,0.7909,6,144,0.0764,False,,NODATA,50
barka,2021-06-17,144,0,1.0831,-0.5674,6,144,1.0000,True,0.0000,QUIET,50
barka,2021-06-18,143,0,1.0281,-0.6818,6,144,0.9931,True,0.0000,QUIET,50
barka,2021-06-19,0,0,,,6,144,0.0000,False,,NODATA,50
barka,2021-06-20,133,0,1.9909,-0.7101,6,144,0.9236,True,0.0000,QUIET,50
barka,2021-06-21,0,0,,,6,144,0.0000,False,,NODATA,50
barka,2021-06-22,127,0,0.9466,-0.7219,6,144,0.8819,True,0.0000,QUIET,50
barka,2021-06-23,0,0,,,6,144,0.0000,False,,NODATA,50
barka,2021-06-24,143,0,1.0458,-0.4369,6,144,0.9931,True,0.0000,QUIET,50
barka,2021-06-25,0,0,,,6,144,0.0000,False,,NODATA,50
barka,2021-06-26,133,0,0.5996,-0.5865,6,144,0.9236,True,0.0000,QUIET,50
barka,2021-06-27,0,0,,,6,144,0.0000,False,,NODATA,50
barka,2021-06-28,0,0,,,6,144,0.0000,False,,NODATA,50
barka,2021-06-29,0,0,,,6,144,0.0000,False,,NODATA,50
barka,2021-06-30,0,0,,,6,144,0.0000,False,,NODATA,50
barka,2021-07-01,0,0,,,7,142,0.0000,False,,NODATA,50
barka,2021-07-02,0,0,,,7,142,0.0000,False,,NODATA,50
barka,2021-07-03,123,0,1.0753,-0.6054,7,142,0.8662,True,0.0000,QUIET,50
barka,2021-07-04,0,0,,,7,142,0.0000,False,,NODATA,50
barka,2021-07-05,0,0,,,7,142,0.0000,False,,NODATA,50
barka,2021-07-06,0,0,,,7,142,0.0000,False,,NODATA,50
barka,2021-07-07,53,2,2.5311,-0.0631,7,142,0.3732,True,0.0377,QUIET,50
barka,2021-07-08,0,0,,,7,142,0.0000,False,,NODATA,50
barka,2021-07-09,0,0,,,7,142,0.0000,False,,NODATA,50
barka,2021-07-10,15,0,-0.1331,-0.5073,7,142,0.1056,True,0.0000,QUIET,50
barka,2021-07-11,0,0,,,7,142,0.0000,False,,NODATA,50
barka,2021-07-12,0,0,,,7,142,0.0000,False,,NODATA,50
barka,2021-07-13,0,0,,,7,142,0.0000,False,,NODATA,50
barka,2021-07-14,0,0,,,7,142,0.0000,False,,NODATA,50
barka,2021-07-15,32,0,-0.3180,-0.3923,7,142,0.2254,True,0.0000,QUIET,50
barka,2021-07-16,0,0,,,7,142,0.0000,False,,NODATA,50
barka,2021-07-17,134,0,1.8296,-0.1756,7,142,0.9437,True,0.0000,QUIET,50
barka,2021-07-18,135,0,1.9945,0.0169,7,142,0.9507,True,0.0000,QUIET,50
barka,2021-07-19,142,2,2.0964,-0.0475,7,142,1.0000,True,0.0141,QUIET,50
barka,2021-07-20,0,0,,,7,142,0.0000,False,,NODATA,50
barka,2021-07-21,0,0,,,7,142,0.0000,False,,NODATA,50
barka,2021-07-22,124,10,2.9993,-0.0862,7,142,0.8732,True,0.0806,QUIET,50
barka,2021-07-23,142,14,2.5449,-0.0765,7,142,1.0000,True,0.0986,QUIET,50
barka,2021-07-24,0,0,,,7,142,0.0000,False,,NODATA,50
barka,2021-07-25,142,3,2.2382,-0.0048,7,142,1.0000,True,0.0211,QUIET,50
barka,2021-07-26,11,0,1.6443,0.6724,7,142,0.0775,False,,NODATA,50
barka,2021-07-27,0,0,,,7,142,0.0000,False,,NODATA,50
barka,2021-07-28,0,0,,,7,142,0.0000,False,,NODATA,50
barka,2021-07-29,0,0,,,7,142,0.0000,False,,NODATA,50
barka,2021-07-30,2,0,0.7933,0.6345,7,142,0.0141,False,,NODATA,50
barka,2021-07-31,0,0,,,7,142,0.0000,False,,NODATA,50
barka,2021-08-01,0,0,,,8,142,0.0000,False,,NODATA,50
barka,2021-08-02,140,0,1.2211,-0.1802,8,142,0.9859,True,0.0000,QUIET,50
barka,2021-08-03,142,0,0.7441,-0.2487,8,142,1.0000,True,0.0000,QUIET,50
barka,2021-08-04,92,0,1.9268,-0.3382,8,142,0.6479,True,0.0000,QUIET,50
barka,2021-08-05,0,0,,,8,142,0.0000,False,,NODATA,50
barka,2021-08-06,139,0,1.5154,-0.2082,8,142,0.9789,True,0.0000,QUIET,50
barka,2021-08-07,142,0,1.1547,-0.2804,8,142,1.0000,True,0.0000,QUIET,50
barka,2021-08-08,16,0,1.5800,-0.2881,8,142,0.1127,True,0.0000,QUIET,50
barka,2021-08-09,109,0,1.3810,-0.2452,8,142,0.7676,True,0.0000,QUIET,50
barka,2021-08-10,66,0,0.7538,-0.1736,8,142,0.4648,True,0.0000,QUIET,50
barka,2021-08-11,113,0,1.7157,-0.2878,8,142,0.7958,True,0.0000,QUIET,50
barka,2021-08-12,0,0,,,8,142,0.0000,False,,NODATA,50
barka,2021-08-13,140,0,1.3817,-0.3200,8,142,0.9859,True,0.0000,QUIET,50
barka,2021-08-14,142,0,1.1188,-0.1812,8,142,1.0000,True,0.0000,QUIET,50
barka,2021-08-15,62,1,2.3300,-0.1644,8,142,0.4366,True,0.0161,QUIET,50
barka,2021-08-16,0,0,,,8,142,0.0000,False,,NODATA,50
barka,2021-08-17,0,0,,,8,142,0.0000,False,,NODATA,50
barka,2021-08-18,0,0,,,8,142,0.0000,False,,NODATA,50
barka,2021-08-19,28,0,-0.5765,-0.6420,8,142,0.1972,True,0.0000,QUIET,50
barka,2021-08-20,0,0,,,8,142,0.0000,False,,NODATA,50
barka,2021-08-21,142,0,0.8585,-0.2941,8,142,1.0000,True,0.0000,QUIET,50
barka,2021-08-22,21,0,1.4031,-0.3773,8,142,0.1479,True,0.0000,QUIET,50
barka,2021-08-23,119,1,2.0467,-0.4154,8,142,0.8380,True,0.0084,QUIET,50
barka,2021-08-24,0,0,,,8,142,0.0000,False,,NODATA,50
barka,2021-08-25,0,0,,,8,142,0.0000,False,,NODATA,50
barka,2021-08-26,140,0,0.2930,-0.4795,8,142,0.9859,True,0.0000,QUIET,50
barka,2021-08-27,117,0,-0.3895,-0.5958,8,142,0.8239,True,0.0000,QUIET,50
barka,2021-08-28,0,0,,,8,142,0.0000,False,,NODATA,50
barka,2021-08-29,137,0,-1.0698,-0.6638,8,142,0.9648,True,0.0000,QUIET,50
barka,2021-08-30,99,0,0.4880,-0.5475,8,142,0.6972,True,0.0000,QUIET,50
barka,2021-08-31,2,0,-1.1378,-0.8846,8,142,0.0141,False,,NODATA,50
barka,2021-09-01,3,0,1.4240,0.7612,9,144,0.0208,False,,NODATA,50
barka,2021-09-02,143,0,1.2644,-0.4537,9,144,0.9931,True,0.0000,QUIET,50
barka,2021-09-03,144,0,0.7471,-0.4974,9,144,1.0000,True,0.0000,QUIET,50
barka,2021-09-04,132,0,1.4408,-0.5388,9,144,0.9167,True,0.0000,QUIET,50
barka,2021-09-05,95,0,1.6443,-0.4572,9,144,0.6597,True,0.0000,QUIET,50
barka,2021-09-06,113,0,0.3412,-0.5493,9,144,0.7847,True,0.0000,QUIET,50
barka,2021-09-07,144,0,1.4610,-0.5948,9,144,1.0000,True,0.0000,QUIET,50
barka,2021-09-08,0,0,,,9,144,0.0000,False,,NODATA,50
barka,2021-09-09,86,1,2.5089,-0.2891,9,144,0.5972,True,0.0116,QUIET,50
barka,2021-09-10,0,0,,,9,144,0.0000,False,,NODATA,50
barka,2021-09-11,143,0,1.9609,-0.4452,9,144,0.9931,True,0.0000,QUIET,50
barka,2021-09-12,0,0,,,9,144,0.0000,False,,NODATA,50
barka,2021-09-13,143,0,1.4209,-0.3081,9,144,0.9931,True,0.0000,QUIET,50
barka,2021-09-14,31,0,0.0901,-0.6900,9,144,0.2153,True,0.0000,QUIET,50
barka,2021-09-15,133,0,1.4133,-0.4537,9,144,0.9236,True,0.0000,QUIET,50
barka,2021-09-16,0,0,,,9,144,0.0000,False,,NODATA,50
barka,2021-09-17,144,0,1.2547,-0.3626,9,144,1.0000,True,0.0000,QUIET,50
barka,2021-09-18,138,0,1.8806,-0.4093,9,144,0.9583,True,0.0000,QUIET,50
barka,2021-09-19,124,0,0.9035,-0.3126,9,144,0.8611,True,0.0000,QUIET,50
barka,2021-09-20,0,0,,,9,144,0.0000,False,,NODATA,50
barka,2021-09-21,143,0,1.0050,-0.2814,9,144,0.9931,True,0.0000,QUIET,50
barka,2021-09-22,144,0,0.9236,-0.5278,9,144,1.0000,True,0.0000,QUIET,50
barka,2021-09-23,136,0,0.4150,-0.6778,9,144,0.9444,True,0.0000,QUIET,50
barka,2021-09-24,1,0,0.9207,0.6929,9,144,0.0069,False,,NODATA,50
barka,2021-09-25,60,0,0.5146,-0.5470,9,144,0.4167,True,0.0000,QUIET,50
barka,2021-09-26,143,0,0.7456,-0.4930,9,144,0.9931,True,0.0000,QUIET,50
barka,2021-09-27,139,0,-0.2396,-0.6068,9,144,0.9653,True,0.0000,QUIET,50
barka,2021-09-28,67,0,1.8217,-0.3471,9,144,0.4653,True,0.0000,QUIET,50
barka,2021-09-29,135,0,0.9490,-0.4368,9,144,0.9375,True,0.0000,QUIET,50
barka,2021-09-30,129,0,0.7043,-0.5007,9,144,0.8958,True,0.0000,QUIET,50
barka,2021-10-01,68,0,1.1175,-0.6318,10,145,0.4690,True,0.0000,QUIET,50
barka,2021-10-02,61,1,2.2976,-0.1838,10,145,0.4207,True,0.0164,QUIET,50
barka,2021-10-03,0,0,,,10,145,0.0000,False,,NODATA,50
barka,2021-10-04,52,24,3.8363,0.0066,10,145,0.3586,True,0.4615,EXCEED,50
barka,2021-10-05,0,0,,,10,145,0.0000,False,,NODATA,50
barka,2021-10-06,144,68,4.4580,0.1149,10,145,0.9931,True,0.4722,ALERT,50
barka,2021-10-07,145,51,4.0685,-0.0544,10,145,1.0000,True,0.3517,ALERT,50
barka,2021-10-08,145,2,2.0769,-0.2722,10,145,1.0000,True,0.0138,QUIET,50
barka,2021-10-09,0,0,,,10,145,0.0000,False,,NODATA,50
barka,2021-10-10,145,1,2.0321,-0.3754,10,145,1.0000,True,0.0069,QUIET,50
barka,2021-10-11,145,6,2.6112,-0.4529,10,145,1.0000,True,0.0414,QUIET,50
barka,2021-10-12,144,17,2.9953,-0.4068,10,145,0.9931,True,0.1181,QUIET,50
barka,2021-10-13,0,0,,,10,145,0.0000,False,,NODATA,50
barka,2021-10-14,144,0,1.7510,-0.4331,10,145,0.9931,True,0.0000,QUIET,50
barka,2021-10-15,145,0,1.6781,-0.4635,10,145,1.0000,True,0.0000,QUIET,50
barka,2021-10-16,143,2,2.3736,-0.3634,10,145,0.9862,True,0.0140,QUIET,50
barka,2021-10-17,19,7,3.5370,0.8762,10,145,0.1310,True,0.3684,EXCEED,50
barka,2021-10-18,144,1,2.2547,-0.3518,10,145,0.9931,True,0.0069,QUIET,50
barka,2021-10-19,0,0,,,10,145,0.0000,False,,NODATA,50
barka,2021-10-20,134,1,2.3718,-0.3876,10,145,0.9241,True,0.0075,QUIET,50
barka,2021-10-21,139,0,0.7737,-0.4540,10,145,0.9586,True,0.0000,QUIET,50
barka,2021-10-22,134,1,2.1549,-0.4362,10,145,0.9241,True,0.0075,QUIET,50
barka,2021-10-23,145,0,1.9554,-0.3937,10,145,1.0000,True,0.0000,QUIET,50
barka,2021-10-24,142,8,5.3473,-0.2867,10,145,0.9793,True,0.0563,QUIET,50
barka,2021-10-25,145,4,5.1954,-0.3247,10,145,1.0000,True,0.0276,QUIET,50
barka,2021-10-26,114,6,4.8796,-0.2260,10,145,0.7862,True,0.0526,QUIET,50
barka,2021-10-27,117,0,1.8365,-0.3103,10,145,0.8069,True,0.0000,QUIET,50
barka,2021-10-28,114,0,1.7428,-0.2525,10,145,0.7862,True,0.0000,QUIET,50
barka,2021-10-29,144,27,2.9693,-0.1640,10,145,0.9931,True,0.1875,QUIET,50
barka,2021-10-30,143,24,4.4542,-0.1860,10,145,0.9862,True,0.1678,QUIET,50
barka,2021-10-31,0,0,,,10,145,0.0000,False,,NODATA,50
barka,2021-11-01,0,0,,,11,144,0.0000,False,,NODATA,50
barka,2021-11-02,144,5,2.3656,-0.0256,11,144,1.0000,True,0.0347,QUIET,50
barka,2021-11-03,144,2,2.1876,0.0009,11,144,1.0000,True,0.0139,QUIET,50
barka,2021-11-04,143,7,2.5762,0.0742,11,144,0.9931,True,0.0490,QUIET,50
barka,2021-11-05,0,0,,,11,144,0.0000,False,,NODATA,50
barka,2021-11-06,144,19,2.6456,0.0886,11,144,1.0000,True,0.1319,QUIET,50
barka,2021-11-07,144,17,2.4253,0.0340,11,144,1.0000,True,0.1181,QUIET,50
barka,2021-11-08,144,10,2.8703,-0.0567,11,144,1.0000,True,0.0694,QUIET,50
barka,2021-11-09,5,0,-0.1578,0.0105,11,144,0.0347,False,,NODATA,50
barka,2021-11-10,144,0,1.8548,-0.1768,11,144,1.0000,True,0.0000,QUIET,50
barka,2021-11-11,144,0,0.8664,-0.1647,11,144,1.0000,True,0.0000,QUIET,50
barka,2021-11-12,0,0,,,11,144,0.0000,False,,NODATA,50
barka,2021-11-13,144,0,1.1075,-0.1346,11,144,1.0000,True,0.0000,QUIET,50
barka,2021-11-14,143,0,0.8012,-0.1631,11,144,0.9931,True,0.0000,QUIET,50
barka,2021-11-15,144,0,1.8881,-0.0488,11,144,1.0000,True,0.0000,QUIET,50
barka,2021-11-16,143,2,2.2694,0.0597,11,144,0.9931,True,0.0140,QUIET,50
barka,2021-11-17,144,0,1.6417,-0.0449,11,144,1.0000,True,0.0000,QUIET,50
barka,2021-11-18,15,2,2.2439,0.6640,11,144,0.1042,True,0.1333,QUIET,50
barka,2021-11-19,141,5,2.5401,-0.1599,11,144,0.9792,True,0.0355,QUIET,50
barka,2021-11-20,142,36,4.6555,0.1105,11,144,0.9861,True,0.2535,EXCEED,50
barka,2021-11-21,144,4,2.8188,-0.1475,11,144,1.0000,True,0.0278,QUIET,50
barka,2021-11-22,144,16,2.7706,-0.1222,11,144,1.0000,True,0.1111,QUIET,50
barka,2021-11-23,144,15,2.7666,-0.0880,11,144,1.0000,True,0.1042,QUIET,50
barka,2021-11-24,140,30,5.6725,0.0243,11,144,0.9722,True,0.2143,ALERT,50
barka,2021-11-25,144,9,2.5981,0.0227,11,144,1.0000,True,0.0625,QUIET,50
barka,2021-11-26,144,3,2.4583,-0.0697,11,144,1.0000,True,0.0208,QUIET,50
barka,2021-11-27,143,3,2.4610,-0.0279,11,144,0.9931,True,0.0210,QUIET,50
barka,2021-11-28,0,0,,,11,144,0.0000,False,,NODATA,50
barka,2021-11-29,97,1,2.5124,-0.2385,11,144,0.6736,True,0.0103,QUIET,50
barka,2021-11-30,143,1,2.4058,-0.1906,11,144,0.9931,True,0.0070,QUIET,50
barka,2021-12-01,143,7,2.4063,-0.1519,12,144,0.9931,True,0.0490,QUIET,50
barka,2021-12-02,0,0,,,12,144,0.0000,False,,NODATA,50
barka,2021-12-03,121,6,2.8084,-0.0012,12,144,0.8403,True,0.0496,QUIET,50
barka,2021-12-04,144,16,2.7349,0.0458,12,144,1.0000,True,0.1111,QUIET,50
barka,2021-12-05,143,29,4.1728,0.0995,12,144,0.9931,True,0.2028,QUIET,50
barka,2021-12-06,6,0,0.2357,0.0681,12,144,0.0417,False,,NODATA,50
barka,2021-12-07,115,0,1.8568,-0.0578,12,144,0.7986,True,0.0000,QUIET,50
barka,2021-12-08,144,7,2.4039,0.0022,12,144,1.0000,True,0.0486,QUIET,50
barka,2021-12-09,143,8,2.4746,0.0821,12,144,0.9931,True,0.0559,QUIET,50
barka,2021-12-10,144,0,1.2932,-0.0749,12,144,1.0000,True,0.0000,QUIET,50
barka,2021-12-11,144,0,1.7692,-0.0501,12,144,1.0000,True,0.0000,QUIET,50
barka,2021-12-12,0,0,,,12,144,0.0000,False,,NODATA,50
barka,2021-12-13,140,0,0.3271,-0.3214,12,144,0.9722,True,0.0000,QUIET,50
barka,2021-12-14,144,0,1.2688,-0.1618,12,144,1.0000,True,0.0000,QUIET,50
barka,2021-12-15,143,1,2.2548,-0.0445,12,144,0.9931,True,0.0070,QUIET,50
barka,2021-12-16,126,0,1.7329,-0.1118,12,144,0.8750,True,0.0000,QUIET,50
barka,2021-12-17,99,2,2.5040,-0.0259,12,144,0.6875,True,0.0202,QUIET,50
barka,2021-12-18,143,0,1.5539,-0.1255,12,144,0.9931,True,0.0000,QUIET,50
barka,2021-12-19,142,0,1.7287,-0.1549,12,144,0.9861,True,0.0000,QUIET,50
barka,2021-12-20,144,4,2.3273,-0.1161,12,144,1.0000,True,0.0278,QUIET,50
barka,2021-12-21,25,3,2.7157,0.4544,12,144,0.1736,True,0.1200,QUIET,50
barka,2021-12-22,111,6,2.8391,-0.0136,12,144,0.7708,True,0.0541,QUIET,50
barka,2021-12-23,143,22,3.1711,0.0351,12,144,0.9931,True,0.1538,QUIET,50
barka,2021-12-24,144,31,4.3244,-0.0278,12,144,1.0000,True,0.2153,EXCEED,50
barka,2021-12-25,0,0,,,12,144,0.0000,False,,NODATA,50
barka,2021-12-26,142,57,4.9809,0.1417,12,144,0.9861,True,0.4014,ALERT,50
barka,2021-12-27,10,0,-0.3545,-0.6061,12,144,0.0694,False,,NODATA,50
barka,2021-12-28,119,2,2.0201,-0.0781,12,144,0.8264,True,0.0168,QUIET,50
barka,2021-12-29,0,0,,,12,144,0.0000,False,,NODATA,50
barka,2021-12-30,4,0,1.8128,-0.0120,12,144,0.0278,False,,NODATA,50
barka,2021-12-31,51,0,1.5512,-0.3652,12,144,0.3542,True,0.0000,QUIET,50
barka,2022-01-01,73,0,1.6408,-0.1928,1,144,0.5069,True,0.0000,QUIET,50
barka,2022-01-02,1,0,-2.3600,-0.4945,1,144,0.0069,False,,NODATA,50
barka,2022-01-03,35,1,4.1999,0.1950,1,144,0.2431,True,0.0286,QUIET,50
barka,2022-01-04,0,0,,,1,144,0.0000,False,,NODATA,50
barka,2022-01-05,134,1,2.4289,-0.3791,1,144,0.9306,True,0.0075,QUIET,50
barka,2022-01-06,135,0,1.8808,-0.2666,1,144,0.9375,True,0.0000,QUIET,50
barka,2022-01-07,144,1,2.4965,-0.1659,1,144,1.0000,True,0.0069,QUIET,50
barka,2022-01-08,144,10,3.8808,-0.1677,1,144,1.0000,True,0.0694,QUIET,50
barka,2022-01-09,137,6,3.4942,-0.0552,1,144,0.9514,True,0.0438,QUIET,50
barka,2022-01-10,132,1,2.5376,-0.3509,1,144,0.9167,True,0.0076,QUIET,50
barka,2022-01-11,0,0,,,1,144,0.0000,False,,NODATA,50
barka,2022-01-12,143,1,2.1197,-0.2313,1,144,0.9931,True,0.0070,QUIET,50
barka,2022-01-13,141,0,1.7795,-0.3220,1,144,0.9792,True,0.0000,QUIET,50
barka,2022-01-14,144,5,3.3105,-0.3474,1,144,1.0000,True,0.0347,QUIET,50
barka,2022-01-15,120,1,2.1629,-0.1019,1,144,0.8333,True,0.0083,QUIET,50
barka,2022-01-16,66,0,1.7567,0.3145,1,144,0.4583,True,0.0000,QUIET,50
barka,2022-01-17,59,0,1.8075,0.0192,1,144,0.4097,True,0.0000,QUIET,50
barka,2022-01-18,143,8,4.0121,-0.0230,1,144,0.9931,True,0.0559,QUIET,50
barka,2022-01-19,28,3,3.1307,0.1937,1,144,0.1944,True,0.1071,QUIET,50
barka,2022-01-20,121,11,3.4276,0.0332,1,144,0.8403,True,0.0909,QUIET,50
barka,2022-01-21,0,0,,,1,144,0.0000,False,,NODATA,50
barka,2022-01-22,10,0,1.3530,0.8813,1,144,0.0694,False,,NODATA,50
barka,2022-01-23,66,0,1.9502,-0.4725,1,144,0.4583,True,0.0000,QUIET,50
barka,2022-01-24,122,6,3.1428,-0.0009,1,144,0.8472,True,0.0492,QUIET,50
barka,2022-01-25,0,0,,,1,144,0.0000,False,,NODATA,50
barka,2022-01-26,143,12,4.1124,-0.2266,1,144,0.9931,True,0.0839,QUIET,50
barka,2022-01-27,143,13,3.9233,-0.1654,1,144,0.9931,True,0.0909,QUIET,50
barka,2022-01-28,142,11,3.0760,-0.0535,1,144,0.9861,True,0.0775,QUIET,50
barka,2022-01-29,6,2,4.2101,0.4762,1,144,0.0417,False,,NODATA,50
barka,2022-01-30,143,18,3.7996,0.2034,1,144,0.9931,True,0.1259,QUIET,50
barka,2022-01-31,143,34,3.3457,0.2549,1,144,0.9931,True,0.2378,EXCEED,50
barka,2022-02-01,143,0,1.3632,0.0098,2,143,1.0000,True,0.0000,QUIET,50
barka,2022-02-02,143,7,3.8023,0.1029,2,143,1.0000,True,0.0490,QUIET,50
barka,2022-02-03,143,15,3.9178,0.0824,2,143,1.0000,True,0.1049,QUIET,50
barka,2022-02-04,142,25,4.1028,0.1186,2,143,0.9930,True,0.1761,QUIET,50
barka,2022-02-05,141,3,3.4276,0.0575,2,143,0.9860,True,0.0213,QUIET,50
barka,2022-02-06,141,11,3.6392,0.0884,2,143,0.9860,True,0.0780,QUIET,50
barka,2022-02-07,143,24,3.4414,0.0167,2,143,1.0000,True,0.1678,QUIET,50
barka,2022-02-08,143,19,3.6982,0.0898,2,143,1.0000,True,0.1329,QUIET,50
barka,2022-02-09,139,37,3.9668,0.1882,2,143,0.9720,True,0.2662,EXCEED,50
barka,2022-02-10,142,11,2.7359,0.0872,2,143,0.9930,True,0.0775,QUIET,50
barka,2022-02-11,142,15,3.7472,0.1831,2,143,0.9930,True,0.1056,QUIET,50
barka,2022-02-12,143,22,3.3073,0.2042,2,143,1.0000,True,0.1538,QUIET,50
barka,2022-02-13,0,0,,,2,143,0.0000,False,,NODATA,50
barka,2022-02-14,0,0,,,2,143,0.0000,False,,NODATA,50
barka,2022-02-15,26,1,2.0279,0.7989,2,143,0.1818,True,0.0385,QUIET,50
barka,2022-02-16,143,20,3.4276,0.3848,2,143,1.0000,True,0.1399,QUIET,50
barka,2022-02-17,0,0,,,2,143,0.0000,False,,NODATA,50
barka,2022-02-18,143,20,5.0557,0.5149,2,143,1.0000,True,0.1399,QUIET,50
barka,2022-02-19,143,10,3.0480,0.3514,2,143,1.0000,True,0.0699,QUIET,50
barka,2022-02-20,142,66,4.6422,0.7160,2,143,0.9930,True,0.4648,EXCEED,50
barka,2022-02-21,0,0,,,2,143,0.0000,False,,NODATA,50
barka,2022-02-22,140,13,3.1229,0.3546,2,143,0.9790,True,0.0929,QUIET,50
barka,2022-02-23,143,10,3.0405,0.4330,2,143,1.0000,True,0.0699,QUIET,50
barka,2022-02-24,142,0,1.8572,0.0371,2,143,0.9930,True,0.0000,QUIET,50
barka,2022-02-25,1,0,-0.6380,0.7187,2,143,0.0070,False,,NODATA,50
barka,2022-02-26,142,73,5.3189,0.8094,2,143,0.9930,True,0.5141,ALERT,50
barka,2022-02-27,136,59,4.5246,0.7653,2,143,0.9510,True,0.4338,ALERT,50
barka,2022-02-28,116,60,5.1166,0.7953,2,143,0.8112,True,0.5172,ALERT,50
barka,2022-03-01,12,1,2.1502,0.7858,3,144,0.0833,False,,NODATA,50
barka,2022-03-02,142,58,3.9053,0.8004,3,144,0.9861,True,0.4085,ALERT,50
barka,2022-03-03,142,18,3.5066,0.6409,3,144,0.9861,True,0.1268,QUIET,50
barka,2022-03-04,108,20,4.7338,0.5879,3,144,0.7500,True,0.1852,QUIET,50
barka,2022-03-05,0,0,,,3,144,0.0000,False,,NODATA,50
barka,2022-03-06,93,0,1.8504,0.3867,3,144,0.6458,True,0.0000,QUIET,50
barka,2022-03-07,28,0,1.5490,0.0895,3,144,0.1944,True,0.0000,QUIET,50
barka,2022-03-08,0,0,,,3,144,0.0000,False,,NODATA,50
barka,2022-03-09,105,0,0.8580,-0.0203,3,144,0.7292,True,0.0000,QUIET,50
barka,2022-03-10,141,0,1.3733,0.3335,3,144,0.9792,True,0.0000,QUIET,50
barka,2022-03-11,140,7,3.7635,0.2924,3,144,0.9722,True,0.0500,QUIET,50
barka,2022-03-12,103,7,4.0611,0.2337,3,144,0.7153,True,0.0680,QUIET,50
barka,2022-03-13,143,14,3.4388,0.3126,3,144,0.9931,True,0.0979,QUIET,50
barka,2022-03-14,143,0,1.8343,0.2764,3,144,0.9931,True,0.0000,QUIET,50
barka,2022-03-15,143,1,2.1642,0.1704,3,144,0.9931,True,0.0070,QUIET,50
barka,2022-03-16,0,0,,,3,144,0.0000,False,,NODATA,50
barka,2022-03-17,143,1,2.2126,-0.0298,3,144,0.9931,True,0.0070,QUIET,50
barka,2022-03-18,117,0,0.4123,-0.1625,3,144,0.8125,True,0.0000,QUIET,50
barka,2022-03-19,144,0,1.1662,-0.1045,3,144,1.0000,True,0.0000,QUIET,50
barka,2022-03-20,0,0,,,3,144,0.0000,False,,NODATA,50
barka,2022-03-21,143,1,2.8707,-0.1609,3,144,0.9931,True,0.0070,QUIET,50
barka,2022-03-22,125,0,0.7119,-0.0228,3,144,0.8681,True,0.0000,QUIET,50
barka,2022-03-23,143,0,1.3321,0.0091,3,144,0.9931,True,0.0000,QUIET,50
barka,2022-03-24,0,0,,,3,144,0.0000,False,,NODATA,50
barka,2022-03-25,143,0,1.6048,0.0295,3,144,0.9931,True,0.0000,QUIET,50
barka,2022-03-26,111,0,1.8823,0.0864,3,144,0.7708,True,0.0000,QUIET,50
barka,2022-03-27,143,0,0.8810,0.0645,3,144,0.9931,True,0.0000,QUIET,50
barka,2022-03-28,0,0,,,3,144,0.0000,False,,NODATA,50
barka,2022-03-29,143,2,2.6766,-0.0594,3,144,0.9931,True,0.0140,QUIET,50
barka,2022-03-30,143,4,3.1005,0.0568,3,144,0.9931,True,0.0280,QUIET,50
barka,2022-03-31,143,0,1.2062,0.1330,3,144,0.9931,True,0.0000,QUIET,50
barka,2022-04-01,0,0,,,4,144,0.0000,False,,NODATA,50
barka,2022-04-02,144,3,2.6305,0.0742,4,144,1.0000,True,0.0208,QUIET,50
barka,2022-04-03,143,2,3.3876,0.0129,4,144,0.9931,True,0.0140,QUIET,50
barka,2022-04-04,111,0,1.2558,-0.0033,4,144,0.7708,True,0.0000,QUIET,50
barka,2022-04-05,8,0,1.4268,0.8268,4,144,0.0556,False,,NODATA,50
barka,2022-04-06,142,0,1.0957,-0.0342,4,144,0.9861,True,0.0000,QUIET,50
barka,2022-04-07,142,0,1.1082,-0.0442,4,144,0.9861,True,0.0000,QUIET,50
barka,2022-04-08,126,0,1.7390,-0.0039,4,144,0.8750,True,0.0000,QUIET,50
barka,2022-04-09,48,5,2.6949,0.1203,4,144,0.3333,True,0.1042,QUIET,50
barka,2022-04-10,143,0,1.7778,0.0987,4,144,0.9931,True,0.0000,QUIET,50
barka,2022-04-11,142,0,1.5068,0.1186,4,144,0.9861,True,0.0000,QUIET,50
barka,2022-04-12,0,0,,,4,144,0.0000,False,,NODATA,50
barka,2022-04-13,142,0,1.3577,0.1498,4,144,0.9861,True,0.0000,QUIET,50
barka,2022-04-14,14,0,-1.0286,-0.3951,4,144,0.0972,False,,NODATA,50
barka,2022-04-15,107,0,1.7089,-0.5189,4,144,0.7431,True,0.0000,QUIET,50
barka,2022-04-16,0,0,,,4,144,0.0000,False,,NODATA,50
barka,2022-04-17,143,0,1.0169,-0.0010,4,144,0.9931,True,0.0000,QUIET,50
barka,2022-04-18,0,0,,,4,144,0.0000,False,,NODATA,50
barka,2022-04-19,133,0,-1.0703,-0.4262,4,144,0.9236,True,0.0000,QUIET,50
barka,2022-04-20,0,0,,,4,144,0.0000,False,,NODATA,50
barka,2022-04-21,141,0,0.3542,-0.2375,4,144,0.9792,True,0.0000,QUIET,50
barka,2022-04-22,9,0,1.3591,0.7942,4,144,0.0625,False,,NODATA,50
barka,2022-04-23,69,0,0.7454,-0.2804,4,144,0.4792,True,0.0000,QUIET,50
barka,2022-04-24,0,0,,,4,144,0.0000,False,,NODATA,50
barka,2022-04-25,144,0,0.6589,-0.2543,4,144,1.0000,True,0.0000,QUIET,50
barka,2022-04-26,73,1,2.0679,-0.4028,4,144,0.5069,True,0.0137,QUIET,50
barka,2022-04-27,143,0,0.2851,-0.3811,4,144,0.9931,True,0.0000,QUIET,50
barka,2022-04-28,0,0,,,4,144,0.0000,False,,NODATA,50
barka,2022-04-29,143,0,0.4155,-0.3551,4,144,0.9931,True,0.0000,QUIET,50
barka,2022-04-30,142,0,1.8658,-0.3982,4,144,0.9861,True,0.0000,QUIET,50
barka,2022-05-01,139,0,1.0754,-0.3309,5,144,0.9653,True,0.0000,QUIET,50
barka,2022-05-02,0,0,,,5,144,0.0000,False,,NODATA,50
barka,2022-05-03,140,0,1.0825,-0.3606,5,144,0.9722,True,0.0000,QUIET,50
barka,2022-05-04,143,0,0.9408,-0.3635,5,144,0.9931,True,0.0000,QUIET,50
barka,2022-05-05,41,0,1.1299,-0.1688,5,144,0.2847,True,0.0000,QUIET,50
barka,2022-05-06,79,0,1.6557,-0.7310,5,144,0.5486,True,0.0000,QUIET,50
barka,2022-05-07,137,0,-0.7622,-0.6386,5,144,0.9514,True,0.0000,QUIET,50
barka,2022-05-08,144,0,1.5449,-0.5044,5,144,1.0000,True,0.0000,QUIET,50
barka,2022-05-09,0,0,,,5,144,0.0000,False,,NODATA,50
barka,2022-05-10,116,4,3.4379,-0.4935,5,144,0.8056,True,0.0345,QUIET,50
barka,2022-05-11,144,0,1.1944,-0.4926,5,144,1.0000,True,0.0000,QUIET,50
barka,2022-05-12,143,0,1.5193,-0.4515,5,144,0.9931,True,0.0000,QUIET,50
barka,2022-05-13,0,0,,,5,144,0.0000,False,,NODATA,50
barka,2022-05-14,144,0,1.3045,-0.5012,5,144,1.0000,True,0.0000,QUIET,50
barka,2022-05-15,41,1,2.1725,-0.3740,5,144,0.2847,True,0.0244,QUIET,50
barka,2022-05-16,139,0,1.1636,-0.5892,5,144,0.9653,True,0.0000,QUIET,50
barka,2022-05-17,0,0,,,5,144,0.0000,False,,NODATA,50
barka,2022-05-18,144,0,1.4070,-0.5629,5,144,1.0000,True,0.0000,QUIET,50
barka,2022-05-19,51,0,0.2960,-0.7055,5,144,0.3542,True,0.0000,QUIET,50
barka,2022-05-20,130,0,1.0888,-0.5927,5,144,0.9028,True,0.0000,QUIET,50
barka,2022-05-21,0,0,,,5,144,0.0000,False,,NODATA,50
barka,2022-05-22,144,0,1.8001,-0.5366,5,144,1.0000,True,0.0000,QUIET,50
barka,2022-05-23,72,2,2.9344,-0.6752,5,144,0.5000,True,0.0278,QUIET,50
barka,2022-05-24,54,2,4.2403,-0.4531,5,144,0.3750,True,0.0370,QUIET,50
barka,2022-05-25,0,0,,,5,144,0.0000,False,,NODATA,50
barka,2022-05-26,138,0,-0.6304,-0.6597,5,144,0.9583,True,0.0000,QUIET,50
barka,2022-05-27,78,0,-1.1558,-0.8039,5,144,0.5417,True,0.0000,QUIET,50
barka,2022-05-28,9,0,0.4876,-0.6057,5,144,0.0625,False,,NODATA,50
barka,2022-05-29,0,0,,,5,144,0.0000,False,,NODATA,50
barka,2022-05-30,132,0,0.3595,-0.5802,5,144,0.9167,True,0.0000,QUIET,50
barka,2022-05-31,142,0,-0.1687,-0.5484,5,144,0.9861,True,0.0000,QUIET,50
barka,2022-06-01,0,0,,,6,144,0.0000,False,,NODATA,50
barka,2022-06-02,11,1,2.0208,0.7424,6,144,0.0764,False,,NODATA,50
barka,2022-06-03,143,1,2.2157,-0.5320,6,144,0.9931,True,0.0070,QUIET,50
barka,2022-06-04,143,1,2.0919,-0.5884,6,144,0.9931,True,0.0070,QUIET,50
barka,2022-06-05,0,0,,,6,144,0.0000,False,,NODATA,50
barka,2022-06-06,142,0,0.5556,-0.6032,6,144,0.9861,True,0.0000,QUIET,50
barka,2022-06-07,140,0,1.6119,-0.5593,6,144,0.9722,True,0.0000,QUIET,50
barka,2022-06-08,144,2,2.2897,-0.5480,6,144,1.0000,True,0.0139,QUIET,50
barka,2022-06-09,0,0,,,6,144,0.0000,False,,NODATA,50
barka,2022-06-10,143,1,2.4526,-0.6256,6,144,0.9931,True,0.0070,QUIET,50
barka,2022-06-11,14,0,-0.2066,-0.5650,6,144,0.0972,False,,NODATA,50
barka,2022-06-12,113,0,1.3269,-0.6049,6,144,0.7847,True,0.0000,QUIET,50
barka,2022-06-13,0,0,,,6,144,0.0000,False,,NODATA,50
barka,2022-06-14,24,0,0.9319,-0.6708,6,144,0.1667,True,0.0000,QUIET,50
barka,2022-06-15,0,0,,,6,144,0.0000,False,,NODATA,50
barka,2022-06-16,39,0,0.0012,-0.6250,6,144,0.2708,True,0.0000,QUIET,50
barka,2022-06-17,0,0,,,6,144,0.0000,False,,NODATA,50
barka,2022-06-18,122,0,-1.8810,-0.9717,6,144,0.8472,True,0.0000,QUIET,50
barka,2022-06-19,79,4,2.7384,-0.4233,6,144,0.5486,True,0.0506,QUIET,50
barka,2022-06-20,139,0,1.7194,-0.5658,6,144,0.9653,True,0.0000,QUIET,50
barka,2022-06-21,0,0,,,6,144,0.0000,False,,NODATA,50
barka,2022-06-22,93,0,0.4260,-0.6711,6,144,0.6458,True,0.0000,QUIET,50
barka,2022-06-23,13,2,2.1914,0.6333,6,144,0.0903,False,,NODATA,50
barka,2022-06-24,0,0,,,6,144,0.0000,False,,NODATA,50
barka,2022-06-25,0,0,,,6,144,0.0000,False,,NODATA,50
barka,2022-06-26,0,0,,,6,144,0.0000,False,,NODATA,50
barka,2022-06-27,0,0,,,6,144,0.0000,False,,NODATA,50
barka,2022-06-28,0,0,,,6,144,0.0000,False,,NODATA,50
barka,2022-06-29,18,0,1.7182,0.4055,6,144,0.1250,True,0.0000,QUIET,50
barka,2022-06-30,0,0,,,6,144,0.0000,False,,NODATA,50
barka,2022-07-01,0,0,,,7,142,0.0000,False,,NODATA,50
barka,2022-07-02,0,0,,,7,142,0.0000,False,,NODATA,50
barka,2022-07-03,8,0,-2.3703,-0.6897,7,142,0.0563,False,,NODATA,50
barka,2022-07-04,0,0,,,7,142,0.0000,False,,NODATA,50
barka,2022-07-05,0,0,,,7,142,0.0000,False,,NODATA,50
barka,2022-07-06,0,0,,,7,142,0.0000,False,,NODATA,50
barka,2022-07-07,0,0,,,7,142,0.0000,False,,NODATA,50
barka,2022-07-08,1,0,1.2673,0.6236,7,142,0.0070,False,,NODATA,50
barka,2022-07-09,104,0,0.3818,-0.2575,7,142,0.7324,True,0.0000,QUIET,50
barka,2022-07-10,0,0,,,7,142,0.0000,False,,NODATA,50
barka,2022-07-11,142,0,0.9762,-0.3445,7,142,1.0000,True,0.0000,QUIET,50
barka,2022-07-12,0,0,,,7,142,0.0000,False,,NODATA,50
barka,2022-07-13,93,0,-1.5410,-0.8540,7,142,0.6549,True,0.0000,QUIET,50
barka,2022-07-14,0,0,,,7,142,0.0000,False,,NODATA,50
barka,2022-07-15,111,0,-1.7960,-0.9719,7,142,0.7817,True,0.0000,QUIET,50
barka,2022-07-16,47,0,0.8656,-0.5639,7,142,0.3310,True,0.0000,QUIET,50
barka,2022-07-17,0,0,,,7,142,0.0000,False,,NODATA,50
barka,2022-07-18,0,0,,,7,142,0.0000,False,,NODATA,50
barka,2022-07-19,25,2,2.2285,0.1391,7,142,0.1761,True,0.0800,QUIET,50
barka,2022-07-20,141,11,3.6279,-0.0297,7,142,0.9930,True,0.0780,QUIET,50
barka,2022-07-21,52,0,0.2449,-0.4293,7,142,0.3662,True,0.0000,QUIET,50
barka,2022-07-22,0,0,,,7,142,0.0000,False,,NODATA,50
barka,2022-07-23,4,0,-1.6790,-0.7054,7,142,0.0282,False,,NODATA,50
barka,2022-07-24,90,0,-0.0246,-0.7587,7,142,0.6338,True,0.0000,QUIET,50
barka,2022-07-25,0,0,,,7,142,0.0000,False,,NODATA,50
barka,2022-07-26,0,0,,,7,142,0.0000,False,,NODATA,50
barka,2022-07-27,54,0,0.9670,-0.2775,7,142,0.3803,True,0.0000,QUIET,50
barka,2022-07-28,104,0,0.4884,-0.5032,7,142,0.7324,True,0.0000,QUIET,50
barka,2022-07-29,0,0,,,7,142,0.0000,False,,NODATA,50
barka,2022-07-30,132,21,4.9346,-0.3612,7,142,0.9296,True,0.1591,QUIET,50
barka,2022-07-31,64,6,4.4860,-0.1816,7,142,0.4507,True,0.0938,QUIET,50
barka,2022-08-01,121,0,-1.1673,-0.7522,8,142,0.8521,True,0.0000,QUIET,50
barka,2022-08-02,0,0,,,8,142,0.0000,False,,NODATA,50
barka,2022-08-03,142,0,1.9691,-0.1536,8,142,1.0000,True,0.0000,QUIET,50
barka,2022-08-04,0,0,,,8,142,0.0000,False,,NODATA,50
barka,2022-08-05,119,0,-0.8021,-0.5767,8,142,0.8380,True,0.0000,QUIET,50
barka,2022-08-06,0,0,,,8,142,0.0000,False,,NODATA,50
barka,2022-08-07,135,1,2.0580,-0.4847,8,142,0.9507,True,0.0074,QUIET,50
barka,2022-08-08,52,0,1.4300,-0.7189,8,142,0.3662,True,0.0000,QUIET,50
barka,2022-08-09,58,0,-0.2098,-0.9740,8,142,0.4085,True,0.0000,QUIET,50
barka,2022-08-10,0,0,,,8,142,0.0000,False,,NODATA,50
barka,2022-08-11,71,0,-1.3206,-0.9158,8,142,0.5000,True,0.0000,QUIET,50
barka,2022-08-12,4,0,-1.4265,-0.6694,8,142,0.0282,False,,NODATA,50
barka,2022-08-13,0,0,,,8,142,0.0000,False,,NODATA,50
barka,2022-08-14,0,0,,,8,142,0.0000,False,,NODATA,50
barka,2022-08-15,0,0,,,8,142,0.0000,False,,NODATA,50
barka,2022-08-16,1,0,0.2002,0.6254,8,142,0.0070,False,,NODATA,50
barka,2022-08-17,0,0,,,8,142,0.0000,False,,NODATA,50
barka,2022-08-18,1,0,0.4167,0.6551,8,142,0.0070,False,,NODATA,50
barka,2022-08-19,141,1,2.7830,-0.2053,8,142,0.9930,True,0.0071,QUIET,50
barka,2022-08-20,133,1,2.2604,-0.3882,8,142,0.9366,True,0.0075,QUIET,50
barka,2022-08-21,0,0,,,8,142,0.0000,False,,NODATA,50
barka,2022-08-22,111,0,1.7047,-0.5632,8,142,0.7817,True,0.0000,QUIET,50
barka,2022-08-23,140,0,1.2992,-0.4333,8,142,0.9859,True,0.0000,QUIET,50
barka,2022-08-24,118,0,1.1029,-0.4056,8,142,0.8310,True,0.0000,QUIET,50
barka,2022-08-25,0,0,,,8,142,0.0000,False,,NODATA,50
barka,2022-08-26,138,0,1.0772,-0.6003,8,142,0.9718,True,0.0000,QUIET,50
barka,2022-08-27,140,0,0.3719,-0.5035,8,142,0.9859,True,0.0000,QUIET,50
barka,2022-08-28,142,0,1.1286,-0.3503,8,142,1.0000,True,0.0000,QUIET,50
barka,2022-08-29,0,0,,,8,142,0.0000,False,,NODATA,50
barka,2022-08-30,141,0,0.8830,-0.3825,8,142,0.9930,True,0.0000,QUIET,50
barka,2022-08-31,138,0,1.1207,-0.4322,8,142,0.9718,True,0.0000,QUIET,50
barka,2022-09-01,144,0,0.9988,-0.4081,9,144,1.0000,True,0.0000,QUIET,50
barka,2022-09-02,0,0,,,9,144,0.0000,False,,NODATA,50
barka,2022-09-03,144,0,1.3985,-0.3199,9,144,1.0000,True,0.0000,QUIET,50
barka,2022-09-04,99,5,2.4744,-0.3853,9,144,0.6875,True,0.0505,QUIET,50
barka,2022-09-05,144,0,1.6318,-0.3916,9,144,1.0000,True,0.0000,QUIET,50
barka,2022-09-06,0,0,,,9,144,0.0000,False,,NODATA,50
barka,2022-09-07,96,0,1.6157,-0.2947,9,144,0.6667,True,0.0000,QUIET,50
barka,2022-09-08,118,0,1.2456,-0.2720,9,144,0.8194,True,0.0000,QUIET,50
barka,2022-09-09,123,0,1.8726,-0.5229,9,144,0.8542,True,0.0000,QUIET,50
barka,2022-09-10,0,0,,,9,144,0.0000,False,,NODATA,50
barka,2022-09-11,143,0,1.3447,-0.3876,9,144,0.9931,True,0.0000,QUIET,50
barka,2022-09-12,143,0,1.3251,-0.4630,9,144,0.9931,True,0.0000,QUIET,50
barka,2022-09-13,38,0,-0.6962,-0.6995,9,144,0.2639,True,0.0000,QUIET,50
barka,2022-09-14,11,1,2.6397,0.7438,9,144,0.0764,False,,NODATA,50
barka,2022-09-15,114,2,3.4701,-0.6193,9,144,0.7917,True,0.0175,QUIET,50
barka,2022-09-16,143,1,3.2497,-0.6211,9,144,0.9931,True,0.0070,QUIET,50
barka,2022-09-17,128,0,0.4110,-0.7217,9,144,0.8889,True,0.0000,QUIET,50
barka,2022-09-18,136,1,2.1972,-0.6538,9,144,0.9444,True,0.0074,QUIET,50
barka,2022-09-19,77,0,0.6463,-0.4695,9,144,0.5347,True,0.0000,QUIET,50
barka,2022-09-20,132,1,2.9582,-0.3777,9,144,0.9167,True,0.0076,QUIET,50
barka,2022-09-21,0,0,,,9,144,0.0000,False,,NODATA,50
barka,2022-09-22,143,2,4.6994,-0.4958,9,144,0.9931,True,0.0140,QUIET,50
barka,2022-09-23,143,0,1.2107,-0.5433,9,144,0.9931,True,0.0000,QUIET,50
barka,2022-09-24,143,0,1.1044,-0.5284,9,144,0.9931,True,0.0000,QUIET,50
barka,2022-09-25,0,0,,,9,144,0.0000,False,,NODATA,50
barka,2022-09-26,89,0,1.1557,-0.4631,9,144,0.6181,True,0.0000,QUIET,50
barka,2022-09-27,85,0,1.1583,-0.7706,9,144,0.5903,True,0.0000,QUIET,50
barka,2022-09-28,106,0,-0.2235,-0.5965,9,144,0.7361,True,0.0000,QUIET,50
barka,2022-09-29,0,0,,,9,144,0.0000,False,,NODATA,50
barka,2022-09-30,112,0,-0.0979,-0.5882,9,144,0.7778,True,0.0000,QUIET,50
barka,2022-10-01,144,0,0.3929,-0.6088,10,145,0.9931,True,0.0000,QUIET,50
barka,2022-10-02,141,0,-0.2951,-0.6696,10,145,0.9724,True,0.0000,QUIET,50
barka,2022-10-03,1,0,1.2711,0.7106,10,145,0.0069,False,,NODATA,50
barka,2022-10-04,144,0,0.4137,-0.5433,10,145,0.9931,True,0.0000,QUIET,50
barka,2022-10-05,144,0,0.6283,-0.5515,10,145,0.9931,True,0.0000,QUIET,50
barka,2022-10-06,142,0,0.9327,-0.6167,10,145,0.9793,True,0.0000,QUIET,50
barka,2022-10-07,26,1,2.7278,0.2615,10,145,0.1793,True,0.0385,QUIET,50
barka,2022-10-08,143,0,1.4347,-0.5570,10,145,0.9862,True,0.0000,QUIET,50
barka,2022-10-09,0,0,,,10,145,0.0000,False,,NODATA,50
barka,2022-10-10,143,0,1.4891,-0.5859,10,145,0.9862,True,0.0000,QUIET,50
barka,2022-10-11,74,4,3.7283,-0.3747,10,145,0.5103,True,0.0541,QUIET,50
barka,2022-10-12,143,0,0.3370,-0.5023,10,145,0.9862,True,0.0000,QUIET,50
barka,2022-10-13,144,0,1.6431,-0.4968,10,145,0.9931,True,0.0000,QUIET,50
barka,2022-10-14,141,1,2.0146,-0.4558,10,145,0.9724,True,0.0071,QUIET,50
barka,2022-10-15,0,0,,,10,145,0.0000,False,,NODATA,50
barka,2022-10-16,0,0,,,10,145,0.0000,False,,NODATA,50
barka,2022-10-17,0,0,,,10,145,0.0000,False,,NODATA,50
barka,2022-10-18,0,0,,,10,145,0.0000,False,,NODATA,50
barka,2022-10-19,0,0,,,10,145,0.0000,False,,NODATA,50
barka,2022-10-20,0,0,,,10,145,0.0000,False,,NODATA,50
barka,2022-10-21,0,0,,,10,145,0.0000,False,,NODATA,50
barka,2022-10-22,0,0,,,10,145,0.0000,False,,NODATA,50
barka,2022-10-23,0,0,,,10,145,0.0000,False,,NODATA,50
barka,2022-10-24,0,0,,,10,145,0.0000,False,,NODATA,50
barka,2022-10-25,0,0,,,10,145,0.0000,False,,NODATA,50
barka,2022-10-26,0,0,,,10,145,0.0000,False,,NODATA,50
barka,2022-10-27,0,0,,,10,145,0.0000,False,,NODATA,50
barka,2022-10-28,0,0,,,10,145,0.0000,False,,NODATA,50
barka,2022-10-29,0,0,,,10,145,0.0000,False,,NODATA,50
barka,2022-10-30,0,0,,,10,145,0.0000,False,,NODATA,50
barka,2022-10-31,0,0,,,10,145,0.0000,False,,NODATA,50
barka,2022-11-01,0,0,,,11,144,0.0000,False,,NODATA,50
barka,2022-11-02,0,0,,,11,144,0.0000,False,,NODATA,50
barka,2022-11-03,0,0,,,11,144,0.0000,False,,NODATA,50
barka,2022-11-04,0,0,,,11,144,0.0000,False,,NODATA,50
barka,2022-11-05,0,0,,,11,144,0.0000,False,,NODATA,50
barka,2022-11-06,0,0,,,11,144,0.0000,False,,NODATA,50
barka,2022-11-07,0,0,,,11,144,0.0000,False,,NODATA,50
barka,2022-11-08,0,0,,,11,144,0.0000,False,,NODATA,50
barka,2022-11-09,0,0,,,11,144,0.0000,False,,NODATA,50
barka,2022-11-10,0,0,,,11,144,0.0000,False,,NODATA,50
barka,2022-11-11,0,0,,,11,144,0.0000,False,,NODATA,50
barka,2022-11-12,0,0,,,11,144,0.0000,False,,NODATA,50
barka,2022-11-13,0,0,,,11,144,0.0000,False,,NODATA,50
barka,2022-11-14,0,0,,,11,144,0.0000,False,,NODATA,50
barka,2022-11-15,0,0,,,11,144,0.0000,False,,NODATA,50
barka,2022-11-16,0,0,,,11,144,0.0000,False,,NODATA,50
barka,2022-11-17,0,0,,,11,144,0.0000,False,,NODATA,50
barka,2022-11-18,0,0,,,11,144,0.0000,False,,NODATA,50
barka,2022-11-19,0,0,,,11,144,0.0000,False,,NODATA,50
barka,2022-11-20,0,0,,,11,144,0.0000,False,,NODATA,50
barka,2022-11-21,0,0,,,11,144,0.0000,False,,NODATA,50
barka,2022-11-22,0,0,,,11,144,0.0000,False,,NODATA,50
barka,2022-11-23,0,0,,,11,144,0.0000,False,,NODATA,50
barka,2022-11-24,0,0,,,11,144,0.0000,False,,NODATA,50
barka,2022-11-25,0,0,,,11,144,0.0000,False,,NODATA,50
barka,2022-11-26,0,0,,,11,144,0.0000,False,,NODATA,50
barka,2022-11-27,0,0,,,11,144,0.0000,False,,NODATA,50
barka,2022-11-28,0,0,,,11,144,0.0000,False,,NODATA,50
barka,2022-11-29,0,0,,,11,144,0.0000,False,,NODATA,50
barka,2022-11-30,0,0,,,11,144,0.0000,False,,NODATA,50
barka,2022-12-01,0,0,,,12,144,0.0000,False,,NODATA,50
barka,2022-12-02,0,0,,,12,144,0.0000,False,,NODATA,50
barka,2022-12-03,0,0,,,12,144,0.0000,False,,NODATA,50
barka,2022-12-04,0,0,,,12,144,0.0000,False,,NODATA,50
barka,2022-12-05,0,0,,,12,144,0.0000,False,,NODATA,50
barka,2022-12-06,0,0,,,12,144,0.0000,False,,NODATA,50
barka,2022-12-07,0,0,,,12,144,0.0000,False,,NODATA,50
barka,2022-12-08,0,0,,,12,144,0.0000,False,,NODATA,50
barka,2022-12-09,0,0,,,12,144,0.0000,False,,NODATA,50
barka,2022-12-10,0,0,,,12,144,0.0000,False,,NODATA,50
barka,2022-12-11,0,0,,,12,144,0.0000,False,,NODATA,50
barka,2022-12-12,0,0,,,12,144,0.0000,False,,NODATA,50
barka,2022-12-13,0,0,,,12,144,0.0000,False,,NODATA,50
barka,2022-12-14,0,0,,,12,144,0.0000,False,,NODATA,50
barka,2022-12-15,0,0,,,12,144,0.0000,False,,NODATA,50
barka,2022-12-16,0,0,,,12,144,0.0000,False,,NODATA,50
barka,2022-12-17,0,0,,,12,144,0.0000,False,,NODATA,50
barka,2022-12-18,0,0,,,12,144,0.0000,False,,NODATA,50
barka,2022-12-19,0,0,,,12,144,0.0000,False,,NODATA,50
barka,2022-12-20,0,0,,,12,144,0.0000,False,,NODATA,50
barka,2022-12-21,0,0,,,12,144,0.0000,False,,NODATA,50
barka,2022-12-22,0,0,,,12,144,0.0000,False,,NODATA,50
barka,2022-12-23,0,0,,,12,144,0.0000,False,,NODATA,50
barka,2022-12-24,0,0,,,12,144,0.0000,False,,NODATA,50
barka,2022-12-25,0,0,,,12,144,0.0000,False,,NODATA,50
barka,2022-12-26,0,0,,,12,144,0.0000,False,,NODATA,50
barka,2022-12-27,0,0,,,12,144,0.0000,False,,NODATA,50
barka,2022-12-28,0,0,,,12,144,0.0000,False,,NODATA,50
barka,2022-12-29,0,0,,,12,144,0.0000,False,,NODATA,50
barka,2022-12-30,0,0,,,12,144,0.0000,False,,NODATA,50
barka,2022-12-31,0,0,,,12,144,0.0000,False,,NODATA,50
barka,2023-01-01,0,0,,,1,144,0.0000,False,,NODATA,50
barka,2023-01-02,0,0,,,1,144,0.0000,False,,NODATA,50
barka,2023-01-03,0,0,,,1,144,0.0000,False,,NODATA,50
barka,2023-01-04,0,0,,,1,144,0.0000,False,,NODATA,50
barka,2023-01-05,0,0,,,1,144,0.0000,False,,NODATA,50
barka,2023-01-06,0,0,,,1,144,0.0000,False,,NODATA,50
barka,2023-01-07,0,0,,,1,144,0.0000,False,,NODATA,50
barka,2023-01-08,0,0,,,1,144,0.0000,False,,NODATA,50
barka,2023-01-09,0,0,,,1,144,0.0000,False,,NODATA,50
barka,2023-01-10,0,0,,,1,144,0.0000,False,,NODATA,50
barka,2023-01-11,0,0,,,1,144,0.0000,False,,NODATA,50
barka,2023-01-12,0,0,,,1,144,0.0000,False,,NODATA,50
barka,2023-01-13,0,0,,,1,144,0.0000,False,,NODATA,50
barka,2023-01-14,0,0,,,1,144,0.0000,False,,NODATA,50
barka,2023-01-15,6,0,1.3707,0.2318,1,144,0.0417,False,,NODATA,50
barka,2023-01-16,143,15,4.4616,-0.0400,1,144,0.9931,True,0.1049,QUIET,50
barka,2023-01-17,143,10,3.4091,0.0087,1,144,0.9931,True,0.0699,QUIET,50
barka,2023-01-18,0,0,,,1,144,0.0000,False,,NODATA,50
barka,2023-01-19,0,0,,,1,144,0.0000,False,,NODATA,50
barka,2023-01-20,78,0,0.3773,-0.4988,1,144,0.5417,True,0.0000,QUIET,50
barka,2023-01-21,95,0,0.9976,-0.4941,1,144,0.6597,True,0.0000,QUIET,50
barka,2023-01-22,63,0,-0.4901,-0.5678,1,144,0.4375,True,0.0000,QUIET,50
barka,2023-01-23,124,3,2.9298,-0.3604,1,144,0.8611,True,0.0242,QUIET,50
barka,2023-01-24,86,1,2.5417,-0.3639,1,144,0.5972,True,0.0116,QUIET,50
barka,2023-01-25,121,5,3.3622,-0.2706,1,144,0.8403,True,0.0413,QUIET,50
barka,2023-01-26,18,0,0.4431,-0.3816,1,144,0.1250,True,0.0000,QUIET,50
barka,2023-01-27,34,1,2.1570,-0.1992,1,144,0.2361,True,0.0294,QUIET,50
barka,2023-01-28,44,2,2.2562,-0.5101,1,144,0.3056,True,0.0455,QUIET,50
barka,2023-01-29,120,5,3.1683,-0.3471,1,144,0.8333,True,0.0417,QUIET,50
barka,2023-01-30,127,24,5.1552,0.0278,1,144,0.8819,True,0.1890,QUIET,50
barka,2023-01-31,133,25,3.8756,0.0886,1,144,0.9236,True,0.1880,QUIET,50
barka,2023-02-01,134,0,1.3300,-0.2181,2,143,0.9371,True,0.0000,QUIET,50
barka,2023-02-02,142,15,3.6434,0.0714,2,143,0.9930,True,0.1056,QUIET,50
barka,2023-02-03,0,0,,,2,143,0.0000,False,,NODATA,50
barka,2023-02-04,142,23,3.8154,0.0680,2,143,0.9930,True,0.1620,QUIET,50
barka,2023-02-05,143,8,3.3555,0.1546,2,143,1.0000,True,0.0559,QUIET,50
barka,2023-02-06,142,0,1.5112,-0.0440,2,143,0.9930,True,0.0000,QUIET,50
barka,2023-02-07,0,0,,,2,143,0.0000,False,,NODATA,50
barka,2023-02-08,142,18,3.5681,0.4144,2,143,0.9930,True,0.1268,QUIET,50
barka,2023-02-09,143,90,4.5803,0.8355,2,143,1.0000,True,0.6294,EXCEED,50
barka,2023-02-10,143,13,3.8524,0.2220,2,143,1.0000,True,0.0909,QUIET,50
barka,2023-02-11,6,3,3.4780,0.9332,2,143,0.0420,False,,NODATA,50
barka,2023-02-12,142,76,4.8975,0.7584,2,143,0.9930,True,0.5352,ALERT,50
barka,2023-02-13,141,66,3.8642,0.6893,2,143,0.9860,True,0.4681,ALERT,50
barka,2023-02-14,121,49,4.2318,0.6718,2,143,0.8462,True,0.4050,ALERT,50
barka,2023-02-15,90,44,4.3708,0.6684,2,143,0.6294,True,0.4889,ALERT,50
barka,2023-02-16,141,77,4.7246,0.7951,2,143,0.9860,True,0.5461,ALERT,50
barka,2023-02-17,143,76,4.6558,0.7691,2,143,1.0000,True,0.5315,ALERT,50
barka,2023-02-18,140,39,4.3672,0.6284,2,143,0.9790,True,0.2786,ALERT,50
barka,2023-02-19,135,6,3.6063,0.3148,2,143,0.9441,True,0.0444,QUIET,50
barka,2023-02-20,141,0,1.1869,-0.1952,2,143,0.9860,True,0.0000,QUIET,50
barka,2023-02-21,143,6,4.5993,-0.0693,2,143,1.0000,True,0.0420,QUIET,50
barka,2023-02-22,71,4,3.4504,0.2654,2,143,0.4965,True,0.0563,QUIET,50
barka,2023-02-23,142,5,2.4154,0.3254,2,143,0.9930,True,0.0352,QUIET,50
barka,2023-02-24,140,7,3.5736,0.4881,2,143,0.9790,True,0.0500,QUIET,50
barka,2023-02-25,124,12,2.6595,0.4210,2,143,0.8671,True,0.0968,QUIET,50
barka,2023-02-26,91,58,8.0880,0.6965,2,143,0.6364,True,0.6374,EXCEED,50
barka,2023-02-27,138,46,3.5035,0.5889,2,143,0.9650,True,0.3333,ALERT,50
barka,2023-02-28,106,30,4.4564,0.4865,2,143,0.7413,True,0.2830,ALERT,50
barka,2023-03-01,55,1,2.9717,0.3334,3,144,0.3819,True,0.0182,QUIET,50
barka,2023-03-02,0,0,,,3,144,0.0000,False,,NODATA,50
barka,2023-03-03,126,5,3.2096,0.1966,3,144,0.8750,True,0.0397,QUIET,50
barka,2023-03-04,136,8,2.8163,0.1218,3,144,0.9444,True,0.0588,QUIET,50
barka,2023-03-05,137,2,2.4363,0.2450,3,144,0.9514,True,0.0146,QUIET,50
barka,2023-03-06,0,0,,,3,144,0.0000,False,,NODATA,50
barka,2023-03-07,143,8,2.8228,0.2849,3,144,0.9931,True,0.0559,QUIET,50
barka,2023-03-08,132,0,1.3595,0.0981,3,144,0.9167,True,0.0000,QUIET,50
barka,2023-03-09,144,5,2.3912,0.4108,3,144,1.0000,True,0.0347,QUIET,50
barka,2023-03-10,0,0,,,3,144,0.0000,False,,NODATA,50
barka,2023-03-11,22,0,1.9725,-0.1507,3,144,0.1528,True,0.0000,QUIET,50
barka,2023-03-12,143,8,3.4766,0.2345,3,144,0.9931,True,0.0559,QUIET,50
barka,2023-03-13,0,0,,,3,144,0.0000,False,,NODATA,50
barka,2023-03-14,1,0,-1.6000,0.6437,3,144,0.0069,False,,NODATA,50
barka,2023-03-15,143,1,3.0957,0.2072,3,144,0.9931,True,0.0070,QUIET,50
barka,2023-03-16,144,2,2.8949,0.2319,3,144,1.0000,True,0.0139,QUIET,50
barka,2023-03-17,142,2,2.3802,0.3019,3,144,0.9861,True,0.0141,QUIET,50
barka,2023-03-18,6,0,0.8182,0.8740,3,144,0.0417,False,,NODATA,50
barka,2023-03-19,114,0,0.6934,0.1329,3,144,0.7917,True,0.0000,QUIET,50
barka,2023-03-20,143,1,2.2202,0.0741,3,144,0.9931,True,0.0070,QUIET,50
barka,2023-03-21,137,3,3.3869,0.0790,3,144,0.9514,True,0.0219,QUIET,50
barka,2023-03-22,67,0,0.1282,-0.3564,3,144,0.4653,True,0.0000,QUIET,50
barka,2023-03-23,143,2,2.0204,0.2043,3,144,0.9931,True,0.0140,QUIET,50
barka,2023-03-24,82,0,1.4993,-0.0694,3,144,0.5694,True,0.0000,QUIET,50
barka,2023-03-25,136,3,2.2691,0.4064,3,144,0.9444,True,0.0221,QUIET,50
barka,2023-03-26,133,4,2.6112,0.2588,3,144,0.9236,True,0.0301,QUIET,50
barka,2023-03-27,0,0,,,3,144,0.0000,False,,NODATA,50
barka,2023-03-28,75,3,2.7041,0.2467,3,144,0.5208,True,0.0400,QUIET,50
barka,2023-03-29,0,0,,,3,144,0.0000,False,,NODATA,50
barka,2023-03-30,143,6,3.3979,0.4069,3,144,0.9931,True,0.0420,QUIET,50
barka,2023-03-31,144,0,1.8460,0.2142,3,144,1.0000,True,0.0000,QUIET,50
barka,2023-04-01,136,13,3.3927,0.2548,4,144,0.9444,True,0.0956,QUIET,50
barka,2023-04-02,0,0,,,4,144,0.0000,False,,NODATA,50
barka,2023-04-03,143,0,1.3611,-0.0555,4,144,0.9931,True,0.0000,QUIET,50
barka,2023-04-04,143,16,2.7856,0.2595,4,144,0.9931,True,0.1119,QUIET,50
barka,2023-04-05,144,22,5.3649,0.3022,4,144,1.0000,True,0.1528,QUIET,50
barka,2023-04-06,0,0,,,4,144,0.0000,False,,NODATA,50
barka,2023-04-07,138,19,6.1619,0.2148,4,144,0.9583,True,0.1377,QUIET,50
barka,2023-04-08,60,9,3.7192,0.1919,4,144,0.4167,True,0.1500,QUIET,50
barka,2023-04-09,2,0,0.3073,0.6486,4,144,0.0139,False,,NODATA,50
barka,2023-04-10,0,0,,,4,144,0.0000,False,,NODATA,50
barka,2023-04-11,124,27,3.2096,0.2280,4,144,0.8611,True,0.2177,EXCEED,50
barka,2023-04-12,25,13,3.7224,0.7034,4,144,0.1736,True,0.5200,ALERT,50
barka,2023-04-13,140,1,2.1154,-0.3692,4,144,0.9722,True,0.0071,QUIET,50
barka,2023-04-14,0,0,,,4,144,0.0000,False,,NODATA,50
barka,2023-04-15,144,1,4.8227,0.2156,4,144,1.0000,True,0.0069,QUIET,50
barka,2023-04-16,144,2,3.8660,0.0546,4,144,1.0000,True,0.0139,QUIET,50
barka,2023-04-17,143,0,1.7848,0.0529,4,144,0.9931,True,0.0000,QUIET,50
barka,2023-04-18,0,0,,,4,144,0.0000,False,,NODATA,50
barka,2023-04-19,136,0,1.4534,0.0385,4,144,0.9444,True,0.0000,QUIET,50
barka,2023-04-20,144,2,3.1689,-0.0637,4,144,1.0000,True,0.0139,QUIET,50
barka,2023-04-21,41,0,0.8250,-0.1518,4,144,0.2847,True,0.0000,QUIET,50
barka,2023-04-22,8,1,2.1350,0.8228,4,144,0.0556,False,,NODATA,50
barka,2023-04-23,137,3,2.6836,-0.0109,4,144,0.9514,True,0.0219,QUIET,50
barka,2023-04-24,105,1,3.6610,0.0717,4,144,0.7292,True,0.0095,QUIET,50
barka,2023-04-25,0,0,,,4,144,0.0000,False,,NODATA,50
barka,2023-04-26,142,2,5.4924,0.0187,4,144,0.9861,True,0.0141,QUIET,50
barka,2023-04-27,142,0,1.5997,0.0639,4,144,0.9861,True,0.0000,QUIET,50
barka,2023-04-28,143,4,2.6520,0.1598,4,144,0.9931,True,0.0280,QUIET,50
barka,2023-04-29,0,0,,,4,144,0.0000,False,,NODATA,50
barka,2023-04-30,0,0,,,4,144,0.0000,False,,NODATA,50
barka,2023-05-01,0,0,,,5,144,0.0000,False,,NODATA,50
barka,2023-05-02,143,40,3.8964,-0.0635,5,144,0.9931,True,0.2797,EXCEED,50
barka,2023-05-03,0,0,,,5,144,0.0000,False,,NODATA,50
barka,2023-05-04,144,1,2.0774,-0.2354,5,144,1.0000,True,0.0069,QUIET,50
barka,2023-05-05,69,1,2.1895,-0.2827,5,144,0.4792,True,0.0145,QUIET,50
barka,2023-05-06,135,8,2.7484,-0.2645,5,144,0.9375,True,0.0593,QUIET,50
barka,2023-05-07,0,0,,,5,144,0.0000,False,,NODATA,50
barka,2023-05-08,0,0,,,5,144,0.0000,False,,NODATA,50
barka,2023-05-09,0,0,,,5,144,0.0000,False,,NODATA,50
barka,2023-05-10,143,0,1.7281,-0.2750,5,144,0.9931,True,0.0000,QUIET,50
barka,2023-05-11,0,0,,,5,144,0.0000,False,,NODATA,50
barka,2023-05-12,144,1,2.1126,-0.3372,5,144,1.0000,True,0.0069,QUIET,50
barka,2023-05-13,126,0,1.3802,-0.4160,5,144,0.8750,True,0.0000,QUIET,50
barka,2023-05-14,144,0,1.9234,-0.3653,5,144,1.0000,True,0.0000,QUIET,50
barka,2023-05-15,0,0,,,5,144,0.0000,False,,NODATA,50
barka,2023-05-16,143,0,1.3157,-0.3821,5,144,0.9931,True,0.0000,QUIET,50
barka,2023-05-17,143,0,0.9461,-0.3906,5,144,0.9931,True,0.0000,QUIET,50
barka,2023-05-18,132,0,0.9461,-0.3974,5,144,0.9167,True,0.0000,QUIET,50
barka,2023-05-19,7,0,1.8469,0.7690,5,144,0.0486,False,,NODATA,50
barka,2023-05-20,143,0,1.5535,-0.2942,5,144,0.9931,True,0.0000,QUIET,50
barka,2023-05-21,30,0,1.3136,-0.6617,5,144,0.2083,True,0.0000,QUIET,50
barka,2023-05-22,0,0,,,5,144,0.0000,False,,NODATA,50
barka,2023-05-23,143,2,2.5595,-0.3897,5,144,0.9931,True,0.0140,QUIET,50
barka,2023-05-24,0,0,,,5,144,0.0000,False,,NODATA,50
barka,2023-05-25,142,0,1.5983,-0.4039,5,144,0.9861,True,0.0000,QUIET,50
barka,2023-05-26,0,0,,,5,144,0.0000,False,,NODATA,50
barka,2023-05-27,0,0,,,5,144,0.0000,False,,NODATA,50
barka,2023-05-28,136,2,3.1969,-0.4727,5,144,0.9444,True,0.0147,QUIET,50
barka,2023-05-29,142,11,3.2064,-0.3395,5,144,0.9861,True,0.0775,QUIET,50
barka,2023-05-30,0,0,,,5,144,0.0000,False,,NODATA,50
barka,2023-05-31,143,29,3.9439,-0.1258,5,144,0.9931,True,0.2028,QUIET,50
barka,2023-06-01,68,9,2.5664,-0.1429,6,144,0.4722,True,0.1324,QUIET,50
barka,2023-06-02,142,4,2.9239,-0.3613,6,144,0.9861,True,0.0282,QUIET,50
barka,2023-06-03,0,0,,,6,144,0.0000,False,,NODATA,50
barka,2023-06-04,144,0,1.4769,-0.4171,6,144,1.0000,True,0.0000,QUIET,50
barka,2023-06-05,75,1,2.2248,-0.5605,6,144,0.5208,True,0.0133,QUIET,50
barka,2023-06-06,144,0,0.8104,-0.5760,6,144,1.0000,True,0.0000,QUIET,50
barka,2023-06-07,0,0,,,6,144,0.0000,False,,NODATA,50
barka,2023-06-08,144,0,1.4049,-0.6016,6,144,1.0000,True,0.0000,QUIET,50
barka,2023-06-09,144,0,1.2197,-0.6236,6,144,1.0000,True,0.0000,QUIET,50
barka,2023-06-10,133,0,1.2348,-0.5266,6,144,0.9236,True,0.0000,QUIET,50
barka,2023-06-11,0,0,,,6,144,0.0000,False,,NODATA,50
barka,2023-06-12,113,0,-0.2448,-0.7673,6,144,0.7847,True,0.0000,QUIET,50
barka,2023-06-13,142,1,2.2009,-0.5884,6,144,0.9861,True,0.0070,QUIET,50
barka,2023-06-14,61,0,0.5900,-0.6672,6,144,0.4236,True,0.0000,QUIET,50
barka,2023-06-15,12,1,2.0314,0.7415,6,144,0.0833,False,,NODATA,50
barka,2023-06-16,0,0,,,6,144,0.0000,False,,NODATA,50
barka,2023-06-17,132,1,2.3234,-0.6292,6,144,0.9167,True,0.0076,QUIET,50
barka,2023-06-18,0,0,,,6,144,0.0000,False,,NODATA,50
barka,2023-06-19,141,4,2.6614,-0.4438,6,144,0.9792,True,0.0284,QUIET,50
barka,2023-06-20,141,0,1.5386,-0.4262,6,144,0.9792,True,0.0000,QUIET,50
barka,2023-06-21,121,0,1.6331,-0.3852,6,144,0.8403,True,0.0000,QUIET,50
barka,2023-06-22,0,0,,,6,144,0.0000,False,,NODATA,50
barka,2023-06-23,142,0,1.2818,-0.3382,6,144,0.9861,True,0.0000,QUIET,50
barka,2023-06-24,0,0,,,6,144,0.0000,False,,NODATA,50
barka,2023-06-25,0,0,,,6,144,0.0000,False,,NODATA,50
barka,2023-06-26,0,0,,,6,144,0.0000,False,,NODATA,50
barka,2023-06-27,73,0,-1.8451,-0.9430,6,144,0.5069,True,0.0000,QUIET,50
barka,2023-06-28,0,0,,,6,144,0.0000,False,,NODATA,50
barka,2023-06-29,8,0,-1.0845,-0.6705,6,144,0.0556,False,,NODATA,50
barka,2023-06-30,0,0,,,6,144,0.0000,False,,NODATA,50
barka,2023-07-01,141,16,4.9181,-0.0795,7,142,0.9930,True,0.1135,QUIET,50
barka,2023-07-02,135,10,4.4963,-0.3872,7,142,0.9507,True,0.0741,QUIET,50
barka,2023-07-03,1,0,-1.3724,-0.5884,7,142,0.0070,False,,NODATA,50
barka,2023-07-04,0,0,,,7,142,0.0000,False,,NODATA,50
barka,2023-07-05,0,0,,,7,142,0.0000,False,,NODATA,50
barka,2023-07-06,108,0,0.1836,-0.6129,7,142,0.7606,True,0.0000,QUIET,50
barka,2023-07-07,0,0,,,7,142,0.0000,False,,NODATA,50
barka,2023-07-08,0,0,,,7,142,0.0000,False,,NODATA,50
barka,2023-07-09,1,0,1.5244,0.8000,7,142,0.0070,False,,NODATA,50
barka,2023-07-10,59,0,0.9071,-0.9730,7,142,0.4155,True,0.0000,QUIET,50
barka,2023-07-11,0,0,,,7,142,0.0000,False,,NODATA,50
barka,2023-07-12,77,0,0.8623,-0.8251,7,142,0.5423,True,0.0000,QUIET,50
barka,2023-07-13,0,0,,,7,142,0.0000,False,,NODATA,50
barka,2023-07-14,0,0,,,7,142,0.0000,False,,NODATA,50
barka,2023-07-15,0,0,,,7,142,0.0000,False,,NODATA,50
barka,2023-07-16,0,0,,,7,142,0.0000,False,,NODATA,50
barka,2023-07-17,0,0,,,7,142,0.0000,False,,NODATA,50
barka,2023-07-18,0,0,,,7,142,0.0000,False,,NODATA,50
barka,2023-07-19,0,0,,,7,142,0.0000,False,,NODATA,50
barka,2023-07-20,37,0,-2.1191,-0.6693,7,142,0.2606,True,0.0000,QUIET,50
barka,2023-07-21,0,0,,,7,142,0.0000,False,,NODATA,50
barka,2023-07-22,0,0,,,7,142,0.0000,False,,NODATA,50
barka,2023-07-23,0,0,,,7,142,0.0000,False,,NODATA,50
barka,2023-07-24,53,2,2.2681,-0.5371,7,142,0.3732,True,0.0377,QUIET,50
barka,2023-07-25,0,0,,,7,142,0.0000,False,,NODATA,50
barka,2023-07-26,107,9,4.6464,-0.2769,7,142,0.7535,True,0.0841,QUIET,50
barka,2023-07-27,0,0,,,7,142,0.0000,False,,NODATA,50
barka,2023-07-28,72,0,-0.1068,-0.3905,7,142,0.5070,True,0.0000,QUIET,50
barka,2023-07-29,0,0,,,7,142,0.0000,False,,NODATA,50
barka,2023-07-30,0,0,,,7,142,0.0000,False,,NODATA,50
barka,2023-07-31,0,0,,,7,142,0.0000,False,,NODATA,50
barka,2023-08-01,106,16,5.1005,-0.2060,8,142,0.7465,True,0.1509,QUIET,50
barka,2023-08-02,0,0,,,8,142,0.0000,False,,NODATA,50
barka,2023-08-03,0,0,,,8,142,0.0000,False,,NODATA,50
barka,2023-08-04,0,0,,,8,142,0.0000,False,,NODATA,50
barka,2023-08-05,0,0,,,8,142,0.0000,False,,NODATA,50
barka,2023-08-06,0,0,,,8,142,0.0000,False,,NODATA,50
barka,2023-08-07,0,0,,,8,142,0.0000,False,,NODATA,50
barka,2023-08-08,0,0,,,8,142,0.0000,False,,NODATA,50
barka,2023-08-09,0,0,,,8,142,0.0000,False,,NODATA,50
barka,2023-08-10,0,0,,,8,142,0.0000,False,,NODATA,50
barka,2023-08-11,0,0,,,8,142,0.0000,False,,NODATA,50
barka,2023-08-12,0,0,,,8,142,0.0000,False,,NODATA,50
barka,2023-08-13,0,0,,,8,142,0.0000,False,,NODATA,50
barka,2023-08-14,0,0,,,8,142,0.0000,False,,NODATA,50
barka,2023-08-15,0,0,,,8,142,0.0000,False,,NODATA,50
barka,2023-08-16,0,0,,,8,142,0.0000,False,,NODATA,50
barka,2023-08-17,0,0,,,8,142,0.0000,False,,NODATA,50
barka,2023-08-18,140,0,-0.1988,-0.4787,8,142,0.9859,True,0.0000,QUIET,50
barka,2023-08-19,0,0,,,8,142,0.0000,False,,NODATA,50
barka,2023-08-20,142,2,2.4516,-0.1046,8,142,1.0000,True,0.0141,QUIET,50
barka,2023-08-21,0,0,,,8,142,0.0000,False,,NODATA,50
barka,2023-08-22,142,2,2.3243,-0.1561,8,142,1.0000,True,0.0141,QUIET,50
barka,2023-08-23,0,0,,,8,142,0.0000,False,,NODATA,50
barka,2023-08-24,139,0,1.9568,-0.3576,8,142,0.9789,True,0.0000,QUIET,50
barka,2023-08-25,139,0,1.9327,-0.4196,8,142,0.9789,True,0.0000,QUIET,50
barka,2023-08-26,112,0,1.8602,-0.4737,8,142,0.7887,True,0.0000,QUIET,50
barka,2023-08-27,0,0,,,8,142,0.0000,False,,NODATA,50
barka,2023-08-28,138,5,2.9467,-0.1741,8,142,0.9718,True,0.0362,QUIET,50
barka,2023-08-29,0,0,,,8,142,0.0000,False,,NODATA,50
barka,2023-08-30,0,0,,,8,142,0.0000,False,,NODATA,50
barka,2023-08-31,2,0,0.6007,0.7178,8,142,0.0141,False,,NODATA,50
barka,2023-09-01,89,9,2.7070,-0.2185,9,144,0.6181,True,0.1011,QUIET,50
barka,2023-09-02,97,0,1.7852,-0.3819,9,144,0.6736,True,0.0000,QUIET,50
barka,2023-09-03,0,0,,,9,144,0.0000,False,,NODATA,50
barka,2023-09-04,108,0,1.2659,-0.3507,9,144,0.7500,True,0.0000,QUIET,50
barka,2023-09-05,140,1,2.0009,-0.1838,9,144,0.9722,True,0.0071,QUIET,50
barka,2023-09-06,143,0,1.6204,-0.2763,9,144,0.9931,True,0.0000,QUIET,50
barka,2023-09-07,0,0,,,9,144,0.0000,False,,NODATA,50
barka,2023-09-08,137,1,2.2925,-0.2061,9,144,0.9514,True,0.0073,QUIET,50
barka,2023-09-09,0,0,,,9,144,0.0000,False,,NODATA,50
barka,2023-09-10,144,0,1.6075,-0.2260,9,144,1.0000,True,0.0000,QUIET,50
barka,2023-09-11,0,0,,,9,144,0.0000,False,,NODATA,50
barka,2023-09-12,0,0,,,9,144,0.0000,False,,NODATA,50
barka,2023-09-13,0,0,,,9,144,0.0000,False,,NODATA,50
barka,2023-09-14,0,0,,,9,144,0.0000,False,,NODATA,50
barka,2023-09-15,0,0,,,9,144,0.0000,False,,NODATA,50
barka,2023-09-16,93,25,4.6345,0.0788,9,144,0.6458,True,0.2688,EXCEED,50
barka,2023-09-17,0,0,,,9,144,0.0000,False,,NODATA,50
barka,2023-09-18,0,0,,,9,144,0.0000,False,,NODATA,50
barka,2023-09-19,0,0,,,9,144,0.0000,False,,NODATA,50
barka,2023-09-20,0,0,,,9,144,0.0000,False,,NODATA,50
barka,2023-09-21,142,16,3.6296,-0.2088,9,144,0.9861,True,0.1127,QUIET,50
barka,2023-09-22,20,1,2.7087,-0.4244,9,144,0.1389,True,0.0500,QUIET,50
barka,2023-09-23,0,0,,,9,144,0.0000,False,,NODATA,50
barka,2023-09-24,131,0,-0.2307,-0.5830,9,144,0.9097,True,0.0000,QUIET,50
barka,2023-09-25,143,11,5.3673,-0.1849,9,144,0.9931,True,0.0769,QUIET,50
barka,2023-09-26,125,17,4.2256,-0.1620,9,144,0.8681,True,0.1360,QUIET,50
barka,2023-09-27,122,8,2.7276,-0.2111,9,144,0.8472,True,0.0656,QUIET,50
barka,2023-09-28,0,0,,,9,144,0.0000,False,,NODATA,50
barka,2023-09-29,143,0,1.3830,-0.4064,9,144,0.9931,True,0.0000,QUIET,50
barka,2023-09-30,119,0,0.6045,-0.6853,9,144,0.8264,True,0.0000,QUIET,50
barka,2023-10-01,0,0,,,10,145,0.0000,False,,NODATA,50
barka,2023-10-02,142,0,0.2580,-0.6043,10,145,0.9793,True,0.0000,QUIET,50
barka,2023-10-03,144,0,1.5102,-0.5336,10,145,0.9931,True,0.0000,QUIET,50
barka,2023-10-04,0,0,,,10,145,0.0000,False,,NODATA,50
barka,2023-10-05,143,0,1.3487,-0.4468,10,145,0.9862,True,0.0000,QUIET,50
barka,2023-10-06,142,0,1.0135,-0.4538,10,145,0.9793,True,0.0000,QUIET,50
barka,2023-10-07,85,0,0.7054,-0.4858,10,145,0.5862,True,0.0000,QUIET,50
barka,2023-10-08,0,0,,,10,145,0.0000,False,,NODATA,50
barka,2023-10-09,143,0,1.7089,-0.3718,10,145,0.9862,True,0.0000,QUIET,50
barka,2023-10-10,143,1,2.0774,-0.4719,10,145,0.9862,True,0.0070,QUIET,50
barka,2023-10-11,144,0,1.3233,-0.5045,10,145,0.9931,True,0.0000,QUIET,50
barka,2023-10-12,1,0,1.0553,0.7428,10,145,0.0069,False,,NODATA,50
barka,2023-10-13,144,0,1.6892,-0.4229,10,145,0.9931,True,0.0000,QUIET,50
barka,2023-10-14,33,0,1.2688,-0.0926,10,145,0.2276,True,0.0000,QUIET,50
barka,2023-10-15,0,0,,,10,145,0.0000,False,,NODATA,50
barka,2023-10-16,99,2,2.3686,-0.3089,10,145,0.6828,True,0.0202,QUIET,50
barka,2023-10-17,143,5,2.6189,-0.2794,10,145,0.9862,True,0.0350,QUIET,50
barka,2023-10-18,0,0,,,10,145,0.0000,False,,NODATA,50
barka,2023-10-19,0,0,,,10,145,0.0000,False,,NODATA,50
barka,2023-10-20,0,0,,,10,145,0.0000,False,,NODATA,50
barka,2023-10-21,0,0,,,10,145,0.0000,False,,NODATA,50
barka,2023-10-22,0,0,,,10,145,0.0000,False,,NODATA,50
barka,2023-10-23,0,0,,,10,145,0.0000,False,,NODATA,50
barka,2023-10-24,71,0,1.1664,-0.6699,10,145,0.4897,True,0.0000,QUIET,50
barka,2023-10-25,45,0,1.3638,-0.4029,10,145,0.3103,True,0.0000,QUIET,50
barka,2023-10-26,50,0,0.3415,-0.4619,10,145,0.3448,True,0.0000,QUIET,50
barka,2023-10-27,11,0,-0.9328,-0.5934,10,145,0.0759,False,,NODATA,50
barka,2023-10-28,144,0,1.7767,-0.4365,10,145,0.9931,True,0.0000,QUIET,50
barka,2023-10-29,144,0,0.2167,-0.5214,10,145,0.9931,True,0.0000,QUIET,50
barka,2023-10-30,144,0,0.1709,-0.5391,10,145,0.9931,True,0.0000,QUIET,50
barka,2023-10-31,0,0,,,10,145,0.0000,False,,NODATA,50
barka,2023-11-01,144,0,1.2621,-0.4177,11,144,1.0000,True,0.0000,QUIET,50
barka,2023-11-02,144,0,1.5648,-0.4033,11,144,1.0000,True,0.0000,QUIET,50
barka,2023-11-03,141,2,2.3822,-0.4206,11,144,0.9792,True,0.0142,QUIET,50
barka,2023-11-04,0,0,,,11,144,0.0000,False,,NODATA,50
barka,2023-11-05,143,1,2.2483,-0.5097,11,144,0.9931,True,0.0070,QUIET,50
barka,2023-11-06,143,1,2.9857,-0.5327,11,144,0.9931,True,0.0070,QUIET,50
barka,2023-11-07,144,0,0.7524,-0.5676,11,144,1.0000,True,0.0000,QUIET,50
alraha,2018-01-01,0,0,,,1,114,0.0000,False,,NODATA,50
alraha,2018-01-02,0,0,,,1,114,0.0000,False,,NODATA,50
alraha,2018-01-03,52,0,-0.7023,-0.0126,1,114,0.4561,True,0.0000,QUIET,50
alraha,2018-01-04,0,0,,,1,114,0.0000,False,,NODATA,50
alraha,2018-01-05,0,0,,,1,114,0.0000,False,,NODATA,50
alraha,2018-01-06,85,0,1.2136,0.1958,1,114,0.7456,True,0.0000,QUIET,50
alraha,2018-01-07,109,2,2.7258,0.3973,1,114,0.9561,True,0.0183,QUIET,50
alraha,2018-01-08,0,0,,,1,114,0.0000,False,,NODATA,50
alraha,2018-01-09,0,0,,,1,114,0.0000,False,,NODATA,50
alraha,2018-01-10,95,3,2.3989,0.4193,1,114,0.8333,True,0.0316,QUIET,50
alraha,2018-01-11,112,1,3.2857,0.2853,1,114,0.9825,True,0.0089,QUIET,50
alraha,2018-01-12,0,0,,,1,114,0.0000,False,,NODATA,50
alraha,2018-01-13,0,0,,,1,114,0.0000,False,,NODATA,50
alraha,2018-01-14,105,0,1.0401,0.1874,1,114,0.9211,True,0.0000,QUIET,50
alraha,2018-01-15,0,0,,,1,114,0.0000,False,,NODATA,50
alraha,2018-01-16,0,0,,,1,114,0.0000,False,,NODATA,50
alraha,2018-01-17,0,0,,,1,114,0.0000,False,,NODATA,50
alraha,2018-01-18,85,0,1.9085,0.1440,1,114,0.7456,True,0.0000,QUIET,50
alraha,2018-01-19,84,0,1.9697,0.0611,1,114,0.7368,True,0.0000,QUIET,50
alraha,2018-01-20,0,0,,,1,114,0.0000,False,,NODATA,50
alraha,2018-01-21,0,0,,,1,114,0.0000,False,,NODATA,50
alraha,2018-01-22,25,0,1.3383,0.4512,1,114,0.2193,True,0.0000,QUIET,50
alraha,2018-01-23,79,2,2.4595,0.3631,1,114,0.6930,True,0.0253,QUIET,50
alraha,2018-01-24,0,0,,,1,114,0.0000,False,,NODATA,50
alraha,2018-01-25,0,0,,,1,114,0.0000,False,,NODATA,50
alraha,2018-01-26,2,0,0.0960,0.5561,1,114,0.0175,False,,NODATA,50
alraha,2018-01-27,11,6,3.0963,0.9300,1,114,0.0965,False,,NODATA,50
alraha,2018-01-28,0,0,,,1,114,0.0000,False,,NODATA,50
alraha,2018-01-29,0,0,,,1,114,0.0000,False,,NODATA,50
alraha,2018-01-30,96,0,1.3055,0.3467,1,114,0.8421,True,0.0000,QUIET,50
alraha,2018-01-31,37,1,2.0594,0.4576,1,114,0.3246,True,0.0270,QUIET,50
alraha,2018-02-01,0,0,,,2,109,0.0000,False,,NODATA,50
alraha,2018-02-02,57,0,0.9927,0.2438,2,109,0.5229,True,0.0000,QUIET,50
alraha,2018-02-03,101,1,2.0138,0.2719,2,109,0.9266,True,0.0099,QUIET,50
alraha,2018-02-04,0,0,,,2,109,0.0000,False,,NODATA,50
alraha,2018-02-05,0,0,,,2,109,0.0000,False,,NODATA,50
alraha,2018-02-06,88,0,1.2856,0.2313,2,109,0.8073,True,0.0000,QUIET,50
alraha,2018-02-07,7,1,2.7454,0.0544,2,109,0.0642,False,,NODATA,50
alraha,2018-02-08,0,0,,,2,109,0.0000,False,,NODATA,50
alraha,2018-02-09,0,0,,,2,109,0.0000,False,,NODATA,50
alraha,2018-02-10,105,0,1.4402,0.1196,2,109,0.9633,True,0.0000,QUIET,50
alraha,2018-02-11,56,1,2.9239,-0.1553,2,109,0.5138,True,0.0179,QUIET,50
alraha,2018-02-12,0,0,,,2,109,0.0000,False,,NODATA,50
alraha,2018-02-13,0,0,,,2,109,0.0000,False,,NODATA,50
alraha,2018-02-14,53,0,1.0197,-0.0039,2,109,0.4862,True,0.0000,QUIET,50
alraha,2018-02-15,51,8,4.3948,0.6872,2,109,0.4679,True,0.1569,EXCEED,50
alraha,2018-02-16,0,0,,,2,109,0.0000,False,,NODATA,50
alraha,2018-02-17,0,0,,,2,109,0.0000,False,,NODATA,50
alraha,2018-02-18,97,3,2.5143,0.1649,2,109,0.8899,True,0.0309,QUIET,50
alraha,2018-02-19,66,8,3.8552,0.3409,2,109,0.6055,True,0.1212,QUIET,50
alraha,2018-02-20,0,0,,,2,109,0.0000,False,,NODATA,50
alraha,2018-02-21,0,0,,,2,109,0.0000,False,,NODATA,50
alraha,2018-02-22,92,5,3.0769,0.3675,2,109,0.8440,True,0.0543,QUIET,50
alraha,2018-02-23,25,10,5.4501,0.8089,2,109,0.2294,True,0.4000,EXCEED,50
alraha,2018-02-24,0,0,,,2,109,0.0000,False,,NODATA,50
alraha,2018-02-25,0,0,,,2,109,0.0000,False,,NODATA,50
alraha,2018-02-26,91,0,1.3525,0.1232,2,109,0.8349,True,0.0000,QUIET,50
alraha,2018-02-27,0,0,,,2,109,0.0000,False,,NODATA,50
alraha,2018-02-28,0,0,,,2,109,0.0000,False,,NODATA,50
alraha,2018-03-01,0,0,,,3,110,0.0000,False,,NODATA,50
alraha,2018-03-02,0,0,,,3,110,0.0000,False,,NODATA,50
alraha,2018-03-03,0,0,,,3,110,0.0000,False,,NODATA,50
alraha,2018-03-04,0,0,,,3,110,0.0000,False,,NODATA,50
alraha,2018-03-05,4,1,3.0490,0.8102,3,110,0.0364,False,,NODATA,50
alraha,2018-03-06,102,1,2.5701,0.2388,3,110,0.9273,True,0.0098,QUIET,50
alraha,2018-03-07,0,0,,,3,110,0.0000,False,,NODATA,50
alraha,2018-03-08,0,0,,,3,110,0.0000,False,,NODATA,50
alraha,2018-03-09,20,2,3.0838,0.8205,3,110,0.1818,True,0.1000,QUIET,50
alraha,2018-03-10,99,0,1.8471,0.2126,3,110,0.9000,True,0.0000,QUIET,50
alraha,2018-03-11,0,0,,,3,110,0.0000,False,,NODATA,50
alraha,2018-03-12,0,0,,,3,110,0.0000,False,,NODATA,50
alraha,2018-03-13,105,6,2.7403,0.3075,3,110,0.9545,True,0.0571,QUIET,50
alraha,2018-03-14,99,1,2.1973,0.0464,3,110,0.9000,True,0.0101,QUIET,50
alraha,2018-03-15,0,0,,,3,110,0.0000,False,,NODATA,50
alraha,2018-03-16,0,0,,,3,110,0.0000,False,,NODATA,50
alraha,2018-03-17,4,0,-0.4841,-0.3055,3,110,0.0364,False,,NODATA,50
alraha,2018-03-18,60,3,2.4070,0.4714,3,110,0.5455,True,0.0500,QUIET,50
alraha,2018-03-19,0,0,,,3,110,0.0000,False,,NODATA,50
alraha,2018-03-20,0,0,,,3,110,0.0000,False,,NODATA,50
alraha,2018-03-21,81,1,2.0048,0.2078,3,110,0.7364,True,0.0123,QUIET,50
alraha,2018-03-22,74,0,1.1481,0.1521,3,110,0.6727,True,0.0000,QUIET,50
alraha,2018-03-23,0,0,,,3,110,0.0000,False,,NODATA,50
alraha,2018-03-24,0,0,,,3,110,0.0000,False,,NODATA,50
alraha,2018-03-25,106,4,4.1226,0.2759,3,110,0.9636,True,0.0377,QUIET,50
alraha,2018-03-26,86,7,3.7941,0.2150,3,110,0.7818,True,0.0814,QUIET,50
alraha,2018-03-27,0,0,,,3,110,0.0000,False,,NODATA,50
alraha,2018-03-28,0,0,,,3,110,0.0000,False,,NODATA,50
alraha,2018-03-29,90,1,2.0679,0.3069,3,110,0.8182,True,0.0111,QUIET,50
alraha,2018-03-30,0,0,,,3,110,0.0000,False,,NODATA,50
alraha,2018-03-31,0,0,,,3,110,0.0000,False,,NODATA,50
alraha,2018-04-01,0,0,,,4,111,0.0000,False,,NODATA,50
alraha,2018-04-02,25,0,1.2548,0.7650,4,111,0.2252,True,0.0000,QUIET,50
alraha,2018-04-03,0,0,,,4,111,0.0000,False,,NODATA,50
alraha,2018-04-04,0,0,,,4,111,0.0000,False,,NODATA,50
alraha,2018-04-05,0,0,,,4,111,0.0000,False,,NODATA,50
alraha,2018-04-06,61,3,2.7405,0.7314,4,111,0.5495,True,0.0492,QUIET,50
alraha,2018-04-07,0,0,,,4,111,0.0000,False,,NODATA,50
alraha,2018-04-08,0,0,,,4,111,0.0000,False,,NODATA,50
alraha,2018-04-09,4,0,-0.7201,0.3181,4,111,0.0360,False,,NODATA,50
alraha,2018-04-10,108,0,1.8580,0.3772,4,111,0.9730,True,0.0000,QUIET,50
alraha,2018-04-11,0,0,,,4,111,0.0000,False,,NODATA,50
alraha,2018-04-12,0,0,,,4,111,0.0000,False,,NODATA,50
alraha,2018-04-13,49,20,4.7983,0.4832,4,111,0.4414,True,0.4082,EXCEED,50
alraha,2018-04-14,12,0,-0.9614,0.7749,4,111,0.1081,True,0.0000,QUIET,50
alraha,2018-04-15,0,0,,,4,111,0.0000,False,,NODATA,50
alraha,2018-04-16,0,0,,,4,111,0.0000,False,,NODATA,50
alraha,2018-04-17,0,0,,,4,111,0.0000,False,,NODATA,50
alraha,2018-04-18,49,0,1.8874,0.7788,4,111,0.4414,True,0.0000,QUIET,50
alraha,2018-04-19,0,0,,,4,111,0.0000,False,,NODATA,50
alraha,2018-04-20,0,0,,,4,111,0.0000,False,,NODATA,50
alraha,2018-04-21,65,1,2.3285,0.4666,4,111,0.5856,True,0.0154,QUIET,50
alraha,2018-04-22,0,0,,,4,111,0.0000,False,,NODATA,50
alraha,2018-04-23,0,0,,,4,111,0.0000,False,,NODATA,50
alraha,2018-04-24,0,0,,,4,111,0.0000,False,,NODATA,50
alraha,2018-04-25,55,0,1.7912,0.7113,4,111,0.4955,True,0.0000,QUIET,50
alraha,2018-04-26,0,0,,,4,111,0.0000,False,,NODATA,50
alraha,2018-04-27,0,0,,,4,111,0.0000,False,,NODATA,50
alraha,2018-04-28,0,0,,,4,111,0.0000,False,,NODATA,50
alraha,2018-04-29,95,1,3.9147,0.3051,4,111,0.8559,True,0.0105,QUIET,50
alraha,2018-04-30,0,0,,,4,111,0.0000,False,,NODATA,50
alraha,2018-05-01,0,0,,,5,114,0.0000,False,,NODATA,50
alraha,2018-05-02,0,0,,,5,114,0.0000,False,,NODATA,50
alraha,2018-05-03,30,0,1.2581,0.3604,5,114,0.2632,True,0.0000,QUIET,50
alraha,2018-05-04,0,0,,,5,114,0.0000,False,,NODATA,50
alraha,2018-05-05,0,0,,,5,114,0.0000,False,,NODATA,50
alraha,2018-05-06,0,0,,,5,114,0.0000,False,,NODATA,50
alraha,2018-05-07,105,1,2.5328,0.3540,5,114,0.9211,True,0.0095,QUIET,50
alraha,2018-05-08,0,0,,,5,114,0.0000,False,,NODATA,50
alraha,2018-05-09,0,0,,,5,114,0.0000,False,,NODATA,50
alraha,2018-05-10,7,1,2.1208,0.4449,5,114,0.0614,False,,NODATA,50
alraha,2018-05-11,28,0,0.7566,0.7750,5,114,0.2456,True,0.0000,QUIET,50
alraha,2018-05-12,0,0,,,5,114,0.0000,False,,NODATA,50
alraha,2018-05-13,0,0,,,5,114,0.0000,False,,NODATA,50
alraha,2018-05-14,23,0,1.2568,0.6965,5,114,0.2018,True,0.0000,QUIET,50
alraha,2018-05-15,17,0,1.2259,0.8624,5,114,0.1491,True,0.0000,QUIET,50
alraha,2018-05-16,0,0,,,5,114,0.0000,False,,NODATA,50
alraha,2018-05-17,0,0,,,5,114,0.0000,False,,NODATA,50
alraha,2018-05-18,55,0,1.0527,-0.0455,5,114,0.4825,True,0.0000,QUIET,50
alraha,2018-05-19,98,26,3.5442,0.5140,5,114,0.8596,True,0.2653,EXCEED,50
alraha,2018-05-20,0,0,,,5,114,0.0000,False,,NODATA,50
alraha,2018-05-21,0,0,,,5,114,0.0000,False,,NODATA,50
alraha,2018-05-22,90,11,3.2935,0.5963,5,114,0.7895,True,0.1222,QUIET,50
alraha,2018-05-23,0,0,,,5,114,0.0000,False,,NODATA,50
alraha,2018-05-24,0,0,,,5,114,0.0000,False,,NODATA,50
alraha,2018-05-25,0,0,,,5,114,0.0000,False,,NODATA,50
alraha,2018-05-26,0,0,,,5,114,0.0000,False,,NODATA,50
alraha,2018-05-27,0,0,,,5,114,0.0000,False,,NODATA,50
alraha,2018-05-28,0,0,,,5,114,0.0000,False,,NODATA,50
alraha,2018-05-29,0,0,,,5,114,0.0000,False,,NODATA,50
alraha,2018-05-30,88,1,2.6106,0.4881,5,114,0.7719,True,0.0114,QUIET,50
alraha,2018-05-31,0,0,,,5,114,0.0000,False,,NODATA,50
alraha,2018-06-01,0,0,,,6,113,0.0000,False,,NODATA,50
alraha,2018-06-02,0,0,,,6,113,0.0000,False,,NODATA,50
alraha,2018-06-03,98,0,1.9861,0.5109,6,113,0.8673,True,0.0000,QUIET,50
alraha,2018-06-04,0,0,,,6,113,0.0000,False,,NODATA,50
alraha,2018-06-05,0,0,,,6,113,0.0000,False,,NODATA,50
alraha,2018-06-06,1,0,1.1861,0.7454,6,113,0.0088,False,,NODATA,50
alraha,2018-06-07,18,2,2.6528,0.7943,6,113,0.1593,True,0.1111,QUIET,50
alraha,2018-06-08,0,0,,,6,113,0.0000,False,,NODATA,50
alraha,2018-06-09,0,0,,,6,113,0.0000,False,,NODATA,50
alraha,2018-06-10,100,1,2.2652,0.4686,6,113,0.8850,True,0.0100,QUIET,50
alraha,2018-06-11,102,3,2.3607,0.5589,6,113,0.9027,True,0.0294,QUIET,50
alraha,2018-06-12,0,0,,,6,113,0.0000,False,,NODATA,50
alraha,2018-06-13,0,0,,,6,113,0.0000,False,,NODATA,50
alraha,2018-06-14,90,8,2.8581,0.5457,6,113,0.7965,True,0.0889,QUIET,50
alraha,2018-06-15,34,3,3.2757,0.8504,6,113,0.3009,True,0.0882,QUIET,50
alraha,2018-06-16,0,0,,,6,113,0.0000,False,,NODATA,50
alraha,2018-06-17,0,0,,,6,113,0.0000,False,,NODATA,50
alraha,2018-06-18,96,0,1.6292,0.4739,6,113,0.8496,True,0.0000,QUIET,50
alraha,2018-06-19,0,0,,,6,113,0.0000,False,,NODATA,50
alraha,2018-06-20,0,0,,,6,113,0.0000,False,,NODATA,50
alraha,2018-06-21,0,0,,,6,113,0.0000,False,,NODATA,50
alraha,2018-06-22,0,0,,,6,113,0.0000,False,,NODATA,50
alraha,2018-06-23,0,0,,,6,113,0.0000,False,,NODATA,50
alraha,2018-06-24,0,0,,,6,113,0.0000,False,,NODATA,50
alraha,2018-06-25,0,0,,,6,113,0.0000,False,,NODATA,50
alraha,2018-06-26,89,0,0.7360,0.4215,6,113,0.7876,True,0.0000,QUIET,50
alraha,2018-06-27,0,0,,,6,113,0.0000,False,,NODATA,50
alraha,2018-06-28,0,0,,,6,113,0.0000,False,,NODATA,50
alraha,2018-06-29,0,0,,,6,113,0.0000,False,,NODATA,50
alraha,2018-06-30,6,0,0.3229,0.7182,6,113,0.0531,False,,NODATA,50
alraha,2018-07-01,0,0,,,7,110,0.0000,False,,NODATA,50
alraha,2018-07-02,0,0,,,7,110,0.0000,False,,NODATA,50
alraha,2018-07-03,91,0,1.8160,0.4476,7,110,0.8273,True,0.0000,QUIET,50
alraha,2018-07-04,87,3,2.5731,0.5915,7,110,0.7909,True,0.0345,QUIET,50
alraha,2018-07-05,0,0,,,7,110,0.0000,False,,NODATA,50
alraha,2018-07-06,0,0,,,7,110,0.0000,False,,NODATA,50
alraha,2018-07-07,19,0,-0.0830,0.6236,7,110,0.1727,True,0.0000,QUIET,50
alraha,2018-07-08,10,0,0.2064,0.7713,7,110,0.0909,False,,NODATA,50
alraha,2018-07-09,0,0,,,7,110,0.0000,False,,NODATA,50
alraha,2018-07-10,0,0,,,7,110,0.0000,False,,NODATA,50
alraha,2018-07-11,71,0,1.8774,0.5316,7,110,0.6455,True,0.0000,QUIET,50
alraha,2018-07-12,7,0,1.8516,0.8495,7,110,0.0636,False,,NODATA,50
alraha,2018-07-13,0,0,,,7,110,0.0000,False,,NODATA,50
alraha,2018-07-14,0,0,,,7,110,0.0000,False,,NODATA,50
alraha,2018-07-15,94,1,2.4637,0.5712,7,110,0.8545,True,0.0106,QUIET,50
alraha,2018-07-16,0,0,,,7,110,0.0000,False,,NODATA,50
alraha,2018-07-17,0,0,,,7,110,0.0000,False,,NODATA,50
alraha,2018-07-18,0,0,,,7,110,0.0000,False,,NODATA,50
alraha,2018-07-19,1,0,-0.6288,0.8516,7,110,0.0091,False,,NODATA,50
alraha,2018-07-20,0,0,,,7,110,0.0000,False,,NODATA,50
alraha,2018-07-21,0,0,,,7,110,0.0000,False,,NODATA,50
alraha,2018-07-22,0,0,,,7,110,0.0000,False,,NODATA,50
alraha,2018-07-23,27,0,0.9217,0.6859,7,110,0.2455,True,0.0000,QUIET,50
alraha,2018-07-24,0,0,,,7,110,0.0000,False,,NODATA,50
alraha,2018-07-25,0,0,,,7,110,0.0000,False,,NODATA,50
alraha,2018-07-26,0,0,,,7,110,0.0000,False,,NODATA,50
alraha,2018-07-27,4,0,-0.1881,0.8522,7,110,0.0364,False,,NODATA,50
alraha,2018-07-28,0,0,,,7,110,0.0000,False,,NODATA,50
alraha,2018-07-29,0,0,,,7,110,0.0000,False,,NODATA,50
alraha,2018-07-30,0,0,,,7,110,0.0000,False,,NODATA,50
alraha,2018-07-31,21,0,1.1186,0.2351,7,110,0.1909,True,0.0000,QUIET,50
alraha,2018-08-01,0,0,,,8,108,0.0000,False,,NODATA,50
alraha,2018-08-02,0,0,,,8,108,0.0000,False,,NODATA,50
alraha,2018-08-03,98,2,2.1886,0.4872,8,108,0.9074,True,0.0204,QUIET,50
alraha,2018-08-04,91,8,3.4783,0.4782,8,108,0.8426,True,0.0879,QUIET,50
alraha,2018-08-05,0,0,,,8,108,0.0000,False,,NODATA,50
alraha,2018-08-06,0,0,,,8,108,0.0000,False,,NODATA,50
alraha,2018-08-07,93,0,1.4286,0.3518,8,108,0.8611,True,0.0000,QUIET,50
alraha,2018-08-08,0,0,,,8,108,0.0000,False,,NODATA,50
alraha,2018-08-09,0,0,,,8,108,0.0000,False,,NODATA,50
alraha,2018-08-10,0,0,,,8,108,0.0000,False,,NODATA,50
alraha,2018-08-11,32,0,1.4268,0.6598,8,108,0.2963,True,0.0000,QUIET,50
alraha,2018-08-12,0,0,,,8,108,0.0000,False,,NODATA,50
alraha,2018-08-13,0,0,,,8,108,0.0000,False,,NODATA,50
alraha,2018-08-14,0,0,,,8,108,0.0000,False,,NODATA,50
alraha,2018-08-15,53,1,2.0679,0.5941,8,108,0.4907,True,0.0189,QUIET,50
alraha,2018-08-16,0,0,,,8,108,0.0000,False,,NODATA,50
alraha,2018-08-17,0,0,,,8,108,0.0000,False,,NODATA,50
alraha,2018-08-18,0,0,,,8,108,0.0000,False,,NODATA,50
alraha,2018-08-19,85,3,2.7756,0.6646,8,108,0.7870,True,0.0353,QUIET,50
alraha,2018-08-20,0,0,,,8,108,0.0000,False,,NODATA,50
alraha,2018-08-21,0,0,,,8,108,0.0000,False,,NODATA,50
alraha,2018-08-22,25,2,3.8794,0.5122,8,108,0.2315,True,0.0800,QUIET,50
alraha,2018-08-23,21,4,2.5709,0.7181,8,108,0.1944,True,0.1905,EXCEED,50
alraha,2018-08-24,0,0,,,8,108,0.0000,False,,NODATA,50
alraha,2018-08-25,0,0,,,8,108,0.0000,False,,NODATA,50
alraha,2018-08-26,86,0,1.8403,0.5348,8,108,0.7963,True,0.0000,QUIET,50
alraha,2018-08-27,2,0,-1.1260,0.8145,8,108,0.0185,False,,NODATA,50
alraha,2018-08-28,0,0,,,8,108,0.0000,False,,NODATA,50
alraha,2018-08-29,0,0,,,8,108,0.0000,False,,NODATA,50
alraha,2018-08-30,22,0,1.6800,0.7164,8,108,0.2037,True,0.0000,QUIET,50
alraha,2018-08-31,78,3,2.1171,0.5938,8,108,0.7222,True,0.0385,QUIET,50
alraha,2018-09-01,0,0,,,9,108,0.0000,False,,NODATA,50
alraha,2018-09-02,0,0,,,9,108,0.0000,False,,NODATA,50
alraha,2018-09-03,96,2,3.2095,0.5805,9,108,0.8889,True,0.0208,QUIET,50
alraha,2018-09-04,25,9,2.9914,0.4785,9,108,0.2315,True,0.3600,EXCEED,50
alraha,2018-09-05,0,0,,,9,108,0.0000,False,,NODATA,50
alraha,2018-09-06,0,0,,,9,108,0.0000,False,,NODATA,50
alraha,2018-09-07,99,2,3.0836,0.5152,9,108,0.9167,True,0.0202,QUIET,50
alraha,2018-09-08,0,0,,,9,108,0.0000,False,,NODATA,50
alraha,2018-09-09,0,0,,,9,108,0.0000,False,,NODATA,50
alraha,2018-09-10,0,0,,,9,108,0.0000,False,,NODATA,50
alraha,2018-09-11,92,2,2.1916,0.5834,9,108,0.8519,True,0.0217,QUIET,50
alraha,2018-09-12,0,0,,,9,108,0.0000,False,,NODATA,50
alraha,2018-09-13,0,0,,,9,108,0.0000,False,,NODATA,50
alraha,2018-09-14,0,0,,,9,108,0.0000,False,,NODATA,50
alraha,2018-09-15,92,4,3.5396,0.5754,9,108,0.8519,True,0.0435,QUIET,50
alraha,2018-09-16,0,0,,,9,108,0.0000,False,,NODATA,50
alraha,2018-09-17,0,0,,,9,108,0.0000,False,,NODATA,50
alraha,2018-09-18,47,0,1.9948,0.5861,9,108,0.4352,True,0.0000,QUIET,50
alraha,2018-09-19,97,6,2.8947,0.5562,9,108,0.8981,True,0.0619,QUIET,50
alraha,2018-09-20,0,0,,,9,108,0.0000,False,,NODATA,50
alraha,2018-09-21,0,0,,,9,108,0.0000,False,,NODATA,50
alraha,2018-09-22,82,9,2.7236,0.5594,9,108,0.7593,True,0.1098,QUIET,50
alraha,2018-09-23,19,0,1.4213,0.7953,9,108,0.1759,True,0.0000,QUIET,50
alraha,2018-09-24,0,0,,,9,108,0.0000,False,,NODATA,50
alraha,2018-09-25,0,0,,,9,108,0.0000,False,,NODATA,50
alraha,2018-09-26,93,1,2.1521,0.4585,9,108,0.8611,True,0.0108,QUIET,50
alraha,2018-09-27,81,4,2.8395,0.3991,9,108,0.7500,True,0.0494,QUIET,50
alraha,2018-09-28,0,0,,,9,108,0.0000,False,,NODATA,50
alraha,2018-09-29,0,0,,,9,108,0.0000,False,,NODATA,50
alraha,2018-09-30,95,0,1.8413,0.5279,9,108,0.8796,True,0.0000,QUIET,50
alraha,2018-10-01,23,1,2.2848,0.5421,10,115,0.2000,True,0.0435,QUIET,50
alraha,2018-10-02,0,0,,,10,115,0.0000,False,,NODATA,50
alraha,2018-10-03,1,0,0.6338,0.9260,10,115,0.0087,False,,NODATA,50
alraha,2018-10-04,102,2,3.0355,0.5218,10,115,0.8870,True,0.0196,QUIET,50
alraha,2018-10-05,0,0,,,10,115,0.0000,False,,NODATA,50
alraha,2018-10-06,0,0,,,10,115,0.0000,False,,NODATA,50
alraha,2018-10-07,3,0,-0.1489,0.6709,10,115,0.0261,False,,NODATA,50
alraha,2018-10-08,101,1,2.3949,0.5596,10,115,0.8783,True,0.0099,QUIET,50
alraha,2018-10-09,0,0,,,10,115,0.0000,False,,NODATA,50
alraha,2018-10-10,0,0,,,10,115,0.0000,False,,NODATA,50
alraha,2018-10-11,91,3,2.6461,0.5406,10,115,0.7913,True,0.0330,QUIET,50
alraha,2018-10-12,98,9,2.8797,0.5434,10,115,0.8522,True,0.0918,QUIET,50
alraha,2018-10-13,0,0,,,10,115,0.0000,False,,NODATA,50
alraha,2018-10-14,0,0,,,10,115,0.0000,False,,NODATA,50
alraha,2018-10-15,32,1,2.0135,0.4284,10,115,0.2783,True,0.0312,QUIET,50
alraha,2018-10-16,98,3,2.8195,0.4748,10,115,0.8522,True,0.0306,QUIET,50
alraha,2018-10-17,0,0,,,10,115,0.0000,False,,NODATA,50
alraha,2018-10-18,0,0,,,10,115,0.0000,False,,NODATA,50
alraha,2018-10-19,2,0,-0.7561,0.0412,10,115,0.0174,False,,NODATA,50
alraha,2018-10-20,95,5,3.9480,0.4921,10,115,0.8261,True,0.0526,QUIET,50
alraha,2018-10-21,0,0,,,10,115,0.0000,False,,NODATA,50
alraha,2018-10-22,0,0,,,10,115,0.0000,False,,NODATA,50
alraha,2018-10-23,101,1,2.2365,0.4728,10,115,0.8783,True,0.0099,QUIET,50
alraha,2018-10-24,86,1,2.4134,0.4108,10,115,0.7478,True,0.0116,QUIET,50
alraha,2018-10-25,0,0,,,10,115,0.0000,False,,NODATA,50
alraha,2018-10-26,0,0,,,10,115,0.0000,False,,NODATA,50
alraha,2018-10-27,104,1,2.0781,0.5270,10,115,0.9043,True,0.0096,QUIET,50
alraha,2018-10-28,81,1,2.9219,0.4792,10,115,0.7043,True,0.0123,QUIET,50
alraha,2018-10-29,0,0,,,10,115,0.0000,False,,NODATA,50
alraha,2018-10-30,56,0,1.2857,0.3077,10,115,0.4870,True,0.0000,QUIET,50
alraha,2018-10-31,78,4,2.7805,0.5165,10,115,0.6783,True,0.0513,QUIET,50
alraha,2018-11-01,0,0,,,11,122,0.0000,False,,NODATA,50
alraha,2018-11-02,0,0,,,11,122,0.0000,False,,NODATA,50
alraha,2018-11-03,100,12,3.0271,0.5074,11,122,0.8197,True,0.1200,QUIET,50
alraha,2018-11-04,106,8,2.8062,0.5151,11,122,0.8689,True,0.0755,QUIET,50
alraha,2018-11-05,0,0,,,11,122,0.0000,False,,NODATA,50
alraha,2018-11-06,0,0,,,11,122,0.0000,False,,NODATA,50
alraha,2018-11-07,80,10,2.7653,0.4866,11,122,0.6557,True,0.1250,QUIET,50
alraha,2018-11-08,100,26,3.1437,0.5518,11,122,0.8197,True,0.2600,EXCEED,50
alraha,2018-11-09,0,0,,,11,122,0.0000,False,,NODATA,50
alraha,2018-11-10,0,0,,,11,122,0.0000,False,,NODATA,50
alraha,2018-11-11,98,1,2.9251,0.4309,11,122,0.8033,True,0.0102,QUIET,50
alraha,2018-11-12,107,3,3.2051,0.5443,11,122,0.8770,True,0.0280,QUIET,50
alraha,2018-11-13,0,0,,,11,122,0.0000,False,,NODATA,50
alraha,2018-11-14,0,0,,,11,122,0.0000,False,,NODATA,50
alraha,2018-11-15,101,0,1.8783,0.4850,11,122,0.8279,True,0.0000,QUIET,50
alraha,2018-11-16,20,9,3.2161,0.5905,11,122,0.1639,True,0.4500,EXCEED,50
alraha,2018-11-17,0,0,,,11,122,0.0000,False,,NODATA,50
alraha,2018-11-18,0,0,,,11,122,0.0000,False,,NODATA,50
alraha,2018-11-19,101,0,1.9707,0.5492,11,122,0.8279,True,0.0000,QUIET,50
alraha,2018-11-20,44,5,2.4238,0.7178,11,122,0.3607,True,0.1136,QUIET,50
alraha,2018-11-21,0,0,,,11,122,0.0000,False,,NODATA,50
alraha,2018-11-22,0,0,,,11,122,0.0000,False,,NODATA,50
alraha,2018-11-23,110,1,2.1479,0.5123,11,122,0.9016,True,0.0091,QUIET,50
alraha,2018-11-24,84,2,2.2636,0.5041,11,122,0.6885,True,0.0238,QUIET,50
alraha,2018-11-25,0,0,,,11,122,0.0000,False,,NODATA,50
alraha,2018-11-26,50,12,2.2632,0.5183,11,122,0.4098,True,0.2400,EXCEED,50
alraha,2018-11-27,73,4,2.5867,0.4867,11,122,0.5984,True,0.0548,QUIET,50
alraha,2018-11-28,0,0,,,11,122,0.0000,False,,NODATA,50
alraha,2018-11-29,0,0,,,11,122,0.0000,False,,NODATA,50
alraha,2018-11-30,113,0,1.8132,0.4813,11,122,0.9262,True,0.0000,QUIET,50
alraha,2018-12-01,73,37,3.8980,0.4860,12,123,0.5935,True,0.5068,ALERT,50
alraha,2018-12-02,0,0,,,12,123,0.0000,False,,NODATA,50
alraha,2018-12-03,0,0,,,12,123,0.0000,False,,NODATA,50
alraha,2018-12-04,112,3,2.2005,0.3764,12,123,0.9106,True,0.0268,QUIET,50
alraha,2018-12-05,68,11,3.1162,0.5226,12,123,0.5528,True,0.1618,ALERT,50
alraha,2018-12-06,0,0,,,12,123,0.0000,False,,NODATA,50
alraha,2018-12-07,0,0,,,12,123,0.0000,False,,NODATA,50
alraha,2018-12-08,109,11,2.8863,0.4654,12,123,0.8862,True,0.1009,QUIET,50
alraha,2018-12-09,108,40,4.5089,0.5121,12,123,0.8780,True,0.3704,ALERT,50
alraha,2018-12-10,0,0,,,12,123,0.0000,False,,NODATA,50
alraha,2018-12-11,0,0,,,12,123,0.0000,False,,NODATA,50
alraha,2018-12-12,105,23,3.2845,0.4940,12,123,0.8537,True,0.2190,ALERT,50
alraha,2018-12-13,93,9,4.1872,0.3962,12,123,0.7561,True,0.0968,QUIET,50
alraha,2018-12-14,0,0,,,12,123,0.0000,False,,NODATA,50
alraha,2018-12-15,0,0,,,12,123,0.0000,False,,NODATA,50
alraha,2018-12-16,111,13,3.1043,0.4638,12,123,0.9024,True,0.1171,QUIET,50
alraha,2018-12-17,91,31,3.2625,0.4081,12,123,0.7398,True,0.3407,ALERT,50
alraha,2018-12-18,0,0,,,12,123,0.0000,False,,NODATA,50
alraha,2018-12-19,0,0,,,12,123,0.0000,False,,NODATA,50
alraha,2018-12-20,110,0,1.7827,0.3907,12,123,0.8943,True,0.0000,QUIET,50
alraha,2018-12-21,74,0,1.2015,0.1683,12,123,0.6016,True,0.0000,QUIET,50
alraha,2018-12-22,0,0,,,12,123,0.0000,False,,NODATA,50
alraha,2018-12-23,75,11,2.6264,0.4527,12,123,0.6098,True,0.1467,QUIET,50
alraha,2018-12-24,75,16,2.9200,0.4345,12,123,0.6098,True,0.2133,ALERT,50
alraha,2018-12-25,0,0,,,12,123,0.0000,False,,NODATA,50
alraha,2018-12-26,0,0,,,12,123,0.0000,False,,NODATA,50
alraha,2018-12-27,90,10,3.1043,0.3685,12,123,0.7317,True,0.1111,QUIET,50
alraha,2018-12-28,9,4,2.4939,0.4446,12,123,0.0732,False,,NODATA,50
alraha,2018-12-29,0,0,,,12,123,0.0000,False,,NODATA,50
alraha,2018-12-30,0,0,,,12,123,0.0000,False,,NODATA,50
alraha,2018-12-31,85,5,3.0451,0.4803,12,123,0.6911,True,0.0588,QUIET,50
alraha,2019-01-01,106,1,2.0246,0.3937,1,114,0.9298,True,0.0094,QUIET,50
alraha,2019-01-02,0,0,,,1,114,0.0000,False,,NODATA,50
alraha,2019-01-03,0,0,,,1,114,0.0000,False,,NODATA,50
alraha,2019-01-04,89,0,1.8910,0.6131,1,114,0.7807,True,0.0000,QUIET,50
alraha,2019-01-05,101,0,1.5304,0.4717,1,114,0.8860,True,0.0000,QUIET,50
alraha,2019-01-06,0,0,,,1,114,0.0000,False,,NODATA,50
alraha,2019-01-07,0,0,,,1,114,0.0000,False,,NODATA,50
alraha,2019-01-08,29,0,1.5384,0.4586,1,114,0.2544,True,0.0000,QUIET,50
alraha,2019-01-09,89,1,2.0981,0.4135,1,114,0.7807,True,0.0112,QUIET,50
alraha,2019-01-10,0,0,,,1,114,0.0000,False,,NODATA,50
alraha,2019-01-11,0,0,,,1,114,0.0000,False,,NODATA,50
alraha,2019-01-12,54,0,1.3996,0.4905,1,114,0.4737,True,0.0000,QUIET,50
alraha,2019-01-13,87,0,1.6533,0.4245,1,114,0.7632,True,0.0000,QUIET,50
alraha,2019-01-14,0,0,,,1,114,0.0000,False,,NODATA,50
alraha,2019-01-15,0,0,,,1,114,0.0000,False,,NODATA,50
alraha,2019-01-16,113,0,1.5200,0.5053,1,114,0.9912,True,0.0000,QUIET,50
alraha,2019-01-17,64,5,2.5376,0.4309,1,114,0.5614,True,0.0781,QUIET,50
alraha,2019-01-18,0,0,,,1,114,0.0000,False,,NODATA,50
alraha,2019-01-19,34,5,2.4921,0.4721,1,114,0.2982,True,0.1471,QUIET,50
alraha,2019-01-20,85,1,2.0637,0.5125,1,114,0.7456,True,0.0118,QUIET,50
alraha,2019-01-21,0,0,,,1,114,0.0000,False,,NODATA,50
alraha,2019-01-22,0,0,,,1,114,0.0000,False,,NODATA,50
alraha,2019-01-23,24,0,0.9794,0.6499,1,114,0.2105,True,0.0000,QUIET,50
alraha,2019-01-24,19,0,1.4358,0.7435,1,114,0.1667,True,0.0000,QUIET,50
alraha,2019-01-25,0,0,,,1,114,0.0000,False,,NODATA,50
alraha,2019-01-26,0,0,,,1,114,0.0000,False,,NODATA,50
alraha,2019-01-27,101,5,2.4712,0.4733,1,114,0.8860,True,0.0495,QUIET,50
alraha,2019-01-28,38,8,3.1722,0.7671,1,114,0.3333,True,0.2105,EXCEED,50
alraha,2019-01-29,0,0,,,1,114,0.0000,False,,NODATA,50
alraha,2019-01-30,0,0,,,1,114,0.0000,False,,NODATA,50
alraha,2019-01-31,107,0,1.0280,0.3665,1,114,0.9386,True,0.0000,QUIET,50
alraha,2019-02-01,96,0,1.7991,0.3155,2,109,0.8807,True,0.0000,QUIET,50
alraha,2019-02-02,0,0,,,2,109,0.0000,False,,NODATA,50
alraha,2019-02-03,0,0,,,2,109,0.0000,False,,NODATA,50
alraha,2019-02-04,19,0,1.0783,-0.1135,2,109,0.1743,True,0.0000,QUIET,50
alraha,2019-02-05,89,0,1.9134,0.3937,2,109,0.8165,True,0.0000,QUIET,50
alraha,2019-02-06,0,0,,,2,109,0.0000,False,,NODATA,50
alraha,2019-02-07,0,0,,,2,109,0.0000,False,,NODATA,50
alraha,2019-02-08,103,1,2.8469,0.3544,2,109,0.9450,True,0.0097,QUIET,50
alraha,2019-02-09,48,12,3.8400,0.6345,2,109,0.4404,True,0.2500,EXCEED,50
alraha,2019-02-10,0,0,,,2,109,0.0000,False,,NODATA,50
alraha,2019-02-11,0,0,,,2,109,0.0000,False,,NODATA,50
alraha,2019-02-12,0,0,,,2,109,0.0000,False,,NODATA,50
alraha,2019-02-13,34,6,3.1047,0.4341,2,109,0.3119,True,0.1765,ALERT,50
alraha,2019-02-14,0,0,,,2,109,0.0000,False,,NODATA,50
alraha,2019-02-15,24,0,1.2017,0.5446,2,109,0.2202,True,0.0000,QUIET,50
alraha,2019-02-16,0,0,,,2,109,0.0000,False,,NODATA,50
alraha,2019-02-17,0,0,,,2,109,0.0000,False,,NODATA,50
alraha,2019-02-18,0,0,,,2,109,0.0000,False,,NODATA,50
alraha,2019-02-19,49,0,1.6948,0.2303,2,109,0.4495,True,0.0000,QUIET,50
alraha,2019-02-20,102,16,3.3468,0.4950,2,109,0.9358,True,0.1569,ALERT,50
alraha,2019-02-21,0,0,,,2,109,0.0000,False,,NODATA,50
alraha,2019-02-22,0,0,,,2,109,0.0000,False,,NODATA,50
alraha,2019-02-23,3,0,1.0791,0.5545,2,109,0.0275,False,,NODATA,50
alraha,2019-02-24,17,1,2.8833,0.7283,2,109,0.1560,True,0.0588,QUIET,50
alraha,2019-02-25,0,0,,,2,109,0.0000,False,,NODATA,50
alraha,2019-02-26,0,0,,,2,109,0.0000,False,,NODATA,50
alraha,2019-02-27,95,0,1.3288,0.3531,2,109,0.8716,True,0.0000,QUIET,50
alraha,2019-02-28,0,0,,,2,109,0.0000,False,,NODATA,50
alraha,2019-03-01,0,0,,,3,110,0.0000,False,,NODATA,50
alraha,2019-03-02,0,0,,,3,110,0.0000,False,,NODATA,50
alraha,2019-03-03,0,0,,,3,110,0.0000,False,,NODATA,50
alraha,2019-03-04,91,10,2.8546,0.3440,3,110,0.8273,True,0.1099,QUIET,50
alraha,2019-03-05,0,0,,,3,110,0.0000,False,,NODATA,50
alraha,2019-03-06,0,0,,,3,110,0.0000,False,,NODATA,50
alraha,2019-03-07,79,1,2.2517,0.2809,3,110,0.7182,True,0.0127,QUIET,50
alraha,2019-03-08,79,0,1.6283,0.2878,3,110,0.7182,True,0.0000,QUIET,50
alraha,2019-03-09,0,0,,,3,110,0.0000,False,,NODATA,50
alraha,2019-03-10,0,0,,,3,110,0.0000,False,,NODATA,50
alraha,2019-03-11,45,0,1.4047,0.2081,3,110,0.4091,True,0.0000,QUIET,50
alraha,2019-03-12,88,0,1.4130,0.2955,3,110,0.8000,True,0.0000,QUIET,50
alraha,2019-03-13,0,0,,,3,110,0.0000,False,,NODATA,50
alraha,2019-03-14,0,0,,,3,110,0.0000,False,,NODATA,50
alraha,2019-03-15,38,0,0.6273,0.0883,3,110,0.3455,True,0.0000,QUIET,50
alraha,2019-03-16,0,0,,,3,110,0.0000,False,,NODATA,50
alraha,2019-03-17,0,0,,,3,110,0.0000,False,,NODATA,50
alraha,2019-03-18,0,0,,,3,110,0.0000,False,,NODATA,50
alraha,2019-03-19,105,0,1.9337,0.3653,3,110,0.9545,True,0.0000,QUIET,50
alraha,2019-03-20,0,0,,,3,110,0.0000,False,,NODATA,50
alraha,2019-03-21,69,0,1.6572,0.1881,3,110,0.6273,True,0.0000,QUIET,50
alraha,2019-03-22,56,0,1.2184,0.1046,3,110,0.5091,True,0.0000,QUIET,50
alraha,2019-03-23,0,0,,,3,110,0.0000,False,,NODATA,50
alraha,2019-03-24,0,0,,,3,110,0.0000,False,,NODATA,50
alraha,2019-03-25,0,0,,,3,110,0.0000,False,,NODATA,50
alraha,2019-03-26,11,1,2.3083,0.5504,3,110,0.1000,True,0.0909,QUIET,50
alraha,2019-03-27,0,0,,,3,110,0.0000,False,,NODATA,50
alraha,2019-03-28,0,0,,,3,110,0.0000,False,,NODATA,50
alraha,2019-03-29,102,2,2.3479,0.4032,3,110,0.9273,True,0.0196,QUIET,50
alraha,2019-03-30,0,0,,,3,110,0.0000,False,,NODATA,50
alraha,2019-03-31,0,0,,,3,110,0.0000,False,,NODATA,50
alraha,2019-04-01,0,0,,,4,111,0.0000,False,,NODATA,50
alraha,2019-04-02,0,0,,,4,111,0.0000,False,,NODATA,50
alraha,2019-04-03,0,0,,,4,111,0.0000,False,,NODATA,50
alraha,2019-04-04,16,0,1.6183,0.3464,4,111,0.1441,True,0.0000,QUIET,50
alraha,2019-04-05,0,0,,,4,111,0.0000,False,,NODATA,50
alraha,2019-04-06,0,0,,,4,111,0.0000,False,,NODATA,50
alraha,2019-04-07,0,0,,,4,111,0.0000,False,,NODATA,50
alraha,2019-04-08,0,0,,,4,111,0.0000,False,,NODATA,50
alraha,2019-04-09,94,0,1.8776,0.4303,4,111,0.8468,True,0.0000,QUIET,50
alraha,2019-04-10,0,0,,,4,111,0.0000,False,,NODATA,50
alraha,2019-04-11,0,0,,,4,111,0.0000,False,,NODATA,50
alraha,2019-04-12,0,0,,,4,111,0.0000,False,,NODATA,50
alraha,2019-04-13,17,0,1.5018,0.4456,4,111,0.1532,True,0.0000,QUIET,50
alraha,2019-04-14,106,0,1.7164,0.5036,4,111,0.9550,True,0.0000,QUIET,50
alraha,2019-04-15,109,0,1.2426,0.4672,4,111,0.9820,True,0.0000,QUIET,50
alraha,2019-04-16,0,0,,,4,111,0.0000,False,,NODATA,50
alraha,2019-04-17,104,0,1.4139,0.3722,4,111,0.9369,True,0.0000,QUIET,50
alraha,2019-04-18,92,0,1.9776,0.3587,4,111,0.8288,True,0.0000,QUIET,50
alraha,2019-04-19,95,0,1.4398,0.4819,4,111,0.8559,True,0.0000,QUIET,50
alraha,2019-04-20,0,0,,,4,111,0.0000,False,,NODATA,50
alraha,2019-04-21,96,0,1.2394,0.4260,4,111,0.8649,True,0.0000,QUIET,50
alraha,2019-04-22,28,3,2.1709,0.6911,4,111,0.2523,True,0.1071,QUIET,50
alraha,2019-04-23,69,1,2.1158,0.3951,4,111,0.6216,True,0.0145,QUIET,50
alraha,2019-04-24,0,0,,,4,111,0.0000,False,,NODATA,50
alraha,2019-04-25,96,30,3.3893,0.5288,4,111,0.8649,True,0.3125,EXCEED,50
alraha,2019-04-26,87,0,1.9706,0.3564,4,111,0.7838,True,0.0000,QUIET,50
alraha,2019-04-27,13,0,1.3911,0.7845,4,111,0.1171,True,0.0000,QUIET,50
alraha,2019-04-28,0,0,,,4,111,0.0000,False,,NODATA,50
alraha,2019-04-29,48,0,1.6099,0.7240,4,111,0.4324,True,0.0000,QUIET,50
alraha,2019-04-30,95,1,2.4488,0.3772,4,111,0.8559,True,0.0105,QUIET,50
alraha,2019-05-01,97,0,1.7844,0.2212,5,114,0.8509,True,0.0000,QUIET,50
alraha,2019-05-02,0,0,,,5,114,0.0000,False,,NODATA,50
alraha,2019-05-03,97,0,0.4861,0.2095,5,114,0.8509,True,0.0000,QUIET,50
alraha,2019-05-04,95,0,0.6176,0.2916,5,114,0.8333,True,0.0000,QUIET,50
alraha,2019-05-05,18,0,1.3595,0.7715,5,114,0.1579,True,0.0000,QUIET,50
alraha,2019-05-06,42,0,1.5931,0.4838,5,114,0.3684,True,0.0000,QUIET,50
alraha,2019-05-07,101,0,1.7417,0.3286,5,114,0.8860,True,0.0000,QUIET,50
alraha,2019-05-08,93,2,2.5780,0.3013,5,114,0.8158,True,0.0215,QUIET,50
alraha,2019-05-09,0,0,,,5,114,0.0000,False,,NODATA,50
alraha,2019-05-10,69,2,2.7023,0.4564,5,114,0.6053,True,0.0290,QUIET,50
alraha,2019-05-11,67,1,2.6453,0.7743,5,114,0.5877,True,0.0149,QUIET,50
alraha,2019-05-12,59,0,1.6934,0.6703,5,114,0.5175,True,0.0000,QUIET,50
alraha,2019-05-13,0,0,,,5,114,0.0000,False,,NODATA,50
alraha,2019-05-14,102,0,1.6849,0.2252,5,114,0.8947,True,0.0000,QUIET,50
alraha,2019-05-15,94,1,3.4228,0.0802,5,114,0.8246,True,0.0106,QUIET,50
alraha,2019-05-16,100,0,1.2044,0.2805,5,114,0.8772,True,0.0000,QUIET,50
alraha,2019-05-17,0,0,,,5,114,0.0000,False,,NODATA,50
alraha,2019-05-18,41,0,1.0511,0.0297,5,114,0.3596,True,0.0000,QUIET,50
alraha,2019-05-19,0,0,,,5,114,0.0000,False,,NODATA,50
alraha,2019-05-20,73,2,2.0735,0.5545,5,114,0.6404,True,0.0274,QUIET,50
alraha,2019-05-21,0,0,,,5,114,0.0000,False,,NODATA,50
alraha,2019-05-22,68,1,2.0572,0.3740,5,114,0.5965,True,0.0147,QUIET,50
alraha,2019-05-23,31,0,1.6927,0.5183,5,114,0.2719,True,0.0000,QUIET,50
alraha,2019-05-24,102,1,2.4586,0.4952,5,114,0.8947,True,0.0098,QUIET,50
alraha,2019-05-25,0,0,,,5,114,0.0000,False,,NODATA,50
alraha,2019-05-26,103,0,1.6303,0.3931,5,114,0.9035,True,0.0000,QUIET,50
alraha,2019-05-27,82,0,1.4796,0.2722,5,114,0.7193,True,0.0000,QUIET,50
alraha,2019-05-28,51,0,1.3754,0.1086,5,114,0.4474,True,0.0000,QUIET,50
alraha,2019-05-29,0,0,,,5,114,0.0000,False,,NODATA,50
alraha,2019-05-30,0,0,,,5,114,0.0000,False,,NODATA,50
alraha,2019-05-31,101,0,1.9663,0.4658,5,114,0.8860,True,0.0000,QUIET,50
alraha,2019-06-01,94,0,1.5808,0.3877,6,113,0.8319,True,0.0000,QUIET,50
alraha,2019-06-02,3,0,-0.7194,0.1543,6,113,0.0265,False,,NODATA,50
alraha,2019-06-03,97,1,2.1521,0.3102,6,113,0.8584,True,0.0103,QUIET,50
alraha,2019-06-04,85,0,1.6351,0.4165,6,113,0.7522,True,0.0000,QUIET,50
alraha,2019-06-05,0,0,,,6,113,0.0000,False,,NODATA,50
alraha,2019-06-06,82,0,1.8935,0.4160,6,113,0.7257,True,0.0000,QUIET,50
alraha,2019-06-07,108,1,2.0364,0.5679,6,113,0.9558,True,0.0093,QUIET,50
alraha,2019-06-08,108,0,1.0772,0.5220,6,113,0.9558,True,0.0000,QUIET,50
alraha,2019-06-09,0,0,,,6,113,0.0000,False,,NODATA,50
alraha,2019-06-10,106,0,0.8087,0.4137,6,113,0.9381,True,0.0000,QUIET,50
alraha,2019-06-11,96,1,2.3370,0.3222,6,113,0.8496,True,0.0104,QUIET,50
alraha,2019-06-12,110,0,1.8924,0.5175,6,113,0.9735,True,0.0000,QUIET,50
alraha,2019-06-13,0,0,,,6,113,0.0000,False,,NODATA,50
alraha,2019-06-14,103,1,2.7413,0.3612,6,113,0.9115,True,0.0097,QUIET,50
alraha,2019-06-15,40,0,1.6120,0.5796,6,113,0.3540,True,0.0000,QUIET,50
alraha,2019-06-16,0,0,,,6,113,0.0000,False,,NODATA,50
alraha,2019-06-17,0,0,,,6,113,0.0000,False,,NODATA,50
alraha,2019-06-18,106,0,1.9091,0.4472,6,113,0.9381,True,0.0000,QUIET,50
alraha,2019-06-19,7,3,2.9678,1.1591,6,113,0.0619,False,,NODATA,50
alraha,2019-06-20,105,8,2.5660,0.6148,6,113,0.9292,True,0.0762,QUIET,50
alraha,2019-06-21,0,0,,,6,113,0.0000,False,,NODATA,50
alraha,2019-06-22,45,0,1.7463,0.7177,6,113,0.3982,True,0.0000,QUIET,50
alraha,2019-06-23,88,1,2.2676,0.5546,6,113,0.7788,True,0.0114,QUIET,50
alraha,2019-06-24,85,1,2.3370,0.5746,6,113,0.7522,True,0.0118,QUIET,50
alraha,2019-06-25,0,0,,,6,113,0.0000,False,,NODATA,50
alraha,2019-06-26,52,10,3.4501,0.7331,6,113,0.4602,True,0.1923,EXCEED,50
alraha,2019-06-27,76,17,3.3023,0.6234,6,113,0.6726,True,0.2237,ALERT,50
alraha,2019-06-28,41,4,2.5229,0.7312,6,113,0.3628,True,0.0976,QUIET,50
alraha,2019-06-29,3,1,2.1018,0.9449,6,113,0.0265,False,,NODATA,50
alraha,2019-06-30,102,0,1.9626,0.5124,6,113,0.9027,True,0.0000,QUIET,50
alraha,2019-07-01,95,1,2.0147,0.5453,7,110,0.8636,True,0.0105,QUIET,50
alraha,2019-07-02,0,0,,,7,110,0.0000,False,,NODATA,50
alraha,2019-07-03,89,0,1.5648,0.4235,7,110,0.8091,True,0.0000,QUIET,50
alraha,2019-07-04,3,0,1.2380,0.8346,7,110,0.0273,False,,NODATA,50
alraha,2019-07-05,92,14,3.5745,0.6724,7,110,0.8364,True,0.1522,QUIET,50
alraha,2019-07-06,0,0,,,7,110,0.0000,False,,NODATA,50
alraha,2019-07-07,104,0,1.7023,0.5838,7,110,0.9455,True,0.0000,QUIET,50
alraha,2019-07-08,54,0,0.9609,0.2617,7,110,0.4909,True,0.0000,QUIET,50
alraha,2019-07-09,106,0,1.9741,0.5202,7,110,0.9636,True,0.0000,QUIET,50
alraha,2019-07-10,0,0,,,7,110,0.0000,False,,NODATA,50
alraha,2019-07-11,91,0,1.2226,0.3474,7,110,0.8273,True,0.0000,QUIET,50
alraha,2019-07-12,23,0,0.0447,0.2614,7,110,0.2091,True,0.0000,QUIET,50
alraha,2019-07-13,62,0,1.3952,0.4533,7,110,0.5636,True,0.0000,QUIET,50
alraha,2019-07-14,0,0,,,7,110,0.0000,False,,NODATA,50
alraha,2019-07-15,104,1,2.0970,0.4973,7,110,0.9455,True,0.0096,QUIET,50
alraha,2019-07-16,55,0,1.2577,0.2795,7,110,0.5000,True,0.0000,QUIET,50
alraha,2019-07-17,91,0,1.4729,0.5196,7,110,0.8273,True,0.0000,QUIET,50
alraha,2019-07-18,0,0,,,7,110,0.0000,False,,NODATA,50
alraha,2019-07-19,98,0,0.1829,0.4009,7,110,0.8909,True,0.0000,QUIET,50
alraha,2019-07-20,93,0,1.0628,0.4555,7,110,0.8455,True,0.0000,QUIET,50
alraha,2019-07-21,22,0,0.2755,0.7684,7,110,0.2000,True,0.0000,QUIET,50
alraha,2019-07-22,0,0,,,7,110,0.0000,False,,NODATA,50
alraha,2019-07-23,17,0,-0.8809,0.7199,7,110,0.1545,True,0.0000,QUIET,50
alraha,2019-07-24,83,5,2.1013,0.5207,7,110,0.7545,True,0.0602,QUIET,50
alraha,2019-07-25,0,0,,,7,110,0.0000,False,,NODATA,50
alraha,2019-07-26,0,0,,,7,110,0.0000,False,,NODATA,50
alraha,2019-07-27,64,0,1.7688,0.5202,7,110,0.5818,True,0.0000,QUIET,50
alraha,2019-07-28,36,0,-0.5064,0.6195,7,110,0.3273,True,0.0000,QUIET,50
alraha,2019-07-29,0,0,,,7,110,0.0000,False,,NODATA,50
alraha,2019-07-30,83,0,1.9741,0.4908,7,110,0.7545,True,0.0000,QUIET,50
alraha,2019-07-31,1,0,-1.6801,0.6800,7,110,0.0091,False,,NODATA,50
alraha,2019-08-01,11,0,1.8090,0.6827,8,108,0.1019,True,0.0000,QUIET,50
alraha,2019-08-02,0,0,,,8,108,0.0000,False,,NODATA,50
alraha,2019-08-03,84,1,2.3999,0.4027,8,108,0.7778,True,0.0119,QUIET,50
alraha,2019-08-04,51,0,0.7060,0.1912,8,108,0.4722,True,0.0000,QUIET,50
alraha,2019-08-05,100,0,1.4151,0.5345,8,108,0.9259,True,0.0000,QUIET,50
alraha,2019-08-06,0,0,,,8,108,0.0000,False,,NODATA,50
alraha,2019-08-07,98,0,1.7181,0.3786,8,108,0.9074,True,0.0000,QUIET,50
alraha,2019-08-08,16,0,-0.7821,0.0960,8,108,0.1481,True,0.0000,QUIET,50
alraha,2019-08-09,23,0,-0.0717,0.7419,8,108,0.2130,True,0.0000,QUIET,50
alraha,2019-08-10,0,0,,,8,108,0.0000,False,,NODATA,50
alraha,2019-08-11,13,0,0.2919,0.7134,8,108,0.1204,True,0.0000,QUIET,50
alraha,2019-08-12,13,0,1.0691,0.2565,8,108,0.1204,True,0.0000,QUIET,50
alraha,2019-08-13,74,0,1.2136,0.6505,8,108,0.6852,True,0.0000,QUIET,50
alraha,2019-08-14,0,0,,,8,108,0.0000,False,,NODATA,50
alraha,2019-08-15,60,1,2.2813,0.7396,8,108,0.5556,True,0.0167,QUIET,50
alraha,2019-08-16,88,0,1.4719,0.6395,8,108,0.8148,True,0.0000,QUIET,50
alraha,2019-08-17,17,0,-0.4439,0.7528,8,108,0.1574,True,0.0000,QUIET,50
alraha,2019-08-18,0,0,,,8,108,0.0000,False,,NODATA,50
alraha,2019-08-19,35,0,1.7736,0.6209,8,108,0.3241,True,0.0000,QUIET,50
alraha,2019-08-20,0,0,,,8,108,0.0000,False,,NODATA,50
alraha,2019-08-21,78,0,1.7116,0.6044,8,108,0.7222,True,0.0000,QUIET,50
alraha,2019-08-22,45,0,1.3864,0.4855,8,108,0.4167,True,0.0000,QUIET,50
alraha,2019-08-23,98,0,1.6916,0.5243,8,108,0.9074,True,0.0000,QUIET,50
alraha,2019-08-24,97,0,1.6235,0.5963,8,108,0.8981,True,0.0000,QUIET,50
alraha,2019-08-25,0,0,,,8,108,0.0000,False,,NODATA,50
alraha,2019-08-26,96,0,1.6099,0.4519,8,108,0.8889,True,0.0000,QUIET,50
alraha,2019-08-27,94,1,2.1608,0.3830,8,108,0.8704,True,0.0106,QUIET,50
alraha,2019-08-28,96,0,1.6846,0.5557,8,108,0.8889,True,0.0000,QUIET,50
alraha,2019-08-29,0,0,,,8,108,0.0000,False,,NODATA,50
alraha,2019-08-30,86,0,1.2662,0.4047,8,108,0.7963,True,0.0000,QUIET,50
alraha,2019-08-31,76,0,1.3727,0.3332,8,108,0.7037,True,0.0000,QUIET,50
alraha,2019-09-01,56,0,1.8243,0.4632,9,108,0.5185,True,0.0000,QUIET,50
alraha,2019-09-02,0,0,,,9,108,0.0000,False,,NODATA,50
alraha,2019-09-03,103,1,2.1116,0.5459,9,108,0.9537,True,0.0097,QUIET,50
alraha,2019-09-04,39,1,2.0470,0.6142,9,108,0.3611,True,0.0256,QUIET,50
alraha,2019-09-05,0,0,,,9,108,0.0000,False,,NODATA,50
alraha,2019-09-06,0,0,,,9,108,0.0000,False,,NODATA,50
alraha,2019-09-07,0,0,,,9,108,0.0000,False,,NODATA,50
alraha,2019-09-08,100,0,1.8146,0.5199,9,108,0.9259,True,0.0000,QUIET,50
alraha,2019-09-09,101,0,1.3857,0.4851,9,108,0.9352,True,0.0000,QUIET,50
alraha,2019-09-10,0,0,,,9,108,0.0000,False,,NODATA,50
alraha,2019-09-11,101,0,0.6670,0.4826,9,108,0.9352,True,0.0000,QUIET,50
alraha,2019-09-12,92,0,1.5023,0.5528,9,108,0.8519,True,0.0000,QUIET,50
alraha,2019-09-13,72,0,1.9085,0.4720,9,108,0.6667,True,0.0000,QUIET,50
alraha,2019-09-14,18,0,-0.1927,0.2837,9,108,0.1667,True,0.0000,QUIET,50
alraha,2019-09-15,99,0,1.5586,0.4932,9,108,0.9167,True,0.0000,QUIET,50
alraha,2019-09-16,77,16,3.2307,0.5724,9,108,0.7130,True,0.2078,EXCEED,50
alraha,2019-09-17,33,16,3.3321,0.6293,9,108,0.3056,True,0.4848,ALERT,50
alraha,2019-09-18,90,5,2.3514,0.5815,9,108,0.8333,True,0.0556,QUIET,50
alraha,2019-09-19,98,0,1.4404,0.5201,9,108,0.9074,True,0.0000,QUIET,50
alraha,2019-09-20,98,1,2.7288,0.6149,9,108,0.9074,True,0.0102,QUIET,50
alraha,2019-09-21,0,0,,,9,108,0.0000,False,,NODATA,50
alraha,2019-09-22,97,0,1.7092,0.5393,9,108,0.8981,True,0.0000,QUIET,50
alraha,2019-09-23,88,1,2.5566,0.5068,9,108,0.8148,True,0.0114,QUIET,50
alraha,2019-09-24,0,0,,,9,108,0.0000,False,,NODATA,50
alraha,2019-09-25,0,0,,,9,108,0.0000,False,,NODATA,50
alraha,2019-09-26,99,0,1.7816,0.5471,9,108,0.9167,True,0.0000,QUIET,50
alraha,2019-09-27,82,3,2.3036,0.5704,9,108,0.7593,True,0.0366,QUIET,50
alraha,2019-09-28,101,1,2.1288,0.6098,9,108,0.9352,True,0.0099,QUIET,50
alraha,2019-09-29,0,0,,,9,108,0.0000,False,,NODATA,50
alraha,2019-09-30,93,0,0.9686,0.4736,9,108,0.8611,True,0.0000,QUIET,50
alraha,2019-10-01,95,1,2.4351,0.5040,10,115,0.8261,True,0.0105,QUIET,50
alraha,2019-10-02,82,10,3.3486,0.5540,10,115,0.7130,True,0.1220,QUIET,50
alraha,2019-10-03,0,0,,,10,115,0.0000,False,,NODATA,50
alraha,2019-10-04,103,0,1.9544,0.4798,10,115,0.8957,True,0.0000,QUIET,50
alraha,2019-10-05,99,3,2.2117,0.5779,10,115,0.8609,True,0.0303,QUIET,50
alraha,2019-10-06,0,0,,,10,115,0.0000,False,,NODATA,50
alraha,2019-10-07,18,0,1.6861,0.4535,10,115,0.1565,True,0.0000,QUIET,50
alraha,2019-10-08,107,2,3.2425,0.4890,10,115,0.9304,True,0.0187,QUIET,50
alraha,2019-10-09,101,4,2.8326,0.5265,10,115,0.8783,True,0.0396,QUIET,50
alraha,2019-10-10,40,0,1.9524,0.3298,10,115,0.3478,True,0.0000,QUIET,50
alraha,2019-10-11,100,0,1.4607,0.4135,10,115,0.8696,True,0.0000,QUIET,50
alraha,2019-10-12,0,0,,,10,115,0.0000,False,,NODATA,50
alraha,2019-10-13,97,1,2.6643,0.5437,10,115,0.8435,True,0.0103,QUIET,50
alraha,2019-10-14,74,7,3.1810,0.5208,10,115,0.6435,True,0.0946,QUIET,50
alraha,2019-10-15,97,0,1.8098,0.5053,10,115,0.8435,True,0.0000,QUIET,50
alraha,2019-10-16,103,0,1.6038,0.4429,10,115,0.8957,True,0.0000,QUIET,50
alraha,2019-10-17,105,0,1.9090,0.4936,10,115,0.9130,True,0.0000,QUIET,50
alraha,2019-10-18,0,0,,,10,115,0.0000,False,,NODATA,50
alraha,2019-10-19,99,0,1.1706,0.3576,10,115,0.8609,True,0.0000,QUIET,50
alraha,2019-10-20,105,1,2.5371,0.3201,10,115,0.9130,True,0.0095,QUIET,50
alraha,2019-10-21,104,1,2.0507,0.4493,10,115,0.9043,True,0.0096,QUIET,50
alraha,2019-10-22,0,0,,,10,115,0.0000,False,,NODATA,50
alraha,2019-10-23,108,0,1.4029,0.4549,10,115,0.9391,True,0.0000,QUIET,50
alraha,2019-10-24,108,1,2.2748,0.4463,10,115,0.9391,True,0.0093,QUIET,50
alraha,2019-10-25,107,0,1.9652,0.5228,10,115,0.9304,True,0.0000,QUIET,50
alraha,2019-10-26,0,0,,,10,115,0.0000,False,,NODATA,50
alraha,2019-10-27,105,0,1.6346,0.4985,10,115,0.9130,True,0.0000,QUIET,50
alraha,2019-10-28,104,0,1.5903,0.4859,10,115,0.9043,True,0.0000,QUIET,50
alraha,2019-10-29,103,0,1.7592,0.5145,10,115,0.8957,True,0.0000,QUIET,50
alraha,2019-10-30,106,0,1.0199,0.4582,10,115,0.9217,True,0.0000,QUIET,50
alraha,2019-10-31,102,8,2.6554,0.5570,10,115,0.8870,True,0.0784,QUIET,50
alraha,2019-11-01,96,1,2.3988,0.3579,11,122,0.7869,True,0.0104,QUIET,50
alraha,2019-11-02,90,7,3.8128,0.4611,11,122,0.7377,True,0.0778,QUIET,50
alraha,2019-11-03,108,1,2.0706,0.4306,11,122,0.8852,True,0.0093,QUIET,50
alraha,2019-11-04,106,0,1.9578,0.4274,11,122,0.8689,True,0.0000,QUIET,50
alraha,2019-11-05,111,9,2.3407,0.5861,11,122,0.9098,True,0.0811,QUIET,50
alraha,2019-11-06,93,6,3.7198,0.4411,11,122,0.7623,True,0.0645,QUIET,50
alraha,2019-11-07,104,1,2.2061,0.4362,11,122,0.8525,True,0.0096,QUIET,50
alraha,2019-11-08,108,2,2.1051,0.4601,11,122,0.8852,True,0.0185,QUIET,50
alraha,2019-11-09,92,18,2.4837,0.5397,11,122,0.7541,True,0.1957,EXCEED,50
alraha,2019-11-10,3,0,-0.1530,0.6925,11,122,0.0246,False,,NODATA,50
alraha,2019-11-11,111,1,3.2899,0.4495,11,122,0.9098,True,0.0090,QUIET,50
alraha,2019-11-12,116,2,2.5485,0.5697,11,122,0.9508,True,0.0172,QUIET,50
alraha,2019-11-13,111,11,2.3884,0.5537,11,122,0.9098,True,0.0991,QUIET,50
alraha,2019-11-14,0,0,,,11,122,0.0000,False,,NODATA,50
alraha,2019-11-15,105,0,1.4699,0.3913,11,122,0.8607,True,0.0000,QUIET,50
alraha,2019-11-16,111,0,1.0088,0.3539,11,122,0.9098,True,0.0000,QUIET,50
alraha,2019-11-17,86,2,2.3068,0.4821,11,122,0.7049,True,0.0233,QUIET,50
alraha,2019-11-18,0,0,,,11,122,0.0000,False,,NODATA,50
alraha,2019-11-19,109,0,1.9982,0.3839,11,122,0.8934,True,0.0000,QUIET,50
alraha,2019-11-20,0,0,,,11,122,0.0000,False,,NODATA,50
alraha,2019-11-21,0,0,,,11,122,0.0000,False,,NODATA,50
alraha,2019-11-22,0,0,,,11,122,0.0000,False,,NODATA,50
alraha,2019-11-23,112,3,2.0725,0.3938,11,122,0.9180,True,0.0268,QUIET,50
alraha,2019-11-24,112,1,2.3876,0.3628,11,122,0.9180,True,0.0089,QUIET,50
alraha,2019-11-25,0,0,,,11,122,0.0000,False,,NODATA,50
alraha,2019-11-26,114,1,2.7995,0.3202,11,122,0.9344,True,0.0088,QUIET,50
alraha,2019-11-27,108,0,1.5453,0.2654,11,122,0.8852,True,0.0000,QUIET,50
alraha,2019-11-28,104,0,0.5966,0.2480,11,122,0.8525,True,0.0000,QUIET,50
alraha,2019-11-29,92,0,0.8953,0.1523,11,122,0.7541,True,0.0000,QUIET,50
alraha,2019-11-30,0,0,,,11,122,0.0000,False,,NODATA,50
alraha,2019-12-01,81,1,2.1017,0.2352,12,123,0.6585,True,0.0123,QUIET,50
alraha,2019-12-02,0,0,,,12,123,0.0000,False,,NODATA,50
alraha,2019-12-03,80,5,3.6423,0.1559,12,123,0.6504,True,0.0625,QUIET,50
alraha,2019-12-04,113,0,1.7338,0.3574,12,123,0.9187,True,0.0000,QUIET,50
alraha,2019-12-05,105,2,2.3859,0.2394,12,123,0.8537,True,0.0190,QUIET,50
alraha,2019-12-06,113,0,1.5159,0.2820,12,123,0.9187,True,0.0000,QUIET,50
alraha,2019-12-07,6,1,2.2435,0.8402,12,123,0.0488,False,,NODATA,50
alraha,2019-12-08,56,0,0.9847,0.1102,12,123,0.4553,True,0.0000,QUIET,50
alraha,2019-12-09,107,2,3.1087,0.2434,12,123,0.8699,True,0.0187,QUIET,50
alraha,2019-12-10,3,0,-0.8186,0.7332,12,123,0.0244,False,,NODATA,50
alraha,2019-12-11,0,0,,,12,123,0.0000,False,,NODATA,50
alraha,2019-12-12,114,0,1.5661,0.3361,12,123,0.9268,True,0.0000,QUIET,50
alraha,2019-12-13,80,1,2.0328,0.2492,12,123,0.6504,True,0.0125,QUIET,50
alraha,2019-12-14,101,3,2.7690,0.3812,12,123,0.8211,True,0.0297,QUIET,50
alraha,2019-12-15,0,0,,,12,123,0.0000,False,,NODATA,50
alraha,2019-12-16,52,3,3.3010,0.6657,12,123,0.4228,True,0.0577,QUIET,50
alraha,2019-12-17,2,0,-2.7206,0.6077,12,123,0.0163,False,,NODATA,50
alraha,2019-12-18,6,1,2.7554,0.7034,12,123,0.0488,False,,NODATA,50
alraha,2019-12-19,0,0,,,12,123,0.0000,False,,NODATA,50
alraha,2019-12-20,70,0,0.2848,0.2583,12,123,0.5691,True,0.0000,QUIET,50
alraha,2019-12-21,113,0,1.8885,0.3517,12,123,0.9187,True,0.0000,QUIET,50
alraha,2019-12-22,101,1,2.5766,0.3091,12,123,0.8211,True,0.0099,QUIET,50
alraha,2019-12-23,55,0,1.0889,0.2566,12,123,0.4472,True,0.0000,QUIET,50
alraha,2019-12-24,108,1,2.2157,0.1665,12,123,0.8780,True,0.0093,QUIET,50
alraha,2019-12-25,112,2,3.0074,0.2986,12,123,0.9106,True,0.0179,QUIET,50
alraha,2019-12-26,93,4,3.3256,0.2608,12,123,0.7561,True,0.0430,QUIET,50
alraha,2019-12-27,113,0,1.5657,0.2307,12,123,0.9187,True,0.0000,QUIET,50
alraha,2019-12-28,107,1,2.0768,0.1802,12,123,0.8699,True,0.0093,QUIET,50
alraha,2019-12-29,105,3,2.6818,0.2462,12,123,0.8537,True,0.0286,QUIET,50
alraha,2019-12-30,66,1,2.1993,0.0902,12,123,0.5366,True,0.0152,QUIET,50
alraha,2019-12-31,108,6,3.1842,0.3116,12,123,0.8780,True,0.0556,QUIET,50
alraha,2020-01-01,90,3,2.6093,0.2277,1,114,0.7895,True,0.0333,QUIET,50
alraha,2020-01-02,66,1,2.0467,0.2344,1,114,0.5789,True,0.0152,QUIET,50
alraha,2020-01-03,30,8,2.9499,0.7043,1,114,0.2632,True,0.2667,EXCEED,50
alraha,2020-01-04,110,1,2.2618,0.3661,1,114,0.9649,True,0.0091,QUIET,50
alraha,2020-01-05,0,0,,,1,114,0.0000,False,,NODATA,50
alraha,2020-01-06,0,0,,,1,114,0.0000,False,,NODATA,50
alraha,2020-01-07,0,0,,,1,114,0.0000,False,,NODATA,50
alraha,2020-01-08,109,0,1.8540,0.3497,1,114,0.9561,True,0.0000,QUIET,50
alraha,2020-01-09,112,0,1.9221,0.4275,1,114,0.9825,True,0.0000,QUIET,50
alraha,2020-01-10,6,0,0.8964,0.2649,1,114,0.0526,False,,NODATA,50
alraha,2020-01-11,0,0,,,1,114,0.0000,False,,NODATA,50
alraha,2020-01-12,53,0,1.9948,0.5811,1,114,0.4649,True,0.0000,QUIET,50
alraha,2020-01-13,79,0,1.9123,0.5039,1,114,0.6930,True,0.0000,QUIET,50
alraha,2020-01-14,104,0,1.6334,0.5195,1,114,0.9123,True,0.0000,QUIET,50
alraha,2020-01-15,0,0,,,1,114,0.0000,False,,NODATA,50
alraha,2020-01-16,113,1,2.4683,0.5018,1,114,0.9912,True,0.0088,QUIET,50
alraha,2020-01-17,109,0,1.4799,0.4511,1,114,0.9561,True,0.0000,QUIET,50
alraha,2020-01-18,105,0,1.8978,0.4714,1,114,0.9211,True,0.0000,QUIET,50
alraha,2020-01-19,113,0,1.7449,0.4359,1,114,0.9912,True,0.0000,QUIET,50
alraha,2020-01-20,113,0,1.5986,0.4166,1,114,0.9912,True,0.0000,QUIET,50
alraha,2020-01-21,110,0,1.0286,0.4042,1,114,0.9649,True,0.0000,QUIET,50
alraha,2020-01-22,89,0,1.5156,0.3751,1,114,0.7807,True,0.0000,QUIET,50
alraha,2020-01-23,39,0,-0.2213,0.1100,1,114,0.3421,True,0.0000,QUIET,50
alraha,2020-01-24,0,0,,,1,114,0.0000,False,,NODATA,50
alraha,2020-01-25,106,0,1.2385,0.3393,1,114,0.9298,True,0.0000,QUIET,50
alraha,2020-01-26,21,6,2.3217,0.5785,1,114,0.1842,True,0.2857,EXCEED,50
alraha,2020-01-27,81,0,1.5311,0.4479,1,114,0.7105,True,0.0000,QUIET,50
alraha,2020-01-28,81,0,1.1256,0.3379,1,114,0.7105,True,0.0000,QUIET,50
alraha,2020-01-29,73,0,0.9546,0.2436,1,114,0.6404,True,0.0000,QUIET,50
alraha,2020-01-30,77,0,1.9709,0.2996,1,114,0.6754,True,0.0000,QUIET,50
alraha,2020-01-31,104,1,2.3092,0.2829,1,114,0.9123,True,0.0096,QUIET,50
alraha,2020-02-01,100,0,1.9660,0.2646,2,109,0.9174,True,0.0000,QUIET,50
alraha,2020-02-02,67,4,3.4870,0.2411,2,109,0.6147,True,0.0597,QUIET,50
alraha,2020-02-03,0,0,,,2,109,0.0000,False,,NODATA,50
alraha,2020-02-04,102,0,1.1199,0.2298,2,109,0.9358,True,0.0000,QUIET,50
alraha,2020-02-05,107,0,1.0193,0.2646,2,109,0.9817,True,0.0000,QUIET,50
alraha,2020-02-06,74,2,2.1290,0.2847,2,109,0.6789,True,0.0270,QUIET,50
alraha,2020-02-07,0,0,,,2,109,0.0000,False,,NODATA,50
alraha,2020-02-08,65,1,2.3094,0.7001,2,109,0.5963,True,0.0154,QUIET,50
alraha,2020-02-09,79,1,2.3378,0.3079,2,109,0.7248,True,0.0127,QUIET,50
alraha,2020-02-10,0,0,,,2,109,0.0000,False,,NODATA,50
alraha,2020-02-11,0,0,,,2,109,0.0000,False,,NODATA,50
alraha,2020-02-12,37,18,3.2978,0.5185,2,109,0.3394,True,0.4865,EXCEED,50
alraha,2020-02-13,84,11,2.6702,0.4519,2,109,0.7706,True,0.1310,QUIET,50
alraha,2020-02-14,96,0,1.4039,0.3555,2,109,0.8807,True,0.0000,QUIET,50
alraha,2020-02-15,74,0,1.9814,0.3178,2,109,0.6789,True,0.0000,QUIET,50
alraha,2020-02-16,108,0,1.1222,0.2849,2,109,0.9908,True,0.0000,QUIET,50
alraha,2020-02-17,98,0,1.9545,0.3189,2,109,0.8991,True,0.0000,QUIET,50
alraha,2020-02-18,67,1,2.6151,0.2341,2,109,0.6147,True,0.0149,QUIET,50
alraha,2020-02-19,106,0,1.7372,0.3155,2,109,0.9725,True,0.0000,QUIET,50
alraha,2020-02-20,28,0,1.4258,0.1420,2,109,0.2569,True,0.0000,QUIET,50
alraha,2020-02-21,89,1,2.7538,0.2486,2,109,0.8165,True,0.0112,QUIET,50
alraha,2020-02-22,0,0,,,2,109,0.0000,False,,NODATA,50
alraha,2020-02-23,103,0,0.9780,0.2272,2,109,0.9450,True,0.0000,QUIET,50
alraha,2020-02-24,100,1,2.2949,0.2643,2,109,0.9174,True,0.0100,QUIET,50
alraha,2020-02-25,106,0,1.9748,0.3404,2,109,0.9725,True,0.0000,QUIET,50
alraha,2020-02-26,39,0,0.7214,0.3178,2,109,0.3578,True,0.0000,QUIET,50
alraha,2020-02-27,88,7,2.4691,0.4755,2,109,0.8073,True,0.0795,QUIET,50
alraha,2020-02-28,19,0,1.0331,0.2513,2,109,0.1743,True,0.0000,QUIET,50
alraha,2020-02-29,101,1,2.5621,0.2988,2,109,0.9266,True,0.0099,QUIET,50
alraha,2020-03-01,0,0,,,3,110,0.0000,False,,NODATA,50
alraha,2020-03-02,14,0,1.6691,0.7939,3,110,0.1273,True,0.0000,QUIET,50
alraha,2020-03-03,98,0,1.5922,0.3183,3,110,0.8909,True,0.0000,QUIET,50
alraha,2020-03-04,57,11,2.3072,0.3465,3,110,0.5182,True,0.1930,EXCEED,50
alraha,2020-03-05,0,0,,,3,110,0.0000,False,,NODATA,50
alraha,2020-03-06,105,1,3.0934,0.2612,3,110,0.9545,True,0.0095,QUIET,50
alraha,2020-03-07,99,1,2.2601,0.1992,3,110,0.9000,True,0.0101,QUIET,50
alraha,2020-03-08,97,2,2.5502,0.3121,3,110,0.8818,True,0.0206,QUIET,50
alraha,2020-03-09,0,0,,,3,110,0.0000,False,,NODATA,50
alraha,2020-03-10,56,3,3.1549,0.5177,3,110,0.5091,True,0.0536,QUIET,50
alraha,2020-03-11,90,1,2.5588,0.2191,3,110,0.8182,True,0.0111,QUIET,50
alraha,2020-03-12,97,0,1.8354,0.2876,3,110,0.8818,True,0.0000,QUIET,50
alraha,2020-03-13,0,0,,,3,110,0.0000,False,,NODATA,50
alraha,2020-03-14,0,0,,,3,110,0.0000,False,,NODATA,50
alraha,2020-03-15,41,0,1.9476,0.1339,3,110,0.3727,True,0.0000,QUIET,50
alraha,2020-03-16,4,0,-0.7488,0.7032,3,110,0.0364,False,,NODATA,50
alraha,2020-03-17,0,0,,,3,110,0.0000,False,,NODATA,50
alraha,2020-03-18,107,0,1.5678,0.3118,3,110,0.9727,True,0.0000,QUIET,50
alraha,2020-03-19,0,0,,,3,110,0.0000,False,,NODATA,50
alraha,2020-03-20,26,5,3.4367,0.7874,3,110,0.2364,True,0.1923,EXCEED,50
alraha,2020-03-21,0,0,,,3,110,0.0000,False,,NODATA,50
alraha,2020-03-22,28,0,1.6877,0.5256,3,110,0.2545,True,0.0000,QUIET,50
alraha,2020-03-23,98,46,2.8480,0.5245,3,110,0.8909,True,0.4694,ALERT,50
alraha,2020-03-24,83,12,3.1096,0.4119,3,110,0.7545,True,0.1446,QUIET,50
alraha,2020-03-25,93,0,1.5988,0.1950,3,110,0.8455,True,0.0000,QUIET,50
alraha,2020-03-26,97,0,1.6289,0.2379,3,110,0.8818,True,0.0000,QUIET,50
alraha,2020-03-27,38,1,2.2486,-0.1947,3,110,0.3455,True,0.0263,QUIET,50
alraha,2020-03-28,0,0,,,3,110,0.0000,False,,NODATA,50
alraha,2020-03-29,0,0,,,3,110,0.0000,False,,NODATA,50
alraha,2020-03-30,0,0,,,3,110,0.0000,False,,NODATA,50
alraha,2020-03-31,105,1,2.3110,0.4127,3,110,0.9545,True,0.0095,QUIET,50
alraha,2020-04-01,0,0,,,4,111,0.0000,False,,NODATA,50
alraha,2020-04-02,28,0,0.0467,0.7895,4,111,0.2523,True,0.0000,QUIET,50
alraha,2020-04-03,1,0,0.0632,0.9060,4,111,0.0090,False,,NODATA,50
alraha,2020-04-04,63,1,2.0256,0.7624,4,111,0.5676,True,0.0159,QUIET,50
alraha,2020-04-05,0,0,,,4,111,0.0000,False,,NODATA,50
alraha,2020-04-06,107,0,0.9906,0.2539,4,111,0.9640,True,0.0000,QUIET,50
alraha,2020-04-07,52,3,2.6670,0.4949,4,111,0.4685,True,0.0577,QUIET,50
alraha,2020-04-08,78,0,1.9702,0.7425,4,111,0.7027,True,0.0000,QUIET,50
alraha,2020-04-09,0,0,,,4,111,0.0000,False,,NODATA,50
alraha,2020-04-10,22,0,0.2556,0.2350,4,111,0.1982,True,0.0000,QUIET,50
alraha,2020-04-11,0,0,,,4,111,0.0000,False,,NODATA,50
alraha,2020-04-12,14,0,1.9436,0.5282,4,111,0.1261,True,0.0000,QUIET,50
alraha,2020-04-13,0,0,,,4,111,0.0000,False,,NODATA,50
alraha,2020-04-14,106,1,2.2080,0.4429,4,111,0.9550,True,0.0094,QUIET,50
alraha,2020-04-15,0,0,,,4,111,0.0000,False,,NODATA,50
alraha,2020-04-16,83,1,2.6907,0.4531,4,111,0.7477,True,0.0120,QUIET,50
alraha,2020-04-17,0,0,,,4,111,0.0000,False,,NODATA,50
alraha,2020-04-18,109,1,2.0080,0.4803,4,111,0.9820,True,0.0092,QUIET,50
alraha,2020-04-19,0,0,,,4,111,0.0000,False,,NODATA,50
alraha,2020-04-20,0,0,,,4,111,0.0000,False,,NODATA,50
alraha,2020-04-21,16,0,0.6848,0.0561,4,111,0.1441,True,0.0000,QUIET,50
alraha,2020-04-22,107,0,1.3011,0.4350,4,111,0.9640,True,0.0000,QUIET,50
alraha,2020-04-23,98,0,1.8692,0.5333,4,111,0.8829,True,0.0000,QUIET,50
alraha,2020-04-24,0,0,,,4,111,0.0000,False,,NODATA,50
alraha,2020-04-25,93,5,2.6869,0.4782,4,111,0.8378,True,0.0538,QUIET,50
alraha,2020-04-26,101,5,2.7396,0.5588,4,111,0.9099,True,0.0495,QUIET,50
alraha,2020-04-27,95,15,2.8100,0.6729,4,111,0.8559,True,0.1579,EXCEED,50
alraha,2020-04-28,0,0,,,4,111,0.0000,False,,NODATA,50
alraha,2020-04-29,0,0,,,4,111,0.0000,False,,NODATA,50
alraha,2020-04-30,50,10,3.3347,0.7982,4,111,0.4505,True,0.2000,ALERT,50
alraha,2020-05-01,26,2,2.1880,0.9453,5,114,0.2281,True,0.0769,QUIET,50
alraha,2020-05-02,0,0,,,5,114,0.0000,False,,NODATA,50
alraha,2020-05-03,108,24,2.6035,0.6905,5,114,0.9474,True,0.2222,ALERT,50
alraha,2020-05-04,17,0,1.3165,0.8371,5,114,0.1491,True,0.0000,QUIET,50
alraha,2020-05-05,104,1,2.0412,0.5737,5,114,0.9123,True,0.0096,QUIET,50
alraha,2020-05-06,0,0,,,5,114,0.0000,False,,NODATA,50
alraha,2020-05-07,101,1,2.2945,0.5100,5,114,0.8860,True,0.0099,QUIET,50
alraha,2020-05-08,40,3,2.5692,0.5958,5,114,0.3509,True,0.0750,QUIET,50
alraha,2020-05-09,72,0,1.1981,0.6538,5,114,0.6316,True,0.0000,QUIET,50
alraha,2020-05-10,0,0,,,5,114,0.0000,False,,NODATA,50
alraha,2020-05-11,77,5,2.2942,0.7496,5,114,0.6754,True,0.0649,QUIET,50
alraha,2020-05-12,100,3,3.0473,0.5111,5,114,0.8772,True,0.0300,QUIET,50
alraha,2020-05-13,107,27,3.3784,0.6070,5,114,0.9386,True,0.2523,EXCEED,50
alraha,2020-05-14,0,0,,,5,114,0.0000,False,,NODATA,50
alraha,2020-05-15,84,1,2.3796,0.3899,5,114,0.7368,True,0.0119,QUIET,50
alraha,2020-05-16,104,0,1.7012,0.4753,5,114,0.9123,True,0.0000,QUIET,50
alraha,2020-05-17,86,3,2.9152,0.4403,5,114,0.7544,True,0.0349,QUIET,50
alraha,2020-05-18,10,0,1.0413,-0.0070,5,114,0.0877,False,,NODATA,50
alraha,2020-05-19,105,0,1.8934,0.4419,5,114,0.9211,True,0.0000,QUIET,50
alraha,2020-05-20,65,1,2.0470,0.1617,5,114,0.5702,True,0.0154,QUIET,50
alraha,2020-05-21,0,0,,,5,114,0.0000,False,,NODATA,50
alraha,2020-05-22,91,0,1.4672,0.4094,5,114,0.7982,True,0.0000,QUIET,50
alraha,2020-05-23,98,1,2.3084,0.4924,5,114,0.8596,True,0.0102,QUIET,50
alraha,2020-05-24,91,0,1.9915,0.4438,5,114,0.7982,True,0.0000,QUIET,50
alraha,2020-05-25,0,0,,,5,114,0.0000,False,,NODATA,50
alraha,2020-05-26,92,0,1.8583,0.4619,5,114,0.8070,True,0.0000,QUIET,50
alraha,2020-05-27,103,0,1.8281,0.5908,5,114,0.9035,True,0.0000,QUIET,50
alraha,2020-05-28,105,0,1.7883,0.5931,5,114,0.9211,True,0.0000,QUIET,50
alraha,2020-05-29,0,0,,,5,114,0.0000,False,,NODATA,50
alraha,2020-05-30,101,4,2.5159,0.6534,5,114,0.8860,True,0.0396,QUIET,50
alraha,2020-05-31,24,2,2.7741,0.7817,5,114,0.2105,True,0.0833,QUIET,50
alraha,2020-06-01,95,1,2.2210,0.5329,6,113,0.8407,True,0.0105,QUIET,50
alraha,2020-06-02,0,0,,,6,113,0.0000,False,,NODATA,50
alraha,2020-06-03,104,0,1.7515,0.4736,6,113,0.9204,True,0.0000,QUIET,50
alraha,2020-06-04,65,1,2.1485,0.3188,6,113,0.5752,True,0.0154,QUIET,50
alraha,2020-06-05,97,0,1.7046,0.5013,6,113,0.8584,True,0.0000,QUIET,50
alraha,2020-06-06,0,0,,,6,113,0.0000,False,,NODATA,50
alraha,2020-06-07,104,0,1.5307,0.4174,6,113,0.9204,True,0.0000,QUIET,50
alraha,2020-06-08,98,0,1.7295,0.4666,6,113,0.8673,True,0.0000,QUIET,50
alraha,2020-06-09,100,0,1.9191,0.5099,6,113,0.8850,True,0.0000,QUIET,50
alraha,2020-06-10,0,0,,,6,113,0.0000,False,,NODATA,50
alraha,2020-06-11,111,4,2.5827,0.7064,6,113,0.9823,True,0.0360,QUIET,50
alraha,2020-06-12,105,2,2.7992,0.6237,6,113,0.9292,True,0.0190,QUIET,50
alraha,2020-06-13,86,16,3.3278,0.6027,6,113,0.7611,True,0.1860,EXCEED,50
alraha,2020-06-14,6,1,2.4121,0.9126,6,113,0.0531,False,,NODATA,50
alraha,2020-06-15,98,0,1.8193,0.5682,6,113,0.8673,True,0.0000,QUIET,50
alraha,2020-06-16,94,1,2.5156,0.6319,6,113,0.8319,True,0.0106,QUIET,50
alraha,2020-06-17,0,0,,,6,113,0.0000,False,,NODATA,50
alraha,2020-06-18,99,1,2.2738,0.5761,6,113,0.8761,True,0.0101,QUIET,50
alraha,2020-06-19,95,1,2.4592,0.5968,6,113,0.8407,True,0.0105,QUIET,50
alraha,2020-06-20,90,2,2.2741,0.5868,6,113,0.7965,True,0.0222,QUIET,50
alraha,2020-06-21,0,0,,,6,113,0.0000,False,,NODATA,50
alraha,2020-06-22,93,1,2.1801,0.5182,6,113,0.8230,True,0.0108,QUIET,50
alraha,2020-06-23,101,1,2.5198,0.5979,6,113,0.8938,True,0.0099,QUIET,50
alraha,2020-06-24,96,2,2.6884,0.6006,6,113,0.8496,True,0.0208,QUIET,50
alraha,2020-06-25,0,0,,,6,113,0.0000,False,,NODATA,50
alraha,2020-06-26,93,2,2.0072,0.4865,6,113,0.8230,True,0.0215,QUIET,50
alraha,2020-06-27,5,0,-1.7419,0.7739,6,113,0.0442,False,,NODATA,50
alraha,2020-06-28,101,2,2.4203,0.6349,6,113,0.8938,True,0.0198,QUIET,50
alraha,2020-06-29,0,0,,,6,113,0.0000,False,,NODATA,50
alraha,2020-06-30,112,3,2.4353,0.5176,6,113,0.9912,True,0.0268,QUIET,50
alraha,2020-07-01,57,6,3.2242,0.3200,7,110,0.5182,True,0.1053,QUIET,50
alraha,2020-07-02,102,1,2.4561,0.6268,7,110,0.9273,True,0.0098,QUIET,50
alraha,2020-07-03,0,0,,,7,110,0.0000,False,,NODATA,50
alraha,2020-07-04,98,1,2.6365,0.5551,7,110,0.8909,True,0.0102,QUIET,50
alraha,2020-07-05,96,0,1.4284,0.5271,7,110,0.8727,True,0.0000,QUIET,50
alraha,2020-07-06,80,0,1.7064,0.5148,7,110,0.7273,True,0.0000,QUIET,50
alraha,2020-07-07,0,0,,,7,110,0.0000,False,,NODATA,50
alraha,2020-07-08,106,3,2.8644,0.6095,7,110,0.9636,True,0.0283,QUIET,50
alraha,2020-07-09,101,1,3.1173,0.6404,7,110,0.9182,True,0.0099,QUIET,50
alraha,2020-07-10,37,0,1.7433,0.3546,7,110,0.3364,True,0.0000,QUIET,50
alraha,2020-07-11,8,1,2.3443,0.9486,7,110,0.0727,False,,NODATA,50
alraha,2020-07-12,92,0,1.0941,0.5178,7,110,0.8364,True,0.0000,QUIET,50
alraha,2020-07-13,18,1,2.4452,0.6913,7,110,0.1636,True,0.0556,QUIET,50
alraha,2020-07-14,0,0,,,7,110,0.0000,False,,NODATA,50
alraha,2020-07-15,98,2,2.4287,0.6445,7,110,0.8909,True,0.0204,QUIET,50
alraha,2020-07-16,97,0,1.5479,0.6509,7,110,0.8818,True,0.0000,QUIET,50
alraha,2020-07-17,59,0,1.8004,0.6669,7,110,0.5364,True,0.0000,QUIET,50
alraha,2020-07-18,0,0,,,7,110,0.0000,False,,NODATA,50
alraha,2020-07-19,87,0,1.8408,0.6014,7,110,0.7909,True,0.0000,QUIET,50
alraha,2020-07-20,6,0,1.2084,0.8188,7,110,0.0545,False,,NODATA,50
alraha,2020-07-21,88,3,2.8075,0.6798,7,110,0.8000,True,0.0341,QUIET,50
alraha,2020-07-22,0,0,,,7,110,0.0000,False,,NODATA,50
alraha,2020-07-23,95,1,3.0119,0.6320,7,110,0.8636,True,0.0105,QUIET,50
alraha,2020-07-24,38,0,1.8977,0.7713,7,110,0.3455,True,0.0000,QUIET,50
alraha,2020-07-25,103,0,1.8554,0.7089,7,110,0.9364,True,0.0000,QUIET,50
alraha,2020-07-26,0,0,,,7,110,0.0000,False,,NODATA,50
alraha,2020-07-27,95,0,1.4585,0.5914,7,110,0.8636,True,0.0000,QUIET,50
alraha,2020-07-28,2,0,-0.3890,0.8252,7,110,0.0182,False,,NODATA,50
alraha,2020-07-29,92,2,2.2021,0.5943,7,110,0.8364,True,0.0217,QUIET,50
alraha,2020-07-30,0,0,,,7,110,0.0000,False,,NODATA,50
alraha,2020-07-31,82,0,1.8227,0.4188,7,110,0.7455,True,0.0000,QUIET,50
alraha,2020-08-01,97,1,2.2983,0.5771,8,108,0.8981,True,0.0103,QUIET,50
alraha,2020-08-02,89,0,1.9561,0.5979,8,108,0.8241,True,0.0000,QUIET,50
alraha,2020-08-03,0,0,,,8,108,0.0000,False,,NODATA,50
alraha,2020-08-04,67,0,1.0136,0.6201,8,108,0.6204,True,0.0000,QUIET,50
alraha,2020-08-05,96,1,2.0806,0.5045,8,108,0.8889,True,0.0104,QUIET,50
alraha,2020-08-06,69,1,2.2206,0.5113,8,108,0.6389,True,0.0145,QUIET,50
alraha,2020-08-07,39,0,0.9771,0.4830,8,108,0.3611,True,0.0000,QUIET,50
alraha,2020-08-08,0,0,,,8,108,0.0000,False,,NODATA,50
alraha,2020-08-09,2,0,0.3512,0.1167,8,108,0.0185,False,,NODATA,50
alraha,2020-08-10,0,0,,,8,108,0.0000,False,,NODATA,50
alraha,2020-08-11,9,0,-0.0652,0.1255,8,108,0.0833,False,,NODATA,50
alraha,2020-08-12,2,0,-2.0824,0.7045,8,108,0.0185,False,,NODATA,50
alraha,2020-08-13,10,0,0.5438,0.1796,8,108,0.0926,False,,NODATA,50
alraha,2020-08-14,0,0,,,8,108,0.0000,False,,NODATA,50
alraha,2020-08-15,100,0,1.5745,0.4919,8,108,0.9259,True,0.0000,QUIET,50
alraha,2020-08-16,53,0,1.6427,0.2856,8,108,0.4907,True,0.0000,QUIET,50
alraha,2020-08-17,80,0,1.9090,0.7663,8,108,0.7407,True,0.0000,QUIET,50
alraha,2020-08-18,0,0,,,8,108,0.0000,False,,NODATA,50
alraha,2020-08-19,98,1,2.1677,0.4739,8,108,0.9074,True,0.0102,QUIET,50
alraha,2020-08-20,6,0,1.4290,0.8071,8,108,0.0556,False,,NODATA,50
alraha,2020-08-21,50,0,1.8401,0.6741,8,108,0.4630,True,0.0000,QUIET,50
alraha,2020-08-22,0,0,,,8,108,0.0000,False,,NODATA,50
alraha,2020-08-23,16,0,-0.9237,0.6743,8,108,0.1481,True,0.0000,QUIET,50
alraha,2020-08-24,56,0,1.2976,0.5060,8,108,0.5185,True,0.0000,QUIET,50
alraha,2020-08-25,91,3,2.4955,0.6586,8,108,0.8426,True,0.0330,QUIET,50
alraha,2020-08-26,0,0,,,8,108,0.0000,False,,NODATA,50
alraha,2020-08-27,103,5,3.2383,0.6826,8,108,0.9537,True,0.0485,QUIET,50
alraha,2020-08-28,40,7,2.7269,0.7884,8,108,0.3704,True,0.1750,EXCEED,50
alraha,2020-08-29,50,9,3.5793,0.8201,8,108,0.4630,True,0.1800,ALERT,50
alraha,2020-08-30,3,0,0.7863,0.9311,8,108,0.0278,False,,NODATA,50
alraha,2020-08-31,0,0,,,8,108,0.0000,False,,NODATA,50
alraha,2020-09-01,85,57,4.2825,0.7638,9,108,0.7870,True,0.6706,ALERT,50
alraha,2020-09-02,0,0,,,9,108,0.0000,False,,NODATA,50
alraha,2020-09-03,42,1,2.1899,0.4079,9,108,0.3889,True,0.0238,QUIET,50
alraha,2020-09-04,102,0,1.9940,0.5563,9,108,0.9444,True,0.0000,QUIET,50
alraha,2020-09-05,92,0,1.9157,0.5527,9,108,0.8519,True,0.0000,QUIET,50
alraha,2020-09-06,0,0,,,9,108,0.0000,False,,NODATA,50
alraha,2020-09-07,91,2,2.7487,0.5082,9,108,0.8426,True,0.0220,QUIET,50
alraha,2020-09-08,96,1,2.9976,0.4413,9,108,0.8889,True,0.0104,QUIET,50
alraha,2020-09-09,100,1,2.4255,0.4723,9,108,0.9259,True,0.0100,QUIET,50
alraha,2020-09-10,0,0,,,9,108,0.0000,False,,NODATA,50
alraha,2020-09-11,0,0,,,9,108,0.0000,False,,NODATA,50
alraha,2020-09-12,81,3,3.0160,0.3504,9,108,0.7500,True,0.0370,QUIET,50
alraha,2020-09-13,96,3,2.5184,0.5413,9,108,0.8889,True,0.0312,QUIET,50
alraha,2020-09-14,0,0,,,9,108,0.0000,False,,NODATA,50
alraha,2020-09-15,99,0,1.8518,0.5795,9,108,0.9167,True,0.0000,QUIET,50
alraha,2020-09-16,89,2,2.0560,0.5084,9,108,0.8241,True,0.0225,QUIET,50
alraha,2020-09-17,0,0,,,9,108,0.0000,False,,NODATA,50
alraha,2020-09-18,0,0,,,9,108,0.0000,False,,NODATA,50
alraha,2020-09-19,99,2,2.5055,0.5383,9,108,0.9167,True,0.0202,QUIET,50
alraha,2020-09-20,94,0,1.6769,0.5057,9,108,0.8704,True,0.0000,QUIET,50
alraha,2020-09-21,93,0,1.1423,0.4892,9,108,0.8611,True,0.0000,QUIET,50
alraha,2020-09-22,0,0,,,9,108,0.0000,False,,NODATA,50
alraha,2020-09-23,101,0,1.1163,0.4669,9,108,0.9352,True,0.0000,QUIET,50
alraha,2020-09-24,0,0,,,9,108,0.0000,False,,NODATA,50
alraha,2020-09-25,89,4,2.5879,0.5796,9,108,0.8241,True,0.0449,QUIET,50
alraha,2020-09-26,83,0,1.9960,0.4345,9,108,0.7685,True,0.0000,QUIET,50
alraha,2020-09-27,0,0,,,9,108,0.0000,False,,NODATA,50
alraha,2020-09-28,100,0,1.7981,0.6259,9,108,0.9259,True,0.0000,QUIET,50
alraha,2020-09-29,74,2,2.5765,0.4677,9,108,0.6852,True,0.0270,QUIET,50
alraha,2020-09-30,94,0,1.4993,0.5619,9,108,0.8704,True,0.0000,QUIET,50
alraha,2020-10-01,95,1,2.0546,0.5716,10,115,0.8261,True,0.0105,QUIET,50
alraha,2020-10-02,93,12,2.4884,0.6755,10,115,0.8087,True,0.1290,QUIET,50
alraha,2020-10-03,0,0,,,10,115,0.0000,False,,NODATA,50
alraha,2020-10-04,94,0,1.7192,0.4648,10,115,0.8174,True,0.0000,QUIET,50
alraha,2020-10-05,95,3,2.2928,0.3661,10,115,0.8261,True,0.0316,QUIET,50
alraha,2020-10-06,103,0,1.8128,0.5780,10,115,0.8957,True,0.0000,QUIET,50
alraha,2020-10-07,0,0,,,10,115,0.0000,False,,NODATA,50
alraha,2020-10-08,101,1,2.5334,0.4905,10,115,0.8783,True,0.0099,QUIET,50
alraha,2020-10-09,103,0,1.7245,0.4221,10,115,0.8957,True,0.0000,QUIET,50
alraha,2020-10-10,105,1,2.4672,0.5264,10,115,0.9130,True,0.0095,QUIET,50
alraha,2020-10-11,0,0,,,10,115,0.0000,False,,NODATA,50
alraha,2020-10-12,105,0,1.6900,0.5392,10,115,0.9130,True,0.0000,QUIET,50
alraha,2020-10-13,103,0,1.7047,0.5748,10,115,0.8957,True,0.0000,QUIET,50
alraha,2020-10-14,106,9,3.0661,0.6931,10,115,0.9217,True,0.0849,QUIET,50
alraha,2020-10-15,4,2,3.6008,0.9913,10,115,0.0348,False,,NODATA,50
alraha,2020-10-16,104,9,2.6333,0.6286,10,115,0.9043,True,0.0865,QUIET,50
alraha,2020-10-17,0,0,,,10,115,0.0000,False,,NODATA,50
alraha,2020-10-18,97,19,3.5219,0.6515,10,115,0.8435,True,0.1959,EXCEED,50
alraha,2020-10-19,7,1,4.3066,0.9122,10,115,0.0609,False,,NODATA,50
alraha,2020-10-20,104,1,2.3112,0.5325,10,115,0.9043,True,0.0096,QUIET,50
alraha,2020-10-21,99,6,2.8607,0.5924,10,115,0.8609,True,0.0606,QUIET,50
alraha,2020-10-22,0,0,,,10,115,0.0000,False,,NODATA,50
alraha,2020-10-23,105,0,1.4922,0.5017,10,115,0.9130,True,0.0000,QUIET,50
alraha,2020-10-24,100,0,1.8044,0.4816,10,115,0.8696,True,0.0000,QUIET,50
alraha,2020-10-25,105,6,2.4131,0.6242,10,115,0.9130,True,0.0571,QUIET,50
alraha,2020-10-26,84,8,2.5211,0.5724,10,115,0.7304,True,0.0952,QUIET,50
alraha,2020-10-27,105,2,2.8672,0.5815,10,115,0.9130,True,0.0190,QUIET,50
alraha,2020-10-28,106,0,1.6815,0.5268,10,115,0.9217,True,0.0000,QUIET,50
alraha,2020-10-29,103,0,1.4601,0.5681,10,115,0.8957,True,0.0000,QUIET,50
alraha,2020-10-30,0,0,,,10,115,0.0000,False,,NODATA,50
alraha,2020-10-31,99,0,1.3268,0.4458,10,115,0.8609,True,0.0000,QUIET,50
alraha,2020-11-01,107,1,3.4104,0.4623,11,122,0.8770,True,0.0093,QUIET,50
alraha,2020-11-02,105,1,2.0836,0.4994,11,122,0.8607,True,0.0095,QUIET,50
alraha,2020-11-03,0,0,,,11,122,0.0000,False,,NODATA,50
alraha,2020-11-04,103,0,1.5863,0.3939,11,122,0.8443,True,0.0000,QUIET,50
alraha,2020-11-05,108,0,1.5666,0.3676,11,122,0.8852,True,0.0000,QUIET,50
alraha,2020-11-06,103,0,1.9090,0.4480,11,122,0.8443,True,0.0000,QUIET,50
alraha,2020-11-07,0,0,,,11,122,0.0000,False,,NODATA,50
alraha,2020-11-08,52,0,1.0088,0.3007,11,122,0.4262,True,0.0000,QUIET,50
alraha,2020-11-09,105,2,2.2073,0.5138,11,122,0.8607,True,0.0190,QUIET,50
alraha,2020-11-10,110,0,1.7238,0.5155,11,122,0.9016,True,0.0000,QUIET,50
alraha,2020-11-11,111,0,1.9141,0.5248,11,122,0.9098,True,0.0000,QUIET,50
alraha,2020-11-12,110,0,1.9320,0.5249,11,122,0.9016,True,0.0000,QUIET,50
alraha,2020-11-13,105,5,3.2142,0.5537,11,122,0.8607,True,0.0476,QUIET,50
alraha,2020-11-14,65,12,4.2361,0.6786,11,122,0.5328,True,0.1846,EXCEED,50
alraha,2020-11-15,108,1,2.2118,0.5023,11,122,0.8852,True,0.0093,QUIET,50
alraha,2020-11-16,109,0,1.7741,0.5066,11,122,0.8934,True,0.0000,QUIET,50
alraha,2020-11-17,105,8,2.3150,0.5794,11,122,0.8607,True,0.0762,QUIET,50
alraha,2020-11-18,87,14,2.9489,0.5075,11,122,0.7131,True,0.1609,ALERT,50
alraha,2020-11-19,101,4,2.3456,0.5503,11,122,0.8279,True,0.0396,QUIET,50
alraha,2020-11-20,105,1,2.2156,0.5179,11,122,0.8607,True,0.0095,QUIET,50
alraha,2020-11-21,0,0,,,11,122,0.0000,False,,NODATA,50
alraha,2020-11-22,90,6,3.0383,0.5081,11,122,0.7377,True,0.0667,QUIET,50
alraha,2020-11-23,103,0,1.9384,0.4909,11,122,0.8443,True,0.0000,QUIET,50
alraha,2020-11-24,56,13,2.6166,0.5427,11,122,0.4590,True,0.2321,ALERT,50
alraha,2020-11-25,110,13,2.6008,0.5785,11,122,0.9016,True,0.1182,QUIET,50
alraha,2020-11-26,0,0,,,11,122,0.0000,False,,NODATA,50
alraha,2020-11-27,106,0,1.9834,0.5538,11,122,0.8689,True,0.0000,QUIET,50
alraha,2020-11-28,108,0,1.7937,0.5502,11,122,0.8852,True,0.0000,QUIET,50
alraha,2020-11-29,0,0,,,11,122,0.0000,False,,NODATA,50
alraha,2020-11-30,0,0,,,11,122,0.0000,False,,NODATA,50
alraha,2020-12-01,111,2,2.2744,0.4047,12,123,0.9024,True,0.0180,QUIET,50
alraha,2020-12-02,95,3,2.2639,0.3185,12,123,0.7724,True,0.0316,QUIET,50
alraha,2020-12-03,111,2,2.4709,0.4283,12,123,0.9024,True,0.0180,QUIET,50
alraha,2020-12-04,0,0,,,12,123,0.0000,False,,NODATA,50
alraha,2020-12-05,114,2,2.2728,0.4149,12,123,0.9268,True,0.0175,QUIET,50
alraha,2020-12-06,105,5,2.9686,0.4226,12,123,0.8537,True,0.0476,QUIET,50
alraha,2020-12-07,104,10,2.4662,0.4960,12,123,0.8455,True,0.0962,QUIET,50
alraha,2020-12-08,0,0,,,12,123,0.0000,False,,NODATA,50
alraha,2020-12-09,47,5,3.2943,0.5541,12,123,0.3821,True,0.1064,QUIET,50
alraha,2020-12-10,112,13,3.0059,0.5152,12,123,0.9106,True,0.1161,QUIET,50
alraha,2020-12-11,95,17,3.1617,0.4579,12,123,0.7724,True,0.1789,EXCEED,50
alraha,2020-12-12,103,0,1.9520,0.4688,12,123,0.8374,True,0.0000,QUIET,50
alraha,2020-12-13,78,0,1.5740,0.2069,12,123,0.6341,True,0.0000,QUIET,50
alraha,2020-12-14,0,0,,,12,123,0.0000,False,,NODATA,50
alraha,2020-12-15,72,3,3.3091,0.2937,12,123,0.5854,True,0.0417,QUIET,50
alraha,2020-12-16,111,1,2.0588,0.4194,12,123,0.9024,True,0.0090,QUIET,50
alraha,2020-12-17,102,0,1.7750,0.3615,12,123,0.8293,True,0.0000,QUIET,50
alraha,2020-12-18,109,0,1.9846,0.4384,12,123,0.8862,True,0.0000,QUIET,50
alraha,2020-12-19,79,1,2.0493,0.3683,12,123,0.6423,True,0.0127,QUIET,50
alraha,2020-12-20,84,1,3.1736,0.4313,12,123,0.6829,True,0.0119,QUIET,50
alraha,2020-12-21,108,1,2.4449,0.4533,12,123,0.8780,True,0.0093,QUIET,50
alraha,2020-12-22,0,0,,,12,123,0.0000,False,,NODATA,50
alraha,2020-12-23,0,0,,,12,123,0.0000,False,,NODATA,50
alraha,2020-12-24,108,0,1.1228,0.1932,12,123,0.8780,True,0.0000,QUIET,50
alraha,2020-12-25,76,4,2.4384,0.0232,12,123,0.6179,True,0.0526,QUIET,50
alraha,2020-12-26,58,10,2.5561,0.6268,12,123,0.4715,True,0.1724,EXCEED,50
alraha,2020-12-27,0,0,,,12,123,0.0000,False,,NODATA,50
alraha,2020-12-28,0,0,,,12,123,0.0000,False,,NODATA,50
alraha,2020-12-29,113,0,1.2774,0.3907,12,123,0.9187,True,0.0000,QUIET,50
alraha,2020-12-30,105,10,4.5386,0.3867,12,123,0.8537,True,0.0952,QUIET,50
alraha,2020-12-31,0,0,,,12,123,0.0000,False,,NODATA,50
alraha,2021-01-01,0,0,,,1,114,0.0000,False,,NODATA,50
alraha,2021-01-02,0,0,,,1,114,0.0000,False,,NODATA,50
alraha,2021-01-03,0,0,,,1,114,0.0000,False,,NODATA,50
alraha,2021-01-04,0,0,,,1,114,0.0000,False,,NODATA,50
alraha,2021-01-05,0,0,,,1,114,0.0000,False,,NODATA,50
alraha,2021-01-06,0,0,,,1,114,0.0000,False,,NODATA,50
alraha,2021-01-07,0,0,,,1,114,0.0000,False,,NODATA,50
alraha,2021-01-08,0,0,,,1,114,0.0000,False,,NODATA,50
alraha,2021-01-09,0,0,,,1,114,0.0000,False,,NODATA,50
alraha,2021-01-10,0,0,,,1,114,0.0000,False,,NODATA,50
alraha,2021-01-11,0,0,,,1,114,0.0000,False,,NODATA,50
alraha,2021-01-12,0,0,,,1,114,0.0000,False,,NODATA,50
alraha,2021-01-13,0,0,,,1,114,0.0000,False,,NODATA,50
alraha,2021-01-14,0,0,,,1,114,0.0000,False,,NODATA,50
alraha,2021-01-15,0,0,,,1,114,0.0000,False,,NODATA,50
alraha,2021-01-16,0,0,,,1,114,0.0000,False,,NODATA,50
alraha,2021-01-17,0,0,,,1,114,0.0000,False,,NODATA,50
alraha,2021-01-18,0,0,,,1,114,0.0000,False,,NODATA,50
alraha,2021-01-19,0,0,,,1,114,0.0000,False,,NODATA,50
alraha,2021-01-20,0,0,,,1,114,0.0000,False,,NODATA,50
alraha,2021-01-21,0,0,,,1,114,0.0000,False,,NODATA,50
alraha,2021-01-22,0,0,,,1,114,0.0000,False,,NODATA,50
alraha,2021-01-23,0,0,,,1,114,0.0000,False,,NODATA,50
alraha,2021-01-24,0,0,,,1,114,0.0000,False,,NODATA,50
alraha,2021-01-25,0,0,,,1,114,0.0000,False,,NODATA,50
alraha,2021-01-26,0,0,,,1,114,0.0000,False,,NODATA,50
alraha,2021-01-27,0,0,,,1,114,0.0000,False,,NODATA,50
alraha,2021-01-28,0,0,,,1,114,0.0000,False,,NODATA,50
alraha,2021-01-29,0,0,,,1,114,0.0000,False,,NODATA,50
alraha,2021-01-30,0,0,,,1,114,0.0000,False,,NODATA,50
alraha,2021-01-31,0,0,,,1,114,0.0000,False,,NODATA,50
alraha,2021-02-01,0,0,,,2,109,0.0000,False,,NODATA,50
alraha,2021-02-02,0,0,,,2,109,0.0000,False,,NODATA,50
alraha,2021-02-03,0,0,,,2,109,0.0000,False,,NODATA,50
alraha,2021-02-04,0,0,,,2,109,0.0000,False,,NODATA,50
alraha,2021-02-05,0,0,,,2,109,0.0000,False,,NODATA,50
alraha,2021-02-06,0,0,,,2,109,0.0000,False,,NODATA,50
alraha,2021-02-07,0,0,,,2,109,0.0000,False,,NODATA,50
alraha,2021-02-08,0,0,,,2,109,0.0000,False,,NODATA,50
alraha,2021-02-09,0,0,,,2,109,0.0000,False,,NODATA,50
alraha,2021-02-10,0,0,,,2,109,0.0000,False,,NODATA,50
alraha,2021-02-11,0,0,,,2,109,0.0000,False,,NODATA,50
alraha,2021-02-12,0,0,,,2,109,0.0000,False,,NODATA,50
alraha,2021-02-13,0,0,,,2,109,0.0000,False,,NODATA,50
alraha,2021-02-14,0,0,,,2,109,0.0000,False,,NODATA,50
alraha,2021-02-15,0,0,,,2,109,0.0000,False,,NODATA,50
alraha,2021-02-16,0,0,,,2,109,0.0000,False,,NODATA,50
alraha,2021-02-17,0,0,,,2,109,0.0000,False,,NODATA,50
alraha,2021-02-18,0,0,,,2,109,0.0000,False,,NODATA,50
alraha,2021-02-19,0,0,,,2,109,0.0000,False,,NODATA,50
alraha,2021-02-20,0,0,,,2,109,0.0000,False,,NODATA,50
alraha,2021-02-21,0,0,,,2,109,0.0000,False,,NODATA,50
alraha,2021-02-22,0,0,,,2,109,0.0000,False,,NODATA,50
alraha,2021-02-23,0,0,,,2,109,0.0000,False,,NODATA,50
alraha,2021-02-24,0,0,,,2,109,0.0000,False,,NODATA,50
alraha,2021-02-25,0,0,,,2,109,0.0000,False,,NODATA,50
alraha,2021-02-26,0,0,,,2,109,0.0000,False,,NODATA,50
alraha,2021-02-27,0,0,,,2,109,0.0000,False,,NODATA,50
alraha,2021-02-28,0,0,,,2,109,0.0000,False,,NODATA,50
alraha,2021-03-01,0,0,,,3,110,0.0000,False,,NODATA,50
alraha,2021-03-02,0,0,,,3,110,0.0000,False,,NODATA,50
alraha,2021-03-03,0,0,,,3,110,0.0000,False,,NODATA,50
alraha,2021-03-04,102,0,1.3167,0.3207,3,110,0.9273,True,0.0000,QUIET,50
alraha,2021-03-05,0,0,,,3,110,0.0000,False,,NODATA,50
alraha,2021-03-06,90,0,1.6124,0.2579,3,110,0.8182,True,0.0000,QUIET,50
alraha,2021-03-07,100,0,1.7074,0.3543,3,110,0.9091,True,0.0000,QUIET,50
alraha,2021-03-08,100,0,1.3672,0.1900,3,110,0.9091,True,0.0000,QUIET,50
alraha,2021-03-09,105,0,1.6499,0.1882,3,110,0.9545,True,0.0000,QUIET,50
alraha,2021-03-10,0,0,,,3,110,0.0000,False,,NODATA,50
alraha,2021-03-11,0,0,,,3,110,0.0000,False,,NODATA,50
alraha,2021-03-12,82,3,2.3940,0.2065,3,110,0.7455,True,0.0366,QUIET,50
alraha,2021-03-13,10,0,-0.4630,0.7244,3,110,0.0909,False,,NODATA,50
alraha,2021-03-14,0,0,,,3,110,0.0000,False,,NODATA,50
alraha,2021-03-15,92,0,0.7118,0.1419,3,110,0.8364,True,0.0000,QUIET,50
alraha,2021-03-16,1,0,-0.2780,0.7024,3,110,0.0091,False,,NODATA,50
alraha,2021-03-17,3,0,-0.1357,0.7181,3,110,0.0273,False,,NODATA,50
alraha,2021-03-18,0,0,,,3,110,0.0000,False,,NODATA,50
alraha,2021-03-19,34,5,3.4640,0.6941,3,110,0.3091,True,0.1471,QUIET,50
alraha,2021-03-20,7,0,-0.7456,0.6506,3,110,0.0636,False,,NODATA,50
alraha,2021-03-21,104,0,1.1506,0.2400,3,110,0.9455,True,0.0000,QUIET,50
alraha,2021-03-22,0,0,,,3,110,0.0000,False,,NODATA,50
alraha,2021-03-23,107,1,2.3079,0.2267,3,110,0.9727,True,0.0093,QUIET,50
alraha,2021-03-24,105,2,2.5867,0.2230,3,110,0.9545,True,0.0190,QUIET,50
alraha,2021-03-25,92,6,2.6604,0.1813,3,110,0.8364,True,0.0652,QUIET,50
alraha,2021-03-26,0,0,,,3,110,0.0000,False,,NODATA,50
alraha,2021-03-27,105,0,1.7835,0.2446,3,110,0.9545,True,0.0000,QUIET,50
alraha,2021-03-28,99,0,1.2784,0.1954,3,110,0.9000,True,0.0000,QUIET,50
alraha,2021-03-29,92,0,1.5104,0.3598,3,110,0.8364,True,0.0000,QUIET,50
alraha,2021-03-30,0,0,,,3,110,0.0000,False,,NODATA,50
alraha,2021-03-31,97,2,3.1686,0.2973,3,110,0.8818,True,0.0206,QUIET,50
alraha,2021-04-01,97,0,1.2964,0.2660,4,111,0.8739,True,0.0000,QUIET,50
alraha,2021-04-02,89,0,1.5402,0.3001,4,111,0.8018,True,0.0000,QUIET,50
alraha,2021-04-03,10,0,1.6322,0.9256,4,111,0.0901,False,,NODATA,50
alraha,2021-04-04,106,0,1.9035,0.3827,4,111,0.9550,True,0.0000,QUIET,50
alraha,2021-04-05,101,0,1.5077,0.4157,4,111,0.9099,True,0.0000,QUIET,50
alraha,2021-04-06,93,0,1.8141,0.3850,4,111,0.8378,True,0.0000,QUIET,50
alraha,2021-04-07,100,0,1.1007,0.1957,4,111,0.9009,True,0.0000,QUIET,50
alraha,2021-04-08,95,0,1.3103,0.2454,4,111,0.8559,True,0.0000,QUIET,50
alraha,2021-04-09,99,0,1.1678,0.1226,4,111,0.8919,True,0.0000,QUIET,50
alraha,2021-04-10,0,0,,,4,111,0.0000,False,,NODATA,50
alraha,2021-04-11,0,0,,,4,111,0.0000,False,,NODATA,50
alraha,2021-04-12,88,0,1.5954,0.2645,4,111,0.7928,True,0.0000,QUIET,50
alraha,2021-04-13,91,0,1.6358,0.3287,4,111,0.8198,True,0.0000,QUIET,50
alraha,2021-04-14,0,0,,,4,111,0.0000,False,,NODATA,50
alraha,2021-04-15,49,1,2.8036,0.1114,4,111,0.4414,True,0.0204,QUIET,50
alraha,2021-04-16,84,1,3.3162,0.2909,4,111,0.7568,True,0.0119,QUIET,50
alraha,2021-04-17,91,0,0.9077,0.2225,4,111,0.8198,True,0.0000,QUIET,50
alraha,2021-04-18,0,0,,,4,111,0.0000,False,,NODATA,50
alraha,2021-04-19,96,0,1.3742,0.3267,4,111,0.8649,True,0.0000,QUIET,50
alraha,2021-04-20,41,2,2.1462,0.6484,4,111,0.3694,True,0.0488,QUIET,50
alraha,2021-04-21,0,0,,,4,111,0.0000,False,,NODATA,50
alraha,2021-04-22,0,0,,,4,111,0.0000,False,,NODATA,50
alraha,2021-04-23,97,0,1.9711,0.3632,4,111,0.8739,True,0.0000,QUIET,50
alraha,2021-04-24,44,1,2.2409,0.6510,4,111,0.3964,True,0.0227,QUIET,50
alraha,2021-04-25,98,2,2.4393,0.4556,4,111,0.8829,True,0.0204,QUIET,50
alraha,2021-04-26,0,0,,,4,111,0.0000,False,,NODATA,50
alraha,2021-04-27,0,0,,,4,111,0.0000,False,,NODATA,50
alraha,2021-04-28,11,0,1.1204,0.4287,4,111,0.0991,False,,NODATA,50
alraha,2021-04-29,24,0,1.7973,0.2196,4,111,0.2162,True,0.0000,QUIET,50
alraha,2021-04-30,0,0,,,4,111,0.0000,False,,NODATA,50
alraha,2021-05-01,111,0,1.4449,0.5366,5,114,0.9737,True,0.0000,QUIET,50
alraha,2021-05-02,101,0,1.5151,0.4542,5,114,0.8860,True,0.0000,QUIET,50
alraha,2021-05-03,0,0,,,5,114,0.0000,False,,NODATA,50
alraha,2021-05-04,56,8,2.8416,0.5354,5,114,0.4912,True,0.1429,QUIET,50
alraha,2021-05-05,75,6,2.4727,0.5500,5,114,0.6579,True,0.0800,QUIET,50
alraha,2021-05-06,94,1,2.3572,0.4149,5,114,0.8246,True,0.0106,QUIET,50
alraha,2021-05-07,0,0,,,5,114,0.0000,False,,NODATA,50
alraha,2021-05-08,97,0,1.3175,0.3202,5,114,0.8509,True,0.0000,QUIET,50
alraha,2021-05-09,103,1,2.4191,0.4716,5,114,0.9035,True,0.0097,QUIET,50
alraha,2021-05-10,96,0,1.1593,0.2562,5,114,0.8421,True,0.0000,QUIET,50
alraha,2021-05-11,0,0,,,5,114,0.0000,False,,NODATA,50
alraha,2021-05-12,90,0,1.7129,0.2810,5,114,0.7895,True,0.0000,QUIET,50
alraha,2021-05-13,100,0,1.9038,0.3958,5,114,0.8772,True,0.0000,QUIET,50
alraha,2021-05-14,109,0,1.8360,0.5040,5,114,0.9561,True,0.0000,QUIET,50
alraha,2021-05-15,0,0,,,5,114,0.0000,False,,NODATA,50
alraha,2021-05-16,104,4,2.8572,0.5783,5,114,0.9123,True,0.0385,QUIET,50
alraha,2021-05-17,39,1,2.1718,0.6222,5,114,0.3421,True,0.0256,QUIET,50
alraha,2021-05-18,114,0,1.4193,0.5379,5,114,1.0000,True,0.0000,QUIET,50
alraha,2021-05-19,0,0,,,5,114,0.0000,False,,NODATA,50
alraha,2021-05-20,111,0,1.7399,0.5072,5,114,0.9737,True,0.0000,QUIET,50
alraha,2021-05-21,65,3,3.1269,0.3877,5,114,0.5702,True,0.0462,QUIET,50
alraha,2021-05-22,110,6,2.6872,0.5122,5,114,0.9649,True,0.0545,QUIET,50
alraha,2021-05-23,0,0,,,5,114,0.0000,False,,NODATA,50
alraha,2021-05-24,103,6,2.7446,0.5960,5,114,0.9035,True,0.0583,QUIET,50
alraha,2021-05-25,95,2,3.9004,0.4797,5,114,0.8333,True,0.0211,QUIET,50
alraha,2021-05-26,13,1,2.4692,0.8673,5,114,0.1140,True,0.0769,QUIET,50
alraha,2021-05-27,0,0,,,5,114,0.0000,False,,NODATA,50
alraha,2021-05-28,110,3,2.6382,0.5728,5,114,0.9649,True,0.0273,QUIET,50
alraha,2021-05-29,99,4,2.7802,0.4986,5,114,0.8684,True,0.0404,QUIET,50
alraha,2021-05-30,0,0,,,5,114,0.0000,False,,NODATA,50
alraha,2021-05-31,8,0,1.6912,0.9615,5,114,0.0702,False,,NODATA,50
alraha,2021-06-01,112,0,1.2164,0.5391,6,113,0.9912,True,0.0000,QUIET,50
alraha,2021-06-02,104,0,1.2601,0.4284,6,113,0.9204,True,0.0000,QUIET,50
alraha,2021-06-03,0,0,,,6,113,0.0000,False,,NODATA,50
alraha,2021-06-04,100,1,2.6211,0.3969,6,113,0.8850,True,0.0100,QUIET,50
alraha,2021-06-05,106,0,1.4407,0.4414,6,113,0.9381,True,0.0000,QUIET,50
alraha,2021-06-06,104,0,1.6902,0.4204,6,113,0.9204,True,0.0000,QUIET,50
alraha,2021-06-07,0,0,,,6,113,0.0000,False,,NODATA,50
alraha,2021-06-08,99,1,2.0963,0.4702,6,113,0.8761,True,0.0101,QUIET,50
alraha,2021-06-09,0,0,,,6,113,0.0000,False,,NODATA,50
alraha,2021-06-10,102,0,1.3479,0.4437,6,113,0.9027,True,0.0000,QUIET,50
alraha,2021-06-11,0,0,,,6,113,0.0000,False,,NODATA,50
alraha,2021-06-12,95,1,2.7192,0.4793,6,113,0.8407,True,0.0105,QUIET,50
alraha,2021-06-13,36,1,2.2484,0.6642,6,113,0.3186,True,0.0278,QUIET,50
alraha,2021-06-14,103,0,1.9390,0.5368,6,113,0.9115,True,0.0000,QUIET,50
alraha,2021-06-15,0,0,,,6,113,0.0000,False,,NODATA,50
alraha,2021-06-16,104,0,1.3976,0.5488,6,113,0.9204,True,0.0000,QUIET,50
alraha,2021-06-17,33,0,1.1616,0.3575,6,113,0.2920,True,0.0000,QUIET,50
alraha,2021-06-18,57,0,1.9964,0.6538,6,113,0.5044,True,0.0000,QUIET,50
alraha,2021-06-19,0,0,,,6,113,0.0000,False,,NODATA,50
alraha,2021-06-20,77,0,1.8393,0.6233,6,113,0.6814,True,0.0000,QUIET,50
alraha,2021-06-21,77,0,1.5368,0.4692,6,113,0.6814,True,0.0000,QUIET,50
alraha,2021-06-22,28,2,3.0595,0.8017,6,113,0.2478,True,0.0714,QUIET,50
alraha,2021-06-23,0,0,,,6,113,0.0000,False,,NODATA,50
alraha,2021-06-24,103,4,2.2663,0.6468,6,113,0.9115,True,0.0388,QUIET,50
alraha,2021-06-25,0,0,,,6,113,0.0000,False,,NODATA,50
alraha,2021-06-26,78,19,2.9072,0.5152,6,113,0.6903,True,0.2436,EXCEED,50
alraha,2021-06-27,0,0,,,6,113,0.0000,False,,NODATA,50
alraha,2021-06-28,0,0,,,6,113,0.0000,False,,NODATA,50
alraha,2021-06-29,0,0,,,6,113,0.0000,False,,NODATA,50
alraha,2021-06-30,0,0,,,6,113,0.0000,False,,NODATA,50
alraha,2021-07-01,0,0,,,7,110,0.0000,False,,NODATA,50
alraha,2021-07-02,0,0,,,7,110,0.0000,False,,NODATA,50
alraha,2021-07-03,73,0,1.7271,0.3971,7,110,0.6636,True,0.0000,QUIET,50
alraha,2021-07-04,0,0,,,7,110,0.0000,False,,NODATA,50
alraha,2021-07-05,95,1,2.0746,0.4594,7,110,0.8636,True,0.0105,QUIET,50
alraha,2021-07-06,12,0,-0.7565,0.7344,7,110,0.1091,True,0.0000,QUIET,50
alraha,2021-07-07,2,0,-1.9576,0.6155,7,110,0.0182,False,,NODATA,50
alraha,2021-07-08,0,0,,,7,110,0.0000,False,,NODATA,50
alraha,2021-07-09,99,1,2.1141,0.6421,7,110,0.9000,True,0.0101,QUIET,50
alraha,2021-07-10,20,0,1.9224,0.7342,7,110,0.1818,True,0.0000,QUIET,50
alraha,2021-07-11,54,2,2.1641,0.7556,7,110,0.4909,True,0.0370,QUIET,50
alraha,2021-07-12,0,0,,,7,110,0.0000,False,,NODATA,50
alraha,2021-07-13,18,0,-0.2764,-0.4323,7,110,0.1636,True,0.0000,QUIET,50
alraha,2021-07-14,58,4,3.4110,0.6070,7,110,0.5273,True,0.0690,QUIET,50
alraha,2021-07-15,0,0,,,7,110,0.0000,False,,NODATA,50
alraha,2021-07-16,0,0,,,7,110,0.0000,False,,NODATA,50
alraha,2021-07-17,22,0,0.7570,0.5338,7,110,0.2000,True,0.0000,QUIET,50
alraha,2021-07-18,90,1,2.5055,0.5375,7,110,0.8182,True,0.0111,QUIET,50
alraha,2021-07-19,106,0,1.8377,0.6223,7,110,0.9636,True,0.0000,QUIET,50
alraha,2021-07-20,0,0,,,7,110,0.0000,False,,NODATA,50
alraha,2021-07-21,0,0,,,7,110,0.0000,False,,NODATA,50
alraha,2021-07-22,89,0,1.7588,0.5496,7,110,0.8091,True,0.0000,QUIET,50
alraha,2021-07-23,82,8,2.6596,0.6273,7,110,0.7455,True,0.0976,QUIET,50
alraha,2021-07-24,19,1,2.0998,0.4996,7,110,0.1727,True,0.0526,QUIET,50
alraha,2021-07-25,61,5,2.6730,0.6774,7,110,0.5545,True,0.0820,QUIET,50
alraha,2021-07-26,95,1,2.1185,0.6693,7,110,0.8636,True,0.0105,QUIET,50
alraha,2021-07-27,0,0,,,7,110,0.0000,False,,NODATA,50
alraha,2021-07-28,82,0,1.2092,0.5013,7,110,0.7455,True,0.0000,QUIET,50
alraha,2021-07-29,15,0,0.2746,0.7874,7,110,0.1364,True,0.0000,QUIET,50
alraha,2021-07-30,2,0,-0.7231,0.7301,7,110,0.0182,False,,NODATA,50
alraha,2021-07-31,0,0,,,7,110,0.0000,False,,NODATA,50
alraha,2021-08-01,100,1,2.0001,0.5770,8,108,0.9259,True,0.0100,QUIET,50
alraha,2021-08-02,20,3,3.1446,0.7539,8,108,0.1852,True,0.1500,QUIET,50
alraha,2021-08-03,68,2,2.4057,0.3129,8,108,0.6296,True,0.0294,QUIET,50
alraha,2021-08-04,0,0,,,8,108,0.0000,False,,NODATA,50
alraha,2021-08-05,89,0,1.9508,0.5864,8,108,0.8241,True,0.0000,QUIET,50
alraha,2021-08-06,17,0,0.2399,0.5867,8,108,0.1574,True,0.0000,QUIET,50
alraha,2021-08-07,99,0,1.9900,0.5227,8,108,0.9167,True,0.0000,QUIET,50
alraha,2021-08-08,0,0,,,8,108,0.0000,False,,NODATA,50
alraha,2021-08-09,101,15,3.0710,0.8046,8,108,0.9352,True,0.1485,QUIET,50
alraha,2021-08-10,55,0,1.5534,0.6590,8,108,0.5093,True,0.0000,QUIET,50
alraha,2021-08-11,99,4,2.4842,0.7743,8,108,0.9167,True,0.0404,QUIET,50
alraha,2021-08-12,0,0,,,8,108,0.0000,False,,NODATA,50
alraha,2021-08-13,62,0,1.9010,0.7227,8,108,0.5741,True,0.0000,QUIET,50
alraha,2021-08-14,101,0,1.3798,0.6336,8,108,0.9352,True,0.0000,QUIET,50
alraha,2021-08-15,88,0,1.9511,0.5872,8,108,0.8148,True,0.0000,QUIET,50
alraha,2021-08-16,0,0,,,8,108,0.0000,False,,NODATA,50
alraha,2021-08-17,0,0,,,8,108,0.0000,False,,NODATA,50
alraha,2021-08-18,76,2,2.2522,0.5921,8,108,0.7037,True,0.0263,QUIET,50
alraha,2021-08-19,9,0,-0.7903,0.6980,8,108,0.0833,False,,NODATA,50
alraha,2021-08-20,19,0,1.8446,0.6651,8,108,0.1759,True,0.0000,QUIET,50
alraha,2021-08-21,97,6,2.1668,0.6953,8,108,0.8981,True,0.0619,QUIET,50
alraha,2021-08-22,68,7,2.5599,0.6540,8,108,0.6296,True,0.1029,QUIET,50
alraha,2021-08-23,0,0,,,8,108,0.0000,False,,NODATA,50
alraha,2021-08-24,91,1,2.1325,0.6821,8,108,0.8426,True,0.0110,QUIET,50
alraha,2021-08-25,0,0,,,8,108,0.0000,False,,NODATA,50
alraha,2021-08-26,92,0,0.7104,0.4640,8,108,0.8519,True,0.0000,QUIET,50
alraha,2021-08-27,0,0,,,8,108,0.0000,False,,NODATA,50
alraha,2021-08-28,67,0,1.3291,0.0690,8,108,0.6204,True,0.0000,QUIET,50
alraha,2021-08-29,9,0,1.3924,0.8296,8,108,0.0833,False,,NODATA,50
alraha,2021-08-30,87,7,2.4825,0.7350,8,108,0.8056,True,0.0805,QUIET,50
alraha,2021-08-31,0,0,,,8,108,0.0000,False,,NODATA,50
alraha,2021-09-01,97,27,2.8387,0.6387,9,108,0.8981,True,0.2784,EXCEED,50
alraha,2021-09-02,28,4,2.6342,0.6095,9,108,0.2593,True,0.1429,QUIET,50
alraha,2021-09-03,93,0,1.9443,0.5056,9,108,0.8611,True,0.0000,QUIET,50
alraha,2021-09-04,0,0,,,9,108,0.0000,False,,NODATA,50
alraha,2021-09-05,94,12,3.2841,0.6050,9,108,0.8704,True,0.1277,QUIET,50
alraha,2021-09-06,91,0,0.7965,0.4269,9,108,0.8426,True,0.0000,QUIET,50
alraha,2021-09-07,53,1,2.2954,0.4853,9,108,0.4907,True,0.0189,QUIET,50
alraha,2021-09-08,0,0,,,9,108,0.0000,False,,NODATA,50
alraha,2021-09-09,79,0,1.5716,0.3925,9,108,0.7315,True,0.0000,QUIET,50
alraha,2021-09-10,86,0,1.7228,0.3827,9,108,0.7963,True,0.0000,QUIET,50
alraha,2021-09-11,88,0,1.4856,0.3590,9,108,0.8148,True,0.0000,QUIET,50
alraha,2021-09-12,15,0,1.6819,0.8268,9,108,0.1389,True,0.0000,QUIET,50
alraha,2021-09-13,104,0,1.6599,0.4711,9,108,0.9630,True,0.0000,QUIET,50
alraha,2021-09-14,101,0,1.5595,0.4563,9,108,0.9352,True,0.0000,QUIET,50
alraha,2021-09-15,89,0,1.1524,0.4189,9,108,0.8241,True,0.0000,QUIET,50
alraha,2021-09-16,100,0,1.9714,0.5361,9,108,0.9259,True,0.0000,QUIET,50
alraha,2021-09-17,103,0,0.8979,0.5169,9,108,0.9537,True,0.0000,QUIET,50
alraha,2021-09-18,98,1,2.9021,0.5225,9,108,0.9074,True,0.0102,QUIET,50
alraha,2021-09-19,0,0,,,9,108,0.0000,False,,NODATA,50
alraha,2021-09-20,89,7,2.4196,0.5826,9,108,0.8241,True,0.0787,QUIET,50
alraha,2021-09-21,73,0,0.7553,0.4560,9,108,0.6759,True,0.0000,QUIET,50
alraha,2021-09-22,96,0,1.7371,0.4665,9,108,0.8889,True,0.0000,QUIET,50
alraha,2021-09-23,0,0,,,9,108,0.0000,False,,NODATA,50
alraha,2021-09-24,96,0,0.6318,0.4847,9,108,0.8889,True,0.0000,QUIET,50
alraha,2021-09-25,94,0,1.6757,0.5555,9,108,0.8704,True,0.0000,QUIET,50
alraha,2021-09-26,105,0,1.0880,0.5044,9,108,0.9722,True,0.0000,QUIET,50
alraha,2021-09-27,0,0,,,9,108,0.0000,False,,NODATA,50
alraha,2021-09-28,96,3,2.7101,0.5375,9,108,0.8889,True,0.0312,QUIET,50
alraha,2021-09-29,101,2,2.1367,0.5460,9,108,0.9352,True,0.0198,QUIET,50
alraha,2021-09-30,86,17,4.3938,0.6325,9,108,0.7963,True,0.1977,EXCEED,50
alraha,2021-10-01,13,0,1.1824,0.7694,10,115,0.1130,True,0.0000,QUIET,50
alraha,2021-10-02,16,3,2.6048,0.7497,10,115,0.1391,True,0.1875,ALERT,50
alraha,2021-10-03,31,1,2.3428,0.2387,10,115,0.2696,True,0.0323,QUIET,50
alraha,2021-10-04,84,13,2.8089,0.6145,10,115,0.7304,True,0.1548,ALERT,50
alraha,2021-10-05,80,5,2.2986,0.6125,10,115,0.6957,True,0.0625,QUIET,50
alraha,2021-10-06,105,4,2.3140,0.6271,10,115,0.9130,True,0.0381,QUIET,50
alraha,2021-10-07,95,4,2.6381,0.5156,10,115,0.8261,True,0.0421,QUIET,50
alraha,2021-10-08,92,0,1.8611,0.4773,10,115,0.8000,True,0.0000,QUIET,50
alraha,2021-10-09,101,0,1.4309,0.4201,10,115,0.8783,True,0.0000,QUIET,50
alraha,2021-10-10,101,0,1.6235,0.4244,10,115,0.8783,True,0.0000,QUIET,50
alraha,2021-10-11,101,0,1.9688,0.4197,10,115,0.8783,True,0.0000,QUIET,50
alraha,2021-10-12,90,1,2.9884,0.4401,10,115,0.7826,True,0.0111,QUIET,50
alraha,2021-10-13,105,0,1.9066,0.4767,10,115,0.9130,True,0.0000,QUIET,50
alraha,2021-10-14,109,0,1.7394,0.5033,10,115,0.9478,True,0.0000,QUIET,50
alraha,2021-10-15,100,0,0.7940,0.3890,10,115,0.8696,True,0.0000,QUIET,50
alraha,2021-10-16,0,0,,,10,115,0.0000,False,,NODATA,50
alraha,2021-10-17,103,0,0.8643,0.4622,10,115,0.8957,True,0.0000,QUIET,50
alraha,2021-10-18,109,1,2.3095,0.5385,10,115,0.9478,True,0.0092,QUIET,50
alraha,2021-10-19,0,0,,,10,115,0.0000,False,,NODATA,50
alraha,2021-10-20,0,0,,,10,115,0.0000,False,,NODATA,50
alraha,2021-10-21,106,1,2.1533,0.4056,10,115,0.9217,True,0.0094,QUIET,50
alraha,2021-10-22,107,0,0.2035,0.4022,10,115,0.9304,True,0.0000,QUIET,50
alraha,2021-10-23,97,0,-0.0477,0.2991,10,115,0.8435,True,0.0000,QUIET,50
alraha,2021-10-24,0,0,,,10,115,0.0000,False,,NODATA,50
alraha,2021-10-25,28,0,1.2658,0.7319,10,115,0.2435,True,0.0000,QUIET,50
alraha,2021-10-26,102,0,0.5551,0.4138,10,115,0.8870,True,0.0000,QUIET,50
alraha,2021-10-27,107,0,1.3340,0.3574,10,115,0.9304,True,0.0000,QUIET,50
alraha,2021-10-28,107,0,0.6671,0.3885,10,115,0.9304,True,0.0000,QUIET,50
alraha,2021-10-29,110,0,1.7611,0.4574,10,115,0.9565,True,0.0000,QUIET,50
alraha,2021-10-30,105,0,0.7528,0.4011,10,115,0.9130,True,0.0000,QUIET,50
alraha,2021-10-31,0,0,,,10,115,0.0000,False,,NODATA,50
alraha,2021-11-01,111,0,1.8505,0.3582,11,122,0.9098,True,0.0000,QUIET,50
alraha,2021-11-02,103,0,0.4275,0.3216,11,122,0.8443,True,0.0000,QUIET,50
alraha,2021-11-03,104,0,1.9595,0.2567,11,122,0.8525,True,0.0000,QUIET,50
alraha,2021-11-04,89,0,1.2687,0.1515,11,122,0.7295,True,0.0000,QUIET,50
alraha,2021-11-05,107,0,1.1721,0.3410,11,122,0.8770,True,0.0000,QUIET,50
alraha,2021-11-06,98,0,1.5398,0.2410,11,122,0.8033,True,0.0000,QUIET,50
alraha,2021-11-07,111,0,1.4847,0.4113,11,122,0.9098,True,0.0000,QUIET,50
alraha,2021-11-08,82,0,1.5655,0.2838,11,122,0.6721,True,0.0000,QUIET,50
alraha,2021-11-09,102,0,1.1174,0.3644,11,122,0.8361,True,0.0000,QUIET,50
alraha,2021-11-10,102,0,1.3449,0.2954,11,122,0.8361,True,0.0000,QUIET,50
alraha,2021-11-11,114,2,2.3139,0.4465,11,122,0.9344,True,0.0175,QUIET,50
alraha,2021-11-12,0,0,,,11,122,0.0000,False,,NODATA,50
alraha,2021-11-13,105,7,2.7706,0.4841,11,122,0.8607,True,0.0667,QUIET,50
alraha,2021-11-14,116,3,2.9054,0.3876,11,122,0.9508,True,0.0259,QUIET,50
alraha,2021-11-15,112,0,0.8390,0.3342,11,122,0.9180,True,0.0000,QUIET,50
alraha,2021-11-16,0,0,,,11,122,0.0000,False,,NODATA,50
alraha,2021-11-17,110,0,1.5631,0.4100,11,122,0.9016,True,0.0000,QUIET,50
alraha,2021-11-18,115,0,0.7334,0.3986,11,122,0.9426,True,0.0000,QUIET,50
alraha,2021-11-19,75,0,0.0905,0.1623,11,122,0.6148,True,0.0000,QUIET,50
alraha,2021-11-20,0,0,,,11,122,0.0000,False,,NODATA,50
alraha,2021-11-21,109,0,1.5906,0.4166,11,122,0.8934,True,0.0000,QUIET,50
alraha,2021-11-22,107,0,1.6009,0.3985,11,122,0.8770,True,0.0000,QUIET,50
alraha,2021-11-23,106,0,1.6131,0.4268,11,122,0.8689,True,0.0000,QUIET,50
alraha,2021-11-24,118,0,1.2379,0.4099,11,122,0.9672,True,0.0000,QUIET,50
alraha,2021-11-25,117,1,2.1626,0.4714,11,122,0.9590,True,0.0085,QUIET,50
alraha,2021-11-26,105,0,0.8603,0.3572,11,122,0.8607,True,0.0000,QUIET,50
alraha,2021-11-27,99,0,1.8291,0.2925,11,122,0.8115,True,0.0000,QUIET,50
alraha,2021-11-28,65,0,1.1804,0.2376,11,122,0.5328,True,0.0000,QUIET,50
alraha,2021-11-29,90,0,0.7051,0.2778,11,122,0.7377,True,0.0000,QUIET,50
alraha,2021-11-30,111,0,0.9409,0.3023,11,122,0.9098,True,0.0000,QUIET,50
alraha,2021-12-01,91,1,2.0174,0.2945,12,123,0.7398,True,0.0110,QUIET,50
alraha,2021-12-02,118,0,1.4411,0.4295,12,123,0.9593,True,0.0000,QUIET,50
alraha,2021-12-03,114,1,2.4932,0.3845,12,123,0.9268,True,0.0088,QUIET,50
alraha,2021-12-04,94,0,1.6375,0.3398,12,123,0.7642,True,0.0000,QUIET,50
alraha,2021-12-05,84,0,1.3238,0.2481,12,123,0.6829,True,0.0000,QUIET,50
alraha,2021-12-06,111,0,1.5100,0.3375,12,123,0.9024,True,0.0000,QUIET,50
alraha,2021-12-07,111,0,1.8764,0.3543,12,123,0.9024,True,0.0000,QUIET,50
alraha,2021-12-08,69,3,2.4970,0.5949,12,123,0.5610,True,0.0435,QUIET,50
alraha,2021-12-09,0,0,,,12,123,0.0000,False,,NODATA,50
alraha,2021-12-10,81,5,3.3252,0.3031,12,123,0.6585,True,0.0617,QUIET,50
alraha,2021-12-11,111,0,1.3116,0.2852,12,123,0.9024,True,0.0000,QUIET,50
alraha,2021-12-12,0,0,,,12,123,0.0000,False,,NODATA,50
alraha,2021-12-13,0,0,,,12,123,0.0000,False,,NODATA,50
alraha,2021-12-14,113,0,1.2784,0.2815,12,123,0.9187,True,0.0000,QUIET,50
alraha,2021-12-15,115,0,1.0152,0.3277,12,123,0.9350,True,0.0000,QUIET,50
alraha,2021-12-16,68,1,2.2027,0.5238,12,123,0.5528,True,0.0147,QUIET,50
alraha,2021-12-17,0,0,,,12,123,0.0000,False,,NODATA,50
alraha,2021-12-18,5,0,1.4295,0.5264,12,123,0.0407,False,,NODATA,50
alraha,2021-12-19,69,0,1.7050,0.2030,12,123,0.5610,True,0.0000,QUIET,50
alraha,2021-12-20,109,3,2.9847,0.3614,12,123,0.8862,True,0.0275,QUIET,50
alraha,2021-12-21,117,1,2.0035,0.3719,12,123,0.9512,True,0.0085,QUIET,50
alraha,2021-12-22,119,1,2.3605,0.4081,12,123,0.9675,True,0.0084,QUIET,50
alraha,2021-12-23,109,0,1.9193,0.4568,12,123,0.8862,True,0.0000,QUIET,50
alraha,2021-12-24,102,2,3.8950,0.2916,12,123,0.8293,True,0.0196,QUIET,50
alraha,2021-12-25,117,0,1.6770,0.3332,12,123,0.9512,True,0.0000,QUIET,50
alraha,2021-12-26,40,2,2.2881,0.7876,12,123,0.3252,True,0.0500,QUIET,50
alraha,2021-12-27,114,1,2.0793,0.4141,12,123,0.9268,True,0.0088,QUIET,50
alraha,2021-12-28,83,18,3.7069,0.3770,12,123,0.6748,True,0.2169,EXCEED,50
alraha,2021-12-29,56,4,2.5168,0.3617,12,123,0.4553,True,0.0714,QUIET,50
alraha,2021-12-30,26,0,0.7776,0.0703,12,123,0.2114,True,0.0000,QUIET,50
alraha,2021-12-31,41,0,1.2470,0.5427,12,123,0.3333,True,0.0000,QUIET,50
alraha,2022-01-01,2,0,-0.0970,0.3886,1,114,0.0175,False,,NODATA,50
alraha,2022-01-02,0,0,,,1,114,0.0000,False,,NODATA,50
alraha,2022-01-03,11,0,0.4122,0.6745,1,114,0.0965,False,,NODATA,50
alraha,2022-01-04,4,0,1.0475,0.3922,1,114,0.0351,False,,NODATA,50
alraha,2022-01-05,0,0,,,1,114,0.0000,False,,NODATA,50
alraha,2022-01-06,44,0,1.1156,0.4723,1,114,0.3860,True,0.0000,QUIET,50
alraha,2022-01-07,88,1,2.9021,0.3781,1,114,0.7719,True,0.0114,QUIET,50
alraha,2022-01-08,85,0,1.4635,0.4811,1,114,0.7456,True,0.0000,QUIET,50
alraha,2022-01-09,0,0,,,1,114,0.0000,False,,NODATA,50
alraha,2022-01-10,90,0,0.2392,0.1832,1,114,0.7895,True,0.0000,QUIET,50
alraha,2022-01-11,112,0,1.5374,0.2909,1,114,0.9825,True,0.0000,QUIET,50
alraha,2022-01-12,109,1,2.8779,0.3285,1,114,0.9561,True,0.0092,QUIET,50
alraha,2022-01-13,0,0,,,1,114,0.0000,False,,NODATA,50
alraha,2022-01-14,106,1,2.1361,0.2978,1,114,0.9298,True,0.0094,QUIET,50
alraha,2022-01-15,9,0,-0.3052,0.3574,1,114,0.0789,False,,NODATA,50
alraha,2022-01-16,0,0,,,1,114,0.0000,False,,NODATA,50
alraha,2022-01-17,98,1,4.2883,0.4241,1,114,0.8596,True,0.0102,QUIET,50
alraha,2022-01-18,111,1,3.4484,0.4274,1,114,0.9737,True,0.0090,QUIET,50
alraha,2022-01-19,6,0,0.4150,0.5685,1,114,0.0526,False,,NODATA,50
alraha,2022-01-20,0,0,,,1,114,0.0000,False,,NODATA,50
alraha,2022-01-21,0,0,,,1,114,0.0000,False,,NODATA,50
alraha,2022-01-22,16,0,1.5595,0.4827,1,114,0.1404,True,0.0000,QUIET,50
alraha,2022-01-23,85,0,1.4120,0.3583,1,114,0.7456,True,0.0000,QUIET,50
alraha,2022-01-24,90,0,1.9099,0.3323,1,114,0.7895,True,0.0000,QUIET,50
alraha,2022-01-25,98,0,1.0830,0.2919,1,114,0.8596,True,0.0000,QUIET,50
alraha,2022-01-26,99,0,1.0512,0.2753,1,114,0.8684,True,0.0000,QUIET,50
alraha,2022-01-27,111,0,1.0921,0.3335,1,114,0.9737,True,0.0000,QUIET,50
alraha,2022-01-28,87,0,1.4142,0.1656,1,114,0.7632,True,0.0000,QUIET,50
alraha,2022-01-29,112,0,0.4700,0.3362,1,114,0.9825,True,0.0000,QUIET,50
alraha,2022-01-30,102,0,1.3737,0.2059,1,114,0.8947,True,0.0000,QUIET,50
alraha,2022-01-31,59,0,1.9786,0.7087,1,114,0.5175,True,0.0000,QUIET,50
alraha,2022-02-01,0,0,,,2,109,0.0000,False,,NODATA,50
alraha,2022-02-02,86,0,0.9565,0.2267,2,109,0.7890,True,0.0000,QUIET,50
alraha,2022-02-03,80,0,1.0447,0.2072,2,109,0.7339,True,0.0000,QUIET,50
alraha,2022-02-04,105,0,1.6485,0.2912,2,109,0.9633,True,0.0000,QUIET,50
alraha,2022-02-05,0,0,,,2,109,0.0000,False,,NODATA,50
alraha,2022-02-06,104,5,3.8337,0.4503,2,109,0.9541,True,0.0481,QUIET,50
alraha,2022-02-07,79,2,3.2629,0.4126,2,109,0.7248,True,0.0253,QUIET,50
alraha,2022-02-08,62,5,3.8758,0.3763,2,109,0.5688,True,0.0806,QUIET,50
alraha,2022-02-09,0,0,,,2,109,0.0000,False,,NODATA,50
alraha,2022-02-10,109,0,0.4700,0.2065,2,109,1.0000,True,0.0000,QUIET,50
alraha,2022-02-11,106,1,2.5139,0.1801,2,109,0.9725,True,0.0094,QUIET,50
alraha,2022-02-12,102,0,1.5241,0.2009,2,109,0.9358,True,0.0000,QUIET,50
alraha,2022-02-13,5,0,-0.7558,-0.0913,2,109,0.0459,False,,NODATA,50
alraha,2022-02-14,0,0,,,2,109,0.0000,False,,NODATA,50
alraha,2022-02-15,104,0,0.3359,0.1100,2,109,0.9541,True,0.0000,QUIET,50
alraha,2022-02-16,85,0,0.8920,-0.0599,2,109,0.7798,True,0.0000,QUIET,50
alraha,2022-02-17,105,0,-0.0741,0.1119,2,109,0.9633,True,0.0000,QUIET,50
alraha,2022-02-18,105,0,0.7235,0.1977,2,109,0.9633,True,0.0000,QUIET,50
alraha,2022-02-19,103,3,3.0389,0.1927,2,109,0.9450,True,0.0291,QUIET,50
alraha,2022-02-20,89,0,1.2222,0.1935,2,109,0.8165,True,0.0000,QUIET,50
alraha,2022-02-21,26,0,1.2909,0.4222,2,109,0.2385,True,0.0000,QUIET,50
alraha,2022-02-22,43,1,2.4832,0.2082,2,109,0.3945,True,0.0233,QUIET,50
alraha,2022-02-23,58,0,0.6697,0.0787,2,109,0.5321,True,0.0000,QUIET,50
alraha,2022-02-24,77,0,1.5871,0.0303,2,109,0.7064,True,0.0000,QUIET,50
alraha,2022-02-25,105,0,1.0126,0.3001,2,109,0.9633,True,0.0000,QUIET,50
alraha,2022-02-26,100,3,3.1320,0.2632,2,109,0.9174,True,0.0300,QUIET,50
alraha,2022-02-27,73,1,2.9148,0.2123,2,109,0.6697,True,0.0137,QUIET,50
alraha,2022-02-28,0,0,,,2,109,0.0000,False,,NODATA,50
alraha,2022-03-01,103,1,3.2661,0.1953,3,110,0.9364,True,0.0097,QUIET,50
alraha,2022-03-02,104,0,1.8418,0.1603,3,110,0.9455,True,0.0000,QUIET,50
alraha,2022-03-03,95,0,1.1037,0.1643,3,110,0.8636,True,0.0000,QUIET,50
alraha,2022-03-04,0,0,,,3,110,0.0000,False,,NODATA,50
alraha,2022-03-05,0,0,,,3,110,0.0000,False,,NODATA,50
alraha,2022-03-06,82,1,2.6296,0.1826,3,110,0.7455,True,0.0122,QUIET,50
alraha,2022-03-07,70,6,2.9007,0.5921,3,110,0.6364,True,0.0857,QUIET,50
alraha,2022-03-08,0,0,,,3,110,0.0000,False,,NODATA,50
alraha,2022-03-09,104,0,1.9483,0.3233,3,110,0.9455,True,0.0000,QUIET,50
alraha,2022-03-10,99,0,1.8202,0.2859,3,110,0.9000,True,0.0000,QUIET,50
alraha,2022-03-11,100,1,2.0349,0.2414,3,110,0.9091,True,0.0100,QUIET,50
alraha,2022-03-12,2,1,4.5792,0.9393,3,110,0.0182,False,,NODATA,50
alraha,2022-03-13,108,0,1.9237,0.3446,3,110,0.9818,True,0.0000,QUIET,50
alraha,2022-03-14,106,0,1.3595,0.2700,3,110,0.9636,True,0.0000,QUIET,50
alraha,2022-03-15,96,1,3.1784,0.1369,3,110,0.8727,True,0.0104,QUIET,50
alraha,2022-03-16,11,1,3.9702,0.8121,3,110,0.1000,True,0.0909,QUIET,50
alraha,2022-03-17,101,17,2.7009,0.4794,3,110,0.9182,True,0.1683,EXCEED,50
alraha,2022-03-18,74,16,2.7988,0.4080,3,110,0.6727,True,0.2162,ALERT,50
alraha,2022-03-19,71,29,3.6931,0.3955,3,110,0.6455,True,0.4085,ALERT,50
alraha,2022-03-20,32,0,1.5298,-0.0168,3,110,0.2909,True,0.0000,QUIET,50
alraha,2022-03-21,84,1,4.5364,0.2974,3,110,0.7636,True,0.0119,QUIET,50
alraha,2022-03-22,93,1,3.5672,0.1907,3,110,0.8455,True,0.0108,QUIET,50
alraha,2022-03-23,62,2,2.5405,0.1476,3,110,0.5636,True,0.0323,QUIET,50
alraha,2022-03-24,97,1,2.6085,0.3048,3,110,0.8818,True,0.0103,QUIET,50
alraha,2022-03-25,37,8,2.8076,0.6835,3,110,0.3364,True,0.2162,ALERT,50
alraha,2022-03-26,103,2,2.5512,0.2284,3,110,0.9364,True,0.0194,QUIET,50
alraha,2022-03-27,0,0,,,3,110,0.0000,False,,NODATA,50
alraha,2022-03-28,73,16,3.2914,0.3374,3,110,0.6636,True,0.2192,ALERT,50
alraha,2022-03-29,86,13,3.3385,0.3725,3,110,0.7818,True,0.1512,QUIET,50
alraha,2022-03-30,98,0,1.6292,0.2208,3,110,0.8909,True,0.0000,QUIET,50
alraha,2022-03-31,0,0,,,3,110,0.0000,False,,NODATA,50
alraha,2022-04-01,90,0,0.1417,0.0539,4,111,0.8108,True,0.0000,QUIET,50
alraha,2022-04-02,88,1,2.5768,0.0907,4,111,0.7928,True,0.0114,QUIET,50
alraha,2022-04-03,96,1,2.7901,0.1516,4,111,0.8649,True,0.0104,QUIET,50
alraha,2022-04-04,0,0,,,4,111,0.0000,False,,NODATA,50
alraha,2022-04-05,99,0,1.3257,0.2687,4,111,0.8919,True,0.0000,QUIET,50
alraha,2022-04-06,65,0,1.2069,0.3475,4,111,0.5856,True,0.0000,QUIET,50
alraha,2022-04-07,102,0,1.2580,0.2625,4,111,0.9189,True,0.0000,QUIET,50
alraha,2022-04-08,0,0,,,4,111,0.0000,False,,NODATA,50
alraha,2022-04-09,105,0,1.7164,0.3807,4,111,0.9459,True,0.0000,QUIET,50
alraha,2022-04-10,66,0,1.1772,0.2064,4,111,0.5946,True,0.0000,QUIET,50
alraha,2022-04-11,95,3,4.4533,0.2875,4,111,0.8559,True,0.0316,QUIET,50
alraha,2022-04-12,0,0,,,4,111,0.0000,False,,NODATA,50
alraha,2022-04-13,55,3,2.4504,-0.3675,4,111,0.4955,True,0.0545,QUIET,50
alraha,2022-04-14,100,4,3.6952,0.3860,4,111,0.9009,True,0.0400,QUIET,50
alraha,2022-04-15,3,0,-2.1490,0.7297,4,111,0.0270,False,,NODATA,50
alraha,2022-04-16,4,1,2.0444,0.7543,4,111,0.0360,False,,NODATA,50
alraha,2022-04-17,14,0,0.2538,-0.4175,4,111,0.1261,True,0.0000,QUIET,50
alraha,2022-04-18,75,1,2.1297,0.3647,4,111,0.6757,True,0.0133,QUIET,50
alraha,2022-04-19,78,1,3.3468,0.2610,4,111,0.7027,True,0.0128,QUIET,50
alraha,2022-04-20,5,0,0.0624,0.8451,4,111,0.0450,False,,NODATA,50
alraha,2022-04-21,102,0,1.8644,0.3914,4,111,0.9189,True,0.0000,QUIET,50
alraha,2022-04-22,102,1,2.4871,0.3442,4,111,0.9189,True,0.0098,QUIET,50
alraha,2022-04-23,0,0,,,4,111,0.0000,False,,NODATA,50
alraha,2022-04-24,98,0,1.9197,0.2935,4,111,0.8829,True,0.0000,QUIET,50
alraha,2022-04-25,110,1,2.3765,0.3646,4,111,0.9910,True,0.0091,QUIET,50
alraha,2022-04-26,35,0,0.6254,-0.0121,4,111,0.3153,True,0.0000,QUIET,50
alraha,2022-04-27,0,0,,,4,111,0.0000,False,,NODATA,50
alraha,2022-04-28,87,2,2.1752,0.4768,4,111,0.7838,True,0.0230,QUIET,50
alraha,2022-04-29,103,1,2.5407,0.3774,4,111,0.9279,True,0.0097,QUIET,50
alraha,2022-04-30,33,0,0.8907,0.2637,4,111,0.2973,True,0.0000,QUIET,50
alraha,2022-05-01,0,0,,,5,114,0.0000,False,,NODATA,50
alraha,2022-05-02,47,0,0.3371,-0.2963,5,114,0.4123,True,0.0000,QUIET,50
alraha,2022-05-03,14,0,1.0615,0.4371,5,114,0.1228,True,0.0000,QUIET,50
alraha,2022-05-04,103,4,3.1650,0.4522,5,114,0.9035,True,0.0388,QUIET,50
alraha,2022-05-05,0,0,,,5,114,0.0000,False,,NODATA,50
alraha,2022-05-06,8,0,0.6224,0.7657,5,114,0.0702,False,,NODATA,50
alraha,2022-05-07,22,0,0.2180,-0.3444,5,114,0.1930,True,0.0000,QUIET,50
alraha,2022-05-08,48,0,0.6522,0.2743,5,114,0.4211,True,0.0000,QUIET,50
alraha,2022-05-09,0,0,,,5,114,0.0000,False,,NODATA,50
alraha,2022-05-10,103,20,3.7124,0.4759,5,114,0.9035,True,0.1942,EXCEED,50
alraha,2022-05-11,94,11,3.5001,0.4198,5,114,0.8246,True,0.1170,QUIET,50
alraha,2022-05-12,100,4,2.7074,0.4423,5,114,0.8772,True,0.0400,QUIET,50
alraha,2022-05-13,0,0,,,5,114,0.0000,False,,NODATA,50
alraha,2022-05-14,97,3,3.3891,0.4776,5,114,0.8509,True,0.0309,QUIET,50
alraha,2022-05-15,5,0,0.5051,0.6702,5,114,0.0439,False,,NODATA,50
alraha,2022-05-16,1,0,-1.7284,0.7839,5,114,0.0088,False,,NODATA,50
alraha,2022-05-17,1,0,0.3638,0.7100,5,114,0.0088,False,,NODATA,50
alraha,2022-05-18,11,0,0.7154,0.7222,5,114,0.0965,False,,NODATA,50
alraha,2022-05-19,88,14,3.6484,0.3910,5,114,0.7719,True,0.1591,EXCEED,50
alraha,2022-05-20,0,0,,,5,114,0.0000,False,,NODATA,50
alraha,2022-05-21,95,0,1.9190,0.2661,5,114,0.8333,True,0.0000,QUIET,50
alraha,2022-05-22,112,2,2.3112,0.3617,5,114,0.9825,True,0.0179,QUIET,50
alraha,2022-05-23,103,0,1.5235,0.2534,5,114,0.9035,True,0.0000,QUIET,50
alraha,2022-05-24,0,0,,,5,114,0.0000,False,,NODATA,50
alraha,2022-05-25,8,0,0.6034,0.7137,5,114,0.0702,False,,NODATA,50
alraha,2022-05-26,0,0,,,5,114,0.0000,False,,NODATA,50
alraha,2022-05-27,19,0,0.9462,0.7161,5,114,0.1667,True,0.0000,QUIET,50
alraha,2022-05-28,0,0,,,5,114,0.0000,False,,NODATA,50
alraha,2022-05-29,23,0,0.7206,-0.3295,5,114,0.2018,True,0.0000,QUIET,50
alraha,2022-05-30,38,0,1.2939,0.4255,5,114,0.3333,True,0.0000,QUIET,50
alraha,2022-05-31,98,0,1.9977,0.2657,5,114,0.8596,True,0.0000,QUIET,50
alraha,2022-06-01,0,0,,,6,113,0.0000,False,,NODATA,50
alraha,2022-06-02,76,0,1.3325,0.3528,6,113,0.6726,True,0.0000,QUIET,50
alraha,2022-06-03,52,0,0.7356,0.0360,6,113,0.4602,True,0.0000,QUIET,50
alraha,2022-06-04,105,1,2.5755,0.4238,6,113,0.9292,True,0.0095,QUIET,50
alraha,2022-06-05,0,0,,,6,113,0.0000,False,,NODATA,50
alraha,2022-06-06,105,1,2.1058,0.4377,6,113,0.9292,True,0.0095,QUIET,50
alraha,2022-06-07,101,0,1.4021,0.3984,6,113,0.8938,True,0.0000,QUIET,50
alraha,2022-06-08,89,2,2.8700,0.4000,6,113,0.7876,True,0.0225,QUIET,50
alraha,2022-06-09,0,0,,,6,113,0.0000,False,,NODATA,50
alraha,2022-06-10,104,2,2.7239,0.4552,6,113,0.9204,True,0.0192,QUIET,50
alraha,2022-06-11,97,0,1.9406,0.4029,6,113,0.8584,True,0.0000,QUIET,50
alraha,2022-06-12,87,1,3.0642,0.4747,6,113,0.7699,True,0.0115,QUIET,50
alraha,2022-06-13,4,0,0.2672,0.8737,6,113,0.0354,False,,NODATA,50
alraha,2022-06-14,24,0,0.4832,0.7274,6,113,0.2124,True,0.0000,QUIET,50
alraha,2022-06-15,33,0,0.4000,-0.4207,6,113,0.2920,True,0.0000,QUIET,50
alraha,2022-06-16,0,0,,,6,113,0.0000,False,,NODATA,50
alraha,2022-06-17,93,1,2.6201,0.4385,6,113,0.8230,True,0.0108,QUIET,50
alraha,2022-06-18,108,0,1.2204,0.5452,6,113,0.9558,True,0.0000,QUIET,50
alraha,2022-06-19,99,0,1.5074,0.5824,6,113,0.8761,True,0.0000,QUIET,50
alraha,2022-06-20,0,0,,,6,113,0.0000,False,,NODATA,50
alraha,2022-06-21,104,1,2.0068,0.4764,6,113,0.9204,True,0.0096,QUIET,50
alraha,2022-06-22,13,3,5.3506,0.8189,6,113,0.1150,True,0.2308,EXCEED,50
alraha,2022-06-23,8,0,0.2519,0.6903,6,113,0.0708,False,,NODATA,50
alraha,2022-06-24,0,0,,,6,113,0.0000,False,,NODATA,50
alraha,2022-06-25,31,0,1.4247,0.0990,6,113,0.2743,True,0.0000,QUIET,50
alraha,2022-06-26,1,0,-0.5610,0.7177,6,113,0.0088,False,,NODATA,50
alraha,2022-06-27,11,0,-0.5295,0.6894,6,113,0.0973,False,,NODATA,50
alraha,2022-06-28,0,0,,,6,113,0.0000,False,,NODATA,50
alraha,2022-06-29,22,0,0.5037,0.6900,6,113,0.1947,True,0.0000,QUIET,50
alraha,2022-06-30,43,0,0.8032,0.1339,6,113,0.3805,True,0.0000,QUIET,50
alraha,2022-07-01,4,0,-0.7708,0.5204,7,110,0.0364,False,,NODATA,50
alraha,2022-07-02,0,0,,,7,110,0.0000,False,,NODATA,50
alraha,2022-07-03,79,0,0.8779,0.6509,7,110,0.7182,True,0.0000,QUIET,50
alraha,2022-07-04,89,0,1.4731,0.2769,7,110,0.8091,True,0.0000,QUIET,50
alraha,2022-07-05,3,0,-1.8064,0.6637,7,110,0.0273,False,,NODATA,50
alraha,2022-07-06,0,0,,,7,110,0.0000,False,,NODATA,50
alraha,2022-07-07,0,0,,,7,110,0.0000,False,,NODATA,50
alraha,2022-07-08,0,0,,,7,110,0.0000,False,,NODATA,50
alraha,2022-07-09,0,0,,,7,110,0.0000,False,,NODATA,50
alraha,2022-07-10,14,0,0.4665,0.2004,7,110,0.1273,True,0.0000,QUIET,50
alraha,2022-07-11,0,0,,,7,110,0.0000,False,,NODATA,50
alraha,2022-07-12,52,1,2.2406,0.4875,7,110,0.4727,True,0.0192,QUIET,50
alraha,2022-07-13,0,0,,,7,110,0.0000,False,,NODATA,50
alraha,2022-07-14,10,0,0.7315,0.1994,7,110,0.0909,False,,NODATA,50
alraha,2022-07-15,9,0,0.1766,0.7533,7,110,0.0818,False,,NODATA,50
alraha,2022-07-16,11,0,0.6476,0.7244,7,110,0.1000,True,0.0000,QUIET,50
alraha,2022-07-17,0,0,,,7,110,0.0000,False,,NODATA,50
alraha,2022-07-18,87,0,1.8357,0.5772,7,110,0.7909,True,0.0000,QUIET,50
alraha,2022-07-19,24,0,0.0695,0.7501,7,110,0.2182,True,0.0000,QUIET,50
alraha,2022-07-20,11,0,0.1956,0.0289,7,110,0.1000,True,0.0000,QUIET,50
alraha,2022-07-21,0,0,,,7,110,0.0000,False,,NODATA,50
alraha,2022-07-22,63,1,2.4463,0.3634,7,110,0.5727,True,0.0159,QUIET,50
alraha,2022-07-23,8,0,-0.2440,0.7340,7,110,0.0727,False,,NODATA,50
alraha,2022-07-24,67,1,2.7969,0.2983,7,110,0.6091,True,0.0149,QUIET,50
alraha,2022-07-25,0,0,,,7,110,0.0000,False,,NODATA,50
alraha,2022-07-26,0,0,,,7,110,0.0000,False,,NODATA,50
alraha,2022-07-27,0,0,,,7,110,0.0000,False,,NODATA,50
alraha,2022-07-28,16,1,2.3622,0.6744,7,110,0.1455,True,0.0625,QUIET,50
alraha,2022-07-29,0,0,,,7,110,0.0000,False,,NODATA,50
alraha,2022-07-30,24,2,2.2455,0.4943,7,110,0.2182,True,0.0833,QUIET,50
alraha,2022-07-31,89,1,2.0153,0.4967,7,110,0.8091,True,0.0112,QUIET,50
alraha,2022-08-01,40,1,2.8005,0.7024,8,108,0.3704,True,0.0250,QUIET,50
alraha,2022-08-02,0,0,,,8,108,0.0000,False,,NODATA,50
alraha,2022-08-03,38,0,1.0718,0.5973,8,108,0.3519,True,0.0000,QUIET,50
alraha,2022-08-04,94,1,2.0938,0.4603,8,108,0.8704,True,0.0106,QUIET,50
alraha,2022-08-05,31,2,2.5415,0.6422,8,108,0.2870,True,0.0645,QUIET,50
alraha,2022-08-06,18,0,1.5760,0.3519,8,108,0.1667,True,0.0000,QUIET,50
alraha,2022-08-07,99,1,4.6365,0.5602,8,108,0.9167,True,0.0101,QUIET,50
alraha,2022-08-08,101,2,2.6757,0.5895,8,108,0.9352,True,0.0198,QUIET,50
alraha,2022-08-09,0,0,,,8,108,0.0000,False,,NODATA,50
alraha,2022-08-10,35,3,4.5505,0.4312,8,108,0.3241,True,0.0857,QUIET,50
alraha,2022-08-11,52,0,0.2160,0.3411,8,108,0.4815,True,0.0000,QUIET,50
alraha,2022-08-12,14,0,-0.5160,-0.1034,8,108,0.1296,True,0.0000,QUIET,50
alraha,2022-08-13,0,0,,,8,108,0.0000,False,,NODATA,50
alraha,2022-08-14,0,0,,,8,108,0.0000,False,,NODATA,50
alraha,2022-08-15,0,0,,,8,108,0.0000,False,,NODATA,50
alraha,2022-08-16,15,0,-0.0300,-0.1102,8,108,0.1389,True,0.0000,QUIET,50
alraha,2022-08-17,0,0,,,8,108,0.0000,False,,NODATA,50
alraha,2022-08-18,102,1,2.4241,0.5102,8,108,0.9444,True,0.0098,QUIET,50
alraha,2022-08-19,37,0,1.5317,0.6002,8,108,0.3426,True,0.0000,QUIET,50
alraha,2022-08-20,104,2,2.1051,0.4950,8,108,0.9630,True,0.0192,QUIET,50
alraha,2022-08-21,0,0,,,8,108,0.0000,False,,NODATA,50
alraha,2022-08-22,98,1,2.1158,0.5757,8,108,0.9074,True,0.0102,QUIET,50
alraha,2022-08-23,94,1,2.0347,0.4208,8,108,0.8704,True,0.0106,QUIET,50
alraha,2022-08-24,65,0,1.4846,0.4158,8,108,0.6019,True,0.0000,QUIET,50
alraha,2022-08-25,0,0,,,8,108,0.0000,False,,NODATA,50
alraha,2022-08-26,89,0,1.6617,0.5848,8,108,0.8241,True,0.0000,QUIET,50
alraha,2022-08-27,45,0,1.8774,0.6439,8,108,0.4167,True,0.0000,QUIET,50
alraha,2022-08-28,95,1,2.3507,0.5416,8,108,0.8796,True,0.0105,QUIET,50
alraha,2022-08-29,0,0,,,8,108,0.0000,False,,NODATA,50
alraha,2022-08-30,96,0,1.8987,0.5009,8,108,0.8889,True,0.0000,QUIET,50
alraha,2022-08-31,96,0,1.6502,0.4188,8,108,0.8889,True,0.0000,QUIET,50
alraha,2022-09-01,94,2,3.4705,0.4339,9,108,0.8704,True,0.0213,QUIET,50
alraha,2022-09-02,81,0,0.4470,0.2527,9,108,0.7500,True,0.0000,QUIET,50
alraha,2022-09-03,106,0,1.2099,0.4614,9,108,0.9815,True,0.0000,QUIET,50
alraha,2022-09-04,97,0,1.1884,0.4041,9,108,0.8981,True,0.0000,QUIET,50
alraha,2022-09-05,0,0,,,9,108,0.0000,False,,NODATA,50
alraha,2022-09-06,97,0,1.7129,0.3292,9,108,0.8981,True,0.0000,QUIET,50
alraha,2022-09-07,88,0,1.7713,0.3398,9,108,0.8148,True,0.0000,QUIET,50
alraha,2022-09-08,72,2,3.9676,0.2872,9,108,0.6667,True,0.0278,QUIET,50
alraha,2022-09-09,0,0,,,9,108,0.0000,False,,NODATA,50
alraha,2022-09-10,89,0,1.9306,0.3697,9,108,0.8241,True,0.0000,QUIET,50
alraha,2022-09-11,91,0,1.2314,0.3538,9,108,0.8426,True,0.0000,QUIET,50
alraha,2022-09-12,89,0,1.5550,0.3839,9,108,0.8241,True,0.0000,QUIET,50
alraha,2022-09-13,0,0,,,9,108,0.0000,False,,NODATA,50
alraha,2022-09-14,100,0,1.3482,0.4453,9,108,0.9259,True,0.0000,QUIET,50
alraha,2022-09-15,77,0,1.5938,0.4004,9,108,0.7130,True,0.0000,QUIET,50
alraha,2022-09-16,96,1,2.3953,0.2428,9,108,0.8889,True,0.0104,QUIET,50
alraha,2022-09-17,0,0,,,9,108,0.0000,False,,NODATA,50
alraha,2022-09-18,102,0,1.1278,0.3937,9,108,0.9444,True,0.0000,QUIET,50
alraha,2022-09-19,98,0,1.8348,0.3841,9,108,0.9074,True,0.0000,QUIET,50
alraha,2022-09-20,79,3,4.8778,0.4604,9,108,0.7315,True,0.0380,QUIET,50
alraha,2022-09-21,0,0,,,9,108,0.0000,False,,NODATA,50
alraha,2022-09-22,99,0,1.6181,0.4663,9,108,0.9167,True,0.0000,QUIET,50
alraha,2022-09-23,99,0,1.1165,0.4189,9,108,0.9167,True,0.0000,QUIET,50
alraha,2022-09-24,65,0,1.2061,0.4665,9,108,0.6019,True,0.0000,QUIET,50
alraha,2022-09-25,55,0,0.7585,0.2849,9,108,0.5093,True,0.0000,QUIET,50
alraha,2022-09-26,84,0,1.1883,0.3824,9,108,0.7778,True,0.0000,QUIET,50
alraha,2022-09-27,92,0,0.0590,0.2918,9,108,0.8519,True,0.0000,QUIET,50
alraha,2022-09-28,87,0,0.7747,0.3292,9,108,0.8056,True,0.0000,QUIET,50
alraha,2022-09-29,97,0,0.5638,0.4001,9,108,0.8981,True,0.0000,QUIET,50
alraha,2022-09-30,100,0,1.5680,0.4174,9,108,0.9259,True,0.0000,QUIET,50
alraha,2022-10-01,110,2,5.0478,0.4866,10,115,0.9565,True,0.0182,QUIET,50
alraha,2022-10-02,0,0,,,10,115,0.0000,False,,NODATA,50
alraha,2022-10-03,99,1,2.6544,0.3704,10,115,0.8609,True,0.0101,QUIET,50
alraha,2022-10-04,104,3,2.7227,0.5020,10,115,0.9043,True,0.0288,QUIET,50
alraha,2022-10-05,104,1,2.6047,0.4518,10,115,0.9043,True,0.0096,QUIET,50
alraha,2022-10-06,0,0,,,10,115,0.0000,False,,NODATA,50
alraha,2022-10-07,103,0,1.0894,0.3865,10,115,0.8957,True,0.0000,QUIET,50
alraha,2022-10-08,101,3,2.4701,0.4933,10,115,0.8783,True,0.0297,QUIET,50
alraha,2022-10-09,0,0,,,10,115,0.0000,False,,NODATA,50
alraha,2022-10-10,0,0,,,10,115,0.0000,False,,NODATA,50
alraha,2022-10-11,105,0,1.3441,0.4059,10,115,0.9130,True,0.0000,QUIET,50
alraha,2022-10-12,97,0,1.8306,0.3256,10,115,0.8435,True,0.0000,QUIET,50
alraha,2022-10-13,99,2,2.7398,0.3922,10,115,0.8609,True,0.0202,QUIET,50
alraha,2022-10-14,26,2,2.1101,0.8134,10,115,0.2261,True,0.0769,QUIET,50
alraha,2022-10-15,0,0,,,10,115,0.0000,False,,NODATA,50
alraha,2022-10-16,0,0,,,10,115,0.0000,False,,NODATA,50
alraha,2022-10-17,0,0,,,10,115,0.0000,False,,NODATA,50
alraha,2022-10-18,0,0,,,10,115,0.0000,False,,NODATA,50
alraha,2022-10-19,0,0,,,10,115,0.0000,False,,NODATA,50
alraha,2022-10-20,0,0,,,10,115,0.0000,False,,NODATA,50
alraha,2022-10-21,0,0,,,10,115,0.0000,False,,NODATA,50
alraha,2022-10-22,0,0,,,10,115,0.0000,False,,NODATA,50
alraha,2022-10-23,0,0,,,10,115,0.0000,False,,NODATA,50
alraha,2022-10-24,0,0,,,10,115,0.0000,False,,NODATA,50
alraha,2022-10-25,0,0,,,10,115,0.0000,False,,NODATA,50
alraha,2022-10-26,0,0,,,10,115,0.0000,False,,NODATA,50
alraha,2022-10-27,0,0,,,10,115,0.0000,False,,NODATA,50
alraha,2022-10-28,0,0,,,10,115,0.0000,False,,NODATA,50
alraha,2022-10-29,0,0,,,10,115,0.0000,False,,NODATA,50
alraha,2022-10-30,0,0,,,10,115,0.0000,False,,NODATA,50
alraha,2022-10-31,0,0,,,10,115,0.0000,False,,NODATA,50
alraha,2022-11-01,0,0,,,11,122,0.0000,False,,NODATA,50
alraha,2022-11-02,0,0,,,11,122,0.0000,False,,NODATA,50
alraha,2022-11-03,0,0,,,11,122,0.0000,False,,NODATA,50
alraha,2022-11-04,0,0,,,11,122,0.0000,False,,NODATA,50
alraha,2022-11-05,0,0,,,11,122,0.0000,False,,NODATA,50
alraha,2022-11-06,0,0,,,11,122,0.0000,False,,NODATA,50
alraha,2022-11-07,0,0,,,11,122,0.0000,False,,NODATA,50
alraha,2022-11-08,0,0,,,11,122,0.0000,False,,NODATA,50
alraha,2022-11-09,0,0,,,11,122,0.0000,False,,NODATA,50
alraha,2022-11-10,0,0,,,11,122,0.0000,False,,NODATA,50
alraha,2022-11-11,0,0,,,11,122,0.0000,False,,NODATA,50
alraha,2022-11-12,0,0,,,11,122,0.0000,False,,NODATA,50
alraha,2022-11-13,0,0,,,11,122,0.0000,False,,NODATA,50
alraha,2022-11-14,0,0,,,11,122,0.0000,False,,NODATA,50
alraha,2022-11-15,0,0,,,11,122,0.0000,False,,NODATA,50
alraha,2022-11-16,0,0,,,11,122,0.0000,False,,NODATA,50
alraha,2022-11-17,0,0,,,11,122,0.0000,False,,NODATA,50
alraha,2022-11-18,0,0,,,11,122,0.0000,False,,NODATA,50
alraha,2022-11-19,0,0,,,11,122,0.0000,False,,NODATA,50
alraha,2022-11-20,0,0,,,11,122,0.0000,False,,NODATA,50
alraha,2022-11-21,0,0,,,11,122,0.0000,False,,NODATA,50
alraha,2022-11-22,0,0,,,11,122,0.0000,False,,NODATA,50
alraha,2022-11-23,0,0,,,11,122,0.0000,False,,NODATA,50
alraha,2022-11-24,0,0,,,11,122,0.0000,False,,NODATA,50
alraha,2022-11-25,0,0,,,11,122,0.0000,False,,NODATA,50
alraha,2022-11-26,0,0,,,11,122,0.0000,False,,NODATA,50
alraha,2022-11-27,0,0,,,11,122,0.0000,False,,NODATA,50
alraha,2022-11-28,0,0,,,11,122,0.0000,False,,NODATA,50
alraha,2022-11-29,0,0,,,11,122,0.0000,False,,NODATA,50
alraha,2022-11-30,0,0,,,11,122,0.0000,False,,NODATA,50
alraha,2022-12-01,0,0,,,12,123,0.0000,False,,NODATA,50
alraha,2022-12-02,0,0,,,12,123,0.0000,False,,NODATA,50
alraha,2022-12-03,0,0,,,12,123,0.0000,False,,NODATA,50
alraha,2022-12-04,0,0,,,12,123,0.0000,False,,NODATA,50
alraha,2022-12-05,0,0,,,12,123,0.0000,False,,NODATA,50
alraha,2022-12-06,0,0,,,12,123,0.0000,False,,NODATA,50
alraha,2022-12-07,0,0,,,12,123,0.0000,False,,NODATA,50
alraha,2022-12-08,0,0,,,12,123,0.0000,False,,NODATA,50
alraha,2022-12-09,0,0,,,12,123,0.0000,False,,NODATA,50
alraha,2022-12-10,0,0,,,12,123,0.0000,False,,NODATA,50
alraha,2022-12-11,0,0,,,12,123,0.0000,False,,NODATA,50
alraha,2022-12-12,0,0,,,12,123,0.0000,False,,NODATA,50
alraha,2022-12-13,0,0,,,12,123,0.0000,False,,NODATA,50
alraha,2022-12-14,0,0,,,12,123,0.0000,False,,NODATA,50
alraha,2022-12-15,0,0,,,12,123,0.0000,False,,NODATA,50
alraha,2022-12-16,0,0,,,12,123,0.0000,False,,NODATA,50
alraha,2022-12-17,0,0,,,12,123,0.0000,False,,NODATA,50
alraha,2022-12-18,0,0,,,12,123,0.0000,False,,NODATA,50
alraha,2022-12-19,0,0,,,12,123,0.0000,False,,NODATA,50
alraha,2022-12-20,0,0,,,12,123,0.0000,False,,NODATA,50
alraha,2022-12-21,0,0,,,12,123,0.0000,False,,NODATA,50
alraha,2022-12-22,0,0,,,12,123,0.0000,False,,NODATA,50
alraha,2022-12-23,0,0,,,12,123,0.0000,False,,NODATA,50
alraha,2022-12-24,0,0,,,12,123,0.0000,False,,NODATA,50
alraha,2022-12-25,0,0,,,12,123,0.0000,False,,NODATA,50
alraha,2022-12-26,0,0,,,12,123,0.0000,False,,NODATA,50
alraha,2022-12-27,0,0,,,12,123,0.0000,False,,NODATA,50
alraha,2022-12-28,0,0,,,12,123,0.0000,False,,NODATA,50
alraha,2022-12-29,0,0,,,12,123,0.0000,False,,NODATA,50
alraha,2022-12-30,0,0,,,12,123,0.0000,False,,NODATA,50
alraha,2022-12-31,0,0,,,12,123,0.0000,False,,NODATA,50
alraha,2023-01-01,0,0,,,1,114,0.0000,False,,NODATA,50
alraha,2023-01-02,0,0,,,1,114,0.0000,False,,NODATA,50
alraha,2023-01-03,0,0,,,1,114,0.0000,False,,NODATA,50
alraha,2023-01-04,0,0,,,1,114,0.0000,False,,NODATA,50
alraha,2023-01-05,0,0,,,1,114,0.0000,False,,NODATA,50
alraha,2023-01-06,0,0,,,1,114,0.0000,False,,NODATA,50
alraha,2023-01-07,0,0,,,1,114,0.0000,False,,NODATA,50
alraha,2023-01-08,0,0,,,1,114,0.0000,False,,NODATA,50
alraha,2023-01-09,0,0,,,1,114,0.0000,False,,NODATA,50
alraha,2023-01-10,0,0,,,1,114,0.0000,False,,NODATA,50
alraha,2023-01-11,0,0,,,1,114,0.0000,False,,NODATA,50
alraha,2023-01-12,0,0,,,1,114,0.0000,False,,NODATA,50
alraha,2023-01-13,0,0,,,1,114,0.0000,False,,NODATA,50
alraha,2023-01-14,0,0,,,1,114,0.0000,False,,NODATA,50
alraha,2023-01-15,0,0,,,1,114,0.0000,False,,NODATA,50
alraha,2023-01-16,107,4,3.2980,0.3217,1,114,0.9386,True,0.0374,QUIET,50
alraha,2023-01-17,102,4,3.0270,0.4398,1,114,0.8947,True,0.0392,QUIET,50
alraha,2023-01-18,0,0,,,1,114,0.0000,False,,NODATA,50
alraha,2023-01-19,0,0,,,1,114,0.0000,False,,NODATA,50
alraha,2023-01-20,97,0,1.8748,0.2694,1,114,0.8509,True,0.0000,QUIET,50
alraha,2023-01-21,112,0,1.9488,0.3066,1,114,0.9825,True,0.0000,QUIET,50
alraha,2023-01-22,0,0,,,1,114,0.0000,False,,NODATA,50
alraha,2023-01-23,6,0,0.6895,0.3067,1,114,0.0526,False,,NODATA,50
alraha,2023-01-24,109,0,1.4851,0.3041,1,114,0.9561,True,0.0000,QUIET,50
alraha,2023-01-25,38,0,0.5526,0.2396,1,114,0.3333,True,0.0000,QUIET,50
alraha,2023-01-26,0,0,,,1,114,0.0000,False,,NODATA,50
alraha,2023-01-27,23,0,0.6246,0.0543,1,114,0.2018,True,0.0000,QUIET,50
alraha,2023-01-28,58,0,1.1301,0.3302,1,114,0.5088,True,0.0000,QUIET,50
alraha,2023-01-29,107,4,2.7769,0.4079,1,114,0.9386,True,0.0374,QUIET,50
alraha,2023-01-30,107,0,1.6040,0.2684,1,114,0.9386,True,0.0000,QUIET,50
alraha,2023-01-31,113,3,2.4373,0.3141,1,114,0.9912,True,0.0265,QUIET,50
alraha,2023-02-01,107,1,2.2826,0.3232,2,109,0.9817,True,0.0093,QUIET,50
alraha,2023-02-02,91,7,4.6764,0.3128,2,109,0.8349,True,0.0769,QUIET,50
alraha,2023-02-03,109,2,2.9421,0.3278,2,109,1.0000,True,0.0183,QUIET,50
alraha,2023-02-04,106,1,2.2281,0.4046,2,109,0.9725,True,0.0094,QUIET,50
alraha,2023-02-05,106,1,2.7187,0.3214,2,109,0.9725,True,0.0094,QUIET,50
alraha,2023-02-06,53,3,2.5676,0.4829,2,109,0.4862,True,0.0566,QUIET,50
alraha,2023-02-07,105,1,2.2326,0.3253,2,109,0.9633,True,0.0095,QUIET,50
alraha,2023-02-08,21,1,2.2506,0.7849,2,109,0.1927,True,0.0476,QUIET,50
alraha,2023-02-09,105,11,2.8723,0.5137,2,109,0.9633,True,0.1048,QUIET,50
alraha,2023-02-10,32,27,5.6737,0.4789,2,109,0.2936,True,0.8438,EXCEED,50
alraha,2023-02-11,94,6,2.7197,0.3820,2,109,0.8624,True,0.0638,QUIET,50
alraha,2023-02-12,99,1,2.2843,0.3126,2,109,0.9083,True,0.0101,QUIET,50
alraha,2023-02-13,105,1,2.1465,0.3426,2,109,0.9633,True,0.0095,QUIET,50
alraha,2023-02-14,0,0,,,2,109,0.0000,False,,NODATA,50
alraha,2023-02-15,96,4,3.2553,0.2726,2,109,0.8807,True,0.0417,QUIET,50
alraha,2023-02-16,108,3,4.7478,0.3066,2,109,0.9908,True,0.0278,QUIET,50
alraha,2023-02-17,6,0,0.8447,0.6838,2,109,0.0550,False,,NODATA,50
alraha,2023-02-18,0,0,,,2,109,0.0000,False,,NODATA,50
alraha,2023-02-19,105,0,1.7583,0.4036,2,109,0.9633,True,0.0000,QUIET,50
alraha,2023-02-20,100,2,2.3715,0.4416,2,109,0.9174,True,0.0200,QUIET,50
alraha,2023-02-21,99,0,1.2880,0.3538,2,109,0.9083,True,0.0000,QUIET,50
alraha,2023-02-22,0,0,,,2,109,0.0000,False,,NODATA,50
alraha,2023-02-23,104,0,1.9986,0.3151,2,109,0.9541,True,0.0000,QUIET,50
alraha,2023-02-24,98,0,1.5395,0.3192,2,109,0.8991,True,0.0000,QUIET,50
alraha,2023-02-25,97,1,2.3805,0.2980,2,109,0.8899,True,0.0103,QUIET,50
alraha,2023-02-26,21,2,4.2411,0.7537,2,109,0.1927,True,0.0952,QUIET,50
alraha,2023-02-27,31,1,2.7561,0.6813,2,109,0.2844,True,0.0323,QUIET,50
alraha,2023-02-28,87,3,4.7807,0.2310,2,109,0.7982,True,0.0345,QUIET,50
alraha,2023-03-01,0,0,,,3,110,0.0000,False,,NODATA,50
alraha,2023-03-02,85,3,2.6777,0.3339,3,110,0.7727,True,0.0353,QUIET,50
alraha,2023-03-03,107,2,2.6762,0.2106,3,110,0.9727,True,0.0187,QUIET,50
alraha,2023-03-04,109,1,3.2715,0.2048,3,110,0.9909,True,0.0092,QUIET,50
alraha,2023-03-05,31,1,3.1659,0.2504,3,110,0.2818,True,0.0323,QUIET,50
alraha,2023-03-06,106,0,1.4889,0.2255,3,110,0.9636,True,0.0000,QUIET,50
alraha,2023-03-07,102,1,2.0654,0.2050,3,110,0.9273,True,0.0098,QUIET,50
alraha,2023-03-08,58,1,2.3809,0.2290,3,110,0.5273,True,0.0172,QUIET,50
alraha,2023-03-09,67,0,1.1179,-0.0002,3,110,0.6091,True,0.0000,QUIET,50
alraha,2023-03-10,0,0,,,3,110,0.0000,False,,NODATA,50
alraha,2023-03-11,31,0,1.8835,-0.1909,3,110,0.2818,True,0.0000,QUIET,50
alraha,2023-03-12,104,1,2.4766,0.3980,3,110,0.9455,True,0.0096,QUIET,50
alraha,2023-03-13,0,0,,,3,110,0.0000,False,,NODATA,50
alraha,2023-03-14,107,1,2.2779,0.4389,3,110,0.9727,True,0.0093,QUIET,50
alraha,2023-03-15,53,2,2.1262,0.2057,3,110,0.4818,True,0.0377,QUIET,50
alraha,2023-03-16,110,7,3.9657,0.3936,3,110,1.0000,True,0.0636,QUIET,50
alraha,2023-03-17,0,0,,,3,110,0.0000,False,,NODATA,50
alraha,2023-03-18,107,5,3.9043,0.2815,3,110,0.9727,True,0.0467,QUIET,50
alraha,2023-03-19,2,0,-0.2693,-0.1027,3,110,0.0182,False,,NODATA,50
alraha,2023-03-20,99,3,3.4464,0.2334,3,110,0.9000,True,0.0303,QUIET,50
alraha,2023-03-21,0,0,,,3,110,0.0000,False,,NODATA,50
alraha,2023-03-22,107,3,2.2679,0.4667,3,110,0.9727,True,0.0280,QUIET,50
alraha,2023-03-23,72,5,2.4610,0.3260,3,110,0.6545,True,0.0694,QUIET,50
alraha,2023-03-24,81,2,2.1278,0.2324,3,110,0.7364,True,0.0247,QUIET,50
alraha,2023-03-25,0,0,,,3,110,0.0000,False,,NODATA,50
alraha,2023-03-26,106,0,1.6305,0.3685,3,110,0.9636,True,0.0000,QUIET,50
alraha,2023-03-27,2,0,1.4073,-0.0514,3,110,0.0182,False,,NODATA,50
alraha,2023-03-28,104,13,3.6519,0.4845,3,110,0.9455,True,0.1250,QUIET,50
alraha,2023-03-29,0,0,,,3,110,0.0000,False,,NODATA,50
alraha,2023-03-30,101,0,1.7409,0.2843,3,110,0.9182,True,0.0000,QUIET,50
alraha,2023-03-31,106,3,3.1497,0.2859,3,110,0.9636,True,0.0283,QUIET,50
alraha,2023-04-01,71,2,3.3364,0.3150,4,111,0.6396,True,0.0282,QUIET,50
alraha,2023-04-02,0,0,,,4,111,0.0000,False,,NODATA,50
alraha,2023-04-03,94,1,2.3246,0.4558,4,111,0.8468,True,0.0106,QUIET,50
alraha,2023-04-04,95,0,1.5760,0.2761,4,111,0.8559,True,0.0000,QUIET,50
alraha,2023-04-05,92,0,0.6005,0.1049,4,111,0.8288,True,0.0000,QUIET,50
alraha,2023-04-06,57,0,1.3361,0.0848,4,111,0.5135,True,0.0000,QUIET,50
alraha,2023-04-07,95,0,1.4131,0.2144,4,111,0.8559,True,0.0000,QUIET,50
alraha,2023-04-08,46,0,1.1873,0.1186,4,111,0.4144,True,0.0000,QUIET,50
alraha,2023-04-09,0,0,,,4,111,0.0000,False,,NODATA,50
alraha,2023-04-10,94,1,3.9913,0.3887,4,111,0.8468,True,0.0106,QUIET,50
alraha,2023-04-11,94,0,1.4551,0.4020,4,111,0.8468,True,0.0000,QUIET,50
alraha,2023-04-12,104,0,1.6130,0.4906,4,111,0.9369,True,0.0000,QUIET,50
alraha,2023-04-13,0,0,,,4,111,0.0000,False,,NODATA,50
alraha,2023-04-14,3,0,1.3841,0.4819,4,111,0.0270,False,,NODATA,50
alraha,2023-04-15,87,1,2.6523,0.4234,4,111,0.7838,True,0.0115,QUIET,50
alraha,2023-04-16,98,0,0.8979,0.4025,4,111,0.8829,True,0.0000,QUIET,50
alraha,2023-04-17,0,0,,,4,111,0.0000,False,,NODATA,50
alraha,2023-04-18,38,0,0.1966,-0.1335,4,111,0.3423,True,0.0000,QUIET,50
alraha,2023-04-19,16,0,1.0862,0.1327,4,111,0.1441,True,0.0000,QUIET,50
alraha,2023-04-20,22,0,0.6785,0.1622,4,111,0.1982,True,0.0000,QUIET,50
alraha,2023-04-21,0,0,,,4,111,0.0000,False,,NODATA,50
alraha,2023-04-22,94,1,2.2112,0.2956,4,111,0.8468,True,0.0106,QUIET,50
alraha,2023-04-23,13,0,1.0738,0.3934,4,111,0.1171,True,0.0000,QUIET,50
alraha,2023-04-24,72,0,1.1096,0.3082,4,111,0.6486,True,0.0000,QUIET,50
alraha,2023-04-25,0,0,,,4,111,0.0000,False,,NODATA,50
alraha,2023-04-26,33,0,1.8261,0.3050,4,111,0.2973,True,0.0000,QUIET,50
alraha,2023-04-27,0,0,,,4,111,0.0000,False,,NODATA,50
alraha,2023-04-28,103,0,1.0342,0.3805,4,111,0.9279,True,0.0000,QUIET,50
alraha,2023-04-29,0,0,,,4,111,0.0000,False,,NODATA,50
alraha,2023-04-30,0,0,,,4,111,0.0000,False,,NODATA,50
alraha,2023-05-01,0,0,,,5,114,0.0000,False,,NODATA,50
alraha,2023-05-02,97,2,6.0699,0.3173,5,114,0.8509,True,0.0206,QUIET,50
alraha,2023-05-03,0,0,,,5,114,0.0000,False,,NODATA,50
alraha,2023-05-04,106,0,1.4524,0.4453,5,114,0.9298,True,0.0000,QUIET,50
alraha,2023-05-05,93,0,0.7960,0.2214,5,114,0.8158,True,0.0000,QUIET,50
alraha,2023-05-06,0,0,,,5,114,0.0000,False,,NODATA,50
alraha,2023-05-07,84,0,1.6486,0.2095,5,114,0.7368,True,0.0000,QUIET,50
alraha,2023-05-08,0,0,,,5,114,0.0000,False,,NODATA,50
alraha,2023-05-09,0,0,,,5,114,0.0000,False,,NODATA,50
alraha,2023-05-10,0,0,,,5,114,0.0000,False,,NODATA,50
alraha,2023-05-11,103,0,1.4914,0.4222,5,114,0.9035,True,0.0000,QUIET,50
alraha,2023-05-12,81,0,0.9840,0.2291,5,114,0.7105,True,0.0000,QUIET,50
alraha,2023-05-13,108,0,1.5323,0.3968,5,114,0.9474,True,0.0000,QUIET,50
alraha,2023-05-14,0,0,,,5,114,0.0000,False,,NODATA,50
alraha,2023-05-15,107,1,2.0173,0.2300,5,114,0.9386,True,0.0093,QUIET,50
alraha,2023-05-16,0,0,,,5,114,0.0000,False,,NODATA,50
alraha,2023-05-17,103,0,1.7242,0.2593,5,114,0.9035,True,0.0000,QUIET,50
alraha,2023-05-18,0,0,,,5,114,0.0000,False,,NODATA,50
alraha,2023-05-19,97,0,1.2310,0.3571,5,114,0.8509,True,0.0000,QUIET,50
alraha,2023-05-20,60,0,1.9191,0.3088,5,114,0.5263,True,0.0000,QUIET,50
alraha,2023-05-21,0,0,,,5,114,0.0000,False,,NODATA,50
alraha,2023-05-22,0,0,,,5,114,0.0000,False,,NODATA,50
alraha,2023-05-23,96,6,3.2548,0.5198,5,114,0.8421,True,0.0625,QUIET,50
alraha,2023-05-24,0,0,,,5,114,0.0000,False,,NODATA,50
alraha,2023-05-25,104,0,1.1207,0.4335,5,114,0.9123,True,0.0000,QUIET,50
alraha,2023-05-26,0,0,,,5,114,0.0000,False,,NODATA,50
alraha,2023-05-27,0,0,,,5,114,0.0000,False,,NODATA,50
alraha,2023-05-28,100,1,2.8813,0.3794,5,114,0.8772,True,0.0100,QUIET,50
alraha,2023-05-29,100,2,2.4473,0.4232,5,114,0.8772,True,0.0200,QUIET,50
alraha,2023-05-30,12,1,2.4353,0.6625,5,114,0.1053,True,0.0833,QUIET,50
alraha,2023-05-31,111,0,1.2855,0.4583,5,114,0.9737,True,0.0000,QUIET,50
alraha,2023-06-01,100,0,1.7179,0.3870,6,113,0.8850,True,0.0000,QUIET,50
alraha,2023-06-02,0,0,,,6,113,0.0000,False,,NODATA,50
alraha,2023-06-03,89,0,1.8731,0.2440,6,113,0.7876,True,0.0000,QUIET,50
alraha,2023-06-04,107,0,1.6293,0.3713,6,113,0.9469,True,0.0000,QUIET,50
alraha,2023-06-05,101,0,1.6982,0.3610,6,113,0.8938,True,0.0000,QUIET,50
alraha,2023-06-06,0,0,,,6,113,0.0000,False,,NODATA,50
alraha,2023-06-07,101,2,2.2099,0.4522,6,113,0.8938,True,0.0198,QUIET,50
alraha,2023-06-08,112,0,1.6152,0.5481,6,113,0.9912,True,0.0000,QUIET,50
alraha,2023-06-09,109,1,3.1365,0.5926,6,113,0.9646,True,0.0092,QUIET,50
alraha,2023-06-10,0,0,,,6,113,0.0000,False,,NODATA,50
alraha,2023-06-11,108,0,1.9346,0.4953,6,113,0.9558,True,0.0000,QUIET,50
alraha,2023-06-12,40,0,1.7942,0.7011,6,113,0.3540,True,0.0000,QUIET,50
alraha,2023-06-13,100,2,2.1828,0.4972,6,113,0.8850,True,0.0200,QUIET,50
alraha,2023-06-14,0,0,,,6,113,0.0000,False,,NODATA,50
alraha,2023-06-15,105,0,1.2214,0.4123,6,113,0.9292,True,0.0000,QUIET,50
alraha,2023-06-16,0,0,,,6,113,0.0000,False,,NODATA,50
alraha,2023-06-17,112,0,1.2136,0.4882,6,113,0.9912,True,0.0000,QUIET,50
alraha,2023-06-18,0,0,,,6,113,0.0000,False,,NODATA,50
alraha,2023-06-19,110,0,0.8264,0.5766,6,113,0.9735,True,0.0000,QUIET,50
alraha,2023-06-20,103,0,1.2284,0.5284,6,113,0.9115,True,0.0000,QUIET,50
alraha,2023-06-21,107,0,1.7344,0.6491,6,113,0.9469,True,0.0000,QUIET,50
alraha,2023-06-22,0,0,,,6,113,0.0000,False,,NODATA,50
alraha,2023-06-23,111,0,1.2269,0.5743,6,113,0.9823,True,0.0000,QUIET,50
alraha,2023-06-24,82,0,1.2251,0.4321,6,113,0.7257,True,0.0000,QUIET,50
alraha,2023-06-25,82,4,4.6632,0.5031,6,113,0.7257,True,0.0488,QUIET,50
alraha,2023-06-26,48,0,1.1633,0.4844,6,113,0.4248,True,0.0000,QUIET,50
alraha,2023-06-27,75,0,1.4443,0.6696,6,113,0.6637,True,0.0000,QUIET,50
alraha,2023-06-28,6,0,0.2360,0.7114,6,113,0.0531,False,,NODATA,50
alraha,2023-06-29,0,0,,,6,113,0.0000,False,,NODATA,50
alraha,2023-06-30,84,2,2.8267,0.3099,6,113,0.7434,True,0.0238,QUIET,50
alraha,2023-07-01,103,1,2.1170,0.4452,7,110,0.9364,True,0.0097,QUIET,50
alraha,2023-07-02,98,0,1.5182,0.3540,7,110,0.8909,True,0.0000,QUIET,50
alraha,2023-07-03,0,0,,,7,110,0.0000,False,,NODATA,50
alraha,2023-07-04,93,1,2.4382,0.4104,7,110,0.8455,True,0.0108,QUIET,50
alraha,2023-07-05,0,0,,,7,110,0.0000,False,,NODATA,50
alraha,2023-07-06,100,0,1.3988,0.5824,7,110,0.9091,True,0.0000,QUIET,50
alraha,2023-07-07,0,0,,,7,110,0.0000,False,,NODATA,50
alraha,2023-07-08,0,0,,,7,110,0.0000,False,,NODATA,50
alraha,2023-07-09,2,0,0.0042,0.7819,7,110,0.0182,False,,NODATA,50
alraha,2023-07-10,103,2,2.6782,0.6016,7,110,0.9364,True,0.0194,QUIET,50
alraha,2023-07-11,0,0,,,7,110,0.0000,False,,NODATA,50
alraha,2023-07-12,100,0,1.5376,0.5308,7,110,0.9091,True,0.0000,QUIET,50
alraha,2023-07-13,0,0,,,7,110,0.0000,False,,NODATA,50
alraha,2023-07-14,0,0,,,7,110,0.0000,False,,NODATA,50
alraha,2023-07-15,0,0,,,7,110,0.0000,False,,NODATA,50
alraha,2023-07-16,29,0,-0.0975,-0.4000,7,110,0.2636,True,0.0000,QUIET,50
alraha,2023-07-17,96,1,3.1324,0.5241,7,110,0.8727,True,0.0104,QUIET,50
alraha,2023-07-18,40,0,1.9051,0.2078,7,110,0.3636,True,0.0000,QUIET,50
alraha,2023-07-19,0,0,,,7,110,0.0000,False,,NODATA,50
alraha,2023-07-20,104,0,1.4241,0.5745,7,110,0.9455,True,0.0000,QUIET,50
alraha,2023-07-21,0,0,,,7,110,0.0000,False,,NODATA,50
alraha,2023-07-22,0,0,,,7,110,0.0000,False,,NODATA,50
alraha,2023-07-23,3,0,-0.2958,0.6277,7,110,0.0273,False,,NODATA,50
alraha,2023-07-24,0,0,,,7,110,0.0000,False,,NODATA,50
alraha,2023-07-25,0,0,,,7,110,0.0000,False,,NODATA,50
alraha,2023-07-26,0,0,,,7,110,0.0000,False,,NODATA,50
alraha,2023-07-27,78,0,1.4638,0.4834,7,110,0.7091,True,0.0000,QUIET,50
alraha,2023-07-28,0,0,,,7,110,0.0000,False,,NODATA,50
alraha,2023-07-29,24,0,1.4630,0.3914,7,110,0.2182,True,0.0000,QUIET,50
alraha,2023-07-30,0,0,,,7,110,0.0000,False,,NODATA,50
alraha,2023-07-31,98,1,2.3038,0.4588,7,110,0.8909,True,0.0102,QUIET,50
alraha,2023-08-01,86,0,1.7343,0.4558,8,108,0.7963,True,0.0000,QUIET,50
alraha,2023-08-02,0,0,,,8,108,0.0000,False,,NODATA,50
alraha,2023-08-03,0,0,,,8,108,0.0000,False,,NODATA,50
alraha,2023-08-04,0,0,,,8,108,0.0000,False,,NODATA,50
alraha,2023-08-05,0,0,,,8,108,0.0000,False,,NODATA,50
alraha,2023-08-06,0,0,,,8,108,0.0000,False,,NODATA,50
alraha,2023-08-07,0,0,,,8,108,0.0000,False,,NODATA,50
alraha,2023-08-08,0,0,,,8,108,0.0000,False,,NODATA,50
alraha,2023-08-09,89,3,2.8328,0.4307,8,108,0.8241,True,0.0337,QUIET,50
alraha,2023-08-10,0,0,,,8,108,0.0000,False,,NODATA,50
alraha,2023-08-11,0,0,,,8,108,0.0000,False,,NODATA,50
alraha,2023-08-12,0,0,,,8,108,0.0000,False,,NODATA,50
alraha,2023-08-13,0,0,,,8,108,0.0000,False,,NODATA,50
alraha,2023-08-14,0,0,,,8,108,0.0000,False,,NODATA,50
alraha,2023-08-15,0,0,,,8,108,0.0000,False,,NODATA,50
alraha,2023-08-16,0,0,,,8,108,0.0000,False,,NODATA,50
alraha,2023-08-17,10,0,0.4736,0.6312,8,108,0.0926,False,,NODATA,50
alraha,2023-08-18,77,21,3.3676,0.7560,8,108,0.7130,True,0.2727,EXCEED,50
alraha,2023-08-19,5,0,0.3096,0.7843,8,108,0.0463,False,,NODATA,50
alraha,2023-08-20,99,1,2.0997,0.6144,8,108,0.9167,True,0.0101,QUIET,50
alraha,2023-08-21,0,0,,,8,108,0.0000,False,,NODATA,50
alraha,2023-08-22,0,0,,,8,108,0.0000,False,,NODATA,50
alraha,2023-08-23,0,0,,,8,108,0.0000,False,,NODATA,50
alraha,2023-08-24,23,0,-0.3387,0.4551,8,108,0.2130,True,0.0000,QUIET,50
alraha,2023-08-25,98,1,2.2792,0.4046,8,108,0.9074,True,0.0102,QUIET,50
alraha,2023-08-26,0,0,,,8,108,0.0000,False,,NODATA,50
alraha,2023-08-27,0,0,,,8,108,0.0000,False,,NODATA,50
alraha,2023-08-28,61,0,1.2675,0.2733,8,108,0.5648,True,0.0000,QUIET,50
alraha,2023-08-29,0,0,,,8,108,0.0000,False,,NODATA,50
alraha,2023-08-30,0,0,,,8,108,0.0000,False,,NODATA,50
alraha,2023-08-31,96,0,1.4399,0.5657,8,108,0.8889,True,0.0000,QUIET,50
alraha,2023-09-01,49,1,2.0578,0.5789,9,108,0.4537,True,0.0204,QUIET,50
alraha,2023-09-02,94,1,2.1615,0.4776,9,108,0.8704,True,0.0106,QUIET,50
alraha,2023-09-03,0,0,,,9,108,0.0000,False,,NODATA,50
alraha,2023-09-04,85,47,4.4865,0.7028,9,108,0.7870,True,0.5529,EXCEED,50
alraha,2023-09-05,91,13,4.4903,0.6169,9,108,0.8426,True,0.1429,QUIET,50
alraha,2023-09-06,94,27,3.6511,0.6681,9,108,0.8704,True,0.2872,ALERT,50
alraha,2023-09-07,0,0,,,9,108,0.0000,False,,NODATA,50
alraha,2023-09-08,101,13,2.9158,0.6163,9,108,0.9352,True,0.1287,QUIET,50
alraha,2023-09-09,0,0,,,9,108,0.0000,False,,NODATA,50
alraha,2023-09-10,79,0,1.4351,0.3678,9,108,0.7315,True,0.0000,QUIET,50
alraha,2023-09-11,10,0,1.7823,0.8388,9,108,0.0926,False,,NODATA,50
alraha,2023-09-12,0,0,,,9,108,0.0000,False,,NODATA,50
alraha,2023-09-13,0,0,,,9,108,0.0000,False,,NODATA,50
alraha,2023-09-14,0,0,,,9,108,0.0000,False,,NODATA,50
alraha,2023-09-15,39,0,1.0555,0.5795,9,108,0.3611,True,0.0000,QUIET,50
alraha,2023-09-16,1,0,-4.8920,0.6677,9,108,0.0093,False,,NODATA,50
alraha,2023-09-17,0,0,,,9,108,0.0000,False,,NODATA,50
alraha,2023-09-18,0,0,,,9,108,0.0000,False,,NODATA,50
alraha,2023-09-19,76,3,2.2531,0.4944,9,108,0.7037,True,0.0395,QUIET,50
alraha,2023-09-20,0,0,,,9,108,0.0000,False,,NODATA,50
alraha,2023-09-21,85,2,2.5847,0.4715,9,108,0.7870,True,0.0235,QUIET,50
alraha,2023-09-22,0,0,,,9,108,0.0000,False,,NODATA,50
alraha,2023-09-23,0,0,,,9,108,0.0000,False,,NODATA,50
alraha,2023-09-24,11,2,4.4780,0.7441,9,108,0.1019,True,0.1818,EXCEED,50
alraha,2023-09-25,92,22,3.7335,0.6462,9,108,0.8519,True,0.2391,ALERT,50
alraha,2023-09-26,0,0,,,9,108,0.0000,False,,NODATA,50
alraha,2023-09-27,91,24,3.8891,0.6526,9,108,0.8426,True,0.2637,ALERT,50
alraha,2023-09-28,0,0,,,9,108,0.0000,False,,NODATA,50
alraha,2023-09-29,49,0,1.4099,0.6614,9,108,0.4537,True,0.0000,QUIET,50
alraha,2023-09-30,12,1,2.4263,0.7431,9,108,0.1111,True,0.0833,QUIET,50
alraha,2023-10-01,0,0,,,10,115,0.0000,False,,NODATA,50
alraha,2023-10-02,96,1,2.2468,0.5011,10,115,0.8348,True,0.0104,QUIET,50
alraha,2023-10-03,103,0,1.9781,0.4776,10,115,0.8957,True,0.0000,QUIET,50
alraha,2023-10-04,23,1,2.4186,0.8126,10,115,0.2000,True,0.0435,QUIET,50
alraha,2023-10-05,106,0,1.8529,0.4739,10,115,0.9217,True,0.0000,QUIET,50
alraha,2023-10-06,109,1,3.2631,0.5739,10,115,0.9478,True,0.0092,QUIET,50
alraha,2023-10-07,94,0,1.4851,0.4744,10,115,0.8174,True,0.0000,QUIET,50
alraha,2023-10-08,70,0,1.1663,0.6511,10,115,0.6087,True,0.0000,QUIET,50
alraha,2023-10-09,109,1,2.3975,0.5862,10,115,0.9478,True,0.0092,QUIET,50
alraha,2023-10-10,101,2,5.2250,0.4907,10,115,0.8783,True,0.0198,QUIET,50
alraha,2023-10-11,89,2,3.6372,0.4231,10,115,0.7739,True,0.0225,QUIET,50
alraha,2023-10-12,104,1,2.6566,0.5151,10,115,0.9043,True,0.0096,QUIET,50
alraha,2023-10-13,107,0,1.6538,0.4964,10,115,0.9304,True,0.0000,QUIET,50
alraha,2023-10-14,102,1,2.4546,0.4342,10,115,0.8870,True,0.0098,QUIET,50
alraha,2023-10-15,0,0,,,10,115,0.0000,False,,NODATA,50
alraha,2023-10-16,91,0,0.5541,0.2897,10,115,0.7913,True,0.0000,QUIET,50
alraha,2023-10-17,91,0,0.7269,0.3007,10,115,0.7913,True,0.0000,QUIET,50
alraha,2023-10-18,0,0,,,10,115,0.0000,False,,NODATA,50
alraha,2023-10-19,0,0,,,10,115,0.0000,False,,NODATA,50
alraha,2023-10-20,0,0,,,10,115,0.0000,False,,NODATA,50
alraha,2023-10-21,0,0,,,10,115,0.0000,False,,NODATA,50
alraha,2023-10-22,0,0,,,10,115,0.0000,False,,NODATA,50
alraha,2023-10-23,0,0,,,10,115,0.0000,False,,NODATA,50
alraha,2023-10-24,111,1,2.0964,0.5499,10,115,0.9652,True,0.0090,QUIET,50
alraha,2023-10-25,90,2,2.1669,0.4300,10,115,0.7826,True,0.0222,QUIET,50
alraha,2023-10-26,2,0,1.1109,0.8009,10,115,0.0174,False,,NODATA,50
alraha,2023-10-27,101,0,1.6161,0.4989,10,115,0.8783,True,0.0000,QUIET,50
alraha,2023-10-28,110,1,2.6566,0.4864,10,115,0.9565,True,0.0091,QUIET,50
alraha,2023-10-29,107,1,2.1403,0.4546,10,115,0.9304,True,0.0093,QUIET,50
alraha,2023-10-30,92,0,1.1423,0.3709,10,115,0.8000,True,0.0000,QUIET,50
alraha,2023-10-31,84,1,2.0182,0.5792,10,115,0.7304,True,0.0119,QUIET,50
alraha,2023-11-01,115,4,2.2326,0.5896,11,122,0.9426,True,0.0348,QUIET,50
alraha,2023-11-02,110,3,2.7590,0.5194,11,122,0.9016,True,0.0273,QUIET,50
alraha,2023-11-03,48,9,5.8838,0.5071,11,122,0.3934,True,0.1875,EXCEED,50
alraha,2023-11-04,100,2,4.6234,0.4228,11,122,0.8197,True,0.0200,QUIET,50
alraha,2023-11-05,89,1,2.1116,0.2678,11,122,0.7295,True,0.0112,QUIET,50
alraha,2023-11-06,84,0,1.4548,0.3146,11,122,0.6885,True,0.0000,QUIET,50
alraha,2023-11-07,87,0,1.5099,0.3200,11,122,0.7131,True,0.0000,QUIET,50
