intake,date,n_obs,n_anom,max_z,median_logchl,month,n_clim,coverage,observed,anom_frac,state,radius_km
kalba,2003-01-01,4,0,1.4463,0.4994,1,47,0.0851,False,,NODATA,25
kalba,2003-01-02,0,0,,,1,47,0.0000,False,,NODATA,25
kalba,2003-01-03,41,11,3.1392,0.6494,1,47,0.8723,True,0.2683,QUIET,25
kalba,2003-01-04,0,0,,,1,47,0.0000,False,,NODATA,25
kalba,2003-01-05,30,2,2.0730,0.2496,1,47,0.6383,True,0.0667,QUIET,25
kalba,2003-01-06,31,6,3.5367,0.3475,1,47,0.6596,True,0.1935,QUIET,25
kalba,2003-01-07,34,1,2.7437,-0.0178,1,47,0.7234,True,0.0294,QUIET,25
kalba,2003-01-08,44,1,2.1162,0.1790,1,47,0.9362,True,0.0227,QUIET,25
kalba,2003-01-09,7,1,2.9404,-0.0163,1,47,0.1489,True,0.1429,QUIET,25
kalba,2003-01-10,47,6,3.0815,0.2436,1,47,1.0000,True,0.1277,QUIET,25
kalba,2003-01-11,0,0,,,1,47,0.0000,False,,NODATA,25
kalba,2003-01-12,47,0,1.9553,0.0454,1,47,1.0000,True,0.0000,QUIET,25
kalba,2003-01-13,27,0,1.7862,0.1548,1,47,0.5745,True,0.0000,QUIET,25
kalba,2003-01-14,36,0,-0.0865,-0.0237,1,47,0.7660,True,0.0000,QUIET,25
kalba,2003-01-15,0,0,,,1,47,0.0000,False,,NODATA,25
kalba,2003-01-16,0,0,,,1,47,0.0000,False,,NODATA,25
kalba,2003-01-17,1,0,0.0462,0.0854,1,47,0.0213,False,,NODATA,25
kalba,2003-01-18,0,0,,,1,47,0.0000,False,,NODATA,25
kalba,2003-01-19,40,0,0.7306,-0.2074,1,47,0.8511,True,0.0000,QUIET,25
kalba,2003-01-20,0,0,,,1,47,0.0000,False,,NODATA,25
kalba,2003-01-21,0,0,,,1,47,0.0000,False,,NODATA,25
kalba,2003-01-22,0,0,,,1,47,0.0000,False,,NODATA,25
kalba,2003-01-23,0,0,,,1,47,0.0000,False,,NODATA,25
kalba,2003-01-24,0,0,,,1,47,0.0000,False,,NODATA,25
kalba,2003-01-25,0,0,,,1,47,0.0000,False,,NODATA,25
kalba,2003-01-26,47,0,1.7496,0.0334,1,47,1.0000,True,0.0000,QUIET,25
kalba,2003-01-27,0,0,,,1,47,0.0000,False,,NODATA,25
kalba,2003-01-28,46,2,2.0501,0.2161,1,47,0.9787,True,0.0435,QUIET,25
kalba,2003-01-29,0,0,,,1,47,0.0000,False,,NODATA,25
kalba,2003-01-30,0,0,,,1,47,0.0000,False,,NODATA,25
kalba,2003-01-31,38,0,0.9244,-0.1284,1,47,0.8085,True,0.0000,QUIET,25
kalba,2003-02-01,28,0,-0.8188,-0.2382,2,44,0.6364,True,0.0000,QUIET,25
kalba,2003-02-02,39,0,-0.3910,-0.1242,2,44,0.8864,True,0.0000,QUIET,25
kalba,2003-02-03,0,0,,,2,44,0.0000,False,,NODATA,25
kalba,2003-02-04,43,0,1.0476,0.3867,2,44,0.9773,True,0.0000,QUIET,25
kalba,2003-02-05,0,0,,,2,44,0.0000,False,,NODATA,25
kalba,2003-02-06,0,0,,,2,44,0.0000,False,,NODATA,25
kalba,2003-02-07,32,0,1.9381,1.4787,2,44,0.7273,True,0.0000,QUIET,25
kalba,2003-02-08,33,0,0.9920,0.8744,2,44,0.7500,True,0.0000,QUIET,25
kalba,2003-02-09,0,0,,,2,44,0.0000,False,,NODATA,25
kalba,2003-02-10,0,0,,,2,44,0.0000,False,,NODATA,25
kalba,2003-02-11,0,0,,,2,44,0.0000,False,,NODATA,25
kalba,2003-02-12,0,0,,,2,44,0.0000,False,,NODATA,25
kalba,2003-02-13,13,0,1.6263,1.3933,2,44,0.2955,True,0.0000,QUIET,25
kalba,2003-02-14,0,0,,,2,44,0.0000,False,,NODATA,25
kalba,2003-02-15,0,0,,,2,44,0.0000,False,,NODATA,25
kalba,2003-02-16,0,0,,,2,44,0.0000,False,,NODATA,25
kalba,2003-02-17,0,0,,,2,44,0.0000,False,,NODATA,25
kalba,2003-02-18,0,0,,,2,44,0.0000,False,,NODATA,25
kalba,2003-02-19,0,0,,,2,44,0.0000,False,,NODATA,25
kalba,2003-02-20,0,0,,,2,44,0.0000,False,,NODATA,25
kalba,2003-02-21,0,0,,,2,44,0.0000,False,,NODATA,25
kalba,2003-02-22,0,0,,,2,44,0.0000,False,,NODATA,25
kalba,2003-02-23,0,0,,,2,44,0.0000,False,,NODATA,25
kalba,2003-02-24,0,0,,,2,44,0.0000,False,,NODATA,25
kalba,2003-02-25,0,0,,,2,44,0.0000,False,,NODATA,25
kalba,2003-02-26,0,0,,,2,44,0.0000,False,,NODATA,25
kalba,2003-02-27,0,0,,,2,44,0.0000,False,,NODATA,25
kalba,2003-02-28,0,0,,,2,44,0.0000,False,,NODATA,25
kalba,2003-03-01,0,0,,,3,44,0.0000,False,,NODATA,25
kalba,2003-03-02,26,0,0.3289,0.2095,3,44,0.5909,True,0.0000,QUIET,25
kalba,2003-03-03,0,0,,,3,44,0.0000,False,,NODATA,25
kalba,2003-03-04,0,0,,,3,44,0.0000,False,,NODATA,25
kalba,2003-03-05,0,0,,,3,44,0.0000,False,,NODATA,25
kalba,2003-03-06,40,27,3.5974,1.6654,3,44,0.9091,True,0.6750,EXCEED,25
kalba,2003-03-07,0,0,,,3,44,0.0000,False,,NODATA,25
kalba,2003-03-08,0,0,,,3,44,0.0000,False,,NODATA,25
kalba,2003-03-09,0,0,,,3,44,0.0000,False,,NODATA,25
kalba,2003-03-10,7,0,1.9851,1.3856,3,44,0.1591,True,0.0000,QUIET,25
kalba,2003-03-11,0,0,,,3,44,0.0000,False,,NODATA,25
kalba,2003-03-12,0,0,,,3,44,0.0000,False,,NODATA,25
kalba,2003-03-13,0,0,,,3,44,0.0000,False,,NODATA,25
kalba,2003-03-14,0,0,,,3,44,0.0000,False,,NODATA,25
kalba,2003-03-15,44,0,0.7535,0.3155,3,44,1.0000,True,0.0000,QUIET,25
kalba,2003-03-16,0,0,,,3,44,0.0000,False,,NODATA,25
kalba,2003-03-17,0,0,,,3,44,0.0000,False,,NODATA,25
kalba,2003-03-18,0,0,,,3,44,0.0000,False,,NODATA,25
kalba,2003-03-19,0,0,,,3,44,0.0000,False,,NODATA,25
kalba,2003-03-20,0,0,,,3,44,0.0000,False,,NODATA,25
kalba,2003-03-21,0,0,,,3,44,0.0000,False,,NODATA,25
kalba,2003-03-22,0,0,,,3,44,0.0000,False,,NODATA,25
kalba,2003-03-23,0,0,,,3,44,0.0000,False,,NODATA,25
kalba,2003-03-24,0,0,,,3,44,0.0000,False,,NODATA,25
kalba,2003-03-25,0,0,,,3,44,0.0000,False,,NODATA,25
kalba,2003-03-26,0,0,,,3,44,0.0000,False,,NODATA,25
kalba,2003-03-27,0,0,,,3,44,0.0000,False,,NODATA,25
kalba,2003-03-28,0,0,,,3,44,0.0000,False,,NODATA,25
kalba,2003-03-29,0,0,,,3,44,0.0000,False,,NODATA,25
kalba,2003-03-30,0,0,,,3,44,0.0000,False,,NODATA,25
kalba,2003-03-31,0,0,,,3,44,0.0000,False,,NODATA,25
kalba,2003-04-01,0,0,,,4,39,0.0000,False,,NODATA,25
kalba,2003-04-02,0,0,,,4,39,0.0000,False,,NODATA,25
kalba,2003-04-03,15,0,1.6592,0.1690,4,39,0.3846,True,0.0000,QUIET,25
kalba,2003-04-04,21,2,2.7652,0.2172,4,39,0.5385,True,0.0952,QUIET,25
kalba,2003-04-05,36,1,2.0581,0.2337,4,39,0.9231,True,0.0278,QUIET,25
kalba,2003-04-06,18,0,1.5652,0.2545,4,39,0.4615,True,0.0000,QUIET,25
kalba,2003-04-07,39,0,1.0311,0.0467,4,39,1.0000,True,0.0000,QUIET,25
kalba,2003-04-08,0,0,,,4,39,0.0000,False,,NODATA,25
kalba,2003-04-09,0,0,,,4,39,0.0000,False,,NODATA,25
kalba,2003-04-10,0,0,,,4,39,0.0000,False,,NODATA,25
kalba,2003-04-11,0,0,,,4,39,0.0000,False,,NODATA,25
kalba,2003-04-12,0,0,,,4,39,0.0000,False,,NODATA,25
kalba,2003-04-13,0,0,,,4,39,0.0000,False,,NODATA,25
kalba,2003-04-14,0,0,,,4,39,0.0000,False,,NODATA,25
kalba,2003-04-15,0,0,,,4,39,0.0000,False,,NODATA,25
kalba,2003-04-16,0,0,,,4,39,0.0000,False,,NODATA,25
kalba,2003-04-17,0,0,,,4,39,0.0000,False,,NODATA,25
kalba,2003-04-18,0,0,,,4,39,0.0000,False,,NODATA,25
kalba,2003-04-19,0,0,,,4,39,0.0000,False,,NODATA,25
kalba,2003-04-20,0,0,,,4,39,0.0000,False,,NODATA,25
kalba,2003-04-21,0,0,,,4,39,0.0000,False,,NODATA,25
kalba,2003-04-22,0,0,,,4,39,0.0000,False,,NODATA,25
kalba,2003-04-23,0,0,,,4,39,0.0000,False,,NODATA,25
kalba,2003-04-24,0,0,,,4,39,0.0000,False,,NODATA,25
kalba,2003-04-25,0,0,,,4,39,0.0000,False,,NODATA,25
kalba,2003-04-26,0,0,,,4,39,0.0000,False,,NODATA,25
kalba,2003-04-27,0,0,,,4,39,0.0000,False,,NODATA,25
kalba,2003-04-28,33,0,-0.1799,-0.3463,4,39,0.8462,True,0.0000,QUIET,25
kalba,2003-04-29,1,0,-1.1632,-0.4994,4,39,0.0256,False,,NODATA,25
kalba,2003-04-30,39,0,-0.9024,-0.5299,4,39,1.0000,True,0.0000,QUIET,25
kalba,2003-05-01,9,0,1.8963,-0.3822,5,22,0.4091,True,0.0000,QUIET,25
kalba,2003-05-02,0,0,,,5,22,0.0000,False,,NODATA,25
kalba,2003-05-03,0,0,,,5,22,0.0000,False,,NODATA,25
kalba,2003-05-04,0,0,,,5,22,0.0000,False,,NODATA,25
kalba,2003-05-05,0,0,,,5,22,0.0000,False,,NODATA,25
kalba,2003-05-06,0,0,,,5,22,0.0000,False,,NODATA,25
kalba,2003-05-07,0,0,,,5,22,0.0000,False,,NODATA,25
kalba,2003-05-08,0,0,,,5,22,0.0000,False,,NODATA,25
kalba,2003-05-09,0,0,,,5,22,0.0000,False,,NODATA,25
kalba,2003-05-10,0,0,,,5,22,0.0000,False,,NODATA,25
kalba,2003-05-11,0,0,,,5,22,0.0000,False,,NODATA,25
kalba,2003-05-12,0,0,,,5,22,0.0000,False,,NODATA,25
kalba,2003-05-13,0,0,,,5,22,0.0000,False,,NODATA,25
kalba,2003-05-14,0,0,,,5,22,0.0000,False,,NODATA,25
kalba,2003-05-15,0,0,,,5,22,0.0000,False,,NODATA,25
kalba,2003-05-16,0,0,,,5,22,0.0000,False,,NODATA,25
kalba,2003-05-17,0,0,,,5,22,0.0000,False,,NODATA,25
kalba,2003-05-18,0,0,,,5,22,0.0000,False,,NODATA,25
kalba,2003-05-19,0,0,,,5,22,0.0000,False,,NODATA,25
kalba,2003-05-20,0,0,,,5,22,0.0000,False,,NODATA,25
kalba,2003-05-21,0,0,,,5,22,0.0000,False,,NODATA,25
kalba,2003-05-22,0,0,,,5,22,0.0000,False,,NODATA,25
kalba,2003-05-23,0,0,,,5,22,0.0000,False,,NODATA,25
kalba,2003-05-24,0,0,,,5,22,0.0000,False,,NODATA,25
kalba,2003-05-25,3,0,-1.8695,-0.8655,5,22,0.1364,True,0.0000,QUIET,25
kalba,2003-05-26,0,0,,,5,22,0.0000,False,,NODATA,25
kalba,2003-05-27,0,0,,,5,22,0.0000,False,,NODATA,25
kalba,2003-05-28,0,0,,,5,22,0.0000,False,,NODATA,25
kalba,2003-05-29,0,0,,,5,22,0.0000,False,,NODATA,25
kalba,2003-05-30,0,0,,,5,22,0.0000,False,,NODATA,25
kalba,2003-05-31,21,0,0.0757,-0.6236,5,22,0.9545,True,0.0000,QUIET,25
kalba,2003-06-01,0,0,,,6,8,0.0000,False,,NODATA,25
kalba,2003-06-02,0,0,,,6,8,0.0000,False,,NODATA,25
kalba,2003-06-03,0,0,,,6,8,0.0000,False,,NODATA,25
kalba,2003-06-04,0,0,,,6,8,0.0000,False,,NODATA,25
kalba,2003-06-05,0,0,,,6,8,0.0000,False,,NODATA,25
kalba,2003-06-06,0,0,,,6,8,0.0000,False,,NODATA,25
kalba,2003-06-07,0,0,,,6,8,0.0000,False,,NODATA,25
kalba,2003-06-08,8,0,0.7191,-0.5945,6,8,1.0000,True,0.0000,QUIET,25
kalba,2003-06-09,0,0,,,6,8,0.0000,False,,NODATA,25
kalba,2003-06-10,0,0,,,6,8,0.0000,False,,NODATA,25
kalba,2003-06-11,0,0,,,6,8,0.0000,False,,NODATA,25
kalba,2003-06-12,0,0,,,6,8,0.0000,False,,NODATA,25
kalba,2003-06-13,0,0,,,6,8,0.0000,False,,NODATA,25
kalba,2003-06-14,0,0,,,6,8,0.0000,False,,NODATA,25
kalba,2003-06-15,0,0,,,6,8,0.0000,False,,NODATA,25
kalba,2003-06-16,0,0,,,6,8,0.0000,False,,NODATA,25
kalba,2003-06-17,0,0,,,6,8,0.0000,False,,NODATA,25
kalba,2003-06-18,0,0,,,6,8,0.0000,False,,NODATA,25
kalba,2003-06-19,0,0,,,6,8,0.0000,False,,NODATA,25
kalba,2003-06-20,0,0,,,6,8,0.0000,False,,NODATA,25
kalba,2003-06-21,0,0,,,6,8,0.0000,False,,NODATA,25
kalba,2003-06-22,0,0,,,6,8,0.0000,False,,NODATA,25
kalba,2003-06-23,0,0,,,6,8,0.0000,False,,NODATA,25
kalba,2003-06-24,0,0,,,6,8,0.0000,False,,NODATA,25
kalba,2003-06-25,0,0,,,6,8,0.0000,False,,NODATA,25
kalba,2003-06-26,0,0,,,6,8,0.0000,False,,NODATA,25
kalba,2003-06-27,0,0,,,6,8,0.0000,False,,NODATA,25
kalba,2003-06-28,0,0,,,6,8,0.0000,False,,NODATA,25
kalba,2003-06-29,0,0,,,6,8,0.0000,False,,NODATA,25
kalba,2003-06-30,0,0,,,6,8,0.0000,False,,NODATA,25
kalba,2003-07-01,0,0,,,7,0,0.0000,False,,NODATA,25
kalba,2003-07-02,0,0,,,7,0,0.0000,False,,NODATA,25
kalba,2003-07-03,0,0,,,7,0,0.0000,False,,NODATA,25
kalba,2003-07-04,0,0,,,7,0,0.0000,False,,NODATA,25
kalba,2003-07-05,0,0,,,7,0,0.0000,False,,NODATA,25
kalba,2003-07-06,0,0,,,7,0,0.0000,False,,NODATA,25
kalba,2003-07-07,0,0,,,7,0,0.0000,False,,NODATA,25
kalba,2003-07-08,0,0,,,7,0,0.0000,False,,NODATA,25
kalba,2003-07-09,0,0,,,7,0,0.0000,False,,NODATA,25
kalba,2003-07-10,0,0,,,7,0,0.0000,False,,NODATA,25
kalba,2003-07-11,0,0,,,7,0,0.0000,False,,NODATA,25
kalba,2003-07-12,0,0,,,7,0,0.0000,False,,NODATA,25
kalba,2003-07-13,0,0,,,7,0,0.0000,False,,NODATA,25
kalba,2003-07-14,0,0,,,7,0,0.0000,False,,NODATA,25
kalba,2003-07-15,0,0,,,7,0,0.0000,False,,NODATA,25
kalba,2003-07-16,0,0,,,7,0,0.0000,False,,NODATA,25
kalba,2003-07-17,0,0,,,7,0,0.0000,False,,NODATA,25
kalba,2003-07-18,0,0,,,7,0,0.0000,False,,NODATA,25
kalba,2003-07-19,0,0,,,7,0,0.0000,False,,NODATA,25
kalba,2003-07-20,0,0,,,7,0,0.0000,False,,NODATA,25
kalba,2003-07-21,0,0,,,7,0,0.0000,False,,NODATA,25
kalba,2003-07-22,0,0,,,7,0,0.0000,False,,NODATA,25
kalba,2003-07-23,0,0,,,7,0,0.0000,False,,NODATA,25
kalba,2003-07-24,0,0,,,7,0,0.0000,False,,NODATA,25
kalba,2003-07-25,0,0,,,7,0,0.0000,False,,NODATA,25
kalba,2003-07-26,0,0,,,7,0,0.0000,False,,NODATA,25
kalba,2003-07-27,0,0,,,7,0,0.0000,False,,NODATA,25
kalba,2003-07-28,0,0,,,7,0,0.0000,False,,NODATA,25
kalba,2003-07-29,0,0,,,7,0,0.0000,False,,NODATA,25
kalba,2003-07-30,0,0,,,7,0,0.0000,False,,NODATA,25
kalba,2003-07-31,0,0,,,7,0,0.0000,False,,NODATA,25
kalba,2003-08-01,0,0,,,8,0,0.0000,False,,NODATA,25
kalba,2003-08-02,0,0,,,8,0,0.0000,False,,NODATA,25
kalba,2003-08-03,0,0,,,8,0,0.0000,False,,NODATA,25
kalba,2003-08-04,0,0,,,8,0,0.0000,False,,NODATA,25
kalba,2003-08-05,0,0,,,8,0,0.0000,False,,NODATA,25
kalba,2003-08-06,0,0,,,8,0,0.0000,False,,NODATA,25
kalba,2003-08-07,0,0,,,8,0,0.0000,False,,NODATA,25
kalba,2003-08-08,0,0,,,8,0,0.0000,False,,NODATA,25
kalba,2003-08-09,0,0,,,8,0,0.0000,False,,NODATA,25
kalba,2003-08-10,0,0,,,8,0,0.0000,False,,NODATA,25
kalba,2003-08-11,0,0,,,8,0,0.0000,False,,NODATA,25
kalba,2003-08-12,0,0,,,8,0,0.0000,False,,NODATA,25
kalba,2003-08-13,0,0,,,8,0,0.0000,False,,NODATA,25
kalba,2003-08-14,0,0,,,8,0,0.0000,False,,NODATA,25
kalba,2003-08-15,0,0,,,8,0,0.0000,False,,NODATA,25
kalba,2003-08-16,0,0,,,8,0,0.0000,False,,NODATA,25
kalba,2003-08-17,0,0,,,8,0,0.0000,False,,NODATA,25
kalba,2003-08-18,0,0,,,8,0,0.0000,False,,NODATA,25
kalba,2003-08-19,0,0,,,8,0,0.0000,False,,NODATA,25
kalba,2003-08-20,0,0,,,8,0,0.0000,False,,NODATA,25
kalba,2003-08-21,0,0,,,8,0,0.0000,False,,NODATA,25
kalba,2003-08-22,0,0,,,8,0,0.0000,False,,NODATA,25
kalba,2003-08-23,0,0,,,8,0,0.0000,False,,NODATA,25
kalba,2003-08-24,0,0,,,8,0,0.0000,False,,NODATA,25
kalba,2003-08-25,0,0,,,8,0,0.0000,False,,NODATA,25
kalba,2003-08-26,0,0,,,8,0,0.0000,False,,NODATA,25
kalba,2003-08-27,0,0,,,8,0,0.0000,False,,NODATA,25
kalba,2003-08-28,0,0,,,8,0,0.0000,False,,NODATA,25
kalba,2003-08-29,0,0,,,8,0,0.0000,False,,NODATA,25
kalba,2003-08-30,0,0,,,8,0,0.0000,False,,NODATA,25
kalba,2003-08-31,0,0,,,8,0,0.0000,False,,NODATA,25
kalba,2003-09-01,0,0,,,9,36,0.0000,False,,NODATA,25
kalba,2003-09-02,0,0,,,9,36,0.0000,False,,NODATA,25
kalba,2003-09-03,0,0,,,9,36,0.0000,False,,NODATA,25
kalba,2003-09-04,0,0,,,9,36,0.0000,False,,NODATA,25
kalba,2003-09-05,7,0,-0.2856,-0.2391,9,36,0.1944,True,0.0000,QUIET,25
kalba,2003-09-06,0,0,,,9,36,0.0000,False,,NODATA,25
kalba,2003-09-07,0,0,,,9,36,0.0000,False,,NODATA,25
kalba,2003-09-08,0,0,,,9,36,0.0000,False,,NODATA,25
kalba,2003-09-09,0,0,,,9,36,0.0000,False,,NODATA,25
kalba,2003-09-10,0,0,,,9,36,0.0000,False,,NODATA,25
kalba,2003-09-11,0,0,,,9,36,0.0000,False,,NODATA,25
kalba,2003-09-12,0,0,,,9,36,0.0000,False,,NODATA,25
kalba,2003-09-13,0,0,,,9,36,0.0000,False,,NODATA,25
kalba,2003-09-14,0,0,,,9,36,0.0000,False,,NODATA,25
kalba,2003-09-15,0,0,,,9,36,0.0000,False,,NODATA,25
kalba,2003-09-16,0,0,,,9,36,0.0000,False,,NODATA,25
kalba,2003-09-17,0,0,,,9,36,0.0000,False,,NODATA,25
kalba,2003-09-18,0,0,,,9,36,0.0000,False,,NODATA,25
kalba,2003-09-19,0,0,,,9,36,0.0000,False,,NODATA,25
kalba,2003-09-20,0,0,,,9,36,0.0000,False,,NODATA,25
kalba,2003-09-21,0,0,,,9,36,0.0000,False,,NODATA,25
kalba,2003-09-22,0,0,,,9,36,0.0000,False,,NODATA,25
kalba,2003-09-23,0,0,,,9,36,0.0000,False,,NODATA,25
kalba,2003-09-24,0,0,,,9,36,0.0000,False,,NODATA,25
kalba,2003-09-25,0,0,,,9,36,0.0000,False,,NODATA,25
kalba,2003-09-26,0,0,,,9,36,0.0000,False,,NODATA,25
kalba,2003-09-27,0,0,,,9,36,0.0000,False,,NODATA,25
kalba,2003-09-28,0,0,,,9,36,0.0000,False,,NODATA,25
kalba,2003-09-29,0,0,,,9,36,0.0000,False,,NODATA,25
kalba,2003-09-30,0,0,,,9,36,0.0000,False,,NODATA,25
kalba,2003-10-01,0,0,,,10,47,0.0000,False,,NODATA,25
kalba,2003-10-02,0,0,,,10,47,0.0000,False,,NODATA,25
kalba,2003-10-03,0,0,,,10,47,0.0000,False,,NODATA,25
kalba,2003-10-04,0,0,,,10,47,0.0000,False,,NODATA,25
kalba,2003-10-05,0,0,,,10,47,0.0000,False,,NODATA,25
kalba,2003-10-06,0,0,,,10,47,0.0000,False,,NODATA,25
kalba,2003-10-07,0,0,,,10,47,0.0000,False,,NODATA,25
kalba,2003-10-08,0,0,,,10,47,0.0000,False,,NODATA,25
kalba,2003-10-09,36,2,2.8818,-0.4222,10,47,0.7660,True,0.0556,QUIET,25
kalba,2003-10-10,0,0,,,10,47,0.0000,False,,NODATA,25
kalba,2003-10-11,45,2,2.5609,-0.2690,10,47,0.9574,True,0.0444,QUIET,25
kalba,2003-10-12,0,0,,,10,47,0.0000,False,,NODATA,25
kalba,2003-10-13,0,0,,,10,47,0.0000,False,,NODATA,25
kalba,2003-10-14,37,1,2.9954,-0.2478,10,47,0.7872,True,0.0270,QUIET,25
kalba,2003-10-15,0,0,,,10,47,0.0000,False,,NODATA,25
kalba,2003-10-16,47,3,3.1169,-0.1664,10,47,1.0000,True,0.0638,QUIET,25
kalba,2003-10-17,0,0,,,10,47,0.0000,False,,NODATA,25
kalba,2003-10-18,45,0,1.9137,-0.3700,10,47,0.9574,True,0.0000,QUIET,25
kalba,2003-10-19,0,0,,,10,47,0.0000,False,,NODATA,25
kalba,2003-10-20,0,0,,,10,47,0.0000,False,,NODATA,25
kalba,2003-10-21,20,0,0.4068,-0.3428,10,47,0.4255,True,0.0000,QUIET,25
kalba,2003-10-22,2,0,-0.3118,-0.4440,10,47,0.0426,False,,NODATA,25
kalba,2003-10-23,28,0,0.2453,-0.4049,10,47,0.5957,True,0.0000,QUIET,25
kalba,2003-10-24,0,0,,,10,47,0.0000,False,,NODATA,25
kalba,2003-10-25,0,0,,,10,47,0.0000,False,,NODATA,25
kalba,2003-10-26,0,0,,,10,47,0.0000,False,,NODATA,25
kalba,2003-10-27,5,1,3.8386,-0.2777,10,47,0.1064,True,0.2000,QUIET,25
kalba,2003-10-28,0,0,,,10,47,0.0000,False,,NODATA,25
kalba,2003-10-29,33,0,0.3448,-0.4524,10,47,0.7021,True,0.0000,QUIET,25
kalba,2003-10-30,37,0,0.8119,-0.3313,10,47,0.7872,True,0.0000,QUIET,25
kalba,2003-10-31,0,0,,,10,47,0.0000,False,,NODATA,25
kalba,2003-11-01,43,0,0.0047,-0.2875,11,47,0.9149,True,0.0000,QUIET,25
kalba,2003-11-02,0,0,,,11,47,0.0000,False,,NODATA,25
kalba,2003-11-03,37,0,-0.3544,-0.2747,11,47,0.7872,True,0.0000,QUIET,25
kalba,2003-11-04,0,0,,,11,47,0.0000,False,,NODATA,25
kalba,2003-11-05,8,0,-1.2505,-0.4622,11,47,0.1702,True,0.0000,QUIET,25
kalba,2003-11-06,34,0,-0.8940,-0.4829,11,47,0.7234,True,0.0000,QUIET,25
kalba,2003-11-07,30,0,-1.1301,-0.5603,11,47,0.6383,True,0.0000,QUIET,25
kalba,2003-11-08,39,0,-0.9389,-0.4468,11,47,0.8298,True,0.0000,QUIET,25
kalba,2003-11-09,0,0,,,11,47,0.0000,False,,NODATA,25
kalba,2003-11-10,23,0,-0.5860,-0.3737,11,47,0.4894,True,0.0000,QUIET,25
kalba,2003-11-11,0,0,,,11,47,0.0000,False,,NODATA,25
kalba,2003-11-12,46,0,1.0266,-0.2417,11,47,0.9787,True,0.0000,QUIET,25
kalba,2003-11-13,0,0,,,11,47,0.0000,False,,NODATA,25
kalba,2003-11-14,0,0,,,11,47,0.0000,False,,NODATA,25
kalba,2003-11-15,0,0,,,11,47,0.0000,False,,NODATA,25
kalba,2003-11-16,22,0,-0.4405,-0.2530,11,47,0.4681,True,0.0000,QUIET,25
kalba,2003-11-17,0,0,,,11,47,0.0000,False,,NODATA,25
kalba,2003-11-18,0,0,,,11,47,0.0000,False,,NODATA,25
kalba,2003-11-19,46,0,1.5388,0.2022,11,47,0.9787,True,0.0000,QUIET,25
kalba,2003-11-20,0,0,,,11,47,0.0000,False,,NODATA,25
kalba,2003-11-21,33,0,1.9652,0.3573,11,47,0.7021,True,0.0000,QUIET,25
kalba,2003-11-22,0,0,,,11,47,0.0000,False,,NODATA,25
kalba,2003-11-23,0,0,,,11,47,0.0000,False,,NODATA,25
kalba,2003-11-24,0,0,,,11,47,0.0000,False,,NODATA,25
kalba,2003-11-25,0,0,,,11,47,0.0000,False,,NODATA,25
kalba,2003-11-26,47,4,2.6724,0.6257,11,47,1.0000,True,0.0851,QUIET,25
kalba,2003-11-27,0,0,,,11,47,0.0000,False,,NODATA,25
kalba,2003-11-28,46,1,2.1026,0.1836,11,47,0.9787,True,0.0217,QUIET,25
kalba,2003-11-29,0,0,,,11,47,0.0000,False,,NODATA,25
kalba,2003-11-30,0,0,,,11,47,0.0000,False,,NODATA,25
kalba,2003-12-01,9,9,3.7141,1.3899,12,47,0.1915,True,1.0000,EXCEED,25
kalba,2003-12-02,0,0,,,12,47,0.0000,False,,NODATA,25
kalba,2003-12-03,0,0,,,12,47,0.0000,False,,NODATA,25
kalba,2003-12-04,0,0,,,12,47,0.0000,False,,NODATA,25
kalba,2003-12-05,44,5,3.5390,0.4443,12,47,0.9362,True,0.1136,QUIET,25
kalba,2003-12-06,0,0,,,12,47,0.0000,False,,NODATA,25
kalba,2003-12-07,6,0,0.3208,0.1954,12,47,0.1277,True,0.0000,QUIET,25
kalba,2003-12-08,0,0,,,12,47,0.0000,False,,NODATA,25
kalba,2003-12-09,33,0,-0.3256,-0.1053,12,47,0.7021,True,0.0000,QUIET,25
kalba,2003-12-10,41,0,0.7955,0.0874,12,47,0.8723,True,0.0000,QUIET,25
kalba,2003-12-11,0,0,,,12,47,0.0000,False,,NODATA,25
kalba,2003-12-12,0,0,,,12,47,0.0000,False,,NODATA,25
kalba,2003-12-13,0,0,,,12,47,0.0000,False,,NODATA,25
kalba,2003-12-14,0,0,,,12,47,0.0000,False,,NODATA,25
kalba,2003-12-15,9,8,3.6504,1.2285,12,47,0.1915,True,0.8889,EXCEED,25
kalba,2003-12-16,16,2,2.0902,0.4439,12,47,0.3404,True,0.1250,QUIET,25
kalba,2003-12-17,0,0,,,12,47,0.0000,False,,NODATA,25
kalba,2003-12-18,0,0,,,12,47,0.0000,False,,NODATA,25
kalba,2003-12-19,44,13,2.9047,0.6748,12,47,0.9362,True,0.2955,ALERT,25
kalba,2003-12-20,0,0,,,12,47,0.0000,False,,NODATA,25
kalba,2003-12-21,45,1,2.1926,0.2098,12,47,0.9574,True,0.0222,QUIET,25
kalba,2003-12-22,0,0,,,12,47,0.0000,False,,NODATA,25
kalba,2003-12-23,0,0,,,12,47,0.0000,False,,NODATA,25
kalba,2003-12-24,0,0,,,12,47,0.0000,False,,NODATA,25
kalba,2003-12-25,0,0,,,12,47,0.0000,False,,NODATA,25
kalba,2003-12-26,13,7,3.1523,1.0686,12,47,0.2766,True,0.5385,ALERT,25
kalba,2003-12-27,0,0,,,12,47,0.0000,False,,NODATA,25
kalba,2003-12-28,0,0,,,12,47,0.0000,False,,NODATA,25
kalba,2003-12-29,0,0,,,12,47,0.0000,False,,NODATA,25
kalba,2003-12-30,12,4,2.8428,0.9261,12,47,0.2553,True,0.3333,ALERT,25
kalba,2003-12-31,0,0,,,12,47,0.0000,False,,NODATA,25
kalba,2004-01-01,30,0,1.2637,0.3159,1,47,0.6383,True,0.0000,QUIET,25
kalba,2004-01-02,0,0,,,1,47,0.0000,False,,NODATA,25
kalba,2004-01-03,0,0,,,1,47,0.0000,False,,NODATA,25
kalba,2004-01-04,0,0,,,1,47,0.0000,False,,NODATA,25
kalba,2004-01-05,0,0,,,1,47,0.0000,False,,NODATA,25
kalba,2004-01-06,40,4,2.9860,0.3695,1,47,0.8511,True,0.1000,QUIET,25
kalba,2004-01-07,0,0,,,1,47,0.0000,False,,NODATA,25
kalba,2004-01-08,0,0,,,1,47,0.0000,False,,NODATA,25
kalba,2004-01-09,0,0,,,1,47,0.0000,False,,NODATA,25
kalba,2004-01-10,0,0,,,1,47,0.0000,False,,NODATA,25
kalba,2004-01-11,0,0,,,1,47,0.0000,False,,NODATA,25
kalba,2004-01-12,0,0,,,1,47,0.0000,False,,NODATA,25
kalba,2004-01-13,44,3,2.5249,0.3204,1,47,0.9362,True,0.0682,QUIET,25
kalba,2004-01-14,0,0,,,1,47,0.0000,False,,NODATA,25
kalba,2004-01-15,18,0,0.3180,-0.0621,1,47,0.3830,True,0.0000,QUIET,25
kalba,2004-01-16,0,0,,,1,47,0.0000,False,,NODATA,25
kalba,2004-01-17,0,0,,,1,47,0.0000,False,,NODATA,25
kalba,2004-01-18,0,0,,,1,47,0.0000,False,,NODATA,25
kalba,2004-01-19,0,0,,,1,47,0.0000,False,,NODATA,25
kalba,2004-01-20,23,0,-1.1484,-0.3322,1,47,0.4894,True,0.0000,QUIET,25
kalba,2004-01-21,0,0,,,1,47,0.0000,False,,NODATA,25
kalba,2004-01-22,33,0,-1.2096,-0.3695,1,47,0.7021,True,0.0000,QUIET,25
kalba,2004-01-23,0,0,,,1,47,0.0000,False,,NODATA,25
kalba,2004-01-24,32,0,-0.8988,-0.3375,1,47,0.6809,True,0.0000,QUIET,25
kalba,2004-01-25,5,0,-0.5027,-0.1227,1,47,0.1064,True,0.0000,QUIET,25
kalba,2004-01-26,0,0,,,1,47,0.0000,False,,NODATA,25
kalba,2004-01-27,0,0,,,1,47,0.0000,False,,NODATA,25
kalba,2004-01-28,3,0,-0.9861,-0.3300,1,47,0.0638,False,,NODATA,25
kalba,2004-01-29,36,0,1.0378,-0.1928,1,47,0.7660,True,0.0000,QUIET,25
kalba,2004-01-30,0,0,,,1,47,0.0000,False,,NODATA,25
kalba,2004-01-31,25,2,2.9336,0.3009,1,47,0.5319,True,0.0800,QUIET,25
kalba,2004-02-01,19,0,1.2918,0.3257,2,44,0.4318,True,0.0000,QUIET,25
kalba,2004-02-02,20,0,-0.8003,-0.2793,2,44,0.4545,True,0.0000,QUIET,25
kalba,2004-02-03,13,0,0.2718,0.2070,2,44,0.2955,True,0.0000,QUIET,25
kalba,2004-02-04,0,0,,,2,44,0.0000,False,,NODATA,25
kalba,2004-02-05,38,2,2.1822,0.9613,2,44,0.8636,True,0.0526,QUIET,25
kalba,2004-02-06,0,0,,,2,44,0.0000,False,,NODATA,25
kalba,2004-02-07,0,0,,,2,44,0.0000,False,,NODATA,25
kalba,2004-02-08,0,0,,,2,44,0.0000,False,,NODATA,25
kalba,2004-02-09,0,0,,,2,44,0.0000,False,,NODATA,25
kalba,2004-02-10,31,0,1.6693,0.6292,2,44,0.7045,True,0.0000,QUIET,25
kalba,2004-02-11,33,0,0.2796,0.3457,2,44,0.7500,True,0.0000,QUIET,25
kalba,2004-02-12,31,9,2.2682,1.3762,2,44,0.7045,True,0.2903,QUIET,25
kalba,2004-02-13,0,0,,,2,44,0.0000,False,,NODATA,25
kalba,2004-02-14,43,8,2.5295,1.4256,2,44,0.9773,True,0.1860,QUIET,25
kalba,2004-02-15,0,0,,,2,44,0.0000,False,,NODATA,25
kalba,2004-02-16,24,7,2.4946,1.5356,2,44,0.5455,True,0.2917,QUIET,25
kalba,2004-02-17,0,0,,,2,44,0.0000,False,,NODATA,25
kalba,2004-02-18,16,0,0.9075,0.6643,2,44,0.3636,True,0.0000,QUIET,25
kalba,2004-02-19,0,0,,,2,44,0.0000,False,,NODATA,25
kalba,2004-02-20,0,0,,,2,44,0.0000,False,,NODATA,25
kalba,2004-02-21,0,0,,,2,44,0.0000,False,,NODATA,25
kalba,2004-02-22,0,0,,,2,44,0.0000,False,,NODATA,25
kalba,2004-02-23,0,0,,,2,44,0.0000,False,,NODATA,25
kalba,2004-02-24,0,0,,,2,44,0.0000,False,,NODATA,25
kalba,2004-02-25,22,0,1.0132,0.4219,2,44,0.5000,True,0.0000,QUIET,25
kalba,2004-02-26,14,0,0.8960,0.6261,2,44,0.3182,True,0.0000,QUIET,25
kalba,2004-02-27,31,0,-0.0693,0.1491,2,44,0.7045,True,0.0000,QUIET,25
kalba,2004-02-28,40,0,0.2762,0.3738,2,44,0.9091,True,0.0000,QUIET,25
kalba,2004-02-29,6,0,0.6841,0.8537,2,44,0.1364,True,0.0000,QUIET,25
kalba,2004-03-01,44,0,0.5952,0.3211,3,44,1.0000,True,0.0000,QUIET,25
kalba,2004-03-02,0,0,,,3,44,0.0000,False,,NODATA,25
kalba,2004-03-03,42,0,-0.0382,-0.0858,3,44,0.9545,True,0.0000,QUIET,25
kalba,2004-03-04,13,0,1.3555,0.5555,3,44,0.2955,True,0.0000,QUIET,25
kalba,2004-03-05,37,0,-0.2739,-0.0520,3,44,0.8409,True,0.0000,QUIET,25
kalba,2004-03-06,38,0,0.1273,0.0561,3,44,0.8636,True,0.0000,QUIET,25
kalba,2004-03-07,26,0,-0.2112,0.0571,3,44,0.5909,True,0.0000,QUIET,25
kalba,2004-03-08,6,0,-0.8384,-0.1280,3,44,0.1364,True,0.0000,QUIET,25
kalba,2004-03-09,0,0,,,3,44,0.0000,False,,NODATA,25
kalba,2004-03-10,11,0,-0.6106,-0.3194,3,44,0.2500,True,0.0000,QUIET,25
kalba,2004-03-11,0,0,,,3,44,0.0000,False,,NODATA,25
kalba,2004-03-12,13,0,-0.2113,0.0381,3,44,0.2955,True,0.0000,QUIET,25
kalba,2004-03-13,14,2,2.3992,1.1729,3,44,0.3182,True,0.1429,QUIET,25
kalba,2004-03-14,5,0,0.4417,0.1901,3,44,0.1136,True,0.0000,QUIET,25
kalba,2004-03-15,0,0,,,3,44,0.0000,False,,NODATA,25
kalba,2004-03-16,0,0,,,3,44,0.0000,False,,NODATA,25
kalba,2004-03-17,0,0,,,3,44,0.0000,False,,NODATA,25
kalba,2004-03-18,0,0,,,3,44,0.0000,False,,NODATA,25
kalba,2004-03-19,0,0,,,3,44,0.0000,False,,NODATA,25
kalba,2004-03-20,0,0,,,3,44,0.0000,False,,NODATA,25
kalba,2004-03-21,0,0,,,3,44,0.0000,False,,NODATA,25
kalba,2004-03-22,0,0,,,3,44,0.0000,False,,NODATA,25
kalba,2004-03-23,0,0,,,3,44,0.0000,False,,NODATA,25
kalba,2004-03-24,44,0,-0.0633,-0.0177,3,44,1.0000,True,0.0000,QUIET,25
kalba,2004-03-25,0,0,,,3,44,0.0000,False,,NODATA,25
kalba,2004-03-26,0,0,,,3,44,0.0000,False,,NODATA,25
kalba,2004-03-27,0,0,,,3,44,0.0000,False,,NODATA,25
kalba,2004-03-28,0,0,,,3,44,0.0000,False,,NODATA,25
kalba,2004-03-29,12,0,0.3058,0.1819,3,44,0.2727,True,0.0000,QUIET,25
kalba,2004-03-30,0,0,,,3,44,0.0000,False,,NODATA,25
kalba,2004-03-31,4,0,-0.9320,-0.2359,3,44,0.0909,False,,NODATA,25
kalba,2004-04-01,0,0,,,4,39,0.0000,False,,NODATA,25
kalba,2004-04-02,0,0,,,4,39,0.0000,False,,NODATA,25
kalba,2004-04-03,0,0,,,4,39,0.0000,False,,NODATA,25
kalba,2004-04-04,0,0,,,4,39,0.0000,False,,NODATA,25
kalba,2004-04-05,0,0,,,4,39,0.0000,False,,NODATA,25
kalba,2004-04-06,0,0,,,4,39,0.0000,False,,NODATA,25
kalba,2004-04-07,0,0,,,4,39,0.0000,False,,NODATA,25
kalba,2004-04-08,0,0,,,4,39,0.0000,False,,NODATA,25
kalba,2004-04-09,0,0,,,4,39,0.0000,False,,NODATA,25
kalba,2004-04-10,0,0,,,4,39,0.0000,False,,NODATA,25
kalba,2004-04-11,0,0,,,4,39,0.0000,False,,NODATA,25
kalba,2004-04-12,0,0,,,4,39,0.0000,False,,NODATA,25
kalba,2004-04-13,0,0,,,4,39,0.0000,False,,NODATA,25
kalba,2004-04-14,0,0,,,4,39,0.0000,False,,NODATA,25
kalba,2004-04-15,0,0,,,4,39,0.0000,False,,NODATA,25
kalba,2004-04-16,39,0,0.1497,-0.4872,4,39,1.0000,True,0.0000,QUIET,25
kalba,2004-04-17,0,0,,,4,39,0.0000,False,,NODATA,25
kalba,2004-04-18,0,0,,,4,39,0.0000,False,,NODATA,25
kalba,2004-04-19,0,0,,,4,39,0.0000,False,,NODATA,25
kalba,2004-04-20,0,0,,,4,39,0.0000,False,,NODATA,25
kalba,2004-04-21,0,0,,,4,39,0.0000,False,,NODATA,25
kalba,2004-04-22,0,0,,,4,39,0.0000,False,,NODATA,25
kalba,2004-04-23,0,0,,,4,39,0.0000,False,,NODATA,25
kalba,2004-04-24,0,0,,,4,39,0.0000,False,,NODATA,25
kalba,2004-04-25,27,0,-0.4118,-0.6929,4,39,0.6923,True,0.0000,QUIET,25
kalba,2004-04-26,0,0,,,4,39,0.0000,False,,NODATA,25
kalba,2004-04-27,0,0,,,4,39,0.0000,False,,NODATA,25
kalba,2004-04-28,0,0,,,4,39,0.0000,False,,NODATA,25
kalba,2004-04-29,0,0,,,4,39,0.0000,False,,NODATA,25
kalba,2004-04-30,0,0,,,4,39,0.0000,False,,NODATA,25
kalba,2004-05-01,0,0,,,5,22,0.0000,False,,NODATA,25
kalba,2004-05-02,0,0,,,5,22,0.0000,False,,NODATA,25
kalba,2004-05-03,0,0,,,5,22,0.0000,False,,NODATA,25
kalba,2004-05-04,0,0,,,5,22,0.0000,False,,NODATA,25
kalba,2004-05-05,0,0,,,5,22,0.0000,False,,NODATA,25
kalba,2004-05-06,0,0,,,5,22,0.0000,False,,NODATA,25
kalba,2004-05-07,22,0,1.7528,-0.4185,5,22,1.0000,True,0.0000,QUIET,25
kalba,2004-05-08,0,0,,,5,22,0.0000,False,,NODATA,25
kalba,2004-05-09,22,0,1.9387,-0.4727,5,22,1.0000,True,0.0000,QUIET,25
kalba,2004-05-10,0,0,,,5,22,0.0000,False,,NODATA,25
kalba,2004-05-11,0,0,,,5,22,0.0000,False,,NODATA,25
kalba,2004-05-12,0,0,,,5,22,0.0000,False,,NODATA,25
kalba,2004-05-13,0,0,,,5,22,0.0000,False,,NODATA,25
kalba,2004-05-14,0,0,,,5,22,0.0000,False,,NODATA,25
kalba,2004-05-15,0,0,,,5,22,0.0000,False,,NODATA,25
kalba,2004-05-16,0,0,,,5,22,0.0000,False,,NODATA,25
kalba,2004-05-17,0,0,,,5,22,0.0000,False,,NODATA,25
kalba,2004-05-18,0,0,,,5,22,0.0000,False,,NODATA,25
kalba,2004-05-19,0,0,,,5,22,0.0000,False,,NODATA,25
kalba,2004-05-20,0,0,,,5,22,0.0000,False,,NODATA,25
kalba,2004-05-21,0,0,,,5,22,0.0000,False,,NODATA,25
kalba,2004-05-22,0,0,,,5,22,0.0000,False,,NODATA,25
kalba,2004-05-23,0,0,,,5,22,0.0000,False,,NODATA,25
kalba,2004-05-24,0,0,,,5,22,0.0000,False,,NODATA,25
kalba,2004-05-25,0,0,,,5,22,0.0000,False,,NODATA,25
kalba,2004-05-26,0,0,,,5,22,0.0000,False,,NODATA,25
kalba,2004-05-27,0,0,,,5,22,0.0000,False,,NODATA,25
kalba,2004-05-28,0,0,,,5,22,0.0000,False,,NODATA,25
kalba,2004-05-29,0,0,,,5,22,0.0000,False,,NODATA,25
kalba,2004-05-30,0,0,,,5,22,0.0000,False,,NODATA,25
kalba,2004-05-31,0,0,,,5,22,0.0000,False,,NODATA,25
kalba,2004-06-01,8,0,1.1743,-0.4948,6,8,1.0000,True,0.0000,QUIET,25
kalba,2004-06-02,2,0,-0.1210,-0.7017,6,8,0.2500,True,0.0000,QUIET,25
kalba,2004-06-03,8,0,-0.0779,-0.8234,6,8,1.0000,True,0.0000,QUIET,25
kalba,2004-06-04,0,0,,,6,8,0.0000,False,,NODATA,25
kalba,2004-06-05,0,0,,,6,8,0.0000,False,,NODATA,25
kalba,2004-06-06,0,0,,,6,8,0.0000,False,,NODATA,25
kalba,2004-06-07,0,0,,,6,8,0.0000,False,,NODATA,25
kalba,2004-06-08,0,0,,,6,8,0.0000,False,,NODATA,25
kalba,2004-06-09,0,0,,,6,8,0.0000,False,,NODATA,25
kalba,2004-06-10,8,0,1.7843,-0.4146,6,8,1.0000,True,0.0000,QUIET,25
kalba,2004-06-11,0,0,,,6,8,0.0000,False,,NODATA,25
kalba,2004-06-12,0,0,,,6,8,0.0000,False,,NODATA,25
kalba,2004-06-13,0,0,,,6,8,0.0000,False,,NODATA,25
kalba,2004-06-14,0,0,,,6,8,0.0000,False,,NODATA,25
kalba,2004-06-15,0,0,,,6,8,0.0000,False,,NODATA,25
kalba,2004-06-16,0,0,,,6,8,0.0000,False,,NODATA,25
kalba,2004-06-17,0,0,,,6,8,0.0000,False,,NODATA,25
kalba,2004-06-18,0,0,,,6,8,0.0000,False,,NODATA,25
kalba,2004-06-19,0,0,,,6,8,0.0000,False,,NODATA,25
kalba,2004-06-20,0,0,,,6,8,0.0000,False,,NODATA,25
kalba,2004-06-21,0,0,,,6,8,0.0000,False,,NODATA,25
kalba,2004-06-22,0,0,,,6,8,0.0000,False,,NODATA,25
kalba,2004-06-23,0,0,,,6,8,0.0000,False,,NODATA,25
kalba,2004-06-24,0,0,,,6,8,0.0000,False,,NODATA,25
kalba,2004-06-25,0,0,,,6,8,0.0000,False,,NODATA,25
kalba,2004-06-26,0,0,,,6,8,0.0000,False,,NODATA,25
kalba,2004-06-27,0,0,,,6,8,0.0000,False,,NODATA,25
kalba,2004-06-28,0,0,,,6,8,0.0000,False,,NODATA,25
kalba,2004-06-29,0,0,,,6,8,0.0000,False,,NODATA,25
kalba,2004-06-30,0,0,,,6,8,0.0000,False,,NODATA,25
kalba,2004-07-01,0,0,,,7,0,0.0000,False,,NODATA,25
kalba,2004-07-02,0,0,,,7,0,0.0000,False,,NODATA,25
kalba,2004-07-03,0,0,,,7,0,0.0000,False,,NODATA,25
kalba,2004-07-04,0,0,,,7,0,0.0000,False,,NODATA,25
kalba,2004-07-05,0,0,,,7,0,0.0000,False,,NODATA,25
kalba,2004-07-06,0,0,,,7,0,0.0000,False,,NODATA,25
kalba,2004-07-07,0,0,,,7,0,0.0000,False,,NODATA,25
kalba,2004-07-08,0,0,,,7,0,0.0000,False,,NODATA,25
kalba,2004-07-09,0,0,,,7,0,0.0000,False,,NODATA,25
kalba,2004-07-10,0,0,,,7,0,0.0000,False,,NODATA,25
kalba,2004-07-11,0,0,,,7,0,0.0000,False,,NODATA,25
kalba,2004-07-12,0,0,,,7,0,0.0000,False,,NODATA,25
kalba,2004-07-13,0,0,,,7,0,0.0000,False,,NODATA,25
kalba,2004-07-14,0,0,,,7,0,0.0000,False,,NODATA,25
kalba,2004-07-15,0,0,,,7,0,0.0000,False,,NODATA,25
kalba,2004-07-16,0,0,,,7,0,0.0000,False,,NODATA,25
kalba,2004-07-17,0,0,,,7,0,0.0000,False,,NODATA,25
kalba,2004-07-18,0,0,,,7,0,0.0000,False,,NODATA,25
kalba,2004-07-19,0,0,,,7,0,0.0000,False,,NODATA,25
kalba,2004-07-20,0,0,,,7,0,0.0000,False,,NODATA,25
kalba,2004-07-21,0,0,,,7,0,0.0000,False,,NODATA,25
kalba,2004-07-22,0,0,,,7,0,0.0000,False,,NODATA,25
kalba,2004-07-23,0,0,,,7,0,0.0000,False,,NODATA,25
kalba,2004-07-24,0,0,,,7,0,0.0000,False,,NODATA,25
kalba,2004-07-25,0,0,,,7,0,0.0000,False,,NODATA,25
kalba,2004-07-26,0,0,,,7,0,0.0000,False,,NODATA,25
kalba,2004-07-27,0,0,,,7,0,0.0000,False,,NODATA,25
kalba,2004-07-28,0,0,,,7,0,0.0000,False,,NODATA,25
kalba,2004-07-29,0,0,,,7,0,0.0000,False,,NODATA,25
kalba,2004-07-30,0,0,,,7,0,0.0000,False,,NODATA,25
kalba,2004-07-31,0,0,,,7,0,0.0000,False,,NODATA,25
kalba,2004-08-01,0,0,,,8,0,0.0000,False,,NODATA,25
kalba,2004-08-02,0,0,,,8,0,0.0000,False,,NODATA,25
kalba,2004-08-03,0,0,,,8,0,0.0000,False,,NODATA,25
kalba,2004-08-04,0,0,,,8,0,0.0000,False,,NODATA,25
kalba,2004-08-05,0,0,,,8,0,0.0000,False,,NODATA,25
kalba,2004-08-06,0,0,,,8,0,0.0000,False,,NODATA,25
kalba,2004-08-07,0,0,,,8,0,0.0000,False,,NODATA,25
kalba,2004-08-08,0,0,,,8,0,0.0000,False,,NODATA,25
kalba,2004-08-09,0,0,,,8,0,0.0000,False,,NODATA,25
kalba,2004-08-10,0,0,,,8,0,0.0000,False,,NODATA,25
kalba,2004-08-11,0,0,,,8,0,0.0000,False,,NODATA,25
kalba,2004-08-12,0,0,,,8,0,0.0000,False,,NODATA,25
kalba,2004-08-13,0,0,,,8,0,0.0000,False,,NODATA,25
kalba,2004-08-14,0,0,,,8,0,0.0000,False,,NODATA,25
kalba,2004-08-15,0,0,,,8,0,0.0000,False,,NODATA,25
kalba,2004-08-16,0,0,,,8,0,0.0000,False,,NODATA,25
kalba,2004-08-17,0,0,,,8,0,0.0000,False,,NODATA,25
kalba,2004-08-18,0,0,,,8,0,0.0000,False,,NODATA,25
kalba,2004-08-19,0,0,,,8,0,0.0000,False,,NODATA,25
kalba,2004-08-20,0,0,,,8,0,0.0000,False,,NODATA,25
kalba,2004-08-21,0,0,,,8,0,0.0000,False,,NODATA,25
kalba,2004-08-22,0,0,,,8,0,0.0000,False,,NODATA,25
kalba,2004-08-23,0,0,,,8,0,0.0000,False,,NODATA,25
kalba,2004-08-24,0,0,,,8,0,0.0000,False,,NODATA,25
kalba,2004-08-25,0,0,,,8,0,0.0000,False,,NODATA,25
kalba,2004-08-26,0,0,,,8,0,0.0000,False,,NODATA,25
kalba,2004-08-27,0,0,,,8,0,0.0000,False,,NODATA,25
kalba,2004-08-28,0,0,,,8,0,0.0000,False,,NODATA,25
kalba,2004-08-29,0,0,,,8,0,0.0000,False,,NODATA,25
kalba,2004-08-30,0,0,,,8,0,0.0000,False,,NODATA,25
kalba,2004-08-31,0,0,,,8,0,0.0000,False,,NODATA,25
kalba,2004-09-01,0,0,,,9,36,0.0000,False,,NODATA,25
kalba,2004-09-02,0,0,,,9,36,0.0000,False,,NODATA,25
kalba,2004-09-03,0,0,,,9,36,0.0000,False,,NODATA,25
kalba,2004-09-04,0,0,,,9,36,0.0000,False,,NODATA,25
kalba,2004-09-05,0,0,,,9,36,0.0000,False,,NODATA,25
kalba,2004-09-06,0,0,,,9,36,0.0000,False,,NODATA,25
kalba,2004-09-07,0,0,,,9,36,0.0000,False,,NODATA,25
kalba,2004-09-08,0,0,,,9,36,0.0000,False,,NODATA,25
kalba,2004-09-09,0,0,,,9,36,0.0000,False,,NODATA,25
kalba,2004-09-10,0,0,,,9,36,0.0000,False,,NODATA,25
kalba,2004-09-11,0,0,,,9,36,0.0000,False,,NODATA,25
kalba,2004-09-12,0,0,,,9,36,0.0000,False,,NODATA,25
kalba,2004-09-13,0,0,,,9,36,0.0000,False,,NODATA,25
kalba,2004-09-14,0,0,,,9,36,0.0000,False,,NODATA,25
kalba,2004-09-15,0,0,,,9,36,0.0000,False,,NODATA,25
kalba,2004-09-16,0,0,,,9,36,0.0000,False,,NODATA,25
kalba,2004-09-17,0,0,,,9,36,0.0000,False,,NODATA,25
kalba,2004-09-18,0,0,,,9,36,0.0000,False,,NODATA,25
kalba,2004-09-19,0,0,,,9,36,0.0000,False,,NODATA,25
kalba,2004-09-20,0,0,,,9,36,0.0000,False,,NODATA,25
kalba,2004-09-21,0,0,,,9,36,0.0000,False,,NODATA,25
kalba,2004-09-22,0,0,,,9,36,0.0000,False,,NODATA,25
kalba,2004-09-23,0,0,,,9,36,0.0000,False,,NODATA,25
kalba,2004-09-24,0,0,,,9,36,0.0000,False,,NODATA,25
kalba,2004-09-25,0,0,,,9,36,0.0000,False,,NODATA,25
kalba,2004-09-26,0,0,,,9,36,0.0000,False,,NODATA,25
kalba,2004-09-27,0,0,,,9,36,0.0000,False,,NODATA,25
kalba,2004-09-28,0,0,,,9,36,0.0000,False,,NODATA,25
kalba,2004-09-29,0,0,,,9,36,0.0000,False,,NODATA,25
kalba,2004-09-30,33,7,2.6563,0.0334,9,36,0.9167,True,0.2121,QUIET,25
kalba,2004-10-01,24,1,2.0224,-0.3451,10,47,0.5106,True,0.0417,QUIET,25
kalba,2004-10-02,41,4,3.5518,-0.1742,10,47,0.8723,True,0.0976,QUIET,25
kalba,2004-10-03,0,0,,,10,47,0.0000,False,,NODATA,25
kalba,2004-10-04,0,0,,,10,47,0.0000,False,,NODATA,25
kalba,2004-10-05,0,0,,,10,47,0.0000,False,,NODATA,25
kalba,2004-10-06,41,0,0.5567,-0.3877,10,47,0.8723,True,0.0000,QUIET,25
kalba,2004-10-07,6,1,2.0117,0.0172,10,47,0.1277,True,0.1667,QUIET,25
kalba,2004-10-08,0,0,,,10,47,0.0000,False,,NODATA,25
kalba,2004-10-09,0,0,,,10,47,0.0000,False,,NODATA,25
kalba,2004-10-10,0,0,,,10,47,0.0000,False,,NODATA,25
kalba,2004-10-11,37,7,3.5042,-0.1049,10,47,0.7872,True,0.1892,QUIET,25
kalba,2004-10-12,0,0,,,10,47,0.0000,False,,NODATA,25
kalba,2004-10-13,0,0,,,10,47,0.0000,False,,NODATA,25
kalba,2004-10-14,0,0,,,10,47,0.0000,False,,NODATA,25
kalba,2004-10-15,0,0,,,10,47,0.0000,False,,NODATA,25
kalba,2004-10-16,9,0,1.8130,-0.1057,10,47,0.1915,True,0.0000,QUIET,25
kalba,2004-10-17,0,0,,,10,47,0.0000,False,,NODATA,25
kalba,2004-10-18,0,0,,,10,47,0.0000,False,,NODATA,25
kalba,2004-10-19,0,0,,,10,47,0.0000,False,,NODATA,25
kalba,2004-10-20,0,0,,,10,47,0.0000,False,,NODATA,25
kalba,2004-10-21,0,0,,,10,47,0.0000,False,,NODATA,25
kalba,2004-10-22,0,0,,,10,47,0.0000,False,,NODATA,25
kalba,2004-10-23,0,0,,,10,47,0.0000,False,,NODATA,25
kalba,2004-10-24,0,0,,,10,47,0.0000,False,,NODATA,25
kalba,2004-10-25,0,0,,,10,47,0.0000,False,,NODATA,25
kalba,2004-10-26,0,0,,,10,47,0.0000,False,,NODATA,25
kalba,2004-10-27,32,28,4.5469,0.4281,10,47,0.6809,True,0.8750,EXCEED,25
kalba,2004-10-28,0,0,,,10,47,0.0000,False,,NODATA,25
kalba,2004-10-29,39,24,5.4246,0.6113,10,47,0.8298,True,0.6154,ALERT,25
kalba,2004-10-30,0,0,,,10,47,0.0000,False,,NODATA,25
kalba,2004-10-31,26,7,3.2958,0.0612,10,47,0.5532,True,0.2692,QUIET,25
kalba,2004-11-01,35,2,2.1293,0.1951,11,47,0.7447,True,0.0571,QUIET,25
kalba,2004-11-02,0,0,,,11,47,0.0000,False,,NODATA,25
kalba,2004-11-03,46,0,1.3017,0.0618,11,47,0.9787,True,0.0000,QUIET,25
kalba,2004-11-04,0,0,,,11,47,0.0000,False,,NODATA,25
kalba,2004-11-05,47,0,1.0797,0.0198,11,47,1.0000,True,0.0000,QUIET,25
kalba,2004-11-06,0,0,,,11,47,0.0000,False,,NODATA,25
kalba,2004-11-07,41,0,0.7152,-0.0130,11,47,0.8723,True,0.0000,QUIET,25
kalba,2004-11-08,34,0,0.5501,0.1062,11,47,0.7234,True,0.0000,QUIET,25
kalba,2004-11-09,32,0,0.5485,-0.0064,11,47,0.6809,True,0.0000,QUIET,25
kalba,2004-11-10,41,0,1.5123,0.3027,11,47,0.8723,True,0.0000,QUIET,25
kalba,2004-11-11,0,0,,,11,47,0.0000,False,,NODATA,25
kalba,2004-11-12,44,0,0.4834,0.0081,11,47,0.9362,True,0.0000,QUIET,25
kalba,2004-11-13,0,0,,,11,47,0.0000,False,,NODATA,25
kalba,2004-11-14,29,0,0.4329,0.0758,11,47,0.6170,True,0.0000,QUIET,25
kalba,2004-11-15,0,0,,,11,47,0.0000,False,,NODATA,25
kalba,2004-11-16,0,0,,,11,47,0.0000,False,,NODATA,25
kalba,2004-11-17,13,12,2.9238,1.0140,11,47,0.2766,True,0.9231,EXCEED,25
kalba,2004-11-18,0,0,,,11,47,0.0000,False,,NODATA,25
kalba,2004-11-19,41,40,3.3229,1.2409,11,47,0.8723,True,0.9756,ALERT,25
kalba,2004-11-20,0,0,,,11,47,0.0000,False,,NODATA,25
kalba,2004-11-21,47,0,1.6155,0.3668,11,47,1.0000,True,0.0000,QUIET,25
kalba,2004-11-22,0,0,,,11,47,0.0000,False,,NODATA,25
kalba,2004-11-23,40,0,1.0771,0.2099,11,47,0.8511,True,0.0000,QUIET,25
kalba,2004-11-24,0,0,,,11,47,0.0000,False,,NODATA,25
kalba,2004-11-25,0,0,,,11,47,0.0000,False,,NODATA,25
kalba,2004-11-26,0,0,,,11,47,0.0000,False,,NODATA,25
kalba,2004-11-27,0,0,,,11,47,0.0000,False,,NODATA,25
kalba,2004-11-28,7,7,3.3835,1.3959,11,47,0.1489,True,1.0000,EXCEED,25
kalba,2004-11-29,0,0,,,11,47,0.0000,False,,NODATA,25
kalba,2004-11-30,24,9,2.8775,0.8398,11,47,0.5106,True,0.3750,ALERT,25
kalba,2004-12-01,0,0,,,12,47,0.0000,False,,NODATA,25
kalba,2004-12-02,0,0,,,12,47,0.0000,False,,NODATA,25
kalba,2004-12-03,0,0,,,12,47,0.0000,False,,NODATA,25
kalba,2004-12-04,0,0,,,12,47,0.0000,False,,NODATA,25
kalba,2004-12-05,0,0,,,12,47,0.0000,False,,NODATA,25
kalba,2004-12-06,0,0,,,12,47,0.0000,False,,NODATA,25
kalba,2004-12-07,35,17,3.6226,0.8889,12,47,0.7447,True,0.4857,ALERT,25
kalba,2004-12-08,0,0,,,12,47,0.0000,False,,NODATA,25
kalba,2004-12-09,0,0,,,12,47,0.0000,False,,NODATA,25
kalba,2004-12-10,0,0,,,12,47,0.0000,False,,NODATA,25
kalba,2004-12-11,0,0,,,12,47,0.0000,False,,NODATA,25
kalba,2004-12-12,32,2,2.6210,0.3785,12,47,0.6809,True,0.0625,QUIET,25
kalba,2004-12-13,0,0,,,12,47,0.0000,False,,NODATA,25
kalba,2004-12-14,0,0,,,12,47,0.0000,False,,NODATA,25
kalba,2004-12-15,0,0,,,12,47,0.0000,False,,NODATA,25
kalba,2004-12-16,0,0,,,12,47,0.0000,False,,NODATA,25
kalba,2004-12-17,0,0,,,12,47,0.0000,False,,NODATA,25
kalba,2004-12-18,0,0,,,12,47,0.0000,False,,NODATA,25
kalba,2004-12-19,37,0,1.2505,0.1097,12,47,0.7872,True,0.0000,QUIET,25
kalba,2004-12-20,0,0,,,12,47,0.0000,False,,NODATA,25
kalba,2004-12-21,0,0,,,12,47,0.0000,False,,NODATA,25
kalba,2004-12-22,0,0,,,12,47,0.0000,False,,NODATA,25
kalba,2004-12-23,46,0,0.7075,0.0523,12,47,0.9787,True,0.0000,QUIET,25
kalba,2004-12-24,0,0,,,12,47,0.0000,False,,NODATA,25
kalba,2004-12-25,0,0,,,12,47,0.0000,False,,NODATA,25
kalba,2004-12-26,0,0,,,12,47,0.0000,False,,NODATA,25
kalba,2004-12-27,0,0,,,12,47,0.0000,False,,NODATA,25
kalba,2004-12-28,6,0,-1.3475,-0.4041,12,47,0.1277,True,0.0000,QUIET,25
kalba,2004-12-29,0,0,,,12,47,0.0000,False,,NODATA,25
kalba,2004-12-30,47,0,-0.2551,-0.1638,12,47,1.0000,True,0.0000,QUIET,25
kalba,2004-12-31,0,0,,,12,47,0.0000,False,,NODATA,25
kalba,2005-01-01,47,0,-0.2825,-0.1258,1,47,1.0000,True,0.0000,QUIET,25
kalba,2005-01-02,25,0,-0.4958,-0.2234,1,47,0.5319,True,0.0000,QUIET,25
kalba,2005-01-03,37,0,-0.7716,-0.2119,1,47,0.7872,True,0.0000,QUIET,25
kalba,2005-01-04,36,0,1.5490,0.1017,1,47,0.7660,True,0.0000,QUIET,25
kalba,2005-01-05,21,0,-0.6571,-0.1790,1,47,0.4468,True,0.0000,QUIET,25
kalba,2005-01-06,47,0,0.5110,0.0300,1,47,1.0000,True,0.0000,QUIET,25
kalba,2005-01-07,0,0,,,1,47,0.0000,False,,NODATA,25
kalba,2005-01-08,11,1,2.3909,0.2413,1,47,0.2340,True,0.0909,QUIET,25
kalba,2005-01-09,0,0,,,1,47,0.0000,False,,NODATA,25
kalba,2005-01-10,5,0,0.5608,0.1090,1,47,0.1064,True,0.0000,QUIET,25
kalba,2005-01-11,0,0,,,1,47,0.0000,False,,NODATA,25
kalba,2005-01-12,0,0,,,1,47,0.0000,False,,NODATA,25
kalba,2005-01-13,27,1,3.6210,0.2424,1,47,0.5745,True,0.0370,QUIET,25
kalba,2005-01-14,0,0,,,1,47,0.0000,False,,NODATA,25
kalba,2005-01-15,46,5,2.7733,0.6085,1,47,0.9787,True,0.1087,QUIET,25
kalba,2005-01-16,0,0,,,1,47,0.0000,False,,NODATA,25
kalba,2005-01-17,33,2,2.5782,0.4342,1,47,0.7021,True,0.0606,QUIET,25
kalba,2005-01-18,0,0,,,1,47,0.0000,False,,NODATA,25
kalba,2005-01-19,0,0,,,1,47,0.0000,False,,NODATA,25
kalba,2005-01-20,3,0,-0.3715,-0.1558,1,47,0.0638,False,,NODATA,25
kalba,2005-01-21,24,0,0.3359,-0.0558,1,47,0.5106,True,0.0000,QUIET,25
kalba,2005-01-22,0,0,,,1,47,0.0000,False,,NODATA,25
kalba,2005-01-23,0,0,,,1,47,0.0000,False,,NODATA,25
kalba,2005-01-24,17,1,2.0641,-0.0290,1,47,0.3617,True,0.0588,QUIET,25
kalba,2005-01-25,0,0,,,1,47,0.0000,False,,NODATA,25
kalba,2005-01-26,34,0,0.6857,0.0187,1,47,0.7234,True,0.0000,QUIET,25
kalba,2005-01-27,0,0,,,1,47,0.0000,False,,NODATA,25
kalba,2005-01-28,33,0,0.5469,-0.1382,1,47,0.7021,True,0.0000,QUIET,25
kalba,2005-01-29,22,11,3.7292,0.8711,1,47,0.4681,True,0.5000,EXCEED,25
kalba,2005-01-30,0,0,,,1,47,0.0000,False,,NODATA,25
kalba,2005-01-31,37,3,2.4959,0.6397,1,47,0.7872,True,0.0811,QUIET,25
kalba,2005-02-01,0,0,,,2,44,0.0000,False,,NODATA,25
kalba,2005-02-02,2,0,0.2428,0.5699,2,44,0.0455,False,,NODATA,25
kalba,2005-02-03,0,0,,,2,44,0.0000,False,,NODATA,25
kalba,2005-02-04,4,0,0.2480,0.2559,2,44,0.0909,False,,NODATA,25
kalba,2005-02-05,0,0,,,2,44,0.0000,False,,NODATA,25
kalba,2005-02-06,0,0,,,2,44,0.0000,False,,NODATA,25
kalba,2005-02-07,0,0,,,2,44,0.0000,False,,NODATA,25
kalba,2005-02-08,0,0,,,2,44,0.0000,False,,NODATA,25
kalba,2005-02-09,0,0,,,2,44,0.0000,False,,NODATA,25
kalba,2005-02-10,0,0,,,2,44,0.0000,False,,NODATA,25
kalba,2005-02-11,41,0,-0.4571,-0.1483,2,44,0.9318,True,0.0000,QUIET,25
kalba,2005-02-12,0,0,,,2,44,0.0000,False,,NODATA,25
kalba,2005-02-13,0,0,,,2,44,0.0000,False,,NODATA,25
kalba,2005-02-14,0,0,,,2,44,0.0000,False,,NODATA,25
kalba,2005-02-15,0,0,,,2,44,0.0000,False,,NODATA,25
kalba,2005-02-16,0,0,,,2,44,0.0000,False,,NODATA,25
kalba,2005-02-17,0,0,,,2,44,0.0000,False,,NODATA,25
kalba,2005-02-18,30,0,-0.5374,-0.0951,2,44,0.6818,True,0.0000,QUIET,25
kalba,2005-02-19,24,0,1.4757,0.7529,2,44,0.5455,True,0.0000,QUIET,25
kalba,2005-02-20,36,0,1.1536,0.5181,2,44,0.8182,True,0.0000,QUIET,25
kalba,2005-02-21,0,0,,,2,44,0.0000,False,,NODATA,25
kalba,2005-02-22,0,0,,,2,44,0.0000,False,,NODATA,25
kalba,2005-02-23,0,0,,,2,44,0.0000,False,,NODATA,25
kalba,2005-02-24,0,0,,,2,44,0.0000,False,,NODATA,25
kalba,2005-02-25,0,0,,,2,44,0.0000,False,,NODATA,25
kalba,2005-02-26,0,0,,,2,44,0.0000,False,,NODATA,25
kalba,2005-02-27,0,0,,,2,44,0.0000,False,,NODATA,25
kalba,2005-02-28,6,0,1.7472,1.2479,2,44,0.1364,True,0.0000,QUIET,25
kalba,2005-03-01,0,0,,,3,44,0.0000,False,,NODATA,25
kalba,2005-03-02,0,0,,,3,44,0.0000,False,,NODATA,25
kalba,2005-03-03,1,0,0.3389,0.6886,3,44,0.0227,False,,NODATA,25
kalba,2005-03-04,44,3,2.2767,0.7426,3,44,1.0000,True,0.0682,QUIET,25
kalba,2005-03-05,0,0,,,3,44,0.0000,False,,NODATA,25
kalba,2005-03-06,6,1,2.3411,0.5517,3,44,0.1364,True,0.1667,QUIET,25
kalba,2005-03-07,0,0,,,3,44,0.0000,False,,NODATA,25
kalba,2005-03-08,0,0,,,3,44,0.0000,False,,NODATA,25
kalba,2005-03-09,0,0,,,3,44,0.0000,False,,NODATA,25
kalba,2005-03-10,0,0,,,3,44,0.0000,False,,NODATA,25
kalba,2005-03-11,0,0,,,3,44,0.0000,False,,NODATA,25
kalba,2005-03-12,0,0,,,3,44,0.0000,False,,NODATA,25
kalba,2005-03-13,0,0,,,3,44,0.0000,False,,NODATA,25
kalba,2005-03-14,0,0,,,3,44,0.0000,False,,NODATA,25
kalba,2005-03-15,0,0,,,3,44,0.0000,False,,NODATA,25
kalba,2005-03-16,0,0,,,3,44,0.0000,False,,NODATA,25
kalba,2005-03-17,5,0,0.4411,0.3961,3,44,0.1136,True,0.0000,QUIET,25
kalba,2005-03-18,35,0,1.9579,1.1477,3,44,0.7955,True,0.0000,QUIET,25
kalba,2005-03-19,0,0,,,3,44,0.0000,False,,NODATA,25
kalba,2005-03-20,12,0,1.4657,0.4471,3,44,0.2727,True,0.0000,QUIET,25
kalba,2005-03-21,0,0,,,3,44,0.0000,False,,NODATA,25
kalba,2005-03-22,0,0,,,3,44,0.0000,False,,NODATA,25
kalba,2005-03-23,0,0,,,3,44,0.0000,False,,NODATA,25
kalba,2005-03-24,0,0,,,3,44,0.0000,False,,NODATA,25
kalba,2005-03-25,31,0,1.2120,-0.0583,3,44,0.7045,True,0.0000,QUIET,25
kalba,2005-03-26,0,0,,,3,44,0.0000,False,,NODATA,25
kalba,2005-03-27,0,0,,,3,44,0.0000,False,,NODATA,25
kalba,2005-03-28,0,0,,,3,44,0.0000,False,,NODATA,25
kalba,2005-03-29,0,0,,,3,44,0.0000,False,,NODATA,25
kalba,2005-03-30,0,0,,,3,44,0.0000,False,,NODATA,25
kalba,2005-03-31,0,0,,,3,44,0.0000,False,,NODATA,25
kalba,2005-04-01,0,0,,,4,39,0.0000,False,,NODATA,25
kalba,2005-04-02,31,13,2.5605,0.4546,4,39,0.7949,True,0.4194,EXCEED,25
kalba,2005-04-03,39,0,1.9801,0.1110,4,39,1.0000,True,0.0000,QUIET,25
kalba,2005-04-04,0,0,,,4,39,0.0000,False,,NODATA,25
kalba,2005-04-05,14,0,1.5677,0.2111,4,39,0.3590,True,0.0000,QUIET,25
kalba,2005-04-06,0,0,,,4,39,0.0000,False,,NODATA,25
kalba,2005-04-07,0,0,,,4,39,0.0000,False,,NODATA,25
kalba,2005-04-08,0,0,,,4,39,0.0000,False,,NODATA,25
kalba,2005-04-09,0,0,,,4,39,0.0000,False,,NODATA,25
kalba,2005-04-10,0,0,,,4,39,0.0000,False,,NODATA,25
kalba,2005-04-11,0,0,,,4,39,0.0000,False,,NODATA,25
kalba,2005-04-12,0,0,,,4,39,0.0000,False,,NODATA,25
kalba,2005-04-13,0,0,,,4,39,0.0000,False,,NODATA,25
kalba,2005-04-14,0,0,,,4,39,0.0000,False,,NODATA,25
kalba,2005-04-15,0,0,,,4,39,0.0000,False,,NODATA,25
kalba,2005-04-16,0,0,,,4,39,0.0000,False,,NODATA,25
kalba,2005-04-17,0,0,,,4,39,0.0000,False,,NODATA,25
kalba,2005-04-18,0,0,,,4,39,0.0000,False,,NODATA,25
kalba,2005-04-19,0,0,,,4,39,0.0000,False,,NODATA,25
kalba,2005-04-20,0,0,,,4,39,0.0000,False,,NODATA,25
kalba,2005-04-21,34,0,0.7684,-0.2371,4,39,0.8718,True,0.0000,QUIET,25
kalba,2005-04-22,0,0,,,4,39,0.0000,False,,NODATA,25
kalba,2005-04-23,0,0,,,4,39,0.0000,False,,NODATA,25
kalba,2005-04-24,0,0,,,4,39,0.0000,False,,NODATA,25
kalba,2005-04-25,0,0,,,4,39,0.0000,False,,NODATA,25
kalba,2005-04-26,0,0,,,4,39,0.0000,False,,NODATA,25
kalba,2005-04-27,0,0,,,4,39,0.0000,False,,NODATA,25
kalba,2005-04-28,39,0,-0.5027,-0.4258,4,39,1.0000,True,0.0000,QUIET,25
kalba,2005-04-29,0,0,,,4,39,0.0000,False,,NODATA,25
kalba,2005-04-30,0,0,,,4,39,0.0000,False,,NODATA,25
kalba,2005-05-01,0,0,,,5,22,0.0000,False,,NODATA,25
kalba,2005-05-02,0,0,,,5,22,0.0000,False,,NODATA,25
kalba,2005-05-03,0,0,,,5,22,0.0000,False,,NODATA,25
kalba,2005-05-04,0,0,,,5,22,0.0000,False,,NODATA,25
kalba,2005-05-05,0,0,,,5,22,0.0000,False,,NODATA,25
kalba,2005-05-06,0,0,,,5,22,0.0000,False,,NODATA,25
kalba,2005-05-07,0,0,,,5,22,0.0000,False,,NODATA,25
kalba,2005-05-08,0,0,,,5,22,0.0000,False,,NODATA,25
kalba,2005-05-09,0,0,,,5,22,0.0000,False,,NODATA,25
kalba,2005-05-10,0,0,,,5,22,0.0000,False,,NODATA,25
kalba,2005-05-11,0,0,,,5,22,0.0000,False,,NODATA,25
kalba,2005-05-12,22,0,1.2213,-0.5115,5,22,1.0000,True,0.0000,QUIET,25
kalba,2005-05-13,0,0,,,5,22,0.0000,False,,NODATA,25
kalba,2005-05-14,0,0,,,5,22,0.0000,False,,NODATA,25
kalba,2005-05-15,0,0,,,5,22,0.0000,False,,NODATA,25
kalba,2005-05-16,0,0,,,5,22,0.0000,False,,NODATA,25
kalba,2005-05-17,0,0,,,5,22,0.0000,False,,NODATA,25
kalba,2005-05-18,0,0,,,5,22,0.0000,False,,NODATA,25
kalba,2005-05-19,3,0,0.9415,-0.4816,5,22,0.1364,True,0.0000,QUIET,25
kalba,2005-05-20,0,0,,,5,22,0.0000,False,,NODATA,25
kalba,2005-05-21,0,0,,,5,22,0.0000,False,,NODATA,25
kalba,2005-05-22,0,0,,,5,22,0.0000,False,,NODATA,25
kalba,2005-05-23,0,0,,,5,22,0.0000,False,,NODATA,25
kalba,2005-05-24,0,0,,,5,22,0.0000,False,,NODATA,25
kalba,2005-05-25,0,0,,,5,22,0.0000,False,,NODATA,25
kalba,2005-05-26,0,0,,,5,22,0.0000,False,,NODATA,25
kalba,2005-05-27,0,0,,,5,22,0.0000,False,,NODATA,25
kalba,2005-05-28,0,0,,,5,22,0.0000,False,,NODATA,25
kalba,2005-05-29,0,0,,,5,22,0.0000,False,,NODATA,25
kalba,2005-05-30,0,0,,,5,22,0.0000,False,,NODATA,25
kalba,2005-05-31,0,0,,,5,22,0.0000,False,,NODATA,25
kalba,2005-06-01,0,0,,,6,8,0.0000,False,,NODATA,25
kalba,2005-06-02,0,0,,,6,8,0.0000,False,,NODATA,25
kalba,2005-06-03,0,0,,,6,8,0.0000,False,,NODATA,25
kalba,2005-06-04,8,0,0.3593,-0.7115,6,8,1.0000,True,0.0000,QUIET,25
kalba,2005-06-05,7,0,-0.5136,-0.8219,6,8,0.8750,True,0.0000,QUIET,25
kalba,2005-06-06,8,0,-0.1186,-0.7826,6,8,1.0000,True,0.0000,QUIET,25
kalba,2005-06-07,0,0,,,6,8,0.0000,False,,NODATA,25
kalba,2005-06-08,0,0,,,6,8,0.0000,False,,NODATA,25
kalba,2005-06-09,0,0,,,6,8,0.0000,False,,NODATA,25
kalba,2005-06-10,0,0,,,6,8,0.0000,False,,NODATA,25
kalba,2005-06-11,0,0,,,6,8,0.0000,False,,NODATA,25
kalba,2005-06-12,0,0,,,6,8,0.0000,False,,NODATA,25
kalba,2005-06-13,0,0,,,6,8,0.0000,False,,NODATA,25
kalba,2005-06-14,0,0,,,6,8,0.0000,False,,NODATA,25
kalba,2005-06-15,0,0,,,6,8,0.0000,False,,NODATA,25
kalba,2005-06-16,0,0,,,6,8,0.0000,False,,NODATA,25
kalba,2005-06-17,0,0,,,6,8,0.0000,False,,NODATA,25
kalba,2005-06-18,0,0,,,6,8,0.0000,False,,NODATA,25
kalba,2005-06-19,0,0,,,6,8,0.0000,False,,NODATA,25
kalba,2005-06-20,0,0,,,6,8,0.0000,False,,NODATA,25
kalba,2005-06-21,0,0,,,6,8,0.0000,False,,NODATA,25
kalba,2005-06-22,0,0,,,6,8,0.0000,False,,NODATA,25
kalba,2005-06-23,0,0,,,6,8,0.0000,False,,NODATA,25
kalba,2005-06-24,0,0,,,6,8,0.0000,False,,NODATA,25
kalba,2005-06-25,0,0,,,6,8,0.0000,False,,NODATA,25
kalba,2005-06-26,0,0,,,6,8,0.0000,False,,NODATA,25
kalba,2005-06-27,0,0,,,6,8,0.0000,False,,NODATA,25
kalba,2005-06-28,0,0,,,6,8,0.0000,False,,NODATA,25
kalba,2005-06-29,0,0,,,6,8,0.0000,False,,NODATA,25
kalba,2005-06-30,0,0,,,6,8,0.0000,False,,NODATA,25
kalba,2005-07-01,0,0,,,7,0,0.0000,False,,NODATA,25
kalba,2005-07-02,0,0,,,7,0,0.0000,False,,NODATA,25
kalba,2005-07-03,0,0,,,7,0,0.0000,False,,NODATA,25
kalba,2005-07-04,0,0,,,7,0,0.0000,False,,NODATA,25
kalba,2005-07-05,0,0,,,7,0,0.0000,False,,NODATA,25
kalba,2005-07-06,0,0,,,7,0,0.0000,False,,NODATA,25
kalba,2005-07-07,0,0,,,7,0,0.0000,False,,NODATA,25
kalba,2005-07-08,0,0,,,7,0,0.0000,False,,NODATA,25
kalba,2005-07-09,0,0,,,7,0,0.0000,False,,NODATA,25
kalba,2005-07-10,0,0,,,7,0,0.0000,False,,NODATA,25
kalba,2005-07-11,0,0,,,7,0,0.0000,False,,NODATA,25
kalba,2005-07-12,0,0,,,7,0,0.0000,False,,NODATA,25
kalba,2005-07-13,0,0,,,7,0,0.0000,False,,NODATA,25
kalba,2005-07-14,0,0,,,7,0,0.0000,False,,NODATA,25
kalba,2005-07-15,0,0,,,7,0,0.0000,False,,NODATA,25
kalba,2005-07-16,0,0,,,7,0,0.0000,False,,NODATA,25
kalba,2005-07-17,0,0,,,7,0,0.0000,False,,NODATA,25
kalba,2005-07-18,0,0,,,7,0,0.0000,False,,NODATA,25
kalba,2005-07-19,0,0,,,7,0,0.0000,False,,NODATA,25
kalba,2005-07-20,0,0,,,7,0,0.0000,False,,NODATA,25
kalba,2005-07-21,0,0,,,7,0,0.0000,False,,NODATA,25
kalba,2005-07-22,0,0,,,7,0,0.0000,False,,NODATA,25
kalba,2005-07-23,0,0,,,7,0,0.0000,False,,NODATA,25
kalba,2005-07-24,0,0,,,7,0,0.0000,False,,NODATA,25
kalba,2005-07-25,0,0,,,7,0,0.0000,False,,NODATA,25
kalba,2005-07-26,0,0,,,7,0,0.0000,False,,NODATA,25
kalba,2005-07-27,0,0,,,7,0,0.0000,False,,NODATA,25
kalba,2005-07-28,0,0,,,7,0,0.0000,False,,NODATA,25
kalba,2005-07-29,0,0,,,7,0,0.0000,False,,NODATA,25
kalba,2005-07-30,0,0,,,7,0,0.0000,False,,NODATA,25
kalba,2005-07-31,0,0,,,7,0,0.0000,False,,NODATA,25
kalba,2005-08-01,0,0,,,8,0,0.0000,False,,NODATA,25
kalba,2005-08-02,0,0,,,8,0,0.0000,False,,NODATA,25
kalba,2005-08-03,0,0,,,8,0,0.0000,False,,NODATA,25
kalba,2005-08-04,0,0,,,8,0,0.0000,False,,NODATA,25
kalba,2005-08-05,0,0,,,8,0,0.0000,False,,NODATA,25
kalba,2005-08-06,0,0,,,8,0,0.0000,False,,NODATA,25
kalba,2005-08-07,0,0,,,8,0,0.0000,False,,NODATA,25
kalba,2005-08-08,0,0,,,8,0,0.0000,False,,NODATA,25
kalba,2005-08-09,0,0,,,8,0,0.0000,False,,NODATA,25
kalba,2005-08-10,0,0,,,8,0,0.0000,False,,NODATA,25
kalba,2005-08-11,0,0,,,8,0,0.0000,False,,NODATA,25
kalba,2005-08-12,0,0,,,8,0,0.0000,False,,NODATA,25
kalba,2005-08-13,0,0,,,8,0,0.0000,False,,NODATA,25
kalba,2005-08-14,0,0,,,8,0,0.0000,False,,NODATA,25
kalba,2005-08-15,0,0,,,8,0,0.0000,False,,NODATA,25
kalba,2005-08-16,0,0,,,8,0,0.0000,False,,NODATA,25
kalba,2005-08-17,0,0,,,8,0,0.0000,False,,NODATA,25
kalba,2005-08-18,0,0,,,8,0,0.0000,False,,NODATA,25
kalba,2005-08-19,0,0,,,8,0,0.0000,False,,NODATA,25
kalba,2005-08-20,0,0,,,8,0,0.0000,False,,NODATA,25
kalba,2005-08-21,0,0,,,8,0,0.0000,False,,NODATA,25
kalba,2005-08-22,0,0,,,8,0,0.0000,False,,NODATA,25
kalba,2005-08-23,0,0,,,8,0,0.0000,False,,NODATA,25
kalba,2005-08-24,0,0,,,8,0,0.0000,False,,NODATA,25
kalba,2005-08-25,0,0,,,8,0,0.0000,False,,NODATA,25
kalba,2005-08-26,0,0,,,8,0,0.0000,False,,NODATA,25
kalba,2005-08-27,0,0,,,8,0,0.0000,False,,NODATA,25
kalba,2005-08-28,0,0,,,8,0,0.0000,False,,NODATA,25
kalba,2005-08-29,0,0,,,8,0,0.0000,False,,NODATA,25
kalba,2005-08-30,0,0,,,8,0,0.0000,False,,NODATA,25
kalba,2005-08-31,0,0,,,8,0,0.0000,False,,NODATA,25
kalba,2005-09-01,0,0,,,9,36,0.0000,False,,NODATA,25
kalba,2005-09-02,0,0,,,9,36,0.0000,False,,NODATA,25
kalba,2005-09-03,0,0,,,9,36,0.0000,False,,NODATA,25
kalba,2005-09-04,0,0,,,9,36,0.0000,False,,NODATA,25
kalba,2005-09-05,0,0,,,9,36,0.0000,False,,NODATA,25
kalba,2005-09-06,0,0,,,9,36,0.0000,False,,NODATA,25
kalba,2005-09-07,0,0,,,9,36,0.0000,False,,NODATA,25
kalba,2005-09-08,0,0,,,9,36,0.0000,False,,NODATA,25
kalba,2005-09-09,0,0,,,9,36,0.0000,False,,NODATA,25
kalba,2005-09-10,0,0,,,9,36,0.0000,False,,NODATA,25
kalba,2005-09-11,0,0,,,9,36,0.0000,False,,NODATA,25
kalba,2005-09-12,36,0,1.3882,-0.2357,9,36,1.0000,True,0.0000,QUIET,25
kalba,2005-09-13,0,0,,,9,36,0.0000,False,,NODATA,25
kalba,2005-09-14,0,0,,,9,36,0.0000,False,,NODATA,25
kalba,2005-09-15,0,0,,,9,36,0.0000,False,,NODATA,25
kalba,2005-09-16,0,0,,,9,36,0.0000,False,,NODATA,25
kalba,2005-09-17,30,0,0.1229,-0.4849,9,36,0.8333,True,0.0000,QUIET,25
kalba,2005-09-18,22,0,-0.3724,-0.5766,9,36,0.6111,True,0.0000,QUIET,25
kalba,2005-09-19,27,0,1.7899,-0.4515,9,36,0.7500,True,0.0000,QUIET,25
kalba,2005-09-20,0,0,,,9,36,0.0000,False,,NODATA,25
kalba,2005-09-21,12,0,0.6204,-0.5577,9,36,0.3333,True,0.0000,QUIET,25
kalba,2005-09-22,0,0,,,9,36,0.0000,False,,NODATA,25
kalba,2005-09-23,0,0,,,9,36,0.0000,False,,NODATA,25
kalba,2005-09-24,0,0,,,9,36,0.0000,False,,NODATA,25
kalba,2005-09-25,0,0,,,9,36,0.0000,False,,NODATA,25
kalba,2005-09-26,0,0,,,9,36,0.0000,False,,NODATA,25
kalba,2005-09-27,0,0,,,9,36,0.0000,False,,NODATA,25
kalba,2005-09-28,0,0,,,9,36,0.0000,False,,NODATA,25
kalba,2005-09-29,0,0,,,9,36,0.0000,False,,NODATA,25
kalba,2005-09-30,0,0,,,9,36,0.0000,False,,NODATA,25
kalba,2005-10-01,0,0,,,10,47,0.0000,False,,NODATA,25
kalba,2005-10-02,0,0,,,10,47,0.0000,False,,NODATA,25
kalba,2005-10-03,0,0,,,10,47,0.0000,False,,NODATA,25
kalba,2005-10-04,0,0,,,10,47,0.0000,False,,NODATA,25
kalba,2005-10-05,47,0,1.4040,-0.1090,10,47,1.0000,True,0.0000,QUIET,25
kalba,2005-10-06,0,0,,,10,47,0.0000,False,,NODATA,25
kalba,2005-10-07,47,3,2.6451,-0.0720,10,47,1.0000,True,0.0638,QUIET,25
kalba,2005-10-08,0,0,,,10,47,0.0000,False,,NODATA,25
kalba,2005-10-09,0,0,,,10,47,0.0000,False,,NODATA,25
kalba,2005-10-10,0,0,,,10,47,0.0000,False,,NODATA,25
kalba,2005-10-11,0,0,,,10,47,0.0000,False,,NODATA,25
kalba,2005-10-12,6,0,1.2297,-0.1811,10,47,0.1277,True,0.0000,QUIET,25
kalba,2005-10-13,0,0,,,10,47,0.0000,False,,NODATA,25
kalba,2005-10-14,46,1,2.2374,-0.2255,10,47,0.9787,True,0.0217,QUIET,25
kalba,2005-10-15,0,0,,,10,47,0.0000,False,,NODATA,25
kalba,2005-10-16,44,1,2.1422,-0.3757,10,47,0.9362,True,0.0227,QUIET,25
kalba,2005-10-17,0,0,,,10,47,0.0000,False,,NODATA,25
kalba,2005-10-18,9,0,-0.4165,-0.5098,10,47,0.1915,True,0.0000,QUIET,25
kalba,2005-10-19,22,3,2.8310,-0.3364,10,47,0.4681,True,0.1364,QUIET,25
kalba,2005-10-20,0,0,,,10,47,0.0000,False,,NODATA,25
kalba,2005-10-21,44,0,1.8463,-0.2796,10,47,0.9362,True,0.0000,QUIET,25
kalba,2005-10-22,0,0,,,10,47,0.0000,False,,NODATA,25
kalba,2005-10-23,31,0,1.5303,-0.3341,10,47,0.6596,True,0.0000,QUIET,25
kalba,2005-10-24,0,0,,,10,47,0.0000,False,,NODATA,25
kalba,2005-10-25,0,0,,,10,47,0.0000,False,,NODATA,25
kalba,2005-10-26,0,0,,,10,47,0.0000,False,,NODATA,25
kalba,2005-10-27,0,0,,,10,47,0.0000,False,,NODATA,25
kalba,2005-10-28,25,0,1.7036,-0.1644,10,47,0.5319,True,0.0000,QUIET,25
kalba,2005-10-29,0,0,,,10,47,0.0000,False,,NODATA,25
kalba,2005-10-30,46,2,2.5974,-0.1027,10,47,0.9787,True,0.0435,QUIET,25
kalba,2005-10-31,0,0,,,10,47,0.0000,False,,NODATA,25
kalba,2005-11-01,46,0,0.3924,-0.1961,11,47,0.9787,True,0.0000,QUIET,25
kalba,2005-11-02,3,0,-0.0164,-0.2945,11,47,0.0638,False,,NODATA,25
kalba,2005-11-03,36,0,-0.1040,-0.3357,11,47,0.7660,True,0.0000,QUIET,25
kalba,2005-11-04,18,0,1.4082,0.0740,11,47,0.3830,True,0.0000,QUIET,25
kalba,2005-11-05,0,0,,,11,47,0.0000,False,,NODATA,25
kalba,2005-11-06,34,0,0.5443,-0.3142,11,47,0.7234,True,0.0000,QUIET,25
kalba,2005-11-07,0,0,,,11,47,0.0000,False,,NODATA,25
kalba,2005-11-08,41,0,-0.2784,-0.3394,11,47,0.8723,True,0.0000,QUIET,25
kalba,2005-11-09,0,0,,,11,47,0.0000,False,,NODATA,25
kalba,2005-11-10,0,0,,,11,47,0.0000,False,,NODATA,25
kalba,2005-11-11,0,0,,,11,47,0.0000,False,,NODATA,25
kalba,2005-11-12,0,0,,,11,47,0.0000,False,,NODATA,25
kalba,2005-11-13,0,0,,,11,47,0.0000,False,,NODATA,25
kalba,2005-11-14,0,0,,,11,47,0.0000,False,,NODATA,25
kalba,2005-11-15,47,0,1.8827,-0.0619,11,47,1.0000,True,0.0000,QUIET,25
kalba,2005-11-16,0,0,,,11,47,0.0000,False,,NODATA,25
kalba,2005-11-17,2,0,-0.4421,-0.2478,11,47,0.0426,False,,NODATA,25
kalba,2005-11-18,0,0,,,11,47,0.0000,False,,NODATA,25
kalba,2005-11-19,3,0,-0.6852,-0.3749,11,47,0.0638,False,,NODATA,25
kalba,2005-11-20,20,0,0.2617,-0.1706,11,47,0.4255,True,0.0000,QUIET,25
kalba,2005-11-21,0,0,,,11,47,0.0000,False,,NODATA,25
kalba,2005-11-22,37,0,1.7353,0.1620,11,47,0.7872,True,0.0000,QUIET,25
kalba,2005-11-23,0,0,,,11,47,0.0000,False,,NODATA,25
kalba,2005-11-24,41,0,1.9996,0.0808,11,47,0.8723,True,0.0000,QUIET,25
kalba,2005-11-25,0,0,,,11,47,0.0000,False,,NODATA,25
kalba,2005-11-26,22,0,0.0156,-0.1398,11,47,0.4681,True,0.0000,QUIET,25
kalba,2005-11-27,4,3,2.8777,1.1815,11,47,0.0851,False,,NODATA,25
kalba,2005-11-28,0,0,,,11,47,0.0000,False,,NODATA,25
kalba,2005-11-29,35,3,2.7898,0.2462,11,47,0.7447,True,0.0857,QUIET,25
kalba,2005-11-30,0,0,,,11,47,0.0000,False,,NODATA,25
kalba,2005-12-01,47,0,0.2728,0.0771,12,47,1.0000,True,0.0000,QUIET,25
kalba,2005-12-02,0,0,,,12,47,0.0000,False,,NODATA,25
kalba,2005-12-03,46,0,-0.5328,-0.1483,12,47,0.9787,True,0.0000,QUIET,25
kalba,2005-12-04,22,0,-0.5352,-0.2724,12,47,0.4681,True,0.0000,QUIET,25
kalba,2005-12-05,37,0,-0.7055,-0.1957,12,47,0.7872,True,0.0000,QUIET,25
kalba,2005-12-06,36,0,0.7840,0.0032,12,47,0.7660,True,0.0000,QUIET,25
kalba,2005-12-07,28,0,-0.2842,-0.1082,12,47,0.5957,True,0.0000,QUIET,25
kalba,2005-12-08,47,0,-0.0298,0.0343,12,47,1.0000,True,0.0000,QUIET,25
kalba,2005-12-09,0,0,,,12,47,0.0000,False,,NODATA,25
kalba,2005-12-10,23,0,1.2121,0.2724,12,47,0.4894,True,0.0000,QUIET,25
kalba,2005-12-11,0,0,,,12,47,0.0000,False,,NODATA,25
kalba,2005-12-12,6,0,-0.7352,-0.2740,12,47,0.1277,True,0.0000,QUIET,25
kalba,2005-12-13,11,0,-0.0529,-0.1264,12,47,0.2340,True,0.0000,QUIET,25
kalba,2005-12-14,33,0,-0.2023,-0.0365,12,47,0.7021,True,0.0000,QUIET,25
kalba,2005-12-15,39,2,2.8064,0.2715,12,47,0.8298,True,0.0513,QUIET,25
kalba,2005-12-16,0,0,,,12,47,0.0000,False,,NODATA,25
kalba,2005-12-17,45,0,1.5772,0.0730,12,47,0.9574,True,0.0000,QUIET,25
kalba,2005-12-18,0,0,,,12,47,0.0000,False,,NODATA,25
kalba,2005-12-19,1,0,0.1577,0.2246,12,47,0.0213,False,,NODATA,25
kalba,2005-12-20,0,0,,,12,47,0.0000,False,,NODATA,25
kalba,2005-12-21,36,0,0.1127,-0.0167,12,47,0.7660,True,0.0000,QUIET,25
kalba,2005-12-22,20,1,2.7526,0.4275,12,47,0.4255,True,0.0500,QUIET,25
kalba,2005-12-23,0,0,,,12,47,0.0000,False,,NODATA,25
kalba,2005-12-24,25,0,0.5597,0.1264,12,47,0.5319,True,0.0000,QUIET,25
kalba,2005-12-25,0,0,,,12,47,0.0000,False,,NODATA,25
kalba,2005-12-26,46,5,2.0438,0.2640,12,47,0.9787,True,0.1087,QUIET,25
kalba,2005-12-27,0,0,,,12,47,0.0000,False,,NODATA,25
kalba,2005-12-28,39,0,1.4820,0.1145,12,47,0.8298,True,0.0000,QUIET,25
kalba,2005-12-29,0,0,,,12,47,0.0000,False,,NODATA,25
kalba,2005-12-30,0,0,,,12,47,0.0000,False,,NODATA,25
kalba,2005-12-31,0,0,,,12,47,0.0000,False,,NODATA,25
kalba,2006-01-01,0,0,,,1,47,0.0000,False,,NODATA,25
kalba,2006-01-02,1,0,-0.8529,-0.2643,1,47,0.0213,False,,NODATA,25
kalba,2006-01-03,0,0,,,1,47,0.0000,False,,NODATA,25
kalba,2006-01-04,35,0,0.2786,-0.0991,1,47,0.7447,True,0.0000,QUIET,25
kalba,2006-01-05,25,6,3.0958,0.2327,1,47,0.5319,True,0.2400,QUIET,25
kalba,2006-01-06,36,0,1.5004,-0.0631,1,47,0.7660,True,0.0000,QUIET,25
kalba,2006-01-07,13,2,2.4783,0.2483,1,47,0.2766,True,0.1538,QUIET,25
kalba,2006-01-08,0,0,,,1,47,0.0000,False,,NODATA,25
kalba,2006-01-09,0,0,,,1,47,0.0000,False,,NODATA,25
kalba,2006-01-10,0,0,,,1,47,0.0000,False,,NODATA,25
kalba,2006-01-11,41,0,1.9246,0.1617,1,47,0.8723,True,0.0000,QUIET,25
kalba,2006-01-12,0,0,,,1,47,0.0000,False,,NODATA,25
kalba,2006-01-13,23,0,1.9280,0.5244,1,47,0.4894,True,0.0000,QUIET,25
kalba,2006-01-14,0,0,,,1,47,0.0000,False,,NODATA,25
kalba,2006-01-15,0,0,,,1,47,0.0000,False,,NODATA,25
kalba,2006-01-16,0,0,,,1,47,0.0000,False,,NODATA,25
kalba,2006-01-17,0,0,,,1,47,0.0000,False,,NODATA,25
kalba,2006-01-18,0,0,,,1,47,0.0000,False,,NODATA,25
kalba,2006-01-19,0,0,,,1,47,0.0000,False,,NODATA,25
kalba,2006-01-20,46,0,1.4534,0.1486,1,47,0.9787,True,0.0000,QUIET,25
kalba,2006-01-21,0,0,,,1,47,0.0000,False,,NODATA,25
kalba,2006-01-22,0,0,,,1,47,0.0000,False,,NODATA,25
kalba,2006-01-23,34,8,3.1781,0.1548,1,47,0.7234,True,0.2353,QUIET,25
kalba,2006-01-24,0,0,,,1,47,0.0000,False,,NODATA,25
kalba,2006-01-25,42,12,3.6755,0.6386,1,47,0.8936,True,0.2857,QUIET,25
kalba,2006-01-26,0,0,,,1,47,0.0000,False,,NODATA,25
kalba,2006-01-27,0,0,,,1,47,0.0000,False,,NODATA,25
kalba,2006-01-28,0,0,,,1,47,0.0000,False,,NODATA,25
kalba,2006-01-29,0,0,,,1,47,0.0000,False,,NODATA,25
kalba,2006-01-30,0,0,,,1,47,0.0000,False,,NODATA,25
kalba,2006-01-31,0,0,,,1,47,0.0000,False,,NODATA,25
kalba,2006-02-01,2,0,-0.3828,0.2834,2,44,0.0455,False,,NODATA,25
kalba,2006-02-02,0,0,,,2,44,0.0000,False,,NODATA,25
kalba,2006-02-03,38,3,2.3399,1.2221,2,44,0.8636,True,0.0789,QUIET,25
kalba,2006-02-04,0,0,,,2,44,0.0000,False,,NODATA,25
kalba,2006-02-05,0,0,,,2,44,0.0000,False,,NODATA,25
kalba,2006-02-06,0,0,,,2,44,0.0000,False,,NODATA,25
kalba,2006-02-07,0,0,,,2,44,0.0000,False,,NODATA,25
kalba,2006-02-08,0,0,,,2,44,0.0000,False,,NODATA,25
kalba,2006-02-09,0,0,,,2,44,0.0000,False,,NODATA,25
kalba,2006-02-10,25,0,1.8213,0.9452,2,44,0.5682,True,0.0000,QUIET,25
kalba,2006-02-11,0,0,,,2,44,0.0000,False,,NODATA,25
kalba,2006-02-12,16,0,1.6230,1.2568,2,44,0.3636,True,0.0000,QUIET,25
kalba,2006-02-13,0,0,,,2,44,0.0000,False,,NODATA,25
kalba,2006-02-14,0,0,,,2,44,0.0000,False,,NODATA,25
kalba,2006-02-15,0,0,,,2,44,0.0000,False,,NODATA,25
kalba,2006-02-16,0,0,,,2,44,0.0000,False,,NODATA,25
kalba,2006-02-17,0,0,,,2,44,0.0000,False,,NODATA,25
kalba,2006-02-18,0,0,,,2,44,0.0000,False,,NODATA,25
kalba,2006-02-19,26,0,1.7503,1.3483,2,44,0.5909,True,0.0000,QUIET,25
kalba,2006-02-20,0,0,,,2,44,0.0000,False,,NODATA,25
kalba,2006-02-21,0,0,,,2,44,0.0000,False,,NODATA,25
kalba,2006-02-22,0,0,,,2,44,0.0000,False,,NODATA,25
kalba,2006-02-23,0,0,,,2,44,0.0000,False,,NODATA,25
kalba,2006-02-24,0,0,,,2,44,0.0000,False,,NODATA,25
kalba,2006-02-25,6,0,-1.1015,-0.3248,2,44,0.1364,True,0.0000,QUIET,25
kalba,2006-02-26,44,0,-0.7402,-0.1777,2,44,1.0000,True,0.0000,QUIET,25
kalba,2006-02-27,0,0,,,2,44,0.0000,False,,NODATA,25
kalba,2006-02-28,44,0,1.5849,0.1770,2,44,1.0000,True,0.0000,QUIET,25
kalba,2006-03-01,0,0,,,3,44,0.0000,False,,NODATA,25
kalba,2006-03-02,39,0,1.5009,0.4686,3,44,0.8864,True,0.0000,QUIET,25
kalba,2006-03-03,0,0,,,3,44,0.0000,False,,NODATA,25
kalba,2006-03-04,32,0,1.1640,0.4829,3,44,0.7273,True,0.0000,QUIET,25
kalba,2006-03-05,0,0,,,3,44,0.0000,False,,NODATA,25
kalba,2006-03-06,0,0,,,3,44,0.0000,False,,NODATA,25
kalba,2006-03-07,0,0,,,3,44,0.0000,False,,NODATA,25
kalba,2006-03-08,0,0,,,3,44,0.0000,False,,NODATA,25
kalba,2006-03-09,0,0,,,3,44,0.0000,False,,NODATA,25
kalba,2006-03-10,0,0,,,3,44,0.0000,False,,NODATA,25
kalba,2006-03-11,0,0,,,3,44,0.0000,False,,NODATA,25
kalba,2006-03-12,0,0,,,3,44,0.0000,False,,NODATA,25
kalba,2006-03-13,0,0,,,3,44,0.0000,False,,NODATA,25
kalba,2006-03-14,12,0,1.8549,0.2254,3,44,0.2727,True,0.0000,QUIET,25
kalba,2006-03-15,0,0,,,3,44,0.0000,False,,NODATA,25
kalba,2006-03-16,6,0,1.4085,1.0452,3,44,0.1364,True,0.0000,QUIET,25
kalba,2006-03-17,0,0,,,3,44,0.0000,False,,NODATA,25
kalba,2006-03-18,0,0,,,3,44,0.0000,False,,NODATA,25
kalba,2006-03-19,0,0,,,3,44,0.0000,False,,NODATA,25
kalba,2006-03-20,0,0,,,3,44,0.0000,False,,NODATA,25
kalba,2006-03-21,0,0,,,3,44,0.0000,False,,NODATA,25
kalba,2006-03-22,0,0,,,3,44,0.0000,False,,NODATA,25
kalba,2006-03-23,44,0,0.7401,0.2274,3,44,1.0000,True,0.0000,QUIET,25
kalba,2006-03-24,0,0,,,3,44,0.0000,False,,NODATA,25
kalba,2006-03-25,0,0,,,3,44,0.0000,False,,NODATA,25
kalba,2006-03-26,0,0,,,3,44,0.0000,False,,NODATA,25
kalba,2006-03-27,12,0,1.3727,0.2432,3,44,0.2727,True,0.0000,QUIET,25
kalba,2006-03-28,37,0,1.4243,0.5355,3,44,0.8409,True,0.0000,QUIET,25
kalba,2006-03-29,0,0,,,3,44,0.0000,False,,NODATA,25
kalba,2006-03-30,0,0,,,3,44,0.0000,False,,NODATA,25
kalba,2006-03-31,0,0,,,3,44,0.0000,False,,NODATA,25
kalba,2006-04-01,0,0,,,4,39,0.0000,False,,NODATA,25
kalba,2006-04-02,0,0,,,4,39,0.0000,False,,NODATA,25
kalba,2006-04-03,0,0,,,4,39,0.0000,False,,NODATA,25
kalba,2006-04-04,0,0,,,4,39,0.0000,False,,NODATA,25
kalba,2006-04-05,34,2,2.1951,0.0656,4,39,0.8718,True,0.0588,QUIET,25
kalba,2006-04-06,21,0,0.9718,-0.1552,4,39,0.5385,True,0.0000,QUIET,25
kalba,2006-04-07,0,0,,,4,39,0.0000,False,,NODATA,25
kalba,2006-04-08,0,0,,,4,39,0.0000,False,,NODATA,25
kalba,2006-04-09,0,0,,,4,39,0.0000,False,,NODATA,25
kalba,2006-04-10,0,0,,,4,39,0.0000,False,,NODATA,25
kalba,2006-04-11,20,0,1.8939,0.0749,4,39,0.5128,True,0.0000,QUIET,25
kalba,2006-04-12,0,0,,,4,39,0.0000,False,,NODATA,25
kalba,2006-04-13,0,0,,,4,39,0.0000,False,,NODATA,25
kalba,2006-04-14,0,0,,,4,39,0.0000,False,,NODATA,25
kalba,2006-04-15,39,0,0.3648,-0.1359,4,39,1.0000,True,0.0000,QUIET,25
kalba,2006-04-16,0,0,,,4,39,0.0000,False,,NODATA,25
kalba,2006-04-17,0,0,,,4,39,0.0000,False,,NODATA,25
kalba,2006-04-18,0,0,,,4,39,0.0000,False,,NODATA,25
kalba,2006-04-19,0,0,,,4,39,0.0000,False,,NODATA,25
kalba,2006-04-20,0,0,,,4,39,0.0000,False,,NODATA,25
kalba,2006-04-21,0,0,,,4,39,0.0000,False,,NODATA,25
kalba,2006-04-22,38,0,-0.9071,-0.4867,4,39,0.9744,True,0.0000,QUIET,25
kalba,2006-04-23,0,0,,,4,39,0.0000,False,,NODATA,25
kalba,2006-04-24,0,0,,,4,39,0.0000,False,,NODATA,25
kalba,2006-04-25,0,0,,,4,39,0.0000,False,,NODATA,25
kalba,2006-04-26,0,0,,,4,39,0.0000,False,,NODATA,25
kalba,2006-04-27,0,0,,,4,39,0.0000,False,,NODATA,25
kalba,2006-04-28,0,0,,,4,39,0.0000,False,,NODATA,25
kalba,2006-04-29,35,0,0.1895,-0.4016,4,39,0.8974,True,0.0000,QUIET,25
kalba,2006-04-30,0,0,,,4,39,0.0000,False,,NODATA,25
kalba,2006-05-01,0,0,,,5,22,0.0000,False,,NODATA,25
kalba,2006-05-02,0,0,,,5,22,0.0000,False,,NODATA,25
kalba,2006-05-03,0,0,,,5,22,0.0000,False,,NODATA,25
kalba,2006-05-04,0,0,,,5,22,0.0000,False,,NODATA,25
kalba,2006-05-05,0,0,,,5,22,0.0000,False,,NODATA,25
kalba,2006-05-06,0,0,,,5,22,0.0000,False,,NODATA,25
kalba,2006-05-07,0,0,,,5,22,0.0000,False,,NODATA,25
kalba,2006-05-08,18,0,1.4344,-0.5517,5,22,0.8182,True,0.0000,QUIET,25
kalba,2006-05-09,0,0,,,5,22,0.0000,False,,NODATA,25
kalba,2006-05-10,0,0,,,5,22,0.0000,False,,NODATA,25
kalba,2006-05-11,0,0,,,5,22,0.0000,False,,NODATA,25
kalba,2006-05-12,0,0,,,5,22,0.0000,False,,NODATA,25
kalba,2006-05-13,0,0,,,5,22,0.0000,False,,NODATA,25
kalba,2006-05-14,0,0,,,5,22,0.0000,False,,NODATA,25
kalba,2006-05-15,0,0,,,5,22,0.0000,False,,NODATA,25
kalba,2006-05-16,0,0,,,5,22,0.0000,False,,NODATA,25
kalba,2006-05-17,0,0,,,5,22,0.0000,False,,NODATA,25
kalba,2006-05-18,0,0,,,5,22,0.0000,False,,NODATA,25
kalba,2006-05-19,0,0,,,5,22,0.0000,False,,NODATA,25
kalba,2006-05-20,0,0,,,5,22,0.0000,False,,NODATA,25
kalba,2006-05-21,0,0,,,5,22,0.0000,False,,NODATA,25
kalba,2006-05-22,9,0,0.4574,-0.5643,5,22,0.4091,True,0.0000,QUIET,25
kalba,2006-05-23,11,0,0.0534,-0.6151,5,22,0.5000,True,0.0000,QUIET,25
kalba,2006-05-24,22,0,0.3604,-0.6728,5,22,1.0000,True,0.0000,QUIET,25
kalba,2006-05-25,7,0,-1.3466,-0.7655,5,22,0.3182,True,0.0000,QUIET,25
kalba,2006-05-26,8,0,-0.8344,-0.7441,5,22,0.3636,True,0.0000,QUIET,25
kalba,2006-05-27,0,0,,,5,22,0.0000,False,,NODATA,25
kalba,2006-05-28,0,0,,,5,22,0.0000,False,,NODATA,25
kalba,2006-05-29,22,0,0.1999,-0.5881,5,22,1.0000,True,0.0000,QUIET,25
kalba,2006-05-30,9,0,-1.1752,-0.7338,5,22,0.4091,True,0.0000,QUIET,25
kalba,2006-05-31,0,0,,,5,22,0.0000,False,,NODATA,25
kalba,2006-06-01,0,0,,,6,8,0.0000,False,,NODATA,25
kalba,2006-06-02,0,0,,,6,8,0.0000,False,,NODATA,25
kalba,2006-06-03,0,0,,,6,8,0.0000,False,,NODATA,25
kalba,2006-06-04,0,0,,,6,8,0.0000,False,,NODATA,25
kalba,2006-06-05,0,0,,,6,8,0.0000,False,,NODATA,25
kalba,2006-06-06,0,0,,,6,8,0.0000,False,,NODATA,25
kalba,2006-06-07,0,0,,,6,8,0.0000,False,,NODATA,25
kalba,2006-06-08,0,0,,,6,8,0.0000,False,,NODATA,25
kalba,2006-06-09,5,0,-0.9892,-0.9408,6,8,0.6250,True,0.0000,QUIET,25
kalba,2006-06-10,0,0,,,6,8,0.0000,False,,NODATA,25
kalba,2006-06-11,0,0,,,6,8,0.0000,False,,NODATA,25
kalba,2006-06-12,0,0,,,6,8,0.0000,False,,NODATA,25
kalba,2006-06-13,0,0,,,6,8,0.0000,False,,NODATA,25
kalba,2006-06-14,0,0,,,6,8,0.0000,False,,NODATA,25
kalba,2006-06-15,0,0,,,6,8,0.0000,False,,NODATA,25
kalba,2006-06-16,0,0,,,6,8,0.0000,False,,NODATA,25
kalba,2006-06-17,0,0,,,6,8,0.0000,False,,NODATA,25
kalba,2006-06-18,0,0,,,6,8,0.0000,False,,NODATA,25
kalba,2006-06-19,0,0,,,6,8,0.0000,False,,NODATA,25
kalba,2006-06-20,0,0,,,6,8,0.0000,False,,NODATA,25
kalba,2006-06-21,0,0,,,6,8,0.0000,False,,NODATA,25
kalba,2006-06-22,0,0,,,6,8,0.0000,False,,NODATA,25
kalba,2006-06-23,0,0,,,6,8,0.0000,False,,NODATA,25
kalba,2006-06-24,0,0,,,6,8,0.0000,False,,NODATA,25
kalba,2006-06-25,0,0,,,6,8,0.0000,False,,NODATA,25
kalba,2006-06-26,0,0,,,6,8,0.0000,False,,NODATA,25
kalba,2006-06-27,0,0,,,6,8,0.0000,False,,NODATA,25
kalba,2006-06-28,0,0,,,6,8,0.0000,False,,NODATA,25
kalba,2006-06-29,0,0,,,6,8,0.0000,False,,NODATA,25
kalba,2006-06-30,0,0,,,6,8,0.0000,False,,NODATA,25
kalba,2006-07-01,0,0,,,7,0,0.0000,False,,NODATA,25
kalba,2006-07-02,0,0,,,7,0,0.0000,False,,NODATA,25
kalba,2006-07-03,0,0,,,7,0,0.0000,False,,NODATA,25
kalba,2006-07-04,0,0,,,7,0,0.0000,False,,NODATA,25
kalba,2006-07-05,0,0,,,7,0,0.0000,False,,NODATA,25
kalba,2006-07-06,0,0,,,7,0,0.0000,False,,NODATA,25
kalba,2006-07-07,0,0,,,7,0,0.0000,False,,NODATA,25
kalba,2006-07-08,0,0,,,7,0,0.0000,False,,NODATA,25
kalba,2006-07-09,0,0,,,7,0,0.0000,False,,NODATA,25
kalba,2006-07-10,0,0,,,7,0,0.0000,False,,NODATA,25
kalba,2006-07-11,0,0,,,7,0,0.0000,False,,NODATA,25
kalba,2006-07-12,0,0,,,7,0,0.0000,False,,NODATA,25
kalba,2006-07-13,0,0,,,7,0,0.0000,False,,NODATA,25
kalba,2006-07-14,0,0,,,7,0,0.0000,False,,NODATA,25
kalba,2006-07-15,0,0,,,7,0,0.0000,False,,NODATA,25
kalba,2006-07-16,0,0,,,7,0,0.0000,False,,NODATA,25
kalba,2006-07-17,0,0,,,7,0,0.0000,False,,NODATA,25
kalba,2006-07-18,0,0,,,7,0,0.0000,False,,NODATA,25
kalba,2006-07-19,0,0,,,7,0,0.0000,False,,NODATA,25
kalba,2006-07-20,0,0,,,7,0,0.0000,False,,NODATA,25
kalba,2006-07-21,0,0,,,7,0,0.0000,False,,NODATA,25
kalba,2006-07-22,0,0,,,7,0,0.0000,False,,NODATA,25
kalba,2006-07-23,0,0,,,7,0,0.0000,False,,NODATA,25
kalba,2006-07-24,0,0,,,7,0,0.0000,False,,NODATA,25
kalba,2006-07-25,0,0,,,7,0,0.0000,False,,NODATA,25
kalba,2006-07-26,0,0,,,7,0,0.0000,False,,NODATA,25
kalba,2006-07-27,0,0,,,7,0,0.0000,False,,NODATA,25
kalba,2006-07-28,0,0,,,7,0,0.0000,False,,NODATA,25
kalba,2006-07-29,0,0,,,7,0,0.0000,False,,NODATA,25
kalba,2006-07-30,0,0,,,7,0,0.0000,False,,NODATA,25
kalba,2006-07-31,0,0,,,7,0,0.0000,False,,NODATA,25
kalba,2006-08-01,0,0,,,8,0,0.0000,False,,NODATA,25
kalba,2006-08-02,0,0,,,8,0,0.0000,False,,NODATA,25
kalba,2006-08-03,0,0,,,8,0,0.0000,False,,NODATA,25
kalba,2006-08-04,0,0,,,8,0,0.0000,False,,NODATA,25
kalba,2006-08-05,0,0,,,8,0,0.0000,False,,NODATA,25
kalba,2006-08-06,0,0,,,8,0,0.0000,False,,NODATA,25
kalba,2006-08-07,0,0,,,8,0,0.0000,False,,NODATA,25
kalba,2006-08-08,0,0,,,8,0,0.0000,False,,NODATA,25
kalba,2006-08-09,0,0,,,8,0,0.0000,False,,NODATA,25
kalba,2006-08-10,0,0,,,8,0,0.0000,False,,NODATA,25
kalba,2006-08-11,0,0,,,8,0,0.0000,False,,NODATA,25
kalba,2006-08-12,0,0,,,8,0,0.0000,False,,NODATA,25
kalba,2006-08-13,0,0,,,8,0,0.0000,False,,NODATA,25
kalba,2006-08-14,0,0,,,8,0,0.0000,False,,NODATA,25
kalba,2006-08-15,0,0,,,8,0,0.0000,False,,NODATA,25
kalba,2006-08-16,0,0,,,8,0,0.0000,False,,NODATA,25
kalba,2006-08-17,0,0,,,8,0,0.0000,False,,NODATA,25
kalba,2006-08-18,0,0,,,8,0,0.0000,False,,NODATA,25
kalba,2006-08-19,0,0,,,8,0,0.0000,False,,NODATA,25
kalba,2006-08-20,0,0,,,8,0,0.0000,False,,NODATA,25
kalba,2006-08-21,0,0,,,8,0,0.0000,False,,NODATA,25
kalba,2006-08-22,0,0,,,8,0,0.0000,False,,NODATA,25
kalba,2006-08-23,0,0,,,8,0,0.0000,False,,NODATA,25
kalba,2006-08-24,0,0,,,8,0,0.0000,False,,NODATA,25
kalba,2006-08-25,0,0,,,8,0,0.0000,False,,NODATA,25
kalba,2006-08-26,0,0,,,8,0,0.0000,False,,NODATA,25
kalba,2006-08-27,0,0,,,8,0,0.0000,False,,NODATA,25
kalba,2006-08-28,0,0,,,8,0,0.0000,False,,NODATA,25
kalba,2006-08-29,0,0,,,8,0,0.0000,False,,NODATA,25
kalba,2006-08-30,0,0,,,8,0,0.0000,False,,NODATA,25
kalba,2006-08-31,0,0,,,8,0,0.0000,False,,NODATA,25
kalba,2006-09-01,0,0,,,9,36,0.0000,False,,NODATA,25
kalba,2006-09-02,0,0,,,9,36,0.0000,False,,NODATA,25
kalba,2006-09-03,0,0,,,9,36,0.0000,False,,NODATA,25
kalba,2006-09-04,0,0,,,9,36,0.0000,False,,NODATA,25
kalba,2006-09-05,0,0,,,9,36,0.0000,False,,NODATA,25
kalba,2006-09-06,5,0,1.0071,-0.4173,9,36,0.1389,True,0.0000,QUIET,25
kalba,2006-09-07,0,0,,,9,36,0.0000,False,,NODATA,25
kalba,2006-09-08,0,0,,,9,36,0.0000,False,,NODATA,25
kalba,2006-09-09,0,0,,,9,36,0.0000,False,,NODATA,25
kalba,2006-09-10,0,0,,,9,36,0.0000,False,,NODATA,25
kalba,2006-09-11,0,0,,,9,36,0.0000,False,,NODATA,25
kalba,2006-09-12,0,0,,,9,36,0.0000,False,,NODATA,25
kalba,2006-09-13,36,1,2.7518,-0.5058,9,36,1.0000,True,0.0278,QUIET,25
kalba,2006-09-14,0,0,,,9,36,0.0000,False,,NODATA,25
kalba,2006-09-15,36,1,2.0221,-0.1535,9,36,1.0000,True,0.0278,QUIET,25
kalba,2006-09-16,0,0,,,9,36,0.0000,False,,NODATA,25
kalba,2006-09-17,0,0,,,9,36,0.0000,False,,NODATA,25
kalba,2006-09-18,0,0,,,9,36,0.0000,False,,NODATA,25
kalba,2006-09-19,0,0,,,9,36,0.0000,False,,NODATA,25
kalba,2006-09-20,0,0,,,9,36,0.0000,False,,NODATA,25
kalba,2006-09-21,0,0,,,9,36,0.0000,False,,NODATA,25
kalba,2006-09-22,26,1,2.1375,-0.2049,9,36,0.7222,True,0.0385,QUIET,25
kalba,2006-09-23,0,0,,,9,36,0.0000,False,,NODATA,25
kalba,2006-09-24,0,0,,,9,36,0.0000,False,,NODATA,25
kalba,2006-09-25,0,0,,,9,36,0.0000,False,,NODATA,25
kalba,2006-09-26,0,0,,,9,36,0.0000,False,,NODATA,25
kalba,2006-09-27,0,0,,,9,36,0.0000,False,,NODATA,25
kalba,2006-09-28,0,0,,,9,36,0.0000,False,,NODATA,25
kalba,2006-09-29,35,1,2.2479,-0.2168,9,36,0.9722,True,0.0286,QUIET,25
kalba,2006-09-30,0,0,,,9,36,0.0000,False,,NODATA,25
kalba,2006-10-01,47,0,0.7474,-0.2727,10,47,1.0000,True,0.0000,QUIET,25
kalba,2006-10-02,0,0,,,10,47,0.0000,False,,NODATA,25
kalba,2006-10-03,0,0,,,10,47,0.0000,False,,NODATA,25
kalba,2006-10-04,1,1,3.6108,0.2399,10,47,0.0213,False,,NODATA,25
kalba,2006-10-05,14,1,2.0700,-0.3150,10,47,0.2979,True,0.0714,QUIET,25
kalba,2006-10-06,26,0,0.6123,-0.2942,10,47,0.5532,True,0.0000,QUIET,25
kalba,2006-10-07,25,0,1.3150,-0.2574,10,47,0.5319,True,0.0000,QUIET,25
kalba,2006-10-08,43,0,1.4979,-0.1901,10,47,0.9149,True,0.0000,QUIET,25
kalba,2006-10-09,0,0,,,10,47,0.0000,False,,NODATA,25
kalba,2006-10-10,40,0,0.8235,-0.2494,10,47,0.8511,True,0.0000,QUIET,25
kalba,2006-10-11,0,0,,,10,47,0.0000,False,,NODATA,25
kalba,2006-10-12,28,0,0.8828,-0.3159,10,47,0.5957,True,0.0000,QUIET,25
kalba,2006-10-13,27,1,2.4159,-0.1115,10,47,0.5745,True,0.0370,QUIET,25
kalba,2006-10-14,0,0,,,10,47,0.0000,False,,NODATA,25
kalba,2006-10-15,0,0,,,10,47,0.0000,False,,NODATA,25
kalba,2006-10-16,0,0,,,10,47,0.0000,False,,NODATA,25
kalba,2006-10-17,47,0,1.3235,-0.1664,10,47,1.0000,True,0.0000,QUIET,25
kalba,2006-10-18,0,0,,,10,47,0.0000,False,,NODATA,25
kalba,2006-10-19,41,0,1.4679,-0.1886,10,47,0.8723,True,0.0000,QUIET,25
kalba,2006-10-20,11,0,0.9762,-0.3491,10,47,0.2340,True,0.0000,QUIET,25
kalba,2006-10-21,0,0,,,10,47,0.0000,False,,NODATA,25
kalba,2006-10-22,0,0,,,10,47,0.0000,False,,NODATA,25
kalba,2006-10-23,0,0,,,10,47,0.0000,False,,NODATA,25
kalba,2006-10-24,0,0,,,10,47,0.0000,False,,NODATA,25
kalba,2006-10-25,0,0,,,10,47,0.0000,False,,NODATA,25
kalba,2006-10-26,46,0,1.3395,-0.2436,10,47,0.9787,True,0.0000,QUIET,25
kalba,2006-10-27,0,0,,,10,47,0.0000,False,,NODATA,25
kalba,2006-10-28,0,0,,,10,47,0.0000,False,,NODATA,25
kalba,2006-10-29,0,0,,,10,47,0.0000,False,,NODATA,25
kalba,2006-10-30,0,0,,,10,47,0.0000,False,,NODATA,25
kalba,2006-10-31,41,1,2.2714,-0.0584,10,47,0.8723,True,0.0244,QUIET,25
kalba,2006-11-01,1,0,-0.5797,-0.2694,11,47,0.0213,False,,NODATA,25
kalba,2006-11-02,46,0,1.8248,0.0606,11,47,0.9787,True,0.0000,QUIET,25
kalba,2006-11-03,0,0,,,11,47,0.0000,False,,NODATA,25
kalba,2006-11-04,16,0,1.2060,-0.0787,11,47,0.3404,True,0.0000,QUIET,25
kalba,2006-11-05,0,0,,,11,47,0.0000,False,,NODATA,25
kalba,2006-11-06,27,0,0.5530,-0.0735,11,47,0.5745,True,0.0000,QUIET,25
kalba,2006-11-07,37,0,1.3217,0.1968,11,47,0.7872,True,0.0000,QUIET,25
kalba,2006-11-08,7,0,0.4578,-0.0020,11,47,0.1489,True,0.0000,QUIET,25
kalba,2006-11-09,0,0,,,11,47,0.0000,False,,NODATA,25
kalba,2006-11-10,0,0,,,11,47,0.0000,False,,NODATA,25
kalba,2006-11-11,27,0,1.3251,0.3203,11,47,0.5745,True,0.0000,QUIET,25
kalba,2006-11-12,0,0,,,11,47,0.0000,False,,NODATA,25
kalba,2006-11-13,36,1,2.0516,0.3876,11,47,0.7660,True,0.0278,QUIET,25
kalba,2006-11-14,0,0,,,11,47,0.0000,False,,NODATA,25
kalba,2006-11-15,0,0,,,11,47,0.0000,False,,NODATA,25
kalba,2006-11-16,0,0,,,11,47,0.0000,False,,NODATA,25
kalba,2006-11-17,0,0,,,11,47,0.0000,False,,NODATA,25
kalba,2006-11-18,19,5,3.1141,0.7607,11,47,0.4043,True,0.2632,QUIET,25
kalba,2006-11-19,0,0,,,11,47,0.0000,False,,NODATA,25
kalba,2006-11-20,14,1,2.1147,0.5405,11,47,0.2979,True,0.0714,QUIET,25
kalba,2006-11-21,0,0,,,11,47,0.0000,False,,NODATA,25
kalba,2006-11-22,35,2,2.1800,0.4255,11,47,0.7447,True,0.0571,QUIET,25
kalba,2006-11-23,25,23,3.9627,1.2383,11,47,0.5319,True,0.9200,EXCEED,25
kalba,2006-11-24,21,0,1.1327,0.2508,11,47,0.4468,True,0.0000,QUIET,25
kalba,2006-11-25,47,4,2.3064,0.5862,11,47,1.0000,True,0.0851,QUIET,25
kalba,2006-11-26,0,0,,,11,47,0.0000,False,,NODATA,25
kalba,2006-11-27,47,0,0.7715,0.2168,11,47,1.0000,True,0.0000,QUIET,25
kalba,2006-11-28,0,0,,,11,47,0.0000,False,,NODATA,25
kalba,2006-11-29,0,0,,,11,47,0.0000,False,,NODATA,25
kalba,2006-11-30,0,0,,,11,47,0.0000,False,,NODATA,25
kalba,2006-12-01,0,0,,,12,47,0.0000,False,,NODATA,25
kalba,2006-12-02,0,0,,,12,47,0.0000,False,,NODATA,25
kalba,2006-12-03,0,0,,,12,47,0.0000,False,,NODATA,25
kalba,2006-12-04,43,0,0.3514,0.1095,12,47,0.9149,True,0.0000,QUIET,25
kalba,2006-12-05,0,0,,,12,47,0.0000,False,,NODATA,25
kalba,2006-12-06,0,0,,,12,47,0.0000,False,,NODATA,25
kalba,2006-12-07,0,0,,,12,47,0.0000,False,,NODATA,25
kalba,2006-12-08,15,0,-1.1670,-0.3890,12,47,0.3191,True,0.0000,QUIET,25
kalba,2006-12-09,0,0,,,12,47,0.0000,False,,NODATA,25
kalba,2006-12-10,0,0,,,12,47,0.0000,False,,NODATA,25
kalba,2006-12-11,0,0,,,12,47,0.0000,False,,NODATA,25
kalba,2006-12-12,0,0,,,12,47,0.0000,False,,NODATA,25
kalba,2006-12-13,47,0,-0.6446,-0.1336,12,47,1.0000,True,0.0000,QUIET,25
kalba,2006-12-14,0,0,,,12,47,0.0000,False,,NODATA,25
kalba,2006-12-15,0,0,,,12,47,0.0000,False,,NODATA,25
kalba,2006-12-16,0,0,,,12,47,0.0000,False,,NODATA,25
kalba,2006-12-17,0,0,,,12,47,0.0000,False,,NODATA,25
kalba,2006-12-18,0,0,,,12,47,0.0000,False,,NODATA,25
kalba,2006-12-19,0,0,,,12,47,0.0000,False,,NODATA,25
kalba,2006-12-20,40,1,2.2816,0.4527,12,47,0.8511,True,0.0250,QUIET,25
kalba,2006-12-21,0,0,,,12,47,0.0000,False,,NODATA,25
kalba,2006-12-22,6,0,-1.3954,-0.4773,12,47,0.1277,True,0.0000,QUIET,25
kalba,2006-12-23,0,0,,,12,47,0.0000,False,,NODATA,25
kalba,2006-12-24,0,0,,,12,47,0.0000,False,,NODATA,25
kalba,2006-12-25,0,0,,,12,47,0.0000,False,,NODATA,25
kalba,2006-12-26,9,0,-0.3122,-0.0511,12,47,0.1915,True,0.0000,QUIET,25
kalba,2006-12-27,44,0,0.4071,-0.0955,12,47,0.9362,True,0.0000,QUIET,25
kalba,2006-12-28,0,0,,,12,47,0.0000,False,,NODATA,25
kalba,2006-12-29,0,0,,,12,47,0.0000,False,,NODATA,25
kalba,2006-12-30,0,0,,,12,47,0.0000,False,,NODATA,25
kalba,2006-12-31,0,0,,,12,47,0.0000,False,,NODATA,25
kalba,2007-01-01,0,0,,,1,47,0.0000,False,,NODATA,25
kalba,2007-01-02,0,0,,,1,47,0.0000,False,,NODATA,25
kalba,2007-01-03,0,0,,,1,47,0.0000,False,,NODATA,25
kalba,2007-01-04,3,0,-0.4819,-0.1373,1,47,0.0638,False,,NODATA,25
kalba,2007-01-05,46,0,1.0591,0.0725,1,47,0.9787,True,0.0000,QUIET,25
kalba,2007-01-06,0,0,,,1,47,0.0000,False,,NODATA,25
kalba,2007-01-07,2,0,0.1806,0.4337,1,47,0.0426,False,,NODATA,25
kalba,2007-01-08,0,0,,,1,47,0.0000,False,,NODATA,25
kalba,2007-01-09,0,0,,,1,47,0.0000,False,,NODATA,25
kalba,2007-01-10,0,0,,,1,47,0.0000,False,,NODATA,25
kalba,2007-01-11,0,0,,,1,47,0.0000,False,,NODATA,25
kalba,2007-01-12,2,0,-0.6328,-0.1345,1,47,0.0426,False,,NODATA,25
kalba,2007-01-13,0,0,,,1,47,0.0000,False,,NODATA,25
kalba,2007-01-14,0,0,,,1,47,0.0000,False,,NODATA,25
kalba,2007-01-15,0,0,,,1,47,0.0000,False,,NODATA,25
kalba,2007-01-16,0,0,,,1,47,0.0000,False,,NODATA,25
kalba,2007-01-17,0,0,,,1,47,0.0000,False,,NODATA,25
kalba,2007-01-18,0,0,,,1,47,0.0000,False,,NODATA,25
kalba,2007-01-19,0,0,,,1,47,0.0000,False,,NODATA,25
kalba,2007-01-20,0,0,,,1,47,0.0000,False,,NODATA,25
kalba,2007-01-21,0,0,,,1,47,0.0000,False,,NODATA,25
kalba,2007-01-22,0,0,,,1,47,0.0000,False,,NODATA,25
kalba,2007-01-23,0,0,,,1,47,0.0000,False,,NODATA,25
kalba,2007-01-24,26,9,2.6130,0.7107,1,47,0.5532,True,0.3462,EXCEED,25
kalba,2007-01-25,37,0,0.2198,-0.0326,1,47,0.7872,True,0.0000,QUIET,25
kalba,2007-01-26,36,0,0.1227,0.0053,1,47,0.7660,True,0.0000,QUIET,25
kalba,2007-01-27,0,0,,,1,47,0.0000,False,,NODATA,25
kalba,2007-01-28,47,0,0.0633,-0.0369,1,47,1.0000,True,0.0000,QUIET,25
kalba,2007-01-29,0,0,,,1,47,0.0000,False,,NODATA,25
kalba,2007-01-30,47,0,-0.1863,-0.0414,1,47,1.0000,True,0.0000,QUIET,25
kalba,2007-01-31,0,0,,,1,47,0.0000,False,,NODATA,25
kalba,2007-02-01,40,0,-0.3672,-0.0676,2,44,0.9091,True,0.0000,QUIET,25
kalba,2007-02-02,0,0,,,2,44,0.0000,False,,NODATA,25
kalba,2007-02-03,0,0,,,2,44,0.0000,False,,NODATA,25
kalba,2007-02-04,0,0,,,2,44,0.0000,False,,NODATA,25
kalba,2007-02-05,0,0,,,2,44,0.0000,False,,NODATA,25
kalba,2007-02-06,28,0,0.8991,0.8085,2,44,0.6364,True,0.0000,QUIET,25
kalba,2007-02-07,0,0,,,2,44,0.0000,False,,NODATA,25
kalba,2007-02-08,0,0,,,2,44,0.0000,False,,NODATA,25
kalba,2007-02-09,3,0,-0.5931,0.2116,2,44,0.0682,False,,NODATA,25
kalba,2007-02-10,16,0,-0.7957,-0.2668,2,44,0.3636,True,0.0000,QUIET,25
kalba,2007-02-11,0,0,,,2,44,0.0000,False,,NODATA,25
kalba,2007-02-12,0,0,,,2,44,0.0000,False,,NODATA,25
kalba,2007-02-13,44,0,0.8344,0.4424,2,44,1.0000,True,0.0000,QUIET,25
kalba,2007-02-14,0,0,,,2,44,0.0000,False,,NODATA,25
kalba,2007-02-15,44,0,0.0373,0.1410,2,44,1.0000,True,0.0000,QUIET,25
kalba,2007-02-16,0,0,,,2,44,0.0000,False,,NODATA,25
kalba,2007-02-17,0,0,,,2,44,0.0000,False,,NODATA,25
kalba,2007-02-18,7,0,-0.4052,0.1112,2,44,0.1591,True,0.0000,QUIET,25
kalba,2007-02-19,0,0,,,2,44,0.0000,False,,NODATA,25
kalba,2007-02-20,0,0,,,2,44,0.0000,False,,NODATA,25
kalba,2007-02-21,21,0,-0.9738,-0.2036,2,44,0.4773,True,0.0000,QUIET,25
kalba,2007-02-22,27,0,0.7369,-0.1200,2,44,0.6136,True,0.0000,QUIET,25
kalba,2007-02-23,0,0,,,2,44,0.0000,False,,NODATA,25
kalba,2007-02-24,33,0,1.1696,0.0070,2,44,0.7500,True,0.0000,QUIET,25
kalba,2007-02-25,24,0,1.5752,0.3695,2,44,0.5455,True,0.0000,QUIET,25
kalba,2007-02-26,0,0,,,2,44,0.0000,False,,NODATA,25
kalba,2007-02-27,0,0,,,2,44,0.0000,False,,NODATA,25
kalba,2007-02-28,0,0,,,2,44,0.0000,False,,NODATA,25
kalba,2007-03-01,42,1,2.2373,0.1837,3,44,0.9545,True,0.0238,QUIET,25
kalba,2007-03-02,0,0,,,3,44,0.0000,False,,NODATA,25
kalba,2007-03-03,0,0,,,3,44,0.0000,False,,NODATA,25
kalba,2007-03-04,0,0,,,3,44,0.0000,False,,NODATA,25
kalba,2007-03-05,0,0,,,3,44,0.0000,False,,NODATA,25
kalba,2007-03-06,0,0,,,3,44,0.0000,False,,NODATA,25
kalba,2007-03-07,0,0,,,3,44,0.0000,False,,NODATA,25
kalba,2007-03-08,0,0,,,3,44,0.0000,False,,NODATA,25
kalba,2007-03-09,0,0,,,3,44,0.0000,False,,NODATA,25
kalba,2007-03-10,0,0,,,3,44,0.0000,False,,NODATA,25
kalba,2007-03-11,0,0,,,3,44,0.0000,False,,NODATA,25
kalba,2007-03-12,0,0,,,3,44,0.0000,False,,NODATA,25
kalba,2007-03-13,0,0,,,3,44,0.0000,False,,NODATA,25
kalba,2007-03-14,0,0,,,3,44,0.0000,False,,NODATA,25
kalba,2007-03-15,0,0,,,3,44,0.0000,False,,NODATA,25
kalba,2007-03-16,0,0,,,3,44,0.0000,False,,NODATA,25
kalba,2007-03-17,0,0,,,3,44,0.0000,False,,NODATA,25
kalba,2007-03-18,0,0,,,3,44,0.0000,False,,NODATA,25
kalba,2007-03-19,0,0,,,3,44,0.0000,False,,NODATA,25
kalba,2007-03-20,0,0,,,3,44,0.0000,False,,NODATA,25
kalba,2007-03-21,0,0,,,3,44,0.0000,False,,NODATA,25
kalba,2007-03-22,0,0,,,3,44,0.0000,False,,NODATA,25
kalba,2007-03-23,0,0,,,3,44,0.0000,False,,NODATA,25
kalba,2007-03-24,0,0,,,3,44,0.0000,False,,NODATA,25
kalba,2007-03-25,0,0,,,3,44,0.0000,False,,NODATA,25
kalba,2007-03-26,0,0,,,3,44,0.0000,False,,NODATA,25
kalba,2007-03-27,0,0,,,3,44,0.0000,False,,NODATA,25
kalba,2007-03-28,0,0,,,3,44,0.0000,False,,NODATA,25
kalba,2007-03-29,0,0,,,3,44,0.0000,False,,NODATA,25
kalba,2007-03-30,1,0,-0.7482,0.0809,3,44,0.0227,False,,NODATA,25
kalba,2007-03-31,13,0,0.4516,0.3797,3,44,0.2955,True,0.0000,QUIET,25
kalba,2007-04-01,25,0,0.8660,0.0822,4,39,0.6410,True,0.0000,QUIET,25
kalba,2007-04-02,0,0,,,4,39,0.0000,False,,NODATA,25
kalba,2007-04-03,0,0,,,4,39,0.0000,False,,NODATA,25
kalba,2007-04-04,0,0,,,4,39,0.0000,False,,NODATA,25
kalba,2007-04-05,0,0,,,4,39,0.0000,False,,NODATA,25
kalba,2007-04-06,0,0,,,4,39,0.0000,False,,NODATA,25
kalba,2007-04-07,0,0,,,4,39,0.0000,False,,NODATA,25
kalba,2007-04-08,0,0,,,4,39,0.0000,False,,NODATA,25
kalba,2007-04-09,30,0,0.9514,-0.1185,4,39,0.7692,True,0.0000,QUIET,25
kalba,2007-04-10,0,0,,,4,39,0.0000,False,,NODATA,25
kalba,2007-04-11,0,0,,,4,39,0.0000,False,,NODATA,25
kalba,2007-04-12,0,0,,,4,39,0.0000,False,,NODATA,25
kalba,2007-04-13,0,0,,,4,39,0.0000,False,,NODATA,25
kalba,2007-04-14,0,0,,,4,39,0.0000,False,,NODATA,25
kalba,2007-04-15,0,0,,,4,39,0.0000,False,,NODATA,25
kalba,2007-04-16,0,0,,,4,39,0.0000,False,,NODATA,25
kalba,2007-04-17,27,0,0.3465,-0.1443,4,39,0.6923,True,0.0000,QUIET,25
kalba,2007-04-18,39,0,0.6776,-0.2147,4,39,1.0000,True,0.0000,QUIET,25
kalba,2007-04-19,0,0,,,4,39,0.0000,False,,NODATA,25
kalba,2007-04-20,0,0,,,4,39,0.0000,False,,NODATA,25
kalba,2007-04-21,0,0,,,4,39,0.0000,False,,NODATA,25
kalba,2007-04-22,0,0,,,4,39,0.0000,False,,NODATA,25
kalba,2007-04-23,0,0,,,4,39,0.0000,False,,NODATA,25
kalba,2007-04-24,0,0,,,4,39,0.0000,False,,NODATA,25
kalba,2007-04-25,2,0,-1.2269,-0.6133,4,39,0.0513,False,,NODATA,25
kalba,2007-04-26,0,0,,,4,39,0.0000,False,,NODATA,25
kalba,2007-04-27,0,0,,,4,39,0.0000,False,,NODATA,25
kalba,2007-04-28,0,0,,,4,39,0.0000,False,,NODATA,25
kalba,2007-04-29,0,0,,,4,39,0.0000,False,,NODATA,25
kalba,2007-04-30,0,0,,,4,39,0.0000,False,,NODATA,25
kalba,2007-05-01,0,0,,,5,22,0.0000,False,,NODATA,25
kalba,2007-05-02,0,0,,,5,22,0.0000,False,,NODATA,25
kalba,2007-05-03,0,0,,,5,22,0.0000,False,,NODATA,25
kalba,2007-05-04,22,0,0.2939,-0.6087,5,22,1.0000,True,0.0000,QUIET,25
kalba,2007-05-05,0,0,,,5,22,0.0000,False,,NODATA,25
kalba,2007-05-06,0,0,,,5,22,0.0000,False,,NODATA,25
kalba,2007-05-07,0,0,,,5,22,0.0000,False,,NODATA,25
kalba,2007-05-08,0,0,,,5,22,0.0000,False,,NODATA,25
kalba,2007-05-09,0,0,,,5,22,0.0000,False,,NODATA,25
kalba,2007-05-10,0,0,,,5,22,0.0000,False,,NODATA,25
kalba,2007-05-11,0,0,,,5,22,0.0000,False,,NODATA,25
kalba,2007-05-12,0,0,,,5,22,0.0000,False,,NODATA,25
kalba,2007-05-13,0,0,,,5,22,0.0000,False,,NODATA,25
kalba,2007-05-14,0,0,,,5,22,0.0000,False,,NODATA,25
kalba,2007-05-15,0,0,,,5,22,0.0000,False,,NODATA,25
kalba,2007-05-16,0,0,,,5,22,0.0000,False,,NODATA,25
kalba,2007-05-17,0,0,,,5,22,0.0000,False,,NODATA,25
kalba,2007-05-18,0,0,,,5,22,0.0000,False,,NODATA,25
kalba,2007-05-19,0,0,,,5,22,0.0000,False,,NODATA,25
kalba,2007-05-20,0,0,,,5,22,0.0000,False,,NODATA,25
kalba,2007-05-21,0,0,,,5,22,0.0000,False,,NODATA,25
kalba,2007-05-22,0,0,,,5,22,0.0000,False,,NODATA,25
kalba,2007-05-23,0,0,,,5,22,0.0000,False,,NODATA,25
kalba,2007-05-24,0,0,,,5,22,0.0000,False,,NODATA,25
kalba,2007-05-25,0,0,,,5,22,0.0000,False,,NODATA,25
kalba,2007-05-26,0,0,,,5,22,0.0000,False,,NODATA,25
kalba,2007-05-27,0,0,,,5,22,0.0000,False,,NODATA,25
kalba,2007-05-28,0,0,,,5,22,0.0000,False,,NODATA,25
kalba,2007-05-29,0,0,,,5,22,0.0000,False,,NODATA,25
kalba,2007-05-30,0,0,,,5,22,0.0000,False,,NODATA,25
kalba,2007-05-31,0,0,,,5,22,0.0000,False,,NODATA,25
kalba,2007-06-01,0,0,,,6,8,0.0000,False,,NODATA,25
kalba,2007-06-02,0,0,,,6,8,0.0000,False,,NODATA,25
kalba,2007-06-03,0,0,,,6,8,0.0000,False,,NODATA,25
kalba,2007-06-04,0,0,,,6,8,0.0000,False,,NODATA,25
kalba,2007-06-05,0,0,,,6,8,0.0000,False,,NODATA,25
kalba,2007-06-06,0,0,,,6,8,0.0000,False,,NODATA,25
kalba,2007-06-07,0,0,,,6,8,0.0000,False,,NODATA,25
kalba,2007-06-08,0,0,,,6,8,0.0000,False,,NODATA,25
kalba,2007-06-09,0,0,,,6,8,0.0000,False,,NODATA,25
kalba,2007-06-10,0,0,,,6,8,0.0000,False,,NODATA,25
kalba,2007-06-11,0,0,,,6,8,0.0000,False,,NODATA,25
kalba,2007-06-12,6,2,2.2297,-0.3095,6,8,0.7500,True,0.3333,EXCEED,25
kalba,2007-06-13,0,0,,,6,8,0.0000,False,,NODATA,25
kalba,2007-06-14,0,0,,,6,8,0.0000,False,,NODATA,25
kalba,2007-06-15,0,0,,,6,8,0.0000,False,,NODATA,25
kalba,2007-06-16,0,0,,,6,8,0.0000,False,,NODATA,25
kalba,2007-06-17,0,0,,,6,8,0.0000,False,,NODATA,25
kalba,2007-06-18,0,0,,,6,8,0.0000,False,,NODATA,25
kalba,2007-06-19,0,0,,,6,8,0.0000,False,,NODATA,25
kalba,2007-06-20,0,0,,,6,8,0.0000,False,,NODATA,25
kalba,2007-06-21,0,0,,,6,8,0.0000,False,,NODATA,25
kalba,2007-06-22,0,0,,,6,8,0.0000,False,,NODATA,25
kalba,2007-06-23,0,0,,,6,8,0.0000,False,,NODATA,25
kalba,2007-06-24,0,0,,,6,8,0.0000,False,,NODATA,25
kalba,2007-06-25,0,0,,,6,8,0.0000,False,,NODATA,25
kalba,2007-06-26,0,0,,,6,8,0.0000,False,,NODATA,25
kalba,2007-06-27,0,0,,,6,8,0.0000,False,,NODATA,25
kalba,2007-06-28,0,0,,,6,8,0.0000,False,,NODATA,25
kalba,2007-06-29,0,0,,,6,8,0.0000,False,,NODATA,25
kalba,2007-06-30,0,0,,,6,8,0.0000,False,,NODATA,25
kalba,2007-07-01,0,0,,,7,0,0.0000,False,,NODATA,25
kalba,2007-07-02,0,0,,,7,0,0.0000,False,,NODATA,25
kalba,2007-07-03,0,0,,,7,0,0.0000,False,,NODATA,25
kalba,2007-07-04,0,0,,,7,0,0.0000,False,,NODATA,25
kalba,2007-07-05,0,0,,,7,0,0.0000,False,,NODATA,25
kalba,2007-07-06,0,0,,,7,0,0.0000,False,,NODATA,25
kalba,2007-07-07,0,0,,,7,0,0.0000,False,,NODATA,25
kalba,2007-07-08,0,0,,,7,0,0.0000,False,,NODATA,25
kalba,2007-07-09,0,0,,,7,0,0.0000,False,,NODATA,25
kalba,2007-07-10,0,0,,,7,0,0.0000,False,,NODATA,25
kalba,2007-07-11,0,0,,,7,0,0.0000,False,,NODATA,25
kalba,2007-07-12,0,0,,,7,0,0.0000,False,,NODATA,25
kalba,2007-07-13,0,0,,,7,0,0.0000,False,,NODATA,25
kalba,2007-07-14,0,0,,,7,0,0.0000,False,,NODATA,25
kalba,2007-07-15,0,0,,,7,0,0.0000,False,,NODATA,25
kalba,2007-07-16,0,0,,,7,0,0.0000,False,,NODATA,25
kalba,2007-07-17,0,0,,,7,0,0.0000,False,,NODATA,25
kalba,2007-07-18,0,0,,,7,0,0.0000,False,,NODATA,25
kalba,2007-07-19,0,0,,,7,0,0.0000,False,,NODATA,25
kalba,2007-07-20,0,0,,,7,0,0.0000,False,,NODATA,25
kalba,2007-07-21,0,0,,,7,0,0.0000,False,,NODATA,25
kalba,2007-07-22,0,0,,,7,0,0.0000,False,,NODATA,25
kalba,2007-07-23,0,0,,,7,0,0.0000,False,,NODATA,25
kalba,2007-07-24,0,0,,,7,0,0.0000,False,,NODATA,25
kalba,2007-07-25,0,0,,,7,0,0.0000,False,,NODATA,25
kalba,2007-07-26,0,0,,,7,0,0.0000,False,,NODATA,25
kalba,2007-07-27,0,0,,,7,0,0.0000,False,,NODATA,25
kalba,2007-07-28,0,0,,,7,0,0.0000,False,,NODATA,25
kalba,2007-07-29,0,0,,,7,0,0.0000,False,,NODATA,25
kalba,2007-07-30,0,0,,,7,0,0.0000,False,,NODATA,25
kalba,2007-07-31,0,0,,,7,0,0.0000,False,,NODATA,25
kalba,2007-08-01,0,0,,,8,0,0.0000,False,,NODATA,25
kalba,2007-08-02,0,0,,,8,0,0.0000,False,,NODATA,25
kalba,2007-08-03,0,0,,,8,0,0.0000,False,,NODATA,25
kalba,2007-08-04,0,0,,,8,0,0.0000,False,,NODATA,25
kalba,2007-08-05,0,0,,,8,0,0.0000,False,,NODATA,25
kalba,2007-08-06,0,0,,,8,0,0.0000,False,,NODATA,25
kalba,2007-08-07,0,0,,,8,0,0.0000,False,,NODATA,25
kalba,2007-08-08,0,0,,,8,0,0.0000,False,,NODATA,25
kalba,2007-08-09,0,0,,,8,0,0.0000,False,,NODATA,25
kalba,2007-08-10,0,0,,,8,0,0.0000,False,,NODATA,25
kalba,2007-08-11,0,0,,,8,0,0.0000,False,,NODATA,25
kalba,2007-08-12,0,0,,,8,0,0.0000,False,,NODATA,25
kalba,2007-08-13,0,0,,,8,0,0.0000,False,,NODATA,25
kalba,2007-08-14,0,0,,,8,0,0.0000,False,,NODATA,25
kalba,2007-08-15,0,0,,,8,0,0.0000,False,,NODATA,25
kalba,2007-08-16,0,0,,,8,0,0.0000,False,,NODATA,25
kalba,2007-08-17,0,0,,,8,0,0.0000,False,,NODATA,25
kalba,2007-08-18,0,0,,,8,0,0.0000,False,,NODATA,25
kalba,2007-08-19,0,0,,,8,0,0.0000,False,,NODATA,25
kalba,2007-08-20,0,0,,,8,0,0.0000,False,,NODATA,25
kalba,2007-08-21,0,0,,,8,0,0.0000,False,,NODATA,25
kalba,2007-08-22,0,0,,,8,0,0.0000,False,,NODATA,25
kalba,2007-08-23,0,0,,,8,0,0.0000,False,,NODATA,25
kalba,2007-08-24,0,0,,,8,0,0.0000,False,,NODATA,25
kalba,2007-08-25,0,0,,,8,0,0.0000,False,,NODATA,25
kalba,2007-08-26,0,0,,,8,0,0.0000,False,,NODATA,25
kalba,2007-08-27,0,0,,,8,0,0.0000,False,,NODATA,25
kalba,2007-08-28,0,0,,,8,0,0.0000,False,,NODATA,25
kalba,2007-08-29,0,0,,,8,0,0.0000,False,,NODATA,25
kalba,2007-08-30,0,0,,,8,0,0.0000,False,,NODATA,25
kalba,2007-08-31,0,0,,,8,0,0.0000,False,,NODATA,25
kalba,2007-09-01,0,0,,,9,36,0.0000,False,,NODATA,25
kalba,2007-09-02,13,0,1.3835,-0.5032,9,36,0.3611,True,0.0000,QUIET,25
kalba,2007-09-03,0,0,,,9,36,0.0000,False,,NODATA,25
kalba,2007-09-04,0,0,,,9,36,0.0000,False,,NODATA,25
kalba,2007-09-05,0,0,,,9,36,0.0000,False,,NODATA,25
kalba,2007-09-06,0,0,,,9,36,0.0000,False,,NODATA,25
kalba,2007-09-07,0,0,,,9,36,0.0000,False,,NODATA,25
kalba,2007-09-08,0,0,,,9,36,0.0000,False,,NODATA,25
kalba,2007-09-09,0,0,,,9,36,0.0000,False,,NODATA,25
kalba,2007-09-10,0,0,,,9,36,0.0000,False,,NODATA,25
kalba,2007-09-11,0,0,,,9,36,0.0000,False,,NODATA,25
kalba,2007-09-12,0,0,,,9,36,0.0000,False,,NODATA,25
kalba,2007-09-13,0,0,,,9,36,0.0000,False,,NODATA,25
kalba,2007-09-14,0,0,,,9,36,0.0000,False,,NODATA,25
kalba,2007-09-15,0,0,,,9,36,0.0000,False,,NODATA,25
kalba,2007-09-16,0,0,,,9,36,0.0000,False,,NODATA,25
kalba,2007-09-17,0,0,,,9,36,0.0000,False,,NODATA,25
kalba,2007-09-18,0,0,,,9,36,0.0000,False,,NODATA,25
kalba,2007-09-19,0,0,,,9,36,0.0000,False,,NODATA,25
kalba,2007-09-20,0,0,,,9,36,0.0000,False,,NODATA,25
kalba,2007-09-21,0,0,,,9,36,0.0000,False,,NODATA,25
kalba,2007-09-22,34,0,-0.2940,-0.7813,9,36,0.9444,True,0.0000,QUIET,25
kalba,2007-09-23,0,0,,,9,36,0.0000,False,,NODATA,25
kalba,2007-09-24,0,0,,,9,36,0.0000,False,,NODATA,25
kalba,2007-09-25,36,0,-0.6089,-0.6299,9,36,1.0000,True,0.0000,QUIET,25
kalba,2007-09-26,0,0,,,9,36,0.0000,False,,NODATA,25
kalba,2007-09-27,36,0,-0.7055,-0.7214,9,36,1.0000,True,0.0000,QUIET,25
kalba,2007-09-28,0,0,,,9,36,0.0000,False,,NODATA,25
kalba,2007-09-29,0,0,,,9,36,0.0000,False,,NODATA,25
kalba,2007-09-30,5,0,-0.7181,-0.7043,9,36,0.1389,True,0.0000,QUIET,25
kalba,2007-10-01,0,0,,,10,47,0.0000,False,,NODATA,25
kalba,2007-10-02,37,0,-0.6414,-0.6102,10,47,0.7872,True,0.0000,QUIET,25
kalba,2007-10-03,0,0,,,10,47,0.0000,False,,NODATA,25
kalba,2007-10-04,0,0,,,10,47,0.0000,False,,NODATA,25
kalba,2007-10-05,0,0,,,10,47,0.0000,False,,NODATA,25
kalba,2007-10-06,44,0,-0.8179,-0.5710,10,47,0.9362,True,0.0000,QUIET,25
kalba,2007-10-07,25,0,-0.5811,-0.5297,10,47,0.5319,True,0.0000,QUIET,25
kalba,2007-10-08,17,0,-1.4873,-0.7700,10,47,0.3617,True,0.0000,QUIET,25
kalba,2007-10-09,0,0,,,10,47,0.0000,False,,NODATA,25
kalba,2007-10-10,0,0,,,10,47,0.0000,False,,NODATA,25
kalba,2007-10-11,46,0,-0.5541,-0.5162,10,47,0.9787,True,0.0000,QUIET,25
kalba,2007-10-12,0,0,,,10,47,0.0000,False,,NODATA,25
kalba,2007-10-13,46,0,-0.4057,-0.4259,10,47,0.9787,True,0.0000,QUIET,25
kalba,2007-10-14,0,0,,,10,47,0.0000,False,,NODATA,25
kalba,2007-10-15,40,0,-0.6237,-0.5377,10,47,0.8511,True,0.0000,QUIET,25
kalba,2007-10-16,32,0,-0.1148,-0.4355,10,47,0.6809,True,0.0000,QUIET,25
kalba,2007-10-17,31,0,-0.5010,-0.5218,10,47,0.6596,True,0.0000,QUIET,25
kalba,2007-10-18,40,0,-0.0471,-0.3991,10,47,0.8511,True,0.0000,QUIET,25
kalba,2007-10-19,7,0,-0.4846,-0.4966,10,47,0.1489,True,0.0000,QUIET,25
kalba,2007-10-20,47,0,-0.2490,-0.4021,10,47,1.0000,True,0.0000,QUIET,25
kalba,2007-10-21,0,0,,,10,47,0.0000,False,,NODATA,25
kalba,2007-10-22,36,0,-0.4415,-0.5126,10,47,0.7660,True,0.0000,QUIET,25
kalba,2007-10-23,0,0,,,10,47,0.0000,False,,NODATA,25
kalba,2007-10-24,0,0,,,10,47,0.0000,False,,NODATA,25
kalba,2007-10-25,26,0,-0.6982,-0.5433,10,47,0.5532,True,0.0000,QUIET,25
kalba,2007-10-26,0,0,,,10,47,0.0000,False,,NODATA,25
kalba,2007-10-27,47,0,-0.1460,-0.4066,10,47,1.0000,True,0.0000,QUIET,25
kalba,2007-10-28,0,0,,,10,47,0.0000,False,,NODATA,25
kalba,2007-10-29,46,0,-0.0914,-0.4526,10,47,0.9787,True,0.0000,QUIET,25
kalba,2007-10-30,0,0,,,10,47,0.0000,False,,NODATA,25
kalba,2007-10-31,26,0,1.1002,-0.4865,10,47,0.5532,True,0.0000,QUIET,25
kalba,2007-11-01,21,0,-0.1489,-0.2955,11,47,0.4468,True,0.0000,QUIET,25
kalba,2007-11-02,0,0,,,11,47,0.0000,False,,NODATA,25
kalba,2007-11-03,0,0,,,11,47,0.0000,False,,NODATA,25
kalba,2007-11-04,0,0,,,11,47,0.0000,False,,NODATA,25
kalba,2007-11-05,20,0,-0.8190,-0.4480,11,47,0.4255,True,0.0000,QUIET,25
kalba,2007-11-06,0,0,,,11,47,0.0000,False,,NODATA,25
kalba,2007-11-07,45,0,-0.3320,-0.3180,11,47,0.9574,True,0.0000,QUIET,25
kalba,2007-11-08,26,0,0.0968,-0.2477,11,47,0.5532,True,0.0000,QUIET,25
kalba,2007-11-09,35,0,-0.1502,-0.3087,11,47,0.7447,True,0.0000,QUIET,25
kalba,2007-11-10,35,0,-0.0460,-0.1832,11,47,0.7447,True,0.0000,QUIET,25
kalba,2007-11-11,3,0,-1.1911,-0.5287,11,47,0.0638,False,,NODATA,25
kalba,2007-11-12,47,0,-0.7306,-0.3417,11,47,1.0000,True,0.0000,QUIET,25
kalba,2007-11-13,0,0,,,11,47,0.0000,False,,NODATA,25
kalba,2007-11-14,47,0,-0.3219,-0.2661,11,47,1.0000,True,0.0000,QUIET,25
kalba,2007-11-15,0,0,,,11,47,0.0000,False,,NODATA,25
kalba,2007-11-16,40,0,-0.5687,-0.3435,11,47,0.8511,True,0.0000,QUIET,25
kalba,2007-11-17,3,0,-1.0912,-0.5119,11,47,0.0638,False,,NODATA,25
kalba,2007-11-18,0,0,,,11,47,0.0000,False,,NODATA,25
kalba,2007-11-19,0,0,,,11,47,0.0000,False,,NODATA,25
kalba,2007-11-20,0,0,,,11,47,0.0000,False,,NODATA,25
kalba,2007-11-21,47,0,-0.6618,-0.3234,11,47,1.0000,True,0.0000,QUIET,25
kalba,2007-11-22,0,0,,,11,47,0.0000,False,,NODATA,25
kalba,2007-11-23,37,0,-0.7194,-0.3696,11,47,0.7872,True,0.0000,QUIET,25
kalba,2007-11-24,0,0,,,11,47,0.0000,False,,NODATA,25
kalba,2007-11-25,36,0,-0.3684,-0.3080,11,47,0.7660,True,0.0000,QUIET,25
kalba,2007-11-26,12,0,-0.5973,-0.2932,11,47,0.2553,True,0.0000,QUIET,25
kalba,2007-11-27,0,0,,,11,47,0.0000,False,,NODATA,25
kalba,2007-11-28,1,0,1.9531,0.8718,11,47,0.0213,False,,NODATA,25
kalba,2007-11-29,0,0,,,11,47,0.0000,False,,NODATA,25
kalba,2007-11-30,46,0,0.4405,0.0901,11,47,0.9787,True,0.0000,QUIET,25
kalba,2007-12-01,0,0,,,12,47,0.0000,False,,NODATA,25
kalba,2007-12-02,0,0,,,12,47,0.0000,False,,NODATA,25
kalba,2007-12-03,0,0,,,12,47,0.0000,False,,NODATA,25
kalba,2007-12-04,0,0,,,12,47,0.0000,False,,NODATA,25
kalba,2007-12-05,0,0,,,12,47,0.0000,False,,NODATA,25
kalba,2007-12-06,0,0,,,12,47,0.0000,False,,NODATA,25
kalba,2007-12-07,0,0,,,12,47,0.0000,False,,NODATA,25
kalba,2007-12-08,0,0,,,12,47,0.0000,False,,NODATA,25
kalba,2007-12-09,0,0,,,12,47,0.0000,False,,NODATA,25
kalba,2007-12-10,0,0,,,12,47,0.0000,False,,NODATA,25
kalba,2007-12-11,0,0,,,12,47,0.0000,False,,NODATA,25
kalba,2007-12-12,36,2,2.2872,0.1721,12,47,0.7660,True,0.0556,QUIET,25
kalba,2007-12-13,2,0,-1.1920,-0.3333,12,47,0.0426,False,,NODATA,25
kalba,2007-12-14,36,0,1.0908,0.0426,12,47,0.7660,True,0.0000,QUIET,25
kalba,2007-12-15,0,0,,,12,47,0.0000,False,,NODATA,25
kalba,2007-12-16,47,0,0.6506,0.1235,12,47,1.0000,True,0.0000,QUIET,25
kalba,2007-12-17,0,0,,,12,47,0.0000,False,,NODATA,25
kalba,2007-12-18,29,0,1.3657,0.1158,12,47,0.6170,True,0.0000,QUIET,25
kalba,2007-12-19,3,0,1.7624,0.9951,12,47,0.0638,False,,NODATA,25
kalba,2007-12-20,30,0,1.4787,0.2064,12,47,0.6383,True,0.0000,QUIET,25
kalba,2007-12-21,43,5,2.8446,0.4938,12,47,0.9149,True,0.1163,QUIET,25
kalba,2007-12-22,0,0,,,12,47,0.0000,False,,NODATA,25
kalba,2007-12-23,20,7,2.8472,0.8073,12,47,0.4255,True,0.3500,EXCEED,25
kalba,2007-12-24,0,0,,,12,47,0.0000,False,,NODATA,25
kalba,2007-12-25,3,0,-0.4831,-0.1049,12,47,0.0638,False,,NODATA,25
kalba,2007-12-26,0,0,,,12,47,0.0000,False,,NODATA,25
kalba,2007-12-27,0,0,,,12,47,0.0000,False,,NODATA,25
kalba,2007-12-28,24,0,1.9458,-0.1130,12,47,0.5106,True,0.0000,QUIET,25
kalba,2007-12-29,0,0,,,12,47,0.0000,False,,NODATA,25
kalba,2007-12-30,1,0,0.2235,0.2546,12,47,0.0213,False,,NODATA,25
kalba,2007-12-31,0,0,,,12,47,0.0000,False,,NODATA,25
kalba,2008-01-01,40,2,3.3746,0.2888,1,47,0.8511,True,0.0500,QUIET,25
kalba,2008-01-02,0,0,,,1,47,0.0000,False,,NODATA,25
kalba,2008-01-03,29,12,4.0083,0.6576,1,47,0.6170,True,0.4138,EXCEED,25
kalba,2008-01-04,0,0,,,1,47,0.0000,False,,NODATA,25
kalba,2008-01-05,0,0,,,1,47,0.0000,False,,NODATA,25
kalba,2008-01-06,0,0,,,1,47,0.0000,False,,NODATA,25
kalba,2008-01-07,0,0,,,1,47,0.0000,False,,NODATA,25
kalba,2008-01-08,0,0,,,1,47,0.0000,False,,NODATA,25
kalba,2008-01-09,0,0,,,1,47,0.0000,False,,NODATA,25
kalba,2008-01-10,32,2,2.7721,0.1731,1,47,0.6809,True,0.0625,QUIET,25
kalba,2008-01-11,0,0,,,1,47,0.0000,False,,NODATA,25
kalba,2008-01-12,0,0,,,1,47,0.0000,False,,NODATA,25
kalba,2008-01-13,0,0,,,1,47,0.0000,False,,NODATA,25
kalba,2008-01-14,0,0,,,1,47,0.0000,False,,NODATA,25
kalba,2008-01-15,0,0,,,1,47,0.0000,False,,NODATA,25
kalba,2008-01-16,0,0,,,1,47,0.0000,False,,NODATA,25
kalba,2008-01-17,0,0,,,1,47,0.0000,False,,NODATA,25
kalba,2008-01-18,0,0,,,1,47,0.0000,False,,NODATA,25
kalba,2008-01-19,8,0,1.7499,0.1678,1,47,0.1702,True,0.0000,QUIET,25
kalba,2008-01-20,24,0,-0.1379,0.0032,1,47,0.5106,True,0.0000,QUIET,25
kalba,2008-01-21,0,0,,,1,47,0.0000,False,,NODATA,25
kalba,2008-01-22,0,0,,,1,47,0.0000,False,,NODATA,25
kalba,2008-01-23,0,0,,,1,47,0.0000,False,,NODATA,25
kalba,2008-01-24,0,0,,,1,47,0.0000,False,,NODATA,25
kalba,2008-01-25,0,0,,,1,47,0.0000,False,,NODATA,25
kalba,2008-01-26,0,0,,,1,47,0.0000,False,,NODATA,25
kalba,2008-01-27,0,0,,,1,47,0.0000,False,,NODATA,25
kalba,2008-01-28,0,0,,,1,47,0.0000,False,,NODATA,25
kalba,2008-01-29,38,0,-0.2821,-0.1350,1,47,0.8085,True,0.0000,QUIET,25
kalba,2008-01-30,2,0,-0.1161,-0.0818,1,47,0.0426,False,,NODATA,25
kalba,2008-01-31,0,0,,,1,47,0.0000,False,,NODATA,25
kalba,2008-02-01,0,0,,,2,44,0.0000,False,,NODATA,25
kalba,2008-02-02,0,0,,,2,44,0.0000,False,,NODATA,25
kalba,2008-02-03,0,0,,,2,44,0.0000,False,,NODATA,25
kalba,2008-02-04,0,0,,,2,44,0.0000,False,,NODATA,25
kalba,2008-02-05,0,0,,,2,44,0.0000,False,,NODATA,25
kalba,2008-02-06,0,0,,,2,44,0.0000,False,,NODATA,25
kalba,2008-02-07,42,0,0.0005,0.0591,2,44,0.9545,True,0.0000,QUIET,25
kalba,2008-02-08,12,0,0.1860,0.1443,2,44,0.2727,True,0.0000,QUIET,25
kalba,2008-02-09,44,0,0.5630,0.0888,2,44,1.0000,True,0.0000,QUIET,25
kalba,2008-02-10,0,0,,,2,44,0.0000,False,,NODATA,25
kalba,2008-02-11,44,0,-0.0254,0.0952,2,44,1.0000,True,0.0000,QUIET,25
kalba,2008-02-12,0,0,,,2,44,0.0000,False,,NODATA,25
kalba,2008-02-13,36,0,0.5967,0.4183,2,44,0.8182,True,0.0000,QUIET,25
kalba,2008-02-14,0,0,,,2,44,0.0000,False,,NODATA,25
kalba,2008-02-15,21,1,2.0554,1.2675,2,44,0.4773,True,0.0476,QUIET,25
kalba,2008-02-16,42,3,2.4114,1.1803,2,44,0.9545,True,0.0714,QUIET,25
kalba,2008-02-17,0,0,,,2,44,0.0000,False,,NODATA,25
kalba,2008-02-18,29,4,3.2169,1.4959,2,44,0.6591,True,0.1379,QUIET,25
kalba,2008-02-19,0,0,,,2,44,0.0000,False,,NODATA,25
kalba,2008-02-20,0,0,,,2,44,0.0000,False,,NODATA,25
kalba,2008-02-21,0,0,,,2,44,0.0000,False,,NODATA,25
kalba,2008-02-22,0,0,,,2,44,0.0000,False,,NODATA,25
kalba,2008-02-23,0,0,,,2,44,0.0000,False,,NODATA,25
kalba,2008-02-24,0,0,,,2,44,0.0000,False,,NODATA,25
kalba,2008-02-25,1,0,1.9852,1.7918,2,44,0.0227,False,,NODATA,25
kalba,2008-02-26,0,0,,,2,44,0.0000,False,,NODATA,25
kalba,2008-02-27,26,6,2.2132,1.5631,2,44,0.5909,True,0.2308,QUIET,25
kalba,2008-02-28,0,0,,,2,44,0.0000,False,,NODATA,25
kalba,2008-02-29,0,0,,,2,44,0.0000,False,,NODATA,25
kalba,2008-03-01,35,4,2.4089,0.8796,3,44,0.7955,True,0.1143,QUIET,25
kalba,2008-03-02,26,0,1.3591,0.8059,3,44,0.5909,True,0.0000,QUIET,25
kalba,2008-03-03,17,10,2.7217,1.3817,3,44,0.3864,True,0.5882,EXCEED,25
kalba,2008-03-04,0,0,,,3,44,0.0000,False,,NODATA,25
kalba,2008-03-05,0,0,,,3,44,0.0000,False,,NODATA,25
kalba,2008-03-06,0,0,,,3,44,0.0000,False,,NODATA,25
kalba,2008-03-07,0,0,,,3,44,0.0000,False,,NODATA,25
kalba,2008-03-08,0,0,,,3,44,0.0000,False,,NODATA,25
kalba,2008-03-09,0,0,,,3,44,0.0000,False,,NODATA,25
kalba,2008-03-10,41,1,3.0993,0.7903,3,44,0.9318,True,0.0244,QUIET,25
kalba,2008-03-11,15,0,0.2404,0.2705,3,44,0.3409,True,0.0000,QUIET,25
kalba,2008-03-12,44,0,0.7496,0.2629,3,44,1.0000,True,0.0000,QUIET,25
kalba,2008-03-13,0,0,,,3,44,0.0000,False,,NODATA,25
kalba,2008-03-14,3,0,0.2956,0.5557,3,44,0.0682,False,,NODATA,25
kalba,2008-03-15,0,0,,,3,44,0.0000,False,,NODATA,25
kalba,2008-03-16,21,1,2.4848,0.9183,3,44,0.4773,True,0.0476,QUIET,25
kalba,2008-03-17,0,0,,,3,44,0.0000,False,,NODATA,25
kalba,2008-03-18,0,0,,,3,44,0.0000,False,,NODATA,25
kalba,2008-03-19,0,0,,,3,44,0.0000,False,,NODATA,25
kalba,2008-03-20,0,0,,,3,44,0.0000,False,,NODATA,25
kalba,2008-03-21,0,0,,,3,44,0.0000,False,,NODATA,25
kalba,2008-03-22,0,0,,,3,44,0.0000,False,,NODATA,25
kalba,2008-03-23,0,0,,,3,44,0.0000,False,,NODATA,25
kalba,2008-03-24,0,0,,,3,44,0.0000,False,,NODATA,25
kalba,2008-03-25,0,0,,,3,44,0.0000,False,,NODATA,25
kalba,2008-03-26,0,0,,,3,44,0.0000,False,,NODATA,25
kalba,2008-03-27,0,0,,,3,44,0.0000,False,,NODATA,25
kalba,2008-03-28,0,0,,,3,44,0.0000,False,,NODATA,25
kalba,2008-03-29,0,0,,,3,44,0.0000,False,,NODATA,25
kalba,2008-03-30,0,0,,,3,44,0.0000,False,,NODATA,25
kalba,2008-03-31,0,0,,,3,44,0.0000,False,,NODATA,25
kalba,2008-04-01,0,0,,,4,39,0.0000,False,,NODATA,25
kalba,2008-04-02,0,0,,,4,39,0.0000,False,,NODATA,25
kalba,2008-04-03,0,0,,,4,39,0.0000,False,,NODATA,25
kalba,2008-04-04,20,4,4.2873,0.0392,4,39,0.5128,True,0.2000,QUIET,25
kalba,2008-04-05,0,0,,,4,39,0.0000,False,,NODATA,25
kalba,2008-04-06,0,0,,,4,39,0.0000,False,,NODATA,25
kalba,2008-04-07,0,0,,,4,39,0.0000,False,,NODATA,25
kalba,2008-04-08,0,0,,,4,39,0.0000,False,,NODATA,25
kalba,2008-04-09,0,0,,,4,39,0.0000,False,,NODATA,25
kalba,2008-04-10,0,0,,,4,39,0.0000,False,,NODATA,25
kalba,2008-04-11,0,0,,,4,39,0.0000,False,,NODATA,25
kalba,2008-04-12,0,0,,,4,39,0.0000,False,,NODATA,25
kalba,2008-04-13,0,0,,,4,39,0.0000,False,,NODATA,25
kalba,2008-04-14,0,0,,,4,39,0.0000,False,,NODATA,25
kalba,2008-04-15,0,0,,,4,39,0.0000,False,,NODATA,25
kalba,2008-04-16,0,0,,,4,39,0.0000,False,,NODATA,25
kalba,2008-04-17,0,0,,,4,39,0.0000,False,,NODATA,25
kalba,2008-04-18,0,0,,,4,39,0.0000,False,,NODATA,25
kalba,2008-04-19,0,0,,,4,39,0.0000,False,,NODATA,25
kalba,2008-04-20,0,0,,,4,39,0.0000,False,,NODATA,25
kalba,2008-04-21,0,0,,,4,39,0.0000,False,,NODATA,25
kalba,2008-04-22,0,0,,,4,39,0.0000,False,,NODATA,25
kalba,2008-04-23,0,0,,,4,39,0.0000,False,,NODATA,25
kalba,2008-04-24,0,0,,,4,39,0.0000,False,,NODATA,25
kalba,2008-04-25,0,0,,,4,39,0.0000,False,,NODATA,25
kalba,2008-04-26,0,0,,,4,39,0.0000,False,,NODATA,25
kalba,2008-04-27,39,0,1.1973,-0.3019,4,39,1.0000,True,0.0000,QUIET,25
kalba,2008-04-28,0,0,,,4,39,0.0000,False,,NODATA,25
kalba,2008-04-29,0,0,,,4,39,0.0000,False,,NODATA,25
kalba,2008-04-30,0,0,,,4,39,0.0000,False,,NODATA,25
kalba,2008-05-01,0,0,,,5,22,0.0000,False,,NODATA,25
kalba,2008-05-02,0,0,,,5,22,0.0000,False,,NODATA,25
kalba,2008-05-03,0,0,,,5,22,0.0000,False,,NODATA,25
kalba,2008-05-04,0,0,,,5,22,0.0000,False,,NODATA,25
kalba,2008-05-05,0,0,,,5,22,0.0000,False,,NODATA,25
kalba,2008-05-06,0,0,,,5,22,0.0000,False,,NODATA,25
kalba,2008-05-07,0,0,,,5,22,0.0000,False,,NODATA,25
kalba,2008-05-08,0,0,,,5,22,0.0000,False,,NODATA,25
kalba,2008-05-09,0,0,,,5,22,0.0000,False,,NODATA,25
kalba,2008-05-10,0,0,,,5,22,0.0000,False,,NODATA,25
kalba,2008-05-11,0,0,,,5,22,0.0000,False,,NODATA,25
kalba,2008-05-12,0,0,,,5,22,0.0000,False,,NODATA,25
kalba,2008-05-13,0,0,,,5,22,0.0000,False,,NODATA,25
kalba,2008-05-14,0,0,,,5,22,0.0000,False,,NODATA,25
kalba,2008-05-15,0,0,,,5,22,0.0000,False,,NODATA,25
kalba,2008-05-16,0,0,,,5,22,0.0000,False,,NODATA,25
kalba,2008-05-17,0,0,,,5,22,0.0000,False,,NODATA,25
kalba,2008-05-18,0,0,,,5,22,0.0000,False,,NODATA,25
kalba,2008-05-19,0,0,,,5,22,0.0000,False,,NODATA,25
kalba,2008-05-20,0,0,,,5,22,0.0000,False,,NODATA,25
kalba,2008-05-21,0,0,,,5,22,0.0000,False,,NODATA,25
kalba,2008-05-22,0,0,,,5,22,0.0000,False,,NODATA,25
kalba,2008-05-23,0,0,,,5,22,0.0000,False,,NODATA,25
kalba,2008-05-24,0,0,,,5,22,0.0000,False,,NODATA,25
kalba,2008-05-25,0,0,,,5,22,0.0000,False,,NODATA,25
kalba,2008-05-26,0,0,,,5,22,0.0000,False,,NODATA,25
kalba,2008-05-27,0,0,,,5,22,0.0000,False,,NODATA,25
kalba,2008-05-28,0,0,,,5,22,0.0000,False,,NODATA,25
kalba,2008-05-29,12,0,-0.6739,-0.6989,5,22,0.5455,True,0.0000,QUIET,25
kalba,2008-05-30,0,0,,,5,22,0.0000,False,,NODATA,25
kalba,2008-05-31,0,0,,,5,22,0.0000,False,,NODATA,25
kalba,2008-06-01,0,0,,,6,8,0.0000,False,,NODATA,25
kalba,2008-06-02,0,0,,,6,8,0.0000,False,,NODATA,25
kalba,2008-06-03,0,0,,,6,8,0.0000,False,,NODATA,25
kalba,2008-06-04,0,0,,,6,8,0.0000,False,,NODATA,25
kalba,2008-06-05,0,0,,,6,8,0.0000,False,,NODATA,25
kalba,2008-06-06,0,0,,,6,8,0.0000,False,,NODATA,25
kalba,2008-06-07,0,0,,,6,8,0.0000,False,,NODATA,25
kalba,2008-06-08,0,0,,,6,8,0.0000,False,,NODATA,25
kalba,2008-06-09,0,0,,,6,8,0.0000,False,,NODATA,25
kalba,2008-06-10,0,0,,,6,8,0.0000,False,,NODATA,25
kalba,2008-06-11,0,0,,,6,8,0.0000,False,,NODATA,25
kalba,2008-06-12,0,0,,,6,8,0.0000,False,,NODATA,25
kalba,2008-06-13,0,0,,,6,8,0.0000,False,,NODATA,25
kalba,2008-06-14,0,0,,,6,8,0.0000,False,,NODATA,25
kalba,2008-06-15,0,0,,,6,8,0.0000,False,,NODATA,25
kalba,2008-06-16,0,0,,,6,8,0.0000,False,,NODATA,25
kalba,2008-06-17,0,0,,,6,8,0.0000,False,,NODATA,25
kalba,2008-06-18,0,0,,,6,8,0.0000,False,,NODATA,25
kalba,2008-06-19,0,0,,,6,8,0.0000,False,,NODATA,25
kalba,2008-06-20,0,0,,,6,8,0.0000,False,,NODATA,25
kalba,2008-06-21,0,0,,,6,8,0.0000,False,,NODATA,25
kalba,2008-06-22,0,0,,,6,8,0.0000,False,,NODATA,25
kalba,2008-06-23,0,0,,,6,8,0.0000,False,,NODATA,25
kalba,2008-06-24,0,0,,,6,8,0.0000,False,,NODATA,25
kalba,2008-06-25,0,0,,,6,8,0.0000,False,,NODATA,25
kalba,2008-06-26,0,0,,,6,8,0.0000,False,,NODATA,25
kalba,2008-06-27,0,0,,,6,8,0.0000,False,,NODATA,25
kalba,2008-06-28,0,0,,,6,8,0.0000,False,,NODATA,25
kalba,2008-06-29,0,0,,,6,8,0.0000,False,,NODATA,25
kalba,2008-06-30,0,0,,,6,8,0.0000,False,,NODATA,25
kalba,2008-07-01,0,0,,,7,0,0.0000,False,,NODATA,25
kalba,2008-07-02,0,0,,,7,0,0.0000,False,,NODATA,25
kalba,2008-07-03,0,0,,,7,0,0.0000,False,,NODATA,25
kalba,2008-07-04,0,0,,,7,0,0.0000,False,,NODATA,25
kalba,2008-07-05,0,0,,,7,0,0.0000,False,,NODATA,25
kalba,2008-07-06,0,0,,,7,0,0.0000,False,,NODATA,25
kalba,2008-07-07,0,0,,,7,0,0.0000,False,,NODATA,25
kalba,2008-07-08,0,0,,,7,0,0.0000,False,,NODATA,25
kalba,2008-07-09,0,0,,,7,0,0.0000,False,,NODATA,25
kalba,2008-07-10,0,0,,,7,0,0.0000,False,,NODATA,25
kalba,2008-07-11,0,0,,,7,0,0.0000,False,,NODATA,25
kalba,2008-07-12,0,0,,,7,0,0.0000,False,,NODATA,25
kalba,2008-07-13,0,0,,,7,0,0.0000,False,,NODATA,25
kalba,2008-07-14,0,0,,,7,0,0.0000,False,,NODATA,25
kalba,2008-07-15,0,0,,,7,0,0.0000,False,,NODATA,25
kalba,2008-07-16,0,0,,,7,0,0.0000,False,,NODATA,25
kalba,2008-07-17,0,0,,,7,0,0.0000,False,,NODATA,25
kalba,2008-07-18,0,0,,,7,0,0.0000,False,,NODATA,25
kalba,2008-07-19,0,0,,,7,0,0.0000,False,,NODATA,25
kalba,2008-07-20,0,0,,,7,0,0.0000,False,,NODATA,25
kalba,2008-07-21,0,0,,,7,0,0.0000,False,,NODATA,25
kalba,2008-07-22,0,0,,,7,0,0.0000,False,,NODATA,25
kalba,2008-07-23,0,0,,,7,0,0.0000,False,,NODATA,25
kalba,2008-07-24,0,0,,,7,0,0.0000,False,,NODATA,25
kalba,2008-07-25,0,0,,,7,0,0.0000,False,,NODATA,25
kalba,2008-07-26,0,0,,,7,0,0.0000,False,,NODATA,25
kalba,2008-07-27,0,0,,,7,0,0.0000,False,,NODATA,25
kalba,2008-07-28,0,0,,,7,0,0.0000,False,,NODATA,25
kalba,2008-07-29,0,0,,,7,0,0.0000,False,,NODATA,25
kalba,2008-07-30,0,0,,,7,0,0.0000,False,,NODATA,25
kalba,2008-07-31,0,0,,,7,0,0.0000,False,,NODATA,25
kalba,2008-08-01,0,0,,,8,0,0.0000,False,,NODATA,25
kalba,2008-08-02,0,0,,,8,0,0.0000,False,,NODATA,25
kalba,2008-08-03,0,0,,,8,0,0.0000,False,,NODATA,25
kalba,2008-08-04,0,0,,,8,0,0.0000,False,,NODATA,25
kalba,2008-08-05,0,0,,,8,0,0.0000,False,,NODATA,25
kalba,2008-08-06,0,0,,,8,0,0.0000,False,,NODATA,25
kalba,2008-08-07,0,0,,,8,0,0.0000,False,,NODATA,25
kalba,2008-08-08,0,0,,,8,0,0.0000,False,,NODATA,25
kalba,2008-08-09,0,0,,,8,0,0.0000,False,,NODATA,25
kalba,2008-08-10,0,0,,,8,0,0.0000,False,,NODATA,25
kalba,2008-08-11,0,0,,,8,0,0.0000,False,,NODATA,25
kalba,2008-08-12,0,0,,,8,0,0.0000,False,,NODATA,25
kalba,2008-08-13,0,0,,,8,0,0.0000,False,,NODATA,25
kalba,2008-08-14,0,0,,,8,0,0.0000,False,,NODATA,25
kalba,2008-08-15,0,0,,,8,0,0.0000,False,,NODATA,25
kalba,2008-08-16,0,0,,,8,0,0.0000,False,,NODATA,25
kalba,2008-08-17,0,0,,,8,0,0.0000,False,,NODATA,25
kalba,2008-08-18,0,0,,,8,0,0.0000,False,,NODATA,25
kalba,2008-08-19,0,0,,,8,0,0.0000,False,,NODATA,25
kalba,2008-08-20,0,0,,,8,0,0.0000,False,,NODATA,25
kalba,2008-08-21,0,0,,,8,0,0.0000,False,,NODATA,25
kalba,2008-08-22,0,0,,,8,0,0.0000,False,,NODATA,25
kalba,2008-08-23,0,0,,,8,0,0.0000,False,,NODATA,25
kalba,2008-08-24,0,0,,,8,0,0.0000,False,,NODATA,25
kalba,2008-08-25,0,0,,,8,0,0.0000,False,,NODATA,25
kalba,2008-08-26,0,0,,,8,0,0.0000,False,,NODATA,25
kalba,2008-08-27,0,0,,,8,0,0.0000,False,,NODATA,25
kalba,2008-08-28,0,0,,,8,0,0.0000,False,,NODATA,25
kalba,2008-08-29,0,0,,,8,0,0.0000,False,,NODATA,25
kalba,2008-08-30,0,0,,,8,0,0.0000,False,,NODATA,25
kalba,2008-08-31,0,0,,,8,0,0.0000,False,,NODATA,25
kalba,2008-09-01,0,0,,,9,36,0.0000,False,,NODATA,25
kalba,2008-09-02,0,0,,,9,36,0.0000,False,,NODATA,25
kalba,2008-09-03,0,0,,,9,36,0.0000,False,,NODATA,25
kalba,2008-09-04,0,0,,,9,36,0.0000,False,,NODATA,25
kalba,2008-09-05,0,0,,,9,36,0.0000,False,,NODATA,25
kalba,2008-09-06,0,0,,,9,36,0.0000,False,,NODATA,25
kalba,2008-09-07,0,0,,,9,36,0.0000,False,,NODATA,25
kalba,2008-09-08,0,0,,,9,36,0.0000,False,,NODATA,25
kalba,2008-09-09,0,0,,,9,36,0.0000,False,,NODATA,25
kalba,2008-09-10,0,0,,,9,36,0.0000,False,,NODATA,25
kalba,2008-09-11,0,0,,,9,36,0.0000,False,,NODATA,25
kalba,2008-09-12,0,0,,,9,36,0.0000,False,,NODATA,25
kalba,2008-09-13,0,0,,,9,36,0.0000,False,,NODATA,25
kalba,2008-09-14,0,0,,,9,36,0.0000,False,,NODATA,25
kalba,2008-09-15,0,0,,,9,36,0.0000,False,,NODATA,25
kalba,2008-09-16,0,0,,,9,36,0.0000,False,,NODATA,25
kalba,2008-09-17,0,0,,,9,36,0.0000,False,,NODATA,25
kalba,2008-09-18,0,0,,,9,36,0.0000,False,,NODATA,25
kalba,2008-09-19,0,0,,,9,36,0.0000,False,,NODATA,25
kalba,2008-09-20,0,0,,,9,36,0.0000,False,,NODATA,25
kalba,2008-09-21,0,0,,,9,36,0.0000,False,,NODATA,25
kalba,2008-09-22,0,0,,,9,36,0.0000,False,,NODATA,25
kalba,2008-09-23,0,0,,,9,36,0.0000,False,,NODATA,25
kalba,2008-09-24,0,0,,,9,36,0.0000,False,,NODATA,25
kalba,2008-09-25,0,0,,,9,36,0.0000,False,,NODATA,25
kalba,2008-09-26,0,0,,,9,36,0.0000,False,,NODATA,25
kalba,2008-09-27,12,11,5.1016,0.2772,9,36,0.3333,True,0.9167,EXCEED,25
kalba,2008-09-28,0,0,,,9,36,0.0000,False,,NODATA,25
kalba,2008-09-29,0,0,,,9,36,0.0000,False,,NODATA,25
kalba,2008-09-30,0,0,,,9,36,0.0000,False,,NODATA,25
kalba,2008-10-01,0,0,,,10,47,0.0000,False,,NODATA,25
kalba,2008-10-02,0,0,,,10,47,0.0000,False,,NODATA,25
kalba,2008-10-03,0,0,,,10,47,0.0000,False,,NODATA,25
kalba,2008-10-04,0,0,,,10,47,0.0000,False,,NODATA,25
kalba,2008-10-05,0,0,,,10,47,0.0000,False,,NODATA,25
kalba,2008-10-06,12,0,-0.1662,-0.5485,10,47,0.2553,True,0.0000,QUIET,25
kalba,2008-10-07,0,0,,,10,47,0.0000,False,,NODATA,25
kalba,2008-10-08,1,0,-0.7415,-0.5254,10,47,0.0213,False,,NODATA,25
kalba,2008-10-09,0,0,,,10,47,0.0000,False,,NODATA,25
kalba,2008-10-10,0,0,,,10,47,0.0000,False,,NODATA,25
kalba,2008-10-11,0,0,,,10,47,0.0000,False,,NODATA,25
kalba,2008-10-12,0,0,,,10,47,0.0000,False,,NODATA,25
kalba,2008-10-13,41,0,0.5799,-0.5440,10,47,0.8723,True,0.0000,QUIET,25
kalba,2008-10-14,0,0,,,10,47,0.0000,False,,NODATA,25
kalba,2008-10-15,0,0,,,10,47,0.0000,False,,NODATA,25
kalba,2008-10-16,0,0,,,10,47,0.0000,False,,NODATA,25
kalba,2008-10-17,0,0,,,10,47,0.0000,False,,NODATA,25
kalba,2008-10-18,0,0,,,10,47,0.0000,False,,NODATA,25
kalba,2008-10-19,0,0,,,10,47,0.0000,False,,NODATA,25
kalba,2008-10-20,38,1,2.0427,-0.1724,10,47,0.8085,True,0.0263,QUIET,25
kalba,2008-10-21,0,0,,,10,47,0.0000,False,,NODATA,25
kalba,2008-10-22,33,0,1.6456,-0.0655,10,47,0.7021,True,0.0000,QUIET,25
kalba,2008-10-23,0,0,,,10,47,0.0000,False,,NODATA,25
kalba,2008-10-24,35,0,1.4359,-0.2092,10,47,0.7447,True,0.0000,QUIET,25
kalba,2008-10-25,0,0,,,10,47,0.0000,False,,NODATA,25
kalba,2008-10-26,0,0,,,10,47,0.0000,False,,NODATA,25
kalba,2008-10-27,0,0,,,10,47,0.0000,False,,NODATA,25
kalba,2008-10-28,0,0,,,10,47,0.0000,False,,NODATA,25
kalba,2008-10-29,35,0,1.8768,-0.1535,10,47,0.7447,True,0.0000,QUIET,25
kalba,2008-10-30,0,0,,,10,47,0.0000,False,,NODATA,25
kalba,2008-10-31,39,3,3.1408,-0.2702,10,47,0.8298,True,0.0769,QUIET,25
kalba,2008-11-01,0,0,,,11,47,0.0000,False,,NODATA,25
kalba,2008-11-02,34,0,-0.4050,-0.4013,11,47,0.7234,True,0.0000,QUIET,25
kalba,2008-11-03,20,0,0.4438,-0.1131,11,47,0.4255,True,0.0000,QUIET,25
kalba,2008-11-04,1,0,-0.7150,-0.3007,11,47,0.0213,False,,NODATA,25
kalba,2008-11-05,41,4,2.9913,-0.1356,11,47,0.8723,True,0.0976,QUIET,25
kalba,2008-11-06,0,0,,,11,47,0.0000,False,,NODATA,25
kalba,2008-11-07,43,1,2.3352,-0.0448,11,47,0.9149,True,0.0233,QUIET,25
kalba,2008-11-08,0,0,,,11,47,0.0000,False,,NODATA,25
kalba,2008-11-09,38,0,1.2544,-0.1474,11,47,0.8085,True,0.0000,QUIET,25
kalba,2008-11-10,0,0,,,11,47,0.0000,False,,NODATA,25
kalba,2008-11-11,13,0,0.8366,-0.0305,11,47,0.2766,True,0.0000,QUIET,25
kalba,2008-11-12,2,0,0.2155,0.0484,11,47,0.0426,False,,NODATA,25
kalba,2008-11-13,0,0,,,11,47,0.0000,False,,NODATA,25
kalba,2008-11-14,4,0,1.7981,0.5242,11,47,0.0851,False,,NODATA,25
kalba,2008-11-15,0,0,,,11,47,0.0000,False,,NODATA,25
kalba,2008-11-16,0,0,,,11,47,0.0000,False,,NODATA,25
kalba,2008-11-17,0,0,,,11,47,0.0000,False,,NODATA,25
kalba,2008-11-18,10,1,2.3728,0.2018,11,47,0.2128,True,0.1000,QUIET,25
kalba,2008-11-19,24,21,3.8341,1.1527,11,47,0.5106,True,0.8750,EXCEED,25
kalba,2008-11-20,17,0,1.8649,0.1671,11,47,0.3617,True,0.0000,QUIET,25
kalba,2008-11-21,28,15,3.9066,0.9660,11,47,0.5957,True,0.5357,ALERT,25
kalba,2008-11-22,0,0,,,11,47,0.0000,False,,NODATA,25
kalba,2008-11-23,37,12,3.4601,0.6327,11,47,0.7872,True,0.3243,ALERT,25
kalba,2008-11-24,0,0,,,11,47,0.0000,False,,NODATA,25
kalba,2008-11-25,2,0,0.3954,0.1908,11,47,0.0426,False,,NODATA,25
kalba,2008-11-26,0,0,,,11,47,0.0000,False,,NODATA,25
kalba,2008-11-27,0,0,,,11,47,0.0000,False,,NODATA,25
kalba,2008-11-28,0,0,,,11,47,0.0000,False,,NODATA,25
kalba,2008-11-29,0,0,,,11,47,0.0000,False,,NODATA,25
kalba,2008-11-30,9,6,2.9768,1.1824,11,47,0.1915,True,0.6667,ALERT,25
kalba,2008-12-01,0,0,,,12,47,0.0000,False,,NODATA,25
kalba,2008-12-02,0,0,,,12,47,0.0000,False,,NODATA,25
kalba,2008-12-03,0,0,,,12,47,0.0000,False,,NODATA,25
kalba,2008-12-04,0,0,,,12,47,0.0000,False,,NODATA,25
kalba,2008-12-05,14,7,2.9326,0.9276,12,47,0.2979,True,0.5000,ALERT,25
kalba,2008-12-06,0,0,,,12,47,0.0000,False,,NODATA,25
kalba,2008-12-07,41,5,3.8783,0.4303,12,47,0.8723,True,0.1220,QUIET,25
kalba,2008-12-08,2,0,1.2903,0.4394,12,47,0.0426,False,,NODATA,25
kalba,2008-12-09,42,11,2.7406,0.4991,12,47,0.8936,True,0.2619,QUIET,25
kalba,2008-12-10,0,0,,,12,47,0.0000,False,,NODATA,25
kalba,2008-12-11,32,4,2.4933,0.3065,12,47,0.6809,True,0.1250,QUIET,25
kalba,2008-12-12,0,0,,,12,47,0.0000,False,,NODATA,25
kalba,2008-12-13,0,0,,,12,47,0.0000,False,,NODATA,25
kalba,2008-12-14,0,0,,,12,47,0.0000,False,,NODATA,25
kalba,2008-12-15,0,0,,,12,47,0.0000,False,,NODATA,25
kalba,2008-12-16,0,0,,,12,47,0.0000,False,,NODATA,25
kalba,2008-12-17,0,0,,,12,47,0.0000,False,,NODATA,25
kalba,2008-12-18,42,3,2.8589,0.3335,12,47,0.8936,True,0.0714,QUIET,25
kalba,2008-12-19,0,0,,,12,47,0.0000,False,,NODATA,25
kalba,2008-12-20,39,2,3.0499,0.1598,12,47,0.8298,True,0.0513,QUIET,25
kalba,2008-12-21,28,10,3.9419,0.4186,12,47,0.5957,True,0.3571,EXCEED,25
kalba,2008-12-22,30,0,0.4909,-0.0533,12,47,0.6383,True,0.0000,QUIET,25
kalba,2008-12-23,40,5,4.2114,0.3857,12,47,0.8511,True,0.1250,QUIET,25
kalba,2008-12-24,16,1,3.0502,0.2405,12,47,0.3404,True,0.0625,QUIET,25
kalba,2008-12-25,47,4,2.8247,0.4573,12,47,1.0000,True,0.0851,QUIET,25
kalba,2008-12-26,0,0,,,12,47,0.0000,False,,NODATA,25
kalba,2008-12-27,45,4,3.1573,0.3306,12,47,0.9574,True,0.0889,QUIET,25
kalba,2008-12-28,0,0,,,12,47,0.0000,False,,NODATA,25
kalba,2008-12-29,0,0,,,12,47,0.0000,False,,NODATA,25
kalba,2008-12-30,0,0,,,12,47,0.0000,False,,NODATA,25
kalba,2008-12-31,0,0,,,12,47,0.0000,False,,NODATA,25
kalba,2009-01-01,8,8,4.4013,1.4515,1,47,0.1702,True,1.0000,EXCEED,25
kalba,2009-01-02,0,0,,,1,47,0.0000,False,,NODATA,25
kalba,2009-01-03,0,0,,,1,47,0.0000,False,,NODATA,25
kalba,2009-01-04,0,0,,,1,47,0.0000,False,,NODATA,25
kalba,2009-01-05,9,1,2.5368,0.6352,1,47,0.1915,True,0.1111,QUIET,25
kalba,2009-01-06,0,0,,,1,47,0.0000,False,,NODATA,25
kalba,2009-01-07,26,0,0.2525,-0.0108,1,47,0.5532,True,0.0000,QUIET,25
kalba,2009-01-08,0,0,,,1,47,0.0000,False,,NODATA,25
kalba,2009-01-09,0,0,,,1,47,0.0000,False,,NODATA,25
kalba,2009-01-10,0,0,,,1,47,0.0000,False,,NODATA,25
kalba,2009-01-11,0,0,,,1,47,0.0000,False,,NODATA,25
kalba,2009-01-12,0,0,,,1,47,0.0000,False,,NODATA,25
kalba,2009-01-13,0,0,,,1,47,0.0000,False,,NODATA,25
kalba,2009-01-14,0,0,,,1,47,0.0000,False,,NODATA,25
kalba,2009-01-15,4,0,-0.7858,-0.2045,1,47,0.0851,False,,NODATA,25
kalba,2009-01-16,0,0,,,1,47,0.0000,False,,NODATA,25
kalba,2009-01-17,23,0,0.6680,0.0697,1,47,0.4894,True,0.0000,QUIET,25
kalba,2009-01-18,0,0,,,1,47,0.0000,False,,NODATA,25
kalba,2009-01-19,0,0,,,1,47,0.0000,False,,NODATA,25
kalba,2009-01-20,0,0,,,1,47,0.0000,False,,NODATA,25
kalba,2009-01-21,39,0,-0.5839,-0.1593,1,47,0.8298,True,0.0000,QUIET,25
kalba,2009-01-22,0,0,,,1,47,0.0000,False,,NODATA,25
kalba,2009-01-23,0,0,,,1,47,0.0000,False,,NODATA,25
kalba,2009-01-24,0,0,,,1,47,0.0000,False,,NODATA,25
kalba,2009-01-25,0,0,,,1,47,0.0000,False,,NODATA,25
kalba,2009-01-26,47,0,-0.4677,-0.0889,1,47,1.0000,True,0.0000,QUIET,25
kalba,2009-01-27,0,0,,,1,47,0.0000,False,,NODATA,25
kalba,2009-01-28,37,0,0.5071,0.0001,1,47,0.7872,True,0.0000,QUIET,25
kalba,2009-01-29,17,0,1.6525,0.2191,1,47,0.3617,True,0.0000,QUIET,25
kalba,2009-01-30,37,0,-0.3652,-0.1105,1,47,0.7872,True,0.0000,QUIET,25
kalba,2009-01-31,36,0,0.6289,0.0465,1,47,0.7660,True,0.0000,QUIET,25
kalba,2009-02-01,0,0,,,2,44,0.0000,False,,NODATA,25
kalba,2009-02-02,0,0,,,2,44,0.0000,False,,NODATA,25
kalba,2009-02-03,0,0,,,2,44,0.0000,False,,NODATA,25
kalba,2009-02-04,39,0,1.0794,0.0831,2,44,0.8864,True,0.0000,QUIET,25
kalba,2009-02-05,0,0,,,2,44,0.0000,False,,NODATA,25
kalba,2009-02-06,0,0,,,2,44,0.0000,False,,NODATA,25
kalba,2009-02-07,0,0,,,2,44,0.0000,False,,NODATA,25
kalba,2009-02-08,0,0,,,2,44,0.0000,False,,NODATA,25
kalba,2009-02-09,0,0,,,2,44,0.0000,False,,NODATA,25
kalba,2009-02-10,0,0,,,2,44,0.0000,False,,NODATA,25
kalba,2009-02-11,0,0,,,2,44,0.0000,False,,NODATA,25
kalba,2009-02-12,0,0,,,2,44,0.0000,False,,NODATA,25
kalba,2009-02-13,0,0,,,2,44,0.0000,False,,NODATA,25
kalba,2009-02-14,0,0,,,2,44,0.0000,False,,NODATA,25
kalba,2009-02-15,0,0,,,2,44,0.0000,False,,NODATA,25
kalba,2009-02-16,0,0,,,2,44,0.0000,False,,NODATA,25
kalba,2009-02-17,0,0,,,2,44,0.0000,False,,NODATA,25
kalba,2009-02-18,0,0,,,2,44,0.0000,False,,NODATA,25
kalba,2009-02-19,0,0,,,2,44,0.0000,False,,NODATA,25
kalba,2009-02-20,16,0,1.9011,1.3684,2,44,0.3636,True,0.0000,QUIET,25
kalba,2009-02-21,0,0,,,2,44,0.0000,False,,NODATA,25
kalba,2009-02-22,0,0,,,2,44,0.0000,False,,NODATA,25
kalba,2009-02-23,0,0,,,2,44,0.0000,False,,NODATA,25
kalba,2009-02-24,0,0,,,2,44,0.0000,False,,NODATA,25
kalba,2009-02-25,27,0,0.5689,0.4871,2,44,0.6136,True,0.0000,QUIET,25
kalba,2009-02-26,0,0,,,2,44,0.0000,False,,NODATA,25
kalba,2009-02-27,43,0,0.6852,0.3012,2,44,0.9773,True,0.0000,QUIET,25
kalba,2009-02-28,0,0,,,2,44,0.0000,False,,NODATA,25
kalba,2009-03-01,1,0,-1.2427,-0.3581,3,44,0.0227,False,,NODATA,25
kalba,2009-03-02,0,0,,,3,44,0.0000,False,,NODATA,25
kalba,2009-03-03,0,0,,,3,44,0.0000,False,,NODATA,25
kalba,2009-03-04,19,0,-0.3902,-0.1074,3,44,0.4318,True,0.0000,QUIET,25
kalba,2009-03-05,0,0,,,3,44,0.0000,False,,NODATA,25
kalba,2009-03-06,29,1,2.3035,0.7381,3,44,0.6591,True,0.0345,QUIET,25
kalba,2009-03-07,0,0,,,3,44,0.0000,False,,NODATA,25
kalba,2009-03-08,22,0,-0.7583,-0.3337,3,44,0.5000,True,0.0000,QUIET,25
kalba,2009-03-09,0,0,,,3,44,0.0000,False,,NODATA,25
kalba,2009-03-10,0,0,,,3,44,0.0000,False,,NODATA,25
kalba,2009-03-11,0,0,,,3,44,0.0000,False,,NODATA,25
kalba,2009-03-12,0,0,,,3,44,0.0000,False,,NODATA,25
kalba,2009-03-13,0,0,,,3,44,0.0000,False,,NODATA,25
kalba,2009-03-14,0,0,,,3,44,0.0000,False,,NODATA,25
kalba,2009-03-15,0,0,,,3,44,0.0000,False,,NODATA,25
kalba,2009-03-16,0,0,,,3,44,0.0000,False,,NODATA,25
kalba,2009-03-17,0,0,,,3,44,0.0000,False,,NODATA,25
kalba,2009-03-18,0,0,,,3,44,0.0000,False,,NODATA,25
kalba,2009-03-19,0,0,,,3,44,0.0000,False,,NODATA,25
kalba,2009-03-20,0,0,,,3,44,0.0000,False,,NODATA,25
kalba,2009-03-21,0,0,,,3,44,0.0000,False,,NODATA,25
kalba,2009-03-22,1,0,-0.6817,0.1172,3,44,0.0227,False,,NODATA,25
kalba,2009-03-23,0,0,,,3,44,0.0000,False,,NODATA,25
kalba,2009-03-24,0,0,,,3,44,0.0000,False,,NODATA,25
kalba,2009-03-25,0,0,,,3,44,0.0000,False,,NODATA,25
kalba,2009-03-26,0,0,,,3,44,0.0000,False,,NODATA,25
kalba,2009-03-27,0,0,,,3,44,0.0000,False,,NODATA,25
kalba,2009-03-28,0,0,,,3,44,0.0000,False,,NODATA,25
kalba,2009-03-29,0,0,,,3,44,0.0000,False,,NODATA,25
kalba,2009-03-30,0,0,,,3,44,0.0000,False,,NODATA,25
kalba,2009-03-31,0,0,,,3,44,0.0000,False,,NODATA,25
kalba,2009-04-01,0,0,,,4,39,0.0000,False,,NODATA,25
kalba,2009-04-02,0,0,,,4,39,0.0000,False,,NODATA,25
kalba,2009-04-03,0,0,,,4,39,0.0000,False,,NODATA,25
kalba,2009-04-04,0,0,,,4,39,0.0000,False,,NODATA,25
kalba,2009-04-05,7,2,2.0217,0.5061,4,39,0.1795,True,0.2857,QUIET,25
kalba,2009-04-06,10,0,1.6078,0.0221,4,39,0.2564,True,0.0000,QUIET,25
kalba,2009-04-07,9,1,2.1970,-0.1431,4,39,0.2308,True,0.1111,QUIET,25
kalba,2009-04-08,0,0,,,4,39,0.0000,False,,NODATA,25
kalba,2009-04-09,0,0,,,4,39,0.0000,False,,NODATA,25
kalba,2009-04-10,0,0,,,4,39,0.0000,False,,NODATA,25
kalba,2009-04-11,0,0,,,4,39,0.0000,False,,NODATA,25
kalba,2009-04-12,0,0,,,4,39,0.0000,False,,NODATA,25
kalba,2009-04-13,0,0,,,4,39,0.0000,False,,NODATA,25
kalba,2009-04-14,0,0,,,4,39,0.0000,False,,NODATA,25
kalba,2009-04-15,0,0,,,4,39,0.0000,False,,NODATA,25
kalba,2009-04-16,0,0,,,4,39,0.0000,False,,NODATA,25
kalba,2009-04-17,0,0,,,4,39,0.0000,False,,NODATA,25
kalba,2009-04-18,0,0,,,4,39,0.0000,False,,NODATA,25
kalba,2009-04-19,0,0,,,4,39,0.0000,False,,NODATA,25
kalba,2009-04-20,0,0,,,4,39,0.0000,False,,NODATA,25
kalba,2009-04-21,0,0,,,4,39,0.0000,False,,NODATA,25
kalba,2009-04-22,14,0,-0.5855,-0.3683,4,39,0.3590,True,0.0000,QUIET,25
kalba,2009-04-23,39,0,0.9487,-0.3451,4,39,1.0000,True,0.0000,QUIET,25
kalba,2009-04-24,0,0,,,4,39,0.0000,False,,NODATA,25
kalba,2009-04-25,0,0,,,4,39,0.0000,False,,NODATA,25
kalba,2009-04-26,0,0,,,4,39,0.0000,False,,NODATA,25
kalba,2009-04-27,0,0,,,4,39,0.0000,False,,NODATA,25
kalba,2009-04-28,0,0,,,4,39,0.0000,False,,NODATA,25
kalba,2009-04-29,0,0,,,4,39,0.0000,False,,NODATA,25
kalba,2009-04-30,0,0,,,4,39,0.0000,False,,NODATA,25
kalba,2009-05-01,0,0,,,5,22,0.0000,False,,NODATA,25
kalba,2009-05-02,0,0,,,5,22,0.0000,False,,NODATA,25
kalba,2009-05-03,0,0,,,5,22,0.0000,False,,NODATA,25
kalba,2009-05-04,0,0,,,5,22,0.0000,False,,NODATA,25
kalba,2009-05-05,0,0,,,5,22,0.0000,False,,NODATA,25
kalba,2009-05-06,0,0,,,5,22,0.0000,False,,NODATA,25
kalba,2009-05-07,0,0,,,5,22,0.0000,False,,NODATA,25
kalba,2009-05-08,0,0,,,5,22,0.0000,False,,NODATA,25
kalba,2009-05-09,0,0,,,5,22,0.0000,False,,NODATA,25
kalba,2009-05-10,0,0,,,5,22,0.0000,False,,NODATA,25
kalba,2009-05-11,0,0,,,5,22,0.0000,False,,NODATA,25
kalba,2009-05-12,0,0,,,5,22,0.0000,False,,NODATA,25
kalba,2009-05-13,0,0,,,5,22,0.0000,False,,NODATA,25
kalba,2009-05-14,0,0,,,5,22,0.0000,False,,NODATA,25
kalba,2009-05-15,0,0,,,5,22,0.0000,False,,NODATA,25
kalba,2009-05-16,0,0,,,5,22,0.0000,False,,NODATA,25
kalba,2009-05-17,0,0,,,5,22,0.0000,False,,NODATA,25
kalba,2009-05-18,0,0,,,5,22,0.0000,False,,NODATA,25
kalba,2009-05-19,0,0,,,5,22,0.0000,False,,NODATA,25
kalba,2009-05-20,0,0,,,5,22,0.0000,False,,NODATA,25
kalba,2009-05-21,0,0,,,5,22,0.0000,False,,NODATA,25
kalba,2009-05-22,20,0,1.9402,-0.7629,5,22,0.9091,True,0.0000,QUIET,25
kalba,2009-05-23,19,2,2.3898,-0.6321,5,22,0.8636,True,0.1053,QUIET,25
kalba,2009-05-24,11,0,-0.2507,-0.7365,5,22,0.5000,True,0.0000,QUIET,25
kalba,2009-05-25,17,0,-0.3138,-0.8027,5,22,0.7727,True,0.0000,QUIET,25
kalba,2009-05-26,0,0,,,5,22,0.0000,False,,NODATA,25
kalba,2009-05-27,0,0,,,5,22,0.0000,False,,NODATA,25
kalba,2009-05-28,0,0,,,5,22,0.0000,False,,NODATA,25
kalba,2009-05-29,0,0,,,5,22,0.0000,False,,NODATA,25
kalba,2009-05-30,0,0,,,5,22,0.0000,False,,NODATA,25
kalba,2009-05-31,0,0,,,5,22,0.0000,False,,NODATA,25
kalba,2009-06-01,6,4,11.7758,0.0751,6,8,0.7500,True,0.6667,EXCEED,25
kalba,2009-06-02,0,0,,,6,8,0.0000,False,,NODATA,25
kalba,2009-06-03,0,0,,,6,8,0.0000,False,,NODATA,25
kalba,2009-06-04,0,0,,,6,8,0.0000,False,,NODATA,25
kalba,2009-06-05,0,0,,,6,8,0.0000,False,,NODATA,25
kalba,2009-06-06,0,0,,,6,8,0.0000,False,,NODATA,25
kalba,2009-06-07,0,0,,,6,8,0.0000,False,,NODATA,25
kalba,2009-06-08,0,0,,,6,8,0.0000,False,,NODATA,25
kalba,2009-06-09,0,0,,,6,8,0.0000,False,,NODATA,25
kalba,2009-06-10,0,0,,,6,8,0.0000,False,,NODATA,25
kalba,2009-06-11,0,0,,,6,8,0.0000,False,,NODATA,25
kalba,2009-06-12,0,0,,,6,8,0.0000,False,,NODATA,25
kalba,2009-06-13,0,0,,,6,8,0.0000,False,,NODATA,25
kalba,2009-06-14,0,0,,,6,8,0.0000,False,,NODATA,25
kalba,2009-06-15,0,0,,,6,8,0.0000,False,,NODATA,25
kalba,2009-06-16,0,0,,,6,8,0.0000,False,,NODATA,25
kalba,2009-06-17,0,0,,,6,8,0.0000,False,,NODATA,25
kalba,2009-06-18,0,0,,,6,8,0.0000,False,,NODATA,25
kalba,2009-06-19,0,0,,,6,8,0.0000,False,,NODATA,25
kalba,2009-06-20,0,0,,,6,8,0.0000,False,,NODATA,25
kalba,2009-06-21,0,0,,,6,8,0.0000,False,,NODATA,25
kalba,2009-06-22,0,0,,,6,8,0.0000,False,,NODATA,25
kalba,2009-06-23,0,0,,,6,8,0.0000,False,,NODATA,25
kalba,2009-06-24,0,0,,,6,8,0.0000,False,,NODATA,25
kalba,2009-06-25,0,0,,,6,8,0.0000,False,,NODATA,25
kalba,2009-06-26,0,0,,,6,8,0.0000,False,,NODATA,25
kalba,2009-06-27,0,0,,,6,8,0.0000,False,,NODATA,25
kalba,2009-06-28,0,0,,,6,8,0.0000,False,,NODATA,25
kalba,2009-06-29,0,0,,,6,8,0.0000,False,,NODATA,25
kalba,2009-06-30,0,0,,,6,8,0.0000,False,,NODATA,25
kalba,2009-07-01,0,0,,,7,0,0.0000,False,,NODATA,25
kalba,2009-07-02,0,0,,,7,0,0.0000,False,,NODATA,25
kalba,2009-07-03,0,0,,,7,0,0.0000,False,,NODATA,25
kalba,2009-07-04,0,0,,,7,0,0.0000,False,,NODATA,25
kalba,2009-07-05,0,0,,,7,0,0.0000,False,,NODATA,25
kalba,2009-07-06,0,0,,,7,0,0.0000,False,,NODATA,25
kalba,2009-07-07,0,0,,,7,0,0.0000,False,,NODATA,25
kalba,2009-07-08,0,0,,,7,0,0.0000,False,,NODATA,25
kalba,2009-07-09,0,0,,,7,0,0.0000,False,,NODATA,25
kalba,2009-07-10,0,0,,,7,0,0.0000,False,,NODATA,25
kalba,2009-07-11,0,0,,,7,0,0.0000,False,,NODATA,25
kalba,2009-07-12,0,0,,,7,0,0.0000,False,,NODATA,25
kalba,2009-07-13,0,0,,,7,0,0.0000,False,,NODATA,25
kalba,2009-07-14,0,0,,,7,0,0.0000,False,,NODATA,25
kalba,2009-07-15,0,0,,,7,0,0.0000,False,,NODATA,25
kalba,2009-07-16,0,0,,,7,0,0.0000,False,,NODATA,25
kalba,2009-07-17,0,0,,,7,0,0.0000,False,,NODATA,25
kalba,2009-07-18,0,0,,,7,0,0.0000,False,,NODATA,25
kalba,2009-07-19,0,0,,,7,0,0.0000,False,,NODATA,25
kalba,2009-07-20,0,0,,,7,0,0.0000,False,,NODATA,25
kalba,2009-07-21,0,0,,,7,0,0.0000,False,,NODATA,25
kalba,2009-07-22,0,0,,,7,0,0.0000,False,,NODATA,25
kalba,2009-07-23,0,0,,,7,0,0.0000,False,,NODATA,25
kalba,2009-07-24,0,0,,,7,0,0.0000,False,,NODATA,25
kalba,2009-07-25,0,0,,,7,0,0.0000,False,,NODATA,25
kalba,2009-07-26,0,0,,,7,0,0.0000,False,,NODATA,25
kalba,2009-07-27,0,0,,,7,0,0.0000,False,,NODATA,25
kalba,2009-07-28,0,0,,,7,0,0.0000,False,,NODATA,25
kalba,2009-07-29,0,0,,,7,0,0.0000,False,,NODATA,25
kalba,2009-07-30,0,0,,,7,0,0.0000,False,,NODATA,25
kalba,2009-07-31,0,0,,,7,0,0.0000,False,,NODATA,25
kalba,2009-08-01,0,0,,,8,0,0.0000,False,,NODATA,25
kalba,2009-08-02,0,0,,,8,0,0.0000,False,,NODATA,25
kalba,2009-08-03,0,0,,,8,0,0.0000,False,,NODATA,25
kalba,2009-08-04,0,0,,,8,0,0.0000,False,,NODATA,25
kalba,2009-08-05,0,0,,,8,0,0.0000,False,,NODATA,25
kalba,2009-08-06,0,0,,,8,0,0.0000,False,,NODATA,25
kalba,2009-08-07,0,0,,,8,0,0.0000,False,,NODATA,25
kalba,2009-08-08,0,0,,,8,0,0.0000,False,,NODATA,25
kalba,2009-08-09,0,0,,,8,0,0.0000,False,,NODATA,25
kalba,2009-08-10,0,0,,,8,0,0.0000,False,,NODATA,25
kalba,2009-08-11,0,0,,,8,0,0.0000,False,,NODATA,25
kalba,2009-08-12,0,0,,,8,0,0.0000,False,,NODATA,25
kalba,2009-08-13,0,0,,,8,0,0.0000,False,,NODATA,25
kalba,2009-08-14,0,0,,,8,0,0.0000,False,,NODATA,25
kalba,2009-08-15,0,0,,,8,0,0.0000,False,,NODATA,25
kalba,2009-08-16,0,0,,,8,0,0.0000,False,,NODATA,25
kalba,2009-08-17,0,0,,,8,0,0.0000,False,,NODATA,25
kalba,2009-08-18,0,0,,,8,0,0.0000,False,,NODATA,25
kalba,2009-08-19,0,0,,,8,0,0.0000,False,,NODATA,25
kalba,2009-08-20,0,0,,,8,0,0.0000,False,,NODATA,25
kalba,2009-08-21,0,0,,,8,0,0.0000,False,,NODATA,25
kalba,2009-08-22,0,0,,,8,0,0.0000,False,,NODATA,25
kalba,2009-08-23,0,0,,,8,0,0.0000,False,,NODATA,25
kalba,2009-08-24,0,0,,,8,0,0.0000,False,,NODATA,25
kalba,2009-08-25,0,0,,,8,0,0.0000,False,,NODATA,25
kalba,2009-08-26,0,0,,,8,0,0.0000,False,,NODATA,25
kalba,2009-08-27,0,0,,,8,0,0.0000,False,,NODATA,25
kalba,2009-08-28,0,0,,,8,0,0.0000,False,,NODATA,25
kalba,2009-08-29,0,0,,,8,0,0.0000,False,,NODATA,25
kalba,2009-08-30,0,0,,,8,0,0.0000,False,,NODATA,25
kalba,2009-08-31,0,0,,,8,0,0.0000,False,,NODATA,25
kalba,2009-09-01,0,0,,,9,36,0.0000,False,,NODATA,25
kalba,2009-09-02,0,0,,,9,36,0.0000,False,,NODATA,25
kalba,2009-09-03,0,0,,,9,36,0.0000,False,,NODATA,25
kalba,2009-09-04,0,0,,,9,36,0.0000,False,,NODATA,25
kalba,2009-09-05,0,0,,,9,36,0.0000,False,,NODATA,25
kalba,2009-09-06,0,0,,,9,36,0.0000,False,,NODATA,25
kalba,2009-09-07,0,0,,,9,36,0.0000,False,,NODATA,25
kalba,2009-09-08,0,0,,,9,36,0.0000,False,,NODATA,25
kalba,2009-09-09,0,0,,,9,36,0.0000,False,,NODATA,25
kalba,2009-09-10,0,0,,,9,36,0.0000,False,,NODATA,25
kalba,2009-09-11,0,0,,,9,36,0.0000,False,,NODATA,25
kalba,2009-09-12,0,0,,,9,36,0.0000,False,,NODATA,25
kalba,2009-09-13,0,0,,,9,36,0.0000,False,,NODATA,25
kalba,2009-09-14,0,0,,,9,36,0.0000,False,,NODATA,25
kalba,2009-09-15,0,0,,,9,36,0.0000,False,,NODATA,25
kalba,2009-09-16,0,0,,,9,36,0.0000,False,,NODATA,25
kalba,2009-09-17,0,0,,,9,36,0.0000,False,,NODATA,25
kalba,2009-09-18,0,0,,,9,36,0.0000,False,,NODATA,25
kalba,2009-09-19,0,0,,,9,36,0.0000,False,,NODATA,25
kalba,2009-09-20,0,0,,,9,36,0.0000,False,,NODATA,25
kalba,2009-09-21,0,0,,,9,36,0.0000,False,,NODATA,25
kalba,2009-09-22,0,0,,,9,36,0.0000,False,,NODATA,25
kalba,2009-09-23,0,0,,,9,36,0.0000,False,,NODATA,25
kalba,2009-09-24,0,0,,,9,36,0.0000,False,,NODATA,25
kalba,2009-09-25,0,0,,,9,36,0.0000,False,,NODATA,25
kalba,2009-09-26,0,0,,,9,36,0.0000,False,,NODATA,25
kalba,2009-09-27,0,0,,,9,36,0.0000,False,,NODATA,25
kalba,2009-09-28,0,0,,,9,36,0.0000,False,,NODATA,25
kalba,2009-09-29,0,0,,,9,36,0.0000,False,,NODATA,25
kalba,2009-09-30,30,0,-0.0610,-0.5611,9,36,0.8333,True,0.0000,QUIET,25
kalba,2009-10-01,0,0,,,10,47,0.0000,False,,NODATA,25
kalba,2009-10-02,37,0,0.9628,-0.3882,10,47,0.7872,True,0.0000,QUIET,25
kalba,2009-10-03,0,0,,,10,47,0.0000,False,,NODATA,25
kalba,2009-10-04,0,0,,,10,47,0.0000,False,,NODATA,25
kalba,2009-10-05,0,0,,,10,47,0.0000,False,,NODATA,25
kalba,2009-10-06,0,0,,,10,47,0.0000,False,,NODATA,25
kalba,2009-10-07,0,0,,,10,47,0.0000,False,,NODATA,25
kalba,2009-10-08,0,0,,,10,47,0.0000,False,,NODATA,25
kalba,2009-10-09,0,0,,,10,47,0.0000,False,,NODATA,25
kalba,2009-10-10,0,0,,,10,47,0.0000,False,,NODATA,25
kalba,2009-10-11,0,0,,,10,47,0.0000,False,,NODATA,25
kalba,2009-10-12,0,0,,,10,47,0.0000,False,,NODATA,25
kalba,2009-10-13,0,0,,,10,47,0.0000,False,,NODATA,25
kalba,2009-10-14,0,0,,,10,47,0.0000,False,,NODATA,25
kalba,2009-10-15,0,0,,,10,47,0.0000,False,,NODATA,25
kalba,2009-10-16,0,0,,,10,47,0.0000,False,,NODATA,25
kalba,2009-10-17,0,0,,,10,47,0.0000,False,,NODATA,25
kalba,2009-10-18,0,0,,,10,47,0.0000,False,,NODATA,25
kalba,2009-10-19,0,0,,,10,47,0.0000,False,,NODATA,25
kalba,2009-10-20,0,0,,,10,47,0.0000,False,,NODATA,25
kalba,2009-10-21,0,0,,,10,47,0.0000,False,,NODATA,25
kalba,2009-10-22,0,0,,,10,47,0.0000,False,,NODATA,25
kalba,2009-10-23,28,0,0.5812,-0.3821,10,47,0.5957,True,0.0000,QUIET,25
kalba,2009-10-24,0,0,,,10,47,0.0000,False,,NODATA,25
kalba,2009-10-25,24,0,0.0212,-0.3494,10,47,0.5106,True,0.0000,QUIET,25
kalba,2009-10-26,0,0,,,10,47,0.0000,False,,NODATA,25
kalba,2009-10-27,30,0,-0.4591,-0.4770,10,47,0.6383,True,0.0000,QUIET,25
kalba,2009-10-28,0,0,,,10,47,0.0000,False,,NODATA,25
kalba,2009-10-29,0,0,,,10,47,0.0000,False,,NODATA,25
kalba,2009-10-30,0,0,,,10,47,0.0000,False,,NODATA,25
kalba,2009-10-31,0,0,,,10,47,0.0000,False,,NODATA,25
kalba,2009-11-01,37,0,0.9488,-0.3044,11,47,0.7872,True,0.0000,QUIET,25
kalba,2009-11-02,0,0,,,11,47,0.0000,False,,NODATA,25
kalba,2009-11-03,26,0,0.1887,-0.4615,11,47,0.5532,True,0.0000,QUIET,25
kalba,2009-11-04,0,0,,,11,47,0.0000,False,,NODATA,25
kalba,2009-11-05,0,0,,,11,47,0.0000,False,,NODATA,25
kalba,2009-11-06,27,0,0.3827,-0.0899,11,47,0.5745,True,0.0000,QUIET,25
kalba,2009-11-07,4,0,-0.3392,-0.3606,11,47,0.0851,False,,NODATA,25
kalba,2009-11-08,37,0,-0.1749,-0.1282,11,47,0.7872,True,0.0000,QUIET,25
kalba,2009-11-09,0,0,,,11,47,0.0000,False,,NODATA,25
kalba,2009-11-10,41,5,3.6966,0.3563,11,47,0.8723,True,0.1220,QUIET,25
kalba,2009-11-11,0,0,,,11,47,0.0000,False,,NODATA,25
kalba,2009-11-12,46,0,0.7841,0.0187,11,47,0.9787,True,0.0000,QUIET,25
kalba,2009-11-13,26,0,1.3349,0.2927,11,47,0.5532,True,0.0000,QUIET,25
kalba,2009-11-14,34,0,0.0376,-0.0709,11,47,0.7234,True,0.0000,QUIET,25
kalba,2009-11-15,35,0,1.7560,0.2425,11,47,0.7447,True,0.0000,QUIET,25
kalba,2009-11-16,0,0,,,11,47,0.0000,False,,NODATA,25
kalba,2009-11-17,41,0,1.3271,0.0417,11,47,0.8723,True,0.0000,QUIET,25
kalba,2009-11-18,0,0,,,11,47,0.0000,False,,NODATA,25
kalba,2009-11-19,46,0,1.2337,-0.0378,11,47,0.9787,True,0.0000,QUIET,25
kalba,2009-11-20,0,0,,,11,47,0.0000,False,,NODATA,25
kalba,2009-11-21,0,0,,,11,47,0.0000,False,,NODATA,25
kalba,2009-11-22,0,0,,,11,47,0.0000,False,,NODATA,25
kalba,2009-11-23,0,0,,,11,47,0.0000,False,,NODATA,25
kalba,2009-11-24,0,0,,,11,47,0.0000,False,,NODATA,25
kalba,2009-11-25,0,0,,,11,47,0.0000,False,,NODATA,25
kalba,2009-11-26,47,6,2.7687,0.6088,11,47,1.0000,True,0.1277,QUIET,25
kalba,2009-11-27,0,0,,,11,47,0.0000,False,,NODATA,25
kalba,2009-11-28,8,0,0.5060,0.3409,11,47,0.1702,True,0.0000,QUIET,25
kalba,2009-11-29,0,0,,,11,47,0.0000,False,,NODATA,25
kalba,2009-11-30,0,0,,,11,47,0.0000,False,,NODATA,25
kalba,2009-12-01,19,0,1.6948,-0.0155,12,47,0.4043,True,0.0000,QUIET,25
kalba,2009-12-02,0,0,,,12,47,0.0000,False,,NODATA,25
kalba,2009-12-03,0,0,,,12,47,0.0000,False,,NODATA,25
kalba,2009-12-04,0,0,,,12,47,0.0000,False,,NODATA,25
kalba,2009-12-05,47,0,-0.6120,-0.1833,12,47,1.0000,True,0.0000,QUIET,25
kalba,2009-12-06,0,0,,,12,47,0.0000,False,,NODATA,25
kalba,2009-12-07,0,0,,,12,47,0.0000,False,,NODATA,25
kalba,2009-12-08,0,0,,,12,47,0.0000,False,,NODATA,25
kalba,2009-12-09,0,0,,,12,47,0.0000,False,,NODATA,25
kalba,2009-12-10,39,0,-0.7626,-0.1665,12,47,0.8298,True,0.0000,QUIET,25
kalba,2009-12-11,0,0,,,12,47,0.0000,False,,NODATA,25
kalba,2009-12-12,0,0,,,12,47,0.0000,False,,NODATA,25
kalba,2009-12-13,0,0,,,12,47,0.0000,False,,NODATA,25
kalba,2009-12-14,44,0,-0.7112,-0.3114,12,47,0.9362,True,0.0000,QUIET,25
kalba,2009-12-15,25,0,-0.0172,-0.0995,12,47,0.5319,True,0.0000,QUIET,25
kalba,2009-12-16,36,0,-0.5011,-0.1024,12,47,0.7660,True,0.0000,QUIET,25
kalba,2009-12-17,34,0,-0.4052,-0.1215,12,47,0.7234,True,0.0000,QUIET,25
kalba,2009-12-18,0,0,,,12,47,0.0000,False,,NODATA,25
kalba,2009-12-19,0,0,,,12,47,0.0000,False,,NODATA,25
kalba,2009-12-20,0,0,,,12,47,0.0000,False,,NODATA,25
kalba,2009-12-21,26,5,3.7445,0.4816,12,47,0.5532,True,0.1923,QUIET,25
kalba,2009-12-22,0,0,,,12,47,0.0000,False,,NODATA,25
kalba,2009-12-23,41,1,5.7927,0.1759,12,47,0.8723,True,0.0244,QUIET,25
kalba,2009-12-24,34,0,0.4043,-0.0045,12,47,0.7234,True,0.0000,QUIET,25
kalba,2009-12-25,7,0,-0.0233,-0.0660,12,47,0.1489,True,0.0000,QUIET,25
kalba,2009-12-26,0,0,,,12,47,0.0000,False,,NODATA,25
kalba,2009-12-27,0,0,,,12,47,0.0000,False,,NODATA,25
kalba,2009-12-28,17,0,0.2723,-0.1146,12,47,0.3617,True,0.0000,QUIET,25
kalba,2009-12-29,0,0,,,12,47,0.0000,False,,NODATA,25
kalba,2009-12-30,33,0,-0.4742,-0.2034,12,47,0.7021,True,0.0000,QUIET,25
kalba,2009-12-31,0,0,,,12,47,0.0000,False,,NODATA,25
kalba,2010-01-01,32,0,0.8404,0.0020,1,47,0.6809,True,0.0000,QUIET,25
kalba,2010-01-02,10,0,-0.4977,-0.1230,1,47,0.2128,True,0.0000,QUIET,25
kalba,2010-01-03,27,0,-0.2171,-0.1328,1,47,0.5745,True,0.0000,QUIET,25
kalba,2010-01-04,46,0,0.2682,-0.0328,1,47,0.9787,True,0.0000,QUIET,25
kalba,2010-01-05,0,0,,,1,47,0.0000,False,,NODATA,25
kalba,2010-01-06,47,0,1.3714,-0.0846,1,47,1.0000,True,0.0000,QUIET,25
kalba,2010-01-07,0,0,,,1,47,0.0000,False,,NODATA,25
kalba,2010-01-08,39,0,1.5154,0.0674,1,47,0.8298,True,0.0000,QUIET,25
kalba,2010-01-09,26,13,4.6234,0.8380,1,47,0.5532,True,0.5000,EXCEED,25
kalba,2010-01-10,1,0,-1.0137,-0.2749,1,47,0.0213,False,,NODATA,25
kalba,2010-01-11,43,1,2.2925,0.2399,1,47,0.9149,True,0.0233,QUIET,25
kalba,2010-01-12,14,0,0.3806,0.1373,1,47,0.2979,True,0.0000,QUIET,25
kalba,2010-01-13,47,0,1.9877,0.1037,1,47,1.0000,True,0.0000,QUIET,25
kalba,2010-01-14,0,0,,,1,47,0.0000,False,,NODATA,25
kalba,2010-01-15,47,0,1.8981,0.0572,1,47,1.0000,True,0.0000,QUIET,25
kalba,2010-01-16,18,0,1.8195,0.1390,1,47,0.3830,True,0.0000,QUIET,25
kalba,2010-01-17,28,3,2.5834,0.3403,1,47,0.5957,True,0.1071,QUIET,25
kalba,2010-01-18,6,3,4.3452,1.2460,1,47,0.1277,True,0.5000,EXCEED,25
kalba,2010-01-19,8,0,1.5227,0.2631,1,47,0.1702,True,0.0000,QUIET,25
kalba,2010-01-20,29,21,4.7418,1.2412,1,47,0.6170,True,0.7241,ALERT,25
kalba,2010-01-21,0,0,,,1,47,0.0000,False,,NODATA,25
kalba,2010-01-22,25,25,4.5280,1.4162,1,47,0.5319,True,1.0000,ALERT,25
kalba,2010-01-23,0,0,,,1,47,0.0000,False,,NODATA,25
kalba,2010-01-24,28,5,3.0825,0.5059,1,47,0.5957,True,0.1786,QUIET,25
kalba,2010-01-25,0,0,,,1,47,0.0000,False,,NODATA,25
kalba,2010-01-26,0,0,,,1,47,0.0000,False,,NODATA,25
kalba,2010-01-27,0,0,,,1,47,0.0000,False,,NODATA,25
kalba,2010-01-28,0,0,,,1,47,0.0000,False,,NODATA,25
kalba,2010-01-29,47,8,4.3508,0.1853,1,47,1.0000,True,0.1702,QUIET,25
kalba,2010-01-30,0,0,,,1,47,0.0000,False,,NODATA,25
kalba,2010-01-31,15,8,4.8877,1.1300,1,47,0.3191,True,0.5333,EXCEED,25
kalba,2010-02-01,0,0,,,2,44,0.0000,False,,NODATA,25
kalba,2010-02-02,0,0,,,2,44,0.0000,False,,NODATA,25
kalba,2010-02-03,0,0,,,2,44,0.0000,False,,NODATA,25
kalba,2010-02-04,0,0,,,2,44,0.0000,False,,NODATA,25
kalba,2010-02-05,0,0,,,2,44,0.0000,False,,NODATA,25
kalba,2010-02-06,0,0,,,2,44,0.0000,False,,NODATA,25
kalba,2010-02-07,0,0,,,2,44,0.0000,False,,NODATA,25
kalba,2010-02-08,0,0,,,2,44,0.0000,False,,NODATA,25
kalba,2010-02-09,0,0,,,2,44,0.0000,False,,NODATA,25
kalba,2010-02-10,0,0,,,2,44,0.0000,False,,NODATA,25
kalba,2010-02-11,0,0,,,2,44,0.0000,False,,NODATA,25
kalba,2010-02-12,0,0,,,2,44,0.0000,False,,NODATA,25
kalba,2010-02-13,0,0,,,2,44,0.0000,False,,NODATA,25
kalba,2010-02-14,44,0,1.0975,0.4409,2,44,1.0000,True,0.0000,QUIET,25
kalba,2010-02-15,0,0,,,2,44,0.0000,False,,NODATA,25
kalba,2010-02-16,44,1,2.1263,0.3987,2,44,1.0000,True,0.0227,QUIET,25
kalba,2010-02-17,0,0,,,2,44,0.0000,False,,NODATA,25
kalba,2010-02-18,36,0,-0.0624,-0.0820,2,44,0.8182,True,0.0000,QUIET,25
kalba,2010-02-19,14,0,0.4294,0.4099,2,44,0.3182,True,0.0000,QUIET,25
kalba,2010-02-20,0,0,,,2,44,0.0000,False,,NODATA,25
kalba,2010-02-21,0,0,,,2,44,0.0000,False,,NODATA,25
kalba,2010-02-22,0,0,,,2,44,0.0000,False,,NODATA,25
kalba,2010-02-23,0,0,,,2,44,0.0000,False,,NODATA,25
kalba,2010-02-24,0,0,,,2,44,0.0000,False,,NODATA,25
kalba,2010-02-25,19,0,1.8651,1.0751,2,44,0.4318,True,0.0000,QUIET,25
kalba,2010-02-26,0,0,,,2,44,0.0000,False,,NODATA,25
kalba,2010-02-27,0,0,,,2,44,0.0000,False,,NODATA,25
kalba,2010-02-28,0,0,,,2,44,0.0000,False,,NODATA,25
kalba,2010-03-01,0,0,,,3,44,0.0000,False,,NODATA,25
kalba,2010-03-02,0,0,,,3,44,0.0000,False,,NODATA,25
kalba,2010-03-03,0,0,,,3,44,0.0000,False,,NODATA,25
kalba,2010-03-04,40,0,1.5263,-0.0929,3,44,0.9091,True,0.0000,QUIET,25
kalba,2010-03-05,0,0,,,3,44,0.0000,False,,NODATA,25
kalba,2010-03-06,0,0,,,3,44,0.0000,False,,NODATA,25
kalba,2010-03-07,0,0,,,3,44,0.0000,False,,NODATA,25
kalba,2010-03-08,0,0,,,3,44,0.0000,False,,NODATA,25
kalba,2010-03-09,0,0,,,3,44,0.0000,False,,NODATA,25
kalba,2010-03-10,0,0,,,3,44,0.0000,False,,NODATA,25
kalba,2010-03-11,0,0,,,3,44,0.0000,False,,NODATA,25
kalba,2010-03-12,0,0,,,3,44,0.0000,False,,NODATA,25
kalba,2010-03-13,37,1,2.4031,0.4062,3,44,0.8409,True,0.0270,QUIET,25
kalba,2010-03-14,18,0,1.9025,0.4114,3,44,0.4091,True,0.0000,QUIET,25
kalba,2010-03-15,16,0,0.2773,0.3183,3,44,0.3636,True,0.0000,QUIET,25
kalba,2010-03-16,39,0,1.8021,0.1951,3,44,0.8864,True,0.0000,QUIET,25
kalba,2010-03-17,2,0,-0.8420,0.0112,3,44,0.0455,False,,NODATA,25
kalba,2010-03-18,44,0,0.0989,-0.0520,3,44,1.0000,True,0.0000,QUIET,25
kalba,2010-03-19,0,0,,,3,44,0.0000,False,,NODATA,25
kalba,2010-03-20,0,0,,,3,44,0.0000,False,,NODATA,25
kalba,2010-03-21,13,0,-0.1152,0.1797,3,44,0.2955,True,0.0000,QUIET,25
kalba,2010-03-22,0,0,,,3,44,0.0000,False,,NODATA,25
kalba,2010-03-23,0,0,,,3,44,0.0000,False,,NODATA,25
kalba,2010-03-24,0,0,,,3,44,0.0000,False,,NODATA,25
kalba,2010-03-25,0,0,,,3,44,0.0000,False,,NODATA,25
kalba,2010-03-26,0,0,,,3,44,0.0000,False,,NODATA,25
kalba,2010-03-27,0,0,,,3,44,0.0000,False,,NODATA,25
kalba,2010-03-28,0,0,,,3,44,0.0000,False,,NODATA,25
kalba,2010-03-29,0,0,,,3,44,0.0000,False,,NODATA,25
kalba,2010-03-30,0,0,,,3,44,0.0000,False,,NODATA,25
kalba,2010-03-31,0,0,,,3,44,0.0000,False,,NODATA,25
kalba,2010-04-01,0,0,,,4,39,0.0000,False,,NODATA,25
kalba,2010-04-02,0,0,,,4,39,0.0000,False,,NODATA,25
kalba,2010-04-03,32,0,0.3522,-0.2368,4,39,0.8205,True,0.0000,QUIET,25
kalba,2010-04-04,0,0,,,4,39,0.0000,False,,NODATA,25
kalba,2010-04-05,0,0,,,4,39,0.0000,False,,NODATA,25
kalba,2010-04-06,0,0,,,4,39,0.0000,False,,NODATA,25
kalba,2010-04-07,0,0,,,4,39,0.0000,False,,NODATA,25
kalba,2010-04-08,0,0,,,4,39,0.0000,False,,NODATA,25
kalba,2010-04-09,0,0,,,4,39,0.0000,False,,NODATA,25
kalba,2010-04-10,0,0,,,4,39,0.0000,False,,NODATA,25
kalba,2010-04-11,0,0,,,4,39,0.0000,False,,NODATA,25
kalba,2010-04-12,0,0,,,4,39,0.0000,False,,NODATA,25
kalba,2010-04-13,0,0,,,4,39,0.0000,False,,NODATA,25
kalba,2010-04-14,0,0,,,4,39,0.0000,False,,NODATA,25
kalba,2010-04-15,21,0,-0.2494,-0.4004,4,39,0.5385,True,0.0000,QUIET,25
kalba,2010-04-16,0,0,,,4,39,0.0000,False,,NODATA,25
kalba,2010-04-17,0,0,,,4,39,0.0000,False,,NODATA,25
kalba,2010-04-18,0,0,,,4,39,0.0000,False,,NODATA,25
kalba,2010-04-19,0,0,,,4,39,0.0000,False,,NODATA,25
kalba,2010-04-20,0,0,,,4,39,0.0000,False,,NODATA,25
kalba,2010-04-21,0,0,,,4,39,0.0000,False,,NODATA,25
kalba,2010-04-22,0,0,,,4,39,0.0000,False,,NODATA,25
kalba,2010-04-23,0,0,,,4,39,0.0000,False,,NODATA,25
kalba,2010-04-24,0,0,,,4,39,0.0000,False,,NODATA,25
kalba,2010-04-25,0,0,,,4,39,0.0000,False,,NODATA,25
kalba,2010-04-26,0,0,,,4,39,0.0000,False,,NODATA,25
kalba,2010-04-27,0,0,,,4,39,0.0000,False,,NODATA,25
kalba,2010-04-28,0,0,,,4,39,0.0000,False,,NODATA,25
kalba,2010-04-29,0,0,,,4,39,0.0000,False,,NODATA,25
kalba,2010-04-30,0,0,,,4,39,0.0000,False,,NODATA,25
kalba,2010-05-01,0,0,,,5,22,0.0000,False,,NODATA,25
kalba,2010-05-02,0,0,,,5,22,0.0000,False,,NODATA,25
kalba,2010-05-03,0,0,,,5,22,0.0000,False,,NODATA,25
kalba,2010-05-04,0,0,,,5,22,0.0000,False,,NODATA,25
kalba,2010-05-05,0,0,,,5,22,0.0000,False,,NODATA,25
kalba,2010-05-06,0,0,,,5,22,0.0000,False,,NODATA,25
kalba,2010-05-07,0,0,,,5,22,0.0000,False,,NODATA,25
kalba,2010-05-08,0,0,,,5,22,0.0000,False,,NODATA,25
kalba,2010-05-09,0,0,,,5,22,0.0000,False,,NODATA,25
kalba,2010-05-10,21,0,0.0691,-0.7035,5,22,0.9545,True,0.0000,QUIET,25
kalba,2010-05-11,0,0,,,5,22,0.0000,False,,NODATA,25
kalba,2010-05-12,0,0,,,5,22,0.0000,False,,NODATA,25
kalba,2010-05-13,0,0,,,5,22,0.0000,False,,NODATA,25
kalba,2010-05-14,0,0,,,5,22,0.0000,False,,NODATA,25
kalba,2010-05-15,0,0,,,5,22,0.0000,False,,NODATA,25
kalba,2010-05-16,0,0,,,5,22,0.0000,False,,NODATA,25
kalba,2010-05-17,0,0,,,5,22,0.0000,False,,NODATA,25
kalba,2010-05-18,0,0,,,5,22,0.0000,False,,NODATA,25
kalba,2010-05-19,0,0,,,5,22,0.0000,False,,NODATA,25
kalba,2010-05-20,0,0,,,5,22,0.0000,False,,NODATA,25
kalba,2010-05-21,0,0,,,5,22,0.0000,False,,NODATA,25
kalba,2010-05-22,0,0,,,5,22,0.0000,False,,NODATA,25
kalba,2010-05-23,0,0,,,5,22,0.0000,False,,NODATA,25
kalba,2010-05-24,0,0,,,5,22,0.0000,False,,NODATA,25
kalba,2010-05-25,0,0,,,5,22,0.0000,False,,NODATA,25
kalba,2010-05-26,0,0,,,5,22,0.0000,False,,NODATA,25
kalba,2010-05-27,0,0,,,5,22,0.0000,False,,NODATA,25
kalba,2010-05-28,0,0,,,5,22,0.0000,False,,NODATA,25
kalba,2010-05-29,0,0,,,5,22,0.0000,False,,NODATA,25
kalba,2010-05-30,0,0,,,5,22,0.0000,False,,NODATA,25
kalba,2010-05-31,0,0,,,5,22,0.0000,False,,NODATA,25
kalba,2010-06-01,0,0,,,6,8,0.0000,False,,NODATA,25
kalba,2010-06-02,0,0,,,6,8,0.0000,False,,NODATA,25
kalba,2010-06-03,0,0,,,6,8,0.0000,False,,NODATA,25
kalba,2010-06-04,0,0,,,6,8,0.0000,False,,NODATA,25
kalba,2010-06-05,0,0,,,6,8,0.0000,False,,NODATA,25
kalba,2010-06-06,0,0,,,6,8,0.0000,False,,NODATA,25
kalba,2010-06-07,0,0,,,6,8,0.0000,False,,NODATA,25
kalba,2010-06-08,0,0,,,6,8,0.0000,False,,NODATA,25
kalba,2010-06-09,0,0,,,6,8,0.0000,False,,NODATA,25
kalba,2010-06-10,0,0,,,6,8,0.0000,False,,NODATA,25
kalba,2010-06-11,0,0,,,6,8,0.0000,False,,NODATA,25
kalba,2010-06-12,0,0,,,6,8,0.0000,False,,NODATA,25
kalba,2010-06-13,0,0,,,6,8,0.0000,False,,NODATA,25
kalba,2010-06-14,0,0,,,6,8,0.0000,False,,NODATA,25
kalba,2010-06-15,0,0,,,6,8,0.0000,False,,NODATA,25
kalba,2010-06-16,0,0,,,6,8,0.0000,False,,NODATA,25
kalba,2010-06-17,0,0,,,6,8,0.0000,False,,NODATA,25
kalba,2010-06-18,0,0,,,6,8,0.0000,False,,NODATA,25
kalba,2010-06-19,0,0,,,6,8,0.0000,False,,NODATA,25
kalba,2010-06-20,0,0,,,6,8,0.0000,False,,NODATA,25
kalba,2010-06-21,0,0,,,6,8,0.0000,False,,NODATA,25
kalba,2010-06-22,0,0,,,6,8,0.0000,False,,NODATA,25
kalba,2010-06-23,0,0,,,6,8,0.0000,False,,NODATA,25
kalba,2010-06-24,0,0,,,6,8,0.0000,False,,NODATA,25
kalba,2010-06-25,0,0,,,6,8,0.0000,False,,NODATA,25
kalba,2010-06-26,0,0,,,6,8,0.0000,False,,NODATA,25
kalba,2010-06-27,0,0,,,6,8,0.0000,False,,NODATA,25
kalba,2010-06-28,0,0,,,6,8,0.0000,False,,NODATA,25
kalba,2010-06-29,0,0,,,6,8,0.0000,False,,NODATA,25
kalba,2010-06-30,0,0,,,6,8,0.0000,False,,NODATA,25
kalba,2010-07-01,0,0,,,7,0,0.0000,False,,NODATA,25
kalba,2010-07-02,0,0,,,7,0,0.0000,False,,NODATA,25
kalba,2010-07-03,0,0,,,7,0,0.0000,False,,NODATA,25
kalba,2010-07-04,0,0,,,7,0,0.0000,False,,NODATA,25
kalba,2010-07-05,0,0,,,7,0,0.0000,False,,NODATA,25
kalba,2010-07-06,0,0,,,7,0,0.0000,False,,NODATA,25
kalba,2010-07-07,0,0,,,7,0,0.0000,False,,NODATA,25
kalba,2010-07-08,0,0,,,7,0,0.0000,False,,NODATA,25
kalba,2010-07-09,0,0,,,7,0,0.0000,False,,NODATA,25
kalba,2010-07-10,0,0,,,7,0,0.0000,False,,NODATA,25
kalba,2010-07-11,0,0,,,7,0,0.0000,False,,NODATA,25
kalba,2010-07-12,0,0,,,7,0,0.0000,False,,NODATA,25
kalba,2010-07-13,0,0,,,7,0,0.0000,False,,NODATA,25
kalba,2010-07-14,0,0,,,7,0,0.0000,False,,NODATA,25
kalba,2010-07-15,0,0,,,7,0,0.0000,False,,NODATA,25
kalba,2010-07-16,0,0,,,7,0,0.0000,False,,NODATA,25
kalba,2010-07-17,0,0,,,7,0,0.0000,False,,NODATA,25
kalba,2010-07-18,0,0,,,7,0,0.0000,False,,NODATA,25
kalba,2010-07-19,0,0,,,7,0,0.0000,False,,NODATA,25
kalba,2010-07-20,0,0,,,7,0,0.0000,False,,NODATA,25
kalba,2010-07-21,0,0,,,7,0,0.0000,False,,NODATA,25
kalba,2010-07-22,0,0,,,7,0,0.0000,False,,NODATA,25
kalba,2010-07-23,0,0,,,7,0,0.0000,False,,NODATA,25
kalba,2010-07-24,0,0,,,7,0,0.0000,False,,NODATA,25
kalba,2010-07-25,0,0,,,7,0,0.0000,False,,NODATA,25
kalba,2010-07-26,0,0,,,7,0,0.0000,False,,NODATA,25
kalba,2010-07-27,0,0,,,7,0,0.0000,False,,NODATA,25
kalba,2010-07-28,0,0,,,7,0,0.0000,False,,NODATA,25
kalba,2010-07-29,0,0,,,7,0,0.0000,False,,NODATA,25
kalba,2010-07-30,0,0,,,7,0,0.0000,False,,NODATA,25
kalba,2010-07-31,0,0,,,7,0,0.0000,False,,NODATA,25
kalba,2010-08-01,0,0,,,8,0,0.0000,False,,NODATA,25
kalba,2010-08-02,0,0,,,8,0,0.0000,False,,NODATA,25
kalba,2010-08-03,0,0,,,8,0,0.0000,False,,NODATA,25
kalba,2010-08-04,0,0,,,8,0,0.0000,False,,NODATA,25
kalba,2010-08-05,0,0,,,8,0,0.0000,False,,NODATA,25
kalba,2010-08-06,0,0,,,8,0,0.0000,False,,NODATA,25
kalba,2010-08-07,0,0,,,8,0,0.0000,False,,NODATA,25
kalba,2010-08-08,0,0,,,8,0,0.0000,False,,NODATA,25
kalba,2010-08-09,0,0,,,8,0,0.0000,False,,NODATA,25
kalba,2010-08-10,0,0,,,8,0,0.0000,False,,NODATA,25
kalba,2010-08-11,0,0,,,8,0,0.0000,False,,NODATA,25
kalba,2010-08-12,0,0,,,8,0,0.0000,False,,NODATA,25
kalba,2010-08-13,0,0,,,8,0,0.0000,False,,NODATA,25
kalba,2010-08-14,0,0,,,8,0,0.0000,False,,NODATA,25
kalba,2010-08-15,0,0,,,8,0,0.0000,False,,NODATA,25
kalba,2010-08-16,0,0,,,8,0,0.0000,False,,NODATA,25
kalba,2010-08-17,0,0,,,8,0,0.0000,False,,NODATA,25
kalba,2010-08-18,0,0,,,8,0,0.0000,False,,NODATA,25
kalba,2010-08-19,0,0,,,8,0,0.0000,False,,NODATA,25
kalba,2010-08-20,0,0,,,8,0,0.0000,False,,NODATA,25
kalba,2010-08-21,0,0,,,8,0,0.0000,False,,NODATA,25
kalba,2010-08-22,0,0,,,8,0,0.0000,False,,NODATA,25
kalba,2010-08-23,0,0,,,8,0,0.0000,False,,NODATA,25
kalba,2010-08-24,0,0,,,8,0,0.0000,False,,NODATA,25
kalba,2010-08-25,0,0,,,8,0,0.0000,False,,NODATA,25
kalba,2010-08-26,0,0,,,8,0,0.0000,False,,NODATA,25
kalba,2010-08-27,0,0,,,8,0,0.0000,False,,NODATA,25
kalba,2010-08-28,0,0,,,8,0,0.0000,False,,NODATA,25
kalba,2010-08-29,0,0,,,8,0,0.0000,False,,NODATA,25
kalba,2010-08-30,0,0,,,8,0,0.0000,False,,NODATA,25
kalba,2010-08-31,0,0,,,8,0,0.0000,False,,NODATA,25
kalba,2010-09-01,0,0,,,9,36,0.0000,False,,NODATA,25
kalba,2010-09-02,0,0,,,9,36,0.0000,False,,NODATA,25
kalba,2010-09-03,0,0,,,9,36,0.0000,False,,NODATA,25
kalba,2010-09-04,0,0,,,9,36,0.0000,False,,NODATA,25
kalba,2010-09-05,0,0,,,9,36,0.0000,False,,NODATA,25
kalba,2010-09-06,0,0,,,9,36,0.0000,False,,NODATA,25
kalba,2010-09-07,0,0,,,9,36,0.0000,False,,NODATA,25
kalba,2010-09-08,36,1,2.0381,-0.3272,9,36,1.0000,True,0.0278,QUIET,25
kalba,2010-09-09,0,0,,,9,36,0.0000,False,,NODATA,25
kalba,2010-09-10,31,0,1.8324,-0.2555,9,36,0.8611,True,0.0000,QUIET,25
kalba,2010-09-11,0,0,,,9,36,0.0000,False,,NODATA,25
kalba,2010-09-12,0,0,,,9,36,0.0000,False,,NODATA,25
kalba,2010-09-13,0,0,,,9,36,0.0000,False,,NODATA,25
kalba,2010-09-14,0,0,,,9,36,0.0000,False,,NODATA,25
kalba,2010-09-15,0,0,,,9,36,0.0000,False,,NODATA,25
kalba,2010-09-16,0,0,,,9,36,0.0000,False,,NODATA,25
kalba,2010-09-17,0,0,,,9,36,0.0000,False,,NODATA,25
kalba,2010-09-18,0,0,,,9,36,0.0000,False,,NODATA,25
kalba,2010-09-19,0,0,,,9,36,0.0000,False,,NODATA,25
kalba,2010-09-20,0,0,,,9,36,0.0000,False,,NODATA,25
kalba,2010-09-21,0,0,,,9,36,0.0000,False,,NODATA,25
kalba,2010-09-22,0,0,,,9,36,0.0000,False,,NODATA,25
kalba,2010-09-23,0,0,,,9,36,0.0000,False,,NODATA,25
kalba,2010-09-24,34,0,0.2381,-0.6021,9,36,0.9444,True,0.0000,QUIET,25
kalba,2010-09-25,0,0,,,9,36,0.0000,False,,NODATA,25
kalba,2010-09-26,36,0,0.0604,-0.5583,9,36,1.0000,True,0.0000,QUIET,25
kalba,2010-09-27,0,0,,,9,36,0.0000,False,,NODATA,25
kalba,2010-09-28,0,0,,,9,36,0.0000,False,,NODATA,25
kalba,2010-09-29,0,0,,,9,36,0.0000,False,,NODATA,25
kalba,2010-09-30,0,0,,,9,36,0.0000,False,,NODATA,25
kalba,2010-10-01,36,0,-0.5511,-0.5394,10,47,0.7660,True,0.0000,QUIET,25
kalba,2010-10-02,0,0,,,10,47,0.0000,False,,NODATA,25
kalba,2010-10-03,46,0,-0.0618,-0.4960,10,47,0.9787,True,0.0000,QUIET,25
kalba,2010-10-04,0,0,,,10,47,0.0000,False,,NODATA,25
kalba,2010-10-05,0,0,,,10,47,0.0000,False,,NODATA,25
kalba,2010-10-06,0,0,,,10,47,0.0000,False,,NODATA,25
kalba,2010-10-07,0,0,,,10,47,0.0000,False,,NODATA,25
kalba,2010-10-08,0,0,,,10,47,0.0000,False,,NODATA,25
kalba,2010-10-09,0,0,,,10,47,0.0000,False,,NODATA,25
kalba,2010-10-10,15,0,0.2142,-0.4337,10,47,0.3191,True,0.0000,QUIET,25
kalba,2010-10-11,0,0,,,10,47,0.0000,False,,NODATA,25
kalba,2010-10-12,2,0,-0.1779,-0.5152,10,47,0.0426,False,,NODATA,25
kalba,2010-10-13,0,0,,,10,47,0.0000,False,,NODATA,25
kalba,2010-10-14,0,0,,,10,47,0.0000,False,,NODATA,25
kalba,2010-10-15,0,0,,,10,47,0.0000,False,,NODATA,25
kalba,2010-10-16,27,0,1.1074,-0.4368,10,47,0.5745,True,0.0000,QUIET,25
kalba,2010-10-17,37,0,1.3572,-0.3028,10,47,0.7872,True,0.0000,QUIET,25
kalba,2010-10-18,0,0,,,10,47,0.0000,False,,NODATA,25
kalba,2010-10-19,44,0,1.8564,-0.2051,10,47,0.9362,True,0.0000,QUIET,25
kalba,2010-10-20,0,0,,,10,47,0.0000,False,,NODATA,25
kalba,2010-10-21,46,0,0.8353,-0.4454,10,47,0.9787,True,0.0000,QUIET,25
kalba,2010-10-22,0,0,,,10,47,0.0000,False,,NODATA,25
kalba,2010-10-23,24,0,-0.1435,-0.4684,10,47,0.5106,True,0.0000,QUIET,25
kalba,2010-10-24,33,0,0.9696,-0.3736,10,47,0.7021,True,0.0000,QUIET,25
kalba,2010-10-25,30,0,0.0772,-0.6504,10,47,0.6383,True,0.0000,QUIET,25
kalba,2010-10-26,31,0,-0.0465,-0.5106,10,47,0.6596,True,0.0000,QUIET,25
kalba,2010-10-27,0,0,,,10,47,0.0000,False,,NODATA,25
kalba,2010-10-28,0,0,,,10,47,0.0000,False,,NODATA,25
kalba,2010-10-29,0,0,,,10,47,0.0000,False,,NODATA,25
kalba,2010-10-30,0,0,,,10,47,0.0000,False,,NODATA,25
kalba,2010-10-31,0,0,,,10,47,0.0000,False,,NODATA,25
kalba,2010-11-01,0,0,,,11,47,0.0000,False,,NODATA,25
kalba,2010-11-02,17,0,-0.6848,-0.4450,11,47,0.3617,True,0.0000,QUIET,25
kalba,2010-11-03,0,0,,,11,47,0.0000,False,,NODATA,25
kalba,2010-11-04,46,0,-0.2110,-0.3285,11,47,0.9787,True,0.0000,QUIET,25
kalba,2010-11-05,0,0,,,11,47,0.0000,False,,NODATA,25
kalba,2010-11-06,47,0,0.2666,-0.2006,11,47,1.0000,True,0.0000,QUIET,25
kalba,2010-11-07,0,0,,,11,47,0.0000,False,,NODATA,25
kalba,2010-11-08,0,0,,,11,47,0.0000,False,,NODATA,25
kalba,2010-11-09,0,0,,,11,47,0.0000,False,,NODATA,25
kalba,2010-11-10,0,0,,,11,47,0.0000,False,,NODATA,25
kalba,2010-11-11,27,0,0.4216,-0.2249,11,47,0.5745,True,0.0000,QUIET,25
kalba,2010-11-12,0,0,,,11,47,0.0000,False,,NODATA,25
kalba,2010-11-13,47,0,0.5208,-0.2704,11,47,1.0000,True,0.0000,QUIET,25
kalba,2010-11-14,0,0,,,11,47,0.0000,False,,NODATA,25
kalba,2010-11-15,0,0,,,11,47,0.0000,False,,NODATA,25
kalba,2010-11-16,0,0,,,11,47,0.0000,False,,NODATA,25
kalba,2010-11-17,35,0,0.1279,-0.0116,11,47,0.7447,True,0.0000,QUIET,25
kalba,2010-11-18,37,0,0.4972,0.0807,11,47,0.7872,True,0.0000,QUIET,25
kalba,2010-11-19,0,0,,,11,47,0.0000,False,,NODATA,25
kalba,2010-11-20,47,0,0.1292,-0.0445,11,47,1.0000,True,0.0000,QUIET,25
kalba,2010-11-21,0,0,,,11,47,0.0000,False,,NODATA,25
kalba,2010-11-22,47,0,-0.3350,-0.1638,11,47,1.0000,True,0.0000,QUIET,25
kalba,2010-11-23,0,0,,,11,47,0.0000,False,,NODATA,25
kalba,2010-11-24,39,0,-0.7580,-0.4172,11,47,0.8298,True,0.0000,QUIET,25
kalba,2010-11-25,32,0,0.2879,-0.0816,11,47,0.6809,True,0.0000,QUIET,25
kalba,2010-11-26,34,0,-0.0488,-0.2193,11,47,0.7234,True,0.0000,QUIET,25
kalba,2010-11-27,41,1,2.3144,0.0450,11,47,0.8723,True,0.0244,QUIET,25
kalba,2010-11-28,6,0,-0.3608,-0.2018,11,47,0.1277,True,0.0000,QUIET,25
kalba,2010-11-29,47,0,0.8012,-0.0362,11,47,1.0000,True,0.0000,QUIET,25
kalba,2010-11-30,0,0,,,11,47,0.0000,False,,NODATA,25
kalba,2010-12-01,47,0,-0.2072,-0.1636,12,47,1.0000,True,0.0000,QUIET,25
kalba,2010-12-02,26,0,0.4743,0.1817,12,47,0.5532,True,0.0000,QUIET,25
kalba,2010-12-03,35,0,-0.3994,-0.1923,12,47,0.7447,True,0.0000,QUIET,25
kalba,2010-12-04,37,6,2.8102,0.3105,12,47,0.7872,True,0.1622,QUIET,25
kalba,2010-12-05,26,0,1.9541,0.2404,12,47,0.5532,True,0.0000,QUIET,25
kalba,2010-12-06,47,11,3.1126,0.4157,12,47,1.0000,True,0.2340,QUIET,25
kalba,2010-12-07,0,0,,,12,47,0.0000,False,,NODATA,25
kalba,2010-12-08,46,1,3.2727,0.2474,12,47,0.9787,True,0.0217,QUIET,25
kalba,2010-12-09,0,0,,,12,47,0.0000,False,,NODATA,25
kalba,2010-12-10,38,0,0.4762,-0.0671,12,47,0.8085,True,0.0000,QUIET,25
kalba,2010-12-11,0,0,,,12,47,0.0000,False,,NODATA,25
kalba,2010-12-12,0,0,,,12,47,0.0000,False,,NODATA,25
kalba,2010-12-13,1,1,2.9894,1.2928,12,47,0.0213,False,,NODATA,25
kalba,2010-12-14,0,0,,,12,47,0.0000,False,,NODATA,25
kalba,2010-12-15,0,0,,,12,47,0.0000,False,,NODATA,25
kalba,2010-12-16,0,0,,,12,47,0.0000,False,,NODATA,25
kalba,2010-12-17,7,0,1.0242,0.2604,12,47,0.1489,True,0.0000,QUIET,25
kalba,2010-12-18,0,0,,,12,47,0.0000,False,,NODATA,25
kalba,2010-12-19,18,1,2.0253,0.2834,12,47,0.3830,True,0.0556,QUIET,25
kalba,2010-12-20,3,0,1.0445,0.5137,12,47,0.0638,False,,NODATA,25
kalba,2010-12-21,0,0,,,12,47,0.0000,False,,NODATA,25
kalba,2010-12-22,37,17,5.3356,0.8857,12,47,0.7872,True,0.4595,EXCEED,25
kalba,2010-12-23,0,0,,,12,47,0.0000,False,,NODATA,25
kalba,2010-12-24,35,16,7.8647,0.4731,12,47,0.7447,True,0.4571,ALERT,25
kalba,2010-12-25,0,0,,,12,47,0.0000,False,,NODATA,25
kalba,2010-12-26,0,0,,,12,47,0.0000,False,,NODATA,25
kalba,2010-12-27,0,0,,,12,47,0.0000,False,,NODATA,25
kalba,2010-12-28,0,0,,,12,47,0.0000,False,,NODATA,25
kalba,2010-12-29,37,19,4.3607,0.8946,12,47,0.7872,True,0.5135,ALERT,25
kalba,2010-12-30,9,2,2.0062,0.3522,12,47,0.1915,True,0.2222,QUIET,25
kalba,2010-12-31,47,17,4.6216,0.6288,12,47,1.0000,True,0.3617,ALERT,25
kalba,2011-01-01,0,0,,,1,47,0.0000,False,,NODATA,25
kalba,2011-01-02,35,10,3.6935,0.4012,1,47,0.7447,True,0.2857,QUIET,25
kalba,2011-01-03,0,0,,,1,47,0.0000,False,,NODATA,25
kalba,2011-01-04,0,0,,,1,47,0.0000,False,,NODATA,25
kalba,2011-01-05,0,0,,,1,47,0.0000,False,,NODATA,25
kalba,2011-01-06,0,0,,,1,47,0.0000,False,,NODATA,25
kalba,2011-01-07,46,8,3.5324,0.5900,1,47,0.9787,True,0.1739,QUIET,25
kalba,2011-01-08,0,0,,,1,47,0.0000,False,,NODATA,25
kalba,2011-01-09,39,3,2.8739,0.4480,1,47,0.8298,True,0.0769,QUIET,25
kalba,2011-01-10,0,0,,,1,47,0.0000,False,,NODATA,25
kalba,2011-01-11,0,0,,,1,47,0.0000,False,,NODATA,25
kalba,2011-01-12,0,0,,,1,47,0.0000,False,,NODATA,25
kalba,2011-01-13,8,0,-0.8239,-0.2720,1,47,0.1702,True,0.0000,QUIET,25
kalba,2011-01-14,0,0,,,1,47,0.0000,False,,NODATA,25
kalba,2011-01-15,0,0,,,1,47,0.0000,False,,NODATA,25
kalba,2011-01-16,0,0,,,1,47,0.0000,False,,NODATA,25
kalba,2011-01-17,0,0,,,1,47,0.0000,False,,NODATA,25
kalba,2011-01-18,0,0,,,1,47,0.0000,False,,NODATA,25
kalba,2011-01-19,0,0,,,1,47,0.0000,False,,NODATA,25
kalba,2011-01-20,0,0,,,1,47,0.0000,False,,NODATA,25
kalba,2011-01-21,0,0,,,1,47,0.0000,False,,NODATA,25
kalba,2011-01-22,0,0,,,1,47,0.0000,False,,NODATA,25
kalba,2011-01-23,0,0,,,1,47,0.0000,False,,NODATA,25
kalba,2011-01-24,0,0,,,1,47,0.0000,False,,NODATA,25
kalba,2011-01-25,47,1,2.6415,0.0502,1,47,1.0000,True,0.0213,QUIET,25
kalba,2011-01-26,0,0,,,1,47,0.0000,False,,NODATA,25
kalba,2011-01-27,37,7,2.9831,0.5337,1,47,0.7872,True,0.1892,QUIET,25
kalba,2011-01-28,0,0,,,1,47,0.0000,False,,NODATA,25
kalba,2011-01-29,29,2,3.7148,0.1948,1,47,0.6170,True,0.0690,QUIET,25
kalba,2011-01-30,19,19,5.2507,1.4453,1,47,0.4043,True,1.0000,EXCEED,25
kalba,2011-01-31,0,0,,,1,47,0.0000,False,,NODATA,25
kalba,2011-02-01,0,0,,,2,44,0.0000,False,,NODATA,25
kalba,2011-02-02,0,0,,,2,44,0.0000,False,,NODATA,25
kalba,2011-02-03,0,0,,,2,44,0.0000,False,,NODATA,25
kalba,2011-02-04,0,0,,,2,44,0.0000,False,,NODATA,25
kalba,2011-02-05,0,0,,,2,44,0.0000,False,,NODATA,25
kalba,2011-02-06,0,0,,,2,44,0.0000,False,,NODATA,25
kalba,2011-02-07,27,0,-0.8514,-0.1668,2,44,0.6136,True,0.0000,QUIET,25
kalba,2011-02-08,39,0,1.8652,0.5146,2,44,0.8864,True,0.0000,QUIET,25
kalba,2011-02-09,0,0,,,2,44,0.0000,False,,NODATA,25
kalba,2011-02-10,0,0,,,2,44,0.0000,False,,NODATA,25
kalba,2011-02-11,0,0,,,2,44,0.0000,False,,NODATA,25
kalba,2011-02-12,0,0,,,2,44,0.0000,False,,NODATA,25
kalba,2011-02-13,0,0,,,2,44,0.0000,False,,NODATA,25
kalba,2011-02-14,0,0,,,2,44,0.0000,False,,NODATA,25
kalba,2011-02-15,9,0,0.4626,0.6125,2,44,0.2045,True,0.0000,QUIET,25
kalba,2011-02-16,0,0,,,2,44,0.0000,False,,NODATA,25
kalba,2011-02-17,0,0,,,2,44,0.0000,False,,NODATA,25
kalba,2011-02-18,0,0,,,2,44,0.0000,False,,NODATA,25
kalba,2011-02-19,37,0,1.9192,0.1296,2,44,0.8409,True,0.0000,QUIET,25
kalba,2011-02-20,0,0,,,2,44,0.0000,False,,NODATA,25
kalba,2011-02-21,0,0,,,2,44,0.0000,False,,NODATA,25
kalba,2011-02-22,0,0,,,2,44,0.0000,False,,NODATA,25
kalba,2011-02-23,0,0,,,2,44,0.0000,False,,NODATA,25
kalba,2011-02-24,0,0,,,2,44,0.0000,False,,NODATA,25
kalba,2011-02-25,0,0,,,2,44,0.0000,False,,NODATA,25
kalba,2011-02-26,0,0,,,2,44,0.0000,False,,NODATA,25
kalba,2011-02-27,0,0,,,2,44,0.0000,False,,NODATA,25
kalba,2011-02-28,0,0,,,2,44,0.0000,False,,NODATA,25
kalba,2011-03-01,0,0,,,3,44,0.0000,False,,NODATA,25
kalba,2011-03-02,0,0,,,3,44,0.0000,False,,NODATA,25
kalba,2011-03-03,18,8,2.9324,1.2759,3,44,0.4091,True,0.4444,EXCEED,25
kalba,2011-03-04,0,0,,,3,44,0.0000,False,,NODATA,25
kalba,2011-03-05,0,0,,,3,44,0.0000,False,,NODATA,25
kalba,2011-03-06,0,0,,,3,44,0.0000,False,,NODATA,25
kalba,2011-03-07,0,0,,,3,44,0.0000,False,,NODATA,25
kalba,2011-03-08,0,0,,,3,44,0.0000,False,,NODATA,25
kalba,2011-03-09,0,0,,,3,44,0.0000,False,,NODATA,25
kalba,2011-03-10,0,0,,,3,44,0.0000,False,,NODATA,25
kalba,2011-03-11,0,0,,,3,44,0.0000,False,,NODATA,25
kalba,2011-03-12,44,4,2.7586,0.5108,3,44,1.0000,True,0.0909,QUIET,25
kalba,2011-03-13,0,0,,,3,44,0.0000,False,,NODATA,25
kalba,2011-03-14,29,0,1.3087,-0.0091,3,44,0.6591,True,0.0000,QUIET,25
kalba,2011-03-15,0,0,,,3,44,0.0000,False,,NODATA,25
kalba,2011-03-16,0,0,,,3,44,0.0000,False,,NODATA,25
kalba,2011-03-17,0,0,,,3,44,0.0000,False,,NODATA,25
kalba,2011-03-18,0,0,,,3,44,0.0000,False,,NODATA,25
kalba,2011-03-19,34,0,1.2458,0.1025,3,44,0.7727,True,0.0000,QUIET,25
kalba,2011-03-20,0,0,,,3,44,0.0000,False,,NODATA,25
kalba,2011-03-21,44,0,0.9644,0.0572,3,44,1.0000,True,0.0000,QUIET,25
kalba,2011-03-22,0,0,,,3,44,0.0000,False,,NODATA,25
kalba,2011-03-23,3,0,-0.4261,-0.2056,3,44,0.0682,False,,NODATA,25
kalba,2011-03-24,0,0,,,3,44,0.0000,False,,NODATA,25
kalba,2011-03-25,0,0,,,3,44,0.0000,False,,NODATA,25
kalba,2011-03-26,0,0,,,3,44,0.0000,False,,NODATA,25
kalba,2011-03-27,0,0,,,3,44,0.0000,False,,NODATA,25
kalba,2011-03-28,0,0,,,3,44,0.0000,False,,NODATA,25
kalba,2011-03-29,0,0,,,3,44,0.0000,False,,NODATA,25
kalba,2011-03-30,0,0,,,3,44,0.0000,False,,NODATA,25
kalba,2011-03-31,0,0,,,3,44,0.0000,False,,NODATA,25
kalba,2011-04-01,0,0,,,4,39,0.0000,False,,NODATA,25
kalba,2011-04-02,0,0,,,4,39,0.0000,False,,NODATA,25
kalba,2011-04-03,0,0,,,4,39,0.0000,False,,NODATA,25
kalba,2011-04-04,0,0,,,4,39,0.0000,False,,NODATA,25
kalba,2011-04-05,0,0,,,4,39,0.0000,False,,NODATA,25
kalba,2011-04-06,0,0,,,4,39,0.0000,False,,NODATA,25
kalba,2011-04-07,0,0,,,4,39,0.0000,False,,NODATA,25
kalba,2011-04-08,0,0,,,4,39,0.0000,False,,NODATA,25
kalba,2011-04-09,0,0,,,4,39,0.0000,False,,NODATA,25
kalba,2011-04-10,0,0,,,4,39,0.0000,False,,NODATA,25
kalba,2011-04-11,0,0,,,4,39,0.0000,False,,NODATA,25
kalba,2011-04-12,0,0,,,4,39,0.0000,False,,NODATA,25
kalba,2011-04-13,0,0,,,4,39,0.0000,False,,NODATA,25
kalba,2011-04-14,0,0,,,4,39,0.0000,False,,NODATA,25
kalba,2011-04-15,0,0,,,4,39,0.0000,False,,NODATA,25
kalba,2011-04-16,0,0,,,4,39,0.0000,False,,NODATA,25
kalba,2011-04-17,0,0,,,4,39,0.0000,False,,NODATA,25
kalba,2011-04-18,0,0,,,4,39,0.0000,False,,NODATA,25
kalba,2011-04-19,0,0,,,4,39,0.0000,False,,NODATA,25
kalba,2011-04-20,37,0,1.3346,-0.2095,4,39,0.9487,True,0.0000,QUIET,25
kalba,2011-04-21,0,0,,,4,39,0.0000,False,,NODATA,25
kalba,2011-04-22,0,0,,,4,39,0.0000,False,,NODATA,25
kalba,2011-04-23,0,0,,,4,39,0.0000,False,,NODATA,25
kalba,2011-04-24,0,0,,,4,39,0.0000,False,,NODATA,25
kalba,2011-04-25,0,0,,,4,39,0.0000,False,,NODATA,25
kalba,2011-04-26,0,0,,,4,39,0.0000,False,,NODATA,25
kalba,2011-04-27,0,0,,,4,39,0.0000,False,,NODATA,25
kalba,2011-04-28,0,0,,,4,39,0.0000,False,,NODATA,25
kalba,2011-04-29,0,0,,,4,39,0.0000,False,,NODATA,25
kalba,2011-04-30,0,0,,,4,39,0.0000,False,,NODATA,25
kalba,2011-05-01,0,0,,,5,22,0.0000,False,,NODATA,25
kalba,2011-05-02,0,0,,,5,22,0.0000,False,,NODATA,25
kalba,2011-05-03,0,0,,,5,22,0.0000,False,,NODATA,25
kalba,2011-05-04,0,0,,,5,22,0.0000,False,,NODATA,25
kalba,2011-05-05,0,0,,,5,22,0.0000,False,,NODATA,25
kalba,2011-05-06,0,0,,,5,22,0.0000,False,,NODATA,25
kalba,2011-05-07,0,0,,,5,22,0.0000,False,,NODATA,25
kalba,2011-05-08,0,0,,,5,22,0.0000,False,,NODATA,25
kalba,2011-05-09,0,0,,,5,22,0.0000,False,,NODATA,25
kalba,2011-05-10,0,0,,,5,22,0.0000,False,,NODATA,25
kalba,2011-05-11,0,0,,,5,22,0.0000,False,,NODATA,25
kalba,2011-05-12,0,0,,,5,22,0.0000,False,,NODATA,25
kalba,2011-05-13,0,0,,,5,22,0.0000,False,,NODATA,25
kalba,2011-05-14,0,0,,,5,22,0.0000,False,,NODATA,25
kalba,2011-05-15,0,0,,,5,22,0.0000,False,,NODATA,25
kalba,2011-05-16,0,0,,,5,22,0.0000,False,,NODATA,25
kalba,2011-05-17,0,0,,,5,22,0.0000,False,,NODATA,25
kalba,2011-05-18,0,0,,,5,22,0.0000,False,,NODATA,25
kalba,2011-05-19,0,0,,,5,22,0.0000,False,,NODATA,25
kalba,2011-05-20,0,0,,,5,22,0.0000,False,,NODATA,25
kalba,2011-05-21,0,0,,,5,22,0.0000,False,,NODATA,25
kalba,2011-05-22,0,0,,,5,22,0.0000,False,,NODATA,25
kalba,2011-05-23,0,0,,,5,22,0.0000,False,,NODATA,25
kalba,2011-05-24,0,0,,,5,22,0.0000,False,,NODATA,25
kalba,2011-05-25,0,0,,,5,22,0.0000,False,,NODATA,25
kalba,2011-05-26,0,0,,,5,22,0.0000,False,,NODATA,25
kalba,2011-05-27,0,0,,,5,22,0.0000,False,,NODATA,25
kalba,2011-05-28,0,0,,,5,22,0.0000,False,,NODATA,25
kalba,2011-05-29,0,0,,,5,22,0.0000,False,,NODATA,25
kalba,2011-05-30,0,0,,,5,22,0.0000,False,,NODATA,25
kalba,2011-05-31,0,0,,,5,22,0.0000,False,,NODATA,25
kalba,2011-06-01,0,0,,,6,8,0.0000,False,,NODATA,25
kalba,2011-06-02,0,0,,,6,8,0.0000,False,,NODATA,25
kalba,2011-06-03,0,0,,,6,8,0.0000,False,,NODATA,25
kalba,2011-06-04,0,0,,,6,8,0.0000,False,,NODATA,25
kalba,2011-06-05,0,0,,,6,8,0.0000,False,,NODATA,25
kalba,2011-06-06,0,0,,,6,8,0.0000,False,,NODATA,25
kalba,2011-06-07,0,0,,,6,8,0.0000,False,,NODATA,25
kalba,2011-06-08,0,0,,,6,8,0.0000,False,,NODATA,25
kalba,2011-06-09,0,0,,,6,8,0.0000,False,,NODATA,25
kalba,2011-06-10,0,0,,,6,8,0.0000,False,,NODATA,25
kalba,2011-06-11,0,0,,,6,8,0.0000,False,,NODATA,25
kalba,2011-06-12,0,0,,,6,8,0.0000,False,,NODATA,25
kalba,2011-06-13,0,0,,,6,8,0.0000,False,,NODATA,25
kalba,2011-06-14,0,0,,,6,8,0.0000,False,,NODATA,25
kalba,2011-06-15,0,0,,,6,8,0.0000,False,,NODATA,25
kalba,2011-06-16,0,0,,,6,8,0.0000,False,,NODATA,25
kalba,2011-06-17,0,0,,,6,8,0.0000,False,,NODATA,25
kalba,2011-06-18,0,0,,,6,8,0.0000,False,,NODATA,25
kalba,2011-06-19,0,0,,,6,8,0.0000,False,,NODATA,25
kalba,2011-06-20,0,0,,,6,8,0.0000,False,,NODATA,25
kalba,2011-06-21,0,0,,,6,8,0.0000,False,,NODATA,25
kalba,2011-06-22,0,0,,,6,8,0.0000,False,,NODATA,25
kalba,2011-06-23,0,0,,,6,8,0.0000,False,,NODATA,25
kalba,2011-06-24,0,0,,,6,8,0.0000,False,,NODATA,25
kalba,2011-06-25,0,0,,,6,8,0.0000,False,,NODATA,25
kalba,2011-06-26,0,0,,,6,8,0.0000,False,,NODATA,25
kalba,2011-06-27,0,0,,,6,8,0.0000,False,,NODATA,25
kalba,2011-06-28,0,0,,,6,8,0.0000,False,,NODATA,25
kalba,2011-06-29,0,0,,,6,8,0.0000,False,,NODATA,25
kalba,2011-06-30,0,0,,,6,8,0.0000,False,,NODATA,25
kalba,2011-07-01,0,0,,,7,0,0.0000,False,,NODATA,25
kalba,2011-07-02,0,0,,,7,0,0.0000,False,,NODATA,25
kalba,2011-07-03,0,0,,,7,0,0.0000,False,,NODATA,25
kalba,2011-07-04,0,0,,,7,0,0.0000,False,,NODATA,25
kalba,2011-07-05,0,0,,,7,0,0.0000,False,,NODATA,25
kalba,2011-07-06,0,0,,,7,0,0.0000,False,,NODATA,25
kalba,2011-07-07,0,0,,,7,0,0.0000,False,,NODATA,25
kalba,2011-07-08,0,0,,,7,0,0.0000,False,,NODATA,25
kalba,2011-07-09,0,0,,,7,0,0.0000,False,,NODATA,25
kalba,2011-07-10,0,0,,,7,0,0.0000,False,,NODATA,25
kalba,2011-07-11,0,0,,,7,0,0.0000,False,,NODATA,25
kalba,2011-07-12,0,0,,,7,0,0.0000,False,,NODATA,25
kalba,2011-07-13,0,0,,,7,0,0.0000,False,,NODATA,25
kalba,2011-07-14,0,0,,,7,0,0.0000,False,,NODATA,25
kalba,2011-07-15,0,0,,,7,0,0.0000,False,,NODATA,25
kalba,2011-07-16,0,0,,,7,0,0.0000,False,,NODATA,25
kalba,2011-07-17,0,0,,,7,0,0.0000,False,,NODATA,25
kalba,2011-07-18,0,0,,,7,0,0.0000,False,,NODATA,25
kalba,2011-07-19,0,0,,,7,0,0.0000,False,,NODATA,25
kalba,2011-07-20,0,0,,,7,0,0.0000,False,,NODATA,25
kalba,2011-07-21,0,0,,,7,0,0.0000,False,,NODATA,25
kalba,2011-07-22,0,0,,,7,0,0.0000,False,,NODATA,25
kalba,2011-07-23,0,0,,,7,0,0.0000,False,,NODATA,25
kalba,2011-07-24,0,0,,,7,0,0.0000,False,,NODATA,25
kalba,2011-07-25,0,0,,,7,0,0.0000,False,,NODATA,25
kalba,2011-07-26,0,0,,,7,0,0.0000,False,,NODATA,25
kalba,2011-07-27,0,0,,,7,0,0.0000,False,,NODATA,25
kalba,2011-07-28,0,0,,,7,0,0.0000,False,,NODATA,25
kalba,2011-07-29,0,0,,,7,0,0.0000,False,,NODATA,25
kalba,2011-07-30,0,0,,,7,0,0.0000,False,,NODATA,25
kalba,2011-07-31,0,0,,,7,0,0.0000,False,,NODATA,25
kalba,2011-08-01,0,0,,,8,0,0.0000,False,,NODATA,25
kalba,2011-08-02,0,0,,,8,0,0.0000,False,,NODATA,25
kalba,2011-08-03,0,0,,,8,0,0.0000,False,,NODATA,25
kalba,2011-08-04,0,0,,,8,0,0.0000,False,,NODATA,25
kalba,2011-08-05,0,0,,,8,0,0.0000,False,,NODATA,25
kalba,2011-08-06,0,0,,,8,0,0.0000,False,,NODATA,25
kalba,2011-08-07,0,0,,,8,0,0.0000,False,,NODATA,25
kalba,2011-08-08,0,0,,,8,0,0.0000,False,,NODATA,25
kalba,2011-08-09,0,0,,,8,0,0.0000,False,,NODATA,25
kalba,2011-08-10,0,0,,,8,0,0.0000,False,,NODATA,25
kalba,2011-08-11,0,0,,,8,0,0.0000,False,,NODATA,25
kalba,2011-08-12,0,0,,,8,0,0.0000,False,,NODATA,25
kalba,2011-08-13,0,0,,,8,0,0.0000,False,,NODATA,25
kalba,2011-08-14,0,0,,,8,0,0.0000,False,,NODATA,25
kalba,2011-08-15,0,0,,,8,0,0.0000,False,,NODATA,25
kalba,2011-08-16,0,0,,,8,0,0.0000,False,,NODATA,25
kalba,2011-08-17,0,0,,,8,0,0.0000,False,,NODATA,25
kalba,2011-08-18,0,0,,,8,0,0.0000,False,,NODATA,25
kalba,2011-08-19,0,0,,,8,0,0.0000,False,,NODATA,25
kalba,2011-08-20,0,0,,,8,0,0.0000,False,,NODATA,25
kalba,2011-08-21,0,0,,,8,0,0.0000,False,,NODATA,25
kalba,2011-08-22,0,0,,,8,0,0.0000,False,,NODATA,25
kalba,2011-08-23,0,0,,,8,0,0.0000,False,,NODATA,25
kalba,2011-08-24,0,0,,,8,0,0.0000,False,,NODATA,25
kalba,2011-08-25,0,0,,,8,0,0.0000,False,,NODATA,25
kalba,2011-08-26,0,0,,,8,0,0.0000,False,,NODATA,25
kalba,2011-08-27,0,0,,,8,0,0.0000,False,,NODATA,25
kalba,2011-08-28,0,0,,,8,0,0.0000,False,,NODATA,25
kalba,2011-08-29,0,0,,,8,0,0.0000,False,,NODATA,25
kalba,2011-08-30,0,0,,,8,0,0.0000,False,,NODATA,25
kalba,2011-08-31,0,0,,,8,0,0.0000,False,,NODATA,25
kalba,2011-09-01,0,0,,,9,36,0.0000,False,,NODATA,25
kalba,2011-09-02,35,9,7.6268,0.0682,9,36,0.9722,True,0.2571,QUIET,25
kalba,2011-09-03,0,0,,,9,36,0.0000,False,,NODATA,25
kalba,2011-09-04,4,0,0.9505,-0.1859,9,36,0.1111,True,0.0000,QUIET,25
kalba,2011-09-05,0,0,,,9,36,0.0000,False,,NODATA,25
kalba,2011-09-06,0,0,,,9,36,0.0000,False,,NODATA,25
kalba,2011-09-07,0,0,,,9,36,0.0000,False,,NODATA,25
kalba,2011-09-08,0,0,,,9,36,0.0000,False,,NODATA,25
kalba,2011-09-09,0,0,,,9,36,0.0000,False,,NODATA,25
kalba,2011-09-10,0,0,,,9,36,0.0000,False,,NODATA,25
kalba,2011-09-11,0,0,,,9,36,0.0000,False,,NODATA,25
kalba,2011-09-12,0,0,,,9,36,0.0000,False,,NODATA,25
kalba,2011-09-13,0,0,,,9,36,0.0000,False,,NODATA,25
kalba,2011-09-14,0,0,,,9,36,0.0000,False,,NODATA,25
kalba,2011-09-15,0,0,,,9,36,0.0000,False,,NODATA,25
kalba,2011-09-16,0,0,,,9,36,0.0000,False,,NODATA,25
kalba,2011-09-17,0,0,,,9,36,0.0000,False,,NODATA,25
kalba,2011-09-18,0,0,,,9,36,0.0000,False,,NODATA,25
kalba,2011-09-19,0,0,,,9,36,0.0000,False,,NODATA,25
kalba,2011-09-20,0,0,,,9,36,0.0000,False,,NODATA,25
kalba,2011-09-21,0,0,,,9,36,0.0000,False,,NODATA,25
kalba,2011-09-22,0,0,,,9,36,0.0000,False,,NODATA,25
kalba,2011-09-23,0,0,,,9,36,0.0000,False,,NODATA,25
kalba,2011-09-24,0,0,,,9,36,0.0000,False,,NODATA,25
kalba,2011-09-25,0,0,,,9,36,0.0000,False,,NODATA,25
kalba,2011-09-26,0,0,,,9,36,0.0000,False,,NODATA,25
kalba,2011-09-27,0,0,,,9,36,0.0000,False,,NODATA,25
kalba,2011-09-28,0,0,,,9,36,0.0000,False,,NODATA,25
kalba,2011-09-29,0,0,,,9,36,0.0000,False,,NODATA,25
kalba,2011-09-30,0,0,,,9,36,0.0000,False,,NODATA,25
kalba,2011-10-01,0,0,,,10,47,0.0000,False,,NODATA,25
kalba,2011-10-02,0,0,,,10,47,0.0000,False,,NODATA,25
kalba,2011-10-03,0,0,,,10,47,0.0000,False,,NODATA,25
kalba,2011-10-04,0,0,,,10,47,0.0000,False,,NODATA,25
kalba,2011-10-05,0,0,,,10,47,0.0000,False,,NODATA,25
kalba,2011-10-06,0,0,,,10,47,0.0000,False,,NODATA,25
kalba,2011-10-07,0,0,,,10,47,0.0000,False,,NODATA,25
kalba,2011-10-08,0,0,,,10,47,0.0000,False,,NODATA,25
kalba,2011-10-09,0,0,,,10,47,0.0000,False,,NODATA,25
kalba,2011-10-10,0,0,,,10,47,0.0000,False,,NODATA,25
kalba,2011-10-11,0,0,,,10,47,0.0000,False,,NODATA,25
kalba,2011-10-12,0,0,,,10,47,0.0000,False,,NODATA,25
kalba,2011-10-13,0,0,,,10,47,0.0000,False,,NODATA,25
kalba,2011-10-14,0,0,,,10,47,0.0000,False,,NODATA,25
kalba,2011-10-15,47,0,0.8508,-0.2087,10,47,1.0000,True,0.0000,QUIET,25
kalba,2011-10-16,0,0,,,10,47,0.0000,False,,NODATA,25
kalba,2011-10-17,0,0,,,10,47,0.0000,False,,NODATA,25
kalba,2011-10-18,0,0,,,10,47,0.0000,False,,NODATA,25
kalba,2011-10-19,0,0,,,10,47,0.0000,False,,NODATA,25
kalba,2011-10-20,31,0,0.5659,-0.3229,10,47,0.6596,True,0.0000,QUIET,25
kalba,2011-10-21,0,0,,,10,47,0.0000,False,,NODATA,25
kalba,2011-10-22,1,0,0.3339,-0.3235,10,47,0.0213,False,,NODATA,25
kalba,2011-10-23,0,0,,,10,47,0.0000,False,,NODATA,25
kalba,2011-10-24,0,0,,,10,47,0.0000,False,,NODATA,25
kalba,2011-10-25,0,0,,,10,47,0.0000,False,,NODATA,25
kalba,2011-10-26,0,0,,,10,47,0.0000,False,,NODATA,25
kalba,2011-10-27,23,0,0.1707,-0.3949,10,47,0.4894,True,0.0000,QUIET,25
kalba,2011-10-28,4,0,-0.5631,-0.4786,10,47,0.0851,False,,NODATA,25
kalba,2011-10-29,40,0,0.3189,-0.3590,10,47,0.8511,True,0.0000,QUIET,25
kalba,2011-10-30,0,0,,,10,47,0.0000,False,,NODATA,25
kalba,2011-10-31,2,0,-0.7251,-0.2237,10,47,0.0426,False,,NODATA,25
kalba,2011-11-01,0,0,,,11,47,0.0000,False,,NODATA,25
kalba,2011-11-02,0,0,,,11,47,0.0000,False,,NODATA,25
kalba,2011-11-03,19,0,-0.8794,-0.4135,11,47,0.4043,True,0.0000,QUIET,25
kalba,2011-11-04,0,0,,,11,47,0.0000,False,,NODATA,25
kalba,2011-11-05,35,0,0.4866,-0.2432,11,47,0.7447,True,0.0000,QUIET,25
kalba,2011-11-06,0,0,,,11,47,0.0000,False,,NODATA,25
kalba,2011-11-07,0,0,,,11,47,0.0000,False,,NODATA,25
kalba,2011-11-08,0,0,,,11,47,0.0000,False,,NODATA,25
kalba,2011-11-09,24,0,-0.0414,-0.0681,11,47,0.5106,True,0.0000,QUIET,25
kalba,2011-11-10,0,0,,,11,47,0.0000,False,,NODATA,25
kalba,2011-11-11,40,0,-0.8937,-0.4680,11,47,0.8511,True,0.0000,QUIET,25
kalba,2011-11-12,20,0,-0.5499,-0.4893,11,47,0.4255,True,0.0000,QUIET,25
kalba,2011-11-13,34,0,-0.3867,-0.2964,11,47,0.7234,True,0.0000,QUIET,25
kalba,2011-11-14,40,0,0.6565,-0.0512,11,47,0.8511,True,0.0000,QUIET,25
kalba,2011-11-15,2,0,-0.8925,-0.4258,11,47,0.0426,False,,NODATA,25
kalba,2011-11-16,47,0,-0.1501,-0.2301,11,47,1.0000,True,0.0000,QUIET,25
kalba,2011-11-17,0,0,,,11,47,0.0000,False,,NODATA,25
kalba,2011-11-18,44,0,0.2205,0.0048,11,47,0.9362,True,0.0000,QUIET,25
kalba,2011-11-19,26,0,0.3453,-0.0276,11,47,0.5532,True,0.0000,QUIET,25
kalba,2011-11-20,0,0,,,11,47,0.0000,False,,NODATA,25
kalba,2011-11-21,0,0,,,11,47,0.0000,False,,NODATA,25
kalba,2011-11-22,0,0,,,11,47,0.0000,False,,NODATA,25
kalba,2011-11-23,0,0,,,11,47,0.0000,False,,NODATA,25
kalba,2011-11-24,0,0,,,11,47,0.0000,False,,NODATA,25
kalba,2011-11-25,0,0,,,11,47,0.0000,False,,NODATA,25
kalba,2011-11-26,0,0,,,11,47,0.0000,False,,NODATA,25
kalba,2011-11-27,0,0,,,11,47,0.0000,False,,NODATA,25
kalba,2011-11-28,0,0,,,11,47,0.0000,False,,NODATA,25
kalba,2011-11-29,0,0,,,11,47,0.0000,False,,NODATA,25
kalba,2011-11-30,3,0,0.9926,0.2947,11,47,0.0638,False,,NODATA,25
kalba,2011-12-01,0,0,,,12,47,0.0000,False,,NODATA,25
kalba,2011-12-02,47,0,-0.4046,-0.1498,12,47,1.0000,True,0.0000,QUIET,25
kalba,2011-12-03,0,0,,,12,47,0.0000,False,,NODATA,25
kalba,2011-12-04,46,0,-0.1246,-0.0525,12,47,0.9787,True,0.0000,QUIET,25
kalba,2011-12-05,0,0,,,12,47,0.0000,False,,NODATA,25
kalba,2011-12-06,6,0,-1.0370,-0.1340,12,47,0.1277,True,0.0000,QUIET,25
kalba,2011-12-07,0,0,,,12,47,0.0000,False,,NODATA,25
kalba,2011-12-08,5,0,-0.1563,-0.0178,12,47,0.1064,True,0.0000,QUIET,25
kalba,2011-12-09,44,0,0.4890,0.0508,12,47,0.9362,True,0.0000,QUIET,25
kalba,2011-12-10,0,0,,,12,47,0.0000,False,,NODATA,25
kalba,2011-12-11,47,0,1.1770,0.2205,12,47,1.0000,True,0.0000,QUIET,25
kalba,2011-12-12,0,0,,,12,47,0.0000,False,,NODATA,25
kalba,2011-12-13,0,0,,,12,47,0.0000,False,,NODATA,25
kalba,2011-12-14,22,9,5.2396,0.6830,12,47,0.4681,True,0.4091,EXCEED,25
kalba,2011-12-15,31,1,2.6883,0.1130,12,47,0.6596,True,0.0323,QUIET,25
kalba,2011-12-16,39,4,3.6639,0.3512,12,47,0.8298,True,0.1026,QUIET,25
kalba,2011-12-17,0,0,,,12,47,0.0000,False,,NODATA,25
kalba,2011-12-18,20,6,2.9856,0.5911,12,47,0.4255,True,0.3000,ALERT,25
kalba,2011-12-19,0,0,,,12,47,0.0000,False,,NODATA,25
kalba,2011-12-20,25,3,2.3785,0.3101,12,47,0.5319,True,0.1200,QUIET,25
kalba,2011-12-21,0,0,,,12,47,0.0000,False,,NODATA,25
kalba,2011-12-22,36,2,3.4708,0.2008,12,47,0.7660,True,0.0556,QUIET,25
kalba,2011-12-23,33,7,2.9984,0.4675,12,47,0.7021,True,0.2121,QUIET,25
kalba,2011-12-24,24,7,3.3079,0.4807,12,47,0.5106,True,0.2917,QUIET,25
kalba,2011-12-25,46,1,2.6105,0.3099,12,47,0.9787,True,0.0217,QUIET,25
kalba,2011-12-26,0,0,,,12,47,0.0000,False,,NODATA,25
kalba,2011-12-27,41,13,5.1556,0.5154,12,47,0.8723,True,0.3171,EXCEED,25
kalba,2011-12-28,0,0,,,12,47,0.0000,False,,NODATA,25
kalba,2011-12-29,0,0,,,12,47,0.0000,False,,NODATA,25
kalba,2011-12-30,0,0,,,12,47,0.0000,False,,NODATA,25
kalba,2011-12-31,0,0,,,12,47,0.0000,False,,NODATA,25
kalba,2012-01-01,0,0,,,1,47,0.0000,False,,NODATA,25
kalba,2012-01-02,0,0,,,1,47,0.0000,False,,NODATA,25
kalba,2012-01-03,7,7,5.4686,1.4318,1,47,0.1489,True,1.0000,ALERT,25
kalba,2012-01-04,0,0,,,1,47,0.0000,False,,NODATA,25
kalba,2012-01-05,0,0,,,1,47,0.0000,False,,NODATA,25
kalba,2012-01-06,0,0,,,1,47,0.0000,False,,NODATA,25
kalba,2012-01-07,0,0,,,1,47,0.0000,False,,NODATA,25
kalba,2012-01-08,0,0,,,1,47,0.0000,False,,NODATA,25
kalba,2012-01-09,0,0,,,1,47,0.0000,False,,NODATA,25
kalba,2012-01-10,0,0,,,1,47,0.0000,False,,NODATA,25
kalba,2012-01-11,0,0,,,1,47,0.0000,False,,NODATA,25
kalba,2012-01-12,21,19,4.7385,1.2911,1,47,0.4468,True,0.9048,EXCEED,25
kalba,2012-01-13,0,0,,,1,47,0.0000,False,,NODATA,25
kalba,2012-01-14,0,0,,,1,47,0.0000,False,,NODATA,25
kalba,2012-01-15,0,0,,,1,47,0.0000,False,,NODATA,25
kalba,2012-01-16,34,0,1.9664,0.1424,1,47,0.7234,True,0.0000,QUIET,25
kalba,2012-01-17,36,16,3.8630,0.3314,1,47,0.7660,True,0.4444,ALERT,25
kalba,2012-01-18,0,0,,,1,47,0.0000,False,,NODATA,25
kalba,2012-01-19,47,9,5.7578,0.2946,1,47,1.0000,True,0.1915,QUIET,25
kalba,2012-01-20,0,0,,,1,47,0.0000,False,,NODATA,25
kalba,2012-01-21,0,0,,,1,47,0.0000,False,,NODATA,25
kalba,2012-01-22,0,0,,,1,47,0.0000,False,,NODATA,25
kalba,2012-01-23,0,0,,,1,47,0.0000,False,,NODATA,25
kalba,2012-01-24,0,0,,,1,47,0.0000,False,,NODATA,25
kalba,2012-01-25,6,0,-0.3083,-0.1022,1,47,0.1277,True,0.0000,QUIET,25
kalba,2012-01-26,41,1,2.8881,0.1214,1,47,0.8723,True,0.0244,QUIET,25
kalba,2012-01-27,0,0,,,1,47,0.0000,False,,NODATA,25
kalba,2012-01-28,47,4,2.6006,0.3889,1,47,1.0000,True,0.0851,QUIET,25
kalba,2012-01-29,0,0,,,1,47,0.0000,False,,NODATA,25
kalba,2012-01-30,40,1,3.3145,0.2033,1,47,0.8511,True,0.0250,QUIET,25
kalba,2012-01-31,0,0,,,1,47,0.0000,False,,NODATA,25
kalba,2012-02-01,0,0,,,2,44,0.0000,False,,NODATA,25
kalba,2012-02-02,0,0,,,2,44,0.0000,False,,NODATA,25
kalba,2012-02-03,0,0,,,2,44,0.0000,False,,NODATA,25
kalba,2012-02-04,0,0,,,2,44,0.0000,False,,NODATA,25
kalba,2012-02-05,0,0,,,2,44,0.0000,False,,NODATA,25
kalba,2012-02-06,0,0,,,2,44,0.0000,False,,NODATA,25
kalba,2012-02-07,0,0,,,2,44,0.0000,False,,NODATA,25
kalba,2012-02-08,0,0,,,2,44,0.0000,False,,NODATA,25
kalba,2012-02-09,0,0,,,2,44,0.0000,False,,NODATA,25
kalba,2012-02-10,0,0,,,2,44,0.0000,False,,NODATA,25
kalba,2012-02-11,0,0,,,2,44,0.0000,False,,NODATA,25
kalba,2012-02-12,0,0,,,2,44,0.0000,False,,NODATA,25
kalba,2012-02-13,0,0,,,2,44,0.0000,False,,NODATA,25
kalba,2012-02-14,0,0,,,2,44,0.0000,False,,NODATA,25
kalba,2012-02-15,0,0,,,2,44,0.0000,False,,NODATA,25
kalba,2012-02-16,0,0,,,2,44,0.0000,False,,NODATA,25
kalba,2012-02-17,0,0,,,2,44,0.0000,False,,NODATA,25
kalba,2012-02-18,0,0,,,2,44,0.0000,False,,NODATA,25
kalba,2012-02-19,0,0,,,2,44,0.0000,False,,NODATA,25
kalba,2012-02-20,0,0,,,2,44,0.0000,False,,NODATA,25
kalba,2012-02-21,0,0,,,2,44,0.0000,False,,NODATA,25
kalba,2012-02-22,0,0,,,2,44,0.0000,False,,NODATA,25
kalba,2012-02-23,0,0,,,2,44,0.0000,False,,NODATA,25
kalba,2012-02-24,0,0,,,2,44,0.0000,False,,NODATA,25
kalba,2012-02-25,0,0,,,2,44,0.0000,False,,NODATA,25
kalba,2012-02-26,0,0,,,2,44,0.0000,False,,NODATA,25
kalba,2012-02-27,0,0,,,2,44,0.0000,False,,NODATA,25
kalba,2012-02-28,0,0,,,2,44,0.0000,False,,NODATA,25
kalba,2012-02-29,44,0,-0.2936,0.0534,2,44,1.0000,True,0.0000,QUIET,25
kalba,2012-03-01,0,0,,,3,44,0.0000,False,,NODATA,25
kalba,2012-03-02,0,0,,,3,44,0.0000,False,,NODATA,25
kalba,2012-03-03,0,0,,,3,44,0.0000,False,,NODATA,25
kalba,2012-03-04,0,0,,,3,44,0.0000,False,,NODATA,25
kalba,2012-03-05,41,0,-0.5669,-0.1675,3,44,0.9318,True,0.0000,QUIET,25
kalba,2012-03-06,5,0,-0.9658,-0.1180,3,44,0.1136,True,0.0000,QUIET,25
kalba,2012-03-07,38,0,-0.4211,-0.1081,3,44,0.8636,True,0.0000,QUIET,25
kalba,2012-03-08,0,0,,,3,44,0.0000,False,,NODATA,25
kalba,2012-03-09,29,0,-0.1261,-0.1845,3,44,0.6591,True,0.0000,QUIET,25
kalba,2012-03-10,0,0,,,3,44,0.0000,False,,NODATA,25
kalba,2012-03-11,0,0,,,3,44,0.0000,False,,NODATA,25
kalba,2012-03-12,0,0,,,3,44,0.0000,False,,NODATA,25
kalba,2012-03-13,0,0,,,3,44,0.0000,False,,NODATA,25
kalba,2012-03-14,25,0,1.9805,1.1335,3,44,0.5682,True,0.0000,QUIET,25
kalba,2012-03-15,0,0,,,3,44,0.0000,False,,NODATA,25
kalba,2012-03-16,0,0,,,3,44,0.0000,False,,NODATA,25
kalba,2012-03-17,0,0,,,3,44,0.0000,False,,NODATA,25
kalba,2012-03-18,0,0,,,3,44,0.0000,False,,NODATA,25
kalba,2012-03-19,0,0,,,3,44,0.0000,False,,NODATA,25
kalba,2012-03-20,0,0,,,3,44,0.0000,False,,NODATA,25
kalba,2012-03-21,0,0,,,3,44,0.0000,False,,NODATA,25
kalba,2012-03-22,0,0,,,3,44,0.0000,False,,NODATA,25
kalba,2012-03-23,0,0,,,3,44,0.0000,False,,NODATA,25
kalba,2012-03-24,0,0,,,3,44,0.0000,False,,NODATA,25
kalba,2012-03-25,0,0,,,3,44,0.0000,False,,NODATA,25
kalba,2012-03-26,0,0,,,3,44,0.0000,False,,NODATA,25
kalba,2012-03-27,0,0,,,3,44,0.0000,False,,NODATA,25
kalba,2012-03-28,0,0,,,3,44,0.0000,False,,NODATA,25
kalba,2012-03-29,0,0,,,3,44,0.0000,False,,NODATA,25
kalba,2012-03-30,0,0,,,3,44,0.0000,False,,NODATA,25
kalba,2012-03-31,0,0,,,3,44,0.0000,False,,NODATA,25
kalba,2012-04-01,0,0,,,4,39,0.0000,False,,NODATA,25
kalba,2012-04-02,0,0,,,4,39,0.0000,False,,NODATA,25
kalba,2012-04-03,0,0,,,4,39,0.0000,False,,NODATA,25
kalba,2012-04-04,0,0,,,4,39,0.0000,False,,NODATA,25
kalba,2012-04-05,0,0,,,4,39,0.0000,False,,NODATA,25
kalba,2012-04-06,0,0,,,4,39,0.0000,False,,NODATA,25
kalba,2012-04-07,0,0,,,4,39,0.0000,False,,NODATA,25
kalba,2012-04-08,0,0,,,4,39,0.0000,False,,NODATA,25
kalba,2012-04-09,0,0,,,4,39,0.0000,False,,NODATA,25
kalba,2012-04-10,0,0,,,4,39,0.0000,False,,NODATA,25
kalba,2012-04-11,0,0,,,4,39,0.0000,False,,NODATA,25
kalba,2012-04-12,0,0,,,4,39,0.0000,False,,NODATA,25
kalba,2012-04-13,0,0,,,4,39,0.0000,False,,NODATA,25
kalba,2012-04-14,0,0,,,4,39,0.0000,False,,NODATA,25
kalba,2012-04-15,0,0,,,4,39,0.0000,False,,NODATA,25
kalba,2012-04-16,0,0,,,4,39,0.0000,False,,NODATA,25
kalba,2012-04-17,0,0,,,4,39,0.0000,False,,NODATA,25
kalba,2012-04-18,0,0,,,4,39,0.0000,False,,NODATA,25
kalba,2012-04-19,0,0,,,4,39,0.0000,False,,NODATA,25
kalba,2012-04-20,0,0,,,4,39,0.0000,False,,NODATA,25
kalba,2012-04-21,0,0,,,4,39,0.0000,False,,NODATA,25
kalba,2012-04-22,0,0,,,4,39,0.0000,False,,NODATA,25
kalba,2012-04-23,0,0,,,4,39,0.0000,False,,NODATA,25
kalba,2012-04-24,0,0,,,4,39,0.0000,False,,NODATA,25
kalba,2012-04-25,0,0,,,4,39,0.0000,False,,NODATA,25
kalba,2012-04-26,0,0,,,4,39,0.0000,False,,NODATA,25
kalba,2012-04-27,0,0,,,4,39,0.0000,False,,NODATA,25
kalba,2012-04-28,0,0,,,4,39,0.0000,False,,NODATA,25
kalba,2012-04-29,0,0,,,4,39,0.0000,False,,NODATA,25
kalba,2012-04-30,0,0,,,4,39,0.0000,False,,NODATA,25
kalba,2012-05-01,0,0,,,5,22,0.0000,False,,NODATA,25
kalba,2012-05-02,0,0,,,5,22,0.0000,False,,NODATA,25
kalba,2012-05-03,0,0,,,5,22,0.0000,False,,NODATA,25
kalba,2012-05-04,0,0,,,5,22,0.0000,False,,NODATA,25
kalba,2012-05-05,0,0,,,5,22,0.0000,False,,NODATA,25
kalba,2012-05-06,0,0,,,5,22,0.0000,False,,NODATA,25
kalba,2012-05-07,0,0,,,5,22,0.0000,False,,NODATA,25
kalba,2012-05-08,0,0,,,5,22,0.0000,False,,NODATA,25
kalba,2012-05-09,0,0,,,5,22,0.0000,False,,NODATA,25
kalba,2012-05-10,0,0,,,5,22,0.0000,False,,NODATA,25
kalba,2012-05-11,0,0,,,5,22,0.0000,False,,NODATA,25
kalba,2012-05-12,0,0,,,5,22,0.0000,False,,NODATA,25
kalba,2012-05-13,0,0,,,5,22,0.0000,False,,NODATA,25
kalba,2012-05-14,0,0,,,5,22,0.0000,False,,NODATA,25
kalba,2012-05-15,0,0,,,5,22,0.0000,False,,NODATA,25
kalba,2012-05-16,0,0,,,5,22,0.0000,False,,NODATA,25
kalba,2012-05-17,0,0,,,5,22,0.0000,False,,NODATA,25
kalba,2012-05-18,0,0,,,5,22,0.0000,False,,NODATA,25
kalba,2012-05-19,0,0,,,5,22,0.0000,False,,NODATA,25
kalba,2012-05-20,0,0,,,5,22,0.0000,False,,NODATA,25
kalba,2012-05-21,0,0,,,5,22,0.0000,False,,NODATA,25
kalba,2012-05-22,0,0,,,5,22,0.0000,False,,NODATA,25
kalba,2012-05-23,0,0,,,5,22,0.0000,False,,NODATA,25
kalba,2012-05-24,0,0,,,5,22,0.0000,False,,NODATA,25
kalba,2012-05-25,0,0,,,5,22,0.0000,False,,NODATA,25
kalba,2012-05-26,0,0,,,5,22,0.0000,False,,NODATA,25
kalba,2012-05-27,0,0,,,5,22,0.0000,False,,NODATA,25
kalba,2012-05-28,0,0,,,5,22,0.0000,False,,NODATA,25
kalba,2012-05-29,0,0,,,5,22,0.0000,False,,NODATA,25
kalba,2012-05-30,0,0,,,5,22,0.0000,False,,NODATA,25
kalba,2012-05-31,0,0,,,5,22,0.0000,False,,NODATA,25
kalba,2012-06-01,0,0,,,6,8,0.0000,False,,NODATA,25
kalba,2012-06-02,0,0,,,6,8,0.0000,False,,NODATA,25
kalba,2012-06-03,0,0,,,6,8,0.0000,False,,NODATA,25
kalba,2012-06-04,0,0,,,6,8,0.0000,False,,NODATA,25
kalba,2012-06-05,0,0,,,6,8,0.0000,False,,NODATA,25
kalba,2012-06-06,0,0,,,6,8,0.0000,False,,NODATA,25
kalba,2012-06-07,0,0,,,6,8,0.0000,False,,NODATA,25
kalba,2012-06-08,0,0,,,6,8,0.0000,False,,NODATA,25
kalba,2012-06-09,0,0,,,6,8,0.0000,False,,NODATA,25
kalba,2012-06-10,0,0,,,6,8,0.0000,False,,NODATA,25
kalba,2012-06-11,0,0,,,6,8,0.0000,False,,NODATA,25
kalba,2012-06-12,0,0,,,6,8,0.0000,False,,NODATA,25
kalba,2012-06-13,0,0,,,6,8,0.0000,False,,NODATA,25
kalba,2012-06-14,0,0,,,6,8,0.0000,False,,NODATA,25
kalba,2012-06-15,0,0,,,6,8,0.0000,False,,NODATA,25
kalba,2012-06-16,0,0,,,6,8,0.0000,False,,NODATA,25
kalba,2012-06-17,0,0,,,6,8,0.0000,False,,NODATA,25
kalba,2012-06-18,8,0,-0.5113,-0.8221,6,8,1.0000,True,0.0000,QUIET,25
kalba,2012-06-19,0,0,,,6,8,0.0000,False,,NODATA,25
kalba,2012-06-20,0,0,,,6,8,0.0000,False,,NODATA,25
kalba,2012-06-21,0,0,,,6,8,0.0000,False,,NODATA,25
kalba,2012-06-22,0,0,,,6,8,0.0000,False,,NODATA,25
kalba,2012-06-23,0,0,,,6,8,0.0000,False,,NODATA,25
kalba,2012-06-24,0,0,,,6,8,0.0000,False,,NODATA,25
kalba,2012-06-25,0,0,,,6,8,0.0000,False,,NODATA,25
kalba,2012-06-26,0,0,,,6,8,0.0000,False,,NODATA,25
kalba,2012-06-27,0,0,,,6,8,0.0000,False,,NODATA,25
kalba,2012-06-28,0,0,,,6,8,0.0000,False,,NODATA,25
kalba,2012-06-29,0,0,,,6,8,0.0000,False,,NODATA,25
kalba,2012-06-30,0,0,,,6,8,0.0000,False,,NODATA,25
kalba,2012-07-01,0,0,,,7,0,0.0000,False,,NODATA,25
kalba,2012-07-02,0,0,,,7,0,0.0000,False,,NODATA,25
kalba,2012-07-03,0,0,,,7,0,0.0000,False,,NODATA,25
kalba,2012-07-04,0,0,,,7,0,0.0000,False,,NODATA,25
kalba,2012-07-05,0,0,,,7,0,0.0000,False,,NODATA,25
kalba,2012-07-06,0,0,,,7,0,0.0000,False,,NODATA,25
kalba,2012-07-07,0,0,,,7,0,0.0000,False,,NODATA,25
kalba,2012-07-08,0,0,,,7,0,0.0000,False,,NODATA,25
kalba,2012-07-09,0,0,,,7,0,0.0000,False,,NODATA,25
kalba,2012-07-10,0,0,,,7,0,0.0000,False,,NODATA,25
kalba,2012-07-11,0,0,,,7,0,0.0000,False,,NODATA,25
kalba,2012-07-12,0,0,,,7,0,0.0000,False,,NODATA,25
kalba,2012-07-13,0,0,,,7,0,0.0000,False,,NODATA,25
kalba,2012-07-14,0,0,,,7,0,0.0000,False,,NODATA,25
kalba,2012-07-15,0,0,,,7,0,0.0000,False,,NODATA,25
kalba,2012-07-16,0,0,,,7,0,0.0000,False,,NODATA,25
kalba,2012-07-17,0,0,,,7,0,0.0000,False,,NODATA,25
kalba,2012-07-18,0,0,,,7,0,0.0000,False,,NODATA,25
kalba,2012-07-19,0,0,,,7,0,0.0000,False,,NODATA,25
kalba,2012-07-20,0,0,,,7,0,0.0000,False,,NODATA,25
kalba,2012-07-21,0,0,,,7,0,0.0000,False,,NODATA,25
kalba,2012-07-22,0,0,,,7,0,0.0000,False,,NODATA,25
kalba,2012-07-23,0,0,,,7,0,0.0000,False,,NODATA,25
kalba,2012-07-24,0,0,,,7,0,0.0000,False,,NODATA,25
kalba,2012-07-25,0,0,,,7,0,0.0000,False,,NODATA,25
kalba,2012-07-26,0,0,,,7,0,0.0000,False,,NODATA,25
kalba,2012-07-27,0,0,,,7,0,0.0000,False,,NODATA,25
kalba,2012-07-28,0,0,,,7,0,0.0000,False,,NODATA,25
kalba,2012-07-29,0,0,,,7,0,0.0000,False,,NODATA,25
kalba,2012-07-30,0,0,,,7,0,0.0000,False,,NODATA,25
kalba,2012-07-31,0,0,,,7,0,0.0000,False,,NODATA,25
kalba,2012-08-01,0,0,,,8,0,0.0000,False,,NODATA,25
kalba,2012-08-02,0,0,,,8,0,0.0000,False,,NODATA,25
kalba,2012-08-03,0,0,,,8,0,0.0000,False,,NODATA,25
kalba,2012-08-04,0,0,,,8,0,0.0000,False,,NODATA,25
kalba,2012-08-05,0,0,,,8,0,0.0000,False,,NODATA,25
kalba,2012-08-06,0,0,,,8,0,0.0000,False,,NODATA,25
kalba,2012-08-07,0,0,,,8,0,0.0000,False,,NODATA,25
kalba,2012-08-08,0,0,,,8,0,0.0000,False,,NODATA,25
kalba,2012-08-09,0,0,,,8,0,0.0000,False,,NODATA,25
kalba,2012-08-10,0,0,,,8,0,0.0000,False,,NODATA,25
kalba,2012-08-11,0,0,,,8,0,0.0000,False,,NODATA,25
kalba,2012-08-12,0,0,,,8,0,0.0000,False,,NODATA,25
kalba,2012-08-13,0,0,,,8,0,0.0000,False,,NODATA,25
kalba,2012-08-14,0,0,,,8,0,0.0000,False,,NODATA,25
kalba,2012-08-15,0,0,,,8,0,0.0000,False,,NODATA,25
kalba,2012-08-16,0,0,,,8,0,0.0000,False,,NODATA,25
kalba,2012-08-17,0,0,,,8,0,0.0000,False,,NODATA,25
kalba,2012-08-18,0,0,,,8,0,0.0000,False,,NODATA,25
kalba,2012-08-19,0,0,,,8,0,0.0000,False,,NODATA,25
kalba,2012-08-20,0,0,,,8,0,0.0000,False,,NODATA,25
kalba,2012-08-21,0,0,,,8,0,0.0000,False,,NODATA,25
kalba,2012-08-22,0,0,,,8,0,0.0000,False,,NODATA,25
kalba,2012-08-23,0,0,,,8,0,0.0000,False,,NODATA,25
kalba,2012-08-24,0,0,,,8,0,0.0000,False,,NODATA,25
kalba,2012-08-25,0,0,,,8,0,0.0000,False,,NODATA,25
kalba,2012-08-26,0,0,,,8,0,0.0000,False,,NODATA,25
kalba,2012-08-27,0,0,,,8,0,0.0000,False,,NODATA,25
kalba,2012-08-28,0,0,,,8,0,0.0000,False,,NODATA,25
kalba,2012-08-29,0,0,,,8,0,0.0000,False,,NODATA,25
kalba,2012-08-30,0,0,,,8,0,0.0000,False,,NODATA,25
kalba,2012-08-31,0,0,,,8,0,0.0000,False,,NODATA,25
kalba,2012-09-01,0,0,,,9,36,0.0000,False,,NODATA,25
kalba,2012-09-02,0,0,,,9,36,0.0000,False,,NODATA,25
kalba,2012-09-03,0,0,,,9,36,0.0000,False,,NODATA,25
kalba,2012-09-04,0,0,,,9,36,0.0000,False,,NODATA,25
kalba,2012-09-05,0,0,,,9,36,0.0000,False,,NODATA,25
kalba,2012-09-06,0,0,,,9,36,0.0000,False,,NODATA,25
kalba,2012-09-07,0,0,,,9,36,0.0000,False,,NODATA,25
kalba,2012-09-08,0,0,,,9,36,0.0000,False,,NODATA,25
kalba,2012-09-09,0,0,,,9,36,0.0000,False,,NODATA,25
kalba,2012-09-10,0,0,,,9,36,0.0000,False,,NODATA,25
kalba,2012-09-11,0,0,,,9,36,0.0000,False,,NODATA,25
kalba,2012-09-12,0,0,,,9,36,0.0000,False,,NODATA,25
kalba,2012-09-13,0,0,,,9,36,0.0000,False,,NODATA,25
kalba,2012-09-14,0,0,,,9,36,0.0000,False,,NODATA,25
kalba,2012-09-15,0,0,,,9,36,0.0000,False,,NODATA,25
kalba,2012-09-16,0,0,,,9,36,0.0000,False,,NODATA,25
kalba,2012-09-17,0,0,,,9,36,0.0000,False,,NODATA,25
kalba,2012-09-18,0,0,,,9,36,0.0000,False,,NODATA,25
kalba,2012-09-19,0,0,,,9,36,0.0000,False,,NODATA,25
kalba,2012-09-20,0,0,,,9,36,0.0000,False,,NODATA,25
kalba,2012-09-21,0,0,,,9,36,0.0000,False,,NODATA,25
kalba,2012-09-22,0,0,,,9,36,0.0000,False,,NODATA,25
kalba,2012-09-23,0,0,,,9,36,0.0000,False,,NODATA,25
kalba,2012-09-24,0,0,,,9,36,0.0000,False,,NODATA,25
kalba,2012-09-25,0,0,,,9,36,0.0000,False,,NODATA,25
kalba,2012-09-26,0,0,,,9,36,0.0000,False,,NODATA,25
kalba,2012-09-27,0,0,,,9,36,0.0000,False,,NODATA,25
kalba,2012-09-28,0,0,,,9,36,0.0000,False,,NODATA,25
kalba,2012-09-29,30,0,1.7587,-0.5143,9,36,0.8333,True,0.0000,QUIET,25
kalba,2012-09-30,0,0,,,9,36,0.0000,False,,NODATA,25
kalba,2012-10-01,40,2,2.6628,-0.4300,10,47,0.8511,True,0.0500,QUIET,25
kalba,2012-10-02,0,0,,,10,47,0.0000,False,,NODATA,25
kalba,2012-10-03,1,0,-0.7844,-0.5372,10,47,0.0213,False,,NODATA,25
kalba,2012-10-04,18,0,-0.4510,-0.4733,10,47,0.3830,True,0.0000,QUIET,25
kalba,2012-10-05,35,0,-0.7489,-0.6091,10,47,0.7447,True,0.0000,QUIET,25
kalba,2012-10-06,37,0,-0.3537,-0.4362,10,47,0.7872,True,0.0000,QUIET,25
kalba,2012-10-07,27,0,-0.8744,-0.6251,10,47,0.5745,True,0.0000,QUIET,25
kalba,2012-10-08,47,0,-0.3175,-0.4410,10,47,1.0000,True,0.0000,QUIET,25
kalba,2012-10-09,0,0,,,10,47,0.0000,False,,NODATA,25
kalba,2012-10-10,46,0,-0.2698,-0.4358,10,47,0.9787,True,0.0000,QUIET,25
kalba,2012-10-11,0,0,,,10,47,0.0000,False,,NODATA,25
kalba,2012-10-12,14,0,-0.6547,-0.5413,10,47,0.2979,True,0.0000,QUIET,25
kalba,2012-10-13,12,0,-0.5924,-0.4806,10,47,0.2553,True,0.0000,QUIET,25
kalba,2012-10-14,6,0,-0.9543,-0.5588,10,47,0.1277,True,0.0000,QUIET,25
kalba,2012-10-15,0,0,,,10,47,0.0000,False,,NODATA,25
kalba,2012-10-16,0,0,,,10,47,0.0000,False,,NODATA,25
kalba,2012-10-17,0,0,,,10,47,0.0000,False,,NODATA,25
kalba,2012-10-18,0,0,,,10,47,0.0000,False,,NODATA,25
kalba,2012-10-19,22,0,0.1673,-0.3989,10,47,0.4681,True,0.0000,QUIET,25
kalba,2012-10-20,0,0,,,10,47,0.0000,False,,NODATA,25
kalba,2012-10-21,0,0,,,10,47,0.0000,False,,NODATA,25
kalba,2012-10-22,35,0,1.1866,-0.2898,10,47,0.7447,True,0.0000,QUIET,25
kalba,2012-10-23,0,0,,,10,47,0.0000,False,,NODATA,25
kalba,2012-10-24,44,1,3.1459,-0.2544,10,47,0.9362,True,0.0227,QUIET,25
kalba,2012-10-25,0,0,,,10,47,0.0000,False,,NODATA,25
kalba,2012-10-26,47,0,0.5689,-0.2808,10,47,1.0000,True,0.0000,QUIET,25
kalba,2012-10-27,0,0,,,10,47,0.0000,False,,NODATA,25
kalba,2012-10-28,0,0,,,10,47,0.0000,False,,NODATA,25
kalba,2012-10-29,0,0,,,10,47,0.0000,False,,NODATA,25
kalba,2012-10-30,0,0,,,10,47,0.0000,False,,NODATA,25
kalba,2012-10-31,37,1,2.1031,-0.1155,10,47,0.7872,True,0.0270,QUIET,25
kalba,2012-11-01,0,0,,,11,47,0.0000,False,,NODATA,25
kalba,2012-11-02,47,0,0.1999,-0.0785,11,47,1.0000,True,0.0000,QUIET,25
kalba,2012-11-03,0,0,,,11,47,0.0000,False,,NODATA,25
kalba,2012-11-04,45,0,0.0761,-0.1239,11,47,0.9574,True,0.0000,QUIET,25
kalba,2012-11-05,11,0,-0.2492,-0.1491,11,47,0.2340,True,0.0000,QUIET,25
kalba,2012-11-06,18,0,-0.5836,-0.2954,11,47,0.3830,True,0.0000,QUIET,25
kalba,2012-11-07,0,0,,,11,47,0.0000,False,,NODATA,25
kalba,2012-11-08,0,0,,,11,47,0.0000,False,,NODATA,25
kalba,2012-11-09,27,0,-0.0539,-0.1163,11,47,0.5745,True,0.0000,QUIET,25
kalba,2012-11-10,0,0,,,11,47,0.0000,False,,NODATA,25
kalba,2012-11-11,20,0,-0.0607,-0.0692,11,47,0.4255,True,0.0000,QUIET,25
kalba,2012-11-12,0,0,,,11,47,0.0000,False,,NODATA,25
kalba,2012-11-13,0,0,,,11,47,0.0000,False,,NODATA,25
kalba,2012-11-14,18,0,-0.0884,-0.2654,11,47,0.3830,True,0.0000,QUIET,25
kalba,2012-11-15,0,0,,,11,47,0.0000,False,,NODATA,25
kalba,2012-11-16,38,0,0.3150,-0.1047,11,47,0.8085,True,0.0000,QUIET,25
kalba,2012-11-17,0,0,,,11,47,0.0000,False,,NODATA,25
kalba,2012-11-18,47,0,0.4703,0.0369,11,47,1.0000,True,0.0000,QUIET,25
kalba,2012-11-19,0,0,,,11,47,0.0000,False,,NODATA,25
kalba,2012-11-20,27,0,0.6343,0.0676,11,47,0.5745,True,0.0000,QUIET,25
kalba,2012-11-21,0,0,,,11,47,0.0000,False,,NODATA,25
kalba,2012-11-22,0,0,,,11,47,0.0000,False,,NODATA,25
kalba,2012-11-23,0,0,,,11,47,0.0000,False,,NODATA,25
kalba,2012-11-24,0,0,,,11,47,0.0000,False,,NODATA,25
kalba,2012-11-25,36,3,2.0913,0.5132,11,47,0.7660,True,0.0833,QUIET,25
kalba,2012-11-26,0,0,,,11,47,0.0000,False,,NODATA,25
kalba,2012-11-27,0,0,,,11,47,0.0000,False,,NODATA,25
kalba,2012-11-28,0,0,,,11,47,0.0000,False,,NODATA,25
kalba,2012-11-29,35,0,-0.0004,-0.0751,11,47,0.7447,True,0.0000,QUIET,25
kalba,2012-11-30,0,0,,,11,47,0.0000,False,,NODATA,25
kalba,2012-12-01,6,0,-2.0554,-0.5101,12,47,0.1277,True,0.0000,QUIET,25
kalba,2012-12-02,41,0,-0.0445,0.0111,12,47,0.8723,True,0.0000,QUIET,25
kalba,2012-12-03,0,0,,,12,47,0.0000,False,,NODATA,25
kalba,2012-12-04,21,0,0.1586,0.1341,12,47,0.4468,True,0.0000,QUIET,25
kalba,2012-12-05,0,0,,,12,47,0.0000,False,,NODATA,25
kalba,2012-12-06,1,0,-1.1555,-0.2211,12,47,0.0213,False,,NODATA,25
kalba,2012-12-07,0,0,,,12,47,0.0000,False,,NODATA,25
kalba,2012-12-08,10,0,1.0415,-0.0782,12,47,0.2128,True,0.0000,QUIET,25
kalba,2012-12-09,2,2,3.5280,1.1476,12,47,0.0426,False,,NODATA,25
kalba,2012-12-10,26,3,2.9319,0.2614,12,47,0.5532,True,0.1154,QUIET,25
kalba,2012-12-11,43,10,4.4052,0.5762,12,47,0.9149,True,0.2326,QUIET,25
kalba,2012-12-12,0,0,,,12,47,0.0000,False,,NODATA,25
kalba,2012-12-13,46,0,1.7770,0.2620,12,47,0.9787,True,0.0000,QUIET,25
kalba,2012-12-14,0,0,,,12,47,0.0000,False,,NODATA,25
kalba,2012-12-15,0,0,,,12,47,0.0000,False,,NODATA,25
kalba,2012-12-16,0,0,,,12,47,0.0000,False,,NODATA,25
kalba,2012-12-17,0,0,,,12,47,0.0000,False,,NODATA,25
kalba,2012-12-18,0,0,,,12,47,0.0000,False,,NODATA,25
kalba,2012-12-19,0,0,,,12,47,0.0000,False,,NODATA,25
kalba,2012-12-20,36,0,1.1461,0.1964,12,47,0.7660,True,0.0000,QUIET,25
kalba,2012-12-21,0,0,,,12,47,0.0000,False,,NODATA,25
kalba,2012-12-22,47,1,2.1948,0.1189,12,47,1.0000,True,0.0213,QUIET,25
kalba,2012-12-23,1,1,2.9997,1.1054,12,47,0.0213,False,,NODATA,25
kalba,2012-12-24,36,0,0.7498,-0.0066,12,47,0.7660,True,0.0000,QUIET,25
kalba,2012-12-25,0,0,,,12,47,0.0000,False,,NODATA,25
kalba,2012-12-26,0,0,,,12,47,0.0000,False,,NODATA,25
kalba,2012-12-27,37,2,2.2163,-0.1257,12,47,0.7872,True,0.0541,QUIET,25
kalba,2012-12-28,0,0,,,12,47,0.0000,False,,NODATA,25
kalba,2012-12-29,20,0,1.9354,-0.0482,12,47,0.4255,True,0.0000,QUIET,25
kalba,2012-12-30,0,0,,,12,47,0.0000,False,,NODATA,25
kalba,2012-12-31,41,0,1.8888,0.1185,12,47,0.8723,True,0.0000,QUIET,25
kalba,2013-01-01,34,4,3.0986,0.1886,1,47,0.7234,True,0.1176,QUIET,25
kalba,2013-01-02,34,5,3.7571,0.1226,1,47,0.7234,True,0.1471,QUIET,25
kalba,2013-01-03,40,12,4.0843,0.5791,1,47,0.8511,True,0.3000,EXCEED,25
kalba,2013-01-04,0,0,,,1,47,0.0000,False,,NODATA,25
kalba,2013-01-05,34,16,3.4646,0.8086,1,47,0.7234,True,0.4706,ALERT,25
kalba,2013-01-06,0,0,,,1,47,0.0000,False,,NODATA,25
kalba,2013-01-07,8,0,1.1161,0.3981,1,47,0.1702,True,0.0000,QUIET,25
kalba,2013-01-08,0,0,,,1,47,0.0000,False,,NODATA,25
kalba,2013-01-09,0,0,,,1,47,0.0000,False,,NODATA,25
kalba,2013-01-10,0,0,,,1,47,0.0000,False,,NODATA,25
kalba,2013-01-11,0,0,,,1,47,0.0000,False,,NODATA,25
kalba,2013-01-12,2,0,-0.3566,-0.0963,1,47,0.0426,False,,NODATA,25
kalba,2013-01-13,0,0,,,1,47,0.0000,False,,NODATA,25
kalba,2013-01-14,0,0,,,1,47,0.0000,False,,NODATA,25
kalba,2013-01-15,0,0,,,1,47,0.0000,False,,NODATA,25
kalba,2013-01-16,0,0,,,1,47,0.0000,False,,NODATA,25
kalba,2013-01-17,2,0,0.4592,0.2927,1,47,0.0426,False,,NODATA,25
kalba,2013-01-18,34,0,0.3106,0.0422,1,47,0.7234,True,0.0000,QUIET,25
kalba,2013-01-19,38,0,0.7390,0.1146,1,47,0.8085,True,0.0000,QUIET,25
kalba,2013-01-20,12,0,0.2846,-0.1273,1,47,0.2553,True,0.0000,QUIET,25
kalba,2013-01-21,35,13,5.3378,0.8644,1,47,0.7447,True,0.3714,EXCEED,25
kalba,2013-01-22,0,0,,,1,47,0.0000,False,,NODATA,25
kalba,2013-01-23,46,0,1.3554,0.0866,1,47,0.9787,True,0.0000,QUIET,25
kalba,2013-01-24,19,10,4.7780,0.7794,1,47,0.4043,True,0.5263,ALERT,25
kalba,2013-01-25,0,0,,,1,47,0.0000,False,,NODATA,25
kalba,2013-01-26,0,0,,,1,47,0.0000,False,,NODATA,25
kalba,2013-01-27,0,0,,,1,47,0.0000,False,,NODATA,25
kalba,2013-01-28,0,0,,,1,47,0.0000,False,,NODATA,25
kalba,2013-01-29,0,0,,,1,47,0.0000,False,,NODATA,25
kalba,2013-01-30,0,0,,,1,47,0.0000,False,,NODATA,25
kalba,2013-01-31,0,0,,,1,47,0.0000,False,,NODATA,25
kalba,2013-02-01,0,0,,,2,44,0.0000,False,,NODATA,25
kalba,2013-02-02,0,0,,,2,44,0.0000,False,,NODATA,25
kalba,2013-02-03,0,0,,,2,44,0.0000,False,,NODATA,25
kalba,2013-02-04,20,0,0.5441,0.6283,2,44,0.4545,True,0.0000,QUIET,25
kalba,2013-02-05,5,0,-0.0911,0.2076,2,44,0.1136,True,0.0000,QUIET,25
kalba,2013-02-06,44,0,1.0862,0.2014,2,44,1.0000,True,0.0000,QUIET,25
kalba,2013-02-07,0,0,,,2,44,0.0000,False,,NODATA,25
kalba,2013-02-08,30,0,0.6634,0.4006,2,44,0.6818,True,0.0000,QUIET,25
kalba,2013-02-09,26,0,1.4139,0.4629,2,44,0.5909,True,0.0000,QUIET,25
kalba,2013-02-10,0,0,,,2,44,0.0000,False,,NODATA,25
kalba,2013-02-11,0,0,,,2,44,0.0000,False,,NODATA,25
kalba,2013-02-12,0,0,,,2,44,0.0000,False,,NODATA,25
kalba,2013-02-13,26,0,1.5569,0.7095,2,44,0.5909,True,0.0000,QUIET,25
kalba,2013-02-14,0,0,,,2,44,0.0000,False,,NODATA,25
kalba,2013-02-15,0,0,,,2,44,0.0000,False,,NODATA,25
kalba,2013-02-16,0,0,,,2,44,0.0000,False,,NODATA,25
kalba,2013-02-17,0,0,,,2,44,0.0000,False,,NODATA,25
kalba,2013-02-18,0,0,,,2,44,0.0000,False,,NODATA,25
kalba,2013-02-19,0,0,,,2,44,0.0000,False,,NODATA,25
kalba,2013-02-20,0,0,,,2,44,0.0000,False,,NODATA,25
kalba,2013-02-21,0,0,,,2,44,0.0000,False,,NODATA,25
kalba,2013-02-22,43,0,1.7936,0.6864,2,44,0.9773,True,0.0000,QUIET,25
kalba,2013-02-23,0,0,,,2,44,0.0000,False,,NODATA,25
kalba,2013-02-24,0,0,,,2,44,0.0000,False,,NODATA,25
kalba,2013-02-25,0,0,,,2,44,0.0000,False,,NODATA,25
kalba,2013-02-26,0,0,,,2,44,0.0000,False,,NODATA,25
kalba,2013-02-27,33,0,1.5802,0.6684,2,44,0.7500,True,0.0000,QUIET,25
kalba,2013-02-28,0,0,,,2,44,0.0000,False,,NODATA,25
kalba,2013-03-01,38,3,4.0533,0.2585,3,44,0.8636,True,0.0789,QUIET,25
kalba,2013-03-02,0,0,,,3,44,0.0000,False,,NODATA,25
kalba,2013-03-03,21,6,2.6316,1.2716,3,44,0.4773,True,0.2857,QUIET,25
kalba,2013-03-04,0,0,,,3,44,0.0000,False,,NODATA,25
kalba,2013-03-05,16,0,1.8787,0.9401,3,44,0.3636,True,0.0000,QUIET,25
kalba,2013-03-06,0,0,,,3,44,0.0000,False,,NODATA,25
kalba,2013-03-07,4,0,1.5667,0.9303,3,44,0.0909,False,,NODATA,25
kalba,2013-03-08,0,0,,,3,44,0.0000,False,,NODATA,25
kalba,2013-03-09,7,0,0.9938,0.7251,3,44,0.1591,True,0.0000,QUIET,25
kalba,2013-03-10,0,0,,,3,44,0.0000,False,,NODATA,25
kalba,2013-03-11,0,0,,,3,44,0.0000,False,,NODATA,25
kalba,2013-03-12,0,0,,,3,44,0.0000,False,,NODATA,25
kalba,2013-03-13,0,0,,,3,44,0.0000,False,,NODATA,25
kalba,2013-03-14,36,3,2.0387,0.8564,3,44,0.8182,True,0.0833,QUIET,25
kalba,2013-03-15,35,0,1.8869,0.7692,3,44,0.7955,True,0.0000,QUIET,25
kalba,2013-03-16,0,0,,,3,44,0.0000,False,,NODATA,25
kalba,2013-03-17,40,0,1.3917,0.4246,3,44,0.9091,True,0.0000,QUIET,25
kalba,2013-03-18,0,0,,,3,44,0.0000,False,,NODATA,25
kalba,2013-03-19,0,0,,,3,44,0.0000,False,,NODATA,25
kalba,2013-03-20,0,0,,,3,44,0.0000,False,,NODATA,25
kalba,2013-03-21,0,0,,,3,44,0.0000,False,,NODATA,25
kalba,2013-03-22,0,0,,,3,44,0.0000,False,,NODATA,25
kalba,2013-03-23,12,0,-0.5623,0.0796,3,44,0.2727,True,0.0000,QUIET,25
kalba,2013-03-24,0,0,,,3,44,0.0000,False,,NODATA,25
kalba,2013-03-25,0,0,,,3,44,0.0000,False,,NODATA,25
kalba,2013-03-26,0,0,,,3,44,0.0000,False,,NODATA,25
kalba,2013-03-27,0,0,,,3,44,0.0000,False,,NODATA,25
kalba,2013-03-28,0,0,,,3,44,0.0000,False,,NODATA,25
kalba,2013-03-29,3,1,2.8560,0.3563,3,44,0.0682,False,,NODATA,25
kalba,2013-03-30,0,0,,,3,44,0.0000,False,,NODATA,25
kalba,2013-03-31,0,0,,,3,44,0.0000,False,,NODATA,25
kalba,2013-04-01,0,0,,,4,39,0.0000,False,,NODATA,25
kalba,2013-04-02,34,0,0.3620,-0.1306,4,39,0.8718,True,0.0000,QUIET,25
kalba,2013-04-03,0,0,,,4,39,0.0000,False,,NODATA,25
kalba,2013-04-04,0,0,,,4,39,0.0000,False,,NODATA,25
kalba,2013-04-05,0,0,,,4,39,0.0000,False,,NODATA,25
kalba,2013-04-06,0,0,,,4,39,0.0000,False,,NODATA,25
kalba,2013-04-07,0,0,,,4,39,0.0000,False,,NODATA,25
kalba,2013-04-08,0,0,,,4,39,0.0000,False,,NODATA,25
kalba,2013-04-09,15,0,-0.0697,-0.2586,4,39,0.3846,True,0.0000,QUIET,25
kalba,2013-04-10,0,0,,,4,39,0.0000,False,,NODATA,25
kalba,2013-04-11,0,0,,,4,39,0.0000,False,,NODATA,25
kalba,2013-04-12,0,0,,,4,39,0.0000,False,,NODATA,25
kalba,2013-04-13,0,0,,,4,39,0.0000,False,,NODATA,25
kalba,2013-04-14,0,0,,,4,39,0.0000,False,,NODATA,25
kalba,2013-04-15,0,0,,,4,39,0.0000,False,,NODATA,25
kalba,2013-04-16,0,0,,,4,39,0.0000,False,,NODATA,25
kalba,2013-04-17,0,0,,,4,39,0.0000,False,,NODATA,25
kalba,2013-04-18,0,0,,,4,39,0.0000,False,,NODATA,25
kalba,2013-04-19,0,0,,,4,39,0.0000,False,,NODATA,25
kalba,2013-04-20,0,0,,,4,39,0.0000,False,,NODATA,25
kalba,2013-04-21,0,0,,,4,39,0.0000,False,,NODATA,25
kalba,2013-04-22,0,0,,,4,39,0.0000,False,,NODATA,25
kalba,2013-04-23,0,0,,,4,39,0.0000,False,,NODATA,25
kalba,2013-04-24,0,0,,,4,39,0.0000,False,,NODATA,25
kalba,2013-04-25,0,0,,,4,39,0.0000,False,,NODATA,25
kalba,2013-04-26,0,0,,,4,39,0.0000,False,,NODATA,25
kalba,2013-04-27,0,0,,,4,39,0.0000,False,,NODATA,25
kalba,2013-04-28,0,0,,,4,39,0.0000,False,,NODATA,25
kalba,2013-04-29,0,0,,,4,39,0.0000,False,,NODATA,25
kalba,2013-04-30,0,0,,,4,39,0.0000,False,,NODATA,25
kalba,2013-05-01,0,0,,,5,22,0.0000,False,,NODATA,25
kalba,2013-05-02,0,0,,,5,22,0.0000,False,,NODATA,25
kalba,2013-05-03,0,0,,,5,22,0.0000,False,,NODATA,25
kalba,2013-05-04,0,0,,,5,22,0.0000,False,,NODATA,25
kalba,2013-05-05,0,0,,,5,22,0.0000,False,,NODATA,25
kalba,2013-05-06,0,0,,,5,22,0.0000,False,,NODATA,25
kalba,2013-05-07,0,0,,,5,22,0.0000,False,,NODATA,25
kalba,2013-05-08,0,0,,,5,22,0.0000,False,,NODATA,25
kalba,2013-05-09,0,0,,,5,22,0.0000,False,,NODATA,25
kalba,2013-05-10,0,0,,,5,22,0.0000,False,,NODATA,25
kalba,2013-05-11,22,2,2.0412,-0.4043,5,22,1.0000,True,0.0909,QUIET,25
kalba,2013-05-12,0,0,,,5,22,0.0000,False,,NODATA,25
kalba,2013-05-13,0,0,,,5,22,0.0000,False,,NODATA,25
kalba,2013-05-14,0,0,,,5,22,0.0000,False,,NODATA,25
kalba,2013-05-15,0,0,,,5,22,0.0000,False,,NODATA,25
kalba,2013-05-16,10,10,7.7537,0.0275,5,22,0.4545,True,1.0000,EXCEED,25
kalba,2013-05-17,0,0,,,5,22,0.0000,False,,NODATA,25
kalba,2013-05-18,22,22,4.9281,-0.2405,5,22,1.0000,True,1.0000,ALERT,25
kalba,2013-05-19,0,0,,,5,22,0.0000,False,,NODATA,25
kalba,2013-05-20,1,0,1.4075,-0.3961,5,22,0.0455,False,,NODATA,25
kalba,2013-05-21,0,0,,,5,22,0.0000,False,,NODATA,25
kalba,2013-05-22,0,0,,,5,22,0.0000,False,,NODATA,25
kalba,2013-05-23,0,0,,,5,22,0.0000,False,,NODATA,25
kalba,2013-05-24,0,0,,,5,22,0.0000,False,,NODATA,25
kalba,2013-05-25,22,14,3.5297,-0.3362,5,22,1.0000,True,0.6364,ALERT,25
kalba,2013-05-26,8,0,1.4336,-0.5207,5,22,0.3636,True,0.0000,QUIET,25
kalba,2013-05-27,18,0,0.7601,-0.5449,5,22,0.8182,True,0.0000,QUIET,25
kalba,2013-05-28,0,0,,,5,22,0.0000,False,,NODATA,25
kalba,2013-05-29,0,0,,,5,22,0.0000,False,,NODATA,25
kalba,2013-05-30,0,0,,,5,22,0.0000,False,,NODATA,25
kalba,2013-05-31,0,0,,,5,22,0.0000,False,,NODATA,25
kalba,2013-06-01,0,0,,,6,8,0.0000,False,,NODATA,25
kalba,2013-06-02,0,0,,,6,8,0.0000,False,,NODATA,25
kalba,2013-06-03,0,0,,,6,8,0.0000,False,,NODATA,25
kalba,2013-06-04,6,0,0.7499,-0.5432,6,8,0.7500,True,0.0000,QUIET,25
kalba,2013-06-05,0,0,,,6,8,0.0000,False,,NODATA,25
kalba,2013-06-06,0,0,,,6,8,0.0000,False,,NODATA,25
kalba,2013-06-07,0,0,,,6,8,0.0000,False,,NODATA,25
kalba,2013-06-08,0,0,,,6,8,0.0000,False,,NODATA,25
kalba,2013-06-09,0,0,,,6,8,0.0000,False,,NODATA,25
kalba,2013-06-10,0,0,,,6,8,0.0000,False,,NODATA,25
kalba,2013-06-11,0,0,,,6,8,0.0000,False,,NODATA,25
kalba,2013-06-12,0,0,,,6,8,0.0000,False,,NODATA,25
kalba,2013-06-13,0,0,,,6,8,0.0000,False,,NODATA,25
kalba,2013-06-14,0,0,,,6,8,0.0000,False,,NODATA,25
kalba,2013-06-15,0,0,,,6,8,0.0000,False,,NODATA,25
kalba,2013-06-16,0,0,,,6,8,0.0000,False,,NODATA,25
kalba,2013-06-17,0,0,,,6,8,0.0000,False,,NODATA,25
kalba,2013-06-18,0,0,,,6,8,0.0000,False,,NODATA,25
kalba,2013-06-19,0,0,,,6,8,0.0000,False,,NODATA,25
kalba,2013-06-20,0,0,,,6,8,0.0000,False,,NODATA,25
kalba,2013-06-21,0,0,,,6,8,0.0000,False,,NODATA,25
kalba,2013-06-22,0,0,,,6,8,0.0000,False,,NODATA,25
kalba,2013-06-23,0,0,,,6,8,0.0000,False,,NODATA,25
kalba,2013-06-24,0,0,,,6,8,0.0000,False,,NODATA,25
kalba,2013-06-25,0,0,,,6,8,0.0000,False,,NODATA,25
kalba,2013-06-26,0,0,,,6,8,0.0000,False,,NODATA,25
kalba,2013-06-27,0,0,,,6,8,0.0000,False,,NODATA,25
kalba,2013-06-28,0,0,,,6,8,0.0000,False,,NODATA,25
kalba,2013-06-29,0,0,,,6,8,0.0000,False,,NODATA,25
kalba,2013-06-30,0,0,,,6,8,0.0000,False,,NODATA,25
kalba,2013-07-01,0,0,,,7,0,0.0000,False,,NODATA,25
kalba,2013-07-02,0,0,,,7,0,0.0000,False,,NODATA,25
kalba,2013-07-03,0,0,,,7,0,0.0000,False,,NODATA,25
kalba,2013-07-04,0,0,,,7,0,0.0000,False,,NODATA,25
kalba,2013-07-05,0,0,,,7,0,0.0000,False,,NODATA,25
kalba,2013-07-06,0,0,,,7,0,0.0000,False,,NODATA,25
kalba,2013-07-07,0,0,,,7,0,0.0000,False,,NODATA,25
kalba,2013-07-08,0,0,,,7,0,0.0000,False,,NODATA,25
kalba,2013-07-09,0,0,,,7,0,0.0000,False,,NODATA,25
kalba,2013-07-10,0,0,,,7,0,0.0000,False,,NODATA,25
kalba,2013-07-11,0,0,,,7,0,0.0000,False,,NODATA,25
kalba,2013-07-12,0,0,,,7,0,0.0000,False,,NODATA,25
kalba,2013-07-13,0,0,,,7,0,0.0000,False,,NODATA,25
kalba,2013-07-14,0,0,,,7,0,0.0000,False,,NODATA,25
kalba,2013-07-15,0,0,,,7,0,0.0000,False,,NODATA,25
kalba,2013-07-16,0,0,,,7,0,0.0000,False,,NODATA,25
kalba,2013-07-17,0,0,,,7,0,0.0000,False,,NODATA,25
kalba,2013-07-18,0,0,,,7,0,0.0000,False,,NODATA,25
kalba,2013-07-19,0,0,,,7,0,0.0000,False,,NODATA,25
kalba,2013-07-20,0,0,,,7,0,0.0000,False,,NODATA,25
kalba,2013-07-21,0,0,,,7,0,0.0000,False,,NODATA,25
kalba,2013-07-22,0,0,,,7,0,0.0000,False,,NODATA,25
kalba,2013-07-23,0,0,,,7,0,0.0000,False,,NODATA,25
kalba,2013-07-24,0,0,,,7,0,0.0000,False,,NODATA,25
kalba,2013-07-25,0,0,,,7,0,0.0000,False,,NODATA,25
kalba,2013-07-26,0,0,,,7,0,0.0000,False,,NODATA,25
kalba,2013-07-27,0,0,,,7,0,0.0000,False,,NODATA,25
kalba,2013-07-28,0,0,,,7,0,0.0000,False,,NODATA,25
kalba,2013-07-29,0,0,,,7,0,0.0000,False,,NODATA,25
kalba,2013-07-30,0,0,,,7,0,0.0000,False,,NODATA,25
kalba,2013-07-31,0,0,,,7,0,0.0000,False,,NODATA,25
kalba,2013-08-01,0,0,,,8,0,0.0000,False,,NODATA,25
kalba,2013-08-02,0,0,,,8,0,0.0000,False,,NODATA,25
kalba,2013-08-03,0,0,,,8,0,0.0000,False,,NODATA,25
kalba,2013-08-04,0,0,,,8,0,0.0000,False,,NODATA,25
kalba,2013-08-05,0,0,,,8,0,0.0000,False,,NODATA,25
kalba,2013-08-06,0,0,,,8,0,0.0000,False,,NODATA,25
kalba,2013-08-07,0,0,,,8,0,0.0000,False,,NODATA,25
kalba,2013-08-08,0,0,,,8,0,0.0000,False,,NODATA,25
kalba,2013-08-09,0,0,,,8,0,0.0000,False,,NODATA,25
kalba,2013-08-10,0,0,,,8,0,0.0000,False,,NODATA,25
kalba,2013-08-11,0,0,,,8,0,0.0000,False,,NODATA,25
kalba,2013-08-12,0,0,,,8,0,0.0000,False,,NODATA,25
kalba,2013-08-13,0,0,,,8,0,0.0000,False,,NODATA,25
kalba,2013-08-14,0,0,,,8,0,0.0000,False,,NODATA,25
kalba,2013-08-15,0,0,,,8,0,0.0000,False,,NODATA,25
kalba,2013-08-16,0,0,,,8,0,0.0000,False,,NODATA,25
kalba,2013-08-17,0,0,,,8,0,0.0000,False,,NODATA,25
kalba,2013-08-18,0,0,,,8,0,0.0000,False,,NODATA,25
kalba,2013-08-19,0,0,,,8,0,0.0000,False,,NODATA,25
kalba,2013-08-20,0,0,,,8,0,0.0000,False,,NODATA,25
kalba,2013-08-21,0,0,,,8,0,0.0000,False,,NODATA,25
kalba,2013-08-22,0,0,,,8,0,0.0000,False,,NODATA,25
kalba,2013-08-23,0,0,,,8,0,0.0000,False,,NODATA,25
kalba,2013-08-24,0,0,,,8,0,0.0000,False,,NODATA,25
kalba,2013-08-25,0,0,,,8,0,0.0000,False,,NODATA,25
kalba,2013-08-26,0,0,,,8,0,0.0000,False,,NODATA,25
kalba,2013-08-27,0,0,,,8,0,0.0000,False,,NODATA,25
kalba,2013-08-28,0,0,,,8,0,0.0000,False,,NODATA,25
kalba,2013-08-29,0,0,,,8,0,0.0000,False,,NODATA,25
kalba,2013-08-30,0,0,,,8,0,0.0000,False,,NODATA,25
kalba,2013-08-31,0,0,,,8,0,0.0000,False,,NODATA,25
kalba,2013-09-01,0,0,,,9,36,0.0000,False,,NODATA,25
kalba,2013-09-02,0,0,,,9,36,0.0000,False,,NODATA,25
kalba,2013-09-03,0,0,,,9,36,0.0000,False,,NODATA,25
kalba,2013-09-04,0,0,,,9,36,0.0000,False,,NODATA,25
kalba,2013-09-05,0,0,,,9,36,0.0000,False,,NODATA,25
kalba,2013-09-06,0,0,,,9,36,0.0000,False,,NODATA,25
kalba,2013-09-07,0,0,,,9,36,0.0000,False,,NODATA,25
kalba,2013-09-08,0,0,,,9,36,0.0000,False,,NODATA,25
kalba,2013-09-09,0,0,,,9,36,0.0000,False,,NODATA,25
kalba,2013-09-10,0,0,,,9,36,0.0000,False,,NODATA,25
kalba,2013-09-11,0,0,,,9,36,0.0000,False,,NODATA,25
kalba,2013-09-12,0,0,,,9,36,0.0000,False,,NODATA,25
kalba,2013-09-13,0,0,,,9,36,0.0000,False,,NODATA,25
kalba,2013-09-14,0,0,,,9,36,0.0000,False,,NODATA,25
kalba,2013-09-15,0,0,,,9,36,0.0000,False,,NODATA,25
kalba,2013-09-16,1,0,-1.3960,-0.8071,9,36,0.0278,False,,NODATA,25
kalba,2013-09-17,0,0,,,9,36,0.0000,False,,NODATA,25
kalba,2013-09-18,0,0,,,9,36,0.0000,False,,NODATA,25
kalba,2013-09-19,0,0,,,9,36,0.0000,False,,NODATA,25
kalba,2013-09-20,0,0,,,9,36,0.0000,False,,NODATA,25
kalba,2013-09-21,0,0,,,9,36,0.0000,False,,NODATA,25
kalba,2013-09-22,0,0,,,9,36,0.0000,False,,NODATA,25
kalba,2013-09-23,0,0,,,9,36,0.0000,False,,NODATA,25
kalba,2013-09-24,0,0,,,9,36,0.0000,False,,NODATA,25
kalba,2013-09-25,36,0,0.2934,-0.4257,9,36,1.0000,True,0.0000,QUIET,25
kalba,2013-09-26,0,0,,,9,36,0.0000,False,,NODATA,25
kalba,2013-09-27,0,0,,,9,36,0.0000,False,,NODATA,25
kalba,2013-09-28,0,0,,,9,36,0.0000,False,,NODATA,25
kalba,2013-09-29,0,0,,,9,36,0.0000,False,,NODATA,25
kalba,2013-09-30,0,0,,,9,36,0.0000,False,,NODATA,25
kalba,2013-10-01,0,0,,,10,47,0.0000,False,,NODATA,25
kalba,2013-10-02,0,0,,,10,47,0.0000,False,,NODATA,25
kalba,2013-10-03,0,0,,,10,47,0.0000,False,,NODATA,25
kalba,2013-10-04,0,0,,,10,47,0.0000,False,,NODATA,25
kalba,2013-10-05,0,0,,,10,47,0.0000,False,,NODATA,25
kalba,2013-10-06,0,0,,,10,47,0.0000,False,,NODATA,25
kalba,2013-10-07,0,0,,,10,47,0.0000,False,,NODATA,25
kalba,2013-10-08,0,0,,,10,47,0.0000,False,,NODATA,25
kalba,2013-10-09,0,0,,,10,47,0.0000,False,,NODATA,25
kalba,2013-10-10,0,0,,,10,47,0.0000,False,,NODATA,25
kalba,2013-10-11,0,0,,,10,47,0.0000,False,,NODATA,25
kalba,2013-10-12,0,0,,,10,47,0.0000,False,,NODATA,25
kalba,2013-10-13,0,0,,,10,47,0.0000,False,,NODATA,25
kalba,2013-10-14,0,0,,,10,47,0.0000,False,,NODATA,25
kalba,2013-10-15,38,0,-0.3345,-0.5771,10,47,0.8085,True,0.0000,QUIET,25
kalba,2013-10-16,0,0,,,10,47,0.0000,False,,NODATA,25
kalba,2013-10-17,0,0,,,10,47,0.0000,False,,NODATA,25
kalba,2013-10-18,40,0,-0.3878,-0.5112,10,47,0.8511,True,0.0000,QUIET,25
kalba,2013-10-19,0,0,,,10,47,0.0000,False,,NODATA,25
kalba,2013-10-20,47,0,-0.0578,-0.4409,10,47,1.0000,True,0.0000,QUIET,25
kalba,2013-10-21,0,0,,,10,47,0.0000,False,,NODATA,25
kalba,2013-10-22,0,0,,,10,47,0.0000,False,,NODATA,25
kalba,2013-10-23,0,0,,,10,47,0.0000,False,,NODATA,25
kalba,2013-10-24,0,0,,,10,47,0.0000,False,,NODATA,25
kalba,2013-10-25,30,0,-0.9211,-0.6027,10,47,0.6383,True,0.0000,QUIET,25
kalba,2013-10-26,0,0,,,10,47,0.0000,False,,NODATA,25
kalba,2013-10-27,40,0,-0.5374,-0.5656,10,47,0.8511,True,0.0000,QUIET,25
kalba,2013-10-28,0,0,,,10,47,0.0000,False,,NODATA,25
kalba,2013-10-29,0,0,,,10,47,0.0000,False,,NODATA,25
kalba,2013-10-30,0,0,,,10,47,0.0000,False,,NODATA,25
kalba,2013-10-31,0,0,,,10,47,0.0000,False,,NODATA,25
kalba,2013-11-01,0,0,,,11,47,0.0000,False,,NODATA,25
kalba,2013-11-02,0,0,,,11,47,0.0000,False,,NODATA,25
kalba,2013-11-03,18,0,-1.2077,-0.5708,11,47,0.3830,True,0.0000,QUIET,25
kalba,2013-11-04,0,0,,,11,47,0.0000,False,,NODATA,25
kalba,2013-11-05,12,0,-1.0711,-0.5134,11,47,0.2553,True,0.0000,QUIET,25
kalba,2013-11-06,0,0,,,11,47,0.0000,False,,NODATA,25
kalba,2013-11-07,44,0,-0.3742,-0.4059,11,47,0.9362,True,0.0000,QUIET,25
kalba,2013-11-08,13,0,-0.7805,-0.5495,11,47,0.2766,True,0.0000,QUIET,25
kalba,2013-11-09,24,0,-0.8499,-0.5485,11,47,0.5106,True,0.0000,QUIET,25
kalba,2013-11-10,37,0,0.1993,-0.3075,11,47,0.7872,True,0.0000,QUIET,25
kalba,2013-11-11,27,0,-0.3576,-0.3957,11,47,0.5745,True,0.0000,QUIET,25
kalba,2013-11-12,46,0,-0.0108,-0.2329,11,47,0.9787,True,0.0000,QUIET,25
kalba,2013-11-13,0,0,,,11,47,0.0000,False,,NODATA,25
kalba,2013-11-14,33,0,-1.0865,-0.4962,11,47,0.7021,True,0.0000,QUIET,25
kalba,2013-11-15,0,0,,,11,47,0.0000,False,,NODATA,25
kalba,2013-11-16,0,0,,,11,47,0.0000,False,,NODATA,25
kalba,2013-11-17,0,0,,,11,47,0.0000,False,,NODATA,25
kalba,2013-11-18,0,0,,,11,47,0.0000,False,,NODATA,25
kalba,2013-11-19,37,0,-0.5714,-0.3605,11,47,0.7872,True,0.0000,QUIET,25
kalba,2013-11-20,0,0,,,11,47,0.0000,False,,NODATA,25
kalba,2013-11-21,0,0,,,11,47,0.0000,False,,NODATA,25
kalba,2013-11-22,0,0,,,11,47,0.0000,False,,NODATA,25
kalba,2013-11-23,30,0,-0.9283,-0.4456,11,47,0.6383,True,0.0000,QUIET,25
kalba,2013-11-24,0,0,,,11,47,0.0000,False,,NODATA,25
kalba,2013-11-25,36,0,-0.1160,-0.1937,11,47,0.7660,True,0.0000,QUIET,25
kalba,2013-11-26,36,0,0.5007,0.0528,11,47,0.7660,True,0.0000,QUIET,25
kalba,2013-11-27,28,0,-0.3615,-0.2564,11,47,0.5957,True,0.0000,QUIET,25
kalba,2013-11-28,36,3,3.0123,0.0642,11,47,0.7660,True,0.0833,QUIET,25
kalba,2013-11-29,0,0,,,11,47,0.0000,False,,NODATA,25
kalba,2013-11-30,45,0,0.6706,0.1505,11,47,0.9574,True,0.0000,QUIET,25
kalba,2013-12-01,0,0,,,12,47,0.0000,False,,NODATA,25
kalba,2013-12-02,34,0,0.2073,-0.0237,12,47,0.7234,True,0.0000,QUIET,25
kalba,2013-12-03,0,0,,,12,47,0.0000,False,,NODATA,25
kalba,2013-12-04,4,0,-0.0013,-0.3142,12,47,0.0851,False,,NODATA,25
kalba,2013-12-05,1,0,-0.0424,0.1228,12,47,0.0213,False,,NODATA,25
kalba,2013-12-06,0,0,,,12,47,0.0000,False,,NODATA,25
kalba,2013-12-07,44,9,3.0630,0.5267,12,47,0.9362,True,0.2045,QUIET,25
kalba,2013-12-08,0,0,,,12,47,0.0000,False,,NODATA,25
kalba,2013-12-09,46,0,0.1505,-0.1293,12,47,0.9787,True,0.0000,QUIET,25
kalba,2013-12-10,3,1,2.2501,0.4786,12,47,0.0638,False,,NODATA,25
kalba,2013-12-11,0,0,,,12,47,0.0000,False,,NODATA,25
kalba,2013-12-12,8,5,3.6429,0.9140,12,47,0.1702,True,0.6250,EXCEED,25
kalba,2013-12-13,0,0,,,12,47,0.0000,False,,NODATA,25
kalba,2013-12-14,43,13,3.1334,0.5753,12,47,0.9149,True,0.3023,ALERT,25
kalba,2013-12-15,0,0,,,12,47,0.0000,False,,NODATA,25
kalba,2013-12-16,31,14,3.4502,0.9254,12,47,0.6596,True,0.4516,ALERT,25
kalba,2013-12-17,0,0,,,12,47,0.0000,False,,NODATA,25
kalba,2013-12-18,37,15,3.9922,0.7969,12,47,0.7872,True,0.4054,ALERT,25
kalba,2013-12-19,0,0,,,12,47,0.0000,False,,NODATA,25
kalba,2013-12-20,0,0,,,12,47,0.0000,False,,NODATA,25
kalba,2013-12-21,3,3,2.6103,1.3684,12,47,0.0638,False,,NODATA,25
kalba,2013-12-22,0,0,,,12,47,0.0000,False,,NODATA,25
kalba,2013-12-23,0,0,,,12,47,0.0000,False,,NODATA,25
kalba,2013-12-24,0,0,,,12,47,0.0000,False,,NODATA,25
kalba,2013-12-25,47,0,1.8266,0.1344,12,47,1.0000,True,0.0000,QUIET,25
kalba,2013-12-26,25,13,4.7332,0.9533,12,47,0.5319,True,0.5200,EXCEED,25
kalba,2013-12-27,32,1,2.7234,-0.0968,12,47,0.6809,True,0.0312,QUIET,25
kalba,2013-12-28,36,11,3.8603,0.7731,12,47,0.7660,True,0.3056,ALERT,25
kalba,2013-12-29,17,0,-1.2431,-0.4281,12,47,0.3617,True,0.0000,QUIET,25
kalba,2013-12-30,46,0,1.5812,0.1235,12,47,0.9787,True,0.0000,QUIET,25
kalba,2013-12-31,0,0,,,12,47,0.0000,False,,NODATA,25
kalba,2014-01-01,47,0,1.7198,0.1462,1,47,1.0000,True,0.0000,QUIET,25
kalba,2014-01-02,0,0,,,1,47,0.0000,False,,NODATA,25
kalba,2014-01-03,22,0,0.7232,-0.1101,1,47,0.4681,True,0.0000,QUIET,25
kalba,2014-01-04,24,3,5.2968,0.1324,1,47,0.5106,True,0.1250,QUIET,25
kalba,2014-01-05,33,3,2.5043,-0.1154,1,47,0.7021,True,0.0909,QUIET,25
kalba,2014-01-06,0,0,,,1,47,0.0000,False,,NODATA,25
kalba,2014-01-07,0,0,,,1,47,0.0000,False,,NODATA,25
kalba,2014-01-08,9,0,-0.9711,-0.4419,1,47,0.1915,True,0.0000,QUIET,25
kalba,2014-01-09,0,0,,,1,47,0.0000,False,,NODATA,25
kalba,2014-01-10,0,0,,,1,47,0.0000,False,,NODATA,25
kalba,2014-01-11,0,0,,,1,47,0.0000,False,,NODATA,25
kalba,2014-01-12,0,0,,,1,47,0.0000,False,,NODATA,25
kalba,2014-01-13,34,0,1.6457,0.0553,1,47,0.7234,True,0.0000,QUIET,25
kalba,2014-01-14,8,0,-0.8794,-0.3009,1,47,0.1702,True,0.0000,QUIET,25
kalba,2014-01-15,46,0,0.6569,0.0271,1,47,0.9787,True,0.0000,QUIET,25
kalba,2014-01-16,0,0,,,1,47,0.0000,False,,NODATA,25
kalba,2014-01-17,45,3,3.6930,0.3723,1,47,0.9574,True,0.0667,QUIET,25
kalba,2014-01-18,0,0,,,1,47,0.0000,False,,NODATA,25
kalba,2014-01-19,0,0,,,1,47,0.0000,False,,NODATA,25
kalba,2014-01-20,2,0,-1.6898,-0.5314,1,47,0.0426,False,,NODATA,25
kalba,2014-01-21,22,0,-0.2910,-0.1535,1,47,0.4681,True,0.0000,QUIET,25
kalba,2014-01-22,43,0,1.4223,0.1113,1,47,0.9149,True,0.0000,QUIET,25
kalba,2014-01-23,0,0,,,1,47,0.0000,False,,NODATA,25
kalba,2014-01-24,6,5,3.5366,1.1192,1,47,0.1277,True,0.8333,EXCEED,25
kalba,2014-01-25,0,0,,,1,47,0.0000,False,,NODATA,25
kalba,2014-01-26,41,10,3.5007,0.7155,1,47,0.8723,True,0.2439,QUIET,25
kalba,2014-01-27,0,0,,,1,47,0.0000,False,,NODATA,25
kalba,2014-01-28,0,0,,,1,47,0.0000,False,,NODATA,25
kalba,2014-01-29,8,8,4.4362,1.3643,1,47,0.1702,True,1.0000,ALERT,25
kalba,2014-01-30,0,0,,,1,47,0.0000,False,,NODATA,25
kalba,2014-01-31,0,0,,,1,47,0.0000,False,,NODATA,25
kalba,2014-02-01,0,0,,,2,44,0.0000,False,,NODATA,25
kalba,2014-02-02,1,0,1.4575,1.3115,2,44,0.0227,False,,NODATA,25
kalba,2014-02-03,0,0,,,2,44,0.0000,False,,NODATA,25
kalba,2014-02-04,0,0,,,2,44,0.0000,False,,NODATA,25
kalba,2014-02-05,0,0,,,2,44,0.0000,False,,NODATA,25
kalba,2014-02-06,0,0,,,2,44,0.0000,False,,NODATA,25
kalba,2014-02-07,1,0,1.9000,1.7374,2,44,0.0227,False,,NODATA,25
kalba,2014-02-08,0,0,,,2,44,0.0000,False,,NODATA,25
kalba,2014-02-09,0,0,,,2,44,0.0000,False,,NODATA,25
kalba,2014-02-10,0,0,,,2,44,0.0000,False,,NODATA,25
kalba,2014-02-11,44,0,-0.1617,-0.0396,2,44,1.0000,True,0.0000,QUIET,25
kalba,2014-02-12,0,0,,,2,44,0.0000,False,,NODATA,25
kalba,2014-02-13,33,0,-0.8139,-0.1546,2,44,0.7500,True,0.0000,QUIET,25
kalba,2014-02-14,36,1,2.0437,0.1591,2,44,0.8182,True,0.0278,QUIET,25
kalba,2014-02-15,28,0,-0.2741,-0.0338,2,44,0.6364,True,0.0000,QUIET,25
kalba,2014-02-16,44,0,0.1664,0.0466,2,44,1.0000,True,0.0000,QUIET,25
kalba,2014-02-17,0,0,,,2,44,0.0000,False,,NODATA,25
kalba,2014-02-18,0,0,,,2,44,0.0000,False,,NODATA,25
kalba,2014-02-19,0,0,,,2,44,0.0000,False,,NODATA,25
kalba,2014-02-20,37,0,-0.4064,-0.0198,2,44,0.8409,True,0.0000,QUIET,25
kalba,2014-02-21,0,0,,,2,44,0.0000,False,,NODATA,25
kalba,2014-02-22,33,0,-0.3393,0.0079,2,44,0.7500,True,0.0000,QUIET,25
kalba,2014-02-23,41,0,0.5023,0.2056,2,44,0.9318,True,0.0000,QUIET,25
kalba,2014-02-24,0,0,,,2,44,0.0000,False,,NODATA,25
kalba,2014-02-25,44,2,2.3835,0.7569,2,44,1.0000,True,0.0455,QUIET,25
kalba,2014-02-26,0,0,,,2,44,0.0000,False,,NODATA,25
kalba,2014-02-27,40,1,2.0449,1.0380,2,44,0.9091,True,0.0250,QUIET,25
kalba,2014-02-28,0,0,,,2,44,0.0000,False,,NODATA,25
kalba,2014-03-01,0,0,,,3,44,0.0000,False,,NODATA,25
kalba,2014-03-02,0,0,,,3,44,0.0000,False,,NODATA,25
kalba,2014-03-03,11,3,3.1479,1.2476,3,44,0.2500,True,0.2727,QUIET,25
kalba,2014-03-04,0,0,,,3,44,0.0000,False,,NODATA,25
kalba,2014-03-05,0,0,,,3,44,0.0000,False,,NODATA,25
kalba,2014-03-06,44,4,5.3050,0.9657,3,44,1.0000,True,0.0909,QUIET,25
kalba,2014-03-07,0,0,,,3,44,0.0000,False,,NODATA,25
kalba,2014-03-08,0,0,,,3,44,0.0000,False,,NODATA,25
kalba,2014-03-09,1,1,2.0148,1.5879,3,44,0.0227,False,,NODATA,25
kalba,2014-03-10,0,0,,,3,44,0.0000,False,,NODATA,25
kalba,2014-03-11,13,0,1.7633,0.9501,3,44,0.2955,True,0.0000,QUIET,25
kalba,2014-03-12,0,0,,,3,44,0.0000,False,,NODATA,25
kalba,2014-03-13,0,0,,,3,44,0.0000,False,,NODATA,25
kalba,2014-03-14,0,0,,,3,44,0.0000,False,,NODATA,25
kalba,2014-03-15,0,0,,,3,44,0.0000,False,,NODATA,25
kalba,2014-03-16,0,0,,,3,44,0.0000,False,,NODATA,25
kalba,2014-03-17,36,0,-0.5826,-0.1070,3,44,0.8182,True,0.0000,QUIET,25
kalba,2014-03-18,35,0,0.6150,0.3197,3,44,0.7955,True,0.0000,QUIET,25
kalba,2014-03-19,13,0,-0.0838,0.1300,3,44,0.2955,True,0.0000,QUIET,25
kalba,2014-03-20,0,0,,,3,44,0.0000,False,,NODATA,25
kalba,2014-03-21,0,0,,,3,44,0.0000,False,,NODATA,25
kalba,2014-03-22,0,0,,,3,44,0.0000,False,,NODATA,25
kalba,2014-03-23,0,0,,,3,44,0.0000,False,,NODATA,25
kalba,2014-03-24,0,0,,,3,44,0.0000,False,,NODATA,25
kalba,2014-03-25,0,0,,,3,44,0.0000,False,,NODATA,25
kalba,2014-03-26,0,0,,,3,44,0.0000,False,,NODATA,25
kalba,2014-03-27,32,1,2.6957,1.0130,3,44,0.7273,True,0.0312,QUIET,25
kalba,2014-03-28,7,0,-0.9027,-0.1042,3,44,0.1591,True,0.0000,QUIET,25
kalba,2014-03-29,44,2,2.0111,0.6986,3,44,1.0000,True,0.0455,QUIET,25
kalba,2014-03-30,0,0,,,3,44,0.0000,False,,NODATA,25
kalba,2014-03-31,0,0,,,3,44,0.0000,False,,NODATA,25
kalba,2014-04-01,0,0,,,4,39,0.0000,False,,NODATA,25
kalba,2014-04-02,0,0,,,4,39,0.0000,False,,NODATA,25
kalba,2014-04-03,0,0,,,4,39,0.0000,False,,NODATA,25
kalba,2014-04-04,0,0,,,4,39,0.0000,False,,NODATA,25
kalba,2014-04-05,3,3,2.8801,0.7408,4,39,0.0769,False,,NODATA,25
kalba,2014-04-06,0,0,,,4,39,0.0000,False,,NODATA,25
kalba,2014-04-07,0,0,,,4,39,0.0000,False,,NODATA,25
kalba,2014-04-08,0,0,,,4,39,0.0000,False,,NODATA,25
kalba,2014-04-09,0,0,,,4,39,0.0000,False,,NODATA,25
kalba,2014-04-10,0,0,,,4,39,0.0000,False,,NODATA,25
kalba,2014-04-11,0,0,,,4,39,0.0000,False,,NODATA,25
kalba,2014-04-12,0,0,,,4,39,0.0000,False,,NODATA,25
kalba,2014-04-13,0,0,,,4,39,0.0000,False,,NODATA,25
kalba,2014-04-14,0,0,,,4,39,0.0000,False,,NODATA,25
kalba,2014-04-15,0,0,,,4,39,0.0000,False,,NODATA,25
kalba,2014-04-16,0,0,,,4,39,0.0000,False,,NODATA,25
kalba,2014-04-17,0,0,,,4,39,0.0000,False,,NODATA,25
kalba,2014-04-18,0,0,,,4,39,0.0000,False,,NODATA,25
kalba,2014-04-19,10,0,1.1550,0.1058,4,39,0.2564,True,0.0000,QUIET,25
kalba,2014-04-20,0,0,,,4,39,0.0000,False,,NODATA,25
kalba,2014-04-21,0,0,,,4,39,0.0000,False,,NODATA,25
kalba,2014-04-22,0,0,,,4,39,0.0000,False,,NODATA,25
kalba,2014-04-23,0,0,,,4,39,0.0000,False,,NODATA,25
kalba,2014-04-24,0,0,,,4,39,0.0000,False,,NODATA,25
kalba,2014-04-25,0,0,,,4,39,0.0000,False,,NODATA,25
kalba,2014-04-26,31,0,1.2648,-0.1946,4,39,0.7949,True,0.0000,QUIET,25
kalba,2014-04-27,17,0,-0.5164,-0.3202,4,39,0.4359,True,0.0000,QUIET,25
kalba,2014-04-28,38,2,2.8541,-0.3053,4,39,0.9744,True,0.0526,QUIET,25
kalba,2014-04-29,0,0,,,4,39,0.0000,False,,NODATA,25
kalba,2014-04-30,0,0,,,4,39,0.0000,False,,NODATA,25
kalba,2014-05-01,0,0,,,5,22,0.0000,False,,NODATA,25
kalba,2014-05-02,0,0,,,5,22,0.0000,False,,NODATA,25
kalba,2014-05-03,0,0,,,5,22,0.0000,False,,NODATA,25
kalba,2014-05-04,0,0,,,5,22,0.0000,False,,NODATA,25
kalba,2014-05-05,22,18,7.2565,-0.2721,5,22,1.0000,True,0.8182,EXCEED,25
kalba,2014-05-06,0,0,,,5,22,0.0000,False,,NODATA,25
kalba,2014-05-07,22,3,3.3041,-0.5221,5,22,1.0000,True,0.1364,QUIET,25
kalba,2014-05-08,0,0,,,5,22,0.0000,False,,NODATA,25
kalba,2014-05-09,0,0,,,5,22,0.0000,False,,NODATA,25
kalba,2014-05-10,0,0,,,5,22,0.0000,False,,NODATA,25
kalba,2014-05-11,0,0,,,5,22,0.0000,False,,NODATA,25
kalba,2014-05-12,0,0,,,5,22,0.0000,False,,NODATA,25
kalba,2014-05-13,0,0,,,5,22,0.0000,False,,NODATA,25
kalba,2014-05-14,0,0,,,5,22,0.0000,False,,NODATA,25
kalba,2014-05-15,0,0,,,5,22,0.0000,False,,NODATA,25
kalba,2014-05-16,0,0,,,5,22,0.0000,False,,NODATA,25
kalba,2014-05-17,0,0,,,5,22,0.0000,False,,NODATA,25
kalba,2014-05-18,0,0,,,5,22,0.0000,False,,NODATA,25
kalba,2014-05-19,0,0,,,5,22,0.0000,False,,NODATA,25
kalba,2014-05-20,0,0,,,5,22,0.0000,False,,NODATA,25
kalba,2014-05-21,0,0,,,5,22,0.0000,False,,NODATA,25
kalba,2014-05-22,0,0,,,5,22,0.0000,False,,NODATA,25
kalba,2014-05-23,0,0,,,5,22,0.0000,False,,NODATA,25
kalba,2014-05-24,0,0,,,5,22,0.0000,False,,NODATA,25
kalba,2014-05-25,0,0,,,5,22,0.0000,False,,NODATA,25
kalba,2014-05-26,0,0,,,5,22,0.0000,False,,NODATA,25
kalba,2014-05-27,0,0,,,5,22,0.0000,False,,NODATA,25
kalba,2014-05-28,0,0,,,5,22,0.0000,False,,NODATA,25
kalba,2014-05-29,0,0,,,5,22,0.0000,False,,NODATA,25
kalba,2014-05-30,20,0,1.2339,-0.4945,5,22,0.9091,True,0.0000,QUIET,25
kalba,2014-05-31,1,0,0.2497,-0.5466,5,22,0.0455,False,,NODATA,25
kalba,2014-06-01,0,0,,,6,8,0.0000,False,,NODATA,25
kalba,2014-06-02,0,0,,,6,8,0.0000,False,,NODATA,25
kalba,2014-06-03,0,0,,,6,8,0.0000,False,,NODATA,25
kalba,2014-06-04,0,0,,,6,8,0.0000,False,,NODATA,25
kalba,2014-06-05,0,0,,,6,8,0.0000,False,,NODATA,25
kalba,2014-06-06,8,0,1.3035,-0.4706,6,8,1.0000,True,0.0000,QUIET,25
kalba,2014-06-07,4,0,0.4583,-0.6022,6,8,0.5000,True,0.0000,QUIET,25
kalba,2014-06-08,8,0,0.0581,-0.7272,6,8,1.0000,True,0.0000,QUIET,25
kalba,2014-06-09,0,0,,,6,8,0.0000,False,,NODATA,25
kalba,2014-06-10,0,0,,,6,8,0.0000,False,,NODATA,25
kalba,2014-06-11,0,0,,,6,8,0.0000,False,,NODATA,25
kalba,2014-06-12,0,0,,,6,8,0.0000,False,,NODATA,25
kalba,2014-06-13,0,0,,,6,8,0.0000,False,,NODATA,25
kalba,2014-06-14,0,0,,,6,8,0.0000,False,,NODATA,25
kalba,2014-06-15,8,0,0.6904,-0.6156,6,8,1.0000,True,0.0000,QUIET,25
kalba,2014-06-16,0,0,,,6,8,0.0000,False,,NODATA,25
kalba,2014-06-17,0,0,,,6,8,0.0000,False,,NODATA,25
kalba,2014-06-18,0,0,,,6,8,0.0000,False,,NODATA,25
kalba,2014-06-19,0,0,,,6,8,0.0000,False,,NODATA,25
kalba,2014-06-20,0,0,,,6,8,0.0000,False,,NODATA,25
kalba,2014-06-21,0,0,,,6,8,0.0000,False,,NODATA,25
kalba,2014-06-22,0,0,,,6,8,0.0000,False,,NODATA,25
kalba,2014-06-23,0,0,,,6,8,0.0000,False,,NODATA,25
kalba,2014-06-24,0,0,,,6,8,0.0000,False,,NODATA,25
kalba,2014-06-25,0,0,,,6,8,0.0000,False,,NODATA,25
kalba,2014-06-26,0,0,,,6,8,0.0000,False,,NODATA,25
kalba,2014-06-27,0,0,,,6,8,0.0000,False,,NODATA,25
kalba,2014-06-28,0,0,,,6,8,0.0000,False,,NODATA,25
kalba,2014-06-29,0,0,,,6,8,0.0000,False,,NODATA,25
kalba,2014-06-30,0,0,,,6,8,0.0000,False,,NODATA,25
kalba,2014-07-01,0,0,,,7,0,0.0000,False,,NODATA,25
kalba,2014-07-02,0,0,,,7,0,0.0000,False,,NODATA,25
kalba,2014-07-03,0,0,,,7,0,0.0000,False,,NODATA,25
kalba,2014-07-04,0,0,,,7,0,0.0000,False,,NODATA,25
kalba,2014-07-05,0,0,,,7,0,0.0000,False,,NODATA,25
kalba,2014-07-06,0,0,,,7,0,0.0000,False,,NODATA,25
kalba,2014-07-07,0,0,,,7,0,0.0000,False,,NODATA,25
kalba,2014-07-08,0,0,,,7,0,0.0000,False,,NODATA,25
kalba,2014-07-09,0,0,,,7,0,0.0000,False,,NODATA,25
kalba,2014-07-10,0,0,,,7,0,0.0000,False,,NODATA,25
kalba,2014-07-11,0,0,,,7,0,0.0000,False,,NODATA,25
kalba,2014-07-12,0,0,,,7,0,0.0000,False,,NODATA,25
kalba,2014-07-13,0,0,,,7,0,0.0000,False,,NODATA,25
kalba,2014-07-14,0,0,,,7,0,0.0000,False,,NODATA,25
kalba,2014-07-15,0,0,,,7,0,0.0000,False,,NODATA,25
kalba,2014-07-16,0,0,,,7,0,0.0000,False,,NODATA,25
kalba,2014-07-17,0,0,,,7,0,0.0000,False,,NODATA,25
kalba,2014-07-18,0,0,,,7,0,0.0000,False,,NODATA,25
kalba,2014-07-19,0,0,,,7,0,0.0000,False,,NODATA,25
kalba,2014-07-20,0,0,,,7,0,0.0000,False,,NODATA,25
kalba,2014-07-21,0,0,,,7,0,0.0000,False,,NODATA,25
kalba,2014-07-22,0,0,,,7,0,0.0000,False,,NODATA,25
kalba,2014-07-23,0,0,,,7,0,0.0000,False,,NODATA,25
kalba,2014-07-24,0,0,,,7,0,0.0000,False,,NODATA,25
kalba,2014-07-25,0,0,,,7,0,0.0000,False,,NODATA,25
kalba,2014-07-26,0,0,,,7,0,0.0000,False,,NODATA,25
kalba,2014-07-27,0,0,,,7,0,0.0000,False,,NODATA,25
kalba,2014-07-28,0,0,,,7,0,0.0000,False,,NODATA,25
kalba,2014-07-29,0,0,,,7,0,0.0000,False,,NODATA,25
kalba,2014-07-30,0,0,,,7,0,0.0000,False,,NODATA,25
kalba,2014-07-31,0,0,,,7,0,0.0000,False,,NODATA,25
kalba,2014-08-01,0,0,,,8,0,0.0000,False,,NODATA,25
kalba,2014-08-02,0,0,,,8,0,0.0000,False,,NODATA,25
kalba,2014-08-03,0,0,,,8,0,0.0000,False,,NODATA,25
kalba,2014-08-04,0,0,,,8,0,0.0000,False,,NODATA,25
kalba,2014-08-05,0,0,,,8,0,0.0000,False,,NODATA,25
kalba,2014-08-06,0,0,,,8,0,0.0000,False,,NODATA,25
kalba,2014-08-07,0,0,,,8,0,0.0000,False,,NODATA,25
kalba,2014-08-08,0,0,,,8,0,0.0000,False,,NODATA,25
kalba,2014-08-09,0,0,,,8,0,0.0000,False,,NODATA,25
kalba,2014-08-10,0,0,,,8,0,0.0000,False,,NODATA,25
kalba,2014-08-11,0,0,,,8,0,0.0000,False,,NODATA,25
kalba,2014-08-12,0,0,,,8,0,0.0000,False,,NODATA,25
kalba,2014-08-13,0,0,,,8,0,0.0000,False,,NODATA,25
kalba,2014-08-14,0,0,,,8,0,0.0000,False,,NODATA,25
kalba,2014-08-15,0,0,,,8,0,0.0000,False,,NODATA,25
kalba,2014-08-16,0,0,,,8,0,0.0000,False,,NODATA,25
kalba,2014-08-17,0,0,,,8,0,0.0000,False,,NODATA,25
kalba,2014-08-18,0,0,,,8,0,0.0000,False,,NODATA,25
kalba,2014-08-19,0,0,,,8,0,0.0000,False,,NODATA,25
kalba,2014-08-20,0,0,,,8,0,0.0000,False,,NODATA,25
kalba,2014-08-21,0,0,,,8,0,0.0000,False,,NODATA,25
kalba,2014-08-22,0,0,,,8,0,0.0000,False,,NODATA,25
kalba,2014-08-23,0,0,,,8,0,0.0000,False,,NODATA,25
kalba,2014-08-24,0,0,,,8,0,0.0000,False,,NODATA,25
kalba,2014-08-25,0,0,,,8,0,0.0000,False,,NODATA,25
kalba,2014-08-26,0,0,,,8,0,0.0000,False,,NODATA,25
kalba,2014-08-27,0,0,,,8,0,0.0000,False,,NODATA,25
kalba,2014-08-28,0,0,,,8,0,0.0000,False,,NODATA,25
kalba,2014-08-29,0,0,,,8,0,0.0000,False,,NODATA,25
kalba,2014-08-30,0,0,,,8,0,0.0000,False,,NODATA,25
kalba,2014-08-31,0,0,,,8,0,0.0000,False,,NODATA,25
kalba,2014-09-01,7,0,0.7167,-0.4145,9,36,0.1944,True,0.0000,QUIET,25
kalba,2014-09-02,8,0,-0.2103,-0.5537,9,36,0.2222,True,0.0000,QUIET,25
kalba,2014-09-03,21,0,1.2512,-0.4842,9,36,0.5833,True,0.0000,QUIET,25
kalba,2014-09-04,0,0,,,9,36,0.0000,False,,NODATA,25
kalba,2014-09-05,10,0,1.4023,-0.3231,9,36,0.2778,True,0.0000,QUIET,25
kalba,2014-09-06,0,0,,,9,36,0.0000,False,,NODATA,25
kalba,2014-09-07,0,0,,,9,36,0.0000,False,,NODATA,25
kalba,2014-09-08,0,0,,,9,36,0.0000,False,,NODATA,25
kalba,2014-09-09,0,0,,,9,36,0.0000,False,,NODATA,25
kalba,2014-09-10,0,0,,,9,36,0.0000,False,,NODATA,25
kalba,2014-09-11,0,0,,,9,36,0.0000,False,,NODATA,25
kalba,2014-09-12,0,0,,,9,36,0.0000,False,,NODATA,25
kalba,2014-09-13,0,0,,,9,36,0.0000,False,,NODATA,25
kalba,2014-09-14,0,0,,,9,36,0.0000,False,,NODATA,25
kalba,2014-09-15,0,0,,,9,36,0.0000,False,,NODATA,25
kalba,2014-09-16,0,0,,,9,36,0.0000,False,,NODATA,25
kalba,2014-09-17,0,0,,,9,36,0.0000,False,,NODATA,25
kalba,2014-09-18,0,0,,,9,36,0.0000,False,,NODATA,25
kalba,2014-09-19,0,0,,,9,36,0.0000,False,,NODATA,25
kalba,2014-09-20,0,0,,,9,36,0.0000,False,,NODATA,25
kalba,2014-09-21,36,3,2.3940,0.0383,9,36,1.0000,True,0.0833,QUIET,25
kalba,2014-09-22,0,0,,,9,36,0.0000,False,,NODATA,25
kalba,2014-09-23,0,0,,,9,36,0.0000,False,,NODATA,25
kalba,2014-09-24,0,0,,,9,36,0.0000,False,,NODATA,25
kalba,2014-09-25,0,0,,,9,36,0.0000,False,,NODATA,25
kalba,2014-09-26,0,0,,,9,36,0.0000,False,,NODATA,25
kalba,2014-09-27,0,0,,,9,36,0.0000,False,,NODATA,25
kalba,2014-09-28,36,0,1.8374,-0.0621,9,36,1.0000,True,0.0000,QUIET,25
kalba,2014-09-29,0,0,,,9,36,0.0000,False,,NODATA,25
kalba,2014-09-30,6,0,0.0056,-0.5659,9,36,0.1667,True,0.0000,QUIET,25
kalba,2014-10-01,0,0,,,10,47,0.0000,False,,NODATA,25
kalba,2014-10-02,0,0,,,10,47,0.0000,False,,NODATA,25
kalba,2014-10-03,0,0,,,10,47,0.0000,False,,NODATA,25
kalba,2014-10-04,0,0,,,10,47,0.0000,False,,NODATA,25
kalba,2014-10-05,0,0,,,10,47,0.0000,False,,NODATA,25
kalba,2014-10-06,0,0,,,10,47,0.0000,False,,NODATA,25
kalba,2014-10-07,25,0,0.7697,-0.2883,10,47,0.5319,True,0.0000,QUIET,25
kalba,2014-10-08,0,0,,,10,47,0.0000,False,,NODATA,25
kalba,2014-10-09,0,0,,,10,47,0.0000,False,,NODATA,25
kalba,2014-10-10,0,0,,,10,47,0.0000,False,,NODATA,25
kalba,2014-10-11,0,0,,,10,47,0.0000,False,,NODATA,25
kalba,2014-10-12,30,0,-0.4128,-0.4997,10,47,0.6383,True,0.0000,QUIET,25
kalba,2014-10-13,0,0,,,10,47,0.0000,False,,NODATA,25
kalba,2014-10-14,46,0,0.1263,-0.3396,10,47,0.9787,True,0.0000,QUIET,25
kalba,2014-10-15,0,0,,,10,47,0.0000,False,,NODATA,25
kalba,2014-10-16,17,0,-0.8587,-0.5915,10,47,0.3617,True,0.0000,QUIET,25
kalba,2014-10-17,0,0,,,10,47,0.0000,False,,NODATA,25
kalba,2014-10-18,0,0,,,10,47,0.0000,False,,NODATA,25
kalba,2014-10-19,0,0,,,10,47,0.0000,False,,NODATA,25
kalba,2014-10-20,37,0,-0.1372,-0.4926,10,47,0.7872,True,0.0000,QUIET,25
kalba,2014-10-21,4,0,-0.4438,-0.4824,10,47,0.0851,False,,NODATA,25
kalba,2014-10-22,0,0,,,10,47,0.0000,False,,NODATA,25
kalba,2014-10-23,41,3,2.8066,-0.2054,10,47,0.8723,True,0.0732,QUIET,25
kalba,2014-10-24,0,0,,,10,47,0.0000,False,,NODATA,25
kalba,2014-10-25,44,0,0.8960,-0.2892,10,47,0.9362,True,0.0000,QUIET,25
kalba,2014-10-26,0,0,,,10,47,0.0000,False,,NODATA,25
kalba,2014-10-27,0,0,,,10,47,0.0000,False,,NODATA,25
kalba,2014-10-28,40,0,0.8287,-0.3125,10,47,0.8511,True,0.0000,QUIET,25
kalba,2014-10-29,0,0,,,10,47,0.0000,False,,NODATA,25
kalba,2014-10-30,0,0,,,10,47,0.0000,False,,NODATA,25
kalba,2014-10-31,0,0,,,10,47,0.0000,False,,NODATA,25
kalba,2014-11-01,0,0,,,11,47,0.0000,False,,NODATA,25
kalba,2014-11-02,0,0,,,11,47,0.0000,False,,NODATA,25
kalba,2014-11-03,42,0,-0.0951,-0.2836,11,47,0.8936,True,0.0000,QUIET,25
kalba,2014-11-04,0,0,,,11,47,0.0000,False,,NODATA,25
kalba,2014-11-05,0,0,,,11,47,0.0000,False,,NODATA,25
kalba,2014-11-06,0,0,,,11,47,0.0000,False,,NODATA,25
kalba,2014-11-07,0,0,,,11,47,0.0000,False,,NODATA,25
kalba,2014-11-08,0,0,,,11,47,0.0000,False,,NODATA,25
kalba,2014-11-09,0,0,,,11,47,0.0000,False,,NODATA,25
kalba,2014-11-10,46,0,0.8348,-0.0271,11,47,0.9787,True,0.0000,QUIET,25
kalba,2014-11-11,32,0,0.7439,0.0329,11,47,0.6809,True,0.0000,QUIET,25
kalba,2014-11-12,40,0,0.2451,-0.1326,11,47,0.8511,True,0.0000,QUIET,25
kalba,2014-11-13,39,0,1.4165,0.2955,11,47,0.8298,True,0.0000,QUIET,25
kalba,2014-11-14,30,0,-0.0665,-0.1278,11,47,0.6383,True,0.0000,QUIET,25
kalba,2014-11-15,45,0,0.9095,0.2490,11,47,0.9574,True,0.0000,QUIET,25
kalba,2014-11-16,0,0,,,11,47,0.0000,False,,NODATA,25
kalba,2014-11-17,0,0,,,11,47,0.0000,False,,NODATA,25
kalba,2014-11-18,0,0,,,11,47,0.0000,False,,NODATA,25
kalba,2014-11-19,37,0,0.4226,-0.0159,11,47,0.7872,True,0.0000,QUIET,25
kalba,2014-11-20,0,0,,,11,47,0.0000,False,,NODATA,25
kalba,2014-11-21,17,0,0.1682,-0.0168,11,47,0.3617,True,0.0000,QUIET,25
kalba,2014-11-22,37,13,2.7029,0.7958,11,47,0.7872,True,0.3514,EXCEED,25
kalba,2014-11-23,0,0,,,11,47,0.0000,False,,NODATA,25
kalba,2014-11-24,46,0,1.5231,0.3431,11,47,0.9787,True,0.0000,QUIET,25
kalba,2014-11-25,0,0,,,11,47,0.0000,False,,NODATA,25
kalba,2014-11-26,40,0,1.9266,0.4000,11,47,0.8511,True,0.0000,QUIET,25
kalba,2014-11-27,0,0,,,11,47,0.0000,False,,NODATA,25
kalba,2014-11-28,10,0,0.8428,0.2199,11,47,0.2128,True,0.0000,QUIET,25
kalba,2014-11-29,18,16,3.8360,1.0745,11,47,0.3830,True,0.8889,ALERT,25
kalba,2014-11-30,16,0,0.5770,0.1053,11,47,0.3404,True,0.0000,QUIET,25
kalba,2014-12-01,43,8,2.8774,0.6089,12,47,0.9149,True,0.1860,QUIET,25
kalba,2014-12-02,0,0,,,12,47,0.0000,False,,NODATA,25
kalba,2014-12-03,46,0,0.7634,0.0167,12,47,0.9787,True,0.0000,QUIET,25
kalba,2014-12-04,0,0,,,12,47,0.0000,False,,NODATA,25
kalba,2014-12-05,42,1,2.6025,-0.0678,12,47,0.8936,True,0.0238,QUIET,25
kalba,2014-12-06,0,0,,,12,47,0.0000,False,,NODATA,25
kalba,2014-12-07,38,4,2.5886,0.4377,12,47,0.8085,True,0.1053,QUIET,25
kalba,2014-12-08,37,35,4.9611,1.3320,12,47,0.7872,True,0.9459,EXCEED,25
kalba,2014-12-09,0,0,,,12,47,0.0000,False,,NODATA,25
kalba,2014-12-10,46,11,3.2890,0.6143,12,47,0.9787,True,0.2391,QUIET,25
kalba,2014-12-11,0,0,,,12,47,0.0000,False,,NODATA,25
kalba,2014-12-12,43,0,0.8491,0.2399,12,47,0.9149,True,0.0000,QUIET,25
kalba,2014-12-13,9,9,3.2089,1.3172,12,47,0.1915,True,1.0000,ALERT,25
kalba,2014-12-14,40,5,2.8776,0.3853,12,47,0.8511,True,0.1250,QUIET,25
kalba,2014-12-15,0,0,,,12,47,0.0000,False,,NODATA,25
kalba,2014-12-16,0,0,,,12,47,0.0000,False,,NODATA,25
kalba,2014-12-17,46,38,7.1108,1.1771,12,47,0.9787,True,0.8261,ALERT,25
kalba,2014-12-18,0,0,,,12,47,0.0000,False,,NODATA,25
kalba,2014-12-19,45,9,3.7739,0.5775,12,47,0.9574,True,0.2000,QUIET,25
kalba,2014-12-20,0,0,,,12,47,0.0000,False,,NODATA,25
kalba,2014-12-21,41,6,4.1000,0.4223,12,47,0.8723,True,0.1463,QUIET,25
kalba,2014-12-22,0,0,,,12,47,0.0000,False,,NODATA,25
kalba,2014-12-23,0,0,,,12,47,0.0000,False,,NODATA,25
kalba,2014-12-24,0,0,,,12,47,0.0000,False,,NODATA,25
kalba,2014-12-25,9,5,4.3313,0.8013,12,47,0.1915,True,0.5556,EXCEED,25
kalba,2014-12-26,41,21,4.6783,0.9913,12,47,0.8723,True,0.5122,ALERT,25
kalba,2014-12-27,0,0,,,12,47,0.0000,False,,NODATA,25
kalba,2014-12-28,46,3,2.8726,0.3097,12,47,0.9787,True,0.0652,QUIET,25
kalba,2014-12-29,0,0,,,12,47,0.0000,False,,NODATA,25
kalba,2014-12-30,0,0,,,12,47,0.0000,False,,NODATA,25
kalba,2014-12-31,0,0,,,12,47,0.0000,False,,NODATA,25
fujairah,2003-01-01,2,0,1.4463,0.5658,1,47,0.0426,False,,NODATA,25
fujairah,2003-01-02,0,0,,,1,47,0.0000,False,,NODATA,25
fujairah,2003-01-03,41,12,3.1392,0.5561,1,47,0.8723,True,0.2927,QUIET,25
fujairah,2003-01-04,0,0,,,1,47,0.0000,False,,NODATA,25
fujairah,2003-01-05,30,2,2.4777,0.0525,1,47,0.6383,True,0.0667,QUIET,25
fujairah,2003-01-06,32,6,3.5367,0.3911,1,47,0.6809,True,0.1875,QUIET,25
fujairah,2003-01-07,36,1,2.7437,-0.0951,1,47,0.7660,True,0.0278,QUIET,25
fujairah,2003-01-08,44,1,2.1162,0.0493,1,47,0.9362,True,0.0227,QUIET,25
fujairah,2003-01-09,13,1,3.0115,-0.0804,1,47,0.2766,True,0.0769,QUIET,25
fujairah,2003-01-10,47,3,2.7097,0.1570,1,47,1.0000,True,0.0638,QUIET,25
fujairah,2003-01-11,0,0,,,1,47,0.0000,False,,NODATA,25
fujairah,2003-01-12,47,0,1.9553,0.0364,1,47,1.0000,True,0.0000,QUIET,25
fujairah,2003-01-13,28,0,1.8364,0.1140,1,47,0.5957,True,0.0000,QUIET,25
fujairah,2003-01-14,37,0,-0.1143,-0.0640,1,47,0.7872,True,0.0000,QUIET,25
fujairah,2003-01-15,0,0,,,1,47,0.0000,False,,NODATA,25
fujairah,2003-01-16,0,0,,,1,47,0.0000,False,,NODATA,25
fujairah,2003-01-17,1,0,-0.7838,-0.2069,1,47,0.0213,False,,NODATA,25
fujairah,2003-01-18,0,0,,,1,47,0.0000,False,,NODATA,25
fujairah,2003-01-19,33,0,0.7306,-0.2412,1,47,0.7021,True,0.0000,QUIET,25
fujairah,2003-01-20,0,0,,,1,47,0.0000,False,,NODATA,25
fujairah,2003-01-21,0,0,,,1,47,0.0000,False,,NODATA,25
fujairah,2003-01-22,0,0,,,1,47,0.0000,False,,NODATA,25
fujairah,2003-01-23,0,0,,,1,47,0.0000,False,,NODATA,25
fujairah,2003-01-24,0,0,,,1,47,0.0000,False,,NODATA,25
fujairah,2003-01-25,0,0,,,1,47,0.0000,False,,NODATA,25
fujairah,2003-01-26,46,0,1.7496,0.0455,1,47,0.9787,True,0.0000,QUIET,25
fujairah,2003-01-27,0,0,,,1,47,0.0000,False,,NODATA,25
fujairah,2003-01-28,46,0,1.4393,0.2161,1,47,0.9787,True,0.0000,QUIET,25
fujairah,2003-01-29,0,0,,,1,47,0.0000,False,,NODATA,25
fujairah,2003-01-30,0,0,,,1,47,0.0000,False,,NODATA,25
fujairah,2003-01-31,39,0,0.9244,-0.1368,1,47,0.8298,True,0.0000,QUIET,25
fujairah,2003-02-01,29,0,-0.6714,-0.2240,2,44,0.6591,True,0.0000,QUIET,25
fujairah,2003-02-02,35,0,-0.3910,-0.2084,2,44,0.7955,True,0.0000,QUIET,25
fujairah,2003-02-03,0,0,,,2,44,0.0000,False,,NODATA,25
fujairah,2003-02-04,44,0,0.5690,0.3746,2,44,1.0000,True,0.0000,QUIET,25
fujairah,2003-02-05,0,0,,,2,44,0.0000,False,,NODATA,25
fujairah,2003-02-06,0,0,,,2,44,0.0000,False,,NODATA,25
fujairah,2003-02-07,34,0,1.9450,1.3947,2,44,0.7727,True,0.0000,QUIET,25
fujairah,2003-02-08,34,0,0.9920,0.8025,2,44,0.7727,True,0.0000,QUIET,25
fujairah,2003-02-09,0,0,,,2,44,0.0000,False,,NODATA,25
fujairah,2003-02-10,0,0,,,2,44,0.0000,False,,NODATA,25
fujairah,2003-02-11,0,0,,,2,44,0.0000,False,,NODATA,25
fujairah,2003-02-12,0,0,,,2,44,0.0000,False,,NODATA,25
fujairah,2003-02-13,17,0,1.8401,1.4192,2,44,0.3864,True,0.0000,QUIET,25
fujairah,2003-02-14,0,0,,,2,44,0.0000,False,,NODATA,25
fujairah,2003-02-15,0,0,,,2,44,0.0000,False,,NODATA,25
fujairah,2003-02-16,0,0,,,2,44,0.0000,False,,NODATA,25
fujairah,2003-02-17,0,0,,,2,44,0.0000,False,,NODATA,25
fujairah,2003-02-18,0,0,,,2,44,0.0000,False,,NODATA,25
fujairah,2003-02-19,0,0,,,2,44,0.0000,False,,NODATA,25
fujairah,2003-02-20,0,0,,,2,44,0.0000,False,,NODATA,25
fujairah,2003-02-21,0,0,,,2,44,0.0000,False,,NODATA,25
fujairah,2003-02-22,0,0,,,2,44,0.0000,False,,NODATA,25
fujairah,2003-02-23,0,0,,,2,44,0.0000,False,,NODATA,25
fujairah,2003-02-24,0,0,,,2,44,0.0000,False,,NODATA,25
fujairah,2003-02-25,0,0,,,2,44,0.0000,False,,NODATA,25
fujairah,2003-02-26,0,0,,,2,44,0.0000,False,,NODATA,25
fujairah,2003-02-27,0,0,,,2,44,0.0000,False,,NODATA,25
fujairah,2003-02-28,0,0,,,2,44,0.0000,False,,NODATA,25
fujairah,2003-03-01,0,0,,,3,44,0.0000,False,,NODATA,25
fujairah,2003-03-02,27,0,0.3265,-0.1458,3,44,0.6136,True,0.0000,QUIET,25
fujairah,2003-03-03,0,0,,,3,44,0.0000,False,,NODATA,25
fujairah,2003-03-04,0,0,,,3,44,0.0000,False,,NODATA,25
fujairah,2003-03-05,0,0,,,3,44,0.0000,False,,NODATA,25
fujairah,2003-03-06,39,28,3.3001,1.6443,3,44,0.8864,True,0.7179,EXCEED,25
fujairah,2003-03-07,0,0,,,3,44,0.0000,False,,NODATA,25
fujairah,2003-03-08,0,0,,,3,44,0.0000,False,,NODATA,25
fujairah,2003-03-09,0,0,,,3,44,0.0000,False,,NODATA,25
fujairah,2003-03-10,10,2,2.5127,1.3856,3,44,0.2273,True,0.2000,QUIET,25
fujairah,2003-03-11,0,0,,,3,44,0.0000,False,,NODATA,25
fujairah,2003-03-12,0,0,,,3,44,0.0000,False,,NODATA,25
fujairah,2003-03-13,0,0,,,3,44,0.0000,False,,NODATA,25
fujairah,2003-03-14,0,0,,,3,44,0.0000,False,,NODATA,25
fujairah,2003-03-15,44,0,0.6561,0.3148,3,44,1.0000,True,0.0000,QUIET,25
fujairah,2003-03-16,0,0,,,3,44,0.0000,False,,NODATA,25
fujairah,2003-03-17,0,0,,,3,44,0.0000,False,,NODATA,25
fujairah,2003-03-18,0,0,,,3,44,0.0000,False,,NODATA,25
fujairah,2003-03-19,0,0,,,3,44,0.0000,False,,NODATA,25
fujairah,2003-03-20,0,0,,,3,44,0.0000,False,,NODATA,25
fujairah,2003-03-21,0,0,,,3,44,0.0000,False,,NODATA,25
fujairah,2003-03-22,0,0,,,3,44,0.0000,False,,NODATA,25
fujairah,2003-03-23,0,0,,,3,44,0.0000,False,,NODATA,25
fujairah,2003-03-24,0,0,,,3,44,0.0000,False,,NODATA,25
fujairah,2003-03-25,0,0,,,3,44,0.0000,False,,NODATA,25
fujairah,2003-03-26,0,0,,,3,44,0.0000,False,,NODATA,25
fujairah,2003-03-27,0,0,,,3,44,0.0000,False,,NODATA,25
fujairah,2003-03-28,0,0,,,3,44,0.0000,False,,NODATA,25
fujairah,2003-03-29,0,0,,,3,44,0.0000,False,,NODATA,25
fujairah,2003-03-30,0,0,,,3,44,0.0000,False,,NODATA,25
fujairah,2003-03-31,0,0,,,3,44,0.0000,False,,NODATA,25
fujairah,2003-04-01,0,0,,,4,41,0.0000,False,,NODATA,25
fujairah,2003-04-02,0,0,,,4,41,0.0000,False,,NODATA,25
fujairah,2003-04-03,22,0,1.6592,0.1654,4,41,0.5366,True,0.0000,QUIET,25
fujairah,2003-04-04,21,4,2.3045,0.4028,4,41,0.5122,True,0.1905,QUIET,25
fujairah,2003-04-05,37,1,2.0085,0.3110,4,41,0.9024,True,0.0270,QUIET,25
fujairah,2003-04-06,18,0,1.5652,0.2322,4,41,0.4390,True,0.0000,QUIET,25
fujairah,2003-04-07,41,0,1.2099,0.0317,4,41,1.0000,True,0.0000,QUIET,25
fujairah,2003-04-08,0,0,,,4,41,0.0000,False,,NODATA,25
fujairah,2003-04-09,0,0,,,4,41,0.0000,False,,NODATA,25
fujairah,2003-04-10,0,0,,,4,41,0.0000,False,,NODATA,25
fujairah,2003-04-11,0,0,,,4,41,0.0000,False,,NODATA,25
fujairah,2003-04-12,0,0,,,4,41,0.0000,False,,NODATA,25
fujairah,2003-04-13,0,0,,,4,41,0.0000,False,,NODATA,25
fujairah,2003-04-14,0,0,,,4,41,0.0000,False,,NODATA,25
fujairah,2003-04-15,0,0,,,4,41,0.0000,False,,NODATA,25
fujairah,2003-04-16,0,0,,,4,41,0.0000,False,,NODATA,25
fujairah,2003-04-17,0,0,,,4,41,0.0000,False,,NODATA,25
fujairah,2003-04-18,0,0,,,4,41,0.0000,False,,NODATA,25
fujairah,2003-04-19,1,0,1.6883,0.5341,4,41,0.0244,False,,NODATA,25
fujairah,2003-04-20,0,0,,,4,41,0.0000,False,,NODATA,25
fujairah,2003-04-21,0,0,,,4,41,0.0000,False,,NODATA,25
fujairah,2003-04-22,0,0,,,4,41,0.0000,False,,NODATA,25
fujairah,2003-04-23,0,0,,,4,41,0.0000,False,,NODATA,25
fujairah,2003-04-24,0,0,,,4,41,0.0000,False,,NODATA,25
fujairah,2003-04-25,0,0,,,4,41,0.0000,False,,NODATA,25
fujairah,2003-04-26,0,0,,,4,41,0.0000,False,,NODATA,25
fujairah,2003-04-27,0,0,,,4,41,0.0000,False,,NODATA,25
fujairah,2003-04-28,34,0,-0.2445,-0.3367,4,41,0.8293,True,0.0000,QUIET,25
fujairah,2003-04-29,3,0,-0.9650,-0.4671,4,41,0.0732,False,,NODATA,25
fujairah,2003-04-30,41,0,-0.9109,-0.5201,4,41,1.0000,True,0.0000,QUIET,25
fujairah,2003-05-01,14,1,2.0300,-0.3823,5,25,0.5600,True,0.0714,QUIET,25
fujairah,2003-05-02,0,0,,,5,25,0.0000,False,,NODATA,25
fujairah,2003-05-03,0,0,,,5,25,0.0000,False,,NODATA,25
fujairah,2003-05-04,0,0,,,5,25,0.0000,False,,NODATA,25
fujairah,2003-05-05,0,0,,,5,25,0.0000,False,,NODATA,25
fujairah,2003-05-06,0,0,,,5,25,0.0000,False,,NODATA,25
fujairah,2003-05-07,0,0,,,5,25,0.0000,False,,NODATA,25
fujairah,2003-05-08,0,0,,,5,25,0.0000,False,,NODATA,25
fujairah,2003-05-09,0,0,,,5,25,0.0000,False,,NODATA,25
fujairah,2003-05-10,0,0,,,5,25,0.0000,False,,NODATA,25
fujairah,2003-05-11,0,0,,,5,25,0.0000,False,,NODATA,25
fujairah,2003-05-12,0,0,,,5,25,0.0000,False,,NODATA,25
fujairah,2003-05-13,0,0,,,5,25,0.0000,False,,NODATA,25
fujairah,2003-05-14,0,0,,,5,25,0.0000,False,,NODATA,25
fujairah,2003-05-15,0,0,,,5,25,0.0000,False,,NODATA,25
fujairah,2003-05-16,0,0,,,5,25,0.0000,False,,NODATA,25
fujairah,2003-05-17,0,0,,,5,25,0.0000,False,,NODATA,25
fujairah,2003-05-18,0,0,,,5,25,0.0000,False,,NODATA,25
fujairah,2003-05-19,0,0,,,5,25,0.0000,False,,NODATA,25
fujairah,2003-05-20,0,0,,,5,25,0.0000,False,,NODATA,25
fujairah,2003-05-21,0,0,,,5,25,0.0000,False,,NODATA,25
fujairah,2003-05-22,0,0,,,5,25,0.0000,False,,NODATA,25
fujairah,2003-05-23,0,0,,,5,25,0.0000,False,,NODATA,25
fujairah,2003-05-24,0,0,,,5,25,0.0000,False,,NODATA,25
fujairah,2003-05-25,2,0,-1.8695,-0.8648,5,25,0.0800,False,,NODATA,25
fujairah,2003-05-26,0,0,,,5,25,0.0000,False,,NODATA,25
fujairah,2003-05-27,0,0,,,5,25,0.0000,False,,NODATA,25
fujairah,2003-05-28,0,0,,,5,25,0.0000,False,,NODATA,25
fujairah,2003-05-29,0,0,,,5,25,0.0000,False,,NODATA,25
fujairah,2003-05-30,0,0,,,5,25,0.0000,False,,NODATA,25
fujairah,2003-05-31,21,0,0.3252,-0.6037,5,25,0.8400,True,0.0000,QUIET,25
fujairah,2003-06-01,0,0,,,6,12,0.0000,False,,NODATA,25
fujairah,2003-06-02,0,0,,,6,12,0.0000,False,,NODATA,25
fujairah,2003-06-03,0,0,,,6,12,0.0000,False,,NODATA,25
fujairah,2003-06-04,0,0,,,6,12,0.0000,False,,NODATA,25
fujairah,2003-06-05,0,0,,,6,12,0.0000,False,,NODATA,25
fujairah,2003-06-06,0,0,,,6,12,0.0000,False,,NODATA,25
fujairah,2003-06-07,0,0,,,6,12,0.0000,False,,NODATA,25
fujairah,2003-06-08,12,0,0.6965,-0.6253,6,12,1.0000,True,0.0000,QUIET,25
fujairah,2003-06-09,0,0,,,6,12,0.0000,False,,NODATA,25
fujairah,2003-06-10,0,0,,,6,12,0.0000,False,,NODATA,25
fujairah,2003-06-11,0,0,,,6,12,0.0000,False,,NODATA,25
fujairah,2003-06-12,0,0,,,6,12,0.0000,False,,NODATA,25
fujairah,2003-06-13,0,0,,,6,12,0.0000,False,,NODATA,25
fujairah,2003-06-14,0,0,,,6,12,0.0000,False,,NODATA,25
fujairah,2003-06-15,0,0,,,6,12,0.0000,False,,NODATA,25
fujairah,2003-06-16,0,0,,,6,12,0.0000,False,,NODATA,25
fujairah,2003-06-17,0,0,,,6,12,0.0000,False,,NODATA,25
fujairah,2003-06-18,0,0,,,6,12,0.0000,False,,NODATA,25
fujairah,2003-06-19,0,0,,,6,12,0.0000,False,,NODATA,25
fujairah,2003-06-20,0,0,,,6,12,0.0000,False,,NODATA,25
fujairah,2003-06-21,0,0,,,6,12,0.0000,False,,NODATA,25
fujairah,2003-06-22,0,0,,,6,12,0.0000,False,,NODATA,25
fujairah,2003-06-23,0,0,,,6,12,0.0000,False,,NODATA,25
fujairah,2003-06-24,0,0,,,6,12,0.0000,False,,NODATA,25
fujairah,2003-06-25,0,0,,,6,12,0.0000,False,,NODATA,25
fujairah,2003-06-26,0,0,,,6,12,0.0000,False,,NODATA,25
fujairah,2003-06-27,0,0,,,6,12,0.0000,False,,NODATA,25
fujairah,2003-06-28,0,0,,,6,12,0.0000,False,,NODATA,25
fujairah,2003-06-29,0,0,,,6,12,0.0000,False,,NODATA,25
fujairah,2003-06-30,0,0,,,6,12,0.0000,False,,NODATA,25
fujairah,2003-07-01,0,0,,,7,0,0.0000,False,,NODATA,25
fujairah,2003-07-02,0,0,,,7,0,0.0000,False,,NODATA,25
fujairah,2003-07-03,0,0,,,7,0,0.0000,False,,NODATA,25
fujairah,2003-07-04,0,0,,,7,0,0.0000,False,,NODATA,25
fujairah,2003-07-05,0,0,,,7,0,0.0000,False,,NODATA,25
fujairah,2003-07-06,0,0,,,7,0,0.0000,False,,NODATA,25
fujairah,2003-07-07,0,0,,,7,0,0.0000,False,,NODATA,25
fujairah,2003-07-08,0,0,,,7,0,0.0000,False,,NODATA,25
fujairah,2003-07-09,0,0,,,7,0,0.0000,False,,NODATA,25
fujairah,2003-07-10,0,0,,,7,0,0.0000,False,,NODATA,25
fujairah,2003-07-11,0,0,,,7,0,0.0000,False,,NODATA,25
fujairah,2003-07-12,0,0,,,7,0,0.0000,False,,NODATA,25
fujairah,2003-07-13,0,0,,,7,0,0.0000,False,,NODATA,25
fujairah,2003-07-14,0,0,,,7,0,0.0000,False,,NODATA,25
fujairah,2003-07-15,0,0,,,7,0,0.0000,False,,NODATA,25
fujairah,2003-07-16,0,0,,,7,0,0.0000,False,,NODATA,25
fujairah,2003-07-17,0,0,,,7,0,0.0000,False,,NODATA,25
fujairah,2003-07-18,0,0,,,7,0,0.0000,False,,NODATA,25
fujairah,2003-07-19,0,0,,,7,0,0.0000,False,,NODATA,25
fujairah,2003-07-20,0,0,,,7,0,0.0000,False,,NODATA,25
fujairah,2003-07-21,0,0,,,7,0,0.0000,False,,NODATA,25
fujairah,2003-07-22,0,0,,,7,0,0.0000,False,,NODATA,25
fujairah,2003-07-23,0,0,,,7,0,0.0000,False,,NODATA,25
fujairah,2003-07-24,0,0,,,7,0,0.0000,False,,NODATA,25
fujairah,2003-07-25,0,0,,,7,0,0.0000,False,,NODATA,25
fujairah,2003-07-26,0,0,,,7,0,0.0000,False,,NODATA,25
fujairah,2003-07-27,0,0,,,7,0,0.0000,False,,NODATA,25
fujairah,2003-07-28,0,0,,,7,0,0.0000,False,,NODATA,25
fujairah,2003-07-29,0,0,,,7,0,0.0000,False,,NODATA,25
fujairah,2003-07-30,0,0,,,7,0,0.0000,False,,NODATA,25
fujairah,2003-07-31,0,0,,,7,0,0.0000,False,,NODATA,25
fujairah,2003-08-01,0,0,,,8,0,0.0000,False,,NODATA,25
fujairah,2003-08-02,0,0,,,8,0,0.0000,False,,NODATA,25
fujairah,2003-08-03,0,0,,,8,0,0.0000,False,,NODATA,25
fujairah,2003-08-04,0,0,,,8,0,0.0000,False,,NODATA,25
fujairah,2003-08-05,0,0,,,8,0,0.0000,False,,NODATA,25
fujairah,2003-08-06,0,0,,,8,0,0.0000,False,,NODATA,25
fujairah,2003-08-07,0,0,,,8,0,0.0000,False,,NODATA,25
fujairah,2003-08-08,0,0,,,8,0,0.0000,False,,NODATA,25
fujairah,2003-08-09,0,0,,,8,0,0.0000,False,,NODATA,25
fujairah,2003-08-10,0,0,,,8,0,0.0000,False,,NODATA,25
fujairah,2003-08-11,0,0,,,8,0,0.0000,False,,NODATA,25
fujairah,2003-08-12,0,0,,,8,0,0.0000,False,,NODATA,25
fujairah,2003-08-13,0,0,,,8,0,0.0000,False,,NODATA,25
fujairah,2003-08-14,0,0,,,8,0,0.0000,False,,NODATA,25
fujairah,2003-08-15,0,0,,,8,0,0.0000,False,,NODATA,25
fujairah,2003-08-16,0,0,,,8,0,0.0000,False,,NODATA,25
fujairah,2003-08-17,0,0,,,8,0,0.0000,False,,NODATA,25
fujairah,2003-08-18,0,0,,,8,0,0.0000,False,,NODATA,25
fujairah,2003-08-19,0,0,,,8,0,0.0000,False,,NODATA,25
fujairah,2003-08-20,0,0,,,8,0,0.0000,False,,NODATA,25
fujairah,2003-08-21,0,0,,,8,0,0.0000,False,,NODATA,25
fujairah,2003-08-22,0,0,,,8,0,0.0000,False,,NODATA,25
fujairah,2003-08-23,0,0,,,8,0,0.0000,False,,NODATA,25
fujairah,2003-08-24,0,0,,,8,0,0.0000,False,,NODATA,25
fujairah,2003-08-25,0,0,,,8,0,0.0000,False,,NODATA,25
fujairah,2003-08-26,0,0,,,8,0,0.0000,False,,NODATA,25
fujairah,2003-08-27,0,0,,,8,0,0.0000,False,,NODATA,25
fujairah,2003-08-28,0,0,,,8,0,0.0000,False,,NODATA,25
fujairah,2003-08-29,0,0,,,8,0,0.0000,False,,NODATA,25
fujairah,2003-08-30,0,0,,,8,0,0.0000,False,,NODATA,25
fujairah,2003-08-31,0,0,,,8,0,0.0000,False,,NODATA,25
fujairah,2003-09-01,0,0,,,9,37,0.0000,False,,NODATA,25
fujairah,2003-09-02,0,0,,,9,37,0.0000,False,,NODATA,25
fujairah,2003-09-03,0,0,,,9,37,0.0000,False,,NODATA,25
fujairah,2003-09-04,0,0,,,9,37,0.0000,False,,NODATA,25
fujairah,2003-09-05,11,0,-0.2036,-0.2984,9,37,0.2973,True,0.0000,QUIET,25
fujairah,2003-09-06,0,0,,,9,37,0.0000,False,,NODATA,25
fujairah,2003-09-07,0,0,,,9,37,0.0000,False,,NODATA,25
fujairah,2003-09-08,0,0,,,9,37,0.0000,False,,NODATA,25
fujairah,2003-09-09,0,0,,,9,37,0.0000,False,,NODATA,25
fujairah,2003-09-10,0,0,,,9,37,0.0000,False,,NODATA,25
fujairah,2003-09-11,0,0,,,9,37,0.0000,False,,NODATA,25
fujairah,2003-09-12,0,0,,,9,37,0.0000,False,,NODATA,25
fujairah,2003-09-13,0,0,,,9,37,0.0000,False,,NODATA,25
fujairah,2003-09-14,0,0,,,9,37,0.0000,False,,NODATA,25
fujairah,2003-09-15,0,0,,,9,37,0.0000,False,,NODATA,25
fujairah,2003-09-16,0,0,,,9,37,0.0000,False,,NODATA,25
fujairah,2003-09-17,0,0,,,9,37,0.0000,False,,NODATA,25
fujairah,2003-09-18,0,0,,,9,37,0.0000,False,,NODATA,25
fujairah,2003-09-19,0,0,,,9,37,0.0000,False,,NODATA,25
fujairah,2003-09-20,0,0,,,9,37,0.0000,False,,NODATA,25
fujairah,2003-09-21,0,0,,,9,37,0.0000,False,,NODATA,25
fujairah,2003-09-22,0,0,,,9,37,0.0000,False,,NODATA,25
fujairah,2003-09-23,0,0,,,9,37,0.0000,False,,NODATA,25
fujairah,2003-09-24,0,0,,,9,37,0.0000,False,,NODATA,25
fujairah,2003-09-25,0,0,,,9,37,0.0000,False,,NODATA,25
fujairah,2003-09-26,0,0,,,9,37,0.0000,False,,NODATA,25
fujairah,2003-09-27,0,0,,,9,37,0.0000,False,,NODATA,25
fujairah,2003-09-28,0,0,,,9,37,0.0000,False,,NODATA,25
fujairah,2003-09-29,0,0,,,9,37,0.0000,False,,NODATA,25
fujairah,2003-09-30,0,0,,,9,37,0.0000,False,,NODATA,25
fujairah,2003-10-01,0,0,,,10,48,0.0000,False,,NODATA,25
fujairah,2003-10-02,0,0,,,10,48,0.0000,False,,NODATA,25
fujairah,2003-10-03,0,0,,,10,48,0.0000,False,,NODATA,25
fujairah,2003-10-04,0,0,,,10,48,0.0000,False,,NODATA,25
fujairah,2003-10-05,0,0,,,10,48,0.0000,False,,NODATA,25
fujairah,2003-10-06,0,0,,,10,48,0.0000,False,,NODATA,25
fujairah,2003-10-07,0,0,,,10,48,0.0000,False,,NODATA,25
fujairah,2003-10-08,0,0,,,10,48,0.0000,False,,NODATA,25
fujairah,2003-10-09,34,2,2.8818,-0.4353,10,48,0.7083,True,0.0588,QUIET,25
fujairah,2003-10-10,0,0,,,10,48,0.0000,False,,NODATA,25
fujairah,2003-10-11,45,1,2.5609,-0.3740,10,48,0.9375,True,0.0222,QUIET,25
fujairah,2003-10-12,0,0,,,10,48,0.0000,False,,NODATA,25
fujairah,2003-10-13,0,0,,,10,48,0.0000,False,,NODATA,25
fujairah,2003-10-14,38,1,2.9954,-0.3090,10,48,0.7917,True,0.0263,QUIET,25
fujairah,2003-10-15,0,0,,,10,48,0.0000,False,,NODATA,25
fujairah,2003-10-16,47,3,3.1169,-0.2525,10,48,0.9792,True,0.0638,QUIET,25
fujairah,2003-10-17,0,0,,,10,48,0.0000,False,,NODATA,25
fujairah,2003-10-18,46,0,1.9137,-0.3791,10,48,0.9583,True,0.0000,QUIET,25
fujairah,2003-10-19,0,0,,,10,48,0.0000,False,,NODATA,25
fujairah,2003-10-20,0,0,,,10,48,0.0000,False,,NODATA,25
fujairah,2003-10-21,17,0,0.3803,-0.4114,10,48,0.3542,True,0.0000,QUIET,25
fujairah,2003-10-22,0,0,,,10,48,0.0000,False,,NODATA,25
fujairah,2003-10-23,34,0,0.2453,-0.4226,10,48,0.7083,True,0.0000,QUIET,25
fujairah,2003-10-24,0,0,,,10,48,0.0000,False,,NODATA,25
fujairah,2003-10-25,0,0,,,10,48,0.0000,False,,NODATA,25
fujairah,2003-10-26,0,0,,,10,48,0.0000,False,,NODATA,25
fujairah,2003-10-27,4,0,0.5387,-0.2848,10,48,0.0833,False,,NODATA,25
fujairah,2003-10-28,0,0,,,10,48,0.0000,False,,NODATA,25
fujairah,2003-10-29,30,0,0.3448,-0.4524,10,48,0.6250,True,0.0000,QUIET,25
fujairah,2003-10-30,38,0,0.8119,-0.3567,10,48,0.7917,True,0.0000,QUIET,25
fujairah,2003-10-31,0,0,,,10,48,0.0000,False,,NODATA,25
fujairah,2003-11-01,43,0,-0.3331,-0.2895,11,48,0.8958,True,0.0000,QUIET,25
fujairah,2003-11-02,0,0,,,11,48,0.0000,False,,NODATA,25
fujairah,2003-11-03,37,0,-0.3544,-0.3021,11,48,0.7708,True,0.0000,QUIET,25
fujairah,2003-11-04,0,0,,,11,48,0.0000,False,,NODATA,25
fujairah,2003-11-05,16,0,-0.9905,-0.4622,11,48,0.3333,True,0.0000,QUIET,25
fujairah,2003-11-06,36,0,-0.9238,-0.4829,11,48,0.7500,True,0.0000,QUIET,25
fujairah,2003-11-07,31,0,-1.1380,-0.5661,11,48,0.6458,True,0.0000,QUIET,25
fujairah,2003-11-08,41,0,-0.1360,-0.4483,11,48,0.8542,True,0.0000,QUIET,25
fujairah,2003-11-09,0,0,,,11,48,0.0000,False,,NODATA,25
fujairah,2003-11-10,31,0,0.0029,-0.3854,11,48,0.6458,True,0.0000,QUIET,25
fujairah,2003-11-11,0,0,,,11,48,0.0000,False,,NODATA,25
fujairah,2003-11-12,47,0,1.0266,-0.2150,11,48,0.9792,True,0.0000,QUIET,25
fujairah,2003-11-13,0,0,,,11,48,0.0000,False,,NODATA,25
fujairah,2003-11-14,0,0,,,11,48,0.0000,False,,NODATA,25
fujairah,2003-11-15,0,0,,,11,48,0.0000,False,,NODATA,25
fujairah,2003-11-16,22,0,-0.4405,-0.2630,11,48,0.4583,True,0.0000,QUIET,25
fujairah,2003-11-17,0,0,,,11,48,0.0000,False,,NODATA,25
fujairah,2003-11-18,0,0,,,11,48,0.0000,False,,NODATA,25
fujairah,2003-11-19,44,0,1.5388,0.2566,11,48,0.9167,True,0.0000,QUIET,25
fujairah,2003-11-20,0,0,,,11,48,0.0000,False,,NODATA,25
fujairah,2003-11-21,36,0,1.9652,0.3321,11,48,0.7500,True,0.0000,QUIET,25
fujairah,2003-11-22,0,0,,,11,48,0.0000,False,,NODATA,25
fujairah,2003-11-23,0,0,,,11,48,0.0000,False,,NODATA,25
fujairah,2003-11-24,0,0,,,11,48,0.0000,False,,NODATA,25
fujairah,2003-11-25,0,0,,,11,48,0.0000,False,,NODATA,25
fujairah,2003-11-26,48,4,2.3390,0.5843,11,48,1.0000,True,0.0833,QUIET,25
fujairah,2003-11-27,0,0,,,11,48,0.0000,False,,NODATA,25
fujairah,2003-11-28,46,1,2.1026,0.2343,11,48,0.9583,True,0.0217,QUIET,25
fujairah,2003-11-29,0,0,,,11,48,0.0000,False,,NODATA,25
fujairah,2003-11-30,0,0,,,11,48,0.0000,False,,NODATA,25
fujairah,2003-12-01,4,4,3.7141,1.3737,12,48,0.0833,False,,NODATA,25
fujairah,2003-12-02,0,0,,,12,48,0.0000,False,,NODATA,25
fujairah,2003-12-03,0,0,,,12,48,0.0000,False,,NODATA,25
fujairah,2003-12-04,0,0,,,12,48,0.0000,False,,NODATA,25
fujairah,2003-12-05,43,6,3.5390,0.3561,12,48,0.8958,True,0.1395,QUIET,25
fujairah,2003-12-06,0,0,,,12,48,0.0000,False,,NODATA,25
fujairah,2003-12-07,5,0,0.3208,0.1922,12,48,0.1042,True,0.0000,QUIET,25
fujairah,2003-12-08,0,0,,,12,48,0.0000,False,,NODATA,25
fujairah,2003-12-09,35,0,0.0495,-0.0828,12,48,0.7292,True,0.0000,QUIET,25
fujairah,2003-12-10,40,1,2.6644,0.1328,12,48,0.8333,True,0.0250,QUIET,25
fujairah,2003-12-11,0,0,,,12,48,0.0000,False,,NODATA,25
fujairah,2003-12-12,0,0,,,12,48,0.0000,False,,NODATA,25
fujairah,2003-12-13,0,0,,,12,48,0.0000,False,,NODATA,25
fujairah,2003-12-14,0,0,,,12,48,0.0000,False,,NODATA,25
fujairah,2003-12-15,13,11,3.7860,1.1901,12,48,0.2708,True,0.8462,EXCEED,25
fujairah,2003-12-16,22,2,2.0902,0.4148,12,48,0.4583,True,0.0909,QUIET,25
fujairah,2003-12-17,0,0,,,12,48,0.0000,False,,NODATA,25
fujairah,2003-12-18,0,0,,,12,48,0.0000,False,,NODATA,25
fujairah,2003-12-19,43,19,2.7380,0.6675,12,48,0.8958,True,0.4419,ALERT,25
fujairah,2003-12-20,0,0,,,12,48,0.0000,False,,NODATA,25
fujairah,2003-12-21,48,1,2.1926,0.2499,12,48,1.0000,True,0.0208,QUIET,25
fujairah,2003-12-22,0,0,,,12,48,0.0000,False,,NODATA,25
fujairah,2003-12-23,0,0,,,12,48,0.0000,False,,NODATA,25
fujairah,2003-12-24,0,0,,,12,48,0.0000,False,,NODATA,25
fujairah,2003-12-25,0,0,,,12,48,0.0000,False,,NODATA,25
fujairah,2003-12-26,12,4,3.1523,0.5430,12,48,0.2500,True,0.3333,ALERT,25
fujairah,2003-12-27,0,0,,,12,48,0.0000,False,,NODATA,25
fujairah,2003-12-28,0,0,,,12,48,0.0000,False,,NODATA,25
fujairah,2003-12-29,0,0,,,12,48,0.0000,False,,NODATA,25
fujairah,2003-12-30,8,3,2.8428,0.7981,12,48,0.1667,True,0.3750,ALERT,25
fujairah,2003-12-31,0,0,,,12,48,0.0000,False,,NODATA,25
fujairah,2004-01-01,23,0,1.5273,0.3273,1,47,0.4894,True,0.0000,QUIET,25
fujairah,2004-01-02,0,0,,,1,47,0.0000,False,,NODATA,25
fujairah,2004-01-03,0,0,,,1,47,0.0000,False,,NODATA,25
fujairah,2004-01-04,0,0,,,1,47,0.0000,False,,NODATA,25
fujairah,2004-01-05,0,0,,,1,47,0.0000,False,,NODATA,25
fujairah,2004-01-06,37,5,2.9860,0.4130,1,47,0.7872,True,0.1351,QUIET,25
fujairah,2004-01-07,0,0,,,1,47,0.0000,False,,NODATA,25
fujairah,2004-01-08,0,0,,,1,47,0.0000,False,,NODATA,25
fujairah,2004-01-09,0,0,,,1,47,0.0000,False,,NODATA,25
fujairah,2004-01-10,0,0,,,1,47,0.0000,False,,NODATA,25
fujairah,2004-01-11,0,0,,,1,47,0.0000,False,,NODATA,25
fujairah,2004-01-12,0,0,,,1,47,0.0000,False,,NODATA,25
fujairah,2004-01-13,43,9,2.8298,0.3481,1,47,0.9149,True,0.2093,QUIET,25
fujairah,2004-01-14,0,0,,,1,47,0.0000,False,,NODATA,25
fujairah,2004-01-15,13,0,-0.1628,-0.0949,1,47,0.2766,True,0.0000,QUIET,25
fujairah,2004-01-16,0,0,,,1,47,0.0000,False,,NODATA,25
fujairah,2004-01-17,0,0,,,1,47,0.0000,False,,NODATA,25
fujairah,2004-01-18,0,0,,,1,47,0.0000,False,,NODATA,25
fujairah,2004-01-19,0,0,,,1,47,0.0000,False,,NODATA,25
fujairah,2004-01-20,21,0,-1.1173,-0.3486,1,47,0.4468,True,0.0000,QUIET,25
fujairah,2004-01-21,0,0,,,1,47,0.0000,False,,NODATA,25
fujairah,2004-01-22,27,0,-1.1375,-0.3976,1,47,0.5745,True,0.0000,QUIET,25
fujairah,2004-01-23,0,0,,,1,47,0.0000,False,,NODATA,25
fujairah,2004-01-24,29,0,-1.0198,-0.3375,1,47,0.6170,True,0.0000,QUIET,25
fujairah,2004-01-25,9,0,-0.5027,-0.1635,1,47,0.1915,True,0.0000,QUIET,25
fujairah,2004-01-26,0,0,,,1,47,0.0000,False,,NODATA,25
fujairah,2004-01-27,0,0,,,1,47,0.0000,False,,NODATA,25
fujairah,2004-01-28,5,0,-0.8614,-0.2719,1,47,0.1064,True,0.0000,QUIET,25
fujairah,2004-01-29,35,0,1.0378,-0.1886,1,47,0.7447,True,0.0000,QUIET,25
fujairah,2004-01-30,0,0,,,1,47,0.0000,False,,NODATA,25
fujairah,2004-01-31,18,2,2.9336,0.4505,1,47,0.3830,True,0.1111,QUIET,25
fujairah,2004-02-01,15,0,1.1858,0.1885,2,44,0.3409,True,0.0000,QUIET,25
fujairah,2004-02-02,19,0,-0.7280,-0.2863,2,44,0.4318,True,0.0000,QUIET,25
fujairah,2004-02-03,12,0,0.4065,0.3272,2,44,0.2727,True,0.0000,QUIET,25
fujairah,2004-02-04,0,0,,,2,44,0.0000,False,,NODATA,25
fujairah,2004-02-05,36,0,1.2360,0.9390,2,44,0.8182,True,0.0000,QUIET,25
fujairah,2004-02-06,0,0,,,2,44,0.0000,False,,NODATA,25
fujairah,2004-02-07,0,0,,,2,44,0.0000,False,,NODATA,25
fujairah,2004-02-08,0,0,,,2,44,0.0000,False,,NODATA,25
fujairah,2004-02-09,0,0,,,2,44,0.0000,False,,NODATA,25
fujairah,2004-02-10,32,0,1.4957,0.6845,2,44,0.7273,True,0.0000,QUIET,25
fujairah,2004-02-11,35,0,0.2796,0.3987,2,44,0.7955,True,0.0000,QUIET,25
fujairah,2004-02-12,27,11,2.2682,1.6521,2,44,0.6136,True,0.4074,EXCEED,25
fujairah,2004-02-13,1,0,1.9804,1.6282,2,44,0.0227,False,,NODATA,25
fujairah,2004-02-14,43,12,2.5813,1.4490,2,44,0.9773,True,0.2791,QUIET,25
fujairah,2004-02-15,0,0,,,2,44,0.0000,False,,NODATA,25
fujairah,2004-02-16,23,5,2.4946,1.4766,2,44,0.5227,True,0.2174,QUIET,25
fujairah,2004-02-17,0,0,,,2,44,0.0000,False,,NODATA,25
fujairah,2004-02-18,19,0,1.1472,0.7580,2,44,0.4318,True,0.0000,QUIET,25
fujairah,2004-02-19,0,0,,,2,44,0.0000,False,,NODATA,25
fujairah,2004-02-20,0,0,,,2,44,0.0000,False,,NODATA,25
fujairah,2004-02-21,0,0,,,2,44,0.0000,False,,NODATA,25
fujairah,2004-02-22,0,0,,,2,44,0.0000,False,,NODATA,25
fujairah,2004-02-23,0,0,,,2,44,0.0000,False,,NODATA,25
fujairah,2004-02-24,0,0,,,2,44,0.0000,False,,NODATA,25
fujairah,2004-02-25,23,0,1.0132,0.1838,2,44,0.5227,True,0.0000,QUIET,25
fujairah,2004-02-26,15,0,0.8159,0.3344,2,44,0.3409,True,0.0000,QUIET,25
fujairah,2004-02-27,33,0,0.1041,0.1672,2,44,0.7500,True,0.0000,QUIET,25
fujairah,2004-02-28,40,0,0.3224,0.3838,2,44,0.9091,True,0.0000,QUIET,25
fujairah,2004-02-29,5,0,0.6841,0.8593,2,44,0.1136,True,0.0000,QUIET,25
fujairah,2004-03-01,44,0,0.6182,0.2604,3,44,1.0000,True,0.0000,QUIET,25
fujairah,2004-03-02,0,0,,,3,44,0.0000,False,,NODATA,25
fujairah,2004-03-03,44,0,-0.0382,-0.0858,3,44,1.0000,True,0.0000,QUIET,25
fujairah,2004-03-04,8,0,1.5754,1.0109,3,44,0.1818,True,0.0000,QUIET,25
fujairah,2004-03-05,38,0,-0.1470,0.0450,3,44,0.8636,True,0.0000,QUIET,25
fujairah,2004-03-06,40,0,0.2579,0.1086,3,44,0.9091,True,0.0000,QUIET,25
fujairah,2004-03-07,27,0,-0.2815,0.0477,3,44,0.6136,True,0.0000,QUIET,25
fujairah,2004-03-08,5,0,-0.8505,-0.1280,3,44,0.1136,True,0.0000,QUIET,25
fujairah,2004-03-09,0,0,,,3,44,0.0000,False,,NODATA,25
fujairah,2004-03-10,9,0,-0.6106,-0.3194,3,44,0.2045,True,0.0000,QUIET,25
fujairah,2004-03-11,0,0,,,3,44,0.0000,False,,NODATA,25
fujairah,2004-03-12,15,0,-0.1710,-0.0290,3,44,0.3409,True,0.0000,QUIET,25
fujairah,2004-03-13,12,1,2.3992,1.1729,3,44,0.2727,True,0.0833,QUIET,25
fujairah,2004-03-14,7,0,0.6532,0.4966,3,44,0.1591,True,0.0000,QUIET,25
fujairah,2004-03-15,0,0,,,3,44,0.0000,False,,NODATA,25
fujairah,2004-03-16,0,0,,,3,44,0.0000,False,,NODATA,25
fujairah,2004-03-17,1,0,0.5332,0.3432,3,44,0.0227,False,,NODATA,25
fujairah,2004-03-18,0,0,,,3,44,0.0000,False,,NODATA,25
fujairah,2004-03-19,0,0,,,3,44,0.0000,False,,NODATA,25
fujairah,2004-03-20,0,0,,,3,44,0.0000,False,,NODATA,25
fujairah,2004-03-21,0,0,,,3,44,0.0000,False,,NODATA,25
fujairah,2004-03-22,0,0,,,3,44,0.0000,False,,NODATA,25
fujairah,2004-03-23,0,0,,,3,44,0.0000,False,,NODATA,25
fujairah,2004-03-24,44,0,-0.0587,-0.0177,3,44,1.0000,True,0.0000,QUIET,25
fujairah,2004-03-25,0,0,,,3,44,0.0000,False,,NODATA,25
fujairah,2004-03-26,1,0,1.3923,0.8853,3,44,0.0227,False,,NODATA,25
fujairah,2004-03-27,0,0,,,3,44,0.0000,False,,NODATA,25
fujairah,2004-03-28,0,0,,,3,44,0.0000,False,,NODATA,25
fujairah,2004-03-29,6,0,-0.3737,0.1027,3,44,0.1364,True,0.0000,QUIET,25
fujairah,2004-03-30,0,0,,,3,44,0.0000,False,,NODATA,25
fujairah,2004-03-31,0,0,,,3,44,0.0000,False,,NODATA,25
fujairah,2004-04-01,0,0,,,4,41,0.0000,False,,NODATA,25
fujairah,2004-04-02,0,0,,,4,41,0.0000,False,,NODATA,25
fujairah,2004-04-03,0,0,,,4,41,0.0000,False,,NODATA,25
fujairah,2004-04-04,0,0,,,4,41,0.0000,False,,NODATA,25
fujairah,2004-04-05,0,0,,,4,41,0.0000,False,,NODATA,25
fujairah,2004-04-06,0,0,,,4,41,0.0000,False,,NODATA,25
fujairah,2004-04-07,0,0,,,4,41,0.0000,False,,NODATA,25
fujairah,2004-04-08,0,0,,,4,41,0.0000,False,,NODATA,25
fujairah,2004-04-09,0,0,,,4,41,0.0000,False,,NODATA,25
fujairah,2004-04-10,0,0,,,4,41,0.0000,False,,NODATA,25
fujairah,2004-04-11,0,0,,,4,41,0.0000,False,,NODATA,25
fujairah,2004-04-12,0,0,,,4,41,0.0000,False,,NODATA,25
fujairah,2004-04-13,0,0,,,4,41,0.0000,False,,NODATA,25
fujairah,2004-04-14,0,0,,,4,41,0.0000,False,,NODATA,25
fujairah,2004-04-15,0,0,,,4,41,0.0000,False,,NODATA,25
fujairah,2004-04-16,41,0,0.1497,-0.4865,4,41,1.0000,True,0.0000,QUIET,25
fujairah,2004-04-17,0,0,,,4,41,0.0000,False,,NODATA,25
fujairah,2004-04-18,0,0,,,4,41,0.0000,False,,NODATA,25
fujairah,2004-04-19,0,0,,,4,41,0.0000,False,,NODATA,25
fujairah,2004-04-20,0,0,,,4,41,0.0000,False,,NODATA,25
fujairah,2004-04-21,0,0,,,4,41,0.0000,False,,NODATA,25
fujairah,2004-04-22,0,0,,,4,41,0.0000,False,,NODATA,25
fujairah,2004-04-23,0,0,,,4,41,0.0000,False,,NODATA,25
fujairah,2004-04-24,0,0,,,4,41,0.0000,False,,NODATA,25
fujairah,2004-04-25,24,0,-0.4118,-0.6886,4,41,0.5854,True,0.0000,QUIET,25
fujairah,2004-04-26,0,0,,,4,41,0.0000,False,,NODATA,25
fujairah,2004-04-27,0,0,,,4,41,0.0000,False,,NODATA,25
fujairah,2004-04-28,0,0,,,4,41,0.0000,False,,NODATA,25
fujairah,2004-04-29,0,0,,,4,41,0.0000,False,,NODATA,25
fujairah,2004-04-30,0,0,,,4,41,0.0000,False,,NODATA,25
fujairah,2004-05-01,0,0,,,5,25,0.0000,False,,NODATA,25
fujairah,2004-05-02,0,0,,,5,25,0.0000,False,,NODATA,25
fujairah,2004-05-03,0,0,,,5,25,0.0000,False,,NODATA,25
fujairah,2004-05-04,0,0,,,5,25,0.0000,False,,NODATA,25
fujairah,2004-05-05,0,0,,,5,25,0.0000,False,,NODATA,25
fujairah,2004-05-06,0,0,,,5,25,0.0000,False,,NODATA,25
fujairah,2004-05-07,24,0,1.7873,-0.4236,5,25,0.9600,True,0.0000,QUIET,25
fujairah,2004-05-08,0,0,,,5,25,0.0000,False,,NODATA,25
fujairah,2004-05-09,25,0,1.9387,-0.4674,5,25,1.0000,True,0.0000,QUIET,25
fujairah,2004-05-10,0,0,,,5,25,0.0000,False,,NODATA,25
fujairah,2004-05-11,2,0,-1.6520,-0.8470,5,25,0.0800,False,,NODATA,25
fujairah,2004-05-12,0,0,,,5,25,0.0000,False,,NODATA,25
fujairah,2004-05-13,0,0,,,5,25,0.0000,False,,NODATA,25
fujairah,2004-05-14,0,0,,,5,25,0.0000,False,,NODATA,25
fujairah,2004-05-15,0,0,,,5,25,0.0000,False,,NODATA,25
fujairah,2004-05-16,0,0,,,5,25,0.0000,False,,NODATA,25
fujairah,2004-05-17,0,0,,,5,25,0.0000,False,,NODATA,25
fujairah,2004-05-18,0,0,,,5,25,0.0000,False,,NODATA,25
fujairah,2004-05-19,0,0,,,5,25,0.0000,False,,NODATA,25
fujairah,2004-05-20,0,0,,,5,25,0.0000,False,,NODATA,25
fujairah,2004-05-21,0,0,,,5,25,0.0000,False,,NODATA,25
fujairah,2004-05-22,0,0,,,5,25,0.0000,False,,NODATA,25
fujairah,2004-05-23,0,0,,,5,25,0.0000,False,,NODATA,25
fujairah,2004-05-24,0,0,,,5,25,0.0000,False,,NODATA,25
fujairah,2004-05-25,0,0,,,5,25,0.0000,False,,NODATA,25
fujairah,2004-05-26,0,0,,,5,25,0.0000,False,,NODATA,25
fujairah,2004-05-27,0,0,,,5,25,0.0000,False,,NODATA,25
fujairah,2004-05-28,0,0,,,5,25,0.0000,False,,NODATA,25
fujairah,2004-05-29,0,0,,,5,25,0.0000,False,,NODATA,25
fujairah,2004-05-30,0,0,,,5,25,0.0000,False,,NODATA,25
fujairah,2004-05-31,0,0,,,5,25,0.0000,False,,NODATA,25
fujairah,2004-06-01,12,1,2.0497,-0.4789,6,12,1.0000,True,0.0833,QUIET,25
fujairah,2004-06-02,8,0,0.1643,-0.6823,6,12,0.6667,True,0.0000,QUIET,25
fujairah,2004-06-03,12,0,0.7560,-0.6719,6,12,1.0000,True,0.0000,QUIET,25
fujairah,2004-06-04,0,0,,,6,12,0.0000,False,,NODATA,25
fujairah,2004-06-05,3,0,-0.1042,-0.5909,6,12,0.2500,True,0.0000,QUIET,25
fujairah,2004-06-06,0,0,,,6,12,0.0000,False,,NODATA,25
fujairah,2004-06-07,0,0,,,6,12,0.0000,False,,NODATA,25
fujairah,2004-06-08,0,0,,,6,12,0.0000,False,,NODATA,25
fujairah,2004-06-09,0,0,,,6,12,0.0000,False,,NODATA,25
fujairah,2004-06-10,9,0,1.7843,-0.4248,6,12,0.7500,True,0.0000,QUIET,25
fujairah,2004-06-11,0,0,,,6,12,0.0000,False,,NODATA,25
fujairah,2004-06-12,0,0,,,6,12,0.0000,False,,NODATA,25
fujairah,2004-06-13,0,0,,,6,12,0.0000,False,,NODATA,25
fujairah,2004-06-14,0,0,,,6,12,0.0000,False,,NODATA,25
fujairah,2004-06-15,0,0,,,6,12,0.0000,False,,NODATA,25
fujairah,2004-06-16,0,0,,,6,12,0.0000,False,,NODATA,25
fujairah,2004-06-17,0,0,,,6,12,0.0000,False,,NODATA,25
fujairah,2004-06-18,0,0,,,6,12,0.0000,False,,NODATA,25
fujairah,2004-06-19,1,0,1.0265,-0.5285,6,12,0.0833,False,,NODATA,25
fujairah,2004-06-20,0,0,,,6,12,0.0000,False,,NODATA,25
fujairah,2004-06-21,0,0,,,6,12,0.0000,False,,NODATA,25
fujairah,2004-06-22,0,0,,,6,12,0.0000,False,,NODATA,25
fujairah,2004-06-23,0,0,,,6,12,0.0000,False,,NODATA,25
fujairah,2004-06-24,0,0,,,6,12,0.0000,False,,NODATA,25
fujairah,2004-06-25,0,0,,,6,12,0.0000,False,,NODATA,25
fujairah,2004-06-26,0,0,,,6,12,0.0000,False,,NODATA,25
fujairah,2004-06-27,0,0,,,6,12,0.0000,False,,NODATA,25
fujairah,2004-06-28,0,0,,,6,12,0.0000,False,,NODATA,25
fujairah,2004-06-29,0,0,,,6,12,0.0000,False,,NODATA,25
fujairah,2004-06-30,0,0,,,6,12,0.0000,False,,NODATA,25
fujairah,2004-07-01,0,0,,,7,0,0.0000,False,,NODATA,25
fujairah,2004-07-02,0,0,,,7,0,0.0000,False,,NODATA,25
fujairah,2004-07-03,0,0,,,7,0,0.0000,False,,NODATA,25
fujairah,2004-07-04,0,0,,,7,0,0.0000,False,,NODATA,25
fujairah,2004-07-05,0,0,,,7,0,0.0000,False,,NODATA,25
fujairah,2004-07-06,0,0,,,7,0,0.0000,False,,NODATA,25
fujairah,2004-07-07,0,0,,,7,0,0.0000,False,,NODATA,25
fujairah,2004-07-08,0,0,,,7,0,0.0000,False,,NODATA,25
fujairah,2004-07-09,0,0,,,7,0,0.0000,False,,NODATA,25
fujairah,2004-07-10,0,0,,,7,0,0.0000,False,,NODATA,25
fujairah,2004-07-11,0,0,,,7,0,0.0000,False,,NODATA,25
fujairah,2004-07-12,0,0,,,7,0,0.0000,False,,NODATA,25
fujairah,2004-07-13,0,0,,,7,0,0.0000,False,,NODATA,25
fujairah,2004-07-14,0,0,,,7,0,0.0000,False,,NODATA,25
fujairah,2004-07-15,0,0,,,7,0,0.0000,False,,NODATA,25
fujairah,2004-07-16,0,0,,,7,0,0.0000,False,,NODATA,25
fujairah,2004-07-17,0,0,,,7,0,0.0000,False,,NODATA,25
fujairah,2004-07-18,0,0,,,7,0,0.0000,False,,NODATA,25
fujairah,2004-07-19,0,0,,,7,0,0.0000,False,,NODATA,25
fujairah,2004-07-20,0,0,,,7,0,0.0000,False,,NODATA,25
fujairah,2004-07-21,0,0,,,7,0,0.0000,False,,NODATA,25
fujairah,2004-07-22,0,0,,,7,0,0.0000,False,,NODATA,25
fujairah,2004-07-23,0,0,,,7,0,0.0000,False,,NODATA,25
fujairah,2004-07-24,0,0,,,7,0,0.0000,False,,NODATA,25
fujairah,2004-07-25,0,0,,,7,0,0.0000,False,,NODATA,25
fujairah,2004-07-26,0,0,,,7,0,0.0000,False,,NODATA,25
fujairah,2004-07-27,0,0,,,7,0,0.0000,False,,NODATA,25
fujairah,2004-07-28,0,0,,,7,0,0.0000,False,,NODATA,25
fujairah,2004-07-29,0,0,,,7,0,0.0000,False,,NODATA,25
fujairah,2004-07-30,0,0,,,7,0,0.0000,False,,NODATA,25
fujairah,2004-07-31,0,0,,,7,0,0.0000,False,,NODATA,25
fujairah,2004-08-01,0,0,,,8,0,0.0000,False,,NODATA,25
fujairah,2004-08-02,0,0,,,8,0,0.0000,False,,NODATA,25
fujairah,2004-08-03,0,0,,,8,0,0.0000,False,,NODATA,25
fujairah,2004-08-04,0,0,,,8,0,0.0000,False,,NODATA,25
fujairah,2004-08-05,0,0,,,8,0,0.0000,False,,NODATA,25
fujairah,2004-08-06,0,0,,,8,0,0.0000,False,,NODATA,25
fujairah,2004-08-07,0,0,,,8,0,0.0000,False,,NODATA,25
fujairah,2004-08-08,0,0,,,8,0,0.0000,False,,NODATA,25
fujairah,2004-08-09,0,0,,,8,0,0.0000,False,,NODATA,25
fujairah,2004-08-10,0,0,,,8,0,0.0000,False,,NODATA,25
fujairah,2004-08-11,0,0,,,8,0,0.0000,False,,NODATA,25
fujairah,2004-08-12,0,0,,,8,0,0.0000,False,,NODATA,25
fujairah,2004-08-13,0,0,,,8,0,0.0000,False,,NODATA,25
fujairah,2004-08-14,0,0,,,8,0,0.0000,False,,NODATA,25
fujairah,2004-08-15,0,0,,,8,0,0.0000,False,,NODATA,25
fujairah,2004-08-16,0,0,,,8,0,0.0000,False,,NODATA,25
fujairah,2004-08-17,0,0,,,8,0,0.0000,False,,NODATA,25
fujairah,2004-08-18,0,0,,,8,0,0.0000,False,,NODATA,25
fujairah,2004-08-19,0,0,,,8,0,0.0000,False,,NODATA,25
fujairah,2004-08-20,0,0,,,8,0,0.0000,False,,NODATA,25
fujairah,2004-08-21,0,0,,,8,0,0.0000,False,,NODATA,25
fujairah,2004-08-22,0,0,,,8,0,0.0000,False,,NODATA,25
fujairah,2004-08-23,0,0,,,8,0,0.0000,False,,NODATA,25
fujairah,2004-08-24,0,0,,,8,0,0.0000,False,,NODATA,25
fujairah,2004-08-25,0,0,,,8,0,0.0000,False,,NODATA,25
fujairah,2004-08-26,0,0,,,8,0,0.0000,False,,NODATA,25
fujairah,2004-08-27,0,0,,,8,0,0.0000,False,,NODATA,25
fujairah,2004-08-28,0,0,,,8,0,0.0000,False,,NODATA,25
fujairah,2004-08-29,0,0,,,8,0,0.0000,False,,NODATA,25
fujairah,2004-08-30,0,0,,,8,0,0.0000,False,,NODATA,25
fujairah,2004-08-31,0,0,,,8,0,0.0000,False,,NODATA,25
fujairah,2004-09-01,0,0,,,9,37,0.0000,False,,NODATA,25
fujairah,2004-09-02,0,0,,,9,37,0.0000,False,,NODATA,25
fujairah,2004-09-03,0,0,,,9,37,0.0000,False,,NODATA,25
fujairah,2004-09-04,0,0,,,9,37,0.0000,False,,NODATA,25
fujairah,2004-09-05,0,0,,,9,37,0.0000,False,,NODATA,25
fujairah,2004-09-06,0,0,,,9,37,0.0000,False,,NODATA,25
fujairah,2004-09-07,0,0,,,9,37,0.0000,False,,NODATA,25
fujairah,2004-09-08,0,0,,,9,37,0.0000,False,,NODATA,25
fujairah,2004-09-09,0,0,,,9,37,0.0000,False,,NODATA,25
fujairah,2004-09-10,0,0,,,9,37,0.0000,False,,NODATA,25
fujairah,2004-09-11,0,0,,,9,37,0.0000,False,,NODATA,25
fujairah,2004-09-12,0,0,,,9,37,0.0000,False,,NODATA,25
fujairah,2004-09-13,0,0,,,9,37,0.0000,False,,NODATA,25
fujairah,2004-09-14,0,0,,,9,37,0.0000,False,,NODATA,25
fujairah,2004-09-15,0,0,,,9,37,0.0000,False,,NODATA,25
fujairah,2004-09-16,0,0,,,9,37,0.0000,False,,NODATA,25
fujairah,2004-09-17,0,0,,,9,37,0.0000,False,,NODATA,25
fujairah,2004-09-18,0,0,,,9,37,0.0000,False,,NODATA,25
fujairah,2004-09-19,0,0,,,9,37,0.0000,False,,NODATA,25
fujairah,2004-09-20,0,0,,,9,37,0.0000,False,,NODATA,25
fujairah,2004-09-21,0,0,,,9,37,0.0000,False,,NODATA,25
fujairah,2004-09-22,0,0,,,9,37,0.0000,False,,NODATA,25
fujairah,2004-09-23,0,0,,,9,37,0.0000,False,,NODATA,25
fujairah,2004-09-24,0,0,,,9,37,0.0000,False,,NODATA,25
fujairah,2004-09-25,0,0,,,9,37,0.0000,False,,NODATA,25
fujairah,2004-09-26,0,0,,,9,37,0.0000,False,,NODATA,25
fujairah,2004-09-27,0,0,,,9,37,0.0000,False,,NODATA,25
fujairah,2004-09-28,0,0,,,9,37,0.0000,False,,NODATA,25
fujairah,2004-09-29,0,0,,,9,37,0.0000,False,,NODATA,25
fujairah,2004-09-30,37,11,3.0023,0.1690,9,37,1.0000,True,0.2973,QUIET,25
fujairah,2004-10-01,26,2,2.6721,-0.3451,10,48,0.5417,True,0.0769,QUIET,25
fujairah,2004-10-02,38,5,4.0938,-0.2381,10,48,0.7917,True,0.1316,QUIET,25
fujairah,2004-10-03,0,0,,,10,48,0.0000,False,,NODATA,25
fujairah,2004-10-04,0,0,,,10,48,0.0000,False,,NODATA,25
fujairah,2004-10-05,0,0,,,10,48,0.0000,False,,NODATA,25
fujairah,2004-10-06,41,0,0.5567,-0.3879,10,48,0.8542,True,0.0000,QUIET,25
fujairah,2004-10-07,3,0,0.8677,-0.1772,10,48,0.0625,False,,NODATA,25
fujairah,2004-10-08,0,0,,,10,48,0.0000,False,,NODATA,25
fujairah,2004-10-09,0,0,,,10,48,0.0000,False,,NODATA,25
fujairah,2004-10-10,0,0,,,10,48,0.0000,False,,NODATA,25
fujairah,2004-10-11,38,9,4.3158,-0.1375,10,48,0.7917,True,0.2368,QUIET,25
fujairah,2004-10-12,0,0,,,10,48,0.0000,False,,NODATA,25
fujairah,2004-10-13,0,0,,,10,48,0.0000,False,,NODATA,25
fujairah,2004-10-14,0,0,,,10,48,0.0000,False,,NODATA,25
fujairah,2004-10-15,0,0,,,10,48,0.0000,False,,NODATA,25
fujairah,2004-10-16,3,0,0.6795,-0.0756,10,48,0.0625,False,,NODATA,25
fujairah,2004-10-17,0,0,,,10,48,0.0000,False,,NODATA,25
fujairah,2004-10-18,0,0,,,10,48,0.0000,False,,NODATA,25
fujairah,2004-10-19,0,0,,,10,48,0.0000,False,,NODATA,25
fujairah,2004-10-20,0,0,,,10,48,0.0000,False,,NODATA,25
fujairah,2004-10-21,0,0,,,10,48,0.0000,False,,NODATA,25
fujairah,2004-10-22,0,0,,,10,48,0.0000,False,,NODATA,25
fujairah,2004-10-23,0,0,,,10,48,0.0000,False,,NODATA,25
fujairah,2004-10-24,0,0,,,10,48,0.0000,False,,NODATA,25
fujairah,2004-10-25,0,0,,,10,48,0.0000,False,,NODATA,25
fujairah,2004-10-26,0,0,,,10,48,0.0000,False,,NODATA,25
fujairah,2004-10-27,29,24,4.5469,0.2583,10,48,0.6042,True,0.8276,EXCEED,25
fujairah,2004-10-28,0,0,,,10,48,0.0000,False,,NODATA,25
fujairah,2004-10-29,39,27,5.4246,0.3157,10,48,0.8125,True,0.6923,ALERT,25
fujairah,2004-10-30,0,0,,,10,48,0.0000,False,,NODATA,25
fujairah,2004-10-31,22,2,2.8957,-0.1034,10,48,0.4583,True,0.0909,QUIET,25
fujairah,2004-11-01,37,2,2.1293,0.1917,11,48,0.7708,True,0.0541,QUIET,25
fujairah,2004-11-02,0,0,,,11,48,0.0000,False,,NODATA,25
fujairah,2004-11-03,46,0,1.1388,0.0499,11,48,0.9583,True,0.0000,QUIET,25
fujairah,2004-11-04,0,0,,,11,48,0.0000,False,,NODATA,25
fujairah,2004-11-05,48,0,1.0797,0.0237,11,48,1.0000,True,0.0000,QUIET,25
fujairah,2004-11-06,0,0,,,11,48,0.0000,False,,NODATA,25
fujairah,2004-11-07,41,0,0.7152,-0.0260,11,48,0.8542,True,0.0000,QUIET,25
fujairah,2004-11-08,35,0,0.5501,0.0948,11,48,0.7292,True,0.0000,QUIET,25
fujairah,2004-11-09,34,0,0.5485,-0.0064,11,48,0.7083,True,0.0000,QUIET,25
fujairah,2004-11-10,40,0,1.5123,0.2614,11,48,0.8333,True,0.0000,QUIET,25
fujairah,2004-11-11,0,0,,,11,48,0.0000,False,,NODATA,25
fujairah,2004-11-12,47,0,0.4834,-0.0030,11,48,0.9792,True,0.0000,QUIET,25
fujairah,2004-11-13,0,0,,,11,48,0.0000,False,,NODATA,25
fujairah,2004-11-14,37,0,0.4329,0.0758,11,48,0.7708,True,0.0000,QUIET,25
fujairah,2004-11-15,0,0,,,11,48,0.0000,False,,NODATA,25
fujairah,2004-11-16,0,0,,,11,48,0.0000,False,,NODATA,25
fujairah,2004-11-17,12,9,2.6840,0.9718,11,48,0.2500,True,0.7500,EXCEED,25
fujairah,2004-11-18,0,0,,,11,48,0.0000,False,,NODATA,25
fujairah,2004-11-19,43,40,3.3229,1.2026,11,48,0.8958,True,0.9302,ALERT,25
fujairah,2004-11-20,0,0,,,11,48,0.0000,False,,NODATA,25
fujairah,2004-11-21,48,0,1.9291,0.3876,11,48,1.0000,True,0.0000,QUIET,25
fujairah,2004-11-22,0,0,,,11,48,0.0000,False,,NODATA,25
fujairah,2004-11-23,39,0,1.0771,0.2075,11,48,0.8125,True,0.0000,QUIET,25
fujairah,2004-11-24,0,0,,,11,48,0.0000,False,,NODATA,25
fujairah,2004-11-25,0,0,,,11,48,0.0000,False,,NODATA,25
fujairah,2004-11-26,3,3,3.0353,1.3058,11,48,0.0625,False,,NODATA,25
fujairah,2004-11-27,0,0,,,11,48,0.0000,False,,NODATA,25
fujairah,2004-11-28,1,1,2.9482,1.3704,11,48,0.0208,False,,NODATA,25
fujairah,2004-11-29,0,0,,,11,48,0.0000,False,,NODATA,25
fujairah,2004-11-30,21,10,3.0455,0.8819,11,48,0.4375,True,0.4762,EXCEED,25
fujairah,2004-12-01,0,0,,,12,48,0.0000,False,,NODATA,25
fujairah,2004-12-02,0,0,,,12,48,0.0000,False,,NODATA,25
fujairah,2004-12-03,0,0,,,12,48,0.0000,False,,NODATA,25
fujairah,2004-12-04,0,0,,,12,48,0.0000,False,,NODATA,25
fujairah,2004-12-05,0,0,,,12,48,0.0000,False,,NODATA,25
fujairah,2004-12-06,0,0,,,12,48,0.0000,False,,NODATA,25
fujairah,2004-12-07,31,19,3.6226,0.9883,12,48,0.6458,True,0.6129,ALERT,25
fujairah,2004-12-08,0,0,,,12,48,0.0000,False,,NODATA,25
fujairah,2004-12-09,0,0,,,12,48,0.0000,False,,NODATA,25
fujairah,2004-12-10,0,0,,,12,48,0.0000,False,,NODATA,25
fujairah,2004-12-11,0,0,,,12,48,0.0000,False,,NODATA,25
fujairah,2004-12-12,27,0,1.2674,0.2367,12,48,0.5625,True,0.0000,QUIET,25
fujairah,2004-12-13,0,0,,,12,48,0.0000,False,,NODATA,25
fujairah,2004-12-14,0,0,,,12,48,0.0000,False,,NODATA,25
fujairah,2004-12-15,0,0,,,12,48,0.0000,False,,NODATA,25
fujairah,2004-12-16,0,0,,,12,48,0.0000,False,,NODATA,25
fujairah,2004-12-17,0,0,,,12,48,0.0000,False,,NODATA,25
fujairah,2004-12-18,0,0,,,12,48,0.0000,False,,NODATA,25
fujairah,2004-12-19,38,0,0.7457,0.0862,12,48,0.7917,True,0.0000,QUIET,25
fujairah,2004-12-20,0,0,,,12,48,0.0000,False,,NODATA,25
fujairah,2004-12-21,0,0,,,12,48,0.0000,False,,NODATA,25
fujairah,2004-12-22,0,0,,,12,48,0.0000,False,,NODATA,25
fujairah,2004-12-23,47,0,0.6303,-0.0595,12,48,0.9792,True,0.0000,QUIET,25
fujairah,2004-12-24,0,0,,,12,48,0.0000,False,,NODATA,25
fujairah,2004-12-25,0,0,,,12,48,0.0000,False,,NODATA,25
fujairah,2004-12-26,0,0,,,12,48,0.0000,False,,NODATA,25
fujairah,2004-12-27,0,0,,,12,48,0.0000,False,,NODATA,25
fujairah,2004-12-28,0,0,,,12,48,0.0000,False,,NODATA,25
fujairah,2004-12-29,0,0,,,12,48,0.0000,False,,NODATA,25
fujairah,2004-12-30,48,0,-0.2551,-0.1872,12,48,1.0000,True,0.0000,QUIET,25
fujairah,2004-12-31,0,0,,,12,48,0.0000,False,,NODATA,25
fujairah,2005-01-01,47,0,-0.2825,-0.1651,1,47,1.0000,True,0.0000,QUIET,25
fujairah,2005-01-02,26,0,-0.5726,-0.2300,1,47,0.5532,True,0.0000,QUIET,25
fujairah,2005-01-03,38,0,-0.6812,-0.2056,1,47,0.8085,True,0.0000,QUIET,25
fujairah,2005-01-04,38,0,1.7852,0.0959,1,47,0.8085,True,0.0000,QUIET,25
fujairah,2005-01-05,18,0,-0.5525,-0.1823,1,47,0.3830,True,0.0000,QUIET,25
fujairah,2005-01-06,47,0,0.6281,0.0141,1,47,1.0000,True,0.0000,QUIET,25
fujairah,2005-01-07,0,0,,,1,47,0.0000,False,,NODATA,25
fujairah,2005-01-08,15,2,2.8752,0.0960,1,47,0.3191,True,0.1333,QUIET,25
fujairah,2005-01-09,0,0,,,1,47,0.0000,False,,NODATA,25
fujairah,2005-01-10,15,0,1.1783,0.1090,1,47,0.3191,True,0.0000,QUIET,25
fujairah,2005-01-11,0,0,,,1,47,0.0000,False,,NODATA,25
fujairah,2005-01-12,0,0,,,1,47,0.0000,False,,NODATA,25
fujairah,2005-01-13,27,1,3.6210,0.2424,1,47,0.5745,True,0.0370,QUIET,25
fujairah,2005-01-14,0,0,,,1,47,0.0000,False,,NODATA,25
fujairah,2005-01-15,46,1,2.3184,0.4918,1,47,0.9787,True,0.0217,QUIET,25
fujairah,2005-01-16,0,0,,,1,47,0.0000,False,,NODATA,25
fujairah,2005-01-17,35,0,1.5895,0.3086,1,47,0.7447,True,0.0000,QUIET,25
fujairah,2005-01-18,0,0,,,1,47,0.0000,False,,NODATA,25
fujairah,2005-01-19,0,0,,,1,47,0.0000,False,,NODATA,25
fujairah,2005-01-20,6,0,0.0085,-0.1580,1,47,0.1277,True,0.0000,QUIET,25
fujairah,2005-01-21,26,0,0.3359,-0.1055,1,47,0.5532,True,0.0000,QUIET,25
fujairah,2005-01-22,0,0,,,1,47,0.0000,False,,NODATA,25
fujairah,2005-01-23,0,0,,,1,47,0.0000,False,,NODATA,25
fujairah,2005-01-24,15,1,2.0641,0.4614,1,47,0.3191,True,0.0667,QUIET,25
fujairah,2005-01-25,0,0,,,1,47,0.0000,False,,NODATA,25
fujairah,2005-01-26,38,0,0.6857,-0.0956,1,47,0.8085,True,0.0000,QUIET,25
fujairah,2005-01-27,0,0,,,1,47,0.0000,False,,NODATA,25
fujairah,2005-01-28,35,1,2.2398,-0.1258,1,47,0.7447,True,0.0286,QUIET,25
fujairah,2005-01-29,31,10,3.7292,0.2697,1,47,0.6596,True,0.3226,EXCEED,25
fujairah,2005-01-30,0,0,,,1,47,0.0000,False,,NODATA,25
fujairah,2005-01-31,35,3,2.4959,0.5908,1,47,0.7447,True,0.0857,QUIET,25
fujairah,2005-02-01,0,0,,,2,44,0.0000,False,,NODATA,25
fujairah,2005-02-02,3,0,0.2428,0.4715,2,44,0.0682,False,,NODATA,25
fujairah,2005-02-03,0,0,,,2,44,0.0000,False,,NODATA,25
fujairah,2005-02-04,4,0,0.2480,0.2375,2,44,0.0909,False,,NODATA,25
fujairah,2005-02-05,0,0,,,2,44,0.0000,False,,NODATA,25
fujairah,2005-02-06,0,0,,,2,44,0.0000,False,,NODATA,25
fujairah,2005-02-07,0,0,,,2,44,0.0000,False,,NODATA,25
fujairah,2005-02-08,0,0,,,2,44,0.0000,False,,NODATA,25
fujairah,2005-02-09,0,0,,,2,44,0.0000,False,,NODATA,25
fujairah,2005-02-10,0,0,,,2,44,0.0000,False,,NODATA,25
fujairah,2005-02-11,41,0,-0.4076,-0.1480,2,44,0.9318,True,0.0000,QUIET,25
fujairah,2005-02-12,0,0,,,2,44,0.0000,False,,NODATA,25
fujairah,2005-02-13,0,0,,,2,44,0.0000,False,,NODATA,25
fujairah,2005-02-14,0,0,,,2,44,0.0000,False,,NODATA,25
fujairah,2005-02-15,0,0,,,2,44,0.0000,False,,NODATA,25
fujairah,2005-02-16,0,0,,,2,44,0.0000,False,,NODATA,25
fujairah,2005-02-17,0,0,,,2,44,0.0000,False,,NODATA,25
fujairah,2005-02-18,25,0,-0.5374,-0.1103,2,44,0.5682,True,0.0000,QUIET,25
fujairah,2005-02-19,25,0,1.4757,0.7312,2,44,0.5682,True,0.0000,QUIET,25
fujairah,2005-02-20,37,0,1.1536,0.5306,2,44,0.8409,True,0.0000,QUIET,25
fujairah,2005-02-21,0,0,,,2,44,0.0000,False,,NODATA,25
fujairah,2005-02-22,0,0,,,2,44,0.0000,False,,NODATA,25
fujairah,2005-02-23,0,0,,,2,44,0.0000,False,,NODATA,25
fujairah,2005-02-24,0,0,,,2,44,0.0000,False,,NODATA,25
fujairah,2005-02-25,0,0,,,2,44,0.0000,False,,NODATA,25
fujairah,2005-02-26,0,0,,,2,44,0.0000,False,,NODATA,25
fujairah,2005-02-27,0,0,,,2,44,0.0000,False,,NODATA,25
fujairah,2005-02-28,4,0,1.7472,1.1278,2,44,0.0909,False,,NODATA,25
fujairah,2005-03-01,0,0,,,3,44,0.0000,False,,NODATA,25
fujairah,2005-03-02,0,0,,,3,44,0.0000,False,,NODATA,25
fujairah,2005-03-03,0,0,,,3,44,0.0000,False,,NODATA,25
fujairah,2005-03-04,44,2,2.1165,0.6837,3,44,1.0000,True,0.0455,QUIET,25
fujairah,2005-03-05,0,0,,,3,44,0.0000,False,,NODATA,25
fujairah,2005-03-06,1,0,1.7447,1.4378,3,44,0.0227,False,,NODATA,25
fujairah,2005-03-07,0,0,,,3,44,0.0000,False,,NODATA,25
fujairah,2005-03-08,0,0,,,3,44,0.0000,False,,NODATA,25
fujairah,2005-03-09,0,0,,,3,44,0.0000,False,,NODATA,25
fujairah,2005-03-10,0,0,,,3,44,0.0000,False,,NODATA,25
fujairah,2005-03-11,0,0,,,3,44,0.0000,False,,NODATA,25
fujairah,2005-03-12,0,0,,,3,44,0.0000,False,,NODATA,25
fujairah,2005-03-13,0,0,,,3,44,0.0000,False,,NODATA,25
fujairah,2005-03-14,0,0,,,3,44,0.0000,False,,NODATA,25
fujairah,2005-03-15,0,0,,,3,44,0.0000,False,,NODATA,25
fujairah,2005-03-16,0,0,,,3,44,0.0000,False,,NODATA,25
fujairah,2005-03-17,0,0,,,3,44,0.0000,False,,NODATA,25
fujairah,2005-03-18,28,0,1.9118,1.1528,3,44,0.6364,True,0.0000,QUIET,25
fujairah,2005-03-19,0,0,,,3,44,0.0000,False,,NODATA,25
fujairah,2005-03-20,17,0,1.4657,0.4616,3,44,0.3864,True,0.0000,QUIET,25
fujairah,2005-03-21,0,0,,,3,44,0.0000,False,,NODATA,25
fujairah,2005-03-22,0,0,,,3,44,0.0000,False,,NODATA,25
fujairah,2005-03-23,0,0,,,3,44,0.0000,False,,NODATA,25
fujairah,2005-03-24,0,0,,,3,44,0.0000,False,,NODATA,25
fujairah,2005-03-25,24,0,1.2120,-0.0294,3,44,0.5455,True,0.0000,QUIET,25
fujairah,2005-03-26,0,0,,,3,44,0.0000,False,,NODATA,25
fujairah,2005-03-27,0,0,,,3,44,0.0000,False,,NODATA,25
fujairah,2005-03-28,0,0,,,3,44,0.0000,False,,NODATA,25
fujairah,2005-03-29,0,0,,,3,44,0.0000,False,,NODATA,25
fujairah,2005-03-30,0,0,,,3,44,0.0000,False,,NODATA,25
fujairah,2005-03-31,1,0,-0.2908,0.2088,3,44,0.0227,False,,NODATA,25
fujairah,2005-04-01,0,0,,,4,41,0.0000,False,,NODATA,25
fujairah,2005-04-02,33,10,2.5392,0.4325,4,41,0.8049,True,0.3030,EXCEED,25
fujairah,2005-04-03,41,0,1.9801,0.1188,4,41,1.0000,True,0.0000,QUIET,25
fujairah,2005-04-04,0,0,,,4,41,0.0000,False,,NODATA,25
fujairah,2005-04-05,20,1,2.4333,0.2111,4,41,0.4878,True,0.0500,QUIET,25
fujairah,2005-04-06,0,0,,,4,41,0.0000,False,,NODATA,25
fujairah,2005-04-07,0,0,,,4,41,0.0000,False,,NODATA,25
fujairah,2005-04-08,0,0,,,4,41,0.0000,False,,NODATA,25
fujairah,2005-04-09,0,0,,,4,41,0.0000,False,,NODATA,25
fujairah,2005-04-10,0,0,,,4,41,0.0000,False,,NODATA,25
fujairah,2005-04-11,0,0,,,4,41,0.0000,False,,NODATA,25
fujairah,2005-04-12,0,0,,,4,41,0.0000,False,,NODATA,25
fujairah,2005-04-13,0,0,,,4,41,0.0000,False,,NODATA,25
fujairah,2005-04-14,0,0,,,4,41,0.0000,False,,NODATA,25
fujairah,2005-04-15,0,0,,,4,41,0.0000,False,,NODATA,25
fujairah,2005-04-16,0,0,,,4,41,0.0000,False,,NODATA,25
fujairah,2005-04-17,0,0,,,4,41,0.0000,False,,NODATA,25
fujairah,2005-04-18,0,0,,,4,41,0.0000,False,,NODATA,25
fujairah,2005-04-19,0,0,,,4,41,0.0000,False,,NODATA,25
fujairah,2005-04-20,0,0,,,4,41,0.0000,False,,NODATA,25
fujairah,2005-04-21,39,0,0.7684,-0.2446,4,41,0.9512,True,0.0000,QUIET,25
fujairah,2005-04-22,0,0,,,4,41,0.0000,False,,NODATA,25
fujairah,2005-04-23,0,0,,,4,41,0.0000,False,,NODATA,25
fujairah,2005-04-24,0,0,,,4,41,0.0000,False,,NODATA,25
fujairah,2005-04-25,0,0,,,4,41,0.0000,False,,NODATA,25
fujairah,2005-04-26,0,0,,,4,41,0.0000,False,,NODATA,25
fujairah,2005-04-27,0,0,,,4,41,0.0000,False,,NODATA,25
fujairah,2005-04-28,41,0,-0.5027,-0.4136,4,41,1.0000,True,0.0000,QUIET,25
fujairah,2005-04-29,0,0,,,4,41,0.0000,False,,NODATA,25
fujairah,2005-04-30,0,0,,,4,41,0.0000,False,,NODATA,25
fujairah,2005-05-01,0,0,,,5,25,0.0000,False,,NODATA,25
fujairah,2005-05-02,0,0,,,5,25,0.0000,False,,NODATA,25
fujairah,2005-05-03,0,0,,,5,25,0.0000,False,,NODATA,25
fujairah,2005-05-04,0,0,,,5,25,0.0000,False,,NODATA,25
fujairah,2005-05-05,0,0,,,5,25,0.0000,False,,NODATA,25
fujairah,2005-05-06,0,0,,,5,25,0.0000,False,,NODATA,25
fujairah,2005-05-07,0,0,,,5,25,0.0000,False,,NODATA,25
fujairah,2005-05-08,0,0,,,5,25,0.0000,False,,NODATA,25
fujairah,2005-05-09,0,0,,,5,25,0.0000,False,,NODATA,25
fujairah,2005-05-10,0,0,,,5,25,0.0000,False,,NODATA,25
fujairah,2005-05-11,0,0,,,5,25,0.0000,False,,NODATA,25
fujairah,2005-05-12,25,0,1.2213,-0.5092,5,25,1.0000,True,0.0000,QUIET,25
fujairah,2005-05-13,0,0,,,5,25,0.0000,False,,NODATA,25
fujairah,2005-05-14,0,0,,,5,25,0.0000,False,,NODATA,25
fujairah,2005-05-15,0,0,,,5,25,0.0000,False,,NODATA,25
fujairah,2005-05-16,0,0,,,5,25,0.0000,False,,NODATA,25
fujairah,2005-05-17,0,0,,,5,25,0.0000,False,,NODATA,25
fujairah,2005-05-18,0,0,,,5,25,0.0000,False,,NODATA,25
fujairah,2005-05-19,3,0,1.9297,-0.3442,5,25,0.1200,True,0.0000,QUIET,25
fujairah,2005-05-20,0,0,,,5,25,0.0000,False,,NODATA,25
fujairah,2005-05-21,0,0,,,5,25,0.0000,False,,NODATA,25
fujairah,2005-05-22,0,0,,,5,25,0.0000,False,,NODATA,25
fujairah,2005-05-23,1,0,1.7791,-0.2946,5,25,0.0400,False,,NODATA,25
fujairah,2005-05-24,0,0,,,5,25,0.0000,False,,NODATA,25
fujairah,2005-05-25,0,0,,,5,25,0.0000,False,,NODATA,25
fujairah,2005-05-26,0,0,,,5,25,0.0000,False,,NODATA,25
fujairah,2005-05-27,0,0,,,5,25,0.0000,False,,NODATA,25
fujairah,2005-05-28,0,0,,,5,25,0.0000,False,,NODATA,25
fujairah,2005-05-29,0,0,,,5,25,0.0000,False,,NODATA,25
fujairah,2005-05-30,0,0,,,5,25,0.0000,False,,NODATA,25
fujairah,2005-05-31,0,0,,,5,25,0.0000,False,,NODATA,25
fujairah,2005-06-01,0,0,,,6,12,0.0000,False,,NODATA,25
fujairah,2005-06-02,0,0,,,6,12,0.0000,False,,NODATA,25
fujairah,2005-06-03,0,0,,,6,12,0.0000,False,,NODATA,25
fujairah,2005-06-04,12,0,0.3447,-0.7174,6,12,1.0000,True,0.0000,QUIET,25
fujairah,2005-06-05,12,0,-0.4129,-0.7852,6,12,1.0000,True,0.0000,QUIET,25
fujairah,2005-06-06,12,0,-0.3618,-0.7800,6,12,1.0000,True,0.0000,QUIET,25
fujairah,2005-06-07,0,0,,,6,12,0.0000,False,,NODATA,25
fujairah,2005-06-08,0,0,,,6,12,0.0000,False,,NODATA,25
fujairah,2005-06-09,0,0,,,6,12,0.0000,False,,NODATA,25
fujairah,2005-06-10,0,0,,,6,12,0.0000,False,,NODATA,25
fujairah,2005-06-11,0,0,,,6,12,0.0000,False,,NODATA,25
fujairah,2005-06-12,0,0,,,6,12,0.0000,False,,NODATA,25
fujairah,2005-06-13,0,0,,,6,12,0.0000,False,,NODATA,25
fujairah,2005-06-14,0,0,,,6,12,0.0000,False,,NODATA,25
fujairah,2005-06-15,0,0,,,6,12,0.0000,False,,NODATA,25
fujairah,2005-06-16,0,0,,,6,12,0.0000,False,,NODATA,25
fujairah,2005-06-17,0,0,,,6,12,0.0000,False,,NODATA,25
fujairah,2005-06-18,0,0,,,6,12,0.0000,False,,NODATA,25
fujairah,2005-06-19,0,0,,,6,12,0.0000,False,,NODATA,25
fujairah,2005-06-20,0,0,,,6,12,0.0000,False,,NODATA,25
fujairah,2005-06-21,0,0,,,6,12,0.0000,False,,NODATA,25
fujairah,2005-06-22,0,0,,,6,12,0.0000,False,,NODATA,25
fujairah,2005-06-23,0,0,,,6,12,0.0000,False,,NODATA,25
fujairah,2005-06-24,0,0,,,6,12,0.0000,False,,NODATA,25
fujairah,2005-06-25,0,0,,,6,12,0.0000,False,,NODATA,25
fujairah,2005-06-26,0,0,,,6,12,0.0000,False,,NODATA,25
fujairah,2005-06-27,0,0,,,6,12,0.0000,False,,NODATA,25
fujairah,2005-06-28,0,0,,,6,12,0.0000,False,,NODATA,25
fujairah,2005-06-29,0,0,,,6,12,0.0000,False,,NODATA,25
fujairah,2005-06-30,0,0,,,6,12,0.0000,False,,NODATA,25
fujairah,2005-07-01,0,0,,,7,0,0.0000,False,,NODATA,25
fujairah,2005-07-02,0,0,,,7,0,0.0000,False,,NODATA,25
fujairah,2005-07-03,0,0,,,7,0,0.0000,False,,NODATA,25
fujairah,2005-07-04,0,0,,,7,0,0.0000,False,,NODATA,25
fujairah,2005-07-05,0,0,,,7,0,0.0000,False,,NODATA,25
fujairah,2005-07-06,0,0,,,7,0,0.0000,False,,NODATA,25
fujairah,2005-07-07,0,0,,,7,0,0.0000,False,,NODATA,25
fujairah,2005-07-08,0,0,,,7,0,0.0000,False,,NODATA,25
fujairah,2005-07-09,0,0,,,7,0,0.0000,False,,NODATA,25
fujairah,2005-07-10,0,0,,,7,0,0.0000,False,,NODATA,25
fujairah,2005-07-11,0,0,,,7,0,0.0000,False,,NODATA,25
fujairah,2005-07-12,0,0,,,7,0,0.0000,False,,NODATA,25
fujairah,2005-07-13,0,0,,,7,0,0.0000,False,,NODATA,25
fujairah,2005-07-14,0,0,,,7,0,0.0000,False,,NODATA,25
fujairah,2005-07-15,0,0,,,7,0,0.0000,False,,NODATA,25
fujairah,2005-07-16,0,0,,,7,0,0.0000,False,,NODATA,25
fujairah,2005-07-17,0,0,,,7,0,0.0000,False,,NODATA,25
fujairah,2005-07-18,0,0,,,7,0,0.0000,False,,NODATA,25
fujairah,2005-07-19,0,0,,,7,0,0.0000,False,,NODATA,25
fujairah,2005-07-20,0,0,,,7,0,0.0000,False,,NODATA,25
fujairah,2005-07-21,0,0,,,7,0,0.0000,False,,NODATA,25
fujairah,2005-07-22,0,0,,,7,0,0.0000,False,,NODATA,25
fujairah,2005-07-23,0,0,,,7,0,0.0000,False,,NODATA,25
fujairah,2005-07-24,0,0,,,7,0,0.0000,False,,NODATA,25
fujairah,2005-07-25,0,0,,,7,0,0.0000,False,,NODATA,25
fujairah,2005-07-26,0,0,,,7,0,0.0000,False,,NODATA,25
fujairah,2005-07-27,0,0,,,7,0,0.0000,False,,NODATA,25
fujairah,2005-07-28,0,0,,,7,0,0.0000,False,,NODATA,25
fujairah,2005-07-29,0,0,,,7,0,0.0000,False,,NODATA,25
fujairah,2005-07-30,0,0,,,7,0,0.0000,False,,NODATA,25
fujairah,2005-07-31,0,0,,,7,0,0.0000,False,,NODATA,25
fujairah,2005-08-01,0,0,,,8,0,0.0000,False,,NODATA,25
fujairah,2005-08-02,0,0,,,8,0,0.0000,False,,NODATA,25
fujairah,2005-08-03,0,0,,,8,0,0.0000,False,,NODATA,25
fujairah,2005-08-04,0,0,,,8,0,0.0000,False,,NODATA,25
fujairah,2005-08-05,0,0,,,8,0,0.0000,False,,NODATA,25
fujairah,2005-08-06,0,0,,,8,0,0.0000,False,,NODATA,25
fujairah,2005-08-07,0,0,,,8,0,0.0000,False,,NODATA,25
fujairah,2005-08-08,0,0,,,8,0,0.0000,False,,NODATA,25
fujairah,2005-08-09,0,0,,,8,0,0.0000,False,,NODATA,25
fujairah,2005-08-10,0,0,,,8,0,0.0000,False,,NODATA,25
fujairah,2005-08-11,0,0,,,8,0,0.0000,False,,NODATA,25
fujairah,2005-08-12,0,0,,,8,0,0.0000,False,,NODATA,25
fujairah,2005-08-13,0,0,,,8,0,0.0000,False,,NODATA,25
fujairah,2005-08-14,0,0,,,8,0,0.0000,False,,NODATA,25
fujairah,2005-08-15,0,0,,,8,0,0.0000,False,,NODATA,25
fujairah,2005-08-16,0,0,,,8,0,0.0000,False,,NODATA,25
fujairah,2005-08-17,0,0,,,8,0,0.0000,False,,NODATA,25
fujairah,2005-08-18,0,0,,,8,0,0.0000,False,,NODATA,25
fujairah,2005-08-19,0,0,,,8,0,0.0000,False,,NODATA,25
fujairah,2005-08-20,0,0,,,8,0,0.0000,False,,NODATA,25
fujairah,2005-08-21,0,0,,,8,0,0.0000,False,,NODATA,25
fujairah,2005-08-22,0,0,,,8,0,0.0000,False,,NODATA,25
fujairah,2005-08-23,0,0,,,8,0,0.0000,False,,NODATA,25
fujairah,2005-08-24,0,0,,,8,0,0.0000,False,,NODATA,25
fujairah,2005-08-25,0,0,,,8,0,0.0000,False,,NODATA,25
fujairah,2005-08-26,0,0,,,8,0,0.0000,False,,NODATA,25
fujairah,2005-08-27,0,0,,,8,0,0.0000,False,,NODATA,25
fujairah,2005-08-28,0,0,,,8,0,0.0000,False,,NODATA,25
fujairah,2005-08-29,0,0,,,8,0,0.0000,False,,NODATA,25
fujairah,2005-08-30,0,0,,,8,0,0.0000,False,,NODATA,25
fujairah,2005-08-31,0,0,,,8,0,0.0000,False,,NODATA,25
fujairah,2005-09-01,0,0,,,9,37,0.0000,False,,NODATA,25
fujairah,2005-09-02,0,0,,,9,37,0.0000,False,,NODATA,25
fujairah,2005-09-03,0,0,,,9,37,0.0000,False,,NODATA,25
fujairah,2005-09-04,0,0,,,9,37,0.0000,False,,NODATA,25
fujairah,2005-09-05,0,0,,,9,37,0.0000,False,,NODATA,25
fujairah,2005-09-06,0,0,,,9,37,0.0000,False,,NODATA,25
fujairah,2005-09-07,0,0,,,9,37,0.0000,False,,NODATA,25
fujairah,2005-09-08,0,0,,,9,37,0.0000,False,,NODATA,25
fujairah,2005-09-09,0,0,,,9,37,0.0000,False,,NODATA,25
fujairah,2005-09-10,0,0,,,9,37,0.0000,False,,NODATA,25
fujairah,2005-09-11,0,0,,,9,37,0.0000,False,,NODATA,25
fujairah,2005-09-12,37,0,1.4511,-0.2348,9,37,1.0000,True,0.0000,QUIET,25
fujairah,2005-09-13,0,0,,,9,37,0.0000,False,,NODATA,25
fujairah,2005-09-14,0,0,,,9,37,0.0000,False,,NODATA,25
fujairah,2005-09-15,0,0,,,9,37,0.0000,False,,NODATA,25
fujairah,2005-09-16,0,0,,,9,37,0.0000,False,,NODATA,25
fujairah,2005-09-17,27,0,0.1229,-0.4929,9,37,0.7297,True,0.0000,QUIET,25
fujairah,2005-09-18,18,0,-0.3986,-0.5828,9,37,0.4865,True,0.0000,QUIET,25
fujairah,2005-09-19,31,0,1.7899,-0.4936,9,37,0.8378,True,0.0000,QUIET,25
fujairah,2005-09-20,0,0,,,9,37,0.0000,False,,NODATA,25
fujairah,2005-09-21,7,0,0.6204,-0.5643,9,37,0.1892,True,0.0000,QUIET,25
fujairah,2005-09-22,0,0,,,9,37,0.0000,False,,NODATA,25
fujairah,2005-09-23,0,0,,,9,37,0.0000,False,,NODATA,25
fujairah,2005-09-24,0,0,,,9,37,0.0000,False,,NODATA,25
fujairah,2005-09-25,0,0,,,9,37,0.0000,False,,NODATA,25
fujairah,2005-09-26,0,0,,,9,37,0.0000,False,,NODATA,25
fujairah,2005-09-27,0,0,,,9,37,0.0000,False,,NODATA,25
fujairah,2005-09-28,0,0,,,9,37,0.0000,False,,NODATA,25
fujairah,2005-09-29,0,0,,,9,37,0.0000,False,,NODATA,25
fujairah,2005-09-30,0,0,,,9,37,0.0000,False,,NODATA,25
fujairah,2005-10-01,0,0,,,10,48,0.0000,False,,NODATA,25
fujairah,2005-10-02,0,0,,,10,48,0.0000,False,,NODATA,25
fujairah,2005-10-03,0,0,,,10,48,0.0000,False,,NODATA,25
fujairah,2005-10-04,0,0,,,10,48,0.0000,False,,NODATA,25
fujairah,2005-10-05,47,0,1.4040,-0.1915,10,48,0.9792,True,0.0000,QUIET,25
fujairah,2005-10-06,0,0,,,10,48,0.0000,False,,NODATA,25
fujairah,2005-10-07,48,3,2.6451,-0.0922,10,48,1.0000,True,0.0625,QUIET,25
fujairah,2005-10-08,0,0,,,10,48,0.0000,False,,NODATA,25
fujairah,2005-10-09,0,0,,,10,48,0.0000,False,,NODATA,25
fujairah,2005-10-10,0,0,,,10,48,0.0000,False,,NODATA,25
fujairah,2005-10-11,0,0,,,10,48,0.0000,False,,NODATA,25
fujairah,2005-10-12,0,0,,,10,48,0.0000,False,,NODATA,25
fujairah,2005-10-13,0,0,,,10,48,0.0000,False,,NODATA,25
fujairah,2005-10-14,47,1,2.2374,-0.2205,10,48,0.9792,True,0.0213,QUIET,25
fujairah,2005-10-15,0,0,,,10,48,0.0000,False,,NODATA,25
fujairah,2005-10-16,44,1,2.1422,-0.4094,10,48,0.9167,True,0.0227,QUIET,25
fujairah,2005-10-17,0,0,,,10,48,0.0000,False,,NODATA,25
fujairah,2005-10-18,16,0,-0.3696,-0.4737,10,48,0.3333,True,0.0000,QUIET,25
fujairah,2005-10-19,21,1,2.4435,-0.3720,10,48,0.4375,True,0.0476,QUIET,25
fujairah,2005-10-20,0,0,,,10,48,0.0000,False,,NODATA,25
fujairah,2005-10-21,44,0,1.8463,-0.3556,10,48,0.9167,True,0.0000,QUIET,25
fujairah,2005-10-22,0,0,,,10,48,0.0000,False,,NODATA,25
fujairah,2005-10-23,32,0,0.5574,-0.3390,10,48,0.6667,True,0.0000,QUIET,25
fujairah,2005-10-24,0,0,,,10,48,0.0000,False,,NODATA,25
fujairah,2005-10-25,0,0,,,10,48,0.0000,False,,NODATA,25
fujairah,2005-10-26,0,0,,,10,48,0.0000,False,,NODATA,25
fujairah,2005-10-27,0,0,,,10,48,0.0000,False,,NODATA,25
fujairah,2005-10-28,23,0,1.5019,-0.1595,10,48,0.4792,True,0.0000,QUIET,25
fujairah,2005-10-29,0,0,,,10,48,0.0000,False,,NODATA,25
fujairah,2005-10-30,47,2,2.5974,-0.1794,10,48,0.9792,True,0.0426,QUIET,25
fujairah,2005-10-31,0,0,,,10,48,0.0000,False,,NODATA,25
fujairah,2005-11-01,46,0,0.3924,-0.2424,11,48,0.9583,True,0.0000,QUIET,25
fujairah,2005-11-02,0,0,,,11,48,0.0000,False,,NODATA,25
fujairah,2005-11-03,37,0,-0.1040,-0.3366,11,48,0.7708,True,0.0000,QUIET,25
fujairah,2005-11-04,24,0,1.4082,-0.0658,11,48,0.5000,True,0.0000,QUIET,25
fujairah,2005-11-05,0,0,,,11,48,0.0000,False,,NODATA,25
fujairah,2005-11-06,35,0,0.8080,-0.3212,11,48,0.7292,True,0.0000,QUIET,25
fujairah,2005-11-07,0,0,,,11,48,0.0000,False,,NODATA,25
fujairah,2005-11-08,42,0,-0.0330,-0.3466,11,48,0.8750,True,0.0000,QUIET,25
fujairah,2005-11-09,0,0,,,11,48,0.0000,False,,NODATA,25
fujairah,2005-11-10,0,0,,,11,48,0.0000,False,,NODATA,25
fujairah,2005-11-11,0,0,,,11,48,0.0000,False,,NODATA,25
fujairah,2005-11-12,0,0,,,11,48,0.0000,False,,NODATA,25
fujairah,2005-11-13,0,0,,,11,48,0.0000,False,,NODATA,25
fujairah,2005-11-14,0,0,,,11,48,0.0000,False,,NODATA,25
fujairah,2005-11-15,48,2,2.4362,0.0755,11,48,1.0000,True,0.0417,QUIET,25
fujairah,2005-11-16,0,0,,,11,48,0.0000,False,,NODATA,25
fujairah,2005-11-17,5,0,-0.5096,-0.3444,11,48,0.1042,True,0.0000,QUIET,25
fujairah,2005-11-18,0,0,,,11,48,0.0000,False,,NODATA,25
fujairah,2005-11-19,2,0,-0.7530,-0.3777,11,48,0.0417,False,,NODATA,25
fujairah,2005-11-20,13,0,-0.1557,-0.1293,11,48,0.2708,True,0.0000,QUIET,25
fujairah,2005-11-21,0,0,,,11,48,0.0000,False,,NODATA,25
fujairah,2005-11-22,35,0,1.7353,0.1715,11,48,0.7292,True,0.0000,QUIET,25
fujairah,2005-11-23,0,0,,,11,48,0.0000,False,,NODATA,25
fujairah,2005-11-24,34,0,1.9996,0.0813,11,48,0.7083,True,0.0000,QUIET,25
fujairah,2005-11-25,0,0,,,11,48,0.0000,False,,NODATA,25
fujairah,2005-11-26,25,0,0.0156,-0.1606,11,48,0.5208,True,0.0000,QUIET,25
fujairah,2005-11-27,9,3,2.8777,-0.0626,11,48,0.1875,True,0.3333,EXCEED,25
fujairah,2005-11-28,0,0,,,11,48,0.0000,False,,NODATA,25
fujairah,2005-11-29,27,3,2.7898,0.2797,11,48,0.5625,True,0.1111,QUIET,25
fujairah,2005-11-30,0,0,,,11,48,0.0000,False,,NODATA,25
fujairah,2005-12-01,48,0,0.2293,0.0302,12,48,1.0000,True,0.0000,QUIET,25
fujairah,2005-12-02,0,0,,,12,48,0.0000,False,,NODATA,25
fujairah,2005-12-03,46,0,-0.5328,-0.1598,12,48,0.9583,True,0.0000,QUIET,25
fujairah,2005-12-04,22,0,-0.5352,-0.2602,12,48,0.4583,True,0.0000,QUIET,25
fujairah,2005-12-05,38,0,-0.3158,-0.1982,12,48,0.7917,True,0.0000,QUIET,25
fujairah,2005-12-06,39,0,0.7840,0.0400,12,48,0.8125,True,0.0000,QUIET,25
fujairah,2005-12-07,28,0,-0.2842,-0.0949,12,48,0.5833,True,0.0000,QUIET,25
fujairah,2005-12-08,48,0,0.9590,0.0275,12,48,1.0000,True,0.0000,QUIET,25
fujairah,2005-12-09,0,0,,,12,48,0.0000,False,,NODATA,25
fujairah,2005-12-10,25,0,1.2121,0.1950,12,48,0.5208,True,0.0000,QUIET,25
fujairah,2005-12-11,0,0,,,12,48,0.0000,False,,NODATA,25
fujairah,2005-12-12,9,0,-0.7144,-0.2773,12,48,0.1875,True,0.0000,QUIET,25
fujairah,2005-12-13,11,0,-0.0529,-0.1344,12,48,0.2292,True,0.0000,QUIET,25
fujairah,2005-12-14,33,0,0.0880,-0.0452,12,48,0.6875,True,0.0000,QUIET,25
fujairah,2005-12-15,41,2,2.8064,0.2216,12,48,0.8542,True,0.0488,QUIET,25
fujairah,2005-12-16,0,0,,,12,48,0.0000,False,,NODATA,25
fujairah,2005-12-17,43,0,1.5196,0.0454,12,48,0.8958,True,0.0000,QUIET,25
fujairah,2005-12-18,0,0,,,12,48,0.0000,False,,NODATA,25
fujairah,2005-12-19,0,0,,,12,48,0.0000,False,,NODATA,25
fujairah,2005-12-20,0,0,,,12,48,0.0000,False,,NODATA,25
fujairah,2005-12-21,37,0,0.1127,-0.0195,12,48,0.7708,True,0.0000,QUIET,25
fujairah,2005-12-22,20,2,2.9859,0.4302,12,48,0.4167,True,0.1000,QUIET,25
fujairah,2005-12-23,0,0,,,12,48,0.0000,False,,NODATA,25
fujairah,2005-12-24,19,0,0.5597,0.1119,12,48,0.3958,True,0.0000,QUIET,25
fujairah,2005-12-25,0,0,,,12,48,0.0000,False,,NODATA,25
fujairah,2005-12-26,46,7,2.9595,0.3105,12,48,0.9583,True,0.1522,QUIET,25
fujairah,2005-12-27,0,0,,,12,48,0.0000,False,,NODATA,25
fujairah,2005-12-28,41,0,1.4820,0.1145,12,48,0.8542,True,0.0000,QUIET,25
fujairah,2005-12-29,0,0,,,12,48,0.0000,False,,NODATA,25
fujairah,2005-12-30,0,0,,,12,48,0.0000,False,,NODATA,25
fujairah,2005-12-31,0,0,,,12,48,0.0000,False,,NODATA,25
fujairah,2006-01-01,0,0,,,1,47,0.0000,False,,NODATA,25
fujairah,2006-01-02,1,0,-0.8529,-0.2643,1,47,0.0213,False,,NODATA,25
fujairah,2006-01-03,0,0,,,1,47,0.0000,False,,NODATA,25
fujairah,2006-01-04,39,0,0.2786,-0.1189,1,47,0.8298,True,0.0000,QUIET,25
fujairah,2006-01-05,27,4,3.0958,0.1647,1,47,0.5745,True,0.1481,QUIET,25
fujairah,2006-01-06,39,0,1.5004,-0.0695,1,47,0.8298,True,0.0000,QUIET,25
fujairah,2006-01-07,7,0,-0.0060,0.0551,1,47,0.1489,True,0.0000,QUIET,25
fujairah,2006-01-08,0,0,,,1,47,0.0000,False,,NODATA,25
fujairah,2006-01-09,0,0,,,1,47,0.0000,False,,NODATA,25
fujairah,2006-01-10,0,0,,,1,47,0.0000,False,,NODATA,25
fujairah,2006-01-11,46,1,2.3919,0.1505,1,47,0.9787,True,0.0217,QUIET,25
fujairah,2006-01-12,0,0,,,1,47,0.0000,False,,NODATA,25
fujairah,2006-01-13,24,2,2.2464,0.5209,1,47,0.5106,True,0.0833,QUIET,25
fujairah,2006-01-14,0,0,,,1,47,0.0000,False,,NODATA,25
fujairah,2006-01-15,0,0,,,1,47,0.0000,False,,NODATA,25
fujairah,2006-01-16,0,0,,,1,47,0.0000,False,,NODATA,25
fujairah,2006-01-17,0,0,,,1,47,0.0000,False,,NODATA,25
fujairah,2006-01-18,0,0,,,1,47,0.0000,False,,NODATA,25
fujairah,2006-01-19,0,0,,,1,47,0.0000,False,,NODATA,25
fujairah,2006-01-20,46,0,1.4534,0.0716,1,47,0.9787,True,0.0000,QUIET,25
fujairah,2006-01-21,0,0,,,1,47,0.0000,False,,NODATA,25
fujairah,2006-01-22,0,0,,,1,47,0.0000,False,,NODATA,25
fujairah,2006-01-23,36,8,3.5221,0.1548,1,47,0.7660,True,0.2222,QUIET,25
fujairah,2006-01-24,0,0,,,1,47,0.0000,False,,NODATA,25
fujairah,2006-01-25,42,17,3.6755,0.6874,1,47,0.8936,True,0.4048,EXCEED,25
fujairah,2006-01-26,0,0,,,1,47,0.0000,False,,NODATA,25
fujairah,2006-01-27,0,0,,,1,47,0.0000,False,,NODATA,25
fujairah,2006-01-28,0,0,,,1,47,0.0000,False,,NODATA,25
fujairah,2006-01-29,0,0,,,1,47,0.0000,False,,NODATA,25
fujairah,2006-01-30,0,0,,,1,47,0.0000,False,,NODATA,25
fujairah,2006-01-31,0,0,,,1,47,0.0000,False,,NODATA,25
fujairah,2006-02-01,4,0,0.5002,0.4819,2,44,0.0909,False,,NODATA,25
fujairah,2006-02-02,0,0,,,2,44,0.0000,False,,NODATA,25
fujairah,2006-02-03,41,1,2.3399,1.2400,2,44,0.9318,True,0.0244,QUIET,25
fujairah,2006-02-04,0,0,,,2,44,0.0000,False,,NODATA,25
fujairah,2006-02-05,0,0,,,2,44,0.0000,False,,NODATA,25
fujairah,2006-02-06,0,0,,,2,44,0.0000,False,,NODATA,25
fujairah,2006-02-07,0,0,,,2,44,0.0000,False,,NODATA,25
fujairah,2006-02-08,0,0,,,2,44,0.0000,False,,NODATA,25
fujairah,2006-02-09,0,0,,,2,44,0.0000,False,,NODATA,25
fujairah,2006-02-10,20,0,1.8213,1.0483,2,44,0.4545,True,0.0000,QUIET,25
fujairah,2006-02-11,0,0,,,2,44,0.0000,False,,NODATA,25
fujairah,2006-02-12,18,0,1.6230,1.3108,2,44,0.4091,True,0.0000,QUIET,25
fujairah,2006-02-13,0,0,,,2,44,0.0000,False,,NODATA,25
fujairah,2006-02-14,0,0,,,2,44,0.0000,False,,NODATA,25
fujairah,2006-02-15,0,0,,,2,44,0.0000,False,,NODATA,25
fujairah,2006-02-16,0,0,,,2,44,0.0000,False,,NODATA,25
fujairah,2006-02-17,0,0,,,2,44,0.0000,False,,NODATA,25
fujairah,2006-02-18,0,0,,,2,44,0.0000,False,,NODATA,25
fujairah,2006-02-19,29,0,1.9267,1.3514,2,44,0.6591,True,0.0000,QUIET,25
fujairah,2006-02-20,0,0,,,2,44,0.0000,False,,NODATA,25
fujairah,2006-02-21,0,0,,,2,44,0.0000,False,,NODATA,25
fujairah,2006-02-22,0,0,,,2,44,0.0000,False,,NODATA,25
fujairah,2006-02-23,0,0,,,2,44,0.0000,False,,NODATA,25
fujairah,2006-02-24,0,0,,,2,44,0.0000,False,,NODATA,25
fujairah,2006-02-25,11,0,-1.1015,-0.3282,2,44,0.2500,True,0.0000,QUIET,25
fujairah,2006-02-26,44,0,-0.6172,-0.1609,2,44,1.0000,True,0.0000,QUIET,25
fujairah,2006-02-27,0,0,,,2,44,0.0000,False,,NODATA,25
fujairah,2006-02-28,43,0,1.7658,0.2068,2,44,0.9773,True,0.0000,QUIET,25
fujairah,2006-03-01,0,0,,,3,44,0.0000,False,,NODATA,25
fujairah,2006-03-02,41,0,0.9228,0.3680,3,44,0.9318,True,0.0000,QUIET,25
fujairah,2006-03-03,0,0,,,3,44,0.0000,False,,NODATA,25
fujairah,2006-03-04,30,0,1.1640,0.5345,3,44,0.6818,True,0.0000,QUIET,25
fujairah,2006-03-05,0,0,,,3,44,0.0000,False,,NODATA,25
fujairah,2006-03-06,0,0,,,3,44,0.0000,False,,NODATA,25
fujairah,2006-03-07,0,0,,,3,44,0.0000,False,,NODATA,25
fujairah,2006-03-08,0,0,,,3,44,0.0000,False,,NODATA,25
fujairah,2006-03-09,0,0,,,3,44,0.0000,False,,NODATA,25
fujairah,2006-03-10,0,0,,,3,44,0.0000,False,,NODATA,25
fujairah,2006-03-11,0,0,,,3,44,0.0000,False,,NODATA,25
fujairah,2006-03-12,0,0,,,3,44,0.0000,False,,NODATA,25
fujairah,2006-03-13,0,0,,,3,44,0.0000,False,,NODATA,25
fujairah,2006-03-14,6,0,1.8549,0.2702,3,44,0.1364,True,0.0000,QUIET,25
fujairah,2006-03-15,0,0,,,3,44,0.0000,False,,NODATA,25
fujairah,2006-03-16,8,0,1.3581,0.8532,3,44,0.1818,True,0.0000,QUIET,25
fujairah,2006-03-17,0,0,,,3,44,0.0000,False,,NODATA,25
fujairah,2006-03-18,0,0,,,3,44,0.0000,False,,NODATA,25
fujairah,2006-03-19,0,0,,,3,44,0.0000,False,,NODATA,25
fujairah,2006-03-20,0,0,,,3,44,0.0000,False,,NODATA,25
fujairah,2006-03-21,0,0,,,3,44,0.0000,False,,NODATA,25
fujairah,2006-03-22,0,0,,,3,44,0.0000,False,,NODATA,25
fujairah,2006-03-23,44,0,1.2344,0.2586,3,44,1.0000,True,0.0000,QUIET,25
fujairah,2006-03-24,0,0,,,3,44,0.0000,False,,NODATA,25
fujairah,2006-03-25,0,0,,,3,44,0.0000,False,,NODATA,25
fujairah,2006-03-26,0,0,,,3,44,0.0000,False,,NODATA,25
fujairah,2006-03-27,10,0,1.3727,0.5612,3,44,0.2273,True,0.0000,QUIET,25
fujairah,2006-03-28,38,0,1.4243,0.3739,3,44,0.8636,True,0.0000,QUIET,25
fujairah,2006-03-29,0,0,,,3,44,0.0000,False,,NODATA,25
fujairah,2006-03-30,0,0,,,3,44,0.0000,False,,NODATA,25
fujairah,2006-03-31,0,0,,,3,44,0.0000,False,,NODATA,25
fujairah,2006-04-01,0,0,,,4,41,0.0000,False,,NODATA,25
fujairah,2006-04-02,0,0,,,4,41,0.0000,False,,NODATA,25
fujairah,2006-04-03,0,0,,,4,41,0.0000,False,,NODATA,25
fujairah,2006-04-04,0,0,,,4,41,0.0000,False,,NODATA,25
fujairah,2006-04-05,35,2,2.1951,0.0370,4,41,0.8537,True,0.0571,QUIET,25
fujairah,2006-04-06,24,0,0.9718,-0.1552,4,41,0.5854,True,0.0000,QUIET,25
fujairah,2006-04-07,0,0,,,4,41,0.0000,False,,NODATA,25
fujairah,2006-04-08,0,0,,,4,41,0.0000,False,,NODATA,25
fujairah,2006-04-09,0,0,,,4,41,0.0000,False,,NODATA,25
fujairah,2006-04-10,0,0,,,4,41,0.0000,False,,NODATA,25
fujairah,2006-04-11,22,0,1.8939,0.0085,4,41,0.5366,True,0.0000,QUIET,25
fujairah,2006-04-12,0,0,,,4,41,0.0000,False,,NODATA,25
fujairah,2006-04-13,0,0,,,4,41,0.0000,False,,NODATA,25
fujairah,2006-04-14,0,0,,,4,41,0.0000,False,,NODATA,25
fujairah,2006-04-15,41,0,0.3648,-0.1395,4,41,1.0000,True,0.0000,QUIET,25
fujairah,2006-04-16,0,0,,,4,41,0.0000,False,,NODATA,25
fujairah,2006-04-17,0,0,,,4,41,0.0000,False,,NODATA,25
fujairah,2006-04-18,0,0,,,4,41,0.0000,False,,NODATA,25
fujairah,2006-04-19,0,0,,,4,41,0.0000,False,,NODATA,25
fujairah,2006-04-20,0,0,,,4,41,0.0000,False,,NODATA,25
fujairah,2006-04-21,0,0,,,4,41,0.0000,False,,NODATA,25
fujairah,2006-04-22,39,0,-0.8893,-0.4867,4,41,0.9512,True,0.0000,QUIET,25
fujairah,2006-04-23,0,0,,,4,41,0.0000,False,,NODATA,25
fujairah,2006-04-24,0,0,,,4,41,0.0000,False,,NODATA,25
fujairah,2006-04-25,0,0,,,4,41,0.0000,False,,NODATA,25
fujairah,2006-04-26,0,0,,,4,41,0.0000,False,,NODATA,25
fujairah,2006-04-27,0,0,,,4,41,0.0000,False,,NODATA,25
fujairah,2006-04-28,0,0,,,4,41,0.0000,False,,NODATA,25
fujairah,2006-04-29,35,0,0.1895,-0.4431,4,41,0.8537,True,0.0000,QUIET,25
fujairah,2006-04-30,0,0,,,4,41,0.0000,False,,NODATA,25
fujairah,2006-05-01,0,0,,,5,25,0.0000,False,,NODATA,25
fujairah,2006-05-02,0,0,,,5,25,0.0000,False,,NODATA,25
fujairah,2006-05-03,0,0,,,5,25,0.0000,False,,NODATA,25
fujairah,2006-05-04,0,0,,,5,25,0.0000,False,,NODATA,25
fujairah,2006-05-05,0,0,,,5,25,0.0000,False,,NODATA,25
fujairah,2006-05-06,0,0,,,5,25,0.0000,False,,NODATA,25
fujairah,2006-05-07,0,0,,,5,25,0.0000,False,,NODATA,25
fujairah,2006-05-08,16,0,1.4344,-0.5780,5,25,0.6400,True,0.0000,QUIET,25
fujairah,2006-05-09,0,0,,,5,25,0.0000,False,,NODATA,25
fujairah,2006-05-10,0,0,,,5,25,0.0000,False,,NODATA,25
fujairah,2006-05-11,0,0,,,5,25,0.0000,False,,NODATA,25
fujairah,2006-05-12,0,0,,,5,25,0.0000,False,,NODATA,25
fujairah,2006-05-13,0,0,,,5,25,0.0000,False,,NODATA,25
fujairah,2006-05-14,0,0,,,5,25,0.0000,False,,NODATA,25
fujairah,2006-05-15,0,0,,,5,25,0.0000,False,,NODATA,25
fujairah,2006-05-16,0,0,,,5,25,0.0000,False,,NODATA,25
fujairah,2006-05-17,0,0,,,5,25,0.0000,False,,NODATA,25
fujairah,2006-05-18,0,0,,,5,25,0.0000,False,,NODATA,25
fujairah,2006-05-19,0,0,,,5,25,0.0000,False,,NODATA,25
fujairah,2006-05-20,0,0,,,5,25,0.0000,False,,NODATA,25
fujairah,2006-05-21,0,0,,,5,25,0.0000,False,,NODATA,25
fujairah,2006-05-22,15,0,0.4574,-0.5760,5,25,0.6000,True,0.0000,QUIET,25
fujairah,2006-05-23,17,0,0.0534,-0.6152,5,25,0.6800,True,0.0000,QUIET,25
fujairah,2006-05-24,25,0,0.3604,-0.6810,5,25,1.0000,True,0.0000,QUIET,25
fujairah,2006-05-25,11,0,-0.8997,-0.7840,5,25,0.4400,True,0.0000,QUIET,25
fujairah,2006-05-26,12,0,-0.3344,-0.7410,5,25,0.4800,True,0.0000,QUIET,25
fujairah,2006-05-27,0,0,,,5,25,0.0000,False,,NODATA,25
fujairah,2006-05-28,0,0,,,5,25,0.0000,False,,NODATA,25
fujairah,2006-05-29,25,0,0.1999,-0.5988,5,25,1.0000,True,0.0000,QUIET,25
fujairah,2006-05-30,16,0,-0.9420,-0.7462,5,25,0.6400,True,0.0000,QUIET,25
fujairah,2006-05-31,0,0,,,5,25,0.0000,False,,NODATA,25
fujairah,2006-06-01,0,0,,,6,12,0.0000,False,,NODATA,25
fujairah,2006-06-02,0,0,,,6,12,0.0000,False,,NODATA,25
fujairah,2006-06-03,0,0,,,6,12,0.0000,False,,NODATA,25
fujairah,2006-06-04,0,0,,,6,12,0.0000,False,,NODATA,25
fujairah,2006-06-05,0,0,,,6,12,0.0000,False,,NODATA,25
fujairah,2006-06-06,0,0,,,6,12,0.0000,False,,NODATA,25
fujairah,2006-06-07,0,0,,,6,12,0.0000,False,,NODATA,25
fujairah,2006-06-08,0,0,,,6,12,0.0000,False,,NODATA,25
fujairah,2006-06-09,3,0,-1.5108,-0.9778,6,12,0.2500,True,0.0000,QUIET,25
fujairah,2006-06-10,0,0,,,6,12,0.0000,False,,NODATA,25
fujairah,2006-06-11,0,0,,,6,12,0.0000,False,,NODATA,25
fujairah,2006-06-12,0,0,,,6,12,0.0000,False,,NODATA,25
fujairah,2006-06-13,0,0,,,6,12,0.0000,False,,NODATA,25
fujairah,2006-06-14,0,0,,,6,12,0.0000,False,,NODATA,25
fujairah,2006-06-15,0,0,,,6,12,0.0000,False,,NODATA,25
fujairah,2006-06-16,0,0,,,6,12,0.0000,False,,NODATA,25
fujairah,2006-06-17,0,0,,,6,12,0.0000,False,,NODATA,25
fujairah,2006-06-18,0,0,,,6,12,0.0000,False,,NODATA,25
fujairah,2006-06-19,0,0,,,6,12,0.0000,False,,NODATA,25
fujairah,2006-06-20,0,0,,,6,12,0.0000,False,,NODATA,25
fujairah,2006-06-21,0,0,,,6,12,0.0000,False,,NODATA,25
fujairah,2006-06-22,0,0,,,6,12,0.0000,False,,NODATA,25
fujairah,2006-06-23,0,0,,,6,12,0.0000,False,,NODATA,25
fujairah,2006-06-24,0,0,,,6,12,0.0000,False,,NODATA,25
fujairah,2006-06-25,0,0,,,6,12,0.0000,False,,NODATA,25
fujairah,2006-06-26,0,0,,,6,12,0.0000,False,,NODATA,25
fujairah,2006-06-27,0,0,,,6,12,0.0000,False,,NODATA,25
fujairah,2006-06-28,0,0,,,6,12,0.0000,False,,NODATA,25
fujairah,2006-06-29,0,0,,,6,12,0.0000,False,,NODATA,25
fujairah,2006-06-30,0,0,,,6,12,0.0000,False,,NODATA,25
fujairah,2006-07-01,0,0,,,7,0,0.0000,False,,NODATA,25
fujairah,2006-07-02,0,0,,,7,0,0.0000,False,,NODATA,25
fujairah,2006-07-03,0,0,,,7,0,0.0000,False,,NODATA,25
fujairah,2006-07-04,0,0,,,7,0,0.0000,False,,NODATA,25
fujairah,2006-07-05,0,0,,,7,0,0.0000,False,,NODATA,25
fujairah,2006-07-06,0,0,,,7,0,0.0000,False,,NODATA,25
fujairah,2006-07-07,0,0,,,7,0,0.0000,False,,NODATA,25
fujairah,2006-07-08,0,0,,,7,0,0.0000,False,,NODATA,25
fujairah,2006-07-09,0,0,,,7,0,0.0000,False,,NODATA,25
fujairah,2006-07-10,0,0,,,7,0,0.0000,False,,NODATA,25
fujairah,2006-07-11,0,0,,,7,0,0.0000,False,,NODATA,25
fujairah,2006-07-12,0,0,,,7,0,0.0000,False,,NODATA,25
fujairah,2006-07-13,0,0,,,7,0,0.0000,False,,NODATA,25
fujairah,2006-07-14,0,0,,,7,0,0.0000,False,,NODATA,25
fujairah,2006-07-15,0,0,,,7,0,0.0000,False,,NODATA,25
fujairah,2006-07-16,0,0,,,7,0,0.0000,False,,NODATA,25
fujairah,2006-07-17,0,0,,,7,0,0.0000,False,,NODATA,25
fujairah,2006-07-18,0,0,,,7,0,0.0000,False,,NODATA,25
fujairah,2006-07-19,0,0,,,7,0,0.0000,False,,NODATA,25
fujairah,2006-07-20,0,0,,,7,0,0.0000,False,,NODATA,25
fujairah,2006-07-21,0,0,,,7,0,0.0000,False,,NODATA,25
fujairah,2006-07-22,0,0,,,7,0,0.0000,False,,NODATA,25
fujairah,2006-07-23,0,0,,,7,0,0.0000,False,,NODATA,25
fujairah,2006-07-24,0,0,,,7,0,0.0000,False,,NODATA,25
fujairah,2006-07-25,0,0,,,7,0,0.0000,False,,NODATA,25
fujairah,2006-07-26,0,0,,,7,0,0.0000,False,,NODATA,25
fujairah,2006-07-27,0,0,,,7,0,0.0000,False,,NODATA,25
fujairah,2006-07-28,0,0,,,7,0,0.0000,False,,NODATA,25
fujairah,2006-07-29,0,0,,,7,0,0.0000,False,,NODATA,25
fujairah,2006-07-30,0,0,,,7,0,0.0000,False,,NODATA,25
fujairah,2006-07-31,0,0,,,7,0,0.0000,False,,NODATA,25
fujairah,2006-08-01,0,0,,,8,0,0.0000,False,,NODATA,25
fujairah,2006-08-02,0,0,,,8,0,0.0000,False,,NODATA,25
fujairah,2006-08-03,0,0,,,8,0,0.0000,False,,NODATA,25
fujairah,2006-08-04,0,0,,,8,0,0.0000,False,,NODATA,25
fujairah,2006-08-05,0,0,,,8,0,0.0000,False,,NODATA,25
fujairah,2006-08-06,0,0,,,8,0,0.0000,False,,NODATA,25
fujairah,2006-08-07,0,0,,,8,0,0.0000,False,,NODATA,25
fujairah,2006-08-08,0,0,,,8,0,0.0000,False,,NODATA,25
fujairah,2006-08-09,0,0,,,8,0,0.0000,False,,NODATA,25
fujairah,2006-08-10,0,0,,,8,0,0.0000,False,,NODATA,25
fujairah,2006-08-11,0,0,,,8,0,0.0000,False,,NODATA,25
fujairah,2006-08-12,0,0,,,8,0,0.0000,False,,NODATA,25
fujairah,2006-08-13,0,0,,,8,0,0.0000,False,,NODATA,25
fujairah,2006-08-14,0,0,,,8,0,0.0000,False,,NODATA,25
fujairah,2006-08-15,0,0,,,8,0,0.0000,False,,NODATA,25
fujairah,2006-08-16,0,0,,,8,0,0.0000,False,,NODATA,25
fujairah,2006-08-17,0,0,,,8,0,0.0000,False,,NODATA,25
fujairah,2006-08-18,0,0,,,8,0,0.0000,False,,NODATA,25
fujairah,2006-08-19,0,0,,,8,0,0.0000,False,,NODATA,25
fujairah,2006-08-20,0,0,,,8,0,0.0000,False,,NODATA,25
fujairah,2006-08-21,0,0,,,8,0,0.0000,False,,NODATA,25
fujairah,2006-08-22,0,0,,,8,0,0.0000,False,,NODATA,25
fujairah,2006-08-23,0,0,,,8,0,0.0000,False,,NODATA,25
fujairah,2006-08-24,0,0,,,8,0,0.0000,False,,NODATA,25
fujairah,2006-08-25,0,0,,,8,0,0.0000,False,,NODATA,25
fujairah,2006-08-26,0,0,,,8,0,0.0000,False,,NODATA,25
fujairah,2006-08-27,0,0,,,8,0,0.0000,False,,NODATA,25
fujairah,2006-08-28,0,0,,,8,0,0.0000,False,,NODATA,25
fujairah,2006-08-29,0,0,,,8,0,0.0000,False,,NODATA,25
fujairah,2006-08-30,0,0,,,8,0,0.0000,False,,NODATA,25
fujairah,2006-08-31,0,0,,,8,0,0.0000,False,,NODATA,25
fujairah,2006-09-01,0,0,,,9,37,0.0000,False,,NODATA,25
fujairah,2006-09-02,0,0,,,9,37,0.0000,False,,NODATA,25
fujairah,2006-09-03,0,0,,,9,37,0.0000,False,,NODATA,25
fujairah,2006-09-04,0,0,,,9,37,0.0000,False,,NODATA,25
fujairah,2006-09-05,0,0,,,9,37,0.0000,False,,NODATA,25
fujairah,2006-09-06,3,0,1.0071,-0.4173,9,37,0.0811,False,,NODATA,25
fujairah,2006-09-07,0,0,,,9,37,0.0000,False,,NODATA,25
fujairah,2006-09-08,0,0,,,9,37,0.0000,False,,NODATA,25
fujairah,2006-09-09,0,0,,,9,37,0.0000,False,,NODATA,25
fujairah,2006-09-10,0,0,,,9,37,0.0000,False,,NODATA,25
fujairah,2006-09-11,0,0,,,9,37,0.0000,False,,NODATA,25
fujairah,2006-09-12,0,0,,,9,37,0.0000,False,,NODATA,25
fujairah,2006-09-13,37,0,1.0421,-0.5067,9,37,1.0000,True,0.0000,QUIET,25
fujairah,2006-09-14,0,0,,,9,37,0.0000,False,,NODATA,25
fujairah,2006-09-15,37,1,2.0221,-0.2491,9,37,1.0000,True,0.0270,QUIET,25
fujairah,2006-09-16,0,0,,,9,37,0.0000,False,,NODATA,25
fujairah,2006-09-17,0,0,,,9,37,0.0000,False,,NODATA,25
fujairah,2006-09-18,0,0,,,9,37,0.0000,False,,NODATA,25
fujairah,2006-09-19,0,0,,,9,37,0.0000,False,,NODATA,25
fujairah,2006-09-20,0,0,,,9,37,0.0000,False,,NODATA,25
fujairah,2006-09-21,0,0,,,9,37,0.0000,False,,NODATA,25
fujairah,2006-09-22,26,2,2.1375,-0.0097,9,37,0.7027,True,0.0769,QUIET,25
fujairah,2006-09-23,0,0,,,9,37,0.0000,False,,NODATA,25
fujairah,2006-09-24,0,0,,,9,37,0.0000,False,,NODATA,25
fujairah,2006-09-25,0,0,,,9,37,0.0000,False,,NODATA,25
fujairah,2006-09-26,0,0,,,9,37,0.0000,False,,NODATA,25
fujairah,2006-09-27,0,0,,,9,37,0.0000,False,,NODATA,25
fujairah,2006-09-28,0,0,,,9,37,0.0000,False,,NODATA,25
fujairah,2006-09-29,34,1,2.2479,-0.2844,9,37,0.9189,True,0.0294,QUIET,25
fujairah,2006-09-30,0,0,,,9,37,0.0000,False,,NODATA,25
fujairah,2006-10-01,48,0,1.2913,-0.2739,10,48,1.0000,True,0.0000,QUIET,25
fujairah,2006-10-02,0,0,,,10,48,0.0000,False,,NODATA,25
fujairah,2006-10-03,0,0,,,10,48,0.0000,False,,NODATA,25
fujairah,2006-10-04,0,0,,,10,48,0.0000,False,,NODATA,25
fujairah,2006-10-05,14,0,1.0673,-0.3819,10,48,0.2917,True,0.0000,QUIET,25
fujairah,2006-10-06,29,0,0.8841,-0.3036,10,48,0.6042,True,0.0000,QUIET,25
fujairah,2006-10-07,26,0,1.3150,-0.2575,10,48,0.5417,True,0.0000,QUIET,25
fujairah,2006-10-08,42,0,1.4979,-0.1916,10,48,0.8750,True,0.0000,QUIET,25
fujairah,2006-10-09,0,0,,,10,48,0.0000,False,,NODATA,25
fujairah,2006-10-10,40,0,0.8235,-0.2705,10,48,0.8333,True,0.0000,QUIET,25
fujairah,2006-10-11,0,0,,,10,48,0.0000,False,,NODATA,25
fujairah,2006-10-12,32,0,0.8828,-0.3464,10,48,0.6667,True,0.0000,QUIET,25
fujairah,2006-10-13,24,1,2.4159,-0.1598,10,48,0.5000,True,0.0417,QUIET,25
fujairah,2006-10-14,0,0,,,10,48,0.0000,False,,NODATA,25
fujairah,2006-10-15,0,0,,,10,48,0.0000,False,,NODATA,25
fujairah,2006-10-16,0,0,,,10,48,0.0000,False,,NODATA,25
fujairah,2006-10-17,48,0,1.3235,-0.1710,10,48,1.0000,True,0.0000,QUIET,25
fujairah,2006-10-18,0,0,,,10,48,0.0000,False,,NODATA,25
fujairah,2006-10-19,41,0,1.4679,-0.1981,10,48,0.8542,True,0.0000,QUIET,25
fujairah,2006-10-20,9,0,1.0821,-0.2779,10,48,0.1875,True,0.0000,QUIET,25
fujairah,2006-10-21,0,0,,,10,48,0.0000,False,,NODATA,25
fujairah,2006-10-22,0,0,,,10,48,0.0000,False,,NODATA,25
fujairah,2006-10-23,0,0,,,10,48,0.0000,False,,NODATA,25
fujairah,2006-10-24,0,0,,,10,48,0.0000,False,,NODATA,25
fujairah,2006-10-25,0,0,,,10,48,0.0000,False,,NODATA,25
fujairah,2006-10-26,44,0,1.6399,-0.2211,10,48,0.9167,True,0.0000,QUIET,25
fujairah,2006-10-27,0,0,,,10,48,0.0000,False,,NODATA,25
fujairah,2006-10-28,0,0,,,10,48,0.0000,False,,NODATA,25
fujairah,2006-10-29,0,0,,,10,48,0.0000,False,,NODATA,25
fujairah,2006-10-30,0,0,,,10,48,0.0000,False,,NODATA,25
fujairah,2006-10-31,41,1,2.2714,-0.0601,10,48,0.8542,True,0.0244,QUIET,25
fujairah,2006-11-01,0,0,,,11,48,0.0000,False,,NODATA,25
fujairah,2006-11-02,47,0,1.8248,0.0733,11,48,0.9792,True,0.0000,QUIET,25
fujairah,2006-11-03,0,0,,,11,48,0.0000,False,,NODATA,25
fujairah,2006-11-04,8,0,1.2060,-0.1962,11,48,0.1667,True,0.0000,QUIET,25
fujairah,2006-11-05,0,0,,,11,48,0.0000,False,,NODATA,25
fujairah,2006-11-06,24,0,0.5530,-0.0653,11,48,0.5000,True,0.0000,QUIET,25
fujairah,2006-11-07,38,0,1.3217,0.1868,11,48,0.7917,True,0.0000,QUIET,25
fujairah,2006-11-08,8,0,0.4578,0.0547,11,48,0.1667,True,0.0000,QUIET,25
fujairah,2006-11-09,0,0,,,11,48,0.0000,False,,NODATA,25
fujairah,2006-11-10,0,0,,,11,48,0.0000,False,,NODATA,25
fujairah,2006-11-11,29,0,1.3251,0.2856,11,48,0.6042,True,0.0000,QUIET,25
fujairah,2006-11-12,0,0,,,11,48,0.0000,False,,NODATA,25
fujairah,2006-11-13,31,2,2.2659,0.4488,11,48,0.6458,True,0.0645,QUIET,25
fujairah,2006-11-14,0,0,,,11,48,0.0000,False,,NODATA,25
fujairah,2006-11-15,0,0,,,11,48,0.0000,False,,NODATA,25
fujairah,2006-11-16,0,0,,,11,48,0.0000,False,,NODATA,25
fujairah,2006-11-17,0,0,,,11,48,0.0000,False,,NODATA,25
fujairah,2006-11-18,15,4,3.1141,0.7633,11,48,0.3125,True,0.2667,QUIET,25
fujairah,2006-11-19,0,0,,,11,48,0.0000,False,,NODATA,25
fujairah,2006-11-20,15,2,2.1153,0.5443,11,48,0.3125,True,0.1333,QUIET,25
fujairah,2006-11-21,0,0,,,11,48,0.0000,False,,NODATA,25
fujairah,2006-11-22,36,3,2.3912,0.5875,11,48,0.7500,True,0.0833,QUIET,25
fujairah,2006-11-23,25,24,3.9627,1.2781,11,48,0.5208,True,0.9600,EXCEED,25
fujairah,2006-11-24,22,0,1.1327,0.2657,11,48,0.4583,True,0.0000,QUIET,25
fujairah,2006-11-25,47,1,2.0467,0.5333,11,48,0.9792,True,0.0213,QUIET,25
fujairah,2006-11-26,0,0,,,11,48,0.0000,False,,NODATA,25
fujairah,2006-11-27,48,0,0.7715,0.2257,11,48,1.0000,True,0.0000,QUIET,25
fujairah,2006-11-28,0,0,,,11,48,0.0000,False,,NODATA,25
fujairah,2006-11-29,0,0,,,11,48,0.0000,False,,NODATA,25
fujairah,2006-11-30,0,0,,,11,48,0.0000,False,,NODATA,25
fujairah,2006-12-01,0,0,,,12,48,0.0000,False,,NODATA,25
fujairah,2006-12-02,0,0,,,12,48,0.0000,False,,NODATA,25
fujairah,2006-12-03,0,0,,,12,48,0.0000,False,,NODATA,25
fujairah,2006-12-04,46,0,0.4476,0.1184,12,48,0.9583,True,0.0000,QUIET,25
fujairah,2006-12-05,0,0,,,12,48,0.0000,False,,NODATA,25
fujairah,2006-12-06,0,0,,,12,48,0.0000,False,,NODATA,25
fujairah,2006-12-07,0,0,,,12,48,0.0000,False,,NODATA,25
fujairah,2006-12-08,14,0,-1.1670,-0.4094,12,48,0.2917,True,0.0000,QUIET,25
fujairah,2006-12-09,0,0,,,12,48,0.0000,False,,NODATA,25
fujairah,2006-12-10,0,0,,,12,48,0.0000,False,,NODATA,25
fujairah,2006-12-11,0,0,,,12,48,0.0000,False,,NODATA,25
fujairah,2006-12-12,0,0,,,12,48,0.0000,False,,NODATA,25
fujairah,2006-12-13,43,0,-0.6446,-0.1635,12,48,0.8958,True,0.0000,QUIET,25
fujairah,2006-12-14,0,0,,,12,48,0.0000,False,,NODATA,25
fujairah,2006-12-15,0,0,,,12,48,0.0000,False,,NODATA,25
fujairah,2006-12-16,0,0,,,12,48,0.0000,False,,NODATA,25
fujairah,2006-12-17,0,0,,,12,48,0.0000,False,,NODATA,25
fujairah,2006-12-18,0,0,,,12,48,0.0000,False,,NODATA,25
fujairah,2006-12-19,0,0,,,12,48,0.0000,False,,NODATA,25
fujairah,2006-12-20,46,1,2.2816,0.3035,12,48,0.9583,True,0.0217,QUIET,25
fujairah,2006-12-21,0,0,,,12,48,0.0000,False,,NODATA,25
fujairah,2006-12-22,3,0,-1.3954,-0.4807,12,48,0.0625,False,,NODATA,25
fujairah,2006-12-23,0,0,,,12,48,0.0000,False,,NODATA,25
fujairah,2006-12-24,0,0,,,12,48,0.0000,False,,NODATA,25
fujairah,2006-12-25,0,0,,,12,48,0.0000,False,,NODATA,25
fujairah,2006-12-26,17,0,-0.3122,-0.0903,12,48,0.3542,True,0.0000,QUIET,25
fujairah,2006-12-27,43,0,0.4071,-0.1375,12,48,0.8958,True,0.0000,QUIET,25
fujairah,2006-12-28,0,0,,,12,48,0.0000,False,,NODATA,25
fujairah,2006-12-29,0,0,,,12,48,0.0000,False,,NODATA,25
fujairah,2006-12-30,0,0,,,12,48,0.0000,False,,NODATA,25
fujairah,2006-12-31,0,0,,,12,48,0.0000,False,,NODATA,25
fujairah,2007-01-01,0,0,,,1,47,0.0000,False,,NODATA,25
fujairah,2007-01-02,0,0,,,1,47,0.0000,False,,NODATA,25
fujairah,2007-01-03,0,0,,,1,47,0.0000,False,,NODATA,25
fujairah,2007-01-04,7,0,-0.2644,-0.1144,1,47,0.1489,True,0.0000,QUIET,25
fujairah,2007-01-05,46,0,1.0591,0.0146,1,47,0.9787,True,0.0000,QUIET,25
fujairah,2007-01-06,0,0,,,1,47,0.0000,False,,NODATA,25
fujairah,2007-01-07,0,0,,,1,47,0.0000,False,,NODATA,25
fujairah,2007-01-08,0,0,,,1,47,0.0000,False,,NODATA,25
fujairah,2007-01-09,0,0,,,1,47,0.0000,False,,NODATA,25
fujairah,2007-01-10,0,0,,,1,47,0.0000,False,,NODATA,25
fujairah,2007-01-11,0,0,,,1,47,0.0000,False,,NODATA,25
fujairah,2007-01-12,1,0,-0.6328,-0.1207,1,47,0.0213,False,,NODATA,25
fujairah,2007-01-13,0,0,,,1,47,0.0000,False,,NODATA,25
fujairah,2007-01-14,0,0,,,1,47,0.0000,False,,NODATA,25
fujairah,2007-01-15,0,0,,,1,47,0.0000,False,,NODATA,25
fujairah,2007-01-16,0,0,,,1,47,0.0000,False,,NODATA,25
fujairah,2007-01-17,0,0,,,1,47,0.0000,False,,NODATA,25
fujairah,2007-01-18,0,0,,,1,47,0.0000,False,,NODATA,25
fujairah,2007-01-19,0,0,,,1,47,0.0000,False,,NODATA,25
fujairah,2007-01-20,0,0,,,1,47,0.0000,False,,NODATA,25
fujairah,2007-01-21,0,0,,,1,47,0.0000,False,,NODATA,25
fujairah,2007-01-22,0,0,,,1,47,0.0000,False,,NODATA,25
fujairah,2007-01-23,0,0,,,1,47,0.0000,False,,NODATA,25
fujairah,2007-01-24,27,11,2.6130,0.7107,1,47,0.5745,True,0.4074,EXCEED,25
fujairah,2007-01-25,39,0,0.2739,-0.0288,1,47,0.8298,True,0.0000,QUIET,25
fujairah,2007-01-26,37,0,0.4483,-0.0048,1,47,0.7872,True,0.0000,QUIET,25
fujairah,2007-01-27,0,0,,,1,47,0.0000,False,,NODATA,25
fujairah,2007-01-28,47,0,0.0633,-0.0051,1,47,1.0000,True,0.0000,QUIET,25
fujairah,2007-01-29,0,0,,,1,47,0.0000,False,,NODATA,25
fujairah,2007-01-30,47,0,-0.1863,-0.0559,1,47,1.0000,True,0.0000,QUIET,25
fujairah,2007-01-31,0,0,,,1,47,0.0000,False,,NODATA,25
fujairah,2007-02-01,40,0,-0.3672,-0.0665,2,44,0.9091,True,0.0000,QUIET,25
fujairah,2007-02-02,0,0,,,2,44,0.0000,False,,NODATA,25
fujairah,2007-02-03,0,0,,,2,44,0.0000,False,,NODATA,25
fujairah,2007-02-04,0,0,,,2,44,0.0000,False,,NODATA,25
fujairah,2007-02-05,0,0,,,2,44,0.0000,False,,NODATA,25
fujairah,2007-02-06,29,0,1.2316,0.8477,2,44,0.6591,True,0.0000,QUIET,25
fujairah,2007-02-07,0,0,,,2,44,0.0000,False,,NODATA,25
fujairah,2007-02-08,0,0,,,2,44,0.0000,False,,NODATA,25
fujairah,2007-02-09,6,0,-0.4496,0.2010,2,44,0.1364,True,0.0000,QUIET,25
fujairah,2007-02-10,18,0,-0.7957,-0.2489,2,44,0.4091,True,0.0000,QUIET,25
fujairah,2007-02-11,0,0,,,2,44,0.0000,False,,NODATA,25
fujairah,2007-02-12,0,0,,,2,44,0.0000,False,,NODATA,25
fujairah,2007-02-13,44,0,0.9517,0.4831,2,44,1.0000,True,0.0000,QUIET,25
fujairah,2007-02-14,0,0,,,2,44,0.0000,False,,NODATA,25
fujairah,2007-02-15,44,0,-0.2431,0.0848,2,44,1.0000,True,0.0000,QUIET,25
fujairah,2007-02-16,0,0,,,2,44,0.0000,False,,NODATA,25
fujairah,2007-02-17,0,0,,,2,44,0.0000,False,,NODATA,25
fujairah,2007-02-18,7,0,-0.4052,0.1112,2,44,0.1591,True,0.0000,QUIET,25
fujairah,2007-02-19,0,0,,,2,44,0.0000,False,,NODATA,25
fujairah,2007-02-20,0,0,,,2,44,0.0000,False,,NODATA,25
fujairah,2007-02-21,21,0,-0.9738,-0.2002,2,44,0.4773,True,0.0000,QUIET,25
fujairah,2007-02-22,17,0,0.6434,0.0221,2,44,0.3864,True,0.0000,QUIET,25
fujairah,2007-02-23,0,0,,,2,44,0.0000,False,,NODATA,25
fujairah,2007-02-24,34,0,1.1696,0.0314,2,44,0.7727,True,0.0000,QUIET,25
fujairah,2007-02-25,23,0,1.5752,0.4563,2,44,0.5227,True,0.0000,QUIET,25
fujairah,2007-02-26,0,0,,,2,44,0.0000,False,,NODATA,25
fujairah,2007-02-27,0,0,,,2,44,0.0000,False,,NODATA,25
fujairah,2007-02-28,0,0,,,2,44,0.0000,False,,NODATA,25
fujairah,2007-03-01,42,1,2.2373,0.1097,3,44,0.9545,True,0.0238,QUIET,25
fujairah,2007-03-02,0,0,,,3,44,0.0000,False,,NODATA,25
fujairah,2007-03-03,0,0,,,3,44,0.0000,False,,NODATA,25
fujairah,2007-03-04,0,0,,,3,44,0.0000,False,,NODATA,25
fujairah,2007-03-05,0,0,,,3,44,0.0000,False,,NODATA,25
fujairah,2007-03-06,0,0,,,3,44,0.0000,False,,NODATA,25
fujairah,2007-03-07,0,0,,,3,44,0.0000,False,,NODATA,25
fujairah,2007-03-08,0,0,,,3,44,0.0000,False,,NODATA,25
fujairah,2007-03-09,0,0,,,3,44,0.0000,False,,NODATA,25
fujairah,2007-03-10,0,0,,,3,44,0.0000,False,,NODATA,25
fujairah,2007-03-11,0,0,,,3,44,0.0000,False,,NODATA,25
fujairah,2007-03-12,0,0,,,3,44,0.0000,False,,NODATA,25
fujairah,2007-03-13,0,0,,,3,44,0.0000,False,,NODATA,25
fujairah,2007-03-14,0,0,,,3,44,0.0000,False,,NODATA,25
fujairah,2007-03-15,0,0,,,3,44,0.0000,False,,NODATA,25
fujairah,2007-03-16,0,0,,,3,44,0.0000,False,,NODATA,25
fujairah,2007-03-17,0,0,,,3,44,0.0000,False,,NODATA,25
fujairah,2007-03-18,0,0,,,3,44,0.0000,False,,NODATA,25
fujairah,2007-03-19,0,0,,,3,44,0.0000,False,,NODATA,25
fujairah,2007-03-20,0,0,,,3,44,0.0000,False,,NODATA,25
fujairah,2007-03-21,0,0,,,3,44,0.0000,False,,NODATA,25
fujairah,2007-03-22,0,0,,,3,44,0.0000,False,,NODATA,25
fujairah,2007-03-23,0,0,,,3,44,0.0000,False,,NODATA,25
fujairah,2007-03-24,0,0,,,3,44,0.0000,False,,NODATA,25
fujairah,2007-03-25,0,0,,,3,44,0.0000,False,,NODATA,25
fujairah,2007-03-26,0,0,,,3,44,0.0000,False,,NODATA,25
fujairah,2007-03-27,0,0,,,3,44,0.0000,False,,NODATA,25
fujairah,2007-03-28,0,0,,,3,44,0.0000,False,,NODATA,25
fujairah,2007-03-29,0,0,,,3,44,0.0000,False,,NODATA,25
fujairah,2007-03-30,1,0,-0.6650,0.0879,3,44,0.0227,False,,NODATA,25
fujairah,2007-03-31,21,0,0.4516,0.3348,3,44,0.4773,True,0.0000,QUIET,25
fujairah,2007-04-01,26,0,0.8660,0.0335,4,41,0.6341,True,0.0000,QUIET,25
fujairah,2007-04-02,0,0,,,4,41,0.0000,False,,NODATA,25
fujairah,2007-04-03,0,0,,,4,41,0.0000,False,,NODATA,25
fujairah,2007-04-04,0,0,,,4,41,0.0000,False,,NODATA,25
fujairah,2007-04-05,0,0,,,4,41,0.0000,False,,NODATA,25
fujairah,2007-04-06,0,0,,,4,41,0.0000,False,,NODATA,25
fujairah,2007-04-07,0,0,,,4,41,0.0000,False,,NODATA,25
fujairah,2007-04-08,0,0,,,4,41,0.0000,False,,NODATA,25
fujairah,2007-04-09,31,0,0.6301,-0.0998,4,41,0.7561,True,0.0000,QUIET,25
fujairah,2007-04-10,0,0,,,4,41,0.0000,False,,NODATA,25
fujairah,2007-04-11,0,0,,,4,41,0.0000,False,,NODATA,25
fujairah,2007-04-12,0,0,,,4,41,0.0000,False,,NODATA,25
fujairah,2007-04-13,0,0,,,4,41,0.0000,False,,NODATA,25
fujairah,2007-04-14,0,0,,,4,41,0.0000,False,,NODATA,25
fujairah,2007-04-15,0,0,,,4,41,0.0000,False,,NODATA,25
fujairah,2007-04-16,0,0,,,4,41,0.0000,False,,NODATA,25
fujairah,2007-04-17,27,0,0.3465,-0.2174,4,41,0.6585,True,0.0000,QUIET,25
fujairah,2007-04-18,41,0,0.5300,-0.2423,4,41,1.0000,True,0.0000,QUIET,25
fujairah,2007-04-19,0,0,,,4,41,0.0000,False,,NODATA,25
fujairah,2007-04-20,0,0,,,4,41,0.0000,False,,NODATA,25
fujairah,2007-04-21,0,0,,,4,41,0.0000,False,,NODATA,25
fujairah,2007-04-22,0,0,,,4,41,0.0000,False,,NODATA,25
fujairah,2007-04-23,0,0,,,4,41,0.0000,False,,NODATA,25
fujairah,2007-04-24,0,0,,,4,41,0.0000,False,,NODATA,25
fujairah,2007-04-25,1,0,-1.3891,-0.6215,4,41,0.0244,False,,NODATA,25
fujairah,2007-04-26,0,0,,,4,41,0.0000,False,,NODATA,25
fujairah,2007-04-27,0,0,,,4,41,0.0000,False,,NODATA,25
fujairah,2007-04-28,0,0,,,4,41,0.0000,False,,NODATA,25
fujairah,2007-04-29,0,0,,,4,41,0.0000,False,,NODATA,25
fujairah,2007-04-30,0,0,,,4,41,0.0000,False,,NODATA,25
fujairah,2007-05-01,0,0,,,5,25,0.0000,False,,NODATA,25
fujairah,2007-05-02,0,0,,,5,25,0.0000,False,,NODATA,25
fujairah,2007-05-03,0,0,,,5,25,0.0000,False,,NODATA,25
fujairah,2007-05-04,25,0,0.3858,-0.6106,5,25,1.0000,True,0.0000,QUIET,25
fujairah,2007-05-05,0,0,,,5,25,0.0000,False,,NODATA,25
fujairah,2007-05-06,0,0,,,5,25,0.0000,False,,NODATA,25
fujairah,2007-05-07,0,0,,,5,25,0.0000,False,,NODATA,25
fujairah,2007-05-08,0,0,,,5,25,0.0000,False,,NODATA,25
fujairah,2007-05-09,0,0,,,5,25,0.0000,False,,NODATA,25
fujairah,2007-05-10,0,0,,,5,25,0.0000,False,,NODATA,25
fujairah,2007-05-11,0,0,,,5,25,0.0000,False,,NODATA,25
fujairah,2007-05-12,0,0,,,5,25,0.0000,False,,NODATA,25
fujairah,2007-05-13,0,0,,,5,25,0.0000,False,,NODATA,25
fujairah,2007-05-14,0,0,,,5,25,0.0000,False,,NODATA,25
fujairah,2007-05-15,0,0,,,5,25,0.0000,False,,NODATA,25
fujairah,2007-05-16,0,0,,,5,25,0.0000,False,,NODATA,25
fujairah,2007-05-17,0,0,,,5,25,0.0000,False,,NODATA,25
fujairah,2007-05-18,0,0,,,5,25,0.0000,False,,NODATA,25
fujairah,2007-05-19,0,0,,,5,25,0.0000,False,,NODATA,25
fujairah,2007-05-20,0,0,,,5,25,0.0000,False,,NODATA,25
fujairah,2007-05-21,0,0,,,5,25,0.0000,False,,NODATA,25
fujairah,2007-05-22,0,0,,,5,25,0.0000,False,,NODATA,25
fujairah,2007-05-23,0,0,,,5,25,0.0000,False,,NODATA,25
fujairah,2007-05-24,0,0,,,5,25,0.0000,False,,NODATA,25
fujairah,2007-05-25,0,0,,,5,25,0.0000,False,,NODATA,25
fujairah,2007-05-26,0,0,,,5,25,0.0000,False,,NODATA,25
fujairah,2007-05-27,0,0,,,5,25,0.0000,False,,NODATA,25
fujairah,2007-05-28,0,0,,,5,25,0.0000,False,,NODATA,25
fujairah,2007-05-29,0,0,,,5,25,0.0000,False,,NODATA,25
fujairah,2007-05-30,0,0,,,5,25,0.0000,False,,NODATA,25
fujairah,2007-05-31,0,0,,,5,25,0.0000,False,,NODATA,25
fujairah,2007-06-01,0,0,,,6,12,0.0000,False,,NODATA,25
fujairah,2007-06-02,0,0,,,6,12,0.0000,False,,NODATA,25
fujairah,2007-06-03,0,0,,,6,12,0.0000,False,,NODATA,25
fujairah,2007-06-04,0,0,,,6,12,0.0000,False,,NODATA,25
fujairah,2007-06-05,0,0,,,6,12,0.0000,False,,NODATA,25
fujairah,2007-06-06,0,0,,,6,12,0.0000,False,,NODATA,25
fujairah,2007-06-07,0,0,,,6,12,0.0000,False,,NODATA,25
fujairah,2007-06-08,0,0,,,6,12,0.0000,False,,NODATA,25
fujairah,2007-06-09,0,0,,,6,12,0.0000,False,,NODATA,25
fujairah,2007-06-10,0,0,,,6,12,0.0000,False,,NODATA,25
fujairah,2007-06-11,0,0,,,6,12,0.0000,False,,NODATA,25
fujairah,2007-06-12,5,2,2.3324,-0.2319,6,12,0.4167,True,0.4000,EXCEED,25
fujairah,2007-06-13,0,0,,,6,12,0.0000,False,,NODATA,25
fujairah,2007-06-14,0,0,,,6,12,0.0000,False,,NODATA,25
fujairah,2007-06-15,0,0,,,6,12,0.0000,False,,NODATA,25
fujairah,2007-06-16,0,0,,,6,12,0.0000,False,,NODATA,25
fujairah,2007-06-17,0,0,,,6,12,0.0000,False,,NODATA,25
fujairah,2007-06-18,0,0,,,6,12,0.0000,False,,NODATA,25
fujairah,2007-06-19,0,0,,,6,12,0.0000,False,,NODATA,25
fujairah,2007-06-20,0,0,,,6,12,0.0000,False,,NODATA,25
fujairah,2007-06-21,0,0,,,6,12,0.0000,False,,NODATA,25
fujairah,2007-06-22,0,0,,,6,12,0.0000,False,,NODATA,25
fujairah,2007-06-23,0,0,,,6,12,0.0000,False,,NODATA,25
fujairah,2007-06-24,0,0,,,6,12,0.0000,False,,NODATA,25
fujairah,2007-06-25,0,0,,,6,12,0.0000,False,,NODATA,25
fujairah,2007-06-26,0,0,,,6,12,0.0000,False,,NODATA,25
fujairah,2007-06-27,0,0,,,6,12,0.0000,False,,NODATA,25
fujairah,2007-06-28,0,0,,,6,12,0.0000,False,,NODATA,25
fujairah,2007-06-29,0,0,,,6,12,0.0000,False,,NODATA,25
fujairah,2007-06-30,0,0,,,6,12,0.0000,False,,NODATA,25
fujairah,2007-07-01,0,0,,,7,0,0.0000,False,,NODATA,25
fujairah,2007-07-02,0,0,,,7,0,0.0000,False,,NODATA,25
fujairah,2007-07-03,0,0,,,7,0,0.0000,False,,NODATA,25
fujairah,2007-07-04,0,0,,,7,0,0.0000,False,,NODATA,25
fujairah,2007-07-05,0,0,,,7,0,0.0000,False,,NODATA,25
fujairah,2007-07-06,0,0,,,7,0,0.0000,False,,NODATA,25
fujairah,2007-07-07,0,0,,,7,0,0.0000,False,,NODATA,25
fujairah,2007-07-08,0,0,,,7,0,0.0000,False,,NODATA,25
fujairah,2007-07-09,0,0,,,7,0,0.0000,False,,NODATA,25
fujairah,2007-07-10,0,0,,,7,0,0.0000,False,,NODATA,25
fujairah,2007-07-11,0,0,,,7,0,0.0000,False,,NODATA,25
fujairah,2007-07-12,0,0,,,7,0,0.0000,False,,NODATA,25
fujairah,2007-07-13,0,0,,,7,0,0.0000,False,,NODATA,25
fujairah,2007-07-14,0,0,,,7,0,0.0000,False,,NODATA,25
fujairah,2007-07-15,0,0,,,7,0,0.0000,False,,NODATA,25
fujairah,2007-07-16,0,0,,,7,0,0.0000,False,,NODATA,25
fujairah,2007-07-17,0,0,,,7,0,0.0000,False,,NODATA,25
fujairah,2007-07-18,0,0,,,7,0,0.0000,False,,NODATA,25
fujairah,2007-07-19,0,0,,,7,0,0.0000,False,,NODATA,25
fujairah,2007-07-20,0,0,,,7,0,0.0000,False,,NODATA,25
fujairah,2007-07-21,0,0,,,7,0,0.0000,False,,NODATA,25
fujairah,2007-07-22,0,0,,,7,0,0.0000,False,,NODATA,25
fujairah,2007-07-23,0,0,,,7,0,0.0000,False,,NODATA,25
fujairah,2007-07-24,0,0,,,7,0,0.0000,False,,NODATA,25
fujairah,2007-07-25,0,0,,,7,0,0.0000,False,,NODATA,25
fujairah,2007-07-26,0,0,,,7,0,0.0000,False,,NODATA,25
fujairah,2007-07-27,0,0,,,7,0,0.0000,False,,NODATA,25
fujairah,2007-07-28,0,0,,,7,0,0.0000,False,,NODATA,25
fujairah,2007-07-29,0,0,,,7,0,0.0000,False,,NODATA,25
fujairah,2007-07-30,0,0,,,7,0,0.0000,False,,NODATA,25
fujairah,2007-07-31,0,0,,,7,0,0.0000,False,,NODATA,25
fujairah,2007-08-01,0,0,,,8,0,0.0000,False,,NODATA,25
fujairah,2007-08-02,0,0,,,8,0,0.0000,False,,NODATA,25
fujairah,2007-08-03,0,0,,,8,0,0.0000,False,,NODATA,25
fujairah,2007-08-04,0,0,,,8,0,0.0000,False,,NODATA,25
fujairah,2007-08-05,0,0,,,8,0,0.0000,False,,NODATA,25
fujairah,2007-08-06,0,0,,,8,0,0.0000,False,,NODATA,25
fujairah,2007-08-07,0,0,,,8,0,0.0000,False,,NODATA,25
fujairah,2007-08-08,0,0,,,8,0,0.0000,False,,NODATA,25
fujairah,2007-08-09,0,0,,,8,0,0.0000,False,,NODATA,25
fujairah,2007-08-10,0,0,,,8,0,0.0000,False,,NODATA,25
fujairah,2007-08-11,0,0,,,8,0,0.0000,False,,NODATA,25
fujairah,2007-08-12,0,0,,,8,0,0.0000,False,,NODATA,25
fujairah,2007-08-13,0,0,,,8,0,0.0000,False,,NODATA,25
fujairah,2007-08-14,0,0,,,8,0,0.0000,False,,NODATA,25
fujairah,2007-08-15,0,0,,,8,0,0.0000,False,,NODATA,25
fujairah,2007-08-16,0,0,,,8,0,0.0000,False,,NODATA,25
fujairah,2007-08-17,0,0,,,8,0,0.0000,False,,NODATA,25
fujairah,2007-08-18,0,0,,,8,0,0.0000,False,,NODATA,25
fujairah,2007-08-19,0,0,,,8,0,0.0000,False,,NODATA,25
fujairah,2007-08-20,0,0,,,8,0,0.0000,False,,NODATA,25
fujairah,2007-08-21,0,0,,,8,0,0.0000,False,,NODATA,25
fujairah,2007-08-22,0,0,,,8,0,0.0000,False,,NODATA,25
fujairah,2007-08-23,0,0,,,8,0,0.0000,False,,NODATA,25
fujairah,2007-08-24,0,0,,,8,0,0.0000,False,,NODATA,25
fujairah,2007-08-25,0,0,,,8,0,0.0000,False,,NODATA,25
fujairah,2007-08-26,0,0,,,8,0,0.0000,False,,NODATA,25
fujairah,2007-08-27,0,0,,,8,0,0.0000,False,,NODATA,25
fujairah,2007-08-28,0,0,,,8,0,0.0000,False,,NODATA,25
fujairah,2007-08-29,0,0,,,8,0,0.0000,False,,NODATA,25
fujairah,2007-08-30,0,0,,,8,0,0.0000,False,,NODATA,25
fujairah,2007-08-31,0,0,,,8,0,0.0000,False,,NODATA,25
fujairah,2007-09-01,0,0,,,9,37,0.0000,False,,NODATA,25
fujairah,2007-09-02,16,0,1.3835,-0.5781,9,37,0.4324,True,0.0000,QUIET,25
fujairah,2007-09-03,0,0,,,9,37,0.0000,False,,NODATA,25
fujairah,2007-09-04,0,0,,,9,37,0.0000,False,,NODATA,25
fujairah,2007-09-05,0,0,,,9,37,0.0000,False,,NODATA,25
fujairah,2007-09-06,0,0,,,9,37,0.0000,False,,NODATA,25
fujairah,2007-09-07,2,0,-0.0954,-0.3725,9,37,0.0541,False,,NODATA,25
fujairah,2007-09-08,0,0,,,9,37,0.0000,False,,NODATA,25
fujairah,2007-09-09,0,0,,,9,37,0.0000,False,,NODATA,25
fujairah,2007-09-10,0,0,,,9,37,0.0000,False,,NODATA,25
fujairah,2007-09-11,0,0,,,9,37,0.0000,False,,NODATA,25
fujairah,2007-09-12,0,0,,,9,37,0.0000,False,,NODATA,25
fujairah,2007-09-13,0,0,,,9,37,0.0000,False,,NODATA,25
fujairah,2007-09-14,0,0,,,9,37,0.0000,False,,NODATA,25
fujairah,2007-09-15,0,0,,,9,37,0.0000,False,,NODATA,25
fujairah,2007-09-16,0,0,,,9,37,0.0000,False,,NODATA,25
fujairah,2007-09-17,0,0,,,9,37,0.0000,False,,NODATA,25
fujairah,2007-09-18,0,0,,,9,37,0.0000,False,,NODATA,25
fujairah,2007-09-19,0,0,,,9,37,0.0000,False,,NODATA,25
fujairah,2007-09-20,0,0,,,9,37,0.0000,False,,NODATA,25
fujairah,2007-09-21,0,0,,,9,37,0.0000,False,,NODATA,25
fujairah,2007-09-22,32,0,-0.2940,-0.7732,9,37,0.8649,True,0.0000,QUIET,25
fujairah,2007-09-23,0,0,,,9,37,0.0000,False,,NODATA,25
fujairah,2007-09-24,0,0,,,9,37,0.0000,False,,NODATA,25
fujairah,2007-09-25,37,0,-0.4996,-0.6337,9,37,1.0000,True,0.0000,QUIET,25
fujairah,2007-09-26,0,0,,,9,37,0.0000,False,,NODATA,25
fujairah,2007-09-27,37,0,-0.6245,-0.7010,9,37,1.0000,True,0.0000,QUIET,25
fujairah,2007-09-28,0,0,,,9,37,0.0000,False,,NODATA,25
fujairah,2007-09-29,0,0,,,9,37,0.0000,False,,NODATA,25
fujairah,2007-09-30,3,0,-0.7181,-0.7043,9,37,0.0811,False,,NODATA,25
fujairah,2007-10-01,0,0,,,10,48,0.0000,False,,NODATA,25
fujairah,2007-10-02,37,0,-0.6183,-0.6391,10,48,0.7708,True,0.0000,QUIET,25
fujairah,2007-10-03,0,0,,,10,48,0.0000,False,,NODATA,25
fujairah,2007-10-04,0,0,,,10,48,0.0000,False,,NODATA,25
fujairah,2007-10-05,0,0,,,10,48,0.0000,False,,NODATA,25
fujairah,2007-10-06,40,0,-0.8179,-0.5759,10,48,0.8333,True,0.0000,QUIET,25
fujairah,2007-10-07,24,0,-0.4840,-0.5290,10,48,0.5000,True,0.0000,QUIET,25
fujairah,2007-10-08,19,0,-1.4873,-0.7449,10,48,0.3958,True,0.0000,QUIET,25
fujairah,2007-10-09,0,0,,,10,48,0.0000,False,,NODATA,25
fujairah,2007-10-10,0,0,,,10,48,0.0000,False,,NODATA,25
fujairah,2007-10-11,46,0,-0.3749,-0.5153,10,48,0.9583,True,0.0000,QUIET,25
fujairah,2007-10-12,0,0,,,10,48,0.0000,False,,NODATA,25
fujairah,2007-10-13,47,0,-0.4624,-0.4778,10,48,0.9792,True,0.0000,QUIET,25
fujairah,2007-10-14,0,0,,,10,48,0.0000,False,,NODATA,25
fujairah,2007-10-15,42,0,-0.6417,-0.5450,10,48,0.8750,True,0.0000,QUIET,25
fujairah,2007-10-16,34,0,-0.2714,-0.4502,10,48,0.7083,True,0.0000,QUIET,25
fujairah,2007-10-17,33,0,-0.5439,-0.5304,10,48,0.6875,True,0.0000,QUIET,25
fujairah,2007-10-18,42,0,-0.0173,-0.3933,10,48,0.8750,True,0.0000,QUIET,25
fujairah,2007-10-19,11,0,-0.2754,-0.4851,10,48,0.2292,True,0.0000,QUIET,25
fujairah,2007-10-20,48,0,-0.1986,-0.4001,10,48,1.0000,True,0.0000,QUIET,25
fujairah,2007-10-21,0,0,,,10,48,0.0000,False,,NODATA,25
fujairah,2007-10-22,40,0,-0.4415,-0.4958,10,48,0.8333,True,0.0000,QUIET,25
fujairah,2007-10-23,0,0,,,10,48,0.0000,False,,NODATA,25
fujairah,2007-10-24,0,0,,,10,48,0.0000,False,,NODATA,25
fujairah,2007-10-25,23,0,-0.7635,-0.5506,10,48,0.4792,True,0.0000,QUIET,25
fujairah,2007-10-26,0,0,,,10,48,0.0000,False,,NODATA,25
fujairah,2007-10-27,47,0,-0.1460,-0.4383,10,48,0.9792,True,0.0000,QUIET,25
fujairah,2007-10-28,0,0,,,10,48,0.0000,False,,NODATA,25
fujairah,2007-10-29,47,0,0.0469,-0.4814,10,48,0.9792,True,0.0000,QUIET,25
fujairah,2007-10-30,0,0,,,10,48,0.0000,False,,NODATA,25
fujairah,2007-10-31,35,0,1.7710,-0.4860,10,48,0.7292,True,0.0000,QUIET,25
fujairah,2007-11-01,24,0,0.0867,-0.2902,11,48,0.5000,True,0.0000,QUIET,25
fujairah,2007-11-02,0,0,,,11,48,0.0000,False,,NODATA,25
fujairah,2007-11-03,0,0,,,11,48,0.0000,False,,NODATA,25
fujairah,2007-11-04,0,0,,,11,48,0.0000,False,,NODATA,25
fujairah,2007-11-05,16,0,-0.7909,-0.4586,11,48,0.3333,True,0.0000,QUIET,25
fujairah,2007-11-06,0,0,,,11,48,0.0000,False,,NODATA,25
fujairah,2007-11-07,45,0,-0.3320,-0.2991,11,48,0.9375,True,0.0000,QUIET,25
fujairah,2007-11-08,27,0,0.4257,-0.1756,11,48,0.5625,True,0.0000,QUIET,25
fujairah,2007-11-09,37,0,-0.1502,-0.2527,11,48,0.7708,True,0.0000,QUIET,25
fujairah,2007-11-10,37,0,-0.0460,-0.2063,11,48,0.7708,True,0.0000,QUIET,25
fujairah,2007-11-11,6,0,-1.0878,-0.5146,11,48,0.1250,True,0.0000,QUIET,25
fujairah,2007-11-12,47,0,-0.7230,-0.3472,11,48,0.9792,True,0.0000,QUIET,25
fujairah,2007-11-13,0,0,,,11,48,0.0000,False,,NODATA,25
fujairah,2007-11-14,48,0,-0.3219,-0.2671,11,48,1.0000,True,0.0000,QUIET,25
fujairah,2007-11-15,0,0,,,11,48,0.0000,False,,NODATA,25
fujairah,2007-11-16,40,0,-0.6395,-0.3503,11,48,0.8333,True,0.0000,QUIET,25
fujairah,2007-11-17,1,0,-1.2157,-0.5196,11,48,0.0208,False,,NODATA,25
fujairah,2007-11-18,0,0,,,11,48,0.0000,False,,NODATA,25
fujairah,2007-11-19,0,0,,,11,48,0.0000,False,,NODATA,25
fujairah,2007-11-20,0,0,,,11,48,0.0000,False,,NODATA,25
fujairah,2007-11-21,48,0,-0.6300,-0.3187,11,48,1.0000,True,0.0000,QUIET,25
fujairah,2007-11-22,0,0,,,11,48,0.0000,False,,NODATA,25
fujairah,2007-11-23,33,0,-0.6134,-0.3780,11,48,0.6875,True,0.0000,QUIET,25
fujairah,2007-11-24,0,0,,,11,48,0.0000,False,,NODATA,25
fujairah,2007-11-25,38,0,-0.3684,-0.2702,11,48,0.7917,True,0.0000,QUIET,25
fujairah,2007-11-26,7,0,-0.5973,-0.3042,11,48,0.1458,True,0.0000,QUIET,25
fujairah,2007-11-27,0,0,,,11,48,0.0000,False,,NODATA,25
fujairah,2007-11-28,3,1,2.9057,0.7269,11,48,0.0625,False,,NODATA,25
fujairah,2007-11-29,0,0,,,11,48,0.0000,False,,NODATA,25
fujairah,2007-11-30,48,0,0.4405,0.0800,11,48,1.0000,True,0.0000,QUIET,25
fujairah,2007-12-01,0,0,,,12,48,0.0000,False,,NODATA,25
fujairah,2007-12-02,0,0,,,12,48,0.0000,False,,NODATA,25
fujairah,2007-12-03,0,0,,,12,48,0.0000,False,,NODATA,25
fujairah,2007-12-04,0,0,,,12,48,0.0000,False,,NODATA,25
fujairah,2007-12-05,0,0,,,12,48,0.0000,False,,NODATA,25
fujairah,2007-12-06,0,0,,,12,48,0.0000,False,,NODATA,25
fujairah,2007-12-07,0,0,,,12,48,0.0000,False,,NODATA,25
fujairah,2007-12-08,0,0,,,12,48,0.0000,False,,NODATA,25
fujairah,2007-12-09,0,0,,,12,48,0.0000,False,,NODATA,25
fujairah,2007-12-10,0,0,,,12,48,0.0000,False,,NODATA,25
fujairah,2007-12-11,0,0,,,12,48,0.0000,False,,NODATA,25
fujairah,2007-12-12,37,2,2.2872,0.1233,12,48,0.7708,True,0.0541,QUIET,25
fujairah,2007-12-13,0,0,,,12,48,0.0000,False,,NODATA,25
fujairah,2007-12-14,37,0,1.6722,-0.0442,12,48,0.7708,True,0.0000,QUIET,25
fujairah,2007-12-15,0,0,,,12,48,0.0000,False,,NODATA,25
fujairah,2007-12-16,46,0,1.8740,0.1235,12,48,0.9583,True,0.0000,QUIET,25
fujairah,2007-12-17,0,0,,,12,48,0.0000,False,,NODATA,25
fujairah,2007-12-18,28,0,1.9519,0.2326,12,48,0.5833,True,0.0000,QUIET,25
fujairah,2007-12-19,0,0,,,12,48,0.0000,False,,NODATA,25
fujairah,2007-12-20,31,0,1.4787,0.1069,12,48,0.6458,True,0.0000,QUIET,25
fujairah,2007-12-21,43,4,2.8446,0.3396,12,48,0.8958,True,0.0930,QUIET,25
fujairah,2007-12-22,0,0,,,12,48,0.0000,False,,NODATA,25
fujairah,2007-12-23,18,3,2.7211,0.4233,12,48,0.3750,True,0.1667,QUIET,25
fujairah,2007-12-24,0,0,,,12,48,0.0000,False,,NODATA,25
fujairah,2007-12-25,6,0,0.4462,-0.1022,12,48,0.1250,True,0.0000,QUIET,25
fujairah,2007-12-26,0,0,,,12,48,0.0000,False,,NODATA,25
fujairah,2007-12-27,0,0,,,12,48,0.0000,False,,NODATA,25
fujairah,2007-12-28,24,0,0.5381,-0.2528,12,48,0.5000,True,0.0000,QUIET,25
fujairah,2007-12-29,0,0,,,12,48,0.0000,False,,NODATA,25
fujairah,2007-12-30,3,0,0.2235,-0.0549,12,48,0.0625,False,,NODATA,25
fujairah,2007-12-31,0,0,,,12,48,0.0000,False,,NODATA,25
fujairah,2008-01-01,40,8,5.6803,0.4658,1,47,0.8511,True,0.2000,QUIET,25
fujairah,2008-01-02,0,0,,,1,47,0.0000,False,,NODATA,25
fujairah,2008-01-03,24,10,4.0083,0.6211,1,47,0.5106,True,0.4167,EXCEED,25
fujairah,2008-01-04,0,0,,,1,47,0.0000,False,,NODATA,25
fujairah,2008-01-05,0,0,,,1,47,0.0000,False,,NODATA,25
fujairah,2008-01-06,0,0,,,1,47,0.0000,False,,NODATA,25
fujairah,2008-01-07,0,0,,,1,47,0.0000,False,,NODATA,25
fujairah,2008-01-08,0,0,,,1,47,0.0000,False,,NODATA,25
fujairah,2008-01-09,0,0,,,1,47,0.0000,False,,NODATA,25
fujairah,2008-01-10,30,0,1.1482,-0.0146,1,47,0.6383,True,0.0000,QUIET,25
fujairah,2008-01-11,0,0,,,1,47,0.0000,False,,NODATA,25
fujairah,2008-01-12,0,0,,,1,47,0.0000,False,,NODATA,25
fujairah,2008-01-13,0,0,,,1,47,0.0000,False,,NODATA,25
fujairah,2008-01-14,0,0,,,1,47,0.0000,False,,NODATA,25
fujairah,2008-01-15,0,0,,,1,47,0.0000,False,,NODATA,25
fujairah,2008-01-16,0,0,,,1,47,0.0000,False,,NODATA,25
fujairah,2008-01-17,0,0,,,1,47,0.0000,False,,NODATA,25
fujairah,2008-01-18,0,0,,,1,47,0.0000,False,,NODATA,25
fujairah,2008-01-19,4,0,1.7499,0.2622,1,47,0.0851,False,,NODATA,25
fujairah,2008-01-20,17,0,-0.1379,0.0376,1,47,0.3617,True,0.0000,QUIET,25
fujairah,2008-01-21,0,0,,,1,47,0.0000,False,,NODATA,25
fujairah,2008-01-22,0,0,,,1,47,0.0000,False,,NODATA,25
fujairah,2008-01-23,0,0,,,1,47,0.0000,False,,NODATA,25
fujairah,2008-01-24,0,0,,,1,47,0.0000,False,,NODATA,25
fujairah,2008-01-25,0,0,,,1,47,0.0000,False,,NODATA,25
fujairah,2008-01-26,0,0,,,1,47,0.0000,False,,NODATA,25
fujairah,2008-01-27,0,0,,,1,47,0.0000,False,,NODATA,25
fujairah,2008-01-28,0,0,,,1,47,0.0000,False,,NODATA,25
fujairah,2008-01-29,39,0,-0.2821,-0.1420,1,47,0.8298,True,0.0000,QUIET,25
fujairah,2008-01-30,9,0,-0.1902,-0.1371,1,47,0.1915,True,0.0000,QUIET,25
fujairah,2008-01-31,0,0,,,1,47,0.0000,False,,NODATA,25
fujairah,2008-02-01,0,0,,,2,44,0.0000,False,,NODATA,25
fujairah,2008-02-02,0,0,,,2,44,0.0000,False,,NODATA,25
fujairah,2008-02-03,0,0,,,2,44,0.0000,False,,NODATA,25
fujairah,2008-02-04,0,0,,,2,44,0.0000,False,,NODATA,25
fujairah,2008-02-05,0,0,,,2,44,0.0000,False,,NODATA,25
fujairah,2008-02-06,0,0,,,2,44,0.0000,False,,NODATA,25
fujairah,2008-02-07,42,0,0.3116,0.0983,2,44,0.9545,True,0.0000,QUIET,25
fujairah,2008-02-08,17,0,0.1860,0.2201,2,44,0.3864,True,0.0000,QUIET,25
fujairah,2008-02-09,44,0,-0.2377,0.0521,2,44,1.0000,True,0.0000,QUIET,25
fujairah,2008-02-10,0,0,,,2,44,0.0000,False,,NODATA,25
fujairah,2008-02-11,44,0,-0.0254,0.0521,2,44,1.0000,True,0.0000,QUIET,25
fujairah,2008-02-12,0,0,,,2,44,0.0000,False,,NODATA,25
fujairah,2008-02-13,37,0,0.6767,0.3494,2,44,0.8409,True,0.0000,QUIET,25
fujairah,2008-02-14,0,0,,,2,44,0.0000,False,,NODATA,25
fujairah,2008-02-15,17,0,1.9914,1.1764,2,44,0.3864,True,0.0000,QUIET,25
fujairah,2008-02-16,41,1,2.0930,1.1891,2,44,0.9318,True,0.0244,QUIET,25
fujairah,2008-02-17,0,0,,,2,44,0.0000,False,,NODATA,25
fujairah,2008-02-18,29,0,1.9611,1.3883,2,44,0.6591,True,0.0000,QUIET,25
fujairah,2008-02-19,0,0,,,2,44,0.0000,False,,NODATA,25
fujairah,2008-02-20,0,0,,,2,44,0.0000,False,,NODATA,25
fujairah,2008-02-21,0,0,,,2,44,0.0000,False,,NODATA,25
fujairah,2008-02-22,0,0,,,2,44,0.0000,False,,NODATA,25
fujairah,2008-02-23,0,0,,,2,44,0.0000,False,,NODATA,25
fujairah,2008-02-24,0,0,,,2,44,0.0000,False,,NODATA,25
fujairah,2008-02-25,2,1,2.3472,1.8179,2,44,0.0455,False,,NODATA,25
fujairah,2008-02-26,0,0,,,2,44,0.0000,False,,NODATA,25
fujairah,2008-02-27,21,5,2.1538,1.6310,2,44,0.4773,True,0.2381,QUIET,25
fujairah,2008-02-28,0,0,,,2,44,0.0000,False,,NODATA,25
fujairah,2008-02-29,0,0,,,2,44,0.0000,False,,NODATA,25
fujairah,2008-03-01,36,4,6.0221,0.8961,3,44,0.8182,True,0.1111,QUIET,25
fujairah,2008-03-02,27,0,1.6615,0.7709,3,44,0.6136,True,0.0000,QUIET,25
fujairah,2008-03-03,12,9,2.7217,1.5528,3,44,0.2727,True,0.7500,EXCEED,25
fujairah,2008-03-04,0,0,,,3,44,0.0000,False,,NODATA,25
fujairah,2008-03-05,0,0,,,3,44,0.0000,False,,NODATA,25
fujairah,2008-03-06,0,0,,,3,44,0.0000,False,,NODATA,25
fujairah,2008-03-07,0,0,,,3,44,0.0000,False,,NODATA,25
fujairah,2008-03-08,0,0,,,3,44,0.0000,False,,NODATA,25
fujairah,2008-03-09,0,0,,,3,44,0.0000,False,,NODATA,25
fujairah,2008-03-10,41,1,3.0993,0.6521,3,44,0.9318,True,0.0244,QUIET,25
fujairah,2008-03-11,19,0,0.5873,0.3312,3,44,0.4318,True,0.0000,QUIET,25
fujairah,2008-03-12,44,0,1.2883,0.2546,3,44,1.0000,True,0.0000,QUIET,25
fujairah,2008-03-13,0,0,,,3,44,0.0000,False,,NODATA,25
fujairah,2008-03-14,3,0,0.4069,0.6000,3,44,0.0682,False,,NODATA,25
fujairah,2008-03-15,0,0,,,3,44,0.0000,False,,NODATA,25
fujairah,2008-03-16,15,1,2.4848,0.9330,3,44,0.3409,True,0.0667,QUIET,25
fujairah,2008-03-17,0,0,,,3,44,0.0000,False,,NODATA,25
fujairah,2008-03-18,0,0,,,3,44,0.0000,False,,NODATA,25
fujairah,2008-03-19,0,0,,,3,44,0.0000,False,,NODATA,25
fujairah,2008-03-20,0,0,,,3,44,0.0000,False,,NODATA,25
fujairah,2008-03-21,0,0,,,3,44,0.0000,False,,NODATA,25
fujairah,2008-03-22,0,0,,,3,44,0.0000,False,,NODATA,25
fujairah,2008-03-23,0,0,,,3,44,0.0000,False,,NODATA,25
fujairah,2008-03-24,0,0,,,3,44,0.0000,False,,NODATA,25
fujairah,2008-03-25,0,0,,,3,44,0.0000,False,,NODATA,25
fujairah,2008-03-26,0,0,,,3,44,0.0000,False,,NODATA,25
fujairah,2008-03-27,0,0,,,3,44,0.0000,False,,NODATA,25
fujairah,2008-03-28,0,0,,,3,44,0.0000,False,,NODATA,25
fujairah,2008-03-29,0,0,,,3,44,0.0000,False,,NODATA,25
fujairah,2008-03-30,0,0,,,3,44,0.0000,False,,NODATA,25
fujairah,2008-03-31,0,0,,,3,44,0.0000,False,,NODATA,25
fujairah,2008-04-01,0,0,,,4,41,0.0000,False,,NODATA,25
fujairah,2008-04-02,0,0,,,4,41,0.0000,False,,NODATA,25
fujairah,2008-04-03,0,0,,,4,41,0.0000,False,,NODATA,25
fujairah,2008-04-04,16,4,4.2873,0.0517,4,41,0.3902,True,0.2500,QUIET,25
fujairah,2008-04-05,0,0,,,4,41,0.0000,False,,NODATA,25
fujairah,2008-04-06,0,0,,,4,41,0.0000,False,,NODATA,25
fujairah,2008-04-07,0,0,,,4,41,0.0000,False,,NODATA,25
fujairah,2008-04-08,0,0,,,4,41,0.0000,False,,NODATA,25
fujairah,2008-04-09,0,0,,,4,41,0.0000,False,,NODATA,25
fujairah,2008-04-10,0,0,,,4,41,0.0000,False,,NODATA,25
fujairah,2008-04-11,0,0,,,4,41,0.0000,False,,NODATA,25
fujairah,2008-04-12,0,0,,,4,41,0.0000,False,,NODATA,25
fujairah,2008-04-13,0,0,,,4,41,0.0000,False,,NODATA,25
fujairah,2008-04-14,0,0,,,4,41,0.0000,False,,NODATA,25
fujairah,2008-04-15,0,0,,,4,41,0.0000,False,,NODATA,25
fujairah,2008-04-16,0,0,,,4,41,0.0000,False,,NODATA,25
fujairah,2008-04-17,0,0,,,4,41,0.0000,False,,NODATA,25
fujairah,2008-04-18,0,0,,,4,41,0.0000,False,,NODATA,25
fujairah,2008-04-19,0,0,,,4,41,0.0000,False,,NODATA,25
fujairah,2008-04-20,0,0,,,4,41,0.0000,False,,NODATA,25
fujairah,2008-04-21,0,0,,,4,41,0.0000,False,,NODATA,25
fujairah,2008-04-22,0,0,,,4,41,0.0000,False,,NODATA,25
fujairah,2008-04-23,0,0,,,4,41,0.0000,False,,NODATA,25
fujairah,2008-04-24,0,0,,,4,41,0.0000,False,,NODATA,25
fujairah,2008-04-25,0,0,,,4,41,0.0000,False,,NODATA,25
fujairah,2008-04-26,0,0,,,4,41,0.0000,False,,NODATA,25
fujairah,2008-04-27,41,0,1.1973,-0.4173,4,41,1.0000,True,0.0000,QUIET,25
fujairah,2008-04-28,0,0,,,4,41,0.0000,False,,NODATA,25
fujairah,2008-04-29,0,0,,,4,41,0.0000,False,,NODATA,25
fujairah,2008-04-30,0,0,,,4,41,0.0000,False,,NODATA,25
fujairah,2008-05-01,0,0,,,5,25,0.0000,False,,NODATA,25
fujairah,2008-05-02,0,0,,,5,25,0.0000,False,,NODATA,25
fujairah,2008-05-03,0,0,,,5,25,0.0000,False,,NODATA,25
fujairah,2008-05-04,0,0,,,5,25,0.0000,False,,NODATA,25
fujairah,2008-05-05,0,0,,,5,25,0.0000,False,,NODATA,25
fujairah,2008-05-06,0,0,,,5,25,0.0000,False,,NODATA,25
fujairah,2008-05-07,0,0,,,5,25,0.0000,False,,NODATA,25
fujairah,2008-05-08,0,0,,,5,25,0.0000,False,,NODATA,25
fujairah,2008-05-09,0,0,,,5,25,0.0000,False,,NODATA,25
fujairah,2008-05-10,0,0,,,5,25,0.0000,False,,NODATA,25
fujairah,2008-05-11,0,0,,,5,25,0.0000,False,,NODATA,25
fujairah,2008-05-12,0,0,,,5,25,0.0000,False,,NODATA,25
fujairah,2008-05-13,0,0,,,5,25,0.0000,False,,NODATA,25
fujairah,2008-05-14,0,0,,,5,25,0.0000,False,,NODATA,25
fujairah,2008-05-15,0,0,,,5,25,0.0000,False,,NODATA,25
fujairah,2008-05-16,0,0,,,5,25,0.0000,False,,NODATA,25
fujairah,2008-05-17,0,0,,,5,25,0.0000,False,,NODATA,25
fujairah,2008-05-18,0,0,,,5,25,0.0000,False,,NODATA,25
fujairah,2008-05-19,0,0,,,5,25,0.0000,False,,NODATA,25
fujairah,2008-05-20,0,0,,,5,25,0.0000,False,,NODATA,25
fujairah,2008-05-21,0,0,,,5,25,0.0000,False,,NODATA,25
fujairah,2008-05-22,0,0,,,5,25,0.0000,False,,NODATA,25
fujairah,2008-05-23,0,0,,,5,25,0.0000,False,,NODATA,25
fujairah,2008-05-24,0,0,,,5,25,0.0000,False,,NODATA,25
fujairah,2008-05-25,0,0,,,5,25,0.0000,False,,NODATA,25
fujairah,2008-05-26,0,0,,,5,25,0.0000,False,,NODATA,25
fujairah,2008-05-27,0,0,,,5,25,0.0000,False,,NODATA,25
fujairah,2008-05-28,0,0,,,5,25,0.0000,False,,NODATA,25
fujairah,2008-05-29,7,0,-0.7392,-0.7113,5,25,0.2800,True,0.0000,QUIET,25
fujairah,2008-05-30,0,0,,,5,25,0.0000,False,,NODATA,25
fujairah,2008-05-31,0,0,,,5,25,0.0000,False,,NODATA,25
fujairah,2008-06-01,0,0,,,6,12,0.0000,False,,NODATA,25
fujairah,2008-06-02,0,0,,,6,12,0.0000,False,,NODATA,25
fujairah,2008-06-03,0,0,,,6,12,0.0000,False,,NODATA,25
fujairah,2008-06-04,0,0,,,6,12,0.0000,False,,NODATA,25
fujairah,2008-06-05,0,0,,,6,12,0.0000,False,,NODATA,25
fujairah,2008-06-06,0,0,,,6,12,0.0000,False,,NODATA,25
fujairah,2008-06-07,0,0,,,6,12,0.0000,False,,NODATA,25
fujairah,2008-06-08,0,0,,,6,12,0.0000,False,,NODATA,25
fujairah,2008-06-09,0,0,,,6,12,0.0000,False,,NODATA,25
fujairah,2008-06-10,0,0,,,6,12,0.0000,False,,NODATA,25
fujairah,2008-06-11,0,0,,,6,12,0.0000,False,,NODATA,25
fujairah,2008-06-12,0,0,,,6,12,0.0000,False,,NODATA,25
fujairah,2008-06-13,0,0,,,6,12,0.0000,False,,NODATA,25
fujairah,2008-06-14,0,0,,,6,12,0.0000,False,,NODATA,25
fujairah,2008-06-15,0,0,,,6,12,0.0000,False,,NODATA,25
fujairah,2008-06-16,0,0,,,6,12,0.0000,False,,NODATA,25
fujairah,2008-06-17,0,0,,,6,12,0.0000,False,,NODATA,25
fujairah,2008-06-18,0,0,,,6,12,0.0000,False,,NODATA,25
fujairah,2008-06-19,0,0,,,6,12,0.0000,False,,NODATA,25
fujairah,2008-06-20,0,0,,,6,12,0.0000,False,,NODATA,25
fujairah,2008-06-21,0,0,,,6,12,0.0000,False,,NODATA,25
fujairah,2008-06-22,0,0,,,6,12,0.0000,False,,NODATA,25
fujairah,2008-06-23,0,0,,,6,12,0.0000,False,,NODATA,25
fujairah,2008-06-24,0,0,,,6,12,0.0000,False,,NODATA,25
fujairah,2008-06-25,0,0,,,6,12,0.0000,False,,NODATA,25
fujairah,2008-06-26,0,0,,,6,12,0.0000,False,,NODATA,25
fujairah,2008-06-27,0,0,,,6,12,0.0000,False,,NODATA,25
fujairah,2008-06-28,0,0,,,6,12,0.0000,False,,NODATA,25
fujairah,2008-06-29,0,0,,,6,12,0.0000,False,,NODATA,25
fujairah,2008-06-30,0,0,,,6,12,0.0000,False,,NODATA,25
fujairah,2008-07-01,0,0,,,7,0,0.0000,False,,NODATA,25
fujairah,2008-07-02,0,0,,,7,0,0.0000,False,,NODATA,25
fujairah,2008-07-03,0,0,,,7,0,0.0000,False,,NODATA,25
fujairah,2008-07-04,0,0,,,7,0,0.0000,False,,NODATA,25
fujairah,2008-07-05,0,0,,,7,0,0.0000,False,,NODATA,25
fujairah,2008-07-06,0,0,,,7,0,0.0000,False,,NODATA,25
fujairah,2008-07-07,0,0,,,7,0,0.0000,False,,NODATA,25
fujairah,2008-07-08,0,0,,,7,0,0.0000,False,,NODATA,25
fujairah,2008-07-09,0,0,,,7,0,0.0000,False,,NODATA,25
fujairah,2008-07-10,0,0,,,7,0,0.0000,False,,NODATA,25
fujairah,2008-07-11,0,0,,,7,0,0.0000,False,,NODATA,25
fujairah,2008-07-12,0,0,,,7,0,0.0000,False,,NODATA,25
fujairah,2008-07-13,0,0,,,7,0,0.0000,False,,NODATA,25
fujairah,2008-07-14,0,0,,,7,0,0.0000,False,,NODATA,25
fujairah,2008-07-15,0,0,,,7,0,0.0000,False,,NODATA,25
fujairah,2008-07-16,0,0,,,7,0,0.0000,False,,NODATA,25
fujairah,2008-07-17,0,0,,,7,0,0.0000,False,,NODATA,25
fujairah,2008-07-18,0,0,,,7,0,0.0000,False,,NODATA,25
fujairah,2008-07-19,0,0,,,7,0,0.0000,False,,NODATA,25
fujairah,2008-07-20,0,0,,,7,0,0.0000,False,,NODATA,25
fujairah,2008-07-21,0,0,,,7,0,0.0000,False,,NODATA,25
fujairah,2008-07-22,0,0,,,7,0,0.0000,False,,NODATA,25
fujairah,2008-07-23,0,0,,,7,0,0.0000,False,,NODATA,25
fujairah,2008-07-24,0,0,,,7,0,0.0000,False,,NODATA,25
fujairah,2008-07-25,0,0,,,7,0,0.0000,False,,NODATA,25
fujairah,2008-07-26,0,0,,,7,0,0.0000,False,,NODATA,25
fujairah,2008-07-27,0,0,,,7,0,0.0000,False,,NODATA,25
fujairah,2008-07-28,0,0,,,7,0,0.0000,False,,NODATA,25
fujairah,2008-07-29,0,0,,,7,0,0.0000,False,,NODATA,25
fujairah,2008-07-30,0,0,,,7,0,0.0000,False,,NODATA,25
fujairah,2008-07-31,0,0,,,7,0,0.0000,False,,NODATA,25
fujairah,2008-08-01,0,0,,,8,0,0.0000,False,,NODATA,25
fujairah,2008-08-02,0,0,,,8,0,0.0000,False,,NODATA,25
fujairah,2008-08-03,0,0,,,8,0,0.0000,False,,NODATA,25
fujairah,2008-08-04,0,0,,,8,0,0.0000,False,,NODATA,25
fujairah,2008-08-05,0,0,,,8,0,0.0000,False,,NODATA,25
fujairah,2008-08-06,0,0,,,8,0,0.0000,False,,NODATA,25
fujairah,2008-08-07,0,0,,,8,0,0.0000,False,,NODATA,25
fujairah,2008-08-08,0,0,,,8,0,0.0000,False,,NODATA,25
fujairah,2008-08-09,0,0,,,8,0,0.0000,False,,NODATA,25
fujairah,2008-08-10,0,0,,,8,0,0.0000,False,,NODATA,25
fujairah,2008-08-11,0,0,,,8,0,0.0000,False,,NODATA,25
fujairah,2008-08-12,0,0,,,8,0,0.0000,False,,NODATA,25
fujairah,2008-08-13,0,0,,,8,0,0.0000,False,,NODATA,25
fujairah,2008-08-14,0,0,,,8,0,0.0000,False,,NODATA,25
fujairah,2008-08-15,0,0,,,8,0,0.0000,False,,NODATA,25
fujairah,2008-08-16,0,0,,,8,0,0.0000,False,,NODATA,25
fujairah,2008-08-17,0,0,,,8,0,0.0000,False,,NODATA,25
fujairah,2008-08-18,0,0,,,8,0,0.0000,False,,NODATA,25
fujairah,2008-08-19,0,0,,,8,0,0.0000,False,,NODATA,25
fujairah,2008-08-20,0,0,,,8,0,0.0000,False,,NODATA,25
fujairah,2008-08-21,0,0,,,8,0,0.0000,False,,NODATA,25
fujairah,2008-08-22,0,0,,,8,0,0.0000,False,,NODATA,25
fujairah,2008-08-23,0,0,,,8,0,0.0000,False,,NODATA,25
fujairah,2008-08-24,0,0,,,8,0,0.0000,False,,NODATA,25
fujairah,2008-08-25,0,0,,,8,0,0.0000,False,,NODATA,25
fujairah,2008-08-26,0,0,,,8,0,0.0000,False,,NODATA,25
fujairah,2008-08-27,0,0,,,8,0,0.0000,False,,NODATA,25
fujairah,2008-08-28,0,0,,,8,0,0.0000,False,,NODATA,25
fujairah,2008-08-29,0,0,,,8,0,0.0000,False,,NODATA,25
fujairah,2008-08-30,0,0,,,8,0,0.0000,False,,NODATA,25
fujairah,2008-08-31,0,0,,,8,0,0.0000,False,,NODATA,25
fujairah,2008-09-01,0,0,,,9,37,0.0000,False,,NODATA,25
fujairah,2008-09-02,0,0,,,9,37,0.0000,False,,NODATA,25
fujairah,2008-09-03,0,0,,,9,37,0.0000,False,,NODATA,25
fujairah,2008-09-04,0,0,,,9,37,0.0000,False,,NODATA,25
fujairah,2008-09-05,0,0,,,9,37,0.0000,False,,NODATA,25
fujairah,2008-09-06,0,0,,,9,37,0.0000,False,,NODATA,25
fujairah,2008-09-07,0,0,,,9,37,0.0000,False,,NODATA,25
fujairah,2008-09-08,0,0,,,9,37,0.0000,False,,NODATA,25
fujairah,2008-09-09,0,0,,,9,37,0.0000,False,,NODATA,25
fujairah,2008-09-10,0,0,,,9,37,0.0000,False,,NODATA,25
fujairah,2008-09-11,0,0,,,9,37,0.0000,False,,NODATA,25
fujairah,2008-09-12,0,0,,,9,37,0.0000,False,,NODATA,25
fujairah,2008-09-13,0,0,,,9,37,0.0000,False,,NODATA,25
fujairah,2008-09-14,0,0,,,9,37,0.0000,False,,NODATA,25
fujairah,2008-09-15,0,0,,,9,37,0.0000,False,,NODATA,25
fujairah,2008-09-16,0,0,,,9,37,0.0000,False,,NODATA,25
fujairah,2008-09-17,0,0,,,9,37,0.0000,False,,NODATA,25
fujairah,2008-09-18,0,0,,,9,37,0.0000,False,,NODATA,25
fujairah,2008-09-19,0,0,,,9,37,0.0000,False,,NODATA,25
fujairah,2008-09-20,0,0,,,9,37,0.0000,False,,NODATA,25
fujairah,2008-09-21,0,0,,,9,37,0.0000,False,,NODATA,25
fujairah,2008-09-22,0,0,,,9,37,0.0000,False,,NODATA,25
fujairah,2008-09-23,0,0,,,9,37,0.0000,False,,NODATA,25
fujairah,2008-09-24,0,0,,,9,37,0.0000,False,,NODATA,25
fujairah,2008-09-25,0,0,,,9,37,0.0000,False,,NODATA,25
fujairah,2008-09-26,0,0,,,9,37,0.0000,False,,NODATA,25
fujairah,2008-09-27,6,6,4.9245,0.1608,9,37,0.1622,True,1.0000,EXCEED,25
fujairah,2008-09-28,0,0,,,9,37,0.0000,False,,NODATA,25
fujairah,2008-09-29,0,0,,,9,37,0.0000,False,,NODATA,25
fujairah,2008-09-30,0,0,,,9,37,0.0000,False,,NODATA,25
fujairah,2008-10-01,0,0,,,10,48,0.0000,False,,NODATA,25
fujairah,2008-10-02,0,0,,,10,48,0.0000,False,,NODATA,25
fujairah,2008-10-03,0,0,,,10,48,0.0000,False,,NODATA,25
fujairah,2008-10-04,0,0,,,10,48,0.0000,False,,NODATA,25
fujairah,2008-10-05,0,0,,,10,48,0.0000,False,,NODATA,25
fujairah,2008-10-06,11,0,1.9296,-0.5675,10,48,0.2292,True,0.0000,QUIET,25
fujairah,2008-10-07,0,0,,,10,48,0.0000,False,,NODATA,25
fujairah,2008-10-08,9,0,0.1338,-0.5524,10,48,0.1875,True,0.0000,QUIET,25
fujairah,2008-10-09,0,0,,,10,48,0.0000,False,,NODATA,25
fujairah,2008-10-10,0,0,,,10,48,0.0000,False,,NODATA,25
fujairah,2008-10-11,0,0,,,10,48,0.0000,False,,NODATA,25
fujairah,2008-10-12,0,0,,,10,48,0.0000,False,,NODATA,25
fujairah,2008-10-13,43,0,1.4712,-0.5299,10,48,0.8958,True,0.0000,QUIET,25
fujairah,2008-10-14,0,0,,,10,48,0.0000,False,,NODATA,25
fujairah,2008-10-15,0,0,,,10,48,0.0000,False,,NODATA,25
fujairah,2008-10-16,0,0,,,10,48,0.0000,False,,NODATA,25
fujairah,2008-10-17,0,0,,,10,48,0.0000,False,,NODATA,25
fujairah,2008-10-18,0,0,,,10,48,0.0000,False,,NODATA,25
fujairah,2008-10-19,0,0,,,10,48,0.0000,False,,NODATA,25
fujairah,2008-10-20,38,5,4.1316,-0.1724,10,48,0.7917,True,0.1316,QUIET,25
fujairah,2008-10-21,0,0,,,10,48,0.0000,False,,NODATA,25
fujairah,2008-10-22,27,1,2.0210,-0.1107,10,48,0.5625,True,0.0370,QUIET,25
fujairah,2008-10-23,0,0,,,10,48,0.0000,False,,NODATA,25
fujairah,2008-10-24,29,0,1.4359,-0.1949,10,48,0.6042,True,0.0000,QUIET,25
fujairah,2008-10-25,0,0,,,10,48,0.0000,False,,NODATA,25
fujairah,2008-10-26,0,0,,,10,48,0.0000,False,,NODATA,25
fujairah,2008-10-27,4,2,2.5017,0.0073,10,48,0.0833,False,,NODATA,25
fujairah,2008-10-28,0,0,,,10,48,0.0000,False,,NODATA,25
fujairah,2008-10-29,38,4,6.1867,-0.1407,10,48,0.7917,True,0.1053,QUIET,25
fujairah,2008-10-30,0,0,,,10,48,0.0000,False,,NODATA,25
fujairah,2008-10-31,36,3,3.1408,-0.2809,10,48,0.7500,True,0.0833,QUIET,25
fujairah,2008-11-01,0,0,,,11,48,0.0000,False,,NODATA,25
fujairah,2008-11-02,37,0,-0.4050,-0.4253,11,48,0.7708,True,0.0000,QUIET,25
fujairah,2008-11-03,23,0,0.8697,-0.1272,11,48,0.4792,True,0.0000,QUIET,25
fujairah,2008-11-04,0,0,,,11,48,0.0000,False,,NODATA,25
fujairah,2008-11-05,41,3,2.9913,-0.0369,11,48,0.8542,True,0.0732,QUIET,25
fujairah,2008-11-06,0,0,,,11,48,0.0000,False,,NODATA,25
fujairah,2008-11-07,42,0,1.7652,-0.0758,11,48,0.8750,True,0.0000,QUIET,25
fujairah,2008-11-08,0,0,,,11,48,0.0000,False,,NODATA,25
fujairah,2008-11-09,40,0,0.9722,-0.1474,11,48,0.8333,True,0.0000,QUIET,25
fujairah,2008-11-10,0,0,,,11,48,0.0000,False,,NODATA,25
fujairah,2008-11-11,19,0,1.6876,-0.0394,11,48,0.3958,True,0.0000,QUIET,25
fujairah,2008-11-12,2,0,0.2155,0.0484,11,48,0.0417,False,,NODATA,25
fujairah,2008-11-13,0,0,,,11,48,0.0000,False,,NODATA,25
fujairah,2008-11-14,2,0,1.7981,0.6671,11,48,0.0417,False,,NODATA,25
fujairah,2008-11-15,0,0,,,11,48,0.0000,False,,NODATA,25
fujairah,2008-11-16,0,0,,,11,48,0.0000,False,,NODATA,25
fujairah,2008-11-17,0,0,,,11,48,0.0000,False,,NODATA,25
fujairah,2008-11-18,5,0,1.1290,0.2316,11,48,0.1042,True,0.0000,QUIET,25
fujairah,2008-11-19,25,19,3.8341,1.1389,11,48,0.5208,True,0.7600,EXCEED,25
fujairah,2008-11-20,12,0,1.2935,0.1264,11,48,0.2500,True,0.0000,QUIET,25
fujairah,2008-11-21,28,16,3.9429,1.0383,11,48,0.5833,True,0.5714,ALERT,25
fujairah,2008-11-22,0,0,,,11,48,0.0000,False,,NODATA,25
fujairah,2008-11-23,35,8,3.4601,0.5998,11,48,0.7292,True,0.2286,QUIET,25
fujairah,2008-11-24,0,0,,,11,48,0.0000,False,,NODATA,25
fujairah,2008-11-25,2,0,0.8889,0.2798,11,48,0.0417,False,,NODATA,25
fujairah,2008-11-26,0,0,,,11,48,0.0000,False,,NODATA,25
fujairah,2008-11-27,0,0,,,11,48,0.0000,False,,NODATA,25
fujairah,2008-11-28,0,0,,,11,48,0.0000,False,,NODATA,25
fujairah,2008-11-29,0,0,,,11,48,0.0000,False,,NODATA,25
fujairah,2008-11-30,7,6,2.9768,1.2714,11,48,0.1458,True,0.8571,EXCEED,25
fujairah,2008-12-01,0,0,,,12,48,0.0000,False,,NODATA,25
fujairah,2008-12-02,0,0,,,12,48,0.0000,False,,NODATA,25
fujairah,2008-12-03,0,0,,,12,48,0.0000,False,,NODATA,25
fujairah,2008-12-04,0,0,,,12,48,0.0000,False,,NODATA,25
fujairah,2008-12-05,13,3,3.1463,0.1764,12,48,0.2708,True,0.2308,QUIET,25
fujairah,2008-12-06,0,0,,,12,48,0.0000,False,,NODATA,25
fujairah,2008-12-07,40,6,3.9735,0.4107,12,48,0.8333,True,0.1500,QUIET,25
fujairah,2008-12-08,4,0,1.2903,0.3599,12,48,0.0833,False,,NODATA,25
fujairah,2008-12-09,45,12,2.7406,0.4696,12,48,0.9375,True,0.2667,QUIET,25
fujairah,2008-12-10,0,0,,,12,48,0.0000,False,,NODATA,25
fujairah,2008-12-11,36,4,4.7768,0.3496,12,48,0.7500,True,0.1111,QUIET,25
fujairah,2008-12-12,0,0,,,12,48,0.0000,False,,NODATA,25
fujairah,2008-12-13,0,0,,,12,48,0.0000,False,,NODATA,25
fujairah,2008-12-14,0,0,,,12,48,0.0000,False,,NODATA,25
fujairah,2008-12-15,0,0,,,12,48,0.0000,False,,NODATA,25
fujairah,2008-12-16,0,0,,,12,48,0.0000,False,,NODATA,25
fujairah,2008-12-17,0,0,,,12,48,0.0000,False,,NODATA,25
fujairah,2008-12-18,42,2,2.8589,0.2765,12,48,0.8750,True,0.0476,QUIET,25
fujairah,2008-12-19,0,0,,,12,48,0.0000,False,,NODATA,25
fujairah,2008-12-20,41,2,3.0499,0.1017,12,48,0.8542,True,0.0488,QUIET,25
fujairah,2008-12-21,34,11,3.9419,0.2975,12,48,0.7083,True,0.3235,EXCEED,25
fujairah,2008-12-22,33,0,0.3640,-0.0225,12,48,0.6875,True,0.0000,QUIET,25
fujairah,2008-12-23,42,4,4.2114,0.3211,12,48,0.8750,True,0.0952,QUIET,25
fujairah,2008-12-24,21,1,3.0502,0.2019,12,48,0.4375,True,0.0476,QUIET,25
fujairah,2008-12-25,48,6,4.2721,0.3489,12,48,1.0000,True,0.1250,QUIET,25
fujairah,2008-12-26,0,0,,,12,48,0.0000,False,,NODATA,25
fujairah,2008-12-27,45,5,3.1573,0.3422,12,48,0.9375,True,0.1111,QUIET,25
fujairah,2008-12-28,0,0,,,12,48,0.0000,False,,NODATA,25
fujairah,2008-12-29,0,0,,,12,48,0.0000,False,,NODATA,25
fujairah,2008-12-30,0,0,,,12,48,0.0000,False,,NODATA,25
fujairah,2008-12-31,0,0,,,12,48,0.0000,False,,NODATA,25
fujairah,2009-01-01,5,5,4.4013,1.4094,1,47,0.1064,True,1.0000,EXCEED,25
fujairah,2009-01-02,0,0,,,1,47,0.0000,False,,NODATA,25
fujairah,2009-01-03,0,0,,,1,47,0.0000,False,,NODATA,25
fujairah,2009-01-04,0,0,,,1,47,0.0000,False,,NODATA,25
fujairah,2009-01-05,2,1,2.5368,0.9409,1,47,0.0426,False,,NODATA,25
fujairah,2009-01-06,0,0,,,1,47,0.0000,False,,NODATA,25
fujairah,2009-01-07,24,0,0.2525,-0.0108,1,47,0.5106,True,0.0000,QUIET,25
fujairah,2009-01-08,0,0,,,1,47,0.0000,False,,NODATA,25
fujairah,2009-01-09,0,0,,,1,47,0.0000,False,,NODATA,25
fujairah,2009-01-10,0,0,,,1,47,0.0000,False,,NODATA,25
fujairah,2009-01-11,0,0,,,1,47,0.0000,False,,NODATA,25
fujairah,2009-01-12,0,0,,,1,47,0.0000,False,,NODATA,25
fujairah,2009-01-13,0,0,,,1,47,0.0000,False,,NODATA,25
fujairah,2009-01-14,0,0,,,1,47,0.0000,False,,NODATA,25
fujairah,2009-01-15,8,0,-0.7858,-0.2884,1,47,0.1702,True,0.0000,QUIET,25
fujairah,2009-01-16,0,0,,,1,47,0.0000,False,,NODATA,25
fujairah,2009-01-17,33,0,0.6680,-0.1308,1,47,0.7021,True,0.0000,QUIET,25
fujairah,2009-01-18,0,0,,,1,47,0.0000,False,,NODATA,25
fujairah,2009-01-19,0,0,,,1,47,0.0000,False,,NODATA,25
fujairah,2009-01-20,0,0,,,1,47,0.0000,False,,NODATA,25
fujairah,2009-01-21,38,0,-0.2327,-0.1377,1,47,0.8085,True,0.0000,QUIET,25
fujairah,2009-01-22,0,0,,,1,47,0.0000,False,,NODATA,25
fujairah,2009-01-23,0,0,,,1,47,0.0000,False,,NODATA,25
fujairah,2009-01-24,5,0,0.3843,-0.0673,1,47,0.1064,True,0.0000,QUIET,25
fujairah,2009-01-25,0,0,,,1,47,0.0000,False,,NODATA,25
fujairah,2009-01-26,47,0,-0.4006,-0.1271,1,47,1.0000,True,0.0000,QUIET,25
fujairah,2009-01-27,0,0,,,1,47,0.0000,False,,NODATA,25
fujairah,2009-01-28,38,0,0.4790,-0.0935,1,47,0.8085,True,0.0000,QUIET,25
fujairah,2009-01-29,11,0,0.6882,0.1792,1,47,0.2340,True,0.0000,QUIET,25
fujairah,2009-01-30,39,0,-0.0681,-0.1168,1,47,0.8298,True,0.0000,QUIET,25
fujairah,2009-01-31,37,1,4.2569,0.0753,1,47,0.7872,True,0.0270,QUIET,25
fujairah,2009-02-01,0,0,,,2,44,0.0000,False,,NODATA,25
fujairah,2009-02-02,0,0,,,2,44,0.0000,False,,NODATA,25
fujairah,2009-02-03,0,0,,,2,44,0.0000,False,,NODATA,25
fujairah,2009-02-04,39,0,0.8326,0.0034,2,44,0.8864,True,0.0000,QUIET,25
fujairah,2009-02-05,0,0,,,2,44,0.0000,False,,NODATA,25
fujairah,2009-02-06,0,0,,,2,44,0.0000,False,,NODATA,25
fujairah,2009-02-07,0,0,,,2,44,0.0000,False,,NODATA,25
fujairah,2009-02-08,0,0,,,2,44,0.0000,False,,NODATA,25
fujairah,2009-02-09,0,0,,,2,44,0.0000,False,,NODATA,25
fujairah,2009-02-10,0,0,,,2,44,0.0000,False,,NODATA,25
fujairah,2009-02-11,0,0,,,2,44,0.0000,False,,NODATA,25
fujairah,2009-02-12,0,0,,,2,44,0.0000,False,,NODATA,25
fujairah,2009-02-13,0,0,,,2,44,0.0000,False,,NODATA,25
fujairah,2009-02-14,0,0,,,2,44,0.0000,False,,NODATA,25
fujairah,2009-02-15,0,0,,,2,44,0.0000,False,,NODATA,25
fujairah,2009-02-16,0,0,,,2,44,0.0000,False,,NODATA,25
fujairah,2009-02-17,0,0,,,2,44,0.0000,False,,NODATA,25
fujairah,2009-02-18,0,0,,,2,44,0.0000,False,,NODATA,25
fujairah,2009-02-19,0,0,,,2,44,0.0000,False,,NODATA,25
fujairah,2009-02-20,21,0,1.8455,1.3059,2,44,0.4773,True,0.0000,QUIET,25
fujairah,2009-02-21,0,0,,,2,44,0.0000,False,,NODATA,25
fujairah,2009-02-22,0,0,,,2,44,0.0000,False,,NODATA,25
fujairah,2009-02-23,0,0,,,2,44,0.0000,False,,NODATA,25
fujairah,2009-02-24,0,0,,,2,44,0.0000,False,,NODATA,25
fujairah,2009-02-25,22,0,0.5689,0.6378,2,44,0.5000,True,0.0000,QUIET,25
fujairah,2009-02-26,0,0,,,2,44,0.0000,False,,NODATA,25
fujairah,2009-02-27,42,0,0.6984,0.3200,2,44,0.9545,True,0.0000,QUIET,25
fujairah,2009-02-28,0,0,,,2,44,0.0000,False,,NODATA,25
fujairah,2009-03-01,1,0,-1.2427,-0.3581,3,44,0.0227,False,,NODATA,25
fujairah,2009-03-02,0,0,,,3,44,0.0000,False,,NODATA,25
fujairah,2009-03-03,0,0,,,3,44,0.0000,False,,NODATA,25
fujairah,2009-03-04,15,0,-0.5389,-0.1064,3,44,0.3409,True,0.0000,QUIET,25
fujairah,2009-03-05,0,0,,,3,44,0.0000,False,,NODATA,25
fujairah,2009-03-06,29,1,2.3035,0.5431,3,44,0.6591,True,0.0345,QUIET,25
fujairah,2009-03-07,0,0,,,3,44,0.0000,False,,NODATA,25
fujairah,2009-03-08,27,0,-0.7072,-0.3216,3,44,0.6136,True,0.0000,QUIET,25
fujairah,2009-03-09,0,0,,,3,44,0.0000,False,,NODATA,25
fujairah,2009-03-10,0,0,,,3,44,0.0000,False,,NODATA,25
fujairah,2009-03-11,0,0,,,3,44,0.0000,False,,NODATA,25
fujairah,2009-03-12,0,0,,,3,44,0.0000,False,,NODATA,25
fujairah,2009-03-13,0,0,,,3,44,0.0000,False,,NODATA,25
fujairah,2009-03-14,0,0,,,3,44,0.0000,False,,NODATA,25
fujairah,2009-03-15,0,0,,,3,44,0.0000,False,,NODATA,25
fujairah,2009-03-16,0,0,,,3,44,0.0000,False,,NODATA,25
fujairah,2009-03-17,0,0,,,3,44,0.0000,False,,NODATA,25
fujairah,2009-03-18,0,0,,,3,44,0.0000,False,,NODATA,25
fujairah,2009-03-19,0,0,,,3,44,0.0000,False,,NODATA,25
fujairah,2009-03-20,0,0,,,3,44,0.0000,False,,NODATA,25
fujairah,2009-03-21,0,0,,,3,44,0.0000,False,,NODATA,25
fujairah,2009-03-22,0,0,,,3,44,0.0000,False,,NODATA,25
fujairah,2009-03-23,0,0,,,3,44,0.0000,False,,NODATA,25
fujairah,2009-03-24,0,0,,,3,44,0.0000,False,,NODATA,25
fujairah,2009-03-25,0,0,,,3,44,0.0000,False,,NODATA,25
fujairah,2009-03-26,0,0,,,3,44,0.0000,False,,NODATA,25
fujairah,2009-03-27,0,0,,,3,44,0.0000,False,,NODATA,25
fujairah,2009-03-28,0,0,,,3,44,0.0000,False,,NODATA,25
fujairah,2009-03-29,0,0,,,3,44,0.0000,False,,NODATA,25
fujairah,2009-03-30,0,0,,,3,44,0.0000,False,,NODATA,25
fujairah,2009-03-31,0,0,,,3,44,0.0000,False,,NODATA,25
fujairah,2009-04-01,0,0,,,4,41,0.0000,False,,NODATA,25
fujairah,2009-04-02,0,0,,,4,41,0.0000,False,,NODATA,25
fujairah,2009-04-03,0,0,,,4,41,0.0000,False,,NODATA,25
fujairah,2009-04-04,0,0,,,4,41,0.0000,False,,NODATA,25
fujairah,2009-04-05,2,0,0.1113,-0.0880,4,41,0.0488,False,,NODATA,25
fujairah,2009-04-06,6,0,0.6461,0.0194,4,41,0.1463,True,0.0000,QUIET,25
fujairah,2009-04-07,3,0,0.7975,-0.0122,4,41,0.0732,False,,NODATA,25
fujairah,2009-04-08,0,0,,,4,41,0.0000,False,,NODATA,25
fujairah,2009-04-09,0,0,,,4,41,0.0000,False,,NODATA,25
fujairah,2009-04-10,0,0,,,4,41,0.0000,False,,NODATA,25
fujairah,2009-04-11,0,0,,,4,41,0.0000,False,,NODATA,25
fujairah,2009-04-12,0,0,,,4,41,0.0000,False,,NODATA,25
fujairah,2009-04-13,0,0,,,4,41,0.0000,False,,NODATA,25
fujairah,2009-04-14,0,0,,,4,41,0.0000,False,,NODATA,25
fujairah,2009-04-15,0,0,,,4,41,0.0000,False,,NODATA,25
fujairah,2009-04-16,0,0,,,4,41,0.0000,False,,NODATA,25
fujairah,2009-04-17,0,0,,,4,41,0.0000,False,,NODATA,25
fujairah,2009-04-18,0,0,,,4,41,0.0000,False,,NODATA,25
fujairah,2009-04-19,0,0,,,4,41,0.0000,False,,NODATA,25
fujairah,2009-04-20,0,0,,,4,41,0.0000,False,,NODATA,25
fujairah,2009-04-21,0,0,,,4,41,0.0000,False,,NODATA,25
fujairah,2009-04-22,12,0,-0.2188,-0.3599,4,41,0.2927,True,0.0000,QUIET,25
fujairah,2009-04-23,41,0,0.3444,-0.3451,4,41,1.0000,True,0.0000,QUIET,25
fujairah,2009-04-24,0,0,,,4,41,0.0000,False,,NODATA,25
fujairah,2009-04-25,0,0,,,4,41,0.0000,False,,NODATA,25
fujairah,2009-04-26,0,0,,,4,41,0.0000,False,,NODATA,25
fujairah,2009-04-27,0,0,,,4,41,0.0000,False,,NODATA,25
fujairah,2009-04-28,0,0,,,4,41,0.0000,False,,NODATA,25
fujairah,2009-04-29,0,0,,,4,41,0.0000,False,,NODATA,25
fujairah,2009-04-30,0,0,,,4,41,0.0000,False,,NODATA,25
fujairah,2009-05-01,0,0,,,5,25,0.0000,False,,NODATA,25
fujairah,2009-05-02,0,0,,,5,25,0.0000,False,,NODATA,25
fujairah,2009-05-03,0,0,,,5,25,0.0000,False,,NODATA,25
fujairah,2009-05-04,0,0,,,5,25,0.0000,False,,NODATA,25
fujairah,2009-05-05,0,0,,,5,25,0.0000,False,,NODATA,25
fujairah,2009-05-06,0,0,,,5,25,0.0000,False,,NODATA,25
fujairah,2009-05-07,0,0,,,5,25,0.0000,False,,NODATA,25
fujairah,2009-05-08,0,0,,,5,25,0.0000,False,,NODATA,25
fujairah,2009-05-09,0,0,,,5,25,0.0000,False,,NODATA,25
fujairah,2009-05-10,0,0,,,5,25,0.0000,False,,NODATA,25
fujairah,2009-05-11,0,0,,,5,25,0.0000,False,,NODATA,25
fujairah,2009-05-12,0,0,,,5,25,0.0000,False,,NODATA,25
fujairah,2009-05-13,0,0,,,5,25,0.0000,False,,NODATA,25
fujairah,2009-05-14,0,0,,,5,25,0.0000,False,,NODATA,25
fujairah,2009-05-15,0,0,,,5,25,0.0000,False,,NODATA,25
fujairah,2009-05-16,0,0,,,5,25,0.0000,False,,NODATA,25
fujairah,2009-05-17,0,0,,,5,25,0.0000,False,,NODATA,25
fujairah,2009-05-18,0,0,,,5,25,0.0000,False,,NODATA,25
fujairah,2009-05-19,0,0,,,5,25,0.0000,False,,NODATA,25
fujairah,2009-05-20,0,0,,,5,25,0.0000,False,,NODATA,25
fujairah,2009-05-21,0,0,,,5,25,0.0000,False,,NODATA,25
fujairah,2009-05-22,23,0,-1.0445,-0.8047,5,25,0.9200,True,0.0000,QUIET,25
fujairah,2009-05-23,18,0,1.3152,-0.6533,5,25,0.7200,True,0.0000,QUIET,25
fujairah,2009-05-24,12,0,-0.2746,-0.8028,5,25,0.4800,True,0.0000,QUIET,25
fujairah,2009-05-25,16,0,-0.3138,-0.8163,5,25,0.6400,True,0.0000,QUIET,25
fujairah,2009-05-26,0,0,,,5,25,0.0000,False,,NODATA,25
fujairah,2009-05-27,0,0,,,5,25,0.0000,False,,NODATA,25
fujairah,2009-05-28,0,0,,,5,25,0.0000,False,,NODATA,25
fujairah,2009-05-29,0,0,,,5,25,0.0000,False,,NODATA,25
fujairah,2009-05-30,0,0,,,5,25,0.0000,False,,NODATA,25
fujairah,2009-05-31,0,0,,,5,25,0.0000,False,,NODATA,25
fujairah,2009-06-01,4,2,5.8116,-0.0408,6,12,0.3333,True,0.5000,EXCEED,25
fujairah,2009-06-02,0,0,,,6,12,0.0000,False,,NODATA,25
fujairah,2009-06-03,0,0,,,6,12,0.0000,False,,NODATA,25
fujairah,2009-06-04,0,0,,,6,12,0.0000,False,,NODATA,25
fujairah,2009-06-05,0,0,,,6,12,0.0000,False,,NODATA,25
fujairah,2009-06-06,0,0,,,6,12,0.0000,False,,NODATA,25
fujairah,2009-06-07,0,0,,,6,12,0.0000,False,,NODATA,25
fujairah,2009-06-08,0,0,,,6,12,0.0000,False,,NODATA,25
fujairah,2009-06-09,0,0,,,6,12,0.0000,False,,NODATA,25
fujairah,2009-06-10,0,0,,,6,12,0.0000,False,,NODATA,25
fujairah,2009-06-11,0,0,,,6,12,0.0000,False,,NODATA,25
fujairah,2009-06-12,0,0,,,6,12,0.0000,False,,NODATA,25
fujairah,2009-06-13,0,0,,,6,12,0.0000,False,,NODATA,25
fujairah,2009-06-14,0,0,,,6,12,0.0000,False,,NODATA,25
fujairah,2009-06-15,0,0,,,6,12,0.0000,False,,NODATA,25
fujairah,2009-06-16,0,0,,,6,12,0.0000,False,,NODATA,25
fujairah,2009-06-17,0,0,,,6,12,0.0000,False,,NODATA,25
fujairah,2009-06-18,0,0,,,6,12,0.0000,False,,NODATA,25
fujairah,2009-06-19,0,0,,,6,12,0.0000,False,,NODATA,25
fujairah,2009-06-20,0,0,,,6,12,0.0000,False,,NODATA,25
fujairah,2009-06-21,0,0,,,6,12,0.0000,False,,NODATA,25
fujairah,2009-06-22,0,0,,,6,12,0.0000,False,,NODATA,25
fujairah,2009-06-23,0,0,,,6,12,0.0000,False,,NODATA,25
fujairah,2009-06-24,0,0,,,6,12,0.0000,False,,NODATA,25
fujairah,2009-06-25,0,0,,,6,12,0.0000,False,,NODATA,25
fujairah,2009-06-26,0,0,,,6,12,0.0000,False,,NODATA,25
fujairah,2009-06-27,0,0,,,6,12,0.0000,False,,NODATA,25
fujairah,2009-06-28,0,0,,,6,12,0.0000,False,,NODATA,25
fujairah,2009-06-29,0,0,,,6,12,0.0000,False,,NODATA,25
fujairah,2009-06-30,0,0,,,6,12,0.0000,False,,NODATA,25
fujairah,2009-07-01,0,0,,,7,0,0.0000,False,,NODATA,25
fujairah,2009-07-02,0,0,,,7,0,0.0000,False,,NODATA,25
fujairah,2009-07-03,0,0,,,7,0,0.0000,False,,NODATA,25
fujairah,2009-07-04,0,0,,,7,0,0.0000,False,,NODATA,25
fujairah,2009-07-05,0,0,,,7,0,0.0000,False,,NODATA,25
fujairah,2009-07-06,0,0,,,7,0,0.0000,False,,NODATA,25
fujairah,2009-07-07,0,0,,,7,0,0.0000,False,,NODATA,25
fujairah,2009-07-08,0,0,,,7,0,0.0000,False,,NODATA,25
fujairah,2009-07-09,0,0,,,7,0,0.0000,False,,NODATA,25
fujairah,2009-07-10,0,0,,,7,0,0.0000,False,,NODATA,25
fujairah,2009-07-11,0,0,,,7,0,0.0000,False,,NODATA,25
fujairah,2009-07-12,0,0,,,7,0,0.0000,False,,NODATA,25
fujairah,2009-07-13,0,0,,,7,0,0.0000,False,,NODATA,25
fujairah,2009-07-14,0,0,,,7,0,0.0000,False,,NODATA,25
fujairah,2009-07-15,0,0,,,7,0,0.0000,False,,NODATA,25
fujairah,2009-07-16,0,0,,,7,0,0.0000,False,,NODATA,25
fujairah,2009-07-17,0,0,,,7,0,0.0000,False,,NODATA,25
fujairah,2009-07-18,0,0,,,7,0,0.0000,False,,NODATA,25
fujairah,2009-07-19,0,0,,,7,0,0.0000,False,,NODATA,25
fujairah,2009-07-20,0,0,,,7,0,0.0000,False,,NODATA,25
fujairah,2009-07-21,0,0,,,7,0,0.0000,False,,NODATA,25
fujairah,2009-07-22,0,0,,,7,0,0.0000,False,,NODATA,25
fujairah,2009-07-23,0,0,,,7,0,0.0000,False,,NODATA,25
fujairah,2009-07-24,0,0,,,7,0,0.0000,False,,NODATA,25
fujairah,2009-07-25,0,0,,,7,0,0.0000,False,,NODATA,25
fujairah,2009-07-26,0,0,,,7,0,0.0000,False,,NODATA,25
fujairah,2009-07-27,0,0,,,7,0,0.0000,False,,NODATA,25
fujairah,2009-07-28,0,0,,,7,0,0.0000,False,,NODATA,25
fujairah,2009-07-29,0,0,,,7,0,0.0000,False,,NODATA,25
fujairah,2009-07-30,0,0,,,7,0,0.0000,False,,NODATA,25
fujairah,2009-07-31,0,0,,,7,0,0.0000,False,,NODATA,25
fujairah,2009-08-01,0,0,,,8,0,0.0000,False,,NODATA,25
fujairah,2009-08-02,0,0,,,8,0,0.0000,False,,NODATA,25
fujairah,2009-08-03,0,0,,,8,0,0.0000,False,,NODATA,25
fujairah,2009-08-04,0,0,,,8,0,0.0000,False,,NODATA,25
fujairah,2009-08-05,0,0,,,8,0,0.0000,False,,NODATA,25
fujairah,2009-08-06,0,0,,,8,0,0.0000,False,,NODATA,25
fujairah,2009-08-07,0,0,,,8,0,0.0000,False,,NODATA,25
fujairah,2009-08-08,0,0,,,8,0,0.0000,False,,NODATA,25
fujairah,2009-08-09,0,0,,,8,0,0.0000,False,,NODATA,25
fujairah,2009-08-10,0,0,,,8,0,0.0000,False,,NODATA,25
fujairah,2009-08-11,0,0,,,8,0,0.0000,False,,NODATA,25
fujairah,2009-08-12,0,0,,,8,0,0.0000,False,,NODATA,25
fujairah,2009-08-13,0,0,,,8,0,0.0000,False,,NODATA,25
fujairah,2009-08-14,0,0,,,8,0,0.0000,False,,NODATA,25
fujairah,2009-08-15,0,0,,,8,0,0.0000,False,,NODATA,25
fujairah,2009-08-16,0,0,,,8,0,0.0000,False,,NODATA,25
fujairah,2009-08-17,0,0,,,8,0,0.0000,False,,NODATA,25
fujairah,2009-08-18,0,0,,,8,0,0.0000,False,,NODATA,25
fujairah,2009-08-19,0,0,,,8,0,0.0000,False,,NODATA,25
fujairah,2009-08-20,0,0,,,8,0,0.0000,False,,NODATA,25
fujairah,2009-08-21,0,0,,,8,0,0.0000,False,,NODATA,25
fujairah,2009-08-22,0,0,,,8,0,0.0000,False,,NODATA,25
fujairah,2009-08-23,0,0,,,8,0,0.0000,False,,NODATA,25
fujairah,2009-08-24,0,0,,,8,0,0.0000,False,,NODATA,25
fujairah,2009-08-25,0,0,,,8,0,0.0000,False,,NODATA,25
fujairah,2009-08-26,0,0,,,8,0,0.0000,False,,NODATA,25
fujairah,2009-08-27,0,0,,,8,0,0.0000,False,,NODATA,25
fujairah,2009-08-28,0,0,,,8,0,0.0000,False,,NODATA,25
fujairah,2009-08-29,0,0,,,8,0,0.0000,False,,NODATA,25
fujairah,2009-08-30,0,0,,,8,0,0.0000,False,,NODATA,25
fujairah,2009-08-31,0,0,,,8,0,0.0000,False,,NODATA,25
fujairah,2009-09-01,0,0,,,9,37,0.0000,False,,NODATA,25
fujairah,2009-09-02,0,0,,,9,37,0.0000,False,,NODATA,25
fujairah,2009-09-03,0,0,,,9,37,0.0000,False,,NODATA,25
fujairah,2009-09-04,0,0,,,9,37,0.0000,False,,NODATA,25
fujairah,2009-09-05,0,0,,,9,37,0.0000,False,,NODATA,25
fujairah,2009-09-06,0,0,,,9,37,0.0000,False,,NODATA,25
fujairah,2009-09-07,0,0,,,9,37,0.0000,False,,NODATA,25
fujairah,2009-09-08,0,0,,,9,37,0.0000,False,,NODATA,25
fujairah,2009-09-09,0,0,,,9,37,0.0000,False,,NODATA,25
fujairah,2009-09-10,0,0,,,9,37,0.0000,False,,NODATA,25
fujairah,2009-09-11,0,0,,,9,37,0.0000,False,,NODATA,25
fujairah,2009-09-12,0,0,,,9,37,0.0000,False,,NODATA,25
fujairah,2009-09-13,0,0,,,9,37,0.0000,False,,NODATA,25
fujairah,2009-09-14,0,0,,,9,37,0.0000,False,,NODATA,25
fujairah,2009-09-15,0,0,,,9,37,0.0000,False,,NODATA,25
fujairah,2009-09-16,0,0,,,9,37,0.0000,False,,NODATA,25
fujairah,2009-09-17,0,0,,,9,37,0.0000,False,,NODATA,25
fujairah,2009-09-18,0,0,,,9,37,0.0000,False,,NODATA,25
fujairah,2009-09-19,0,0,,,9,37,0.0000,False,,NODATA,25
fujairah,2009-09-20,0,0,,,9,37,0.0000,False,,NODATA,25
fujairah,2009-09-21,0,0,,,9,37,0.0000,False,,NODATA,25
fujairah,2009-09-22,0,0,,,9,37,0.0000,False,,NODATA,25
fujairah,2009-09-23,0,0,,,9,37,0.0000,False,,NODATA,25
fujairah,2009-09-24,0,0,,,9,37,0.0000,False,,NODATA,25
fujairah,2009-09-25,0,0,,,9,37,0.0000,False,,NODATA,25
fujairah,2009-09-26,0,0,,,9,37,0.0000,False,,NODATA,25
fujairah,2009-09-27,0,0,,,9,37,0.0000,False,,NODATA,25
fujairah,2009-09-28,0,0,,,9,37,0.0000,False,,NODATA,25
fujairah,2009-09-29,0,0,,,9,37,0.0000,False,,NODATA,25
fujairah,2009-09-30,31,0,0.2699,-0.5582,9,37,0.8378,True,0.0000,QUIET,25
fujairah,2009-10-01,0,0,,,10,48,0.0000,False,,NODATA,25
fujairah,2009-10-02,42,0,1.9760,-0.3565,10,48,0.8750,True,0.0000,QUIET,25
fujairah,2009-10-03,0,0,,,10,48,0.0000,False,,NODATA,25
fujairah,2009-10-04,0,0,,,10,48,0.0000,False,,NODATA,25
fujairah,2009-10-05,0,0,,,10,48,0.0000,False,,NODATA,25
fujairah,2009-10-06,0,0,,,10,48,0.0000,False,,NODATA,25
fujairah,2009-10-07,0,0,,,10,48,0.0000,False,,NODATA,25
fujairah,2009-10-08,0,0,,,10,48,0.0000,False,,NODATA,25
fujairah,2009-10-09,0,0,,,10,48,0.0000,False,,NODATA,25
fujairah,2009-10-10,0,0,,,10,48,0.0000,False,,NODATA,25
fujairah,2009-10-11,0,0,,,10,48,0.0000,False,,NODATA,25
fujairah,2009-10-12,0,0,,,10,48,0.0000,False,,NODATA,25
fujairah,2009-10-13,0,0,,,10,48,0.0000,False,,NODATA,25
fujairah,2009-10-14,0,0,,,10,48,0.0000,False,,NODATA,25
fujairah,2009-10-15,0,0,,,10,48,0.0000,False,,NODATA,25
fujairah,2009-10-16,0,0,,,10,48,0.0000,False,,NODATA,25
fujairah,2009-10-17,0,0,,,10,48,0.0000,False,,NODATA,25
fujairah,2009-10-18,0,0,,,10,48,0.0000,False,,NODATA,25
fujairah,2009-10-19,0,0,,,10,48,0.0000,False,,NODATA,25
fujairah,2009-10-20,0,0,,,10,48,0.0000,False,,NODATA,25
fujairah,2009-10-21,0,0,,,10,48,0.0000,False,,NODATA,25
fujairah,2009-10-22,0,0,,,10,48,0.0000,False,,NODATA,25
fujairah,2009-10-23,22,0,0.1611,-0.3782,10,48,0.4583,True,0.0000,QUIET,25
fujairah,2009-10-24,0,0,,,10,48,0.0000,False,,NODATA,25
fujairah,2009-10-25,15,0,-0.0633,-0.3999,10,48,0.3125,True,0.0000,QUIET,25
fujairah,2009-10-26,0,0,,,10,48,0.0000,False,,NODATA,25
fujairah,2009-10-27,27,0,-0.4591,-0.4950,10,48,0.5625,True,0.0000,QUIET,25
fujairah,2009-10-28,0,0,,,10,48,0.0000,False,,NODATA,25
fujairah,2009-10-29,0,0,,,10,48,0.0000,False,,NODATA,25
fujairah,2009-10-30,0,0,,,10,48,0.0000,False,,NODATA,25
fujairah,2009-10-31,0,0,,,10,48,0.0000,False,,NODATA,25
fujairah,2009-11-01,31,0,0.9488,-0.2952,11,48,0.6458,True,0.0000,QUIET,25
fujairah,2009-11-02,0,0,,,11,48,0.0000,False,,NODATA,25
fujairah,2009-11-03,18,0,0.1887,-0.4384,11,48,0.3750,True,0.0000,QUIET,25
fujairah,2009-11-04,0,0,,,11,48,0.0000,False,,NODATA,25
fujairah,2009-11-05,0,0,,,11,48,0.0000,False,,NODATA,25
fujairah,2009-11-06,25,0,0.2025,-0.0937,11,48,0.5208,True,0.0000,QUIET,25
fujairah,2009-11-07,3,0,-0.6369,-0.3386,11,48,0.0625,False,,NODATA,25
fujairah,2009-11-08,40,0,0.3052,-0.1200,11,48,0.8333,True,0.0000,QUIET,25
fujairah,2009-11-09,0,0,,,11,48,0.0000,False,,NODATA,25
fujairah,2009-11-10,43,2,3.6966,0.3878,11,48,0.8958,True,0.0465,QUIET,25
fujairah,2009-11-11,0,0,,,11,48,0.0000,False,,NODATA,25
fujairah,2009-11-12,46,0,0.2730,0.0013,11,48,0.9583,True,0.0000,QUIET,25
fujairah,2009-11-13,26,0,1.3182,0.2617,11,48,0.5417,True,0.0000,QUIET,25
fujairah,2009-11-14,37,0,0.0376,-0.0932,11,48,0.7708,True,0.0000,QUIET,25
fujairah,2009-11-15,37,0,1.7560,0.2391,11,48,0.7708,True,0.0000,QUIET,25
fujairah,2009-11-16,0,0,,,11,48,0.0000,False,,NODATA,25
fujairah,2009-11-17,38,0,1.3271,0.0297,11,48,0.7917,True,0.0000,QUIET,25
fujairah,2009-11-18,0,0,,,11,48,0.0000,False,,NODATA,25
fujairah,2009-11-19,46,0,1.2456,-0.0140,11,48,0.9583,True,0.0000,QUIET,25
fujairah,2009-11-20,0,0,,,11,48,0.0000,False,,NODATA,25
fujairah,2009-11-21,0,0,,,11,48,0.0000,False,,NODATA,25
fujairah,2009-11-22,0,0,,,11,48,0.0000,False,,NODATA,25
fujairah,2009-11-23,0,0,,,11,48,0.0000,False,,NODATA,25
fujairah,2009-11-24,1,1,2.8226,1.3054,11,48,0.0208,False,,NODATA,25
fujairah,2009-11-25,0,0,,,11,48,0.0000,False,,NODATA,25
fujairah,2009-11-26,46,6,2.7687,0.6025,11,48,0.9583,True,0.1304,QUIET,25
fujairah,2009-11-27,0,0,,,11,48,0.0000,False,,NODATA,25
fujairah,2009-11-28,5,0,0.5060,0.4149,11,48,0.1042,True,0.0000,QUIET,25
fujairah,2009-11-29,0,0,,,11,48,0.0000,False,,NODATA,25
fujairah,2009-11-30,0,0,,,11,48,0.0000,False,,NODATA,25
fujairah,2009-12-01,21,0,1.6948,-0.1276,12,48,0.4375,True,0.0000,QUIET,25
fujairah,2009-12-02,0,0,,,12,48,0.0000,False,,NODATA,25
fujairah,2009-12-03,4,2,3.4911,0.6129,12,48,0.0833,False,,NODATA,25
fujairah,2009-12-04,0,0,,,12,48,0.0000,False,,NODATA,25
fujairah,2009-12-05,48,0,-0.7711,-0.1920,12,48,1.0000,True,0.0000,QUIET,25
fujairah,2009-12-06,0,0,,,12,48,0.0000,False,,NODATA,25
fujairah,2009-12-07,0,0,,,12,48,0.0000,False,,NODATA,25
fujairah,2009-12-08,0,0,,,12,48,0.0000,False,,NODATA,25
fujairah,2009-12-09,0,0,,,12,48,0.0000,False,,NODATA,25
fujairah,2009-12-10,40,0,-0.7626,-0.2146,12,48,0.8333,True,0.0000,QUIET,25
fujairah,2009-12-11,0,0,,,12,48,0.0000,False,,NODATA,25
fujairah,2009-12-12,0,0,,,12,48,0.0000,False,,NODATA,25
fujairah,2009-12-13,0,0,,,12,48,0.0000,False,,NODATA,25
fujairah,2009-12-14,44,0,-0.6278,-0.3089,12,48,0.9167,True,0.0000,QUIET,25
fujairah,2009-12-15,26,0,-0.0172,-0.0893,12,48,0.5417,True,0.0000,QUIET,25
fujairah,2009-12-16,37,0,-0.5172,-0.1778,12,48,0.7708,True,0.0000,QUIET,25
fujairah,2009-12-17,31,0,-0.3017,-0.0929,12,48,0.6458,True,0.0000,QUIET,25
fujairah,2009-12-18,0,0,,,12,48,0.0000,False,,NODATA,25
fujairah,2009-12-19,0,0,,,12,48,0.0000,False,,NODATA,25
fujairah,2009-12-20,0,0,,,12,48,0.0000,False,,NODATA,25
fujairah,2009-12-21,32,6,3.7445,0.5578,12,48,0.6667,True,0.1875,QUIET,25
fujairah,2009-12-22,0,0,,,12,48,0.0000,False,,NODATA,25
fujairah,2009-12-23,41,1,5.7927,0.1225,12,48,0.8542,True,0.0244,QUIET,25
fujairah,2009-12-24,35,0,0.5242,0.0010,12,48,0.7292,True,0.0000,QUIET,25
fujairah,2009-12-25,10,0,-0.0233,-0.0724,12,48,0.2083,True,0.0000,QUIET,25
fujairah,2009-12-26,0,0,,,12,48,0.0000,False,,NODATA,25
fujairah,2009-12-27,0,0,,,12,48,0.0000,False,,NODATA,25
fujairah,2009-12-28,19,0,0.6391,-0.0970,12,48,0.3958,True,0.0000,QUIET,25
fujairah,2009-12-29,0,0,,,12,48,0.0000,False,,NODATA,25
fujairah,2009-12-30,29,0,-0.1122,-0.2688,12,48,0.6042,True,0.0000,QUIET,25
fujairah,2009-12-31,0,0,,,12,48,0.0000,False,,NODATA,25
fujairah,2010-01-01,37,0,0.5999,-0.0004,1,47,0.7872,True,0.0000,QUIET,25
fujairah,2010-01-02,17,0,-0.4977,-0.1729,1,47,0.3617,True,0.0000,QUIET,25
fujairah,2010-01-03,27,0,0.0111,-0.0889,1,47,0.5745,True,0.0000,QUIET,25
fujairah,2010-01-04,46,0,0.5812,0.0035,1,47,0.9787,True,0.0000,QUIET,25
fujairah,2010-01-05,0,0,,,1,47,0.0000,False,,NODATA,25
fujairah,2010-01-06,47,0,1.3714,-0.1101,1,47,1.0000,True,0.0000,QUIET,25
fujairah,2010-01-07,0,0,,,1,47,0.0000,False,,NODATA,25
fujairah,2010-01-08,39,0,1.5154,0.0048,1,47,0.8298,True,0.0000,QUIET,25
fujairah,2010-01-09,28,14,4.6234,0.7266,1,47,0.5957,True,0.5000,EXCEED,25
fujairah,2010-01-10,2,0,-0.3120,-0.1139,1,47,0.0426,False,,NODATA,25
fujairah,2010-01-11,43,1,2.2925,0.2532,1,47,0.9149,True,0.0233,QUIET,25
fujairah,2010-01-12,18,0,0.5809,0.1373,1,47,0.3830,True,0.0000,QUIET,25
fujairah,2010-01-13,47,0,1.9877,0.1037,1,47,1.0000,True,0.0000,QUIET,25
fujairah,2010-01-14,0,0,,,1,47,0.0000,False,,NODATA,25
fujairah,2010-01-15,47,0,1.8981,-0.0059,1,47,1.0000,True,0.0000,QUIET,25
fujairah,2010-01-16,12,0,0.8153,0.0368,1,47,0.2553,True,0.0000,QUIET,25
fujairah,2010-01-17,28,5,3.0110,0.3418,1,47,0.5957,True,0.1786,QUIET,25
fujairah,2010-01-18,12,8,4.3452,0.7604,1,47,0.2553,True,0.6667,EXCEED,25
fujairah,2010-01-19,13,1,2.2058,0.2675,1,47,0.2766,True,0.0769,QUIET,25
fujairah,2010-01-20,25,23,5.1783,1.2938,1,47,0.5319,True,0.9200,ALERT,25
fujairah,2010-01-21,0,0,,,1,47,0.0000,False,,NODATA,25
fujairah,2010-01-22,26,26,5.1917,1.3864,1,47,0.5532,True,1.0000,ALERT,25
fujairah,2010-01-23,0,0,,,1,47,0.0000,False,,NODATA,25
fujairah,2010-01-24,18,6,3.0825,0.6952,1,47,0.3830,True,0.3333,ALERT,25
fujairah,2010-01-25,0,0,,,1,47,0.0000,False,,NODATA,25
fujairah,2010-01-26,0,0,,,1,47,0.0000,False,,NODATA,25
fujairah,2010-01-27,0,0,,,1,47,0.0000,False,,NODATA,25
fujairah,2010-01-28,2,0,0.6544,0.0520,1,47,0.0426,False,,NODATA,25
fujairah,2010-01-29,47,7,4.3508,0.2200,1,47,1.0000,True,0.1489,QUIET,25
fujairah,2010-01-30,0,0,,,1,47,0.0000,False,,NODATA,25
fujairah,2010-01-31,17,5,4.2232,0.6733,1,47,0.3617,True,0.2941,QUIET,25
fujairah,2010-02-01,0,0,,,2,44,0.0000,False,,NODATA,25
fujairah,2010-02-02,0,0,,,2,44,0.0000,False,,NODATA,25
fujairah,2010-02-03,0,0,,,2,44,0.0000,False,,NODATA,25
fujairah,2010-02-04,0,0,,,2,44,0.0000,False,,NODATA,25
fujairah,2010-02-05,0,0,,,2,44,0.0000,False,,NODATA,25
fujairah,2010-02-06,0,0,,,2,44,0.0000,False,,NODATA,25
fujairah,2010-02-07,0,0,,,2,44,0.0000,False,,NODATA,25
fujairah,2010-02-08,0,0,,,2,44,0.0000,False,,NODATA,25
fujairah,2010-02-09,0,0,,,2,44,0.0000,False,,NODATA,25
fujairah,2010-02-10,0,0,,,2,44,0.0000,False,,NODATA,25
fujairah,2010-02-11,0,0,,,2,44,0.0000,False,,NODATA,25
fujairah,2010-02-12,0,0,,,2,44,0.0000,False,,NODATA,25
fujairah,2010-02-13,0,0,,,2,44,0.0000,False,,NODATA,25
fujairah,2010-02-14,42,0,1.4268,0.4526,2,44,0.9545,True,0.0000,QUIET,25
fujairah,2010-02-15,0,0,,,2,44,0.0000,False,,NODATA,25
fujairah,2010-02-16,44,1,2.1263,0.2872,2,44,1.0000,True,0.0227,QUIET,25
fujairah,2010-02-17,0,0,,,2,44,0.0000,False,,NODATA,25
fujairah,2010-02-18,37,0,-0.4666,-0.1140,2,44,0.8409,True,0.0000,QUIET,25
fujairah,2010-02-19,14,0,0.2359,0.4259,2,44,0.3182,True,0.0000,QUIET,25
fujairah,2010-02-20,0,0,,,2,44,0.0000,False,,NODATA,25
fujairah,2010-02-21,0,0,,,2,44,0.0000,False,,NODATA,25
fujairah,2010-02-22,0,0,,,2,44,0.0000,False,,NODATA,25
fujairah,2010-02-23,0,0,,,2,44,0.0000,False,,NODATA,25
fujairah,2010-02-24,0,0,,,2,44,0.0000,False,,NODATA,25
fujairah,2010-02-25,20,0,1.7144,0.8921,2,44,0.4545,True,0.0000,QUIET,25
fujairah,2010-02-26,0,0,,,2,44,0.0000,False,,NODATA,25
fujairah,2010-02-27,0,0,,,2,44,0.0000,False,,NODATA,25
fujairah,2010-02-28,0,0,,,2,44,0.0000,False,,NODATA,25
fujairah,2010-03-01,0,0,,,3,44,0.0000,False,,NODATA,25
fujairah,2010-03-02,0,0,,,3,44,0.0000,False,,NODATA,25
fujairah,2010-03-03,0,0,,,3,44,0.0000,False,,NODATA,25
fujairah,2010-03-04,42,0,1.4353,-0.1219,3,44,0.9545,True,0.0000,QUIET,25
fujairah,2010-03-05,0,0,,,3,44,0.0000,False,,NODATA,25
fujairah,2010-03-06,0,0,,,3,44,0.0000,False,,NODATA,25
fujairah,2010-03-07,0,0,,,3,44,0.0000,False,,NODATA,25
fujairah,2010-03-08,0,0,,,3,44,0.0000,False,,NODATA,25
fujairah,2010-03-09,0,0,,,3,44,0.0000,False,,NODATA,25
fujairah,2010-03-10,0,0,,,3,44,0.0000,False,,NODATA,25
fujairah,2010-03-11,1,0,1.1196,1.0268,3,44,0.0227,False,,NODATA,25
fujairah,2010-03-12,0,0,,,3,44,0.0000,False,,NODATA,25
fujairah,2010-03-13,39,1,2.4031,0.5631,3,44,0.8864,True,0.0256,QUIET,25
fujairah,2010-03-14,18,0,1.9025,0.4565,3,44,0.4091,True,0.0000,QUIET,25
fujairah,2010-03-15,18,0,0.7434,0.3615,3,44,0.4091,True,0.0000,QUIET,25
fujairah,2010-03-16,39,1,3.0967,0.1681,3,44,0.8864,True,0.0256,QUIET,25
fujairah,2010-03-17,1,0,-0.6308,0.1042,3,44,0.0227,False,,NODATA,25
fujairah,2010-03-18,44,0,0.0989,-0.0597,3,44,1.0000,True,0.0000,QUIET,25
fujairah,2010-03-19,0,0,,,3,44,0.0000,False,,NODATA,25
fujairah,2010-03-20,0,0,,,3,44,0.0000,False,,NODATA,25
fujairah,2010-03-21,11,0,-0.1102,0.1797,3,44,0.2500,True,0.0000,QUIET,25
fujairah,2010-03-22,0,0,,,3,44,0.0000,False,,NODATA,25
fujairah,2010-03-23,0,0,,,3,44,0.0000,False,,NODATA,25
fujairah,2010-03-24,0,0,,,3,44,0.0000,False,,NODATA,25
fujairah,2010-03-25,0,0,,,3,44,0.0000,False,,NODATA,25
fujairah,2010-03-26,0,0,,,3,44,0.0000,False,,NODATA,25
fujairah,2010-03-27,0,0,,,3,44,0.0000,False,,NODATA,25
fujairah,2010-03-28,0,0,,,3,44,0.0000,False,,NODATA,25
fujairah,2010-03-29,0,0,,,3,44,0.0000,False,,NODATA,25
fujairah,2010-03-30,0,0,,,3,44,0.0000,False,,NODATA,25
fujairah,2010-03-31,0,0,,,3,44,0.0000,False,,NODATA,25
fujairah,2010-04-01,0,0,,,4,41,0.0000,False,,NODATA,25
fujairah,2010-04-02,0,0,,,4,41,0.0000,False,,NODATA,25
fujairah,2010-04-03,36,0,0.3522,-0.2254,4,41,0.8780,True,0.0000,QUIET,25
fujairah,2010-04-04,0,0,,,4,41,0.0000,False,,NODATA,25
fujairah,2010-04-05,0,0,,,4,41,0.0000,False,,NODATA,25
fujairah,2010-04-06,0,0,,,4,41,0.0000,False,,NODATA,25
fujairah,2010-04-07,0,0,,,4,41,0.0000,False,,NODATA,25
fujairah,2010-04-08,0,0,,,4,41,0.0000,False,,NODATA,25
fujairah,2010-04-09,0,0,,,4,41,0.0000,False,,NODATA,25
fujairah,2010-04-10,0,0,,,4,41,0.0000,False,,NODATA,25
fujairah,2010-04-11,0,0,,,4,41,0.0000,False,,NODATA,25
fujairah,2010-04-12,0,0,,,4,41,0.0000,False,,NODATA,25
fujairah,2010-04-13,0,0,,,4,41,0.0000,False,,NODATA,25
fujairah,2010-04-14,0,0,,,4,41,0.0000,False,,NODATA,25
fujairah,2010-04-15,22,0,-0.4311,-0.4073,4,41,0.5366,True,0.0000,QUIET,25
fujairah,2010-04-16,0,0,,,4,41,0.0000,False,,NODATA,25
fujairah,2010-04-17,0,0,,,4,41,0.0000,False,,NODATA,25
fujairah,2010-04-18,0,0,,,4,41,0.0000,False,,NODATA,25
fujairah,2010-04-19,0,0,,,4,41,0.0000,False,,NODATA,25
fujairah,2010-04-20,0,0,,,4,41,0.0000,False,,NODATA,25
fujairah,2010-04-21,0,0,,,4,41,0.0000,False,,NODATA,25
fujairah,2010-04-22,0,0,,,4,41,0.0000,False,,NODATA,25
fujairah,2010-04-23,0,0,,,4,41,0.0000,False,,NODATA,25
fujairah,2010-04-24,0,0,,,4,41,0.0000,False,,NODATA,25
fujairah,2010-04-25,0,0,,,4,41,0.0000,False,,NODATA,25
fujairah,2010-04-26,0,0,,,4,41,0.0000,False,,NODATA,25
fujairah,2010-04-27,0,0,,,4,41,0.0000,False,,NODATA,25
fujairah,2010-04-28,0,0,,,4,41,0.0000,False,,NODATA,25
fujairah,2010-04-29,0,0,,,4,41,0.0000,False,,NODATA,25
fujairah,2010-04-30,0,0,,,4,41,0.0000,False,,NODATA,25
fujairah,2010-05-01,0,0,,,5,25,0.0000,False,,NODATA,25
fujairah,2010-05-02,0,0,,,5,25,0.0000,False,,NODATA,25
fujairah,2010-05-03,0,0,,,5,25,0.0000,False,,NODATA,25
fujairah,2010-05-04,0,0,,,5,25,0.0000,False,,NODATA,25
fujairah,2010-05-05,0,0,,,5,25,0.0000,False,,NODATA,25
fujairah,2010-05-06,0,0,,,5,25,0.0000,False,,NODATA,25
fujairah,2010-05-07,0,0,,,5,25,0.0000,False,,NODATA,25
fujairah,2010-05-08,0,0,,,5,25,0.0000,False,,NODATA,25
fujairah,2010-05-09,0,0,,,5,25,0.0000,False,,NODATA,25
fujairah,2010-05-10,24,0,0.0691,-0.7061,5,25,0.9600,True,0.0000,QUIET,25
fujairah,2010-05-11,0,0,,,5,25,0.0000,False,,NODATA,25
fujairah,2010-05-12,0,0,,,5,25,0.0000,False,,NODATA,25
fujairah,2010-05-13,0,0,,,5,25,0.0000,False,,NODATA,25
fujairah,2010-05-14,0,0,,,5,25,0.0000,False,,NODATA,25
fujairah,2010-05-15,0,0,,,5,25,0.0000,False,,NODATA,25
fujairah,2010-05-16,0,0,,,5,25,0.0000,False,,NODATA,25
fujairah,2010-05-17,0,0,,,5,25,0.0000,False,,NODATA,25
fujairah,2010-05-18,0,0,,,5,25,0.0000,False,,NODATA,25
fujairah,2010-05-19,0,0,,,5,25,0.0000,False,,NODATA,25
fujairah,2010-05-20,0,0,,,5,25,0.0000,False,,NODATA,25
fujairah,2010-05-21,0,0,,,5,25,0.0000,False,,NODATA,25
fujairah,2010-05-22,0,0,,,5,25,0.0000,False,,NODATA,25
fujairah,2010-05-23,0,0,,,5,25,0.0000,False,,NODATA,25
fujairah,2010-05-24,0,0,,,5,25,0.0000,False,,NODATA,25
fujairah,2010-05-25,0,0,,,5,25,0.0000,False,,NODATA,25
fujairah,2010-05-26,0,0,,,5,25,0.0000,False,,NODATA,25
fujairah,2010-05-27,0,0,,,5,25,0.0000,False,,NODATA,25
fujairah,2010-05-28,0,0,,,5,25,0.0000,False,,NODATA,25
fujairah,2010-05-29,0,0,,,5,25,0.0000,False,,NODATA,25
fujairah,2010-05-30,0,0,,,5,25,0.0000,False,,NODATA,25
fujairah,2010-05-31,0,0,,,5,25,0.0000,False,,NODATA,25
fujairah,2010-06-01,0,0,,,6,12,0.0000,False,,NODATA,25
fujairah,2010-06-02,0,0,,,6,12,0.0000,False,,NODATA,25
fujairah,2010-06-03,0,0,,,6,12,0.0000,False,,NODATA,25
fujairah,2010-06-04,0,0,,,6,12,0.0000,False,,NODATA,25
fujairah,2010-06-05,0,0,,,6,12,0.0000,False,,NODATA,25
fujairah,2010-06-06,0,0,,,6,12,0.0000,False,,NODATA,25
fujairah,2010-06-07,0,0,,,6,12,0.0000,False,,NODATA,25
fujairah,2010-06-08,0,0,,,6,12,0.0000,False,,NODATA,25
fujairah,2010-06-09,0,0,,,6,12,0.0000,False,,NODATA,25
fujairah,2010-06-10,0,0,,,6,12,0.0000,False,,NODATA,25
fujairah,2010-06-11,0,0,,,6,12,0.0000,False,,NODATA,25
fujairah,2010-06-12,0,0,,,6,12,0.0000,False,,NODATA,25
fujairah,2010-06-13,0,0,,,6,12,0.0000,False,,NODATA,25
fujairah,2010-06-14,0,0,,,6,12,0.0000,False,,NODATA,25
fujairah,2010-06-15,0,0,,,6,12,0.0000,False,,NODATA,25
fujairah,2010-06-16,0,0,,,6,12,0.0000,False,,NODATA,25
fujairah,2010-06-17,0,0,,,6,12,0.0000,False,,NODATA,25
fujairah,2010-06-18,0,0,,,6,12,0.0000,False,,NODATA,25
fujairah,2010-06-19,0,0,,,6,12,0.0000,False,,NODATA,25
fujairah,2010-06-20,0,0,,,6,12,0.0000,False,,NODATA,25
fujairah,2010-06-21,0,0,,,6,12,0.0000,False,,NODATA,25
fujairah,2010-06-22,0,0,,,6,12,0.0000,False,,NODATA,25
fujairah,2010-06-23,0,0,,,6,12,0.0000,False,,NODATA,25
fujairah,2010-06-24,0,0,,,6,12,0.0000,False,,NODATA,25
fujairah,2010-06-25,0,0,,,6,12,0.0000,False,,NODATA,25
fujairah,2010-06-26,0,0,,,6,12,0.0000,False,,NODATA,25
fujairah,2010-06-27,0,0,,,6,12,0.0000,False,,NODATA,25
fujairah,2010-06-28,0,0,,,6,12,0.0000,False,,NODATA,25
fujairah,2010-06-29,0,0,,,6,12,0.0000,False,,NODATA,25
fujairah,2010-06-30,0,0,,,6,12,0.0000,False,,NODATA,25
fujairah,2010-07-01,0,0,,,7,0,0.0000,False,,NODATA,25
fujairah,2010-07-02,0,0,,,7,0,0.0000,False,,NODATA,25
fujairah,2010-07-03,0,0,,,7,0,0.0000,False,,NODATA,25
fujairah,2010-07-04,0,0,,,7,0,0.0000,False,,NODATA,25
fujairah,2010-07-05,0,0,,,7,0,0.0000,False,,NODATA,25
fujairah,2010-07-06,0,0,,,7,0,0.0000,False,,NODATA,25
fujairah,2010-07-07,0,0,,,7,0,0.0000,False,,NODATA,25
fujairah,2010-07-08,0,0,,,7,0,0.0000,False,,NODATA,25
fujairah,2010-07-09,0,0,,,7,0,0.0000,False,,NODATA,25
fujairah,2010-07-10,0,0,,,7,0,0.0000,False,,NODATA,25
fujairah,2010-07-11,0,0,,,7,0,0.0000,False,,NODATA,25
fujairah,2010-07-12,0,0,,,7,0,0.0000,False,,NODATA,25
fujairah,2010-07-13,0,0,,,7,0,0.0000,False,,NODATA,25
fujairah,2010-07-14,0,0,,,7,0,0.0000,False,,NODATA,25
fujairah,2010-07-15,0,0,,,7,0,0.0000,False,,NODATA,25
fujairah,2010-07-16,0,0,,,7,0,0.0000,False,,NODATA,25
fujairah,2010-07-17,0,0,,,7,0,0.0000,False,,NODATA,25
fujairah,2010-07-18,0,0,,,7,0,0.0000,False,,NODATA,25
fujairah,2010-07-19,0,0,,,7,0,0.0000,False,,NODATA,25
fujairah,2010-07-20,0,0,,,7,0,0.0000,False,,NODATA,25
fujairah,2010-07-21,0,0,,,7,0,0.0000,False,,NODATA,25
fujairah,2010-07-22,0,0,,,7,0,0.0000,False,,NODATA,25
fujairah,2010-07-23,0,0,,,7,0,0.0000,False,,NODATA,25
fujairah,2010-07-24,0,0,,,7,0,0.0000,False,,NODATA,25
fujairah,2010-07-25,0,0,,,7,0,0.0000,False,,NODATA,25
fujairah,2010-07-26,0,0,,,7,0,0.0000,False,,NODATA,25
fujairah,2010-07-27,0,0,,,7,0,0.0000,False,,NODATA,25
fujairah,2010-07-28,0,0,,,7,0,0.0000,False,,NODATA,25
fujairah,2010-07-29,0,0,,,7,0,0.0000,False,,NODATA,25
fujairah,2010-07-30,0,0,,,7,0,0.0000,False,,NODATA,25
fujairah,2010-07-31,0,0,,,7,0,0.0000,False,,NODATA,25
fujairah,2010-08-01,0,0,,,8,0,0.0000,False,,NODATA,25
fujairah,2010-08-02,0,0,,,8,0,0.0000,False,,NODATA,25
fujairah,2010-08-03,0,0,,,8,0,0.0000,False,,NODATA,25
fujairah,2010-08-04,0,0,,,8,0,0.0000,False,,NODATA,25
fujairah,2010-08-05,0,0,,,8,0,0.0000,False,,NODATA,25
fujairah,2010-08-06,0,0,,,8,0,0.0000,False,,NODATA,25
fujairah,2010-08-07,0,0,,,8,0,0.0000,False,,NODATA,25
fujairah,2010-08-08,0,0,,,8,0,0.0000,False,,NODATA,25
fujairah,2010-08-09,0,0,,,8,0,0.0000,False,,NODATA,25
fujairah,2010-08-10,0,0,,,8,0,0.0000,False,,NODATA,25
fujairah,2010-08-11,0,0,,,8,0,0.0000,False,,NODATA,25
fujairah,2010-08-12,0,0,,,8,0,0.0000,False,,NODATA,25
fujairah,2010-08-13,0,0,,,8,0,0.0000,False,,NODATA,25
fujairah,2010-08-14,0,0,,,8,0,0.0000,False,,NODATA,25
fujairah,2010-08-15,0,0,,,8,0,0.0000,False,,NODATA,25
fujairah,2010-08-16,0,0,,,8,0,0.0000,False,,NODATA,25
fujairah,2010-08-17,0,0,,,8,0,0.0000,False,,NODATA,25
fujairah,2010-08-18,0,0,,,8,0,0.0000,False,,NODATA,25
fujairah,2010-08-19,0,0,,,8,0,0.0000,False,,NODATA,25
fujairah,2010-08-20,0,0,,,8,0,0.0000,False,,NODATA,25
fujairah,2010-08-21,0,0,,,8,0,0.0000,False,,NODATA,25
fujairah,2010-08-22,0,0,,,8,0,0.0000,False,,NODATA,25
fujairah,2010-08-23,0,0,,,8,0,0.0000,False,,NODATA,25
fujairah,2010-08-24,0,0,,,8,0,0.0000,False,,NODATA,25
fujairah,2010-08-25,0,0,,,8,0,0.0000,False,,NODATA,25
fujairah,2010-08-26,0,0,,,8,0,0.0000,False,,NODATA,25
fujairah,2010-08-27,0,0,,,8,0,0.0000,False,,NODATA,25
fujairah,2010-08-28,0,0,,,8,0,0.0000,False,,NODATA,25
fujairah,2010-08-29,0,0,,,8,0,0.0000,False,,NODATA,25
fujairah,2010-08-30,0,0,,,8,0,0.0000,False,,NODATA,25
fujairah,2010-08-31,0,0,,,8,0,0.0000,False,,NODATA,25
fujairah,2010-09-01,0,0,,,9,37,0.0000,False,,NODATA,25
fujairah,2010-09-02,0,0,,,9,37,0.0000,False,,NODATA,25
fujairah,2010-09-03,0,0,,,9,37,0.0000,False,,NODATA,25
fujairah,2010-09-04,0,0,,,9,37,0.0000,False,,NODATA,25
fujairah,2010-09-05,0,0,,,9,37,0.0000,False,,NODATA,25
fujairah,2010-09-06,0,0,,,9,37,0.0000,False,,NODATA,25
fujairah,2010-09-07,0,0,,,9,37,0.0000,False,,NODATA,25
fujairah,2010-09-08,37,2,3.1191,-0.2340,9,37,1.0000,True,0.0541,QUIET,25
fujairah,2010-09-09,0,0,,,9,37,0.0000,False,,NODATA,25
fujairah,2010-09-10,35,0,1.8324,-0.1623,9,37,0.9459,True,0.0000,QUIET,25
fujairah,2010-09-11,0,0,,,9,37,0.0000,False,,NODATA,25
fujairah,2010-09-12,0,0,,,9,37,0.0000,False,,NODATA,25
fujairah,2010-09-13,0,0,,,9,37,0.0000,False,,NODATA,25
fujairah,2010-09-14,0,0,,,9,37,0.0000,False,,NODATA,25
fujairah,2010-09-15,0,0,,,9,37,0.0000,False,,NODATA,25
fujairah,2010-09-16,0,0,,,9,37,0.0000,False,,NODATA,25
fujairah,2010-09-17,0,0,,,9,37,0.0000,False,,NODATA,25
fujairah,2010-09-18,0,0,,,9,37,0.0000,False,,NODATA,25
fujairah,2010-09-19,0,0,,,9,37,0.0000,False,,NODATA,25
fujairah,2010-09-20,0,0,,,9,37,0.0000,False,,NODATA,25
fujairah,2010-09-21,0,0,,,9,37,0.0000,False,,NODATA,25
fujairah,2010-09-22,0,0,,,9,37,0.0000,False,,NODATA,25
fujairah,2010-09-23,0,0,,,9,37,0.0000,False,,NODATA,25
fujairah,2010-09-24,35,0,-0.2095,-0.6431,9,37,0.9459,True,0.0000,QUIET,25
fujairah,2010-09-25,0,0,,,9,37,0.0000,False,,NODATA,25
fujairah,2010-09-26,37,0,-0.0142,-0.6167,9,37,1.0000,True,0.0000,QUIET,25
fujairah,2010-09-27,0,0,,,9,37,0.0000,False,,NODATA,25
fujairah,2010-09-28,0,0,,,9,37,0.0000,False,,NODATA,25
fujairah,2010-09-29,0,0,,,9,37,0.0000,False,,NODATA,25
fujairah,2010-09-30,0,0,,,9,37,0.0000,False,,NODATA,25
fujairah,2010-10-01,38,0,-0.5511,-0.5324,10,48,0.7917,True,0.0000,QUIET,25
fujairah,2010-10-02,0,0,,,10,48,0.0000,False,,NODATA,25
fujairah,2010-10-03,46,0,0.6195,-0.5036,10,48,0.9583,True,0.0000,QUIET,25
fujairah,2010-10-04,0,0,,,10,48,0.0000,False,,NODATA,25
fujairah,2010-10-05,0,0,,,10,48,0.0000,False,,NODATA,25
fujairah,2010-10-06,0,0,,,10,48,0.0000,False,,NODATA,25
fujairah,2010-10-07,0,0,,,10,48,0.0000,False,,NODATA,25
fujairah,2010-10-08,0,0,,,10,48,0.0000,False,,NODATA,25
fujairah,2010-10-09,0,0,,,10,48,0.0000,False,,NODATA,25
fujairah,2010-10-10,16,0,0.2142,-0.5225,10,48,0.3333,True,0.0000,QUIET,25
fujairah,2010-10-11,0,0,,,10,48,0.0000,False,,NODATA,25
fujairah,2010-10-12,1,0,-0.1779,-0.4046,10,48,0.0208,False,,NODATA,25
fujairah,2010-10-13,0,0,,,10,48,0.0000,False,,NODATA,25
fujairah,2010-10-14,0,0,,,10,48,0.0000,False,,NODATA,25
fujairah,2010-10-15,0,0,,,10,48,0.0000,False,,NODATA,25
fujairah,2010-10-16,34,0,1.1074,-0.4976,10,48,0.7083,True,0.0000,QUIET,25
fujairah,2010-10-17,38,2,2.5169,-0.2838,10,48,0.7917,True,0.0526,QUIET,25
fujairah,2010-10-18,0,0,,,10,48,0.0000,False,,NODATA,25
fujairah,2010-10-19,44,0,1.8564,-0.2051,10,48,0.9167,True,0.0000,QUIET,25
fujairah,2010-10-20,0,0,,,10,48,0.0000,False,,NODATA,25
fujairah,2010-10-21,47,0,1.4608,-0.2611,10,48,0.9792,True,0.0000,QUIET,25
fujairah,2010-10-22,0,0,,,10,48,0.0000,False,,NODATA,25
fujairah,2010-10-23,17,0,-0.1435,-0.4661,10,48,0.3542,True,0.0000,QUIET,25
fujairah,2010-10-24,35,0,1.0633,-0.3004,10,48,0.7292,True,0.0000,QUIET,25
fujairah,2010-10-25,31,0,0.7173,-0.6361,10,48,0.6458,True,0.0000,QUIET,25
fujairah,2010-10-26,28,0,1.5022,-0.5659,10,48,0.5833,True,0.0000,QUIET,25
fujairah,2010-10-27,0,0,,,10,48,0.0000,False,,NODATA,25
fujairah,2010-10-28,0,0,,,10,48,0.0000,False,,NODATA,25
fujairah,2010-10-29,0,0,,,10,48,0.0000,False,,NODATA,25
fujairah,2010-10-30,0,0,,,10,48,0.0000,False,,NODATA,25
fujairah,2010-10-31,0,0,,,10,48,0.0000,False,,NODATA,25
fujairah,2010-11-01,0,0,,,11,48,0.0000,False,,NODATA,25
fujairah,2010-11-02,9,0,-0.6848,-0.4748,11,48,0.1875,True,0.0000,QUIET,25
fujairah,2010-11-03,0,0,,,11,48,0.0000,False,,NODATA,25
fujairah,2010-11-04,46,0,0.5067,-0.3120,11,48,0.9583,True,0.0000,QUIET,25
fujairah,2010-11-05,0,0,,,11,48,0.0000,False,,NODATA,25
fujairah,2010-11-06,47,0,0.2666,-0.1978,11,48,0.9792,True,0.0000,QUIET,25
fujairah,2010-11-07,0,0,,,11,48,0.0000,False,,NODATA,25
fujairah,2010-11-08,0,0,,,11,48,0.0000,False,,NODATA,25
fujairah,2010-11-09,0,0,,,11,48,0.0000,False,,NODATA,25
fujairah,2010-11-10,0,0,,,11,48,0.0000,False,,NODATA,25
fujairah,2010-11-11,28,0,0.4216,-0.2470,11,48,0.5833,True,0.0000,QUIET,25
fujairah,2010-11-12,0,0,,,11,48,0.0000,False,,NODATA,25
fujairah,2010-11-13,48,0,0.5208,-0.3095,11,48,1.0000,True,0.0000,QUIET,25
fujairah,2010-11-14,0,0,,,11,48,0.0000,False,,NODATA,25
fujairah,2010-11-15,0,0,,,11,48,0.0000,False,,NODATA,25
fujairah,2010-11-16,0,0,,,11,48,0.0000,False,,NODATA,25
fujairah,2010-11-17,37,0,0.1279,-0.0555,11,48,0.7708,True,0.0000,QUIET,25
fujairah,2010-11-18,39,0,0.5186,0.0665,11,48,0.8125,True,0.0000,QUIET,25
fujairah,2010-11-19,2,0,-0.1860,-0.0628,11,48,0.0417,False,,NODATA,25
fujairah,2010-11-20,47,0,0.1477,-0.0291,11,48,0.9792,True,0.0000,QUIET,25
fujairah,2010-11-21,0,0,,,11,48,0.0000,False,,NODATA,25
fujairah,2010-11-22,48,0,-0.3345,-0.1513,11,48,1.0000,True,0.0000,QUIET,25
fujairah,2010-11-23,0,0,,,11,48,0.0000,False,,NODATA,25
fujairah,2010-11-24,39,0,-0.7508,-0.4346,11,48,0.8125,True,0.0000,QUIET,25
fujairah,2010-11-25,34,0,0.3627,-0.0674,11,48,0.7083,True,0.0000,QUIET,25
fujairah,2010-11-26,35,0,-0.1706,-0.2247,11,48,0.7292,True,0.0000,QUIET,25
fujairah,2010-11-27,41,1,2.3144,-0.0165,11,48,0.8542,True,0.0244,QUIET,25
fujairah,2010-11-28,7,0,-0.3618,-0.2119,11,48,0.1458,True,0.0000,QUIET,25
fujairah,2010-11-29,48,0,0.8012,-0.0340,11,48,1.0000,True,0.0000,QUIET,25
fujairah,2010-11-30,0,0,,,11,48,0.0000,False,,NODATA,25
fujairah,2010-12-01,47,0,-0.2039,-0.1534,12,48,0.9792,True,0.0000,QUIET,25
fujairah,2010-12-02,27,0,0.7717,0.1734,12,48,0.5625,True,0.0000,QUIET,25
fujairah,2010-12-03,38,0,-0.3994,-0.1991,12,48,0.7917,True,0.0000,QUIET,25
fujairah,2010-12-04,39,6,2.8102,0.2224,12,48,0.8125,True,0.1538,QUIET,25
fujairah,2010-12-05,26,0,1.9541,0.3128,12,48,0.5417,True,0.0000,QUIET,25
fujairah,2010-12-06,47,11,3.1126,0.3904,12,48,0.9792,True,0.2340,QUIET,25
fujairah,2010-12-07,0,0,,,12,48,0.0000,False,,NODATA,25
fujairah,2010-12-08,47,1,3.2727,0.2367,12,48,0.9792,True,0.0213,QUIET,25
fujairah,2010-12-09,0,0,,,12,48,0.0000,False,,NODATA,25
fujairah,2010-12-10,40,0,0.4762,-0.0899,12,48,0.8333,True,0.0000,QUIET,25
fujairah,2010-12-11,0,0,,,12,48,0.0000,False,,NODATA,25
fujairah,2010-12-12,1,0,-0.2751,0.0258,12,48,0.0208,False,,NODATA,25
fujairah,2010-12-13,9,9,5.5704,1.1831,12,48,0.1875,True,1.0000,EXCEED,25
fujairah,2010-12-14,0,0,,,12,48,0.0000,False,,NODATA,25
fujairah,2010-12-15,0,0,,,12,48,0.0000,False,,NODATA,25
fujairah,2010-12-16,0,0,,,12,48,0.0000,False,,NODATA,25
fujairah,2010-12-17,0,0,,,12,48,0.0000,False,,NODATA,25
fujairah,2010-12-18,0,0,,,12,48,0.0000,False,,NODATA,25
fujairah,2010-12-19,9,1,2.0253,0.3289,12,48,0.1875,True,0.1111,QUIET,25
fujairah,2010-12-20,1,0,1.3647,0.5817,12,48,0.0208,False,,NODATA,25
fujairah,2010-12-21,0,0,,,12,48,0.0000,False,,NODATA,25
fujairah,2010-12-22,36,15,5.3356,0.5332,12,48,0.7500,True,0.4167,EXCEED,25
fujairah,2010-12-23,0,0,,,12,48,0.0000,False,,NODATA,25
fujairah,2010-12-24,39,18,7.8647,0.4731,12,48,0.8125,True,0.4615,ALERT,25
fujairah,2010-12-25,0,0,,,12,48,0.0000,False,,NODATA,25
fujairah,2010-12-26,0,0,,,12,48,0.0000,False,,NODATA,25
fujairah,2010-12-27,0,0,,,12,48,0.0000,False,,NODATA,25
fujairah,2010-12-28,0,0,,,12,48,0.0000,False,,NODATA,25
fujairah,2010-12-29,40,20,4.3607,0.8539,12,48,0.8333,True,0.5000,ALERT,25
fujairah,2010-12-30,14,2,2.0062,0.3247,12,48,0.2917,True,0.1429,QUIET,25
fujairah,2010-12-31,47,16,4.6216,0.3338,12,48,0.9792,True,0.3404,ALERT,25
fujairah,2011-01-01,0,0,,,1,47,0.0000,False,,NODATA,25
fujairah,2011-01-02,30,4,3.6935,0.1611,1,47,0.6383,True,0.1333,QUIET,25
fujairah,2011-01-03,0,0,,,1,47,0.0000,False,,NODATA,25
fujairah,2011-01-04,0,0,,,1,47,0.0000,False,,NODATA,25
fujairah,2011-01-05,0,0,,,1,47,0.0000,False,,NODATA,25
fujairah,2011-01-06,0,0,,,1,47,0.0000,False,,NODATA,25
fujairah,2011-01-07,46,8,3.5324,0.4695,1,47,0.9787,True,0.1739,QUIET,25
fujairah,2011-01-08,0,0,,,1,47,0.0000,False,,NODATA,25
fujairah,2011-01-09,42,3,2.8739,0.4371,1,47,0.8936,True,0.0714,QUIET,25
fujairah,2011-01-10,0,0,,,1,47,0.0000,False,,NODATA,25
fujairah,2011-01-11,0,0,,,1,47,0.0000,False,,NODATA,25
fujairah,2011-01-12,0,0,,,1,47,0.0000,False,,NODATA,25
fujairah,2011-01-13,6,0,-0.7143,-0.2309,1,47,0.1277,True,0.0000,QUIET,25
fujairah,2011-01-14,0,0,,,1,47,0.0000,False,,NODATA,25
fujairah,2011-01-15,0,0,,,1,47,0.0000,False,,NODATA,25
fujairah,2011-01-16,0,0,,,1,47,0.0000,False,,NODATA,25
fujairah,2011-01-17,0,0,,,1,47,0.0000,False,,NODATA,25
fujairah,2011-01-18,0,0,,,1,47,0.0000,False,,NODATA,25
fujairah,2011-01-19,0,0,,,1,47,0.0000,False,,NODATA,25
fujairah,2011-01-20,0,0,,,1,47,0.0000,False,,NODATA,25
fujairah,2011-01-21,0,0,,,1,47,0.0000,False,,NODATA,25
fujairah,2011-01-22,0,0,,,1,47,0.0000,False,,NODATA,25
fujairah,2011-01-23,0,0,,,1,47,0.0000,False,,NODATA,25
fujairah,2011-01-24,0,0,,,1,47,0.0000,False,,NODATA,25
fujairah,2011-01-25,47,1,2.6415,-0.0422,1,47,1.0000,True,0.0213,QUIET,25
fujairah,2011-01-26,0,0,,,1,47,0.0000,False,,NODATA,25
fujairah,2011-01-27,39,6,4.4219,0.4429,1,47,0.8298,True,0.1538,QUIET,25
fujairah,2011-01-28,0,0,,,1,47,0.0000,False,,NODATA,25
fujairah,2011-01-29,30,1,2.5222,0.0856,1,47,0.6383,True,0.0333,QUIET,25
fujairah,2011-01-30,22,21,5.2507,1.2254,1,47,0.4681,True,0.9545,EXCEED,25
fujairah,2011-01-31,0,0,,,1,47,0.0000,False,,NODATA,25
fujairah,2011-02-01,0,0,,,2,44,0.0000,False,,NODATA,25
fujairah,2011-02-02,0,0,,,2,44,0.0000,False,,NODATA,25
fujairah,2011-02-03,0,0,,,2,44,0.0000,False,,NODATA,25
fujairah,2011-02-04,0,0,,,2,44,0.0000,False,,NODATA,25
fujairah,2011-02-05,0,0,,,2,44,0.0000,False,,NODATA,25
fujairah,2011-02-06,0,0,,,2,44,0.0000,False,,NODATA,25
fujairah,2011-02-07,27,0,-0.8514,-0.1669,2,44,0.6136,True,0.0000,QUIET,25
fujairah,2011-02-08,41,0,1.8652,0.5146,2,44,0.9318,True,0.0000,QUIET,25
fujairah,2011-02-09,0,0,,,2,44,0.0000,False,,NODATA,25
fujairah,2011-02-10,0,0,,,2,44,0.0000,False,,NODATA,25
fujairah,2011-02-11,0,0,,,2,44,0.0000,False,,NODATA,25
fujairah,2011-02-12,0,0,,,2,44,0.0000,False,,NODATA,25
fujairah,2011-02-13,0,0,,,2,44,0.0000,False,,NODATA,25
fujairah,2011-02-14,0,0,,,2,44,0.0000,False,,NODATA,25
fujairah,2011-02-15,7,0,0.2252,0.5271,2,44,0.1591,True,0.0000,QUIET,25
fujairah,2011-02-16,0,0,,,2,44,0.0000,False,,NODATA,25
fujairah,2011-02-17,0,0,,,2,44,0.0000,False,,NODATA,25
fujairah,2011-02-18,0,0,,,2,44,0.0000,False,,NODATA,25
fujairah,2011-02-19,37,0,0.5188,0.1296,2,44,0.8409,True,0.0000,QUIET,25
fujairah,2011-02-20,1,0,1.5642,1.4082,2,44,0.0227,False,,NODATA,25
fujairah,2011-02-21,0,0,,,2,44,0.0000,False,,NODATA,25
fujairah,2011-02-22,0,0,,,2,44,0.0000,False,,NODATA,25
fujairah,2011-02-23,0,0,,,2,44,0.0000,False,,NODATA,25
fujairah,2011-02-24,0,0,,,2,44,0.0000,False,,NODATA,25
fujairah,2011-02-25,0,0,,,2,44,0.0000,False,,NODATA,25
fujairah,2011-02-26,0,0,,,2,44,0.0000,False,,NODATA,25
fujairah,2011-02-27,0,0,,,2,44,0.0000,False,,NODATA,25
fujairah,2011-02-28,0,0,,,2,44,0.0000,False,,NODATA,25
fujairah,2011-03-01,0,0,,,3,44,0.0000,False,,NODATA,25
fujairah,2011-03-02,0,0,,,3,44,0.0000,False,,NODATA,25
fujairah,2011-03-03,13,8,2.9324,1.5865,3,44,0.2955,True,0.6154,EXCEED,25
fujairah,2011-03-04,0,0,,,3,44,0.0000,False,,NODATA,25
fujairah,2011-03-05,0,0,,,3,44,0.0000,False,,NODATA,25
fujairah,2011-03-06,0,0,,,3,44,0.0000,False,,NODATA,25
fujairah,2011-03-07,0,0,,,3,44,0.0000,False,,NODATA,25
fujairah,2011-03-08,0,0,,,3,44,0.0000,False,,NODATA,25
fujairah,2011-03-09,0,0,,,3,44,0.0000,False,,NODATA,25
fujairah,2011-03-10,0,0,,,3,44,0.0000,False,,NODATA,25
fujairah,2011-03-11,0,0,,,3,44,0.0000,False,,NODATA,25
fujairah,2011-03-12,44,5,2.7586,0.4996,3,44,1.0000,True,0.1136,QUIET,25
fujairah,2011-03-13,0,0,,,3,44,0.0000,False,,NODATA,25
fujairah,2011-03-14,37,0,1.3087,0.0375,3,44,0.8409,True,0.0000,QUIET,25
fujairah,2011-03-15,0,0,,,3,44,0.0000,False,,NODATA,25
fujairah,2011-03-16,1,0,-1.1740,-0.1553,3,44,0.0227,False,,NODATA,25
fujairah,2011-03-17,0,0,,,3,44,0.0000,False,,NODATA,25
fujairah,2011-03-18,0,0,,,3,44,0.0000,False,,NODATA,25
fujairah,2011-03-19,35,0,-0.0869,0.1173,3,44,0.7955,True,0.0000,QUIET,25
fujairah,2011-03-20,0,0,,,3,44,0.0000,False,,NODATA,25
fujairah,2011-03-21,44,0,0.1876,0.0551,3,44,1.0000,True,0.0000,QUIET,25
fujairah,2011-03-22,0,0,,,3,44,0.0000,False,,NODATA,25
fujairah,2011-03-23,9,0,0.8064,-0.1559,3,44,0.2045,True,0.0000,QUIET,25
fujairah,2011-03-24,0,0,,,3,44,0.0000,False,,NODATA,25
fujairah,2011-03-25,0,0,,,3,44,0.0000,False,,NODATA,25
fujairah,2011-03-26,0,0,,,3,44,0.0000,False,,NODATA,25
fujairah,2011-03-27,0,0,,,3,44,0.0000,False,,NODATA,25
fujairah,2011-03-28,0,0,,,3,44,0.0000,False,,NODATA,25
fujairah,2011-03-29,0,0,,,3,44,0.0000,False,,NODATA,25
fujairah,2011-03-30,0,0,,,3,44,0.0000,False,,NODATA,25
fujairah,2011-03-31,0,0,,,3,44,0.0000,False,,NODATA,25
fujairah,2011-04-01,0,0,,,4,41,0.0000,False,,NODATA,25
fujairah,2011-04-02,0,0,,,4,41,0.0000,False,,NODATA,25
fujairah,2011-04-03,0,0,,,4,41,0.0000,False,,NODATA,25
fujairah,2011-04-04,0,0,,,4,41,0.0000,False,,NODATA,25
fujairah,2011-04-05,0,0,,,4,41,0.0000,False,,NODATA,25
fujairah,2011-04-06,0,0,,,4,41,0.0000,False,,NODATA,25
fujairah,2011-04-07,0,0,,,4,41,0.0000,False,,NODATA,25
fujairah,2011-04-08,0,0,,,4,41,0.0000,False,,NODATA,25
fujairah,2011-04-09,0,0,,,4,41,0.0000,False,,NODATA,25
fujairah,2011-04-10,0,0,,,4,41,0.0000,False,,NODATA,25
fujairah,2011-04-11,0,0,,,4,41,0.0000,False,,NODATA,25
fujairah,2011-04-12,0,0,,,4,41,0.0000,False,,NODATA,25
fujairah,2011-04-13,0,0,,,4,41,0.0000,False,,NODATA,25
fujairah,2011-04-14,0,0,,,4,41,0.0000,False,,NODATA,25
fujairah,2011-04-15,0,0,,,4,41,0.0000,False,,NODATA,25
fujairah,2011-04-16,0,0,,,4,41,0.0000,False,,NODATA,25
fujairah,2011-04-17,0,0,,,4,41,0.0000,False,,NODATA,25
fujairah,2011-04-18,0,0,,,4,41,0.0000,False,,NODATA,25
fujairah,2011-04-19,0,0,,,4,41,0.0000,False,,NODATA,25
fujairah,2011-04-20,39,0,1.3346,-0.2118,4,41,0.9512,True,0.0000,QUIET,25
fujairah,2011-04-21,0,0,,,4,41,0.0000,False,,NODATA,25
fujairah,2011-04-22,0,0,,,4,41,0.0000,False,,NODATA,25
fujairah,2011-04-23,0,0,,,4,41,0.0000,False,,NODATA,25
fujairah,2011-04-24,0,0,,,4,41,0.0000,False,,NODATA,25
fujairah,2011-04-25,0,0,,,4,41,0.0000,False,,NODATA,25
fujairah,2011-04-26,0,0,,,4,41,0.0000,False,,NODATA,25
fujairah,2011-04-27,0,0,,,4,41,0.0000,False,,NODATA,25
fujairah,2011-04-28,0,0,,,4,41,0.0000,False,,NODATA,25
fujairah,2011-04-29,0,0,,,4,41,0.0000,False,,NODATA,25
fujairah,2011-04-30,0,0,,,4,41,0.0000,False,,NODATA,25
fujairah,2011-05-01,0,0,,,5,25,0.0000,False,,NODATA,25
fujairah,2011-05-02,0,0,,,5,25,0.0000,False,,NODATA,25
fujairah,2011-05-03,0,0,,,5,25,0.0000,False,,NODATA,25
fujairah,2011-05-04,0,0,,,5,25,0.0000,False,,NODATA,25
fujairah,2011-05-05,0,0,,,5,25,0.0000,False,,NODATA,25
fujairah,2011-05-06,0,0,,,5,25,0.0000,False,,NODATA,25
fujairah,2011-05-07,0,0,,,5,25,0.0000,False,,NODATA,25
fujairah,2011-05-08,0,0,,,5,25,0.0000,False,,NODATA,25
fujairah,2011-05-09,0,0,,,5,25,0.0000,False,,NODATA,25
fujairah,2011-05-10,0,0,,,5,25,0.0000,False,,NODATA,25
fujairah,2011-05-11,0,0,,,5,25,0.0000,False,,NODATA,25
fujairah,2011-05-12,0,0,,,5,25,0.0000,False,,NODATA,25
fujairah,2011-05-13,0,0,,,5,25,0.0000,False,,NODATA,25
fujairah,2011-05-14,0,0,,,5,25,0.0000,False,,NODATA,25
fujairah,2011-05-15,0,0,,,5,25,0.0000,False,,NODATA,25
fujairah,2011-05-16,0,0,,,5,25,0.0000,False,,NODATA,25
fujairah,2011-05-17,0,0,,,5,25,0.0000,False,,NODATA,25
fujairah,2011-05-18,0,0,,,5,25,0.0000,False,,NODATA,25
fujairah,2011-05-19,0,0,,,5,25,0.0000,False,,NODATA,25
fujairah,2011-05-20,0,0,,,5,25,0.0000,False,,NODATA,25
fujairah,2011-05-21,0,0,,,5,25,0.0000,False,,NODATA,25
fujairah,2011-05-22,0,0,,,5,25,0.0000,False,,NODATA,25
fujairah,2011-05-23,0,0,,,5,25,0.0000,False,,NODATA,25
fujairah,2011-05-24,0,0,,,5,25,0.0000,False,,NODATA,25
fujairah,2011-05-25,0,0,,,5,25,0.0000,False,,NODATA,25
fujairah,2011-05-26,0,0,,,5,25,0.0000,False,,NODATA,25
fujairah,2011-05-27,0,0,,,5,25,0.0000,False,,NODATA,25
fujairah,2011-05-28,0,0,,,5,25,0.0000,False,,NODATA,25
fujairah,2011-05-29,0,0,,,5,25,0.0000,False,,NODATA,25
fujairah,2011-05-30,0,0,,,5,25,0.0000,False,,NODATA,25
fujairah,2011-05-31,0,0,,,5,25,0.0000,False,,NODATA,25
fujairah,2011-06-01,0,0,,,6,12,0.0000,False,,NODATA,25
fujairah,2011-06-02,0,0,,,6,12,0.0000,False,,NODATA,25
fujairah,2011-06-03,0,0,,,6,12,0.0000,False,,NODATA,25
fujairah,2011-06-04,0,0,,,6,12,0.0000,False,,NODATA,25
fujairah,2011-06-05,0,0,,,6,12,0.0000,False,,NODATA,25
fujairah,2011-06-06,0,0,,,6,12,0.0000,False,,NODATA,25
fujairah,2011-06-07,0,0,,,6,12,0.0000,False,,NODATA,25
fujairah,2011-06-08,0,0,,,6,12,0.0000,False,,NODATA,25
fujairah,2011-06-09,0,0,,,6,12,0.0000,False,,NODATA,25
fujairah,2011-06-10,0,0,,,6,12,0.0000,False,,NODATA,25
fujairah,2011-06-11,0,0,,,6,12,0.0000,False,,NODATA,25
fujairah,2011-06-12,0,0,,,6,12,0.0000,False,,NODATA,25
fujairah,2011-06-13,0,0,,,6,12,0.0000,False,,NODATA,25
fujairah,2011-06-14,0,0,,,6,12,0.0000,False,,NODATA,25
fujairah,2011-06-15,0,0,,,6,12,0.0000,False,,NODATA,25
fujairah,2011-06-16,0,0,,,6,12,0.0000,False,,NODATA,25
fujairah,2011-06-17,0,0,,,6,12,0.0000,False,,NODATA,25
fujairah,2011-06-18,0,0,,,6,12,0.0000,False,,NODATA,25
fujairah,2011-06-19,0,0,,,6,12,0.0000,False,,NODATA,25
fujairah,2011-06-20,0,0,,,6,12,0.0000,False,,NODATA,25
fujairah,2011-06-21,0,0,,,6,12,0.0000,False,,NODATA,25
fujairah,2011-06-22,0,0,,,6,12,0.0000,False,,NODATA,25
fujairah,2011-06-23,0,0,,,6,12,0.0000,False,,NODATA,25
fujairah,2011-06-24,0,0,,,6,12,0.0000,False,,NODATA,25
fujairah,2011-06-25,0,0,,,6,12,0.0000,False,,NODATA,25
fujairah,2011-06-26,0,0,,,6,12,0.0000,False,,NODATA,25
fujairah,2011-06-27,0,0,,,6,12,0.0000,False,,NODATA,25
fujairah,2011-06-28,0,0,,,6,12,0.0000,False,,NODATA,25
fujairah,2011-06-29,0,0,,,6,12,0.0000,False,,NODATA,25
fujairah,2011-06-30,0,0,,,6,12,0.0000,False,,NODATA,25
fujairah,2011-07-01,0,0,,,7,0,0.0000,False,,NODATA,25
fujairah,2011-07-02,0,0,,,7,0,0.0000,False,,NODATA,25
fujairah,2011-07-03,0,0,,,7,0,0.0000,False,,NODATA,25
fujairah,2011-07-04,0,0,,,7,0,0.0000,False,,NODATA,25
fujairah,2011-07-05,0,0,,,7,0,0.0000,False,,NODATA,25
fujairah,2011-07-06,0,0,,,7,0,0.0000,False,,NODATA,25
fujairah,2011-07-07,0,0,,,7,0,0.0000,False,,NODATA,25
fujairah,2011-07-08,0,0,,,7,0,0.0000,False,,NODATA,25
fujairah,2011-07-09,0,0,,,7,0,0.0000,False,,NODATA,25
fujairah,2011-07-10,0,0,,,7,0,0.0000,False,,NODATA,25
fujairah,2011-07-11,0,0,,,7,0,0.0000,False,,NODATA,25
fujairah,2011-07-12,0,0,,,7,0,0.0000,False,,NODATA,25
fujairah,2011-07-13,0,0,,,7,0,0.0000,False,,NODATA,25
fujairah,2011-07-14,0,0,,,7,0,0.0000,False,,NODATA,25
fujairah,2011-07-15,0,0,,,7,0,0.0000,False,,NODATA,25
fujairah,2011-07-16,0,0,,,7,0,0.0000,False,,NODATA,25
fujairah,2011-07-17,0,0,,,7,0,0.0000,False,,NODATA,25
fujairah,2011-07-18,0,0,,,7,0,0.0000,False,,NODATA,25
fujairah,2011-07-19,0,0,,,7,0,0.0000,False,,NODATA,25
fujairah,2011-07-20,0,0,,,7,0,0.0000,False,,NODATA,25
fujairah,2011-07-21,0,0,,,7,0,0.0000,False,,NODATA,25
fujairah,2011-07-22,0,0,,,7,0,0.0000,False,,NODATA,25
fujairah,2011-07-23,0,0,,,7,0,0.0000,False,,NODATA,25
fujairah,2011-07-24,0,0,,,7,0,0.0000,False,,NODATA,25
fujairah,2011-07-25,0,0,,,7,0,0.0000,False,,NODATA,25
fujairah,2011-07-26,0,0,,,7,0,0.0000,False,,NODATA,25
fujairah,2011-07-27,0,0,,,7,0,0.0000,False,,NODATA,25
fujairah,2011-07-28,0,0,,,7,0,0.0000,False,,NODATA,25
fujairah,2011-07-29,0,0,,,7,0,0.0000,False,,NODATA,25
fujairah,2011-07-30,0,0,,,7,0,0.0000,False,,NODATA,25
fujairah,2011-07-31,0,0,,,7,0,0.0000,False,,NODATA,25
fujairah,2011-08-01,0,0,,,8,0,0.0000,False,,NODATA,25
fujairah,2011-08-02,0,0,,,8,0,0.0000,False,,NODATA,25
fujairah,2011-08-03,0,0,,,8,0,0.0000,False,,NODATA,25
fujairah,2011-08-04,0,0,,,8,0,0.0000,False,,NODATA,25
fujairah,2011-08-05,0,0,,,8,0,0.0000,False,,NODATA,25
fujairah,2011-08-06,0,0,,,8,0,0.0000,False,,NODATA,25
fujairah,2011-08-07,0,0,,,8,0,0.0000,False,,NODATA,25
fujairah,2011-08-08,0,0,,,8,0,0.0000,False,,NODATA,25
fujairah,2011-08-09,0,0,,,8,0,0.0000,False,,NODATA,25
fujairah,2011-08-10,0,0,,,8,0,0.0000,False,,NODATA,25
fujairah,2011-08-11,0,0,,,8,0,0.0000,False,,NODATA,25
fujairah,2011-08-12,0,0,,,8,0,0.0000,False,,NODATA,25
fujairah,2011-08-13,0,0,,,8,0,0.0000,False,,NODATA,25
fujairah,2011-08-14,0,0,,,8,0,0.0000,False,,NODATA,25
fujairah,2011-08-15,0,0,,,8,0,0.0000,False,,NODATA,25
fujairah,2011-08-16,0,0,,,8,0,0.0000,False,,NODATA,25
fujairah,2011-08-17,0,0,,,8,0,0.0000,False,,NODATA,25
fujairah,2011-08-18,0,0,,,8,0,0.0000,False,,NODATA,25
fujairah,2011-08-19,0,0,,,8,0,0.0000,False,,NODATA,25
fujairah,2011-08-20,0,0,,,8,0,0.0000,False,,NODATA,25
fujairah,2011-08-21,0,0,,,8,0,0.0000,False,,NODATA,25
fujairah,2011-08-22,0,0,,,8,0,0.0000,False,,NODATA,25
fujairah,2011-08-23,0,0,,,8,0,0.0000,False,,NODATA,25
fujairah,2011-08-24,0,0,,,8,0,0.0000,False,,NODATA,25
fujairah,2011-08-25,0,0,,,8,0,0.0000,False,,NODATA,25
fujairah,2011-08-26,0,0,,,8,0,0.0000,False,,NODATA,25
fujairah,2011-08-27,0,0,,,8,0,0.0000,False,,NODATA,25
fujairah,2011-08-28,0,0,,,8,0,0.0000,False,,NODATA,25
fujairah,2011-08-29,0,0,,,8,0,0.0000,False,,NODATA,25
fujairah,2011-08-30,0,0,,,8,0,0.0000,False,,NODATA,25
fujairah,2011-08-31,0,0,,,8,0,0.0000,False,,NODATA,25
fujairah,2011-09-01,0,0,,,9,37,0.0000,False,,NODATA,25
fujairah,2011-09-02,36,9,7.6268,0.0611,9,37,0.9730,True,0.2500,QUIET,25
fujairah,2011-09-03,0,0,,,9,37,0.0000,False,,NODATA,25
fujairah,2011-09-04,2,0,0.9505,0.2345,9,37,0.0541,False,,NODATA,25
fujairah,2011-09-05,0,0,,,9,37,0.0000,False,,NODATA,25
fujairah,2011-09-06,0,0,,,9,37,0.0000,False,,NODATA,25
fujairah,2011-09-07,0,0,,,9,37,0.0000,False,,NODATA,25
fujairah,2011-09-08,0,0,,,9,37,0.0000,False,,NODATA,25
fujairah,2011-09-09,0,0,,,9,37,0.0000,False,,NODATA,25
fujairah,2011-09-10,0,0,,,9,37,0.0000,False,,NODATA,25
fujairah,2011-09-11,0,0,,,9,37,0.0000,False,,NODATA,25
fujairah,2011-09-12,0,0,,,9,37,0.0000,False,,NODATA,25
fujairah,2011-09-13,0,0,,,9,37,0.0000,False,,NODATA,25
fujairah,2011-09-14,0,0,,,9,37,0.0000,False,,NODATA,25
fujairah,2011-09-15,0,0,,,9,37,0.0000,False,,NODATA,25
fujairah,2011-09-16,0,0,,,9,37,0.0000,False,,NODATA,25
fujairah,2011-09-17,0,0,,,9,37,0.0000,False,,NODATA,25
fujairah,2011-09-18,0,0,,,9,37,0.0000,False,,NODATA,25
fujairah,2011-09-19,0,0,,,9,37,0.0000,False,,NODATA,25
fujairah,2011-09-20,0,0,,,9,37,0.0000,False,,NODATA,25
fujairah,2011-09-21,0,0,,,9,37,0.0000,False,,NODATA,25
fujairah,2011-09-22,0,0,,,9,37,0.0000,False,,NODATA,25
fujairah,2011-09-23,0,0,,,9,37,0.0000,False,,NODATA,25
fujairah,2011-09-24,0,0,,,9,37,0.0000,False,,NODATA,25
fujairah,2011-09-25,0,0,,,9,37,0.0000,False,,NODATA,25
fujairah,2011-09-26,0,0,,,9,37,0.0000,False,,NODATA,25
fujairah,2011-09-27,0,0,,,9,37,0.0000,False,,NODATA,25
fujairah,2011-09-28,0,0,,,9,37,0.0000,False,,NODATA,25
fujairah,2011-09-29,0,0,,,9,37,0.0000,False,,NODATA,25
fujairah,2011-09-30,0,0,,,9,37,0.0000,False,,NODATA,25
fujairah,2011-10-01,0,0,,,10,48,0.0000,False,,NODATA,25
fujairah,2011-10-02,0,0,,,10,48,0.0000,False,,NODATA,25
fujairah,2011-10-03,0,0,,,10,48,0.0000,False,,NODATA,25
fujairah,2011-10-04,0,0,,,10,48,0.0000,False,,NODATA,25
fujairah,2011-10-05,0,0,,,10,48,0.0000,False,,NODATA,25
fujairah,2011-10-06,0,0,,,10,48,0.0000,False,,NODATA,25
fujairah,2011-10-07,0,0,,,10,48,0.0000,False,,NODATA,25
fujairah,2011-10-08,0,0,,,10,48,0.0000,False,,NODATA,25
fujairah,2011-10-09,0,0,,,10,48,0.0000,False,,NODATA,25
fujairah,2011-10-10,0,0,,,10,48,0.0000,False,,NODATA,25
fujairah,2011-10-11,0,0,,,10,48,0.0000,False,,NODATA,25
fujairah,2011-10-12,0,0,,,10,48,0.0000,False,,NODATA,25
fujairah,2011-10-13,0,0,,,10,48,0.0000,False,,NODATA,25
fujairah,2011-10-14,0,0,,,10,48,0.0000,False,,NODATA,25
fujairah,2011-10-15,48,0,1.9976,-0.1595,10,48,1.0000,True,0.0000,QUIET,25
fujairah,2011-10-16,0,0,,,10,48,0.0000,False,,NODATA,25
fujairah,2011-10-17,1,0,0.7760,0.0209,10,48,0.0208,False,,NODATA,25
fujairah,2011-10-18,0,0,,,10,48,0.0000,False,,NODATA,25
fujairah,2011-10-19,0,0,,,10,48,0.0000,False,,NODATA,25
fujairah,2011-10-20,27,0,0.4074,-0.3454,10,48,0.5625,True,0.0000,QUIET,25
fujairah,2011-10-21,0,0,,,10,48,0.0000,False,,NODATA,25
fujairah,2011-10-22,0,0,,,10,48,0.0000,False,,NODATA,25
fujairah,2011-10-23,0,0,,,10,48,0.0000,False,,NODATA,25
fujairah,2011-10-24,0,0,,,10,48,0.0000,False,,NODATA,25
fujairah,2011-10-25,0,0,,,10,48,0.0000,False,,NODATA,25
fujairah,2011-10-26,0,0,,,10,48,0.0000,False,,NODATA,25
fujairah,2011-10-27,21,0,0.7080,-0.3758,10,48,0.4375,True,0.0000,QUIET,25
fujairah,2011-10-28,3,0,-0.4716,-0.4749,10,48,0.0625,False,,NODATA,25
fujairah,2011-10-29,42,0,1.0347,-0.3283,10,48,0.8750,True,0.0000,QUIET,25
fujairah,2011-10-30,0,0,,,10,48,0.0000,False,,NODATA,25
fujairah,2011-10-31,0,0,,,10,48,0.0000,False,,NODATA,25
fujairah,2011-11-01,0,0,,,11,48,0.0000,False,,NODATA,25
fujairah,2011-11-02,0,0,,,11,48,0.0000,False,,NODATA,25
fujairah,2011-11-03,18,0,-0.9067,-0.4157,11,48,0.3750,True,0.0000,QUIET,25
fujairah,2011-11-04,0,0,,,11,48,0.0000,False,,NODATA,25
fujairah,2011-11-05,35,0,0.4187,-0.1872,11,48,0.7292,True,0.0000,QUIET,25
fujairah,2011-11-06,0,0,,,11,48,0.0000,False,,NODATA,25
fujairah,2011-11-07,0,0,,,11,48,0.0000,False,,NODATA,25
fujairah,2011-11-08,0,0,,,11,48,0.0000,False,,NODATA,25
fujairah,2011-11-09,28,0,-0.1452,-0.1897,11,48,0.5833,True,0.0000,QUIET,25
fujairah,2011-11-10,0,0,,,11,48,0.0000,False,,NODATA,25
fujairah,2011-11-11,40,0,-1.0355,-0.4892,11,48,0.8333,True,0.0000,QUIET,25
fujairah,2011-11-12,16,0,-0.5499,-0.4818,11,48,0.3333,True,0.0000,QUIET,25
fujairah,2011-11-13,36,0,-0.5487,-0.3244,11,48,0.7500,True,0.0000,QUIET,25
fujairah,2011-11-14,42,0,0.6565,-0.0717,11,48,0.8750,True,0.0000,QUIET,25
fujairah,2011-11-15,2,0,-0.9495,-0.4374,11,48,0.0417,False,,NODATA,25
fujairah,2011-11-16,48,0,0.3740,-0.2474,11,48,1.0000,True,0.0000,QUIET,25
fujairah,2011-11-17,0,0,,,11,48,0.0000,False,,NODATA,25
fujairah,2011-11-18,44,0,0.3792,0.0269,11,48,0.9167,True,0.0000,QUIET,25
fujairah,2011-11-19,25,0,0.3453,-0.0827,11,48,0.5208,True,0.0000,QUIET,25
fujairah,2011-11-20,0,0,,,11,48,0.0000,False,,NODATA,25
fujairah,2011-11-21,0,0,,,11,48,0.0000,False,,NODATA,25
fujairah,2011-11-22,0,0,,,11,48,0.0000,False,,NODATA,25
fujairah,2011-11-23,0,0,,,11,48,0.0000,False,,NODATA,25
fujairah,2011-11-24,0,0,,,11,48,0.0000,False,,NODATA,25
fujairah,2011-11-25,0,0,,,11,48,0.0000,False,,NODATA,25
fujairah,2011-11-26,0,0,,,11,48,0.0000,False,,NODATA,25
fujairah,2011-11-27,0,0,,,11,48,0.0000,False,,NODATA,25
fujairah,2011-11-28,0,0,,,11,48,0.0000,False,,NODATA,25
fujairah,2011-11-29,0,0,,,11,48,0.0000,False,,NODATA,25
fujairah,2011-11-30,3,0,1.2528,0.4231,11,48,0.0625,False,,NODATA,25
fujairah,2011-12-01,0,0,,,12,48,0.0000,False,,NODATA,25
fujairah,2011-12-02,48,0,0.0762,-0.1551,12,48,1.0000,True,0.0000,QUIET,25
fujairah,2011-12-03,0,0,,,12,48,0.0000,False,,NODATA,25
fujairah,2011-12-04,47,0,1.5662,-0.0955,12,48,0.9792,True,0.0000,QUIET,25
fujairah,2011-12-05,0,0,,,12,48,0.0000,False,,NODATA,25
fujairah,2011-12-06,6,0,-1.0370,-0.1340,12,48,0.1250,True,0.0000,QUIET,25
fujairah,2011-12-07,0,0,,,12,48,0.0000,False,,NODATA,25
fujairah,2011-12-08,13,0,0.3988,-0.0178,12,48,0.2708,True,0.0000,QUIET,25
fujairah,2011-12-09,45,0,0.1781,0.0007,12,48,0.9375,True,0.0000,QUIET,25
fujairah,2011-12-10,0,0,,,12,48,0.0000,False,,NODATA,25
fujairah,2011-12-11,48,0,1.1770,0.1682,12,48,1.0000,True,0.0000,QUIET,25
fujairah,2011-12-12,0,0,,,12,48,0.0000,False,,NODATA,25
fujairah,2011-12-13,0,0,,,12,48,0.0000,False,,NODATA,25
fujairah,2011-12-14,26,16,5.2396,0.8094,12,48,0.5417,True,0.6154,EXCEED,25
fujairah,2011-12-15,35,0,1.3111,0.1264,12,48,0.7292,True,0.0000,QUIET,25
fujairah,2011-12-16,41,4,3.6639,0.3210,12,48,0.8542,True,0.0976,QUIET,25
fujairah,2011-12-17,0,0,,,12,48,0.0000,False,,NODATA,25
fujairah,2011-12-18,22,6,2.9856,0.4877,12,48,0.4583,True,0.2727,QUIET,25
fujairah,2011-12-19,0,0,,,12,48,0.0000,False,,NODATA,25
fujairah,2011-12-20,34,3,2.3785,0.2100,12,48,0.7083,True,0.0882,QUIET,25
fujairah,2011-12-21,0,0,,,12,48,0.0000,False,,NODATA,25
fujairah,2011-12-22,38,2,3.4708,0.2008,12,48,0.7917,True,0.0526,QUIET,25
fujairah,2011-12-23,35,6,2.9984,0.4003,12,48,0.7292,True,0.1714,QUIET,25
fujairah,2011-12-24,25,7,3.3079,0.2965,12,48,0.5208,True,0.2800,QUIET,25
fujairah,2011-12-25,46,1,2.6105,0.2466,12,48,0.9583,True,0.0217,QUIET,25
fujairah,2011-12-26,0,0,,,12,48,0.0000,False,,NODATA,25
fujairah,2011-12-27,41,10,5.1556,0.3513,12,48,0.8542,True,0.2439,QUIET,25
fujairah,2011-12-28,0,0,,,12,48,0.0000,False,,NODATA,25
fujairah,2011-12-29,0,0,,,12,48,0.0000,False,,NODATA,25
fujairah,2011-12-30,0,0,,,12,48,0.0000,False,,NODATA,25
fujairah,2011-12-31,0,0,,,12,48,0.0000,False,,NODATA,25
fujairah,2012-01-01,0,0,,,1,47,0.0000,False,,NODATA,25
fujairah,2012-01-02,0,0,,,1,47,0.0000,False,,NODATA,25
fujairah,2012-01-03,7,7,5.4686,1.3460,1,47,0.1489,True,1.0000,EXCEED,25
fujairah,2012-01-04,0,0,,,1,47,0.0000,False,,NODATA,25
fujairah,2012-01-05,0,0,,,1,47,0.0000,False,,NODATA,25
fujairah,2012-01-06,0,0,,,1,47,0.0000,False,,NODATA,25
fujairah,2012-01-07,0,0,,,1,47,0.0000,False,,NODATA,25
fujairah,2012-01-08,0,0,,,1,47,0.0000,False,,NODATA,25
fujairah,2012-01-09,0,0,,,1,47,0.0000,False,,NODATA,25
fujairah,2012-01-10,0,0,,,1,47,0.0000,False,,NODATA,25
fujairah,2012-01-11,0,0,,,1,47,0.0000,False,,NODATA,25
fujairah,2012-01-12,26,23,4.7385,1.2175,1,47,0.5532,True,0.8846,EXCEED,25
fujairah,2012-01-13,0,0,,,1,47,0.0000,False,,NODATA,25
fujairah,2012-01-14,0,0,,,1,47,0.0000,False,,NODATA,25
fujairah,2012-01-15,0,0,,,1,47,0.0000,False,,NODATA,25
fujairah,2012-01-16,36,0,1.9664,0.0632,1,47,0.7660,True,0.0000,QUIET,25
fujairah,2012-01-17,38,20,4.0077,0.7983,1,47,0.8085,True,0.5263,ALERT,25
fujairah,2012-01-18,6,0,0.0799,-0.1562,1,47,0.1277,True,0.0000,QUIET,25
fujairah,2012-01-19,47,12,5.7578,0.2946,1,47,1.0000,True,0.2553,QUIET,25
fujairah,2012-01-20,0,0,,,1,47,0.0000,False,,NODATA,25
fujairah,2012-01-21,0,0,,,1,47,0.0000,False,,NODATA,25
fujairah,2012-01-22,0,0,,,1,47,0.0000,False,,NODATA,25
fujairah,2012-01-23,0,0,,,1,47,0.0000,False,,NODATA,25
fujairah,2012-01-24,0,0,,,1,47,0.0000,False,,NODATA,25
fujairah,2012-01-25,5,0,-0.3083,-0.1142,1,47,0.1064,True,0.0000,QUIET,25
fujairah,2012-01-26,41,2,2.9222,0.1203,1,47,0.8723,True,0.0488,QUIET,25
fujairah,2012-01-27,0,0,,,1,47,0.0000,False,,NODATA,25
fujairah,2012-01-28,47,6,3.0316,0.4283,1,47,1.0000,True,0.1277,QUIET,25
fujairah,2012-01-29,0,0,,,1,47,0.0000,False,,NODATA,25
fujairah,2012-01-30,40,1,2.0371,0.2123,1,47,0.8511,True,0.0250,QUIET,25
fujairah,2012-01-31,0,0,,,1,47,0.0000,False,,NODATA,25
fujairah,2012-02-01,0,0,,,2,44,0.0000,False,,NODATA,25
fujairah,2012-02-02,0,0,,,2,44,0.0000,False,,NODATA,25
fujairah,2012-02-03,0,0,,,2,44,0.0000,False,,NODATA,25
fujairah,2012-02-04,2,0,0.9413,0.9090,2,44,0.0455,False,,NODATA,25
fujairah,2012-02-05,0,0,,,2,44,0.0000,False,,NODATA,25
fujairah,2012-02-06,1,0,0.0991,0.3137,2,44,0.0227,False,,NODATA,25
fujairah,2012-02-07,0,0,,,2,44,0.0000,False,,NODATA,25
fujairah,2012-02-08,0,0,,,2,44,0.0000,False,,NODATA,25
fujairah,2012-02-09,0,0,,,2,44,0.0000,False,,NODATA,25
fujairah,2012-02-10,0,0,,,2,44,0.0000,False,,NODATA,25
fujairah,2012-02-11,0,0,,,2,44,0.0000,False,,NODATA,25
fujairah,2012-02-12,0,0,,,2,44,0.0000,False,,NODATA,25
fujairah,2012-02-13,0,0,,,2,44,0.0000,False,,NODATA,25
fujairah,2012-02-14,0,0,,,2,44,0.0000,False,,NODATA,25
fujairah,2012-02-15,0,0,,,2,44,0.0000,False,,NODATA,25
fujairah,2012-02-16,0,0,,,2,44,0.0000,False,,NODATA,25
fujairah,2012-02-17,0,0,,,2,44,0.0000,False,,NODATA,25
fujairah,2012-02-18,0,0,,,2,44,0.0000,False,,NODATA,25
fujairah,2012-02-19,0,0,,,2,44,0.0000,False,,NODATA,25
fujairah,2012-02-20,0,0,,,2,44,0.0000,False,,NODATA,25
fujairah,2012-02-21,0,0,,,2,44,0.0000,False,,NODATA,25
fujairah,2012-02-22,0,0,,,2,44,0.0000,False,,NODATA,25
fujairah,2012-02-23,0,0,,,2,44,0.0000,False,,NODATA,25
fujairah,2012-02-24,0,0,,,2,44,0.0000,False,,NODATA,25
fujairah,2012-02-25,0,0,,,2,44,0.0000,False,,NODATA,25
fujairah,2012-02-26,0,0,,,2,44,0.0000,False,,NODATA,25
fujairah,2012-02-27,0,0,,,2,44,0.0000,False,,NODATA,25
fujairah,2012-02-28,0,0,,,2,44,0.0000,False,,NODATA,25
fujairah,2012-02-29,44,0,-0.2936,0.1072,2,44,1.0000,True,0.0000,QUIET,25
fujairah,2012-03-01,0,0,,,3,44,0.0000,False,,NODATA,25
fujairah,2012-03-02,0,0,,,3,44,0.0000,False,,NODATA,25
fujairah,2012-03-03,0,0,,,3,44,0.0000,False,,NODATA,25
fujairah,2012-03-04,0,0,,,3,44,0.0000,False,,NODATA,25
fujairah,2012-03-05,41,0,-0.5669,-0.2797,3,44,0.9318,True,0.0000,QUIET,25
fujairah,2012-03-06,8,0,-0.9250,-0.1217,3,44,0.1818,True,0.0000,QUIET,25
fujairah,2012-03-07,31,0,-0.4211,-0.0887,3,44,0.7045,True,0.0000,QUIET,25
fujairah,2012-03-08,0,0,,,3,44,0.0000,False,,NODATA,25
fujairah,2012-03-09,37,0,-0.1261,-0.1824,3,44,0.8409,True,0.0000,QUIET,25
fujairah,2012-03-10,0,0,,,3,44,0.0000,False,,NODATA,25
fujairah,2012-03-11,0,0,,,3,44,0.0000,False,,NODATA,25
fujairah,2012-03-12,0,0,,,3,44,0.0000,False,,NODATA,25
fujairah,2012-03-13,0,0,,,3,44,0.0000,False,,NODATA,25
fujairah,2012-03-14,20,0,1.8113,1.1415,3,44,0.4545,True,0.0000,QUIET,25
fujairah,2012-03-15,0,0,,,3,44,0.0000,False,,NODATA,25
fujairah,2012-03-16,0,0,,,3,44,0.0000,False,,NODATA,25
fujairah,2012-03-17,0,0,,,3,44,0.0000,False,,NODATA,25
fujairah,2012-03-18,0,0,,,3,44,0.0000,False,,NODATA,25
fujairah,2012-03-19,0,0,,,3,44,0.0000,False,,NODATA,25
fujairah,2012-03-20,0,0,,,3,44,0.0000,False,,NODATA,25
fujairah,2012-03-21,0,0,,,3,44,0.0000,False,,NODATA,25
fujairah,2012-03-22,0,0,,,3,44,0.0000,False,,NODATA,25
fujairah,2012-03-23,0,0,,,3,44,0.0000,False,,NODATA,25
fujairah,2012-03-24,0,0,,,3,44,0.0000,False,,NODATA,25
fujairah,2012-03-25,0,0,,,3,44,0.0000,False,,NODATA,25
fujairah,2012-03-26,0,0,,,3,44,0.0000,False,,NODATA,25
fujairah,2012-03-27,0,0,,,3,44,0.0000,False,,NODATA,25
fujairah,2012-03-28,0,0,,,3,44,0.0000,False,,NODATA,25
fujairah,2012-03-29,0,0,,,3,44,0.0000,False,,NODATA,25
fujairah,2012-03-30,0,0,,,3,44,0.0000,False,,NODATA,25
fujairah,2012-03-31,0,0,,,3,44,0.0000,False,,NODATA,25
fujairah,2012-04-01,0,0,,,4,41,0.0000,False,,NODATA,25
fujairah,2012-04-02,0,0,,,4,41,0.0000,False,,NODATA,25
fujairah,2012-04-03,0,0,,,4,41,0.0000,False,,NODATA,25
fujairah,2012-04-04,0,0,,,4,41,0.0000,False,,NODATA,25
fujairah,2012-04-05,0,0,,,4,41,0.0000,False,,NODATA,25
fujairah,2012-04-06,0,0,,,4,41,0.0000,False,,NODATA,25
fujairah,2012-04-07,0,0,,,4,41,0.0000,False,,NODATA,25
fujairah,2012-04-08,0,0,,,4,41,0.0000,False,,NODATA,25
fujairah,2012-04-09,0,0,,,4,41,0.0000,False,,NODATA,25
fujairah,2012-04-10,0,0,,,4,41,0.0000,False,,NODATA,25
fujairah,2012-04-11,0,0,,,4,41,0.0000,False,,NODATA,25
fujairah,2012-04-12,0,0,,,4,41,0.0000,False,,NODATA,25
fujairah,2012-04-13,0,0,,,4,41,0.0000,False,,NODATA,25
fujairah,2012-04-14,0,0,,,4,41,0.0000,False,,NODATA,25
fujairah,2012-04-15,0,0,,,4,41,0.0000,False,,NODATA,25
fujairah,2012-04-16,0,0,,,4,41,0.0000,False,,NODATA,25
fujairah,2012-04-17,0,0,,,4,41,0.0000,False,,NODATA,25
fujairah,2012-04-18,0,0,,,4,41,0.0000,False,,NODATA,25
fujairah,2012-04-19,0,0,,,4,41,0.0000,False,,NODATA,25
fujairah,2012-04-20,0,0,,,4,41,0.0000,False,,NODATA,25
fujairah,2012-04-21,0,0,,,4,41,0.0000,False,,NODATA,25
fujairah,2012-04-22,0,0,,,4,41,0.0000,False,,NODATA,25
fujairah,2012-04-23,0,0,,,4,41,0.0000,False,,NODATA,25
fujairah,2012-04-24,0,0,,,4,41,0.0000,False,,NODATA,25
fujairah,2012-04-25,0,0,,,4,41,0.0000,False,,NODATA,25
fujairah,2012-04-26,0,0,,,4,41,0.0000,False,,NODATA,25
fujairah,2012-04-27,0,0,,,4,41,0.0000,False,,NODATA,25
fujairah,2012-04-28,0,0,,,4,41,0.0000,False,,NODATA,25
fujairah,2012-04-29,0,0,,,4,41,0.0000,False,,NODATA,25
fujairah,2012-04-30,0,0,,,4,41,0.0000,False,,NODATA,25
fujairah,2012-05-01,0,0,,,5,25,0.0000,False,,NODATA,25
fujairah,2012-05-02,0,0,,,5,25,0.0000,False,,NODATA,25
fujairah,2012-05-03,0,0,,,5,25,0.0000,False,,NODATA,25
fujairah,2012-05-04,0,0,,,5,25,0.0000,False,,NODATA,25
fujairah,2012-05-05,0,0,,,5,25,0.0000,False,,NODATA,25
fujairah,2012-05-06,0,0,,,5,25,0.0000,False,,NODATA,25
fujairah,2012-05-07,0,0,,,5,25,0.0000,False,,NODATA,25
fujairah,2012-05-08,0,0,,,5,25,0.0000,False,,NODATA,25
fujairah,2012-05-09,0,0,,,5,25,0.0000,False,,NODATA,25
fujairah,2012-05-10,0,0,,,5,25,0.0000,False,,NODATA,25
fujairah,2012-05-11,0,0,,,5,25,0.0000,False,,NODATA,25
fujairah,2012-05-12,0,0,,,5,25,0.0000,False,,NODATA,25
fujairah,2012-05-13,0,0,,,5,25,0.0000,False,,NODATA,25
fujairah,2012-05-14,0,0,,,5,25,0.0000,False,,NODATA,25
fujairah,2012-05-15,0,0,,,5,25,0.0000,False,,NODATA,25
fujairah,2012-05-16,0,0,,,5,25,0.0000,False,,NODATA,25
fujairah,2012-05-17,0,0,,,5,25,0.0000,False,,NODATA,25
fujairah,2012-05-18,0,0,,,5,25,0.0000,False,,NODATA,25
fujairah,2012-05-19,0,0,,,5,25,0.0000,False,,NODATA,25
fujairah,2012-05-20,0,0,,,5,25,0.0000,False,,NODATA,25
fujairah,2012-05-21,0,0,,,5,25,0.0000,False,,NODATA,25
fujairah,2012-05-22,0,0,,,5,25,0.0000,False,,NODATA,25
fujairah,2012-05-23,0,0,,,5,25,0.0000,False,,NODATA,25
fujairah,2012-05-24,0,0,,,5,25,0.0000,False,,NODATA,25
fujairah,2012-05-25,0,0,,,5,25,0.0000,False,,NODATA,25
fujairah,2012-05-26,0,0,,,5,25,0.0000,False,,NODATA,25
fujairah,2012-05-27,0,0,,,5,25,0.0000,False,,NODATA,25
fujairah,2012-05-28,0,0,,,5,25,0.0000,False,,NODATA,25
fujairah,2012-05-29,0,0,,,5,25,0.0000,False,,NODATA,25
fujairah,2012-05-30,0,0,,,5,25,0.0000,False,,NODATA,25
fujairah,2012-05-31,0,0,,,5,25,0.0000,False,,NODATA,25
fujairah,2012-06-01,0,0,,,6,12,0.0000,False,,NODATA,25
fujairah,2012-06-02,0,0,,,6,12,0.0000,False,,NODATA,25
fujairah,2012-06-03,0,0,,,6,12,0.0000,False,,NODATA,25
fujairah,2012-06-04,0,0,,,6,12,0.0000,False,,NODATA,25
fujairah,2012-06-05,0,0,,,6,12,0.0000,False,,NODATA,25
fujairah,2012-06-06,0,0,,,6,12,0.0000,False,,NODATA,25
fujairah,2012-06-07,0,0,,,6,12,0.0000,False,,NODATA,25
fujairah,2012-06-08,0,0,,,6,12,0.0000,False,,NODATA,25
fujairah,2012-06-09,0,0,,,6,12,0.0000,False,,NODATA,25
fujairah,2012-06-10,0,0,,,6,12,0.0000,False,,NODATA,25
fujairah,2012-06-11,0,0,,,6,12,0.0000,False,,NODATA,25
fujairah,2012-06-12,0,0,,,6,12,0.0000,False,,NODATA,25
fujairah,2012-06-13,0,0,,,6,12,0.0000,False,,NODATA,25
fujairah,2012-06-14,0,0,,,6,12,0.0000,False,,NODATA,25
fujairah,2012-06-15,0,0,,,6,12,0.0000,False,,NODATA,25
fujairah,2012-06-16,0,0,,,6,12,0.0000,False,,NODATA,25
fujairah,2012-06-17,0,0,,,6,12,0.0000,False,,NODATA,25
fujairah,2012-06-18,12,0,-0.6615,-0.8210,6,12,1.0000,True,0.0000,QUIET,25
fujairah,2012-06-19,0,0,,,6,12,0.0000,False,,NODATA,25
fujairah,2012-06-20,0,0,,,6,12,0.0000,False,,NODATA,25
fujairah,2012-06-21,0,0,,,6,12,0.0000,False,,NODATA,25
fujairah,2012-06-22,0,0,,,6,12,0.0000,False,,NODATA,25
fujairah,2012-06-23,0,0,,,6,12,0.0000,False,,NODATA,25
fujairah,2012-06-24,0,0,,,6,12,0.0000,False,,NODATA,25
fujairah,2012-06-25,0,0,,,6,12,0.0000,False,,NODATA,25
fujairah,2012-06-26,0,0,,,6,12,0.0000,False,,NODATA,25
fujairah,2012-06-27,0,0,,,6,12,0.0000,False,,NODATA,25
fujairah,2012-06-28,0,0,,,6,12,0.0000,False,,NODATA,25
fujairah,2012-06-29,0,0,,,6,12,0.0000,False,,NODATA,25
fujairah,2012-06-30,0,0,,,6,12,0.0000,False,,NODATA,25
fujairah,2012-07-01,0,0,,,7,0,0.0000,False,,NODATA,25
fujairah,2012-07-02,0,0,,,7,0,0.0000,False,,NODATA,25
fujairah,2012-07-03,0,0,,,7,0,0.0000,False,,NODATA,25
fujairah,2012-07-04,0,0,,,7,0,0.0000,False,,NODATA,25
fujairah,2012-07-05,0,0,,,7,0,0.0000,False,,NODATA,25
fujairah,2012-07-06,0,0,,,7,0,0.0000,False,,NODATA,25
fujairah,2012-07-07,0,0,,,7,0,0.0000,False,,NODATA,25
fujairah,2012-07-08,0,0,,,7,0,0.0000,False,,NODATA,25
fujairah,2012-07-09,0,0,,,7,0,0.0000,False,,NODATA,25
fujairah,2012-07-10,0,0,,,7,0,0.0000,False,,NODATA,25
fujairah,2012-07-11,0,0,,,7,0,0.0000,False,,NODATA,25
fujairah,2012-07-12,0,0,,,7,0,0.0000,False,,NODATA,25
fujairah,2012-07-13,0,0,,,7,0,0.0000,False,,NODATA,25
fujairah,2012-07-14,0,0,,,7,0,0.0000,False,,NODATA,25
fujairah,2012-07-15,0,0,,,7,0,0.0000,False,,NODATA,25
fujairah,2012-07-16,0,0,,,7,0,0.0000,False,,NODATA,25
fujairah,2012-07-17,0,0,,,7,0,0.0000,False,,NODATA,25
fujairah,2012-07-18,0,0,,,7,0,0.0000,False,,NODATA,25
fujairah,2012-07-19,0,0,,,7,0,0.0000,False,,NODATA,25
fujairah,2012-07-20,0,0,,,7,0,0.0000,False,,NODATA,25
fujairah,2012-07-21,0,0,,,7,0,0.0000,False,,NODATA,25
fujairah,2012-07-22,0,0,,,7,0,0.0000,False,,NODATA,25
fujairah,2012-07-23,0,0,,,7,0,0.0000,False,,NODATA,25
fujairah,2012-07-24,0,0,,,7,0,0.0000,False,,NODATA,25
fujairah,2012-07-25,0,0,,,7,0,0.0000,False,,NODATA,25
fujairah,2012-07-26,0,0,,,7,0,0.0000,False,,NODATA,25
fujairah,2012-07-27,0,0,,,7,0,0.0000,False,,NODATA,25
fujairah,2012-07-28,0,0,,,7,0,0.0000,False,,NODATA,25
fujairah,2012-07-29,0,0,,,7,0,0.0000,False,,NODATA,25
fujairah,2012-07-30,0,0,,,7,0,0.0000,False,,NODATA,25
fujairah,2012-07-31,0,0,,,7,0,0.0000,False,,NODATA,25
fujairah,2012-08-01,0,0,,,8,0,0.0000,False,,NODATA,25
fujairah,2012-08-02,0,0,,,8,0,0.0000,False,,NODATA,25
fujairah,2012-08-03,0,0,,,8,0,0.0000,False,,NODATA,25
fujairah,2012-08-04,0,0,,,8,0,0.0000,False,,NODATA,25
fujairah,2012-08-05,0,0,,,8,0,0.0000,False,,NODATA,25
fujairah,2012-08-06,0,0,,,8,0,0.0000,False,,NODATA,25
fujairah,2012-08-07,0,0,,,8,0,0.0000,False,,NODATA,25
fujairah,2012-08-08,0,0,,,8,0,0.0000,False,,NODATA,25
fujairah,2012-08-09,0,0,,,8,0,0.0000,False,,NODATA,25
fujairah,2012-08-10,0,0,,,8,0,0.0000,False,,NODATA,25
fujairah,2012-08-11,0,0,,,8,0,0.0000,False,,NODATA,25
fujairah,2012-08-12,0,0,,,8,0,0.0000,False,,NODATA,25
fujairah,2012-08-13,0,0,,,8,0,0.0000,False,,NODATA,25
fujairah,2012-08-14,0,0,,,8,0,0.0000,False,,NODATA,25
fujairah,2012-08-15,0,0,,,8,0,0.0000,False,,NODATA,25
fujairah,2012-08-16,0,0,,,8,0,0.0000,False,,NODATA,25
fujairah,2012-08-17,0,0,,,8,0,0.0000,False,,NODATA,25
fujairah,2012-08-18,0,0,,,8,0,0.0000,False,,NODATA,25
fujairah,2012-08-19,0,0,,,8,0,0.0000,False,,NODATA,25
fujairah,2012-08-20,0,0,,,8,0,0.0000,False,,NODATA,25
fujairah,2012-08-21,0,0,,,8,0,0.0000,False,,NODATA,25
fujairah,2012-08-22,0,0,,,8,0,0.0000,False,,NODATA,25
fujairah,2012-08-23,0,0,,,8,0,0.0000,False,,NODATA,25
fujairah,2012-08-24,0,0,,,8,0,0.0000,False,,NODATA,25
fujairah,2012-08-25,0,0,,,8,0,0.0000,False,,NODATA,25
fujairah,2012-08-26,0,0,,,8,0,0.0000,False,,NODATA,25
fujairah,2012-08-27,0,0,,,8,0,0.0000,False,,NODATA,25
fujairah,2012-08-28,0,0,,,8,0,0.0000,False,,NODATA,25
fujairah,2012-08-29,0,0,,,8,0,0.0000,False,,NODATA,25
fujairah,2012-08-30,0,0,,,8,0,0.0000,False,,NODATA,25
fujairah,2012-08-31,0,0,,,8,0,0.0000,False,,NODATA,25
fujairah,2012-09-01,0,0,,,9,37,0.0000,False,,NODATA,25
fujairah,2012-09-02,0,0,,,9,37,0.0000,False,,NODATA,25
fujairah,2012-09-03,0,0,,,9,37,0.0000,False,,NODATA,25
fujairah,2012-09-04,0,0,,,9,37,0.0000,False,,NODATA,25
fujairah,2012-09-05,0,0,,,9,37,0.0000,False,,NODATA,25
fujairah,2012-09-06,0,0,,,9,37,0.0000,False,,NODATA,25
fujairah,2012-09-07,0,0,,,9,37,0.0000,False,,NODATA,25
fujairah,2012-09-08,0,0,,,9,37,0.0000,False,,NODATA,25
fujairah,2012-09-09,0,0,,,9,37,0.0000,False,,NODATA,25
fujairah,2012-09-10,0,0,,,9,37,0.0000,False,,NODATA,25
fujairah,2012-09-11,0,0,,,9,37,0.0000,False,,NODATA,25
fujairah,2012-09-12,0,0,,,9,37,0.0000,False,,NODATA,25
fujairah,2012-09-13,0,0,,,9,37,0.0000,False,,NODATA,25
fujairah,2012-09-14,0,0,,,9,37,0.0000,False,,NODATA,25
fujairah,2012-09-15,0,0,,,9,37,0.0000,False,,NODATA,25
fujairah,2012-09-16,0,0,,,9,37,0.0000,False,,NODATA,25
fujairah,2012-09-17,0,0,,,9,37,0.0000,False,,NODATA,25
fujairah,2012-09-18,0,0,,,9,37,0.0000,False,,NODATA,25
fujairah,2012-09-19,0,0,,,9,37,0.0000,False,,NODATA,25
fujairah,2012-09-20,0,0,,,9,37,0.0000,False,,NODATA,25
fujairah,2012-09-21,0,0,,,9,37,0.0000,False,,NODATA,25
fujairah,2012-09-22,0,0,,,9,37,0.0000,False,,NODATA,25
fujairah,2012-09-23,0,0,,,9,37,0.0000,False,,NODATA,25
fujairah,2012-09-24,0,0,,,9,37,0.0000,False,,NODATA,25
fujairah,2012-09-25,0,0,,,9,37,0.0000,False,,NODATA,25
fujairah,2012-09-26,0,0,,,9,37,0.0000,False,,NODATA,25
fujairah,2012-09-27,0,0,,,9,37,0.0000,False,,NODATA,25
fujairah,2012-09-28,0,0,,,9,37,0.0000,False,,NODATA,25
fujairah,2012-09-29,26,0,1.5699,-0.5353,9,37,0.7027,True,0.0000,QUIET,25
fujairah,2012-09-30,0,0,,,9,37,0.0000,False,,NODATA,25
fujairah,2012-10-01,39,1,2.6628,-0.4414,10,48,0.8125,True,0.0256,QUIET,25
fujairah,2012-10-02,0,0,,,10,48,0.0000,False,,NODATA,25
fujairah,2012-10-03,2,0,-0.7844,-0.5546,10,48,0.0417,False,,NODATA,25
fujairah,2012-10-04,16,0,-0.3747,-0.4766,10,48,0.3333,True,0.0000,QUIET,25
fujairah,2012-10-05,37,0,-0.8101,-0.6115,10,48,0.7708,True,0.0000,QUIET,25
fujairah,2012-10-06,38,0,-0.2969,-0.4539,10,48,0.7917,True,0.0000,QUIET,25
fujairah,2012-10-07,27,0,-0.8744,-0.6155,10,48,0.5625,True,0.0000,QUIET,25
fujairah,2012-10-08,47,0,-0.0855,-0.4410,10,48,0.9792,True,0.0000,QUIET,25
fujairah,2012-10-09,0,0,,,10,48,0.0000,False,,NODATA,25
fujairah,2012-10-10,46,0,-0.1296,-0.4651,10,48,0.9583,True,0.0000,QUIET,25
fujairah,2012-10-11,0,0,,,10,48,0.0000,False,,NODATA,25
fujairah,2012-10-12,23,0,-0.6008,-0.5393,10,48,0.4792,True,0.0000,QUIET,25
fujairah,2012-10-13,6,0,-0.5924,-0.5074,10,48,0.1250,True,0.0000,QUIET,25
fujairah,2012-10-14,4,0,-1.0148,-0.5740,10,48,0.0833,False,,NODATA,25
fujairah,2012-10-15,0,0,,,10,48,0.0000,False,,NODATA,25
fujairah,2012-10-16,0,0,,,10,48,0.0000,False,,NODATA,25
fujairah,2012-10-17,1,0,-0.7741,-0.5032,10,48,0.0208,False,,NODATA,25
fujairah,2012-10-18,0,0,,,10,48,0.0000,False,,NODATA,25
fujairah,2012-10-19,29,0,0.5139,-0.3818,10,48,0.6042,True,0.0000,QUIET,25
fujairah,2012-10-20,0,0,,,10,48,0.0000,False,,NODATA,25
fujairah,2012-10-21,0,0,,,10,48,0.0000,False,,NODATA,25
fujairah,2012-10-22,36,0,1.1866,-0.2853,10,48,0.7500,True,0.0000,QUIET,25
fujairah,2012-10-23,0,0,,,10,48,0.0000,False,,NODATA,25
fujairah,2012-10-24,44,1,3.1459,-0.2994,10,48,0.9167,True,0.0227,QUIET,25
fujairah,2012-10-25,0,0,,,10,48,0.0000,False,,NODATA,25
fujairah,2012-10-26,47,0,1.6947,-0.3059,10,48,0.9792,True,0.0000,QUIET,25
fujairah,2012-10-27,0,0,,,10,48,0.0000,False,,NODATA,25
fujairah,2012-10-28,0,0,,,10,48,0.0000,False,,NODATA,25
fujairah,2012-10-29,0,0,,,10,48,0.0000,False,,NODATA,25
fujairah,2012-10-30,0,0,,,10,48,0.0000,False,,NODATA,25
fujairah,2012-10-31,37,1,2.1031,-0.1375,10,48,0.7708,True,0.0270,QUIET,25
fujairah,2012-11-01,0,0,,,11,48,0.0000,False,,NODATA,25
fujairah,2012-11-02,48,0,0.1999,-0.0900,11,48,1.0000,True,0.0000,QUIET,25
fujairah,2012-11-03,0,0,,,11,48,0.0000,False,,NODATA,25
fujairah,2012-11-04,45,0,0.0761,-0.1535,11,48,0.9375,True,0.0000,QUIET,25
fujairah,2012-11-05,15,0,-0.2441,-0.1359,11,48,0.3125,True,0.0000,QUIET,25
fujairah,2012-11-06,19,0,-0.3385,-0.3120,11,48,0.3958,True,0.0000,QUIET,25
fujairah,2012-11-07,0,0,,,11,48,0.0000,False,,NODATA,25
fujairah,2012-11-08,0,0,,,11,48,0.0000,False,,NODATA,25
fujairah,2012-11-09,35,0,-0.0539,-0.1120,11,48,0.7292,True,0.0000,QUIET,25
fujairah,2012-11-10,0,0,,,11,48,0.0000,False,,NODATA,25
fujairah,2012-11-11,14,0,-0.0607,-0.0809,11,48,0.2917,True,0.0000,QUIET,25
fujairah,2012-11-12,0,0,,,11,48,0.0000,False,,NODATA,25
fujairah,2012-11-13,0,0,,,11,48,0.0000,False,,NODATA,25
fujairah,2012-11-14,13,0,-0.4125,-0.3474,11,48,0.2708,True,0.0000,QUIET,25
fujairah,2012-11-15,0,0,,,11,48,0.0000,False,,NODATA,25
fujairah,2012-11-16,37,0,0.3150,-0.1074,11,48,0.7708,True,0.0000,QUIET,25
fujairah,2012-11-17,0,0,,,11,48,0.0000,False,,NODATA,25
fujairah,2012-11-18,48,0,0.4703,-0.0225,11,48,1.0000,True,0.0000,QUIET,25
fujairah,2012-11-19,0,0,,,11,48,0.0000,False,,NODATA,25
fujairah,2012-11-20,24,0,0.6343,0.1558,11,48,0.5000,True,0.0000,QUIET,25
fujairah,2012-11-21,0,0,,,11,48,0.0000,False,,NODATA,25
fujairah,2012-11-22,0,0,,,11,48,0.0000,False,,NODATA,25
fujairah,2012-11-23,0,0,,,11,48,0.0000,False,,NODATA,25
fujairah,2012-11-24,0,0,,,11,48,0.0000,False,,NODATA,25
fujairah,2012-11-25,34,4,2.0913,0.4859,11,48,0.7083,True,0.1176,QUIET,25
fujairah,2012-11-26,0,0,,,11,48,0.0000,False,,NODATA,25
fujairah,2012-11-27,0,0,,,11,48,0.0000,False,,NODATA,25
fujairah,2012-11-28,0,0,,,11,48,0.0000,False,,NODATA,25
fujairah,2012-11-29,27,0,-0.0004,-0.0976,11,48,0.5625,True,0.0000,QUIET,25
fujairah,2012-11-30,0,0,,,11,48,0.0000,False,,NODATA,25
fujairah,2012-12-01,6,0,-2.0554,-0.5101,12,48,0.1250,True,0.0000,QUIET,25
fujairah,2012-12-02,41,0,-0.0445,-0.0121,12,48,0.8542,True,0.0000,QUIET,25
fujairah,2012-12-03,0,0,,,12,48,0.0000,False,,NODATA,25
fujairah,2012-12-04,26,0,0.1586,0.1152,12,48,0.5417,True,0.0000,QUIET,25
fujairah,2012-12-05,0,0,,,12,48,0.0000,False,,NODATA,25
fujairah,2012-12-06,1,0,-1.1555,-0.2211,12,48,0.0208,False,,NODATA,25
fujairah,2012-12-07,0,0,,,12,48,0.0000,False,,NODATA,25
fujairah,2012-12-08,20,0,1.9399,-0.0281,12,48,0.4167,True,0.0000,QUIET,25
fujairah,2012-12-09,10,7,6.4406,1.0517,12,48,0.2083,True,0.7000,EXCEED,25
fujairah,2012-12-10,26,3,2.9319,0.2430,12,48,0.5417,True,0.1154,QUIET,25
fujairah,2012-12-11,43,11,4.4052,0.5326,12,48,0.8958,True,0.2558,QUIET,25
fujairah,2012-12-12,0,0,,,12,48,0.0000,False,,NODATA,25
fujairah,2012-12-13,47,0,1.7770,0.1481,12,48,0.9792,True,0.0000,QUIET,25
fujairah,2012-12-14,0,0,,,12,48,0.0000,False,,NODATA,25
fujairah,2012-12-15,0,0,,,12,48,0.0000,False,,NODATA,25
fujairah,2012-12-16,0,0,,,12,48,0.0000,False,,NODATA,25
fujairah,2012-12-17,0,0,,,12,48,0.0000,False,,NODATA,25
fujairah,2012-12-18,0,0,,,12,48,0.0000,False,,NODATA,25
fujairah,2012-12-19,0,0,,,12,48,0.0000,False,,NODATA,25
fujairah,2012-12-20,44,1,3.0074,0.1836,12,48,0.9167,True,0.0227,QUIET,25
fujairah,2012-12-21,0,0,,,12,48,0.0000,False,,NODATA,25
fujairah,2012-12-22,47,2,2.1948,0.1364,12,48,0.9792,True,0.0426,QUIET,25
fujairah,2012-12-23,2,2,4.5722,1.3829,12,48,0.0417,False,,NODATA,25
fujairah,2012-12-24,37,0,0.7498,0.0131,12,48,0.7708,True,0.0000,QUIET,25
fujairah,2012-12-25,2,0,1.8084,0.6736,12,48,0.0417,False,,NODATA,25
fujairah,2012-12-26,0,0,,,12,48,0.0000,False,,NODATA,25
fujairah,2012-12-27,33,2,2.2163,-0.1054,12,48,0.6875,True,0.0606,QUIET,25
fujairah,2012-12-28,0,0,,,12,48,0.0000,False,,NODATA,25
fujairah,2012-12-29,25,1,2.0067,-0.0555,12,48,0.5208,True,0.0400,QUIET,25
fujairah,2012-12-30,0,0,,,12,48,0.0000,False,,NODATA,25
fujairah,2012-12-31,41,0,1.8888,0.0590,12,48,0.8542,True,0.0000,QUIET,25
fujairah,2013-01-01,36,4,3.0986,0.0518,1,47,0.7660,True,0.1111,QUIET,25
fujairah,2013-01-02,36,5,3.7571,0.1080,1,47,0.7660,True,0.1389,QUIET,25
fujairah,2013-01-03,40,13,4.0843,0.5531,1,47,0.8511,True,0.3250,EXCEED,25
fujairah,2013-01-04,0,0,,,1,47,0.0000,False,,NODATA,25
fujairah,2013-01-05,30,16,3.8341,0.8507,1,47,0.6383,True,0.5333,ALERT,25
fujairah,2013-01-06,0,0,,,1,47,0.0000,False,,NODATA,25
fujairah,2013-01-07,10,2,2.3637,0.4936,1,47,0.2128,True,0.2000,QUIET,25
fujairah,2013-01-08,0,0,,,1,47,0.0000,False,,NODATA,25
fujairah,2013-01-09,0,0,,,1,47,0.0000,False,,NODATA,25
fujairah,2013-01-10,0,0,,,1,47,0.0000,False,,NODATA,25
fujairah,2013-01-11,0,0,,,1,47,0.0000,False,,NODATA,25
fujairah,2013-01-12,1,0,-0.6089,-0.1466,1,47,0.0213,False,,NODATA,25
fujairah,2013-01-13,0,0,,,1,47,0.0000,False,,NODATA,25
fujairah,2013-01-14,0,0,,,1,47,0.0000,False,,NODATA,25
fujairah,2013-01-15,0,0,,,1,47,0.0000,False,,NODATA,25
fujairah,2013-01-16,0,0,,,1,47,0.0000,False,,NODATA,25
fujairah,2013-01-17,4,2,2.3568,0.5493,1,47,0.0851,False,,NODATA,25
fujairah,2013-01-18,36,0,0.3689,0.0180,1,47,0.7660,True,0.0000,QUIET,25
fujairah,2013-01-19,40,0,1.0036,0.1041,1,47,0.8511,True,0.0000,QUIET,25
fujairah,2013-01-20,17,0,-0.1450,-0.1385,1,47,0.3617,True,0.0000,QUIET,25
fujairah,2013-01-21,30,9,5.3378,0.8014,1,47,0.6383,True,0.3000,QUIET,25
fujairah,2013-01-22,0,0,,,1,47,0.0000,False,,NODATA,25
fujairah,2013-01-23,46,0,1.3554,0.0376,1,47,0.9787,True,0.0000,QUIET,25
fujairah,2013-01-24,19,8,4.7780,0.6954,1,47,0.4043,True,0.4211,EXCEED,25
fujairah,2013-01-25,0,0,,,1,47,0.0000,False,,NODATA,25
fujairah,2013-01-26,0,0,,,1,47,0.0000,False,,NODATA,25
fujairah,2013-01-27,0,0,,,1,47,0.0000,False,,NODATA,25
fujairah,2013-01-28,0,0,,,1,47,0.0000,False,,NODATA,25
fujairah,2013-01-29,0,0,,,1,47,0.0000,False,,NODATA,25
fujairah,2013-01-30,0,0,,,1,47,0.0000,False,,NODATA,25
fujairah,2013-01-31,0,0,,,1,47,0.0000,False,,NODATA,25
fujairah,2013-02-01,0,0,,,2,44,0.0000,False,,NODATA,25
fujairah,2013-02-02,0,0,,,2,44,0.0000,False,,NODATA,25
fujairah,2013-02-03,0,0,,,2,44,0.0000,False,,NODATA,25
fujairah,2013-02-04,24,0,0.9683,0.5789,2,44,0.5455,True,0.0000,QUIET,25
fujairah,2013-02-05,9,0,-0.0911,0.1672,2,44,0.2045,True,0.0000,QUIET,25
fujairah,2013-02-06,44,0,1.0893,0.2449,2,44,1.0000,True,0.0000,QUIET,25
fujairah,2013-02-07,0,0,,,2,44,0.0000,False,,NODATA,25
fujairah,2013-02-08,34,0,0.6634,0.3325,2,44,0.7727,True,0.0000,QUIET,25
fujairah,2013-02-09,26,0,1.9837,0.5537,2,44,0.5909,True,0.0000,QUIET,25
fujairah,2013-02-10,0,0,,,2,44,0.0000,False,,NODATA,25
fujairah,2013-02-11,0,0,,,2,44,0.0000,False,,NODATA,25
fujairah,2013-02-12,0,0,,,2,44,0.0000,False,,NODATA,25
fujairah,2013-02-13,24,0,1.5585,0.7319,2,44,0.5455,True,0.0000,QUIET,25
fujairah,2013-02-14,0,0,,,2,44,0.0000,False,,NODATA,25
fujairah,2013-02-15,0,0,,,2,44,0.0000,False,,NODATA,25
fujairah,2013-02-16,0,0,,,2,44,0.0000,False,,NODATA,25
fujairah,2013-02-17,0,0,,,2,44,0.0000,False,,NODATA,25
fujairah,2013-02-18,0,0,,,2,44,0.0000,False,,NODATA,25
fujairah,2013-02-19,0,0,,,2,44,0.0000,False,,NODATA,25
fujairah,2013-02-20,0,0,,,2,44,0.0000,False,,NODATA,25
fujairah,2013-02-21,0,0,,,2,44,0.0000,False,,NODATA,25
fujairah,2013-02-22,43,0,1.2991,0.6652,2,44,0.9773,True,0.0000,QUIET,25
fujairah,2013-02-23,0,0,,,2,44,0.0000,False,,NODATA,25
fujairah,2013-02-24,0,0,,,2,44,0.0000,False,,NODATA,25
fujairah,2013-02-25,0,0,,,2,44,0.0000,False,,NODATA,25
fujairah,2013-02-26,0,0,,,2,44,0.0000,False,,NODATA,25
fujairah,2013-02-27,30,0,1.4315,0.2985,2,44,0.6818,True,0.0000,QUIET,25
fujairah,2013-02-28,0,0,,,2,44,0.0000,False,,NODATA,25
fujairah,2013-03-01,32,4,4.0533,0.2811,3,44,0.7273,True,0.1250,QUIET,25
fujairah,2013-03-02,0,0,,,3,44,0.0000,False,,NODATA,25
fujairah,2013-03-03,22,3,2.2569,1.0193,3,44,0.5000,True,0.1364,QUIET,25
fujairah,2013-03-04,0,0,,,3,44,0.0000,False,,NODATA,25
fujairah,2013-03-05,18,0,1.8787,0.8940,3,44,0.4091,True,0.0000,QUIET,25
fujairah,2013-03-06,0,0,,,3,44,0.0000,False,,NODATA,25
fujairah,2013-03-07,2,0,1.3419,0.9303,3,44,0.0455,False,,NODATA,25
fujairah,2013-03-08,0,0,,,3,44,0.0000,False,,NODATA,25
fujairah,2013-03-09,8,0,0.6877,0.5838,3,44,0.1818,True,0.0000,QUIET,25
fujairah,2013-03-10,0,0,,,3,44,0.0000,False,,NODATA,25
fujairah,2013-03-11,0,0,,,3,44,0.0000,False,,NODATA,25
fujairah,2013-03-12,0,0,,,3,44,0.0000,False,,NODATA,25
fujairah,2013-03-13,0,0,,,3,44,0.0000,False,,NODATA,25
fujairah,2013-03-14,38,2,2.0742,0.7777,3,44,0.8636,True,0.0526,QUIET,25
fujairah,2013-03-15,37,0,1.8869,0.6054,3,44,0.8409,True,0.0000,QUIET,25
fujairah,2013-03-16,0,0,,,3,44,0.0000,False,,NODATA,25
fujairah,2013-03-17,38,1,3.1321,0.4349,3,44,0.8636,True,0.0263,QUIET,25
fujairah,2013-03-18,0,0,,,3,44,0.0000,False,,NODATA,25
fujairah,2013-03-19,0,0,,,3,44,0.0000,False,,NODATA,25
fujairah,2013-03-20,0,0,,,3,44,0.0000,False,,NODATA,25
fujairah,2013-03-21,0,0,,,3,44,0.0000,False,,NODATA,25
fujairah,2013-03-22,0,0,,,3,44,0.0000,False,,NODATA,25
fujairah,2013-03-23,13,0,-0.4263,0.0970,3,44,0.2955,True,0.0000,QUIET,25
fujairah,2013-03-24,0,0,,,3,44,0.0000,False,,NODATA,25
fujairah,2013-03-25,0,0,,,3,44,0.0000,False,,NODATA,25
fujairah,2013-03-26,0,0,,,3,44,0.0000,False,,NODATA,25
fujairah,2013-03-27,0,0,,,3,44,0.0000,False,,NODATA,25
fujairah,2013-03-28,0,0,,,3,44,0.0000,False,,NODATA,25
fujairah,2013-03-29,5,0,0.0810,0.2052,3,44,0.1136,True,0.0000,QUIET,25
fujairah,2013-03-30,0,0,,,3,44,0.0000,False,,NODATA,25
fujairah,2013-03-31,0,0,,,3,44,0.0000,False,,NODATA,25
fujairah,2013-04-01,0,0,,,4,41,0.0000,False,,NODATA,25
fujairah,2013-04-02,36,0,0.3620,-0.1611,4,41,0.8780,True,0.0000,QUIET,25
fujairah,2013-04-03,0,0,,,4,41,0.0000,False,,NODATA,25
fujairah,2013-04-04,0,0,,,4,41,0.0000,False,,NODATA,25
fujairah,2013-04-05,0,0,,,4,41,0.0000,False,,NODATA,25
fujairah,2013-04-06,0,0,,,4,41,0.0000,False,,NODATA,25
fujairah,2013-04-07,0,0,,,4,41,0.0000,False,,NODATA,25
fujairah,2013-04-08,0,0,,,4,41,0.0000,False,,NODATA,25
fujairah,2013-04-09,9,0,-0.0697,-0.1907,4,41,0.2195,True,0.0000,QUIET,25
fujairah,2013-04-10,0,0,,,4,41,0.0000,False,,NODATA,25
fujairah,2013-04-11,0,0,,,4,41,0.0000,False,,NODATA,25
fujairah,2013-04-12,0,0,,,4,41,0.0000,False,,NODATA,25
fujairah,2013-04-13,0,0,,,4,41,0.0000,False,,NODATA,25
fujairah,2013-04-14,0,0,,,4,41,0.0000,False,,NODATA,25
fujairah,2013-04-15,0,0,,,4,41,0.0000,False,,NODATA,25
fujairah,2013-04-16,0,0,,,4,41,0.0000,False,,NODATA,25
fujairah,2013-04-17,0,0,,,4,41,0.0000,False,,NODATA,25
fujairah,2013-04-18,0,0,,,4,41,0.0000,False,,NODATA,25
fujairah,2013-04-19,0,0,,,4,41,0.0000,False,,NODATA,25
fujairah,2013-04-20,0,0,,,4,41,0.0000,False,,NODATA,25
fujairah,2013-04-21,0,0,,,4,41,0.0000,False,,NODATA,25
fujairah,2013-04-22,0,0,,,4,41,0.0000,False,,NODATA,25
fujairah,2013-04-23,0,0,,,4,41,0.0000,False,,NODATA,25
fujairah,2013-04-24,0,0,,,4,41,0.0000,False,,NODATA,25
fujairah,2013-04-25,0,0,,,4,41,0.0000,False,,NODATA,25
fujairah,2013-04-26,0,0,,,4,41,0.0000,False,,NODATA,25
fujairah,2013-04-27,0,0,,,4,41,0.0000,False,,NODATA,25
fujairah,2013-04-28,0,0,,,4,41,0.0000,False,,NODATA,25
fujairah,2013-04-29,0,0,,,4,41,0.0000,False,,NODATA,25
fujairah,2013-04-30,0,0,,,4,41,0.0000,False,,NODATA,25
fujairah,2013-05-01,0,0,,,5,25,0.0000,False,,NODATA,25
fujairah,2013-05-02,0,0,,,5,25,0.0000,False,,NODATA,25
fujairah,2013-05-03,0,0,,,5,25,0.0000,False,,NODATA,25
fujairah,2013-05-04,0,0,,,5,25,0.0000,False,,NODATA,25
fujairah,2013-05-05,0,0,,,5,25,0.0000,False,,NODATA,25
fujairah,2013-05-06,0,0,,,5,25,0.0000,False,,NODATA,25
fujairah,2013-05-07,0,0,,,5,25,0.0000,False,,NODATA,25
fujairah,2013-05-08,0,0,,,5,25,0.0000,False,,NODATA,25
fujairah,2013-05-09,0,0,,,5,25,0.0000,False,,NODATA,25
fujairah,2013-05-10,0,0,,,5,25,0.0000,False,,NODATA,25
fujairah,2013-05-11,25,4,2.3906,-0.4257,5,25,1.0000,True,0.1600,QUIET,25
fujairah,2013-05-12,0,0,,,5,25,0.0000,False,,NODATA,25
fujairah,2013-05-13,0,0,,,5,25,0.0000,False,,NODATA,25
fujairah,2013-05-14,0,0,,,5,25,0.0000,False,,NODATA,25
fujairah,2013-05-15,0,0,,,5,25,0.0000,False,,NODATA,25
fujairah,2013-05-16,16,16,7.7537,-0.0097,5,25,0.6400,True,1.0000,EXCEED,25
fujairah,2013-05-17,0,0,,,5,25,0.0000,False,,NODATA,25
fujairah,2013-05-18,25,24,4.9281,-0.2395,5,25,1.0000,True,0.9600,ALERT,25
fujairah,2013-05-19,0,0,,,5,25,0.0000,False,,NODATA,25
fujairah,2013-05-20,0,0,,,5,25,0.0000,False,,NODATA,25
fujairah,2013-05-21,0,0,,,5,25,0.0000,False,,NODATA,25
fujairah,2013-05-22,0,0,,,5,25,0.0000,False,,NODATA,25
fujairah,2013-05-23,0,0,,,5,25,0.0000,False,,NODATA,25
fujairah,2013-05-24,0,0,,,5,25,0.0000,False,,NODATA,25
fujairah,2013-05-25,25,18,3.6753,-0.2936,5,25,1.0000,True,0.7200,ALERT,25
fujairah,2013-05-26,9,0,1.9422,-0.4812,5,25,0.3600,True,0.0000,QUIET,25
fujairah,2013-05-27,18,0,0.8049,-0.5328,5,25,0.7200,True,0.0000,QUIET,25
fujairah,2013-05-28,0,0,,,5,25,0.0000,False,,NODATA,25
fujairah,2013-05-29,0,0,,,5,25,0.0000,False,,NODATA,25
fujairah,2013-05-30,0,0,,,5,25,0.0000,False,,NODATA,25
fujairah,2013-05-31,0,0,,,5,25,0.0000,False,,NODATA,25
fujairah,2013-06-01,0,0,,,6,12,0.0000,False,,NODATA,25
fujairah,2013-06-02,0,0,,,6,12,0.0000,False,,NODATA,25
fujairah,2013-06-03,0,0,,,6,12,0.0000,False,,NODATA,25
fujairah,2013-06-04,5,0,0.7499,-0.5520,6,12,0.4167,True,0.0000,QUIET,25
fujairah,2013-06-05,0,0,,,6,12,0.0000,False,,NODATA,25
fujairah,2013-06-06,0,0,,,6,12,0.0000,False,,NODATA,25
fujairah,2013-06-07,0,0,,,6,12,0.0000,False,,NODATA,25
fujairah,2013-06-08,0,0,,,6,12,0.0000,False,,NODATA,25
fujairah,2013-06-09,0,0,,,6,12,0.0000,False,,NODATA,25
fujairah,2013-06-10,0,0,,,6,12,0.0000,False,,NODATA,25
fujairah,2013-06-11,0,0,,,6,12,0.0000,False,,NODATA,25
fujairah,2013-06-12,0,0,,,6,12,0.0000,False,,NODATA,25
fujairah,2013-06-13,0,0,,,6,12,0.0000,False,,NODATA,25
fujairah,2013-06-14,0,0,,,6,12,0.0000,False,,NODATA,25
fujairah,2013-06-15,0,0,,,6,12,0.0000,False,,NODATA,25
fujairah,2013-06-16,0,0,,,6,12,0.0000,False,,NODATA,25
fujairah,2013-06-17,0,0,,,6,12,0.0000,False,,NODATA,25
fujairah,2013-06-18,0,0,,,6,12,0.0000,False,,NODATA,25
fujairah,2013-06-19,0,0,,,6,12,0.0000,False,,NODATA,25
fujairah,2013-06-20,0,0,,,6,12,0.0000,False,,NODATA,25
fujairah,2013-06-21,0,0,,,6,12,0.0000,False,,NODATA,25
fujairah,2013-06-22,0,0,,,6,12,0.0000,False,,NODATA,25
fujairah,2013-06-23,0,0,,,6,12,0.0000,False,,NODATA,25
fujairah,2013-06-24,0,0,,,6,12,0.0000,False,,NODATA,25
fujairah,2013-06-25,0,0,,,6,12,0.0000,False,,NODATA,25
fujairah,2013-06-26,0,0,,,6,12,0.0000,False,,NODATA,25
fujairah,2013-06-27,0,0,,,6,12,0.0000,False,,NODATA,25
fujairah,2013-06-28,0,0,,,6,12,0.0000,False,,NODATA,25
fujairah,2013-06-29,0,0,,,6,12,0.0000,False,,NODATA,25
fujairah,2013-06-30,0,0,,,6,12,0.0000,False,,NODATA,25
fujairah,2013-07-01,0,0,,,7,0,0.0000,False,,NODATA,25
fujairah,2013-07-02,0,0,,,7,0,0.0000,False,,NODATA,25
fujairah,2013-07-03,0,0,,,7,0,0.0000,False,,NODATA,25
fujairah,2013-07-04,0,0,,,7,0,0.0000,False,,NODATA,25
fujairah,2013-07-05,0,0,,,7,0,0.0000,False,,NODATA,25
fujairah,2013-07-06,0,0,,,7,0,0.0000,False,,NODATA,25
fujairah,2013-07-07,0,0,,,7,0,0.0000,False,,NODATA,25
fujairah,2013-07-08,0,0,,,7,0,0.0000,False,,NODATA,25
fujairah,2013-07-09,0,0,,,7,0,0.0000,False,,NODATA,25
fujairah,2013-07-10,0,0,,,7,0,0.0000,False,,NODATA,25
fujairah,2013-07-11,0,0,,,7,0,0.0000,False,,NODATA,25
fujairah,2013-07-12,0,0,,,7,0,0.0000,False,,NODATA,25
fujairah,2013-07-13,0,0,,,7,0,0.0000,False,,NODATA,25
fujairah,2013-07-14,0,0,,,7,0,0.0000,False,,NODATA,25
fujairah,2013-07-15,0,0,,,7,0,0.0000,False,,NODATA,25
fujairah,2013-07-16,0,0,,,7,0,0.0000,False,,NODATA,25
fujairah,2013-07-17,0,0,,,7,0,0.0000,False,,NODATA,25
fujairah,2013-07-18,0,0,,,7,0,0.0000,False,,NODATA,25
fujairah,2013-07-19,0,0,,,7,0,0.0000,False,,NODATA,25
fujairah,2013-07-20,0,0,,,7,0,0.0000,False,,NODATA,25
fujairah,2013-07-21,0,0,,,7,0,0.0000,False,,NODATA,25
fujairah,2013-07-22,0,0,,,7,0,0.0000,False,,NODATA,25
fujairah,2013-07-23,0,0,,,7,0,0.0000,False,,NODATA,25
fujairah,2013-07-24,0,0,,,7,0,0.0000,False,,NODATA,25
fujairah,2013-07-25,0,0,,,7,0,0.0000,False,,NODATA,25
fujairah,2013-07-26,0,0,,,7,0,0.0000,False,,NODATA,25
fujairah,2013-07-27,0,0,,,7,0,0.0000,False,,NODATA,25
fujairah,2013-07-28,0,0,,,7,0,0.0000,False,,NODATA,25
fujairah,2013-07-29,0,0,,,7,0,0.0000,False,,NODATA,25
fujairah,2013-07-30,0,0,,,7,0,0.0000,False,,NODATA,25
fujairah,2013-07-31,0,0,,,7,0,0.0000,False,,NODATA,25
fujairah,2013-08-01,0,0,,,8,0,0.0000,False,,NODATA,25
fujairah,2013-08-02,0,0,,,8,0,0.0000,False,,NODATA,25
fujairah,2013-08-03,0,0,,,8,0,0.0000,False,,NODATA,25
fujairah,2013-08-04,0,0,,,8,0,0.0000,False,,NODATA,25
fujairah,2013-08-05,0,0,,,8,0,0.0000,False,,NODATA,25
fujairah,2013-08-06,0,0,,,8,0,0.0000,False,,NODATA,25
fujairah,2013-08-07,0,0,,,8,0,0.0000,False,,NODATA,25
fujairah,2013-08-08,0,0,,,8,0,0.0000,False,,NODATA,25
fujairah,2013-08-09,0,0,,,8,0,0.0000,False,,NODATA,25
fujairah,2013-08-10,0,0,,,8,0,0.0000,False,,NODATA,25
fujairah,2013-08-11,0,0,,,8,0,0.0000,False,,NODATA,25
fujairah,2013-08-12,0,0,,,8,0,0.0000,False,,NODATA,25
fujairah,2013-08-13,0,0,,,8,0,0.0000,False,,NODATA,25
fujairah,2013-08-14,0,0,,,8,0,0.0000,False,,NODATA,25
fujairah,2013-08-15,0,0,,,8,0,0.0000,False,,NODATA,25
fujairah,2013-08-16,0,0,,,8,0,0.0000,False,,NODATA,25
fujairah,2013-08-17,0,0,,,8,0,0.0000,False,,NODATA,25
fujairah,2013-08-18,0,0,,,8,0,0.0000,False,,NODATA,25
fujairah,2013-08-19,0,0,,,8,0,0.0000,False,,NODATA,25
fujairah,2013-08-20,0,0,,,8,0,0.0000,False,,NODATA,25
fujairah,2013-08-21,0,0,,,8,0,0.0000,False,,NODATA,25
fujairah,2013-08-22,0,0,,,8,0,0.0000,False,,NODATA,25
fujairah,2013-08-23,0,0,,,8,0,0.0000,False,,NODATA,25
fujairah,2013-08-24,0,0,,,8,0,0.0000,False,,NODATA,25
fujairah,2013-08-25,0,0,,,8,0,0.0000,False,,NODATA,25
fujairah,2013-08-26,0,0,,,8,0,0.0000,False,,NODATA,25
fujairah,2013-08-27,0,0,,,8,0,0.0000,False,,NODATA,25
fujairah,2013-08-28,0,0,,,8,0,0.0000,False,,NODATA,25
fujairah,2013-08-29,0,0,,,8,0,0.0000,False,,NODATA,25
fujairah,2013-08-30,0,0,,,8,0,0.0000,False,,NODATA,25
fujairah,2013-08-31,0,0,,,8,0,0.0000,False,,NODATA,25
fujairah,2013-09-01,0,0,,,9,37,0.0000,False,,NODATA,25
fujairah,2013-09-02,0,0,,,9,37,0.0000,False,,NODATA,25
fujairah,2013-09-03,0,0,,,9,37,0.0000,False,,NODATA,25
fujairah,2013-09-04,0,0,,,9,37,0.0000,False,,NODATA,25
fujairah,2013-09-05,0,0,,,9,37,0.0000,False,,NODATA,25
fujairah,2013-09-06,0,0,,,9,37,0.0000,False,,NODATA,25
fujairah,2013-09-07,0,0,,,9,37,0.0000,False,,NODATA,25
fujairah,2013-09-08,0,0,,,9,37,0.0000,False,,NODATA,25
fujairah,2013-09-09,0,0,,,9,37,0.0000,False,,NODATA,25
fujairah,2013-09-10,0,0,,,9,37,0.0000,False,,NODATA,25
fujairah,2013-09-11,0,0,,,9,37,0.0000,False,,NODATA,25
fujairah,2013-09-12,0,0,,,9,37,0.0000,False,,NODATA,25
fujairah,2013-09-13,0,0,,,9,37,0.0000,False,,NODATA,25
fujairah,2013-09-14,0,0,,,9,37,0.0000,False,,NODATA,25
fujairah,2013-09-15,0,0,,,9,37,0.0000,False,,NODATA,25
fujairah,2013-09-16,0,0,,,9,37,0.0000,False,,NODATA,25
fujairah,2013-09-17,0,0,,,9,37,0.0000,False,,NODATA,25
fujairah,2013-09-18,0,0,,,9,37,0.0000,False,,NODATA,25
fujairah,2013-09-19,0,0,,,9,37,0.0000,False,,NODATA,25
fujairah,2013-09-20,0,0,,,9,37,0.0000,False,,NODATA,25
fujairah,2013-09-21,0,0,,,9,37,0.0000,False,,NODATA,25
fujairah,2013-09-22,0,0,,,9,37,0.0000,False,,NODATA,25
fujairah,2013-09-23,0,0,,,9,37,0.0000,False,,NODATA,25
fujairah,2013-09-24,0,0,,,9,37,0.0000,False,,NODATA,25
fujairah,2013-09-25,37,0,0.7415,-0.3190,9,37,1.0000,True,0.0000,QUIET,25
fujairah,2013-09-26,0,0,,,9,37,0.0000,False,,NODATA,25
fujairah,2013-09-27,0,0,,,9,37,0.0000,False,,NODATA,25
fujairah,2013-09-28,0,0,,,9,37,0.0000,False,,NODATA,25
fujairah,2013-09-29,0,0,,,9,37,0.0000,False,,NODATA,25
fujairah,2013-09-30,0,0,,,9,37,0.0000,False,,NODATA,25
fujairah,2013-10-01,0,0,,,10,48,0.0000,False,,NODATA,25
fujairah,2013-10-02,0,0,,,10,48,0.0000,False,,NODATA,25
fujairah,2013-10-03,0,0,,,10,48,0.0000,False,,NODATA,25
fujairah,2013-10-04,0,0,,,10,48,0.0000,False,,NODATA,25
fujairah,2013-10-05,0,0,,,10,48,0.0000,False,,NODATA,25
fujairah,2013-10-06,5,0,0.6281,-0.4098,10,48,0.1042,True,0.0000,QUIET,25
fujairah,2013-10-07,0,0,,,10,48,0.0000,False,,NODATA,25
fujairah,2013-10-08,0,0,,,10,48,0.0000,False,,NODATA,25
fujairah,2013-10-09,0,0,,,10,48,0.0000,False,,NODATA,25
fujairah,2013-10-10,0,0,,,10,48,0.0000,False,,NODATA,25
fujairah,2013-10-11,0,0,,,10,48,0.0000,False,,NODATA,25
fujairah,2013-10-12,0,0,,,10,48,0.0000,False,,NODATA,25
fujairah,2013-10-13,0,0,,,10,48,0.0000,False,,NODATA,25
fujairah,2013-10-14,0,0,,,10,48,0.0000,False,,NODATA,25
fujairah,2013-10-15,40,0,-0.3345,-0.5803,10,48,0.8333,True,0.0000,QUIET,25
fujairah,2013-10-16,0,0,,,10,48,0.0000,False,,NODATA,25
fujairah,2013-10-17,4,0,-0.8689,-0.6362,10,48,0.0833,False,,NODATA,25
fujairah,2013-10-18,40,0,0.0302,-0.4980,10,48,0.8333,True,0.0000,QUIET,25
fujairah,2013-10-19,0,0,,,10,48,0.0000,False,,NODATA,25
fujairah,2013-10-20,48,0,-0.0578,-0.4634,10,48,1.0000,True,0.0000,QUIET,25
fujairah,2013-10-21,0,0,,,10,48,0.0000,False,,NODATA,25
fujairah,2013-10-22,0,0,,,10,48,0.0000,False,,NODATA,25
fujairah,2013-10-23,0,0,,,10,48,0.0000,False,,NODATA,25
fujairah,2013-10-24,0,0,,,10,48,0.0000,False,,NODATA,25
fujairah,2013-10-25,26,0,-0.9211,-0.6034,10,48,0.5417,True,0.0000,QUIET,25
fujairah,2013-10-26,0,0,,,10,48,0.0000,False,,NODATA,25
fujairah,2013-10-27,40,0,-0.0466,-0.5546,10,48,0.8333,True,0.0000,QUIET,25
fujairah,2013-10-28,0,0,,,10,48,0.0000,False,,NODATA,25
fujairah,2013-10-29,0,0,,,10,48,0.0000,False,,NODATA,25
fujairah,2013-10-30,0,0,,,10,48,0.0000,False,,NODATA,25
fujairah,2013-10-31,0,0,,,10,48,0.0000,False,,NODATA,25
fujairah,2013-11-01,0,0,,,11,48,0.0000,False,,NODATA,25
fujairah,2013-11-02,0,0,,,11,48,0.0000,False,,NODATA,25
fujairah,2013-11-03,11,0,-1.2475,-0.5831,11,48,0.2292,True,0.0000,QUIET,25
fujairah,2013-11-04,0,0,,,11,48,0.0000,False,,NODATA,25
fujairah,2013-11-05,1,0,-1.3145,-0.5576,11,48,0.0208,False,,NODATA,25
fujairah,2013-11-06,0,0,,,11,48,0.0000,False,,NODATA,25
fujairah,2013-11-07,46,0,-0.3742,-0.3443,11,48,0.9583,True,0.0000,QUIET,25
fujairah,2013-11-08,10,0,-0.7805,-0.4561,11,48,0.2083,True,0.0000,QUIET,25
fujairah,2013-11-09,18,0,-0.5710,-0.5356,11,48,0.3750,True,0.0000,QUIET,25
fujairah,2013-11-10,38,0,0.1993,-0.2156,11,48,0.7917,True,0.0000,QUIET,25
fujairah,2013-11-11,28,0,-0.3576,-0.3645,11,48,0.5833,True,0.0000,QUIET,25
fujairah,2013-11-12,46,0,-0.0108,-0.1713,11,48,0.9583,True,0.0000,QUIET,25
fujairah,2013-11-13,0,0,,,11,48,0.0000,False,,NODATA,25
fujairah,2013-11-14,28,0,-0.7650,-0.4910,11,48,0.5833,True,0.0000,QUIET,25
fujairah,2013-11-15,0,0,,,11,48,0.0000,False,,NODATA,25
fujairah,2013-11-16,0,0,,,11,48,0.0000,False,,NODATA,25
fujairah,2013-11-17,0,0,,,11,48,0.0000,False,,NODATA,25
fujairah,2013-11-18,0,0,,,11,48,0.0000,False,,NODATA,25
fujairah,2013-11-19,39,0,-0.5600,-0.3651,11,48,0.8125,True,0.0000,QUIET,25
fujairah,2013-11-20,0,0,,,11,48,0.0000,False,,NODATA,25
fujairah,2013-11-21,0,0,,,11,48,0.0000,False,,NODATA,25
fujairah,2013-11-22,0,0,,,11,48,0.0000,False,,NODATA,25
fujairah,2013-11-23,34,0,-0.9283,-0.4538,11,48,0.7083,True,0.0000,QUIET,25
fujairah,2013-11-24,0,0,,,11,48,0.0000,False,,NODATA,25
fujairah,2013-11-25,38,0,-0.1160,-0.2029,11,48,0.7917,True,0.0000,QUIET,25
fujairah,2013-11-26,37,0,0.5007,0.0528,11,48,0.7708,True,0.0000,QUIET,25
fujairah,2013-11-27,28,0,-0.3615,-0.2988,11,48,0.5833,True,0.0000,QUIET,25
fujairah,2013-11-28,38,2,3.0123,-0.0003,11,48,0.7917,True,0.0526,QUIET,25
fujairah,2013-11-29,0,0,,,11,48,0.0000,False,,NODATA,25
fujairah,2013-11-30,48,0,0.7622,0.0990,11,48,1.0000,True,0.0000,QUIET,25
fujairah,2013-12-01,0,0,,,12,48,0.0000,False,,NODATA,25
fujairah,2013-12-02,39,0,0.2073,-0.1011,12,48,0.8125,True,0.0000,QUIET,25
fujairah,2013-12-03,0,0,,,12,48,0.0000,False,,NODATA,25
fujairah,2013-12-04,0,0,,,12,48,0.0000,False,,NODATA,25
fujairah,2013-12-05,1,0,-0.0424,0.1228,12,48,0.0208,False,,NODATA,25
fujairah,2013-12-06,0,0,,,12,48,0.0000,False,,NODATA,25
fujairah,2013-12-07,45,10,3.0630,0.2813,12,48,0.9375,True,0.2222,QUIET,25
fujairah,2013-12-08,0,0,,,12,48,0.0000,False,,NODATA,25
fujairah,2013-12-09,46,0,0.1505,-0.1095,12,48,0.9583,True,0.0000,QUIET,25
fujairah,2013-12-10,1,1,2.2501,0.9928,12,48,0.0208,False,,NODATA,25
fujairah,2013-12-11,0,0,,,12,48,0.0000,False,,NODATA,25
fujairah,2013-12-12,13,5,3.6429,0.4270,12,48,0.2708,True,0.3846,EXCEED,25
fujairah,2013-12-13,0,0,,,12,48,0.0000,False,,NODATA,25
fujairah,2013-12-14,43,17,3.6571,0.6118,12,48,0.8958,True,0.3953,ALERT,25
fujairah,2013-12-15,0,0,,,12,48,0.0000,False,,NODATA,25
fujairah,2013-12-16,29,14,3.4502,0.8612,12,48,0.6042,True,0.4828,ALERT,25
fujairah,2013-12-17,0,0,,,12,48,0.0000,False,,NODATA,25
fujairah,2013-12-18,31,15,3.9922,0.8388,12,48,0.6458,True,0.4839,ALERT,25
fujairah,2013-12-19,0,0,,,12,48,0.0000,False,,NODATA,25
fujairah,2013-12-20,0,0,,,12,48,0.0000,False,,NODATA,25
fujairah,2013-12-21,1,0,1.8643,0.8732,12,48,0.0208,False,,NODATA,25
fujairah,2013-12-22,0,0,,,12,48,0.0000,False,,NODATA,25
fujairah,2013-12-23,0,0,,,12,48,0.0000,False,,NODATA,25
fujairah,2013-12-24,0,0,,,12,48,0.0000,False,,NODATA,25
fujairah,2013-12-25,47,0,1.8266,0.0917,12,48,0.9792,True,0.0000,QUIET,25
fujairah,2013-12-26,26,16,4.7332,0.8453,12,48,0.5417,True,0.6154,EXCEED,25
fujairah,2013-12-27,32,1,2.7234,-0.1656,12,48,0.6667,True,0.0312,QUIET,25
fujairah,2013-12-28,37,12,3.8603,0.7046,12,48,0.7708,True,0.3243,ALERT,25
fujairah,2013-12-29,17,0,-1.3308,-0.4283,12,48,0.3542,True,0.0000,QUIET,25
fujairah,2013-12-30,46,0,1.5812,0.1235,12,48,0.9583,True,0.0000,QUIET,25
fujairah,2013-12-31,0,0,,,12,48,0.0000,False,,NODATA,25
fujairah,2014-01-01,47,0,1.8610,0.1343,1,47,1.0000,True,0.0000,QUIET,25
fujairah,2014-01-02,0,0,,,1,47,0.0000,False,,NODATA,25
fujairah,2014-01-03,19,1,2.0272,-0.2325,1,47,0.4043,True,0.0526,QUIET,25
fujairah,2014-01-04,25,2,5.2968,0.0778,1,47,0.5319,True,0.0800,QUIET,25
fujairah,2014-01-05,35,4,3.2583,-0.1340,1,47,0.7447,True,0.1143,QUIET,25
fujairah,2014-01-06,0,0,,,1,47,0.0000,False,,NODATA,25
fujairah,2014-01-07,0,0,,,1,47,0.0000,False,,NODATA,25
fujairah,2014-01-08,16,0,-0.9711,-0.4145,1,47,0.3404,True,0.0000,QUIET,25
fujairah,2014-01-09,0,0,,,1,47,0.0000,False,,NODATA,25
fujairah,2014-01-10,0,0,,,1,47,0.0000,False,,NODATA,25
fujairah,2014-01-11,0,0,,,1,47,0.0000,False,,NODATA,25
fujairah,2014-01-12,0,0,,,1,47,0.0000,False,,NODATA,25
fujairah,2014-01-13,33,0,1.6457,0.0503,1,47,0.7021,True,0.0000,QUIET,25
fujairah,2014-01-14,4,0,-0.8794,-0.2447,1,47,0.0851,False,,NODATA,25
fujairah,2014-01-15,46,0,0.6569,-0.0299,1,47,0.9787,True,0.0000,QUIET,25
fujairah,2014-01-16,0,0,,,1,47,0.0000,False,,NODATA,25
fujairah,2014-01-17,45,3,3.6930,0.3255,1,47,0.9574,True,0.0667,QUIET,25
fujairah,2014-01-18,0,0,,,1,47,0.0000,False,,NODATA,25
fujairah,2014-01-19,0,0,,,1,47,0.0000,False,,NODATA,25
fujairah,2014-01-20,0,0,,,1,47,0.0000,False,,NODATA,25
fujairah,2014-01-21,27,0,-0.2910,-0.1805,1,47,0.5745,True,0.0000,QUIET,25
fujairah,2014-01-22,43,1,2.4521,0.0654,1,47,0.9149,True,0.0233,QUIET,25
fujairah,2014-01-23,0,0,,,1,47,0.0000,False,,NODATA,25
fujairah,2014-01-24,0,0,,,1,47,0.0000,False,,NODATA,25
fujairah,2014-01-25,0,0,,,1,47,0.0000,False,,NODATA,25
fujairah,2014-01-26,43,12,3.5828,0.7155,1,47,0.9149,True,0.2791,QUIET,25
fujairah,2014-01-27,0,0,,,1,47,0.0000,False,,NODATA,25
fujairah,2014-01-28,5,1,2.9753,0.5178,1,47,0.1064,True,0.2000,QUIET,25
fujairah,2014-01-29,6,6,3.9680,1.2062,1,47,0.1277,True,1.0000,EXCEED,25
fujairah,2014-01-30,0,0,,,1,47,0.0000,False,,NODATA,25
fujairah,2014-01-31,0,0,,,1,47,0.0000,False,,NODATA,25
fujairah,2014-02-01,0,0,,,2,44,0.0000,False,,NODATA,25
fujairah,2014-02-02,1,0,1.4575,1.3115,2,44,0.0227,False,,NODATA,25
fujairah,2014-02-03,0,0,,,2,44,0.0000,False,,NODATA,25
fujairah,2014-02-04,0,0,,,2,44,0.0000,False,,NODATA,25
fujairah,2014-02-05,0,0,,,2,44,0.0000,False,,NODATA,25
fujairah,2014-02-06,0,0,,,2,44,0.0000,False,,NODATA,25
fujairah,2014-02-07,5,0,1.9000,1.3307,2,44,0.1136,True,0.0000,QUIET,25
fujairah,2014-02-08,0,0,,,2,44,0.0000,False,,NODATA,25
fujairah,2014-02-09,0,0,,,2,44,0.0000,False,,NODATA,25
fujairah,2014-02-10,0,0,,,2,44,0.0000,False,,NODATA,25
fujairah,2014-02-11,44,0,-0.1617,-0.0212,2,44,1.0000,True,0.0000,QUIET,25
fujairah,2014-02-12,0,0,,,2,44,0.0000,False,,NODATA,25
fujairah,2014-02-13,33,0,-0.8139,-0.1889,2,44,0.7500,True,0.0000,QUIET,25
fujairah,2014-02-14,37,0,1.3699,0.0579,2,44,0.8409,True,0.0000,QUIET,25
fujairah,2014-02-15,28,0,-0.6237,-0.0581,2,44,0.6364,True,0.0000,QUIET,25
fujairah,2014-02-16,44,0,0.1664,-0.0059,2,44,1.0000,True,0.0000,QUIET,25
fujairah,2014-02-17,0,0,,,2,44,0.0000,False,,NODATA,25
fujairah,2014-02-18,0,0,,,2,44,0.0000,False,,NODATA,25
fujairah,2014-02-19,0,0,,,2,44,0.0000,False,,NODATA,25
fujairah,2014-02-20,39,0,-0.5054,-0.1363,2,44,0.8864,True,0.0000,QUIET,25
fujairah,2014-02-21,1,0,-0.1566,0.4569,2,44,0.0227,False,,NODATA,25
fujairah,2014-02-22,34,0,-0.3393,0.0060,2,44,0.7727,True,0.0000,QUIET,25
fujairah,2014-02-23,41,0,0.5023,0.2047,2,44,0.9318,True,0.0000,QUIET,25
fujairah,2014-02-24,0,0,,,2,44,0.0000,False,,NODATA,25
fujairah,2014-02-25,44,0,0.9391,0.7506,2,44,1.0000,True,0.0000,QUIET,25
fujairah,2014-02-26,0,0,,,2,44,0.0000,False,,NODATA,25
fujairah,2014-02-27,43,1,2.0449,1.0606,2,44,0.9773,True,0.0233,QUIET,25
fujairah,2014-02-28,0,0,,,2,44,0.0000,False,,NODATA,25
fujairah,2014-03-01,0,0,,,3,44,0.0000,False,,NODATA,25
fujairah,2014-03-02,0,0,,,3,44,0.0000,False,,NODATA,25
fujairah,2014-03-03,5,0,1.4496,1.0717,3,44,0.1136,True,0.0000,QUIET,25
fujairah,2014-03-04,0,0,,,3,44,0.0000,False,,NODATA,25
fujairah,2014-03-05,0,0,,,3,44,0.0000,False,,NODATA,25
fujairah,2014-03-06,44,8,5.4580,1.0496,3,44,1.0000,True,0.1818,QUIET,25
fujairah,2014-03-07,0,0,,,3,44,0.0000,False,,NODATA,25
fujairah,2014-03-08,0,0,,,3,44,0.0000,False,,NODATA,25
fujairah,2014-03-09,2,0,1.9862,1.3596,3,44,0.0455,False,,NODATA,25
fujairah,2014-03-10,0,0,,,3,44,0.0000,False,,NODATA,25
fujairah,2014-03-11,9,0,1.3569,0.9501,3,44,0.2045,True,0.0000,QUIET,25
fujairah,2014-03-12,0,0,,,3,44,0.0000,False,,NODATA,25
fujairah,2014-03-13,0,0,,,3,44,0.0000,False,,NODATA,25
fujairah,2014-03-14,0,0,,,3,44,0.0000,False,,NODATA,25
fujairah,2014-03-15,0,0,,,3,44,0.0000,False,,NODATA,25
fujairah,2014-03-16,0,0,,,3,44,0.0000,False,,NODATA,25
fujairah,2014-03-17,37,0,-0.3484,-0.0799,3,44,0.8409,True,0.0000,QUIET,25
fujairah,2014-03-18,37,0,1.0743,0.3453,3,44,0.8409,True,0.0000,QUIET,25
fujairah,2014-03-19,13,0,-0.3083,0.0796,3,44,0.2955,True,0.0000,QUIET,25
fujairah,2014-03-20,0,0,,,3,44,0.0000,False,,NODATA,25
fujairah,2014-03-21,0,0,,,3,44,0.0000,False,,NODATA,25
fujairah,2014-03-22,0,0,,,3,44,0.0000,False,,NODATA,25
fujairah,2014-03-23,0,0,,,3,44,0.0000,False,,NODATA,25
fujairah,2014-03-24,0,0,,,3,44,0.0000,False,,NODATA,25
fujairah,2014-03-25,0,0,,,3,44,0.0000,False,,NODATA,25
fujairah,2014-03-26,0,0,,,3,44,0.0000,False,,NODATA,25
fujairah,2014-03-27,29,0,1.8603,0.9454,3,44,0.6591,True,0.0000,QUIET,25
fujairah,2014-03-28,11,0,-0.6519,-0.1095,3,44,0.2500,True,0.0000,QUIET,25
fujairah,2014-03-29,44,3,2.0354,0.5751,3,44,1.0000,True,0.0682,QUIET,25
fujairah,2014-03-30,0,0,,,3,44,0.0000,False,,NODATA,25
fujairah,2014-03-31,0,0,,,3,44,0.0000,False,,NODATA,25
fujairah,2014-04-01,0,0,,,4,41,0.0000,False,,NODATA,25
fujairah,2014-04-02,0,0,,,4,41,0.0000,False,,NODATA,25
fujairah,2014-04-03,0,0,,,4,41,0.0000,False,,NODATA,25
fujairah,2014-04-04,0,0,,,4,41,0.0000,False,,NODATA,25
fujairah,2014-04-05,7,5,3.3498,0.6711,4,41,0.1707,True,0.7143,EXCEED,25
fujairah,2014-04-06,0,0,,,4,41,0.0000,False,,NODATA,25
fujairah,2014-04-07,0,0,,,4,41,0.0000,False,,NODATA,25
fujairah,2014-04-08,0,0,,,4,41,0.0000,False,,NODATA,25
fujairah,2014-04-09,0,0,,,4,41,0.0000,False,,NODATA,25
fujairah,2014-04-10,0,0,,,4,41,0.0000,False,,NODATA,25
fujairah,2014-04-11,0,0,,,4,41,0.0000,False,,NODATA,25
fujairah,2014-04-12,0,0,,,4,41,0.0000,False,,NODATA,25
fujairah,2014-04-13,0,0,,,4,41,0.0000,False,,NODATA,25
fujairah,2014-04-14,0,0,,,4,41,0.0000,False,,NODATA,25
fujairah,2014-04-15,0,0,,,4,41,0.0000,False,,NODATA,25
fujairah,2014-04-16,0,0,,,4,41,0.0000,False,,NODATA,25
fujairah,2014-04-17,0,0,,,4,41,0.0000,False,,NODATA,25
fujairah,2014-04-18,0,0,,,4,41,0.0000,False,,NODATA,25
fujairah,2014-04-19,4,0,1.1348,0.1497,4,41,0.0976,False,,NODATA,25
fujairah,2014-04-20,0,0,,,4,41,0.0000,False,,NODATA,25
fujairah,2014-04-21,0,0,,,4,41,0.0000,False,,NODATA,25
fujairah,2014-04-22,0,0,,,4,41,0.0000,False,,NODATA,25
fujairah,2014-04-23,0,0,,,4,41,0.0000,False,,NODATA,25
fujairah,2014-04-24,0,0,,,4,41,0.0000,False,,NODATA,25
fujairah,2014-04-25,0,0,,,4,41,0.0000,False,,NODATA,25
fujairah,2014-04-26,33,0,1.2648,-0.2145,4,41,0.8049,True,0.0000,QUIET,25
fujairah,2014-04-27,26,0,-0.5081,-0.3286,4,41,0.6341,True,0.0000,QUIET,25
fujairah,2014-04-28,40,1,2.0215,-0.3186,4,41,0.9756,True,0.0250,QUIET,25
fujairah,2014-04-29,0,0,,,4,41,0.0000,False,,NODATA,25
fujairah,2014-04-30,0,0,,,4,41,0.0000,False,,NODATA,25
fujairah,2014-05-01,0,0,,,5,25,0.0000,False,,NODATA,25
fujairah,2014-05-02,0,0,,,5,25,0.0000,False,,NODATA,25
fujairah,2014-05-03,0,0,,,5,25,0.0000,False,,NODATA,25
fujairah,2014-05-04,0,0,,,5,25,0.0000,False,,NODATA,25
fujairah,2014-05-05,25,16,7.2565,-0.3200,5,25,1.0000,True,0.6400,EXCEED,25
fujairah,2014-05-06,0,0,,,5,25,0.0000,False,,NODATA,25
fujairah,2014-05-07,25,1,2.6622,-0.5417,5,25,1.0000,True,0.0400,QUIET,25
fujairah,2014-05-08,0,0,,,5,25,0.0000,False,,NODATA,25
fujairah,2014-05-09,0,0,,,5,25,0.0000,False,,NODATA,25
fujairah,2014-05-10,0,0,,,5,25,0.0000,False,,NODATA,25
fujairah,2014-05-11,0,0,,,5,25,0.0000,False,,NODATA,25
fujairah,2014-05-12,0,0,,,5,25,0.0000,False,,NODATA,25
fujairah,2014-05-13,0,0,,,5,25,0.0000,False,,NODATA,25
fujairah,2014-05-14,0,0,,,5,25,0.0000,False,,NODATA,25
fujairah,2014-05-15,0,0,,,5,25,0.0000,False,,NODATA,25
fujairah,2014-05-16,0,0,,,5,25,0.0000,False,,NODATA,25
fujairah,2014-05-17,0,0,,,5,25,0.0000,False,,NODATA,25
fujairah,2014-05-18,0,0,,,5,25,0.0000,False,,NODATA,25
fujairah,2014-05-19,0,0,,,5,25,0.0000,False,,NODATA,25
fujairah,2014-05-20,0,0,,,5,25,0.0000,False,,NODATA,25
fujairah,2014-05-21,0,0,,,5,25,0.0000,False,,NODATA,25
fujairah,2014-05-22,0,0,,,5,25,0.0000,False,,NODATA,25
fujairah,2014-05-23,0,0,,,5,25,0.0000,False,,NODATA,25
fujairah,2014-05-24,0,0,,,5,25,0.0000,False,,NODATA,25
fujairah,2014-05-25,0,0,,,5,25,0.0000,False,,NODATA,25
fujairah,2014-05-26,0,0,,,5,25,0.0000,False,,NODATA,25
fujairah,2014-05-27,0,0,,,5,25,0.0000,False,,NODATA,25
fujairah,2014-05-28,0,0,,,5,25,0.0000,False,,NODATA,25
fujairah,2014-05-29,0,0,,,5,25,0.0000,False,,NODATA,25
fujairah,2014-05-30,25,0,1.3108,-0.4823,5,25,1.0000,True,0.0000,QUIET,25
fujairah,2014-05-31,0,0,,,5,25,0.0000,False,,NODATA,25
fujairah,2014-06-01,0,0,,,6,12,0.0000,False,,NODATA,25
fujairah,2014-06-02,0,0,,,6,12,0.0000,False,,NODATA,25
fujairah,2014-06-03,0,0,,,6,12,0.0000,False,,NODATA,25
fujairah,2014-06-04,0,0,,,6,12,0.0000,False,,NODATA,25
fujairah,2014-06-05,0,0,,,6,12,0.0000,False,,NODATA,25
fujairah,2014-06-06,12,0,1.5273,-0.4731,6,12,1.0000,True,0.0000,QUIET,25
fujairah,2014-06-07,2,0,0.4583,-0.6112,6,12,0.1667,True,0.0000,QUIET,25
fujairah,2014-06-08,12,0,0.0581,-0.7046,6,12,1.0000,True,0.0000,QUIET,25
fujairah,2014-06-09,0,0,,,6,12,0.0000,False,,NODATA,25
fujairah,2014-06-10,0,0,,,6,12,0.0000,False,,NODATA,25
fujairah,2014-06-11,0,0,,,6,12,0.0000,False,,NODATA,25
fujairah,2014-06-12,0,0,,,6,12,0.0000,False,,NODATA,25
fujairah,2014-06-13,0,0,,,6,12,0.0000,False,,NODATA,25
fujairah,2014-06-14,0,0,,,6,12,0.0000,False,,NODATA,25
fujairah,2014-06-15,12,0,0.8208,-0.6264,6,12,1.0000,True,0.0000,QUIET,25
fujairah,2014-06-16,0,0,,,6,12,0.0000,False,,NODATA,25
fujairah,2014-06-17,0,0,,,6,12,0.0000,False,,NODATA,25
fujairah,2014-06-18,0,0,,,6,12,0.0000,False,,NODATA,25
fujairah,2014-06-19,0,0,,,6,12,0.0000,False,,NODATA,25
fujairah,2014-06-20,0,0,,,6,12,0.0000,False,,NODATA,25
fujairah,2014-06-21,0,0,,,6,12,0.0000,False,,NODATA,25
fujairah,2014-06-22,0,0,,,6,12,0.0000,False,,NODATA,25
fujairah,2014-06-23,0,0,,,6,12,0.0000,False,,NODATA,25
fujairah,2014-06-24,0,0,,,6,12,0.0000,False,,NODATA,25
fujairah,2014-06-25,0,0,,,6,12,0.0000,False,,NODATA,25
fujairah,2014-06-26,0,0,,,6,12,0.0000,False,,NODATA,25
fujairah,2014-06-27,0,0,,,6,12,0.0000,False,,NODATA,25
fujairah,2014-06-28,0,0,,,6,12,0.0000,False,,NODATA,25
fujairah,2014-06-29,0,0,,,6,12,0.0000,False,,NODATA,25
fujairah,2014-06-30,0,0,,,6,12,0.0000,False,,NODATA,25
fujairah,2014-07-01,0,0,,,7,0,0.0000,False,,NODATA,25
fujairah,2014-07-02,0,0,,,7,0,0.0000,False,,NODATA,25
fujairah,2014-07-03,0,0,,,7,0,0.0000,False,,NODATA,25
fujairah,2014-07-04,0,0,,,7,0,0.0000,False,,NODATA,25
fujairah,2014-07-05,0,0,,,7,0,0.0000,False,,NODATA,25
fujairah,2014-07-06,0,0,,,7,0,0.0000,False,,NODATA,25
fujairah,2014-07-07,0,0,,,7,0,0.0000,False,,NODATA,25
fujairah,2014-07-08,0,0,,,7,0,0.0000,False,,NODATA,25
fujairah,2014-07-09,0,0,,,7,0,0.0000,False,,NODATA,25
fujairah,2014-07-10,0,0,,,7,0,0.0000,False,,NODATA,25
fujairah,2014-07-11,0,0,,,7,0,0.0000,False,,NODATA,25
fujairah,2014-07-12,0,0,,,7,0,0.0000,False,,NODATA,25
fujairah,2014-07-13,0,0,,,7,0,0.0000,False,,NODATA,25
fujairah,2014-07-14,0,0,,,7,0,0.0000,False,,NODATA,25
fujairah,2014-07-15,0,0,,,7,0,0.0000,False,,NODATA,25
fujairah,2014-07-16,0,0,,,7,0,0.0000,False,,NODATA,25
fujairah,2014-07-17,0,0,,,7,0,0.0000,False,,NODATA,25
fujairah,2014-07-18,0,0,,,7,0,0.0000,False,,NODATA,25
fujairah,2014-07-19,0,0,,,7,0,0.0000,False,,NODATA,25
fujairah,2014-07-20,0,0,,,7,0,0.0000,False,,NODATA,25
fujairah,2014-07-21,0,0,,,7,0,0.0000,False,,NODATA,25
fujairah,2014-07-22,0,0,,,7,0,0.0000,False,,NODATA,25
fujairah,2014-07-23,0,0,,,7,0,0.0000,False,,NODATA,25
fujairah,2014-07-24,0,0,,,7,0,0.0000,False,,NODATA,25
fujairah,2014-07-25,0,0,,,7,0,0.0000,False,,NODATA,25
fujairah,2014-07-26,0,0,,,7,0,0.0000,False,,NODATA,25
fujairah,2014-07-27,0,0,,,7,0,0.0000,False,,NODATA,25
fujairah,2014-07-28,0,0,,,7,0,0.0000,False,,NODATA,25
fujairah,2014-07-29,0,0,,,7,0,0.0000,False,,NODATA,25
fujairah,2014-07-30,0,0,,,7,0,0.0000,False,,NODATA,25
fujairah,2014-07-31,0,0,,,7,0,0.0000,False,,NODATA,25
fujairah,2014-08-01,0,0,,,8,0,0.0000,False,,NODATA,25
fujairah,2014-08-02,0,0,,,8,0,0.0000,False,,NODATA,25
fujairah,2014-08-03,0,0,,,8,0,0.0000,False,,NODATA,25
fujairah,2014-08-04,0,0,,,8,0,0.0000,False,,NODATA,25
fujairah,2014-08-05,0,0,,,8,0,0.0000,False,,NODATA,25
fujairah,2014-08-06,0,0,,,8,0,0.0000,False,,NODATA,25
fujairah,2014-08-07,0,0,,,8,0,0.0000,False,,NODATA,25
fujairah,2014-08-08,0,0,,,8,0,0.0000,False,,NODATA,25
fujairah,2014-08-09,0,0,,,8,0,0.0000,False,,NODATA,25
fujairah,2014-08-10,0,0,,,8,0,0.0000,False,,NODATA,25
fujairah,2014-08-11,0,0,,,8,0,0.0000,False,,NODATA,25
fujairah,2014-08-12,0,0,,,8,0,0.0000,False,,NODATA,25
fujairah,2014-08-13,0,0,,,8,0,0.0000,False,,NODATA,25
fujairah,2014-08-14,0,0,,,8,0,0.0000,False,,NODATA,25
fujairah,2014-08-15,0,0,,,8,0,0.0000,False,,NODATA,25
fujairah,2014-08-16,0,0,,,8,0,0.0000,False,,NODATA,25
fujairah,2014-08-17,0,0,,,8,0,0.0000,False,,NODATA,25
fujairah,2014-08-18,0,0,,,8,0,0.0000,False,,NODATA,25
fujairah,2014-08-19,0,0,,,8,0,0.0000,False,,NODATA,25
fujairah,2014-08-20,0,0,,,8,0,0.0000,False,,NODATA,25
fujairah,2014-08-21,0,0,,,8,0,0.0000,False,,NODATA,25
fujairah,2014-08-22,0,0,,,8,0,0.0000,False,,NODATA,25
fujairah,2014-08-23,0,0,,,8,0,0.0000,False,,NODATA,25
fujairah,2014-08-24,0,0,,,8,0,0.0000,False,,NODATA,25
fujairah,2014-08-25,0,0,,,8,0,0.0000,False,,NODATA,25
fujairah,2014-08-26,0,0,,,8,0,0.0000,False,,NODATA,25
fujairah,2014-08-27,0,0,,,8,0,0.0000,False,,NODATA,25
fujairah,2014-08-28,0,0,,,8,0,0.0000,False,,NODATA,25
fujairah,2014-08-29,0,0,,,8,0,0.0000,False,,NODATA,25
fujairah,2014-08-30,0,0,,,8,0,0.0000,False,,NODATA,25
fujairah,2014-08-31,0,0,,,8,0,0.0000,False,,NODATA,25
fujairah,2014-09-01,6,0,0.7167,-0.5394,9,37,0.1622,True,0.0000,QUIET,25
fujairah,2014-09-02,4,0,-0.2103,-0.5493,9,37,0.1081,True,0.0000,QUIET,25
fujairah,2014-09-03,22,0,1.2512,-0.5014,9,37,0.5946,True,0.0000,QUIET,25
fujairah,2014-09-04,0,0,,,9,37,0.0000,False,,NODATA,25
fujairah,2014-09-05,11,0,1.4023,-0.4701,9,37,0.2973,True,0.0000,QUIET,25
fujairah,2014-09-06,0,0,,,9,37,0.0000,False,,NODATA,25
fujairah,2014-09-07,0,0,,,9,37,0.0000,False,,NODATA,25
fujairah,2014-09-08,0,0,,,9,37,0.0000,False,,NODATA,25
fujairah,2014-09-09,0,0,,,9,37,0.0000,False,,NODATA,25
fujairah,2014-09-10,0,0,,,9,37,0.0000,False,,NODATA,25
fujairah,2014-09-11,0,0,,,9,37,0.0000,False,,NODATA,25
fujairah,2014-09-12,0,0,,,9,37,0.0000,False,,NODATA,25
fujairah,2014-09-13,0,0,,,9,37,0.0000,False,,NODATA,25
fujairah,2014-09-14,0,0,,,9,37,0.0000,False,,NODATA,25
fujairah,2014-09-15,0,0,,,9,37,0.0000,False,,NODATA,25
fujairah,2014-09-16,0,0,,,9,37,0.0000,False,,NODATA,25
fujairah,2014-09-17,0,0,,,9,37,0.0000,False,,NODATA,25
fujairah,2014-09-18,0,0,,,9,37,0.0000,False,,NODATA,25
fujairah,2014-09-19,0,0,,,9,37,0.0000,False,,NODATA,25
fujairah,2014-09-20,0,0,,,9,37,0.0000,False,,NODATA,25
fujairah,2014-09-21,37,3,2.3940,0.0880,9,37,1.0000,True,0.0811,QUIET,25
fujairah,2014-09-22,0,0,,,9,37,0.0000,False,,NODATA,25
fujairah,2014-09-23,0,0,,,9,37,0.0000,False,,NODATA,25
fujairah,2014-09-24,0,0,,,9,37,0.0000,False,,NODATA,25
fujairah,2014-09-25,0,0,,,9,37,0.0000,False,,NODATA,25
fujairah,2014-09-26,0,0,,,9,37,0.0000,False,,NODATA,25
fujairah,2014-09-27,0,0,,,9,37,0.0000,False,,NODATA,25
fujairah,2014-09-28,37,0,1.8374,0.0082,9,37,1.0000,True,0.0000,QUIET,25
fujairah,2014-09-29,0,0,,,9,37,0.0000,False,,NODATA,25
fujairah,2014-09-30,10,1,2.4840,-0.4640,9,37,0.2703,True,0.1000,QUIET,25
fujairah,2014-10-01,0,0,,,10,48,0.0000,False,,NODATA,25
fujairah,2014-10-02,0,0,,,10,48,0.0000,False,,NODATA,25
fujairah,2014-10-03,0,0,,,10,48,0.0000,False,,NODATA,25
fujairah,2014-10-04,0,0,,,10,48,0.0000,False,,NODATA,25
fujairah,2014-10-05,0,0,,,10,48,0.0000,False,,NODATA,25
fujairah,2014-10-06,0,0,,,10,48,0.0000,False,,NODATA,25
fujairah,2014-10-07,19,0,0.7697,-0.3034,10,48,0.3958,True,0.0000,QUIET,25
fujairah,2014-10-08,0,0,,,10,48,0.0000,False,,NODATA,25
fujairah,2014-10-09,0,0,,,10,48,0.0000,False,,NODATA,25
fujairah,2014-10-10,0,0,,,10,48,0.0000,False,,NODATA,25
fujairah,2014-10-11,1,0,-1.8877,-0.7245,10,48,0.0208,False,,NODATA,25
fujairah,2014-10-12,28,0,0.1032,-0.5387,10,48,0.5833,True,0.0000,QUIET,25
fujairah,2014-10-13,0,0,,,10,48,0.0000,False,,NODATA,25
fujairah,2014-10-14,47,0,-0.0233,-0.3828,10,48,0.9792,True,0.0000,QUIET,25
fujairah,2014-10-15,0,0,,,10,48,0.0000,False,,NODATA,25
fujairah,2014-10-16,13,0,-0.9918,-0.6132,10,48,0.2708,True,0.0000,QUIET,25
fujairah,2014-10-17,0,0,,,10,48,0.0000,False,,NODATA,25
fujairah,2014-10-18,0,0,,,10,48,0.0000,False,,NODATA,25
fujairah,2014-10-19,0,0,,,10,48,0.0000,False,,NODATA,25
fujairah,2014-10-20,39,0,-0.1372,-0.4881,10,48,0.8125,True,0.0000,QUIET,25
fujairah,2014-10-21,6,0,-0.0920,-0.4627,10,48,0.1250,True,0.0000,QUIET,25
fujairah,2014-10-22,0,0,,,10,48,0.0000,False,,NODATA,25
fujairah,2014-10-23,42,11,4.9378,-0.1000,10,48,0.8750,True,0.2619,QUIET,25
fujairah,2014-10-24,0,0,,,10,48,0.0000,False,,NODATA,25
fujairah,2014-10-25,43,0,0.8960,-0.3525,10,48,0.8958,True,0.0000,QUIET,25
fujairah,2014-10-26,0,0,,,10,48,0.0000,False,,NODATA,25
fujairah,2014-10-27,0,0,,,10,48,0.0000,False,,NODATA,25
fujairah,2014-10-28,40,0,0.9070,-0.3030,10,48,0.8333,True,0.0000,QUIET,25
fujairah,2014-10-29,0,0,,,10,48,0.0000,False,,NODATA,25
fujairah,2014-10-30,0,0,,,10,48,0.0000,False,,NODATA,25
fujairah,2014-10-31,0,0,,,10,48,0.0000,False,,NODATA,25
fujairah,2014-11-01,0,0,,,11,48,0.0000,False,,NODATA,25
fujairah,2014-11-02,0,0,,,11,48,0.0000,False,,NODATA,25
fujairah,2014-11-03,43,0,-0.0951,-0.2961,11,48,0.8958,True,0.0000,QUIET,25
fujairah,2014-11-04,0,0,,,11,48,0.0000,False,,NODATA,25
fujairah,2014-11-05,0,0,,,11,48,0.0000,False,,NODATA,25
fujairah,2014-11-06,0,0,,,11,48,0.0000,False,,NODATA,25
fujairah,2014-11-07,0,0,,,11,48,0.0000,False,,NODATA,25
fujairah,2014-11-08,0,0,,,11,48,0.0000,False,,NODATA,25
fujairah,2014-11-09,0,0,,,11,48,0.0000,False,,NODATA,25
fujairah,2014-11-10,47,0,0.8348,-0.0259,11,48,0.9792,True,0.0000,QUIET,25
fujairah,2014-11-11,32,0,0.7439,0.0511,11,48,0.6667,True,0.0000,QUIET,25
fujairah,2014-11-12,43,0,0.2451,-0.1277,11,48,0.8958,True,0.0000,QUIET,25
fujairah,2014-11-13,40,0,1.4165,0.2740,11,48,0.8333,True,0.0000,QUIET,25
fujairah,2014-11-14,30,0,-0.0665,-0.1152,11,48,0.6250,True,0.0000,QUIET,25
fujairah,2014-11-15,45,0,1.4931,0.3013,11,48,0.9375,True,0.0000,QUIET,25
fujairah,2014-11-16,0,0,,,11,48,0.0000,False,,NODATA,25
fujairah,2014-11-17,0,0,,,11,48,0.0000,False,,NODATA,25
fujairah,2014-11-18,0,0,,,11,48,0.0000,False,,NODATA,25
fujairah,2014-11-19,33,0,0.1768,-0.0175,11,48,0.6875,True,0.0000,QUIET,25
fujairah,2014-11-20,0,0,,,11,48,0.0000,False,,NODATA,25
fujairah,2014-11-21,8,0,0.0964,-0.0246,11,48,0.1667,True,0.0000,QUIET,25
fujairah,2014-11-22,38,12,2.7029,0.7810,11,48,0.7917,True,0.3158,EXCEED,25
fujairah,2014-11-23,0,0,,,11,48,0.0000,False,,NODATA,25
fujairah,2014-11-24,47,0,1.7439,0.3770,11,48,0.9792,True,0.0000,QUIET,25
fujairah,2014-11-25,0,0,,,11,48,0.0000,False,,NODATA,25
fujairah,2014-11-26,34,0,1.9266,0.3775,11,48,0.7083,True,0.0000,QUIET,25
fujairah,2014-11-27,0,0,,,11,48,0.0000,False,,NODATA,25
fujairah,2014-11-28,4,0,0.8428,0.3941,11,48,0.0833,False,,NODATA,25
fujairah,2014-11-29,19,12,3.8360,0.9497,11,48,0.3958,True,0.6316,ALERT,25
fujairah,2014-11-30,17,0,0.5770,0.0300,11,48,0.3542,True,0.0000,QUIET,25
fujairah,2014-12-01,45,8,2.8774,0.5731,12,48,0.9375,True,0.1778,QUIET,25
fujairah,2014-12-02,0,0,,,12,48,0.0000,False,,NODATA,25
fujairah,2014-12-03,47,0,1.4360,-0.0320,12,48,0.9792,True,0.0000,QUIET,25
fujairah,2014-12-04,0,0,,,12,48,0.0000,False,,NODATA,25
fujairah,2014-12-05,43,1,2.6025,-0.0595,12,48,0.8958,True,0.0233,QUIET,25
fujairah,2014-12-06,0,0,,,12,48,0.0000,False,,NODATA,25
fujairah,2014-12-07,39,5,2.5886,0.4248,12,48,0.8125,True,0.1282,QUIET,25
fujairah,2014-12-08,34,34,5.0945,1.3358,12,48,0.7083,True,1.0000,EXCEED,25
fujairah,2014-12-09,0,0,,,12,48,0.0000,False,,NODATA,25
fujairah,2014-12-10,47,16,3.5547,0.6688,12,48,0.9792,True,0.3404,ALERT,25
fujairah,2014-12-11,0,0,,,12,48,0.0000,False,,NODATA,25
fujairah,2014-12-12,41,1,3.5784,0.2615,12,48,0.8542,True,0.0244,QUIET,25
fujairah,2014-12-13,3,3,3.0044,1.2250,12,48,0.0625,False,,NODATA,25
fujairah,2014-12-14,40,9,4.0717,0.5344,12,48,0.8333,True,0.2250,QUIET,25
fujairah,2014-12-15,0,0,,,12,48,0.0000,False,,NODATA,25
fujairah,2014-12-16,0,0,,,12,48,0.0000,False,,NODATA,25
fujairah,2014-12-17,46,40,7.3278,1.2001,12,48,0.9583,True,0.8696,ALERT,25
fujairah,2014-12-18,0,0,,,12,48,0.0000,False,,NODATA,25
fujairah,2014-12-19,45,5,3.7739,0.5094,12,48,0.9375,True,0.1111,QUIET,25
fujairah,2014-12-20,0,0,,,12,48,0.0000,False,,NODATA,25
fujairah,2014-12-21,43,8,4.1000,0.5100,12,48,0.8958,True,0.1860,QUIET,25
fujairah,2014-12-22,0,0,,,12,48,0.0000,False,,NODATA,25
fujairah,2014-12-23,0,0,,,12,48,0.0000,False,,NODATA,25
fujairah,2014-12-24,0,0,,,12,48,0.0000,False,,NODATA,25
fujairah,2014-12-25,11,8,5.2346,0.9861,12,48,0.2292,True,0.7273,EXCEED,25
fujairah,2014-12-26,42,28,5.5056,0.9799,12,48,0.8750,True,0.6667,ALERT,25
fujairah,2014-12-27,0,0,,,12,48,0.0000,False,,NODATA,25
fujairah,2014-12-28,47,3,2.8726,0.3148,12,48,0.9792,True,0.0638,QUIET,25
fujairah,2014-12-29,0,0,,,12,48,0.0000,False,,NODATA,25
fujairah,2014-12-30,0,0,,,12,48,0.0000,False,,NODATA,25
fujairah,2014-12-31,0,0,,,12,48,0.0000,False,,NODATA,25
rak,2003-01-01,0,0,,,1,33,0.0000,False,,NODATA,25
rak,2003-01-02,0,0,,,1,33,0.0000,False,,NODATA,25
rak,2003-01-03,33,0,-0.4135,0.0536,1,33,1.0000,True,0.0000,QUIET,25
rak,2003-01-04,0,0,,,1,33,0.0000,False,,NODATA,25
rak,2003-01-05,3,0,-0.7708,0.1657,1,33,0.0909,False,,NODATA,25
rak,2003-01-06,9,0,-0.3915,0.0128,1,33,0.2727,True,0.0000,QUIET,25
rak,2003-01-07,25,0,0.3876,0.3057,1,33,0.7576,True,0.0000,QUIET,25
rak,2003-01-08,29,0,1.4423,0.2840,1,33,0.8788,True,0.0000,QUIET,25
rak,2003-01-09,0,0,,,1,33,0.0000,False,,NODATA,25
rak,2003-01-10,24,0,0.2797,0.2790,1,33,0.7273,True,0.0000,QUIET,25
rak,2003-01-11,0,0,,,1,33,0.0000,False,,NODATA,25
rak,2003-01-12,32,0,0.7890,0.0337,1,33,0.9697,True,0.0000,QUIET,25
rak,2003-01-13,15,0,-0.9071,-0.0719,1,33,0.4545,True,0.0000,QUIET,25
rak,2003-01-14,27,0,0.3328,0.0436,1,33,0.8182,True,0.0000,QUIET,25
rak,2003-01-15,27,0,0.9931,0.4780,1,33,0.8182,True,0.0000,QUIET,25
rak,2003-01-16,0,0,,,1,33,0.0000,False,,NODATA,25
rak,2003-01-17,0,0,,,1,33,0.0000,False,,NODATA,25
rak,2003-01-18,0,0,,,1,33,0.0000,False,,NODATA,25
rak,2003-01-19,0,0,,,1,33,0.0000,False,,NODATA,25
rak,2003-01-20,0,0,,,1,33,0.0000,False,,NODATA,25
rak,2003-01-21,32,5,2.6699,1.0001,1,33,0.9697,True,0.1562,QUIET,25
rak,2003-01-22,2,2,3.7751,1.9603,1,33,0.0606,False,,NODATA,25
rak,2003-01-23,0,0,,,1,33,0.0000,False,,NODATA,25
rak,2003-01-24,0,0,,,1,33,0.0000,False,,NODATA,25
rak,2003-01-25,0,0,,,1,33,0.0000,False,,NODATA,25
rak,2003-01-26,0,0,,,1,33,0.0000,False,,NODATA,25
rak,2003-01-27,0,0,,,1,33,0.0000,False,,NODATA,25
rak,2003-01-28,33,1,2.0273,0.3983,1,33,1.0000,True,0.0303,QUIET,25
rak,2003-01-29,0,0,,,1,33,0.0000,False,,NODATA,25
rak,2003-01-30,0,0,,,1,33,0.0000,False,,NODATA,25
rak,2003-01-31,33,2,2.6368,0.0445,1,33,1.0000,True,0.0606,QUIET,25
rak,2003-02-01,23,0,0.0579,0.0418,2,33,0.6970,True,0.0000,QUIET,25
rak,2003-02-02,33,0,1.2643,0.0214,2,33,1.0000,True,0.0000,QUIET,25
rak,2003-02-03,0,0,,,2,33,0.0000,False,,NODATA,25
rak,2003-02-04,32,0,1.2232,0.1492,2,33,0.9697,True,0.0000,QUIET,25
rak,2003-02-05,0,0,,,2,33,0.0000,False,,NODATA,25
rak,2003-02-06,0,0,,,2,33,0.0000,False,,NODATA,25
rak,2003-02-07,26,0,1.2281,0.4625,2,33,0.7879,True,0.0000,QUIET,25
rak,2003-02-08,14,0,-0.0195,0.2860,2,33,0.4242,True,0.0000,QUIET,25
rak,2003-02-09,0,0,,,2,33,0.0000,False,,NODATA,25
rak,2003-02-10,0,0,,,2,33,0.0000,False,,NODATA,25
rak,2003-02-11,0,0,,,2,33,0.0000,False,,NODATA,25
rak,2003-02-12,0,0,,,2,33,0.0000,False,,NODATA,25
rak,2003-02-13,0,0,,,2,33,0.0000,False,,NODATA,25
rak,2003-02-14,0,0,,,2,33,0.0000,False,,NODATA,25
rak,2003-02-15,0,0,,,2,33,0.0000,False,,NODATA,25
rak,2003-02-16,0,0,,,2,33,0.0000,False,,NODATA,25
rak,2003-02-17,8,0,-0.7584,0.0251,2,33,0.2424,True,0.0000,QUIET,25
rak,2003-02-18,29,1,2.2233,1.1805,2,33,0.8788,True,0.0345,QUIET,25
rak,2003-02-19,0,0,,,2,33,0.0000,False,,NODATA,25
rak,2003-02-20,0,0,,,2,33,0.0000,False,,NODATA,25
rak,2003-02-21,0,0,,,2,33,0.0000,False,,NODATA,25
rak,2003-02-22,0,0,,,2,33,0.0000,False,,NODATA,25
rak,2003-02-23,0,0,,,2,33,0.0000,False,,NODATA,25
rak,2003-02-24,0,0,,,2,33,0.0000,False,,NODATA,25
rak,2003-02-25,0,0,,,2,33,0.0000,False,,NODATA,25
rak,2003-02-26,0,0,,,2,33,0.0000,False,,NODATA,25
rak,2003-02-27,0,0,,,2,33,0.0000,False,,NODATA,25
rak,2003-02-28,0,0,,,2,33,0.0000,False,,NODATA,25
rak,2003-03-01,0,0,,,3,33,0.0000,False,,NODATA,25
rak,2003-03-02,16,0,-0.2598,0.3598,3,33,0.4848,True,0.0000,QUIET,25
rak,2003-03-03,0,0,,,3,33,0.0000,False,,NODATA,25
rak,2003-03-04,0,0,,,3,33,0.0000,False,,NODATA,25
rak,2003-03-05,0,0,,,3,33,0.0000,False,,NODATA,25
rak,2003-03-06,33,0,1.5027,0.3898,3,33,1.0000,True,0.0000,QUIET,25
rak,2003-03-07,0,0,,,3,33,0.0000,False,,NODATA,25
rak,2003-03-08,0,0,,,3,33,0.0000,False,,NODATA,25
rak,2003-03-09,0,0,,,3,33,0.0000,False,,NODATA,25
rak,2003-03-10,0,0,,,3,33,0.0000,False,,NODATA,25
rak,2003-03-11,0,0,,,3,33,0.0000,False,,NODATA,25
rak,2003-03-12,0,0,,,3,33,0.0000,False,,NODATA,25
rak,2003-03-13,0,0,,,3,33,0.0000,False,,NODATA,25
rak,2003-03-14,0,0,,,3,33,0.0000,False,,NODATA,25
rak,2003-03-15,32,0,1.0915,0.7824,3,33,0.9697,True,0.0000,QUIET,25
rak,2003-03-16,0,0,,,3,33,0.0000,False,,NODATA,25
rak,2003-03-17,0,0,,,3,33,0.0000,False,,NODATA,25
rak,2003-03-18,0,0,,,3,33,0.0000,False,,NODATA,25
rak,2003-03-19,0,0,,,3,33,0.0000,False,,NODATA,25
rak,2003-03-20,0,0,,,3,33,0.0000,False,,NODATA,25
rak,2003-03-21,0,0,,,3,33,0.0000,False,,NODATA,25
rak,2003-03-22,0,0,,,3,33,0.0000,False,,NODATA,25
rak,2003-03-23,0,0,,,3,33,0.0000,False,,NODATA,25
rak,2003-03-24,0,0,,,3,33,0.0000,False,,NODATA,25
rak,2003-03-25,0,0,,,3,33,0.0000,False,,NODATA,25
rak,2003-03-26,0,0,,,3,33,0.0000,False,,NODATA,25
rak,2003-03-27,0,0,,,3,33,0.0000,False,,NODATA,25
rak,2003-03-28,0,0,,,3,33,0.0000,False,,NODATA,25
rak,2003-03-29,0,0,,,3,33,0.0000,False,,NODATA,25
rak,2003-03-30,0,0,,,3,33,0.0000,False,,NODATA,25
rak,2003-03-31,0,0,,,3,33,0.0000,False,,NODATA,25
rak,2003-04-01,0,0,,,4,28,0.0000,False,,NODATA,25
rak,2003-04-02,0,0,,,4,28,0.0000,False,,NODATA,25
rak,2003-04-03,22,0,0.8961,0.2664,4,28,0.7857,True,0.0000,QUIET,25
rak,2003-04-04,20,0,1.7554,-0.1276,4,28,0.7143,True,0.0000,QUIET,25
rak,2003-04-05,28,0,1.6403,-0.1038,4,28,1.0000,True,0.0000,QUIET,25
rak,2003-04-06,0,0,,,4,28,0.0000,False,,NODATA,25
rak,2003-04-07,28,0,1.1784,-0.0544,4,28,1.0000,True,0.0000,QUIET,25
rak,2003-04-08,0,0,,,4,28,0.0000,False,,NODATA,25
rak,2003-04-09,0,0,,,4,28,0.0000,False,,NODATA,25
rak,2003-04-10,0,0,,,4,28,0.0000,False,,NODATA,25
rak,2003-04-11,0,0,,,4,28,0.0000,False,,NODATA,25
rak,2003-04-12,0,0,,,4,28,0.0000,False,,NODATA,25
rak,2003-04-13,0,0,,,4,28,0.0000,False,,NODATA,25
rak,2003-04-14,0,0,,,4,28,0.0000,False,,NODATA,25
rak,2003-04-15,0,0,,,4,28,0.0000,False,,NODATA,25
rak,2003-04-16,0,0,,,4,28,0.0000,False,,NODATA,25
rak,2003-04-17,0,0,,,4,28,0.0000,False,,NODATA,25
rak,2003-04-18,0,0,,,4,28,0.0000,False,,NODATA,25
rak,2003-04-19,0,0,,,4,28,0.0000,False,,NODATA,25
rak,2003-04-20,0,0,,,4,28,0.0000,False,,NODATA,25
rak,2003-04-21,0,0,,,4,28,0.0000,False,,NODATA,25
rak,2003-04-22,0,0,,,4,28,0.0000,False,,NODATA,25
rak,2003-04-23,0,0,,,4,28,0.0000,False,,NODATA,25
rak,2003-04-24,0,0,,,4,28,0.0000,False,,NODATA,25
rak,2003-04-25,0,0,,,4,28,0.0000,False,,NODATA,25
rak,2003-04-26,0,0,,,4,28,0.0000,False,,NODATA,25
rak,2003-04-27,0,0,,,4,28,0.0000,False,,NODATA,25
rak,2003-04-28,25,0,-0.3582,-0.1433,4,28,0.8929,True,0.0000,QUIET,25
rak,2003-04-29,0,0,,,4,28,0.0000,False,,NODATA,25
rak,2003-04-30,28,0,0.2951,-0.2426,4,28,1.0000,True,0.0000,QUIET,25
rak,2003-05-01,0,0,,,5,24,0.0000,False,,NODATA,25
rak,2003-05-02,0,0,,,5,24,0.0000,False,,NODATA,25
rak,2003-05-03,0,0,,,5,24,0.0000,False,,NODATA,25
rak,2003-05-04,0,0,,,5,24,0.0000,False,,NODATA,25
rak,2003-05-05,0,0,,,5,24,0.0000,False,,NODATA,25
rak,2003-05-06,0,0,,,5,24,0.0000,False,,NODATA,25
rak,2003-05-07,1,0,-1.1659,-0.3998,5,24,0.0417,False,,NODATA,25
rak,2003-05-08,0,0,,,5,24,0.0000,False,,NODATA,25
rak,2003-05-09,0,0,,,5,24,0.0000,False,,NODATA,25
rak,2003-05-10,0,0,,,5,24,0.0000,False,,NODATA,25
rak,2003-05-11,0,0,,,5,24,0.0000,False,,NODATA,25
rak,2003-05-12,0,0,,,5,24,0.0000,False,,NODATA,25
rak,2003-05-13,0,0,,,5,24,0.0000,False,,NODATA,25
rak,2003-05-14,0,0,,,5,24,0.0000,False,,NODATA,25
rak,2003-05-15,0,0,,,5,24,0.0000,False,,NODATA,25
rak,2003-05-16,0,0,,,5,24,0.0000,False,,NODATA,25
rak,2003-05-17,0,0,,,5,24,0.0000,False,,NODATA,25
rak,2003-05-18,0,0,,,5,24,0.0000,False,,NODATA,25
rak,2003-05-19,0,0,,,5,24,0.0000,False,,NODATA,25
rak,2003-05-20,0,0,,,5,24,0.0000,False,,NODATA,25
rak,2003-05-21,0,0,,,5,24,0.0000,False,,NODATA,25
rak,2003-05-22,0,0,,,5,24,0.0000,False,,NODATA,25
rak,2003-05-23,0,0,,,5,24,0.0000,False,,NODATA,25
rak,2003-05-24,0,0,,,5,24,0.0000,False,,NODATA,25
rak,2003-05-25,0,0,,,5,24,0.0000,False,,NODATA,25
rak,2003-05-26,0,0,,,5,24,0.0000,False,,NODATA,25
rak,2003-05-27,0,0,,,5,24,0.0000,False,,NODATA,25
rak,2003-05-28,0,0,,,5,24,0.0000,False,,NODATA,25
rak,2003-05-29,0,0,,,5,24,0.0000,False,,NODATA,25
rak,2003-05-30,18,0,1.8931,0.3222,5,24,0.7500,True,0.0000,QUIET,25
rak,2003-05-31,0,0,,,5,24,0.0000,False,,NODATA,25
rak,2003-06-01,0,0,,,6,17,0.0000,False,,NODATA,25
rak,2003-06-02,0,0,,,6,17,0.0000,False,,NODATA,25
rak,2003-06-03,0,0,,,6,17,0.0000,False,,NODATA,25
rak,2003-06-04,0,0,,,6,17,0.0000,False,,NODATA,25
rak,2003-06-05,0,0,,,6,17,0.0000,False,,NODATA,25
rak,2003-06-06,0,0,,,6,17,0.0000,False,,NODATA,25
rak,2003-06-07,0,0,,,6,17,0.0000,False,,NODATA,25
rak,2003-06-08,17,0,1.8654,0.0044,6,17,1.0000,True,0.0000,QUIET,25
rak,2003-06-09,0,0,,,6,17,0.0000,False,,NODATA,25
rak,2003-06-10,0,0,,,6,17,0.0000,False,,NODATA,25
rak,2003-06-11,0,0,,,6,17,0.0000,False,,NODATA,25
rak,2003-06-12,0,0,,,6,17,0.0000,False,,NODATA,25
rak,2003-06-13,0,0,,,6,17,0.0000,False,,NODATA,25
rak,2003-06-14,0,0,,,6,17,0.0000,False,,NODATA,25
rak,2003-06-15,0,0,,,6,17,0.0000,False,,NODATA,25
rak,2003-06-16,0,0,,,6,17,0.0000,False,,NODATA,25
rak,2003-06-17,0,0,,,6,17,0.0000,False,,NODATA,25
rak,2003-06-18,0,0,,,6,17,0.0000,False,,NODATA,25
rak,2003-06-19,0,0,,,6,17,0.0000,False,,NODATA,25
rak,2003-06-20,0,0,,,6,17,0.0000,False,,NODATA,25
rak,2003-06-21,0,0,,,6,17,0.0000,False,,NODATA,25
rak,2003-06-22,0,0,,,6,17,0.0000,False,,NODATA,25
rak,2003-06-23,0,0,,,6,17,0.0000,False,,NODATA,25
rak,2003-06-24,0,0,,,6,17,0.0000,False,,NODATA,25
rak,2003-06-25,0,0,,,6,17,0.0000,False,,NODATA,25
rak,2003-06-26,0,0,,,6,17,0.0000,False,,NODATA,25
rak,2003-06-27,0,0,,,6,17,0.0000,False,,NODATA,25
rak,2003-06-28,0,0,,,6,17,0.0000,False,,NODATA,25
rak,2003-06-29,0,0,,,6,17,0.0000,False,,NODATA,25
rak,2003-06-30,0,0,,,6,17,0.0000,False,,NODATA,25
rak,2003-07-01,0,0,,,7,0,0.0000,False,,NODATA,25
rak,2003-07-02,0,0,,,7,0,0.0000,False,,NODATA,25
rak,2003-07-03,0,0,,,7,0,0.0000,False,,NODATA,25
rak,2003-07-04,0,0,,,7,0,0.0000,False,,NODATA,25
rak,2003-07-05,0,0,,,7,0,0.0000,False,,NODATA,25
rak,2003-07-06,0,0,,,7,0,0.0000,False,,NODATA,25
rak,2003-07-07,0,0,,,7,0,0.0000,False,,NODATA,25
rak,2003-07-08,0,0,,,7,0,0.0000,False,,NODATA,25
rak,2003-07-09,0,0,,,7,0,0.0000,False,,NODATA,25
rak,2003-07-10,0,0,,,7,0,0.0000,False,,NODATA,25
rak,2003-07-11,0,0,,,7,0,0.0000,False,,NODATA,25
rak,2003-07-12,0,0,,,7,0,0.0000,False,,NODATA,25
rak,2003-07-13,0,0,,,7,0,0.0000,False,,NODATA,25
rak,2003-07-14,0,0,,,7,0,0.0000,False,,NODATA,25
rak,2003-07-15,0,0,,,7,0,0.0000,False,,NODATA,25
rak,2003-07-16,0,0,,,7,0,0.0000,False,,NODATA,25
rak,2003-07-17,0,0,,,7,0,0.0000,False,,NODATA,25
rak,2003-07-18,0,0,,,7,0,0.0000,False,,NODATA,25
rak,2003-07-19,0,0,,,7,0,0.0000,False,,NODATA,25
rak,2003-07-20,0,0,,,7,0,0.0000,False,,NODATA,25
rak,2003-07-21,0,0,,,7,0,0.0000,False,,NODATA,25
rak,2003-07-22,0,0,,,7,0,0.0000,False,,NODATA,25
rak,2003-07-23,0,0,,,7,0,0.0000,False,,NODATA,25
rak,2003-07-24,0,0,,,7,0,0.0000,False,,NODATA,25
rak,2003-07-25,0,0,,,7,0,0.0000,False,,NODATA,25
rak,2003-07-26,0,0,,,7,0,0.0000,False,,NODATA,25
rak,2003-07-27,0,0,,,7,0,0.0000,False,,NODATA,25
rak,2003-07-28,0,0,,,7,0,0.0000,False,,NODATA,25
rak,2003-07-29,0,0,,,7,0,0.0000,False,,NODATA,25
rak,2003-07-30,0,0,,,7,0,0.0000,False,,NODATA,25
rak,2003-07-31,0,0,,,7,0,0.0000,False,,NODATA,25
rak,2003-08-01,0,0,,,8,0,0.0000,False,,NODATA,25
rak,2003-08-02,0,0,,,8,0,0.0000,False,,NODATA,25
rak,2003-08-03,0,0,,,8,0,0.0000,False,,NODATA,25
rak,2003-08-04,0,0,,,8,0,0.0000,False,,NODATA,25
rak,2003-08-05,0,0,,,8,0,0.0000,False,,NODATA,25
rak,2003-08-06,0,0,,,8,0,0.0000,False,,NODATA,25
rak,2003-08-07,0,0,,,8,0,0.0000,False,,NODATA,25
rak,2003-08-08,0,0,,,8,0,0.0000,False,,NODATA,25
rak,2003-08-09,0,0,,,8,0,0.0000,False,,NODATA,25
rak,2003-08-10,0,0,,,8,0,0.0000,False,,NODATA,25
rak,2003-08-11,0,0,,,8,0,0.0000,False,,NODATA,25
rak,2003-08-12,0,0,,,8,0,0.0000,False,,NODATA,25
rak,2003-08-13,0,0,,,8,0,0.0000,False,,NODATA,25
rak,2003-08-14,0,0,,,8,0,0.0000,False,,NODATA,25
rak,2003-08-15,0,0,,,8,0,0.0000,False,,NODATA,25
rak,2003-08-16,0,0,,,8,0,0.0000,False,,NODATA,25
rak,2003-08-17,0,0,,,8,0,0.0000,False,,NODATA,25
rak,2003-08-18,0,0,,,8,0,0.0000,False,,NODATA,25
rak,2003-08-19,0,0,,,8,0,0.0000,False,,NODATA,25
rak,2003-08-20,0,0,,,8,0,0.0000,False,,NODATA,25
rak,2003-08-21,0,0,,,8,0,0.0000,False,,NODATA,25
rak,2003-08-22,0,0,,,8,0,0.0000,False,,NODATA,25
rak,2003-08-23,0,0,,,8,0,0.0000,False,,NODATA,25
rak,2003-08-24,0,0,,,8,0,0.0000,False,,NODATA,25
rak,2003-08-25,0,0,,,8,0,0.0000,False,,NODATA,25
rak,2003-08-26,0,0,,,8,0,0.0000,False,,NODATA,25
rak,2003-08-27,0,0,,,8,0,0.0000,False,,NODATA,25
rak,2003-08-28,0,0,,,8,0,0.0000,False,,NODATA,25
rak,2003-08-29,0,0,,,8,0,0.0000,False,,NODATA,25
rak,2003-08-30,0,0,,,8,0,0.0000,False,,NODATA,25
rak,2003-08-31,0,0,,,8,0,0.0000,False,,NODATA,25
rak,2003-09-01,0,0,,,9,27,0.0000,False,,NODATA,25
rak,2003-09-02,0,0,,,9,27,0.0000,False,,NODATA,25
rak,2003-09-03,0,0,,,9,27,0.0000,False,,NODATA,25
rak,2003-09-04,0,0,,,9,27,0.0000,False,,NODATA,25
rak,2003-09-05,27,0,-0.0349,-0.1703,9,27,1.0000,True,0.0000,QUIET,25
rak,2003-09-06,0,0,,,9,27,0.0000,False,,NODATA,25
rak,2003-09-07,0,0,,,9,27,0.0000,False,,NODATA,25
rak,2003-09-08,0,0,,,9,27,0.0000,False,,NODATA,25
rak,2003-09-09,0,0,,,9,27,0.0000,False,,NODATA,25
rak,2003-09-10,0,0,,,9,27,0.0000,False,,NODATA,25
rak,2003-09-11,0,0,,,9,27,0.0000,False,,NODATA,25
rak,2003-09-12,0,0,,,9,27,0.0000,False,,NODATA,25
rak,2003-09-13,0,0,,,9,27,0.0000,False,,NODATA,25
rak,2003-09-14,0,0,,,9,27,0.0000,False,,NODATA,25
rak,2003-09-15,0,0,,,9,27,0.0000,False,,NODATA,25
rak,2003-09-16,0,0,,,9,27,0.0000,False,,NODATA,25
rak,2003-09-17,0,0,,,9,27,0.0000,False,,NODATA,25
rak,2003-09-18,0,0,,,9,27,0.0000,False,,NODATA,25
rak,2003-09-19,0,0,,,9,27,0.0000,False,,NODATA,25
rak,2003-09-20,0,0,,,9,27,0.0000,False,,NODATA,25
rak,2003-09-21,0,0,,,9,27,0.0000,False,,NODATA,25
rak,2003-09-22,0,0,,,9,27,0.0000,False,,NODATA,25
rak,2003-09-23,0,0,,,9,27,0.0000,False,,NODATA,25
rak,2003-09-24,0,0,,,9,27,0.0000,False,,NODATA,25
rak,2003-09-25,0,0,,,9,27,0.0000,False,,NODATA,25
rak,2003-09-26,0,0,,,9,27,0.0000,False,,NODATA,25
rak,2003-09-27,0,0,,,9,27,0.0000,False,,NODATA,25
rak,2003-09-28,0,0,,,9,27,0.0000,False,,NODATA,25
rak,2003-09-29,0,0,,,9,27,0.0000,False,,NODATA,25
rak,2003-09-30,14,0,-0.8942,-0.2478,9,27,0.5185,True,0.0000,QUIET,25
rak,2003-10-01,0,0,,,10,33,0.0000,False,,NODATA,25
rak,2003-10-02,0,0,,,10,33,0.0000,False,,NODATA,25
rak,2003-10-03,0,0,,,10,33,0.0000,False,,NODATA,25
rak,2003-10-04,30,0,-1.2553,-0.3989,10,33,0.9091,True,0.0000,QUIET,25
rak,2003-10-05,0,0,,,10,33,0.0000,False,,NODATA,25
rak,2003-10-06,0,0,,,10,33,0.0000,False,,NODATA,25
rak,2003-10-07,10,0,-0.9028,-0.2878,10,33,0.3030,True,0.0000,QUIET,25
rak,2003-10-08,0,0,,,10,33,0.0000,False,,NODATA,25
rak,2003-10-09,33,0,0.8964,-0.1703,10,33,1.0000,True,0.0000,QUIET,25
rak,2003-10-10,0,0,,,10,33,0.0000,False,,NODATA,25
rak,2003-10-11,8,0,-0.6678,0.0509,10,33,0.2424,True,0.0000,QUIET,25
rak,2003-10-12,0,0,,,10,33,0.0000,False,,NODATA,25
rak,2003-10-13,0,0,,,10,33,0.0000,False,,NODATA,25
rak,2003-10-14,30,0,-0.3251,-0.1464,10,33,0.9091,True,0.0000,QUIET,25
rak,2003-10-15,0,0,,,10,33,0.0000,False,,NODATA,25
rak,2003-10-16,33,0,-0.6644,-0.0933,10,33,1.0000,True,0.0000,QUIET,25
rak,2003-10-17,0,0,,,10,33,0.0000,False,,NODATA,25
rak,2003-10-18,28,0,-0.4245,-0.2156,10,33,0.8485,True,0.0000,QUIET,25
rak,2003-10-19,0,0,,,10,33,0.0000,False,,NODATA,25
rak,2003-10-20,0,0,,,10,33,0.0000,False,,NODATA,25
rak,2003-10-21,0,0,,,10,33,0.0000,False,,NODATA,25
rak,2003-10-22,0,0,,,10,33,0.0000,False,,NODATA,25
rak,2003-10-23,31,0,0.7630,-0.1696,10,33,0.9394,True,0.0000,QUIET,25
rak,2003-10-24,0,0,,,10,33,0.0000,False,,NODATA,25
rak,2003-10-25,32,0,0.9846,0.1052,10,33,0.9697,True,0.0000,QUIET,25
rak,2003-10-26,0,0,,,10,33,0.0000,False,,NODATA,25
rak,2003-10-27,0,0,,,10,33,0.0000,False,,NODATA,25
rak,2003-10-28,0,0,,,10,33,0.0000,False,,NODATA,25
rak,2003-10-29,0,0,,,10,33,0.0000,False,,NODATA,25
rak,2003-10-30,30,0,0.9454,0.0996,10,33,0.9091,True,0.0000,QUIET,25
rak,2003-10-31,0,0,,,10,33,0.0000,False,,NODATA,25
rak,2003-11-01,3,0,-0.2489,0.2607,11,34,0.0882,False,,NODATA,25
rak,2003-11-02,0,0,,,11,34,0.0000,False,,NODATA,25
rak,2003-11-03,33,0,-0.5994,-0.0137,11,34,0.9706,True,0.0000,QUIET,25
rak,2003-11-04,0,0,,,11,34,0.0000,False,,NODATA,25
rak,2003-11-05,33,0,-0.8021,-0.1000,11,34,0.9706,True,0.0000,QUIET,25
rak,2003-11-06,0,0,,,11,34,0.0000,False,,NODATA,25
rak,2003-11-07,25,0,-0.6560,-0.0577,11,34,0.7353,True,0.0000,QUIET,25
rak,2003-11-08,31,0,1.4418,0.4661,11,34,0.9118,True,0.0000,QUIET,25
rak,2003-11-09,0,0,,,11,34,0.0000,False,,NODATA,25
rak,2003-11-10,34,0,0.1657,0.3212,11,34,1.0000,True,0.0000,QUIET,25
rak,2003-11-11,0,0,,,11,34,0.0000,False,,NODATA,25
rak,2003-11-12,32,0,0.7897,0.3673,11,34,0.9412,True,0.0000,QUIET,25
rak,2003-11-13,0,0,,,11,34,0.0000,False,,NODATA,25
rak,2003-11-14,0,0,,,11,34,0.0000,False,,NODATA,25
rak,2003-11-15,4,0,-0.0063,0.4369,11,34,0.1176,True,0.0000,QUIET,25
rak,2003-11-16,17,0,-0.5304,0.0765,11,34,0.5000,True,0.0000,QUIET,25
rak,2003-11-17,12,0,0.6838,0.6926,11,34,0.3529,True,0.0000,QUIET,25
rak,2003-11-18,0,0,,,11,34,0.0000,False,,NODATA,25
rak,2003-11-19,30,0,0.2363,0.3286,11,34,0.8824,True,0.0000,QUIET,25
rak,2003-11-20,0,0,,,11,34,0.0000,False,,NODATA,25
rak,2003-11-21,25,0,0.5229,0.4570,11,34,0.7353,True,0.0000,QUIET,25
rak,2003-11-22,24,0,0.5140,0.3902,11,34,0.7059,True,0.0000,QUIET,25
rak,2003-11-23,0,0,,,11,34,0.0000,False,,NODATA,25
rak,2003-11-24,0,0,,,11,34,0.0000,False,,NODATA,25
rak,2003-11-25,0,0,,,11,34,0.0000,False,,NODATA,25
rak,2003-11-26,33,0,0.5475,0.2845,11,34,0.9706,True,0.0000,QUIET,25
rak,2003-11-27,0,0,,,11,34,0.0000,False,,NODATA,25
rak,2003-11-28,34,0,0.1046,0.2633,11,34,1.0000,True,0.0000,QUIET,25
rak,2003-11-29,0,0,,,11,34,0.0000,False,,NODATA,25
rak,2003-11-30,0,0,,,11,34,0.0000,False,,NODATA,25
rak,2003-12-01,24,18,3.4867,1.3806,12,33,0.7273,True,0.7500,EXCEED,25
rak,2003-12-02,0,0,,,12,33,0.0000,False,,NODATA,25
rak,2003-12-03,0,0,,,12,33,0.0000,False,,NODATA,25
rak,2003-12-04,0,0,,,12,33,0.0000,False,,NODATA,25
rak,2003-12-05,0,0,,,12,33,0.0000,False,,NODATA,25
rak,2003-12-06,13,0,-0.2009,0.1588,12,33,0.3939,True,0.0000,QUIET,25
rak,2003-12-07,0,0,,,12,33,0.0000,False,,NODATA,25
rak,2003-12-08,0,0,,,12,33,0.0000,False,,NODATA,25
rak,2003-12-09,27,0,-0.1408,0.1594,12,33,0.8182,True,0.0000,QUIET,25
rak,2003-12-10,33,0,0.5254,0.2184,12,33,1.0000,True,0.0000,QUIET,25
rak,2003-12-11,0,0,,,12,33,0.0000,False,,NODATA,25
rak,2003-12-12,0,0,,,12,33,0.0000,False,,NODATA,25
rak,2003-12-13,0,0,,,12,33,0.0000,False,,NODATA,25
rak,2003-12-14,0,0,,,12,33,0.0000,False,,NODATA,25
rak,2003-12-15,0,0,,,12,33,0.0000,False,,NODATA,25
rak,2003-12-16,17,0,-0.2759,-0.0478,12,33,0.5152,True,0.0000,QUIET,25
rak,2003-12-17,0,0,,,12,33,0.0000,False,,NODATA,25
rak,2003-12-18,0,0,,,12,33,0.0000,False,,NODATA,25
rak,2003-12-19,33,0,1.5047,0.3937,12,33,1.0000,True,0.0000,QUIET,25
rak,2003-12-20,0,0,,,12,33,0.0000,False,,NODATA,25
rak,2003-12-21,33,0,1.6045,0.2845,12,33,1.0000,True,0.0000,QUIET,25
rak,2003-12-22,0,0,,,12,33,0.0000,False,,NODATA,25
rak,2003-12-23,0,0,,,12,33,0.0000,False,,NODATA,25
rak,2003-12-24,0,0,,,12,33,0.0000,False,,NODATA,25
rak,2003-12-25,1,0,-0.3328,0.4301,12,33,0.0303,False,,NODATA,25
rak,2003-12-26,25,10,3.0707,1.0971,12,33,0.7576,True,0.4000,EXCEED,25
rak,2003-12-27,0,0,,,12,33,0.0000,False,,NODATA,25
rak,2003-12-28,0,0,,,12,33,0.0000,False,,NODATA,25
rak,2003-12-29,0,0,,,12,33,0.0000,False,,NODATA,25
rak,2003-12-30,0,0,,,12,33,0.0000,False,,NODATA,25
rak,2003-12-31,0,0,,,12,33,0.0000,False,,NODATA,25
rak,2004-01-01,26,10,3.0005,1.0383,1,33,0.7879,True,0.3846,QUIET,25
rak,2004-01-02,4,0,1.0123,0.6490,1,33,0.1212,True,0.0000,QUIET,25
rak,2004-01-03,0,0,,,1,33,0.0000,False,,NODATA,25
rak,2004-01-04,0,0,,,1,33,0.0000,False,,NODATA,25
rak,2004-01-05,0,0,,,1,33,0.0000,False,,NODATA,25
rak,2004-01-06,33,7,2.7890,0.9249,1,33,1.0000,True,0.2121,QUIET,25
rak,2004-01-07,0,0,,,1,33,0.0000,False,,NODATA,25
rak,2004-01-08,0,0,,,1,33,0.0000,False,,NODATA,25
rak,2004-01-09,0,0,,,1,33,0.0000,False,,NODATA,25
rak,2004-01-10,0,0,,,1,33,0.0000,False,,NODATA,25
rak,2004-01-11,0,0,,,1,33,0.0000,False,,NODATA,25
rak,2004-01-12,0,0,,,1,33,0.0000,False,,NODATA,25
rak,2004-01-13,33,0,1.0748,0.2235,1,33,1.0000,True,0.0000,QUIET,25
rak,2004-01-14,0,0,,,1,33,0.0000,False,,NODATA,25
rak,2004-01-15,0,0,,,1,33,0.0000,False,,NODATA,25
rak,2004-01-16,22,0,-0.2565,0.0922,1,33,0.6667,True,0.0000,QUIET,25
rak,2004-01-17,1,0,-0.5777,0.0150,1,33,0.0303,False,,NODATA,25
rak,2004-01-18,0,0,,,1,33,0.0000,False,,NODATA,25
rak,2004-01-19,0,0,,,1,33,0.0000,False,,NODATA,25
rak,2004-01-20,23,0,-0.9068,-0.2883,1,33,0.6970,True,0.0000,QUIET,25
rak,2004-01-21,0,0,,,1,33,0.0000,False,,NODATA,25
rak,2004-01-22,32,0,-0.6072,-0.0573,1,33,0.9697,True,0.0000,QUIET,25
rak,2004-01-23,0,0,,,1,33,0.0000,False,,NODATA,25
rak,2004-01-24,33,0,-0.5289,-0.0432,1,33,1.0000,True,0.0000,QUIET,25
rak,2004-01-25,19,0,1.1082,0.4523,1,33,0.5758,True,0.0000,QUIET,25
rak,2004-01-26,0,0,,,1,33,0.0000,False,,NODATA,25
rak,2004-01-27,0,0,,,1,33,0.0000,False,,NODATA,25
rak,2004-01-28,0,0,,,1,33,0.0000,False,,NODATA,25
rak,2004-01-29,33,0,0.7941,0.4816,1,33,1.0000,True,0.0000,QUIET,25
rak,2004-01-30,0,0,,,1,33,0.0000,False,,NODATA,25
rak,2004-01-31,33,5,2.5125,1.0239,1,33,1.0000,True,0.1515,QUIET,25
rak,2004-02-01,21,1,2.0637,0.8044,2,33,0.6364,True,0.0476,QUIET,25
rak,2004-02-02,31,0,0.2033,0.2410,2,33,0.9394,True,0.0000,QUIET,25
rak,2004-02-03,19,4,2.3121,1.1862,2,33,0.5758,True,0.2105,QUIET,25
rak,2004-02-04,0,0,,,2,33,0.0000,False,,NODATA,25
rak,2004-02-05,4,1,2.0266,0.9939,2,33,0.1212,True,0.2500,QUIET,25
rak,2004-02-06,0,0,,,2,33,0.0000,False,,NODATA,25
rak,2004-02-07,0,0,,,2,33,0.0000,False,,NODATA,25
rak,2004-02-08,15,0,0.5174,0.5303,2,33,0.4545,True,0.0000,QUIET,25
rak,2004-02-09,33,0,0.8513,0.5955,2,33,1.0000,True,0.0000,QUIET,25
rak,2004-02-10,26,0,0.8348,0.6828,2,33,0.7879,True,0.0000,QUIET,25
rak,2004-02-11,27,0,0.4077,0.4940,2,33,0.8182,True,0.0000,QUIET,25
rak,2004-02-12,6,2,2.6485,1.3838,2,33,0.1818,True,0.3333,QUIET,25
rak,2004-02-13,0,0,,,2,33,0.0000,False,,NODATA,25
rak,2004-02-14,16,4,2.6438,1.2810,2,33,0.4848,True,0.2500,QUIET,25
rak,2004-02-15,0,0,,,2,33,0.0000,False,,NODATA,25
rak,2004-02-16,0,0,,,2,33,0.0000,False,,NODATA,25
rak,2004-02-17,0,0,,,2,33,0.0000,False,,NODATA,25
rak,2004-02-18,4,0,0.2322,0.3455,2,33,0.1212,True,0.0000,QUIET,25
rak,2004-02-19,0,0,,,2,33,0.0000,False,,NODATA,25
rak,2004-02-20,0,0,,,2,33,0.0000,False,,NODATA,25
rak,2004-02-21,0,0,,,2,33,0.0000,False,,NODATA,25
rak,2004-02-22,0,0,,,2,33,0.0000,False,,NODATA,25
rak,2004-02-23,0,0,,,2,33,0.0000,False,,NODATA,25
rak,2004-02-24,0,0,,,2,33,0.0000,False,,NODATA,25
rak,2004-02-25,19,0,1.0044,0.2924,2,33,0.5758,True,0.0000,QUIET,25
rak,2004-02-26,23,0,0.9388,0.5762,2,33,0.6970,True,0.0000,QUIET,25
rak,2004-02-27,17,0,0.3667,0.3897,2,33,0.5152,True,0.0000,QUIET,25
rak,2004-02-28,20,0,0.2899,0.4563,2,33,0.6061,True,0.0000,QUIET,25
rak,2004-02-29,0,0,,,2,33,0.0000,False,,NODATA,25
rak,2004-03-01,33,0,0.1281,0.1995,3,33,1.0000,True,0.0000,QUIET,25
rak,2004-03-02,0,0,,,3,33,0.0000,False,,NODATA,25
rak,2004-03-03,27,0,1.8638,0.3290,3,33,0.8182,True,0.0000,QUIET,25
rak,2004-03-04,0,0,,,3,33,0.0000,False,,NODATA,25
rak,2004-03-05,2,0,-0.5434,0.1758,3,33,0.0606,False,,NODATA,25
rak,2004-03-06,30,0,0.7203,0.3375,3,33,0.9091,True,0.0000,QUIET,25
rak,2004-03-07,22,0,0.5991,0.1620,3,33,0.6667,True,0.0000,QUIET,25
rak,2004-03-08,0,0,,,3,33,0.0000,False,,NODATA,25
rak,2004-03-09,0,0,,,3,33,0.0000,False,,NODATA,25
rak,2004-03-10,25,11,2.5897,1.4297,3,33,0.7576,True,0.4400,EXCEED,25
rak,2004-03-11,0,0,,,3,33,0.0000,False,,NODATA,25
rak,2004-03-12,0,0,,,3,33,0.0000,False,,NODATA,25
rak,2004-03-13,0,0,,,3,33,0.0000,False,,NODATA,25
rak,2004-03-14,0,0,,,3,33,0.0000,False,,NODATA,25
rak,2004-03-15,0,0,,,3,33,0.0000,False,,NODATA,25
rak,2004-03-16,0,0,,,3,33,0.0000,False,,NODATA,25
rak,2004-03-17,0,0,,,3,33,0.0000,False,,NODATA,25
rak,2004-03-18,0,0,,,3,33,0.0000,False,,NODATA,25
rak,2004-03-19,0,0,,,3,33,0.0000,False,,NODATA,25
rak,2004-03-20,0,0,,,3,33,0.0000,False,,NODATA,25
rak,2004-03-21,0,0,,,3,33,0.0000,False,,NODATA,25
rak,2004-03-22,11,0,0.1009,0.3278,3,33,0.3333,True,0.0000,QUIET,25
rak,2004-03-23,0,0,,,3,33,0.0000,False,,NODATA,25
rak,2004-03-24,33,0,1.4241,0.4870,3,33,1.0000,True,0.0000,QUIET,25
rak,2004-03-25,0,0,,,3,33,0.0000,False,,NODATA,25
rak,2004-03-26,0,0,,,3,33,0.0000,False,,NODATA,25
rak,2004-03-27,0,0,,,3,33,0.0000,False,,NODATA,25
rak,2004-03-28,0,0,,,3,33,0.0000,False,,NODATA,25
rak,2004-03-29,25,0,1.1375,0.3339,3,33,0.7576,True,0.0000,QUIET,25
rak,2004-03-30,0,0,,,3,33,0.0000,False,,NODATA,25
rak,2004-03-31,33,0,-0.0161,0.1385,3,33,1.0000,True,0.0000,QUIET,25
rak,2004-04-01,0,0,,,4,28,0.0000,False,,NODATA,25
rak,2004-04-02,0,0,,,4,28,0.0000,False,,NODATA,25
rak,2004-04-03,0,0,,,4,28,0.0000,False,,NODATA,25
rak,2004-04-04,0,0,,,4,28,0.0000,False,,NODATA,25
rak,2004-04-05,0,0,,,4,28,0.0000,False,,NODATA,25
rak,2004-04-06,0,0,,,4,28,0.0000,False,,NODATA,25
rak,2004-04-07,0,0,,,4,28,0.0000,False,,NODATA,25
rak,2004-04-08,0,0,,,4,28,0.0000,False,,NODATA,25
rak,2004-04-09,0,0,,,4,28,0.0000,False,,NODATA,25
rak,2004-04-10,0,0,,,4,28,0.0000,False,,NODATA,25
rak,2004-04-11,0,0,,,4,28,0.0000,False,,NODATA,25
rak,2004-04-12,0,0,,,4,28,0.0000,False,,NODATA,25
rak,2004-04-13,0,0,,,4,28,0.0000,False,,NODATA,25
rak,2004-04-14,0,0,,,4,28,0.0000,False,,NODATA,25
rak,2004-04-15,0,0,,,4,28,0.0000,False,,NODATA,25
rak,2004-04-16,28,0,0.4031,-0.0392,4,28,1.0000,True,0.0000,QUIET,25
rak,2004-04-17,0,0,,,4,28,0.0000,False,,NODATA,25
rak,2004-04-18,0,0,,,4,28,0.0000,False,,NODATA,25
rak,2004-04-19,0,0,,,4,28,0.0000,False,,NODATA,25
rak,2004-04-20,0,0,,,4,28,0.0000,False,,NODATA,25
rak,2004-04-21,0,0,,,4,28,0.0000,False,,NODATA,25
rak,2004-04-22,0,0,,,4,28,0.0000,False,,NODATA,25
rak,2004-04-23,0,0,,,4,28,0.0000,False,,NODATA,25
rak,2004-04-24,0,0,,,4,28,0.0000,False,,NODATA,25
rak,2004-04-25,0,0,,,4,28,0.0000,False,,NODATA,25
rak,2004-04-26,0,0,,,4,28,0.0000,False,,NODATA,25
rak,2004-04-27,0,0,,,4,28,0.0000,False,,NODATA,25
rak,2004-04-28,0,0,,,4,28,0.0000,False,,NODATA,25
rak,2004-04-29,0,0,,,4,28,0.0000,False,,NODATA,25
rak,2004-04-30,0,0,,,4,28,0.0000,False,,NODATA,25
rak,2004-05-01,0,0,,,5,24,0.0000,False,,NODATA,25
rak,2004-05-02,0,0,,,5,24,0.0000,False,,NODATA,25
rak,2004-05-03,0,0,,,5,24,0.0000,False,,NODATA,25
rak,2004-05-04,0,0,,,5,24,0.0000,False,,NODATA,25
rak,2004-05-05,0,0,,,5,24,0.0000,False,,NODATA,25
rak,2004-05-06,0,0,,,5,24,0.0000,False,,NODATA,25
rak,2004-05-07,0,0,,,5,24,0.0000,False,,NODATA,25
rak,2004-05-08,0,0,,,5,24,0.0000,False,,NODATA,25
rak,2004-05-09,20,0,0.9255,-0.1930,5,24,0.8333,True,0.0000,QUIET,25
rak,2004-05-10,0,0,,,5,24,0.0000,False,,NODATA,25
rak,2004-05-11,24,0,-0.7152,-0.3848,5,24,1.0000,True,0.0000,QUIET,25
rak,2004-05-12,0,0,,,5,24,0.0000,False,,NODATA,25
rak,2004-05-13,0,0,,,5,24,0.0000,False,,NODATA,25
rak,2004-05-14,0,0,,,5,24,0.0000,False,,NODATA,25
rak,2004-05-15,0,0,,,5,24,0.0000,False,,NODATA,25
rak,2004-05-16,0,0,,,5,24,0.0000,False,,NODATA,25
rak,2004-05-17,0,0,,,5,24,0.0000,False,,NODATA,25
rak,2004-05-18,0,0,,,5,24,0.0000,False,,NODATA,25
rak,2004-05-19,0,0,,,5,24,0.0000,False,,NODATA,25
rak,2004-05-20,0,0,,,5,24,0.0000,False,,NODATA,25
rak,2004-05-21,0,0,,,5,24,0.0000,False,,NODATA,25
rak,2004-05-22,0,0,,,5,24,0.0000,False,,NODATA,25
rak,2004-05-23,0,0,,,5,24,0.0000,False,,NODATA,25
rak,2004-05-24,0,0,,,5,24,0.0000,False,,NODATA,25
rak,2004-05-25,5,0,-0.2435,-0.2142,5,24,0.2083,True,0.0000,QUIET,25
rak,2004-05-26,0,0,,,5,24,0.0000,False,,NODATA,25
rak,2004-05-27,23,0,0.0612,-0.2387,5,24,0.9583,True,0.0000,QUIET,25
rak,2004-05-28,0,0,,,5,24,0.0000,False,,NODATA,25
rak,2004-05-29,0,0,,,5,24,0.0000,False,,NODATA,25
rak,2004-05-30,0,0,,,5,24,0.0000,False,,NODATA,25
rak,2004-05-31,0,0,,,5,24,0.0000,False,,NODATA,25
rak,2004-06-01,16,2,2.3935,0.2308,6,17,0.9412,True,0.1250,QUIET,25
rak,2004-06-02,17,0,1.5696,0.1017,6,17,1.0000,True,0.0000,QUIET,25
rak,2004-06-03,17,0,1.2990,-0.0897,6,17,1.0000,True,0.0000,QUIET,25
rak,2004-06-04,0,0,,,6,17,0.0000,False,,NODATA,25
rak,2004-06-05,0,0,,,6,17,0.0000,False,,NODATA,25
rak,2004-06-06,0,0,,,6,17,0.0000,False,,NODATA,25
rak,2004-06-07,0,0,,,6,17,0.0000,False,,NODATA,25
rak,2004-06-08,0,0,,,6,17,0.0000,False,,NODATA,25
rak,2004-06-09,5,0,0.0226,-0.1493,6,17,0.2941,True,0.0000,QUIET,25
rak,2004-06-10,17,0,1.0748,-0.0700,6,17,1.0000,True,0.0000,QUIET,25
rak,2004-06-11,0,0,,,6,17,0.0000,False,,NODATA,25
rak,2004-06-12,0,0,,,6,17,0.0000,False,,NODATA,25
rak,2004-06-13,0,0,,,6,17,0.0000,False,,NODATA,25
rak,2004-06-14,0,0,,,6,17,0.0000,False,,NODATA,25
rak,2004-06-15,0,0,,,6,17,0.0000,False,,NODATA,25
rak,2004-06-16,0,0,,,6,17,0.0000,False,,NODATA,25
rak,2004-06-17,0,0,,,6,17,0.0000,False,,NODATA,25
rak,2004-06-18,0,0,,,6,17,0.0000,False,,NODATA,25
rak,2004-06-19,17,0,1.0040,0.0096,6,17,1.0000,True,0.0000,QUIET,25
rak,2004-06-20,0,0,,,6,17,0.0000,False,,NODATA,25
rak,2004-06-21,0,0,,,6,17,0.0000,False,,NODATA,25
rak,2004-06-22,0,0,,,6,17,0.0000,False,,NODATA,25
rak,2004-06-23,0,0,,,6,17,0.0000,False,,NODATA,25
rak,2004-06-24,0,0,,,6,17,0.0000,False,,NODATA,25
rak,2004-06-25,0,0,,,6,17,0.0000,False,,NODATA,25
rak,2004-06-26,0,0,,,6,17,0.0000,False,,NODATA,25
rak,2004-06-27,0,0,,,6,17,0.0000,False,,NODATA,25
rak,2004-06-28,0,0,,,6,17,0.0000,False,,NODATA,25
rak,2004-06-29,0,0,,,6,17,0.0000,False,,NODATA,25
rak,2004-06-30,0,0,,,6,17,0.0000,False,,NODATA,25
rak,2004-07-01,0,0,,,7,0,0.0000,False,,NODATA,25
rak,2004-07-02,0,0,,,7,0,0.0000,False,,NODATA,25
rak,2004-07-03,0,0,,,7,0,0.0000,False,,NODATA,25
rak,2004-07-04,0,0,,,7,0,0.0000,False,,NODATA,25
rak,2004-07-05,0,0,,,7,0,0.0000,False,,NODATA,25
rak,2004-07-06,0,0,,,7,0,0.0000,False,,NODATA,25
rak,2004-07-07,0,0,,,7,0,0.0000,False,,NODATA,25
rak,2004-07-08,0,0,,,7,0,0.0000,False,,NODATA,25
rak,2004-07-09,0,0,,,7,0,0.0000,False,,NODATA,25
rak,2004-07-10,0,0,,,7,0,0.0000,False,,NODATA,25
rak,2004-07-11,0,0,,,7,0,0.0000,False,,NODATA,25
rak,2004-07-12,0,0,,,7,0,0.0000,False,,NODATA,25
rak,2004-07-13,0,0,,,7,0,0.0000,False,,NODATA,25
rak,2004-07-14,0,0,,,7,0,0.0000,False,,NODATA,25
rak,2004-07-15,0,0,,,7,0,0.0000,False,,NODATA,25
rak,2004-07-16,0,0,,,7,0,0.0000,False,,NODATA,25
rak,2004-07-17,0,0,,,7,0,0.0000,False,,NODATA,25
rak,2004-07-18,0,0,,,7,0,0.0000,False,,NODATA,25
rak,2004-07-19,0,0,,,7,0,0.0000,False,,NODATA,25
rak,2004-07-20,0,0,,,7,0,0.0000,False,,NODATA,25
rak,2004-07-21,0,0,,,7,0,0.0000,False,,NODATA,25
rak,2004-07-22,0,0,,,7,0,0.0000,False,,NODATA,25
rak,2004-07-23,0,0,,,7,0,0.0000,False,,NODATA,25
rak,2004-07-24,0,0,,,7,0,0.0000,False,,NODATA,25
rak,2004-07-25,0,0,,,7,0,0.0000,False,,NODATA,25
rak,2004-07-26,0,0,,,7,0,0.0000,False,,NODATA,25
rak,2004-07-27,0,0,,,7,0,0.0000,False,,NODATA,25
rak,2004-07-28,0,0,,,7,0,0.0000,False,,NODATA,25
rak,2004-07-29,0,0,,,7,0,0.0000,False,,NODATA,25
rak,2004-07-30,0,0,,,7,0,0.0000,False,,NODATA,25
rak,2004-07-31,0,0,,,7,0,0.0000,False,,NODATA,25
rak,2004-08-01,0,0,,,8,0,0.0000,False,,NODATA,25
rak,2004-08-02,0,0,,,8,0,0.0000,False,,NODATA,25
rak,2004-08-03,0,0,,,8,0,0.0000,False,,NODATA,25
rak,2004-08-04,0,0,,,8,0,0.0000,False,,NODATA,25
rak,2004-08-05,0,0,,,8,0,0.0000,False,,NODATA,25
rak,2004-08-06,0,0,,,8,0,0.0000,False,,NODATA,25
rak,2004-08-07,0,0,,,8,0,0.0000,False,,NODATA,25
rak,2004-08-08,0,0,,,8,0,0.0000,False,,NODATA,25
rak,2004-08-09,0,0,,,8,0,0.0000,False,,NODATA,25
rak,2004-08-10,0,0,,,8,0,0.0000,False,,NODATA,25
rak,2004-08-11,0,0,,,8,0,0.0000,False,,NODATA,25
rak,2004-08-12,0,0,,,8,0,0.0000,False,,NODATA,25
rak,2004-08-13,0,0,,,8,0,0.0000,False,,NODATA,25
rak,2004-08-14,0,0,,,8,0,0.0000,False,,NODATA,25
rak,2004-08-15,0,0,,,8,0,0.0000,False,,NODATA,25
rak,2004-08-16,0,0,,,8,0,0.0000,False,,NODATA,25
rak,2004-08-17,0,0,,,8,0,0.0000,False,,NODATA,25
rak,2004-08-18,0,0,,,8,0,0.0000,False,,NODATA,25
rak,2004-08-19,0,0,,,8,0,0.0000,False,,NODATA,25
rak,2004-08-20,0,0,,,8,0,0.0000,False,,NODATA,25
rak,2004-08-21,0,0,,,8,0,0.0000,False,,NODATA,25
rak,2004-08-22,0,0,,,8,0,0.0000,False,,NODATA,25
rak,2004-08-23,0,0,,,8,0,0.0000,False,,NODATA,25
rak,2004-08-24,0,0,,,8,0,0.0000,False,,NODATA,25
rak,2004-08-25,0,0,,,8,0,0.0000,False,,NODATA,25
rak,2004-08-26,0,0,,,8,0,0.0000,False,,NODATA,25
rak,2004-08-27,0,0,,,8,0,0.0000,False,,NODATA,25
rak,2004-08-28,0,0,,,8,0,0.0000,False,,NODATA,25
rak,2004-08-29,0,0,,,8,0,0.0000,False,,NODATA,25
rak,2004-08-30,0,0,,,8,0,0.0000,False,,NODATA,25
rak,2004-08-31,0,0,,,8,0,0.0000,False,,NODATA,25
rak,2004-09-01,0,0,,,9,27,0.0000,False,,NODATA,25
rak,2004-09-02,0,0,,,9,27,0.0000,False,,NODATA,25
rak,2004-09-03,0,0,,,9,27,0.0000,False,,NODATA,25
rak,2004-09-04,0,0,,,9,27,0.0000,False,,NODATA,25
rak,2004-09-05,0,0,,,9,27,0.0000,False,,NODATA,25
rak,2004-09-06,0,0,,,9,27,0.0000,False,,NODATA,25
rak,2004-09-07,0,0,,,9,27,0.0000,False,,NODATA,25
rak,2004-09-08,0,0,,,9,27,0.0000,False,,NODATA,25
rak,2004-09-09,0,0,,,9,27,0.0000,False,,NODATA,25
rak,2004-09-10,0,0,,,9,27,0.0000,False,,NODATA,25
rak,2004-09-11,0,0,,,9,27,0.0000,False,,NODATA,25
rak,2004-09-12,0,0,,,9,27,0.0000,False,,NODATA,25
rak,2004-09-13,0,0,,,9,27,0.0000,False,,NODATA,25
rak,2004-09-14,0,0,,,9,27,0.0000,False,,NODATA,25
rak,2004-09-15,0,0,,,9,27,0.0000,False,,NODATA,25
rak,2004-09-16,0,0,,,9,27,0.0000,False,,NODATA,25
rak,2004-09-17,0,0,,,9,27,0.0000,False,,NODATA,25
rak,2004-09-18,0,0,,,9,27,0.0000,False,,NODATA,25
rak,2004-09-19,0,0,,,9,27,0.0000,False,,NODATA,25
rak,2004-09-20,0,0,,,9,27,0.0000,False,,NODATA,25
rak,2004-09-21,0,0,,,9,27,0.0000,False,,NODATA,25
rak,2004-09-22,0,0,,,9,27,0.0000,False,,NODATA,25
rak,2004-09-23,0,0,,,9,27,0.0000,False,,NODATA,25
rak,2004-09-24,0,0,,,9,27,0.0000,False,,NODATA,25
rak,2004-09-25,0,0,,,9,27,0.0000,False,,NODATA,25
rak,2004-09-26,0,0,,,9,27,0.0000,False,,NODATA,25
rak,2004-09-27,0,0,,,9,27,0.0000,False,,NODATA,25
rak,2004-09-28,0,0,,,9,27,0.0000,False,,NODATA,25
rak,2004-09-29,0,0,,,9,27,0.0000,False,,NODATA,25
rak,2004-09-30,27,0,1.6851,0.1751,9,27,1.0000,True,0.0000,QUIET,25
rak,2004-10-01,0,0,,,10,33,0.0000,False,,NODATA,25
rak,2004-10-02,0,0,,,10,33,0.0000,False,,NODATA,25
rak,2004-10-03,0,0,,,10,33,0.0000,False,,NODATA,25
rak,2004-10-04,0,0,,,10,33,0.0000,False,,NODATA,25
rak,2004-10-05,0,0,,,10,33,0.0000,False,,NODATA,25
rak,2004-10-06,32,0,0.9584,0.0152,10,33,0.9697,True,0.0000,QUIET,25
rak,2004-10-07,0,0,,,10,33,0.0000,False,,NODATA,25
rak,2004-10-08,0,0,,,10,33,0.0000,False,,NODATA,25
rak,2004-10-09,0,0,,,10,33,0.0000,False,,NODATA,25
rak,2004-10-10,0,0,,,10,33,0.0000,False,,NODATA,25
rak,2004-10-11,12,3,2.2674,0.5920,10,33,0.3636,True,0.2500,QUIET,25
rak,2004-10-12,0,0,,,10,33,0.0000,False,,NODATA,25
rak,2004-10-13,25,0,-0.7179,-0.2102,10,33,0.7576,True,0.0000,QUIET,25
rak,2004-10-14,3,0,-1.2108,-0.1667,10,33,0.0909,False,,NODATA,25
rak,2004-10-15,0,0,,,10,33,0.0000,False,,NODATA,25
rak,2004-10-16,0,0,,,10,33,0.0000,False,,NODATA,25
rak,2004-10-17,0,0,,,10,33,0.0000,False,,NODATA,25
rak,2004-10-18,9,0,-0.3375,-0.0048,10,33,0.2727,True,0.0000,QUIET,25
rak,2004-10-19,0,0,,,10,33,0.0000,False,,NODATA,25
rak,2004-10-20,0,0,,,10,33,0.0000,False,,NODATA,25
rak,2004-10-21,0,0,,,10,33,0.0000,False,,NODATA,25
rak,2004-10-22,0,0,,,10,33,0.0000,False,,NODATA,25
rak,2004-10-23,0,0,,,10,33,0.0000,False,,NODATA,25
rak,2004-10-24,0,0,,,10,33,0.0000,False,,NODATA,25
rak,2004-10-25,0,0,,,10,33,0.0000,False,,NODATA,25
rak,2004-10-26,0,0,,,10,33,0.0000,False,,NODATA,25
rak,2004-10-27,2,2,2.4231,1.4237,10,33,0.0606,False,,NODATA,25
rak,2004-10-28,0,0,,,10,33,0.0000,False,,NODATA,25
rak,2004-10-29,4,0,1.7286,0.7156,10,33,0.1212,True,0.0000,QUIET,25
rak,2004-10-30,0,0,,,10,33,0.0000,False,,NODATA,25
rak,2004-10-31,0,0,,,10,33,0.0000,False,,NODATA,25
rak,2004-11-01,8,7,2.6535,1.4076,11,34,0.2353,True,0.8750,EXCEED,25
rak,2004-11-02,0,0,,,11,34,0.0000,False,,NODATA,25
rak,2004-11-03,31,6,3.2456,0.8623,11,34,0.9118,True,0.1935,QUIET,25
rak,2004-11-04,0,0,,,11,34,0.0000,False,,NODATA,25
rak,2004-11-05,32,2,2.4000,0.3526,11,34,0.9412,True,0.0625,QUIET,25
rak,2004-11-06,7,0,1.1227,0.5236,11,34,0.2059,True,0.0000,QUIET,25
rak,2004-11-07,32,2,2.2372,0.3389,11,34,0.9412,True,0.0625,QUIET,25
rak,2004-11-08,25,6,2.6978,1.0735,11,34,0.7353,True,0.2400,QUIET,25
rak,2004-11-09,27,0,1.4220,0.3790,11,34,0.7941,True,0.0000,QUIET,25
rak,2004-11-10,33,1,2.0084,1.1040,11,34,0.9706,True,0.0303,QUIET,25
rak,2004-11-11,0,0,,,11,34,0.0000,False,,NODATA,25
rak,2004-11-12,0,0,,,11,34,0.0000,False,,NODATA,25
rak,2004-11-13,0,0,,,11,34,0.0000,False,,NODATA,25
rak,2004-11-14,0,0,,,11,34,0.0000,False,,NODATA,25
rak,2004-11-15,0,0,,,11,34,0.0000,False,,NODATA,25
rak,2004-11-16,31,0,-0.5622,0.0600,11,34,0.9118,True,0.0000,QUIET,25
rak,2004-11-17,0,0,,,11,34,0.0000,False,,NODATA,25
rak,2004-11-18,0,0,,,11,34,0.0000,False,,NODATA,25
rak,2004-11-19,0,0,,,11,34,0.0000,False,,NODATA,25
rak,2004-11-20,0,0,,,11,34,0.0000,False,,NODATA,25
rak,2004-11-21,33,0,0.4298,0.1529,11,34,0.9706,True,0.0000,QUIET,25
rak,2004-11-22,0,0,,,11,34,0.0000,False,,NODATA,25
rak,2004-11-23,32,0,0.8380,0.2997,11,34,0.9412,True,0.0000,QUIET,25
rak,2004-11-24,0,0,,,11,34,0.0000,False,,NODATA,25
rak,2004-11-25,0,0,,,11,34,0.0000,False,,NODATA,25
rak,2004-11-26,32,16,4.1100,1.3482,11,34,0.9412,True,0.5000,EXCEED,25
rak,2004-11-27,0,0,,,11,34,0.0000,False,,NODATA,25
rak,2004-11-28,0,0,,,11,34,0.0000,False,,NODATA,25
rak,2004-11-29,0,0,,,11,34,0.0000,False,,NODATA,25
rak,2004-11-30,0,0,,,11,34,0.0000,False,,NODATA,25
rak,2004-12-01,0,0,,,12,33,0.0000,False,,NODATA,25
rak,2004-12-02,0,0,,,12,33,0.0000,False,,NODATA,25
rak,2004-12-03,0,0,,,12,33,0.0000,False,,NODATA,25
rak,2004-12-04,0,0,,,12,33,0.0000,False,,NODATA,25
rak,2004-12-05,0,0,,,12,33,0.0000,False,,NODATA,25
rak,2004-12-06,0,0,,,12,33,0.0000,False,,NODATA,25
rak,2004-12-07,32,1,2.0396,0.2503,12,33,0.9697,True,0.0312,QUIET,25
rak,2004-12-08,0,0,,,12,33,0.0000,False,,NODATA,25
rak,2004-12-09,0,0,,,12,33,0.0000,False,,NODATA,25
rak,2004-12-10,0,0,,,12,33,0.0000,False,,NODATA,25
rak,2004-12-11,0,0,,,12,33,0.0000,False,,NODATA,25
rak,2004-12-12,11,0,1.9657,0.4921,12,33,0.3333,True,0.0000,QUIET,25
rak,2004-12-13,0,0,,,12,33,0.0000,False,,NODATA,25
rak,2004-12-14,0,0,,,12,33,0.0000,False,,NODATA,25
rak,2004-12-15,0,0,,,12,33,0.0000,False,,NODATA,25
rak,2004-12-16,0,0,,,12,33,0.0000,False,,NODATA,25
rak,2004-12-17,0,0,,,12,33,0.0000,False,,NODATA,25
rak,2004-12-18,32,0,-0.2585,-0.0570,12,33,0.9697,True,0.0000,QUIET,25
rak,2004-12-19,27,0,0.7134,0.3392,12,33,0.8182,True,0.0000,QUIET,25
rak,2004-12-20,0,0,,,12,33,0.0000,False,,NODATA,25
rak,2004-12-21,0,0,,,12,33,0.0000,False,,NODATA,25
rak,2004-12-22,0,0,,,12,33,0.0000,False,,NODATA,25
rak,2004-12-23,29,0,0.5421,-0.0133,12,33,0.8788,True,0.0000,QUIET,25
rak,2004-12-24,11,2,2.4174,0.7010,12,33,0.3333,True,0.1818,QUIET,25
rak,2004-12-25,0,0,,,12,33,0.0000,False,,NODATA,25
rak,2004-12-26,0,0,,,12,33,0.0000,False,,NODATA,25
rak,2004-12-27,0,0,,,12,33,0.0000,False,,NODATA,25
rak,2004-12-28,0,0,,,12,33,0.0000,False,,NODATA,25
rak,2004-12-29,0,0,,,12,33,0.0000,False,,NODATA,25
rak,2004-12-30,33,0,0.6883,-0.0285,12,33,1.0000,True,0.0000,QUIET,25
rak,2004-12-31,0,0,,,12,33,0.0000,False,,NODATA,25
rak,2005-01-01,33,0,1.5175,0.0743,1,33,1.0000,True,0.0000,QUIET,25
rak,2005-01-02,0,0,,,1,33,0.0000,False,,NODATA,25
rak,2005-01-03,10,0,0.0516,0.2247,1,33,0.3030,True,0.0000,QUIET,25
rak,2005-01-04,0,0,,,1,33,0.0000,False,,NODATA,25
rak,2005-01-05,0,0,,,1,33,0.0000,False,,NODATA,25
rak,2005-01-06,33,0,0.8540,0.1417,1,33,1.0000,True,0.0000,QUIET,25
rak,2005-01-07,0,0,,,1,33,0.0000,False,,NODATA,25
rak,2005-01-08,0,0,,,1,33,0.0000,False,,NODATA,25
rak,2005-01-09,0,0,,,1,33,0.0000,False,,NODATA,25
rak,2005-01-10,18,0,-0.6771,-0.0925,1,33,0.5455,True,0.0000,QUIET,25
rak,2005-01-11,0,0,,,1,33,0.0000,False,,NODATA,25
rak,2005-01-12,0,0,,,1,33,0.0000,False,,NODATA,25
rak,2005-01-13,30,0,0.8239,0.3364,1,33,0.9091,True,0.0000,QUIET,25
rak,2005-01-14,0,0,,,1,33,0.0000,False,,NODATA,25
rak,2005-01-15,33,0,0.9183,0.2468,1,33,1.0000,True,0.0000,QUIET,25
rak,2005-01-16,0,0,,,1,33,0.0000,False,,NODATA,25
rak,2005-01-17,12,0,0.3608,0.2464,1,33,0.3636,True,0.0000,QUIET,25
rak,2005-01-18,0,0,,,1,33,0.0000,False,,NODATA,25
rak,2005-01-19,0,0,,,1,33,0.0000,False,,NODATA,25
rak,2005-01-20,0,0,,,1,33,0.0000,False,,NODATA,25
rak,2005-01-21,22,0,-0.9782,-0.1789,1,33,0.6667,True,0.0000,QUIET,25
rak,2005-01-22,6,0,-0.5576,0.2504,1,33,0.1818,True,0.0000,QUIET,25
rak,2005-01-23,0,0,,,1,33,0.0000,False,,NODATA,25
rak,2005-01-24,0,0,,,1,33,0.0000,False,,NODATA,25
rak,2005-01-25,9,0,-0.3336,0.1025,1,33,0.2727,True,0.0000,QUIET,25
rak,2005-01-26,17,0,-0.5079,0.0398,1,33,0.5152,True,0.0000,QUIET,25
rak,2005-01-27,6,0,1.2826,0.7658,1,33,0.1818,True,0.0000,QUIET,25
rak,2005-01-28,0,0,,,1,33,0.0000,False,,NODATA,25
rak,2005-01-29,33,0,1.0588,0.2860,1,33,1.0000,True,0.0000,QUIET,25
rak,2005-01-30,0,0,,,1,33,0.0000,False,,NODATA,25
rak,2005-01-31,21,10,2.6305,1.0685,1,33,0.6364,True,0.4762,EXCEED,25
rak,2005-02-01,0,0,,,2,33,0.0000,False,,NODATA,25
rak,2005-02-02,33,0,1.8657,0.5619,2,33,1.0000,True,0.0000,QUIET,25
rak,2005-02-03,0,0,,,2,33,0.0000,False,,NODATA,25
rak,2005-02-04,0,0,,,2,33,0.0000,False,,NODATA,25
rak,2005-02-05,0,0,,,2,33,0.0000,False,,NODATA,25
rak,2005-02-06,0,0,,,2,33,0.0000,False,,NODATA,25
rak,2005-02-07,0,0,,,2,33,0.0000,False,,NODATA,25
rak,2005-02-08,0,0,,,2,33,0.0000,False,,NODATA,25
rak,2005-02-09,0,0,,,2,33,0.0000,False,,NODATA,25
rak,2005-02-10,0,0,,,2,33,0.0000,False,,NODATA,25
rak,2005-02-11,18,0,1.2098,0.7690,2,33,0.5455,True,0.0000,QUIET,25
rak,2005-02-12,0,0,,,2,33,0.0000,False,,NODATA,25
rak,2005-02-13,0,0,,,2,33,0.0000,False,,NODATA,25
rak,2005-02-14,0,0,,,2,33,0.0000,False,,NODATA,25
rak,2005-02-15,0,0,,,2,33,0.0000,False,,NODATA,25
rak,2005-02-16,0,0,,,2,33,0.0000,False,,NODATA,25
rak,2005-02-17,0,0,,,2,33,0.0000,False,,NODATA,25
rak,2005-02-18,33,0,-0.0048,0.0933,2,33,1.0000,True,0.0000,QUIET,25
rak,2005-02-19,22,0,0.9088,0.1532,2,33,0.6667,True,0.0000,QUIET,25
rak,2005-02-20,31,0,0.1377,-0.0038,2,33,0.9394,True,0.0000,QUIET,25
rak,2005-02-21,0,0,,,2,33,0.0000,False,,NODATA,25
rak,2005-02-22,0,0,,,2,33,0.0000,False,,NODATA,25
rak,2005-02-23,0,0,,,2,33,0.0000,False,,NODATA,25
rak,2005-02-24,0,0,,,2,33,0.0000,False,,NODATA,25
rak,2005-02-25,0,0,,,2,33,0.0000,False,,NODATA,25
rak,2005-02-26,0,0,,,2,33,0.0000,False,,NODATA,25
rak,2005-02-27,0,0,,,2,33,0.0000,False,,NODATA,25
rak,2005-02-28,0,0,,,2,33,0.0000,False,,NODATA,25
rak,2005-03-01,0,0,,,3,33,0.0000,False,,NODATA,25
rak,2005-03-02,0,0,,,3,33,0.0000,False,,NODATA,25
rak,2005-03-03,0,0,,,3,33,0.0000,False,,NODATA,25
rak,2005-03-04,33,1,2.0668,1.1526,3,33,1.0000,True,0.0303,QUIET,25
rak,2005-03-05,0,0,,,3,33,0.0000,False,,NODATA,25
rak,2005-03-06,4,4,2.5747,1.5332,3,33,0.1212,True,1.0000,EXCEED,25
rak,2005-03-07,0,0,,,3,33,0.0000,False,,NODATA,25
rak,2005-03-08,0,0,,,3,33,0.0000,False,,NODATA,25
rak,2005-03-09,0,0,,,3,33,0.0000,False,,NODATA,25
rak,2005-03-10,0,0,,,3,33,0.0000,False,,NODATA,25
rak,2005-03-11,0,0,,,3,33,0.0000,False,,NODATA,25
rak,2005-03-12,0,0,,,3,33,0.0000,False,,NODATA,25
rak,2005-03-13,0,0,,,3,33,0.0000,False,,NODATA,25
rak,2005-03-14,0,0,,,3,33,0.0000,False,,NODATA,25
rak,2005-03-15,33,0,1.6485,0.9171,3,33,1.0000,True,0.0000,QUIET,25
rak,2005-03-16,0,0,,,3,33,0.0000,False,,NODATA,25
rak,2005-03-17,0,0,,,3,33,0.0000,False,,NODATA,25
rak,2005-03-18,0,0,,,3,33,0.0000,False,,NODATA,25
rak,2005-03-19,0,0,,,3,33,0.0000,False,,NODATA,25
rak,2005-03-20,0,0,,,3,33,0.0000,False,,NODATA,25
rak,2005-03-21,0,0,,,3,33,0.0000,False,,NODATA,25
rak,2005-03-22,0,0,,,3,33,0.0000,False,,NODATA,25
rak,2005-03-23,0,0,,,3,33,0.0000,False,,NODATA,25
rak,2005-03-24,0,0,,,3,33,0.0000,False,,NODATA,25
rak,2005-03-25,29,0,0.5080,0.2616,3,33,0.8788,True,0.0000,QUIET,25
rak,2005-03-26,0,0,,,3,33,0.0000,False,,NODATA,25
rak,2005-03-27,0,0,,,3,33,0.0000,False,,NODATA,25
rak,2005-03-28,0,0,,,3,33,0.0000,False,,NODATA,25
rak,2005-03-29,0,0,,,3,33,0.0000,False,,NODATA,25
rak,2005-03-30,16,0,0.7616,0.1037,3,33,0.4848,True,0.0000,QUIET,25
rak,2005-03-31,0,0,,,3,33,0.0000,False,,NODATA,25
rak,2005-04-01,16,3,2.7568,1.1303,4,28,0.5714,True,0.1875,QUIET,25
rak,2005-04-02,21,3,2.8886,1.0051,4,28,0.7500,True,0.1429,QUIET,25
rak,2005-04-03,28,2,2.6138,0.5907,4,28,1.0000,True,0.0714,QUIET,25
rak,2005-04-04,0,0,,,4,28,0.0000,False,,NODATA,25
rak,2005-04-05,0,0,,,4,28,0.0000,False,,NODATA,25
rak,2005-04-06,0,0,,,4,28,0.0000,False,,NODATA,25
rak,2005-04-07,0,0,,,4,28,0.0000,False,,NODATA,25
rak,2005-04-08,4,0,0.4787,0.2706,4,28,0.1429,True,0.0000,QUIET,25
rak,2005-04-09,27,0,0.3792,0.1751,4,28,0.9643,True,0.0000,QUIET,25
rak,2005-04-10,0,0,,,4,28,0.0000,False,,NODATA,25
rak,2005-04-11,0,0,,,4,28,0.0000,False,,NODATA,25
rak,2005-04-12,0,0,,,4,28,0.0000,False,,NODATA,25
rak,2005-04-13,0,0,,,4,28,0.0000,False,,NODATA,25
rak,2005-04-14,2,0,1.5982,1.0919,4,28,0.0714,False,,NODATA,25
rak,2005-04-15,0,0,,,4,28,0.0000,False,,NODATA,25
rak,2005-04-16,0,0,,,4,28,0.0000,False,,NODATA,25
rak,2005-04-17,0,0,,,4,28,0.0000,False,,NODATA,25
rak,2005-04-18,0,0,,,4,28,0.0000,False,,NODATA,25
rak,2005-04-19,0,0,,,4,28,0.0000,False,,NODATA,25
rak,2005-04-20,0,0,,,4,28,0.0000,False,,NODATA,25
rak,2005-04-21,0,0,,,4,28,0.0000,False,,NODATA,25
rak,2005-04-22,0,0,,,4,28,0.0000,False,,NODATA,25
rak,2005-04-23,0,0,,,4,28,0.0000,False,,NODATA,25
rak,2005-04-24,0,0,,,4,28,0.0000,False,,NODATA,25
rak,2005-04-25,15,0,1.2183,-0.2482,4,28,0.5357,True,0.0000,QUIET,25
rak,2005-04-26,27,0,1.0372,-0.1573,4,28,0.9643,True,0.0000,QUIET,25
rak,2005-04-27,0,0,,,4,28,0.0000,False,,NODATA,25
rak,2005-04-28,28,0,0.7549,0.0541,4,28,1.0000,True,0.0000,QUIET,25
rak,2005-04-29,0,0,,,4,28,0.0000,False,,NODATA,25
rak,2005-04-30,0,0,,,4,28,0.0000,False,,NODATA,25
rak,2005-05-01,0,0,,,5,24,0.0000,False,,NODATA,25
rak,2005-05-02,0,0,,,5,24,0.0000,False,,NODATA,25
rak,2005-05-03,0,0,,,5,24,0.0000,False,,NODATA,25
rak,2005-05-04,0,0,,,5,24,0.0000,False,,NODATA,25
rak,2005-05-05,0,0,,,5,24,0.0000,False,,NODATA,25
rak,2005-05-06,0,0,,,5,24,0.0000,False,,NODATA,25
rak,2005-05-07,0,0,,,5,24,0.0000,False,,NODATA,25
rak,2005-05-08,0,0,,,5,24,0.0000,False,,NODATA,25
rak,2005-05-09,0,0,,,5,24,0.0000,False,,NODATA,25
rak,2005-05-10,0,0,,,5,24,0.0000,False,,NODATA,25
rak,2005-05-11,0,0,,,5,24,0.0000,False,,NODATA,25
rak,2005-05-12,13,0,-0.5622,-0.1913,5,24,0.5417,True,0.0000,QUIET,25
rak,2005-05-13,0,0,,,5,24,0.0000,False,,NODATA,25
rak,2005-05-14,0,0,,,5,24,0.0000,False,,NODATA,25
rak,2005-05-15,0,0,,,5,24,0.0000,False,,NODATA,25
rak,2005-05-16,0,0,,,5,24,0.0000,False,,NODATA,25
rak,2005-05-17,16,0,1.7433,0.0002,5,24,0.6667,True,0.0000,QUIET,25
rak,2005-05-18,0,0,,,5,24,0.0000,False,,NODATA,25
rak,2005-05-19,0,0,,,5,24,0.0000,False,,NODATA,25
rak,2005-05-20,0,0,,,5,24,0.0000,False,,NODATA,25
rak,2005-05-21,0,0,,,5,24,0.0000,False,,NODATA,25
rak,2005-05-22,0,0,,,5,24,0.0000,False,,NODATA,25
rak,2005-05-23,0,0,,,5,24,0.0000,False,,NODATA,25
rak,2005-05-24,0,0,,,5,24,0.0000,False,,NODATA,25
rak,2005-05-25,0,0,,,5,24,0.0000,False,,NODATA,25
rak,2005-05-26,0,0,,,5,24,0.0000,False,,NODATA,25
rak,2005-05-27,0,0,,,5,24,0.0000,False,,NODATA,25
rak,2005-05-28,0,0,,,5,24,0.0000,False,,NODATA,25
rak,2005-05-29,0,0,,,5,24,0.0000,False,,NODATA,25
rak,2005-05-30,0,0,,,5,24,0.0000,False,,NODATA,25
rak,2005-05-31,0,0,,,5,24,0.0000,False,,NODATA,25
rak,2005-06-01,0,0,,,6,17,0.0000,False,,NODATA,25
rak,2005-06-02,0,0,,,6,17,0.0000,False,,NODATA,25
rak,2005-06-03,0,0,,,6,17,0.0000,False,,NODATA,25
rak,2005-06-04,17,0,-0.0824,-0.1279,6,17,1.0000,True,0.0000,QUIET,25
rak,2005-06-05,14,0,-0.3998,-0.2241,6,17,0.8235,True,0.0000,QUIET,25
rak,2005-06-06,17,0,-0.5468,-0.2902,6,17,1.0000,True,0.0000,QUIET,25
rak,2005-06-07,0,0,,,6,17,0.0000,False,,NODATA,25
rak,2005-06-08,0,0,,,6,17,0.0000,False,,NODATA,25
rak,2005-06-09,0,0,,,6,17,0.0000,False,,NODATA,25
rak,2005-06-10,0,0,,,6,17,0.0000,False,,NODATA,25
rak,2005-06-11,0,0,,,6,17,0.0000,False,,NODATA,25
rak,2005-06-12,0,0,,,6,17,0.0000,False,,NODATA,25
rak,2005-06-13,0,0,,,6,17,0.0000,False,,NODATA,25
rak,2005-06-14,0,0,,,6,17,0.0000,False,,NODATA,25
rak,2005-06-15,0,0,,,6,17,0.0000,False,,NODATA,25
rak,2005-06-16,0,0,,,6,17,0.0000,False,,NODATA,25
rak,2005-06-17,0,0,,,6,17,0.0000,False,,NODATA,25
rak,2005-06-18,0,0,,,6,17,0.0000,False,,NODATA,25
rak,2005-06-19,0,0,,,6,17,0.0000,False,,NODATA,25
rak,2005-06-20,0,0,,,6,17,0.0000,False,,NODATA,25
rak,2005-06-21,0,0,,,6,17,0.0000,False,,NODATA,25
rak,2005-06-22,0,0,,,6,17,0.0000,False,,NODATA,25
rak,2005-06-23,0,0,,,6,17,0.0000,False,,NODATA,25
rak,2005-06-24,0,0,,,6,17,0.0000,False,,NODATA,25
rak,2005-06-25,0,0,,,6,17,0.0000,False,,NODATA,25
rak,2005-06-26,0,0,,,6,17,0.0000,False,,NODATA,25
rak,2005-06-27,0,0,,,6,17,0.0000,False,,NODATA,25
rak,2005-06-28,0,0,,,6,17,0.0000,False,,NODATA,25
rak,2005-06-29,0,0,,,6,17,0.0000,False,,NODATA,25
rak,2005-06-30,0,0,,,6,17,0.0000,False,,NODATA,25
rak,2005-07-01,0,0,,,7,0,0.0000,False,,NODATA,25
rak,2005-07-02,0,0,,,7,0,0.0000,False,,NODATA,25
rak,2005-07-03,0,0,,,7,0,0.0000,False,,NODATA,25
rak,2005-07-04,0,0,,,7,0,0.0000,False,,NODATA,25
rak,2005-07-05,0,0,,,7,0,0.0000,False,,NODATA,25
rak,2005-07-06,0,0,,,7,0,0.0000,False,,NODATA,25
rak,2005-07-07,0,0,,,7,0,0.0000,False,,NODATA,25
rak,2005-07-08,0,0,,,7,0,0.0000,False,,NODATA,25
rak,2005-07-09,0,0,,,7,0,0.0000,False,,NODATA,25
rak,2005-07-10,0,0,,,7,0,0.0000,False,,NODATA,25
rak,2005-07-11,0,0,,,7,0,0.0000,False,,NODATA,25
rak,2005-07-12,0,0,,,7,0,0.0000,False,,NODATA,25
rak,2005-07-13,0,0,,,7,0,0.0000,False,,NODATA,25
rak,2005-07-14,0,0,,,7,0,0.0000,False,,NODATA,25
rak,2005-07-15,0,0,,,7,0,0.0000,False,,NODATA,25
rak,2005-07-16,0,0,,,7,0,0.0000,False,,NODATA,25
rak,2005-07-17,0,0,,,7,0,0.0000,False,,NODATA,25
rak,2005-07-18,0,0,,,7,0,0.0000,False,,NODATA,25
rak,2005-07-19,0,0,,,7,0,0.0000,False,,NODATA,25
rak,2005-07-20,0,0,,,7,0,0.0000,False,,NODATA,25
rak,2005-07-21,0,0,,,7,0,0.0000,False,,NODATA,25
rak,2005-07-22,0,0,,,7,0,0.0000,False,,NODATA,25
rak,2005-07-23,0,0,,,7,0,0.0000,False,,NODATA,25
rak,2005-07-24,0,0,,,7,0,0.0000,False,,NODATA,25
rak,2005-07-25,0,0,,,7,0,0.0000,False,,NODATA,25
rak,2005-07-26,0,0,,,7,0,0.0000,False,,NODATA,25
rak,2005-07-27,0,0,,,7,0,0.0000,False,,NODATA,25
rak,2005-07-28,0,0,,,7,0,0.0000,False,,NODATA,25
rak,2005-07-29,0,0,,,7,0,0.0000,False,,NODATA,25
rak,2005-07-30,0,0,,,7,0,0.0000,False,,NODATA,25
rak,2005-07-31,0,0,,,7,0,0.0000,False,,NODATA,25
rak,2005-08-01,0,0,,,8,0,0.0000,False,,NODATA,25
rak,2005-08-02,0,0,,,8,0,0.0000,False,,NODATA,25
rak,2005-08-03,0,0,,,8,0,0.0000,False,,NODATA,25
rak,2005-08-04,0,0,,,8,0,0.0000,False,,NODATA,25
rak,2005-08-05,0,0,,,8,0,0.0000,False,,NODATA,25
rak,2005-08-06,0,0,,,8,0,0.0000,False,,NODATA,25
rak,2005-08-07,0,0,,,8,0,0.0000,False,,NODATA,25
rak,2005-08-08,0,0,,,8,0,0.0000,False,,NODATA,25
rak,2005-08-09,0,0,,,8,0,0.0000,False,,NODATA,25
rak,2005-08-10,0,0,,,8,0,0.0000,False,,NODATA,25
rak,2005-08-11,0,0,,,8,0,0.0000,False,,NODATA,25
rak,2005-08-12,0,0,,,8,0,0.0000,False,,NODATA,25
rak,2005-08-13,0,0,,,8,0,0.0000,False,,NODATA,25
rak,2005-08-14,0,0,,,8,0,0.0000,False,,NODATA,25
rak,2005-08-15,0,0,,,8,0,0.0000,False,,NODATA,25
rak,2005-08-16,0,0,,,8,0,0.0000,False,,NODATA,25
rak,2005-08-17,0,0,,,8,0,0.0000,False,,NODATA,25
rak,2005-08-18,0,0,,,8,0,0.0000,False,,NODATA,25
rak,2005-08-19,0,0,,,8,0,0.0000,False,,NODATA,25
rak,2005-08-20,0,0,,,8,0,0.0000,False,,NODATA,25
rak,2005-08-21,0,0,,,8,0,0.0000,False,,NODATA,25
rak,2005-08-22,0,0,,,8,0,0.0000,False,,NODATA,25
rak,2005-08-23,0,0,,,8,0,0.0000,False,,NODATA,25
rak,2005-08-24,0,0,,,8,0,0.0000,False,,NODATA,25
rak,2005-08-25,0,0,,,8,0,0.0000,False,,NODATA,25
rak,2005-08-26,0,0,,,8,0,0.0000,False,,NODATA,25
rak,2005-08-27,0,0,,,8,0,0.0000,False,,NODATA,25
rak,2005-08-28,0,0,,,8,0,0.0000,False,,NODATA,25
rak,2005-08-29,0,0,,,8,0,0.0000,False,,NODATA,25
rak,2005-08-30,0,0,,,8,0,0.0000,False,,NODATA,25
rak,2005-08-31,0,0,,,8,0,0.0000,False,,NODATA,25
rak,2005-09-01,0,0,,,9,27,0.0000,False,,NODATA,25
rak,2005-09-02,0,0,,,9,27,0.0000,False,,NODATA,25
rak,2005-09-03,0,0,,,9,27,0.0000,False,,NODATA,25
rak,2005-09-04,0,0,,,9,27,0.0000,False,,NODATA,25
rak,2005-09-05,0,0,,,9,27,0.0000,False,,NODATA,25
rak,2005-09-06,0,0,,,9,27,0.0000,False,,NODATA,25
rak,2005-09-07,0,0,,,9,27,0.0000,False,,NODATA,25
rak,2005-09-08,0,0,,,9,27,0.0000,False,,NODATA,25
rak,2005-09-09,0,0,,,9,27,0.0000,False,,NODATA,25
rak,2005-09-10,0,0,,,9,27,0.0000,False,,NODATA,25
rak,2005-09-11,0,0,,,9,27,0.0000,False,,NODATA,25
rak,2005-09-12,3,0,-0.6546,-0.2217,9,27,0.1111,True,0.0000,QUIET,25
rak,2005-09-13,0,0,,,9,27,0.0000,False,,NODATA,25
rak,2005-09-14,0,0,,,9,27,0.0000,False,,NODATA,25
rak,2005-09-15,0,0,,,9,27,0.0000,False,,NODATA,25
rak,2005-09-16,0,0,,,9,27,0.0000,False,,NODATA,25
rak,2005-09-17,0,0,,,9,27,0.0000,False,,NODATA,25
rak,2005-09-18,0,0,,,9,27,0.0000,False,,NODATA,25
rak,2005-09-19,0,0,,,9,27,0.0000,False,,NODATA,25
rak,2005-09-20,0,0,,,9,27,0.0000,False,,NODATA,25
rak,2005-09-21,0,0,,,9,27,0.0000,False,,NODATA,25
rak,2005-09-22,0,0,,,9,27,0.0000,False,,NODATA,25
rak,2005-09-23,0,0,,,9,27,0.0000,False,,NODATA,25
rak,2005-09-24,0,0,,,9,27,0.0000,False,,NODATA,25
rak,2005-09-25,0,0,,,9,27,0.0000,False,,NODATA,25
rak,2005-09-26,17,5,2.5555,0.4889,9,27,0.6296,True,0.2941,QUIET,25
rak,2005-09-27,0,0,,,9,27,0.0000,False,,NODATA,25
rak,2005-09-28,0,0,,,9,27,0.0000,False,,NODATA,25
rak,2005-09-29,0,0,,,9,27,0.0000,False,,NODATA,25
rak,2005-09-30,0,0,,,9,27,0.0000,False,,NODATA,25
rak,2005-10-01,0,0,,,10,33,0.0000,False,,NODATA,25
rak,2005-10-02,0,0,,,10,33,0.0000,False,,NODATA,25
rak,2005-10-03,6,0,1.7687,0.5883,10,33,0.1818,True,0.0000,QUIET,25
rak,2005-10-04,0,0,,,10,33,0.0000,False,,NODATA,25
rak,2005-10-05,0,0,,,10,33,0.0000,False,,NODATA,25
rak,2005-10-06,0,0,,,10,33,0.0000,False,,NODATA,25
rak,2005-10-07,33,0,0.9993,0.2514,10,33,1.0000,True,0.0000,QUIET,25
rak,2005-10-08,8,4,2.6490,1.1978,10,33,0.2424,True,0.5000,EXCEED,25
rak,2005-10-09,21,0,1.0341,0.3489,10,33,0.6364,True,0.0000,QUIET,25
rak,2005-10-10,8,5,2.9193,1.1576,10,33,0.2424,True,0.6250,ALERT,25
rak,2005-10-11,0,0,,,10,33,0.0000,False,,NODATA,25
rak,2005-10-12,19,8,2.3811,0.8388,10,33,0.5758,True,0.4211,ALERT,25
rak,2005-10-13,0,0,,,10,33,0.0000,False,,NODATA,25
rak,2005-10-14,33,0,1.7220,0.5485,10,33,1.0000,True,0.0000,QUIET,25
rak,2005-10-15,0,0,,,10,33,0.0000,False,,NODATA,25
rak,2005-10-16,23,0,0.3613,0.1568,10,33,0.6970,True,0.0000,QUIET,25
rak,2005-10-17,11,2,2.4628,0.8101,10,33,0.3333,True,0.1818,QUIET,25
rak,2005-10-18,28,0,0.9739,0.0773,10,33,0.8485,True,0.0000,QUIET,25
rak,2005-10-19,28,0,1.9913,0.4145,10,33,0.8485,True,0.0000,QUIET,25
rak,2005-10-20,0,0,,,10,33,0.0000,False,,NODATA,25
rak,2005-10-21,32,0,1.4133,0.5149,10,33,0.9697,True,0.0000,QUIET,25
rak,2005-10-22,0,0,,,10,33,0.0000,False,,NODATA,25
rak,2005-10-23,15,0,1.2447,0.3805,10,33,0.4545,True,0.0000,QUIET,25
rak,2005-10-24,0,0,,,10,33,0.0000,False,,NODATA,25
rak,2005-10-25,0,0,,,10,33,0.0000,False,,NODATA,25
rak,2005-10-26,0,0,,,10,33,0.0000,False,,NODATA,25
rak,2005-10-27,0,0,,,10,33,0.0000,False,,NODATA,25
rak,2005-10-28,11,4,2.2940,0.9850,10,33,0.3333,True,0.3636,QUIET,25
rak,2005-10-29,0,0,,,10,33,0.0000,False,,NODATA,25
rak,2005-10-30,33,0,0.6388,0.2432,10,33,1.0000,True,0.0000,QUIET,25
rak,2005-10-31,0,0,,,10,33,0.0000,False,,NODATA,25
rak,2005-11-01,33,0,-0.1054,0.2154,11,34,0.9706,True,0.0000,QUIET,25
rak,2005-11-02,0,0,,,11,34,0.0000,False,,NODATA,25
rak,2005-11-03,7,0,0.0378,0.2043,11,34,0.2059,True,0.0000,QUIET,25
rak,2005-11-04,30,0,1.9003,0.7125,11,34,0.8824,True,0.0000,QUIET,25
rak,2005-11-05,0,0,,,11,34,0.0000,False,,NODATA,25
rak,2005-11-06,32,0,1.8422,0.4406,11,34,0.9412,True,0.0000,QUIET,25
rak,2005-11-07,0,0,,,11,34,0.0000,False,,NODATA,25
rak,2005-11-08,24,0,0.1760,0.2556,11,34,0.7059,True,0.0000,QUIET,25
rak,2005-11-09,0,0,,,11,34,0.0000,False,,NODATA,25
rak,2005-11-10,0,0,,,11,34,0.0000,False,,NODATA,25
rak,2005-11-11,4,0,0.8323,0.6450,11,34,0.1176,True,0.0000,QUIET,25
rak,2005-11-12,0,0,,,11,34,0.0000,False,,NODATA,25
rak,2005-11-13,0,0,,,11,34,0.0000,False,,NODATA,25
rak,2005-11-14,0,0,,,11,34,0.0000,False,,NODATA,25
rak,2005-11-15,13,2,2.2080,0.9680,11,34,0.3824,True,0.1538,QUIET,25
rak,2005-11-16,0,0,,,11,34,0.0000,False,,NODATA,25
rak,2005-11-17,0,0,,,11,34,0.0000,False,,NODATA,25
rak,2005-11-18,0,0,,,11,34,0.0000,False,,NODATA,25
rak,2005-11-19,0,0,,,11,34,0.0000,False,,NODATA,25
rak,2005-11-20,14,0,1.4123,0.6472,11,34,0.4118,True,0.0000,QUIET,25
rak,2005-11-21,0,0,,,11,34,0.0000,False,,NODATA,25
rak,2005-11-22,5,0,1.9186,1.3275,11,34,0.1471,True,0.0000,QUIET,25
rak,2005-11-23,0,0,,,11,34,0.0000,False,,NODATA,25
rak,2005-11-24,0,0,,,11,34,0.0000,False,,NODATA,25
rak,2005-11-25,15,1,2.0360,1.1036,11,34,0.4412,True,0.0667,QUIET,25
rak,2005-11-26,13,0,0.4958,0.3198,11,34,0.3824,True,0.0000,QUIET,25
rak,2005-11-27,25,7,3.0506,0.8506,11,34,0.7353,True,0.2800,QUIET,25
rak,2005-11-28,26,0,0.5071,0.2935,11,34,0.7647,True,0.0000,QUIET,25
rak,2005-11-29,32,0,1.3289,0.5943,11,34,0.9412,True,0.0000,QUIET,25
rak,2005-11-30,0,0,,,11,34,0.0000,False,,NODATA,25
rak,2005-12-01,33,0,0.6237,0.5115,12,33,1.0000,True,0.0000,QUIET,25
rak,2005-12-02,0,0,,,12,33,0.0000,False,,NODATA,25
rak,2005-12-03,28,0,0.6587,0.4442,12,33,0.8485,True,0.0000,QUIET,25
rak,2005-12-04,4,0,-0.5794,0.2353,12,33,0.1212,True,0.0000,QUIET,25
rak,2005-12-05,0,0,,,12,33,0.0000,False,,NODATA,25
rak,2005-12-06,22,0,1.1120,0.6099,12,33,0.6667,True,0.0000,QUIET,25
rak,2005-12-07,0,0,,,12,33,0.0000,False,,NODATA,25
rak,2005-12-08,30,0,1.1631,0.6046,12,33,0.9091,True,0.0000,QUIET,25
rak,2005-12-09,0,0,,,12,33,0.0000,False,,NODATA,25
rak,2005-12-10,0,0,,,12,33,0.0000,False,,NODATA,25
rak,2005-12-11,0,0,,,12,33,0.0000,False,,NODATA,25
rak,2005-12-12,33,0,1.4971,0.6658,12,33,1.0000,True,0.0000,QUIET,25
rak,2005-12-13,22,15,2.9198,1.2267,12,33,0.6667,True,0.6818,EXCEED,25
rak,2005-12-14,26,0,0.8444,0.5259,12,33,0.7879,True,0.0000,QUIET,25
rak,2005-12-15,33,0,1.4783,0.5998,12,33,1.0000,True,0.0000,QUIET,25
rak,2005-12-16,0,0,,,12,33,0.0000,False,,NODATA,25
rak,2005-12-17,22,0,0.2467,0.4008,12,33,0.6667,True,0.0000,QUIET,25
rak,2005-12-18,0,0,,,12,33,0.0000,False,,NODATA,25
rak,2005-12-19,0,0,,,12,33,0.0000,False,,NODATA,25
rak,2005-12-20,1,0,-0.8815,0.0255,12,33,0.0303,False,,NODATA,25
rak,2005-12-21,27,0,0.0439,0.1227,12,33,0.8182,True,0.0000,QUIET,25
rak,2005-12-22,30,0,0.7457,0.2850,12,33,0.9091,True,0.0000,QUIET,25
rak,2005-12-23,0,0,,,12,33,0.0000,False,,NODATA,25
rak,2005-12-24,0,0,,,12,33,0.0000,False,,NODATA,25
rak,2005-12-25,0,0,,,12,33,0.0000,False,,NODATA,25
rak,2005-12-26,27,0,1.5167,0.1276,12,33,0.8182,True,0.0000,QUIET,25
rak,2005-12-27,1,0,0.9144,0.6715,12,33,0.0303,False,,NODATA,25
rak,2005-12-28,33,0,0.5124,0.2860,12,33,1.0000,True,0.0000,QUIET,25
rak,2005-12-29,0,0,,,12,33,0.0000,False,,NODATA,25
rak,2005-12-30,0,0,,,12,33,0.0000,False,,NODATA,25
rak,2005-12-31,0,0,,,12,33,0.0000,False,,NODATA,25
rak,2006-01-01,0,0,,,1,33,0.0000,False,,NODATA,25
rak,2006-01-02,33,0,0.2392,0.1935,1,33,1.0000,True,0.0000,QUIET,25
rak,2006-01-03,0,0,,,1,33,0.0000,False,,NODATA,25
rak,2006-01-04,33,0,0.2340,0.2892,1,33,1.0000,True,0.0000,QUIET,25
rak,2006-01-05,23,0,0.8425,0.3730,1,33,0.6970,True,0.0000,QUIET,25
rak,2006-01-06,31,0,0.4582,0.3618,1,33,0.9394,True,0.0000,QUIET,25
rak,2006-01-07,0,0,,,1,33,0.0000,False,,NODATA,25
rak,2006-01-08,0,0,,,1,33,0.0000,False,,NODATA,25
rak,2006-01-09,0,0,,,1,33,0.0000,False,,NODATA,25
rak,2006-01-10,0,0,,,1,33,0.0000,False,,NODATA,25
rak,2006-01-11,32,20,3.2876,1.3756,1,33,0.9697,True,0.6250,EXCEED,25
rak,2006-01-12,0,0,,,1,33,0.0000,False,,NODATA,25
rak,2006-01-13,0,0,,,1,33,0.0000,False,,NODATA,25
rak,2006-01-14,0,0,,,1,33,0.0000,False,,NODATA,25
rak,2006-01-15,0,0,,,1,33,0.0000,False,,NODATA,25
rak,2006-01-16,0,0,,,1,33,0.0000,False,,NODATA,25
rak,2006-01-17,0,0,,,1,33,0.0000,False,,NODATA,25
rak,2006-01-18,33,0,0.2660,0.2418,1,33,1.0000,True,0.0000,QUIET,25
rak,2006-01-19,0,0,,,1,33,0.0000,False,,NODATA,25
rak,2006-01-20,33,0,0.6765,0.3423,1,33,1.0000,True,0.0000,QUIET,25
rak,2006-01-21,0,0,,,1,33,0.0000,False,,NODATA,25
rak,2006-01-22,0,0,,,1,33,0.0000,False,,NODATA,25
rak,2006-01-23,30,0,1.1113,0.4061,1,33,0.9091,True,0.0000,QUIET,25
rak,2006-01-24,0,0,,,1,33,0.0000,False,,NODATA,25
rak,2006-01-25,0,0,,,1,33,0.0000,False,,NODATA,25
rak,2006-01-26,0,0,,,1,33,0.0000,False,,NODATA,25
rak,2006-01-27,0,0,,,1,33,0.0000,False,,NODATA,25
rak,2006-01-28,0,0,,,1,33,0.0000,False,,NODATA,25
rak,2006-01-29,0,0,,,1,33,0.0000,False,,NODATA,25
rak,2006-01-30,5,5,3.7728,1.8041,1,33,0.1515,True,1.0000,EXCEED,25
rak,2006-01-31,0,0,,,1,33,0.0000,False,,NODATA,25
rak,2006-02-01,20,11,2.9519,1.6075,2,33,0.6061,True,0.5500,ALERT,25
rak,2006-02-02,0,0,,,2,33,0.0000,False,,NODATA,25
rak,2006-02-03,0,0,,,2,33,0.0000,False,,NODATA,25
rak,2006-02-04,0,0,,,2,33,0.0000,False,,NODATA,25
rak,2006-02-05,0,0,,,2,33,0.0000,False,,NODATA,25
rak,2006-02-06,0,0,,,2,33,0.0000,False,,NODATA,25
rak,2006-02-07,0,0,,,2,33,0.0000,False,,NODATA,25
rak,2006-02-08,1,1,2.1421,1.4710,2,33,0.0303,False,,NODATA,25
rak,2006-02-09,13,0,0.8994,0.1113,2,33,0.3939,True,0.0000,QUIET,25
rak,2006-02-10,3,0,-0.0689,0.4101,2,33,0.0909,False,,NODATA,25
rak,2006-02-11,0,0,,,2,33,0.0000,False,,NODATA,25
rak,2006-02-12,11,6,2.5482,1.3656,2,33,0.3333,True,0.5455,EXCEED,25
rak,2006-02-13,0,0,,,2,33,0.0000,False,,NODATA,25
rak,2006-02-14,0,0,,,2,33,0.0000,False,,NODATA,25
rak,2006-02-15,0,0,,,2,33,0.0000,False,,NODATA,25
rak,2006-02-16,0,0,,,2,33,0.0000,False,,NODATA,25
rak,2006-02-17,0,0,,,2,33,0.0000,False,,NODATA,25
rak,2006-02-18,0,0,,,2,33,0.0000,False,,NODATA,25
rak,2006-02-19,8,5,2.2793,1.4508,2,33,0.2424,True,0.6250,ALERT,25
rak,2006-02-20,0,0,,,2,33,0.0000,False,,NODATA,25
rak,2006-02-21,0,0,,,2,33,0.0000,False,,NODATA,25
rak,2006-02-22,0,0,,,2,33,0.0000,False,,NODATA,25
rak,2006-02-23,0,0,,,2,33,0.0000,False,,NODATA,25
rak,2006-02-24,20,0,-0.9397,-0.2170,2,33,0.6061,True,0.0000,QUIET,25
rak,2006-02-25,21,0,-0.8301,-0.0824,2,33,0.6364,True,0.0000,QUIET,25
rak,2006-02-26,33,0,-0.5162,0.0232,2,33,1.0000,True,0.0000,QUIET,25
rak,2006-02-27,0,0,,,2,33,0.0000,False,,NODATA,25
rak,2006-02-28,24,0,0.3409,0.4078,2,33,0.7273,True,0.0000,QUIET,25
rak,2006-03-01,0,0,,,3,33,0.0000,False,,NODATA,25
rak,2006-03-02,31,0,-0.1342,0.0722,3,33,0.9394,True,0.0000,QUIET,25
rak,2006-03-03,0,0,,,3,33,0.0000,False,,NODATA,25
rak,2006-03-04,11,0,0.2768,0.3768,3,33,0.3333,True,0.0000,QUIET,25
rak,2006-03-05,0,0,,,3,33,0.0000,False,,NODATA,25
rak,2006-03-06,0,0,,,3,33,0.0000,False,,NODATA,25
rak,2006-03-07,0,0,,,3,33,0.0000,False,,NODATA,25
rak,2006-03-08,0,0,,,3,33,0.0000,False,,NODATA,25
rak,2006-03-09,0,0,,,3,33,0.0000,False,,NODATA,25
rak,2006-03-10,10,2,2.1125,1.3543,3,33,0.3030,True,0.2000,QUIET,25
rak,2006-03-11,0,0,,,3,33,0.0000,False,,NODATA,25
rak,2006-03-12,0,0,,,3,33,0.0000,False,,NODATA,25
rak,2006-03-13,0,0,,,3,33,0.0000,False,,NODATA,25
rak,2006-03-14,0,0,,,3,33,0.0000,False,,NODATA,25
rak,2006-03-15,0,0,,,3,33,0.0000,False,,NODATA,25
rak,2006-03-16,0,0,,,3,33,0.0000,False,,NODATA,25
rak,2006-03-17,0,0,,,3,33,0.0000,False,,NODATA,25
rak,2006-03-18,0,0,,,3,33,0.0000,False,,NODATA,25
rak,2006-03-19,0,0,,,3,33,0.0000,False,,NODATA,25
rak,2006-03-20,0,0,,,3,33,0.0000,False,,NODATA,25
rak,2006-03-21,0,0,,,3,33,0.0000,False,,NODATA,25
rak,2006-03-22,0,0,,,3,33,0.0000,False,,NODATA,25
rak,2006-03-23,17,1,2.0555,0.9336,3,33,0.5152,True,0.0588,QUIET,25
rak,2006-03-24,0,0,,,3,33,0.0000,False,,NODATA,25
rak,2006-03-25,0,0,,,3,33,0.0000,False,,NODATA,25
rak,2006-03-26,0,0,,,3,33,0.0000,False,,NODATA,25
rak,2006-03-27,28,0,1.7302,0.5366,3,33,0.8485,True,0.0000,QUIET,25
rak,2006-03-28,31,0,1.8662,0.6844,3,33,0.9394,True,0.0000,QUIET,25
rak,2006-03-29,0,0,,,3,33,0.0000,False,,NODATA,25
rak,2006-03-30,4,1,2.1668,0.4602,3,33,0.1212,True,0.2500,QUIET,25
rak,2006-03-31,0,0,,,3,33,0.0000,False,,NODATA,25
rak,2006-04-01,0,0,,,4,28,0.0000,False,,NODATA,25
rak,2006-04-02,0,0,,,4,28,0.0000,False,,NODATA,25
rak,2006-04-03,0,0,,,4,28,0.0000,False,,NODATA,25
rak,2006-04-04,0,0,,,4,28,0.0000,False,,NODATA,25
rak,2006-04-05,13,0,1.4665,0.8319,4,28,0.4643,True,0.0000,QUIET,25
rak,2006-04-06,2,0,-0.0976,0.1726,4,28,0.0714,False,,NODATA,25
rak,2006-04-07,0,0,,,4,28,0.0000,False,,NODATA,25
rak,2006-04-08,0,0,,,4,28,0.0000,False,,NODATA,25
rak,2006-04-09,0,0,,,4,28,0.0000,False,,NODATA,25
rak,2006-04-10,0,0,,,4,28,0.0000,False,,NODATA,25
rak,2006-04-11,20,0,1.5859,0.7341,4,28,0.7143,True,0.0000,QUIET,25
rak,2006-04-12,0,0,,,4,28,0.0000,False,,NODATA,25
rak,2006-04-13,0,0,,,4,28,0.0000,False,,NODATA,25
rak,2006-04-14,0,0,,,4,28,0.0000,False,,NODATA,25
rak,2006-04-15,24,0,-0.0530,-0.0103,4,28,0.8571,True,0.0000,QUIET,25
rak,2006-04-16,0,0,,,4,28,0.0000,False,,NODATA,25
rak,2006-04-17,0,0,,,4,28,0.0000,False,,NODATA,25
rak,2006-04-18,0,0,,,4,28,0.0000,False,,NODATA,25
rak,2006-04-19,0,0,,,4,28,0.0000,False,,NODATA,25
rak,2006-04-20,18,0,1.7271,0.3165,4,28,0.6429,True,0.0000,QUIET,25
rak,2006-04-21,0,0,,,4,28,0.0000,False,,NODATA,25
rak,2006-04-22,22,0,0.3143,0.0037,4,28,0.7857,True,0.0000,QUIET,25
rak,2006-04-23,0,0,,,4,28,0.0000,False,,NODATA,25
rak,2006-04-24,0,0,,,4,28,0.0000,False,,NODATA,25
rak,2006-04-25,0,0,,,4,28,0.0000,False,,NODATA,25
rak,2006-04-26,0,0,,,4,28,0.0000,False,,NODATA,25
rak,2006-04-27,0,0,,,4,28,0.0000,False,,NODATA,25
rak,2006-04-28,0,0,,,4,28,0.0000,False,,NODATA,25
rak,2006-04-29,26,0,-0.2730,-0.2248,4,28,0.9286,True,0.0000,QUIET,25
rak,2006-04-30,0,0,,,4,28,0.0000,False,,NODATA,25
rak,2006-05-01,0,0,,,5,24,0.0000,False,,NODATA,25
rak,2006-05-02,0,0,,,5,24,0.0000,False,,NODATA,25
rak,2006-05-03,0,0,,,5,24,0.0000,False,,NODATA,25
rak,2006-05-04,0,0,,,5,24,0.0000,False,,NODATA,25
rak,2006-05-05,0,0,,,5,24,0.0000,False,,NODATA,25
rak,2006-05-06,0,0,,,5,24,0.0000,False,,NODATA,25
rak,2006-05-07,0,0,,,5,24,0.0000,False,,NODATA,25
rak,2006-05-08,14,0,0.4127,-0.1654,5,24,0.5833,True,0.0000,QUIET,25
rak,2006-05-09,0,0,,,5,24,0.0000,False,,NODATA,25
rak,2006-05-10,6,0,-0.1556,-0.2812,5,24,0.2500,True,0.0000,QUIET,25
rak,2006-05-11,0,0,,,5,24,0.0000,False,,NODATA,25
rak,2006-05-12,0,0,,,5,24,0.0000,False,,NODATA,25
rak,2006-05-13,0,0,,,5,24,0.0000,False,,NODATA,25
rak,2006-05-14,0,0,,,5,24,0.0000,False,,NODATA,25
rak,2006-05-15,0,0,,,5,24,0.0000,False,,NODATA,25
rak,2006-05-16,0,0,,,5,24,0.0000,False,,NODATA,25
rak,2006-05-17,0,0,,,5,24,0.0000,False,,NODATA,25
rak,2006-05-18,0,0,,,5,24,0.0000,False,,NODATA,25
rak,2006-05-19,0,0,,,5,24,0.0000,False,,NODATA,25
rak,2006-05-20,0,0,,,5,24,0.0000,False,,NODATA,25
rak,2006-05-21,0,0,,,5,24,0.0000,False,,NODATA,25
rak,2006-05-22,23,0,0.8065,-0.0279,5,24,0.9583,True,0.0000,QUIET,25
rak,2006-05-23,24,1,2.0674,0.2274,5,24,1.0000,True,0.0417,QUIET,25
rak,2006-05-24,24,0,1.5873,0.1249,5,24,1.0000,True,0.0000,QUIET,25
rak,2006-05-25,0,0,,,5,24,0.0000,False,,NODATA,25
rak,2006-05-26,11,0,1.9236,-0.2696,5,24,0.4583,True,0.0000,QUIET,25
rak,2006-05-27,0,0,,,5,24,0.0000,False,,NODATA,25
rak,2006-05-28,0,0,,,5,24,0.0000,False,,NODATA,25
rak,2006-05-29,21,4,2.6194,0.1912,5,24,0.8750,True,0.1905,QUIET,25
rak,2006-05-30,22,0,0.8272,0.0864,5,24,0.9167,True,0.0000,QUIET,25
rak,2006-05-31,1,0,0.7064,0.0455,5,24,0.0417,False,,NODATA,25
rak,2006-06-01,0,0,,,6,17,0.0000,False,,NODATA,25
rak,2006-06-02,0,0,,,6,17,0.0000,False,,NODATA,25
rak,2006-06-03,0,0,,,6,17,0.0000,False,,NODATA,25
rak,2006-06-04,0,0,,,6,17,0.0000,False,,NODATA,25
rak,2006-06-05,0,0,,,6,17,0.0000,False,,NODATA,25
rak,2006-06-06,0,0,,,6,17,0.0000,False,,NODATA,25
rak,2006-06-07,0,0,,,6,17,0.0000,False,,NODATA,25
rak,2006-06-08,0,0,,,6,17,0.0000,False,,NODATA,25
rak,2006-06-09,0,0,,,6,17,0.0000,False,,NODATA,25
rak,2006-06-10,0,0,,,6,17,0.0000,False,,NODATA,25
rak,2006-06-11,0,0,,,6,17,0.0000,False,,NODATA,25
rak,2006-06-12,0,0,,,6,17,0.0000,False,,NODATA,25
rak,2006-06-13,0,0,,,6,17,0.0000,False,,NODATA,25
rak,2006-06-14,0,0,,,6,17,0.0000,False,,NODATA,25
rak,2006-06-15,0,0,,,6,17,0.0000,False,,NODATA,25
rak,2006-06-16,0,0,,,6,17,0.0000,False,,NODATA,25
rak,2006-06-17,0,0,,,6,17,0.0000,False,,NODATA,25
rak,2006-06-18,0,0,,,6,17,0.0000,False,,NODATA,25
rak,2006-06-19,0,0,,,6,17,0.0000,False,,NODATA,25
rak,2006-06-20,0,0,,,6,17,0.0000,False,,NODATA,25
rak,2006-06-21,0,0,,,6,17,0.0000,False,,NODATA,25
rak,2006-06-22,0,0,,,6,17,0.0000,False,,NODATA,25
rak,2006-06-23,0,0,,,6,17,0.0000,False,,NODATA,25
rak,2006-06-24,0,0,,,6,17,0.0000,False,,NODATA,25
rak,2006-06-25,0,0,,,6,17,0.0000,False,,NODATA,25
rak,2006-06-26,0,0,,,6,17,0.0000,False,,NODATA,25
rak,2006-06-27,0,0,,,6,17,0.0000,False,,NODATA,25
rak,2006-06-28,0,0,,,6,17,0.0000,False,,NODATA,25
rak,2006-06-29,0,0,,,6,17,0.0000,False,,NODATA,25
rak,2006-06-30,0,0,,,6,17,0.0000,False,,NODATA,25
rak,2006-07-01,0,0,,,7,0,0.0000,False,,NODATA,25
rak,2006-07-02,0,0,,,7,0,0.0000,False,,NODATA,25
rak,2006-07-03,0,0,,,7,0,0.0000,False,,NODATA,25
rak,2006-07-04,0,0,,,7,0,0.0000,False,,NODATA,25
rak,2006-07-05,0,0,,,7,0,0.0000,False,,NODATA,25
rak,2006-07-06,0,0,,,7,0,0.0000,False,,NODATA,25
rak,2006-07-07,0,0,,,7,0,0.0000,False,,NODATA,25
rak,2006-07-08,0,0,,,7,0,0.0000,False,,NODATA,25
rak,2006-07-09,0,0,,,7,0,0.0000,False,,NODATA,25
rak,2006-07-10,0,0,,,7,0,0.0000,False,,NODATA,25
rak,2006-07-11,0,0,,,7,0,0.0000,False,,NODATA,25
rak,2006-07-12,0,0,,,7,0,0.0000,False,,NODATA,25
rak,2006-07-13,0,0,,,7,0,0.0000,False,,NODATA,25
rak,2006-07-14,0,0,,,7,0,0.0000,False,,NODATA,25
rak,2006-07-15,0,0,,,7,0,0.0000,False,,NODATA,25
rak,2006-07-16,0,0,,,7,0,0.0000,False,,NODATA,25
rak,2006-07-17,0,0,,,7,0,0.0000,False,,NODATA,25
rak,2006-07-18,0,0,,,7,0,0.0000,False,,NODATA,25
rak,2006-07-19,0,0,,,7,0,0.0000,False,,NODATA,25
rak,2006-07-20,0,0,,,7,0,0.0000,False,,NODATA,25
rak,2006-07-21,0,0,,,7,0,0.0000,False,,NODATA,25
rak,2006-07-22,0,0,,,7,0,0.0000,False,,NODATA,25
rak,2006-07-23,0,0,,,7,0,0.0000,False,,NODATA,25
rak,2006-07-24,0,0,,,7,0,0.0000,False,,NODATA,25
rak,2006-07-25,0,0,,,7,0,0.0000,False,,NODATA,25
rak,2006-07-26,0,0,,,7,0,0.0000,False,,NODATA,25
rak,2006-07-27,0,0,,,7,0,0.0000,False,,NODATA,25
rak,2006-07-28,0,0,,,7,0,0.0000,False,,NODATA,25
rak,2006-07-29,0,0,,,7,0,0.0000,False,,NODATA,25
rak,2006-07-30,0,0,,,7,0,0.0000,False,,NODATA,25
rak,2006-07-31,0,0,,,7,0,0.0000,False,,NODATA,25
rak,2006-08-01,0,0,,,8,0,0.0000,False,,NODATA,25
rak,2006-08-02,0,0,,,8,0,0.0000,False,,NODATA,25
rak,2006-08-03,0,0,,,8,0,0.0000,False,,NODATA,25
rak,2006-08-04,0,0,,,8,0,0.0000,False,,NODATA,25
rak,2006-08-05,0,0,,,8,0,0.0000,False,,NODATA,25
rak,2006-08-06,0,0,,,8,0,0.0000,False,,NODATA,25
rak,2006-08-07,0,0,,,8,0,0.0000,False,,NODATA,25
rak,2006-08-08,0,0,,,8,0,0.0000,False,,NODATA,25
rak,2006-08-09,0,0,,,8,0,0.0000,False,,NODATA,25
rak,2006-08-10,0,0,,,8,0,0.0000,False,,NODATA,25
rak,2006-08-11,0,0,,,8,0,0.0000,False,,NODATA,25
rak,2006-08-12,0,0,,,8,0,0.0000,False,,NODATA,25
rak,2006-08-13,0,0,,,8,0,0.0000,False,,NODATA,25
rak,2006-08-14,0,0,,,8,0,0.0000,False,,NODATA,25
rak,2006-08-15,0,0,,,8,0,0.0000,False,,NODATA,25
rak,2006-08-16,0,0,,,8,0,0.0000,False,,NODATA,25
rak,2006-08-17,0,0,,,8,0,0.0000,False,,NODATA,25
rak,2006-08-18,0,0,,,8,0,0.0000,False,,NODATA,25
rak,2006-08-19,0,0,,,8,0,0.0000,False,,NODATA,25
rak,2006-08-20,0,0,,,8,0,0.0000,False,,NODATA,25
rak,2006-08-21,0,0,,,8,0,0.0000,False,,NODATA,25
rak,2006-08-22,0,0,,,8,0,0.0000,False,,NODATA,25
rak,2006-08-23,0,0,,,8,0,0.0000,False,,NODATA,25
rak,2006-08-24,0,0,,,8,0,0.0000,False,,NODATA,25
rak,2006-08-25,0,0,,,8,0,0.0000,False,,NODATA,25
rak,2006-08-26,0,0,,,8,0,0.0000,False,,NODATA,25
rak,2006-08-27,0,0,,,8,0,0.0000,False,,NODATA,25
rak,2006-08-28,0,0,,,8,0,0.0000,False,,NODATA,25
rak,2006-08-29,0,0,,,8,0,0.0000,False,,NODATA,25
rak,2006-08-30,0,0,,,8,0,0.0000,False,,NODATA,25
rak,2006-08-31,0,0,,,8,0,0.0000,False,,NODATA,25
rak,2006-09-01,0,0,,,9,27,0.0000,False,,NODATA,25
rak,2006-09-02,0,0,,,9,27,0.0000,False,,NODATA,25
rak,2006-09-03,0,0,,,9,27,0.0000,False,,NODATA,25
rak,2006-09-04,0,0,,,9,27,0.0000,False,,NODATA,25
rak,2006-09-05,0,0,,,9,27,0.0000,False,,NODATA,25
rak,2006-09-06,0,0,,,9,27,0.0000,False,,NODATA,25
rak,2006-09-07,0,0,,,9,27,0.0000,False,,NODATA,25
rak,2006-09-08,0,0,,,9,27,0.0000,False,,NODATA,25
rak,2006-09-09,0,0,,,9,27,0.0000,False,,NODATA,25
rak,2006-09-10,0,0,,,9,27,0.0000,False,,NODATA,25
rak,2006-09-11,0,0,,,9,27,0.0000,False,,NODATA,25
rak,2006-09-12,0,0,,,9,27,0.0000,False,,NODATA,25
rak,2006-09-13,7,0,0.3123,0.0056,9,27,0.2593,True,0.0000,QUIET,25
rak,2006-09-14,0,0,,,9,27,0.0000,False,,NODATA,25
rak,2006-09-15,26,1,2.2854,0.2236,9,27,0.9630,True,0.0385,QUIET,25
rak,2006-09-16,0,0,,,9,27,0.0000,False,,NODATA,25
rak,2006-09-17,0,0,,,9,27,0.0000,False,,NODATA,25
rak,2006-09-18,0,0,,,9,27,0.0000,False,,NODATA,25
rak,2006-09-19,0,0,,,9,27,0.0000,False,,NODATA,25
rak,2006-09-20,0,0,,,9,27,0.0000,False,,NODATA,25
rak,2006-09-21,0,0,,,9,27,0.0000,False,,NODATA,25
rak,2006-09-22,24,0,1.3933,0.0775,9,27,0.8889,True,0.0000,QUIET,25
rak,2006-09-23,0,0,,,9,27,0.0000,False,,NODATA,25
rak,2006-09-24,27,4,2.8239,0.2903,9,27,1.0000,True,0.1481,QUIET,25
rak,2006-09-25,0,0,,,9,27,0.0000,False,,NODATA,25
rak,2006-09-26,0,0,,,9,27,0.0000,False,,NODATA,25
rak,2006-09-27,24,0,1.9579,0.0630,9,27,0.8889,True,0.0000,QUIET,25
rak,2006-09-28,0,0,,,9,27,0.0000,False,,NODATA,25
rak,2006-09-29,0,0,,,9,27,0.0000,False,,NODATA,25
rak,2006-09-30,0,0,,,9,27,0.0000,False,,NODATA,25
rak,2006-10-01,28,0,0.6445,0.0768,10,33,0.8485,True,0.0000,QUIET,25
rak,2006-10-02,0,0,,,10,33,0.0000,False,,NODATA,25
rak,2006-10-03,10,0,-0.2890,-0.0847,10,33,0.3030,True,0.0000,QUIET,25
rak,2006-10-04,0,0,,,10,33,0.0000,False,,NODATA,25
rak,2006-10-05,0,0,,,10,33,0.0000,False,,NODATA,25
rak,2006-10-06,5,0,-0.7149,-0.1545,10,33,0.1515,True,0.0000,QUIET,25
rak,2006-10-07,12,0,0.2839,0.0448,10,33,0.3636,True,0.0000,QUIET,25
rak,2006-10-08,30,1,2.0194,0.4483,10,33,0.9091,True,0.0333,QUIET,25
rak,2006-10-09,0,0,,,10,33,0.0000,False,,NODATA,25
rak,2006-10-10,32,0,1.8256,0.3429,10,33,0.9697,True,0.0000,QUIET,25
rak,2006-10-11,0,0,,,10,33,0.0000,False,,NODATA,25
rak,2006-10-12,0,0,,,10,33,0.0000,False,,NODATA,25
rak,2006-10-13,0,0,,,10,33,0.0000,False,,NODATA,25
rak,2006-10-14,0,0,,,10,33,0.0000,False,,NODATA,25
rak,2006-10-15,8,4,2.8688,1.1311,10,33,0.2424,True,0.5000,EXCEED,25
rak,2006-10-16,0,0,,,10,33,0.0000,False,,NODATA,25
rak,2006-10-17,33,0,1.4912,0.5618,10,33,1.0000,True,0.0000,QUIET,25
rak,2006-10-18,0,0,,,10,33,0.0000,False,,NODATA,25
rak,2006-10-19,20,5,2.4007,0.9057,10,33,0.6061,True,0.2500,QUIET,25
rak,2006-10-20,0,0,,,10,33,0.0000,False,,NODATA,25
rak,2006-10-21,0,0,,,10,33,0.0000,False,,NODATA,25
rak,2006-10-22,0,0,,,10,33,0.0000,False,,NODATA,25
rak,2006-10-23,0,0,,,10,33,0.0000,False,,NODATA,25
rak,2006-10-24,15,6,3.1123,1.0929,10,33,0.4545,True,0.4000,EXCEED,25
rak,2006-10-25,0,0,,,10,33,0.0000,False,,NODATA,25
rak,2006-10-26,18,0,1.5065,0.4629,10,33,0.5455,True,0.0000,QUIET,25
rak,2006-10-27,0,0,,,10,33,0.0000,False,,NODATA,25
rak,2006-10-28,1,0,-0.2592,0.0771,10,33,0.0303,False,,NODATA,25
rak,2006-10-29,11,0,1.5212,0.5865,10,33,0.3333,True,0.0000,QUIET,25
rak,2006-10-30,0,0,,,10,33,0.0000,False,,NODATA,25
rak,2006-10-31,33,0,1.6109,0.4621,10,33,1.0000,True,0.0000,QUIET,25
rak,2006-11-01,0,0,,,11,34,0.0000,False,,NODATA,25
rak,2006-11-02,33,0,1.5028,0.6178,11,34,0.9706,True,0.0000,QUIET,25
rak,2006-11-03,0,0,,,11,34,0.0000,False,,NODATA,25
rak,2006-11-04,0,0,,,11,34,0.0000,False,,NODATA,25
rak,2006-11-05,0,0,,,11,34,0.0000,False,,NODATA,25
rak,2006-11-06,0,0,,,11,34,0.0000,False,,NODATA,25
rak,2006-11-07,23,1,2.2806,1.0064,11,34,0.6765,True,0.0435,QUIET,25
rak,2006-11-08,0,0,,,11,34,0.0000,False,,NODATA,25
rak,2006-11-09,0,0,,,11,34,0.0000,False,,NODATA,25
rak,2006-11-10,0,0,,,11,34,0.0000,False,,NODATA,25
rak,2006-11-11,34,0,1.4630,0.5987,11,34,1.0000,True,0.0000,QUIET,25
rak,2006-11-12,0,0,,,11,34,0.0000,False,,NODATA,25
rak,2006-11-13,13,0,1.2118,0.7558,11,34,0.3824,True,0.0000,QUIET,25
rak,2006-11-14,0,0,,,11,34,0.0000,False,,NODATA,25
rak,2006-11-15,0,0,,,11,34,0.0000,False,,NODATA,25
rak,2006-11-16,0,0,,,11,34,0.0000,False,,NODATA,25
rak,2006-11-17,0,0,,,11,34,0.0000,False,,NODATA,25
rak,2006-11-18,0,0,,,11,34,0.0000,False,,NODATA,25
rak,2006-11-19,0,0,,,11,34,0.0000,False,,NODATA,25
rak,2006-11-20,0,0,,,11,34,0.0000,False,,NODATA,25
rak,2006-11-21,22,1,2.1495,0.6708,11,34,0.6471,True,0.0455,QUIET,25
rak,2006-11-22,29,0,1.9592,0.7720,11,34,0.8529,True,0.0000,QUIET,25
rak,2006-11-23,32,13,2.8371,1.1818,11,34,0.9412,True,0.4062,EXCEED,25
rak,2006-11-24,0,0,,,11,34,0.0000,False,,NODATA,25
rak,2006-11-25,33,2,2.0733,1.0215,11,34,0.9706,True,0.0606,QUIET,25
rak,2006-11-26,0,0,,,11,34,0.0000,False,,NODATA,25
rak,2006-11-27,34,0,1.5187,0.6256,11,34,1.0000,True,0.0000,QUIET,25
rak,2006-11-28,0,0,,,11,34,0.0000,False,,NODATA,25
rak,2006-11-29,12,0,-0.8878,-0.1541,11,34,0.3529,True,0.0000,QUIET,25
rak,2006-11-30,0,0,,,11,34,0.0000,False,,NODATA,25
rak,2006-12-01,0,0,,,12,33,0.0000,False,,NODATA,25
rak,2006-12-02,0,0,,,12,33,0.0000,False,,NODATA,25
rak,2006-12-03,0,0,,,12,33,0.0000,False,,NODATA,25
rak,2006-12-04,33,0,-0.1285,0.0378,12,33,1.0000,True,0.0000,QUIET,25
rak,2006-12-05,0,0,,,12,33,0.0000,False,,NODATA,25
rak,2006-12-06,0,0,,,12,33,0.0000,False,,NODATA,25
rak,2006-12-07,0,0,,,12,33,0.0000,False,,NODATA,25
rak,2006-12-08,0,0,,,12,33,0.0000,False,,NODATA,25
rak,2006-12-09,0,0,,,12,33,0.0000,False,,NODATA,25
rak,2006-12-10,19,0,-0.9952,-0.0256,12,33,0.5758,True,0.0000,QUIET,25
rak,2006-12-11,0,0,,,12,33,0.0000,False,,NODATA,25
rak,2006-12-12,0,0,,,12,33,0.0000,False,,NODATA,25
rak,2006-12-13,17,0,-0.4840,-0.0345,12,33,0.5152,True,0.0000,QUIET,25
rak,2006-12-14,0,0,,,12,33,0.0000,False,,NODATA,25
rak,2006-12-15,0,0,,,12,33,0.0000,False,,NODATA,25
rak,2006-12-16,0,0,,,12,33,0.0000,False,,NODATA,25
rak,2006-12-17,0,0,,,12,33,0.0000,False,,NODATA,25
rak,2006-12-18,0,0,,,12,33,0.0000,False,,NODATA,25
rak,2006-12-19,0,0,,,12,33,0.0000,False,,NODATA,25
rak,2006-12-20,33,0,1.7767,0.6340,12,33,1.0000,True,0.0000,QUIET,25
rak,2006-12-21,0,0,,,12,33,0.0000,False,,NODATA,25
rak,2006-12-22,11,0,0.6864,0.6324,12,33,0.3333,True,0.0000,QUIET,25
rak,2006-12-23,0,0,,,12,33,0.0000,False,,NODATA,25
rak,2006-12-24,0,0,,,12,33,0.0000,False,,NODATA,25
rak,2006-12-25,0,0,,,12,33,0.0000,False,,NODATA,25
rak,2006-12-26,0,0,,,12,33,0.0000,False,,NODATA,25
rak,2006-12-27,33,2,2.6333,0.8034,12,33,1.0000,True,0.0606,QUIET,25
rak,2006-12-28,0,0,,,12,33,0.0000,False,,NODATA,25
rak,2006-12-29,0,0,,,12,33,0.0000,False,,NODATA,25
rak,2006-12-30,0,0,,,12,33,0.0000,False,,NODATA,25
rak,2006-12-31,0,0,,,12,33,0.0000,False,,NODATA,25
rak,2007-01-01,0,0,,,1,33,0.0000,False,,NODATA,25
rak,2007-01-02,0,0,,,1,33,0.0000,False,,NODATA,25
rak,2007-01-03,32,0,1.9056,0.7508,1,33,0.9697,True,0.0000,QUIET,25
rak,2007-01-04,0,0,,,1,33,0.0000,False,,NODATA,25
rak,2007-01-05,8,0,1.7405,0.5734,1,33,0.2424,True,0.0000,QUIET,25
rak,2007-01-06,0,0,,,1,33,0.0000,False,,NODATA,25
rak,2007-01-07,0,0,,,1,33,0.0000,False,,NODATA,25
rak,2007-01-08,0,0,,,1,33,0.0000,False,,NODATA,25
rak,2007-01-09,0,0,,,1,33,0.0000,False,,NODATA,25
rak,2007-01-10,30,2,2.5275,0.8036,1,33,0.9091,True,0.0667,QUIET,25
rak,2007-01-11,0,0,,,1,33,0.0000,False,,NODATA,25
rak,2007-01-12,2,0,1.5138,0.8992,1,33,0.0606,False,,NODATA,25
rak,2007-01-13,0,0,,,1,33,0.0000,False,,NODATA,25
rak,2007-01-14,29,7,2.8692,0.8395,1,33,0.8788,True,0.2414,QUIET,25
rak,2007-01-15,0,0,,,1,33,0.0000,False,,NODATA,25
rak,2007-01-16,0,0,,,1,33,0.0000,False,,NODATA,25
rak,2007-01-17,0,0,,,1,33,0.0000,False,,NODATA,25
rak,2007-01-18,0,0,,,1,33,0.0000,False,,NODATA,25
rak,2007-01-19,0,0,,,1,33,0.0000,False,,NODATA,25
rak,2007-01-20,0,0,,,1,33,0.0000,False,,NODATA,25
rak,2007-01-21,0,0,,,1,33,0.0000,False,,NODATA,25
rak,2007-01-22,0,0,,,1,33,0.0000,False,,NODATA,25
rak,2007-01-23,0,0,,,1,33,0.0000,False,,NODATA,25
rak,2007-01-24,22,0,0.1118,0.0598,1,33,0.6667,True,0.0000,QUIET,25
rak,2007-01-25,30,0,-0.3748,0.0770,1,33,0.9091,True,0.0000,QUIET,25
rak,2007-01-26,31,0,-0.1299,0.1142,1,33,0.9394,True,0.0000,QUIET,25
rak,2007-01-27,7,0,-0.5148,0.1106,1,33,0.2121,True,0.0000,QUIET,25
rak,2007-01-28,33,0,0.7314,0.1473,1,33,1.0000,True,0.0000,QUIET,25
rak,2007-01-29,0,0,,,1,33,0.0000,False,,NODATA,25
rak,2007-01-30,33,0,1.1731,0.2605,1,33,1.0000,True,0.0000,QUIET,25
rak,2007-01-31,0,0,,,1,33,0.0000,False,,NODATA,25
rak,2007-02-01,0,0,,,2,33,0.0000,False,,NODATA,25
rak,2007-02-02,0,0,,,2,33,0.0000,False,,NODATA,25
rak,2007-02-03,0,0,,,2,33,0.0000,False,,NODATA,25
rak,2007-02-04,0,0,,,2,33,0.0000,False,,NODATA,25
rak,2007-02-05,0,0,,,2,33,0.0000,False,,NODATA,25
rak,2007-02-06,0,0,,,2,33,0.0000,False,,NODATA,25
rak,2007-02-07,0,0,,,2,33,0.0000,False,,NODATA,25
rak,2007-02-08,1,0,-0.0758,0.6316,2,33,0.0303,False,,NODATA,25
rak,2007-02-09,20,4,2.3503,1.2503,2,33,0.6061,True,0.2000,QUIET,25
rak,2007-02-10,31,0,1.5491,0.5479,2,33,0.9394,True,0.0000,QUIET,25
rak,2007-02-11,0,0,,,2,33,0.0000,False,,NODATA,25
rak,2007-02-12,0,0,,,2,33,0.0000,False,,NODATA,25
rak,2007-02-13,33,2,2.1561,0.9503,2,33,1.0000,True,0.0606,QUIET,25
rak,2007-02-14,0,0,,,2,33,0.0000,False,,NODATA,25
rak,2007-02-15,33,0,0.5601,0.0648,2,33,1.0000,True,0.0000,QUIET,25
rak,2007-02-16,0,0,,,2,33,0.0000,False,,NODATA,25
rak,2007-02-17,0,0,,,2,33,0.0000,False,,NODATA,25
rak,2007-02-18,9,0,1.7974,0.9507,2,33,0.2727,True,0.0000,QUIET,25
rak,2007-02-19,0,0,,,2,33,0.0000,False,,NODATA,25
rak,2007-02-20,0,0,,,2,33,0.0000,False,,NODATA,25
rak,2007-02-21,0,0,,,2,33,0.0000,False,,NODATA,25
rak,2007-02-22,31,0,0.1865,0.3895,2,33,0.9394,True,0.0000,QUIET,25
rak,2007-02-23,0,0,,,2,33,0.0000,False,,NODATA,25
rak,2007-02-24,33,0,0.6048,0.3440,2,33,1.0000,True,0.0000,QUIET,25
rak,2007-02-25,22,6,2.6792,1.0066,2,33,0.6667,True,0.2727,QUIET,25
rak,2007-02-26,0,0,,,2,33,0.0000,False,,NODATA,25
rak,2007-02-27,0,0,,,2,33,0.0000,False,,NODATA,25
rak,2007-02-28,0,0,,,2,33,0.0000,False,,NODATA,25
rak,2007-03-01,14,0,1.7169,1.1144,3,33,0.4242,True,0.0000,QUIET,25
rak,2007-03-02,0,0,,,3,33,0.0000,False,,NODATA,25
rak,2007-03-03,0,0,,,3,33,0.0000,False,,NODATA,25
rak,2007-03-04,0,0,,,3,33,0.0000,False,,NODATA,25
rak,2007-03-05,0,0,,,3,33,0.0000,False,,NODATA,25
rak,2007-03-06,0,0,,,3,33,0.0000,False,,NODATA,25
rak,2007-03-07,0,0,,,3,33,0.0000,False,,NODATA,25
rak,2007-03-08,31,0,1.7585,0.7019,3,33,0.9394,True,0.0000,QUIET,25
rak,2007-03-09,0,0,,,3,33,0.0000,False,,NODATA,25
rak,2007-03-10,0,0,,,3,33,0.0000,False,,NODATA,25
rak,2007-03-11,0,0,,,3,33,0.0000,False,,NODATA,25
rak,2007-03-12,0,0,,,3,33,0.0000,False,,NODATA,25
rak,2007-03-13,0,0,,,3,33,0.0000,False,,NODATA,25
rak,2007-03-14,0,0,,,3,33,0.0000,False,,NODATA,25
rak,2007-03-15,0,0,,,3,33,0.0000,False,,NODATA,25
rak,2007-03-16,0,0,,,3,33,0.0000,False,,NODATA,25
rak,2007-03-17,0,0,,,3,33,0.0000,False,,NODATA,25
rak,2007-03-18,0,0,,,3,33,0.0000,False,,NODATA,25
rak,2007-03-19,0,0,,,3,33,0.0000,False,,NODATA,25
rak,2007-03-20,13,3,2.2588,0.9943,3,33,0.3939,True,0.2308,QUIET,25
rak,2007-03-21,0,0,,,3,33,0.0000,False,,NODATA,25
rak,2007-03-22,0,0,,,3,33,0.0000,False,,NODATA,25
rak,2007-03-23,0,0,,,3,33,0.0000,False,,NODATA,25
rak,2007-03-24,0,0,,,3,33,0.0000,False,,NODATA,25
rak,2007-03-25,0,0,,,3,33,0.0000,False,,NODATA,25
rak,2007-03-26,0,0,,,3,33,0.0000,False,,NODATA,25
rak,2007-03-27,0,0,,,3,33,0.0000,False,,NODATA,25
rak,2007-03-28,0,0,,,3,33,0.0000,False,,NODATA,25
rak,2007-03-29,0,0,,,3,33,0.0000,False,,NODATA,25
rak,2007-03-30,0,0,,,3,33,0.0000,False,,NODATA,25
rak,2007-03-31,30,0,0.1896,0.3090,3,33,0.9091,True,0.0000,QUIET,25
rak,2007-04-01,18,2,2.7196,0.8366,4,28,0.6429,True,0.1111,QUIET,25
rak,2007-04-02,0,0,,,4,28,0.0000,False,,NODATA,25
rak,2007-04-03,0,0,,,4,28,0.0000,False,,NODATA,25
rak,2007-04-04,0,0,,,4,28,0.0000,False,,NODATA,25
rak,2007-04-05,0,0,,,4,28,0.0000,False,,NODATA,25
rak,2007-04-06,0,0,,,4,28,0.0000,False,,NODATA,25
rak,2007-04-07,13,2,2.2238,0.9384,4,28,0.4643,True,0.1538,QUIET,25
rak,2007-04-08,0,0,,,4,28,0.0000,False,,NODATA,25
rak,2007-04-09,0,0,,,4,28,0.0000,False,,NODATA,25
rak,2007-04-10,0,0,,,4,28,0.0000,False,,NODATA,25
rak,2007-04-11,0,0,,,4,28,0.0000,False,,NODATA,25
rak,2007-04-12,0,0,,,4,28,0.0000,False,,NODATA,25
rak,2007-04-13,0,0,,,4,28,0.0000,False,,NODATA,25
rak,2007-04-14,0,0,,,4,28,0.0000,False,,NODATA,25
rak,2007-04-15,0,0,,,4,28,0.0000,False,,NODATA,25
rak,2007-04-16,0,0,,,4,28,0.0000,False,,NODATA,25
rak,2007-04-17,0,0,,,4,28,0.0000,False,,NODATA,25
rak,2007-04-18,0,0,,,4,28,0.0000,False,,NODATA,25
rak,2007-04-19,0,0,,,4,28,0.0000,False,,NODATA,25
rak,2007-04-20,0,0,,,4,28,0.0000,False,,NODATA,25
rak,2007-04-21,0,0,,,4,28,0.0000,False,,NODATA,25
rak,2007-04-22,0,0,,,4,28,0.0000,False,,NODATA,25
rak,2007-04-23,0,0,,,4,28,0.0000,False,,NODATA,25
rak,2007-04-24,0,0,,,4,28,0.0000,False,,NODATA,25
rak,2007-04-25,0,0,,,4,28,0.0000,False,,NODATA,25
rak,2007-04-26,0,0,,,4,28,0.0000,False,,NODATA,25
rak,2007-04-27,0,0,,,4,28,0.0000,False,,NODATA,25
rak,2007-04-28,0,0,,,4,28,0.0000,False,,NODATA,25
rak,2007-04-29,0,0,,,4,28,0.0000,False,,NODATA,25
rak,2007-04-30,0,0,,,4,28,0.0000,False,,NODATA,25
rak,2007-05-01,0,0,,,5,24,0.0000,False,,NODATA,25
rak,2007-05-02,0,0,,,5,24,0.0000,False,,NODATA,25
rak,2007-05-03,6,0,0.8699,0.0869,5,24,0.2500,True,0.0000,QUIET,25
rak,2007-05-04,24,0,-0.1000,-0.2861,5,24,1.0000,True,0.0000,QUIET,25
rak,2007-05-05,0,0,,,5,24,0.0000,False,,NODATA,25
rak,2007-05-06,0,0,,,5,24,0.0000,False,,NODATA,25
rak,2007-05-07,0,0,,,5,24,0.0000,False,,NODATA,25
rak,2007-05-08,0,0,,,5,24,0.0000,False,,NODATA,25
rak,2007-05-09,0,0,,,5,24,0.0000,False,,NODATA,25
rak,2007-05-10,0,0,,,5,24,0.0000,False,,NODATA,25
rak,2007-05-11,0,0,,,5,24,0.0000,False,,NODATA,25
rak,2007-05-12,0,0,,,5,24,0.0000,False,,NODATA,25
rak,2007-05-13,0,0,,,5,24,0.0000,False,,NODATA,25
rak,2007-05-14,0,0,,,5,24,0.0000,False,,NODATA,25
rak,2007-05-15,0,0,,,5,24,0.0000,False,,NODATA,25
rak,2007-05-16,0,0,,,5,24,0.0000,False,,NODATA,25
rak,2007-05-17,0,0,,,5,24,0.0000,False,,NODATA,25
rak,2007-05-18,15,0,-0.2500,-0.4016,5,24,0.6250,True,0.0000,QUIET,25
rak,2007-05-19,0,0,,,5,24,0.0000,False,,NODATA,25
rak,2007-05-20,0,0,,,5,24,0.0000,False,,NODATA,25
rak,2007-05-21,0,0,,,5,24,0.0000,False,,NODATA,25
rak,2007-05-22,0,0,,,5,24,0.0000,False,,NODATA,25
rak,2007-05-23,0,0,,,5,24,0.0000,False,,NODATA,25
rak,2007-05-24,0,0,,,5,24,0.0000,False,,NODATA,25
rak,2007-05-25,0,0,,,5,24,0.0000,False,,NODATA,25
rak,2007-05-26,0,0,,,5,24,0.0000,False,,NODATA,25
rak,2007-05-27,0,0,,,5,24,0.0000,False,,NODATA,25
rak,2007-05-28,0,0,,,5,24,0.0000,False,,NODATA,25
rak,2007-05-29,0,0,,,5,24,0.0000,False,,NODATA,25
rak,2007-05-30,0,0,,,5,24,0.0000,False,,NODATA,25
rak,2007-05-31,0,0,,,5,24,0.0000,False,,NODATA,25
rak,2007-06-01,0,0,,,6,17,0.0000,False,,NODATA,25
rak,2007-06-02,0,0,,,6,17,0.0000,False,,NODATA,25
rak,2007-06-03,0,0,,,6,17,0.0000,False,,NODATA,25
rak,2007-06-04,0,0,,,6,17,0.0000,False,,NODATA,25
rak,2007-06-05,0,0,,,6,17,0.0000,False,,NODATA,25
rak,2007-06-06,0,0,,,6,17,0.0000,False,,NODATA,25
rak,2007-06-07,0,0,,,6,17,0.0000,False,,NODATA,25
rak,2007-06-08,0,0,,,6,17,0.0000,False,,NODATA,25
rak,2007-06-09,0,0,,,6,17,0.0000,False,,NODATA,25
rak,2007-06-10,0,0,,,6,17,0.0000,False,,NODATA,25
rak,2007-06-11,0,0,,,6,17,0.0000,False,,NODATA,25
rak,2007-06-12,1,0,-1.4756,-0.5431,6,17,0.0588,False,,NODATA,25
rak,2007-06-13,0,0,,,6,17,0.0000,False,,NODATA,25
rak,2007-06-14,0,0,,,6,17,0.0000,False,,NODATA,25
rak,2007-06-15,0,0,,,6,17,0.0000,False,,NODATA,25
rak,2007-06-16,0,0,,,6,17,0.0000,False,,NODATA,25
rak,2007-06-17,0,0,,,6,17,0.0000,False,,NODATA,25
rak,2007-06-18,0,0,,,6,17,0.0000,False,,NODATA,25
rak,2007-06-19,0,0,,,6,17,0.0000,False,,NODATA,25
rak,2007-06-20,0,0,,,6,17,0.0000,False,,NODATA,25
rak,2007-06-21,0,0,,,6,17,0.0000,False,,NODATA,25
rak,2007-06-22,0,0,,,6,17,0.0000,False,,NODATA,25
rak,2007-06-23,0,0,,,6,17,0.0000,False,,NODATA,25
rak,2007-06-24,0,0,,,6,17,0.0000,False,,NODATA,25
rak,2007-06-25,0,0,,,6,17,0.0000,False,,NODATA,25
rak,2007-06-26,0,0,,,6,17,0.0000,False,,NODATA,25
rak,2007-06-27,0,0,,,6,17,0.0000,False,,NODATA,25
rak,2007-06-28,0,0,,,6,17,0.0000,False,,NODATA,25
rak,2007-06-29,0,0,,,6,17,0.0000,False,,NODATA,25
rak,2007-06-30,0,0,,,6,17,0.0000,False,,NODATA,25
rak,2007-07-01,0,0,,,7,0,0.0000,False,,NODATA,25
rak,2007-07-02,0,0,,,7,0,0.0000,False,,NODATA,25
rak,2007-07-03,0,0,,,7,0,0.0000,False,,NODATA,25
rak,2007-07-04,0,0,,,7,0,0.0000,False,,NODATA,25
rak,2007-07-05,0,0,,,7,0,0.0000,False,,NODATA,25
rak,2007-07-06,0,0,,,7,0,0.0000,False,,NODATA,25
rak,2007-07-07,0,0,,,7,0,0.0000,False,,NODATA,25
rak,2007-07-08,0,0,,,7,0,0.0000,False,,NODATA,25
rak,2007-07-09,0,0,,,7,0,0.0000,False,,NODATA,25
rak,2007-07-10,0,0,,,7,0,0.0000,False,,NODATA,25
rak,2007-07-11,0,0,,,7,0,0.0000,False,,NODATA,25
rak,2007-07-12,0,0,,,7,0,0.0000,False,,NODATA,25
rak,2007-07-13,0,0,,,7,0,0.0000,False,,NODATA,25
rak,2007-07-14,0,0,,,7,0,0.0000,False,,NODATA,25
rak,2007-07-15,0,0,,,7,0,0.0000,False,,NODATA,25
rak,2007-07-16,0,0,,,7,0,0.0000,False,,NODATA,25
rak,2007-07-17,0,0,,,7,0,0.0000,False,,NODATA,25
rak,2007-07-18,0,0,,,7,0,0.0000,False,,NODATA,25
rak,2007-07-19,0,0,,,7,0,0.0000,False,,NODATA,25
rak,2007-07-20,0,0,,,7,0,0.0000,False,,NODATA,25
rak,2007-07-21,0,0,,,7,0,0.0000,False,,NODATA,25
rak,2007-07-22,0,0,,,7,0,0.0000,False,,NODATA,25
rak,2007-07-23,0,0,,,7,0,0.0000,False,,NODATA,25
rak,2007-07-24,0,0,,,7,0,0.0000,False,,NODATA,25
rak,2007-07-25,0,0,,,7,0,0.0000,False,,NODATA,25
rak,2007-07-26,0,0,,,7,0,0.0000,False,,NODATA,25
rak,2007-07-27,0,0,,,7,0,0.0000,False,,NODATA,25
rak,2007-07-28,0,0,,,7,0,0.0000,False,,NODATA,25
rak,2007-07-29,0,0,,,7,0,0.0000,False,,NODATA,25
rak,2007-07-30,0,0,,,7,0,0.0000,False,,NODATA,25
rak,2007-07-31,0,0,,,7,0,0.0000,False,,NODATA,25
rak,2007-08-01,0,0,,,8,0,0.0000,False,,NODATA,25
rak,2007-08-02,0,0,,,8,0,0.0000,False,,NODATA,25
rak,2007-08-03,0,0,,,8,0,0.0000,False,,NODATA,25
rak,2007-08-04,0,0,,,8,0,0.0000,False,,NODATA,25
rak,2007-08-05,0,0,,,8,0,0.0000,False,,NODATA,25
rak,2007-08-06,0,0,,,8,0,0.0000,False,,NODATA,25
rak,2007-08-07,0,0,,,8,0,0.0000,False,,NODATA,25
rak,2007-08-08,0,0,,,8,0,0.0000,False,,NODATA,25
rak,2007-08-09,0,0,,,8,0,0.0000,False,,NODATA,25
rak,2007-08-10,0,0,,,8,0,0.0000,False,,NODATA,25
rak,2007-08-11,0,0,,,8,0,0.0000,False,,NODATA,25
rak,2007-08-12,0,0,,,8,0,0.0000,False,,NODATA,25
rak,2007-08-13,0,0,,,8,0,0.0000,False,,NODATA,25
rak,2007-08-14,0,0,,,8,0,0.0000,False,,NODATA,25
rak,2007-08-15,0,0,,,8,0,0.0000,False,,NODATA,25
rak,2007-08-16,0,0,,,8,0,0.0000,False,,NODATA,25
rak,2007-08-17,0,0,,,8,0,0.0000,False,,NODATA,25
rak,2007-08-18,0,0,,,8,0,0.0000,False,,NODATA,25
rak,2007-08-19,0,0,,,8,0,0.0000,False,,NODATA,25
rak,2007-08-20,0,0,,,8,0,0.0000,False,,NODATA,25
rak,2007-08-21,0,0,,,8,0,0.0000,False,,NODATA,25
rak,2007-08-22,0,0,,,8,0,0.0000,False,,NODATA,25
rak,2007-08-23,0,0,,,8,0,0.0000,False,,NODATA,25
rak,2007-08-24,0,0,,,8,0,0.0000,False,,NODATA,25
rak,2007-08-25,0,0,,,8,0,0.0000,False,,NODATA,25
rak,2007-08-26,0,0,,,8,0,0.0000,False,,NODATA,25
rak,2007-08-27,0,0,,,8,0,0.0000,False,,NODATA,25
rak,2007-08-28,0,0,,,8,0,0.0000,False,,NODATA,25
rak,2007-08-29,0,0,,,8,0,0.0000,False,,NODATA,25
rak,2007-08-30,0,0,,,8,0,0.0000,False,,NODATA,25
rak,2007-08-31,0,0,,,8,0,0.0000,False,,NODATA,25
rak,2007-09-01,0,0,,,9,27,0.0000,False,,NODATA,25
rak,2007-09-02,9,0,0.3443,0.0038,9,27,0.3333,True,0.0000,QUIET,25
rak,2007-09-03,0,0,,,9,27,0.0000,False,,NODATA,25
rak,2007-09-04,0,0,,,9,27,0.0000,False,,NODATA,25
rak,2007-09-05,0,0,,,9,27,0.0000,False,,NODATA,25
rak,2007-09-06,0,0,,,9,27,0.0000,False,,NODATA,25
rak,2007-09-07,26,0,-0.0081,-0.0734,9,27,0.9630,True,0.0000,QUIET,25
rak,2007-09-08,0,0,,,9,27,0.0000,False,,NODATA,25
rak,2007-09-09,0,0,,,9,27,0.0000,False,,NODATA,25
rak,2007-09-10,0,0,,,9,27,0.0000,False,,NODATA,25
rak,2007-09-11,0,0,,,9,27,0.0000,False,,NODATA,25
rak,2007-09-12,0,0,,,9,27,0.0000,False,,NODATA,25
rak,2007-09-13,0,0,,,9,27,0.0000,False,,NODATA,25
rak,2007-09-14,0,0,,,9,27,0.0000,False,,NODATA,25
rak,2007-09-15,0,0,,,9,27,0.0000,False,,NODATA,25
rak,2007-09-16,0,0,,,9,27,0.0000,False,,NODATA,25
rak,2007-09-17,0,0,,,9,27,0.0000,False,,NODATA,25
rak,2007-09-18,0,0,,,9,27,0.0000,False,,NODATA,25
rak,2007-09-19,0,0,,,9,27,0.0000,False,,NODATA,25
rak,2007-09-20,0,0,,,9,27,0.0000,False,,NODATA,25
rak,2007-09-21,0,0,,,9,27,0.0000,False,,NODATA,25
rak,2007-09-22,0,0,,,9,27,0.0000,False,,NODATA,25
rak,2007-09-23,27,1,2.0464,-0.0238,9,27,1.0000,True,0.0370,QUIET,25
rak,2007-09-24,0,0,,,9,27,0.0000,False,,NODATA,25
rak,2007-09-25,27,0,1.3315,0.0242,9,27,1.0000,True,0.0000,QUIET,25
rak,2007-09-26,0,0,,,9,27,0.0000,False,,NODATA,25
rak,2007-09-27,22,0,1.1317,-0.0081,9,27,0.8148,True,0.0000,QUIET,25
rak,2007-09-28,0,0,,,9,27,0.0000,False,,NODATA,25
rak,2007-09-29,0,0,,,9,27,0.0000,False,,NODATA,25
rak,2007-09-30,11,0,0.4616,-0.0108,9,27,0.4074,True,0.0000,QUIET,25
rak,2007-10-01,0,0,,,10,33,0.0000,False,,NODATA,25
rak,2007-10-02,14,0,-0.3081,-0.0371,10,33,0.4242,True,0.0000,QUIET,25
rak,2007-10-03,0,0,,,10,33,0.0000,False,,NODATA,25
rak,2007-10-04,0,0,,,10,33,0.0000,False,,NODATA,25
rak,2007-10-05,0,0,,,10,33,0.0000,False,,NODATA,25
rak,2007-10-06,0,0,,,10,33,0.0000,False,,NODATA,25
rak,2007-10-07,11,4,3.2027,0.9796,10,33,0.3333,True,0.3636,QUIET,25
rak,2007-10-08,0,0,,,10,33,0.0000,False,,NODATA,25
rak,2007-10-09,0,0,,,10,33,0.0000,False,,NODATA,25
rak,2007-10-10,0,0,,,10,33,0.0000,False,,NODATA,25
rak,2007-10-11,33,3,3.2269,0.5295,10,33,1.0000,True,0.0909,QUIET,25
rak,2007-10-12,0,0,,,10,33,0.0000,False,,NODATA,25
rak,2007-10-13,33,0,1.6275,0.0045,10,33,1.0000,True,0.0000,QUIET,25
rak,2007-10-14,0,0,,,10,33,0.0000,False,,NODATA,25
rak,2007-10-15,0,0,,,10,33,0.0000,False,,NODATA,25
rak,2007-10-16,0,0,,,10,33,0.0000,False,,NODATA,25
rak,2007-10-17,0,0,,,10,33,0.0000,False,,NODATA,25
rak,2007-10-18,31,0,0.6845,-0.0319,10,33,0.9394,True,0.0000,QUIET,25
rak,2007-10-19,0,0,,,10,33,0.0000,False,,NODATA,25
rak,2007-10-20,33,0,1.1150,0.0334,10,33,1.0000,True,0.0000,QUIET,25
rak,2007-10-21,0,0,,,10,33,0.0000,False,,NODATA,25
rak,2007-10-22,17,0,0.3856,0.1809,10,33,0.5152,True,0.0000,QUIET,25
rak,2007-10-23,0,0,,,10,33,0.0000,False,,NODATA,25
rak,2007-10-24,0,0,,,10,33,0.0000,False,,NODATA,25
rak,2007-10-25,0,0,,,10,33,0.0000,False,,NODATA,25
rak,2007-10-26,0,0,,,10,33,0.0000,False,,NODATA,25
rak,2007-10-27,32,3,2.8679,0.3003,10,33,0.9697,True,0.0938,QUIET,25
rak,2007-10-28,0,0,,,10,33,0.0000,False,,NODATA,25
rak,2007-10-29,33,0,-0.0201,-0.0177,10,33,1.0000,True,0.0000,QUIET,25
rak,2007-10-30,18,0,0.3695,0.0334,10,33,0.5455,True,0.0000,QUIET,25
rak,2007-10-31,29,1,2.3325,0.3345,10,33,0.8788,True,0.0345,QUIET,25
rak,2007-11-01,26,0,1.5836,0.1963,11,34,0.7647,True,0.0000,QUIET,25
rak,2007-11-02,0,0,,,11,34,0.0000,False,,NODATA,25
rak,2007-11-03,0,0,,,11,34,0.0000,False,,NODATA,25
rak,2007-11-04,0,0,,,11,34,0.0000,False,,NODATA,25
rak,2007-11-05,33,0,-0.4608,0.1031,11,34,0.9706,True,0.0000,QUIET,25
rak,2007-11-06,0,0,,,11,34,0.0000,False,,NODATA,25
rak,2007-11-07,33,0,-0.5435,0.0465,11,34,0.9706,True,0.0000,QUIET,25
rak,2007-11-08,22,0,1.1073,0.3086,11,34,0.6471,True,0.0000,QUIET,25
rak,2007-11-09,30,0,-0.4866,-0.0065,11,34,0.8824,True,0.0000,QUIET,25
rak,2007-11-10,29,0,-0.5466,0.1038,11,34,0.8529,True,0.0000,QUIET,25
rak,2007-11-11,21,0,-0.9736,-0.1294,11,34,0.6176,True,0.0000,QUIET,25
rak,2007-11-12,34,0,-0.3824,0.1287,11,34,1.0000,True,0.0000,QUIET,25
rak,2007-11-13,0,0,,,11,34,0.0000,False,,NODATA,25
rak,2007-11-14,19,0,-0.1423,0.2353,11,34,0.5588,True,0.0000,QUIET,25
rak,2007-11-15,0,0,,,11,34,0.0000,False,,NODATA,25
rak,2007-11-16,1,0,-1.2946,0.3183,11,34,0.0294,False,,NODATA,25
rak,2007-11-17,0,0,,,11,34,0.0000,False,,NODATA,25
rak,2007-11-18,0,0,,,11,34,0.0000,False,,NODATA,25
rak,2007-11-19,0,0,,,11,34,0.0000,False,,NODATA,25
rak,2007-11-20,0,0,,,11,34,0.0000,False,,NODATA,25
rak,2007-11-21,33,0,-0.7655,-0.0147,11,34,0.9706,True,0.0000,QUIET,25
rak,2007-11-22,0,0,,,11,34,0.0000,False,,NODATA,25
rak,2007-11-23,33,0,-0.0423,-0.0440,11,34,0.9706,True,0.0000,QUIET,25
rak,2007-11-24,18,0,-0.6410,-0.3699,11,34,0.5294,True,0.0000,QUIET,25
rak,2007-11-25,0,0,,,11,34,0.0000,False,,NODATA,25
rak,2007-11-26,7,0,0.3606,0.3308,11,34,0.2059,True,0.0000,QUIET,25
rak,2007-11-27,0,0,,,11,34,0.0000,False,,NODATA,25
rak,2007-11-28,33,0,0.1765,0.2586,11,34,0.9706,True,0.0000,QUIET,25
rak,2007-11-29,0,0,,,11,34,0.0000,False,,NODATA,25
rak,2007-11-30,0,0,,,11,34,0.0000,False,,NODATA,25
rak,2007-12-01,0,0,,,12,33,0.0000,False,,NODATA,25
rak,2007-12-02,0,0,,,12,33,0.0000,False,,NODATA,25
rak,2007-12-03,0,0,,,12,33,0.0000,False,,NODATA,25
rak,2007-12-04,0,0,,,12,33,0.0000,False,,NODATA,25
rak,2007-12-05,0,0,,,12,33,0.0000,False,,NODATA,25
rak,2007-12-06,0,0,,,12,33,0.0000,False,,NODATA,25
rak,2007-12-07,0,0,,,12,33,0.0000,False,,NODATA,25
rak,2007-12-08,0,0,,,12,33,0.0000,False,,NODATA,25
rak,2007-12-09,0,0,,,12,33,0.0000,False,,NODATA,25
rak,2007-12-10,0,0,,,12,33,0.0000,False,,NODATA,25
rak,2007-12-11,32,0,-0.5655,0.0070,12,33,0.9697,True,0.0000,QUIET,25
rak,2007-12-12,26,0,1.9557,0.4257,12,33,0.7879,True,0.0000,QUIET,25
rak,2007-12-13,0,0,,,12,33,0.0000,False,,NODATA,25
rak,2007-12-14,33,1,2.2949,0.8010,12,33,1.0000,True,0.0303,QUIET,25
rak,2007-12-15,0,0,,,12,33,0.0000,False,,NODATA,25
rak,2007-12-16,33,0,0.7883,0.6036,12,33,1.0000,True,0.0000,QUIET,25
rak,2007-12-17,0,0,,,12,33,0.0000,False,,NODATA,25
rak,2007-12-18,0,0,,,12,33,0.0000,False,,NODATA,25
rak,2007-12-19,0,0,,,12,33,0.0000,False,,NODATA,25
rak,2007-12-20,0,0,,,12,33,0.0000,False,,NODATA,25
rak,2007-12-21,33,2,2.0830,0.8476,12,33,1.0000,True,0.0606,QUIET,25
rak,2007-12-22,0,0,,,12,33,0.0000,False,,NODATA,25
rak,2007-12-23,2,0,0.9226,0.8233,12,33,0.0606,False,,NODATA,25
rak,2007-12-24,0,0,,,12,33,0.0000,False,,NODATA,25
rak,2007-12-25,33,0,0.4898,0.4989,12,33,1.0000,True,0.0000,QUIET,25
rak,2007-12-26,0,0,,,12,33,0.0000,False,,NODATA,25
rak,2007-12-27,0,0,,,12,33,0.0000,False,,NODATA,25
rak,2007-12-28,9,0,0.4504,0.0965,12,33,0.2727,True,0.0000,QUIET,25
rak,2007-12-29,0,0,,,12,33,0.0000,False,,NODATA,25
rak,2007-12-30,12,0,1.1139,0.3029,12,33,0.3636,True,0.0000,QUIET,25
rak,2007-12-31,0,0,,,12,33,0.0000,False,,NODATA,25
rak,2008-01-01,0,0,,,1,33,0.0000,False,,NODATA,25
rak,2008-01-02,0,0,,,1,33,0.0000,False,,NODATA,25
rak,2008-01-03,23,0,0.9181,0.4813,1,33,0.6970,True,0.0000,QUIET,25
rak,2008-01-04,0,0,,,1,33,0.0000,False,,NODATA,25
rak,2008-01-05,0,0,,,1,33,0.0000,False,,NODATA,25
rak,2008-01-06,0,0,,,1,33,0.0000,False,,NODATA,25
rak,2008-01-07,0,0,,,1,33,0.0000,False,,NODATA,25
rak,2008-01-08,16,0,-0.7737,-0.0652,1,33,0.4848,True,0.0000,QUIET,25
rak,2008-01-09,0,0,,,1,33,0.0000,False,,NODATA,25
rak,2008-01-10,21,0,0.4252,0.0261,1,33,0.6364,True,0.0000,QUIET,25
rak,2008-01-11,0,0,,,1,33,0.0000,False,,NODATA,25
rak,2008-01-12,0,0,,,1,33,0.0000,False,,NODATA,25
rak,2008-01-13,0,0,,,1,33,0.0000,False,,NODATA,25
rak,2008-01-14,0,0,,,1,33,0.0000,False,,NODATA,25
rak,2008-01-15,0,0,,,1,33,0.0000,False,,NODATA,25
rak,2008-01-16,0,0,,,1,33,0.0000,False,,NODATA,25
rak,2008-01-17,17,0,-0.4340,0.0806,1,33,0.5152,True,0.0000,QUIET,25
rak,2008-01-18,17,0,-0.4113,0.0937,1,33,0.5152,True,0.0000,QUIET,25
rak,2008-01-19,26,0,-0.2153,0.1425,1,33,0.7879,True,0.0000,QUIET,25
rak,2008-01-20,25,0,-0.3743,0.1398,1,33,0.7576,True,0.0000,QUIET,25
rak,2008-01-21,0,0,,,1,33,0.0000,False,,NODATA,25
rak,2008-01-22,0,0,,,1,33,0.0000,False,,NODATA,25
rak,2008-01-23,0,0,,,1,33,0.0000,False,,NODATA,25
rak,2008-01-24,33,0,-0.5931,0.0361,1,33,1.0000,True,0.0000,QUIET,25
rak,2008-01-25,0,0,,,1,33,0.0000,False,,NODATA,25
rak,2008-01-26,0,0,,,1,33,0.0000,False,,NODATA,25
rak,2008-01-27,0,0,,,1,33,0.0000,False,,NODATA,25
rak,2008-01-28,0,0,,,1,33,0.0000,False,,NODATA,25
rak,2008-01-29,32,0,1.1990,0.1155,1,33,0.9697,True,0.0000,QUIET,25
rak,2008-01-30,23,0,1.5712,0.2352,1,33,0.6970,True,0.0000,QUIET,25
rak,2008-01-31,0,0,,,1,33,0.0000,False,,NODATA,25
rak,2008-02-01,0,0,,,2,33,0.0000,False,,NODATA,25
rak,2008-02-02,22,5,2.3346,1.1925,2,33,0.6667,True,0.2273,QUIET,25
rak,2008-02-03,0,0,,,2,33,0.0000,False,,NODATA,25
rak,2008-02-04,0,0,,,2,33,0.0000,False,,NODATA,25
rak,2008-02-05,20,0,0.8164,0.5826,2,33,0.6061,True,0.0000,QUIET,25
rak,2008-02-06,0,0,,,2,33,0.0000,False,,NODATA,25
rak,2008-02-07,33,0,0.6913,0.3779,2,33,1.0000,True,0.0000,QUIET,25
rak,2008-02-08,0,0,,,2,33,0.0000,False,,NODATA,25
rak,2008-02-09,18,0,1.4934,0.5972,2,33,0.5455,True,0.0000,QUIET,25
rak,2008-02-10,0,0,,,2,33,0.0000,False,,NODATA,25
rak,2008-02-11,33,0,-0.3782,0.1362,2,33,1.0000,True,0.0000,QUIET,25
rak,2008-02-12,0,0,,,2,33,0.0000,False,,NODATA,25
rak,2008-02-13,30,0,1.1121,0.5595,2,33,0.9091,True,0.0000,QUIET,25
rak,2008-02-14,0,0,,,2,33,0.0000,False,,NODATA,25
rak,2008-02-15,10,0,1.9904,0.9688,2,33,0.3030,True,0.0000,QUIET,25
rak,2008-02-16,24,7,3.3421,1.1809,2,33,0.7273,True,0.2917,QUIET,25
rak,2008-02-17,0,0,,,2,33,0.0000,False,,NODATA,25
rak,2008-02-18,9,6,3.7057,1.5783,2,33,0.2727,True,0.6667,EXCEED,25
rak,2008-02-19,0,0,,,2,33,0.0000,False,,NODATA,25
rak,2008-02-20,0,0,,,2,33,0.0000,False,,NODATA,25
rak,2008-02-21,0,0,,,2,33,0.0000,False,,NODATA,25
rak,2008-02-22,0,0,,,2,33,0.0000,False,,NODATA,25
rak,2008-02-23,0,0,,,2,33,0.0000,False,,NODATA,25
rak,2008-02-24,0,0,,,2,33,0.0000,False,,NODATA,25
rak,2008-02-25,31,6,2.9495,1.1130,2,33,0.9394,True,0.1935,QUIET,25
rak,2008-02-26,0,0,,,2,33,0.0000,False,,NODATA,25
rak,2008-02-27,5,0,1.3293,0.6085,2,33,0.1515,True,0.0000,QUIET,25
rak,2008-02-28,0,0,,,2,33,0.0000,False,,NODATA,25
rak,2008-02-29,0,0,,,2,33,0.0000,False,,NODATA,25
rak,2008-03-01,28,4,3.1886,1.1619,3,33,0.8485,True,0.1429,QUIET,25
rak,2008-03-02,0,0,,,3,33,0.0000,False,,NODATA,25
rak,2008-03-03,0,0,,,3,33,0.0000,False,,NODATA,25
rak,2008-03-04,0,0,,,3,33,0.0000,False,,NODATA,25
rak,2008-03-05,0,0,,,3,33,0.0000,False,,NODATA,25
rak,2008-03-06,0,0,,,3,33,0.0000,False,,NODATA,25
rak,2008-03-07,0,0,,,3,33,0.0000,False,,NODATA,25
rak,2008-03-08,0,0,,,3,33,0.0000,False,,NODATA,25
rak,2008-03-09,0,0,,,3,33,0.0000,False,,NODATA,25
rak,2008-03-10,33,0,0.4499,0.6028,3,33,1.0000,True,0.0000,QUIET,25
rak,2008-03-11,0,0,,,3,33,0.0000,False,,NODATA,25
rak,2008-03-12,33,0,-0.0235,0.3852,3,33,1.0000,True,0.0000,QUIET,25
rak,2008-03-13,0,0,,,3,33,0.0000,False,,NODATA,25
rak,2008-03-14,0,0,,,3,33,0.0000,False,,NODATA,25
rak,2008-03-15,0,0,,,3,33,0.0000,False,,NODATA,25
rak,2008-03-16,0,0,,,3,33,0.0000,False,,NODATA,25
rak,2008-03-17,0,0,,,3,33,0.0000,False,,NODATA,25
rak,2008-03-18,0,0,,,3,33,0.0000,False,,NODATA,25
rak,2008-03-19,0,0,,,3,33,0.0000,False,,NODATA,25
rak,2008-03-20,0,0,,,3,33,0.0000,False,,NODATA,25
rak,2008-03-21,0,0,,,3,33,0.0000,False,,NODATA,25
rak,2008-03-22,0,0,,,3,33,0.0000,False,,NODATA,25
rak,2008-03-23,0,0,,,3,33,0.0000,False,,NODATA,25
rak,2008-03-24,0,0,,,3,33,0.0000,False,,NODATA,25
rak,2008-03-25,0,0,,,3,33,0.0000,False,,NODATA,25
rak,2008-03-26,28,3,3.1449,1.2552,3,33,0.8485,True,0.1071,QUIET,25
rak,2008-03-27,0,0,,,3,33,0.0000,False,,NODATA,25
rak,2008-03-28,0,0,,,3,33,0.0000,False,,NODATA,25
rak,2008-03-29,0,0,,,3,33,0.0000,False,,NODATA,25
rak,2008-03-30,0,0,,,3,33,0.0000,False,,NODATA,25
rak,2008-03-31,1,0,0.0655,0.5418,3,33,0.0303,False,,NODATA,25
rak,2008-04-01,0,0,,,4,28,0.0000,False,,NODATA,25
rak,2008-04-02,0,0,,,4,28,0.0000,False,,NODATA,25
rak,2008-04-03,11,0,0.5950,0.2693,4,28,0.3929,True,0.0000,QUIET,25
rak,2008-04-04,0,0,,,4,28,0.0000,False,,NODATA,25
rak,2008-04-05,0,0,,,4,28,0.0000,False,,NODATA,25
rak,2008-04-06,0,0,,,4,28,0.0000,False,,NODATA,25
rak,2008-04-07,0,0,,,4,28,0.0000,False,,NODATA,25
rak,2008-04-08,0,0,,,4,28,0.0000,False,,NODATA,25
rak,2008-04-09,0,0,,,4,28,0.0000,False,,NODATA,25
rak,2008-04-10,0,0,,,4,28,0.0000,False,,NODATA,25
rak,2008-04-11,0,0,,,4,28,0.0000,False,,NODATA,25
rak,2008-04-12,0,0,,,4,28,0.0000,False,,NODATA,25
rak,2008-04-13,0,0,,,4,28,0.0000,False,,NODATA,25
rak,2008-04-14,0,0,,,4,28,0.0000,False,,NODATA,25
rak,2008-04-15,0,0,,,4,28,0.0000,False,,NODATA,25
rak,2008-04-16,0,0,,,4,28,0.0000,False,,NODATA,25
rak,2008-04-17,0,0,,,4,28,0.0000,False,,NODATA,25
rak,2008-04-18,0,0,,,4,28,0.0000,False,,NODATA,25
rak,2008-04-19,0,0,,,4,28,0.0000,False,,NODATA,25
rak,2008-04-20,0,0,,,4,28,0.0000,False,,NODATA,25
rak,2008-04-21,0,0,,,4,28,0.0000,False,,NODATA,25
rak,2008-04-22,0,0,,,4,28,0.0000,False,,NODATA,25
rak,2008-04-23,0,0,,,4,28,0.0000,False,,NODATA,25
rak,2008-04-24,0,0,,,4,28,0.0000,False,,NODATA,25
rak,2008-04-25,0,0,,,4,28,0.0000,False,,NODATA,25
rak,2008-04-26,0,0,,,4,28,0.0000,False,,NODATA,25
rak,2008-04-27,25,0,1.4206,0.2672,4,28,0.8929,True,0.0000,QUIET,25
rak,2008-04-28,0,0,,,4,28,0.0000,False,,NODATA,25
rak,2008-04-29,0,0,,,4,28,0.0000,False,,NODATA,25
rak,2008-04-30,0,0,,,4,28,0.0000,False,,NODATA,25
rak,2008-05-01,0,0,,,5,24,0.0000,False,,NODATA,25
rak,2008-05-02,0,0,,,5,24,0.0000,False,,NODATA,25
rak,2008-05-03,0,0,,,5,24,0.0000,False,,NODATA,25
rak,2008-05-04,0,0,,,5,24,0.0000,False,,NODATA,25
rak,2008-05-05,0,0,,,5,24,0.0000,False,,NODATA,25
rak,2008-05-06,0,0,,,5,24,0.0000,False,,NODATA,25
rak,2008-05-07,0,0,,,5,24,0.0000,False,,NODATA,25
rak,2008-05-08,0,0,,,5,24,0.0000,False,,NODATA,25
rak,2008-05-09,0,0,,,5,24,0.0000,False,,NODATA,25
rak,2008-05-10,0,0,,,5,24,0.0000,False,,NODATA,25
rak,2008-05-11,0,0,,,5,24,0.0000,False,,NODATA,25
rak,2008-05-12,0,0,,,5,24,0.0000,False,,NODATA,25
rak,2008-05-13,0,0,,,5,24,0.0000,False,,NODATA,25
rak,2008-05-14,0,0,,,5,24,0.0000,False,,NODATA,25
rak,2008-05-15,0,0,,,5,24,0.0000,False,,NODATA,25
rak,2008-05-16,0,0,,,5,24,0.0000,False,,NODATA,25
rak,2008-05-17,0,0,,,5,24,0.0000,False,,NODATA,25
rak,2008-05-18,0,0,,,5,24,0.0000,False,,NODATA,25
rak,2008-05-19,0,0,,,5,24,0.0000,False,,NODATA,25
rak,2008-05-20,0,0,,,5,24,0.0000,False,,NODATA,25
rak,2008-05-21,0,0,,,5,24,0.0000,False,,NODATA,25
rak,2008-05-22,0,0,,,5,24,0.0000,False,,NODATA,25
rak,2008-05-23,0,0,,,5,24,0.0000,False,,NODATA,25
rak,2008-05-24,0,0,,,5,24,0.0000,False,,NODATA,25
rak,2008-05-25,0,0,,,5,24,0.0000,False,,NODATA,25
rak,2008-05-26,0,0,,,5,24,0.0000,False,,NODATA,25
rak,2008-05-27,0,0,,,5,24,0.0000,False,,NODATA,25
rak,2008-05-28,0,0,,,5,24,0.0000,False,,NODATA,25
rak,2008-05-29,0,0,,,5,24,0.0000,False,,NODATA,25
rak,2008-05-30,0,0,,,5,24,0.0000,False,,NODATA,25
rak,2008-05-31,0,0,,,5,24,0.0000,False,,NODATA,25
rak,2008-06-01,0,0,,,6,17,0.0000,False,,NODATA,25
rak,2008-06-02,0,0,,,6,17,0.0000,False,,NODATA,25
rak,2008-06-03,0,0,,,6,17,0.0000,False,,NODATA,25
rak,2008-06-04,0,0,,,6,17,0.0000,False,,NODATA,25
rak,2008-06-05,0,0,,,6,17,0.0000,False,,NODATA,25
rak,2008-06-06,0,0,,,6,17,0.0000,False,,NODATA,25
rak,2008-06-07,0,0,,,6,17,0.0000,False,,NODATA,25
rak,2008-06-08,0,0,,,6,17,0.0000,False,,NODATA,25
rak,2008-06-09,0,0,,,6,17,0.0000,False,,NODATA,25
rak,2008-06-10,0,0,,,6,17,0.0000,False,,NODATA,25
rak,2008-06-11,0,0,,,6,17,0.0000,False,,NODATA,25
rak,2008-06-12,0,0,,,6,17,0.0000,False,,NODATA,25
rak,2008-06-13,0,0,,,6,17,0.0000,False,,NODATA,25
rak,2008-06-14,0,0,,,6,17,0.0000,False,,NODATA,25
rak,2008-06-15,0,0,,,6,17,0.0000,False,,NODATA,25
rak,2008-06-16,0,0,,,6,17,0.0000,False,,NODATA,25
rak,2008-06-17,0,0,,,6,17,0.0000,False,,NODATA,25
rak,2008-06-18,0,0,,,6,17,0.0000,False,,NODATA,25
rak,2008-06-19,0,0,,,6,17,0.0000,False,,NODATA,25
rak,2008-06-20,0,0,,,6,17,0.0000,False,,NODATA,25
rak,2008-06-21,0,0,,,6,17,0.0000,False,,NODATA,25
rak,2008-06-22,0,0,,,6,17,0.0000,False,,NODATA,25
rak,2008-06-23,0,0,,,6,17,0.0000,False,,NODATA,25
rak,2008-06-24,0,0,,,6,17,0.0000,False,,NODATA,25
rak,2008-06-25,0,0,,,6,17,0.0000,False,,NODATA,25
rak,2008-06-26,0,0,,,6,17,0.0000,False,,NODATA,25
rak,2008-06-27,0,0,,,6,17,0.0000,False,,NODATA,25
rak,2008-06-28,0,0,,,6,17,0.0000,False,,NODATA,25
rak,2008-06-29,0,0,,,6,17,0.0000,False,,NODATA,25
rak,2008-06-30,0,0,,,6,17,0.0000,False,,NODATA,25
rak,2008-07-01,0,0,,,7,0,0.0000,False,,NODATA,25
rak,2008-07-02,0,0,,,7,0,0.0000,False,,NODATA,25
rak,2008-07-03,0,0,,,7,0,0.0000,False,,NODATA,25
rak,2008-07-04,0,0,,,7,0,0.0000,False,,NODATA,25
rak,2008-07-05,0,0,,,7,0,0.0000,False,,NODATA,25
rak,2008-07-06,0,0,,,7,0,0.0000,False,,NODATA,25
rak,2008-07-07,0,0,,,7,0,0.0000,False,,NODATA,25
rak,2008-07-08,0,0,,,7,0,0.0000,False,,NODATA,25
rak,2008-07-09,0,0,,,7,0,0.0000,False,,NODATA,25
rak,2008-07-10,0,0,,,7,0,0.0000,False,,NODATA,25
rak,2008-07-11,0,0,,,7,0,0.0000,False,,NODATA,25
rak,2008-07-12,0,0,,,7,0,0.0000,False,,NODATA,25
rak,2008-07-13,0,0,,,7,0,0.0000,False,,NODATA,25
rak,2008-07-14,0,0,,,7,0,0.0000,False,,NODATA,25
rak,2008-07-15,0,0,,,7,0,0.0000,False,,NODATA,25
rak,2008-07-16,0,0,,,7,0,0.0000,False,,NODATA,25
rak,2008-07-17,0,0,,,7,0,0.0000,False,,NODATA,25
rak,2008-07-18,0,0,,,7,0,0.0000,False,,NODATA,25
rak,2008-07-19,0,0,,,7,0,0.0000,False,,NODATA,25
rak,2008-07-20,0,0,,,7,0,0.0000,False,,NODATA,25
rak,2008-07-21,0,0,,,7,0,0.0000,False,,NODATA,25
rak,2008-07-22,0,0,,,7,0,0.0000,False,,NODATA,25
rak,2008-07-23,0,0,,,7,0,0.0000,False,,NODATA,25
rak,2008-07-24,0,0,,,7,0,0.0000,False,,NODATA,25
rak,2008-07-25,0,0,,,7,0,0.0000,False,,NODATA,25
rak,2008-07-26,0,0,,,7,0,0.0000,False,,NODATA,25
rak,2008-07-27,0,0,,,7,0,0.0000,False,,NODATA,25
rak,2008-07-28,0,0,,,7,0,0.0000,False,,NODATA,25
rak,2008-07-29,0,0,,,7,0,0.0000,False,,NODATA,25
rak,2008-07-30,0,0,,,7,0,0.0000,False,,NODATA,25
rak,2008-07-31,0,0,,,7,0,0.0000,False,,NODATA,25
rak,2008-08-01,0,0,,,8,0,0.0000,False,,NODATA,25
rak,2008-08-02,0,0,,,8,0,0.0000,False,,NODATA,25
rak,2008-08-03,0,0,,,8,0,0.0000,False,,NODATA,25
rak,2008-08-04,0,0,,,8,0,0.0000,False,,NODATA,25
rak,2008-08-05,0,0,,,8,0,0.0000,False,,NODATA,25
rak,2008-08-06,0,0,,,8,0,0.0000,False,,NODATA,25
rak,2008-08-07,0,0,,,8,0,0.0000,False,,NODATA,25
rak,2008-08-08,0,0,,,8,0,0.0000,False,,NODATA,25
rak,2008-08-09,0,0,,,8,0,0.0000,False,,NODATA,25
rak,2008-08-10,0,0,,,8,0,0.0000,False,,NODATA,25
rak,2008-08-11,0,0,,,8,0,0.0000,False,,NODATA,25
rak,2008-08-12,0,0,,,8,0,0.0000,False,,NODATA,25
rak,2008-08-13,0,0,,,8,0,0.0000,False,,NODATA,25
rak,2008-08-14,0,0,,,8,0,0.0000,False,,NODATA,25
rak,2008-08-15,0,0,,,8,0,0.0000,False,,NODATA,25
rak,2008-08-16,0,0,,,8,0,0.0000,False,,NODATA,25
rak,2008-08-17,0,0,,,8,0,0.0000,False,,NODATA,25
rak,2008-08-18,0,0,,,8,0,0.0000,False,,NODATA,25
rak,2008-08-19,0,0,,,8,0,0.0000,False,,NODATA,25
rak,2008-08-20,0,0,,,8,0,0.0000,False,,NODATA,25
rak,2008-08-21,0,0,,,8,0,0.0000,False,,NODATA,25
rak,2008-08-22,0,0,,,8,0,0.0000,False,,NODATA,25
rak,2008-08-23,0,0,,,8,0,0.0000,False,,NODATA,25
rak,2008-08-24,0,0,,,8,0,0.0000,False,,NODATA,25
rak,2008-08-25,0,0,,,8,0,0.0000,False,,NODATA,25
rak,2008-08-26,0,0,,,8,0,0.0000,False,,NODATA,25
rak,2008-08-27,0,0,,,8,0,0.0000,False,,NODATA,25
rak,2008-08-28,0,0,,,8,0,0.0000,False,,NODATA,25
rak,2008-08-29,0,0,,,8,0,0.0000,False,,NODATA,25
rak,2008-08-30,0,0,,,8,0,0.0000,False,,NODATA,25
rak,2008-08-31,0,0,,,8,0,0.0000,False,,NODATA,25
rak,2008-09-01,0,0,,,9,27,0.0000,False,,NODATA,25
rak,2008-09-02,0,0,,,9,27,0.0000,False,,NODATA,25
rak,2008-09-03,0,0,,,9,27,0.0000,False,,NODATA,25
rak,2008-09-04,7,0,-0.7502,-0.2151,9,27,0.2593,True,0.0000,QUIET,25
rak,2008-09-05,0,0,,,9,27,0.0000,False,,NODATA,25
rak,2008-09-06,0,0,,,9,27,0.0000,False,,NODATA,25
rak,2008-09-07,0,0,,,9,27,0.0000,False,,NODATA,25
rak,2008-09-08,0,0,,,9,27,0.0000,False,,NODATA,25
rak,2008-09-09,0,0,,,9,27,0.0000,False,,NODATA,25
rak,2008-09-10,0,0,,,9,27,0.0000,False,,NODATA,25
rak,2008-09-11,0,0,,,9,27,0.0000,False,,NODATA,25
rak,2008-09-12,0,0,,,9,27,0.0000,False,,NODATA,25
rak,2008-09-13,0,0,,,9,27,0.0000,False,,NODATA,25
rak,2008-09-14,0,0,,,9,27,0.0000,False,,NODATA,25
rak,2008-09-15,0,0,,,9,27,0.0000,False,,NODATA,25
rak,2008-09-16,0,0,,,9,27,0.0000,False,,NODATA,25
rak,2008-09-17,0,0,,,9,27,0.0000,False,,NODATA,25
rak,2008-09-18,0,0,,,9,27,0.0000,False,,NODATA,25
rak,2008-09-19,0,0,,,9,27,0.0000,False,,NODATA,25
rak,2008-09-20,0,0,,,9,27,0.0000,False,,NODATA,25
rak,2008-09-21,0,0,,,9,27,0.0000,False,,NODATA,25
rak,2008-09-22,0,0,,,9,27,0.0000,False,,NODATA,25
rak,2008-09-23,0,0,,,9,27,0.0000,False,,NODATA,25
rak,2008-09-24,0,0,,,9,27,0.0000,False,,NODATA,25
rak,2008-09-25,0,0,,,9,27,0.0000,False,,NODATA,25
rak,2008-09-26,0,0,,,9,27,0.0000,False,,NODATA,25
rak,2008-09-27,0,0,,,9,27,0.0000,False,,NODATA,25
rak,2008-09-28,0,0,,,9,27,0.0000,False,,NODATA,25
rak,2008-09-29,0,0,,,9,27,0.0000,False,,NODATA,25
rak,2008-09-30,0,0,,,9,27,0.0000,False,,NODATA,25
rak,2008-10-01,0,0,,,10,33,0.0000,False,,NODATA,25
rak,2008-10-02,0,0,,,10,33,0.0000,False,,NODATA,25
rak,2008-10-03,0,0,,,10,33,0.0000,False,,NODATA,25
rak,2008-10-04,0,0,,,10,33,0.0000,False,,NODATA,25
rak,2008-10-05,0,0,,,10,33,0.0000,False,,NODATA,25
rak,2008-10-06,29,3,2.8697,0.2524,10,33,0.8788,True,0.1034,QUIET,25
rak,2008-10-07,0,0,,,10,33,0.0000,False,,NODATA,25
rak,2008-10-08,0,0,,,10,33,0.0000,False,,NODATA,25
rak,2008-10-09,0,0,,,10,33,0.0000,False,,NODATA,25
rak,2008-10-10,0,0,,,10,33,0.0000,False,,NODATA,25
rak,2008-10-11,0,0,,,10,33,0.0000,False,,NODATA,25
rak,2008-10-12,0,0,,,10,33,0.0000,False,,NODATA,25
rak,2008-10-13,33,0,1.2805,-0.0348,10,33,1.0000,True,0.0000,QUIET,25
rak,2008-10-14,0,0,,,10,33,0.0000,False,,NODATA,25
rak,2008-10-15,0,0,,,10,33,0.0000,False,,NODATA,25
rak,2008-10-16,0,0,,,10,33,0.0000,False,,NODATA,25
rak,2008-10-17,0,0,,,10,33,0.0000,False,,NODATA,25
rak,2008-10-18,0,0,,,10,33,0.0000,False,,NODATA,25
rak,2008-10-19,0,0,,,10,33,0.0000,False,,NODATA,25
rak,2008-10-20,0,0,,,10,33,0.0000,False,,NODATA,25
rak,2008-10-21,0,0,,,10,33,0.0000,False,,NODATA,25
rak,2008-10-22,12,4,3.5492,0.9184,10,33,0.3636,True,0.3333,QUIET,25
rak,2008-10-23,0,0,,,10,33,0.0000,False,,NODATA,25
rak,2008-10-24,0,0,,,10,33,0.0000,False,,NODATA,25
rak,2008-10-25,0,0,,,10,33,0.0000,False,,NODATA,25
rak,2008-10-26,0,0,,,10,33,0.0000,False,,NODATA,25
rak,2008-10-27,29,4,4.3532,0.2468,10,33,0.8788,True,0.1379,QUIET,25
rak,2008-10-28,0,0,,,10,33,0.0000,False,,NODATA,25
rak,2008-10-29,32,2,2.0649,0.2947,10,33,0.9697,True,0.0625,QUIET,25
rak,2008-10-30,0,0,,,10,33,0.0000,False,,NODATA,25
rak,2008-10-31,16,7,2.6920,0.8164,10,33,0.4848,True,0.4375,EXCEED,25
rak,2008-11-01,0,0,,,11,34,0.0000,False,,NODATA,25
rak,2008-11-02,0,0,,,11,34,0.0000,False,,NODATA,25
rak,2008-11-03,0,0,,,11,34,0.0000,False,,NODATA,25
rak,2008-11-04,0,0,,,11,34,0.0000,False,,NODATA,25
rak,2008-11-05,14,0,1.5757,0.9000,11,34,0.4118,True,0.0000,QUIET,25
rak,2008-11-06,0,0,,,11,34,0.0000,False,,NODATA,25
rak,2008-11-07,12,0,1.9432,0.5267,11,34,0.3529,True,0.0000,QUIET,25
rak,2008-11-08,0,0,,,11,34,0.0000,False,,NODATA,25
rak,2008-11-09,8,0,-0.1146,0.2234,11,34,0.2353,True,0.0000,QUIET,25
rak,2008-11-10,4,0,0.3157,0.4779,11,34,0.1176,True,0.0000,QUIET,25
rak,2008-11-11,9,0,1.6981,0.3898,11,34,0.2647,True,0.0000,QUIET,25
rak,2008-11-12,0,0,,,11,34,0.0000,False,,NODATA,25
rak,2008-11-13,0,0,,,11,34,0.0000,False,,NODATA,25
rak,2008-11-14,0,0,,,11,34,0.0000,False,,NODATA,25
rak,2008-11-15,0,0,,,11,34,0.0000,False,,NODATA,25
rak,2008-11-16,0,0,,,11,34,0.0000,False,,NODATA,25
rak,2008-11-17,0,0,,,11,34,0.0000,False,,NODATA,25
rak,2008-11-18,27,0,0.0507,0.2039,11,34,0.7941,True,0.0000,QUIET,25
rak,2008-11-19,25,8,2.9084,0.6353,11,34,0.7353,True,0.3200,QUIET,25
rak,2008-11-20,20,0,1.2188,0.3632,11,34,0.5882,True,0.0000,QUIET,25
rak,2008-11-21,25,0,1.9652,0.4461,11,34,0.7353,True,0.0000,QUIET,25
rak,2008-11-22,0,0,,,11,34,0.0000,False,,NODATA,25
rak,2008-11-23,23,0,1.3963,0.4537,11,34,0.6765,True,0.0000,QUIET,25
rak,2008-11-24,0,0,,,11,34,0.0000,False,,NODATA,25
rak,2008-11-25,1,0,1.6562,1.1519,11,34,0.0294,False,,NODATA,25
rak,2008-11-26,0,0,,,11,34,0.0000,False,,NODATA,25
rak,2008-11-27,0,0,,,11,34,0.0000,False,,NODATA,25
rak,2008-11-28,0,0,,,11,34,0.0000,False,,NODATA,25
rak,2008-11-29,0,0,,,11,34,0.0000,False,,NODATA,25
rak,2008-11-30,4,1,2.3550,1.0738,11,34,0.1176,True,0.2500,QUIET,25
rak,2008-12-01,0,0,,,12,33,0.0000,False,,NODATA,25
rak,2008-12-02,6,1,2.1510,0.9787,12,33,0.1818,True,0.1667,QUIET,25
rak,2008-12-03,0,0,,,12,33,0.0000,False,,NODATA,25
rak,2008-12-04,0,0,,,12,33,0.0000,False,,NODATA,25
rak,2008-12-05,0,0,,,12,33,0.0000,False,,NODATA,25
rak,2008-12-06,0,0,,,12,33,0.0000,False,,NODATA,25
rak,2008-12-07,26,12,3.2968,1.1500,12,33,0.7879,True,0.4615,EXCEED,25
rak,2008-12-08,0,0,,,12,33,0.0000,False,,NODATA,25
rak,2008-12-09,27,7,3.7148,0.8365,12,33,0.8182,True,0.2593,QUIET,25
rak,2008-12-10,0,0,,,12,33,0.0000,False,,NODATA,25
rak,2008-12-11,2,1,3.6530,1.1272,12,33,0.0606,False,,NODATA,25
rak,2008-12-12,4,0,0.7813,0.7205,12,33,0.1212,True,0.0000,QUIET,25
rak,2008-12-13,0,0,,,12,33,0.0000,False,,NODATA,25
rak,2008-12-14,11,3,3.0704,1.1513,12,33,0.3333,True,0.2727,QUIET,25
rak,2008-12-15,0,0,,,12,33,0.0000,False,,NODATA,25
rak,2008-12-16,2,0,0.0516,0.4452,12,33,0.0606,False,,NODATA,25
rak,2008-12-17,0,0,,,12,33,0.0000,False,,NODATA,25
rak,2008-12-18,33,4,3.3272,0.7084,12,33,1.0000,True,0.1212,QUIET,25
rak,2008-12-19,0,0,,,12,33,0.0000,False,,NODATA,25
rak,2008-12-20,32,1,2.3823,0.6126,12,33,0.9697,True,0.0312,QUIET,25
rak,2008-12-21,26,4,3.0635,0.6725,12,33,0.7879,True,0.1538,QUIET,25
rak,2008-12-22,19,4,2.3457,0.9060,12,33,0.5758,True,0.2105,QUIET,25
rak,2008-12-23,30,10,2.9961,1.0257,12,33,0.9091,True,0.3333,QUIET,25
rak,2008-12-24,0,0,,,12,33,0.0000,False,,NODATA,25
rak,2008-12-25,23,3,2.4100,0.9663,12,33,0.6970,True,0.1304,QUIET,25
rak,2008-12-26,0,0,,,12,33,0.0000,False,,NODATA,25
rak,2008-12-27,0,0,,,12,33,0.0000,False,,NODATA,25
rak,2008-12-28,0,0,,,12,33,0.0000,False,,NODATA,25
rak,2008-12-29,0,0,,,12,33,0.0000,False,,NODATA,25
rak,2008-12-30,7,0,1.1956,0.4897,12,33,0.2121,True,0.0000,QUIET,25
rak,2008-12-31,0,0,,,12,33,0.0000,False,,NODATA,25
rak,2009-01-01,7,1,2.3241,0.7190,1,33,0.2121,True,0.1429,QUIET,25
rak,2009-01-02,0,0,,,1,33,0.0000,False,,NODATA,25
rak,2009-01-03,5,5,3.1614,1.4487,1,33,0.1515,True,1.0000,EXCEED,25
rak,2009-01-04,0,0,,,1,33,0.0000,False,,NODATA,25
rak,2009-01-05,0,0,,,1,33,0.0000,False,,NODATA,25
rak,2009-01-06,3,0,0.4671,0.4140,1,33,0.0909,False,,NODATA,25
rak,2009-01-07,18,2,2.0049,0.4307,1,33,0.5455,True,0.1111,QUIET,25
rak,2009-01-08,0,0,,,1,33,0.0000,False,,NODATA,25
rak,2009-01-09,0,0,,,1,33,0.0000,False,,NODATA,25
rak,2009-01-10,18,3,3.5302,0.5214,1,33,0.5455,True,0.1667,QUIET,25
rak,2009-01-11,0,0,,,1,33,0.0000,False,,NODATA,25
rak,2009-01-12,0,0,,,1,33,0.0000,False,,NODATA,25
rak,2009-01-13,0,0,,,1,33,0.0000,False,,NODATA,25
rak,2009-01-14,28,0,0.2598,0.0661,1,33,0.8485,True,0.0000,QUIET,25
rak,2009-01-15,7,0,1.3909,0.4163,1,33,0.2121,True,0.0000,QUIET,25
rak,2009-01-16,0,0,,,1,33,0.0000,False,,NODATA,25
rak,2009-01-17,17,2,2.2350,0.6018,1,33,0.5152,True,0.1176,QUIET,25
rak,2009-01-18,0,0,,,1,33,0.0000,False,,NODATA,25
rak,2009-01-19,0,0,,,1,33,0.0000,False,,NODATA,25
rak,2009-01-20,0,0,,,1,33,0.0000,False,,NODATA,25
rak,2009-01-21,27,2,2.6815,0.1741,1,33,0.8182,True,0.0741,QUIET,25
rak,2009-01-22,0,0,,,1,33,0.0000,False,,NODATA,25
rak,2009-01-23,0,0,,,1,33,0.0000,False,,NODATA,25
rak,2009-01-24,0,0,,,1,33,0.0000,False,,NODATA,25
rak,2009-01-25,0,0,,,1,33,0.0000,False,,NODATA,25
rak,2009-01-26,25,3,3.2173,0.7450,1,33,0.7576,True,0.1200,QUIET,25
rak,2009-01-27,0,0,,,1,33,0.0000,False,,NODATA,25
rak,2009-01-28,0,0,,,1,33,0.0000,False,,NODATA,25
rak,2009-01-29,0,0,,,1,33,0.0000,False,,NODATA,25
rak,2009-01-30,11,4,2.3808,1.0627,1,33,0.3333,True,0.3636,QUIET,25
rak,2009-01-31,6,2,2.5138,0.8411,1,33,0.1818,True,0.3333,QUIET,25
rak,2009-02-01,6,0,1.5852,0.4085,2,33,0.1818,True,0.0000,QUIET,25
rak,2009-02-02,0,0,,,2,33,0.0000,False,,NODATA,25
rak,2009-02-03,0,0,,,2,33,0.0000,False,,NODATA,25
rak,2009-02-04,25,0,1.6909,0.6055,2,33,0.7576,True,0.0000,QUIET,25
rak,2009-02-05,0,0,,,2,33,0.0000,False,,NODATA,25
rak,2009-02-06,28,0,1.3594,0.4936,2,33,0.8485,True,0.0000,QUIET,25
rak,2009-02-07,0,0,,,2,33,0.0000,False,,NODATA,25
rak,2009-02-08,0,0,,,2,33,0.0000,False,,NODATA,25
rak,2009-02-09,3,2,3.5207,1.4486,2,33,0.0909,False,,NODATA,25
rak,2009-02-10,0,0,,,2,33,0.0000,False,,NODATA,25
rak,2009-02-11,9,2,2.4865,1.0357,2,33,0.2727,True,0.2222,QUIET,25
rak,2009-02-12,0,0,,,2,33,0.0000,False,,NODATA,25
rak,2009-02-13,0,0,,,2,33,0.0000,False,,NODATA,25
rak,2009-02-14,0,0,,,2,33,0.0000,False,,NODATA,25
rak,2009-02-15,0,0,,,2,33,0.0000,False,,NODATA,25
rak,2009-02-16,0,0,,,2,33,0.0000,False,,NODATA,25
rak,2009-02-17,0,0,,,2,33,0.0000,False,,NODATA,25
rak,2009-02-18,0,0,,,2,33,0.0000,False,,NODATA,25
rak,2009-02-19,0,0,,,2,33,0.0000,False,,NODATA,25
rak,2009-02-20,0,0,,,2,33,0.0000,False,,NODATA,25
rak,2009-02-21,0,0,,,2,33,0.0000,False,,NODATA,25
rak,2009-02-22,0,0,,,2,33,0.0000,False,,NODATA,25
rak,2009-02-23,0,0,,,2,33,0.0000,False,,NODATA,25
rak,2009-02-24,0,0,,,2,33,0.0000,False,,NODATA,25
rak,2009-02-25,0,0,,,2,33,0.0000,False,,NODATA,25
rak,2009-02-26,0,0,,,2,33,0.0000,False,,NODATA,25
rak,2009-02-27,22,1,3.1734,1.0329,2,33,0.6667,True,0.0455,QUIET,25
rak,2009-02-28,0,0,,,2,33,0.0000,False,,NODATA,25
rak,2009-03-01,0,0,,,3,33,0.0000,False,,NODATA,25
rak,2009-03-02,0,0,,,3,33,0.0000,False,,NODATA,25
rak,2009-03-03,0,0,,,3,33,0.0000,False,,NODATA,25
rak,2009-03-04,11,0,-0.5537,0.0186,3,33,0.3333,True,0.0000,QUIET,25
rak,2009-03-05,0,0,,,3,33,0.0000,False,,NODATA,25
rak,2009-03-06,28,0,1.8776,-0.0949,3,33,0.8485,True,0.0000,QUIET,25
rak,2009-03-07,0,0,,,3,33,0.0000,False,,NODATA,25
rak,2009-03-08,32,2,2.8996,0.1953,3,33,0.9697,True,0.0625,QUIET,25
rak,2009-03-09,6,0,1.8433,1.3536,3,33,0.1818,True,0.0000,QUIET,25
rak,2009-03-10,0,0,,,3,33,0.0000,False,,NODATA,25
rak,2009-03-11,0,0,,,3,33,0.0000,False,,NODATA,25
rak,2009-03-12,0,0,,,3,33,0.0000,False,,NODATA,25
rak,2009-03-13,0,0,,,3,33,0.0000,False,,NODATA,25
rak,2009-03-14,0,0,,,3,33,0.0000,False,,NODATA,25
rak,2009-03-15,0,0,,,3,33,0.0000,False,,NODATA,25
rak,2009-03-16,0,0,,,3,33,0.0000,False,,NODATA,25
rak,2009-03-17,0,0,,,3,33,0.0000,False,,NODATA,25
rak,2009-03-18,0,0,,,3,33,0.0000,False,,NODATA,25
rak,2009-03-19,0,0,,,3,33,0.0000,False,,NODATA,25
rak,2009-03-20,28,1,3.1283,0.8886,3,33,0.8485,True,0.0357,QUIET,25
rak,2009-03-21,0,0,,,3,33,0.0000,False,,NODATA,25
rak,2009-03-22,0,0,,,3,33,0.0000,False,,NODATA,25
rak,2009-03-23,0,0,,,3,33,0.0000,False,,NODATA,25
rak,2009-03-24,6,0,-0.1336,0.3662,3,33,0.1818,True,0.0000,QUIET,25
rak,2009-03-25,0,0,,,3,33,0.0000,False,,NODATA,25
rak,2009-03-26,0,0,,,3,33,0.0000,False,,NODATA,25
rak,2009-03-27,0,0,,,3,33,0.0000,False,,NODATA,25
rak,2009-03-28,0,0,,,3,33,0.0000,False,,NODATA,25
rak,2009-03-29,0,0,,,3,33,0.0000,False,,NODATA,25
rak,2009-03-30,0,0,,,3,33,0.0000,False,,NODATA,25
rak,2009-03-31,0,0,,,3,33,0.0000,False,,NODATA,25
rak,2009-04-01,0,0,,,4,28,0.0000,False,,NODATA,25
rak,2009-04-02,0,0,,,4,28,0.0000,False,,NODATA,25
rak,2009-04-03,0,0,,,4,28,0.0000,False,,NODATA,25
rak,2009-04-04,0,0,,,4,28,0.0000,False,,NODATA,25
rak,2009-04-05,25,12,3.9238,1.0079,4,28,0.8929,True,0.4800,EXCEED,25
rak,2009-04-06,0,0,,,4,28,0.0000,False,,NODATA,25
rak,2009-04-07,6,0,1.8073,0.9815,4,28,0.2143,True,0.0000,QUIET,25
rak,2009-04-08,0,0,,,4,28,0.0000,False,,NODATA,25
rak,2009-04-09,0,0,,,4,28,0.0000,False,,NODATA,25
rak,2009-04-10,0,0,,,4,28,0.0000,False,,NODATA,25
rak,2009-04-11,0,0,,,4,28,0.0000,False,,NODATA,25
rak,2009-04-12,0,0,,,4,28,0.0000,False,,NODATA,25
rak,2009-04-13,0,0,,,4,28,0.0000,False,,NODATA,25
rak,2009-04-14,0,0,,,4,28,0.0000,False,,NODATA,25
rak,2009-04-15,0,0,,,4,28,0.0000,False,,NODATA,25
rak,2009-04-16,0,0,,,4,28,0.0000,False,,NODATA,25
rak,2009-04-17,0,0,,,4,28,0.0000,False,,NODATA,25
rak,2009-04-18,0,0,,,4,28,0.0000,False,,NODATA,25
rak,2009-04-19,0,0,,,4,28,0.0000,False,,NODATA,25
rak,2009-04-20,0,0,,,4,28,0.0000,False,,NODATA,25
rak,2009-04-21,0,0,,,4,28,0.0000,False,,NODATA,25
rak,2009-04-22,20,0,1.5697,-0.0224,4,28,0.7143,True,0.0000,QUIET,25
rak,2009-04-23,26,5,3.6607,0.3211,4,28,0.9286,True,0.1923,QUIET,25
rak,2009-04-24,0,0,,,4,28,0.0000,False,,NODATA,25
rak,2009-04-25,0,0,,,4,28,0.0000,False,,NODATA,25
rak,2009-04-26,0,0,,,4,28,0.0000,False,,NODATA,25
rak,2009-04-27,0,0,,,4,28,0.0000,False,,NODATA,25
rak,2009-04-28,0,0,,,4,28,0.0000,False,,NODATA,25
rak,2009-04-29,0,0,,,4,28,0.0000,False,,NODATA,25
rak,2009-04-30,0,0,,,4,28,0.0000,False,,NODATA,25
rak,2009-05-01,0,0,,,5,24,0.0000,False,,NODATA,25
rak,2009-05-02,0,0,,,5,24,0.0000,False,,NODATA,25
rak,2009-05-03,0,0,,,5,24,0.0000,False,,NODATA,25
rak,2009-05-04,0,0,,,5,24,0.0000,False,,NODATA,25
rak,2009-05-05,0,0,,,5,24,0.0000,False,,NODATA,25
rak,2009-05-06,0,0,,,5,24,0.0000,False,,NODATA,25
rak,2009-05-07,0,0,,,5,24,0.0000,False,,NODATA,25
rak,2009-05-08,0,0,,,5,24,0.0000,False,,NODATA,25
rak,2009-05-09,0,0,,,5,24,0.0000,False,,NODATA,25
rak,2009-05-10,0,0,,,5,24,0.0000,False,,NODATA,25
rak,2009-05-11,0,0,,,5,24,0.0000,False,,NODATA,25
rak,2009-05-12,0,0,,,5,24,0.0000,False,,NODATA,25
rak,2009-05-13,0,0,,,5,24,0.0000,False,,NODATA,25
rak,2009-05-14,0,0,,,5,24,0.0000,False,,NODATA,25
rak,2009-05-15,0,0,,,5,24,0.0000,False,,NODATA,25
rak,2009-05-16,0,0,,,5,24,0.0000,False,,NODATA,25
rak,2009-05-17,0,0,,,5,24,0.0000,False,,NODATA,25
rak,2009-05-18,0,0,,,5,24,0.0000,False,,NODATA,25
rak,2009-05-19,0,0,,,5,24,0.0000,False,,NODATA,25
rak,2009-05-20,0,0,,,5,24,0.0000,False,,NODATA,25
rak,2009-05-21,0,0,,,5,24,0.0000,False,,NODATA,25
rak,2009-05-22,0,0,,,5,24,0.0000,False,,NODATA,25
rak,2009-05-23,24,8,2.9048,0.2977,5,24,1.0000,True,0.3333,QUIET,25
rak,2009-05-24,16,0,1.2335,0.0025,5,24,0.6667,True,0.0000,QUIET,25
rak,2009-05-25,9,0,-0.6110,-0.2615,5,24,0.3750,True,0.0000,QUIET,25
rak,2009-05-26,0,0,,,5,24,0.0000,False,,NODATA,25
rak,2009-05-27,0,0,,,5,24,0.0000,False,,NODATA,25
rak,2009-05-28,1,1,6.5126,1.3891,5,24,0.0417,False,,NODATA,25
rak,2009-05-29,0,0,,,5,24,0.0000,False,,NODATA,25
rak,2009-05-30,0,0,,,5,24,0.0000,False,,NODATA,25
rak,2009-05-31,0,0,,,5,24,0.0000,False,,NODATA,25
rak,2009-06-01,0,0,,,6,17,0.0000,False,,NODATA,25
rak,2009-06-02,0,0,,,6,17,0.0000,False,,NODATA,25
rak,2009-06-03,0,0,,,6,17,0.0000,False,,NODATA,25
rak,2009-06-04,0,0,,,6,17,0.0000,False,,NODATA,25
rak,2009-06-05,0,0,,,6,17,0.0000,False,,NODATA,25
rak,2009-06-06,0,0,,,6,17,0.0000,False,,NODATA,25
rak,2009-06-07,0,0,,,6,17,0.0000,False,,NODATA,25
rak,2009-06-08,0,0,,,6,17,0.0000,False,,NODATA,25
rak,2009-06-09,0,0,,,6,17,0.0000,False,,NODATA,25
rak,2009-06-10,0,0,,,6,17,0.0000,False,,NODATA,25
rak,2009-06-11,0,0,,,6,17,0.0000,False,,NODATA,25
rak,2009-06-12,0,0,,,6,17,0.0000,False,,NODATA,25
rak,2009-06-13,0,0,,,6,17,0.0000,False,,NODATA,25
rak,2009-06-14,0,0,,,6,17,0.0000,False,,NODATA,25
rak,2009-06-15,0,0,,,6,17,0.0000,False,,NODATA,25
rak,2009-06-16,0,0,,,6,17,0.0000,False,,NODATA,25
rak,2009-06-17,0,0,,,6,17,0.0000,False,,NODATA,25
rak,2009-06-18,0,0,,,6,17,0.0000,False,,NODATA,25
rak,2009-06-19,0,0,,,6,17,0.0000,False,,NODATA,25
rak,2009-06-20,0,0,,,6,17,0.0000,False,,NODATA,25
rak,2009-06-21,0,0,,,6,17,0.0000,False,,NODATA,25
rak,2009-06-22,0,0,,,6,17,0.0000,False,,NODATA,25
rak,2009-06-23,0,0,,,6,17,0.0000,False,,NODATA,25
rak,2009-06-24,0,0,,,6,17,0.0000,False,,NODATA,25
rak,2009-06-25,0,0,,,6,17,0.0000,False,,NODATA,25
rak,2009-06-26,0,0,,,6,17,0.0000,False,,NODATA,25
rak,2009-06-27,0,0,,,6,17,0.0000,False,,NODATA,25
rak,2009-06-28,0,0,,,6,17,0.0000,False,,NODATA,25
rak,2009-06-29,0,0,,,6,17,0.0000,False,,NODATA,25
rak,2009-06-30,0,0,,,6,17,0.0000,False,,NODATA,25
rak,2009-07-01,0,0,,,7,0,0.0000,False,,NODATA,25
rak,2009-07-02,0,0,,,7,0,0.0000,False,,NODATA,25
rak,2009-07-03,0,0,,,7,0,0.0000,False,,NODATA,25
rak,2009-07-04,0,0,,,7,0,0.0000,False,,NODATA,25
rak,2009-07-05,0,0,,,7,0,0.0000,False,,NODATA,25
rak,2009-07-06,0,0,,,7,0,0.0000,False,,NODATA,25
rak,2009-07-07,0,0,,,7,0,0.0000,False,,NODATA,25
rak,2009-07-08,0,0,,,7,0,0.0000,False,,NODATA,25
rak,2009-07-09,0,0,,,7,0,0.0000,False,,NODATA,25
rak,2009-07-10,0,0,,,7,0,0.0000,False,,NODATA,25
rak,2009-07-11,0,0,,,7,0,0.0000,False,,NODATA,25
rak,2009-07-12,0,0,,,7,0,0.0000,False,,NODATA,25
rak,2009-07-13,0,0,,,7,0,0.0000,False,,NODATA,25
rak,2009-07-14,0,0,,,7,0,0.0000,False,,NODATA,25
rak,2009-07-15,0,0,,,7,0,0.0000,False,,NODATA,25
rak,2009-07-16,0,0,,,7,0,0.0000,False,,NODATA,25
rak,2009-07-17,0,0,,,7,0,0.0000,False,,NODATA,25
rak,2009-07-18,0,0,,,7,0,0.0000,False,,NODATA,25
rak,2009-07-19,0,0,,,7,0,0.0000,False,,NODATA,25
rak,2009-07-20,0,0,,,7,0,0.0000,False,,NODATA,25
rak,2009-07-21,0,0,,,7,0,0.0000,False,,NODATA,25
rak,2009-07-22,0,0,,,7,0,0.0000,False,,NODATA,25
rak,2009-07-23,0,0,,,7,0,0.0000,False,,NODATA,25
rak,2009-07-24,0,0,,,7,0,0.0000,False,,NODATA,25
rak,2009-07-25,0,0,,,7,0,0.0000,False,,NODATA,25
rak,2009-07-26,0,0,,,7,0,0.0000,False,,NODATA,25
rak,2009-07-27,0,0,,,7,0,0.0000,False,,NODATA,25
rak,2009-07-28,0,0,,,7,0,0.0000,False,,NODATA,25
rak,2009-07-29,0,0,,,7,0,0.0000,False,,NODATA,25
rak,2009-07-30,0,0,,,7,0,0.0000,False,,NODATA,25
rak,2009-07-31,0,0,,,7,0,0.0000,False,,NODATA,25
rak,2009-08-01,0,0,,,8,0,0.0000,False,,NODATA,25
rak,2009-08-02,0,0,,,8,0,0.0000,False,,NODATA,25
rak,2009-08-03,0,0,,,8,0,0.0000,False,,NODATA,25
rak,2009-08-04,0,0,,,8,0,0.0000,False,,NODATA,25
rak,2009-08-05,0,0,,,8,0,0.0000,False,,NODATA,25
rak,2009-08-06,0,0,,,8,0,0.0000,False,,NODATA,25
rak,2009-08-07,0,0,,,8,0,0.0000,False,,NODATA,25
rak,2009-08-08,0,0,,,8,0,0.0000,False,,NODATA,25
rak,2009-08-09,0,0,,,8,0,0.0000,False,,NODATA,25
rak,2009-08-10,0,0,,,8,0,0.0000,False,,NODATA,25
rak,2009-08-11,0,0,,,8,0,0.0000,False,,NODATA,25
rak,2009-08-12,0,0,,,8,0,0.0000,False,,NODATA,25
rak,2009-08-13,0,0,,,8,0,0.0000,False,,NODATA,25
rak,2009-08-14,0,0,,,8,0,0.0000,False,,NODATA,25
rak,2009-08-15,0,0,,,8,0,0.0000,False,,NODATA,25
rak,2009-08-16,0,0,,,8,0,0.0000,False,,NODATA,25
rak,2009-08-17,0,0,,,8,0,0.0000,False,,NODATA,25
rak,2009-08-18,0,0,,,8,0,0.0000,False,,NODATA,25
rak,2009-08-19,0,0,,,8,0,0.0000,False,,NODATA,25
rak,2009-08-20,0,0,,,8,0,0.0000,False,,NODATA,25
rak,2009-08-21,0,0,,,8,0,0.0000,False,,NODATA,25
rak,2009-08-22,0,0,,,8,0,0.0000,False,,NODATA,25
rak,2009-08-23,0,0,,,8,0,0.0000,False,,NODATA,25
rak,2009-08-24,0,0,,,8,0,0.0000,False,,NODATA,25
rak,2009-08-25,0,0,,,8,0,0.0000,False,,NODATA,25
rak,2009-08-26,0,0,,,8,0,0.0000,False,,NODATA,25
rak,2009-08-27,0,0,,,8,0,0.0000,False,,NODATA,25
rak,2009-08-28,0,0,,,8,0,0.0000,False,,NODATA,25
rak,2009-08-29,0,0,,,8,0,0.0000,False,,NODATA,25
rak,2009-08-30,0,0,,,8,0,0.0000,False,,NODATA,25
rak,2009-08-31,0,0,,,8,0,0.0000,False,,NODATA,25
rak,2009-09-01,0,0,,,9,27,0.0000,False,,NODATA,25
rak,2009-09-02,0,0,,,9,27,0.0000,False,,NODATA,25
rak,2009-09-03,0,0,,,9,27,0.0000,False,,NODATA,25
rak,2009-09-04,0,0,,,9,27,0.0000,False,,NODATA,25
rak,2009-09-05,0,0,,,9,27,0.0000,False,,NODATA,25
rak,2009-09-06,0,0,,,9,27,0.0000,False,,NODATA,25
rak,2009-09-07,0,0,,,9,27,0.0000,False,,NODATA,25
rak,2009-09-08,0,0,,,9,27,0.0000,False,,NODATA,25
rak,2009-09-09,0,0,,,9,27,0.0000,False,,NODATA,25
rak,2009-09-10,0,0,,,9,27,0.0000,False,,NODATA,25
rak,2009-09-11,0,0,,,9,27,0.0000,False,,NODATA,25
rak,2009-09-12,0,0,,,9,27,0.0000,False,,NODATA,25
rak,2009-09-13,0,0,,,9,27,0.0000,False,,NODATA,25
rak,2009-09-14,10,0,-1.2619,-0.3419,9,27,0.3704,True,0.0000,QUIET,25
rak,2009-09-15,0,0,,,9,27,0.0000,False,,NODATA,25
rak,2009-09-16,0,0,,,9,27,0.0000,False,,NODATA,25
rak,2009-09-17,0,0,,,9,27,0.0000,False,,NODATA,25
rak,2009-09-18,0,0,,,9,27,0.0000,False,,NODATA,25
rak,2009-09-19,0,0,,,9,27,0.0000,False,,NODATA,25
rak,2009-09-20,0,0,,,9,27,0.0000,False,,NODATA,25
rak,2009-09-21,0,0,,,9,27,0.0000,False,,NODATA,25
rak,2009-09-22,0,0,,,9,27,0.0000,False,,NODATA,25
rak,2009-09-23,0,0,,,9,27,0.0000,False,,NODATA,25
rak,2009-09-24,0,0,,,9,27,0.0000,False,,NODATA,25
rak,2009-09-25,1,0,-0.9598,-0.1205,9,27,0.0370,False,,NODATA,25
rak,2009-09-26,0,0,,,9,27,0.0000,False,,NODATA,25
rak,2009-09-27,3,1,2.1174,0.2498,9,27,0.1111,True,0.3333,QUIET,25
rak,2009-09-28,10,0,-0.8403,-0.3095,9,27,0.3704,True,0.0000,QUIET,25
rak,2009-09-29,0,0,,,9,27,0.0000,False,,NODATA,25
rak,2009-09-30,27,0,0.7764,-0.2396,9,27,1.0000,True,0.0000,QUIET,25
rak,2009-10-01,0,0,,,10,33,0.0000,False,,NODATA,25
rak,2009-10-02,30,0,-0.0259,-0.0877,10,33,0.9091,True,0.0000,QUIET,25
rak,2009-10-03,0,0,,,10,33,0.0000,False,,NODATA,25
rak,2009-10-04,0,0,,,10,33,0.0000,False,,NODATA,25
rak,2009-10-05,0,0,,,10,33,0.0000,False,,NODATA,25
rak,2009-10-06,0,0,,,10,33,0.0000,False,,NODATA,25
rak,2009-10-07,0,0,,,10,33,0.0000,False,,NODATA,25
rak,2009-10-08,0,0,,,10,33,0.0000,False,,NODATA,25
rak,2009-10-09,0,0,,,10,33,0.0000,False,,NODATA,25
rak,2009-10-10,0,0,,,10,33,0.0000,False,,NODATA,25
rak,2009-10-11,0,0,,,10,33,0.0000,False,,NODATA,25
rak,2009-10-12,0,0,,,10,33,0.0000,False,,NODATA,25
rak,2009-10-13,0,0,,,10,33,0.0000,False,,NODATA,25
rak,2009-10-14,0,0,,,10,33,0.0000,False,,NODATA,25
rak,2009-10-15,0,0,,,10,33,0.0000,False,,NODATA,25
rak,2009-10-16,0,0,,,10,33,0.0000,False,,NODATA,25
rak,2009-10-17,0,0,,,10,33,0.0000,False,,NODATA,25
rak,2009-10-18,0,0,,,10,33,0.0000,False,,NODATA,25
rak,2009-10-19,0,0,,,10,33,0.0000,False,,NODATA,25
rak,2009-10-20,0,0,,,10,33,0.0000,False,,NODATA,25
rak,2009-10-21,0,0,,,10,33,0.0000,False,,NODATA,25
rak,2009-10-22,0,0,,,10,33,0.0000,False,,NODATA,25
rak,2009-10-23,0,0,,,10,33,0.0000,False,,NODATA,25
rak,2009-10-24,0,0,,,10,33,0.0000,False,,NODATA,25
rak,2009-10-25,0,0,,,10,33,0.0000,False,,NODATA,25
rak,2009-10-26,0,0,,,10,33,0.0000,False,,NODATA,25
rak,2009-10-27,0,0,,,10,33,0.0000,False,,NODATA,25
rak,2009-10-28,0,0,,,10,33,0.0000,False,,NODATA,25
rak,2009-10-29,0,0,,,10,33,0.0000,False,,NODATA,25
rak,2009-10-30,0,0,,,10,33,0.0000,False,,NODATA,25
rak,2009-10-31,0,0,,,10,33,0.0000,False,,NODATA,25
rak,2009-11-01,33,2,5.0694,0.5579,11,34,0.9706,True,0.0606,QUIET,25
rak,2009-11-02,0,0,,,11,34,0.0000,False,,NODATA,25
rak,2009-11-03,33,1,2.8837,0.1822,11,34,0.9706,True,0.0303,QUIET,25
rak,2009-11-04,0,0,,,11,34,0.0000,False,,NODATA,25
rak,2009-11-05,28,0,0.7404,0.0253,11,34,0.8235,True,0.0000,QUIET,25
rak,2009-11-06,15,0,0.8947,0.3113,11,34,0.4412,True,0.0000,QUIET,25
rak,2009-11-07,0,0,,,11,34,0.0000,False,,NODATA,25
rak,2009-11-08,33,2,2.7654,0.3367,11,34,0.9706,True,0.0606,QUIET,25
rak,2009-11-09,0,0,,,11,34,0.0000,False,,NODATA,25
rak,2009-11-10,26,3,2.6290,0.9761,11,34,0.7647,True,0.1154,QUIET,25
rak,2009-11-11,0,0,,,11,34,0.0000,False,,NODATA,25
rak,2009-11-12,33,1,2.1176,0.2954,11,34,0.9706,True,0.0303,QUIET,25
rak,2009-11-13,20,2,2.5865,1.0249,11,34,0.5882,True,0.1000,QUIET,25
rak,2009-11-14,28,0,0.7162,0.0286,11,34,0.8235,True,0.0000,QUIET,25
rak,2009-11-15,29,1,2.1393,0.2450,11,34,0.8529,True,0.0345,QUIET,25
rak,2009-11-16,0,0,,,11,34,0.0000,False,,NODATA,25
rak,2009-11-17,6,0,1.0565,0.8641,11,34,0.1765,True,0.0000,QUIET,25
rak,2009-11-18,0,0,,,11,34,0.0000,False,,NODATA,25
rak,2009-11-19,10,0,1.5233,0.7175,11,34,0.2941,True,0.0000,QUIET,25
rak,2009-11-20,0,0,,,11,34,0.0000,False,,NODATA,25
rak,2009-11-21,0,0,,,11,34,0.0000,False,,NODATA,25
rak,2009-11-22,0,0,,,11,34,0.0000,False,,NODATA,25
rak,2009-11-23,0,0,,,11,34,0.0000,False,,NODATA,25
rak,2009-11-24,33,0,-0.2207,0.2026,11,34,0.9706,True,0.0000,QUIET,25
rak,2009-11-25,0,0,,,11,34,0.0000,False,,NODATA,25
rak,2009-11-26,15,0,0.0464,0.2296,11,34,0.4412,True,0.0000,QUIET,25
rak,2009-11-27,0,0,,,11,34,0.0000,False,,NODATA,25
rak,2009-11-28,0,0,,,11,34,0.0000,False,,NODATA,25
rak,2009-11-29,0,0,,,11,34,0.0000,False,,NODATA,25
rak,2009-11-30,0,0,,,11,34,0.0000,False,,NODATA,25
rak,2009-12-01,1,0,-0.8420,0.0556,12,33,0.0303,False,,NODATA,25
rak,2009-12-02,0,0,,,12,33,0.0000,False,,NODATA,25
rak,2009-12-03,33,0,-0.0409,0.0568,12,33,1.0000,True,0.0000,QUIET,25
rak,2009-12-04,0,0,,,12,33,0.0000,False,,NODATA,25
rak,2009-12-05,33,0,1.4690,0.3728,12,33,1.0000,True,0.0000,QUIET,25
rak,2009-12-06,0,0,,,12,33,0.0000,False,,NODATA,25
rak,2009-12-07,0,0,,,12,33,0.0000,False,,NODATA,25
rak,2009-12-08,0,0,,,12,33,0.0000,False,,NODATA,25
rak,2009-12-09,25,0,-0.1406,0.1436,12,33,0.7576,True,0.0000,QUIET,25
rak,2009-12-10,11,0,-0.4449,0.2336,12,33,0.3333,True,0.0000,QUIET,25
rak,2009-12-11,0,0,,,12,33,0.0000,False,,NODATA,25
rak,2009-12-12,0,0,,,12,33,0.0000,False,,NODATA,25
rak,2009-12-13,0,0,,,12,33,0.0000,False,,NODATA,25
rak,2009-12-14,1,0,-1.4888,-0.1929,12,33,0.0303,False,,NODATA,25
rak,2009-12-15,12,0,-0.8634,-0.0151,12,33,0.3636,True,0.0000,QUIET,25
rak,2009-12-16,4,0,-1.0393,-0.1404,12,33,0.1212,True,0.0000,QUIET,25
rak,2009-12-17,29,0,-0.2002,0.2355,12,33,0.8788,True,0.0000,QUIET,25
rak,2009-12-18,0,0,,,12,33,0.0000,False,,NODATA,25
rak,2009-12-19,0,0,,,12,33,0.0000,False,,NODATA,25
rak,2009-12-20,0,0,,,12,33,0.0000,False,,NODATA,25
rak,2009-12-21,19,0,-0.3706,0.1451,12,33,0.5758,True,0.0000,QUIET,25
rak,2009-12-22,0,0,,,12,33,0.0000,False,,NODATA,25
rak,2009-12-23,21,0,1.6849,0.1264,12,33,0.6364,True,0.0000,QUIET,25
rak,2009-12-24,26,3,3.0572,0.4886,12,33,0.7879,True,0.1154,QUIET,25
rak,2009-12-25,0,0,,,12,33,0.0000,False,,NODATA,25
rak,2009-12-26,0,0,,,12,33,0.0000,False,,NODATA,25
rak,2009-12-27,0,0,,,12,33,0.0000,False,,NODATA,25
rak,2009-12-28,22,0,1.5948,0.7282,12,33,0.6667,True,0.0000,QUIET,25
rak,2009-12-29,0,0,,,12,33,0.0000,False,,NODATA,25
rak,2009-12-30,32,0,0.4104,0.4377,12,33,0.9697,True,0.0000,QUIET,25
rak,2009-12-31,0,0,,,12,33,0.0000,False,,NODATA,25
rak,2010-01-01,0,0,,,1,33,0.0000,False,,NODATA,25
rak,2010-01-02,23,0,0.0441,0.1734,1,33,0.6970,True,0.0000,QUIET,25
rak,2010-01-03,19,0,0.1369,0.2588,1,33,0.5758,True,0.0000,QUIET,25
rak,2010-01-04,33,0,0.6708,0.2583,1,33,1.0000,True,0.0000,QUIET,25
rak,2010-01-05,0,0,,,1,33,0.0000,False,,NODATA,25
rak,2010-01-06,6,0,-0.0485,0.2710,1,33,0.1818,True,0.0000,QUIET,25
rak,2010-01-07,0,0,,,1,33,0.0000,False,,NODATA,25
rak,2010-01-08,33,0,1.1825,0.5190,1,33,1.0000,True,0.0000,QUIET,25
rak,2010-01-09,26,19,3.5740,1.2890,1,33,0.7879,True,0.7308,EXCEED,25
rak,2010-01-10,13,0,-0.1135,0.0646,1,33,0.3939,True,0.0000,QUIET,25
rak,2010-01-11,33,0,1.7893,0.6388,1,33,1.0000,True,0.0000,QUIET,25
rak,2010-01-12,0,0,,,1,33,0.0000,False,,NODATA,25
rak,2010-01-13,33,1,2.0806,0.5182,1,33,1.0000,True,0.0303,QUIET,25
rak,2010-01-14,0,0,,,1,33,0.0000,False,,NODATA,25
rak,2010-01-15,33,0,0.9068,0.4242,1,33,1.0000,True,0.0000,QUIET,25
rak,2010-01-16,16,0,-0.7597,-0.0669,1,33,0.4848,True,0.0000,QUIET,25
rak,2010-01-17,24,0,1.8395,0.7503,1,33,0.7273,True,0.0000,QUIET,25
rak,2010-01-18,23,1,2.5079,0.7799,1,33,0.6970,True,0.0435,QUIET,25
rak,2010-01-19,0,0,,,1,33,0.0000,False,,NODATA,25
rak,2010-01-20,15,5,3.0446,1.0635,1,33,0.4545,True,0.3333,QUIET,25
rak,2010-01-21,0,0,,,1,33,0.0000,False,,NODATA,25
rak,2010-01-22,29,17,3.2063,1.3048,1,33,0.8788,True,0.5862,EXCEED,25
rak,2010-01-23,16,0,1.4711,0.6585,1,33,0.4848,True,0.0000,QUIET,25
rak,2010-01-24,0,0,,,1,33,0.0000,False,,NODATA,25
rak,2010-01-25,0,0,,,1,33,0.0000,False,,NODATA,25
rak,2010-01-26,0,0,,,1,33,0.0000,False,,NODATA,25
rak,2010-01-27,0,0,,,1,33,0.0000,False,,NODATA,25
rak,2010-01-28,0,0,,,1,33,0.0000,False,,NODATA,25
rak,2010-01-29,33,3,2.9426,0.5345,1,33,1.0000,True,0.0909,QUIET,25
rak,2010-01-30,0,0,,,1,33,0.0000,False,,NODATA,25
rak,2010-01-31,0,0,,,1,33,0.0000,False,,NODATA,25
rak,2010-02-01,0,0,,,2,33,0.0000,False,,NODATA,25
rak,2010-02-02,0,0,,,2,33,0.0000,False,,NODATA,25
rak,2010-02-03,0,0,,,2,33,0.0000,False,,NODATA,25
rak,2010-02-04,0,0,,,2,33,0.0000,False,,NODATA,25
rak,2010-02-05,0,0,,,2,33,0.0000,False,,NODATA,25
rak,2010-02-06,0,0,,,2,33,0.0000,False,,NODATA,25
rak,2010-02-07,0,0,,,2,33,0.0000,False,,NODATA,25
rak,2010-02-08,0,0,,,2,33,0.0000,False,,NODATA,25
rak,2010-02-09,0,0,,,2,33,0.0000,False,,NODATA,25
rak,2010-02-10,0,0,,,2,33,0.0000,False,,NODATA,25
rak,2010-02-11,0,0,,,2,33,0.0000,False,,NODATA,25
rak,2010-02-12,1,0,1.9830,1.5547,2,33,0.0303,False,,NODATA,25
rak,2010-02-13,0,0,,,2,33,0.0000,False,,NODATA,25
rak,2010-02-14,33,0,1.9943,0.8244,2,33,1.0000,True,0.0000,QUIET,25
rak,2010-02-15,0,0,,,2,33,0.0000,False,,NODATA,25
rak,2010-02-16,33,0,1.6629,0.9881,2,33,1.0000,True,0.0000,QUIET,25
rak,2010-02-17,13,8,2.8838,1.4674,2,33,0.3939,True,0.6154,EXCEED,25
rak,2010-02-18,1,0,0.2071,0.7411,2,33,0.0303,False,,NODATA,25
rak,2010-02-19,22,1,2.1402,0.7464,2,33,0.6667,True,0.0455,QUIET,25
rak,2010-02-20,0,0,,,2,33,0.0000,False,,NODATA,25
rak,2010-02-21,2,0,0.5324,0.6736,2,33,0.0606,False,,NODATA,25
rak,2010-02-22,0,0,,,2,33,0.0000,False,,NODATA,25
rak,2010-02-23,0,0,,,2,33,0.0000,False,,NODATA,25
rak,2010-02-24,0,0,,,2,33,0.0000,False,,NODATA,25
rak,2010-02-25,0,0,,,2,33,0.0000,False,,NODATA,25
rak,2010-02-26,0,0,,,2,33,0.0000,False,,NODATA,25
rak,2010-02-27,0,0,,,2,33,0.0000,False,,NODATA,25
rak,2010-02-28,0,0,,,2,33,0.0000,False,,NODATA,25
rak,2010-03-01,0,0,,,3,33,0.0000,False,,NODATA,25
rak,2010-03-02,0,0,,,3,33,0.0000,False,,NODATA,25
rak,2010-03-03,0,0,,,3,33,0.0000,False,,NODATA,25
rak,2010-03-04,0,0,,,3,33,0.0000,False,,NODATA,25
rak,2010-03-05,0,0,,,3,33,0.0000,False,,NODATA,25
rak,2010-03-06,0,0,,,3,33,0.0000,False,,NODATA,25
rak,2010-03-07,0,0,,,3,33,0.0000,False,,NODATA,25
rak,2010-03-08,0,0,,,3,33,0.0000,False,,NODATA,25
rak,2010-03-09,0,0,,,3,33,0.0000,False,,NODATA,25
rak,2010-03-10,0,0,,,3,33,0.0000,False,,NODATA,25
rak,2010-03-11,28,0,1.9719,0.7805,3,33,0.8485,True,0.0000,QUIET,25
rak,2010-03-12,0,0,,,3,33,0.0000,False,,NODATA,25
rak,2010-03-13,12,0,0.5852,0.6291,3,33,0.3636,True,0.0000,QUIET,25
rak,2010-03-14,2,0,0.7034,0.7617,3,33,0.0606,False,,NODATA,25
rak,2010-03-15,0,0,,,3,33,0.0000,False,,NODATA,25
rak,2010-03-16,32,0,0.0049,0.3563,3,33,0.9697,True,0.0000,QUIET,25
rak,2010-03-17,0,0,,,3,33,0.0000,False,,NODATA,25
rak,2010-03-18,33,0,0.2524,0.1206,3,33,1.0000,True,0.0000,QUIET,25
rak,2010-03-19,0,0,,,3,33,0.0000,False,,NODATA,25
rak,2010-03-20,0,0,,,3,33,0.0000,False,,NODATA,25
rak,2010-03-21,0,0,,,3,33,0.0000,False,,NODATA,25
rak,2010-03-22,0,0,,,3,33,0.0000,False,,NODATA,25
rak,2010-03-23,0,0,,,3,33,0.0000,False,,NODATA,25
rak,2010-03-24,0,0,,,3,33,0.0000,False,,NODATA,25
rak,2010-03-25,0,0,,,3,33,0.0000,False,,NODATA,25
rak,2010-03-26,0,0,,,3,33,0.0000,False,,NODATA,25
rak,2010-03-27,0,0,,,3,33,0.0000,False,,NODATA,25
rak,2010-03-28,0,0,,,3,33,0.0000,False,,NODATA,25
rak,2010-03-29,0,0,,,3,33,0.0000,False,,NODATA,25
rak,2010-03-30,0,0,,,3,33,0.0000,False,,NODATA,25
rak,2010-03-31,0,0,,,3,33,0.0000,False,,NODATA,25
rak,2010-04-01,27,0,1.6668,0.2236,4,28,0.9643,True,0.0000,QUIET,25
rak,2010-04-02,0,0,,,4,28,0.0000,False,,NODATA,25
rak,2010-04-03,0,0,,,4,28,0.0000,False,,NODATA,25
rak,2010-04-04,0,0,,,4,28,0.0000,False,,NODATA,25
rak,2010-04-05,0,0,,,4,28,0.0000,False,,NODATA,25
rak,2010-04-06,0,0,,,4,28,0.0000,False,,NODATA,25
rak,2010-04-07,0,0,,,4,28,0.0000,False,,NODATA,25
rak,2010-04-08,0,0,,,4,28,0.0000,False,,NODATA,25
rak,2010-04-09,0,0,,,4,28,0.0000,False,,NODATA,25
rak,2010-04-10,0,0,,,4,28,0.0000,False,,NODATA,25
rak,2010-04-11,0,0,,,4,28,0.0000,False,,NODATA,25
rak,2010-04-12,0,0,,,4,28,0.0000,False,,NODATA,25
rak,2010-04-13,0,0,,,4,28,0.0000,False,,NODATA,25
rak,2010-04-14,0,0,,,4,28,0.0000,False,,NODATA,25
rak,2010-04-15,8,0,0.7639,-0.1890,4,28,0.2857,True,0.0000,QUIET,25
rak,2010-04-16,20,0,-0.7319,-0.2626,4,28,0.7143,True,0.0000,QUIET,25
rak,2010-04-17,23,0,-0.7362,-0.4038,4,28,0.8214,True,0.0000,QUIET,25
rak,2010-04-18,0,0,,,4,28,0.0000,False,,NODATA,25
rak,2010-04-19,0,0,,,4,28,0.0000,False,,NODATA,25
rak,2010-04-20,0,0,,,4,28,0.0000,False,,NODATA,25
rak,2010-04-21,0,0,,,4,28,0.0000,False,,NODATA,25
rak,2010-04-22,0,0,,,4,28,0.0000,False,,NODATA,25
rak,2010-04-23,7,0,-0.7525,-0.2228,4,28,0.2500,True,0.0000,QUIET,25
rak,2010-04-24,0,0,,,4,28,0.0000,False,,NODATA,25
rak,2010-04-25,0,0,,,4,28,0.0000,False,,NODATA,25
rak,2010-04-26,0,0,,,4,28,0.0000,False,,NODATA,25
rak,2010-04-27,0,0,,,4,28,0.0000,False,,NODATA,25
rak,2010-04-28,0,0,,,4,28,0.0000,False,,NODATA,25
rak,2010-04-29,0,0,,,4,28,0.0000,False,,NODATA,25
rak,2010-04-30,0,0,,,4,28,0.0000,False,,NODATA,25
rak,2010-05-01,0,0,,,5,24,0.0000,False,,NODATA,25
rak,2010-05-02,0,0,,,5,24,0.0000,False,,NODATA,25
rak,2010-05-03,0,0,,,5,24,0.0000,False,,NODATA,25
rak,2010-05-04,0,0,,,5,24,0.0000,False,,NODATA,25
rak,2010-05-05,0,0,,,5,24,0.0000,False,,NODATA,25
rak,2010-05-06,0,0,,,5,24,0.0000,False,,NODATA,25
rak,2010-05-07,0,0,,,5,24,0.0000,False,,NODATA,25
rak,2010-05-08,0,0,,,5,24,0.0000,False,,NODATA,25
rak,2010-05-09,0,0,,,5,24,0.0000,False,,NODATA,25
rak,2010-05-10,24,0,-0.1955,-0.2140,5,24,1.0000,True,0.0000,QUIET,25
rak,2010-05-11,0,0,,,5,24,0.0000,False,,NODATA,25
rak,2010-05-12,0,0,,,5,24,0.0000,False,,NODATA,25
rak,2010-05-13,0,0,,,5,24,0.0000,False,,NODATA,25
rak,2010-05-14,0,0,,,5,24,0.0000,False,,NODATA,25
rak,2010-05-15,0,0,,,5,24,0.0000,False,,NODATA,25
rak,2010-05-16,0,0,,,5,24,0.0000,False,,NODATA,25
rak,2010-05-17,0,0,,,5,24,0.0000,False,,NODATA,25
rak,2010-05-18,0,0,,,5,24,0.0000,False,,NODATA,25
rak,2010-05-19,0,0,,,5,24,0.0000,False,,NODATA,25
rak,2010-05-20,0,0,,,5,24,0.0000,False,,NODATA,25
rak,2010-05-21,0,0,,,5,24,0.0000,False,,NODATA,25
rak,2010-05-22,0,0,,,5,24,0.0000,False,,NODATA,25
rak,2010-05-23,0,0,,,5,24,0.0000,False,,NODATA,25
rak,2010-05-24,0,0,,,5,24,0.0000,False,,NODATA,25
rak,2010-05-25,0,0,,,5,24,0.0000,False,,NODATA,25
rak,2010-05-26,0,0,,,5,24,0.0000,False,,NODATA,25
rak,2010-05-27,2,0,0.1802,-0.1494,5,24,0.0833,False,,NODATA,25
rak,2010-05-28,0,0,,,5,24,0.0000,False,,NODATA,25
rak,2010-05-29,0,0,,,5,24,0.0000,False,,NODATA,25
rak,2010-05-30,0,0,,,5,24,0.0000,False,,NODATA,25
rak,2010-05-31,0,0,,,5,24,0.0000,False,,NODATA,25
rak,2010-06-01,0,0,,,6,17,0.0000,False,,NODATA,25
rak,2010-06-02,0,0,,,6,17,0.0000,False,,NODATA,25
rak,2010-06-03,0,0,,,6,17,0.0000,False,,NODATA,25
rak,2010-06-04,0,0,,,6,17,0.0000,False,,NODATA,25
rak,2010-06-05,0,0,,,6,17,0.0000,False,,NODATA,25
rak,2010-06-06,6,0,-0.2549,-0.2681,6,17,0.3529,True,0.0000,QUIET,25
rak,2010-06-07,0,0,,,6,17,0.0000,False,,NODATA,25
rak,2010-06-08,0,0,,,6,17,0.0000,False,,NODATA,25
rak,2010-06-09,0,0,,,6,17,0.0000,False,,NODATA,25
rak,2010-06-10,0,0,,,6,17,0.0000,False,,NODATA,25
rak,2010-06-11,0,0,,,6,17,0.0000,False,,NODATA,25
rak,2010-06-12,0,0,,,6,17,0.0000,False,,NODATA,25
rak,2010-06-13,0,0,,,6,17,0.0000,False,,NODATA,25
rak,2010-06-14,0,0,,,6,17,0.0000,False,,NODATA,25
rak,2010-06-15,0,0,,,6,17,0.0000,False,,NODATA,25
rak,2010-06-16,0,0,,,6,17,0.0000,False,,NODATA,25
rak,2010-06-17,0,0,,,6,17,0.0000,False,,NODATA,25
rak,2010-06-18,0,0,,,6,17,0.0000,False,,NODATA,25
rak,2010-06-19,0,0,,,6,17,0.0000,False,,NODATA,25
rak,2010-06-20,0,0,,,6,17,0.0000,False,,NODATA,25
rak,2010-06-21,0,0,,,6,17,0.0000,False,,NODATA,25
rak,2010-06-22,0,0,,,6,17,0.0000,False,,NODATA,25
rak,2010-06-23,0,0,,,6,17,0.0000,False,,NODATA,25
rak,2010-06-24,0,0,,,6,17,0.0000,False,,NODATA,25
rak,2010-06-25,0,0,,,6,17,0.0000,False,,NODATA,25
rak,2010-06-26,0,0,,,6,17,0.0000,False,,NODATA,25
rak,2010-06-27,0,0,,,6,17,0.0000,False,,NODATA,25
rak,2010-06-28,0,0,,,6,17,0.0000,False,,NODATA,25
rak,2010-06-29,0,0,,,6,17,0.0000,False,,NODATA,25
rak,2010-06-30,0,0,,,6,17,0.0000,False,,NODATA,25
rak,2010-07-01,0,0,,,7,0,0.0000,False,,NODATA,25
rak,2010-07-02,0,0,,,7,0,0.0000,False,,NODATA,25
rak,2010-07-03,0,0,,,7,0,0.0000,False,,NODATA,25
rak,2010-07-04,0,0,,,7,0,0.0000,False,,NODATA,25
rak,2010-07-05,0,0,,,7,0,0.0000,False,,NODATA,25
rak,2010-07-06,0,0,,,7,0,0.0000,False,,NODATA,25
rak,2010-07-07,0,0,,,7,0,0.0000,False,,NODATA,25
rak,2010-07-08,0,0,,,7,0,0.0000,False,,NODATA,25
rak,2010-07-09,0,0,,,7,0,0.0000,False,,NODATA,25
rak,2010-07-10,0,0,,,7,0,0.0000,False,,NODATA,25
rak,2010-07-11,0,0,,,7,0,0.0000,False,,NODATA,25
rak,2010-07-12,0,0,,,7,0,0.0000,False,,NODATA,25
rak,2010-07-13,0,0,,,7,0,0.0000,False,,NODATA,25
rak,2010-07-14,0,0,,,7,0,0.0000,False,,NODATA,25
rak,2010-07-15,0,0,,,7,0,0.0000,False,,NODATA,25
rak,2010-07-16,0,0,,,7,0,0.0000,False,,NODATA,25
rak,2010-07-17,0,0,,,7,0,0.0000,False,,NODATA,25
rak,2010-07-18,0,0,,,7,0,0.0000,False,,NODATA,25
rak,2010-07-19,0,0,,,7,0,0.0000,False,,NODATA,25
rak,2010-07-20,0,0,,,7,0,0.0000,False,,NODATA,25
rak,2010-07-21,0,0,,,7,0,0.0000,False,,NODATA,25
rak,2010-07-22,0,0,,,7,0,0.0000,False,,NODATA,25
rak,2010-07-23,0,0,,,7,0,0.0000,False,,NODATA,25
rak,2010-07-24,0,0,,,7,0,0.0000,False,,NODATA,25
rak,2010-07-25,0,0,,,7,0,0.0000,False,,NODATA,25
rak,2010-07-26,0,0,,,7,0,0.0000,False,,NODATA,25
rak,2010-07-27,0,0,,,7,0,0.0000,False,,NODATA,25
rak,2010-07-28,0,0,,,7,0,0.0000,False,,NODATA,25
rak,2010-07-29,0,0,,,7,0,0.0000,False,,NODATA,25
rak,2010-07-30,0,0,,,7,0,0.0000,False,,NODATA,25
rak,2010-07-31,0,0,,,7,0,0.0000,False,,NODATA,25
rak,2010-08-01,0,0,,,8,0,0.0000,False,,NODATA,25
rak,2010-08-02,0,0,,,8,0,0.0000,False,,NODATA,25
rak,2010-08-03,0,0,,,8,0,0.0000,False,,NODATA,25
rak,2010-08-04,0,0,,,8,0,0.0000,False,,NODATA,25
rak,2010-08-05,0,0,,,8,0,0.0000,False,,NODATA,25
rak,2010-08-06,0,0,,,8,0,0.0000,False,,NODATA,25
rak,2010-08-07,0,0,,,8,0,0.0000,False,,NODATA,25
rak,2010-08-08,0,0,,,8,0,0.0000,False,,NODATA,25
rak,2010-08-09,0,0,,,8,0,0.0000,False,,NODATA,25
rak,2010-08-10,0,0,,,8,0,0.0000,False,,NODATA,25
rak,2010-08-11,0,0,,,8,0,0.0000,False,,NODATA,25
rak,2010-08-12,0,0,,,8,0,0.0000,False,,NODATA,25
rak,2010-08-13,0,0,,,8,0,0.0000,False,,NODATA,25
rak,2010-08-14,0,0,,,8,0,0.0000,False,,NODATA,25
rak,2010-08-15,0,0,,,8,0,0.0000,False,,NODATA,25
rak,2010-08-16,0,0,,,8,0,0.0000,False,,NODATA,25
rak,2010-08-17,0,0,,,8,0,0.0000,False,,NODATA,25
rak,2010-08-18,0,0,,,8,0,0.0000,False,,NODATA,25
rak,2010-08-19,0,0,,,8,0,0.0000,False,,NODATA,25
rak,2010-08-20,0,0,,,8,0,0.0000,False,,NODATA,25
rak,2010-08-21,0,0,,,8,0,0.0000,False,,NODATA,25
rak,2010-08-22,0,0,,,8,0,0.0000,False,,NODATA,25
rak,2010-08-23,0,0,,,8,0,0.0000,False,,NODATA,25
rak,2010-08-24,0,0,,,8,0,0.0000,False,,NODATA,25
rak,2010-08-25,0,0,,,8,0,0.0000,False,,NODATA,25
rak,2010-08-26,0,0,,,8,0,0.0000,False,,NODATA,25
rak,2010-08-27,0,0,,,8,0,0.0000,False,,NODATA,25
rak,2010-08-28,0,0,,,8,0,0.0000,False,,NODATA,25
rak,2010-08-29,0,0,,,8,0,0.0000,False,,NODATA,25
rak,2010-08-30,0,0,,,8,0,0.0000,False,,NODATA,25
rak,2010-08-31,0,0,,,8,0,0.0000,False,,NODATA,25
rak,2010-09-01,0,0,,,9,27,0.0000,False,,NODATA,25
rak,2010-09-02,0,0,,,9,27,0.0000,False,,NODATA,25
rak,2010-09-03,0,0,,,9,27,0.0000,False,,NODATA,25
rak,2010-09-04,0,0,,,9,27,0.0000,False,,NODATA,25
rak,2010-09-05,0,0,,,9,27,0.0000,False,,NODATA,25
rak,2010-09-06,0,0,,,9,27,0.0000,False,,NODATA,25
rak,2010-09-07,0,0,,,9,27,0.0000,False,,NODATA,25
rak,2010-09-08,24,0,-0.7733,-0.3162,9,27,0.8889,True,0.0000,QUIET,25
rak,2010-09-09,0,0,,,9,27,0.0000,False,,NODATA,25
rak,2010-09-10,6,0,0.0933,-0.0597,9,27,0.2222,True,0.0000,QUIET,25
rak,2010-09-11,0,0,,,9,27,0.0000,False,,NODATA,25
rak,2010-09-12,0,0,,,9,27,0.0000,False,,NODATA,25
rak,2010-09-13,0,0,,,9,27,0.0000,False,,NODATA,25
rak,2010-09-14,0,0,,,9,27,0.0000,False,,NODATA,25
rak,2010-09-15,0,0,,,9,27,0.0000,False,,NODATA,25
rak,2010-09-16,0,0,,,9,27,0.0000,False,,NODATA,25
rak,2010-09-17,0,0,,,9,27,0.0000,False,,NODATA,25
rak,2010-09-18,0,0,,,9,27,0.0000,False,,NODATA,25
rak,2010-09-19,0,0,,,9,27,0.0000,False,,NODATA,25
rak,2010-09-20,0,0,,,9,27,0.0000,False,,NODATA,25
rak,2010-09-21,0,0,,,9,27,0.0000,False,,NODATA,25
rak,2010-09-22,0,0,,,9,27,0.0000,False,,NODATA,25
rak,2010-09-23,0,0,,,9,27,0.0000,False,,NODATA,25
rak,2010-09-24,0,0,,,9,27,0.0000,False,,NODATA,25
rak,2010-09-25,0,0,,,9,27,0.0000,False,,NODATA,25
rak,2010-09-26,27,0,-0.5735,-0.1674,9,27,1.0000,True,0.0000,QUIET,25
rak,2010-09-27,0,0,,,9,27,0.0000,False,,NODATA,25
rak,2010-09-28,0,0,,,9,27,0.0000,False,,NODATA,25
rak,2010-09-29,0,0,,,9,27,0.0000,False,,NODATA,25
rak,2010-09-30,0,0,,,9,27,0.0000,False,,NODATA,25
rak,2010-10-01,28,0,-0.6291,-0.1418,10,33,0.8485,True,0.0000,QUIET,25
rak,2010-10-02,0,0,,,10,33,0.0000,False,,NODATA,25
rak,2010-10-03,33,0,-0.5170,-0.0793,10,33,1.0000,True,0.0000,QUIET,25
rak,2010-10-04,0,0,,,10,33,0.0000,False,,NODATA,25
rak,2010-10-05,0,0,,,10,33,0.0000,False,,NODATA,25
rak,2010-10-06,0,0,,,10,33,0.0000,False,,NODATA,25
rak,2010-10-07,0,0,,,10,33,0.0000,False,,NODATA,25
rak,2010-10-08,0,0,,,10,33,0.0000,False,,NODATA,25
rak,2010-10-09,0,0,,,10,33,0.0000,False,,NODATA,25
rak,2010-10-10,0,0,,,10,33,0.0000,False,,NODATA,25
rak,2010-10-11,0,0,,,10,33,0.0000,False,,NODATA,25
rak,2010-10-12,4,0,-0.8121,-0.1771,10,33,0.1212,True,0.0000,QUIET,25
rak,2010-10-13,0,0,,,10,33,0.0000,False,,NODATA,25
rak,2010-10-14,0,0,,,10,33,0.0000,False,,NODATA,25
rak,2010-10-15,0,0,,,10,33,0.0000,False,,NODATA,25
rak,2010-10-16,22,0,-0.1151,-0.0479,10,33,0.6667,True,0.0000,QUIET,25
rak,2010-10-17,30,0,0.1781,0.1340,10,33,0.9091,True,0.0000,QUIET,25
rak,2010-10-18,0,0,,,10,33,0.0000,False,,NODATA,25
rak,2010-10-19,32,0,0.6240,0.1853,10,33,0.9697,True,0.0000,QUIET,25
rak,2010-10-20,0,0,,,10,33,0.0000,False,,NODATA,25
rak,2010-10-21,15,0,-0.2506,-0.0669,10,33,0.4545,True,0.0000,QUIET,25
rak,2010-10-22,0,0,,,10,33,0.0000,False,,NODATA,25
rak,2010-10-23,10,0,-0.4660,-0.2010,10,33,0.3030,True,0.0000,QUIET,25
rak,2010-10-24,23,0,1.7403,0.2713,10,33,0.6970,True,0.0000,QUIET,25
rak,2010-10-25,0,0,,,10,33,0.0000,False,,NODATA,25
rak,2010-10-26,12,2,2.3553,0.7024,10,33,0.3636,True,0.1667,QUIET,25
rak,2010-10-27,0,0,,,10,33,0.0000,False,,NODATA,25
rak,2010-10-28,0,0,,,10,33,0.0000,False,,NODATA,25
rak,2010-10-29,0,0,,,10,33,0.0000,False,,NODATA,25
rak,2010-10-30,25,0,0.2025,0.0281,10,33,0.7576,True,0.0000,QUIET,25
rak,2010-10-31,0,0,,,10,33,0.0000,False,,NODATA,25
rak,2010-11-01,26,0,-0.6209,-0.0198,11,34,0.7647,True,0.0000,QUIET,25
rak,2010-11-02,18,0,0.1074,0.1223,11,34,0.5294,True,0.0000,QUIET,25
rak,2010-11-03,0,0,,,11,34,0.0000,False,,NODATA,25
rak,2010-11-04,33,0,0.1214,0.1698,11,34,0.9706,True,0.0000,QUIET,25
rak,2010-11-05,0,0,,,11,34,0.0000,False,,NODATA,25
rak,2010-11-06,18,0,0.2243,0.3086,11,34,0.5294,True,0.0000,QUIET,25
rak,2010-11-07,0,0,,,11,34,0.0000,False,,NODATA,25
rak,2010-11-08,0,0,,,11,34,0.0000,False,,NODATA,25
rak,2010-11-09,0,0,,,11,34,0.0000,False,,NODATA,25
rak,2010-11-10,0,0,,,11,34,0.0000,False,,NODATA,25
rak,2010-11-11,32,1,2.3564,0.8172,11,34,0.9412,True,0.0312,QUIET,25
rak,2010-11-12,0,0,,,11,34,0.0000,False,,NODATA,25
rak,2010-11-13,13,0,-0.0278,0.1830,11,34,0.3824,True,0.0000,QUIET,25
rak,2010-11-14,0,0,,,11,34,0.0000,False,,NODATA,25
rak,2010-11-15,18,0,0.3006,0.4530,11,34,0.5294,True,0.0000,QUIET,25
rak,2010-11-16,0,0,,,11,34,0.0000,False,,NODATA,25
rak,2010-11-17,27,0,1.8324,0.6685,11,34,0.7941,True,0.0000,QUIET,25
rak,2010-11-18,32,0,1.4909,0.5577,11,34,0.9412,True,0.0000,QUIET,25
rak,2010-11-19,4,0,0.4107,0.4982,11,34,0.1176,True,0.0000,QUIET,25
rak,2010-11-20,33,0,1.7142,0.5252,11,34,0.9706,True,0.0000,QUIET,25
rak,2010-11-21,0,0,,,11,34,0.0000,False,,NODATA,25
rak,2010-11-22,33,0,0.8508,0.4968,11,34,0.9706,True,0.0000,QUIET,25
rak,2010-11-23,0,0,,,11,34,0.0000,False,,NODATA,25
rak,2010-11-24,31,0,-0.6267,0.0048,11,34,0.9118,True,0.0000,QUIET,25
rak,2010-11-25,27,0,0.1755,0.1084,11,34,0.7941,True,0.0000,QUIET,25
rak,2010-11-26,26,0,-0.5390,0.0491,11,34,0.7647,True,0.0000,QUIET,25
rak,2010-11-27,33,0,-0.1876,0.1584,11,34,0.9706,True,0.0000,QUIET,25
rak,2010-11-28,0,0,,,11,34,0.0000,False,,NODATA,25
rak,2010-11-29,33,0,-0.6342,0.0670,11,34,0.9706,True,0.0000,QUIET,25
rak,2010-11-30,0,0,,,11,34,0.0000,False,,NODATA,25
rak,2010-12-01,33,0,-0.3690,0.1545,12,33,1.0000,True,0.0000,QUIET,25
rak,2010-12-02,23,0,-0.1140,0.1928,12,33,0.6970,True,0.0000,QUIET,25
rak,2010-12-03,27,0,-0.4590,0.0590,12,33,0.8182,True,0.0000,QUIET,25
rak,2010-12-04,32,0,-0.4379,0.0817,12,33,0.9697,True,0.0000,QUIET,25
rak,2010-12-05,18,0,-0.3753,0.0562,12,33,0.5455,True,0.0000,QUIET,25
rak,2010-12-06,33,0,-0.0077,0.1933,12,33,1.0000,True,0.0000,QUIET,25
rak,2010-12-07,0,0,,,12,33,0.0000,False,,NODATA,25
rak,2010-12-08,33,0,1.4927,0.6370,12,33,1.0000,True,0.0000,QUIET,25
rak,2010-12-09,0,0,,,12,33,0.0000,False,,NODATA,25
rak,2010-12-10,18,0,-0.0276,0.2413,12,33,0.5455,True,0.0000,QUIET,25
rak,2010-12-11,0,0,,,12,33,0.0000,False,,NODATA,25
rak,2010-12-12,0,0,,,12,33,0.0000,False,,NODATA,25
rak,2010-12-13,10,1,2.4233,0.6484,12,33,0.3030,True,0.1000,QUIET,25
rak,2010-12-14,0,0,,,12,33,0.0000,False,,NODATA,25
rak,2010-12-15,0,0,,,12,33,0.0000,False,,NODATA,25
rak,2010-12-16,0,0,,,12,33,0.0000,False,,NODATA,25
rak,2010-12-17,14,0,1.2510,0.5280,12,33,0.4242,True,0.0000,QUIET,25
rak,2010-12-18,0,0,,,12,33,0.0000,False,,NODATA,25
rak,2010-12-19,4,0,-0.0824,0.3509,12,33,0.1212,True,0.0000,QUIET,25
rak,2010-12-20,26,0,1.2418,0.5763,12,33,0.7879,True,0.0000,QUIET,25
rak,2010-12-21,0,0,,,12,33,0.0000,False,,NODATA,25
rak,2010-12-22,32,0,1.8595,0.5894,12,33,0.9697,True,0.0000,QUIET,25
rak,2010-12-23,0,0,,,12,33,0.0000,False,,NODATA,25
rak,2010-12-24,8,0,1.7582,1.0002,12,33,0.2424,True,0.0000,QUIET,25
rak,2010-12-25,0,0,,,12,33,0.0000,False,,NODATA,25
rak,2010-12-26,12,0,1.1767,0.6297,12,33,0.3636,True,0.0000,QUIET,25
rak,2010-12-27,5,5,3.1368,1.5811,12,33,0.1515,True,1.0000,EXCEED,25
rak,2010-12-28,3,0,1.0169,0.8115,12,33,0.0909,False,,NODATA,25
rak,2010-12-29,33,1,2.3785,0.8287,12,33,1.0000,True,0.0303,QUIET,25
rak,2010-12-30,0,0,,,12,33,0.0000,False,,NODATA,25
rak,2010-12-31,33,0,1.6348,0.5002,12,33,1.0000,True,0.0000,QUIET,25
rak,2011-01-01,0,0,,,1,33,0.0000,False,,NODATA,25
rak,2011-01-02,0,0,,,1,33,0.0000,False,,NODATA,25
rak,2011-01-03,0,0,,,1,33,0.0000,False,,NODATA,25
rak,2011-01-04,1,0,1.8142,0.8426,1,33,0.0303,False,,NODATA,25
rak,2011-01-05,0,0,,,1,33,0.0000,False,,NODATA,25
rak,2011-01-06,0,0,,,1,33,0.0000,False,,NODATA,25
rak,2011-01-07,30,1,2.6806,0.2548,1,33,0.9091,True,0.0333,QUIET,25
rak,2011-01-08,0,0,,,1,33,0.0000,False,,NODATA,25
rak,2011-01-09,33,0,0.4273,0.2583,1,33,1.0000,True,0.0000,QUIET,25
rak,2011-01-10,0,0,,,1,33,0.0000,False,,NODATA,25
rak,2011-01-11,0,0,,,1,33,0.0000,False,,NODATA,25
rak,2011-01-12,0,0,,,1,33,0.0000,False,,NODATA,25
rak,2011-01-13,3,0,-0.7258,-0.0677,1,33,0.0909,False,,NODATA,25
rak,2011-01-14,33,0,0.9795,0.3779,1,33,1.0000,True,0.0000,QUIET,25
rak,2011-01-15,0,0,,,1,33,0.0000,False,,NODATA,25
rak,2011-01-16,0,0,,,1,33,0.0000,False,,NODATA,25
rak,2011-01-17,0,0,,,1,33,0.0000,False,,NODATA,25
rak,2011-01-18,0,0,,,1,33,0.0000,False,,NODATA,25
rak,2011-01-19,0,0,,,1,33,0.0000,False,,NODATA,25
rak,2011-01-20,0,0,,,1,33,0.0000,False,,NODATA,25
rak,2011-01-21,0,0,,,1,33,0.0000,False,,NODATA,25
rak,2011-01-22,0,0,,,1,33,0.0000,False,,NODATA,25
rak,2011-01-23,18,0,1.0285,0.3221,1,33,0.5455,True,0.0000,QUIET,25
rak,2011-01-24,0,0,,,1,33,0.0000,False,,NODATA,25
rak,2011-01-25,33,0,0.8612,0.3649,1,33,1.0000,True,0.0000,QUIET,25
rak,2011-01-26,0,0,,,1,33,0.0000,False,,NODATA,25
rak,2011-01-27,0,0,,,1,33,0.0000,False,,NODATA,25
rak,2011-01-28,0,0,,,1,33,0.0000,False,,NODATA,25
rak,2011-01-29,14,0,-0.6755,-0.0121,1,33,0.4242,True,0.0000,QUIET,25
rak,2011-01-30,33,0,1.1356,0.4953,1,33,1.0000,True,0.0000,QUIET,25
rak,2011-01-31,0,0,,,1,33,0.0000,False,,NODATA,25
rak,2011-02-01,0,0,,,2,33,0.0000,False,,NODATA,25
rak,2011-02-02,0,0,,,2,33,0.0000,False,,NODATA,25
rak,2011-02-03,0,0,,,2,33,0.0000,False,,NODATA,25
rak,2011-02-04,0,0,,,2,33,0.0000,False,,NODATA,25
rak,2011-02-05,0,0,,,2,33,0.0000,False,,NODATA,25
rak,2011-02-06,0,0,,,2,33,0.0000,False,,NODATA,25
rak,2011-02-07,1,0,-0.0227,0.5200,2,33,0.0303,False,,NODATA,25
rak,2011-02-08,23,0,1.9269,0.9621,2,33,0.6970,True,0.0000,QUIET,25
rak,2011-02-09,0,0,,,2,33,0.0000,False,,NODATA,25
rak,2011-02-10,0,0,,,2,33,0.0000,False,,NODATA,25
rak,2011-02-11,0,0,,,2,33,0.0000,False,,NODATA,25
rak,2011-02-12,0,0,,,2,33,0.0000,False,,NODATA,25
rak,2011-02-13,6,0,0.2413,0.4943,2,33,0.1818,True,0.0000,QUIET,25
rak,2011-02-14,0,0,,,2,33,0.0000,False,,NODATA,25
rak,2011-02-15,32,3,2.4402,0.7457,2,33,0.9697,True,0.0938,QUIET,25
rak,2011-02-16,0,0,,,2,33,0.0000,False,,NODATA,25
rak,2011-02-17,0,0,,,2,33,0.0000,False,,NODATA,25
rak,2011-02-18,0,0,,,2,33,0.0000,False,,NODATA,25
rak,2011-02-19,32,0,0.8686,0.4233,2,33,0.9697,True,0.0000,QUIET,25
rak,2011-02-20,0,0,,,2,33,0.0000,False,,NODATA,25
rak,2011-02-21,0,0,,,2,33,0.0000,False,,NODATA,25
rak,2011-02-22,0,0,,,2,33,0.0000,False,,NODATA,25
rak,2011-02-23,0,0,,,2,33,0.0000,False,,NODATA,25
rak,2011-02-24,0,0,,,2,33,0.0000,False,,NODATA,25
rak,2011-02-25,0,0,,,2,33,0.0000,False,,NODATA,25
rak,2011-02-26,0,0,,,2,33,0.0000,False,,NODATA,25
rak,2011-02-27,0,0,,,2,33,0.0000,False,,NODATA,25
rak,2011-02-28,0,0,,,2,33,0.0000,False,,NODATA,25
rak,2011-03-01,0,0,,,3,33,0.0000,False,,NODATA,25
rak,2011-03-02,0,0,,,3,33,0.0000,False,,NODATA,25
rak,2011-03-03,33,0,1.6793,0.1516,3,33,1.0000,True,0.0000,QUIET,25
rak,2011-03-04,0,0,,,3,33,0.0000,False,,NODATA,25
rak,2011-03-05,0,0,,,3,33,0.0000,False,,NODATA,25
rak,2011-03-06,0,0,,,3,33,0.0000,False,,NODATA,25
rak,2011-03-07,0,0,,,3,33,0.0000,False,,NODATA,25
rak,2011-03-08,0,0,,,3,33,0.0000,False,,NODATA,25
rak,2011-03-09,0,0,,,3,33,0.0000,False,,NODATA,25
rak,2011-03-10,0,0,,,3,33,0.0000,False,,NODATA,25
rak,2011-03-11,0,0,,,3,33,0.0000,False,,NODATA,25
rak,2011-03-12,24,5,2.9698,1.1623,3,33,0.7273,True,0.2083,QUIET,25
rak,2011-03-13,0,0,,,3,33,0.0000,False,,NODATA,25
rak,2011-03-14,32,6,5.1471,0.8440,3,33,0.9697,True,0.1875,QUIET,25
rak,2011-03-15,0,0,,,3,33,0.0000,False,,NODATA,25
rak,2011-03-16,0,0,,,3,33,0.0000,False,,NODATA,25
rak,2011-03-17,0,0,,,3,33,0.0000,False,,NODATA,25
rak,2011-03-18,0,0,,,3,33,0.0000,False,,NODATA,25
rak,2011-03-19,0,0,,,3,33,0.0000,False,,NODATA,25
rak,2011-03-20,0,0,,,3,33,0.0000,False,,NODATA,25
rak,2011-03-21,33,2,2.0970,0.5214,3,33,1.0000,True,0.0606,QUIET,25
rak,2011-03-22,0,0,,,3,33,0.0000,False,,NODATA,25
rak,2011-03-23,0,0,,,3,33,0.0000,False,,NODATA,25
rak,2011-03-24,0,0,,,3,33,0.0000,False,,NODATA,25
rak,2011-03-25,0,0,,,3,33,0.0000,False,,NODATA,25
rak,2011-03-26,4,0,1.4352,0.8743,3,33,0.1212,True,0.0000,QUIET,25
rak,2011-03-27,5,0,-0.1953,0.2791,3,33,0.1515,True,0.0000,QUIET,25
rak,2011-03-28,0,0,,,3,33,0.0000,False,,NODATA,25
rak,2011-03-29,0,0,,,3,33,0.0000,False,,NODATA,25
rak,2011-03-30,0,0,,,3,33,0.0000,False,,NODATA,25
rak,2011-03-31,0,0,,,3,33,0.0000,False,,NODATA,25
rak,2011-04-01,0,0,,,4,28,0.0000,False,,NODATA,25
rak,2011-04-02,0,0,,,4,28,0.0000,False,,NODATA,25
rak,2011-04-03,0,0,,,4,28,0.0000,False,,NODATA,25
rak,2011-04-04,0,0,,,4,28,0.0000,False,,NODATA,25
rak,2011-04-05,0,0,,,4,28,0.0000,False,,NODATA,25
rak,2011-04-06,0,0,,,4,28,0.0000,False,,NODATA,25
rak,2011-04-07,0,0,,,4,28,0.0000,False,,NODATA,25
rak,2011-04-08,0,0,,,4,28,0.0000,False,,NODATA,25
rak,2011-04-09,0,0,,,4,28,0.0000,False,,NODATA,25
rak,2011-04-10,0,0,,,4,28,0.0000,False,,NODATA,25
rak,2011-04-11,0,0,,,4,28,0.0000,False,,NODATA,25
rak,2011-04-12,0,0,,,4,28,0.0000,False,,NODATA,25
rak,2011-04-13,0,0,,,4,28,0.0000,False,,NODATA,25
rak,2011-04-14,0,0,,,4,28,0.0000,False,,NODATA,25
rak,2011-04-15,0,0,,,4,28,0.0000,False,,NODATA,25
rak,2011-04-16,0,0,,,4,28,0.0000,False,,NODATA,25
rak,2011-04-17,0,0,,,4,28,0.0000,False,,NODATA,25
rak,2011-04-18,0,0,,,4,28,0.0000,False,,NODATA,25
rak,2011-04-19,0,0,,,4,28,0.0000,False,,NODATA,25
rak,2011-04-20,24,14,4.8185,1.3890,4,28,0.8571,True,0.5833,EXCEED,25
rak,2011-04-21,0,0,,,4,28,0.0000,False,,NODATA,25
rak,2011-04-22,0,0,,,4,28,0.0000,False,,NODATA,25
rak,2011-04-23,0,0,,,4,28,0.0000,False,,NODATA,25
rak,2011-04-24,0,0,,,4,28,0.0000,False,,NODATA,25
rak,2011-04-25,0,0,,,4,28,0.0000,False,,NODATA,25
rak,2011-04-26,0,0,,,4,28,0.0000,False,,NODATA,25
rak,2011-04-27,0,0,,,4,28,0.0000,False,,NODATA,25
rak,2011-04-28,0,0,,,4,28,0.0000,False,,NODATA,25
rak,2011-04-29,23,0,0.6033,0.0915,4,28,0.8214,True,0.0000,QUIET,25
rak,2011-04-30,0,0,,,4,28,0.0000,False,,NODATA,25
rak,2011-05-01,0,0,,,5,24,0.0000,False,,NODATA,25
rak,2011-05-02,0,0,,,5,24,0.0000,False,,NODATA,25
rak,2011-05-03,0,0,,,5,24,0.0000,False,,NODATA,25
rak,2011-05-04,0,0,,,5,24,0.0000,False,,NODATA,25
rak,2011-05-05,0,0,,,5,24,0.0000,False,,NODATA,25
rak,2011-05-06,0,0,,,5,24,0.0000,False,,NODATA,25
rak,2011-05-07,0,0,,,5,24,0.0000,False,,NODATA,25
rak,2011-05-08,0,0,,,5,24,0.0000,False,,NODATA,25
rak,2011-05-09,0,0,,,5,24,0.0000,False,,NODATA,25
rak,2011-05-10,0,0,,,5,24,0.0000,False,,NODATA,25
rak,2011-05-11,0,0,,,5,24,0.0000,False,,NODATA,25
rak,2011-05-12,0,0,,,5,24,0.0000,False,,NODATA,25
rak,2011-05-13,0,0,,,5,24,0.0000,False,,NODATA,25
rak,2011-05-14,0,0,,,5,24,0.0000,False,,NODATA,25
rak,2011-05-15,0,0,,,5,24,0.0000,False,,NODATA,25
rak,2011-05-16,0,0,,,5,24,0.0000,False,,NODATA,25
rak,2011-05-17,0,0,,,5,24,0.0000,False,,NODATA,25
rak,2011-05-18,0,0,,,5,24,0.0000,False,,NODATA,25
rak,2011-05-19,0,0,,,5,24,0.0000,False,,NODATA,25
rak,2011-05-20,0,0,,,5,24,0.0000,False,,NODATA,25
rak,2011-05-21,0,0,,,5,24,0.0000,False,,NODATA,25
rak,2011-05-22,1,0,-0.9681,-0.3748,5,24,0.0417,False,,NODATA,25
rak,2011-05-23,0,0,,,5,24,0.0000,False,,NODATA,25
rak,2011-05-24,0,0,,,5,24,0.0000,False,,NODATA,25
rak,2011-05-25,0,0,,,5,24,0.0000,False,,NODATA,25
rak,2011-05-26,0,0,,,5,24,0.0000,False,,NODATA,25
rak,2011-05-27,0,0,,,5,24,0.0000,False,,NODATA,25
rak,2011-05-28,0,0,,,5,24,0.0000,False,,NODATA,25
rak,2011-05-29,0,0,,,5,24,0.0000,False,,NODATA,25
rak,2011-05-30,0,0,,,5,24,0.0000,False,,NODATA,25
rak,2011-05-31,0,0,,,5,24,0.0000,False,,NODATA,25
rak,2011-06-01,0,0,,,6,17,0.0000,False,,NODATA,25
rak,2011-06-02,0,0,,,6,17,0.0000,False,,NODATA,25
rak,2011-06-03,0,0,,,6,17,0.0000,False,,NODATA,25
rak,2011-06-04,0,0,,,6,17,0.0000,False,,NODATA,25
rak,2011-06-05,0,0,,,6,17,0.0000,False,,NODATA,25
rak,2011-06-06,0,0,,,6,17,0.0000,False,,NODATA,25
rak,2011-06-07,0,0,,,6,17,0.0000,False,,NODATA,25
rak,2011-06-08,0,0,,,6,17,0.0000,False,,NODATA,25
rak,2011-06-09,0,0,,,6,17,0.0000,False,,NODATA,25
rak,2011-06-10,0,0,,,6,17,0.0000,False,,NODATA,25
rak,2011-06-11,0,0,,,6,17,0.0000,False,,NODATA,25
rak,2011-06-12,0,0,,,6,17,0.0000,False,,NODATA,25
rak,2011-06-13,0,0,,,6,17,0.0000,False,,NODATA,25
rak,2011-06-14,0,0,,,6,17,0.0000,False,,NODATA,25
rak,2011-06-15,0,0,,,6,17,0.0000,False,,NODATA,25
rak,2011-06-16,0,0,,,6,17,0.0000,False,,NODATA,25
rak,2011-06-17,0,0,,,6,17,0.0000,False,,NODATA,25
rak,2011-06-18,0,0,,,6,17,0.0000,False,,NODATA,25
rak,2011-06-19,0,0,,,6,17,0.0000,False,,NODATA,25
rak,2011-06-20,0,0,,,6,17,0.0000,False,,NODATA,25
rak,2011-06-21,0,0,,,6,17,0.0000,False,,NODATA,25
rak,2011-06-22,0,0,,,6,17,0.0000,False,,NODATA,25
rak,2011-06-23,0,0,,,6,17,0.0000,False,,NODATA,25
rak,2011-06-24,0,0,,,6,17,0.0000,False,,NODATA,25
rak,2011-06-25,0,0,,,6,17,0.0000,False,,NODATA,25
rak,2011-06-26,0,0,,,6,17,0.0000,False,,NODATA,25
rak,2011-06-27,0,0,,,6,17,0.0000,False,,NODATA,25
rak,2011-06-28,0,0,,,6,17,0.0000,False,,NODATA,25
rak,2011-06-29,0,0,,,6,17,0.0000,False,,NODATA,25
rak,2011-06-30,0,0,,,6,17,0.0000,False,,NODATA,25
rak,2011-07-01,0,0,,,7,0,0.0000,False,,NODATA,25
rak,2011-07-02,0,0,,,7,0,0.0000,False,,NODATA,25
rak,2011-07-03,0,0,,,7,0,0.0000,False,,NODATA,25
rak,2011-07-04,0,0,,,7,0,0.0000,False,,NODATA,25
rak,2011-07-05,0,0,,,7,0,0.0000,False,,NODATA,25
rak,2011-07-06,0,0,,,7,0,0.0000,False,,NODATA,25
rak,2011-07-07,0,0,,,7,0,0.0000,False,,NODATA,25
rak,2011-07-08,0,0,,,7,0,0.0000,False,,NODATA,25
rak,2011-07-09,0,0,,,7,0,0.0000,False,,NODATA,25
rak,2011-07-10,0,0,,,7,0,0.0000,False,,NODATA,25
rak,2011-07-11,0,0,,,7,0,0.0000,False,,NODATA,25
rak,2011-07-12,0,0,,,7,0,0.0000,False,,NODATA,25
rak,2011-07-13,0,0,,,7,0,0.0000,False,,NODATA,25
rak,2011-07-14,0,0,,,7,0,0.0000,False,,NODATA,25
rak,2011-07-15,0,0,,,7,0,0.0000,False,,NODATA,25
rak,2011-07-16,0,0,,,7,0,0.0000,False,,NODATA,25
rak,2011-07-17,0,0,,,7,0,0.0000,False,,NODATA,25
rak,2011-07-18,0,0,,,7,0,0.0000,False,,NODATA,25
rak,2011-07-19,0,0,,,7,0,0.0000,False,,NODATA,25
rak,2011-07-20,0,0,,,7,0,0.0000,False,,NODATA,25
rak,2011-07-21,0,0,,,7,0,0.0000,False,,NODATA,25
rak,2011-07-22,0,0,,,7,0,0.0000,False,,NODATA,25
rak,2011-07-23,0,0,,,7,0,0.0000,False,,NODATA,25
rak,2011-07-24,0,0,,,7,0,0.0000,False,,NODATA,25
rak,2011-07-25,0,0,,,7,0,0.0000,False,,NODATA,25
rak,2011-07-26,0,0,,,7,0,0.0000,False,,NODATA,25
rak,2011-07-27,0,0,,,7,0,0.0000,False,,NODATA,25
rak,2011-07-28,0,0,,,7,0,0.0000,False,,NODATA,25
rak,2011-07-29,0,0,,,7,0,0.0000,False,,NODATA,25
rak,2011-07-30,0,0,,,7,0,0.0000,False,,NODATA,25
rak,2011-07-31,0,0,,,7,0,0.0000,False,,NODATA,25
rak,2011-08-01,0,0,,,8,0,0.0000,False,,NODATA,25
rak,2011-08-02,0,0,,,8,0,0.0000,False,,NODATA,25
rak,2011-08-03,0,0,,,8,0,0.0000,False,,NODATA,25
rak,2011-08-04,0,0,,,8,0,0.0000,False,,NODATA,25
rak,2011-08-05,0,0,,,8,0,0.0000,False,,NODATA,25
rak,2011-08-06,0,0,,,8,0,0.0000,False,,NODATA,25
rak,2011-08-07,0,0,,,8,0,0.0000,False,,NODATA,25
rak,2011-08-08,0,0,,,8,0,0.0000,False,,NODATA,25
rak,2011-08-09,0,0,,,8,0,0.0000,False,,NODATA,25
rak,2011-08-10,0,0,,,8,0,0.0000,False,,NODATA,25
rak,2011-08-11,0,0,,,8,0,0.0000,False,,NODATA,25
rak,2011-08-12,0,0,,,8,0,0.0000,False,,NODATA,25
rak,2011-08-13,0,0,,,8,0,0.0000,False,,NODATA,25
rak,2011-08-14,0,0,,,8,0,0.0000,False,,NODATA,25
rak,2011-08-15,0,0,,,8,0,0.0000,False,,NODATA,25
rak,2011-08-16,0,0,,,8,0,0.0000,False,,NODATA,25
rak,2011-08-17,0,0,,,8,0,0.0000,False,,NODATA,25
rak,2011-08-18,0,0,,,8,0,0.0000,False,,NODATA,25
rak,2011-08-19,0,0,,,8,0,0.0000,False,,NODATA,25
rak,2011-08-20,0,0,,,8,0,0.0000,False,,NODATA,25
rak,2011-08-21,0,0,,,8,0,0.0000,False,,NODATA,25
rak,2011-08-22,0,0,,,8,0,0.0000,False,,NODATA,25
rak,2011-08-23,0,0,,,8,0,0.0000,False,,NODATA,25
rak,2011-08-24,0,0,,,8,0,0.0000,False,,NODATA,25
rak,2011-08-25,0,0,,,8,0,0.0000,False,,NODATA,25
rak,2011-08-26,0,0,,,8,0,0.0000,False,,NODATA,25
rak,2011-08-27,0,0,,,8,0,0.0000,False,,NODATA,25
rak,2011-08-28,0,0,,,8,0,0.0000,False,,NODATA,25
rak,2011-08-29,0,0,,,8,0,0.0000,False,,NODATA,25
rak,2011-08-30,0,0,,,8,0,0.0000,False,,NODATA,25
rak,2011-08-31,0,0,,,8,0,0.0000,False,,NODATA,25
rak,2011-09-01,0,0,,,9,27,0.0000,False,,NODATA,25
rak,2011-09-02,27,1,2.2458,0.0444,9,27,1.0000,True,0.0370,QUIET,25
rak,2011-09-03,0,0,,,9,27,0.0000,False,,NODATA,25
rak,2011-09-04,17,0,-1.0435,-0.4203,9,27,0.6296,True,0.0000,QUIET,25
rak,2011-09-05,0,0,,,9,27,0.0000,False,,NODATA,25
rak,2011-09-06,0,0,,,9,27,0.0000,False,,NODATA,25
rak,2011-09-07,0,0,,,9,27,0.0000,False,,NODATA,25
rak,2011-09-08,0,0,,,9,27,0.0000,False,,NODATA,25
rak,2011-09-09,0,0,,,9,27,0.0000,False,,NODATA,25
rak,2011-09-10,0,0,,,9,27,0.0000,False,,NODATA,25
rak,2011-09-11,7,0,1.1782,-0.2130,9,27,0.2593,True,0.0000,QUIET,25
rak,2011-09-12,0,0,,,9,27,0.0000,False,,NODATA,25
rak,2011-09-13,0,0,,,9,27,0.0000,False,,NODATA,25
rak,2011-09-14,0,0,,,9,27,0.0000,False,,NODATA,25
rak,2011-09-15,0,0,,,9,27,0.0000,False,,NODATA,25
rak,2011-09-16,0,0,,,9,27,0.0000,False,,NODATA,25
rak,2011-09-17,0,0,,,9,27,0.0000,False,,NODATA,25
rak,2011-09-18,0,0,,,9,27,0.0000,False,,NODATA,25
rak,2011-09-19,0,0,,,9,27,0.0000,False,,NODATA,25
rak,2011-09-20,0,0,,,9,27,0.0000,False,,NODATA,25
rak,2011-09-21,0,0,,,9,27,0.0000,False,,NODATA,25
rak,2011-09-22,3,1,2.2500,0.4195,9,27,0.1111,True,0.3333,QUIET,25
rak,2011-09-23,0,0,,,9,27,0.0000,False,,NODATA,25
rak,2011-09-24,0,0,,,9,27,0.0000,False,,NODATA,25
rak,2011-09-25,0,0,,,9,27,0.0000,False,,NODATA,25
rak,2011-09-26,0,0,,,9,27,0.0000,False,,NODATA,25
rak,2011-09-27,0,0,,,9,27,0.0000,False,,NODATA,25
rak,2011-09-28,0,0,,,9,27,0.0000,False,,NODATA,25
rak,2011-09-29,0,0,,,9,27,0.0000,False,,NODATA,25
rak,2011-09-30,0,0,,,9,27,0.0000,False,,NODATA,25
rak,2011-10-01,0,0,,,10,33,0.0000,False,,NODATA,25
rak,2011-10-02,0,0,,,10,33,0.0000,False,,NODATA,25
rak,2011-10-03,0,0,,,10,33,0.0000,False,,NODATA,25
rak,2011-10-04,0,0,,,10,33,0.0000,False,,NODATA,25
rak,2011-10-05,0,0,,,10,33,0.0000,False,,NODATA,25
rak,2011-10-06,0,0,,,10,33,0.0000,False,,NODATA,25
rak,2011-10-07,0,0,,,10,33,0.0000,False,,NODATA,25
rak,2011-10-08,0,0,,,10,33,0.0000,False,,NODATA,25
rak,2011-10-09,0,0,,,10,33,0.0000,False,,NODATA,25
rak,2011-10-10,0,0,,,10,33,0.0000,False,,NODATA,25
rak,2011-10-11,0,0,,,10,33,0.0000,False,,NODATA,25
rak,2011-10-12,0,0,,,10,33,0.0000,False,,NODATA,25
rak,2011-10-13,12,0,0.4932,0.2897,10,33,0.3636,True,0.0000,QUIET,25
rak,2011-10-14,0,0,,,10,33,0.0000,False,,NODATA,25
rak,2011-10-15,33,0,0.2380,0.0901,10,33,1.0000,True,0.0000,QUIET,25
rak,2011-10-16,0,0,,,10,33,0.0000,False,,NODATA,25
rak,2011-10-17,0,0,,,10,33,0.0000,False,,NODATA,25
rak,2011-10-18,0,0,,,10,33,0.0000,False,,NODATA,25
rak,2011-10-19,0,0,,,10,33,0.0000,False,,NODATA,25
rak,2011-10-20,0,0,,,10,33,0.0000,False,,NODATA,25
rak,2011-10-21,0,0,,,10,33,0.0000,False,,NODATA,25
rak,2011-10-22,0,0,,,10,33,0.0000,False,,NODATA,25
rak,2011-10-23,0,0,,,10,33,0.0000,False,,NODATA,25
rak,2011-10-24,0,0,,,10,33,0.0000,False,,NODATA,25
rak,2011-10-25,0,0,,,10,33,0.0000,False,,NODATA,25
rak,2011-10-26,0,0,,,10,33,0.0000,False,,NODATA,25
rak,2011-10-27,6,2,2.3865,1.0688,10,33,0.1818,True,0.3333,QUIET,25
rak,2011-10-28,0,0,,,10,33,0.0000,False,,NODATA,25
rak,2011-10-29,33,13,3.9510,0.9789,10,33,1.0000,True,0.3939,QUIET,25
rak,2011-10-30,0,0,,,10,33,0.0000,False,,NODATA,25
rak,2011-10-31,33,0,1.7194,0.6358,10,33,1.0000,True,0.0000,QUIET,25
rak,2011-11-01,0,0,,,11,34,0.0000,False,,NODATA,25
rak,2011-11-02,5,0,0.5949,0.3275,11,34,0.1471,True,0.0000,QUIET,25
rak,2011-11-03,0,0,,,11,34,0.0000,False,,NODATA,25
rak,2011-11-04,12,0,-1.0533,-0.1141,11,34,0.3529,True,0.0000,QUIET,25
rak,2011-11-05,20,6,2.6590,1.2132,11,34,0.5882,True,0.3000,QUIET,25
rak,2011-11-06,0,0,,,11,34,0.0000,False,,NODATA,25
rak,2011-11-07,0,0,,,11,34,0.0000,False,,NODATA,25
rak,2011-11-08,0,0,,,11,34,0.0000,False,,NODATA,25
rak,2011-11-09,33,0,-0.6734,-0.0739,11,34,0.9706,True,0.0000,QUIET,25
rak,2011-11-10,15,0,1.7287,0.3311,11,34,0.4412,True,0.0000,QUIET,25
rak,2011-11-11,33,0,-0.4483,0.1008,11,34,0.9706,True,0.0000,QUIET,25
rak,2011-11-12,27,0,0.0821,0.1978,11,34,0.7941,True,0.0000,QUIET,25
rak,2011-11-13,13,0,-0.1099,0.3767,11,34,0.3824,True,0.0000,QUIET,25
rak,2011-11-14,33,0,1.0387,0.0289,11,34,0.9706,True,0.0000,QUIET,25
rak,2011-11-15,0,0,,,11,34,0.0000,False,,NODATA,25
rak,2011-11-16,33,0,1.1822,-0.0128,11,34,0.9706,True,0.0000,QUIET,25
rak,2011-11-17,0,0,,,11,34,0.0000,False,,NODATA,25
rak,2011-11-18,33,0,1.0464,0.3596,11,34,0.9706,True,0.0000,QUIET,25
rak,2011-11-19,0,0,,,11,34,0.0000,False,,NODATA,25
rak,2011-11-20,15,0,-0.4558,-0.1673,11,34,0.4412,True,0.0000,QUIET,25
rak,2011-11-21,30,0,0.4854,0.2004,11,34,0.8824,True,0.0000,QUIET,25
rak,2011-11-22,0,0,,,11,34,0.0000,False,,NODATA,25
rak,2011-11-23,0,0,,,11,34,0.0000,False,,NODATA,25
rak,2011-11-24,0,0,,,11,34,0.0000,False,,NODATA,25
rak,2011-11-25,0,0,,,11,34,0.0000,False,,NODATA,25
rak,2011-11-26,0,0,,,11,34,0.0000,False,,NODATA,25
rak,2011-11-27,0,0,,,11,34,0.0000,False,,NODATA,25
rak,2011-11-28,0,0,,,11,34,0.0000,False,,NODATA,25
rak,2011-11-29,0,0,,,11,34,0.0000,False,,NODATA,25
rak,2011-11-30,5,3,2.6990,1.2590,11,34,0.1471,True,0.6000,EXCEED,25
rak,2011-12-01,0,0,,,12,33,0.0000,False,,NODATA,25
rak,2011-12-02,33,0,1.3625,0.1032,12,33,1.0000,True,0.0000,QUIET,25
rak,2011-12-03,0,0,,,12,33,0.0000,False,,NODATA,25
rak,2011-12-04,33,0,0.0663,0.2561,12,33,1.0000,True,0.0000,QUIET,25
rak,2011-12-05,0,0,,,12,33,0.0000,False,,NODATA,25
rak,2011-12-06,7,0,0.4335,0.4206,12,33,0.2121,True,0.0000,QUIET,25
rak,2011-12-07,0,0,,,12,33,0.0000,False,,NODATA,25
rak,2011-12-08,6,0,0.6167,0.4567,12,33,0.1818,True,0.0000,QUIET,25
rak,2011-12-09,33,0,0.5479,0.3810,12,33,1.0000,True,0.0000,QUIET,25
rak,2011-12-10,0,0,,,12,33,0.0000,False,,NODATA,25
rak,2011-12-11,33,0,0.7626,0.3101,12,33,1.0000,True,0.0000,QUIET,25
rak,2011-12-12,1,0,-1.2427,-0.1086,12,33,0.0303,False,,NODATA,25
rak,2011-12-13,29,0,0.5013,0.1574,12,33,0.8788,True,0.0000,QUIET,25
rak,2011-12-14,26,0,0.4271,0.2045,12,33,0.7879,True,0.0000,QUIET,25
rak,2011-12-15,7,0,0.2047,0.0649,12,33,0.2121,True,0.0000,QUIET,25
rak,2011-12-16,33,0,0.4917,0.3193,12,33,1.0000,True,0.0000,QUIET,25
rak,2011-12-17,0,0,,,12,33,0.0000,False,,NODATA,25
rak,2011-12-18,28,0,0.2417,0.0983,12,33,0.8485,True,0.0000,QUIET,25
rak,2011-12-19,0,0,,,12,33,0.0000,False,,NODATA,25
rak,2011-12-20,8,0,0.9167,0.5621,12,33,0.2424,True,0.0000,QUIET,25
rak,2011-12-21,11,1,2.5985,0.2628,12,33,0.3333,True,0.0909,QUIET,25
rak,2011-12-22,31,0,-0.4639,0.0323,12,33,0.9394,True,0.0000,QUIET,25
rak,2011-12-23,30,0,0.5784,0.1291,12,33,0.9091,True,0.0000,QUIET,25
rak,2011-12-24,22,0,-0.1960,0.0832,12,33,0.6667,True,0.0000,QUIET,25
rak,2011-12-25,20,0,0.0227,0.1431,12,33,0.6061,True,0.0000,QUIET,25
rak,2011-12-26,0,0,,,12,33,0.0000,False,,NODATA,25
rak,2011-12-27,7,0,0.9783,0.3724,12,33,0.2121,True,0.0000,QUIET,25
rak,2011-12-28,0,0,,,12,33,0.0000,False,,NODATA,25
rak,2011-12-29,0,0,,,12,33,0.0000,False,,NODATA,25
rak,2011-12-30,0,0,,,12,33,0.0000,False,,NODATA,25
rak,2011-12-31,0,0,,,12,33,0.0000,False,,NODATA,25
rak,2012-01-01,4,0,0.1254,0.4360,1,33,0.1212,True,0.0000,QUIET,25
rak,2012-01-02,0,0,,,1,33,0.0000,False,,NODATA,25
rak,2012-01-03,8,3,2.6238,1.0967,1,33,0.2424,True,0.3750,QUIET,25
rak,2012-01-04,0,0,,,1,33,0.0000,False,,NODATA,25
rak,2012-01-05,0,0,,,1,33,0.0000,False,,NODATA,25
rak,2012-01-06,0,0,,,1,33,0.0000,False,,NODATA,25
rak,2012-01-07,0,0,,,1,33,0.0000,False,,NODATA,25
rak,2012-01-08,0,0,,,1,33,0.0000,False,,NODATA,25
rak,2012-01-09,0,0,,,1,33,0.0000,False,,NODATA,25
rak,2012-01-10,2,0,1.3610,0.7099,1,33,0.0606,False,,NODATA,25
rak,2012-01-11,0,0,,,1,33,0.0000,False,,NODATA,25
rak,2012-01-12,30,0,1.2619,0.3458,1,33,0.9091,True,0.0000,QUIET,25
rak,2012-01-13,0,0,,,1,33,0.0000,False,,NODATA,25
rak,2012-01-14,0,0,,,1,33,0.0000,False,,NODATA,25
rak,2012-01-15,28,0,0.1535,0.2163,1,33,0.8485,True,0.0000,QUIET,25
rak,2012-01-16,25,0,-0.0731,0.2094,1,33,0.7576,True,0.0000,QUIET,25
rak,2012-01-17,33,0,1.7487,0.3160,1,33,1.0000,True,0.0000,QUIET,25
rak,2012-01-18,0,0,,,1,33,0.0000,False,,NODATA,25
rak,2012-01-19,33,0,0.9768,0.3700,1,33,1.0000,True,0.0000,QUIET,25
rak,2012-01-20,0,0,,,1,33,0.0000,False,,NODATA,25
rak,2012-01-21,33,0,0.5479,0.1170,1,33,1.0000,True,0.0000,QUIET,25
rak,2012-01-22,0,0,,,1,33,0.0000,False,,NODATA,25
rak,2012-01-23,0,0,,,1,33,0.0000,False,,NODATA,25
rak,2012-01-24,7,0,0.6595,0.5492,1,33,0.2121,True,0.0000,QUIET,25
rak,2012-01-25,0,0,,,1,33,0.0000,False,,NODATA,25
rak,2012-01-26,33,9,2.9147,1.1023,1,33,1.0000,True,0.2727,QUIET,25
rak,2012-01-27,0,0,,,1,33,0.0000,False,,NODATA,25
rak,2012-01-28,33,5,2.7880,0.7235,1,33,1.0000,True,0.1515,QUIET,25
rak,2012-01-29,13,6,3.0591,1.1982,1,33,0.3939,True,0.4615,EXCEED,25
rak,2012-01-30,32,0,1.0698,0.4408,1,33,0.9697,True,0.0000,QUIET,25
rak,2012-01-31,3,2,2.9040,1.3586,1,33,0.0909,False,,NODATA,25
rak,2012-02-01,0,0,,,2,33,0.0000,False,,NODATA,25
rak,2012-02-02,0,0,,,2,33,0.0000,False,,NODATA,25
rak,2012-02-03,0,0,,,2,33,0.0000,False,,NODATA,25
rak,2012-02-04,25,0,0.1552,0.3152,2,33,0.7576,True,0.0000,QUIET,25
rak,2012-02-05,0,0,,,2,33,0.0000,False,,NODATA,25
rak,2012-02-06,13,0,-0.1020,0.3121,2,33,0.3939,True,0.0000,QUIET,25
rak,2012-02-07,0,0,,,2,33,0.0000,False,,NODATA,25
rak,2012-02-08,0,0,,,2,33,0.0000,False,,NODATA,25
rak,2012-02-09,0,0,,,2,33,0.0000,False,,NODATA,25
rak,2012-02-10,0,0,,,2,33,0.0000,False,,NODATA,25
rak,2012-02-11,0,0,,,2,33,0.0000,False,,NODATA,25
rak,2012-02-12,0,0,,,2,33,0.0000,False,,NODATA,25
rak,2012-02-13,0,0,,,2,33,0.0000,False,,NODATA,25
rak,2012-02-14,0,0,,,2,33,0.0000,False,,NODATA,25
rak,2012-02-15,1,0,1.6393,1.2349,2,33,0.0303,False,,NODATA,25
rak,2012-02-16,0,0,,,2,33,0.0000,False,,NODATA,25
rak,2012-02-17,0,0,,,2,33,0.0000,False,,NODATA,25
rak,2012-02-18,0,0,,,2,33,0.0000,False,,NODATA,25
rak,2012-02-19,0,0,,,2,33,0.0000,False,,NODATA,25
rak,2012-02-20,18,8,3.4470,1.3868,2,33,0.5455,True,0.4444,EXCEED,25
rak,2012-02-21,0,0,,,2,33,0.0000,False,,NODATA,25
rak,2012-02-22,0,0,,,2,33,0.0000,False,,NODATA,25
rak,2012-02-23,0,0,,,2,33,0.0000,False,,NODATA,25
rak,2012-02-24,0,0,,,2,33,0.0000,False,,NODATA,25
rak,2012-02-25,0,0,,,2,33,0.0000,False,,NODATA,25
rak,2012-02-26,0,0,,,2,33,0.0000,False,,NODATA,25
rak,2012-02-27,33,0,1.1052,0.3112,2,33,1.0000,True,0.0000,QUIET,25
rak,2012-02-28,0,0,,,2,33,0.0000,False,,NODATA,25
rak,2012-02-29,31,0,0.2994,0.3158,2,33,0.9394,True,0.0000,QUIET,25
rak,2012-03-01,0,0,,,3,33,0.0000,False,,NODATA,25
rak,2012-03-02,0,0,,,3,33,0.0000,False,,NODATA,25
rak,2012-03-03,0,0,,,3,33,0.0000,False,,NODATA,25
rak,2012-03-04,12,0,0.5293,0.5439,3,33,0.3636,True,0.0000,QUIET,25
rak,2012-03-05,31,0,0.5446,0.5861,3,33,0.9394,True,0.0000,QUIET,25
rak,2012-03-06,0,0,,,3,33,0.0000,False,,NODATA,25
rak,2012-03-07,33,0,1.1127,0.5482,3,33,1.0000,True,0.0000,QUIET,25
rak,2012-03-08,0,0,,,3,33,0.0000,False,,NODATA,25
rak,2012-03-09,8,2,2.7443,1.2575,3,33,0.2424,True,0.2500,QUIET,25
rak,2012-03-10,21,1,2.1227,1.0511,3,33,0.6364,True,0.0476,QUIET,25
rak,2012-03-11,0,0,,,3,33,0.0000,False,,NODATA,25
rak,2012-03-12,0,0,,,3,33,0.0000,False,,NODATA,25
rak,2012-03-13,0,0,,,3,33,0.0000,False,,NODATA,25
rak,2012-03-14,0,0,,,3,33,0.0000,False,,NODATA,25
rak,2012-03-15,0,0,,,3,33,0.0000,False,,NODATA,25
rak,2012-03-16,1,0,0.2971,0.6627,3,33,0.0303,False,,NODATA,25
rak,2012-03-17,0,0,,,3,33,0.0000,False,,NODATA,25
rak,2012-03-18,0,0,,,3,33,0.0000,False,,NODATA,25
rak,2012-03-19,0,0,,,3,33,0.0000,False,,NODATA,25
rak,2012-03-20,0,0,,,3,33,0.0000,False,,NODATA,25
rak,2012-03-21,0,0,,,3,33,0.0000,False,,NODATA,25
rak,2012-03-22,0,0,,,3,33,0.0000,False,,NODATA,25
rak,2012-03-23,0,0,,,3,33,0.0000,False,,NODATA,25
rak,2012-03-24,0,0,,,3,33,0.0000,False,,NODATA,25
rak,2012-03-25,0,0,,,3,33,0.0000,False,,NODATA,25
rak,2012-03-26,0,0,,,3,33,0.0000,False,,NODATA,25
rak,2012-03-27,0,0,,,3,33,0.0000,False,,NODATA,25
rak,2012-03-28,0,0,,,3,33,0.0000,False,,NODATA,25
rak,2012-03-29,0,0,,,3,33,0.0000,False,,NODATA,25
rak,2012-03-30,0,0,,,3,33,0.0000,False,,NODATA,25
rak,2012-03-31,0,0,,,3,33,0.0000,False,,NODATA,25
rak,2012-04-01,0,0,,,4,28,0.0000,False,,NODATA,25
rak,2012-04-02,0,0,,,4,28,0.0000,False,,NODATA,25
rak,2012-04-03,0,0,,,4,28,0.0000,False,,NODATA,25
rak,2012-04-04,0,0,,,4,28,0.0000,False,,NODATA,25
rak,2012-04-05,0,0,,,4,28,0.0000,False,,NODATA,25
rak,2012-04-06,0,0,,,4,28,0.0000,False,,NODATA,25
rak,2012-04-07,0,0,,,4,28,0.0000,False,,NODATA,25
rak,2012-04-08,0,0,,,4,28,0.0000,False,,NODATA,25
rak,2012-04-09,0,0,,,4,28,0.0000,False,,NODATA,25
rak,2012-04-10,0,0,,,4,28,0.0000,False,,NODATA,25
rak,2012-04-11,0,0,,,4,28,0.0000,False,,NODATA,25
rak,2012-04-12,0,0,,,4,28,0.0000,False,,NODATA,25
rak,2012-04-13,0,0,,,4,28,0.0000,False,,NODATA,25
rak,2012-04-14,0,0,,,4,28,0.0000,False,,NODATA,25
rak,2012-04-15,0,0,,,4,28,0.0000,False,,NODATA,25
rak,2012-04-16,0,0,,,4,28,0.0000,False,,NODATA,25
rak,2012-04-17,0,0,,,4,28,0.0000,False,,NODATA,25
rak,2012-04-18,0,0,,,4,28,0.0000,False,,NODATA,25
rak,2012-04-19,0,0,,,4,28,0.0000,False,,NODATA,25
rak,2012-04-20,0,0,,,4,28,0.0000,False,,NODATA,25
rak,2012-04-21,0,0,,,4,28,0.0000,False,,NODATA,25
rak,2012-04-22,0,0,,,4,28,0.0000,False,,NODATA,25
rak,2012-04-23,0,0,,,4,28,0.0000,False,,NODATA,25
rak,2012-04-24,0,0,,,4,28,0.0000,False,,NODATA,25
rak,2012-04-25,0,0,,,4,28,0.0000,False,,NODATA,25
rak,2012-04-26,0,0,,,4,28,0.0000,False,,NODATA,25
rak,2012-04-27,0,0,,,4,28,0.0000,False,,NODATA,25
rak,2012-04-28,0,0,,,4,28,0.0000,False,,NODATA,25
rak,2012-04-29,0,0,,,4,28,0.0000,False,,NODATA,25
rak,2012-04-30,0,0,,,4,28,0.0000,False,,NODATA,25
rak,2012-05-01,0,0,,,5,24,0.0000,False,,NODATA,25
rak,2012-05-02,0,0,,,5,24,0.0000,False,,NODATA,25
rak,2012-05-03,0,0,,,5,24,0.0000,False,,NODATA,25
rak,2012-05-04,0,0,,,5,24,0.0000,False,,NODATA,25
rak,2012-05-05,0,0,,,5,24,0.0000,False,,NODATA,25
rak,2012-05-06,0,0,,,5,24,0.0000,False,,NODATA,25
rak,2012-05-07,0,0,,,5,24,0.0000,False,,NODATA,25
rak,2012-05-08,0,0,,,5,24,0.0000,False,,NODATA,25
rak,2012-05-09,0,0,,,5,24,0.0000,False,,NODATA,25
rak,2012-05-10,0,0,,,5,24,0.0000,False,,NODATA,25
rak,2012-05-11,0,0,,,5,24,0.0000,False,,NODATA,25
rak,2012-05-12,0,0,,,5,24,0.0000,False,,NODATA,25
rak,2012-05-13,0,0,,,5,24,0.0000,False,,NODATA,25
rak,2012-05-14,0,0,,,5,24,0.0000,False,,NODATA,25
rak,2012-05-15,0,0,,,5,24,0.0000,False,,NODATA,25
rak,2012-05-16,0,0,,,5,24,0.0000,False,,NODATA,25
rak,2012-05-17,0,0,,,5,24,0.0000,False,,NODATA,25
rak,2012-05-18,0,0,,,5,24,0.0000,False,,NODATA,25
rak,2012-05-19,0,0,,,5,24,0.0000,False,,NODATA,25
rak,2012-05-20,0,0,,,5,24,0.0000,False,,NODATA,25
rak,2012-05-21,0,0,,,5,24,0.0000,False,,NODATA,25
rak,2012-05-22,0,0,,,5,24,0.0000,False,,NODATA,25
rak,2012-05-23,0,0,,,5,24,0.0000,False,,NODATA,25
rak,2012-05-24,0,0,,,5,24,0.0000,False,,NODATA,25
rak,2012-05-25,0,0,,,5,24,0.0000,False,,NODATA,25
rak,2012-05-26,0,0,,,5,24,0.0000,False,,NODATA,25
rak,2012-05-27,0,0,,,5,24,0.0000,False,,NODATA,25
rak,2012-05-28,0,0,,,5,24,0.0000,False,,NODATA,25
rak,2012-05-29,0,0,,,5,24,0.0000,False,,NODATA,25
rak,2012-05-30,0,0,,,5,24,0.0000,False,,NODATA,25
rak,2012-05-31,0,0,,,5,24,0.0000,False,,NODATA,25
rak,2012-06-01,0,0,,,6,17,0.0000,False,,NODATA,25
rak,2012-06-02,0,0,,,6,17,0.0000,False,,NODATA,25
rak,2012-06-03,0,0,,,6,17,0.0000,False,,NODATA,25
rak,2012-06-04,0,0,,,6,17,0.0000,False,,NODATA,25
rak,2012-06-05,0,0,,,6,17,0.0000,False,,NODATA,25
rak,2012-06-06,0,0,,,6,17,0.0000,False,,NODATA,25
rak,2012-06-07,0,0,,,6,17,0.0000,False,,NODATA,25
rak,2012-06-08,0,0,,,6,17,0.0000,False,,NODATA,25
rak,2012-06-09,0,0,,,6,17,0.0000,False,,NODATA,25
rak,2012-06-10,0,0,,,6,17,0.0000,False,,NODATA,25
rak,2012-06-11,0,0,,,6,17,0.0000,False,,NODATA,25
rak,2012-06-12,0,0,,,6,17,0.0000,False,,NODATA,25
rak,2012-06-13,0,0,,,6,17,0.0000,False,,NODATA,25
rak,2012-06-14,0,0,,,6,17,0.0000,False,,NODATA,25
rak,2012-06-15,0,0,,,6,17,0.0000,False,,NODATA,25
rak,2012-06-16,0,0,,,6,17,0.0000,False,,NODATA,25
rak,2012-06-17,0,0,,,6,17,0.0000,False,,NODATA,25
rak,2012-06-18,16,0,-1.6614,-0.6406,6,17,0.9412,True,0.0000,QUIET,25
rak,2012-06-19,0,0,,,6,17,0.0000,False,,NODATA,25
rak,2012-06-20,0,0,,,6,17,0.0000,False,,NODATA,25
rak,2012-06-21,0,0,,,6,17,0.0000,False,,NODATA,25
rak,2012-06-22,0,0,,,6,17,0.0000,False,,NODATA,25
rak,2012-06-23,0,0,,,6,17,0.0000,False,,NODATA,25
rak,2012-06-24,0,0,,,6,17,0.0000,False,,NODATA,25
rak,2012-06-25,0,0,,,6,17,0.0000,False,,NODATA,25
rak,2012-06-26,0,0,,,6,17,0.0000,False,,NODATA,25
rak,2012-06-27,0,0,,,6,17,0.0000,False,,NODATA,25
rak,2012-06-28,0,0,,,6,17,0.0000,False,,NODATA,25
rak,2012-06-29,0,0,,,6,17,0.0000,False,,NODATA,25
rak,2012-06-30,0,0,,,6,17,0.0000,False,,NODATA,25
rak,2012-07-01,0,0,,,7,0,0.0000,False,,NODATA,25
rak,2012-07-02,0,0,,,7,0,0.0000,False,,NODATA,25
rak,2012-07-03,0,0,,,7,0,0.0000,False,,NODATA,25
rak,2012-07-04,0,0,,,7,0,0.0000,False,,NODATA,25
rak,2012-07-05,0,0,,,7,0,0.0000,False,,NODATA,25
rak,2012-07-06,0,0,,,7,0,0.0000,False,,NODATA,25
rak,2012-07-07,0,0,,,7,0,0.0000,False,,NODATA,25
rak,2012-07-08,0,0,,,7,0,0.0000,False,,NODATA,25
rak,2012-07-09,0,0,,,7,0,0.0000,False,,NODATA,25
rak,2012-07-10,0,0,,,7,0,0.0000,False,,NODATA,25
rak,2012-07-11,0,0,,,7,0,0.0000,False,,NODATA,25
rak,2012-07-12,0,0,,,7,0,0.0000,False,,NODATA,25
rak,2012-07-13,0,0,,,7,0,0.0000,False,,NODATA,25
rak,2012-07-14,0,0,,,7,0,0.0000,False,,NODATA,25
rak,2012-07-15,0,0,,,7,0,0.0000,False,,NODATA,25
rak,2012-07-16,0,0,,,7,0,0.0000,False,,NODATA,25
rak,2012-07-17,0,0,,,7,0,0.0000,False,,NODATA,25
rak,2012-07-18,0,0,,,7,0,0.0000,False,,NODATA,25
rak,2012-07-19,0,0,,,7,0,0.0000,False,,NODATA,25
rak,2012-07-20,0,0,,,7,0,0.0000,False,,NODATA,25
rak,2012-07-21,0,0,,,7,0,0.0000,False,,NODATA,25
rak,2012-07-22,0,0,,,7,0,0.0000,False,,NODATA,25
rak,2012-07-23,0,0,,,7,0,0.0000,False,,NODATA,25
rak,2012-07-24,0,0,,,7,0,0.0000,False,,NODATA,25
rak,2012-07-25,0,0,,,7,0,0.0000,False,,NODATA,25
rak,2012-07-26,0,0,,,7,0,0.0000,False,,NODATA,25
rak,2012-07-27,0,0,,,7,0,0.0000,False,,NODATA,25
rak,2012-07-28,0,0,,,7,0,0.0000,False,,NODATA,25
rak,2012-07-29,0,0,,,7,0,0.0000,False,,NODATA,25
rak,2012-07-30,0,0,,,7,0,0.0000,False,,NODATA,25
rak,2012-07-31,0,0,,,7,0,0.0000,False,,NODATA,25
rak,2012-08-01,0,0,,,8,0,0.0000,False,,NODATA,25
rak,2012-08-02,0,0,,,8,0,0.0000,False,,NODATA,25
rak,2012-08-03,0,0,,,8,0,0.0000,False,,NODATA,25
rak,2012-08-04,0,0,,,8,0,0.0000,False,,NODATA,25
rak,2012-08-05,0,0,,,8,0,0.0000,False,,NODATA,25
rak,2012-08-06,0,0,,,8,0,0.0000,False,,NODATA,25
rak,2012-08-07,0,0,,,8,0,0.0000,False,,NODATA,25
rak,2012-08-08,0,0,,,8,0,0.0000,False,,NODATA,25
rak,2012-08-09,0,0,,,8,0,0.0000,False,,NODATA,25
rak,2012-08-10,0,0,,,8,0,0.0000,False,,NODATA,25
rak,2012-08-11,0,0,,,8,0,0.0000,False,,NODATA,25
rak,2012-08-12,0,0,,,8,0,0.0000,False,,NODATA,25
rak,2012-08-13,0,0,,,8,0,0.0000,False,,NODATA,25
rak,2012-08-14,0,0,,,8,0,0.0000,False,,NODATA,25
rak,2012-08-15,0,0,,,8,0,0.0000,False,,NODATA,25
rak,2012-08-16,0,0,,,8,0,0.0000,False,,NODATA,25
rak,2012-08-17,0,0,,,8,0,0.0000,False,,NODATA,25
rak,2012-08-18,0,0,,,8,0,0.0000,False,,NODATA,25
rak,2012-08-19,0,0,,,8,0,0.0000,False,,NODATA,25
rak,2012-08-20,0,0,,,8,0,0.0000,False,,NODATA,25
rak,2012-08-21,0,0,,,8,0,0.0000,False,,NODATA,25
rak,2012-08-22,0,0,,,8,0,0.0000,False,,NODATA,25
rak,2012-08-23,0,0,,,8,0,0.0000,False,,NODATA,25
rak,2012-08-24,0,0,,,8,0,0.0000,False,,NODATA,25
rak,2012-08-25,0,0,,,8,0,0.0000,False,,NODATA,25
rak,2012-08-26,0,0,,,8,0,0.0000,False,,NODATA,25
rak,2012-08-27,0,0,,,8,0,0.0000,False,,NODATA,25
rak,2012-08-28,0,0,,,8,0,0.0000,False,,NODATA,25
rak,2012-08-29,0,0,,,8,0,0.0000,False,,NODATA,25
rak,2012-08-30,0,0,,,8,0,0.0000,False,,NODATA,25
rak,2012-08-31,0,0,,,8,0,0.0000,False,,NODATA,25
rak,2012-09-01,0,0,,,9,27,0.0000,False,,NODATA,25
rak,2012-09-02,0,0,,,9,27,0.0000,False,,NODATA,25
rak,2012-09-03,0,0,,,9,27,0.0000,False,,NODATA,25
rak,2012-09-04,0,0,,,9,27,0.0000,False,,NODATA,25
rak,2012-09-05,0,0,,,9,27,0.0000,False,,NODATA,25
rak,2012-09-06,0,0,,,9,27,0.0000,False,,NODATA,25
rak,2012-09-07,0,0,,,9,27,0.0000,False,,NODATA,25
rak,2012-09-08,0,0,,,9,27,0.0000,False,,NODATA,25
rak,2012-09-09,0,0,,,9,27,0.0000,False,,NODATA,25
rak,2012-09-10,0,0,,,9,27,0.0000,False,,NODATA,25
rak,2012-09-11,0,0,,,9,27,0.0000,False,,NODATA,25
rak,2012-09-12,0,0,,,9,27,0.0000,False,,NODATA,25
rak,2012-09-13,0,0,,,9,27,0.0000,False,,NODATA,25
rak,2012-09-14,0,0,,,9,27,0.0000,False,,NODATA,25
rak,2012-09-15,0,0,,,9,27,0.0000,False,,NODATA,25
rak,2012-09-16,0,0,,,9,27,0.0000,False,,NODATA,25
rak,2012-09-17,0,0,,,9,27,0.0000,False,,NODATA,25
rak,2012-09-18,0,0,,,9,27,0.0000,False,,NODATA,25
rak,2012-09-19,0,0,,,9,27,0.0000,False,,NODATA,25
rak,2012-09-20,0,0,,,9,27,0.0000,False,,NODATA,25
rak,2012-09-21,0,0,,,9,27,0.0000,False,,NODATA,25
rak,2012-09-22,0,0,,,9,27,0.0000,False,,NODATA,25
rak,2012-09-23,0,0,,,9,27,0.0000,False,,NODATA,25
rak,2012-09-24,0,0,,,9,27,0.0000,False,,NODATA,25
rak,2012-09-25,0,0,,,9,27,0.0000,False,,NODATA,25
rak,2012-09-26,0,0,,,9,27,0.0000,False,,NODATA,25
rak,2012-09-27,0,0,,,9,27,0.0000,False,,NODATA,25
rak,2012-09-28,0,0,,,9,27,0.0000,False,,NODATA,25
rak,2012-09-29,27,0,0.5513,-0.0997,9,27,1.0000,True,0.0000,QUIET,25
rak,2012-09-30,0,0,,,9,27,0.0000,False,,NODATA,25
rak,2012-10-01,7,0,-0.2454,0.0077,10,33,0.2121,True,0.0000,QUIET,25
rak,2012-10-02,0,0,,,10,33,0.0000,False,,NODATA,25
rak,2012-10-03,0,0,,,10,33,0.0000,False,,NODATA,25
rak,2012-10-04,21,0,0.7940,-0.1706,10,33,0.6364,True,0.0000,QUIET,25
rak,2012-10-05,29,0,0.4866,-0.2072,10,33,0.8788,True,0.0000,QUIET,25
rak,2012-10-06,32,0,0.3164,-0.2809,10,33,0.9697,True,0.0000,QUIET,25
rak,2012-10-07,15,0,-1.1827,-0.4726,10,33,0.4545,True,0.0000,QUIET,25
rak,2012-10-08,33,0,0.4271,-0.2158,10,33,1.0000,True,0.0000,QUIET,25
rak,2012-10-09,0,0,,,10,33,0.0000,False,,NODATA,25
rak,2012-10-10,20,0,-0.2429,-0.2102,10,33,0.6061,True,0.0000,QUIET,25
rak,2012-10-11,0,0,,,10,33,0.0000,False,,NODATA,25
rak,2012-10-12,0,0,,,10,33,0.0000,False,,NODATA,25
rak,2012-10-13,0,0,,,10,33,0.0000,False,,NODATA,25
rak,2012-10-14,0,0,,,10,33,0.0000,False,,NODATA,25
rak,2012-10-15,1,0,-1.0976,-0.0919,10,33,0.0303,False,,NODATA,25
rak,2012-10-16,0,0,,,10,33,0.0000,False,,NODATA,25
rak,2012-10-17,1,0,-0.8791,-0.1891,10,33,0.0303,False,,NODATA,25
rak,2012-10-18,0,0,,,10,33,0.0000,False,,NODATA,25
rak,2012-10-19,3,0,-0.8141,-0.2767,10,33,0.0909,False,,NODATA,25
rak,2012-10-20,0,0,,,10,33,0.0000,False,,NODATA,25
rak,2012-10-21,0,0,,,10,33,0.0000,False,,NODATA,25
rak,2012-10-22,0,0,,,10,33,0.0000,False,,NODATA,25
rak,2012-10-23,0,0,,,10,33,0.0000,False,,NODATA,25
rak,2012-10-24,0,0,,,10,33,0.0000,False,,NODATA,25
rak,2012-10-25,0,0,,,10,33,0.0000,False,,NODATA,25
rak,2012-10-26,14,0,-0.4197,0.1222,10,33,0.4242,True,0.0000,QUIET,25
rak,2012-10-27,0,0,,,10,33,0.0000,False,,NODATA,25
rak,2012-10-28,17,0,-1.0096,-0.3419,10,33,0.5152,True,0.0000,QUIET,25
rak,2012-10-29,0,0,,,10,33,0.0000,False,,NODATA,25
rak,2012-10-30,0,0,,,10,33,0.0000,False,,NODATA,25
rak,2012-10-31,32,0,-0.8924,-0.3304,10,33,0.9697,True,0.0000,QUIET,25
rak,2012-11-01,0,0,,,11,34,0.0000,False,,NODATA,25
rak,2012-11-02,34,0,-0.3679,0.0868,11,34,1.0000,True,0.0000,QUIET,25
rak,2012-11-03,0,0,,,11,34,0.0000,False,,NODATA,25
rak,2012-11-04,33,0,-0.8093,-0.1613,11,34,0.9706,True,0.0000,QUIET,25
rak,2012-11-05,6,0,-1.4786,-0.3666,11,34,0.1765,True,0.0000,QUIET,25
rak,2012-11-06,0,0,,,11,34,0.0000,False,,NODATA,25
rak,2012-11-07,24,0,-1.6028,-0.4408,11,34,0.7059,True,0.0000,QUIET,25
rak,2012-11-08,0,0,,,11,34,0.0000,False,,NODATA,25
rak,2012-11-09,9,0,0.7145,-0.1196,11,34,0.2647,True,0.0000,QUIET,25
rak,2012-11-10,0,0,,,11,34,0.0000,False,,NODATA,25
rak,2012-11-11,13,0,-0.8503,-0.3026,11,34,0.3824,True,0.0000,QUIET,25
rak,2012-11-12,0,0,,,11,34,0.0000,False,,NODATA,25
rak,2012-11-13,13,0,-1.2250,-0.2180,11,34,0.3824,True,0.0000,QUIET,25
rak,2012-11-14,0,0,,,11,34,0.0000,False,,NODATA,25
rak,2012-11-15,0,0,,,11,34,0.0000,False,,NODATA,25
rak,2012-11-16,27,0,-0.7363,-0.1521,11,34,0.7941,True,0.0000,QUIET,25
rak,2012-11-17,0,0,,,11,34,0.0000,False,,NODATA,25
rak,2012-11-18,34,0,-0.6518,-0.0788,11,34,1.0000,True,0.0000,QUIET,25
rak,2012-11-19,0,0,,,11,34,0.0000,False,,NODATA,25
rak,2012-11-20,0,0,,,11,34,0.0000,False,,NODATA,25
rak,2012-11-21,0,0,,,11,34,0.0000,False,,NODATA,25
rak,2012-11-22,0,0,,,11,34,0.0000,False,,NODATA,25
rak,2012-11-23,0,0,,,11,34,0.0000,False,,NODATA,25
rak,2012-11-24,0,0,,,11,34,0.0000,False,,NODATA,25
rak,2012-11-25,30,0,1.2012,0.5363,11,34,0.8824,True,0.0000,QUIET,25
rak,2012-11-26,0,0,,,11,34,0.0000,False,,NODATA,25
rak,2012-11-27,0,0,,,11,34,0.0000,False,,NODATA,25
rak,2012-11-28,3,0,-1.4166,-0.2872,11,34,0.0882,False,,NODATA,25
rak,2012-11-29,32,0,-0.4619,-0.0014,11,34,0.9412,True,0.0000,QUIET,25
rak,2012-11-30,0,0,,,11,34,0.0000,False,,NODATA,25
rak,2012-12-01,25,0,-1.0786,-0.1838,12,33,0.7576,True,0.0000,QUIET,25
rak,2012-12-02,33,0,-0.8195,-0.0328,12,33,1.0000,True,0.0000,QUIET,25
rak,2012-12-03,0,0,,,12,33,0.0000,False,,NODATA,25
rak,2012-12-04,32,0,-0.6211,-0.0449,12,33,0.9697,True,0.0000,QUIET,25
rak,2012-12-05,0,0,,,12,33,0.0000,False,,NODATA,25
rak,2012-12-06,0,0,,,12,33,0.0000,False,,NODATA,25
rak,2012-12-07,19,0,1.1555,0.4023,12,33,0.5758,True,0.0000,QUIET,25
rak,2012-12-08,19,0,-0.2118,0.1643,12,33,0.5758,True,0.0000,QUIET,25
rak,2012-12-09,31,0,1.6161,0.3780,12,33,0.9394,True,0.0000,QUIET,25
rak,2012-12-10,16,0,-0.5215,-0.0740,12,33,0.4848,True,0.0000,QUIET,25
rak,2012-12-11,33,0,1.4203,0.1552,12,33,1.0000,True,0.0000,QUIET,25
rak,2012-12-12,0,0,,,12,33,0.0000,False,,NODATA,25
rak,2012-12-13,31,0,-0.2156,-0.0705,12,33,0.9394,True,0.0000,QUIET,25
rak,2012-12-14,0,0,,,12,33,0.0000,False,,NODATA,25
rak,2012-12-15,0,0,,,12,33,0.0000,False,,NODATA,25
rak,2012-12-16,0,0,,,12,33,0.0000,False,,NODATA,25
rak,2012-12-17,0,0,,,12,33,0.0000,False,,NODATA,25
rak,2012-12-18,21,1,2.1042,0.6945,12,33,0.6364,True,0.0476,QUIET,25
rak,2012-12-19,0,0,,,12,33,0.0000,False,,NODATA,25
rak,2012-12-20,32,12,5.2553,1.0877,12,33,0.9697,True,0.3750,QUIET,25
rak,2012-12-21,0,0,,,12,33,0.0000,False,,NODATA,25
rak,2012-12-22,33,1,2.3347,0.5062,12,33,1.0000,True,0.0303,QUIET,25
rak,2012-12-23,6,3,3.6306,0.9615,12,33,0.1818,True,0.5000,EXCEED,25
rak,2012-12-24,21,0,1.3224,0.2231,12,33,0.6364,True,0.0000,QUIET,25
rak,2012-12-25,10,2,3.6625,0.5085,12,33,0.3030,True,0.2000,QUIET,25
rak,2012-12-26,0,0,,,12,33,0.0000,False,,NODATA,25
rak,2012-12-27,33,1,2.1738,0.2325,12,33,1.0000,True,0.0303,QUIET,25
rak,2012-12-28,0,0,,,12,33,0.0000,False,,NODATA,25
rak,2012-12-29,31,3,3.9249,0.2561,12,33,0.9394,True,0.0968,QUIET,25
rak,2012-12-30,14,0,-0.6497,0.0842,12,33,0.4242,True,0.0000,QUIET,25
rak,2012-12-31,23,0,-0.4288,0.1975,12,33,0.6970,True,0.0000,QUIET,25
rak,2013-01-01,27,0,0.8366,0.4090,1,33,0.8182,True,0.0000,QUIET,25
rak,2013-01-02,5,0,-0.5016,0.0593,1,33,0.1515,True,0.0000,QUIET,25
rak,2013-01-03,27,2,2.3726,0.6160,1,33,0.8182,True,0.0741,QUIET,25
rak,2013-01-04,0,0,,,1,33,0.0000,False,,NODATA,25
rak,2013-01-05,1,0,0.4620,0.5796,1,33,0.0303,False,,NODATA,25
rak,2013-01-06,0,0,,,1,33,0.0000,False,,NODATA,25
rak,2013-01-07,0,0,,,1,33,0.0000,False,,NODATA,25
rak,2013-01-08,0,0,,,1,33,0.0000,False,,NODATA,25
rak,2013-01-09,0,0,,,1,33,0.0000,False,,NODATA,25
rak,2013-01-10,0,0,,,1,33,0.0000,False,,NODATA,25
rak,2013-01-11,0,0,,,1,33,0.0000,False,,NODATA,25
rak,2013-01-12,14,0,0.4712,0.5096,1,33,0.4242,True,0.0000,QUIET,25
rak,2013-01-13,0,0,,,1,33,0.0000,False,,NODATA,25
rak,2013-01-14,22,0,0.4779,0.3004,1,33,0.6667,True,0.0000,QUIET,25
rak,2013-01-15,4,0,0.7602,0.4051,1,33,0.1212,True,0.0000,QUIET,25
rak,2013-01-16,8,0,-0.2298,0.3139,1,33,0.2424,True,0.0000,QUIET,25
rak,2013-01-17,26,0,0.3829,0.2312,1,33,0.7879,True,0.0000,QUIET,25
rak,2013-01-18,29,0,-0.1348,0.1389,1,33,0.8788,True,0.0000,QUIET,25
rak,2013-01-19,19,0,-0.0813,0.2427,1,33,0.5758,True,0.0000,QUIET,25
rak,2013-01-20,0,0,,,1,33,0.0000,False,,NODATA,25
rak,2013-01-21,21,0,-0.0596,0.2076,1,33,0.6364,True,0.0000,QUIET,25
rak,2013-01-22,0,0,,,1,33,0.0000,False,,NODATA,25
rak,2013-01-23,23,0,0.2849,0.2832,1,33,0.6970,True,0.0000,QUIET,25
rak,2013-01-24,13,0,1.6139,0.6391,1,33,0.3939,True,0.0000,QUIET,25
rak,2013-01-25,0,0,,,1,33,0.0000,False,,NODATA,25
rak,2013-01-26,0,0,,,1,33,0.0000,False,,NODATA,25
rak,2013-01-27,0,0,,,1,33,0.0000,False,,NODATA,25
rak,2013-01-28,1,1,4.3788,1.3413,1,33,0.0303,False,,NODATA,25
rak,2013-01-29,0,0,,,1,33,0.0000,False,,NODATA,25
rak,2013-01-30,0,0,,,1,33,0.0000,False,,NODATA,25
rak,2013-01-31,0,0,,,1,33,0.0000,False,,NODATA,25
rak,2013-02-01,0,0,,,2,33,0.0000,False,,NODATA,25
rak,2013-02-02,0,0,,,2,33,0.0000,False,,NODATA,25
rak,2013-02-03,0,0,,,2,33,0.0000,False,,NODATA,25
rak,2013-02-04,30,0,0.8751,0.7529,2,33,0.9091,True,0.0000,QUIET,25
rak,2013-02-05,0,0,,,2,33,0.0000,False,,NODATA,25
rak,2013-02-06,33,0,0.4139,0.2210,2,33,1.0000,True,0.0000,QUIET,25
rak,2013-02-07,0,0,,,2,33,0.0000,False,,NODATA,25
rak,2013-02-08,0,0,,,2,33,0.0000,False,,NODATA,25
rak,2013-02-09,13,0,0.7211,0.6416,2,33,0.3939,True,0.0000,QUIET,25
rak,2013-02-10,0,0,,,2,33,0.0000,False,,NODATA,25
rak,2013-02-11,0,0,,,2,33,0.0000,False,,NODATA,25
rak,2013-02-12,0,0,,,2,33,0.0000,False,,NODATA,25
rak,2013-02-13,0,0,,,2,33,0.0000,False,,NODATA,25
rak,2013-02-14,0,0,,,2,33,0.0000,False,,NODATA,25
rak,2013-02-15,32,0,0.4502,0.5561,2,33,0.9697,True,0.0000,QUIET,25
rak,2013-02-16,16,0,1.1214,0.5990,2,33,0.4848,True,0.0000,QUIET,25
rak,2013-02-17,0,0,,,2,33,0.0000,False,,NODATA,25
rak,2013-02-18,0,0,,,2,33,0.0000,False,,NODATA,25
rak,2013-02-19,0,0,,,2,33,0.0000,False,,NODATA,25
rak,2013-02-20,0,0,,,2,33,0.0000,False,,NODATA,25
rak,2013-02-21,0,0,,,2,33,0.0000,False,,NODATA,25
rak,2013-02-22,32,3,2.4048,0.9049,2,33,0.9697,True,0.0938,QUIET,25
rak,2013-02-23,0,0,,,2,33,0.0000,False,,NODATA,25
rak,2013-02-24,0,0,,,2,33,0.0000,False,,NODATA,25
rak,2013-02-25,0,0,,,2,33,0.0000,False,,NODATA,25
rak,2013-02-26,0,0,,,2,33,0.0000,False,,NODATA,25
rak,2013-02-27,0,0,,,2,33,0.0000,False,,NODATA,25
rak,2013-02-28,0,0,,,2,33,0.0000,False,,NODATA,25
rak,2013-03-01,32,5,2.7090,1.0908,3,33,0.9697,True,0.1562,QUIET,25
rak,2013-03-02,0,0,,,3,33,0.0000,False,,NODATA,25
rak,2013-03-03,9,0,1.7574,1.1801,3,33,0.2727,True,0.0000,QUIET,25
rak,2013-03-04,0,0,,,3,33,0.0000,False,,NODATA,25
rak,2013-03-05,0,0,,,3,33,0.0000,False,,NODATA,25
rak,2013-03-06,0,0,,,3,33,0.0000,False,,NODATA,25
rak,2013-03-07,0,0,,,3,33,0.0000,False,,NODATA,25
rak,2013-03-08,27,10,2.7417,1.1751,3,33,0.8182,True,0.3704,QUIET,25
rak,2013-03-09,0,0,,,3,33,0.0000,False,,NODATA,25
rak,2013-03-10,0,0,,,3,33,0.0000,False,,NODATA,25
rak,2013-03-11,0,0,,,3,33,0.0000,False,,NODATA,25
rak,2013-03-12,0,0,,,3,33,0.0000,False,,NODATA,25
rak,2013-03-13,0,0,,,3,33,0.0000,False,,NODATA,25
rak,2013-03-14,15,0,1.2237,0.9695,3,33,0.4545,True,0.0000,QUIET,25
rak,2013-03-15,25,0,1.7814,1.0796,3,33,0.7576,True,0.0000,QUIET,25
rak,2013-03-16,0,0,,,3,33,0.0000,False,,NODATA,25
rak,2013-03-17,1,0,0.1091,0.5028,3,33,0.0303,False,,NODATA,25
rak,2013-03-18,0,0,,,3,33,0.0000,False,,NODATA,25
rak,2013-03-19,0,0,,,3,33,0.0000,False,,NODATA,25
rak,2013-03-20,0,0,,,3,33,0.0000,False,,NODATA,25
rak,2013-03-21,0,0,,,3,33,0.0000,False,,NODATA,25
rak,2013-03-22,17,0,1.9467,0.1095,3,33,0.5152,True,0.0000,QUIET,25
rak,2013-03-23,9,0,-0.4149,0.2270,3,33,0.2727,True,0.0000,QUIET,25
rak,2013-03-24,0,0,,,3,33,0.0000,False,,NODATA,25
rak,2013-03-25,0,0,,,3,33,0.0000,False,,NODATA,25
rak,2013-03-26,11,0,0.7873,0.6182,3,33,0.3333,True,0.0000,QUIET,25
rak,2013-03-27,0,0,,,3,33,0.0000,False,,NODATA,25
rak,2013-03-28,0,0,,,3,33,0.0000,False,,NODATA,25
rak,2013-03-29,22,1,2.2617,0.4850,3,33,0.6667,True,0.0455,QUIET,25
rak,2013-03-30,0,0,,,3,33,0.0000,False,,NODATA,25
rak,2013-03-31,0,0,,,3,33,0.0000,False,,NODATA,25
rak,2013-04-01,0,0,,,4,28,0.0000,False,,NODATA,25
rak,2013-04-02,0,0,,,4,28,0.0000,False,,NODATA,25
rak,2013-04-03,0,0,,,4,28,0.0000,False,,NODATA,25
rak,2013-04-04,0,0,,,4,28,0.0000,False,,NODATA,25
rak,2013-04-05,0,0,,,4,28,0.0000,False,,NODATA,25
rak,2013-04-06,0,0,,,4,28,0.0000,False,,NODATA,25
rak,2013-04-07,0,0,,,4,28,0.0000,False,,NODATA,25
rak,2013-04-08,0,0,,,4,28,0.0000,False,,NODATA,25
rak,2013-04-09,26,2,2.2822,0.7242,4,28,0.9286,True,0.0769,QUIET,25
rak,2013-04-10,0,0,,,4,28,0.0000,False,,NODATA,25
rak,2013-04-11,0,0,,,4,28,0.0000,False,,NODATA,25
rak,2013-04-12,0,0,,,4,28,0.0000,False,,NODATA,25
rak,2013-04-13,0,0,,,4,28,0.0000,False,,NODATA,25
rak,2013-04-14,0,0,,,4,28,0.0000,False,,NODATA,25
rak,2013-04-15,0,0,,,4,28,0.0000,False,,NODATA,25
rak,2013-04-16,0,0,,,4,28,0.0000,False,,NODATA,25
rak,2013-04-17,0,0,,,4,28,0.0000,False,,NODATA,25
rak,2013-04-18,0,0,,,4,28,0.0000,False,,NODATA,25
rak,2013-04-19,0,0,,,4,28,0.0000,False,,NODATA,25
rak,2013-04-20,0,0,,,4,28,0.0000,False,,NODATA,25
rak,2013-04-21,0,0,,,4,28,0.0000,False,,NODATA,25
rak,2013-04-22,0,0,,,4,28,0.0000,False,,NODATA,25
rak,2013-04-23,0,0,,,4,28,0.0000,False,,NODATA,25
rak,2013-04-24,0,0,,,4,28,0.0000,False,,NODATA,25
rak,2013-04-25,28,0,-0.0728,-0.2431,4,28,1.0000,True,0.0000,QUIET,25
rak,2013-04-26,0,0,,,4,28,0.0000,False,,NODATA,25
rak,2013-04-27,0,0,,,4,28,0.0000,False,,NODATA,25
rak,2013-04-28,0,0,,,4,28,0.0000,False,,NODATA,25
rak,2013-04-29,0,0,,,4,28,0.0000,False,,NODATA,25
rak,2013-04-30,0,0,,,4,28,0.0000,False,,NODATA,25
rak,2013-05-01,0,0,,,5,24,0.0000,False,,NODATA,25
rak,2013-05-02,0,0,,,5,24,0.0000,False,,NODATA,25
rak,2013-05-03,0,0,,,5,24,0.0000,False,,NODATA,25
rak,2013-05-04,2,0,0.5016,0.0681,5,24,0.0833,False,,NODATA,25
rak,2013-05-05,0,0,,,5,24,0.0000,False,,NODATA,25
rak,2013-05-06,0,0,,,5,24,0.0000,False,,NODATA,25
rak,2013-05-07,0,0,,,5,24,0.0000,False,,NODATA,25
rak,2013-05-08,0,0,,,5,24,0.0000,False,,NODATA,25
rak,2013-05-09,0,0,,,5,24,0.0000,False,,NODATA,25
rak,2013-05-10,0,0,,,5,24,0.0000,False,,NODATA,25
rak,2013-05-11,4,0,-1.0961,-0.3380,5,24,0.1667,True,0.0000,QUIET,25
rak,2013-05-12,0,0,,,5,24,0.0000,False,,NODATA,25
rak,2013-05-13,0,0,,,5,24,0.0000,False,,NODATA,25
rak,2013-05-14,0,0,,,5,24,0.0000,False,,NODATA,25
rak,2013-05-15,0,0,,,5,24,0.0000,False,,NODATA,25
rak,2013-05-16,4,0,1.3948,0.2422,5,24,0.1667,True,0.0000,QUIET,25
rak,2013-05-17,0,0,,,5,24,0.0000,False,,NODATA,25
rak,2013-05-18,24,0,-0.1766,-0.2127,5,24,1.0000,True,0.0000,QUIET,25
rak,2013-05-19,0,0,,,5,24,0.0000,False,,NODATA,25
rak,2013-05-20,0,0,,,5,24,0.0000,False,,NODATA,25
rak,2013-05-21,0,0,,,5,24,0.0000,False,,NODATA,25
rak,2013-05-22,0,0,,,5,24,0.0000,False,,NODATA,25
rak,2013-05-23,0,0,,,5,24,0.0000,False,,NODATA,25
rak,2013-05-24,0,0,,,5,24,0.0000,False,,NODATA,25
rak,2013-05-25,0,0,,,5,24,0.0000,False,,NODATA,25
rak,2013-05-26,0,0,,,5,24,0.0000,False,,NODATA,25
rak,2013-05-27,0,0,,,5,24,0.0000,False,,NODATA,25
rak,2013-05-28,0,0,,,5,24,0.0000,False,,NODATA,25
rak,2013-05-29,0,0,,,5,24,0.0000,False,,NODATA,25
rak,2013-05-30,0,0,,,5,24,0.0000,False,,NODATA,25
rak,2013-05-31,0,0,,,5,24,0.0000,False,,NODATA,25
rak,2013-06-01,2,0,-0.1675,-0.0719,6,17,0.1176,True,0.0000,QUIET,25
rak,2013-06-02,0,0,,,6,17,0.0000,False,,NODATA,25
rak,2013-06-03,0,0,,,6,17,0.0000,False,,NODATA,25
rak,2013-06-04,0,0,,,6,17,0.0000,False,,NODATA,25
rak,2013-06-05,0,0,,,6,17,0.0000,False,,NODATA,25
rak,2013-06-06,0,0,,,6,17,0.0000,False,,NODATA,25
rak,2013-06-07,0,0,,,6,17,0.0000,False,,NODATA,25
rak,2013-06-08,0,0,,,6,17,0.0000,False,,NODATA,25
rak,2013-06-09,0,0,,,6,17,0.0000,False,,NODATA,25
rak,2013-06-10,0,0,,,6,17,0.0000,False,,NODATA,25
rak,2013-06-11,0,0,,,6,17,0.0000,False,,NODATA,25
rak,2013-06-12,0,0,,,6,17,0.0000,False,,NODATA,25
rak,2013-06-13,0,0,,,6,17,0.0000,False,,NODATA,25
rak,2013-06-14,0,0,,,6,17,0.0000,False,,NODATA,25
rak,2013-06-15,0,0,,,6,17,0.0000,False,,NODATA,25
rak,2013-06-16,0,0,,,6,17,0.0000,False,,NODATA,25
rak,2013-06-17,0,0,,,6,17,0.0000,False,,NODATA,25
rak,2013-06-18,0,0,,,6,17,0.0000,False,,NODATA,25
rak,2013-06-19,0,0,,,6,17,0.0000,False,,NODATA,25
rak,2013-06-20,0,0,,,6,17,0.0000,False,,NODATA,25
rak,2013-06-21,0,0,,,6,17,0.0000,False,,NODATA,25
rak,2013-06-22,0,0,,,6,17,0.0000,False,,NODATA,25
rak,2013-06-23,0,0,,,6,17,0.0000,False,,NODATA,25
rak,2013-06-24,0,0,,,6,17,0.0000,False,,NODATA,25
rak,2013-06-25,0,0,,,6,17,0.0000,False,,NODATA,25
rak,2013-06-26,0,0,,,6,17,0.0000,False,,NODATA,25
rak,2013-06-27,0,0,,,6,17,0.0000,False,,NODATA,25
rak,2013-06-28,0,0,,,6,17,0.0000,False,,NODATA,25
rak,2013-06-29,0,0,,,6,17,0.0000,False,,NODATA,25
rak,2013-06-30,0,0,,,6,17,0.0000,False,,NODATA,25
rak,2013-07-01,0,0,,,7,0,0.0000,False,,NODATA,25
rak,2013-07-02,0,0,,,7,0,0.0000,False,,NODATA,25
rak,2013-07-03,0,0,,,7,0,0.0000,False,,NODATA,25
rak,2013-07-04,0,0,,,7,0,0.0000,False,,NODATA,25
rak,2013-07-05,0,0,,,7,0,0.0000,False,,NODATA,25
rak,2013-07-06,0,0,,,7,0,0.0000,False,,NODATA,25
rak,2013-07-07,0,0,,,7,0,0.0000,False,,NODATA,25
rak,2013-07-08,0,0,,,7,0,0.0000,False,,NODATA,25
rak,2013-07-09,0,0,,,7,0,0.0000,False,,NODATA,25
rak,2013-07-10,0,0,,,7,0,0.0000,False,,NODATA,25
rak,2013-07-11,0,0,,,7,0,0.0000,False,,NODATA,25
rak,2013-07-12,0,0,,,7,0,0.0000,False,,NODATA,25
rak,2013-07-13,0,0,,,7,0,0.0000,False,,NODATA,25
rak,2013-07-14,0,0,,,7,0,0.0000,False,,NODATA,25
rak,2013-07-15,0,0,,,7,0,0.0000,False,,NODATA,25
rak,2013-07-16,0,0,,,7,0,0.0000,False,,NODATA,25
rak,2013-07-17,0,0,,,7,0,0.0000,False,,NODATA,25
rak,2013-07-18,0,0,,,7,0,0.0000,False,,NODATA,25
rak,2013-07-19,0,0,,,7,0,0.0000,False,,NODATA,25
rak,2013-07-20,0,0,,,7,0,0.0000,False,,NODATA,25
rak,2013-07-21,0,0,,,7,0,0.0000,False,,NODATA,25
rak,2013-07-22,0,0,,,7,0,0.0000,False,,NODATA,25
rak,2013-07-23,0,0,,,7,0,0.0000,False,,NODATA,25
rak,2013-07-24,0,0,,,7,0,0.0000,False,,NODATA,25
rak,2013-07-25,0,0,,,7,0,0.0000,False,,NODATA,25
rak,2013-07-26,0,0,,,7,0,0.0000,False,,NODATA,25
rak,2013-07-27,0,0,,,7,0,0.0000,False,,NODATA,25
rak,2013-07-28,0,0,,,7,0,0.0000,False,,NODATA,25
rak,2013-07-29,0,0,,,7,0,0.0000,False,,NODATA,25
rak,2013-07-30,0,0,,,7,0,0.0000,False,,NODATA,25
rak,2013-07-31,0,0,,,7,0,0.0000,False,,NODATA,25
rak,2013-08-01,0,0,,,8,0,0.0000,False,,NODATA,25
rak,2013-08-02,0,0,,,8,0,0.0000,False,,NODATA,25
rak,2013-08-03,0,0,,,8,0,0.0000,False,,NODATA,25
rak,2013-08-04,0,0,,,8,0,0.0000,False,,NODATA,25
rak,2013-08-05,0,0,,,8,0,0.0000,False,,NODATA,25
rak,2013-08-06,0,0,,,8,0,0.0000,False,,NODATA,25
rak,2013-08-07,0,0,,,8,0,0.0000,False,,NODATA,25
rak,2013-08-08,0,0,,,8,0,0.0000,False,,NODATA,25
rak,2013-08-09,0,0,,,8,0,0.0000,False,,NODATA,25
rak,2013-08-10,0,0,,,8,0,0.0000,False,,NODATA,25
rak,2013-08-11,0,0,,,8,0,0.0000,False,,NODATA,25
rak,2013-08-12,0,0,,,8,0,0.0000,False,,NODATA,25
rak,2013-08-13,0,0,,,8,0,0.0000,False,,NODATA,25
rak,2013-08-14,0,0,,,8,0,0.0000,False,,NODATA,25
rak,2013-08-15,0,0,,,8,0,0.0000,False,,NODATA,25
rak,2013-08-16,0,0,,,8,0,0.0000,False,,NODATA,25
rak,2013-08-17,0,0,,,8,0,0.0000,False,,NODATA,25
rak,2013-08-18,0,0,,,8,0,0.0000,False,,NODATA,25
rak,2013-08-19,0,0,,,8,0,0.0000,False,,NODATA,25
rak,2013-08-20,0,0,,,8,0,0.0000,False,,NODATA,25
rak,2013-08-21,0,0,,,8,0,0.0000,False,,NODATA,25
rak,2013-08-22,0,0,,,8,0,0.0000,False,,NODATA,25
rak,2013-08-23,0,0,,,8,0,0.0000,False,,NODATA,25
rak,2013-08-24,0,0,,,8,0,0.0000,False,,NODATA,25
rak,2013-08-25,0,0,,,8,0,0.0000,False,,NODATA,25
rak,2013-08-26,0,0,,,8,0,0.0000,False,,NODATA,25
rak,2013-08-27,0,0,,,8,0,0.0000,False,,NODATA,25
rak,2013-08-28,0,0,,,8,0,0.0000,False,,NODATA,25
rak,2013-08-29,0,0,,,8,0,0.0000,False,,NODATA,25
rak,2013-08-30,0,0,,,8,0,0.0000,False,,NODATA,25
rak,2013-08-31,0,0,,,8,0,0.0000,False,,NODATA,25
rak,2013-09-01,0,0,,,9,27,0.0000,False,,NODATA,25
rak,2013-09-02,0,0,,,9,27,0.0000,False,,NODATA,25
rak,2013-09-03,0,0,,,9,27,0.0000,False,,NODATA,25
rak,2013-09-04,0,0,,,9,27,0.0000,False,,NODATA,25
rak,2013-09-05,0,0,,,9,27,0.0000,False,,NODATA,25
rak,2013-09-06,0,0,,,9,27,0.0000,False,,NODATA,25
rak,2013-09-07,0,0,,,9,27,0.0000,False,,NODATA,25
rak,2013-09-08,0,0,,,9,27,0.0000,False,,NODATA,25
rak,2013-09-09,0,0,,,9,27,0.0000,False,,NODATA,25
rak,2013-09-10,0,0,,,9,27,0.0000,False,,NODATA,25
rak,2013-09-11,0,0,,,9,27,0.0000,False,,NODATA,25
rak,2013-09-12,0,0,,,9,27,0.0000,False,,NODATA,25
rak,2013-09-13,0,0,,,9,27,0.0000,False,,NODATA,25
rak,2013-09-14,0,0,,,9,27,0.0000,False,,NODATA,25
rak,2013-09-15,0,0,,,9,27,0.0000,False,,NODATA,25
rak,2013-09-16,0,0,,,9,27,0.0000,False,,NODATA,25
rak,2013-09-17,0,0,,,9,27,0.0000,False,,NODATA,25
rak,2013-09-18,4,0,-0.5160,-0.2332,9,27,0.1481,True,0.0000,QUIET,25
rak,2013-09-19,0,0,,,9,27,0.0000,False,,NODATA,25
rak,2013-09-20,0,0,,,9,27,0.0000,False,,NODATA,25
rak,2013-09-21,0,0,,,9,27,0.0000,False,,NODATA,25
rak,2013-09-22,0,0,,,9,27,0.0000,False,,NODATA,25
rak,2013-09-23,13,0,-0.7809,-0.2737,9,27,0.4815,True,0.0000,QUIET,25
rak,2013-09-24,0,0,,,9,27,0.0000,False,,NODATA,25
rak,2013-09-25,27,0,0.1741,-0.1031,9,27,1.0000,True,0.0000,QUIET,25
rak,2013-09-26,0,0,,,9,27,0.0000,False,,NODATA,25
rak,2013-09-27,0,0,,,9,27,0.0000,False,,NODATA,25
rak,2013-09-28,0,0,,,9,27,0.0000,False,,NODATA,25
rak,2013-09-29,0,0,,,9,27,0.0000,False,,NODATA,25
rak,2013-09-30,0,0,,,9,27,0.0000,False,,NODATA,25
rak,2013-10-01,0,0,,,10,33,0.0000,False,,NODATA,25
rak,2013-10-02,0,0,,,10,33,0.0000,False,,NODATA,25
rak,2013-10-03,0,0,,,10,33,0.0000,False,,NODATA,25
rak,2013-10-04,0,0,,,10,33,0.0000,False,,NODATA,25
rak,2013-10-05,0,0,,,10,33,0.0000,False,,NODATA,25
rak,2013-10-06,1,0,-1.2877,-0.3786,10,33,0.0303,False,,NODATA,25
rak,2013-10-07,0,0,,,10,33,0.0000,False,,NODATA,25
rak,2013-10-08,0,0,,,10,33,0.0000,False,,NODATA,25
rak,2013-10-09,0,0,,,10,33,0.0000,False,,NODATA,25
rak,2013-10-10,0,0,,,10,33,0.0000,False,,NODATA,25
rak,2013-10-11,25,0,0.2446,-0.0288,10,33,0.7576,True,0.0000,QUIET,25
rak,2013-10-12,0,0,,,10,33,0.0000,False,,NODATA,25
rak,2013-10-13,0,0,,,10,33,0.0000,False,,NODATA,25
rak,2013-10-14,0,0,,,10,33,0.0000,False,,NODATA,25
rak,2013-10-15,33,0,-0.4756,-0.2096,10,33,1.0000,True,0.0000,QUIET,25
rak,2013-10-16,0,0,,,10,33,0.0000,False,,NODATA,25
rak,2013-10-17,7,0,-0.5784,-0.1437,10,33,0.2121,True,0.0000,QUIET,25
rak,2013-10-18,32,1,2.5251,0.1016,10,33,0.9697,True,0.0312,QUIET,25
rak,2013-10-19,0,0,,,10,33,0.0000,False,,NODATA,25
rak,2013-10-20,33,0,1.8217,0.1398,10,33,1.0000,True,0.0000,QUIET,25
rak,2013-10-21,0,0,,,10,33,0.0000,False,,NODATA,25
rak,2013-10-22,9,0,0.9419,0.5340,10,33,0.2727,True,0.0000,QUIET,25
rak,2013-10-23,5,0,1.6055,0.8995,10,33,0.1515,True,0.0000,QUIET,25
rak,2013-10-24,0,0,,,10,33,0.0000,False,,NODATA,25
rak,2013-10-25,5,0,-0.5630,-0.0633,10,33,0.1515,True,0.0000,QUIET,25
rak,2013-10-26,0,0,,,10,33,0.0000,False,,NODATA,25
rak,2013-10-27,33,4,3.2666,0.0973,10,33,1.0000,True,0.1212,QUIET,25
rak,2013-10-28,0,0,,,10,33,0.0000,False,,NODATA,25
rak,2013-10-29,0,0,,,10,33,0.0000,False,,NODATA,25
rak,2013-10-30,0,0,,,10,33,0.0000,False,,NODATA,25
rak,2013-10-31,0,0,,,10,33,0.0000,False,,NODATA,25
rak,2013-11-01,0,0,,,11,34,0.0000,False,,NODATA,25
rak,2013-11-02,0,0,,,11,34,0.0000,False,,NODATA,25
rak,2013-11-03,0,0,,,11,34,0.0000,False,,NODATA,25
rak,2013-11-04,0,0,,,11,34,0.0000,False,,NODATA,25
rak,2013-11-05,7,5,3.3200,1.3902,11,34,0.2059,True,0.7143,EXCEED,25
rak,2013-11-06,0,0,,,11,34,0.0000,False,,NODATA,25
rak,2013-11-07,33,1,2.2683,0.8748,11,34,0.9706,True,0.0303,QUIET,25
rak,2013-11-08,17,2,2.3471,1.0321,11,34,0.5000,True,0.1176,QUIET,25
rak,2013-11-09,31,0,0.0773,0.2779,11,34,0.9118,True,0.0000,QUIET,25
rak,2013-11-10,28,0,1.8116,0.7389,11,34,0.8235,True,0.0000,QUIET,25
rak,2013-11-11,6,0,-0.1154,0.2211,11,34,0.1765,True,0.0000,QUIET,25
rak,2013-11-12,33,0,0.3563,0.3605,11,34,0.9706,True,0.0000,QUIET,25
rak,2013-11-13,0,0,,,11,34,0.0000,False,,NODATA,25
rak,2013-11-14,0,0,,,11,34,0.0000,False,,NODATA,25
rak,2013-11-15,0,0,,,11,34,0.0000,False,,NODATA,25
rak,2013-11-16,0,0,,,11,34,0.0000,False,,NODATA,25
rak,2013-11-17,0,0,,,11,34,0.0000,False,,NODATA,25
rak,2013-11-18,0,0,,,11,34,0.0000,False,,NODATA,25
rak,2013-11-19,7,0,1.1492,0.4311,11,34,0.2059,True,0.0000,QUIET,25
rak,2013-11-20,0,0,,,11,34,0.0000,False,,NODATA,25
rak,2013-11-21,0,0,,,11,34,0.0000,False,,NODATA,25
rak,2013-11-22,0,0,,,11,34,0.0000,False,,NODATA,25
rak,2013-11-23,30,0,-1.0808,-0.1428,11,34,0.8824,True,0.0000,QUIET,25
rak,2013-11-24,0,0,,,11,34,0.0000,False,,NODATA,25
rak,2013-11-25,31,0,-0.6108,-0.2232,11,34,0.9118,True,0.0000,QUIET,25
rak,2013-11-26,25,0,0.9816,0.1151,11,34,0.7353,True,0.0000,QUIET,25
rak,2013-11-27,25,0,-0.6202,-0.1140,11,34,0.7353,True,0.0000,QUIET,25
rak,2013-11-28,2,0,-0.3583,0.3566,11,34,0.0588,False,,NODATA,25
rak,2013-11-29,0,0,,,11,34,0.0000,False,,NODATA,25
rak,2013-11-30,34,0,0.7405,0.0869,11,34,1.0000,True,0.0000,QUIET,25
rak,2013-12-01,12,0,-1.0686,-0.1615,12,33,0.3636,True,0.0000,QUIET,25
rak,2013-12-02,18,0,1.2856,0.5409,12,33,0.5455,True,0.0000,QUIET,25
rak,2013-12-03,0,0,,,12,33,0.0000,False,,NODATA,25
rak,2013-12-04,0,0,,,12,33,0.0000,False,,NODATA,25
rak,2013-12-05,33,1,3.0323,0.7936,12,33,1.0000,True,0.0303,QUIET,25
rak,2013-12-06,0,0,,,12,33,0.0000,False,,NODATA,25
rak,2013-12-07,3,1,2.7860,0.8989,12,33,0.0909,False,,NODATA,25
rak,2013-12-08,0,0,,,12,33,0.0000,False,,NODATA,25
rak,2013-12-09,33,0,1.6419,0.6148,12,33,1.0000,True,0.0000,QUIET,25
rak,2013-12-10,0,0,,,12,33,0.0000,False,,NODATA,25
rak,2013-12-11,11,1,2.1698,0.9836,12,33,0.3333,True,0.0909,QUIET,25
rak,2013-12-12,2,0,1.6688,0.7949,12,33,0.0606,False,,NODATA,25
rak,2013-12-13,0,0,,,12,33,0.0000,False,,NODATA,25
rak,2013-12-14,33,18,4.1088,1.2634,12,33,1.0000,True,0.5455,EXCEED,25
rak,2013-12-15,0,0,,,12,33,0.0000,False,,NODATA,25
rak,2013-12-16,28,14,3.4895,1.0859,12,33,0.8485,True,0.5000,ALERT,25
rak,2013-12-17,0,0,,,12,33,0.0000,False,,NODATA,25
rak,2013-12-18,0,0,,,12,33,0.0000,False,,NODATA,25
rak,2013-12-19,0,0,,,12,33,0.0000,False,,NODATA,25
rak,2013-12-20,0,0,,,12,33,0.0000,False,,NODATA,25
rak,2013-12-21,0,0,,,12,33,0.0000,False,,NODATA,25
rak,2013-12-22,0,0,,,12,33,0.0000,False,,NODATA,25
rak,2013-12-23,0,0,,,12,33,0.0000,False,,NODATA,25
rak,2013-12-24,0,0,,,12,33,0.0000,False,,NODATA,25
rak,2013-12-25,33,0,0.2316,0.1904,12,33,1.0000,True,0.0000,QUIET,25
rak,2013-12-26,21,2,2.4557,0.6091,12,33,0.6364,True,0.0952,QUIET,25
rak,2013-12-27,32,0,-0.5335,0.1477,12,33,0.9697,True,0.0000,QUIET,25
rak,2013-12-28,28,0,0.9022,0.2994,12,33,0.8485,True,0.0000,QUIET,25
rak,2013-12-29,0,0,,,12,33,0.0000,False,,NODATA,25
rak,2013-12-30,33,0,0.9439,0.3475,12,33,1.0000,True,0.0000,QUIET,25
rak,2013-12-31,0,0,,,12,33,0.0000,False,,NODATA,25
rak,2014-01-01,31,0,-0.4672,-0.0999,1,33,0.9394,True,0.0000,QUIET,25
rak,2014-01-02,0,0,,,1,33,0.0000,False,,NODATA,25
rak,2014-01-03,9,0,-0.8662,-0.3244,1,33,0.2727,True,0.0000,QUIET,25
rak,2014-01-04,23,0,0.1078,0.2228,1,33,0.6970,True,0.0000,QUIET,25
rak,2014-01-05,4,0,-0.1200,0.2047,1,33,0.1212,True,0.0000,QUIET,25
rak,2014-01-06,0,0,,,1,33,0.0000,False,,NODATA,25
rak,2014-01-07,0,0,,,1,33,0.0000,False,,NODATA,25
rak,2014-01-08,31,0,-0.3166,0.1200,1,33,0.9394,True,0.0000,QUIET,25
rak,2014-01-09,0,0,,,1,33,0.0000,False,,NODATA,25
rak,2014-01-10,17,0,1.0865,0.4493,1,33,0.5152,True,0.0000,QUIET,25
rak,2014-01-11,0,0,,,1,33,0.0000,False,,NODATA,25
rak,2014-01-12,0,0,,,1,33,0.0000,False,,NODATA,25
rak,2014-01-13,0,0,,,1,33,0.0000,False,,NODATA,25
rak,2014-01-14,0,0,,,1,33,0.0000,False,,NODATA,25
rak,2014-01-15,33,0,0.8030,0.2365,1,33,1.0000,True,0.0000,QUIET,25
rak,2014-01-16,0,0,,,1,33,0.0000,False,,NODATA,25
rak,2014-01-17,29,2,2.2821,0.6895,1,33,0.8788,True,0.0690,QUIET,25
rak,2014-01-18,0,0,,,1,33,0.0000,False,,NODATA,25
rak,2014-01-19,0,0,,,1,33,0.0000,False,,NODATA,25
rak,2014-01-20,8,0,1.3136,0.1871,1,33,0.2424,True,0.0000,QUIET,25
rak,2014-01-21,3,0,0.4919,0.4229,1,33,0.0909,False,,NODATA,25
rak,2014-01-22,26,0,0.8765,0.4880,1,33,0.7879,True,0.0000,QUIET,25
rak,2014-01-23,0,0,,,1,33,0.0000,False,,NODATA,25
rak,2014-01-24,0,0,,,1,33,0.0000,False,,NODATA,25
rak,2014-01-25,0,0,,,1,33,0.0000,False,,NODATA,25
rak,2014-01-26,0,0,,,1,33,0.0000,False,,NODATA,25
rak,2014-01-27,0,0,,,1,33,0.0000,False,,NODATA,25
rak,2014-01-28,29,12,2.6231,1.1463,1,33,0.8788,True,0.4138,EXCEED,25
rak,2014-01-29,14,14,4.4447,1.6488,1,33,0.4242,True,1.0000,ALERT,25
rak,2014-01-30,0,0,,,1,33,0.0000,False,,NODATA,25
rak,2014-01-31,9,8,3.6829,1.7391,1,33,0.2727,True,0.8889,ALERT,25
rak,2014-02-01,0,0,,,2,33,0.0000,False,,NODATA,25
rak,2014-02-02,0,0,,,2,33,0.0000,False,,NODATA,25
rak,2014-02-03,0,0,,,2,33,0.0000,False,,NODATA,25
rak,2014-02-04,0,0,,,2,33,0.0000,False,,NODATA,25
rak,2014-02-05,0,0,,,2,33,0.0000,False,,NODATA,25
rak,2014-02-06,0,0,,,2,33,0.0000,False,,NODATA,25
rak,2014-02-07,33,0,0.7036,0.5344,2,33,1.0000,True,0.0000,QUIET,25
rak,2014-02-08,0,0,,,2,33,0.0000,False,,NODATA,25
rak,2014-02-09,0,0,,,2,33,0.0000,False,,NODATA,25
rak,2014-02-10,0,0,,,2,33,0.0000,False,,NODATA,25
rak,2014-02-11,11,0,-0.3001,-0.0771,2,33,0.3333,True,0.0000,QUIET,25
rak,2014-02-12,0,0,,,2,33,0.0000,False,,NODATA,25
rak,2014-02-13,30,0,-0.6089,0.0336,2,33,0.9091,True,0.0000,QUIET,25
rak,2014-02-14,31,0,1.1404,0.4408,2,33,0.9394,True,0.0000,QUIET,25
rak,2014-02-15,22,0,0.0357,0.1239,2,33,0.6667,True,0.0000,QUIET,25
rak,2014-02-16,33,0,0.2465,0.4384,2,33,1.0000,True,0.0000,QUIET,25
rak,2014-02-17,0,0,,,2,33,0.0000,False,,NODATA,25
rak,2014-02-18,0,0,,,2,33,0.0000,False,,NODATA,25
rak,2014-02-19,12,0,0.5499,0.5927,2,33,0.3636,True,0.0000,QUIET,25
rak,2014-02-20,24,0,0.5044,0.4396,2,33,0.7273,True,0.0000,QUIET,25
rak,2014-02-21,3,0,1.6492,1.0592,2,33,0.0909,False,,NODATA,25
rak,2014-02-22,26,0,0.2655,0.3008,2,33,0.7879,True,0.0000,QUIET,25
rak,2014-02-23,33,0,0.3905,0.2087,2,33,1.0000,True,0.0000,QUIET,25
rak,2014-02-24,0,0,,,2,33,0.0000,False,,NODATA,25
rak,2014-02-25,33,0,1.9252,0.3359,2,33,1.0000,True,0.0000,QUIET,25
rak,2014-02-26,0,0,,,2,33,0.0000,False,,NODATA,25
rak,2014-02-27,20,0,1.2585,0.7031,2,33,0.6061,True,0.0000,QUIET,25
rak,2014-02-28,0,0,,,2,33,0.0000,False,,NODATA,25
rak,2014-03-01,0,0,,,3,33,0.0000,False,,NODATA,25
rak,2014-03-02,2,0,1.6828,0.7941,3,33,0.0606,False,,NODATA,25
rak,2014-03-03,0,0,,,3,33,0.0000,False,,NODATA,25
rak,2014-03-04,0,0,,,3,33,0.0000,False,,NODATA,25
rak,2014-03-05,0,0,,,3,33,0.0000,False,,NODATA,25
rak,2014-03-06,0,0,,,3,33,0.0000,False,,NODATA,25
rak,2014-03-07,0,0,,,3,33,0.0000,False,,NODATA,25
rak,2014-03-08,0,0,,,3,33,0.0000,False,,NODATA,25
rak,2014-03-09,0,0,,,3,33,0.0000,False,,NODATA,25
rak,2014-03-10,0,0,,,3,33,0.0000,False,,NODATA,25
rak,2014-03-11,0,0,,,3,33,0.0000,False,,NODATA,25
rak,2014-03-12,0,0,,,3,33,0.0000,False,,NODATA,25
rak,2014-03-13,0,0,,,3,33,0.0000,False,,NODATA,25
rak,2014-03-14,0,0,,,3,33,0.0000,False,,NODATA,25
rak,2014-03-15,0,0,,,3,33,0.0000,False,,NODATA,25
rak,2014-03-16,0,0,,,3,33,0.0000,False,,NODATA,25
rak,2014-03-17,29,0,0.6170,0.5039,3,33,0.8788,True,0.0000,QUIET,25
rak,2014-03-18,30,8,3.8065,1.0146,3,33,0.9091,True,0.2667,QUIET,25
rak,2014-03-19,0,0,,,3,33,0.0000,False,,NODATA,25
rak,2014-03-20,0,0,,,3,33,0.0000,False,,NODATA,25
rak,2014-03-21,0,0,,,3,33,0.0000,False,,NODATA,25
rak,2014-03-22,0,0,,,3,33,0.0000,False,,NODATA,25
rak,2014-03-23,13,1,2.1910,0.8991,3,33,0.3939,True,0.0769,QUIET,25
rak,2014-03-24,0,0,,,3,33,0.0000,False,,NODATA,25
rak,2014-03-25,0,0,,,3,33,0.0000,False,,NODATA,25
rak,2014-03-26,0,0,,,3,33,0.0000,False,,NODATA,25
rak,2014-03-27,33,0,0.5960,0.1906,3,33,1.0000,True,0.0000,QUIET,25
rak,2014-03-28,0,0,,,3,33,0.0000,False,,NODATA,25
rak,2014-03-29,33,1,2.6671,0.9664,3,33,1.0000,True,0.0303,QUIET,25
rak,2014-03-30,0,0,,,3,33,0.0000,False,,NODATA,25
rak,2014-03-31,0,0,,,3,33,0.0000,False,,NODATA,25
rak,2014-04-01,0,0,,,4,28,0.0000,False,,NODATA,25
rak,2014-04-02,0,0,,,4,28,0.0000,False,,NODATA,25
rak,2014-04-03,0,0,,,4,28,0.0000,False,,NODATA,25
rak,2014-04-04,0,0,,,4,28,0.0000,False,,NODATA,25
rak,2014-04-05,14,4,3.1571,0.2304,4,28,0.5000,True,0.2857,QUIET,25
rak,2014-04-06,0,0,,,4,28,0.0000,False,,NODATA,25
rak,2014-04-07,0,0,,,4,28,0.0000,False,,NODATA,25
rak,2014-04-08,14,9,3.9759,1.2072,4,28,0.5000,True,0.6429,EXCEED,25
rak,2014-04-09,0,0,,,4,28,0.0000,False,,NODATA,25
rak,2014-04-10,0,0,,,4,28,0.0000,False,,NODATA,25
rak,2014-04-11,0,0,,,4,28,0.0000,False,,NODATA,25
rak,2014-04-12,12,9,3.9215,1.4812,4,28,0.4286,True,0.7500,ALERT,25
rak,2014-04-13,0,0,,,4,28,0.0000,False,,NODATA,25
rak,2014-04-14,0,0,,,4,28,0.0000,False,,NODATA,25
rak,2014-04-15,0,0,,,4,28,0.0000,False,,NODATA,25
rak,2014-04-16,0,0,,,4,28,0.0000,False,,NODATA,25
rak,2014-04-17,0,0,,,4,28,0.0000,False,,NODATA,25
rak,2014-04-18,0,0,,,4,28,0.0000,False,,NODATA,25
rak,2014-04-19,0,0,,,4,28,0.0000,False,,NODATA,25
rak,2014-04-20,0,0,,,4,28,0.0000,False,,NODATA,25
rak,2014-04-21,0,0,,,4,28,0.0000,False,,NODATA,25
rak,2014-04-22,0,0,,,4,28,0.0000,False,,NODATA,25
rak,2014-04-23,0,0,,,4,28,0.0000,False,,NODATA,25
rak,2014-04-24,0,0,,,4,28,0.0000,False,,NODATA,25
rak,2014-04-25,0,0,,,4,28,0.0000,False,,NODATA,25
rak,2014-04-26,25,0,1.0571,0.0135,4,28,0.8929,True,0.0000,QUIET,25
rak,2014-04-27,0,0,,,4,28,0.0000,False,,NODATA,25
rak,2014-04-28,27,0,-0.4298,-0.0972,4,28,0.9643,True,0.0000,QUIET,25
rak,2014-04-29,0,0,,,4,28,0.0000,False,,NODATA,25
rak,2014-04-30,0,0,,,4,28,0.0000,False,,NODATA,25
rak,2014-05-01,0,0,,,5,24,0.0000,False,,NODATA,25
rak,2014-05-02,0,0,,,5,24,0.0000,False,,NODATA,25
rak,2014-05-03,0,0,,,5,24,0.0000,False,,NODATA,25
rak,2014-05-04,0,0,,,5,24,0.0000,False,,NODATA,25
rak,2014-05-05,15,0,0.1205,-0.0879,5,24,0.6250,True,0.0000,QUIET,25
rak,2014-05-06,0,0,,,5,24,0.0000,False,,NODATA,25
rak,2014-05-07,24,0,0.6781,-0.1231,5,24,1.0000,True,0.0000,QUIET,25
rak,2014-05-08,0,0,,,5,24,0.0000,False,,NODATA,25
rak,2014-05-09,0,0,,,5,24,0.0000,False,,NODATA,25
rak,2014-05-10,0,0,,,5,24,0.0000,False,,NODATA,25
rak,2014-05-11,0,0,,,5,24,0.0000,False,,NODATA,25
rak,2014-05-12,0,0,,,5,24,0.0000,False,,NODATA,25
rak,2014-05-13,0,0,,,5,24,0.0000,False,,NODATA,25
rak,2014-05-14,0,0,,,5,24,0.0000,False,,NODATA,25
rak,2014-05-15,0,0,,,5,24,0.0000,False,,NODATA,25
rak,2014-05-16,0,0,,,5,24,0.0000,False,,NODATA,25
rak,2014-05-17,0,0,,,5,24,0.0000,False,,NODATA,25
rak,2014-05-18,0,0,,,5,24,0.0000,False,,NODATA,25
rak,2014-05-19,0,0,,,5,24,0.0000,False,,NODATA,25
rak,2014-05-20,0,0,,,5,24,0.0000,False,,NODATA,25
rak,2014-05-21,0,0,,,5,24,0.0000,False,,NODATA,25
rak,2014-05-22,0,0,,,5,24,0.0000,False,,NODATA,25
rak,2014-05-23,19,0,0.1424,-0.2179,5,24,0.7917,True,0.0000,QUIET,25
rak,2014-05-24,0,0,,,5,24,0.0000,False,,NODATA,25
rak,2014-05-25,0,0,,,5,24,0.0000,False,,NODATA,25
rak,2014-05-26,0,0,,,5,24,0.0000,False,,NODATA,25
rak,2014-05-27,0,0,,,5,24,0.0000,False,,NODATA,25
rak,2014-05-28,0,0,,,5,24,0.0000,False,,NODATA,25
rak,2014-05-29,0,0,,,5,24,0.0000,False,,NODATA,25
rak,2014-05-30,24,0,-0.3707,-0.2899,5,24,1.0000,True,0.0000,QUIET,25
rak,2014-05-31,0,0,,,5,24,0.0000,False,,NODATA,25
rak,2014-06-01,0,0,,,6,17,0.0000,False,,NODATA,25
rak,2014-06-02,0,0,,,6,17,0.0000,False,,NODATA,25
rak,2014-06-03,0,0,,,6,17,0.0000,False,,NODATA,25
rak,2014-06-04,0,0,,,6,17,0.0000,False,,NODATA,25
rak,2014-06-05,0,0,,,6,17,0.0000,False,,NODATA,25
rak,2014-06-06,4,0,1.9418,0.1421,6,17,0.2353,True,0.0000,QUIET,25
rak,2014-06-07,0,0,,,6,17,0.0000,False,,NODATA,25
rak,2014-06-08,9,0,0.4194,-0.1569,6,17,0.5294,True,0.0000,QUIET,25
rak,2014-06-09,0,0,,,6,17,0.0000,False,,NODATA,25
rak,2014-06-10,0,0,,,6,17,0.0000,False,,NODATA,25
rak,2014-06-11,0,0,,,6,17,0.0000,False,,NODATA,25
rak,2014-06-12,0,0,,,6,17,0.0000,False,,NODATA,25
rak,2014-06-13,0,0,,,6,17,0.0000,False,,NODATA,25
rak,2014-06-14,17,0,0.5425,-0.0951,6,17,1.0000,True,0.0000,QUIET,25
rak,2014-06-15,17,0,0.4528,-0.1402,6,17,1.0000,True,0.0000,QUIET,25
rak,2014-06-16,0,0,,,6,17,0.0000,False,,NODATA,25
rak,2014-06-17,0,0,,,6,17,0.0000,False,,NODATA,25
rak,2014-06-18,0,0,,,6,17,0.0000,False,,NODATA,25
rak,2014-06-19,0,0,,,6,17,0.0000,False,,NODATA,25
rak,2014-06-20,0,0,,,6,17,0.0000,False,,NODATA,25
rak,2014-06-21,0,0,,,6,17,0.0000,False,,NODATA,25
rak,2014-06-22,0,0,,,6,17,0.0000,False,,NODATA,25
rak,2014-06-23,0,0,,,6,17,0.0000,False,,NODATA,25
rak,2014-06-24,0,0,,,6,17,0.0000,False,,NODATA,25
rak,2014-06-25,0,0,,,6,17,0.0000,False,,NODATA,25
rak,2014-06-26,0,0,,,6,17,0.0000,False,,NODATA,25
rak,2014-06-27,0,0,,,6,17,0.0000,False,,NODATA,25
rak,2014-06-28,0,0,,,6,17,0.0000,False,,NODATA,25
rak,2014-06-29,0,0,,,6,17,0.0000,False,,NODATA,25
rak,2014-06-30,0,0,,,6,17,0.0000,False,,NODATA,25
rak,2014-07-01,0,0,,,7,0,0.0000,False,,NODATA,25
rak,2014-07-02,0,0,,,7,0,0.0000,False,,NODATA,25
rak,2014-07-03,0,0,,,7,0,0.0000,False,,NODATA,25
rak,2014-07-04,0,0,,,7,0,0.0000,False,,NODATA,25
rak,2014-07-05,0,0,,,7,0,0.0000,False,,NODATA,25
rak,2014-07-06,0,0,,,7,0,0.0000,False,,NODATA,25
rak,2014-07-07,0,0,,,7,0,0.0000,False,,NODATA,25
rak,2014-07-08,0,0,,,7,0,0.0000,False,,NODATA,25
rak,2014-07-09,0,0,,,7,0,0.0000,False,,NODATA,25
rak,2014-07-10,0,0,,,7,0,0.0000,False,,NODATA,25
rak,2014-07-11,0,0,,,7,0,0.0000,False,,NODATA,25
rak,2014-07-12,0,0,,,7,0,0.0000,False,,NODATA,25
rak,2014-07-13,0,0,,,7,0,0.0000,False,,NODATA,25
rak,2014-07-14,0,0,,,7,0,0.0000,False,,NODATA,25
rak,2014-07-15,0,0,,,7,0,0.0000,False,,NODATA,25
rak,2014-07-16,0,0,,,7,0,0.0000,False,,NODATA,25
rak,2014-07-17,0,0,,,7,0,0.0000,False,,NODATA,25
rak,2014-07-18,0,0,,,7,0,0.0000,False,,NODATA,25
rak,2014-07-19,0,0,,,7,0,0.0000,False,,NODATA,25
rak,2014-07-20,0,0,,,7,0,0.0000,False,,NODATA,25
rak,2014-07-21,0,0,,,7,0,0.0000,False,,NODATA,25
rak,2014-07-22,0,0,,,7,0,0.0000,False,,NODATA,25
rak,2014-07-23,0,0,,,7,0,0.0000,False,,NODATA,25
rak,2014-07-24,0,0,,,7,0,0.0000,False,,NODATA,25
rak,2014-07-25,0,0,,,7,0,0.0000,False,,NODATA,25
rak,2014-07-26,0,0,,,7,0,0.0000,False,,NODATA,25
rak,2014-07-27,0,0,,,7,0,0.0000,False,,NODATA,25
rak,2014-07-28,0,0,,,7,0,0.0000,False,,NODATA,25
rak,2014-07-29,0,0,,,7,0,0.0000,False,,NODATA,25
rak,2014-07-30,0,0,,,7,0,0.0000,False,,NODATA,25
rak,2014-07-31,0,0,,,7,0,0.0000,False,,NODATA,25
rak,2014-08-01,0,0,,,8,0,0.0000,False,,NODATA,25
rak,2014-08-02,0,0,,,8,0,0.0000,False,,NODATA,25
rak,2014-08-03,0,0,,,8,0,0.0000,False,,NODATA,25
rak,2014-08-04,0,0,,,8,0,0.0000,False,,NODATA,25
rak,2014-08-05,0,0,,,8,0,0.0000,False,,NODATA,25
rak,2014-08-06,0,0,,,8,0,0.0000,False,,NODATA,25
rak,2014-08-07,0,0,,,8,0,0.0000,False,,NODATA,25
rak,2014-08-08,0,0,,,8,0,0.0000,False,,NODATA,25
rak,2014-08-09,0,0,,,8,0,0.0000,False,,NODATA,25
rak,2014-08-10,0,0,,,8,0,0.0000,False,,NODATA,25
rak,2014-08-11,0,0,,,8,0,0.0000,False,,NODATA,25
rak,2014-08-12,0,0,,,8,0,0.0000,False,,NODATA,25
rak,2014-08-13,0,0,,,8,0,0.0000,False,,NODATA,25
rak,2014-08-14,0,0,,,8,0,0.0000,False,,NODATA,25
rak,2014-08-15,0,0,,,8,0,0.0000,False,,NODATA,25
rak,2014-08-16,0,0,,,8,0,0.0000,False,,NODATA,25
rak,2014-08-17,0,0,,,8,0,0.0000,False,,NODATA,25
rak,2014-08-18,0,0,,,8,0,0.0000,False,,NODATA,25
rak,2014-08-19,0,0,,,8,0,0.0000,False,,NODATA,25
rak,2014-08-20,0,0,,,8,0,0.0000,False,,NODATA,25
rak,2014-08-21,0,0,,,8,0,0.0000,False,,NODATA,25
rak,2014-08-22,0,0,,,8,0,0.0000,False,,NODATA,25
rak,2014-08-23,0,0,,,8,0,0.0000,False,,NODATA,25
rak,2014-08-24,0,0,,,8,0,0.0000,False,,NODATA,25
rak,2014-08-25,0,0,,,8,0,0.0000,False,,NODATA,25
rak,2014-08-26,0,0,,,8,0,0.0000,False,,NODATA,25
rak,2014-08-27,0,0,,,8,0,0.0000,False,,NODATA,25
rak,2014-08-28,0,0,,,8,0,0.0000,False,,NODATA,25
rak,2014-08-29,0,0,,,8,0,0.0000,False,,NODATA,25
rak,2014-08-30,0,0,,,8,0,0.0000,False,,NODATA,25
rak,2014-08-31,0,0,,,8,0,0.0000,False,,NODATA,25
rak,2014-09-01,0,0,,,9,27,0.0000,False,,NODATA,25
rak,2014-09-02,0,0,,,9,27,0.0000,False,,NODATA,25
rak,2014-09-03,26,0,-1.5515,-0.4691,9,27,0.9630,True,0.0000,QUIET,25
rak,2014-09-04,0,0,,,9,27,0.0000,False,,NODATA,25
rak,2014-09-05,9,0,-1.2700,-0.3174,9,27,0.3333,True,0.0000,QUIET,25
rak,2014-09-06,0,0,,,9,27,0.0000,False,,NODATA,25
rak,2014-09-07,0,0,,,9,27,0.0000,False,,NODATA,25
rak,2014-09-08,0,0,,,9,27,0.0000,False,,NODATA,25
rak,2014-09-09,0,0,,,9,27,0.0000,False,,NODATA,25
rak,2014-09-10,0,0,,,9,27,0.0000,False,,NODATA,25
rak,2014-09-11,0,0,,,9,27,0.0000,False,,NODATA,25
rak,2014-09-12,0,0,,,9,27,0.0000,False,,NODATA,25
rak,2014-09-13,0,0,,,9,27,0.0000,False,,NODATA,25
rak,2014-09-14,7,0,1.8755,0.2399,9,27,0.2593,True,0.0000,QUIET,25
rak,2014-09-15,0,0,,,9,27,0.0000,False,,NODATA,25
rak,2014-09-16,0,0,,,9,27,0.0000,False,,NODATA,25
rak,2014-09-17,0,0,,,9,27,0.0000,False,,NODATA,25
rak,2014-09-18,0,0,,,9,27,0.0000,False,,NODATA,25
rak,2014-09-19,0,0,,,9,27,0.0000,False,,NODATA,25
rak,2014-09-20,0,0,,,9,27,0.0000,False,,NODATA,25
rak,2014-09-21,6,0,-0.7950,-0.1467,9,27,0.2222,True,0.0000,QUIET,25
rak,2014-09-22,0,0,,,9,27,0.0000,False,,NODATA,25
rak,2014-09-23,0,0,,,9,27,0.0000,False,,NODATA,25
rak,2014-09-24,0,0,,,9,27,0.0000,False,,NODATA,25
rak,2014-09-25,0,0,,,9,27,0.0000,False,,NODATA,25
rak,2014-09-26,0,0,,,9,27,0.0000,False,,NODATA,25
rak,2014-09-27,0,0,,,9,27,0.0000,False,,NODATA,25
rak,2014-09-28,24,0,-0.4833,-0.1326,9,27,0.8889,True,0.0000,QUIET,25
rak,2014-09-29,0,0,,,9,27,0.0000,False,,NODATA,25
rak,2014-09-30,0,0,,,9,27,0.0000,False,,NODATA,25
rak,2014-10-01,0,0,,,10,33,0.0000,False,,NODATA,25
rak,2014-10-02,0,0,,,10,33,0.0000,False,,NODATA,25
rak,2014-10-03,0,0,,,10,33,0.0000,False,,NODATA,25
rak,2014-10-04,0,0,,,10,33,0.0000,False,,NODATA,25
rak,2014-10-05,0,0,,,10,33,0.0000,False,,NODATA,25
rak,2014-10-06,0,0,,,10,33,0.0000,False,,NODATA,25
rak,2014-10-07,0,0,,,10,33,0.0000,False,,NODATA,25
rak,2014-10-08,0,0,,,10,33,0.0000,False,,NODATA,25
rak,2014-10-09,7,0,-1.0997,-0.3239,10,33,0.2121,True,0.0000,QUIET,25
rak,2014-10-10,0,0,,,10,33,0.0000,False,,NODATA,25
rak,2014-10-11,0,0,,,10,33,0.0000,False,,NODATA,25
rak,2014-10-12,19,0,-0.4669,-0.1670,10,33,0.5758,True,0.0000,QUIET,25
rak,2014-10-13,0,0,,,10,33,0.0000,False,,NODATA,25
rak,2014-10-14,33,0,1.1062,0.0289,10,33,1.0000,True,0.0000,QUIET,25
rak,2014-10-15,0,0,,,10,33,0.0000,False,,NODATA,25
rak,2014-10-16,7,0,-0.8101,-0.1607,10,33,0.2121,True,0.0000,QUIET,25
rak,2014-10-17,0,0,,,10,33,0.0000,False,,NODATA,25
rak,2014-10-18,0,0,,,10,33,0.0000,False,,NODATA,25
rak,2014-10-19,0,0,,,10,33,0.0000,False,,NODATA,25
rak,2014-10-20,31,0,-0.7443,-0.1668,10,33,0.9394,True,0.0000,QUIET,25
rak,2014-10-21,32,0,1.1526,0.1288,10,33,0.9697,True,0.0000,QUIET,25
rak,2014-10-22,0,0,,,10,33,0.0000,False,,NODATA,25
rak,2014-10-23,33,0,-0.2414,-0.0715,10,33,1.0000,True,0.0000,QUIET,25
rak,2014-10-24,0,0,,,10,33,0.0000,False,,NODATA,25
rak,2014-10-25,33,0,0.3683,-0.0460,10,33,1.0000,True,0.0000,QUIET,25
rak,2014-10-26,1,0,-0.1832,0.0700,10,33,0.0303,False,,NODATA,25
rak,2014-10-27,7,0,-0.6742,-0.1087,10,33,0.2121,True,0.0000,QUIET,25
rak,2014-10-28,30,4,3.0920,0.3367,10,33,0.9091,True,0.1333,QUIET,25
rak,2014-10-29,0,0,,,10,33,0.0000,False,,NODATA,25
rak,2014-10-30,8,0,0.3312,0.1547,10,33,0.2424,True,0.0000,QUIET,25
rak,2014-10-31,0,0,,,10,33,0.0000,False,,NODATA,25
rak,2014-11-01,0,0,,,11,34,0.0000,False,,NODATA,25
rak,2014-11-02,0,0,,,11,34,0.0000,False,,NODATA,25
rak,2014-11-03,34,0,-0.1838,-0.0517,11,34,1.0000,True,0.0000,QUIET,25
rak,2014-11-04,0,0,,,11,34,0.0000,False,,NODATA,25
rak,2014-11-05,0,0,,,11,34,0.0000,False,,NODATA,25
rak,2014-11-06,7,0,1.1614,0.8674,11,34,0.2059,True,0.0000,QUIET,25
rak,2014-11-07,0,0,,,11,34,0.0000,False,,NODATA,25
rak,2014-11-08,0,0,,,11,34,0.0000,False,,NODATA,25
rak,2014-11-09,0,0,,,11,34,0.0000,False,,NODATA,25
rak,2014-11-10,34,3,2.4820,0.2640,11,34,1.0000,True,0.0882,QUIET,25
rak,2014-11-11,29,0,0.7965,0.3169,11,34,0.8529,True,0.0000,QUIET,25
rak,2014-11-12,32,0,0.7713,0.2715,11,34,0.9412,True,0.0000,QUIET,25
rak,2014-11-13,32,9,3.5456,0.7017,11,34,0.9412,True,0.2812,QUIET,25
rak,2014-11-14,29,4,2.6171,0.5272,11,34,0.8529,True,0.1379,QUIET,25
rak,2014-11-15,34,0,1.4787,0.5552,11,34,1.0000,True,0.0000,QUIET,25
rak,2014-11-16,0,0,,,11,34,0.0000,False,,NODATA,25
rak,2014-11-17,0,0,,,11,34,0.0000,False,,NODATA,25
rak,2014-11-18,0,0,,,11,34,0.0000,False,,NODATA,25
rak,2014-11-19,4,0,-0.4875,0.1871,11,34,0.1176,True,0.0000,QUIET,25
rak,2014-11-20,6,0,-1.1299,-0.1293,11,34,0.1765,True,0.0000,QUIET,25
rak,2014-11-21,0,0,,,11,34,0.0000,False,,NODATA,25
rak,2014-11-22,34,0,1.3454,0.6352,11,34,1.0000,True,0.0000,QUIET,25
rak,2014-11-23,0,0,,,11,34,0.0000,False,,NODATA,25
rak,2014-11-24,32,0,1.3236,0.2985,11,34,0.9412,True,0.0000,QUIET,25
rak,2014-11-25,0,0,,,11,34,0.0000,False,,NODATA,25
rak,2014-11-26,0,0,,,11,34,0.0000,False,,NODATA,25
rak,2014-11-27,30,0,0.4024,0.2553,11,34,0.8824,True,0.0000,QUIET,25
rak,2014-11-28,0,0,,,11,34,0.0000,False,,NODATA,25
rak,2014-11-29,33,0,1.6273,0.4015,11,34,0.9706,True,0.0000,QUIET,25
rak,2014-11-30,0,0,,,11,34,0.0000,False,,NODATA,25
rak,2014-12-01,0,0,,,12,33,0.0000,False,,NODATA,25
rak,2014-12-02,0,0,,,12,33,0.0000,False,,NODATA,25
rak,2014-12-03,33,0,-0.0835,0.2711,12,33,1.0000,True,0.0000,QUIET,25
rak,2014-12-04,23,2,3.0201,0.6165,12,33,0.6970,True,0.0870,QUIET,25
rak,2014-12-05,33,0,0.1036,0.2954,12,33,1.0000,True,0.0000,QUIET,25
rak,2014-12-06,0,0,,,12,33,0.0000,False,,NODATA,25
rak,2014-12-07,20,0,0.4738,0.4803,12,33,0.6061,True,0.0000,QUIET,25
rak,2014-12-08,33,15,3.6258,1.1402,12,33,1.0000,True,0.4545,EXCEED,25
rak,2014-12-09,0,0,,,12,33,0.0000,False,,NODATA,25
rak,2014-12-10,33,0,1.2534,0.5689,12,33,1.0000,True,0.0000,QUIET,25
rak,2014-12-11,0,0,,,12,33,0.0000,False,,NODATA,25
rak,2014-12-12,17,0,-0.0873,0.3108,12,33,0.5152,True,0.0000,QUIET,25
rak,2014-12-13,10,2,2.2144,0.5274,12,33,0.3030,True,0.2000,QUIET,25
rak,2014-12-14,32,0,1.4385,0.6435,12,33,0.9697,True,0.0000,QUIET,25
rak,2014-12-15,0,0,,,12,33,0.0000,False,,NODATA,25
rak,2014-12-16,0,0,,,12,33,0.0000,False,,NODATA,25
rak,2014-12-17,33,0,1.6721,0.3752,12,33,1.0000,True,0.0000,QUIET,25
rak,2014-12-18,0,0,,,12,33,0.0000,False,,NODATA,25
rak,2014-12-19,32,0,1.6549,0.7471,12,33,0.9697,True,0.0000,QUIET,25
rak,2014-12-20,0,0,,,12,33,0.0000,False,,NODATA,25
rak,2014-12-21,0,0,,,12,33,0.0000,False,,NODATA,25
rak,2014-12-22,0,0,,,12,33,0.0000,False,,NODATA,25
rak,2014-12-23,0,0,,,12,33,0.0000,False,,NODATA,25
rak,2014-12-24,33,1,2.4329,0.6117,12,33,1.0000,True,0.0303,QUIET,25
rak,2014-12-25,0,0,,,12,33,0.0000,False,,NODATA,25
rak,2014-12-26,33,1,2.0928,0.6490,12,33,1.0000,True,0.0303,QUIET,25
rak,2014-12-27,0,0,,,12,33,0.0000,False,,NODATA,25
rak,2014-12-28,32,0,0.8358,0.2793,12,33,0.9697,True,0.0000,QUIET,25
rak,2014-12-29,0,0,,,12,33,0.0000,False,,NODATA,25
rak,2014-12-30,0,0,,,12,33,0.0000,False,,NODATA,25
rak,2014-12-31,0,0,,,12,33,0.0000,False,,NODATA,25
dibba,2003-01-01,0,0,,,1,27,0.0000,False,,NODATA,25
dibba,2003-01-02,0,0,,,1,27,0.0000,False,,NODATA,25
dibba,2003-01-03,27,1,2.1779,-0.0386,1,27,1.0000,True,0.0370,QUIET,25
dibba,2003-01-04,0,0,,,1,27,0.0000,False,,NODATA,25
dibba,2003-01-05,26,0,1.1485,-0.0582,1,27,0.9630,True,0.0000,QUIET,25
dibba,2003-01-06,5,0,0.2117,-0.1373,1,27,0.1852,True,0.0000,QUIET,25
dibba,2003-01-07,20,0,0.8069,-0.1552,1,27,0.7407,True,0.0000,QUIET,25
dibba,2003-01-08,27,2,2.5667,0.2248,1,27,1.0000,True,0.0741,QUIET,25
dibba,2003-01-09,7,0,0.1672,-0.1284,1,27,0.2593,True,0.0000,QUIET,25
dibba,2003-01-10,27,0,-0.0167,-0.1335,1,27,1.0000,True,0.0000,QUIET,25
dibba,2003-01-11,0,0,,,1,27,0.0000,False,,NODATA,25
dibba,2003-01-12,27,1,2.1977,-0.0806,1,27,1.0000,True,0.0370,QUIET,25
dibba,2003-01-13,16,0,0.3961,0.0896,1,27,0.5926,True,0.0000,QUIET,25
dibba,2003-01-14,25,0,1.6613,-0.1808,1,27,0.9259,True,0.0000,QUIET,25
dibba,2003-01-15,14,0,0.8966,-0.0383,1,27,0.5185,True,0.0000,QUIET,25
dibba,2003-01-16,0,0,,,1,27,0.0000,False,,NODATA,25
dibba,2003-01-17,0,0,,,1,27,0.0000,False,,NODATA,25
dibba,2003-01-18,0,0,,,1,27,0.0000,False,,NODATA,25
dibba,2003-01-19,3,0,-0.8188,-0.2444,1,27,0.1111,True,0.0000,QUIET,25
dibba,2003-01-20,0,0,,,1,27,0.0000,False,,NODATA,25
dibba,2003-01-21,8,0,0.6531,0.0353,1,27,0.2963,True,0.0000,QUIET,25
dibba,2003-01-22,0,0,,,1,27,0.0000,False,,NODATA,25
dibba,2003-01-23,0,0,,,1,27,0.0000,False,,NODATA,25
dibba,2003-01-24,0,0,,,1,27,0.0000,False,,NODATA,25
dibba,2003-01-25,0,0,,,1,27,0.0000,False,,NODATA,25
dibba,2003-01-26,19,0,0.8695,-0.1590,1,27,0.7037,True,0.0000,QUIET,25
dibba,2003-01-27,0,0,,,1,27,0.0000,False,,NODATA,25
dibba,2003-01-28,27,0,0.8023,-0.1545,1,27,1.0000,True,0.0000,QUIET,25
dibba,2003-01-29,0,0,,,1,27,0.0000,False,,NODATA,25
dibba,2003-01-30,0,0,,,1,27,0.0000,False,,NODATA,25
dibba,2003-01-31,24,0,-0.5278,-0.1681,1,27,0.8889,True,0.0000,QUIET,25
dibba,2003-02-01,16,0,-0.9092,-0.2447,2,27,0.5926,True,0.0000,QUIET,25
dibba,2003-02-02,26,0,0.3835,-0.1381,2,27,0.9630,True,0.0000,QUIET,25
dibba,2003-02-03,0,0,,,2,27,0.0000,False,,NODATA,25
dibba,2003-02-04,26,0,0.1168,-0.1405,2,27,0.9630,True,0.0000,QUIET,25
dibba,2003-02-05,0,0,,,2,27,0.0000,False,,NODATA,25
dibba,2003-02-06,0,0,,,2,27,0.0000,False,,NODATA,25
dibba,2003-02-07,16,1,2.0892,0.8880,2,27,0.5926,True,0.0625,QUIET,25
dibba,2003-02-08,17,0,1.3734,0.3961,2,27,0.6296,True,0.0000,QUIET,25
dibba,2003-02-09,0,0,,,2,27,0.0000,False,,NODATA,25
dibba,2003-02-10,0,0,,,2,27,0.0000,False,,NODATA,25
dibba,2003-02-11,0,0,,,2,27,0.0000,False,,NODATA,25
dibba,2003-02-12,0,0,,,2,27,0.0000,False,,NODATA,25
dibba,2003-02-13,0,0,,,2,27,0.0000,False,,NODATA,25
dibba,2003-02-14,0,0,,,2,27,0.0000,False,,NODATA,25
dibba,2003-02-15,0,0,,,2,27,0.0000,False,,NODATA,25
dibba,2003-02-16,0,0,,,2,27,0.0000,False,,NODATA,25
dibba,2003-02-17,2,0,-0.2093,0.1335,2,27,0.0741,False,,NODATA,25
dibba,2003-02-18,26,0,0.6146,0.0573,2,27,0.9630,True,0.0000,QUIET,25
dibba,2003-02-19,0,0,,,2,27,0.0000,False,,NODATA,25
dibba,2003-02-20,0,0,,,2,27,0.0000,False,,NODATA,25
dibba,2003-02-21,0,0,,,2,27,0.0000,False,,NODATA,25
dibba,2003-02-22,0,0,,,2,27,0.0000,False,,NODATA,25
dibba,2003-02-23,0,0,,,2,27,0.0000,False,,NODATA,25
dibba,2003-02-24,0,0,,,2,27,0.0000,False,,NODATA,25
dibba,2003-02-25,0,0,,,2,27,0.0000,False,,NODATA,25
dibba,2003-02-26,0,0,,,2,27,0.0000,False,,NODATA,25
dibba,2003-02-27,0,0,,,2,27,0.0000,False,,NODATA,25
dibba,2003-02-28,0,0,,,2,27,0.0000,False,,NODATA,25
dibba,2003-03-01,0,0,,,3,27,0.0000,False,,NODATA,25
dibba,2003-03-02,16,0,0.1680,0.1072,3,27,0.5926,True,0.0000,QUIET,25
dibba,2003-03-03,0,0,,,3,27,0.0000,False,,NODATA,25
dibba,2003-03-04,0,0,,,3,27,0.0000,False,,NODATA,25
dibba,2003-03-05,0,0,,,3,27,0.0000,False,,NODATA,25
dibba,2003-03-06,25,15,2.8504,1.5757,3,27,0.9259,True,0.6000,EXCEED,25
dibba,2003-03-07,0,0,,,3,27,0.0000,False,,NODATA,25
dibba,2003-03-08,0,0,,,3,27,0.0000,False,,NODATA,25
dibba,2003-03-09,0,0,,,3,27,0.0000,False,,NODATA,25
dibba,2003-03-10,0,0,,,3,27,0.0000,False,,NODATA,25
dibba,2003-03-11,0,0,,,3,27,0.0000,False,,NODATA,25
dibba,2003-03-12,0,0,,,3,27,0.0000,False,,NODATA,25
dibba,2003-03-13,0,0,,,3,27,0.0000,False,,NODATA,25
dibba,2003-03-14,0,0,,,3,27,0.0000,False,,NODATA,25
dibba,2003-03-15,27,0,0.6972,0.3197,3,27,1.0000,True,0.0000,QUIET,25
dibba,2003-03-16,0,0,,,3,27,0.0000,False,,NODATA,25
dibba,2003-03-17,0,0,,,3,27,0.0000,False,,NODATA,25
dibba,2003-03-18,0,0,,,3,27,0.0000,False,,NODATA,25
dibba,2003-03-19,0,0,,,3,27,0.0000,False,,NODATA,25
dibba,2003-03-20,0,0,,,3,27,0.0000,False,,NODATA,25
dibba,2003-03-21,0,0,,,3,27,0.0000,False,,NODATA,25
dibba,2003-03-22,0,0,,,3,27,0.0000,False,,NODATA,25
dibba,2003-03-23,0,0,,,3,27,0.0000,False,,NODATA,25
dibba,2003-03-24,0,0,,,3,27,0.0000,False,,NODATA,25
dibba,2003-03-25,0,0,,,3,27,0.0000,False,,NODATA,25
dibba,2003-03-26,0,0,,,3,27,0.0000,False,,NODATA,25
dibba,2003-03-27,0,0,,,3,27,0.0000,False,,NODATA,25
dibba,2003-03-28,0,0,,,3,27,0.0000,False,,NODATA,25
dibba,2003-03-29,0,0,,,3,27,0.0000,False,,NODATA,25
dibba,2003-03-30,0,0,,,3,27,0.0000,False,,NODATA,25
dibba,2003-03-31,0,0,,,3,27,0.0000,False,,NODATA,25
dibba,2003-04-01,0,0,,,4,27,0.0000,False,,NODATA,25
dibba,2003-04-02,0,0,,,4,27,0.0000,False,,NODATA,25
dibba,2003-04-03,15,2,2.9301,0.2141,4,27,0.5556,True,0.1333,QUIET,25
dibba,2003-04-04,6,0,0.6197,0.0208,4,27,0.2222,True,0.0000,QUIET,25
dibba,2003-04-05,26,0,1.2287,0.0872,4,27,0.9630,True,0.0000,QUIET,25
dibba,2003-04-06,7,0,1.3112,0.1854,4,27,0.2593,True,0.0000,QUIET,25
dibba,2003-04-07,27,0,1.4635,0.0697,4,27,1.0000,True,0.0000,QUIET,25
dibba,2003-04-08,0,0,,,4,27,0.0000,False,,NODATA,25
dibba,2003-04-09,0,0,,,4,27,0.0000,False,,NODATA,25
dibba,2003-04-10,0,0,,,4,27,0.0000,False,,NODATA,25
dibba,2003-04-11,0,0,,,4,27,0.0000,False,,NODATA,25
dibba,2003-04-12,0,0,,,4,27,0.0000,False,,NODATA,25
dibba,2003-04-13,0,0,,,4,27,0.0000,False,,NODATA,25
dibba,2003-04-14,0,0,,,4,27,0.0000,False,,NODATA,25
dibba,2003-04-15,0,0,,,4,27,0.0000,False,,NODATA,25
dibba,2003-04-16,0,0,,,4,27,0.0000,False,,NODATA,25
dibba,2003-04-17,0,0,,,4,27,0.0000,False,,NODATA,25
dibba,2003-04-18,0,0,,,4,27,0.0000,False,,NODATA,25
dibba,2003-04-19,0,0,,,4,27,0.0000,False,,NODATA,25
dibba,2003-04-20,0,0,,,4,27,0.0000,False,,NODATA,25
dibba,2003-04-21,0,0,,,4,27,0.0000,False,,NODATA,25
dibba,2003-04-22,0,0,,,4,27,0.0000,False,,NODATA,25
dibba,2003-04-23,0,0,,,4,27,0.0000,False,,NODATA,25
dibba,2003-04-24,0,0,,,4,27,0.0000,False,,NODATA,25
dibba,2003-04-25,0,0,,,4,27,0.0000,False,,NODATA,25
dibba,2003-04-26,0,0,,,4,27,0.0000,False,,NODATA,25
dibba,2003-04-27,0,0,,,4,27,0.0000,False,,NODATA,25
dibba,2003-04-28,17,0,-0.3455,-0.2898,4,27,0.6296,True,0.0000,QUIET,25
dibba,2003-04-29,15,0,-0.6555,-0.4213,4,27,0.5556,True,0.0000,QUIET,25
dibba,2003-04-30,26,0,-0.0495,-0.3344,4,27,0.9630,True,0.0000,QUIET,25
dibba,2003-05-01,9,0,1.0028,-0.2543,5,17,0.5294,True,0.0000,QUIET,25
dibba,2003-05-02,0,0,,,5,17,0.0000,False,,NODATA,25
dibba,2003-05-03,0,0,,,5,17,0.0000,False,,NODATA,25
dibba,2003-05-04,0,0,,,5,17,0.0000,False,,NODATA,25
dibba,2003-05-05,0,0,,,5,17,0.0000,False,,NODATA,25
dibba,2003-05-06,0,0,,,5,17,0.0000,False,,NODATA,25
dibba,2003-05-07,0,0,,,5,17,0.0000,False,,NODATA,25
dibba,2003-05-08,0,0,,,5,17,0.0000,False,,NODATA,25
dibba,2003-05-09,0,0,,,5,17,0.0000,False,,NODATA,25
dibba,2003-05-10,0,0,,,5,17,0.0000,False,,NODATA,25
dibba,2003-05-11,0,0,,,5,17,0.0000,False,,NODATA,25
dibba,2003-05-12,0,0,,,5,17,0.0000,False,,NODATA,25
dibba,2003-05-13,0,0,,,5,17,0.0000,False,,NODATA,25
dibba,2003-05-14,0,0,,,5,17,0.0000,False,,NODATA,25
dibba,2003-05-15,0,0,,,5,17,0.0000,False,,NODATA,25
dibba,2003-05-16,9,0,0.9368,-0.4346,5,17,0.5294,True,0.0000,QUIET,25
dibba,2003-05-17,0,0,,,5,17,0.0000,False,,NODATA,25
dibba,2003-05-18,0,0,,,5,17,0.0000,False,,NODATA,25
dibba,2003-05-19,0,0,,,5,17,0.0000,False,,NODATA,25
dibba,2003-05-20,0,0,,,5,17,0.0000,False,,NODATA,25
dibba,2003-05-21,0,0,,,5,17,0.0000,False,,NODATA,25
dibba,2003-05-22,0,0,,,5,17,0.0000,False,,NODATA,25
dibba,2003-05-23,0,0,,,5,17,0.0000,False,,NODATA,25
dibba,2003-05-24,0,0,,,5,17,0.0000,False,,NODATA,25
dibba,2003-05-25,0,0,,,5,17,0.0000,False,,NODATA,25
dibba,2003-05-26,0,0,,,5,17,0.0000,False,,NODATA,25
dibba,2003-05-27,0,0,,,5,17,0.0000,False,,NODATA,25
dibba,2003-05-28,0,0,,,5,17,0.0000,False,,NODATA,25
dibba,2003-05-29,0,0,,,5,17,0.0000,False,,NODATA,25
dibba,2003-05-30,0,0,,,5,17,0.0000,False,,NODATA,25
dibba,2003-05-31,0,0,,,5,17,0.0000,False,,NODATA,25
dibba,2003-06-01,0,0,,,6,14,0.0000,False,,NODATA,25
dibba,2003-06-02,0,0,,,6,14,0.0000,False,,NODATA,25
dibba,2003-06-03,0,0,,,6,14,0.0000,False,,NODATA,25
dibba,2003-06-04,0,0,,,6,14,0.0000,False,,NODATA,25
dibba,2003-06-05,0,0,,,6,14,0.0000,False,,NODATA,25
dibba,2003-06-06,0,0,,,6,14,0.0000,False,,NODATA,25
dibba,2003-06-07,0,0,,,6,14,0.0000,False,,NODATA,25
dibba,2003-06-08,14,0,0.1456,-0.4928,6,14,1.0000,True,0.0000,QUIET,25
dibba,2003-06-09,0,0,,,6,14,0.0000,False,,NODATA,25
dibba,2003-06-10,0,0,,,6,14,0.0000,False,,NODATA,25
dibba,2003-06-11,0,0,,,6,14,0.0000,False,,NODATA,25
dibba,2003-06-12,0,0,,,6,14,0.0000,False,,NODATA,25
dibba,2003-06-13,0,0,,,6,14,0.0000,False,,NODATA,25
dibba,2003-06-14,0,0,,,6,14,0.0000,False,,NODATA,25
dibba,2003-06-15,0,0,,,6,14,0.0000,False,,NODATA,25
dibba,2003-06-16,0,0,,,6,14,0.0000,False,,NODATA,25
dibba,2003-06-17,0,0,,,6,14,0.0000,False,,NODATA,25
dibba,2003-06-18,0,0,,,6,14,0.0000,False,,NODATA,25
dibba,2003-06-19,0,0,,,6,14,0.0000,False,,NODATA,25
dibba,2003-06-20,0,0,,,6,14,0.0000,False,,NODATA,25
dibba,2003-06-21,0,0,,,6,14,0.0000,False,,NODATA,25
dibba,2003-06-22,0,0,,,6,14,0.0000,False,,NODATA,25
dibba,2003-06-23,0,0,,,6,14,0.0000,False,,NODATA,25
dibba,2003-06-24,0,0,,,6,14,0.0000,False,,NODATA,25
dibba,2003-06-25,0,0,,,6,14,0.0000,False,,NODATA,25
dibba,2003-06-26,0,0,,,6,14,0.0000,False,,NODATA,25
dibba,2003-06-27,0,0,,,6,14,0.0000,False,,NODATA,25
dibba,2003-06-28,0,0,,,6,14,0.0000,False,,NODATA,25
dibba,2003-06-29,0,0,,,6,14,0.0000,False,,NODATA,25
dibba,2003-06-30,0,0,,,6,14,0.0000,False,,NODATA,25
dibba,2003-07-01,0,0,,,7,0,0.0000,False,,NODATA,25
dibba,2003-07-02,0,0,,,7,0,0.0000,False,,NODATA,25
dibba,2003-07-03,0,0,,,7,0,0.0000,False,,NODATA,25
dibba,2003-07-04,0,0,,,7,0,0.0000,False,,NODATA,25
dibba,2003-07-05,0,0,,,7,0,0.0000,False,,NODATA,25
dibba,2003-07-06,0,0,,,7,0,0.0000,False,,NODATA,25
dibba,2003-07-07,0,0,,,7,0,0.0000,False,,NODATA,25
dibba,2003-07-08,0,0,,,7,0,0.0000,False,,NODATA,25
dibba,2003-07-09,0,0,,,7,0,0.0000,False,,NODATA,25
dibba,2003-07-10,0,0,,,7,0,0.0000,False,,NODATA,25
dibba,2003-07-11,0,0,,,7,0,0.0000,False,,NODATA,25
dibba,2003-07-12,0,0,,,7,0,0.0000,False,,NODATA,25
dibba,2003-07-13,0,0,,,7,0,0.0000,False,,NODATA,25
dibba,2003-07-14,0,0,,,7,0,0.0000,False,,NODATA,25
dibba,2003-07-15,0,0,,,7,0,0.0000,False,,NODATA,25
dibba,2003-07-16,0,0,,,7,0,0.0000,False,,NODATA,25
dibba,2003-07-17,0,0,,,7,0,0.0000,False,,NODATA,25
dibba,2003-07-18,0,0,,,7,0,0.0000,False,,NODATA,25
dibba,2003-07-19,0,0,,,7,0,0.0000,False,,NODATA,25
dibba,2003-07-20,0,0,,,7,0,0.0000,False,,NODATA,25
dibba,2003-07-21,0,0,,,7,0,0.0000,False,,NODATA,25
dibba,2003-07-22,0,0,,,7,0,0.0000,False,,NODATA,25
dibba,2003-07-23,0,0,,,7,0,0.0000,False,,NODATA,25
dibba,2003-07-24,0,0,,,7,0,0.0000,False,,NODATA,25
dibba,2003-07-25,0,0,,,7,0,0.0000,False,,NODATA,25
dibba,2003-07-26,0,0,,,7,0,0.0000,False,,NODATA,25
dibba,2003-07-27,0,0,,,7,0,0.0000,False,,NODATA,25
dibba,2003-07-28,0,0,,,7,0,0.0000,False,,NODATA,25
dibba,2003-07-29,0,0,,,7,0,0.0000,False,,NODATA,25
dibba,2003-07-30,0,0,,,7,0,0.0000,False,,NODATA,25
dibba,2003-07-31,0,0,,,7,0,0.0000,False,,NODATA,25
dibba,2003-08-01,0,0,,,8,0,0.0000,False,,NODATA,25
dibba,2003-08-02,0,0,,,8,0,0.0000,False,,NODATA,25
dibba,2003-08-03,0,0,,,8,0,0.0000,False,,NODATA,25
dibba,2003-08-04,0,0,,,8,0,0.0000,False,,NODATA,25
dibba,2003-08-05,0,0,,,8,0,0.0000,False,,NODATA,25
dibba,2003-08-06,0,0,,,8,0,0.0000,False,,NODATA,25
dibba,2003-08-07,0,0,,,8,0,0.0000,False,,NODATA,25
dibba,2003-08-08,0,0,,,8,0,0.0000,False,,NODATA,25
dibba,2003-08-09,0,0,,,8,0,0.0000,False,,NODATA,25
dibba,2003-08-10,0,0,,,8,0,0.0000,False,,NODATA,25
dibba,2003-08-11,0,0,,,8,0,0.0000,False,,NODATA,25
dibba,2003-08-12,0,0,,,8,0,0.0000,False,,NODATA,25
dibba,2003-08-13,0,0,,,8,0,0.0000,False,,NODATA,25
dibba,2003-08-14,0,0,,,8,0,0.0000,False,,NODATA,25
dibba,2003-08-15,0,0,,,8,0,0.0000,False,,NODATA,25
dibba,2003-08-16,0,0,,,8,0,0.0000,False,,NODATA,25
dibba,2003-08-17,0,0,,,8,0,0.0000,False,,NODATA,25
dibba,2003-08-18,0,0,,,8,0,0.0000,False,,NODATA,25
dibba,2003-08-19,0,0,,,8,0,0.0000,False,,NODATA,25
dibba,2003-08-20,0,0,,,8,0,0.0000,False,,NODATA,25
dibba,2003-08-21,0,0,,,8,0,0.0000,False,,NODATA,25
dibba,2003-08-22,0,0,,,8,0,0.0000,False,,NODATA,25
dibba,2003-08-23,0,0,,,8,0,0.0000,False,,NODATA,25
dibba,2003-08-24,0,0,,,8,0,0.0000,False,,NODATA,25
dibba,2003-08-25,0,0,,,8,0,0.0000,False,,NODATA,25
dibba,2003-08-26,0,0,,,8,0,0.0000,False,,NODATA,25
dibba,2003-08-27,0,0,,,8,0,0.0000,False,,NODATA,25
dibba,2003-08-28,0,0,,,8,0,0.0000,False,,NODATA,25
dibba,2003-08-29,0,0,,,8,0,0.0000,False,,NODATA,25
dibba,2003-08-30,0,0,,,8,0,0.0000,False,,NODATA,25
dibba,2003-08-31,0,0,,,8,0,0.0000,False,,NODATA,25
dibba,2003-09-01,0,0,,,9,21,0.0000,False,,NODATA,25
dibba,2003-09-02,0,0,,,9,21,0.0000,False,,NODATA,25
dibba,2003-09-03,0,0,,,9,21,0.0000,False,,NODATA,25
dibba,2003-09-04,0,0,,,9,21,0.0000,False,,NODATA,25
dibba,2003-09-05,20,0,0.6985,-0.1080,9,21,0.9524,True,0.0000,QUIET,25
dibba,2003-09-06,0,0,,,9,21,0.0000,False,,NODATA,25
dibba,2003-09-07,0,0,,,9,21,0.0000,False,,NODATA,25
dibba,2003-09-08,0,0,,,9,21,0.0000,False,,NODATA,25
dibba,2003-09-09,0,0,,,9,21,0.0000,False,,NODATA,25
dibba,2003-09-10,0,0,,,9,21,0.0000,False,,NODATA,25
dibba,2003-09-11,0,0,,,9,21,0.0000,False,,NODATA,25
dibba,2003-09-12,0,0,,,9,21,0.0000,False,,NODATA,25
dibba,2003-09-13,0,0,,,9,21,0.0000,False,,NODATA,25
dibba,2003-09-14,0,0,,,9,21,0.0000,False,,NODATA,25
dibba,2003-09-15,0,0,,,9,21,0.0000,False,,NODATA,25
dibba,2003-09-16,0,0,,,9,21,0.0000,False,,NODATA,25
dibba,2003-09-17,0,0,,,9,21,0.0000,False,,NODATA,25
dibba,2003-09-18,0,0,,,9,21,0.0000,False,,NODATA,25
dibba,2003-09-19,0,0,,,9,21,0.0000,False,,NODATA,25
dibba,2003-09-20,0,0,,,9,21,0.0000,False,,NODATA,25
dibba,2003-09-21,0,0,,,9,21,0.0000,False,,NODATA,25
dibba,2003-09-22,0,0,,,9,21,0.0000,False,,NODATA,25
dibba,2003-09-23,0,0,,,9,21,0.0000,False,,NODATA,25
dibba,2003-09-24,0,0,,,9,21,0.0000,False,,NODATA,25
dibba,2003-09-25,0,0,,,9,21,0.0000,False,,NODATA,25
dibba,2003-09-26,0,0,,,9,21,0.0000,False,,NODATA,25
dibba,2003-09-27,0,0,,,9,21,0.0000,False,,NODATA,25
dibba,2003-09-28,0,0,,,9,21,0.0000,False,,NODATA,25
dibba,2003-09-29,0,0,,,9,21,0.0000,False,,NODATA,25
dibba,2003-09-30,0,0,,,9,21,0.0000,False,,NODATA,25
dibba,2003-10-01,0,0,,,10,28,0.0000,False,,NODATA,25
dibba,2003-10-02,23,14,4.8329,0.7073,10,28,0.8214,True,0.6087,EXCEED,25
dibba,2003-10-03,0,0,,,10,28,0.0000,False,,NODATA,25
dibba,2003-10-04,15,3,2.7433,0.1810,10,28,0.5357,True,0.2000,QUIET,25
dibba,2003-10-05,0,0,,,10,28,0.0000,False,,NODATA,25
dibba,2003-10-06,0,0,,,10,28,0.0000,False,,NODATA,25
dibba,2003-10-07,0,0,,,10,28,0.0000,False,,NODATA,25
dibba,2003-10-08,0,0,,,10,28,0.0000,False,,NODATA,25
dibba,2003-10-09,21,9,3.5361,0.3949,10,28,0.7500,True,0.4286,ALERT,25
dibba,2003-10-10,0,0,,,10,28,0.0000,False,,NODATA,25
dibba,2003-10-11,27,0,0.8867,-0.2036,10,28,0.9643,True,0.0000,QUIET,25
dibba,2003-10-12,0,0,,,10,28,0.0000,False,,NODATA,25
dibba,2003-10-13,0,0,,,10,28,0.0000,False,,NODATA,25
dibba,2003-10-14,24,0,1.4535,-0.1401,10,28,0.8571,True,0.0000,QUIET,25
dibba,2003-10-15,0,0,,,10,28,0.0000,False,,NODATA,25
dibba,2003-10-16,25,4,4.3596,0.1485,10,28,0.8929,True,0.1600,QUIET,25
dibba,2003-10-17,0,0,,,10,28,0.0000,False,,NODATA,25
dibba,2003-10-18,26,0,0.6265,-0.2977,10,28,0.9286,True,0.0000,QUIET,25
dibba,2003-10-19,0,0,,,10,28,0.0000,False,,NODATA,25
dibba,2003-10-20,0,0,,,10,28,0.0000,False,,NODATA,25
dibba,2003-10-21,5,0,0.6797,-0.1704,10,28,0.1786,True,0.0000,QUIET,25
dibba,2003-10-22,0,0,,,10,28,0.0000,False,,NODATA,25
dibba,2003-10-23,26,0,1.5851,-0.2386,10,28,0.9286,True,0.0000,QUIET,25
dibba,2003-10-24,0,0,,,10,28,0.0000,False,,NODATA,25
dibba,2003-10-25,1,0,1.9304,0.6597,10,28,0.0357,False,,NODATA,25
dibba,2003-10-26,0,0,,,10,28,0.0000,False,,NODATA,25
dibba,2003-10-27,0,0,,,10,28,0.0000,False,,NODATA,25
dibba,2003-10-28,0,0,,,10,28,0.0000,False,,NODATA,25
dibba,2003-10-29,0,0,,,10,28,0.0000,False,,NODATA,25
dibba,2003-10-30,27,0,1.5050,-0.2098,10,28,0.9643,True,0.0000,QUIET,25
dibba,2003-10-31,0,0,,,10,28,0.0000,False,,NODATA,25
dibba,2003-11-01,23,0,-0.0180,-0.1097,11,28,0.8214,True,0.0000,QUIET,25
dibba,2003-11-02,0,0,,,11,28,0.0000,False,,NODATA,25
dibba,2003-11-03,11,0,-0.8078,-0.3670,11,28,0.3929,True,0.0000,QUIET,25
dibba,2003-11-04,0,0,,,11,28,0.0000,False,,NODATA,25
dibba,2003-11-05,23,0,-0.8636,-0.3998,11,28,0.8214,True,0.0000,QUIET,25
dibba,2003-11-06,19,0,0.0212,-0.2705,11,28,0.6786,True,0.0000,QUIET,25
dibba,2003-11-07,17,0,-0.4273,-0.3869,11,28,0.6071,True,0.0000,QUIET,25
dibba,2003-11-08,18,0,0.7483,0.2577,11,28,0.6429,True,0.0000,QUIET,25
dibba,2003-11-09,0,0,,,11,28,0.0000,False,,NODATA,25
dibba,2003-11-10,28,0,0.8631,0.0985,11,28,1.0000,True,0.0000,QUIET,25
dibba,2003-11-11,0,0,,,11,28,0.0000,False,,NODATA,25
dibba,2003-11-12,27,0,0.0419,-0.1042,11,28,0.9643,True,0.0000,QUIET,25
dibba,2003-11-13,0,0,,,11,28,0.0000,False,,NODATA,25
dibba,2003-11-14,0,0,,,11,28,0.0000,False,,NODATA,25
dibba,2003-11-15,0,0,,,11,28,0.0000,False,,NODATA,25
dibba,2003-11-16,10,0,-0.2706,-0.1109,11,28,0.3571,True,0.0000,QUIET,25
dibba,2003-11-17,0,0,,,11,28,0.0000,False,,NODATA,25
dibba,2003-11-18,0,0,,,11,28,0.0000,False,,NODATA,25
dibba,2003-11-19,26,0,1.4344,0.0948,11,28,0.9286,True,0.0000,QUIET,25
dibba,2003-11-20,0,0,,,11,28,0.0000,False,,NODATA,25
dibba,2003-11-21,17,1,2.6794,0.3234,11,28,0.6071,True,0.0588,QUIET,25
dibba,2003-11-22,0,0,,,11,28,0.0000,False,,NODATA,25
dibba,2003-11-23,0,0,,,11,28,0.0000,False,,NODATA,25
dibba,2003-11-24,0,0,,,11,28,0.0000,False,,NODATA,25
dibba,2003-11-25,0,0,,,11,28,0.0000,False,,NODATA,25
dibba,2003-11-26,28,4,2.2593,0.6406,11,28,1.0000,True,0.1429,QUIET,25
dibba,2003-11-27,0,0,,,11,28,0.0000,False,,NODATA,25
dibba,2003-11-28,28,0,0.6420,0.2348,11,28,1.0000,True,0.0000,QUIET,25
dibba,2003-11-29,0,0,,,11,28,0.0000,False,,NODATA,25
dibba,2003-11-30,0,0,,,11,28,0.0000,False,,NODATA,25
dibba,2003-12-01,0,0,,,12,27,0.0000,False,,NODATA,25
dibba,2003-12-02,0,0,,,12,27,0.0000,False,,NODATA,25
dibba,2003-12-03,0,0,,,12,27,0.0000,False,,NODATA,25
dibba,2003-12-04,0,0,,,12,27,0.0000,False,,NODATA,25
dibba,2003-12-05,0,0,,,12,27,0.0000,False,,NODATA,25
dibba,2003-12-06,0,0,,,12,27,0.0000,False,,NODATA,25
dibba,2003-12-07,0,0,,,12,27,0.0000,False,,NODATA,25
dibba,2003-12-08,0,0,,,12,27,0.0000,False,,NODATA,25
dibba,2003-12-09,22,0,-0.0416,-0.0217,12,27,0.8148,True,0.0000,QUIET,25
dibba,2003-12-10,27,1,2.0258,0.1108,12,27,1.0000,True,0.0370,QUIET,25
dibba,2003-12-11,1,0,-0.5215,-0.0484,12,27,0.0370,False,,NODATA,25
dibba,2003-12-12,0,0,,,12,27,0.0000,False,,NODATA,25
dibba,2003-12-13,0,0,,,12,27,0.0000,False,,NODATA,25
dibba,2003-12-14,0,0,,,12,27,0.0000,False,,NODATA,25
dibba,2003-12-15,0,0,,,12,27,0.0000,False,,NODATA,25
dibba,2003-12-16,7,0,0.6280,0.1857,12,27,0.2593,True,0.0000,QUIET,25
dibba,2003-12-17,0,0,,,12,27,0.0000,False,,NODATA,25
dibba,2003-12-18,0,0,,,12,27,0.0000,False,,NODATA,25
dibba,2003-12-19,21,3,2.9090,0.4955,12,27,0.7778,True,0.1429,QUIET,25
dibba,2003-12-20,0,0,,,12,27,0.0000,False,,NODATA,25
dibba,2003-12-21,27,0,0.5608,0.0449,12,27,1.0000,True,0.0000,QUIET,25
dibba,2003-12-22,0,0,,,12,27,0.0000,False,,NODATA,25
dibba,2003-12-23,0,0,,,12,27,0.0000,False,,NODATA,25
dibba,2003-12-24,0,0,,,12,27,0.0000,False,,NODATA,25
dibba,2003-12-25,0,0,,,12,27,0.0000,False,,NODATA,25
dibba,2003-12-26,1,1,2.0248,0.7730,12,27,0.0370,False,,NODATA,25
dibba,2003-12-27,0,0,,,12,27,0.0000,False,,NODATA,25
dibba,2003-12-28,0,0,,,12,27,0.0000,False,,NODATA,25
dibba,2003-12-29,0,0,,,12,27,0.0000,False,,NODATA,25
dibba,2003-12-30,0,0,,,12,27,0.0000,False,,NODATA,25
dibba,2003-12-31,0,0,,,12,27,0.0000,False,,NODATA,25
dibba,2004-01-01,14,5,3.2242,0.6552,1,27,0.5185,True,0.3571,QUIET,25
dibba,2004-01-02,0,0,,,1,27,0.0000,False,,NODATA,25
dibba,2004-01-03,0,0,,,1,27,0.0000,False,,NODATA,25
dibba,2004-01-04,0,0,,,1,27,0.0000,False,,NODATA,25
dibba,2004-01-05,0,0,,,1,27,0.0000,False,,NODATA,25
dibba,2004-01-06,0,0,,,1,27,0.0000,False,,NODATA,25
dibba,2004-01-07,0,0,,,1,27,0.0000,False,,NODATA,25
dibba,2004-01-08,0,0,,,1,27,0.0000,False,,NODATA,25
dibba,2004-01-09,0,0,,,1,27,0.0000,False,,NODATA,25
dibba,2004-01-10,0,0,,,1,27,0.0000,False,,NODATA,25
dibba,2004-01-11,0,0,,,1,27,0.0000,False,,NODATA,25
dibba,2004-01-12,0,0,,,1,27,0.0000,False,,NODATA,25
dibba,2004-01-13,7,5,3.1550,0.9552,1,27,0.2593,True,0.7143,EXCEED,25
dibba,2004-01-14,0,0,,,1,27,0.0000,False,,NODATA,25
dibba,2004-01-15,0,0,,,1,27,0.0000,False,,NODATA,25
dibba,2004-01-16,0,0,,,1,27,0.0000,False,,NODATA,25
dibba,2004-01-17,0,0,,,1,27,0.0000,False,,NODATA,25
dibba,2004-01-18,0,0,,,1,27,0.0000,False,,NODATA,25
dibba,2004-01-19,0,0,,,1,27,0.0000,False,,NODATA,25
dibba,2004-01-20,17,0,-0.8201,-0.2732,1,27,0.6296,True,0.0000,QUIET,25
dibba,2004-01-21,0,0,,,1,27,0.0000,False,,NODATA,25
dibba,2004-01-22,0,0,,,1,27,0.0000,False,,NODATA,25
dibba,2004-01-23,0,0,,,1,27,0.0000,False,,NODATA,25
dibba,2004-01-24,16,0,-0.5229,-0.1753,1,27,0.5926,True,0.0000,QUIET,25
dibba,2004-01-25,0,0,,,1,27,0.0000,False,,NODATA,25
dibba,2004-01-26,0,0,,,1,27,0.0000,False,,NODATA,25
dibba,2004-01-27,0,0,,,1,27,0.0000,False,,NODATA,25
dibba,2004-01-28,8,0,-0.8347,-0.2668,1,27,0.2963,True,0.0000,QUIET,25
dibba,2004-01-29,26,0,-0.7358,-0.2453,1,27,0.9630,True,0.0000,QUIET,25
dibba,2004-01-30,0,0,,,1,27,0.0000,False,,NODATA,25
dibba,2004-01-31,1,0,-0.4427,0.3286,1,27,0.0370,False,,NODATA,25
dibba,2004-02-01,4,0,-0.5264,0.0023,2,27,0.1481,True,0.0000,QUIET,25
dibba,2004-02-02,1,0,-0.8353,-0.2680,2,27,0.0370,False,,NODATA,25
dibba,2004-02-03,1,0,1.2940,1.0227,2,27,0.0370,False,,NODATA,25
dibba,2004-02-04,0,0,,,2,27,0.0000,False,,NODATA,25
dibba,2004-02-05,17,0,1.9863,0.9693,2,27,0.6296,True,0.0000,QUIET,25
dibba,2004-02-06,0,0,,,2,27,0.0000,False,,NODATA,25
dibba,2004-02-07,0,0,,,2,27,0.0000,False,,NODATA,25
dibba,2004-02-08,0,0,,,2,27,0.0000,False,,NODATA,25
dibba,2004-02-09,17,0,1.4922,0.4706,2,27,0.6296,True,0.0000,QUIET,25
dibba,2004-02-10,18,0,1.9695,0.6702,2,27,0.6667,True,0.0000,QUIET,25
dibba,2004-02-11,22,0,1.2520,0.1035,2,27,0.8148,True,0.0000,QUIET,25
dibba,2004-02-12,8,6,2.8051,1.4246,2,27,0.2963,True,0.7500,EXCEED,25
dibba,2004-02-13,0,0,,,2,27,0.0000,False,,NODATA,25
dibba,2004-02-14,0,0,,,2,27,0.0000,False,,NODATA,25
dibba,2004-02-15,0,0,,,2,27,0.0000,False,,NODATA,25
dibba,2004-02-16,17,9,3.0213,1.5142,2,27,0.6296,True,0.5294,ALERT,25
dibba,2004-02-17,0,0,,,2,27,0.0000,False,,NODATA,25
dibba,2004-02-18,23,0,1.7109,0.6808,2,27,0.8519,True,0.0000,QUIET,25
dibba,2004-02-19,0,0,,,2,27,0.0000,False,,NODATA,25
dibba,2004-02-20,0,0,,,2,27,0.0000,False,,NODATA,25
dibba,2004-02-21,0,0,,,2,27,0.0000,False,,NODATA,25
dibba,2004-02-22,0,0,,,2,27,0.0000,False,,NODATA,25
dibba,2004-02-23,0,0,,,2,27,0.0000,False,,NODATA,25
dibba,2004-02-24,0,0,,,2,27,0.0000,False,,NODATA,25
dibba,2004-02-25,16,0,0.0004,0.0818,2,27,0.5926,True,0.0000,QUIET,25
dibba,2004-02-26,16,0,0.0694,0.1515,2,27,0.5926,True,0.0000,QUIET,25
dibba,2004-02-27,15,0,-0.4137,0.0128,2,27,0.5556,True,0.0000,QUIET,25
dibba,2004-02-28,27,0,1.0667,0.5015,2,27,1.0000,True,0.0000,QUIET,25
dibba,2004-02-29,5,0,0.6902,0.4853,2,27,0.1852,True,0.0000,QUIET,25
dibba,2004-03-01,27,0,0.3126,0.0436,3,27,1.0000,True,0.0000,QUIET,25
dibba,2004-03-02,0,0,,,3,27,0.0000,False,,NODATA,25
dibba,2004-03-03,19,0,-0.2063,-0.1986,3,27,0.7037,True,0.0000,QUIET,25
dibba,2004-03-04,0,0,,,3,27,0.0000,False,,NODATA,25
dibba,2004-03-05,26,0,0.2614,0.0692,3,27,0.9630,True,0.0000,QUIET,25
dibba,2004-03-06,21,0,-0.1040,0.0666,3,27,0.7778,True,0.0000,QUIET,25
dibba,2004-03-07,16,0,-0.5067,-0.2402,3,27,0.5926,True,0.0000,QUIET,25
dibba,2004-03-08,0,0,,,3,27,0.0000,False,,NODATA,25
dibba,2004-03-09,0,0,,,3,27,0.0000,False,,NODATA,25
dibba,2004-03-10,7,0,0.6423,0.0738,3,27,0.2593,True,0.0000,QUIET,25
dibba,2004-03-11,0,0,,,3,27,0.0000,False,,NODATA,25
dibba,2004-03-12,21,0,-0.4464,-0.0086,3,27,0.7778,True,0.0000,QUIET,25
dibba,2004-03-13,0,0,,,3,27,0.0000,False,,NODATA,25
dibba,2004-03-14,0,0,,,3,27,0.0000,False,,NODATA,25
dibba,2004-03-15,0,0,,,3,27,0.0000,False,,NODATA,25
dibba,2004-03-16,0,0,,,3,27,0.0000,False,,NODATA,25
dibba,2004-03-17,3,0,0.6697,0.7486,3,27,0.1111,True,0.0000,QUIET,25
dibba,2004-03-18,0,0,,,3,27,0.0000,False,,NODATA,25
dibba,2004-03-19,0,0,,,3,27,0.0000,False,,NODATA,25
dibba,2004-03-20,0,0,,,3,27,0.0000,False,,NODATA,25
dibba,2004-03-21,0,0,,,3,27,0.0000,False,,NODATA,25
dibba,2004-03-22,5,0,-1.1062,-0.3503,3,27,0.1852,True,0.0000,QUIET,25
dibba,2004-03-23,0,0,,,3,27,0.0000,False,,NODATA,25
dibba,2004-03-24,27,0,0.7333,0.0177,3,27,1.0000,True,0.0000,QUIET,25
dibba,2004-03-25,0,0,,,3,27,0.0000,False,,NODATA,25
dibba,2004-03-26,0,0,,,3,27,0.0000,False,,NODATA,25
dibba,2004-03-27,0,0,,,3,27,0.0000,False,,NODATA,25
dibba,2004-03-28,0,0,,,3,27,0.0000,False,,NODATA,25
dibba,2004-03-29,15,0,-0.1605,0.0409,3,27,0.5556,True,0.0000,QUIET,25
dibba,2004-03-30,0,0,,,3,27,0.0000,False,,NODATA,25
dibba,2004-03-31,17,0,0.8893,0.1734,3,27,0.6296,True,0.0000,QUIET,25
dibba,2004-04-01,0,0,,,4,27,0.0000,False,,NODATA,25
dibba,2004-04-02,0,0,,,4,27,0.0000,False,,NODATA,25
dibba,2004-04-03,0,0,,,4,27,0.0000,False,,NODATA,25
dibba,2004-04-04,0,0,,,4,27,0.0000,False,,NODATA,25
dibba,2004-04-05,0,0,,,4,27,0.0000,False,,NODATA,25
dibba,2004-04-06,0,0,,,4,27,0.0000,False,,NODATA,25
dibba,2004-04-07,0,0,,,4,27,0.0000,False,,NODATA,25
dibba,2004-04-08,0,0,,,4,27,0.0000,False,,NODATA,25
dibba,2004-04-09,0,0,,,4,27,0.0000,False,,NODATA,25
dibba,2004-04-10,0,0,,,4,27,0.0000,False,,NODATA,25
dibba,2004-04-11,0,0,,,4,27,0.0000,False,,NODATA,25
dibba,2004-04-12,0,0,,,4,27,0.0000,False,,NODATA,25
dibba,2004-04-13,0,0,,,4,27,0.0000,False,,NODATA,25
dibba,2004-04-14,0,0,,,4,27,0.0000,False,,NODATA,25
dibba,2004-04-15,0,0,,,4,27,0.0000,False,,NODATA,25
dibba,2004-04-16,27,0,1.9916,-0.0113,4,27,1.0000,True,0.0000,QUIET,25
dibba,2004-04-17,1,0,-0.9499,-0.3443,4,27,0.0370,False,,NODATA,25
dibba,2004-04-18,0,0,,,4,27,0.0000,False,,NODATA,25
dibba,2004-04-19,0,0,,,4,27,0.0000,False,,NODATA,25
dibba,2004-04-20,0,0,,,4,27,0.0000,False,,NODATA,25
dibba,2004-04-21,0,0,,,4,27,0.0000,False,,NODATA,25
dibba,2004-04-22,0,0,,,4,27,0.0000,False,,NODATA,25
dibba,2004-04-23,0,0,,,4,27,0.0000,False,,NODATA,25
dibba,2004-04-24,0,0,,,4,27,0.0000,False,,NODATA,25
dibba,2004-04-25,1,0,-1.5078,-0.4822,4,27,0.0370,False,,NODATA,25
dibba,2004-04-26,0,0,,,4,27,0.0000,False,,NODATA,25
dibba,2004-04-27,0,0,,,4,27,0.0000,False,,NODATA,25
dibba,2004-04-28,0,0,,,4,27,0.0000,False,,NODATA,25
dibba,2004-04-29,0,0,,,4,27,0.0000,False,,NODATA,25
dibba,2004-04-30,0,0,,,4,27,0.0000,False,,NODATA,25
dibba,2004-05-01,0,0,,,5,17,0.0000,False,,NODATA,25
dibba,2004-05-02,0,0,,,5,17,0.0000,False,,NODATA,25
dibba,2004-05-03,0,0,,,5,17,0.0000,False,,NODATA,25
dibba,2004-05-04,0,0,,,5,17,0.0000,False,,NODATA,25
dibba,2004-05-05,0,0,,,5,17,0.0000,False,,NODATA,25
dibba,2004-05-06,0,0,,,5,17,0.0000,False,,NODATA,25
dibba,2004-05-07,0,0,,,5,17,0.0000,False,,NODATA,25
dibba,2004-05-08,0,0,,,5,17,0.0000,False,,NODATA,25
dibba,2004-05-09,14,3,3.0151,-0.3575,5,17,0.8235,True,0.2143,QUIET,25
dibba,2004-05-10,0,0,,,5,17,0.0000,False,,NODATA,25
dibba,2004-05-11,17,0,0.1123,-0.4378,5,17,1.0000,True,0.0000,QUIET,25
dibba,2004-05-12,0,0,,,5,17,0.0000,False,,NODATA,25
dibba,2004-05-13,0,0,,,5,17,0.0000,False,,NODATA,25
dibba,2004-05-14,0,0,,,5,17,0.0000,False,,NODATA,25
dibba,2004-05-15,0,0,,,5,17,0.0000,False,,NODATA,25
dibba,2004-05-16,0,0,,,5,17,0.0000,False,,NODATA,25
dibba,2004-05-17,0,0,,,5,17,0.0000,False,,NODATA,25
dibba,2004-05-18,0,0,,,5,17,0.0000,False,,NODATA,25
dibba,2004-05-19,0,0,,,5,17,0.0000,False,,NODATA,25
dibba,2004-05-20,16,2,2.5206,-0.2791,5,17,0.9412,True,0.1250,QUIET,25
dibba,2004-05-21,0,0,,,5,17,0.0000,False,,NODATA,25
dibba,2004-05-22,0,0,,,5,17,0.0000,False,,NODATA,25
dibba,2004-05-23,0,0,,,5,17,0.0000,False,,NODATA,25
dibba,2004-05-24,0,0,,,5,17,0.0000,False,,NODATA,25
dibba,2004-05-25,6,0,1.6486,-0.1663,5,17,0.3529,True,0.0000,QUIET,25
dibba,2004-05-26,0,0,,,5,17,0.0000,False,,NODATA,25
dibba,2004-05-27,0,0,,,5,17,0.0000,False,,NODATA,25
dibba,2004-05-28,0,0,,,5,17,0.0000,False,,NODATA,25
dibba,2004-05-29,0,0,,,5,17,0.0000,False,,NODATA,25
dibba,2004-05-30,0,0,,,5,17,0.0000,False,,NODATA,25
dibba,2004-05-31,0,0,,,5,17,0.0000,False,,NODATA,25
dibba,2004-06-01,14,0,1.8348,-0.3354,6,14,1.0000,True,0.0000,QUIET,25
dibba,2004-06-02,11,0,0.0438,-0.5157,6,14,0.7857,True,0.0000,QUIET,25
dibba,2004-06-03,14,0,0.3107,-0.4715,6,14,1.0000,True,0.0000,QUIET,25
dibba,2004-06-04,0,0,,,6,14,0.0000,False,,NODATA,25
dibba,2004-06-05,14,0,-0.1133,-0.5087,6,14,1.0000,True,0.0000,QUIET,25
dibba,2004-06-06,0,0,,,6,14,0.0000,False,,NODATA,25
dibba,2004-06-07,0,0,,,6,14,0.0000,False,,NODATA,25
dibba,2004-06-08,0,0,,,6,14,0.0000,False,,NODATA,25
dibba,2004-06-09,0,0,,,6,14,0.0000,False,,NODATA,25
dibba,2004-06-10,0,0,,,6,14,0.0000,False,,NODATA,25
dibba,2004-06-11,0,0,,,6,14,0.0000,False,,NODATA,25
dibba,2004-06-12,0,0,,,6,14,0.0000,False,,NODATA,25
dibba,2004-06-13,0,0,,,6,14,0.0000,False,,NODATA,25
dibba,2004-06-14,0,0,,,6,14,0.0000,False,,NODATA,25
dibba,2004-06-15,0,0,,,6,14,0.0000,False,,NODATA,25
dibba,2004-06-16,0,0,,,6,14,0.0000,False,,NODATA,25
dibba,2004-06-17,0,0,,,6,14,0.0000,False,,NODATA,25
dibba,2004-06-18,0,0,,,6,14,0.0000,False,,NODATA,25
dibba,2004-06-19,12,0,-0.7915,-0.6404,6,14,0.8571,True,0.0000,QUIET,25
dibba,2004-06-20,0,0,,,6,14,0.0000,False,,NODATA,25
dibba,2004-06-21,0,0,,,6,14,0.0000,False,,NODATA,25
dibba,2004-06-22,0,0,,,6,14,0.0000,False,,NODATA,25
dibba,2004-06-23,0,0,,,6,14,0.0000,False,,NODATA,25
dibba,2004-06-24,0,0,,,6,14,0.0000,False,,NODATA,25
dibba,2004-06-25,0,0,,,6,14,0.0000,False,,NODATA,25
dibba,2004-06-26,0,0,,,6,14,0.0000,False,,NODATA,25
dibba,2004-06-27,0,0,,,6,14,0.0000,False,,NODATA,25
dibba,2004-06-28,0,0,,,6,14,0.0000,False,,NODATA,25
dibba,2004-06-29,0,0,,,6,14,0.0000,False,,NODATA,25
dibba,2004-06-30,0,0,,,6,14,0.0000,False,,NODATA,25
dibba,2004-07-01,0,0,,,7,0,0.0000,False,,NODATA,25
dibba,2004-07-02,0,0,,,7,0,0.0000,False,,NODATA,25
dibba,2004-07-03,0,0,,,7,0,0.0000,False,,NODATA,25
dibba,2004-07-04,0,0,,,7,0,0.0000,False,,NODATA,25
dibba,2004-07-05,0,0,,,7,0,0.0000,False,,NODATA,25
dibba,2004-07-06,0,0,,,7,0,0.0000,False,,NODATA,25
dibba,2004-07-07,0,0,,,7,0,0.0000,False,,NODATA,25
dibba,2004-07-08,0,0,,,7,0,0.0000,False,,NODATA,25
dibba,2004-07-09,0,0,,,7,0,0.0000,False,,NODATA,25
dibba,2004-07-10,0,0,,,7,0,0.0000,False,,NODATA,25
dibba,2004-07-11,0,0,,,7,0,0.0000,False,,NODATA,25
dibba,2004-07-12,0,0,,,7,0,0.0000,False,,NODATA,25
dibba,2004-07-13,0,0,,,7,0,0.0000,False,,NODATA,25
dibba,2004-07-14,0,0,,,7,0,0.0000,False,,NODATA,25
dibba,2004-07-15,0,0,,,7,0,0.0000,False,,NODATA,25
dibba,2004-07-16,0,0,,,7,0,0.0000,False,,NODATA,25
dibba,2004-07-17,0,0,,,7,0,0.0000,False,,NODATA,25
dibba,2004-07-18,0,0,,,7,0,0.0000,False,,NODATA,25
dibba,2004-07-19,0,0,,,7,0,0.0000,False,,NODATA,25
dibba,2004-07-20,0,0,,,7,0,0.0000,False,,NODATA,25
dibba,2004-07-21,0,0,,,7,0,0.0000,False,,NODATA,25
dibba,2004-07-22,0,0,,,7,0,0.0000,False,,NODATA,25
dibba,2004-07-23,0,0,,,7,0,0.0000,False,,NODATA,25
dibba,2004-07-24,0,0,,,7,0,0.0000,False,,NODATA,25
dibba,2004-07-25,0,0,,,7,0,0.0000,False,,NODATA,25
dibba,2004-07-26,0,0,,,7,0,0.0000,False,,NODATA,25
dibba,2004-07-27,0,0,,,7,0,0.0000,False,,NODATA,25
dibba,2004-07-28,0,0,,,7,0,0.0000,False,,NODATA,25
dibba,2004-07-29,0,0,,,7,0,0.0000,False,,NODATA,25
dibba,2004-07-30,0,0,,,7,0,0.0000,False,,NODATA,25
dibba,2004-07-31,0,0,,,7,0,0.0000,False,,NODATA,25
dibba,2004-08-01,0,0,,,8,0,0.0000,False,,NODATA,25
dibba,2004-08-02,0,0,,,8,0,0.0000,False,,NODATA,25
dibba,2004-08-03,0,0,,,8,0,0.0000,False,,NODATA,25
dibba,2004-08-04,0,0,,,8,0,0.0000,False,,NODATA,25
dibba,2004-08-05,0,0,,,8,0,0.0000,False,,NODATA,25
dibba,2004-08-06,0,0,,,8,0,0.0000,False,,NODATA,25
dibba,2004-08-07,0,0,,,8,0,0.0000,False,,NODATA,25
dibba,2004-08-08,0,0,,,8,0,0.0000,False,,NODATA,25
dibba,2004-08-09,0,0,,,8,0,0.0000,False,,NODATA,25
dibba,2004-08-10,0,0,,,8,0,0.0000,False,,NODATA,25
dibba,2004-08-11,0,0,,,8,0,0.0000,False,,NODATA,25
dibba,2004-08-12,0,0,,,8,0,0.0000,False,,NODATA,25
dibba,2004-08-13,0,0,,,8,0,0.0000,False,,NODATA,25
dibba,2004-08-14,0,0,,,8,0,0.0000,False,,NODATA,25
dibba,2004-08-15,0,0,,,8,0,0.0000,False,,NODATA,25
dibba,2004-08-16,0,0,,,8,0,0.0000,False,,NODATA,25
dibba,2004-08-17,0,0,,,8,0,0.0000,False,,NODATA,25
dibba,2004-08-18,0,0,,,8,0,0.0000,False,,NODATA,25
dibba,2004-08-19,0,0,,,8,0,0.0000,False,,NODATA,25
dibba,2004-08-20,0,0,,,8,0,0.0000,False,,NODATA,25
dibba,2004-08-21,0,0,,,8,0,0.0000,False,,NODATA,25
dibba,2004-08-22,0,0,,,8,0,0.0000,False,,NODATA,25
dibba,2004-08-23,0,0,,,8,0,0.0000,False,,NODATA,25
dibba,2004-08-24,0,0,,,8,0,0.0000,False,,NODATA,25
dibba,2004-08-25,0,0,,,8,0,0.0000,False,,NODATA,25
dibba,2004-08-26,0,0,,,8,0,0.0000,False,,NODATA,25
dibba,2004-08-27,0,0,,,8,0,0.0000,False,,NODATA,25
dibba,2004-08-28,0,0,,,8,0,0.0000,False,,NODATA,25
dibba,2004-08-29,0,0,,,8,0,0.0000,False,,NODATA,25
dibba,2004-08-30,0,0,,,8,0,0.0000,False,,NODATA,25
dibba,2004-08-31,0,0,,,8,0,0.0000,False,,NODATA,25
dibba,2004-09-01,0,0,,,9,21,0.0000,False,,NODATA,25
dibba,2004-09-02,0,0,,,9,21,0.0000,False,,NODATA,25
dibba,2004-09-03,0,0,,,9,21,0.0000,False,,NODATA,25
dibba,2004-09-04,0,0,,,9,21,0.0000,False,,NODATA,25
dibba,2004-09-05,0,0,,,9,21,0.0000,False,,NODATA,25
dibba,2004-09-06,0,0,,,9,21,0.0000,False,,NODATA,25
dibba,2004-09-07,0,0,,,9,21,0.0000,False,,NODATA,25
dibba,2004-09-08,0,0,,,9,21,0.0000,False,,NODATA,25
dibba,2004-09-09,0,0,,,9,21,0.0000,False,,NODATA,25
dibba,2004-09-10,0,0,,,9,21,0.0000,False,,NODATA,25
dibba,2004-09-11,0,0,,,9,21,0.0000,False,,NODATA,25
dibba,2004-09-12,0,0,,,9,21,0.0000,False,,NODATA,25
dibba,2004-09-13,0,0,,,9,21,0.0000,False,,NODATA,25
dibba,2004-09-14,0,0,,,9,21,0.0000,False,,NODATA,25
dibba,2004-09-15,0,0,,,9,21,0.0000,False,,NODATA,25
dibba,2004-09-16,0,0,,,9,21,0.0000,False,,NODATA,25
dibba,2004-09-17,0,0,,,9,21,0.0000,False,,NODATA,25
dibba,2004-09-18,0,0,,,9,21,0.0000,False,,NODATA,25
dibba,2004-09-19,0,0,,,9,21,0.0000,False,,NODATA,25
dibba,2004-09-20,0,0,,,9,21,0.0000,False,,NODATA,25
dibba,2004-09-21,0,0,,,9,21,0.0000,False,,NODATA,25
dibba,2004-09-22,0,0,,,9,21,0.0000,False,,NODATA,25
dibba,2004-09-23,0,0,,,9,21,0.0000,False,,NODATA,25
dibba,2004-09-24,0,0,,,9,21,0.0000,False,,NODATA,25
dibba,2004-09-25,0,0,,,9,21,0.0000,False,,NODATA,25
dibba,2004-09-26,0,0,,,9,21,0.0000,False,,NODATA,25
dibba,2004-09-27,0,0,,,9,21,0.0000,False,,NODATA,25
dibba,2004-09-28,0,0,,,9,21,0.0000,False,,NODATA,25
dibba,2004-09-29,0,0,,,9,21,0.0000,False,,NODATA,25
dibba,2004-09-30,21,3,2.6669,0.4187,9,21,1.0000,True,0.1429,QUIET,25
dibba,2004-10-01,5,1,2.0816,0.0958,10,28,0.1786,True,0.2000,QUIET,25
dibba,2004-10-02,27,10,4.5108,0.3680,10,28,0.9643,True,0.3704,QUIET,25
dibba,2004-10-03,0,0,,,10,28,0.0000,False,,NODATA,25
dibba,2004-10-04,4,0,-0.8028,-0.5322,10,28,0.1429,True,0.0000,QUIET,25
dibba,2004-10-05,0,0,,,10,28,0.0000,False,,NODATA,25
dibba,2004-10-06,27,0,0.5273,-0.3092,10,28,0.9643,True,0.0000,QUIET,25
dibba,2004-10-07,0,0,,,10,28,0.0000,False,,NODATA,25
dibba,2004-10-08,0,0,,,10,28,0.0000,False,,NODATA,25
dibba,2004-10-09,0,0,,,10,28,0.0000,False,,NODATA,25
dibba,2004-10-10,0,0,,,10,28,0.0000,False,,NODATA,25
dibba,2004-10-11,19,3,2.7659,-0.2278,10,28,0.6786,True,0.1579,QUIET,25
dibba,2004-10-12,0,0,,,10,28,0.0000,False,,NODATA,25
dibba,2004-10-13,0,0,,,10,28,0.0000,False,,NODATA,25
dibba,2004-10-14,0,0,,,10,28,0.0000,False,,NODATA,25
dibba,2004-10-15,0,0,,,10,28,0.0000,False,,NODATA,25
dibba,2004-10-16,0,0,,,10,28,0.0000,False,,NODATA,25
dibba,2004-10-17,0,0,,,10,28,0.0000,False,,NODATA,25
dibba,2004-10-18,0,0,,,10,28,0.0000,False,,NODATA,25
dibba,2004-10-19,0,0,,,10,28,0.0000,False,,NODATA,25
dibba,2004-10-20,0,0,,,10,28,0.0000,False,,NODATA,25
dibba,2004-10-21,0,0,,,10,28,0.0000,False,,NODATA,25
dibba,2004-10-22,0,0,,,10,28,0.0000,False,,NODATA,25
dibba,2004-10-23,0,0,,,10,28,0.0000,False,,NODATA,25
dibba,2004-10-24,0,0,,,10,28,0.0000,False,,NODATA,25
dibba,2004-10-25,0,0,,,10,28,0.0000,False,,NODATA,25
dibba,2004-10-26,0,0,,,10,28,0.0000,False,,NODATA,25
dibba,2004-10-27,21,11,4.2217,0.4236,10,28,0.7500,True,0.5238,EXCEED,25
dibba,2004-10-28,0,0,,,10,28,0.0000,False,,NODATA,25
dibba,2004-10-29,27,1,2.0311,-0.0554,10,28,0.9643,True,0.0370,QUIET,25
dibba,2004-10-30,0,0,,,10,28,0.0000,False,,NODATA,25
dibba,2004-10-31,0,0,,,10,28,0.0000,False,,NODATA,25
dibba,2004-11-01,25,0,1.5828,0.3683,11,28,0.8929,True,0.0000,QUIET,25
dibba,2004-11-02,0,0,,,11,28,0.0000,False,,NODATA,25
dibba,2004-11-03,27,0,1.2857,0.1334,11,28,0.9643,True,0.0000,QUIET,25
dibba,2004-11-04,0,0,,,11,28,0.0000,False,,NODATA,25
dibba,2004-11-05,28,0,0.4038,0.0692,11,28,1.0000,True,0.0000,QUIET,25
dibba,2004-11-06,0,0,,,11,28,0.0000,False,,NODATA,25
dibba,2004-11-07,27,0,0.9201,0.1036,11,28,0.9643,True,0.0000,QUIET,25
dibba,2004-11-08,21,4,2.7730,0.6125,11,28,0.7500,True,0.1905,QUIET,25
dibba,2004-11-09,19,0,1.0224,0.2978,11,28,0.6786,True,0.0000,QUIET,25
dibba,2004-11-10,25,4,2.2282,0.4772,11,28,0.8929,True,0.1600,QUIET,25
dibba,2004-11-11,1,0,-0.8058,-0.3545,11,28,0.0357,False,,NODATA,25
dibba,2004-11-12,28,0,1.1177,0.3903,11,28,1.0000,True,0.0000,QUIET,25
dibba,2004-11-13,0,0,,,11,28,0.0000,False,,NODATA,25
dibba,2004-11-14,0,0,,,11,28,0.0000,False,,NODATA,25
dibba,2004-11-15,0,0,,,11,28,0.0000,False,,NODATA,25
dibba,2004-11-16,0,0,,,11,28,0.0000,False,,NODATA,25
dibba,2004-11-17,19,18,3.3285,1.3667,11,28,0.6786,True,0.9474,EXCEED,25
dibba,2004-11-18,0,0,,,11,28,0.0000,False,,NODATA,25
dibba,2004-11-19,28,5,2.6481,0.7347,11,28,1.0000,True,0.1786,QUIET,25
dibba,2004-11-20,0,0,,,11,28,0.0000,False,,NODATA,25
dibba,2004-11-21,28,0,0.9370,0.3239,11,28,1.0000,True,0.0000,QUIET,25
dibba,2004-11-22,0,0,,,11,28,0.0000,False,,NODATA,25
dibba,2004-11-23,12,0,0.5175,0.1698,11,28,0.4286,True,0.0000,QUIET,25
dibba,2004-11-24,0,0,,,11,28,0.0000,False,,NODATA,25
dibba,2004-11-25,0,0,,,11,28,0.0000,False,,NODATA,25
dibba,2004-11-26,19,18,3.3035,1.3736,11,28,0.6786,True,0.9474,EXCEED,25
dibba,2004-11-27,0,0,,,11,28,0.0000,False,,NODATA,25
dibba,2004-11-28,0,0,,,11,28,0.0000,False,,NODATA,25
dibba,2004-11-29,0,0,,,11,28,0.0000,False,,NODATA,25
dibba,2004-11-30,3,1,2.6594,1.0119,11,28,0.1071,True,0.3333,QUIET,25
dibba,2004-12-01,0,0,,,12,27,0.0000,False,,NODATA,25
dibba,2004-12-02,0,0,,,12,27,0.0000,False,,NODATA,25
dibba,2004-12-03,0,0,,,12,27,0.0000,False,,NODATA,25
dibba,2004-12-04,0,0,,,12,27,0.0000,False,,NODATA,25
dibba,2004-12-05,0,0,,,12,27,0.0000,False,,NODATA,25
dibba,2004-12-06,0,0,,,12,27,0.0000,False,,NODATA,25
dibba,2004-12-07,16,16,3.8692,1.0854,12,27,0.5926,True,1.0000,EXCEED,25
dibba,2004-12-08,0,0,,,12,27,0.0000,False,,NODATA,25
dibba,2004-12-09,0,0,,,12,27,0.0000,False,,NODATA,25
dibba,2004-12-10,0,0,,,12,27,0.0000,False,,NODATA,25
dibba,2004-12-11,0,0,,,12,27,0.0000,False,,NODATA,25
dibba,2004-12-12,9,0,1.5935,0.0804,12,27,0.3333,True,0.0000,QUIET,25
dibba,2004-12-13,0,0,,,12,27,0.0000,False,,NODATA,25
dibba,2004-12-14,0,0,,,12,27,0.0000,False,,NODATA,25
dibba,2004-12-15,0,0,,,12,27,0.0000,False,,NODATA,25
dibba,2004-12-16,0,0,,,12,27,0.0000,False,,NODATA,25
dibba,2004-12-17,0,0,,,12,27,0.0000,False,,NODATA,25
dibba,2004-12-18,24,0,0.3222,0.0241,12,27,0.8889,True,0.0000,QUIET,25
dibba,2004-12-19,5,4,3.4602,1.3665,12,27,0.1852,True,0.8000,EXCEED,25
dibba,2004-12-20,0,0,,,12,27,0.0000,False,,NODATA,25
dibba,2004-12-21,0,0,,,12,27,0.0000,False,,NODATA,25
dibba,2004-12-22,0,0,,,12,27,0.0000,False,,NODATA,25
dibba,2004-12-23,27,0,1.8860,0.0345,12,27,1.0000,True,0.0000,QUIET,25
dibba,2004-12-24,0,0,,,12,27,0.0000,False,,NODATA,25
dibba,2004-12-25,0,0,,,12,27,0.0000,False,,NODATA,25
dibba,2004-12-26,0,0,,,12,27,0.0000,False,,NODATA,25
dibba,2004-12-27,0,0,,,12,27,0.0000,False,,NODATA,25
dibba,2004-12-28,0,0,,,12,27,0.0000,False,,NODATA,25
dibba,2004-12-29,1,0,-1.3656,-0.3205,12,27,0.0370,False,,NODATA,25
dibba,2004-12-30,27,0,0.0036,-0.0399,12,27,1.0000,True,0.0000,QUIET,25
dibba,2004-12-31,0,0,,,12,27,0.0000,False,,NODATA,25
dibba,2005-01-01,27,0,0.0980,0.0533,1,27,1.0000,True,0.0000,QUIET,25
dibba,2005-01-02,15,0,1.4971,-0.2107,1,27,0.5556,True,0.0000,QUIET,25
dibba,2005-01-03,25,0,-0.3256,-0.0722,1,27,0.9259,True,0.0000,QUIET,25
dibba,2005-01-04,0,0,,,1,27,0.0000,False,,NODATA,25
dibba,2005-01-05,0,0,,,1,27,0.0000,False,,NODATA,25
dibba,2005-01-06,27,1,2.0063,0.2155,1,27,1.0000,True,0.0370,QUIET,25
dibba,2005-01-07,0,0,,,1,27,0.0000,False,,NODATA,25
dibba,2005-01-08,5,0,0.7855,0.2121,1,27,0.1852,True,0.0000,QUIET,25
dibba,2005-01-09,0,0,,,1,27,0.0000,False,,NODATA,25
dibba,2005-01-10,22,10,3.5920,1.1695,1,27,0.8148,True,0.4545,EXCEED,25
dibba,2005-01-11,0,0,,,1,27,0.0000,False,,NODATA,25
dibba,2005-01-12,2,0,-0.4000,-0.0792,1,27,0.0741,False,,NODATA,25
dibba,2005-01-13,23,8,3.9304,0.6501,1,27,0.8519,True,0.3478,QUIET,25
dibba,2005-01-14,0,0,,,1,27,0.0000,False,,NODATA,25
dibba,2005-01-15,20,2,2.7739,0.5177,1,27,0.7407,True,0.1000,QUIET,25
dibba,2005-01-16,0,0,,,1,27,0.0000,False,,NODATA,25
dibba,2005-01-17,25,1,2.4976,0.2645,1,27,0.9259,True,0.0400,QUIET,25
dibba,2005-01-18,0,0,,,1,27,0.0000,False,,NODATA,25
dibba,2005-01-19,0,0,,,1,27,0.0000,False,,NODATA,25
dibba,2005-01-20,0,0,,,1,27,0.0000,False,,NODATA,25
dibba,2005-01-21,17,0,-0.3844,-0.2109,1,27,0.6296,True,0.0000,QUIET,25
dibba,2005-01-22,0,0,,,1,27,0.0000,False,,NODATA,25
dibba,2005-01-23,0,0,,,1,27,0.0000,False,,NODATA,25
dibba,2005-01-24,20,0,0.0835,-0.0269,1,27,0.7407,True,0.0000,QUIET,25
dibba,2005-01-25,0,0,,,1,27,0.0000,False,,NODATA,25
dibba,2005-01-26,24,0,-0.7312,-0.3013,1,27,0.8889,True,0.0000,QUIET,25
dibba,2005-01-27,0,0,,,1,27,0.0000,False,,NODATA,25
dibba,2005-01-28,19,0,-0.0412,-0.0319,1,27,0.7037,True,0.0000,QUIET,25
dibba,2005-01-29,26,0,1.9603,0.4325,1,27,0.9630,True,0.0000,QUIET,25
dibba,2005-01-30,0,0,,,1,27,0.0000,False,,NODATA,25
dibba,2005-01-31,10,1,2.1019,0.5234,1,27,0.3704,True,0.1000,QUIET,25
dibba,2005-02-01,0,0,,,2,27,0.0000,False,,NODATA,25
dibba,2005-02-02,0,0,,,2,27,0.0000,False,,NODATA,25
dibba,2005-02-03,0,0,,,2,27,0.0000,False,,NODATA,25
dibba,2005-02-04,1,0,-0.7464,-0.0662,2,27,0.0370,False,,NODATA,25
dibba,2005-02-05,5,0,1.1769,0.7689,2,27,0.1852,True,0.0000,QUIET,25
dibba,2005-02-06,0,0,,,2,27,0.0000,False,,NODATA,25
dibba,2005-02-07,0,0,,,2,27,0.0000,False,,NODATA,25
dibba,2005-02-08,0,0,,,2,27,0.0000,False,,NODATA,25
dibba,2005-02-09,0,0,,,2,27,0.0000,False,,NODATA,25
dibba,2005-02-10,0,0,,,2,27,0.0000,False,,NODATA,25
dibba,2005-02-11,27,0,0.6555,0.0445,2,27,1.0000,True,0.0000,QUIET,25
dibba,2005-02-12,0,0,,,2,27,0.0000,False,,NODATA,25
dibba,2005-02-13,0,0,,,2,27,0.0000,False,,NODATA,25
dibba,2005-02-14,0,0,,,2,27,0.0000,False,,NODATA,25
dibba,2005-02-15,0,0,,,2,27,0.0000,False,,NODATA,25
dibba,2005-02-16,0,0,,,2,27,0.0000,False,,NODATA,25
dibba,2005-02-17,0,0,,,2,27,0.0000,False,,NODATA,25
dibba,2005-02-18,27,0,-0.4925,-0.1146,2,27,1.0000,True,0.0000,QUIET,25
dibba,2005-02-19,10,0,1.0386,0.1356,2,27,0.3704,True,0.0000,QUIET,25
dibba,2005-02-20,25,0,0.3104,0.1389,2,27,0.9259,True,0.0000,QUIET,25
dibba,2005-02-21,0,0,,,2,27,0.0000,False,,NODATA,25
dibba,2005-02-22,0,0,,,2,27,0.0000,False,,NODATA,25
dibba,2005-02-23,0,0,,,2,27,0.0000,False,,NODATA,25
dibba,2005-02-24,0,0,,,2,27,0.0000,False,,NODATA,25
dibba,2005-02-25,0,0,,,2,27,0.0000,False,,NODATA,25
dibba,2005-02-26,0,0,,,2,27,0.0000,False,,NODATA,25
dibba,2005-02-27,0,0,,,2,27,0.0000,False,,NODATA,25
dibba,2005-02-28,11,1,2.8018,1.0937,2,27,0.4074,True,0.0909,QUIET,25
dibba,2005-03-01,0,0,,,3,27,0.0000,False,,NODATA,25
dibba,2005-03-02,0,0,,,3,27,0.0000,False,,NODATA,25
dibba,2005-03-03,0,0,,,3,27,0.0000,False,,NODATA,25
dibba,2005-03-04,27,0,1.3893,0.5297,3,27,1.0000,True,0.0000,QUIET,25
dibba,2005-03-05,0,0,,,3,27,0.0000,False,,NODATA,25
dibba,2005-03-06,1,0,-0.7546,0.2696,3,27,0.0370,False,,NODATA,25
dibba,2005-03-07,0,0,,,3,27,0.0000,False,,NODATA,25
dibba,2005-03-08,0,0,,,3,27,0.0000,False,,NODATA,25
dibba,2005-03-09,0,0,,,3,27,0.0000,False,,NODATA,25
dibba,2005-03-10,0,0,,,3,27,0.0000,False,,NODATA,25
dibba,2005-03-11,0,0,,,3,27,0.0000,False,,NODATA,25
dibba,2005-03-12,0,0,,,3,27,0.0000,False,,NODATA,25
dibba,2005-03-13,0,0,,,3,27,0.0000,False,,NODATA,25
dibba,2005-03-14,0,0,,,3,27,0.0000,False,,NODATA,25
dibba,2005-03-15,22,6,2.7673,0.9568,3,27,0.8148,True,0.2727,QUIET,25
dibba,2005-03-16,0,0,,,3,27,0.0000,False,,NODATA,25
dibba,2005-03-17,0,0,,,3,27,0.0000,False,,NODATA,25
dibba,2005-03-18,9,0,1.8260,1.1017,3,27,0.3333,True,0.0000,QUIET,25
dibba,2005-03-19,0,0,,,3,27,0.0000,False,,NODATA,25
dibba,2005-03-20,14,0,1.1316,0.6839,3,27,0.5185,True,0.0000,QUIET,25
dibba,2005-03-21,0,0,,,3,27,0.0000,False,,NODATA,25
dibba,2005-03-22,0,0,,,3,27,0.0000,False,,NODATA,25
dibba,2005-03-23,0,0,,,3,27,0.0000,False,,NODATA,25
dibba,2005-03-24,0,0,,,3,27,0.0000,False,,NODATA,25
dibba,2005-03-25,17,0,1.5496,0.8609,3,27,0.6296,True,0.0000,QUIET,25
dibba,2005-03-26,0,0,,,3,27,0.0000,False,,NODATA,25
dibba,2005-03-27,1,0,-0.6484,-0.0906,3,27,0.0370,False,,NODATA,25
dibba,2005-03-28,0,0,,,3,27,0.0000,False,,NODATA,25
dibba,2005-03-29,0,0,,,3,27,0.0000,False,,NODATA,25
dibba,2005-03-30,0,0,,,3,27,0.0000,False,,NODATA,25
dibba,2005-03-31,0,0,,,3,27,0.0000,False,,NODATA,25
dibba,2005-04-01,0,0,,,4,27,0.0000,False,,NODATA,25
dibba,2005-04-02,15,0,1.6661,0.1915,4,27,0.5556,True,0.0000,QUIET,25
dibba,2005-04-03,25,0,1.8818,0.1339,4,27,0.9259,True,0.0000,QUIET,25
dibba,2005-04-04,0,0,,,4,27,0.0000,False,,NODATA,25
dibba,2005-04-05,26,0,1.7072,0.0653,4,27,0.9630,True,0.0000,QUIET,25
dibba,2005-04-06,0,0,,,4,27,0.0000,False,,NODATA,25
dibba,2005-04-07,0,0,,,4,27,0.0000,False,,NODATA,25
dibba,2005-04-08,0,0,,,4,27,0.0000,False,,NODATA,25
dibba,2005-04-09,10,0,1.3823,0.1596,4,27,0.3704,True,0.0000,QUIET,25
dibba,2005-04-10,0,0,,,4,27,0.0000,False,,NODATA,25
dibba,2005-04-11,0,0,,,4,27,0.0000,False,,NODATA,25
dibba,2005-04-12,0,0,,,4,27,0.0000,False,,NODATA,25
dibba,2005-04-13,0,0,,,4,27,0.0000,False,,NODATA,25
dibba,2005-04-14,0,0,,,4,27,0.0000,False,,NODATA,25
dibba,2005-04-15,0,0,,,4,27,0.0000,False,,NODATA,25
dibba,2005-04-16,0,0,,,4,27,0.0000,False,,NODATA,25
dibba,2005-04-17,0,0,,,4,27,0.0000,False,,NODATA,25
dibba,2005-04-18,0,0,,,4,27,0.0000,False,,NODATA,25
dibba,2005-04-19,0,0,,,4,27,0.0000,False,,NODATA,25
dibba,2005-04-20,0,0,,,4,27,0.0000,False,,NODATA,25
dibba,2005-04-21,27,0,0.3414,-0.1961,4,27,1.0000,True,0.0000,QUIET,25
dibba,2005-04-22,0,0,,,4,27,0.0000,False,,NODATA,25
dibba,2005-04-23,0,0,,,4,27,0.0000,False,,NODATA,25
dibba,2005-04-24,0,0,,,4,27,0.0000,False,,NODATA,25
dibba,2005-04-25,0,0,,,4,27,0.0000,False,,NODATA,25
dibba,2005-04-26,0,0,,,4,27,0.0000,False,,NODATA,25
dibba,2005-04-27,0,0,,,4,27,0.0000,False,,NODATA,25
dibba,2005-04-28,27,0,0.3817,-0.2117,4,27,1.0000,True,0.0000,QUIET,25
dibba,2005-04-29,0,0,,,4,27,0.0000,False,,NODATA,25
dibba,2005-04-30,0,0,,,4,27,0.0000,False,,NODATA,25
dibba,2005-05-01,0,0,,,5,17,0.0000,False,,NODATA,25
dibba,2005-05-02,0,0,,,5,17,0.0000,False,,NODATA,25
dibba,2005-05-03,0,0,,,5,17,0.0000,False,,NODATA,25
dibba,2005-05-04,0,0,,,5,17,0.0000,False,,NODATA,25
dibba,2005-05-05,0,0,,,5,17,0.0000,False,,NODATA,25
dibba,2005-05-06,0,0,,,5,17,0.0000,False,,NODATA,25
dibba,2005-05-07,0,0,,,5,17,0.0000,False,,NODATA,25
dibba,2005-05-08,0,0,,,5,17,0.0000,False,,NODATA,25
dibba,2005-05-09,0,0,,,5,17,0.0000,False,,NODATA,25
dibba,2005-05-10,0,0,,,5,17,0.0000,False,,NODATA,25
dibba,2005-05-11,0,0,,,5,17,0.0000,False,,NODATA,25
dibba,2005-05-12,17,2,2.3157,-0.3223,5,17,1.0000,True,0.1176,QUIET,25
dibba,2005-05-13,0,0,,,5,17,0.0000,False,,NODATA,25
dibba,2005-05-14,0,0,,,5,17,0.0000,False,,NODATA,25
dibba,2005-05-15,0,0,,,5,17,0.0000,False,,NODATA,25
dibba,2005-05-16,0,0,,,5,17,0.0000,False,,NODATA,25
dibba,2005-05-17,0,0,,,5,17,0.0000,False,,NODATA,25
dibba,2005-05-18,0,0,,,5,17,0.0000,False,,NODATA,25
dibba,2005-05-19,0,0,,,5,17,0.0000,False,,NODATA,25
dibba,2005-05-20,0,0,,,5,17,0.0000,False,,NODATA,25
dibba,2005-05-21,0,0,,,5,17,0.0000,False,,NODATA,25
dibba,2005-05-22,0,0,,,5,17,0.0000,False,,NODATA,25
dibba,2005-05-23,12,0,0.0088,-0.5099,5,17,0.7059,True,0.0000,QUIET,25
dibba,2005-05-24,0,0,,,5,17,0.0000,False,,NODATA,25
dibba,2005-05-25,0,0,,,5,17,0.0000,False,,NODATA,25
dibba,2005-05-26,0,0,,,5,17,0.0000,False,,NODATA,25
dibba,2005-05-27,0,0,,,5,17,0.0000,False,,NODATA,25
dibba,2005-05-28,0,0,,,5,17,0.0000,False,,NODATA,25
dibba,2005-05-29,0,0,,,5,17,0.0000,False,,NODATA,25
dibba,2005-05-30,0,0,,,5,17,0.0000,False,,NODATA,25
dibba,2005-05-31,0,0,,,5,17,0.0000,False,,NODATA,25
dibba,2005-06-01,0,0,,,6,14,0.0000,False,,NODATA,25
dibba,2005-06-02,0,0,,,6,14,0.0000,False,,NODATA,25
dibba,2005-06-03,0,0,,,6,14,0.0000,False,,NODATA,25
dibba,2005-06-04,12,5,2.4320,-0.1825,6,14,0.8571,True,0.4167,QUIET,25
dibba,2005-06-05,14,0,1.0748,-0.4009,6,14,1.0000,True,0.0000,QUIET,25
dibba,2005-06-06,14,0,0.7090,-0.4737,6,14,1.0000,True,0.0000,QUIET,25
dibba,2005-06-07,0,0,,,6,14,0.0000,False,,NODATA,25
dibba,2005-06-08,13,0,0.2423,-0.5403,6,14,0.9286,True,0.0000,QUIET,25
dibba,2005-06-09,0,0,,,6,14,0.0000,False,,NODATA,25
dibba,2005-06-10,0,0,,,6,14,0.0000,False,,NODATA,25
dibba,2005-06-11,0,0,,,6,14,0.0000,False,,NODATA,25
dibba,2005-06-12,0,0,,,6,14,0.0000,False,,NODATA,25
dibba,2005-06-13,0,0,,,6,14,0.0000,False,,NODATA,25
dibba,2005-06-14,0,0,,,6,14,0.0000,False,,NODATA,25
dibba,2005-06-15,0,0,,,6,14,0.0000,False,,NODATA,25
dibba,2005-06-16,0,0,,,6,14,0.0000,False,,NODATA,25
dibba,2005-06-17,0,0,,,6,14,0.0000,False,,NODATA,25
dibba,2005-06-18,0,0,,,6,14,0.0000,False,,NODATA,25
dibba,2005-06-19,0,0,,,6,14,0.0000,False,,NODATA,25
dibba,2005-06-20,0,0,,,6,14,0.0000,False,,NODATA,25
dibba,2005-06-21,0,0,,,6,14,0.0000,False,,NODATA,25
dibba,2005-06-22,0,0,,,6,14,0.0000,False,,NODATA,25
dibba,2005-06-23,0,0,,,6,14,0.0000,False,,NODATA,25
dibba,2005-06-24,0,0,,,6,14,0.0000,False,,NODATA,25
dibba,2005-06-25,0,0,,,6,14,0.0000,False,,NODATA,25
dibba,2005-06-26,0,0,,,6,14,0.0000,False,,NODATA,25
dibba,2005-06-27,0,0,,,6,14,0.0000,False,,NODATA,25
dibba,2005-06-28,0,0,,,6,14,0.0000,False,,NODATA,25
dibba,2005-06-29,0,0,,,6,14,0.0000,False,,NODATA,25
dibba,2005-06-30,0,0,,,6,14,0.0000,False,,NODATA,25
dibba,2005-07-01,0,0,,,7,0,0.0000,False,,NODATA,25
dibba,2005-07-02,0,0,,,7,0,0.0000,False,,NODATA,25
dibba,2005-07-03,0,0,,,7,0,0.0000,False,,NODATA,25
dibba,2005-07-04,0,0,,,7,0,0.0000,False,,NODATA,25
dibba,2005-07-05,0,0,,,7,0,0.0000,False,,NODATA,25
dibba,2005-07-06,0,0,,,7,0,0.0000,False,,NODATA,25
dibba,2005-07-07,0,0,,,7,0,0.0000,False,,NODATA,25
dibba,2005-07-08,0,0,,,7,0,0.0000,False,,NODATA,25
dibba,2005-07-09,0,0,,,7,0,0.0000,False,,NODATA,25
dibba,2005-07-10,0,0,,,7,0,0.0000,False,,NODATA,25
dibba,2005-07-11,0,0,,,7,0,0.0000,False,,NODATA,25
dibba,2005-07-12,0,0,,,7,0,0.0000,False,,NODATA,25
dibba,2005-07-13,0,0,,,7,0,0.0000,False,,NODATA,25
dibba,2005-07-14,0,0,,,7,0,0.0000,False,,NODATA,25
dibba,2005-07-15,0,0,,,7,0,0.0000,False,,NODATA,25
dibba,2005-07-16,0,0,,,7,0,0.0000,False,,NODATA,25
dibba,2005-07-17,0,0,,,7,0,0.0000,False,,NODATA,25
dibba,2005-07-18,0,0,,,7,0,0.0000,False,,NODATA,25
dibba,2005-07-19,0,0,,,7,0,0.0000,False,,NODATA,25
dibba,2005-07-20,0,0,,,7,0,0.0000,False,,NODATA,25
dibba,2005-07-21,0,0,,,7,0,0.0000,False,,NODATA,25
dibba,2005-07-22,0,0,,,7,0,0.0000,False,,NODATA,25
dibba,2005-07-23,0,0,,,7,0,0.0000,False,,NODATA,25
dibba,2005-07-24,0,0,,,7,0,0.0000,False,,NODATA,25
dibba,2005-07-25,0,0,,,7,0,0.0000,False,,NODATA,25
dibba,2005-07-26,0,0,,,7,0,0.0000,False,,NODATA,25
dibba,2005-07-27,0,0,,,7,0,0.0000,False,,NODATA,25
dibba,2005-07-28,0,0,,,7,0,0.0000,False,,NODATA,25
dibba,2005-07-29,0,0,,,7,0,0.0000,False,,NODATA,25
dibba,2005-07-30,0,0,,,7,0,0.0000,False,,NODATA,25
dibba,2005-07-31,0,0,,,7,0,0.0000,False,,NODATA,25
dibba,2005-08-01,0,0,,,8,0,0.0000,False,,NODATA,25
dibba,2005-08-02,0,0,,,8,0,0.0000,False,,NODATA,25
dibba,2005-08-03,0,0,,,8,0,0.0000,False,,NODATA,25
dibba,2005-08-04,0,0,,,8,0,0.0000,False,,NODATA,25
dibba,2005-08-05,0,0,,,8,0,0.0000,False,,NODATA,25
dibba,2005-08-06,0,0,,,8,0,0.0000,False,,NODATA,25
dibba,2005-08-07,0,0,,,8,0,0.0000,False,,NODATA,25
dibba,2005-08-08,0,0,,,8,0,0.0000,False,,NODATA,25
dibba,2005-08-09,0,0,,,8,0,0.0000,False,,NODATA,25
dibba,2005-08-10,0,0,,,8,0,0.0000,False,,NODATA,25
dibba,2005-08-11,0,0,,,8,0,0.0000,False,,NODATA,25
dibba,2005-08-12,0,0,,,8,0,0.0000,False,,NODATA,25
dibba,2005-08-13,0,0,,,8,0,0.0000,False,,NODATA,25
dibba,2005-08-14,0,0,,,8,0,0.0000,False,,NODATA,25
dibba,2005-08-15,0,0,,,8,0,0.0000,False,,NODATA,25
dibba,2005-08-16,0,0,,,8,0,0.0000,False,,NODATA,25
dibba,2005-08-17,0,0,,,8,0,0.0000,False,,NODATA,25
dibba,2005-08-18,0,0,,,8,0,0.0000,False,,NODATA,25
dibba,2005-08-19,0,0,,,8,0,0.0000,False,,NODATA,25
dibba,2005-08-20,0,0,,,8,0,0.0000,False,,NODATA,25
dibba,2005-08-21,0,0,,,8,0,0.0000,False,,NODATA,25
dibba,2005-08-22,0,0,,,8,0,0.0000,False,,NODATA,25
dibba,2005-08-23,0,0,,,8,0,0.0000,False,,NODATA,25
dibba,2005-08-24,0,0,,,8,0,0.0000,False,,NODATA,25
dibba,2005-08-25,0,0,,,8,0,0.0000,False,,NODATA,25
dibba,2005-08-26,0,0,,,8,0,0.0000,False,,NODATA,25
dibba,2005-08-27,0,0,,,8,0,0.0000,False,,NODATA,25
dibba,2005-08-28,0,0,,,8,0,0.0000,False,,NODATA,25
dibba,2005-08-29,0,0,,,8,0,0.0000,False,,NODATA,25
dibba,2005-08-30,0,0,,,8,0,0.0000,False,,NODATA,25
dibba,2005-08-31,0,0,,,8,0,0.0000,False,,NODATA,25
dibba,2005-09-01,0,0,,,9,21,0.0000,False,,NODATA,25
dibba,2005-09-02,0,0,,,9,21,0.0000,False,,NODATA,25
dibba,2005-09-03,0,0,,,9,21,0.0000,False,,NODATA,25
dibba,2005-09-04,0,0,,,9,21,0.0000,False,,NODATA,25
dibba,2005-09-05,0,0,,,9,21,0.0000,False,,NODATA,25
dibba,2005-09-06,0,0,,,9,21,0.0000,False,,NODATA,25
dibba,2005-09-07,0,0,,,9,21,0.0000,False,,NODATA,25
dibba,2005-09-08,0,0,,,9,21,0.0000,False,,NODATA,25
dibba,2005-09-09,0,0,,,9,21,0.0000,False,,NODATA,25
dibba,2005-09-10,0,0,,,9,21,0.0000,False,,NODATA,25
dibba,2005-09-11,0,0,,,9,21,0.0000,False,,NODATA,25
dibba,2005-09-12,9,3,2.3819,0.5343,9,21,0.4286,True,0.3333,QUIET,25
dibba,2005-09-13,0,0,,,9,21,0.0000,False,,NODATA,25
dibba,2005-09-14,0,0,,,9,21,0.0000,False,,NODATA,25
dibba,2005-09-15,0,0,,,9,21,0.0000,False,,NODATA,25
dibba,2005-09-16,0,0,,,9,21,0.0000,False,,NODATA,25
dibba,2005-09-17,1,0,-0.4429,-0.3960,9,21,0.0476,False,,NODATA,25
dibba,2005-09-18,0,0,,,9,21,0.0000,False,,NODATA,25
dibba,2005-09-19,4,2,2.4832,0.5251,9,21,0.1905,True,0.5000,EXCEED,25
dibba,2005-09-20,0,0,,,9,21,0.0000,False,,NODATA,25
dibba,2005-09-21,3,0,-0.4089,-0.3782,9,21,0.1429,True,0.0000,QUIET,25
dibba,2005-09-22,0,0,,,9,21,0.0000,False,,NODATA,25
dibba,2005-09-23,0,0,,,9,21,0.0000,False,,NODATA,25
dibba,2005-09-24,0,0,,,9,21,0.0000,False,,NODATA,25
dibba,2005-09-25,0,0,,,9,21,0.0000,False,,NODATA,25
dibba,2005-09-26,6,0,0.0016,-0.2440,9,21,0.2857,True,0.0000,QUIET,25
dibba,2005-09-27,0,0,,,9,21,0.0000,False,,NODATA,25
dibba,2005-09-28,0,0,,,9,21,0.0000,False,,NODATA,25
dibba,2005-09-29,0,0,,,9,21,0.0000,False,,NODATA,25
dibba,2005-09-30,0,0,,,9,21,0.0000,False,,NODATA,25
dibba,2005-10-01,0,0,,,10,28,0.0000,False,,NODATA,25
dibba,2005-10-02,0,0,,,10,28,0.0000,False,,NODATA,25
dibba,2005-10-03,0,0,,,10,28,0.0000,False,,NODATA,25
dibba,2005-10-04,0,0,,,10,28,0.0000,False,,NODATA,25
dibba,2005-10-05,21,0,1.6086,-0.1223,10,28,0.7500,True,0.0000,QUIET,25
dibba,2005-10-06,0,0,,,10,28,0.0000,False,,NODATA,25
dibba,2005-10-07,28,0,0.9798,-0.0385,10,28,1.0000,True,0.0000,QUIET,25
dibba,2005-10-08,0,0,,,10,28,0.0000,False,,NODATA,25
dibba,2005-10-09,0,0,,,10,28,0.0000,False,,NODATA,25
dibba,2005-10-10,0,0,,,10,28,0.0000,False,,NODATA,25
dibba,2005-10-11,0,0,,,10,28,0.0000,False,,NODATA,25
dibba,2005-10-12,0,0,,,10,28,0.0000,False,,NODATA,25
dibba,2005-10-13,0,0,,,10,28,0.0000,False,,NODATA,25
dibba,2005-10-14,28,0,0.9790,-0.0529,10,28,1.0000,True,0.0000,QUIET,25
dibba,2005-10-15,0,0,,,10,28,0.0000,False,,NODATA,25
dibba,2005-10-16,27,0,1.1037,-0.3363,10,28,0.9643,True,0.0000,QUIET,25
dibba,2005-10-17,0,0,,,10,28,0.0000,False,,NODATA,25
dibba,2005-10-18,15,0,0.8427,-0.4452,10,28,0.5357,True,0.0000,QUIET,25
dibba,2005-10-19,6,0,0.5788,-0.2506,10,28,0.2143,True,0.0000,QUIET,25
dibba,2005-10-20,0,0,,,10,28,0.0000,False,,NODATA,25
dibba,2005-10-21,26,1,2.8795,-0.3460,10,28,0.9286,True,0.0385,QUIET,25
dibba,2005-10-22,0,0,,,10,28,0.0000,False,,NODATA,25
dibba,2005-10-23,27,2,2.0699,-0.2004,10,28,0.9643,True,0.0741,QUIET,25
dibba,2005-10-24,0,0,,,10,28,0.0000,False,,NODATA,25
dibba,2005-10-25,0,0,,,10,28,0.0000,False,,NODATA,25
dibba,2005-10-26,0,0,,,10,28,0.0000,False,,NODATA,25
dibba,2005-10-27,0,0,,,10,28,0.0000,False,,NODATA,25
dibba,2005-10-28,1,0,0.7975,-0.2363,10,28,0.0357,False,,NODATA,25
dibba,2005-10-29,0,0,,,10,28,0.0000,False,,NODATA,25
dibba,2005-10-30,27,1,2.2009,-0.2028,10,28,0.9643,True,0.0370,QUIET,25
dibba,2005-10-31,0,0,,,10,28,0.0000,False,,NODATA,25
dibba,2005-11-01,27,0,-0.1918,-0.2314,11,28,0.9643,True,0.0000,QUIET,25
dibba,2005-11-02,0,0,,,11,28,0.0000,False,,NODATA,25
dibba,2005-11-03,24,0,-0.5158,-0.2892,11,28,0.8571,True,0.0000,QUIET,25
dibba,2005-11-04,12,0,-0.0962,-0.1385,11,28,0.4286,True,0.0000,QUIET,25
dibba,2005-11-05,0,0,,,11,28,0.0000,False,,NODATA,25
dibba,2005-11-06,21,0,1.0190,-0.0427,11,28,0.7500,True,0.0000,QUIET,25
dibba,2005-11-07,0,0,,,11,28,0.0000,False,,NODATA,25
dibba,2005-11-08,26,0,0.5466,-0.0169,11,28,0.9286,True,0.0000,QUIET,25
dibba,2005-11-09,0,0,,,11,28,0.0000,False,,NODATA,25
dibba,2005-11-10,0,0,,,11,28,0.0000,False,,NODATA,25
dibba,2005-11-11,0,0,,,11,28,0.0000,False,,NODATA,25
dibba,2005-11-12,0,0,,,11,28,0.0000,False,,NODATA,25
dibba,2005-11-13,0,0,,,11,28,0.0000,False,,NODATA,25
dibba,2005-11-14,0,0,,,11,28,0.0000,False,,NODATA,25
dibba,2005-11-15,14,7,2.9581,1.0245,11,28,0.5000,True,0.5000,EXCEED,25
dibba,2005-11-16,0,0,,,11,28,0.0000,False,,NODATA,25
dibba,2005-11-17,5,0,-0.0340,-0.0268,11,28,0.1786,True,0.0000,QUIET,25
dibba,2005-11-18,0,0,,,11,28,0.0000,False,,NODATA,25
dibba,2005-11-19,0,0,,,11,28,0.0000,False,,NODATA,25
dibba,2005-11-20,16,0,0.9742,0.4384,11,28,0.5714,True,0.0000,QUIET,25
dibba,2005-11-21,0,0,,,11,28,0.0000,False,,NODATA,25
dibba,2005-11-22,17,0,1.9627,0.5342,11,28,0.6071,True,0.0000,QUIET,25
dibba,2005-11-23,0,0,,,11,28,0.0000,False,,NODATA,25
dibba,2005-11-24,19,0,0.0383,0.0540,11,28,0.6786,True,0.0000,QUIET,25
dibba,2005-11-25,0,0,,,11,28,0.0000,False,,NODATA,25
dibba,2005-11-26,20,0,-0.2207,-0.0910,11,28,0.7143,True,0.0000,QUIET,25
dibba,2005-11-27,2,1,2.2273,0.6607,11,28,0.0714,False,,NODATA,25
dibba,2005-11-28,0,0,,,11,28,0.0000,False,,NODATA,25
dibba,2005-11-29,0,0,,,11,28,0.0000,False,,NODATA,25
dibba,2005-11-30,0,0,,,11,28,0.0000,False,,NODATA,25
dibba,2005-12-01,27,0,0.3208,0.0996,12,27,1.0000,True,0.0000,QUIET,25
dibba,2005-12-02,0,0,,,12,27,0.0000,False,,NODATA,25
dibba,2005-12-03,27,0,-0.4881,-0.1684,12,27,1.0000,True,0.0000,QUIET,25
dibba,2005-12-04,14,0,-0.5628,-0.2066,12,27,0.5185,True,0.0000,QUIET,25
dibba,2005-12-05,25,0,-0.7008,-0.1853,12,27,0.9259,True,0.0000,QUIET,25
dibba,2005-12-06,24,0,1.2260,0.1087,12,27,0.8889,True,0.0000,QUIET,25
dibba,2005-12-07,15,0,0.0603,-0.0568,12,27,0.5556,True,0.0000,QUIET,25
dibba,2005-12-08,27,0,0.8946,0.1647,12,27,1.0000,True,0.0000,QUIET,25
dibba,2005-12-09,0,0,,,12,27,0.0000,False,,NODATA,25
dibba,2005-12-10,2,0,0.1930,0.1266,12,27,0.0741,False,,NODATA,25
dibba,2005-12-11,0,0,,,12,27,0.0000,False,,NODATA,25
dibba,2005-12-12,23,0,1.6733,0.1201,12,27,0.8519,True,0.0000,QUIET,25
dibba,2005-12-13,1,1,3.3531,1.4744,12,27,0.0370,False,,NODATA,25
dibba,2005-12-14,18,0,0.4386,0.1604,12,27,0.6667,True,0.0000,QUIET,25
dibba,2005-12-15,27,0,1.9540,0.5126,12,27,1.0000,True,0.0000,QUIET,25
dibba,2005-12-16,0,0,,,12,27,0.0000,False,,NODATA,25
dibba,2005-12-17,21,0,0.2938,0.0867,12,27,0.7778,True,0.0000,QUIET,25
dibba,2005-12-18,0,0,,,12,27,0.0000,False,,NODATA,25
dibba,2005-12-19,0,0,,,12,27,0.0000,False,,NODATA,25
dibba,2005-12-20,2,0,-0.6655,-0.0899,12,27,0.0741,False,,NODATA,25
dibba,2005-12-21,25,0,0.4770,-0.0095,12,27,0.9259,True,0.0000,QUIET,25
dibba,2005-12-22,4,0,1.3222,0.5791,12,27,0.1481,True,0.0000,QUIET,25
dibba,2005-12-23,0,0,,,12,27,0.0000,False,,NODATA,25
dibba,2005-12-24,0,0,,,12,27,0.0000,False,,NODATA,25
dibba,2005-12-25,0,0,,,12,27,0.0000,False,,NODATA,25
dibba,2005-12-26,27,7,3.1416,0.6016,12,27,1.0000,True,0.2593,QUIET,25
dibba,2005-12-27,0,0,,,12,27,0.0000,False,,NODATA,25
dibba,2005-12-28,27,6,3.2175,0.7395,12,27,1.0000,True,0.2222,QUIET,25
dibba,2005-12-29,0,0,,,12,27,0.0000,False,,NODATA,25
dibba,2005-12-30,0,0,,,12,27,0.0000,False,,NODATA,25
dibba,2005-12-31,0,0,,,12,27,0.0000,False,,NODATA,25
dibba,2006-01-01,0,0,,,1,27,0.0000,False,,NODATA,25
dibba,2006-01-02,14,0,0.4976,0.0561,1,27,0.5185,True,0.0000,QUIET,25
dibba,2006-01-03,0,0,,,1,27,0.0000,False,,NODATA,25
dibba,2006-01-04,10,0,0.4390,0.0392,1,27,0.3704,True,0.0000,QUIET,25
dibba,2006-01-05,15,6,2.5086,0.6887,1,27,0.5556,True,0.4000,QUIET,25
dibba,2006-01-06,25,0,0.5503,0.0853,1,27,0.9259,True,0.0000,QUIET,25
dibba,2006-01-07,0,0,,,1,27,0.0000,False,,NODATA,25
dibba,2006-01-08,0,0,,,1,27,0.0000,False,,NODATA,25
dibba,2006-01-09,0,0,,,1,27,0.0000,False,,NODATA,25
dibba,2006-01-10,0,0,,,1,27,0.0000,False,,NODATA,25
dibba,2006-01-11,27,0,0.9961,0.0380,1,27,1.0000,True,0.0000,QUIET,25
dibba,2006-01-12,0,0,,,1,27,0.0000,False,,NODATA,25
dibba,2006-01-13,0,0,,,1,27,0.0000,False,,NODATA,25
dibba,2006-01-14,0,0,,,1,27,0.0000,False,,NODATA,25
dibba,2006-01-15,0,0,,,1,27,0.0000,False,,NODATA,25
dibba,2006-01-16,0,0,,,1,27,0.0000,False,,NODATA,25
dibba,2006-01-17,0,0,,,1,27,0.0000,False,,NODATA,25
dibba,2006-01-18,17,0,1.8856,0.8135,1,27,0.6296,True,0.0000,QUIET,25
dibba,2006-01-19,0,0,,,1,27,0.0000,False,,NODATA,25
dibba,2006-01-20,27,0,1.7652,0.4969,1,27,1.0000,True,0.0000,QUIET,25
dibba,2006-01-21,0,0,,,1,27,0.0000,False,,NODATA,25
dibba,2006-01-22,1,0,1.9793,1.1945,1,27,0.0370,False,,NODATA,25
dibba,2006-01-23,16,11,3.4532,1.0909,1,27,0.5926,True,0.6875,EXCEED,25
dibba,2006-01-24,0,0,,,1,27,0.0000,False,,NODATA,25
dibba,2006-01-25,4,4,3.6363,1.5024,1,27,0.1481,True,1.0000,ALERT,25
dibba,2006-01-26,0,0,,,1,27,0.0000,False,,NODATA,25
dibba,2006-01-27,0,0,,,1,27,0.0000,False,,NODATA,25
dibba,2006-01-28,0,0,,,1,27,0.0000,False,,NODATA,25
dibba,2006-01-29,0,0,,,1,27,0.0000,False,,NODATA,25
dibba,2006-01-30,0,0,,,1,27,0.0000,False,,NODATA,25
dibba,2006-01-31,0,0,,,1,27,0.0000,False,,NODATA,25
dibba,2006-02-01,9,1,2.2522,1.0422,2,27,0.3333,True,0.1111,QUIET,25
dibba,2006-02-02,0,0,,,2,27,0.0000,False,,NODATA,25
dibba,2006-02-03,27,11,2.8643,1.4345,2,27,1.0000,True,0.4074,QUIET,25
dibba,2006-02-04,0,0,,,2,27,0.0000,False,,NODATA,25
dibba,2006-02-05,0,0,,,2,27,0.0000,False,,NODATA,25
dibba,2006-02-06,0,0,,,2,27,0.0000,False,,NODATA,25
dibba,2006-02-07,0,0,,,2,27,0.0000,False,,NODATA,25
dibba,2006-02-08,0,0,,,2,27,0.0000,False,,NODATA,25
dibba,2006-02-09,0,0,,,2,27,0.0000,False,,NODATA,25
dibba,2006-02-10,0,0,,,2,27,0.0000,False,,NODATA,25
dibba,2006-02-11,0,0,,,2,27,0.0000,False,,NODATA,25
dibba,2006-02-12,1,0,1.4325,1.1625,2,27,0.0370,False,,NODATA,25
dibba,2006-02-13,0,0,,,2,27,0.0000,False,,NODATA,25
dibba,2006-02-14,0,0,,,2,27,0.0000,False,,NODATA,25
dibba,2006-02-15,0,0,,,2,27,0.0000,False,,NODATA,25
dibba,2006-02-16,0,0,,,2,27,0.0000,False,,NODATA,25
dibba,2006-02-17,0,0,,,2,27,0.0000,False,,NODATA,25
dibba,2006-02-18,0,0,,,2,27,0.0000,False,,NODATA,25
dibba,2006-02-19,8,1,2.3774,0.6270,2,27,0.2963,True,0.1250,QUIET,25
dibba,2006-02-20,0,0,,,2,27,0.0000,False,,NODATA,25
dibba,2006-02-21,0,0,,,2,27,0.0000,False,,NODATA,25
dibba,2006-02-22,0,0,,,2,27,0.0000,False,,NODATA,25
dibba,2006-02-23,0,0,,,2,27,0.0000,False,,NODATA,25
dibba,2006-02-24,0,0,,,2,27,0.0000,False,,NODATA,25
dibba,2006-02-25,16,0,-0.9696,-0.3416,2,27,0.5926,True,0.0000,QUIET,25
dibba,2006-02-26,27,0,-0.5673,-0.0826,2,27,1.0000,True,0.0000,QUIET,25
dibba,2006-02-27,0,0,,,2,27,0.0000,False,,NODATA,25
dibba,2006-02-28,27,0,-0.0903,0.0704,2,27,1.0000,True,0.0000,QUIET,25
dibba,2006-03-01,0,0,,,3,27,0.0000,False,,NODATA,25
dibba,2006-03-02,26,0,0.1685,0.0651,3,27,0.9630,True,0.0000,QUIET,25
dibba,2006-03-03,0,0,,,3,27,0.0000,False,,NODATA,25
dibba,2006-03-04,3,0,-0.1967,0.0380,3,27,0.1111,True,0.0000,QUIET,25
dibba,2006-03-05,0,0,,,3,27,0.0000,False,,NODATA,25
dibba,2006-03-06,0,0,,,3,27,0.0000,False,,NODATA,25
dibba,2006-03-07,0,0,,,3,27,0.0000,False,,NODATA,25
dibba,2006-03-08,0,0,,,3,27,0.0000,False,,NODATA,25
dibba,2006-03-09,0,0,,,3,27,0.0000,False,,NODATA,25
dibba,2006-03-10,0,0,,,3,27,0.0000,False,,NODATA,25
dibba,2006-03-11,0,0,,,3,27,0.0000,False,,NODATA,25
dibba,2006-03-12,0,0,,,3,27,0.0000,False,,NODATA,25
dibba,2006-03-13,0,0,,,3,27,0.0000,False,,NODATA,25
dibba,2006-03-14,0,0,,,3,27,0.0000,False,,NODATA,25
dibba,2006-03-15,0,0,,,3,27,0.0000,False,,NODATA,25
dibba,2006-03-16,0,0,,,3,27,0.0000,False,,NODATA,25
dibba,2006-03-17,0,0,,,3,27,0.0000,False,,NODATA,25
dibba,2006-03-18,0,0,,,3,27,0.0000,False,,NODATA,25
dibba,2006-03-19,0,0,,,3,27,0.0000,False,,NODATA,25
dibba,2006-03-20,0,0,,,3,27,0.0000,False,,NODATA,25
dibba,2006-03-21,0,0,,,3,27,0.0000,False,,NODATA,25
dibba,2006-03-22,0,0,,,3,27,0.0000,False,,NODATA,25
dibba,2006-03-23,25,0,1.9154,0.1085,3,27,0.9259,True,0.0000,QUIET,25
dibba,2006-03-24,0,0,,,3,27,0.0000,False,,NODATA,25
dibba,2006-03-25,0,0,,,3,27,0.0000,False,,NODATA,25
dibba,2006-03-26,0,0,,,3,27,0.0000,False,,NODATA,25
dibba,2006-03-27,26,0,1.9712,1.0819,3,27,0.9630,True,0.0000,QUIET,25
dibba,2006-03-28,22,0,1.6418,0.9450,3,27,0.8148,True,0.0000,QUIET,25
dibba,2006-03-29,0,0,,,3,27,0.0000,False,,NODATA,25
dibba,2006-03-30,0,0,,,3,27,0.0000,False,,NODATA,25
dibba,2006-03-31,0,0,,,3,27,0.0000,False,,NODATA,25
dibba,2006-04-01,8,0,1.6503,0.3400,4,27,0.2963,True,0.0000,QUIET,25
dibba,2006-04-02,0,0,,,4,27,0.0000,False,,NODATA,25
dibba,2006-04-03,0,0,,,4,27,0.0000,False,,NODATA,25
dibba,2006-04-04,0,0,,,4,27,0.0000,False,,NODATA,25
dibba,2006-04-05,16,6,3.2304,0.4003,4,27,0.5926,True,0.3750,QUIET,25
dibba,2006-04-06,18,0,0.2832,-0.1557,4,27,0.6667,True,0.0000,QUIET,25
dibba,2006-04-07,0,0,,,4,27,0.0000,False,,NODATA,25
dibba,2006-04-08,0,0,,,4,27,0.0000,False,,NODATA,25
dibba,2006-04-09,0,0,,,4,27,0.0000,False,,NODATA,25
dibba,2006-04-10,0,0,,,4,27,0.0000,False,,NODATA,25
dibba,2006-04-11,14,0,0.6407,-0.1608,4,27,0.5185,True,0.0000,QUIET,25
dibba,2006-04-12,0,0,,,4,27,0.0000,False,,NODATA,25
dibba,2006-04-13,0,0,,,4,27,0.0000,False,,NODATA,25
dibba,2006-04-14,0,0,,,4,27,0.0000,False,,NODATA,25
dibba,2006-04-15,27,1,2.0469,-0.2605,4,27,1.0000,True,0.0370,QUIET,25
dibba,2006-04-16,0,0,,,4,27,0.0000,False,,NODATA,25
dibba,2006-04-17,0,0,,,4,27,0.0000,False,,NODATA,25
dibba,2006-04-18,0,0,,,4,27,0.0000,False,,NODATA,25
dibba,2006-04-19,0,0,,,4,27,0.0000,False,,NODATA,25
dibba,2006-04-20,0,0,,,4,27,0.0000,False,,NODATA,25
dibba,2006-04-21,16,0,1.0274,-0.3513,4,27,0.5926,True,0.0000,QUIET,25
dibba,2006-04-22,22,3,2.9660,-0.3922,4,27,0.8148,True,0.1364,QUIET,25
dibba,2006-04-23,0,0,,,4,27,0.0000,False,,NODATA,25
dibba,2006-04-24,0,0,,,4,27,0.0000,False,,NODATA,25
dibba,2006-04-25,0,0,,,4,27,0.0000,False,,NODATA,25
dibba,2006-04-26,0,0,,,4,27,0.0000,False,,NODATA,25
dibba,2006-04-27,0,0,,,4,27,0.0000,False,,NODATA,25
dibba,2006-04-28,0,0,,,4,27,0.0000,False,,NODATA,25
dibba,2006-04-29,6,0,0.9566,-0.2615,4,27,0.2222,True,0.0000,QUIET,25
dibba,2006-04-30,0,0,,,4,27,0.0000,False,,NODATA,25
dibba,2006-05-01,0,0,,,5,17,0.0000,False,,NODATA,25
dibba,2006-05-02,0,0,,,5,17,0.0000,False,,NODATA,25
dibba,2006-05-03,0,0,,,5,17,0.0000,False,,NODATA,25
dibba,2006-05-04,0,0,,,5,17,0.0000,False,,NODATA,25
dibba,2006-05-05,0,0,,,5,17,0.0000,False,,NODATA,25
dibba,2006-05-06,0,0,,,5,17,0.0000,False,,NODATA,25
dibba,2006-05-07,0,0,,,5,17,0.0000,False,,NODATA,25
dibba,2006-05-08,16,0,0.8244,-0.4761,5,17,0.9412,True,0.0000,QUIET,25
dibba,2006-05-09,0,0,,,5,17,0.0000,False,,NODATA,25
dibba,2006-05-10,0,0,,,5,17,0.0000,False,,NODATA,25
dibba,2006-05-11,0,0,,,5,17,0.0000,False,,NODATA,25
dibba,2006-05-12,0,0,,,5,17,0.0000,False,,NODATA,25
dibba,2006-05-13,0,0,,,5,17,0.0000,False,,NODATA,25
dibba,2006-05-14,0,0,,,5,17,0.0000,False,,NODATA,25
dibba,2006-05-15,0,0,,,5,17,0.0000,False,,NODATA,25
dibba,2006-05-16,0,0,,,5,17,0.0000,False,,NODATA,25
dibba,2006-05-17,0,0,,,5,17,0.0000,False,,NODATA,25
dibba,2006-05-18,0,0,,,5,17,0.0000,False,,NODATA,25
dibba,2006-05-19,0,0,,,5,17,0.0000,False,,NODATA,25
dibba,2006-05-20,0,0,,,5,17,0.0000,False,,NODATA,25
dibba,2006-05-21,0,0,,,5,17,0.0000,False,,NODATA,25
dibba,2006-05-22,16,0,1.8260,-0.3181,5,17,0.9412,True,0.0000,QUIET,25
dibba,2006-05-23,17,1,2.0597,-0.1829,5,17,1.0000,True,0.0588,QUIET,25
dibba,2006-05-24,17,0,1.5015,-0.2447,5,17,1.0000,True,0.0000,QUIET,25
dibba,2006-05-25,7,0,0.6988,-0.2997,5,17,0.4118,True,0.0000,QUIET,25
dibba,2006-05-26,6,0,-0.6999,-0.5753,5,17,0.3529,True,0.0000,QUIET,25
dibba,2006-05-27,0,0,,,5,17,0.0000,False,,NODATA,25
dibba,2006-05-28,0,0,,,5,17,0.0000,False,,NODATA,25
dibba,2006-05-29,14,0,0.0308,-0.3999,5,17,0.8235,True,0.0000,QUIET,25
dibba,2006-05-30,17,0,-0.4984,-0.5665,5,17,1.0000,True,0.0000,QUIET,25
dibba,2006-05-31,0,0,,,5,17,0.0000,False,,NODATA,25
dibba,2006-06-01,0,0,,,6,14,0.0000,False,,NODATA,25
dibba,2006-06-02,0,0,,,6,14,0.0000,False,,NODATA,25
dibba,2006-06-03,0,0,,,6,14,0.0000,False,,NODATA,25
dibba,2006-06-04,0,0,,,6,14,0.0000,False,,NODATA,25
dibba,2006-06-05,0,0,,,6,14,0.0000,False,,NODATA,25
dibba,2006-06-06,0,0,,,6,14,0.0000,False,,NODATA,25
dibba,2006-06-07,0,0,,,6,14,0.0000,False,,NODATA,25
dibba,2006-06-08,0,0,,,6,14,0.0000,False,,NODATA,25
dibba,2006-06-09,0,0,,,6,14,0.0000,False,,NODATA,25
dibba,2006-06-10,0,0,,,6,14,0.0000,False,,NODATA,25
dibba,2006-06-11,0,0,,,6,14,0.0000,False,,NODATA,25
dibba,2006-06-12,0,0,,,6,14,0.0000,False,,NODATA,25
dibba,2006-06-13,0,0,,,6,14,0.0000,False,,NODATA,25
dibba,2006-06-14,0,0,,,6,14,0.0000,False,,NODATA,25
dibba,2006-06-15,0,0,,,6,14,0.0000,False,,NODATA,25
dibba,2006-06-16,0,0,,,6,14,0.0000,False,,NODATA,25
dibba,2006-06-17,0,0,,,6,14,0.0000,False,,NODATA,25
dibba,2006-06-18,0,0,,,6,14,0.0000,False,,NODATA,25
dibba,2006-06-19,0,0,,,6,14,0.0000,False,,NODATA,25
dibba,2006-06-20,0,0,,,6,14,0.0000,False,,NODATA,25
dibba,2006-06-21,0,0,,,6,14,0.0000,False,,NODATA,25
dibba,2006-06-22,0,0,,,6,14,0.0000,False,,NODATA,25
dibba,2006-06-23,0,0,,,6,14,0.0000,False,,NODATA,25
dibba,2006-06-24,0,0,,,6,14,0.0000,False,,NODATA,25
dibba,2006-06-25,0,0,,,6,14,0.0000,False,,NODATA,25
dibba,2006-06-26,0,0,,,6,14,0.0000,False,,NODATA,25
dibba,2006-06-27,0,0,,,6,14,0.0000,False,,NODATA,25
dibba,2006-06-28,0,0,,,6,14,0.0000,False,,NODATA,25
dibba,2006-06-29,0,0,,,6,14,0.0000,False,,NODATA,25
dibba,2006-06-30,0,0,,,6,14,0.0000,False,,NODATA,25
dibba,2006-07-01,0,0,,,7,0,0.0000,False,,NODATA,25
dibba,2006-07-02,0,0,,,7,0,0.0000,False,,NODATA,25
dibba,2006-07-03,0,0,,,7,0,0.0000,False,,NODATA,25
dibba,2006-07-04,0,0,,,7,0,0.0000,False,,NODATA,25
dibba,2006-07-05,0,0,,,7,0,0.0000,False,,NODATA,25
dibba,2006-07-06,0,0,,,7,0,0.0000,False,,NODATA,25
dibba,2006-07-07,0,0,,,7,0,0.0000,False,,NODATA,25
dibba,2006-07-08,0,0,,,7,0,0.0000,False,,NODATA,25
dibba,2006-07-09,0,0,,,7,0,0.0000,False,,NODATA,25
dibba,2006-07-10,0,0,,,7,0,0.0000,False,,NODATA,25
dibba,2006-07-11,0,0,,,7,0,0.0000,False,,NODATA,25
dibba,2006-07-12,0,0,,,7,0,0.0000,False,,NODATA,25
dibba,2006-07-13,0,0,,,7,0,0.0000,False,,NODATA,25
dibba,2006-07-14,0,0,,,7,0,0.0000,False,,NODATA,25
dibba,2006-07-15,0,0,,,7,0,0.0000,False,,NODATA,25
dibba,2006-07-16,0,0,,,7,0,0.0000,False,,NODATA,25
dibba,2006-07-17,0,0,,,7,0,0.0000,False,,NODATA,25
dibba,2006-07-18,0,0,,,7,0,0.0000,False,,NODATA,25
dibba,2006-07-19,0,0,,,7,0,0.0000,False,,NODATA,25
dibba,2006-07-20,0,0,,,7,0,0.0000,False,,NODATA,25
dibba,2006-07-21,0,0,,,7,0,0.0000,False,,NODATA,25
dibba,2006-07-22,0,0,,,7,0,0.0000,False,,NODATA,25
dibba,2006-07-23,0,0,,,7,0,0.0000,False,,NODATA,25
dibba,2006-07-24,0,0,,,7,0,0.0000,False,,NODATA,25
dibba,2006-07-25,0,0,,,7,0,0.0000,False,,NODATA,25
dibba,2006-07-26,0,0,,,7,0,0.0000,False,,NODATA,25
dibba,2006-07-27,0,0,,,7,0,0.0000,False,,NODATA,25
dibba,2006-07-28,0,0,,,7,0,0.0000,False,,NODATA,25
dibba,2006-07-29,0,0,,,7,0,0.0000,False,,NODATA,25
dibba,2006-07-30,0,0,,,7,0,0.0000,False,,NODATA,25
dibba,2006-07-31,0,0,,,7,0,0.0000,False,,NODATA,25
dibba,2006-08-01,0,0,,,8,0,0.0000,False,,NODATA,25
dibba,2006-08-02,0,0,,,8,0,0.0000,False,,NODATA,25
dibba,2006-08-03,0,0,,,8,0,0.0000,False,,NODATA,25
dibba,2006-08-04,0,0,,,8,0,0.0000,False,,NODATA,25
dibba,2006-08-05,0,0,,,8,0,0.0000,False,,NODATA,25
dibba,2006-08-06,0,0,,,8,0,0.0000,False,,NODATA,25
dibba,2006-08-07,0,0,,,8,0,0.0000,False,,NODATA,25
dibba,2006-08-08,0,0,,,8,0,0.0000,False,,NODATA,25
dibba,2006-08-09,0,0,,,8,0,0.0000,False,,NODATA,25
dibba,2006-08-10,0,0,,,8,0,0.0000,False,,NODATA,25
dibba,2006-08-11,0,0,,,8,0,0.0000,False,,NODATA,25
dibba,2006-08-12,0,0,,,8,0,0.0000,False,,NODATA,25
dibba,2006-08-13,0,0,,,8,0,0.0000,False,,NODATA,25
dibba,2006-08-14,0,0,,,8,0,0.0000,False,,NODATA,25
dibba,2006-08-15,0,0,,,8,0,0.0000,False,,NODATA,25
dibba,2006-08-16,0,0,,,8,0,0.0000,False,,NODATA,25
dibba,2006-08-17,0,0,,,8,0,0.0000,False,,NODATA,25
dibba,2006-08-18,0,0,,,8,0,0.0000,False,,NODATA,25
dibba,2006-08-19,0,0,,,8,0,0.0000,False,,NODATA,25
dibba,2006-08-20,0,0,,,8,0,0.0000,False,,NODATA,25
dibba,2006-08-21,0,0,,,8,0,0.0000,False,,NODATA,25
dibba,2006-08-22,0,0,,,8,0,0.0000,False,,NODATA,25
dibba,2006-08-23,0,0,,,8,0,0.0000,False,,NODATA,25
dibba,2006-08-24,0,0,,,8,0,0.0000,False,,NODATA,25
dibba,2006-08-25,0,0,,,8,0,0.0000,False,,NODATA,25
dibba,2006-08-26,0,0,,,8,0,0.0000,False,,NODATA,25
dibba,2006-08-27,0,0,,,8,0,0.0000,False,,NODATA,25
dibba,2006-08-28,0,0,,,8,0,0.0000,False,,NODATA,25
dibba,2006-08-29,0,0,,,8,0,0.0000,False,,NODATA,25
dibba,2006-08-30,0,0,,,8,0,0.0000,False,,NODATA,25
dibba,2006-08-31,0,0,,,8,0,0.0000,False,,NODATA,25
dibba,2006-09-01,0,0,,,9,21,0.0000,False,,NODATA,25
dibba,2006-09-02,0,0,,,9,21,0.0000,False,,NODATA,25
dibba,2006-09-03,0,0,,,9,21,0.0000,False,,NODATA,25
dibba,2006-09-04,0,0,,,9,21,0.0000,False,,NODATA,25
dibba,2006-09-05,0,0,,,9,21,0.0000,False,,NODATA,25
dibba,2006-09-06,0,0,,,9,21,0.0000,False,,NODATA,25
dibba,2006-09-07,0,0,,,9,21,0.0000,False,,NODATA,25
dibba,2006-09-08,0,0,,,9,21,0.0000,False,,NODATA,25
dibba,2006-09-09,0,0,,,9,21,0.0000,False,,NODATA,25
dibba,2006-09-10,0,0,,,9,21,0.0000,False,,NODATA,25
dibba,2006-09-11,0,0,,,9,21,0.0000,False,,NODATA,25
dibba,2006-09-12,0,0,,,9,21,0.0000,False,,NODATA,25
dibba,2006-09-13,21,4,2.3430,0.0474,9,21,1.0000,True,0.1905,QUIET,25
dibba,2006-09-14,0,0,,,9,21,0.0000,False,,NODATA,25
dibba,2006-09-15,21,3,2.3564,0.4471,9,21,1.0000,True,0.1429,QUIET,25
dibba,2006-09-16,0,0,,,9,21,0.0000,False,,NODATA,25
dibba,2006-09-17,0,0,,,9,21,0.0000,False,,NODATA,25
dibba,2006-09-18,0,0,,,9,21,0.0000,False,,NODATA,25
dibba,2006-09-19,0,0,,,9,21,0.0000,False,,NODATA,25
dibba,2006-09-20,0,0,,,9,21,0.0000,False,,NODATA,25
dibba,2006-09-21,0,0,,,9,21,0.0000,False,,NODATA,25
dibba,2006-09-22,21,0,1.3401,-0.1464,9,21,1.0000,True,0.0000,QUIET,25
dibba,2006-09-23,0,0,,,9,21,0.0000,False,,NODATA,25
dibba,2006-09-24,15,1,2.0250,-0.0115,9,21,0.7143,True,0.0667,QUIET,25
dibba,2006-09-25,0,0,,,9,21,0.0000,False,,NODATA,25
dibba,2006-09-26,0,0,,,9,21,0.0000,False,,NODATA,25
dibba,2006-09-27,0,0,,,9,21,0.0000,False,,NODATA,25
dibba,2006-09-28,0,0,,,9,21,0.0000,False,,NODATA,25
dibba,2006-09-29,17,0,0.1347,-0.3295,9,21,0.8095,True,0.0000,QUIET,25
dibba,2006-09-30,0,0,,,9,21,0.0000,False,,NODATA,25
dibba,2006-10-01,28,0,0.5568,-0.2841,10,28,1.0000,True,0.0000,QUIET,25
dibba,2006-10-02,0,0,,,10,28,0.0000,False,,NODATA,25
dibba,2006-10-03,22,0,0.8207,-0.2413,10,28,0.7857,True,0.0000,QUIET,25
dibba,2006-10-04,0,0,,,10,28,0.0000,False,,NODATA,25
dibba,2006-10-05,6,0,0.2224,-0.3027,10,28,0.2143,True,0.0000,QUIET,25
dibba,2006-10-06,17,0,0.7272,-0.2837,10,28,0.6071,True,0.0000,QUIET,25
dibba,2006-10-07,11,0,1.0731,-0.1468,10,28,0.3929,True,0.0000,QUIET,25
dibba,2006-10-08,24,0,1.6162,0.1071,10,28,0.8571,True,0.0000,QUIET,25
dibba,2006-10-09,0,0,,,10,28,0.0000,False,,NODATA,25
dibba,2006-10-10,27,0,1.3172,-0.0223,10,28,0.9643,True,0.0000,QUIET,25
dibba,2006-10-11,0,0,,,10,28,0.0000,False,,NODATA,25
dibba,2006-10-12,26,0,1.0366,-0.2047,10,28,0.9286,True,0.0000,QUIET,25
dibba,2006-10-13,3,1,3.0966,0.0745,10,28,0.1071,True,0.3333,QUIET,25
dibba,2006-10-14,0,0,,,10,28,0.0000,False,,NODATA,25
dibba,2006-10-15,0,0,,,10,28,0.0000,False,,NODATA,25
dibba,2006-10-16,0,0,,,10,28,0.0000,False,,NODATA,25
dibba,2006-10-17,28,0,0.8578,-0.1879,10,28,1.0000,True,0.0000,QUIET,25
dibba,2006-10-18,0,0,,,10,28,0.0000,False,,NODATA,25
dibba,2006-10-19,28,0,0.1604,-0.2664,10,28,1.0000,True,0.0000,QUIET,25
dibba,2006-10-20,5,0,-0.2065,-0.3861,10,28,0.1786,True,0.0000,QUIET,25
dibba,2006-10-21,0,0,,,10,28,0.0000,False,,NODATA,25
dibba,2006-10-22,0,0,,,10,28,0.0000,False,,NODATA,25
dibba,2006-10-23,0,0,,,10,28,0.0000,False,,NODATA,25
dibba,2006-10-24,0,0,,,10,28,0.0000,False,,NODATA,25
dibba,2006-10-25,0,0,,,10,28,0.0000,False,,NODATA,25
dibba,2006-10-26,26,0,1.2241,-0.2214,10,28,0.9286,True,0.0000,QUIET,25
dibba,2006-10-27,0,0,,,10,28,0.0000,False,,NODATA,25
dibba,2006-10-28,0,0,,,10,28,0.0000,False,,NODATA,25
dibba,2006-10-29,0,0,,,10,28,0.0000,False,,NODATA,25
dibba,2006-10-30,3,0,0.2069,-0.4357,10,28,0.1071,True,0.0000,QUIET,25
dibba,2006-10-31,27,0,0.9522,-0.1759,10,28,0.9643,True,0.0000,QUIET,25
dibba,2006-11-01,0,0,,,11,28,0.0000,False,,NODATA,25
dibba,2006-11-02,28,0,0.7165,0.1680,11,28,1.0000,True,0.0000,QUIET,25
dibba,2006-11-03,0,0,,,11,28,0.0000,False,,NODATA,25
dibba,2006-11-04,0,0,,,11,28,0.0000,False,,NODATA,25
dibba,2006-11-05,0,0,,,11,28,0.0000,False,,NODATA,25
dibba,2006-11-06,14,0,0.1143,-0.0077,11,28,0.5000,True,0.0000,QUIET,25
dibba,2006-11-07,24,0,0.3760,0.0840,11,28,0.8571,True,0.0000,QUIET,25
dibba,2006-11-08,0,0,,,11,28,0.0000,False,,NODATA,25
dibba,2006-11-09,0,0,,,11,28,0.0000,False,,NODATA,25
dibba,2006-11-10,0,0,,,11,28,0.0000,False,,NODATA,25
dibba,2006-11-11,8,0,0.4176,-0.0566,11,28,0.2857,True,0.0000,QUIET,25
dibba,2006-11-12,0,0,,,11,28,0.0000,False,,NODATA,25
dibba,2006-11-13,0,0,,,11,28,0.0000,False,,NODATA,25
dibba,2006-11-14,0,0,,,11,28,0.0000,False,,NODATA,25
dibba,2006-11-15,0,0,,,11,28,0.0000,False,,NODATA,25
dibba,2006-11-16,0,0,,,11,28,0.0000,False,,NODATA,25
dibba,2006-11-17,0,0,,,11,28,0.0000,False,,NODATA,25
dibba,2006-11-18,0,0,,,11,28,0.0000,False,,NODATA,25
dibba,2006-11-19,0,0,,,11,28,0.0000,False,,NODATA,25
dibba,2006-11-20,1,0,1.1043,0.4158,11,28,0.0357,False,,NODATA,25
dibba,2006-11-21,7,1,2.4015,0.8047,11,28,0.2500,True,0.1429,QUIET,25
dibba,2006-11-22,24,0,1.1481,0.3666,11,28,0.8571,True,0.0000,QUIET,25
dibba,2006-11-23,0,0,,,11,28,0.0000,False,,NODATA,25
dibba,2006-11-24,12,0,0.7475,0.2146,11,28,0.4286,True,0.0000,QUIET,25
dibba,2006-11-25,24,0,1.6328,0.4102,11,28,0.8571,True,0.0000,QUIET,25
dibba,2006-11-26,0,0,,,11,28,0.0000,False,,NODATA,25
dibba,2006-11-27,27,0,0.6039,0.1434,11,28,0.9643,True,0.0000,QUIET,25
dibba,2006-11-28,0,0,,,11,28,0.0000,False,,NODATA,25
dibba,2006-11-29,0,0,,,11,28,0.0000,False,,NODATA,25
dibba,2006-11-30,0,0,,,11,28,0.0000,False,,NODATA,25
dibba,2006-12-01,0,0,,,12,27,0.0000,False,,NODATA,25
dibba,2006-12-02,0,0,,,12,27,0.0000,False,,NODATA,25
dibba,2006-12-03,0,0,,,12,27,0.0000,False,,NODATA,25
dibba,2006-12-04,27,0,0.6056,0.1680,12,27,1.0000,True,0.0000,QUIET,25
dibba,2006-12-05,0,0,,,12,27,0.0000,False,,NODATA,25
dibba,2006-12-06,0,0,,,12,27,0.0000,False,,NODATA,25
dibba,2006-12-07,0,0,,,12,27,0.0000,False,,NODATA,25
dibba,2006-12-08,0,0,,,12,27,0.0000,False,,NODATA,25
dibba,2006-12-09,0,0,,,12,27,0.0000,False,,NODATA,25
dibba,2006-12-10,10,0,-0.2778,0.0066,12,27,0.3704,True,0.0000,QUIET,25
dibba,2006-12-11,0,0,,,12,27,0.0000,False,,NODATA,25
dibba,2006-12-12,0,0,,,12,27,0.0000,False,,NODATA,25
dibba,2006-12-13,20,0,-0.8610,-0.2374,12,27,0.7407,True,0.0000,QUIET,25
dibba,2006-12-14,0,0,,,12,27,0.0000,False,,NODATA,25
dibba,2006-12-15,0,0,,,12,27,0.0000,False,,NODATA,25
dibba,2006-12-16,0,0,,,12,27,0.0000,False,,NODATA,25
dibba,2006-12-17,0,0,,,12,27,0.0000,False,,NODATA,25
dibba,2006-12-18,0,0,,,12,27,0.0000,False,,NODATA,25
dibba,2006-12-19,0,0,,,12,27,0.0000,False,,NODATA,25
dibba,2006-12-20,27,0,1.4384,0.2364,12,27,1.0000,True,0.0000,QUIET,25
dibba,2006-12-21,0,0,,,12,27,0.0000,False,,NODATA,25
dibba,2006-12-22,1,0,-1.7669,-0.2771,12,27,0.0370,False,,NODATA,25
dibba,2006-12-23,0,0,,,12,27,0.0000,False,,NODATA,25
dibba,2006-12-24,0,0,,,12,27,0.0000,False,,NODATA,25
dibba,2006-12-25,0,0,,,12,27,0.0000,False,,NODATA,25
dibba,2006-12-26,4,0,-0.5823,-0.1336,12,27,0.1481,True,0.0000,QUIET,25
dibba,2006-12-27,16,1,2.1550,0.4064,12,27,0.5926,True,0.0625,QUIET,25
dibba,2006-12-28,0,0,,,12,27,0.0000,False,,NODATA,25
dibba,2006-12-29,0,0,,,12,27,0.0000,False,,NODATA,25
dibba,2006-12-30,0,0,,,12,27,0.0000,False,,NODATA,25
dibba,2006-12-31,0,0,,,12,27,0.0000,False,,NODATA,25
dibba,2007-01-01,0,0,,,1,27,0.0000,False,,NODATA,25
dibba,2007-01-02,0,0,,,1,27,0.0000,False,,NODATA,25
dibba,2007-01-03,0,0,,,1,27,0.0000,False,,NODATA,25
dibba,2007-01-04,8,0,0.3746,0.1358,1,27,0.2963,True,0.0000,QUIET,25
dibba,2007-01-05,27,0,1.3376,0.1935,1,27,1.0000,True,0.0000,QUIET,25
dibba,2007-01-06,0,0,,,1,27,0.0000,False,,NODATA,25
dibba,2007-01-07,0,0,,,1,27,0.0000,False,,NODATA,25
dibba,2007-01-08,0,0,,,1,27,0.0000,False,,NODATA,25
dibba,2007-01-09,0,0,,,1,27,0.0000,False,,NODATA,25
dibba,2007-01-10,0,0,,,1,27,0.0000,False,,NODATA,25
dibba,2007-01-11,0,0,,,1,27,0.0000,False,,NODATA,25
dibba,2007-01-12,0,0,,,1,27,0.0000,False,,NODATA,25
dibba,2007-01-13,0,0,,,1,27,0.0000,False,,NODATA,25
dibba,2007-01-14,0,0,,,1,27,0.0000,False,,NODATA,25
dibba,2007-01-15,0,0,,,1,27,0.0000,False,,NODATA,25
dibba,2007-01-16,0,0,,,1,27,0.0000,False,,NODATA,25
dibba,2007-01-17,0,0,,,1,27,0.0000,False,,NODATA,25
dibba,2007-01-18,0,0,,,1,27,0.0000,False,,NODATA,25
dibba,2007-01-19,0,0,,,1,27,0.0000,False,,NODATA,25
dibba,2007-01-20,0,0,,,1,27,0.0000,False,,NODATA,25
dibba,2007-01-21,0,0,,,1,27,0.0000,False,,NODATA,25
dibba,2007-01-22,0,0,,,1,27,0.0000,False,,NODATA,25
dibba,2007-01-23,0,0,,,1,27,0.0000,False,,NODATA,25
dibba,2007-01-24,16,0,1.8407,0.4515,1,27,0.5926,True,0.0000,QUIET,25
dibba,2007-01-25,26,0,0.0113,0.0319,1,27,0.9630,True,0.0000,QUIET,25
dibba,2007-01-26,25,0,0.4699,0.1166,1,27,0.9259,True,0.0000,QUIET,25
dibba,2007-01-27,5,0,-0.2806,-0.0261,1,27,0.1852,True,0.0000,QUIET,25
dibba,2007-01-28,27,0,0.1199,-0.0384,1,27,1.0000,True,0.0000,QUIET,25
dibba,2007-01-29,0,0,,,1,27,0.0000,False,,NODATA,25
dibba,2007-01-30,27,0,-0.1741,-0.0149,1,27,1.0000,True,0.0000,QUIET,25
dibba,2007-01-31,0,0,,,1,27,0.0000,False,,NODATA,25
dibba,2007-02-01,25,0,-0.4742,-0.1305,2,27,0.9259,True,0.0000,QUIET,25
dibba,2007-02-02,0,0,,,2,27,0.0000,False,,NODATA,25
dibba,2007-02-03,0,0,,,2,27,0.0000,False,,NODATA,25
dibba,2007-02-04,0,0,,,2,27,0.0000,False,,NODATA,25
dibba,2007-02-05,0,0,,,2,27,0.0000,False,,NODATA,25
dibba,2007-02-06,1,1,2.2504,1.4345,2,27,0.0370,False,,NODATA,25
dibba,2007-02-07,0,0,,,2,27,0.0000,False,,NODATA,25
dibba,2007-02-08,0,0,,,2,27,0.0000,False,,NODATA,25
dibba,2007-02-09,9,0,1.6514,0.3041,2,27,0.3333,True,0.0000,QUIET,25
dibba,2007-02-10,24,0,-0.2464,-0.2704,2,27,0.8889,True,0.0000,QUIET,25
dibba,2007-02-11,0,0,,,2,27,0.0000,False,,NODATA,25
dibba,2007-02-12,0,0,,,2,27,0.0000,False,,NODATA,25
dibba,2007-02-13,27,0,1.7491,0.6556,2,27,1.0000,True,0.0000,QUIET,25
dibba,2007-02-14,0,0,,,2,27,0.0000,False,,NODATA,25
dibba,2007-02-15,21,0,-0.2036,0.0951,2,27,0.7778,True,0.0000,QUIET,25
dibba,2007-02-16,0,0,,,2,27,0.0000,False,,NODATA,25
dibba,2007-02-17,0,0,,,2,27,0.0000,False,,NODATA,25
dibba,2007-02-18,0,0,,,2,27,0.0000,False,,NODATA,25
dibba,2007-02-19,0,0,,,2,27,0.0000,False,,NODATA,25
dibba,2007-02-20,0,0,,,2,27,0.0000,False,,NODATA,25
dibba,2007-02-21,0,0,,,2,27,0.0000,False,,NODATA,25
dibba,2007-02-22,12,0,1.1622,-0.0574,2,27,0.4444,True,0.0000,QUIET,25
dibba,2007-02-23,0,0,,,2,27,0.0000,False,,NODATA,25
dibba,2007-02-24,20,0,1.6211,0.0679,2,27,0.7407,True,0.0000,QUIET,25
dibba,2007-02-25,0,0,,,2,27,0.0000,False,,NODATA,25
dibba,2007-02-26,0,0,,,2,27,0.0000,False,,NODATA,25
dibba,2007-02-27,0,0,,,2,27,0.0000,False,,NODATA,25
dibba,2007-02-28,0,0,,,2,27,0.0000,False,,NODATA,25
dibba,2007-03-01,21,0,1.6666,0.1863,3,27,0.7778,True,0.0000,QUIET,25
dibba,2007-03-02,0,0,,,3,27,0.0000,False,,NODATA,25
dibba,2007-03-03,0,0,,,3,27,0.0000,False,,NODATA,25
dibba,2007-03-04,0,0,,,3,27,0.0000,False,,NODATA,25
dibba,2007-03-05,0,0,,,3,27,0.0000,False,,NODATA,25
dibba,2007-03-06,0,0,,,3,27,0.0000,False,,NODATA,25
dibba,2007-03-07,0,0,,,3,27,0.0000,False,,NODATA,25
dibba,2007-03-08,0,0,,,3,27,0.0000,False,,NODATA,25
dibba,2007-03-09,0,0,,,3,27,0.0000,False,,NODATA,25
dibba,2007-03-10,0,0,,,3,27,0.0000,False,,NODATA,25
dibba,2007-03-11,0,0,,,3,27,0.0000,False,,NODATA,25
dibba,2007-03-12,0,0,,,3,27,0.0000,False,,NODATA,25
dibba,2007-03-13,0,0,,,3,27,0.0000,False,,NODATA,25
dibba,2007-03-14,0,0,,,3,27,0.0000,False,,NODATA,25
dibba,2007-03-15,0,0,,,3,27,0.0000,False,,NODATA,25
dibba,2007-03-16,0,0,,,3,27,0.0000,False,,NODATA,25
dibba,2007-03-17,0,0,,,3,27,0.0000,False,,NODATA,25
dibba,2007-03-18,0,0,,,3,27,0.0000,False,,NODATA,25
dibba,2007-03-19,0,0,,,3,27,0.0000,False,,NODATA,25
dibba,2007-03-20,0,0,,,3,27,0.0000,False,,NODATA,25
dibba,2007-03-21,5,1,2.3996,0.2651,3,27,0.1852,True,0.2000,QUIET,25
dibba,2007-03-22,0,0,,,3,27,0.0000,False,,NODATA,25
dibba,2007-03-23,0,0,,,3,27,0.0000,False,,NODATA,25
dibba,2007-03-24,0,0,,,3,27,0.0000,False,,NODATA,25
dibba,2007-03-25,0,0,,,3,27,0.0000,False,,NODATA,25
dibba,2007-03-26,0,0,,,3,27,0.0000,False,,NODATA,25
dibba,2007-03-27,0,0,,,3,27,0.0000,False,,NODATA,25
dibba,2007-03-28,0,0,,,3,27,0.0000,False,,NODATA,25
dibba,2007-03-29,0,0,,,3,27,0.0000,False,,NODATA,25
dibba,2007-03-30,0,0,,,3,27,0.0000,False,,NODATA,25
dibba,2007-03-31,26,0,0.2522,0.2106,3,27,0.9630,True,0.0000,QUIET,25
dibba,2007-04-01,15,0,1.8756,0.1440,4,27,0.5556,True,0.0000,QUIET,25
dibba,2007-04-02,0,0,,,4,27,0.0000,False,,NODATA,25
dibba,2007-04-03,0,0,,,4,27,0.0000,False,,NODATA,25
dibba,2007-04-04,0,0,,,4,27,0.0000,False,,NODATA,25
dibba,2007-04-05,0,0,,,4,27,0.0000,False,,NODATA,25
dibba,2007-04-06,0,0,,,4,27,0.0000,False,,NODATA,25
dibba,2007-04-07,0,0,,,4,27,0.0000,False,,NODATA,25
dibba,2007-04-08,0,0,,,4,27,0.0000,False,,NODATA,25
dibba,2007-04-09,10,0,0.6221,-0.1224,4,27,0.3704,True,0.0000,QUIET,25
dibba,2007-04-10,0,0,,,4,27,0.0000,False,,NODATA,25
dibba,2007-04-11,0,0,,,4,27,0.0000,False,,NODATA,25
dibba,2007-04-12,0,0,,,4,27,0.0000,False,,NODATA,25
dibba,2007-04-13,0,0,,,4,27,0.0000,False,,NODATA,25
dibba,2007-04-14,0,0,,,4,27,0.0000,False,,NODATA,25
dibba,2007-04-15,0,0,,,4,27,0.0000,False,,NODATA,25
dibba,2007-04-16,0,0,,,4,27,0.0000,False,,NODATA,25
dibba,2007-04-17,13,2,2.7970,0.0151,4,27,0.4815,True,0.1538,QUIET,25
dibba,2007-04-18,19,0,1.8109,-0.2282,4,27,0.7037,True,0.0000,QUIET,25
dibba,2007-04-19,0,0,,,4,27,0.0000,False,,NODATA,25
dibba,2007-04-20,0,0,,,4,27,0.0000,False,,NODATA,25
dibba,2007-04-21,0,0,,,4,27,0.0000,False,,NODATA,25
dibba,2007-04-22,0,0,,,4,27,0.0000,False,,NODATA,25
dibba,2007-04-23,0,0,,,4,27,0.0000,False,,NODATA,25
dibba,2007-04-24,0,0,,,4,27,0.0000,False,,NODATA,25
dibba,2007-04-25,0,0,,,4,27,0.0000,False,,NODATA,25
dibba,2007-04-26,0,0,,,4,27,0.0000,False,,NODATA,25
dibba,2007-04-27,0,0,,,4,27,0.0000,False,,NODATA,25
dibba,2007-04-28,0,0,,,4,27,0.0000,False,,NODATA,25
dibba,2007-04-29,0,0,,,4,27,0.0000,False,,NODATA,25
dibba,2007-04-30,0,0,,,4,27,0.0000,False,,NODATA,25
dibba,2007-05-01,0,0,,,5,17,0.0000,False,,NODATA,25
dibba,2007-05-02,0,0,,,5,17,0.0000,False,,NODATA,25
dibba,2007-05-03,0,0,,,5,17,0.0000,False,,NODATA,25
dibba,2007-05-04,13,0,0.6843,-0.4772,5,17,0.7647,True,0.0000,QUIET,25
dibba,2007-05-05,0,0,,,5,17,0.0000,False,,NODATA,25
dibba,2007-05-06,0,0,,,5,17,0.0000,False,,NODATA,25
dibba,2007-05-07,0,0,,,5,17,0.0000,False,,NODATA,25
dibba,2007-05-08,0,0,,,5,17,0.0000,False,,NODATA,25
dibba,2007-05-09,0,0,,,5,17,0.0000,False,,NODATA,25
dibba,2007-05-10,0,0,,,5,17,0.0000,False,,NODATA,25
dibba,2007-05-11,0,0,,,5,17,0.0000,False,,NODATA,25
dibba,2007-05-12,0,0,,,5,17,0.0000,False,,NODATA,25
dibba,2007-05-13,0,0,,,5,17,0.0000,False,,NODATA,25
dibba,2007-05-14,0,0,,,5,17,0.0000,False,,NODATA,25
dibba,2007-05-15,0,0,,,5,17,0.0000,False,,NODATA,25
dibba,2007-05-16,0,0,,,5,17,0.0000,False,,NODATA,25
dibba,2007-05-17,0,0,,,5,17,0.0000,False,,NODATA,25
dibba,2007-05-18,0,0,,,5,17,0.0000,False,,NODATA,25
dibba,2007-05-19,0,0,,,5,17,0.0000,False,,NODATA,25
dibba,2007-05-20,0,0,,,5,17,0.0000,False,,NODATA,25
dibba,2007-05-21,0,0,,,5,17,0.0000,False,,NODATA,25
dibba,2007-05-22,0,0,,,5,17,0.0000,False,,NODATA,25
dibba,2007-05-23,0,0,,,5,17,0.0000,False,,NODATA,25
dibba,2007-05-24,0,0,,,5,17,0.0000,False,,NODATA,25
dibba,2007-05-25,0,0,,,5,17,0.0000,False,,NODATA,25
dibba,2007-05-26,0,0,,,5,17,0.0000,False,,NODATA,25
dibba,2007-05-27,0,0,,,5,17,0.0000,False,,NODATA,25
dibba,2007-05-28,0,0,,,5,17,0.0000,False,,NODATA,25
dibba,2007-05-29,0,0,,,5,17,0.0000,False,,NODATA,25
dibba,2007-05-30,0,0,,,5,17,0.0000,False,,NODATA,25
dibba,2007-05-31,0,0,,,5,17,0.0000,False,,NODATA,25
dibba,2007-06-01,0,0,,,6,14,0.0000,False,,NODATA,25
dibba,2007-06-02,0,0,,,6,14,0.0000,False,,NODATA,25
dibba,2007-06-03,0,0,,,6,14,0.0000,False,,NODATA,25
dibba,2007-06-04,0,0,,,6,14,0.0000,False,,NODATA,25
dibba,2007-06-05,0,0,,,6,14,0.0000,False,,NODATA,25
dibba,2007-06-06,0,0,,,6,14,0.0000,False,,NODATA,25
dibba,2007-06-07,0,0,,,6,14,0.0000,False,,NODATA,25
dibba,2007-06-08,0,0,,,6,14,0.0000,False,,NODATA,25
dibba,2007-06-09,0,0,,,6,14,0.0000,False,,NODATA,25
dibba,2007-06-10,0,0,,,6,14,0.0000,False,,NODATA,25
dibba,2007-06-11,8,4,2.5559,-0.1346,6,14,0.5714,True,0.5000,EXCEED,25
dibba,2007-06-12,0,0,,,6,14,0.0000,False,,NODATA,25
dibba,2007-06-13,0,0,,,6,14,0.0000,False,,NODATA,25
dibba,2007-06-14,0,0,,,6,14,0.0000,False,,NODATA,25
dibba,2007-06-15,0,0,,,6,14,0.0000,False,,NODATA,25
dibba,2007-06-16,0,0,,,6,14,0.0000,False,,NODATA,25
dibba,2007-06-17,0,0,,,6,14,0.0000,False,,NODATA,25
dibba,2007-06-18,0,0,,,6,14,0.0000,False,,NODATA,25
dibba,2007-06-19,0,0,,,6,14,0.0000,False,,NODATA,25
dibba,2007-06-20,0,0,,,6,14,0.0000,False,,NODATA,25
dibba,2007-06-21,0,0,,,6,14,0.0000,False,,NODATA,25
dibba,2007-06-22,0,0,,,6,14,0.0000,False,,NODATA,25
dibba,2007-06-23,0,0,,,6,14,0.0000,False,,NODATA,25
dibba,2007-06-24,0,0,,,6,14,0.0000,False,,NODATA,25
dibba,2007-06-25,0,0,,,6,14,0.0000,False,,NODATA,25
dibba,2007-06-26,0,0,,,6,14,0.0000,False,,NODATA,25
dibba,2007-06-27,0,0,,,6,14,0.0000,False,,NODATA,25
dibba,2007-06-28,0,0,,,6,14,0.0000,False,,NODATA,25
dibba,2007-06-29,0,0,,,6,14,0.0000,False,,NODATA,25
dibba,2007-06-30,0,0,,,6,14,0.0000,False,,NODATA,25
dibba,2007-07-01,0,0,,,7,0,0.0000,False,,NODATA,25
dibba,2007-07-02,0,0,,,7,0,0.0000,False,,NODATA,25
dibba,2007-07-03,0,0,,,7,0,0.0000,False,,NODATA,25
dibba,2007-07-04,0,0,,,7,0,0.0000,False,,NODATA,25
dibba,2007-07-05,0,0,,,7,0,0.0000,False,,NODATA,25
dibba,2007-07-06,0,0,,,7,0,0.0000,False,,NODATA,25
dibba,2007-07-07,0,0,,,7,0,0.0000,False,,NODATA,25
dibba,2007-07-08,0,0,,,7,0,0.0000,False,,NODATA,25
dibba,2007-07-09,0,0,,,7,0,0.0000,False,,NODATA,25
dibba,2007-07-10,0,0,,,7,0,0.0000,False,,NODATA,25
dibba,2007-07-11,0,0,,,7,0,0.0000,False,,NODATA,25
dibba,2007-07-12,0,0,,,7,0,0.0000,False,,NODATA,25
dibba,2007-07-13,0,0,,,7,0,0.0000,False,,NODATA,25
dibba,2007-07-14,0,0,,,7,0,0.0000,False,,NODATA,25
dibba,2007-07-15,0,0,,,7,0,0.0000,False,,NODATA,25
dibba,2007-07-16,0,0,,,7,0,0.0000,False,,NODATA,25
dibba,2007-07-17,0,0,,,7,0,0.0000,False,,NODATA,25
dibba,2007-07-18,0,0,,,7,0,0.0000,False,,NODATA,25
dibba,2007-07-19,0,0,,,7,0,0.0000,False,,NODATA,25
dibba,2007-07-20,0,0,,,7,0,0.0000,False,,NODATA,25
dibba,2007-07-21,0,0,,,7,0,0.0000,False,,NODATA,25
dibba,2007-07-22,0,0,,,7,0,0.0000,False,,NODATA,25
dibba,2007-07-23,0,0,,,7,0,0.0000,False,,NODATA,25
dibba,2007-07-24,0,0,,,7,0,0.0000,False,,NODATA,25
dibba,2007-07-25,0,0,,,7,0,0.0000,False,,NODATA,25
dibba,2007-07-26,0,0,,,7,0,0.0000,False,,NODATA,25
dibba,2007-07-27,0,0,,,7,0,0.0000,False,,NODATA,25
dibba,2007-07-28,0,0,,,7,0,0.0000,False,,NODATA,25
dibba,2007-07-29,0,0,,,7,0,0.0000,False,,NODATA,25
dibba,2007-07-30,0,0,,,7,0,0.0000,False,,NODATA,25
dibba,2007-07-31,0,0,,,7,0,0.0000,False,,NODATA,25
dibba,2007-08-01,0,0,,,8,0,0.0000,False,,NODATA,25
dibba,2007-08-02,0,0,,,8,0,0.0000,False,,NODATA,25
dibba,2007-08-03,0,0,,,8,0,0.0000,False,,NODATA,25
dibba,2007-08-04,0,0,,,8,0,0.0000,False,,NODATA,25
dibba,2007-08-05,0,0,,,8,0,0.0000,False,,NODATA,25
dibba,2007-08-06,0,0,,,8,0,0.0000,False,,NODATA,25
dibba,2007-08-07,0,0,,,8,0,0.0000,False,,NODATA,25
dibba,2007-08-08,0,0,,,8,0,0.0000,False,,NODATA,25
dibba,2007-08-09,0,0,,,8,0,0.0000,False,,NODATA,25
dibba,2007-08-10,0,0,,,8,0,0.0000,False,,NODATA,25
dibba,2007-08-11,0,0,,,8,0,0.0000,False,,NODATA,25
dibba,2007-08-12,0,0,,,8,0,0.0000,False,,NODATA,25
dibba,2007-08-13,0,0,,,8,0,0.0000,False,,NODATA,25
dibba,2007-08-14,0,0,,,8,0,0.0000,False,,NODATA,25
dibba,2007-08-15,0,0,,,8,0,0.0000,False,,NODATA,25
dibba,2007-08-16,0,0,,,8,0,0.0000,False,,NODATA,25
dibba,2007-08-17,0,0,,,8,0,0.0000,False,,NODATA,25
dibba,2007-08-18,0,0,,,8,0,0.0000,False,,NODATA,25
dibba,2007-08-19,0,0,,,8,0,0.0000,False,,NODATA,25
dibba,2007-08-20,0,0,,,8,0,0.0000,False,,NODATA,25
dibba,2007-08-21,0,0,,,8,0,0.0000,False,,NODATA,25
dibba,2007-08-22,0,0,,,8,0,0.0000,False,,NODATA,25
dibba,2007-08-23,0,0,,,8,0,0.0000,False,,NODATA,25
dibba,2007-08-24,0,0,,,8,0,0.0000,False,,NODATA,25
dibba,2007-08-25,0,0,,,8,0,0.0000,False,,NODATA,25
dibba,2007-08-26,0,0,,,8,0,0.0000,False,,NODATA,25
dibba,2007-08-27,0,0,,,8,0,0.0000,False,,NODATA,25
dibba,2007-08-28,0,0,,,8,0,0.0000,False,,NODATA,25
dibba,2007-08-29,0,0,,,8,0,0.0000,False,,NODATA,25
dibba,2007-08-30,0,0,,,8,0,0.0000,False,,NODATA,25
dibba,2007-08-31,0,0,,,8,0,0.0000,False,,NODATA,25
dibba,2007-09-01,0,0,,,9,21,0.0000,False,,NODATA,25
dibba,2007-09-02,11,0,-0.7733,-0.5182,9,21,0.5238,True,0.0000,QUIET,25
dibba,2007-09-03,0,0,,,9,21,0.0000,False,,NODATA,25
dibba,2007-09-04,0,0,,,9,21,0.0000,False,,NODATA,25
dibba,2007-09-05,0,0,,,9,21,0.0000,False,,NODATA,25
dibba,2007-09-06,0,0,,,9,21,0.0000,False,,NODATA,25
dibba,2007-09-07,21,0,1.1913,-0.2346,9,21,1.0000,True,0.0000,QUIET,25
dibba,2007-09-08,0,0,,,9,21,0.0000,False,,NODATA,25
dibba,2007-09-09,0,0,,,9,21,0.0000,False,,NODATA,25
dibba,2007-09-10,0,0,,,9,21,0.0000,False,,NODATA,25
dibba,2007-09-11,0,0,,,9,21,0.0000,False,,NODATA,25
dibba,2007-09-12,0,0,,,9,21,0.0000,False,,NODATA,25
dibba,2007-09-13,0,0,,,9,21,0.0000,False,,NODATA,25
dibba,2007-09-14,0,0,,,9,21,0.0000,False,,NODATA,25
dibba,2007-09-15,0,0,,,9,21,0.0000,False,,NODATA,25
dibba,2007-09-16,0,0,,,9,21,0.0000,False,,NODATA,25
dibba,2007-09-17,0,0,,,9,21,0.0000,False,,NODATA,25
dibba,2007-09-18,0,0,,,9,21,0.0000,False,,NODATA,25
dibba,2007-09-19,0,0,,,9,21,0.0000,False,,NODATA,25
dibba,2007-09-20,0,0,,,9,21,0.0000,False,,NODATA,25
dibba,2007-09-21,0,0,,,9,21,0.0000,False,,NODATA,25
dibba,2007-09-22,16,0,-0.6106,-0.4449,9,21,0.7619,True,0.0000,QUIET,25
dibba,2007-09-23,0,0,,,9,21,0.0000,False,,NODATA,25
dibba,2007-09-24,0,0,,,9,21,0.0000,False,,NODATA,25
dibba,2007-09-25,21,0,-0.0292,-0.1901,9,21,1.0000,True,0.0000,QUIET,25
dibba,2007-09-26,0,0,,,9,21,0.0000,False,,NODATA,25
dibba,2007-09-27,21,0,-0.2994,-0.3234,9,21,1.0000,True,0.0000,QUIET,25
dibba,2007-09-28,0,0,,,9,21,0.0000,False,,NODATA,25
dibba,2007-09-29,0,0,,,9,21,0.0000,False,,NODATA,25
dibba,2007-09-30,5,0,-0.3347,-0.4659,9,21,0.2381,True,0.0000,QUIET,25
dibba,2007-10-01,0,0,,,10,28,0.0000,False,,NODATA,25
dibba,2007-10-02,21,0,0.7665,-0.2826,10,28,0.7500,True,0.0000,QUIET,25
dibba,2007-10-03,0,0,,,10,28,0.0000,False,,NODATA,25
dibba,2007-10-04,0,0,,,10,28,0.0000,False,,NODATA,25
dibba,2007-10-05,0,0,,,10,28,0.0000,False,,NODATA,25
dibba,2007-10-06,0,0,,,10,28,0.0000,False,,NODATA,25
dibba,2007-10-07,9,2,2.5428,0.1318,10,28,0.3214,True,0.2222,QUIET,25
dibba,2007-10-08,14,0,0.1790,-0.3412,10,28,0.5000,True,0.0000,QUIET,25
dibba,2007-10-09,0,0,,,10,28,0.0000,False,,NODATA,25
dibba,2007-10-10,0,0,,,10,28,0.0000,False,,NODATA,25
dibba,2007-10-11,27,0,0.6124,-0.3616,10,28,0.9643,True,0.0000,QUIET,25
dibba,2007-10-12,0,0,,,10,28,0.0000,False,,NODATA,25
dibba,2007-10-13,28,0,0.0802,-0.3398,10,28,1.0000,True,0.0000,QUIET,25
dibba,2007-10-14,0,0,,,10,28,0.0000,False,,NODATA,25
dibba,2007-10-15,27,0,-0.4283,-0.5308,10,28,0.9643,True,0.0000,QUIET,25
dibba,2007-10-16,16,0,-0.3467,-0.4663,10,28,0.5714,True,0.0000,QUIET,25
dibba,2007-10-17,16,0,-0.3323,-0.6191,10,28,0.5714,True,0.0000,QUIET,25
dibba,2007-10-18,27,0,-0.4296,-0.3339,10,28,0.9643,True,0.0000,QUIET,25
dibba,2007-10-19,9,0,-0.2529,-0.4825,10,28,0.3214,True,0.0000,QUIET,25
dibba,2007-10-20,28,0,1.8043,-0.2647,10,28,1.0000,True,0.0000,QUIET,25
dibba,2007-10-21,0,0,,,10,28,0.0000,False,,NODATA,25
dibba,2007-10-22,27,0,-0.1947,-0.3492,10,28,0.9643,True,0.0000,QUIET,25
dibba,2007-10-23,0,0,,,10,28,0.0000,False,,NODATA,25
dibba,2007-10-24,0,0,,,10,28,0.0000,False,,NODATA,25
dibba,2007-10-25,16,0,0.8667,-0.5129,10,28,0.5714,True,0.0000,QUIET,25
dibba,2007-10-26,0,0,,,10,28,0.0000,False,,NODATA,25
dibba,2007-10-27,26,0,1.6989,-0.4363,10,28,0.9286,True,0.0000,QUIET,25
dibba,2007-10-28,0,0,,,10,28,0.0000,False,,NODATA,25
dibba,2007-10-29,28,0,-0.1841,-0.5058,10,28,1.0000,True,0.0000,QUIET,25
dibba,2007-10-30,0,0,,,10,28,0.0000,False,,NODATA,25
dibba,2007-10-31,27,0,-0.6360,-0.4738,10,28,0.9643,True,0.0000,QUIET,25
dibba,2007-11-01,17,0,0.5514,-0.4637,11,28,0.6071,True,0.0000,QUIET,25
dibba,2007-11-02,0,0,,,11,28,0.0000,False,,NODATA,25
dibba,2007-11-03,0,0,,,11,28,0.0000,False,,NODATA,25
dibba,2007-11-04,0,0,,,11,28,0.0000,False,,NODATA,25
dibba,2007-11-05,22,0,-0.3554,-0.4688,11,28,0.7857,True,0.0000,QUIET,25
dibba,2007-11-06,0,0,,,11,28,0.0000,False,,NODATA,25
dibba,2007-11-07,27,0,1.5065,-0.4498,11,28,0.9643,True,0.0000,QUIET,25
dibba,2007-11-08,15,0,-0.9969,-0.4333,11,28,0.5357,True,0.0000,QUIET,25
dibba,2007-11-09,26,0,-0.6910,-0.4485,11,28,0.9286,True,0.0000,QUIET,25
dibba,2007-11-10,24,1,2.0693,-0.3465,11,28,0.8571,True,0.0417,QUIET,25
dibba,2007-11-11,3,0,-0.6688,-0.2906,11,28,0.1071,True,0.0000,QUIET,25
dibba,2007-11-12,25,0,-0.4649,-0.3760,11,28,0.8929,True,0.0000,QUIET,25
dibba,2007-11-13,0,0,,,11,28,0.0000,False,,NODATA,25
dibba,2007-11-14,27,0,-0.0249,-0.1929,11,28,0.9643,True,0.0000,QUIET,25
dibba,2007-11-15,0,0,,,11,28,0.0000,False,,NODATA,25
dibba,2007-11-16,27,0,-0.3959,-0.2606,11,28,0.9643,True,0.0000,QUIET,25
dibba,2007-11-17,4,0,-0.0795,-0.2558,11,28,0.1429,True,0.0000,QUIET,25
dibba,2007-11-18,0,0,,,11,28,0.0000,False,,NODATA,25
dibba,2007-11-19,0,0,,,11,28,0.0000,False,,NODATA,25
dibba,2007-11-20,0,0,,,11,28,0.0000,False,,NODATA,25
dibba,2007-11-21,28,0,1.4396,-0.0118,11,28,1.0000,True,0.0000,QUIET,25
dibba,2007-11-22,0,0,,,11,28,0.0000,False,,NODATA,25
dibba,2007-11-23,27,0,1.5300,-0.2067,11,28,0.9643,True,0.0000,QUIET,25
dibba,2007-11-24,2,0,-0.8292,-0.3077,11,28,0.0714,False,,NODATA,25
dibba,2007-11-25,20,0,-0.3055,-0.3304,11,28,0.7143,True,0.0000,QUIET,25
dibba,2007-11-26,0,0,,,11,28,0.0000,False,,NODATA,25
dibba,2007-11-27,0,0,,,11,28,0.0000,False,,NODATA,25
dibba,2007-11-28,19,3,2.8280,0.3880,11,28,0.6786,True,0.1579,QUIET,25
dibba,2007-11-29,0,0,,,11,28,0.0000,False,,NODATA,25
dibba,2007-11-30,28,3,2.7938,0.6223,11,28,1.0000,True,0.1071,QUIET,25
dibba,2007-12-01,0,0,,,12,27,0.0000,False,,NODATA,25
dibba,2007-12-02,0,0,,,12,27,0.0000,False,,NODATA,25
dibba,2007-12-03,0,0,,,12,27,0.0000,False,,NODATA,25
dibba,2007-12-04,0,0,,,12,27,0.0000,False,,NODATA,25
dibba,2007-12-05,0,0,,,12,27,0.0000,False,,NODATA,25
dibba,2007-12-06,0,0,,,12,27,0.0000,False,,NODATA,25
dibba,2007-12-07,0,0,,,12,27,0.0000,False,,NODATA,25
dibba,2007-12-08,0,0,,,12,27,0.0000,False,,NODATA,25
dibba,2007-12-09,0,0,,,12,27,0.0000,False,,NODATA,25
dibba,2007-12-10,0,0,,,12,27,0.0000,False,,NODATA,25
dibba,2007-12-11,19,0,0.1476,-0.0408,12,27,0.7037,True,0.0000,QUIET,25
dibba,2007-12-12,24,0,1.2076,0.1019,12,27,0.8889,True,0.0000,QUIET,25
dibba,2007-12-13,0,0,,,12,27,0.0000,False,,NODATA,25
dibba,2007-12-14,14,0,-0.1178,-0.0940,12,27,0.5185,True,0.0000,QUIET,25
dibba,2007-12-15,0,0,,,12,27,0.0000,False,,NODATA,25
dibba,2007-12-16,26,0,1.5822,0.2202,12,27,0.9630,True,0.0000,QUIET,25
dibba,2007-12-17,0,0,,,12,27,0.0000,False,,NODATA,25
dibba,2007-12-18,22,0,1.4155,0.3010,12,27,0.8148,True,0.0000,QUIET,25
dibba,2007-12-19,0,0,,,12,27,0.0000,False,,NODATA,25
dibba,2007-12-20,14,0,0.0043,-0.0835,12,27,0.5185,True,0.0000,QUIET,25
dibba,2007-12-21,26,0,1.7987,0.1498,12,27,0.9630,True,0.0000,QUIET,25
dibba,2007-12-22,0,0,,,12,27,0.0000,False,,NODATA,25
dibba,2007-12-23,1,0,-0.4235,-0.0772,12,27,0.0370,False,,NODATA,25
dibba,2007-12-24,0,0,,,12,27,0.0000,False,,NODATA,25
dibba,2007-12-25,1,0,0.3742,0.4807,12,27,0.0370,False,,NODATA,25
dibba,2007-12-26,0,0,,,12,27,0.0000,False,,NODATA,25
dibba,2007-12-27,0,0,,,12,27,0.0000,False,,NODATA,25
dibba,2007-12-28,12,6,3.3435,1.1229,12,27,0.4444,True,0.5000,EXCEED,25
dibba,2007-12-29,0,0,,,12,27,0.0000,False,,NODATA,25
dibba,2007-12-30,9,1,2.6775,-0.0637,12,27,0.3333,True,0.1111,QUIET,25
dibba,2007-12-31,0,0,,,12,27,0.0000,False,,NODATA,25
dibba,2008-01-01,5,0,1.9123,0.4390,1,27,0.1852,True,0.0000,QUIET,25
dibba,2008-01-02,0,0,,,1,27,0.0000,False,,NODATA,25
dibba,2008-01-03,0,0,,,1,27,0.0000,False,,NODATA,25
dibba,2008-01-04,0,0,,,1,27,0.0000,False,,NODATA,25
dibba,2008-01-05,0,0,,,1,27,0.0000,False,,NODATA,25
dibba,2008-01-06,0,0,,,1,27,0.0000,False,,NODATA,25
dibba,2008-01-07,0,0,,,1,27,0.0000,False,,NODATA,25
dibba,2008-01-08,0,0,,,1,27,0.0000,False,,NODATA,25
dibba,2008-01-09,0,0,,,1,27,0.0000,False,,NODATA,25
dibba,2008-01-10,20,0,0.7541,0.2035,1,27,0.7407,True,0.0000,QUIET,25
dibba,2008-01-11,0,0,,,1,27,0.0000,False,,NODATA,25
dibba,2008-01-12,0,0,,,1,27,0.0000,False,,NODATA,25
dibba,2008-01-13,0,0,,,1,27,0.0000,False,,NODATA,25
dibba,2008-01-14,0,0,,,1,27,0.0000,False,,NODATA,25
dibba,2008-01-15,0,0,,,1,27,0.0000,False,,NODATA,25
dibba,2008-01-16,0,0,,,1,27,0.0000,False,,NODATA,25
dibba,2008-01-17,0,0,,,1,27,0.0000,False,,NODATA,25
dibba,2008-01-18,0,0,,,1,27,0.0000,False,,NODATA,25
dibba,2008-01-19,14,5,3.0074,0.6110,1,27,0.5185,True,0.3571,QUIET,25
dibba,2008-01-20,20,1,2.9316,0.3206,1,27,0.7407,True,0.0500,QUIET,25
dibba,2008-01-21,0,0,,,1,27,0.0000,False,,NODATA,25
dibba,2008-01-22,0,0,,,1,27,0.0000,False,,NODATA,25
dibba,2008-01-23,0,0,,,1,27,0.0000,False,,NODATA,25
dibba,2008-01-24,0,0,,,1,27,0.0000,False,,NODATA,25
dibba,2008-01-25,0,0,,,1,27,0.0000,False,,NODATA,25
dibba,2008-01-26,0,0,,,1,27,0.0000,False,,NODATA,25
dibba,2008-01-27,0,0,,,1,27,0.0000,False,,NODATA,25
dibba,2008-01-28,0,0,,,1,27,0.0000,False,,NODATA,25
dibba,2008-01-29,24,1,2.2791,0.3706,1,27,0.8889,True,0.0417,QUIET,25
dibba,2008-01-30,16,0,1.4806,0.4606,1,27,0.5926,True,0.0000,QUIET,25
dibba,2008-01-31,0,0,,,1,27,0.0000,False,,NODATA,25
dibba,2008-02-01,0,0,,,2,27,0.0000,False,,NODATA,25
dibba,2008-02-02,0,0,,,2,27,0.0000,False,,NODATA,25
dibba,2008-02-03,0,0,,,2,27,0.0000,False,,NODATA,25
dibba,2008-02-04,0,0,,,2,27,0.0000,False,,NODATA,25
dibba,2008-02-05,0,0,,,2,27,0.0000,False,,NODATA,25
dibba,2008-02-06,0,0,,,2,27,0.0000,False,,NODATA,25
dibba,2008-02-07,26,0,0.5985,0.1307,2,27,0.9630,True,0.0000,QUIET,25
dibba,2008-02-08,9,0,-0.2624,0.0655,2,27,0.3333,True,0.0000,QUIET,25
dibba,2008-02-09,27,0,-0.1324,0.0163,2,27,1.0000,True,0.0000,QUIET,25
dibba,2008-02-10,0,0,,,2,27,0.0000,False,,NODATA,25
dibba,2008-02-11,27,0,0.0128,-0.0258,2,27,1.0000,True,0.0000,QUIET,25
dibba,2008-02-12,0,0,,,2,27,0.0000,False,,NODATA,25
dibba,2008-02-13,24,0,0.5802,0.2009,2,27,0.8889,True,0.0000,QUIET,25
dibba,2008-02-14,0,0,,,2,27,0.0000,False,,NODATA,25
dibba,2008-02-15,0,0,,,2,27,0.0000,False,,NODATA,25
dibba,2008-02-16,14,7,2.2107,1.3263,2,27,0.5185,True,0.5000,EXCEED,25
dibba,2008-02-17,0,0,,,2,27,0.0000,False,,NODATA,25
dibba,2008-02-18,12,10,2.9499,1.4828,2,27,0.4444,True,0.8333,ALERT,25
dibba,2008-02-19,0,0,,,2,27,0.0000,False,,NODATA,25
dibba,2008-02-20,0,0,,,2,27,0.0000,False,,NODATA,25
dibba,2008-02-21,0,0,,,2,27,0.0000,False,,NODATA,25
dibba,2008-02-22,0,0,,,2,27,0.0000,False,,NODATA,25
dibba,2008-02-23,0,0,,,2,27,0.0000,False,,NODATA,25
dibba,2008-02-24,0,0,,,2,27,0.0000,False,,NODATA,25
dibba,2008-02-25,10,10,3.4995,1.7564,2,27,0.3704,True,1.0000,ALERT,25
dibba,2008-02-26,0,0,,,2,27,0.0000,False,,NODATA,25
dibba,2008-02-27,0,0,,,2,27,0.0000,False,,NODATA,25
dibba,2008-02-28,0,0,,,2,27,0.0000,False,,NODATA,25
dibba,2008-02-29,0,0,,,2,27,0.0000,False,,NODATA,25
dibba,2008-03-01,23,0,1.8958,1.0186,3,27,0.8519,True,0.0000,QUIET,25
dibba,2008-03-02,4,0,0.8924,0.6588,3,27,0.1481,True,0.0000,QUIET,25
dibba,2008-03-03,0,0,,,3,27,0.0000,False,,NODATA,25
dibba,2008-03-04,0,0,,,3,27,0.0000,False,,NODATA,25
dibba,2008-03-05,0,0,,,3,27,0.0000,False,,NODATA,25
dibba,2008-03-06,0,0,,,3,27,0.0000,False,,NODATA,25
dibba,2008-03-07,0,0,,,3,27,0.0000,False,,NODATA,25
dibba,2008-03-08,0,0,,,3,27,0.0000,False,,NODATA,25
dibba,2008-03-09,0,0,,,3,27,0.0000,False,,NODATA,25
dibba,2008-03-10,27,0,0.3714,0.2223,3,27,1.0000,True,0.0000,QUIET,25
dibba,2008-03-11,8,0,0.3827,0.2108,3,27,0.2963,True,0.0000,QUIET,25
dibba,2008-03-12,27,0,0.2956,0.2318,3,27,1.0000,True,0.0000,QUIET,25
dibba,2008-03-13,0,0,,,3,27,0.0000,False,,NODATA,25
dibba,2008-03-14,0,0,,,3,27,0.0000,False,,NODATA,25
dibba,2008-03-15,0,0,,,3,27,0.0000,False,,NODATA,25
dibba,2008-03-16,0,0,,,3,27,0.0000,False,,NODATA,25
dibba,2008-03-17,0,0,,,3,27,0.0000,False,,NODATA,25
dibba,2008-03-18,0,0,,,3,27,0.0000,False,,NODATA,25
dibba,2008-03-19,0,0,,,3,27,0.0000,False,,NODATA,25
dibba,2008-03-20,0,0,,,3,27,0.0000,False,,NODATA,25
dibba,2008-03-21,0,0,,,3,27,0.0000,False,,NODATA,25
dibba,2008-03-22,0,0,,,3,27,0.0000,False,,NODATA,25
dibba,2008-03-23,0,0,,,3,27,0.0000,False,,NODATA,25
dibba,2008-03-24,0,0,,,3,27,0.0000,False,,NODATA,25
dibba,2008-03-25,0,0,,,3,27,0.0000,False,,NODATA,25
dibba,2008-03-26,0,0,,,3,27,0.0000,False,,NODATA,25
dibba,2008-03-27,0,0,,,3,27,0.0000,False,,NODATA,25
dibba,2008-03-28,0,0,,,3,27,0.0000,False,,NODATA,25
dibba,2008-03-29,0,0,,,3,27,0.0000,False,,NODATA,25
dibba,2008-03-30,0,0,,,3,27,0.0000,False,,NODATA,25
dibba,2008-03-31,0,0,,,3,27,0.0000,False,,NODATA,25
dibba,2008-04-01,0,0,,,4,27,0.0000,False,,NODATA,25
dibba,2008-04-02,0,0,,,4,27,0.0000,False,,NODATA,25
dibba,2008-04-03,5,0,1.1919,0.1124,4,27,0.1852,True,0.0000,QUIET,25
dibba,2008-04-04,0,0,,,4,27,0.0000,False,,NODATA,25
dibba,2008-04-05,0,0,,,4,27,0.0000,False,,NODATA,25
dibba,2008-04-06,0,0,,,4,27,0.0000,False,,NODATA,25
dibba,2008-04-07,0,0,,,4,27,0.0000,False,,NODATA,25
dibba,2008-04-08,0,0,,,4,27,0.0000,False,,NODATA,25
dibba,2008-04-09,0,0,,,4,27,0.0000,False,,NODATA,25
dibba,2008-04-10,0,0,,,4,27,0.0000,False,,NODATA,25
dibba,2008-04-11,0,0,,,4,27,0.0000,False,,NODATA,25
dibba,2008-04-12,0,0,,,4,27,0.0000,False,,NODATA,25
dibba,2008-04-13,2,0,1.1640,0.1878,4,27,0.0741,False,,NODATA,25
dibba,2008-04-14,0,0,,,4,27,0.0000,False,,NODATA,25
dibba,2008-04-15,0,0,,,4,27,0.0000,False,,NODATA,25
dibba,2008-04-16,0,0,,,4,27,0.0000,False,,NODATA,25
dibba,2008-04-17,0,0,,,4,27,0.0000,False,,NODATA,25
dibba,2008-04-18,0,0,,,4,27,0.0000,False,,NODATA,25
dibba,2008-04-19,0,0,,,4,27,0.0000,False,,NODATA,25
dibba,2008-04-20,0,0,,,4,27,0.0000,False,,NODATA,25
dibba,2008-04-21,0,0,,,4,27,0.0000,False,,NODATA,25
dibba,2008-04-22,0,0,,,4,27,0.0000,False,,NODATA,25
dibba,2008-04-23,0,0,,,4,27,0.0000,False,,NODATA,25
dibba,2008-04-24,0,0,,,4,27,0.0000,False,,NODATA,25
dibba,2008-04-25,0,0,,,4,27,0.0000,False,,NODATA,25
dibba,2008-04-26,0,0,,,4,27,0.0000,False,,NODATA,25
dibba,2008-04-27,27,0,-0.6781,-0.3528,4,27,1.0000,True,0.0000,QUIET,25
dibba,2008-04-28,0,0,,,4,27,0.0000,False,,NODATA,25
dibba,2008-04-29,0,0,,,4,27,0.0000,False,,NODATA,25
dibba,2008-04-30,0,0,,,4,27,0.0000,False,,NODATA,25
dibba,2008-05-01,0,0,,,5,17,0.0000,False,,NODATA,25
dibba,2008-05-02,0,0,,,5,17,0.0000,False,,NODATA,25
dibba,2008-05-03,0,0,,,5,17,0.0000,False,,NODATA,25
dibba,2008-05-04,0,0,,,5,17,0.0000,False,,NODATA,25
dibba,2008-05-05,0,0,,,5,17,0.0000,False,,NODATA,25
dibba,2008-05-06,0,0,,,5,17,0.0000,False,,NODATA,25
dibba,2008-05-07,0,0,,,5,17,0.0000,False,,NODATA,25
dibba,2008-05-08,0,0,,,5,17,0.0000,False,,NODATA,25
dibba,2008-05-09,0,0,,,5,17,0.0000,False,,NODATA,25
dibba,2008-05-10,0,0,,,5,17,0.0000,False,,NODATA,25
dibba,2008-05-11,0,0,,,5,17,0.0000,False,,NODATA,25
dibba,2008-05-12,0,0,,,5,17,0.0000,False,,NODATA,25
dibba,2008-05-13,0,0,,,5,17,0.0000,False,,NODATA,25
dibba,2008-05-14,0,0,,,5,17,0.0000,False,,NODATA,25
dibba,2008-05-15,0,0,,,5,17,0.0000,False,,NODATA,25
dibba,2008-05-16,0,0,,,5,17,0.0000,False,,NODATA,25
dibba,2008-05-17,0,0,,,5,17,0.0000,False,,NODATA,25
dibba,2008-05-18,0,0,,,5,17,0.0000,False,,NODATA,25
dibba,2008-05-19,0,0,,,5,17,0.0000,False,,NODATA,25
dibba,2008-05-20,0,0,,,5,17,0.0000,False,,NODATA,25
dibba,2008-05-21,0,0,,,5,17,0.0000,False,,NODATA,25
dibba,2008-05-22,0,0,,,5,17,0.0000,False,,NODATA,25
dibba,2008-05-23,0,0,,,5,17,0.0000,False,,NODATA,25
dibba,2008-05-24,0,0,,,5,17,0.0000,False,,NODATA,25
dibba,2008-05-25,0,0,,,5,17,0.0000,False,,NODATA,25
dibba,2008-05-26,0,0,,,5,17,0.0000,False,,NODATA,25
dibba,2008-05-27,0,0,,,5,17,0.0000,False,,NODATA,25
dibba,2008-05-28,0,0,,,5,17,0.0000,False,,NODATA,25
dibba,2008-05-29,0,0,,,5,17,0.0000,False,,NODATA,25
dibba,2008-05-30,0,0,,,5,17,0.0000,False,,NODATA,25
dibba,2008-05-31,0,0,,,5,17,0.0000,False,,NODATA,25
dibba,2008-06-01,0,0,,,6,14,0.0000,False,,NODATA,25
dibba,2008-06-02,0,0,,,6,14,0.0000,False,,NODATA,25
dibba,2008-06-03,0,0,,,6,14,0.0000,False,,NODATA,25
dibba,2008-06-04,0,0,,,6,14,0.0000,False,,NODATA,25
dibba,2008-06-05,0,0,,,6,14,0.0000,False,,NODATA,25
dibba,2008-06-06,0,0,,,6,14,0.0000,False,,NODATA,25
dibba,2008-06-07,0,0,,,6,14,0.0000,False,,NODATA,25
dibba,2008-06-08,0,0,,,6,14,0.0000,False,,NODATA,25
dibba,2008-06-09,0,0,,,6,14,0.0000,False,,NODATA,25
dibba,2008-06-10,0,0,,,6,14,0.0000,False,,NODATA,25
dibba,2008-06-11,0,0,,,6,14,0.0000,False,,NODATA,25
dibba,2008-06-12,0,0,,,6,14,0.0000,False,,NODATA,25
dibba,2008-06-13,0,0,,,6,14,0.0000,False,,NODATA,25
dibba,2008-06-14,0,0,,,6,14,0.0000,False,,NODATA,25
dibba,2008-06-15,0,0,,,6,14,0.0000,False,,NODATA,25
dibba,2008-06-16,0,0,,,6,14,0.0000,False,,NODATA,25
dibba,2008-06-17,0,0,,,6,14,0.0000,False,,NODATA,25
dibba,2008-06-18,0,0,,,6,14,0.0000,False,,NODATA,25
dibba,2008-06-19,0,0,,,6,14,0.0000,False,,NODATA,25
dibba,2008-06-20,0,0,,,6,14,0.0000,False,,NODATA,25
dibba,2008-06-21,0,0,,,6,14,0.0000,False,,NODATA,25
dibba,2008-06-22,0,0,,,6,14,0.0000,False,,NODATA,25
dibba,2008-06-23,0,0,,,6,14,0.0000,False,,NODATA,25
dibba,2008-06-24,0,0,,,6,14,0.0000,False,,NODATA,25
dibba,2008-06-25,0,0,,,6,14,0.0000,False,,NODATA,25
dibba,2008-06-26,0,0,,,6,14,0.0000,False,,NODATA,25
dibba,2008-06-27,0,0,,,6,14,0.0000,False,,NODATA,25
dibba,2008-06-28,0,0,,,6,14,0.0000,False,,NODATA,25
dibba,2008-06-29,0,0,,,6,14,0.0000,False,,NODATA,25
dibba,2008-06-30,0,0,,,6,14,0.0000,False,,NODATA,25
dibba,2008-07-01,0,0,,,7,0,0.0000,False,,NODATA,25
dibba,2008-07-02,0,0,,,7,0,0.0000,False,,NODATA,25
dibba,2008-07-03,0,0,,,7,0,0.0000,False,,NODATA,25
dibba,2008-07-04,0,0,,,7,0,0.0000,False,,NODATA,25
dibba,2008-07-05,0,0,,,7,0,0.0000,False,,NODATA,25
dibba,2008-07-06,0,0,,,7,0,0.0000,False,,NODATA,25
dibba,2008-07-07,0,0,,,7,0,0.0000,False,,NODATA,25
dibba,2008-07-08,0,0,,,7,0,0.0000,False,,NODATA,25
dibba,2008-07-09,0,0,,,7,0,0.0000,False,,NODATA,25
dibba,2008-07-10,0,0,,,7,0,0.0000,False,,NODATA,25
dibba,2008-07-11,0,0,,,7,0,0.0000,False,,NODATA,25
dibba,2008-07-12,0,0,,,7,0,0.0000,False,,NODATA,25
dibba,2008-07-13,0,0,,,7,0,0.0000,False,,NODATA,25
dibba,2008-07-14,0,0,,,7,0,0.0000,False,,NODATA,25
dibba,2008-07-15,0,0,,,7,0,0.0000,False,,NODATA,25
dibba,2008-07-16,0,0,,,7,0,0.0000,False,,NODATA,25
dibba,2008-07-17,0,0,,,7,0,0.0000,False,,NODATA,25
dibba,2008-07-18,0,0,,,7,0,0.0000,False,,NODATA,25
dibba,2008-07-19,0,0,,,7,0,0.0000,False,,NODATA,25
dibba,2008-07-20,0,0,,,7,0,0.0000,False,,NODATA,25
dibba,2008-07-21,0,0,,,7,0,0.0000,False,,NODATA,25
dibba,2008-07-22,0,0,,,7,0,0.0000,False,,NODATA,25
dibba,2008-07-23,0,0,,,7,0,0.0000,False,,NODATA,25
dibba,2008-07-24,0,0,,,7,0,0.0000,False,,NODATA,25
dibba,2008-07-25,0,0,,,7,0,0.0000,False,,NODATA,25
dibba,2008-07-26,0,0,,,7,0,0.0000,False,,NODATA,25
dibba,2008-07-27,0,0,,,7,0,0.0000,False,,NODATA,25
dibba,2008-07-28,0,0,,,7,0,0.0000,False,,NODATA,25
dibba,2008-07-29,0,0,,,7,0,0.0000,False,,NODATA,25
dibba,2008-07-30,0,0,,,7,0,0.0000,False,,NODATA,25
dibba,2008-07-31,0,0,,,7,0,0.0000,False,,NODATA,25
dibba,2008-08-01,0,0,,,8,0,0.0000,False,,NODATA,25
dibba,2008-08-02,0,0,,,8,0,0.0000,False,,NODATA,25
dibba,2008-08-03,0,0,,,8,0,0.0000,False,,NODATA,25
dibba,2008-08-04,0,0,,,8,0,0.0000,False,,NODATA,25
dibba,2008-08-05,0,0,,,8,0,0.0000,False,,NODATA,25
dibba,2008-08-06,0,0,,,8,0,0.0000,False,,NODATA,25
dibba,2008-08-07,0,0,,,8,0,0.0000,False,,NODATA,25
dibba,2008-08-08,0,0,,,8,0,0.0000,False,,NODATA,25
dibba,2008-08-09,0,0,,,8,0,0.0000,False,,NODATA,25
dibba,2008-08-10,0,0,,,8,0,0.0000,False,,NODATA,25
dibba,2008-08-11,0,0,,,8,0,0.0000,False,,NODATA,25
dibba,2008-08-12,0,0,,,8,0,0.0000,False,,NODATA,25
dibba,2008-08-13,0,0,,,8,0,0.0000,False,,NODATA,25
dibba,2008-08-14,0,0,,,8,0,0.0000,False,,NODATA,25
dibba,2008-08-15,0,0,,,8,0,0.0000,False,,NODATA,25
dibba,2008-08-16,0,0,,,8,0,0.0000,False,,NODATA,25
dibba,2008-08-17,0,0,,,8,0,0.0000,False,,NODATA,25
dibba,2008-08-18,0,0,,,8,0,0.0000,False,,NODATA,25
dibba,2008-08-19,0,0,,,8,0,0.0000,False,,NODATA,25
dibba,2008-08-20,0,0,,,8,0,0.0000,False,,NODATA,25
dibba,2008-08-21,0,0,,,8,0,0.0000,False,,NODATA,25
dibba,2008-08-22,0,0,,,8,0,0.0000,False,,NODATA,25
dibba,2008-08-23,0,0,,,8,0,0.0000,False,,NODATA,25
dibba,2008-08-24,0,0,,,8,0,0.0000,False,,NODATA,25
dibba,2008-08-25,0,0,,,8,0,0.0000,False,,NODATA,25
dibba,2008-08-26,0,0,,,8,0,0.0000,False,,NODATA,25
dibba,2008-08-27,0,0,,,8,0,0.0000,False,,NODATA,25
dibba,2008-08-28,0,0,,,8,0,0.0000,False,,NODATA,25
dibba,2008-08-29,0,0,,,8,0,0.0000,False,,NODATA,25
dibba,2008-08-30,0,0,,,8,0,0.0000,False,,NODATA,25
dibba,2008-08-31,0,0,,,8,0,0.0000,False,,NODATA,25
dibba,2008-09-01,0,0,,,9,21,0.0000,False,,NODATA,25
dibba,2008-09-02,0,0,,,9,21,0.0000,False,,NODATA,25
dibba,2008-09-03,0,0,,,9,21,0.0000,False,,NODATA,25
dibba,2008-09-04,0,0,,,9,21,0.0000,False,,NODATA,25
dibba,2008-09-05,0,0,,,9,21,0.0000,False,,NODATA,25
dibba,2008-09-06,0,0,,,9,21,0.0000,False,,NODATA,25
dibba,2008-09-07,0,0,,,9,21,0.0000,False,,NODATA,25
dibba,2008-09-08,0,0,,,9,21,0.0000,False,,NODATA,25
dibba,2008-09-09,0,0,,,9,21,0.0000,False,,NODATA,25
dibba,2008-09-10,0,0,,,9,21,0.0000,False,,NODATA,25
dibba,2008-09-11,0,0,,,9,21,0.0000,False,,NODATA,25
dibba,2008-09-12,0,0,,,9,21,0.0000,False,,NODATA,25
dibba,2008-09-13,0,0,,,9,21,0.0000,False,,NODATA,25
dibba,2008-09-14,0,0,,,9,21,0.0000,False,,NODATA,25
dibba,2008-09-15,0,0,,,9,21,0.0000,False,,NODATA,25
dibba,2008-09-16,0,0,,,9,21,0.0000,False,,NODATA,25
dibba,2008-09-17,0,0,,,9,21,0.0000,False,,NODATA,25
dibba,2008-09-18,0,0,,,9,21,0.0000,False,,NODATA,25
dibba,2008-09-19,0,0,,,9,21,0.0000,False,,NODATA,25
dibba,2008-09-20,0,0,,,9,21,0.0000,False,,NODATA,25
dibba,2008-09-21,0,0,,,9,21,0.0000,False,,NODATA,25
dibba,2008-09-22,0,0,,,9,21,0.0000,False,,NODATA,25
dibba,2008-09-23,0,0,,,9,21,0.0000,False,,NODATA,25
dibba,2008-09-24,0,0,,,9,21,0.0000,False,,NODATA,25
dibba,2008-09-25,0,0,,,9,21,0.0000,False,,NODATA,25
dibba,2008-09-26,0,0,,,9,21,0.0000,False,,NODATA,25
dibba,2008-09-27,0,0,,,9,21,0.0000,False,,NODATA,25
dibba,2008-09-28,0,0,,,9,21,0.0000,False,,NODATA,25
dibba,2008-09-29,0,0,,,9,21,0.0000,False,,NODATA,25
dibba,2008-09-30,0,0,,,9,21,0.0000,False,,NODATA,25
dibba,2008-10-01,0,0,,,10,28,0.0000,False,,NODATA,25
dibba,2008-10-02,0,0,,,10,28,0.0000,False,,NODATA,25
dibba,2008-10-03,0,0,,,10,28,0.0000,False,,NODATA,25
dibba,2008-10-04,0,0,,,10,28,0.0000,False,,NODATA,25
dibba,2008-10-05,0,0,,,10,28,0.0000,False,,NODATA,25
dibba,2008-10-06,20,7,6.2755,0.0729,10,28,0.7143,True,0.3500,QUIET,25
dibba,2008-10-07,0,0,,,10,28,0.0000,False,,NODATA,25
dibba,2008-10-08,26,2,2.3882,-0.1283,10,28,0.9286,True,0.0769,QUIET,25
dibba,2008-10-09,0,0,,,10,28,0.0000,False,,NODATA,25
dibba,2008-10-10,0,0,,,10,28,0.0000,False,,NODATA,25
dibba,2008-10-11,0,0,,,10,28,0.0000,False,,NODATA,25
dibba,2008-10-12,0,0,,,10,28,0.0000,False,,NODATA,25
dibba,2008-10-13,24,1,2.6595,-0.0751,10,28,0.8571,True,0.0417,QUIET,25
dibba,2008-10-14,0,0,,,10,28,0.0000,False,,NODATA,25
dibba,2008-10-15,0,0,,,10,28,0.0000,False,,NODATA,25
dibba,2008-10-16,0,0,,,10,28,0.0000,False,,NODATA,25
dibba,2008-10-17,0,0,,,10,28,0.0000,False,,NODATA,25
dibba,2008-10-18,0,0,,,10,28,0.0000,False,,NODATA,25
dibba,2008-10-19,0,0,,,10,28,0.0000,False,,NODATA,25
dibba,2008-10-20,18,5,2.6585,-0.1167,10,28,0.6429,True,0.2778,QUIET,25
dibba,2008-10-21,0,0,,,10,28,0.0000,False,,NODATA,25
dibba,2008-10-22,0,0,,,10,28,0.0000,False,,NODATA,25
dibba,2008-10-23,0,0,,,10,28,0.0000,False,,NODATA,25
dibba,2008-10-24,8,0,0.3596,-0.1867,10,28,0.2857,True,0.0000,QUIET,25
dibba,2008-10-25,0,0,,,10,28,0.0000,False,,NODATA,25
dibba,2008-10-26,0,0,,,10,28,0.0000,False,,NODATA,25
dibba,2008-10-27,10,4,4.8464,0.3044,10,28,0.3571,True,0.4000,QUIET,25
dibba,2008-10-28,0,0,,,10,28,0.0000,False,,NODATA,25
dibba,2008-10-29,25,8,3.6143,-0.0724,10,28,0.8929,True,0.3200,QUIET,25
dibba,2008-10-30,0,0,,,10,28,0.0000,False,,NODATA,25
dibba,2008-10-31,11,8,3.5262,0.5164,10,28,0.3929,True,0.7273,EXCEED,25
dibba,2008-11-01,0,0,,,11,28,0.0000,False,,NODATA,25
dibba,2008-11-02,7,0,-0.3598,-0.4001,11,28,0.2500,True,0.0000,QUIET,25
dibba,2008-11-03,0,0,,,11,28,0.0000,False,,NODATA,25
dibba,2008-11-04,0,0,,,11,28,0.0000,False,,NODATA,25
dibba,2008-11-05,18,2,2.0808,0.2129,11,28,0.6429,True,0.1111,QUIET,25
dibba,2008-11-06,0,0,,,11,28,0.0000,False,,NODATA,25
dibba,2008-11-07,18,0,1.7419,0.1908,11,28,0.6429,True,0.0000,QUIET,25
dibba,2008-11-08,0,0,,,11,28,0.0000,False,,NODATA,25
dibba,2008-11-09,26,0,1.1664,-0.0794,11,28,0.9286,True,0.0000,QUIET,25
dibba,2008-11-10,7,0,0.4293,0.0688,11,28,0.2500,True,0.0000,QUIET,25
dibba,2008-11-11,21,0,0.6265,0.0487,11,28,0.7500,True,0.0000,QUIET,25
dibba,2008-11-12,0,0,,,11,28,0.0000,False,,NODATA,25
dibba,2008-11-13,0,0,,,11,28,0.0000,False,,NODATA,25
dibba,2008-11-14,0,0,,,11,28,0.0000,False,,NODATA,25
dibba,2008-11-15,0,0,,,11,28,0.0000,False,,NODATA,25
dibba,2008-11-16,0,0,,,11,28,0.0000,False,,NODATA,25
dibba,2008-11-17,0,0,,,11,28,0.0000,False,,NODATA,25
dibba,2008-11-18,0,0,,,11,28,0.0000,False,,NODATA,25
dibba,2008-11-19,6,4,3.4450,1.3027,11,28,0.2143,True,0.6667,EXCEED,25
dibba,2008-11-20,3,0,0.7223,0.3766,11,28,0.1071,True,0.0000,QUIET,25
dibba,2008-11-21,8,8,3.3577,1.2763,11,28,0.2857,True,1.0000,ALERT,25
dibba,2008-11-22,0,0,,,11,28,0.0000,False,,NODATA,25
dibba,2008-11-23,21,3,3.2068,0.5327,11,28,0.7500,True,0.1429,QUIET,25
dibba,2008-11-24,0,0,,,11,28,0.0000,False,,NODATA,25
dibba,2008-11-25,18,9,2.8295,1.0033,11,28,0.6429,True,0.5000,ALERT,25
dibba,2008-11-26,0,0,,,11,28,0.0000,False,,NODATA,25
dibba,2008-11-27,0,0,,,11,28,0.0000,False,,NODATA,25
dibba,2008-11-28,0,0,,,11,28,0.0000,False,,NODATA,25
dibba,2008-11-29,0,0,,,11,28,0.0000,False,,NODATA,25
dibba,2008-11-30,3,0,1.9576,0.8405,11,28,0.1071,True,0.0000,QUIET,25
dibba,2008-12-01,0,0,,,12,27,0.0000,False,,NODATA,25
dibba,2008-12-02,0,0,,,12,27,0.0000,False,,NODATA,25
dibba,2008-12-03,0,0,,,12,27,0.0000,False,,NODATA,25
dibba,2008-12-04,0,0,,,12,27,0.0000,False,,NODATA,25
dibba,2008-12-05,2,0,-0.9663,-0.2570,12,27,0.0741,False,,NODATA,25
dibba,2008-12-06,0,0,,,12,27,0.0000,False,,NODATA,25
dibba,2008-12-07,19,7,3.9038,0.4557,12,27,0.7037,True,0.3684,QUIET,25
dibba,2008-12-08,6,0,0.4328,0.1039,12,27,0.2222,True,0.0000,QUIET,25
dibba,2008-12-09,24,0,1.8793,0.3501,12,27,0.8889,True,0.0000,QUIET,25
dibba,2008-12-10,0,0,,,12,27,0.0000,False,,NODATA,25
dibba,2008-12-11,24,0,0.8906,0.0363,12,27,0.8889,True,0.0000,QUIET,25
dibba,2008-12-12,0,0,,,12,27,0.0000,False,,NODATA,25
dibba,2008-12-13,0,0,,,12,27,0.0000,False,,NODATA,25
dibba,2008-12-14,0,0,,,12,27,0.0000,False,,NODATA,25
dibba,2008-12-15,0,0,,,12,27,0.0000,False,,NODATA,25
dibba,2008-12-16,0,0,,,12,27,0.0000,False,,NODATA,25
dibba,2008-12-17,0,0,,,12,27,0.0000,False,,NODATA,25
dibba,2008-12-18,2,0,-0.5708,-0.1377,12,27,0.0741,False,,NODATA,25
dibba,2008-12-19,0,0,,,12,27,0.0000,False,,NODATA,25
dibba,2008-12-20,26,7,4.5671,0.5629,12,27,0.9630,True,0.2692,QUIET,25
dibba,2008-12-21,13,1,2.6672,0.2727,12,27,0.4815,True,0.0769,QUIET,25
dibba,2008-12-22,11,0,0.5465,0.0293,12,27,0.4074,True,0.0000,QUIET,25
dibba,2008-12-23,19,5,2.8299,0.2930,12,27,0.7037,True,0.2632,QUIET,25
dibba,2008-12-24,8,0,1.7008,0.2954,12,27,0.2963,True,0.0000,QUIET,25
dibba,2008-12-25,22,5,3.2058,0.5431,12,27,0.8148,True,0.2273,QUIET,25
dibba,2008-12-26,0,0,,,12,27,0.0000,False,,NODATA,25
dibba,2008-12-27,20,1,2.3407,0.3894,12,27,0.7407,True,0.0500,QUIET,25
dibba,2008-12-28,0,0,,,12,27,0.0000,False,,NODATA,25
dibba,2008-12-29,0,0,,,12,27,0.0000,False,,NODATA,25
dibba,2008-12-30,0,0,,,12,27,0.0000,False,,NODATA,25
dibba,2008-12-31,0,0,,,12,27,0.0000,False,,NODATA,25
dibba,2009-01-01,0,0,,,1,27,0.0000,False,,NODATA,25
dibba,2009-01-02,0,0,,,1,27,0.0000,False,,NODATA,25
dibba,2009-01-03,0,0,,,1,27,0.0000,False,,NODATA,25
dibba,2009-01-04,0,0,,,1,27,0.0000,False,,NODATA,25
dibba,2009-01-05,0,0,,,1,27,0.0000,False,,NODATA,25
dibba,2009-01-06,1,0,1.4278,0.3215,1,27,0.0370,False,,NODATA,25
dibba,2009-01-07,10,0,0.0425,-0.0898,1,27,0.3704,True,0.0000,QUIET,25
dibba,2009-01-08,0,0,,,1,27,0.0000,False,,NODATA,25
dibba,2009-01-09,0,0,,,1,27,0.0000,False,,NODATA,25
dibba,2009-01-10,2,2,3.3123,1.0811,1,27,0.0741,False,,NODATA,25
dibba,2009-01-11,0,0,,,1,27,0.0000,False,,NODATA,25
dibba,2009-01-12,0,0,,,1,27,0.0000,False,,NODATA,25
dibba,2009-01-13,0,0,,,1,27,0.0000,False,,NODATA,25
dibba,2009-01-14,0,0,,,1,27,0.0000,False,,NODATA,25
dibba,2009-01-15,0,0,,,1,27,0.0000,False,,NODATA,25
dibba,2009-01-16,0,0,,,1,27,0.0000,False,,NODATA,25
dibba,2009-01-17,27,0,0.6630,0.0788,1,27,1.0000,True,0.0000,QUIET,25
dibba,2009-01-18,0,0,,,1,27,0.0000,False,,NODATA,25
dibba,2009-01-19,0,0,,,1,27,0.0000,False,,NODATA,25
dibba,2009-01-20,0,0,,,1,27,0.0000,False,,NODATA,25
dibba,2009-01-21,23,0,1.8452,-0.1031,1,27,0.8519,True,0.0000,QUIET,25
dibba,2009-01-22,0,0,,,1,27,0.0000,False,,NODATA,25
dibba,2009-01-23,0,0,,,1,27,0.0000,False,,NODATA,25
dibba,2009-01-24,20,0,0.2688,0.0594,1,27,0.7407,True,0.0000,QUIET,25
dibba,2009-01-25,5,0,0.3007,-0.1637,1,27,0.1852,True,0.0000,QUIET,25
dibba,2009-01-26,26,0,0.8992,-0.1597,1,27,0.9630,True,0.0000,QUIET,25
dibba,2009-01-27,0,0,,,1,27,0.0000,False,,NODATA,25
dibba,2009-01-28,24,0,0.0795,-0.1672,1,27,0.8889,True,0.0000,QUIET,25
dibba,2009-01-29,0,0,,,1,27,0.0000,False,,NODATA,25
dibba,2009-01-30,25,0,1.1547,-0.1110,1,27,0.9259,True,0.0000,QUIET,25
dibba,2009-01-31,17,1,2.6534,0.0214,1,27,0.6296,True,0.0588,QUIET,25
dibba,2009-02-01,0,0,,,2,27,0.0000,False,,NODATA,25
dibba,2009-02-02,0,0,,,2,27,0.0000,False,,NODATA,25
dibba,2009-02-03,0,0,,,2,27,0.0000,False,,NODATA,25
dibba,2009-02-04,27,0,1.7700,0.1625,2,27,1.0000,True,0.0000,QUIET,25
dibba,2009-02-05,0,0,,,2,27,0.0000,False,,NODATA,25
dibba,2009-02-06,0,0,,,2,27,0.0000,False,,NODATA,25
dibba,2009-02-07,0,0,,,2,27,0.0000,False,,NODATA,25
dibba,2009-02-08,0,0,,,2,27,0.0000,False,,NODATA,25
dibba,2009-02-09,0,0,,,2,27,0.0000,False,,NODATA,25
dibba,2009-02-10,0,0,,,2,27,0.0000,False,,NODATA,25
dibba,2009-02-11,0,0,,,2,27,0.0000,False,,NODATA,25
dibba,2009-02-12,0,0,,,2,27,0.0000,False,,NODATA,25
dibba,2009-02-13,0,0,,,2,27,0.0000,False,,NODATA,25
dibba,2009-02-14,0,0,,,2,27,0.0000,False,,NODATA,25
dibba,2009-02-15,0,0,,,2,27,0.0000,False,,NODATA,25
dibba,2009-02-16,0,0,,,2,27,0.0000,False,,NODATA,25
dibba,2009-02-17,0,0,,,2,27,0.0000,False,,NODATA,25
dibba,2009-02-18,0,0,,,2,27,0.0000,False,,NODATA,25
dibba,2009-02-19,0,0,,,2,27,0.0000,False,,NODATA,25
dibba,2009-02-20,2,0,1.3680,0.7743,2,27,0.0741,False,,NODATA,25
dibba,2009-02-21,0,0,,,2,27,0.0000,False,,NODATA,25
dibba,2009-02-22,0,0,,,2,27,0.0000,False,,NODATA,25
dibba,2009-02-23,0,0,,,2,27,0.0000,False,,NODATA,25
dibba,2009-02-24,0,0,,,2,27,0.0000,False,,NODATA,25
dibba,2009-02-25,0,0,,,2,27,0.0000,False,,NODATA,25
dibba,2009-02-26,0,0,,,2,27,0.0000,False,,NODATA,25
dibba,2009-02-27,8,0,1.3352,0.7579,2,27,0.2963,True,0.0000,QUIET,25
dibba,2009-02-28,0,0,,,2,27,0.0000,False,,NODATA,25
dibba,2009-03-01,0,0,,,3,27,0.0000,False,,NODATA,25
dibba,2009-03-02,0,0,,,3,27,0.0000,False,,NODATA,25
dibba,2009-03-03,0,0,,,3,27,0.0000,False,,NODATA,25
dibba,2009-03-04,2,0,-0.7517,0.0309,3,27,0.0741,False,,NODATA,25
dibba,2009-03-05,0,0,,,3,27,0.0000,False,,NODATA,25
dibba,2009-03-06,26,1,3.7547,0.5085,3,27,0.9630,True,0.0385,QUIET,25
dibba,2009-03-07,0,0,,,3,27,0.0000,False,,NODATA,25
dibba,2009-03-08,24,1,2.1433,-0.2344,3,27,0.8889,True,0.0417,QUIET,25
dibba,2009-03-09,0,0,,,3,27,0.0000,False,,NODATA,25
dibba,2009-03-10,0,0,,,3,27,0.0000,False,,NODATA,25
dibba,2009-03-11,0,0,,,3,27,0.0000,False,,NODATA,25
dibba,2009-03-12,0,0,,,3,27,0.0000,False,,NODATA,25
dibba,2009-03-13,0,0,,,3,27,0.0000,False,,NODATA,25
dibba,2009-03-14,0,0,,,3,27,0.0000,False,,NODATA,25
dibba,2009-03-15,0,0,,,3,27,0.0000,False,,NODATA,25
dibba,2009-03-16,0,0,,,3,27,0.0000,False,,NODATA,25
dibba,2009-03-17,0,0,,,3,27,0.0000,False,,NODATA,25
dibba,2009-03-18,0,0,,,3,27,0.0000,False,,NODATA,25
dibba,2009-03-19,0,0,,,3,27,0.0000,False,,NODATA,25
dibba,2009-03-20,0,0,,,3,27,0.0000,False,,NODATA,25
dibba,2009-03-21,0,0,,,3,27,0.0000,False,,NODATA,25
dibba,2009-03-22,0,0,,,3,27,0.0000,False,,NODATA,25
dibba,2009-03-23,0,0,,,3,27,0.0000,False,,NODATA,25
dibba,2009-03-24,0,0,,,3,27,0.0000,False,,NODATA,25
dibba,2009-03-25,0,0,,,3,27,0.0000,False,,NODATA,25
dibba,2009-03-26,0,0,,,3,27,0.0000,False,,NODATA,25
dibba,2009-03-27,0,0,,,3,27,0.0000,False,,NODATA,25
dibba,2009-03-28,0,0,,,3,27,0.0000,False,,NODATA,25
dibba,2009-03-29,0,0,,,3,27,0.0000,False,,NODATA,25
dibba,2009-03-30,0,0,,,3,27,0.0000,False,,NODATA,25
dibba,2009-03-31,0,0,,,3,27,0.0000,False,,NODATA,25
dibba,2009-04-01,0,0,,,4,27,0.0000,False,,NODATA,25
dibba,2009-04-02,0,0,,,4,27,0.0000,False,,NODATA,25
dibba,2009-04-03,0,0,,,4,27,0.0000,False,,NODATA,25
dibba,2009-04-04,0,0,,,4,27,0.0000,False,,NODATA,25
dibba,2009-04-05,1,0,1.5703,0.2799,4,27,0.0370,False,,NODATA,25
dibba,2009-04-06,0,0,,,4,27,0.0000,False,,NODATA,25
dibba,2009-04-07,0,0,,,4,27,0.0000,False,,NODATA,25
dibba,2009-04-08,0,0,,,4,27,0.0000,False,,NODATA,25
dibba,2009-04-09,0,0,,,4,27,0.0000,False,,NODATA,25
dibba,2009-04-10,0,0,,,4,27,0.0000,False,,NODATA,25
dibba,2009-04-11,0,0,,,4,27,0.0000,False,,NODATA,25
dibba,2009-04-12,0,0,,,4,27,0.0000,False,,NODATA,25
dibba,2009-04-13,0,0,,,4,27,0.0000,False,,NODATA,25
dibba,2009-04-14,0,0,,,4,27,0.0000,False,,NODATA,25
dibba,2009-04-15,0,0,,,4,27,0.0000,False,,NODATA,25
dibba,2009-04-16,0,0,,,4,27,0.0000,False,,NODATA,25
dibba,2009-04-17,0,0,,,4,27,0.0000,False,,NODATA,25
dibba,2009-04-18,0,0,,,4,27,0.0000,False,,NODATA,25
dibba,2009-04-19,0,0,,,4,27,0.0000,False,,NODATA,25
dibba,2009-04-20,0,0,,,4,27,0.0000,False,,NODATA,25
dibba,2009-04-21,0,0,,,4,27,0.0000,False,,NODATA,25
dibba,2009-04-22,7,3,3.2997,0.5028,4,27,0.2593,True,0.4286,EXCEED,25
dibba,2009-04-23,27,5,4.9053,0.0175,4,27,1.0000,True,0.1852,QUIET,25
dibba,2009-04-24,0,0,,,4,27,0.0000,False,,NODATA,25
dibba,2009-04-25,0,0,,,4,27,0.0000,False,,NODATA,25
dibba,2009-04-26,0,0,,,4,27,0.0000,False,,NODATA,25
dibba,2009-04-27,0,0,,,4,27,0.0000,False,,NODATA,25
dibba,2009-04-28,0,0,,,4,27,0.0000,False,,NODATA,25
dibba,2009-04-29,0,0,,,4,27,0.0000,False,,NODATA,25
dibba,2009-04-30,0,0,,,4,27,0.0000,False,,NODATA,25
dibba,2009-05-01,0,0,,,5,17,0.0000,False,,NODATA,25
dibba,2009-05-02,0,0,,,5,17,0.0000,False,,NODATA,25
dibba,2009-05-03,0,0,,,5,17,0.0000,False,,NODATA,25
dibba,2009-05-04,0,0,,,5,17,0.0000,False,,NODATA,25
dibba,2009-05-05,0,0,,,5,17,0.0000,False,,NODATA,25
dibba,2009-05-06,0,0,,,5,17,0.0000,False,,NODATA,25
dibba,2009-05-07,0,0,,,5,17,0.0000,False,,NODATA,25
dibba,2009-05-08,0,0,,,5,17,0.0000,False,,NODATA,25
dibba,2009-05-09,0,0,,,5,17,0.0000,False,,NODATA,25
dibba,2009-05-10,0,0,,,5,17,0.0000,False,,NODATA,25
dibba,2009-05-11,0,0,,,5,17,0.0000,False,,NODATA,25
dibba,2009-05-12,0,0,,,5,17,0.0000,False,,NODATA,25
dibba,2009-05-13,0,0,,,5,17,0.0000,False,,NODATA,25
dibba,2009-05-14,0,0,,,5,17,0.0000,False,,NODATA,25
dibba,2009-05-15,0,0,,,5,17,0.0000,False,,NODATA,25
dibba,2009-05-16,0,0,,,5,17,0.0000,False,,NODATA,25
dibba,2009-05-17,0,0,,,5,17,0.0000,False,,NODATA,25
dibba,2009-05-18,0,0,,,5,17,0.0000,False,,NODATA,25
dibba,2009-05-19,0,0,,,5,17,0.0000,False,,NODATA,25
dibba,2009-05-20,0,0,,,5,17,0.0000,False,,NODATA,25
dibba,2009-05-21,0,0,,,5,17,0.0000,False,,NODATA,25
dibba,2009-05-22,0,0,,,5,17,0.0000,False,,NODATA,25
dibba,2009-05-23,1,0,-2.2764,-0.6314,5,17,0.0588,False,,NODATA,25
dibba,2009-05-24,0,0,,,5,17,0.0000,False,,NODATA,25
dibba,2009-05-25,15,4,13.0049,-0.8164,5,17,0.8824,True,0.2667,QUIET,25
dibba,2009-05-26,0,0,,,5,17,0.0000,False,,NODATA,25
dibba,2009-05-27,0,0,,,5,17,0.0000,False,,NODATA,25
dibba,2009-05-28,0,0,,,5,17,0.0000,False,,NODATA,25
dibba,2009-05-29,0,0,,,5,17,0.0000,False,,NODATA,25
dibba,2009-05-30,0,0,,,5,17,0.0000,False,,NODATA,25
dibba,2009-05-31,0,0,,,5,17,0.0000,False,,NODATA,25
dibba,2009-06-01,0,0,,,6,14,0.0000,False,,NODATA,25
dibba,2009-06-02,0,0,,,6,14,0.0000,False,,NODATA,25
dibba,2009-06-03,0,0,,,6,14,0.0000,False,,NODATA,25
dibba,2009-06-04,0,0,,,6,14,0.0000,False,,NODATA,25
dibba,2009-06-05,0,0,,,6,14,0.0000,False,,NODATA,25
dibba,2009-06-06,0,0,,,6,14,0.0000,False,,NODATA,25
dibba,2009-06-07,0,0,,,6,14,0.0000,False,,NODATA,25
dibba,2009-06-08,0,0,,,6,14,0.0000,False,,NODATA,25
dibba,2009-06-09,0,0,,,6,14,0.0000,False,,NODATA,25
dibba,2009-06-10,0,0,,,6,14,0.0000,False,,NODATA,25
dibba,2009-06-11,0,0,,,6,14,0.0000,False,,NODATA,25
dibba,2009-06-12,0,0,,,6,14,0.0000,False,,NODATA,25
dibba,2009-06-13,0,0,,,6,14,0.0000,False,,NODATA,25
dibba,2009-06-14,0,0,,,6,14,0.0000,False,,NODATA,25
dibba,2009-06-15,0,0,,,6,14,0.0000,False,,NODATA,25
dibba,2009-06-16,0,0,,,6,14,0.0000,False,,NODATA,25
dibba,2009-06-17,0,0,,,6,14,0.0000,False,,NODATA,25
dibba,2009-06-18,0,0,,,6,14,0.0000,False,,NODATA,25
dibba,2009-06-19,0,0,,,6,14,0.0000,False,,NODATA,25
dibba,2009-06-20,0,0,,,6,14,0.0000,False,,NODATA,25
dibba,2009-06-21,0,0,,,6,14,0.0000,False,,NODATA,25
dibba,2009-06-22,0,0,,,6,14,0.0000,False,,NODATA,25
dibba,2009-06-23,0,0,,,6,14,0.0000,False,,NODATA,25
dibba,2009-06-24,0,0,,,6,14,0.0000,False,,NODATA,25
dibba,2009-06-25,0,0,,,6,14,0.0000,False,,NODATA,25
dibba,2009-06-26,0,0,,,6,14,0.0000,False,,NODATA,25
dibba,2009-06-27,0,0,,,6,14,0.0000,False,,NODATA,25
dibba,2009-06-28,0,0,,,6,14,0.0000,False,,NODATA,25
dibba,2009-06-29,0,0,,,6,14,0.0000,False,,NODATA,25
dibba,2009-06-30,0,0,,,6,14,0.0000,False,,NODATA,25
dibba,2009-07-01,0,0,,,7,0,0.0000,False,,NODATA,25
dibba,2009-07-02,0,0,,,7,0,0.0000,False,,NODATA,25
dibba,2009-07-03,0,0,,,7,0,0.0000,False,,NODATA,25
dibba,2009-07-04,0,0,,,7,0,0.0000,False,,NODATA,25
dibba,2009-07-05,0,0,,,7,0,0.0000,False,,NODATA,25
dibba,2009-07-06,0,0,,,7,0,0.0000,False,,NODATA,25
dibba,2009-07-07,0,0,,,7,0,0.0000,False,,NODATA,25
dibba,2009-07-08,0,0,,,7,0,0.0000,False,,NODATA,25
dibba,2009-07-09,0,0,,,7,0,0.0000,False,,NODATA,25
dibba,2009-07-10,0,0,,,7,0,0.0000,False,,NODATA,25
dibba,2009-07-11,0,0,,,7,0,0.0000,False,,NODATA,25
dibba,2009-07-12,0,0,,,7,0,0.0000,False,,NODATA,25
dibba,2009-07-13,0,0,,,7,0,0.0000,False,,NODATA,25
dibba,2009-07-14,0,0,,,7,0,0.0000,False,,NODATA,25
dibba,2009-07-15,0,0,,,7,0,0.0000,False,,NODATA,25
dibba,2009-07-16,0,0,,,7,0,0.0000,False,,NODATA,25
dibba,2009-07-17,0,0,,,7,0,0.0000,False,,NODATA,25
dibba,2009-07-18,0,0,,,7,0,0.0000,False,,NODATA,25
dibba,2009-07-19,0,0,,,7,0,0.0000,False,,NODATA,25
dibba,2009-07-20,0,0,,,7,0,0.0000,False,,NODATA,25
dibba,2009-07-21,0,0,,,7,0,0.0000,False,,NODATA,25
dibba,2009-07-22,0,0,,,7,0,0.0000,False,,NODATA,25
dibba,2009-07-23,0,0,,,7,0,0.0000,False,,NODATA,25
dibba,2009-07-24,0,0,,,7,0,0.0000,False,,NODATA,25
dibba,2009-07-25,0,0,,,7,0,0.0000,False,,NODATA,25
dibba,2009-07-26,0,0,,,7,0,0.0000,False,,NODATA,25
dibba,2009-07-27,0,0,,,7,0,0.0000,False,,NODATA,25
dibba,2009-07-28,0,0,,,7,0,0.0000,False,,NODATA,25
dibba,2009-07-29,0,0,,,7,0,0.0000,False,,NODATA,25
dibba,2009-07-30,0,0,,,7,0,0.0000,False,,NODATA,25
dibba,2009-07-31,0,0,,,7,0,0.0000,False,,NODATA,25
dibba,2009-08-01,0,0,,,8,0,0.0000,False,,NODATA,25
dibba,2009-08-02,0,0,,,8,0,0.0000,False,,NODATA,25
dibba,2009-08-03,0,0,,,8,0,0.0000,False,,NODATA,25
dibba,2009-08-04,0,0,,,8,0,0.0000,False,,NODATA,25
dibba,2009-08-05,0,0,,,8,0,0.0000,False,,NODATA,25
dibba,2009-08-06,0,0,,,8,0,0.0000,False,,NODATA,25
dibba,2009-08-07,0,0,,,8,0,0.0000,False,,NODATA,25
dibba,2009-08-08,0,0,,,8,0,0.0000,False,,NODATA,25
dibba,2009-08-09,0,0,,,8,0,0.0000,False,,NODATA,25
dibba,2009-08-10,0,0,,,8,0,0.0000,False,,NODATA,25
dibba,2009-08-11,0,0,,,8,0,0.0000,False,,NODATA,25
dibba,2009-08-12,0,0,,,8,0,0.0000,False,,NODATA,25
dibba,2009-08-13,0,0,,,8,0,0.0000,False,,NODATA,25
dibba,2009-08-14,0,0,,,8,0,0.0000,False,,NODATA,25
dibba,2009-08-15,0,0,,,8,0,0.0000,False,,NODATA,25
dibba,2009-08-16,0,0,,,8,0,0.0000,False,,NODATA,25
dibba,2009-08-17,0,0,,,8,0,0.0000,False,,NODATA,25
dibba,2009-08-18,0,0,,,8,0,0.0000,False,,NODATA,25
dibba,2009-08-19,0,0,,,8,0,0.0000,False,,NODATA,25
dibba,2009-08-20,0,0,,,8,0,0.0000,False,,NODATA,25
dibba,2009-08-21,0,0,,,8,0,0.0000,False,,NODATA,25
dibba,2009-08-22,0,0,,,8,0,0.0000,False,,NODATA,25
dibba,2009-08-23,0,0,,,8,0,0.0000,False,,NODATA,25
dibba,2009-08-24,0,0,,,8,0,0.0000,False,,NODATA,25
dibba,2009-08-25,0,0,,,8,0,0.0000,False,,NODATA,25
dibba,2009-08-26,0,0,,,8,0,0.0000,False,,NODATA,25
dibba,2009-08-27,0,0,,,8,0,0.0000,False,,NODATA,25
dibba,2009-08-28,0,0,,,8,0,0.0000,False,,NODATA,25
dibba,2009-08-29,0,0,,,8,0,0.0000,False,,NODATA,25
dibba,2009-08-30,0,0,,,8,0,0.0000,False,,NODATA,25
dibba,2009-08-31,0,0,,,8,0,0.0000,False,,NODATA,25
dibba,2009-09-01,0,0,,,9,21,0.0000,False,,NODATA,25
dibba,2009-09-02,0,0,,,9,21,0.0000,False,,NODATA,25
dibba,2009-09-03,0,0,,,9,21,0.0000,False,,NODATA,25
dibba,2009-09-04,0,0,,,9,21,0.0000,False,,NODATA,25
dibba,2009-09-05,0,0,,,9,21,0.0000,False,,NODATA,25
dibba,2009-09-06,0,0,,,9,21,0.0000,False,,NODATA,25
dibba,2009-09-07,0,0,,,9,21,0.0000,False,,NODATA,25
dibba,2009-09-08,0,0,,,9,21,0.0000,False,,NODATA,25
dibba,2009-09-09,0,0,,,9,21,0.0000,False,,NODATA,25
dibba,2009-09-10,0,0,,,9,21,0.0000,False,,NODATA,25
dibba,2009-09-11,0,0,,,9,21,0.0000,False,,NODATA,25
dibba,2009-09-12,0,0,,,9,21,0.0000,False,,NODATA,25
dibba,2009-09-13,0,0,,,9,21,0.0000,False,,NODATA,25
dibba,2009-09-14,0,0,,,9,21,0.0000,False,,NODATA,25
dibba,2009-09-15,0,0,,,9,21,0.0000,False,,NODATA,25
dibba,2009-09-16,0,0,,,9,21,0.0000,False,,NODATA,25
dibba,2009-09-17,0,0,,,9,21,0.0000,False,,NODATA,25
dibba,2009-09-18,0,0,,,9,21,0.0000,False,,NODATA,25
dibba,2009-09-19,0,0,,,9,21,0.0000,False,,NODATA,25
dibba,2009-09-20,0,0,,,9,21,0.0000,False,,NODATA,25
dibba,2009-09-21,0,0,,,9,21,0.0000,False,,NODATA,25
dibba,2009-09-22,0,0,,,9,21,0.0000,False,,NODATA,25
dibba,2009-09-23,0,0,,,9,21,0.0000,False,,NODATA,25
dibba,2009-09-24,0,0,,,9,21,0.0000,False,,NODATA,25
dibba,2009-09-25,0,0,,,9,21,0.0000,False,,NODATA,25
dibba,2009-09-26,0,0,,,9,21,0.0000,False,,NODATA,25
dibba,2009-09-27,21,0,-0.8002,-0.5797,9,21,1.0000,True,0.0000,QUIET,25
dibba,2009-09-28,0,0,,,9,21,0.0000,False,,NODATA,25
dibba,2009-09-29,0,0,,,9,21,0.0000,False,,NODATA,25
dibba,2009-09-30,21,0,-0.7804,-0.5370,9,21,1.0000,True,0.0000,QUIET,25
dibba,2009-10-01,0,0,,,10,28,0.0000,False,,NODATA,25
dibba,2009-10-02,27,0,-0.5365,-0.5102,10,28,0.9643,True,0.0000,QUIET,25
dibba,2009-10-03,0,0,,,10,28,0.0000,False,,NODATA,25
dibba,2009-10-04,0,0,,,10,28,0.0000,False,,NODATA,25
dibba,2009-10-05,0,0,,,10,28,0.0000,False,,NODATA,25
dibba,2009-10-06,0,0,,,10,28,0.0000,False,,NODATA,25
dibba,2009-10-07,0,0,,,10,28,0.0000,False,,NODATA,25
dibba,2009-10-08,0,0,,,10,28,0.0000,False,,NODATA,25
dibba,2009-10-09,0,0,,,10,28,0.0000,False,,NODATA,25
dibba,2009-10-10,0,0,,,10,28,0.0000,False,,NODATA,25
dibba,2009-10-11,0,0,,,10,28,0.0000,False,,NODATA,25
dibba,2009-10-12,0,0,,,10,28,0.0000,False,,NODATA,25
dibba,2009-10-13,0,0,,,10,28,0.0000,False,,NODATA,25
dibba,2009-10-14,0,0,,,10,28,0.0000,False,,NODATA,25
dibba,2009-10-15,0,0,,,10,28,0.0000,False,,NODATA,25
dibba,2009-10-16,0,0,,,10,28,0.0000,False,,NODATA,25
dibba,2009-10-17,0,0,,,10,28,0.0000,False,,NODATA,25
dibba,2009-10-18,0,0,,,10,28,0.0000,False,,NODATA,25
dibba,2009-10-19,0,0,,,10,28,0.0000,False,,NODATA,25
dibba,2009-10-20,0,0,,,10,28,0.0000,False,,NODATA,25
dibba,2009-10-21,0,0,,,10,28,0.0000,False,,NODATA,25
dibba,2009-10-22,0,0,,,10,28,0.0000,False,,NODATA,25
dibba,2009-10-23,0,0,,,10,28,0.0000,False,,NODATA,25
dibba,2009-10-24,0,0,,,10,28,0.0000,False,,NODATA,25
dibba,2009-10-25,8,0,-0.8456,-0.4650,10,28,0.2857,True,0.0000,QUIET,25
dibba,2009-10-26,0,0,,,10,28,0.0000,False,,NODATA,25
dibba,2009-10-27,15,0,-0.9324,-0.5720,10,28,0.5357,True,0.0000,QUIET,25
dibba,2009-10-28,0,0,,,10,28,0.0000,False,,NODATA,25
dibba,2009-10-29,0,0,,,10,28,0.0000,False,,NODATA,25
dibba,2009-10-30,0,0,,,10,28,0.0000,False,,NODATA,25
dibba,2009-10-31,0,0,,,10,28,0.0000,False,,NODATA,25
dibba,2009-11-01,0,0,,,11,28,0.0000,False,,NODATA,25
dibba,2009-11-02,0,0,,,11,28,0.0000,False,,NODATA,25
dibba,2009-11-03,26,0,0.4244,-0.2004,11,28,0.9286,True,0.0000,QUIET,25
dibba,2009-11-04,0,0,,,11,28,0.0000,False,,NODATA,25
dibba,2009-11-05,0,0,,,11,28,0.0000,False,,NODATA,25
dibba,2009-11-06,6,0,0.3097,0.0219,11,28,0.2143,True,0.0000,QUIET,25
dibba,2009-11-07,0,0,,,11,28,0.0000,False,,NODATA,25
dibba,2009-11-08,26,1,2.3424,0.0699,11,28,0.9286,True,0.0385,QUIET,25
dibba,2009-11-09,0,0,,,11,28,0.0000,False,,NODATA,25
dibba,2009-11-10,23,7,4.2582,0.6617,11,28,0.8214,True,0.3043,QUIET,25
dibba,2009-11-11,0,0,,,11,28,0.0000,False,,NODATA,25
dibba,2009-11-12,27,0,0.7997,0.2090,11,28,0.9643,True,0.0000,QUIET,25
dibba,2009-11-13,11,7,3.1693,0.9863,11,28,0.3929,True,0.6364,EXCEED,25
dibba,2009-11-14,25,0,1.6519,0.0923,11,28,0.8929,True,0.0000,QUIET,25
dibba,2009-11-15,20,6,3.2568,0.5926,11,28,0.7143,True,0.3000,QUIET,25
dibba,2009-11-16,0,0,,,11,28,0.0000,False,,NODATA,25
dibba,2009-11-17,19,8,4.2017,0.8650,11,28,0.6786,True,0.4211,QUIET,25
dibba,2009-11-18,0,0,,,11,28,0.0000,False,,NODATA,25
dibba,2009-11-19,28,0,1.4706,0.2982,11,28,1.0000,True,0.0000,QUIET,25
dibba,2009-11-20,0,0,,,11,28,0.0000,False,,NODATA,25
dibba,2009-11-21,0,0,,,11,28,0.0000,False,,NODATA,25
dibba,2009-11-22,0,0,,,11,28,0.0000,False,,NODATA,25
dibba,2009-11-23,0,0,,,11,28,0.0000,False,,NODATA,25
dibba,2009-11-24,26,16,3.3289,1.2885,11,28,0.9286,True,0.6154,EXCEED,25
dibba,2009-11-25,0,0,,,11,28,0.0000,False,,NODATA,25
dibba,2009-11-26,27,26,3.0880,1.2430,11,28,0.9643,True,0.9630,ALERT,25
dibba,2009-11-27,0,0,,,11,28,0.0000,False,,NODATA,25
dibba,2009-11-28,4,0,0.4607,0.5067,11,28,0.1429,True,0.0000,QUIET,25
dibba,2009-11-29,0,0,,,11,28,0.0000,False,,NODATA,25
dibba,2009-11-30,0,0,,,11,28,0.0000,False,,NODATA,25
dibba,2009-12-01,20,0,1.7676,0.3649,12,27,0.7407,True,0.0000,QUIET,25
dibba,2009-12-02,0,0,,,12,27,0.0000,False,,NODATA,25
dibba,2009-12-03,27,6,3.5212,0.8022,12,27,1.0000,True,0.2222,QUIET,25
dibba,2009-12-04,0,0,,,12,27,0.0000,False,,NODATA,25
dibba,2009-12-05,27,0,1.9414,0.1183,12,27,1.0000,True,0.0000,QUIET,25
dibba,2009-12-06,0,0,,,12,27,0.0000,False,,NODATA,25
dibba,2009-12-07,0,0,,,12,27,0.0000,False,,NODATA,25
dibba,2009-12-08,0,0,,,12,27,0.0000,False,,NODATA,25
dibba,2009-12-09,6,0,0.7135,0.3320,12,27,0.2222,True,0.0000,QUIET,25
dibba,2009-12-10,26,0,0.1110,0.0169,12,27,0.9630,True,0.0000,QUIET,25
dibba,2009-12-11,0,0,,,12,27,0.0000,False,,NODATA,25
dibba,2009-12-12,0,0,,,12,27,0.0000,False,,NODATA,25
dibba,2009-12-13,0,0,,,12,27,0.0000,False,,NODATA,25
dibba,2009-12-14,26,0,0.2257,0.0530,12,27,0.9630,True,0.0000,QUIET,25
dibba,2009-12-15,5,0,0.1105,-0.1157,12,27,0.1852,True,0.0000,QUIET,25
dibba,2009-12-16,1,0,0.3998,0.2886,12,27,0.0370,False,,NODATA,25
dibba,2009-12-17,27,0,1.4864,0.3695,12,27,1.0000,True,0.0000,QUIET,25
dibba,2009-12-18,0,0,,,12,27,0.0000,False,,NODATA,25
dibba,2009-12-19,0,0,,,12,27,0.0000,False,,NODATA,25
dibba,2009-12-20,0,0,,,12,27,0.0000,False,,NODATA,25
dibba,2009-12-21,27,0,1.6743,0.3631,12,27,1.0000,True,0.0000,QUIET,25
dibba,2009-12-22,0,0,,,12,27,0.0000,False,,NODATA,25
dibba,2009-12-23,27,0,0.3479,-0.1000,12,27,1.0000,True,0.0000,QUIET,25
dibba,2009-12-24,17,0,1.6150,0.2675,12,27,0.6296,True,0.0000,QUIET,25
dibba,2009-12-25,12,0,-0.0773,0.0121,12,27,0.4444,True,0.0000,QUIET,25
dibba,2009-12-26,0,0,,,12,27,0.0000,False,,NODATA,25
dibba,2009-12-27,0,0,,,12,27,0.0000,False,,NODATA,25
dibba,2009-12-28,10,0,-0.3824,-0.2451,12,27,0.3704,True,0.0000,QUIET,25
dibba,2009-12-29,0,0,,,12,27,0.0000,False,,NODATA,25
dibba,2009-12-30,2,0,-1.1846,-0.3609,12,27,0.0741,False,,NODATA,25
dibba,2009-12-31,0,0,,,12,27,0.0000,False,,NODATA,25
dibba,2010-01-01,2,0,-0.7338,-0.1934,1,27,0.0741,False,,NODATA,25
dibba,2010-01-02,24,0,-0.8089,-0.2596,1,27,0.8889,True,0.0000,QUIET,25
dibba,2010-01-03,15,0,-0.3929,-0.1176,1,27,0.5556,True,0.0000,QUIET,25
dibba,2010-01-04,27,0,0.2893,-0.0015,1,27,1.0000,True,0.0000,QUIET,25
dibba,2010-01-05,0,0,,,1,27,0.0000,False,,NODATA,25
dibba,2010-01-06,27,0,0.2863,-0.1199,1,27,1.0000,True,0.0000,QUIET,25
dibba,2010-01-07,0,0,,,1,27,0.0000,False,,NODATA,25
dibba,2010-01-08,27,0,1.6573,-0.0014,1,27,1.0000,True,0.0000,QUIET,25
dibba,2010-01-09,1,1,3.8379,1.6687,1,27,0.0370,False,,NODATA,25
dibba,2010-01-10,13,0,0.5210,-0.0052,1,27,0.4815,True,0.0000,QUIET,25
dibba,2010-01-11,27,1,2.9674,0.4541,1,27,1.0000,True,0.0370,QUIET,25
dibba,2010-01-12,9,0,0.3271,-0.0369,1,27,0.3333,True,0.0000,QUIET,25
dibba,2010-01-13,27,0,0.8714,0.0125,1,27,1.0000,True,0.0000,QUIET,25
dibba,2010-01-14,0,0,,,1,27,0.0000,False,,NODATA,25
dibba,2010-01-15,27,0,0.0541,-0.1176,1,27,1.0000,True,0.0000,QUIET,25
dibba,2010-01-16,0,0,,,1,27,0.0000,False,,NODATA,25
dibba,2010-01-17,22,0,0.0103,-0.0816,1,27,0.8148,True,0.0000,QUIET,25
dibba,2010-01-18,10,6,3.4042,1.0821,1,27,0.3704,True,0.6000,EXCEED,25
dibba,2010-01-19,6,0,0.7340,0.1579,1,27,0.2222,True,0.0000,QUIET,25
dibba,2010-01-20,3,3,6.4951,1.0529,1,27,0.1111,True,1.0000,ALERT,25
dibba,2010-01-21,0,0,,,1,27,0.0000,False,,NODATA,25
dibba,2010-01-22,5,5,5.4853,1.3056,1,27,0.1852,True,1.0000,ALERT,25
dibba,2010-01-23,0,0,,,1,27,0.0000,False,,NODATA,25
dibba,2010-01-24,0,0,,,1,27,0.0000,False,,NODATA,25
dibba,2010-01-25,0,0,,,1,27,0.0000,False,,NODATA,25
dibba,2010-01-26,0,0,,,1,27,0.0000,False,,NODATA,25
dibba,2010-01-27,0,0,,,1,27,0.0000,False,,NODATA,25
dibba,2010-01-28,9,2,4.4197,0.8053,1,27,0.3333,True,0.2222,QUIET,25
dibba,2010-01-29,27,13,3.5437,0.9508,1,27,1.0000,True,0.4815,ALERT,25
dibba,2010-01-30,0,0,,,1,27,0.0000,False,,NODATA,25
dibba,2010-01-31,9,3,4.3433,0.6098,1,27,0.3333,True,0.3333,QUIET,25
dibba,2010-02-01,0,0,,,2,27,0.0000,False,,NODATA,25
dibba,2010-02-02,0,0,,,2,27,0.0000,False,,NODATA,25
dibba,2010-02-03,0,0,,,2,27,0.0000,False,,NODATA,25
dibba,2010-02-04,0,0,,,2,27,0.0000,False,,NODATA,25
dibba,2010-02-05,0,0,,,2,27,0.0000,False,,NODATA,25
dibba,2010-02-06,0,0,,,2,27,0.0000,False,,NODATA,25
dibba,2010-02-07,0,0,,,2,27,0.0000,False,,NODATA,25
dibba,2010-02-08,0,0,,,2,27,0.0000,False,,NODATA,25
dibba,2010-02-09,0,0,,,2,27,0.0000,False,,NODATA,25
dibba,2010-02-10,0,0,,,2,27,0.0000,False,,NODATA,25
dibba,2010-02-11,0,0,,,2,27,0.0000,False,,NODATA,25
dibba,2010-02-12,0,0,,,2,27,0.0000,False,,NODATA,25
dibba,2010-02-13,0,0,,,2,27,0.0000,False,,NODATA,25
dibba,2010-02-14,25,4,2.5010,0.9058,2,27,0.9259,True,0.1600,QUIET,25
dibba,2010-02-15,0,0,,,2,27,0.0000,False,,NODATA,25
dibba,2010-02-16,27,0,1.9711,0.7883,2,27,1.0000,True,0.0000,QUIET,25
dibba,2010-02-17,0,0,,,2,27,0.0000,False,,NODATA,25
dibba,2010-02-18,12,0,1.8664,0.4038,2,27,0.4444,True,0.0000,QUIET,25
dibba,2010-02-19,0,0,,,2,27,0.0000,False,,NODATA,25
dibba,2010-02-20,0,0,,,2,27,0.0000,False,,NODATA,25
dibba,2010-02-21,8,1,2.2781,0.4899,2,27,0.2963,True,0.1250,QUIET,25
dibba,2010-02-22,0,0,,,2,27,0.0000,False,,NODATA,25
dibba,2010-02-23,0,0,,,2,27,0.0000,False,,NODATA,25
dibba,2010-02-24,0,0,,,2,27,0.0000,False,,NODATA,25
dibba,2010-02-25,0,0,,,2,27,0.0000,False,,NODATA,25
dibba,2010-02-26,0,0,,,2,27,0.0000,False,,NODATA,25
dibba,2010-02-27,0,0,,,2,27,0.0000,False,,NODATA,25
dibba,2010-02-28,0,0,,,2,27,0.0000,False,,NODATA,25
dibba,2010-03-01,0,0,,,3,27,0.0000,False,,NODATA,25
dibba,2010-03-02,0,0,,,3,27,0.0000,False,,NODATA,25
dibba,2010-03-03,0,0,,,3,27,0.0000,False,,NODATA,25
dibba,2010-03-04,26,0,0.9397,-0.3208,3,27,0.9630,True,0.0000,QUIET,25
dibba,2010-03-05,0,0,,,3,27,0.0000,False,,NODATA,25
dibba,2010-03-06,0,0,,,3,27,0.0000,False,,NODATA,25
dibba,2010-03-07,0,0,,,3,27,0.0000,False,,NODATA,25
dibba,2010-03-08,0,0,,,3,27,0.0000,False,,NODATA,25
dibba,2010-03-09,0,0,,,3,27,0.0000,False,,NODATA,25
dibba,2010-03-10,0,0,,,3,27,0.0000,False,,NODATA,25
dibba,2010-03-11,23,7,2.5342,1.2888,3,27,0.8519,True,0.3043,QUIET,25
dibba,2010-03-12,0,0,,,3,27,0.0000,False,,NODATA,25
dibba,2010-03-13,27,0,0.8451,0.4033,3,27,1.0000,True,0.0000,QUIET,25
dibba,2010-03-14,9,1,2.5463,1.0296,3,27,0.3333,True,0.1111,QUIET,25
dibba,2010-03-15,13,2,2.6833,0.5781,3,27,0.4815,True,0.1538,QUIET,25
dibba,2010-03-16,27,0,1.1307,0.2819,3,27,1.0000,True,0.0000,QUIET,25
dibba,2010-03-17,5,0,0.7447,0.3125,3,27,0.1852,True,0.0000,QUIET,25
dibba,2010-03-18,27,0,0.0997,0.0475,3,27,1.0000,True,0.0000,QUIET,25
dibba,2010-03-19,0,0,,,3,27,0.0000,False,,NODATA,25
dibba,2010-03-20,1,0,-0.7242,0.0338,3,27,0.0370,False,,NODATA,25
dibba,2010-03-21,12,0,-0.0319,-0.0131,3,27,0.4444,True,0.0000,QUIET,25
dibba,2010-03-22,0,0,,,3,27,0.0000,False,,NODATA,25
dibba,2010-03-23,0,0,,,3,27,0.0000,False,,NODATA,25
dibba,2010-03-24,0,0,,,3,27,0.0000,False,,NODATA,25
dibba,2010-03-25,0,0,,,3,27,0.0000,False,,NODATA,25
dibba,2010-03-26,0,0,,,3,27,0.0000,False,,NODATA,25
dibba,2010-03-27,0,0,,,3,27,0.0000,False,,NODATA,25
dibba,2010-03-28,0,0,,,3,27,0.0000,False,,NODATA,25
dibba,2010-03-29,0,0,,,3,27,0.0000,False,,NODATA,25
dibba,2010-03-30,0,0,,,3,27,0.0000,False,,NODATA,25
dibba,2010-03-31,0,0,,,3,27,0.0000,False,,NODATA,25
dibba,2010-04-01,2,1,2.2486,0.6357,4,27,0.0741,False,,NODATA,25
dibba,2010-04-02,0,0,,,4,27,0.0000,False,,NODATA,25
dibba,2010-04-03,7,0,-0.1897,-0.1939,4,27,0.2593,True,0.0000,QUIET,25
dibba,2010-04-04,0,0,,,4,27,0.0000,False,,NODATA,25
dibba,2010-04-05,0,0,,,4,27,0.0000,False,,NODATA,25
dibba,2010-04-06,0,0,,,4,27,0.0000,False,,NODATA,25
dibba,2010-04-07,0,0,,,4,27,0.0000,False,,NODATA,25
dibba,2010-04-08,0,0,,,4,27,0.0000,False,,NODATA,25
dibba,2010-04-09,0,0,,,4,27,0.0000,False,,NODATA,25
dibba,2010-04-10,0,0,,,4,27,0.0000,False,,NODATA,25
dibba,2010-04-11,0,0,,,4,27,0.0000,False,,NODATA,25
dibba,2010-04-12,0,0,,,4,27,0.0000,False,,NODATA,25
dibba,2010-04-13,0,0,,,4,27,0.0000,False,,NODATA,25
dibba,2010-04-14,0,0,,,4,27,0.0000,False,,NODATA,25
dibba,2010-04-15,6,0,0.0764,-0.3733,4,27,0.2222,True,0.0000,QUIET,25
dibba,2010-04-16,0,0,,,4,27,0.0000,False,,NODATA,25
dibba,2010-04-17,1,0,-2.0132,-0.6189,4,27,0.0370,False,,NODATA,25
dibba,2010-04-18,0,0,,,4,27,0.0000,False,,NODATA,25
dibba,2010-04-19,0,0,,,4,27,0.0000,False,,NODATA,25
dibba,2010-04-20,0,0,,,4,27,0.0000,False,,NODATA,25
dibba,2010-04-21,0,0,,,4,27,0.0000,False,,NODATA,25
dibba,2010-04-22,0,0,,,4,27,0.0000,False,,NODATA,25
dibba,2010-04-23,0,0,,,4,27,0.0000,False,,NODATA,25
dibba,2010-04-24,0,0,,,4,27,0.0000,False,,NODATA,25
dibba,2010-04-25,0,0,,,4,27,0.0000,False,,NODATA,25
dibba,2010-04-26,0,0,,,4,27,0.0000,False,,NODATA,25
dibba,2010-04-27,0,0,,,4,27,0.0000,False,,NODATA,25
dibba,2010-04-28,0,0,,,4,27,0.0000,False,,NODATA,25
dibba,2010-04-29,0,0,,,4,27,0.0000,False,,NODATA,25
dibba,2010-04-30,0,0,,,4,27,0.0000,False,,NODATA,25
dibba,2010-05-01,0,0,,,5,17,0.0000,False,,NODATA,25
dibba,2010-05-02,0,0,,,5,17,0.0000,False,,NODATA,25
dibba,2010-05-03,0,0,,,5,17,0.0000,False,,NODATA,25
dibba,2010-05-04,0,0,,,5,17,0.0000,False,,NODATA,25
dibba,2010-05-05,0,0,,,5,17,0.0000,False,,NODATA,25
dibba,2010-05-06,0,0,,,5,17,0.0000,False,,NODATA,25
dibba,2010-05-07,0,0,,,5,17,0.0000,False,,NODATA,25
dibba,2010-05-08,0,0,,,5,17,0.0000,False,,NODATA,25
dibba,2010-05-09,0,0,,,5,17,0.0000,False,,NODATA,25
dibba,2010-05-10,15,0,1.5167,-0.3505,5,17,0.8824,True,0.0000,QUIET,25
dibba,2010-05-11,0,0,,,5,17,0.0000,False,,NODATA,25
dibba,2010-05-12,0,0,,,5,17,0.0000,False,,NODATA,25
dibba,2010-05-13,0,0,,,5,17,0.0000,False,,NODATA,25
dibba,2010-05-14,0,0,,,5,17,0.0000,False,,NODATA,25
dibba,2010-05-15,0,0,,,5,17,0.0000,False,,NODATA,25
dibba,2010-05-16,0,0,,,5,17,0.0000,False,,NODATA,25
dibba,2010-05-17,0,0,,,5,17,0.0000,False,,NODATA,25
dibba,2010-05-18,0,0,,,5,17,0.0000,False,,NODATA,25
dibba,2010-05-19,0,0,,,5,17,0.0000,False,,NODATA,25
dibba,2010-05-20,0,0,,,5,17,0.0000,False,,NODATA,25
dibba,2010-05-21,10,0,-0.2044,-0.6364,5,17,0.5882,True,0.0000,QUIET,25
dibba,2010-05-22,0,0,,,5,17,0.0000,False,,NODATA,25
dibba,2010-05-23,0,0,,,5,17,0.0000,False,,NODATA,25
dibba,2010-05-24,0,0,,,5,17,0.0000,False,,NODATA,25
dibba,2010-05-25,0,0,,,5,17,0.0000,False,,NODATA,25
dibba,2010-05-26,0,0,,,5,17,0.0000,False,,NODATA,25
dibba,2010-05-27,0,0,,,5,17,0.0000,False,,NODATA,25
dibba,2010-05-28,0,0,,,5,17,0.0000,False,,NODATA,25
dibba,2010-05-29,0,0,,,5,17,0.0000,False,,NODATA,25
dibba,2010-05-30,0,0,,,5,17,0.0000,False,,NODATA,25
dibba,2010-05-31,0,0,,,5,17,0.0000,False,,NODATA,25
dibba,2010-06-01,0,0,,,6,14,0.0000,False,,NODATA,25
dibba,2010-06-02,0,0,,,6,14,0.0000,False,,NODATA,25
dibba,2010-06-03,0,0,,,6,14,0.0000,False,,NODATA,25
dibba,2010-06-04,0,0,,,6,14,0.0000,False,,NODATA,25
dibba,2010-06-05,0,0,,,6,14,0.0000,False,,NODATA,25
dibba,2010-06-06,0,0,,,6,14,0.0000,False,,NODATA,25
dibba,2010-06-07,0,0,,,6,14,0.0000,False,,NODATA,25
dibba,2010-06-08,0,0,,,6,14,0.0000,False,,NODATA,25
dibba,2010-06-09,0,0,,,6,14,0.0000,False,,NODATA,25
dibba,2010-06-10,0,0,,,6,14,0.0000,False,,NODATA,25
dibba,2010-06-11,0,0,,,6,14,0.0000,False,,NODATA,25
dibba,2010-06-12,0,0,,,6,14,0.0000,False,,NODATA,25
dibba,2010-06-13,0,0,,,6,14,0.0000,False,,NODATA,25
dibba,2010-06-14,0,0,,,6,14,0.0000,False,,NODATA,25
dibba,2010-06-15,0,0,,,6,14,0.0000,False,,NODATA,25
dibba,2010-06-16,0,0,,,6,14,0.0000,False,,NODATA,25
dibba,2010-06-17,0,0,,,6,14,0.0000,False,,NODATA,25
dibba,2010-06-18,0,0,,,6,14,0.0000,False,,NODATA,25
dibba,2010-06-19,0,0,,,6,14,0.0000,False,,NODATA,25
dibba,2010-06-20,0,0,,,6,14,0.0000,False,,NODATA,25
dibba,2010-06-21,0,0,,,6,14,0.0000,False,,NODATA,25
dibba,2010-06-22,0,0,,,6,14,0.0000,False,,NODATA,25
dibba,2010-06-23,0,0,,,6,14,0.0000,False,,NODATA,25
dibba,2010-06-24,0,0,,,6,14,0.0000,False,,NODATA,25
dibba,2010-06-25,0,0,,,6,14,0.0000,False,,NODATA,25
dibba,2010-06-26,0,0,,,6,14,0.0000,False,,NODATA,25
dibba,2010-06-27,0,0,,,6,14,0.0000,False,,NODATA,25
dibba,2010-06-28,0,0,,,6,14,0.0000,False,,NODATA,25
dibba,2010-06-29,0,0,,,6,14,0.0000,False,,NODATA,25
dibba,2010-06-30,0,0,,,6,14,0.0000,False,,NODATA,25
dibba,2010-07-01,0,0,,,7,0,0.0000,False,,NODATA,25
dibba,2010-07-02,0,0,,,7,0,0.0000,False,,NODATA,25
dibba,2010-07-03,0,0,,,7,0,0.0000,False,,NODATA,25
dibba,2010-07-04,0,0,,,7,0,0.0000,False,,NODATA,25
dibba,2010-07-05,0,0,,,7,0,0.0000,False,,NODATA,25
dibba,2010-07-06,0,0,,,7,0,0.0000,False,,NODATA,25
dibba,2010-07-07,0,0,,,7,0,0.0000,False,,NODATA,25
dibba,2010-07-08,0,0,,,7,0,0.0000,False,,NODATA,25
dibba,2010-07-09,0,0,,,7,0,0.0000,False,,NODATA,25
dibba,2010-07-10,0,0,,,7,0,0.0000,False,,NODATA,25
dibba,2010-07-11,0,0,,,7,0,0.0000,False,,NODATA,25
dibba,2010-07-12,0,0,,,7,0,0.0000,False,,NODATA,25
dibba,2010-07-13,0,0,,,7,0,0.0000,False,,NODATA,25
dibba,2010-07-14,0,0,,,7,0,0.0000,False,,NODATA,25
dibba,2010-07-15,0,0,,,7,0,0.0000,False,,NODATA,25
dibba,2010-07-16,0,0,,,7,0,0.0000,False,,NODATA,25
dibba,2010-07-17,0,0,,,7,0,0.0000,False,,NODATA,25
dibba,2010-07-18,0,0,,,7,0,0.0000,False,,NODATA,25
dibba,2010-07-19,0,0,,,7,0,0.0000,False,,NODATA,25
dibba,2010-07-20,0,0,,,7,0,0.0000,False,,NODATA,25
dibba,2010-07-21,0,0,,,7,0,0.0000,False,,NODATA,25
dibba,2010-07-22,0,0,,,7,0,0.0000,False,,NODATA,25
dibba,2010-07-23,0,0,,,7,0,0.0000,False,,NODATA,25
dibba,2010-07-24,0,0,,,7,0,0.0000,False,,NODATA,25
dibba,2010-07-25,0,0,,,7,0,0.0000,False,,NODATA,25
dibba,2010-07-26,0,0,,,7,0,0.0000,False,,NODATA,25
dibba,2010-07-27,0,0,,,7,0,0.0000,False,,NODATA,25
dibba,2010-07-28,0,0,,,7,0,0.0000,False,,NODATA,25
dibba,2010-07-29,0,0,,,7,0,0.0000,False,,NODATA,25
dibba,2010-07-30,0,0,,,7,0,0.0000,False,,NODATA,25
dibba,2010-07-31,0,0,,,7,0,0.0000,False,,NODATA,25
dibba,2010-08-01,0,0,,,8,0,0.0000,False,,NODATA,25
dibba,2010-08-02,0,0,,,8,0,0.0000,False,,NODATA,25
dibba,2010-08-03,0,0,,,8,0,0.0000,False,,NODATA,25
dibba,2010-08-04,0,0,,,8,0,0.0000,False,,NODATA,25
dibba,2010-08-05,0,0,,,8,0,0.0000,False,,NODATA,25
dibba,2010-08-06,0,0,,,8,0,0.0000,False,,NODATA,25
dibba,2010-08-07,0,0,,,8,0,0.0000,False,,NODATA,25
dibba,2010-08-08,0,0,,,8,0,0.0000,False,,NODATA,25
dibba,2010-08-09,0,0,,,8,0,0.0000,False,,NODATA,25
dibba,2010-08-10,0,0,,,8,0,0.0000,False,,NODATA,25
dibba,2010-08-11,0,0,,,8,0,0.0000,False,,NODATA,25
dibba,2010-08-12,0,0,,,8,0,0.0000,False,,NODATA,25
dibba,2010-08-13,0,0,,,8,0,0.0000,False,,NODATA,25
dibba,2010-08-14,0,0,,,8,0,0.0000,False,,NODATA,25
dibba,2010-08-15,0,0,,,8,0,0.0000,False,,NODATA,25
dibba,2010-08-16,0,0,,,8,0,0.0000,False,,NODATA,25
dibba,2010-08-17,0,0,,,8,0,0.0000,False,,NODATA,25
dibba,2010-08-18,0,0,,,8,0,0.0000,False,,NODATA,25
dibba,2010-08-19,0,0,,,8,0,0.0000,False,,NODATA,25
dibba,2010-08-20,0,0,,,8,0,0.0000,False,,NODATA,25
dibba,2010-08-21,0,0,,,8,0,0.0000,False,,NODATA,25
dibba,2010-08-22,0,0,,,8,0,0.0000,False,,NODATA,25
dibba,2010-08-23,0,0,,,8,0,0.0000,False,,NODATA,25
dibba,2010-08-24,0,0,,,8,0,0.0000,False,,NODATA,25
dibba,2010-08-25,0,0,,,8,0,0.0000,False,,NODATA,25
dibba,2010-08-26,0,0,,,8,0,0.0000,False,,NODATA,25
dibba,2010-08-27,0,0,,,8,0,0.0000,False,,NODATA,25
dibba,2010-08-28,0,0,,,8,0,0.0000,False,,NODATA,25
dibba,2010-08-29,0,0,,,8,0,0.0000,False,,NODATA,25
dibba,2010-08-30,0,0,,,8,0,0.0000,False,,NODATA,25
dibba,2010-08-31,0,0,,,8,0,0.0000,False,,NODATA,25
dibba,2010-09-01,0,0,,,9,21,0.0000,False,,NODATA,25
dibba,2010-09-02,0,0,,,9,21,0.0000,False,,NODATA,25
dibba,2010-09-03,0,0,,,9,21,0.0000,False,,NODATA,25
dibba,2010-09-04,0,0,,,9,21,0.0000,False,,NODATA,25
dibba,2010-09-05,0,0,,,9,21,0.0000,False,,NODATA,25
dibba,2010-09-06,0,0,,,9,21,0.0000,False,,NODATA,25
dibba,2010-09-07,0,0,,,9,21,0.0000,False,,NODATA,25
dibba,2010-09-08,18,0,0.8051,-0.4412,9,21,0.8571,True,0.0000,QUIET,25
dibba,2010-09-09,0,0,,,9,21,0.0000,False,,NODATA,25
dibba,2010-09-10,21,0,1.3417,0.0551,9,21,1.0000,True,0.0000,QUIET,25
dibba,2010-09-11,0,0,,,9,21,0.0000,False,,NODATA,25
dibba,2010-09-12,0,0,,,9,21,0.0000,False,,NODATA,25
dibba,2010-09-13,0,0,,,9,21,0.0000,False,,NODATA,25
dibba,2010-09-14,0,0,,,9,21,0.0000,False,,NODATA,25
dibba,2010-09-15,0,0,,,9,21,0.0000,False,,NODATA,25
dibba,2010-09-16,0,0,,,9,21,0.0000,False,,NODATA,25
dibba,2010-09-17,0,0,,,9,21,0.0000,False,,NODATA,25
dibba,2010-09-18,0,0,,,9,21,0.0000,False,,NODATA,25
dibba,2010-09-19,7,1,2.4719,-0.2045,9,21,0.3333,True,0.1429,QUIET,25
dibba,2010-09-20,0,0,,,9,21,0.0000,False,,NODATA,25
dibba,2010-09-21,0,0,,,9,21,0.0000,False,,NODATA,25
dibba,2010-09-22,0,0,,,9,21,0.0000,False,,NODATA,25
dibba,2010-09-23,0,0,,,9,21,0.0000,False,,NODATA,25
dibba,2010-09-24,21,2,2.2247,-0.1985,9,21,1.0000,True,0.0952,QUIET,25
dibba,2010-09-25,0,0,,,9,21,0.0000,False,,NODATA,25
dibba,2010-09-26,21,0,1.2683,0.0408,9,21,1.0000,True,0.0000,QUIET,25
dibba,2010-09-27,0,0,,,9,21,0.0000,False,,NODATA,25
dibba,2010-09-28,0,0,,,9,21,0.0000,False,,NODATA,25
dibba,2010-09-29,0,0,,,9,21,0.0000,False,,NODATA,25
dibba,2010-09-30,0,0,,,9,21,0.0000,False,,NODATA,25
dibba,2010-10-01,22,12,7.2732,0.6949,10,28,0.7857,True,0.5455,EXCEED,25
dibba,2010-10-02,0,0,,,10,28,0.0000,False,,NODATA,25
dibba,2010-10-03,27,22,5.3101,0.8695,10,28,0.9643,True,0.8148,ALERT,25
dibba,2010-10-04,0,0,,,10,28,0.0000,False,,NODATA,25
dibba,2010-10-05,0,0,,,10,28,0.0000,False,,NODATA,25
dibba,2010-10-06,0,0,,,10,28,0.0000,False,,NODATA,25
dibba,2010-10-07,0,0,,,10,28,0.0000,False,,NODATA,25
dibba,2010-10-08,0,0,,,10,28,0.0000,False,,NODATA,25
dibba,2010-10-09,0,0,,,10,28,0.0000,False,,NODATA,25
dibba,2010-10-10,0,0,,,10,28,0.0000,False,,NODATA,25
dibba,2010-10-11,0,0,,,10,28,0.0000,False,,NODATA,25
dibba,2010-10-12,0,0,,,10,28,0.0000,False,,NODATA,25
dibba,2010-10-13,0,0,,,10,28,0.0000,False,,NODATA,25
dibba,2010-10-14,0,0,,,10,28,0.0000,False,,NODATA,25
dibba,2010-10-15,0,0,,,10,28,0.0000,False,,NODATA,25
dibba,2010-10-16,24,0,0.4651,-0.4371,10,28,0.8571,True,0.0000,QUIET,25
dibba,2010-10-17,24,0,1.1103,-0.2650,10,28,0.8571,True,0.0000,QUIET,25
dibba,2010-10-18,0,0,,,10,28,0.0000,False,,NODATA,25
dibba,2010-10-19,27,0,0.5507,-0.2755,10,28,0.9643,True,0.0000,QUIET,25
dibba,2010-10-20,0,0,,,10,28,0.0000,False,,NODATA,25
dibba,2010-10-21,28,0,0.7847,-0.2576,10,28,1.0000,True,0.0000,QUIET,25
dibba,2010-10-22,0,0,,,10,28,0.0000,False,,NODATA,25
dibba,2010-10-23,0,0,,,10,28,0.0000,False,,NODATA,25
dibba,2010-10-24,17,0,1.6822,-0.1788,10,28,0.6071,True,0.0000,QUIET,25
dibba,2010-10-25,18,0,0.6297,-0.3797,10,28,0.6429,True,0.0000,QUIET,25
dibba,2010-10-26,0,0,,,10,28,0.0000,False,,NODATA,25
dibba,2010-10-27,0,0,,,10,28,0.0000,False,,NODATA,25
dibba,2010-10-28,0,0,,,10,28,0.0000,False,,NODATA,25
dibba,2010-10-29,0,0,,,10,28,0.0000,False,,NODATA,25
dibba,2010-10-30,7,0,-0.2226,-0.1876,10,28,0.2500,True,0.0000,QUIET,25
dibba,2010-10-31,0,0,,,10,28,0.0000,False,,NODATA,25
dibba,2010-11-01,0,0,,,11,28,0.0000,False,,NODATA,25
dibba,2010-11-02,0,0,,,11,28,0.0000,False,,NODATA,25
dibba,2010-11-03,0,0,,,11,28,0.0000,False,,NODATA,25
dibba,2010-11-04,27,0,-0.1863,-0.2116,11,28,0.9643,True,0.0000,QUIET,25
dibba,2010-11-05,0,0,,,11,28,0.0000,False,,NODATA,25
dibba,2010-11-06,23,0,-0.3778,-0.2894,11,28,0.8214,True,0.0000,QUIET,25
dibba,2010-11-07,0,0,,,11,28,0.0000,False,,NODATA,25
dibba,2010-11-08,0,0,,,11,28,0.0000,False,,NODATA,25
dibba,2010-11-09,0,0,,,11,28,0.0000,False,,NODATA,25
dibba,2010-11-10,0,0,,,11,28,0.0000,False,,NODATA,25
dibba,2010-11-11,16,0,-0.9219,-0.3843,11,28,0.5714,True,0.0000,QUIET,25
dibba,2010-11-12,0,0,,,11,28,0.0000,False,,NODATA,25
dibba,2010-11-13,21,0,-0.7354,-0.3838,11,28,0.7500,True,0.0000,QUIET,25
dibba,2010-11-14,0,0,,,11,28,0.0000,False,,NODATA,25
dibba,2010-11-15,23,0,-0.8633,-0.3751,11,28,0.8214,True,0.0000,QUIET,25
dibba,2010-11-16,0,0,,,11,28,0.0000,False,,NODATA,25
dibba,2010-11-17,23,0,0.6343,-0.0642,11,28,0.8214,True,0.0000,QUIET,25
dibba,2010-11-18,24,0,1.6285,0.0232,11,28,0.8571,True,0.0000,QUIET,25
dibba,2010-11-19,4,0,-0.5846,-0.1944,11,28,0.1429,True,0.0000,QUIET,25
dibba,2010-11-20,27,1,2.2275,0.0993,11,28,0.9643,True,0.0370,QUIET,25
dibba,2010-11-21,0,0,,,11,28,0.0000,False,,NODATA,25
dibba,2010-11-22,28,0,1.2608,-0.0329,11,28,1.0000,True,0.0000,QUIET,25
dibba,2010-11-23,0,0,,,11,28,0.0000,False,,NODATA,25
dibba,2010-11-24,25,0,0.2363,-0.2006,11,28,0.8929,True,0.0000,QUIET,25
dibba,2010-11-25,18,3,2.4670,0.6842,11,28,0.6429,True,0.1667,QUIET,25
dibba,2010-11-26,20,0,0.7511,0.2750,11,28,0.7143,True,0.0000,QUIET,25
dibba,2010-11-27,27,3,2.4601,0.5531,11,28,0.9643,True,0.1111,QUIET,25
dibba,2010-11-28,1,0,-0.4020,-0.1059,11,28,0.0357,False,,NODATA,25
dibba,2010-11-29,28,0,1.1731,0.1883,11,28,1.0000,True,0.0000,QUIET,25
dibba,2010-11-30,0,0,,,11,28,0.0000,False,,NODATA,25
dibba,2010-12-01,27,0,0.3309,0.0802,12,27,1.0000,True,0.0000,QUIET,25
dibba,2010-12-02,16,13,4.1391,1.0733,12,27,0.5926,True,0.8125,EXCEED,25
dibba,2010-12-03,26,0,0.1161,0.0431,12,27,0.9630,True,0.0000,QUIET,25
dibba,2010-12-04,24,8,3.5344,0.7943,12,27,0.8889,True,0.3333,QUIET,25
dibba,2010-12-05,14,1,2.1813,0.1832,12,27,0.5185,True,0.0714,QUIET,25
dibba,2010-12-06,26,9,3.5946,0.7990,12,27,0.9630,True,0.3462,QUIET,25
dibba,2010-12-07,0,0,,,12,27,0.0000,False,,NODATA,25
dibba,2010-12-08,27,0,0.7415,0.2176,12,27,1.0000,True,0.0000,QUIET,25
dibba,2010-12-09,0,0,,,12,27,0.0000,False,,NODATA,25
dibba,2010-12-10,26,0,-0.3061,-0.1937,12,27,0.9630,True,0.0000,QUIET,25
dibba,2010-12-11,0,0,,,12,27,0.0000,False,,NODATA,25
dibba,2010-12-12,0,0,,,12,27,0.0000,False,,NODATA,25
dibba,2010-12-13,15,13,4.3385,1.2190,12,27,0.5556,True,0.8667,EXCEED,25
dibba,2010-12-14,0,0,,,12,27,0.0000,False,,NODATA,25
dibba,2010-12-15,0,0,,,12,27,0.0000,False,,NODATA,25
dibba,2010-12-16,0,0,,,12,27,0.0000,False,,NODATA,25
dibba,2010-12-17,0,0,,,12,27,0.0000,False,,NODATA,25
dibba,2010-12-18,0,0,,,12,27,0.0000,False,,NODATA,25
dibba,2010-12-19,4,1,2.3505,0.6995,12,27,0.1481,True,0.2500,QUIET,25
dibba,2010-12-20,0,0,,,12,27,0.0000,False,,NODATA,25
dibba,2010-12-21,0,0,,,12,27,0.0000,False,,NODATA,25
dibba,2010-12-22,27,8,4.6109,0.7074,12,27,1.0000,True,0.2963,QUIET,25
dibba,2010-12-23,0,0,,,12,27,0.0000,False,,NODATA,25
dibba,2010-12-24,26,5,2.9061,0.3839,12,27,0.9630,True,0.1923,QUIET,25
dibba,2010-12-25,0,0,,,12,27,0.0000,False,,NODATA,25
dibba,2010-12-26,16,1,3.5958,0.6105,12,27,0.5926,True,0.0625,QUIET,25
dibba,2010-12-27,0,0,,,12,27,0.0000,False,,NODATA,25
dibba,2010-12-28,10,5,3.4586,0.8448,12,27,0.3704,True,0.5000,EXCEED,25
dibba,2010-12-29,27,10,3.1728,0.8542,12,27,1.0000,True,0.3704,QUIET,25
dibba,2010-12-30,9,3,2.4266,0.5978,12,27,0.3333,True,0.3333,QUIET,25
dibba,2010-12-31,27,1,2.8708,0.4367,12,27,1.0000,True,0.0370,QUIET,25
dibba,2011-01-01,0,0,,,1,27,0.0000,False,,NODATA,25
dibba,2011-01-02,26,10,4.5832,0.7915,1,27,0.9630,True,0.3846,QUIET,25
dibba,2011-01-03,0,0,,,1,27,0.0000,False,,NODATA,25
dibba,2011-01-04,0,0,,,1,27,0.0000,False,,NODATA,25
dibba,2011-01-05,0,0,,,1,27,0.0000,False,,NODATA,25
dibba,2011-01-06,0,0,,,1,27,0.0000,False,,NODATA,25
dibba,2011-01-07,24,9,4.0784,0.9254,1,27,0.8889,True,0.3750,QUIET,25
dibba,2011-01-08,0,0,,,1,27,0.0000,False,,NODATA,25
dibba,2011-01-09,27,3,3.0320,0.2791,1,27,1.0000,True,0.1111,QUIET,25
dibba,2011-01-10,0,0,,,1,27,0.0000,False,,NODATA,25
dibba,2011-01-11,0,0,,,1,27,0.0000,False,,NODATA,25
dibba,2011-01-12,2,0,-0.5992,-0.1638,1,27,0.0741,False,,NODATA,25
dibba,2011-01-13,12,0,0.7259,0.2036,1,27,0.4444,True,0.0000,QUIET,25
dibba,2011-01-14,14,0,0.5617,-0.0186,1,27,0.5185,True,0.0000,QUIET,25
dibba,2011-01-15,0,0,,,1,27,0.0000,False,,NODATA,25
dibba,2011-01-16,0,0,,,1,27,0.0000,False,,NODATA,25
dibba,2011-01-17,0,0,,,1,27,0.0000,False,,NODATA,25
dibba,2011-01-18,0,0,,,1,27,0.0000,False,,NODATA,25
dibba,2011-01-19,0,0,,,1,27,0.0000,False,,NODATA,25
dibba,2011-01-20,0,0,,,1,27,0.0000,False,,NODATA,25
dibba,2011-01-21,0,0,,,1,27,0.0000,False,,NODATA,25
dibba,2011-01-22,0,0,,,1,27,0.0000,False,,NODATA,25
dibba,2011-01-23,17,0,1.0972,0.1205,1,27,0.6296,True,0.0000,QUIET,25
dibba,2011-01-24,0,0,,,1,27,0.0000,False,,NODATA,25
dibba,2011-01-25,27,0,0.6807,0.0574,1,27,1.0000,True,0.0000,QUIET,25
dibba,2011-01-26,0,0,,,1,27,0.0000,False,,NODATA,25
dibba,2011-01-27,14,1,2.0802,0.3308,1,27,0.5185,True,0.0714,QUIET,25
dibba,2011-01-28,0,0,,,1,27,0.0000,False,,NODATA,25
dibba,2011-01-29,19,0,0.6937,-0.0332,1,27,0.7037,True,0.0000,QUIET,25
dibba,2011-01-30,19,18,3.8492,1.2256,1,27,0.7037,True,0.9474,EXCEED,25
dibba,2011-01-31,0,0,,,1,27,0.0000,False,,NODATA,25
dibba,2011-02-01,0,0,,,2,27,0.0000,False,,NODATA,25
dibba,2011-02-02,0,0,,,2,27,0.0000,False,,NODATA,25
dibba,2011-02-03,0,0,,,2,27,0.0000,False,,NODATA,25
dibba,2011-02-04,0,0,,,2,27,0.0000,False,,NODATA,25
dibba,2011-02-05,0,0,,,2,27,0.0000,False,,NODATA,25
dibba,2011-02-06,0,0,,,2,27,0.0000,False,,NODATA,25
dibba,2011-02-07,16,0,0.7415,0.1702,2,27,0.5926,True,0.0000,QUIET,25
dibba,2011-02-08,23,11,2.9108,1.4104,2,27,0.8519,True,0.4783,EXCEED,25
dibba,2011-02-09,0,0,,,2,27,0.0000,False,,NODATA,25
dibba,2011-02-10,0,0,,,2,27,0.0000,False,,NODATA,25
dibba,2011-02-11,0,0,,,2,27,0.0000,False,,NODATA,25
dibba,2011-02-12,6,0,0.9232,0.7827,2,27,0.2222,True,0.0000,QUIET,25
dibba,2011-02-13,0,0,,,2,27,0.0000,False,,NODATA,25
dibba,2011-02-14,0,0,,,2,27,0.0000,False,,NODATA,25
dibba,2011-02-15,9,0,1.6279,0.7154,2,27,0.3333,True,0.0000,QUIET,25
dibba,2011-02-16,0,0,,,2,27,0.0000,False,,NODATA,25
dibba,2011-02-17,0,0,,,2,27,0.0000,False,,NODATA,25
dibba,2011-02-18,0,0,,,2,27,0.0000,False,,NODATA,25
dibba,2011-02-19,26,0,0.7349,0.2409,2,27,0.9630,True,0.0000,QUIET,25
dibba,2011-02-20,0,0,,,2,27,0.0000,False,,NODATA,25
dibba,2011-02-21,0,0,,,2,27,0.0000,False,,NODATA,25
dibba,2011-02-22,0,0,,,2,27,0.0000,False,,NODATA,25
dibba,2011-02-23,0,0,,,2,27,0.0000,False,,NODATA,25
dibba,2011-02-24,0,0,,,2,27,0.0000,False,,NODATA,25
dibba,2011-02-25,0,0,,,2,27,0.0000,False,,NODATA,25
dibba,2011-02-26,0,0,,,2,27,0.0000,False,,NODATA,25
dibba,2011-02-27,0,0,,,2,27,0.0000,False,,NODATA,25
dibba,2011-02-28,0,0,,,2,27,0.0000,False,,NODATA,25
dibba,2011-03-01,0,0,,,3,27,0.0000,False,,NODATA,25
dibba,2011-03-02,0,0,,,3,27,0.0000,False,,NODATA,25
dibba,2011-03-03,21,11,2.6734,1.3624,3,27,0.7778,True,0.5238,EXCEED,25
dibba,2011-03-04,0,0,,,3,27,0.0000,False,,NODATA,25
dibba,2011-03-05,0,0,,,3,27,0.0000,False,,NODATA,25
dibba,2011-03-06,0,0,,,3,27,0.0000,False,,NODATA,25
dibba,2011-03-07,0,0,,,3,27,0.0000,False,,NODATA,25
dibba,2011-03-08,0,0,,,3,27,0.0000,False,,NODATA,25
dibba,2011-03-09,0,0,,,3,27,0.0000,False,,NODATA,25
dibba,2011-03-10,0,0,,,3,27,0.0000,False,,NODATA,25
dibba,2011-03-11,0,0,,,3,27,0.0000,False,,NODATA,25
dibba,2011-03-12,26,1,2.1442,0.3771,3,27,0.9630,True,0.0385,QUIET,25
dibba,2011-03-13,0,0,,,3,27,0.0000,False,,NODATA,25
dibba,2011-03-14,27,1,2.0731,0.9513,3,27,1.0000,True,0.0370,QUIET,25
dibba,2011-03-15,0,0,,,3,27,0.0000,False,,NODATA,25
dibba,2011-03-16,0,0,,,3,27,0.0000,False,,NODATA,25
dibba,2011-03-17,0,0,,,3,27,0.0000,False,,NODATA,25
dibba,2011-03-18,0,0,,,3,27,0.0000,False,,NODATA,25
dibba,2011-03-19,0,0,,,3,27,0.0000,False,,NODATA,25
dibba,2011-03-20,0,0,,,3,27,0.0000,False,,NODATA,25
dibba,2011-03-21,27,0,1.7257,0.3307,3,27,1.0000,True,0.0000,QUIET,25
dibba,2011-03-22,0,0,,,3,27,0.0000,False,,NODATA,25
dibba,2011-03-23,2,0,-1.0068,-0.3603,3,27,0.0741,False,,NODATA,25
dibba,2011-03-24,0,0,,,3,27,0.0000,False,,NODATA,25
dibba,2011-03-25,0,0,,,3,27,0.0000,False,,NODATA,25
dibba,2011-03-26,0,0,,,3,27,0.0000,False,,NODATA,25
dibba,2011-03-27,0,0,,,3,27,0.0000,False,,NODATA,25
dibba,2011-03-28,0,0,,,3,27,0.0000,False,,NODATA,25
dibba,2011-03-29,0,0,,,3,27,0.0000,False,,NODATA,25
dibba,2011-03-30,0,0,,,3,27,0.0000,False,,NODATA,25
dibba,2011-03-31,0,0,,,3,27,0.0000,False,,NODATA,25
dibba,2011-04-01,2,0,1.1913,0.6429,4,27,0.0741,False,,NODATA,25
dibba,2011-04-02,0,0,,,4,27,0.0000,False,,NODATA,25
dibba,2011-04-03,0,0,,,4,27,0.0000,False,,NODATA,25
dibba,2011-04-04,0,0,,,4,27,0.0000,False,,NODATA,25
dibba,2011-04-05,0,0,,,4,27,0.0000,False,,NODATA,25
dibba,2011-04-06,0,0,,,4,27,0.0000,False,,NODATA,25
dibba,2011-04-07,0,0,,,4,27,0.0000,False,,NODATA,25
dibba,2011-04-08,0,0,,,4,27,0.0000,False,,NODATA,25
dibba,2011-04-09,0,0,,,4,27,0.0000,False,,NODATA,25
dibba,2011-04-10,0,0,,,4,27,0.0000,False,,NODATA,25
dibba,2011-04-11,0,0,,,4,27,0.0000,False,,NODATA,25
dibba,2011-04-12,0,0,,,4,27,0.0000,False,,NODATA,25
dibba,2011-04-13,0,0,,,4,27,0.0000,False,,NODATA,25
dibba,2011-04-14,0,0,,,4,27,0.0000,False,,NODATA,25
dibba,2011-04-15,0,0,,,4,27,0.0000,False,,NODATA,25
dibba,2011-04-16,0,0,,,4,27,0.0000,False,,NODATA,25
dibba,2011-04-17,0,0,,,4,27,0.0000,False,,NODATA,25
dibba,2011-04-18,0,0,,,4,27,0.0000,False,,NODATA,25
dibba,2011-04-19,0,0,,,4,27,0.0000,False,,NODATA,25
dibba,2011-04-20,25,16,5.3042,0.5735,4,27,0.9259,True,0.6400,EXCEED,25
dibba,2011-04-21,0,0,,,4,27,0.0000,False,,NODATA,25
dibba,2011-04-22,16,1,2.3160,0.2098,4,27,0.5926,True,0.0625,QUIET,25
dibba,2011-04-23,0,0,,,4,27,0.0000,False,,NODATA,25
dibba,2011-04-24,0,0,,,4,27,0.0000,False,,NODATA,25
dibba,2011-04-25,0,0,,,4,27,0.0000,False,,NODATA,25
dibba,2011-04-26,0,0,,,4,27,0.0000,False,,NODATA,25
dibba,2011-04-27,0,0,,,4,27,0.0000,False,,NODATA,25
dibba,2011-04-28,0,0,,,4,27,0.0000,False,,NODATA,25
dibba,2011-04-29,0,0,,,4,27,0.0000,False,,NODATA,25
dibba,2011-04-30,0,0,,,4,27,0.0000,False,,NODATA,25
dibba,2011-05-01,0,0,,,5,17,0.0000,False,,NODATA,25
dibba,2011-05-02,0,0,,,5,17,0.0000,False,,NODATA,25
dibba,2011-05-03,0,0,,,5,17,0.0000,False,,NODATA,25
dibba,2011-05-04,0,0,,,5,17,0.0000,False,,NODATA,25
dibba,2011-05-05,0,0,,,5,17,0.0000,False,,NODATA,25
dibba,2011-05-06,0,0,,,5,17,0.0000,False,,NODATA,25
dibba,2011-05-07,0,0,,,5,17,0.0000,False,,NODATA,25
dibba,2011-05-08,0,0,,,5,17,0.0000,False,,NODATA,25
dibba,2011-05-09,0,0,,,5,17,0.0000,False,,NODATA,25
dibba,2011-05-10,0,0,,,5,17,0.0000,False,,NODATA,25
dibba,2011-05-11,0,0,,,5,17,0.0000,False,,NODATA,25
dibba,2011-05-12,0,0,,,5,17,0.0000,False,,NODATA,25
dibba,2011-05-13,0,0,,,5,17,0.0000,False,,NODATA,25
dibba,2011-05-14,0,0,,,5,17,0.0000,False,,NODATA,25
dibba,2011-05-15,0,0,,,5,17,0.0000,False,,NODATA,25
dibba,2011-05-16,0,0,,,5,17,0.0000,False,,NODATA,25
dibba,2011-05-17,0,0,,,5,17,0.0000,False,,NODATA,25
dibba,2011-05-18,0,0,,,5,17,0.0000,False,,NODATA,25
dibba,2011-05-19,0,0,,,5,17,0.0000,False,,NODATA,25
dibba,2011-05-20,0,0,,,5,17,0.0000,False,,NODATA,25
dibba,2011-05-21,0,0,,,5,17,0.0000,False,,NODATA,25
dibba,2011-05-22,3,0,0.3423,-0.4853,5,17,0.1765,True,0.0000,QUIET,25
dibba,2011-05-23,0,0,,,5,17,0.0000,False,,NODATA,25
dibba,2011-05-24,0,0,,,5,17,0.0000,False,,NODATA,25
dibba,2011-05-25,0,0,,,5,17,0.0000,False,,NODATA,25
dibba,2011-05-26,0,0,,,5,17,0.0000,False,,NODATA,25
dibba,2011-05-27,0,0,,,5,17,0.0000,False,,NODATA,25
dibba,2011-05-28,0,0,,,5,17,0.0000,False,,NODATA,25
dibba,2011-05-29,0,0,,,5,17,0.0000,False,,NODATA,25
dibba,2011-05-30,0,0,,,5,17,0.0000,False,,NODATA,25
dibba,2011-05-31,0,0,,,5,17,0.0000,False,,NODATA,25
dibba,2011-06-01,0,0,,,6,14,0.0000,False,,NODATA,25
dibba,2011-06-02,0,0,,,6,14,0.0000,False,,NODATA,25
dibba,2011-06-03,0,0,,,6,14,0.0000,False,,NODATA,25
dibba,2011-06-04,0,0,,,6,14,0.0000,False,,NODATA,25
dibba,2011-06-05,0,0,,,6,14,0.0000,False,,NODATA,25
dibba,2011-06-06,0,0,,,6,14,0.0000,False,,NODATA,25
dibba,2011-06-07,0,0,,,6,14,0.0000,False,,NODATA,25
dibba,2011-06-08,0,0,,,6,14,0.0000,False,,NODATA,25
dibba,2011-06-09,0,0,,,6,14,0.0000,False,,NODATA,25
dibba,2011-06-10,0,0,,,6,14,0.0000,False,,NODATA,25
dibba,2011-06-11,0,0,,,6,14,0.0000,False,,NODATA,25
dibba,2011-06-12,0,0,,,6,14,0.0000,False,,NODATA,25
dibba,2011-06-13,0,0,,,6,14,0.0000,False,,NODATA,25
dibba,2011-06-14,0,0,,,6,14,0.0000,False,,NODATA,25
dibba,2011-06-15,0,0,,,6,14,0.0000,False,,NODATA,25
dibba,2011-06-16,0,0,,,6,14,0.0000,False,,NODATA,25
dibba,2011-06-17,0,0,,,6,14,0.0000,False,,NODATA,25
dibba,2011-06-18,0,0,,,6,14,0.0000,False,,NODATA,25
dibba,2011-06-19,0,0,,,6,14,0.0000,False,,NODATA,25
dibba,2011-06-20,0,0,,,6,14,0.0000,False,,NODATA,25
dibba,2011-06-21,0,0,,,6,14,0.0000,False,,NODATA,25
dibba,2011-06-22,0,0,,,6,14,0.0000,False,,NODATA,25
dibba,2011-06-23,0,0,,,6,14,0.0000,False,,NODATA,25
dibba,2011-06-24,0,0,,,6,14,0.0000,False,,NODATA,25
dibba,2011-06-25,0,0,,,6,14,0.0000,False,,NODATA,25
dibba,2011-06-26,0,0,,,6,14,0.0000,False,,NODATA,25
dibba,2011-06-27,0,0,,,6,14,0.0000,False,,NODATA,25
dibba,2011-06-28,0,0,,,6,14,0.0000,False,,NODATA,25
dibba,2011-06-29,0,0,,,6,14,0.0000,False,,NODATA,25
dibba,2011-06-30,0,0,,,6,14,0.0000,False,,NODATA,25
dibba,2011-07-01,0,0,,,7,0,0.0000,False,,NODATA,25
dibba,2011-07-02,0,0,,,7,0,0.0000,False,,NODATA,25
dibba,2011-07-03,0,0,,,7,0,0.0000,False,,NODATA,25
dibba,2011-07-04,0,0,,,7,0,0.0000,False,,NODATA,25
dibba,2011-07-05,0,0,,,7,0,0.0000,False,,NODATA,25
dibba,2011-07-06,0,0,,,7,0,0.0000,False,,NODATA,25
dibba,2011-07-07,0,0,,,7,0,0.0000,False,,NODATA,25
dibba,2011-07-08,0,0,,,7,0,0.0000,False,,NODATA,25
dibba,2011-07-09,0,0,,,7,0,0.0000,False,,NODATA,25
dibba,2011-07-10,0,0,,,7,0,0.0000,False,,NODATA,25
dibba,2011-07-11,0,0,,,7,0,0.0000,False,,NODATA,25
dibba,2011-07-12,0,0,,,7,0,0.0000,False,,NODATA,25
dibba,2011-07-13,0,0,,,7,0,0.0000,False,,NODATA,25
dibba,2011-07-14,0,0,,,7,0,0.0000,False,,NODATA,25
dibba,2011-07-15,0,0,,,7,0,0.0000,False,,NODATA,25
dibba,2011-07-16,0,0,,,7,0,0.0000,False,,NODATA,25
dibba,2011-07-17,0,0,,,7,0,0.0000,False,,NODATA,25
dibba,2011-07-18,0,0,,,7,0,0.0000,False,,NODATA,25
dibba,2011-07-19,0,0,,,7,0,0.0000,False,,NODATA,25
dibba,2011-07-20,0,0,,,7,0,0.0000,False,,NODATA,25
dibba,2011-07-21,0,0,,,7,0,0.0000,False,,NODATA,25
dibba,2011-07-22,0,0,,,7,0,0.0000,False,,NODATA,25
dibba,2011-07-23,0,0,,,7,0,0.0000,False,,NODATA,25
dibba,2011-07-24,0,0,,,7,0,0.0000,False,,NODATA,25
dibba,2011-07-25,0,0,,,7,0,0.0000,False,,NODATA,25
dibba,2011-07-26,0,0,,,7,0,0.0000,False,,NODATA,25
dibba,2011-07-27,0,0,,,7,0,0.0000,False,,NODATA,25
dibba,2011-07-28,0,0,,,7,0,0.0000,False,,NODATA,25
dibba,2011-07-29,0,0,,,7,0,0.0000,False,,NODATA,25
dibba,2011-07-30,0,0,,,7,0,0.0000,False,,NODATA,25
dibba,2011-07-31,0,0,,,7,0,0.0000,False,,NODATA,25
dibba,2011-08-01,0,0,,,8,0,0.0000,False,,NODATA,25
dibba,2011-08-02,0,0,,,8,0,0.0000,False,,NODATA,25
dibba,2011-08-03,0,0,,,8,0,0.0000,False,,NODATA,25
dibba,2011-08-04,0,0,,,8,0,0.0000,False,,NODATA,25
dibba,2011-08-05,0,0,,,8,0,0.0000,False,,NODATA,25
dibba,2011-08-06,0,0,,,8,0,0.0000,False,,NODATA,25
dibba,2011-08-07,0,0,,,8,0,0.0000,False,,NODATA,25
dibba,2011-08-08,0,0,,,8,0,0.0000,False,,NODATA,25
dibba,2011-08-09,0,0,,,8,0,0.0000,False,,NODATA,25
dibba,2011-08-10,0,0,,,8,0,0.0000,False,,NODATA,25
dibba,2011-08-11,0,0,,,8,0,0.0000,False,,NODATA,25
dibba,2011-08-12,0,0,,,8,0,0.0000,False,,NODATA,25
dibba,2011-08-13,0,0,,,8,0,0.0000,False,,NODATA,25
dibba,2011-08-14,0,0,,,8,0,0.0000,False,,NODATA,25
dibba,2011-08-15,0,0,,,8,0,0.0000,False,,NODATA,25
dibba,2011-08-16,0,0,,,8,0,0.0000,False,,NODATA,25
dibba,2011-08-17,0,0,,,8,0,0.0000,False,,NODATA,25
dibba,2011-08-18,0,0,,,8,0,0.0000,False,,NODATA,25
dibba,2011-08-19,0,0,,,8,0,0.0000,False,,NODATA,25
dibba,2011-08-20,0,0,,,8,0,0.0000,False,,NODATA,25
dibba,2011-08-21,0,0,,,8,0,0.0000,False,,NODATA,25
dibba,2011-08-22,0,0,,,8,0,0.0000,False,,NODATA,25
dibba,2011-08-23,0,0,,,8,0,0.0000,False,,NODATA,25
dibba,2011-08-24,0,0,,,8,0,0.0000,False,,NODATA,25
dibba,2011-08-25,0,0,,,8,0,0.0000,False,,NODATA,25
dibba,2011-08-26,0,0,,,8,0,0.0000,False,,NODATA,25
dibba,2011-08-27,0,0,,,8,0,0.0000,False,,NODATA,25
dibba,2011-08-28,0,0,,,8,0,0.0000,False,,NODATA,25
dibba,2011-08-29,0,0,,,8,0,0.0000,False,,NODATA,25
dibba,2011-08-30,0,0,,,8,0,0.0000,False,,NODATA,25
dibba,2011-08-31,0,0,,,8,0,0.0000,False,,NODATA,25
dibba,2011-09-01,0,0,,,9,21,0.0000,False,,NODATA,25
dibba,2011-09-02,16,0,1.1954,-0.0401,9,21,0.7619,True,0.0000,QUIET,25
dibba,2011-09-03,0,0,,,9,21,0.0000,False,,NODATA,25
dibba,2011-09-04,20,0,0.4126,-0.3675,9,21,0.9524,True,0.0000,QUIET,25
dibba,2011-09-05,0,0,,,9,21,0.0000,False,,NODATA,25
dibba,2011-09-06,0,0,,,9,21,0.0000,False,,NODATA,25
dibba,2011-09-07,0,0,,,9,21,0.0000,False,,NODATA,25
dibba,2011-09-08,0,0,,,9,21,0.0000,False,,NODATA,25
dibba,2011-09-09,0,0,,,9,21,0.0000,False,,NODATA,25
dibba,2011-09-10,0,0,,,9,21,0.0000,False,,NODATA,25
dibba,2011-09-11,0,0,,,9,21,0.0000,False,,NODATA,25
dibba,2011-09-12,0,0,,,9,21,0.0000,False,,NODATA,25
dibba,2011-09-13,0,0,,,9,21,0.0000,False,,NODATA,25
dibba,2011-09-14,0,0,,,9,21,0.0000,False,,NODATA,25
dibba,2011-09-15,0,0,,,9,21,0.0000,False,,NODATA,25
dibba,2011-09-16,0,0,,,9,21,0.0000,False,,NODATA,25
dibba,2011-09-17,0,0,,,9,21,0.0000,False,,NODATA,25
dibba,2011-09-18,0,0,,,9,21,0.0000,False,,NODATA,25
dibba,2011-09-19,0,0,,,9,21,0.0000,False,,NODATA,25
dibba,2011-09-20,0,0,,,9,21,0.0000,False,,NODATA,25
dibba,2011-09-21,0,0,,,9,21,0.0000,False,,NODATA,25
dibba,2011-09-22,0,0,,,9,21,0.0000,False,,NODATA,25
dibba,2011-09-23,0,0,,,9,21,0.0000,False,,NODATA,25
dibba,2011-09-24,0,0,,,9,21,0.0000,False,,NODATA,25
dibba,2011-09-25,0,0,,,9,21,0.0000,False,,NODATA,25
dibba,2011-09-26,0,0,,,9,21,0.0000,False,,NODATA,25
dibba,2011-09-27,0,0,,,9,21,0.0000,False,,NODATA,25
dibba,2011-09-28,0,0,,,9,21,0.0000,False,,NODATA,25
dibba,2011-09-29,0,0,,,9,21,0.0000,False,,NODATA,25
dibba,2011-09-30,0,0,,,9,21,0.0000,False,,NODATA,25
dibba,2011-10-01,0,0,,,10,28,0.0000,False,,NODATA,25
dibba,2011-10-02,0,0,,,10,28,0.0000,False,,NODATA,25
dibba,2011-10-03,0,0,,,10,28,0.0000,False,,NODATA,25
dibba,2011-10-04,0,0,,,10,28,0.0000,False,,NODATA,25
dibba,2011-10-05,0,0,,,10,28,0.0000,False,,NODATA,25
dibba,2011-10-06,0,0,,,10,28,0.0000,False,,NODATA,25
dibba,2011-10-07,0,0,,,10,28,0.0000,False,,NODATA,25
dibba,2011-10-08,0,0,,,10,28,0.0000,False,,NODATA,25
dibba,2011-10-09,0,0,,,10,28,0.0000,False,,NODATA,25
dibba,2011-10-10,0,0,,,10,28,0.0000,False,,NODATA,25
dibba,2011-10-11,0,0,,,10,28,0.0000,False,,NODATA,25
dibba,2011-10-12,0,0,,,10,28,0.0000,False,,NODATA,25
dibba,2011-10-13,0,0,,,10,28,0.0000,False,,NODATA,25
dibba,2011-10-14,0,0,,,10,28,0.0000,False,,NODATA,25
dibba,2011-10-15,28,0,1.7465,-0.0858,10,28,1.0000,True,0.0000,QUIET,25
dibba,2011-10-16,0,0,,,10,28,0.0000,False,,NODATA,25
dibba,2011-10-17,23,2,2.9429,-0.4601,10,28,0.8214,True,0.0870,QUIET,25
dibba,2011-10-18,0,0,,,10,28,0.0000,False,,NODATA,25
dibba,2011-10-19,0,0,,,10,28,0.0000,False,,NODATA,25
dibba,2011-10-20,5,1,2.9484,-0.4061,10,28,0.1786,True,0.2000,QUIET,25
dibba,2011-10-21,0,0,,,10,28,0.0000,False,,NODATA,25
dibba,2011-10-22,0,0,,,10,28,0.0000,False,,NODATA,25
dibba,2011-10-23,0,0,,,10,28,0.0000,False,,NODATA,25
dibba,2011-10-24,0,0,,,10,28,0.0000,False,,NODATA,25
dibba,2011-10-25,0,0,,,10,28,0.0000,False,,NODATA,25
dibba,2011-10-26,0,0,,,10,28,0.0000,False,,NODATA,25
dibba,2011-10-27,16,0,0.0773,-0.3713,10,28,0.5714,True,0.0000,QUIET,25
dibba,2011-10-28,17,0,-0.1048,-0.5016,10,28,0.6071,True,0.0000,QUIET,25
dibba,2011-10-29,27,0,0.4381,-0.3354,10,28,0.9643,True,0.0000,QUIET,25
dibba,2011-10-30,0,0,,,10,28,0.0000,False,,NODATA,25
dibba,2011-10-31,27,0,0.2101,-0.3157,10,28,0.9643,True,0.0000,QUIET,25
dibba,2011-11-01,0,0,,,11,28,0.0000,False,,NODATA,25
dibba,2011-11-02,0,0,,,11,28,0.0000,False,,NODATA,25
dibba,2011-11-03,1,0,-0.9713,-0.4212,11,28,0.0357,False,,NODATA,25
dibba,2011-11-04,0,0,,,11,28,0.0000,False,,NODATA,25
dibba,2011-11-05,14,0,1.1587,-0.2635,11,28,0.5000,True,0.0000,QUIET,25
dibba,2011-11-06,0,0,,,11,28,0.0000,False,,NODATA,25
dibba,2011-11-07,0,0,,,11,28,0.0000,False,,NODATA,25
dibba,2011-11-08,0,0,,,11,28,0.0000,False,,NODATA,25
dibba,2011-11-09,27,0,0.0514,-0.2044,11,28,0.9643,True,0.0000,QUIET,25
dibba,2011-11-10,0,0,,,11,28,0.0000,False,,NODATA,25
dibba,2011-11-11,27,0,-0.3645,-0.2822,11,28,0.9643,True,0.0000,QUIET,25
dibba,2011-11-12,13,0,1.8070,0.5377,11,28,0.4643,True,0.0000,QUIET,25
dibba,2011-11-13,21,0,-0.1865,-0.2162,11,28,0.7500,True,0.0000,QUIET,25
dibba,2011-11-14,25,0,0.3440,-0.0255,11,28,0.8929,True,0.0000,QUIET,25
dibba,2011-11-15,5,0,-0.4200,-0.3346,11,28,0.1786,True,0.0000,QUIET,25
dibba,2011-11-16,28,0,0.3144,-0.1513,11,28,1.0000,True,0.0000,QUIET,25
dibba,2011-11-17,0,0,,,11,28,0.0000,False,,NODATA,25
dibba,2011-11-18,26,0,0.6420,0.1341,11,28,0.9286,True,0.0000,QUIET,25
dibba,2011-11-19,11,0,0.0960,0.0755,11,28,0.3929,True,0.0000,QUIET,25
dibba,2011-11-20,0,0,,,11,28,0.0000,False,,NODATA,25
dibba,2011-11-21,9,0,-0.4084,-0.0086,11,28,0.3214,True,0.0000,QUIET,25
dibba,2011-11-22,0,0,,,11,28,0.0000,False,,NODATA,25
dibba,2011-11-23,0,0,,,11,28,0.0000,False,,NODATA,25
dibba,2011-11-24,0,0,,,11,28,0.0000,False,,NODATA,25
dibba,2011-11-25,0,0,,,11,28,0.0000,False,,NODATA,25
dibba,2011-11-26,0,0,,,11,28,0.0000,False,,NODATA,25
dibba,2011-11-27,0,0,,,11,28,0.0000,False,,NODATA,25
dibba,2011-11-28,0,0,,,11,28,0.0000,False,,NODATA,25
dibba,2011-11-29,0,0,,,11,28,0.0000,False,,NODATA,25
dibba,2011-11-30,0,0,,,11,28,0.0000,False,,NODATA,25
dibba,2011-12-01,0,0,,,12,27,0.0000,False,,NODATA,25
dibba,2011-12-02,27,0,1.1911,0.0505,12,27,1.0000,True,0.0000,QUIET,25
dibba,2011-12-03,0,0,,,12,27,0.0000,False,,NODATA,25
dibba,2011-12-04,27,0,1.3327,0.2286,12,27,1.0000,True,0.0000,QUIET,25
dibba,2011-12-05,0,0,,,12,27,0.0000,False,,NODATA,25
dibba,2011-12-06,0,0,,,12,27,0.0000,False,,NODATA,25
dibba,2011-12-07,0,0,,,12,27,0.0000,False,,NODATA,25
dibba,2011-12-08,14,0,0.0249,0.0484,12,27,0.5185,True,0.0000,QUIET,25
dibba,2011-12-09,27,0,1.1158,0.1424,12,27,1.0000,True,0.0000,QUIET,25
dibba,2011-12-10,0,0,,,12,27,0.0000,False,,NODATA,25
dibba,2011-12-11,27,0,0.8046,0.0697,12,27,1.0000,True,0.0000,QUIET,25
dibba,2011-12-12,0,0,,,12,27,0.0000,False,,NODATA,25
dibba,2011-12-13,6,0,-0.5306,0.0731,12,27,0.2222,True,0.0000,QUIET,25
dibba,2011-12-14,17,3,3.1163,0.4127,12,27,0.6296,True,0.1765,QUIET,25
dibba,2011-12-15,13,0,0.3962,0.0401,12,27,0.4815,True,0.0000,QUIET,25
dibba,2011-12-16,26,0,0.6035,0.0967,12,27,0.9630,True,0.0000,QUIET,25
dibba,2011-12-17,0,0,,,12,27,0.0000,False,,NODATA,25
dibba,2011-12-18,7,0,1.2652,0.7863,12,27,0.2593,True,0.0000,QUIET,25
dibba,2011-12-19,0,0,,,12,27,0.0000,False,,NODATA,25
dibba,2011-12-20,12,0,0.4310,0.1955,12,27,0.4444,True,0.0000,QUIET,25
dibba,2011-12-21,0,0,,,12,27,0.0000,False,,NODATA,25
dibba,2011-12-22,26,1,2.0844,0.0810,12,27,0.9630,True,0.0385,QUIET,25
dibba,2011-12-23,0,0,,,12,27,0.0000,False,,NODATA,25
dibba,2011-12-24,17,0,0.3796,0.1663,12,27,0.6296,True,0.0000,QUIET,25
dibba,2011-12-25,27,0,0.6118,0.1400,12,27,1.0000,True,0.0000,QUIET,25
dibba,2011-12-26,0,0,,,12,27,0.0000,False,,NODATA,25
dibba,2011-12-27,27,9,3.7925,0.7813,12,27,1.0000,True,0.3333,QUIET,25
dibba,2011-12-28,0,0,,,12,27,0.0000,False,,NODATA,25
dibba,2011-12-29,6,0,-0.6204,-0.1388,12,27,0.2222,True,0.0000,QUIET,25
dibba,2011-12-30,0,0,,,12,27,0.0000,False,,NODATA,25
dibba,2011-12-31,0,0,,,12,27,0.0000,False,,NODATA,25
dibba,2012-01-01,0,0,,,1,27,0.0000,False,,NODATA,25
dibba,2012-01-02,0,0,,,1,27,0.0000,False,,NODATA,25
dibba,2012-01-03,0,0,,,1,27,0.0000,False,,NODATA,25
dibba,2012-01-04,0,0,,,1,27,0.0000,False,,NODATA,25
dibba,2012-01-05,0,0,,,1,27,0.0000,False,,NODATA,25
dibba,2012-01-06,0,0,,,1,27,0.0000,False,,NODATA,25
dibba,2012-01-07,0,0,,,1,27,0.0000,False,,NODATA,25
dibba,2012-01-08,0,0,,,1,27,0.0000,False,,NODATA,25
dibba,2012-01-09,0,0,,,1,27,0.0000,False,,NODATA,25
dibba,2012-01-10,0,0,,,1,27,0.0000,False,,NODATA,25
dibba,2012-01-11,0,0,,,1,27,0.0000,False,,NODATA,25
dibba,2012-01-12,1,1,5.1550,1.2254,1,27,0.0370,False,,NODATA,25
dibba,2012-01-13,0,0,,,1,27,0.0000,False,,NODATA,25
dibba,2012-01-14,0,0,,,1,27,0.0000,False,,NODATA,25
dibba,2012-01-15,7,6,4.2182,1.3207,1,27,0.2593,True,0.8571,EXCEED,25
dibba,2012-01-16,18,0,1.8967,0.3858,1,27,0.6667,True,0.0000,QUIET,25
dibba,2012-01-17,24,14,3.7880,1.1350,1,27,0.8889,True,0.5833,ALERT,25
dibba,2012-01-18,9,7,2.9243,1.0401,1,27,0.3333,True,0.7778,ALERT,25
dibba,2012-01-19,27,9,3.1066,0.9500,1,27,1.0000,True,0.3333,QUIET,25
dibba,2012-01-20,0,0,,,1,27,0.0000,False,,NODATA,25
dibba,2012-01-21,8,0,1.8836,0.5505,1,27,0.2963,True,0.0000,QUIET,25
dibba,2012-01-22,0,0,,,1,27,0.0000,False,,NODATA,25
dibba,2012-01-23,0,0,,,1,27,0.0000,False,,NODATA,25
dibba,2012-01-24,18,1,2.2143,0.2926,1,27,0.6667,True,0.0556,QUIET,25
dibba,2012-01-25,0,0,,,1,27,0.0000,False,,NODATA,25
dibba,2012-01-26,27,3,3.3895,0.4280,1,27,1.0000,True,0.1111,QUIET,25
dibba,2012-01-27,0,0,,,1,27,0.0000,False,,NODATA,25
dibba,2012-01-28,27,2,3.2986,0.4726,1,27,1.0000,True,0.0741,QUIET,25
dibba,2012-01-29,0,0,,,1,27,0.0000,False,,NODATA,25
dibba,2012-01-30,27,0,0.5293,0.0570,1,27,1.0000,True,0.0000,QUIET,25
dibba,2012-01-31,0,0,,,1,27,0.0000,False,,NODATA,25
dibba,2012-02-01,0,0,,,2,27,0.0000,False,,NODATA,25
dibba,2012-02-02,0,0,,,2,27,0.0000,False,,NODATA,25
dibba,2012-02-03,0,0,,,2,27,0.0000,False,,NODATA,25
dibba,2012-02-04,13,3,2.9387,0.7361,2,27,0.4815,True,0.2308,QUIET,25
dibba,2012-02-05,0,0,,,2,27,0.0000,False,,NODATA,25
dibba,2012-02-06,20,5,2.3579,0.5072,2,27,0.7407,True,0.2500,QUIET,25
dibba,2012-02-07,0,0,,,2,27,0.0000,False,,NODATA,25
dibba,2012-02-08,1,1,2.0501,1.1739,2,27,0.0370,False,,NODATA,25
dibba,2012-02-09,0,0,,,2,27,0.0000,False,,NODATA,25
dibba,2012-02-10,0,0,,,2,27,0.0000,False,,NODATA,25
dibba,2012-02-11,0,0,,,2,27,0.0000,False,,NODATA,25
dibba,2012-02-12,0,0,,,2,27,0.0000,False,,NODATA,25
dibba,2012-02-13,0,0,,,2,27,0.0000,False,,NODATA,25
dibba,2012-02-14,0,0,,,2,27,0.0000,False,,NODATA,25
dibba,2012-02-15,0,0,,,2,27,0.0000,False,,NODATA,25
dibba,2012-02-16,0,0,,,2,27,0.0000,False,,NODATA,25
dibba,2012-02-17,0,0,,,2,27,0.0000,False,,NODATA,25
dibba,2012-02-18,0,0,,,2,27,0.0000,False,,NODATA,25
dibba,2012-02-19,0,0,,,2,27,0.0000,False,,NODATA,25
dibba,2012-02-20,9,0,1.4537,0.6615,2,27,0.3333,True,0.0000,QUIET,25
dibba,2012-02-21,0,0,,,2,27,0.0000,False,,NODATA,25
dibba,2012-02-22,0,0,,,2,27,0.0000,False,,NODATA,25
dibba,2012-02-23,0,0,,,2,27,0.0000,False,,NODATA,25
dibba,2012-02-24,0,0,,,2,27,0.0000,False,,NODATA,25
dibba,2012-02-25,0,0,,,2,27,0.0000,False,,NODATA,25
dibba,2012-02-26,0,0,,,2,27,0.0000,False,,NODATA,25
dibba,2012-02-27,0,0,,,2,27,0.0000,False,,NODATA,25
dibba,2012-02-28,0,0,,,2,27,0.0000,False,,NODATA,25
dibba,2012-02-29,27,0,-0.1743,-0.0228,2,27,1.0000,True,0.0000,QUIET,25
dibba,2012-03-01,0,0,,,3,27,0.0000,False,,NODATA,25
dibba,2012-03-02,0,0,,,3,27,0.0000,False,,NODATA,25
dibba,2012-03-03,0,0,,,3,27,0.0000,False,,NODATA,25
dibba,2012-03-04,5,0,-0.0888,0.0592,3,27,0.1852,True,0.0000,QUIET,25
dibba,2012-03-05,27,0,0.0577,-0.0139,3,27,1.0000,True,0.0000,QUIET,25
dibba,2012-03-06,0,0,,,3,27,0.0000,False,,NODATA,25
dibba,2012-03-07,26,1,2.2249,0.4875,3,27,0.9630,True,0.0385,QUIET,25
dibba,2012-03-08,0,0,,,3,27,0.0000,False,,NODATA,25
dibba,2012-03-09,25,0,1.7244,0.2193,3,27,0.9259,True,0.0000,QUIET,25
dibba,2012-03-10,0,0,,,3,27,0.0000,False,,NODATA,25
dibba,2012-03-11,0,0,,,3,27,0.0000,False,,NODATA,25
dibba,2012-03-12,0,0,,,3,27,0.0000,False,,NODATA,25
dibba,2012-03-13,0,0,,,3,27,0.0000,False,,NODATA,25
dibba,2012-03-14,0,0,,,3,27,0.0000,False,,NODATA,25
dibba,2012-03-15,0,0,,,3,27,0.0000,False,,NODATA,25
dibba,2012-03-16,0,0,,,3,27,0.0000,False,,NODATA,25
dibba,2012-03-17,0,0,,,3,27,0.0000,False,,NODATA,25
dibba,2012-03-18,0,0,,,3,27,0.0000,False,,NODATA,25
dibba,2012-03-19,0,0,,,3,27,0.0000,False,,NODATA,25
dibba,2012-03-20,0,0,,,3,27,0.0000,False,,NODATA,25
dibba,2012-03-21,0,0,,,3,27,0.0000,False,,NODATA,25
dibba,2012-03-22,0,0,,,3,27,0.0000,False,,NODATA,25
dibba,2012-03-23,0,0,,,3,27,0.0000,False,,NODATA,25
dibba,2012-03-24,0,0,,,3,27,0.0000,False,,NODATA,25
dibba,2012-03-25,0,0,,,3,27,0.0000,False,,NODATA,25
dibba,2012-03-26,0,0,,,3,27,0.0000,False,,NODATA,25
dibba,2012-03-27,0,0,,,3,27,0.0000,False,,NODATA,25
dibba,2012-03-28,0,0,,,3,27,0.0000,False,,NODATA,25
dibba,2012-03-29,0,0,,,3,27,0.0000,False,,NODATA,25
dibba,2012-03-30,0,0,,,3,27,0.0000,False,,NODATA,25
dibba,2012-03-31,0,0,,,3,27,0.0000,False,,NODATA,25
dibba,2012-04-01,0,0,,,4,27,0.0000,False,,NODATA,25
dibba,2012-04-02,0,0,,,4,27,0.0000,False,,NODATA,25
dibba,2012-04-03,0,0,,,4,27,0.0000,False,,NODATA,25
dibba,2012-04-04,0,0,,,4,27,0.0000,False,,NODATA,25
dibba,2012-04-05,0,0,,,4,27,0.0000,False,,NODATA,25
dibba,2012-04-06,0,0,,,4,27,0.0000,False,,NODATA,25
dibba,2012-04-07,0,0,,,4,27,0.0000,False,,NODATA,25
dibba,2012-04-08,0,0,,,4,27,0.0000,False,,NODATA,25
dibba,2012-04-09,0,0,,,4,27,0.0000,False,,NODATA,25
dibba,2012-04-10,0,0,,,4,27,0.0000,False,,NODATA,25
dibba,2012-04-11,0,0,,,4,27,0.0000,False,,NODATA,25
dibba,2012-04-12,0,0,,,4,27,0.0000,False,,NODATA,25
dibba,2012-04-13,0,0,,,4,27,0.0000,False,,NODATA,25
dibba,2012-04-14,0,0,,,4,27,0.0000,False,,NODATA,25
dibba,2012-04-15,0,0,,,4,27,0.0000,False,,NODATA,25
dibba,2012-04-16,0,0,,,4,27,0.0000,False,,NODATA,25
dibba,2012-04-17,0,0,,,4,27,0.0000,False,,NODATA,25
dibba,2012-04-18,0,0,,,4,27,0.0000,False,,NODATA,25
dibba,2012-04-19,0,0,,,4,27,0.0000,False,,NODATA,25
dibba,2012-04-20,0,0,,,4,27,0.0000,False,,NODATA,25
dibba,2012-04-21,0,0,,,4,27,0.0000,False,,NODATA,25
dibba,2012-04-22,0,0,,,4,27,0.0000,False,,NODATA,25
dibba,2012-04-23,0,0,,,4,27,0.0000,False,,NODATA,25
dibba,2012-04-24,0,0,,,4,27,0.0000,False,,NODATA,25
dibba,2012-04-25,0,0,,,4,27,0.0000,False,,NODATA,25
dibba,2012-04-26,0,0,,,4,27,0.0000,False,,NODATA,25
dibba,2012-04-27,0,0,,,4,27,0.0000,False,,NODATA,25
dibba,2012-04-28,0,0,,,4,27,0.0000,False,,NODATA,25
dibba,2012-04-29,0,0,,,4,27,0.0000,False,,NODATA,25
dibba,2012-04-30,0,0,,,4,27,0.0000,False,,NODATA,25
dibba,2012-05-01,0,0,,,5,17,0.0000,False,,NODATA,25
dibba,2012-05-02,0,0,,,5,17,0.0000,False,,NODATA,25
dibba,2012-05-03,0,0,,,5,17,0.0000,False,,NODATA,25
dibba,2012-05-04,0,0,,,5,17,0.0000,False,,NODATA,25
dibba,2012-05-05,0,0,,,5,17,0.0000,False,,NODATA,25
dibba,2012-05-06,0,0,,,5,17,0.0000,False,,NODATA,25
dibba,2012-05-07,0,0,,,5,17,0.0000,False,,NODATA,25
dibba,2012-05-08,0,0,,,5,17,0.0000,False,,NODATA,25
dibba,2012-05-09,0,0,,,5,17,0.0000,False,,NODATA,25
dibba,2012-05-10,0,0,,,5,17,0.0000,False,,NODATA,25
dibba,2012-05-11,0,0,,,5,17,0.0000,False,,NODATA,25
dibba,2012-05-12,0,0,,,5,17,0.0000,False,,NODATA,25
dibba,2012-05-13,0,0,,,5,17,0.0000,False,,NODATA,25
dibba,2012-05-14,0,0,,,5,17,0.0000,False,,NODATA,25
dibba,2012-05-15,0,0,,,5,17,0.0000,False,,NODATA,25
dibba,2012-05-16,0,0,,,5,17,0.0000,False,,NODATA,25
dibba,2012-05-17,0,0,,,5,17,0.0000,False,,NODATA,25
dibba,2012-05-18,0,0,,,5,17,0.0000,False,,NODATA,25
dibba,2012-05-19,0,0,,,5,17,0.0000,False,,NODATA,25
dibba,2012-05-20,0,0,,,5,17,0.0000,False,,NODATA,25
dibba,2012-05-21,0,0,,,5,17,0.0000,False,,NODATA,25
dibba,2012-05-22,0,0,,,5,17,0.0000,False,,NODATA,25
dibba,2012-05-23,0,0,,,5,17,0.0000,False,,NODATA,25
dibba,2012-05-24,0,0,,,5,17,0.0000,False,,NODATA,25
dibba,2012-05-25,0,0,,,5,17,0.0000,False,,NODATA,25
dibba,2012-05-26,0,0,,,5,17,0.0000,False,,NODATA,25
dibba,2012-05-27,0,0,,,5,17,0.0000,False,,NODATA,25
dibba,2012-05-28,0,0,,,5,17,0.0000,False,,NODATA,25
dibba,2012-05-29,0,0,,,5,17,0.0000,False,,NODATA,25
dibba,2012-05-30,0,0,,,5,17,0.0000,False,,NODATA,25
dibba,2012-05-31,0,0,,,5,17,0.0000,False,,NODATA,25
dibba,2012-06-01,0,0,,,6,14,0.0000,False,,NODATA,25
dibba,2012-06-02,0,0,,,6,14,0.0000,False,,NODATA,25
dibba,2012-06-03,0,0,,,6,14,0.0000,False,,NODATA,25
dibba,2012-06-04,0,0,,,6,14,0.0000,False,,NODATA,25
dibba,2012-06-05,0,0,,,6,14,0.0000,False,,NODATA,25
dibba,2012-06-06,0,0,,,6,14,0.0000,False,,NODATA,25
dibba,2012-06-07,0,0,,,6,14,0.0000,False,,NODATA,25
dibba,2012-06-08,0,0,,,6,14,0.0000,False,,NODATA,25
dibba,2012-06-09,0,0,,,6,14,0.0000,False,,NODATA,25
dibba,2012-06-10,0,0,,,6,14,0.0000,False,,NODATA,25
dibba,2012-06-11,0,0,,,6,14,0.0000,False,,NODATA,25
dibba,2012-06-12,0,0,,,6,14,0.0000,False,,NODATA,25
dibba,2012-06-13,0,0,,,6,14,0.0000,False,,NODATA,25
dibba,2012-06-14,0,0,,,6,14,0.0000,False,,NODATA,25
dibba,2012-06-15,0,0,,,6,14,0.0000,False,,NODATA,25
dibba,2012-06-16,0,0,,,6,14,0.0000,False,,NODATA,25
dibba,2012-06-17,0,0,,,6,14,0.0000,False,,NODATA,25
dibba,2012-06-18,14,0,-0.6545,-0.6533,6,14,1.0000,True,0.0000,QUIET,25
dibba,2012-06-19,0,0,,,6,14,0.0000,False,,NODATA,25
dibba,2012-06-20,0,0,,,6,14,0.0000,False,,NODATA,25
dibba,2012-06-21,0,0,,,6,14,0.0000,False,,NODATA,25
dibba,2012-06-22,0,0,,,6,14,0.0000,False,,NODATA,25
dibba,2012-06-23,0,0,,,6,14,0.0000,False,,NODATA,25
dibba,2012-06-24,0,0,,,6,14,0.0000,False,,NODATA,25
dibba,2012-06-25,0,0,,,6,14,0.0000,False,,NODATA,25
dibba,2012-06-26,0,0,,,6,14,0.0000,False,,NODATA,25
dibba,2012-06-27,0,0,,,6,14,0.0000,False,,NODATA,25
dibba,2012-06-28,0,0,,,6,14,0.0000,False,,NODATA,25
dibba,2012-06-29,0,0,,,6,14,0.0000,False,,NODATA,25
dibba,2012-06-30,0,0,,,6,14,0.0000,False,,NODATA,25
dibba,2012-07-01,0,0,,,7,0,0.0000,False,,NODATA,25
dibba,2012-07-02,0,0,,,7,0,0.0000,False,,NODATA,25
dibba,2012-07-03,0,0,,,7,0,0.0000,False,,NODATA,25
dibba,2012-07-04,0,0,,,7,0,0.0000,False,,NODATA,25
dibba,2012-07-05,0,0,,,7,0,0.0000,False,,NODATA,25
dibba,2012-07-06,0,0,,,7,0,0.0000,False,,NODATA,25
dibba,2012-07-07,0,0,,,7,0,0.0000,False,,NODATA,25
dibba,2012-07-08,0,0,,,7,0,0.0000,False,,NODATA,25
dibba,2012-07-09,0,0,,,7,0,0.0000,False,,NODATA,25
dibba,2012-07-10,0,0,,,7,0,0.0000,False,,NODATA,25
dibba,2012-07-11,0,0,,,7,0,0.0000,False,,NODATA,25
dibba,2012-07-12,0,0,,,7,0,0.0000,False,,NODATA,25
dibba,2012-07-13,0,0,,,7,0,0.0000,False,,NODATA,25
dibba,2012-07-14,0,0,,,7,0,0.0000,False,,NODATA,25
dibba,2012-07-15,0,0,,,7,0,0.0000,False,,NODATA,25
dibba,2012-07-16,0,0,,,7,0,0.0000,False,,NODATA,25
dibba,2012-07-17,0,0,,,7,0,0.0000,False,,NODATA,25
dibba,2012-07-18,0,0,,,7,0,0.0000,False,,NODATA,25
dibba,2012-07-19,0,0,,,7,0,0.0000,False,,NODATA,25
dibba,2012-07-20,0,0,,,7,0,0.0000,False,,NODATA,25
dibba,2012-07-21,0,0,,,7,0,0.0000,False,,NODATA,25
dibba,2012-07-22,0,0,,,7,0,0.0000,False,,NODATA,25
dibba,2012-07-23,0,0,,,7,0,0.0000,False,,NODATA,25
dibba,2012-07-24,0,0,,,7,0,0.0000,False,,NODATA,25
dibba,2012-07-25,0,0,,,7,0,0.0000,False,,NODATA,25
dibba,2012-07-26,0,0,,,7,0,0.0000,False,,NODATA,25
dibba,2012-07-27,0,0,,,7,0,0.0000,False,,NODATA,25
dibba,2012-07-28,0,0,,,7,0,0.0000,False,,NODATA,25
dibba,2012-07-29,0,0,,,7,0,0.0000,False,,NODATA,25
dibba,2012-07-30,0,0,,,7,0,0.0000,False,,NODATA,25
dibba,2012-07-31,0,0,,,7,0,0.0000,False,,NODATA,25
dibba,2012-08-01,0,0,,,8,0,0.0000,False,,NODATA,25
dibba,2012-08-02,0,0,,,8,0,0.0000,False,,NODATA,25
dibba,2012-08-03,0,0,,,8,0,0.0000,False,,NODATA,25
dibba,2012-08-04,0,0,,,8,0,0.0000,False,,NODATA,25
dibba,2012-08-05,0,0,,,8,0,0.0000,False,,NODATA,25
dibba,2012-08-06,0,0,,,8,0,0.0000,False,,NODATA,25
dibba,2012-08-07,0,0,,,8,0,0.0000,False,,NODATA,25
dibba,2012-08-08,0,0,,,8,0,0.0000,False,,NODATA,25
dibba,2012-08-09,0,0,,,8,0,0.0000,False,,NODATA,25
dibba,2012-08-10,0,0,,,8,0,0.0000,False,,NODATA,25
dibba,2012-08-11,0,0,,,8,0,0.0000,False,,NODATA,25
dibba,2012-08-12,0,0,,,8,0,0.0000,False,,NODATA,25
dibba,2012-08-13,0,0,,,8,0,0.0000,False,,NODATA,25
dibba,2012-08-14,0,0,,,8,0,0.0000,False,,NODATA,25
dibba,2012-08-15,0,0,,,8,0,0.0000,False,,NODATA,25
dibba,2012-08-16,0,0,,,8,0,0.0000,False,,NODATA,25
dibba,2012-08-17,0,0,,,8,0,0.0000,False,,NODATA,25
dibba,2012-08-18,0,0,,,8,0,0.0000,False,,NODATA,25
dibba,2012-08-19,0,0,,,8,0,0.0000,False,,NODATA,25
dibba,2012-08-20,0,0,,,8,0,0.0000,False,,NODATA,25
dibba,2012-08-21,0,0,,,8,0,0.0000,False,,NODATA,25
dibba,2012-08-22,0,0,,,8,0,0.0000,False,,NODATA,25
dibba,2012-08-23,0,0,,,8,0,0.0000,False,,NODATA,25
dibba,2012-08-24,0,0,,,8,0,0.0000,False,,NODATA,25
dibba,2012-08-25,0,0,,,8,0,0.0000,False,,NODATA,25
dibba,2012-08-26,0,0,,,8,0,0.0000,False,,NODATA,25
dibba,2012-08-27,0,0,,,8,0,0.0000,False,,NODATA,25
dibba,2012-08-28,0,0,,,8,0,0.0000,False,,NODATA,25
dibba,2012-08-29,0,0,,,8,0,0.0000,False,,NODATA,25
dibba,2012-08-30,0,0,,,8,0,0.0000,False,,NODATA,25
dibba,2012-08-31,0,0,,,8,0,0.0000,False,,NODATA,25
dibba,2012-09-01,0,0,,,9,21,0.0000,False,,NODATA,25
dibba,2012-09-02,0,0,,,9,21,0.0000,False,,NODATA,25
dibba,2012-09-03,0,0,,,9,21,0.0000,False,,NODATA,25
dibba,2012-09-04,0,0,,,9,21,0.0000,False,,NODATA,25
dibba,2012-09-05,0,0,,,9,21,0.0000,False,,NODATA,25
dibba,2012-09-06,0,0,,,9,21,0.0000,False,,NODATA,25
dibba,2012-09-07,0,0,,,9,21,0.0000,False,,NODATA,25
dibba,2012-09-08,0,0,,,9,21,0.0000,False,,NODATA,25
dibba,2012-09-09,0,0,,,9,21,0.0000,False,,NODATA,25
dibba,2012-09-10,0,0,,,9,21,0.0000,False,,NODATA,25
dibba,2012-09-11,0,0,,,9,21,0.0000,False,,NODATA,25
dibba,2012-09-12,0,0,,,9,21,0.0000,False,,NODATA,25
dibba,2012-09-13,0,0,,,9,21,0.0000,False,,NODATA,25
dibba,2012-09-14,0,0,,,9,21,0.0000,False,,NODATA,25
dibba,2012-09-15,0,0,,,9,21,0.0000,False,,NODATA,25
dibba,2012-09-16,0,0,,,9,21,0.0000,False,,NODATA,25
dibba,2012-09-17,0,0,,,9,21,0.0000,False,,NODATA,25
dibba,2012-09-18,0,0,,,9,21,0.0000,False,,NODATA,25
dibba,2012-09-19,0,0,,,9,21,0.0000,False,,NODATA,25
dibba,2012-09-20,0,0,,,9,21,0.0000,False,,NODATA,25
dibba,2012-09-21,0,0,,,9,21,0.0000,False,,NODATA,25
dibba,2012-09-22,0,0,,,9,21,0.0000,False,,NODATA,25
dibba,2012-09-23,0,0,,,9,21,0.0000,False,,NODATA,25
dibba,2012-09-24,0,0,,,9,21,0.0000,False,,NODATA,25
dibba,2012-09-25,0,0,,,9,21,0.0000,False,,NODATA,25
dibba,2012-09-26,0,0,,,9,21,0.0000,False,,NODATA,25
dibba,2012-09-27,0,0,,,9,21,0.0000,False,,NODATA,25
dibba,2012-09-28,0,0,,,9,21,0.0000,False,,NODATA,25
dibba,2012-09-29,18,0,0.2581,-0.1901,9,21,0.8571,True,0.0000,QUIET,25
dibba,2012-09-30,0,0,,,9,21,0.0000,False,,NODATA,25
dibba,2012-10-01,25,0,1.1617,-0.3461,10,28,0.8929,True,0.0000,QUIET,25
dibba,2012-10-02,0,0,,,10,28,0.0000,False,,NODATA,25
dibba,2012-10-03,0,0,,,10,28,0.0000,False,,NODATA,25
dibba,2012-10-04,6,0,-0.1135,-0.4005,10,28,0.2143,True,0.0000,QUIET,25
dibba,2012-10-05,25,0,0.1292,-0.5025,10,28,0.8929,True,0.0000,QUIET,25
dibba,2012-10-06,24,0,0.9625,-0.2604,10,28,0.8571,True,0.0000,QUIET,25
dibba,2012-10-07,14,0,0.2550,-0.5674,10,28,0.5000,True,0.0000,QUIET,25
dibba,2012-10-08,27,0,1.1704,-0.1649,10,28,0.9643,True,0.0000,QUIET,25
dibba,2012-10-09,0,0,,,10,28,0.0000,False,,NODATA,25
dibba,2012-10-10,28,1,2.2840,-0.2316,10,28,1.0000,True,0.0357,QUIET,25
dibba,2012-10-11,0,0,,,10,28,0.0000,False,,NODATA,25
dibba,2012-10-12,26,0,1.0261,-0.1544,10,28,0.9286,True,0.0000,QUIET,25
dibba,2012-10-13,5,0,1.1620,0.1662,10,28,0.1786,True,0.0000,QUIET,25
dibba,2012-10-14,0,0,,,10,28,0.0000,False,,NODATA,25
dibba,2012-10-15,0,0,,,10,28,0.0000,False,,NODATA,25
dibba,2012-10-16,0,0,,,10,28,0.0000,False,,NODATA,25
dibba,2012-10-17,11,4,2.8940,-0.0615,10,28,0.3929,True,0.3636,QUIET,25
dibba,2012-10-18,0,0,,,10,28,0.0000,False,,NODATA,25
dibba,2012-10-19,26,0,1.2649,-0.0936,10,28,0.9286,True,0.0000,QUIET,25
dibba,2012-10-20,0,0,,,10,28,0.0000,False,,NODATA,25
dibba,2012-10-21,0,0,,,10,28,0.0000,False,,NODATA,25
dibba,2012-10-22,0,0,,,10,28,0.0000,False,,NODATA,25
dibba,2012-10-23,0,0,,,10,28,0.0000,False,,NODATA,25
dibba,2012-10-24,25,4,2.8783,-0.0461,10,28,0.8929,True,0.1600,QUIET,25
dibba,2012-10-25,0,0,,,10,28,0.0000,False,,NODATA,25
dibba,2012-10-26,27,0,0.9524,-0.1184,10,28,0.9643,True,0.0000,QUIET,25
dibba,2012-10-27,0,0,,,10,28,0.0000,False,,NODATA,25
dibba,2012-10-28,0,0,,,10,28,0.0000,False,,NODATA,25
dibba,2012-10-29,0,0,,,10,28,0.0000,False,,NODATA,25
dibba,2012-10-30,0,0,,,10,28,0.0000,False,,NODATA,25
dibba,2012-10-31,20,0,0.0684,-0.4983,10,28,0.7143,True,0.0000,QUIET,25
dibba,2012-11-01,0,0,,,11,28,0.0000,False,,NODATA,25
dibba,2012-11-02,28,0,-0.3804,-0.2024,11,28,1.0000,True,0.0000,QUIET,25
dibba,2012-11-03,0,0,,,11,28,0.0000,False,,NODATA,25
dibba,2012-11-04,27,0,-0.4512,-0.2045,11,28,0.9643,True,0.0000,QUIET,25
dibba,2012-11-05,13,0,-0.4421,-0.2416,11,28,0.4643,True,0.0000,QUIET,25
dibba,2012-11-06,24,0,-0.6490,-0.3462,11,28,0.8571,True,0.0000,QUIET,25
dibba,2012-11-07,0,0,,,11,28,0.0000,False,,NODATA,25
dibba,2012-11-08,0,0,,,11,28,0.0000,False,,NODATA,25
dibba,2012-11-09,18,0,-0.2039,-0.1554,11,28,0.6429,True,0.0000,QUIET,25
dibba,2012-11-10,0,0,,,11,28,0.0000,False,,NODATA,25
dibba,2012-11-11,22,0,-0.2098,-0.1166,11,28,0.7857,True,0.0000,QUIET,25
dibba,2012-11-12,0,0,,,11,28,0.0000,False,,NODATA,25
dibba,2012-11-13,0,0,,,11,28,0.0000,False,,NODATA,25
dibba,2012-11-14,0,0,,,11,28,0.0000,False,,NODATA,25
dibba,2012-11-15,0,0,,,11,28,0.0000,False,,NODATA,25
dibba,2012-11-16,26,0,0.3261,0.0360,11,28,0.9286,True,0.0000,QUIET,25
dibba,2012-11-17,0,0,,,11,28,0.0000,False,,NODATA,25
dibba,2012-11-18,28,0,0.5277,0.2089,11,28,1.0000,True,0.0000,QUIET,25
dibba,2012-11-19,0,0,,,11,28,0.0000,False,,NODATA,25
dibba,2012-11-20,0,0,,,11,28,0.0000,False,,NODATA,25
dibba,2012-11-21,0,0,,,11,28,0.0000,False,,NODATA,25
dibba,2012-11-22,0,0,,,11,28,0.0000,False,,NODATA,25
dibba,2012-11-23,0,0,,,11,28,0.0000,False,,NODATA,25
dibba,2012-11-24,0,0,,,11,28,0.0000,False,,NODATA,25
dibba,2012-11-25,26,0,0.7536,0.1019,11,28,0.9286,True,0.0000,QUIET,25
dibba,2012-11-26,0,0,,,11,28,0.0000,False,,NODATA,25
dibba,2012-11-27,0,0,,,11,28,0.0000,False,,NODATA,25
dibba,2012-11-28,0,0,,,11,28,0.0000,False,,NODATA,25
dibba,2012-11-29,3,0,-0.4107,-0.1962,11,28,0.1071,True,0.0000,QUIET,25
dibba,2012-11-30,0,0,,,11,28,0.0000,False,,NODATA,25
dibba,2012-12-01,3,0,-0.8780,-0.1788,12,27,0.1111,True,0.0000,QUIET,25
dibba,2012-12-02,27,0,0.1823,0.0902,12,27,1.0000,True,0.0000,QUIET,25
dibba,2012-12-03,0,0,,,12,27,0.0000,False,,NODATA,25
dibba,2012-12-04,0,0,,,12,27,0.0000,False,,NODATA,25
dibba,2012-12-05,0,0,,,12,27,0.0000,False,,NODATA,25
dibba,2012-12-06,0,0,,,12,27,0.0000,False,,NODATA,25
dibba,2012-12-07,0,0,,,12,27,0.0000,False,,NODATA,25
dibba,2012-12-08,25,0,0.4205,-0.0628,12,27,0.9259,True,0.0000,QUIET,25
dibba,2012-12-09,20,9,4.8303,0.9934,12,27,0.7407,True,0.4500,EXCEED,25
dibba,2012-12-10,16,0,1.3400,0.1472,12,27,0.5926,True,0.0000,QUIET,25
dibba,2012-12-11,27,2,3.0264,0.5229,12,27,1.0000,True,0.0741,QUIET,25
dibba,2012-12-12,0,0,,,12,27,0.0000,False,,NODATA,25
dibba,2012-12-13,17,0,0.0398,0.0165,12,27,0.6296,True,0.0000,QUIET,25
dibba,2012-12-14,0,0,,,12,27,0.0000,False,,NODATA,25
dibba,2012-12-15,0,0,,,12,27,0.0000,False,,NODATA,25
dibba,2012-12-16,0,0,,,12,27,0.0000,False,,NODATA,25
dibba,2012-12-17,0,0,,,12,27,0.0000,False,,NODATA,25
dibba,2012-12-18,12,3,3.6025,0.6332,12,27,0.4444,True,0.2500,QUIET,25
dibba,2012-12-19,0,0,,,12,27,0.0000,False,,NODATA,25
dibba,2012-12-20,11,3,2.9530,0.6419,12,27,0.4074,True,0.2727,QUIET,25
dibba,2012-12-21,0,0,,,12,27,0.0000,False,,NODATA,25
dibba,2012-12-22,27,5,3.2890,0.5656,12,27,1.0000,True,0.1852,QUIET,25
dibba,2012-12-23,0,0,,,12,27,0.0000,False,,NODATA,25
dibba,2012-12-24,24,0,0.9288,0.1697,12,27,0.8889,True,0.0000,QUIET,25
dibba,2012-12-25,0,0,,,12,27,0.0000,False,,NODATA,25
dibba,2012-12-26,0,0,,,12,27,0.0000,False,,NODATA,25
dibba,2012-12-27,27,0,-0.2603,-0.2445,12,27,1.0000,True,0.0000,QUIET,25
dibba,2012-12-28,0,0,,,12,27,0.0000,False,,NODATA,25
dibba,2012-12-29,27,1,2.1353,0.2782,12,27,1.0000,True,0.0370,QUIET,25
dibba,2012-12-30,0,0,,,12,27,0.0000,False,,NODATA,25
dibba,2012-12-31,26,0,1.4320,0.0977,12,27,0.9630,True,0.0000,QUIET,25
dibba,2013-01-01,19,0,1.7305,0.3908,1,27,0.7037,True,0.0000,QUIET,25
dibba,2013-01-02,5,2,3.2628,0.3713,1,27,0.1852,True,0.4000,QUIET,25
dibba,2013-01-03,25,15,3.8218,1.1326,1,27,0.9259,True,0.6000,EXCEED,25
dibba,2013-01-04,0,0,,,1,27,0.0000,False,,NODATA,25
dibba,2013-01-05,24,12,3.3891,0.9417,1,27,0.8889,True,0.5000,ALERT,25
dibba,2013-01-06,0,0,,,1,27,0.0000,False,,NODATA,25
dibba,2013-01-07,0,0,,,1,27,0.0000,False,,NODATA,25
dibba,2013-01-08,0,0,,,1,27,0.0000,False,,NODATA,25
dibba,2013-01-09,0,0,,,1,27,0.0000,False,,NODATA,25
dibba,2013-01-10,0,0,,,1,27,0.0000,False,,NODATA,25
dibba,2013-01-11,0,0,,,1,27,0.0000,False,,NODATA,25
dibba,2013-01-12,6,4,3.4343,1.4468,1,27,0.2222,True,0.6667,ALERT,25
dibba,2013-01-13,0,0,,,1,27,0.0000,False,,NODATA,25
dibba,2013-01-14,0,0,,,1,27,0.0000,False,,NODATA,25
dibba,2013-01-15,0,0,,,1,27,0.0000,False,,NODATA,25
dibba,2013-01-16,19,0,0.6245,0.0394,1,27,0.7037,True,0.0000,QUIET,25
dibba,2013-01-17,17,0,1.7139,0.4957,1,27,0.6296,True,0.0000,QUIET,25
dibba,2013-01-18,18,0,0.8091,0.2044,1,27,0.6667,True,0.0000,QUIET,25
dibba,2013-01-19,26,0,1.8071,0.3032,1,27,0.9630,True,0.0000,QUIET,25
dibba,2013-01-20,6,0,0.7227,0.1005,1,27,0.2222,True,0.0000,QUIET,25
dibba,2013-01-21,3,3,4.2464,1.3087,1,27,0.1111,True,1.0000,EXCEED,25
dibba,2013-01-22,0,0,,,1,27,0.0000,False,,NODATA,25
dibba,2013-01-23,27,0,1.8263,0.4535,1,27,1.0000,True,0.0000,QUIET,25
dibba,2013-01-24,4,4,4.0559,1.3218,1,27,0.1481,True,1.0000,ALERT,25
dibba,2013-01-25,0,0,,,1,27,0.0000,False,,NODATA,25
dibba,2013-01-26,0,0,,,1,27,0.0000,False,,NODATA,25
dibba,2013-01-27,0,0,,,1,27,0.0000,False,,NODATA,25
dibba,2013-01-28,0,0,,,1,27,0.0000,False,,NODATA,25
dibba,2013-01-29,0,0,,,1,27,0.0000,False,,NODATA,25
dibba,2013-01-30,0,0,,,1,27,0.0000,False,,NODATA,25
dibba,2013-01-31,0,0,,,1,27,0.0000,False,,NODATA,25
dibba,2013-02-01,0,0,,,2,27,0.0000,False,,NODATA,25
dibba,2013-02-02,0,0,,,2,27,0.0000,False,,NODATA,25
dibba,2013-02-03,0,0,,,2,27,0.0000,False,,NODATA,25
dibba,2013-02-04,25,4,2.5718,0.7782,2,27,0.9259,True,0.1600,QUIET,25
dibba,2013-02-05,8,0,1.3230,0.4170,2,27,0.2963,True,0.0000,QUIET,25
dibba,2013-02-06,27,0,0.9327,0.3762,2,27,1.0000,True,0.0000,QUIET,25
dibba,2013-02-07,0,0,,,2,27,0.0000,False,,NODATA,25
dibba,2013-02-08,0,0,,,2,27,0.0000,False,,NODATA,25
dibba,2013-02-09,14,0,1.7989,0.6226,2,27,0.5185,True,0.0000,QUIET,25
dibba,2013-02-10,16,0,0.3477,0.1013,2,27,0.5926,True,0.0000,QUIET,25
dibba,2013-02-11,0,0,,,2,27,0.0000,False,,NODATA,25
dibba,2013-02-12,0,0,,,2,27,0.0000,False,,NODATA,25
dibba,2013-02-13,0,0,,,2,27,0.0000,False,,NODATA,25
dibba,2013-02-14,0,0,,,2,27,0.0000,False,,NODATA,25
dibba,2013-02-15,6,0,0.9888,0.4943,2,27,0.2222,True,0.0000,QUIET,25
dibba,2013-02-16,0,0,,,2,27,0.0000,False,,NODATA,25
dibba,2013-02-17,0,0,,,2,27,0.0000,False,,NODATA,25
dibba,2013-02-18,0,0,,,2,27,0.0000,False,,NODATA,25
dibba,2013-02-19,0,0,,,2,27,0.0000,False,,NODATA,25
dibba,2013-02-20,0,0,,,2,27,0.0000,False,,NODATA,25
dibba,2013-02-21,0,0,,,2,27,0.0000,False,,NODATA,25
dibba,2013-02-22,22,1,2.2562,0.6920,2,27,0.8148,True,0.0455,QUIET,25
dibba,2013-02-23,0,0,,,2,27,0.0000,False,,NODATA,25
dibba,2013-02-24,0,0,,,2,27,0.0000,False,,NODATA,25
dibba,2013-02-25,0,0,,,2,27,0.0000,False,,NODATA,25
dibba,2013-02-26,0,0,,,2,27,0.0000,False,,NODATA,25
dibba,2013-02-27,0,0,,,2,27,0.0000,False,,NODATA,25
dibba,2013-02-28,0,0,,,2,27,0.0000,False,,NODATA,25
dibba,2013-03-01,19,7,2.4432,1.2795,3,27,0.7037,True,0.3684,QUIET,25
dibba,2013-03-02,0,0,,,3,27,0.0000,False,,NODATA,25
dibba,2013-03-03,23,0,1.9011,0.9340,3,27,0.8519,True,0.0000,QUIET,25
dibba,2013-03-04,0,0,,,3,27,0.0000,False,,NODATA,25
dibba,2013-03-05,13,0,0.3924,-0.0847,3,27,0.4815,True,0.0000,QUIET,25
dibba,2013-03-06,0,0,,,3,27,0.0000,False,,NODATA,25
dibba,2013-03-07,0,0,,,3,27,0.0000,False,,NODATA,25
dibba,2013-03-08,2,0,0.3587,0.2857,3,27,0.0741,False,,NODATA,25
dibba,2013-03-09,0,0,,,3,27,0.0000,False,,NODATA,25
dibba,2013-03-10,0,0,,,3,27,0.0000,False,,NODATA,25
dibba,2013-03-11,0,0,,,3,27,0.0000,False,,NODATA,25
dibba,2013-03-12,0,0,,,3,27,0.0000,False,,NODATA,25
dibba,2013-03-13,0,0,,,3,27,0.0000,False,,NODATA,25
dibba,2013-03-14,24,0,1.0653,0.6406,3,27,0.8889,True,0.0000,QUIET,25
dibba,2013-03-15,22,0,1.3490,0.7262,3,27,0.8148,True,0.0000,QUIET,25
dibba,2013-03-16,0,0,,,3,27,0.0000,False,,NODATA,25
dibba,2013-03-17,2,0,0.5914,0.5820,3,27,0.0741,False,,NODATA,25
dibba,2013-03-18,0,0,,,3,27,0.0000,False,,NODATA,25
dibba,2013-03-19,0,0,,,3,27,0.0000,False,,NODATA,25
dibba,2013-03-20,0,0,,,3,27,0.0000,False,,NODATA,25
dibba,2013-03-21,0,0,,,3,27,0.0000,False,,NODATA,25
dibba,2013-03-22,1,0,0.3104,0.6267,3,27,0.0370,False,,NODATA,25
dibba,2013-03-23,17,0,-0.1273,-0.0059,3,27,0.6296,True,0.0000,QUIET,25
dibba,2013-03-24,0,0,,,3,27,0.0000,False,,NODATA,25
dibba,2013-03-25,0,0,,,3,27,0.0000,False,,NODATA,25
dibba,2013-03-26,0,0,,,3,27,0.0000,False,,NODATA,25
dibba,2013-03-27,0,0,,,3,27,0.0000,False,,NODATA,25
dibba,2013-03-28,0,0,,,3,27,0.0000,False,,NODATA,25
dibba,2013-03-29,7,0,-0.1812,0.1238,3,27,0.2593,True,0.0000,QUIET,25
dibba,2013-03-30,0,0,,,3,27,0.0000,False,,NODATA,25
dibba,2013-03-31,0,0,,,3,27,0.0000,False,,NODATA,25
dibba,2013-04-01,0,0,,,4,27,0.0000,False,,NODATA,25
dibba,2013-04-02,27,0,0.2202,-0.1654,4,27,1.0000,True,0.0000,QUIET,25
dibba,2013-04-03,0,0,,,4,27,0.0000,False,,NODATA,25
dibba,2013-04-04,0,0,,,4,27,0.0000,False,,NODATA,25
dibba,2013-04-05,0,0,,,4,27,0.0000,False,,NODATA,25
dibba,2013-04-06,0,0,,,4,27,0.0000,False,,NODATA,25
dibba,2013-04-07,0,0,,,4,27,0.0000,False,,NODATA,25
dibba,2013-04-08,0,0,,,4,27,0.0000,False,,NODATA,25
dibba,2013-04-09,0,0,,,4,27,0.0000,False,,NODATA,25
dibba,2013-04-10,0,0,,,4,27,0.0000,False,,NODATA,25
dibba,2013-04-11,11,0,-0.1942,-0.1131,4,27,0.4074,True,0.0000,QUIET,25
dibba,2013-04-12,0,0,,,4,27,0.0000,False,,NODATA,25
dibba,2013-04-13,0,0,,,4,27,0.0000,False,,NODATA,25
dibba,2013-04-14,0,0,,,4,27,0.0000,False,,NODATA,25
dibba,2013-04-15,0,0,,,4,27,0.0000,False,,NODATA,25
dibba,2013-04-16,0,0,,,4,27,0.0000,False,,NODATA,25
dibba,2013-04-17,0,0,,,4,27,0.0000,False,,NODATA,25
dibba,2013-04-18,0,0,,,4,27,0.0000,False,,NODATA,25
dibba,2013-04-19,0,0,,,4,27,0.0000,False,,NODATA,25
dibba,2013-04-20,0,0,,,4,27,0.0000,False,,NODATA,25
dibba,2013-04-21,0,0,,,4,27,0.0000,False,,NODATA,25
dibba,2013-04-22,0,0,,,4,27,0.0000,False,,NODATA,25
dibba,2013-04-23,0,0,,,4,27,0.0000,False,,NODATA,25
dibba,2013-04-24,0,0,,,4,27,0.0000,False,,NODATA,25
dibba,2013-04-25,0,0,,,4,27,0.0000,False,,NODATA,25
dibba,2013-04-26,0,0,,,4,27,0.0000,False,,NODATA,25
dibba,2013-04-27,0,0,,,4,27,0.0000,False,,NODATA,25
dibba,2013-04-28,0,0,,,4,27,0.0000,False,,NODATA,25
dibba,2013-04-29,0,0,,,4,27,0.0000,False,,NODATA,25
dibba,2013-04-30,0,0,,,4,27,0.0000,False,,NODATA,25
dibba,2013-05-01,0,0,,,5,17,0.0000,False,,NODATA,25
dibba,2013-05-02,0,0,,,5,17,0.0000,False,,NODATA,25
dibba,2013-05-03,0,0,,,5,17,0.0000,False,,NODATA,25
dibba,2013-05-04,0,0,,,5,17,0.0000,False,,NODATA,25
dibba,2013-05-05,0,0,,,5,17,0.0000,False,,NODATA,25
dibba,2013-05-06,0,0,,,5,17,0.0000,False,,NODATA,25
dibba,2013-05-07,0,0,,,5,17,0.0000,False,,NODATA,25
dibba,2013-05-08,0,0,,,5,17,0.0000,False,,NODATA,25
dibba,2013-05-09,0,0,,,5,17,0.0000,False,,NODATA,25
dibba,2013-05-10,0,0,,,5,17,0.0000,False,,NODATA,25
dibba,2013-05-11,1,0,1.2238,-0.3758,5,17,0.0588,False,,NODATA,25
dibba,2013-05-12,0,0,,,5,17,0.0000,False,,NODATA,25
dibba,2013-05-13,5,4,5.4166,0.3021,5,17,0.2941,True,0.8000,EXCEED,25
dibba,2013-05-14,0,0,,,5,17,0.0000,False,,NODATA,25
dibba,2013-05-15,0,0,,,5,17,0.0000,False,,NODATA,25
dibba,2013-05-16,1,1,4.2339,-0.0018,5,17,0.0588,False,,NODATA,25
dibba,2013-05-17,0,0,,,5,17,0.0000,False,,NODATA,25
dibba,2013-05-18,17,3,3.5883,-0.1977,5,17,1.0000,True,0.1765,QUIET,25
dibba,2013-05-19,0,0,,,5,17,0.0000,False,,NODATA,25
dibba,2013-05-20,6,0,1.2803,-0.4367,5,17,0.3529,True,0.0000,QUIET,25
dibba,2013-05-21,0,0,,,5,17,0.0000,False,,NODATA,25
dibba,2013-05-22,0,0,,,5,17,0.0000,False,,NODATA,25
dibba,2013-05-23,0,0,,,5,17,0.0000,False,,NODATA,25
dibba,2013-05-24,0,0,,,5,17,0.0000,False,,NODATA,25
dibba,2013-05-25,15,7,2.9038,-0.0929,5,17,0.8824,True,0.4667,EXCEED,25
dibba,2013-05-26,0,0,,,5,17,0.0000,False,,NODATA,25
dibba,2013-05-27,13,0,0.8414,-0.3736,5,17,0.7647,True,0.0000,QUIET,25
dibba,2013-05-28,0,0,,,5,17,0.0000,False,,NODATA,25
dibba,2013-05-29,0,0,,,5,17,0.0000,False,,NODATA,25
dibba,2013-05-30,0,0,,,5,17,0.0000,False,,NODATA,25
dibba,2013-05-31,0,0,,,5,17,0.0000,False,,NODATA,25
dibba,2013-06-01,0,0,,,6,14,0.0000,False,,NODATA,25
dibba,2013-06-02,0,0,,,6,14,0.0000,False,,NODATA,25
dibba,2013-06-03,0,0,,,6,14,0.0000,False,,NODATA,25
dibba,2013-06-04,13,0,1.9577,-0.3879,6,14,0.9286,True,0.0000,QUIET,25
dibba,2013-06-05,0,0,,,6,14,0.0000,False,,NODATA,25
dibba,2013-06-06,0,0,,,6,14,0.0000,False,,NODATA,25
dibba,2013-06-07,0,0,,,6,14,0.0000,False,,NODATA,25
dibba,2013-06-08,0,0,,,6,14,0.0000,False,,NODATA,25
dibba,2013-06-09,0,0,,,6,14,0.0000,False,,NODATA,25
dibba,2013-06-10,0,0,,,6,14,0.0000,False,,NODATA,25
dibba,2013-06-11,0,0,,,6,14,0.0000,False,,NODATA,25
dibba,2013-06-12,0,0,,,6,14,0.0000,False,,NODATA,25
dibba,2013-06-13,0,0,,,6,14,0.0000,False,,NODATA,25
dibba,2013-06-14,0,0,,,6,14,0.0000,False,,NODATA,25
dibba,2013-06-15,0,0,,,6,14,0.0000,False,,NODATA,25
dibba,2013-06-16,0,0,,,6,14,0.0000,False,,NODATA,25
dibba,2013-06-17,0,0,,,6,14,0.0000,False,,NODATA,25
dibba,2013-06-18,0,0,,,6,14,0.0000,False,,NODATA,25
dibba,2013-06-19,0,0,,,6,14,0.0000,False,,NODATA,25
dibba,2013-06-20,0,0,,,6,14,0.0000,False,,NODATA,25
dibba,2013-06-21,0,0,,,6,14,0.0000,False,,NODATA,25
dibba,2013-06-22,0,0,,,6,14,0.0000,False,,NODATA,25
dibba,2013-06-23,0,0,,,6,14,0.0000,False,,NODATA,25
dibba,2013-06-24,0,0,,,6,14,0.0000,False,,NODATA,25
dibba,2013-06-25,0,0,,,6,14,0.0000,False,,NODATA,25
dibba,2013-06-26,0,0,,,6,14,0.0000,False,,NODATA,25
dibba,2013-06-27,0,0,,,6,14,0.0000,False,,NODATA,25
dibba,2013-06-28,0,0,,,6,14,0.0000,False,,NODATA,25
dibba,2013-06-29,0,0,,,6,14,0.0000,False,,NODATA,25
dibba,2013-06-30,0,0,,,6,14,0.0000,False,,NODATA,25
dibba,2013-07-01,0,0,,,7,0,0.0000,False,,NODATA,25
dibba,2013-07-02,0,0,,,7,0,0.0000,False,,NODATA,25
dibba,2013-07-03,0,0,,,7,0,0.0000,False,,NODATA,25
dibba,2013-07-04,0,0,,,7,0,0.0000,False,,NODATA,25
dibba,2013-07-05,0,0,,,7,0,0.0000,False,,NODATA,25
dibba,2013-07-06,0,0,,,7,0,0.0000,False,,NODATA,25
dibba,2013-07-07,0,0,,,7,0,0.0000,False,,NODATA,25
dibba,2013-07-08,0,0,,,7,0,0.0000,False,,NODATA,25
dibba,2013-07-09,0,0,,,7,0,0.0000,False,,NODATA,25
dibba,2013-07-10,0,0,,,7,0,0.0000,False,,NODATA,25
dibba,2013-07-11,0,0,,,7,0,0.0000,False,,NODATA,25
dibba,2013-07-12,0,0,,,7,0,0.0000,False,,NODATA,25
dibba,2013-07-13,0,0,,,7,0,0.0000,False,,NODATA,25
dibba,2013-07-14,0,0,,,7,0,0.0000,False,,NODATA,25
dibba,2013-07-15,0,0,,,7,0,0.0000,False,,NODATA,25
dibba,2013-07-16,0,0,,,7,0,0.0000,False,,NODATA,25
dibba,2013-07-17,0,0,,,7,0,0.0000,False,,NODATA,25
dibba,2013-07-18,0,0,,,7,0,0.0000,False,,NODATA,25
dibba,2013-07-19,0,0,,,7,0,0.0000,False,,NODATA,25
dibba,2013-07-20,0,0,,,7,0,0.0000,False,,NODATA,25
dibba,2013-07-21,0,0,,,7,0,0.0000,False,,NODATA,25
dibba,2013-07-22,0,0,,,7,0,0.0000,False,,NODATA,25
dibba,2013-07-23,0,0,,,7,0,0.0000,False,,NODATA,25
dibba,2013-07-24,0,0,,,7,0,0.0000,False,,NODATA,25
dibba,2013-07-25,0,0,,,7,0,0.0000,False,,NODATA,25
dibba,2013-07-26,0,0,,,7,0,0.0000,False,,NODATA,25
dibba,2013-07-27,0,0,,,7,0,0.0000,False,,NODATA,25
dibba,2013-07-28,0,0,,,7,0,0.0000,False,,NODATA,25
dibba,2013-07-29,0,0,,,7,0,0.0000,False,,NODATA,25
dibba,2013-07-30,0,0,,,7,0,0.0000,False,,NODATA,25
dibba,2013-07-31,0,0,,,7,0,0.0000,False,,NODATA,25
dibba,2013-08-01,0,0,,,8,0,0.0000,False,,NODATA,25
dibba,2013-08-02,0,0,,,8,0,0.0000,False,,NODATA,25
dibba,2013-08-03,0,0,,,8,0,0.0000,False,,NODATA,25
dibba,2013-08-04,0,0,,,8,0,0.0000,False,,NODATA,25
dibba,2013-08-05,0,0,,,8,0,0.0000,False,,NODATA,25
dibba,2013-08-06,0,0,,,8,0,0.0000,False,,NODATA,25
dibba,2013-08-07,0,0,,,8,0,0.0000,False,,NODATA,25
dibba,2013-08-08,0,0,,,8,0,0.0000,False,,NODATA,25
dibba,2013-08-09,0,0,,,8,0,0.0000,False,,NODATA,25
dibba,2013-08-10,0,0,,,8,0,0.0000,False,,NODATA,25
dibba,2013-08-11,0,0,,,8,0,0.0000,False,,NODATA,25
dibba,2013-08-12,0,0,,,8,0,0.0000,False,,NODATA,25
dibba,2013-08-13,0,0,,,8,0,0.0000,False,,NODATA,25
dibba,2013-08-14,0,0,,,8,0,0.0000,False,,NODATA,25
dibba,2013-08-15,0,0,,,8,0,0.0000,False,,NODATA,25
dibba,2013-08-16,0,0,,,8,0,0.0000,False,,NODATA,25
dibba,2013-08-17,0,0,,,8,0,0.0000,False,,NODATA,25
dibba,2013-08-18,0,0,,,8,0,0.0000,False,,NODATA,25
dibba,2013-08-19,0,0,,,8,0,0.0000,False,,NODATA,25
dibba,2013-08-20,0,0,,,8,0,0.0000,False,,NODATA,25
dibba,2013-08-21,0,0,,,8,0,0.0000,False,,NODATA,25
dibba,2013-08-22,0,0,,,8,0,0.0000,False,,NODATA,25
dibba,2013-08-23,0,0,,,8,0,0.0000,False,,NODATA,25
dibba,2013-08-24,0,0,,,8,0,0.0000,False,,NODATA,25
dibba,2013-08-25,0,0,,,8,0,0.0000,False,,NODATA,25
dibba,2013-08-26,0,0,,,8,0,0.0000,False,,NODATA,25
dibba,2013-08-27,0,0,,,8,0,0.0000,False,,NODATA,25
dibba,2013-08-28,0,0,,,8,0,0.0000,False,,NODATA,25
dibba,2013-08-29,0,0,,,8,0,0.0000,False,,NODATA,25
dibba,2013-08-30,0,0,,,8,0,0.0000,False,,NODATA,25
dibba,2013-08-31,0,0,,,8,0,0.0000,False,,NODATA,25
dibba,2013-09-01,0,0,,,9,21,0.0000,False,,NODATA,25
dibba,2013-09-02,0,0,,,9,21,0.0000,False,,NODATA,25
dibba,2013-09-03,0,0,,,9,21,0.0000,False,,NODATA,25
dibba,2013-09-04,0,0,,,9,21,0.0000,False,,NODATA,25
dibba,2013-09-05,0,0,,,9,21,0.0000,False,,NODATA,25
dibba,2013-09-06,0,0,,,9,21,0.0000,False,,NODATA,25
dibba,2013-09-07,0,0,,,9,21,0.0000,False,,NODATA,25
dibba,2013-09-08,0,0,,,9,21,0.0000,False,,NODATA,25
dibba,2013-09-09,0,0,,,9,21,0.0000,False,,NODATA,25
dibba,2013-09-10,0,0,,,9,21,0.0000,False,,NODATA,25
dibba,2013-09-11,0,0,,,9,21,0.0000,False,,NODATA,25
dibba,2013-09-12,0,0,,,9,21,0.0000,False,,NODATA,25
dibba,2013-09-13,0,0,,,9,21,0.0000,False,,NODATA,25
dibba,2013-09-14,0,0,,,9,21,0.0000,False,,NODATA,25
dibba,2013-09-15,0,0,,,9,21,0.0000,False,,NODATA,25
dibba,2013-09-16,0,0,,,9,21,0.0000,False,,NODATA,25
dibba,2013-09-17,0,0,,,9,21,0.0000,False,,NODATA,25
dibba,2013-09-18,0,0,,,9,21,0.0000,False,,NODATA,25
dibba,2013-09-19,0,0,,,9,21,0.0000,False,,NODATA,25
dibba,2013-09-20,0,0,,,9,21,0.0000,False,,NODATA,25
dibba,2013-09-21,0,0,,,9,21,0.0000,False,,NODATA,25
dibba,2013-09-22,0,0,,,9,21,0.0000,False,,NODATA,25
dibba,2013-09-23,0,0,,,9,21,0.0000,False,,NODATA,25
dibba,2013-09-24,0,0,,,9,21,0.0000,False,,NODATA,25
dibba,2013-09-25,21,0,0.5034,-0.1776,9,21,1.0000,True,0.0000,QUIET,25
dibba,2013-09-26,0,0,,,9,21,0.0000,False,,NODATA,25
dibba,2013-09-27,8,0,0.5266,-0.1272,9,21,0.3810,True,0.0000,QUIET,25
dibba,2013-09-28,0,0,,,9,21,0.0000,False,,NODATA,25
dibba,2013-09-29,0,0,,,9,21,0.0000,False,,NODATA,25
dibba,2013-09-30,0,0,,,9,21,0.0000,False,,NODATA,25
dibba,2013-10-01,0,0,,,10,28,0.0000,False,,NODATA,25
dibba,2013-10-02,0,0,,,10,28,0.0000,False,,NODATA,25
dibba,2013-10-03,0,0,,,10,28,0.0000,False,,NODATA,25
dibba,2013-10-04,0,0,,,10,28,0.0000,False,,NODATA,25
dibba,2013-10-05,0,0,,,10,28,0.0000,False,,NODATA,25
dibba,2013-10-06,27,0,0.0210,-0.4078,10,28,0.9643,True,0.0000,QUIET,25
dibba,2013-10-07,0,0,,,10,28,0.0000,False,,NODATA,25
dibba,2013-10-08,0,0,,,10,28,0.0000,False,,NODATA,25
dibba,2013-10-09,0,0,,,10,28,0.0000,False,,NODATA,25
dibba,2013-10-10,0,0,,,10,28,0.0000,False,,NODATA,25
dibba,2013-10-11,0,0,,,10,28,0.0000,False,,NODATA,25
dibba,2013-10-12,0,0,,,10,28,0.0000,False,,NODATA,25
dibba,2013-10-13,0,0,,,10,28,0.0000,False,,NODATA,25
dibba,2013-10-14,0,0,,,10,28,0.0000,False,,NODATA,25
dibba,2013-10-15,26,0,-0.5385,-0.4965,10,28,0.9286,True,0.0000,QUIET,25
dibba,2013-10-16,0,0,,,10,28,0.0000,False,,NODATA,25
dibba,2013-10-17,17,0,-0.6755,-0.4795,10,28,0.6071,True,0.0000,QUIET,25
dibba,2013-10-18,27,0,-0.7186,-0.4534,10,28,0.9643,True,0.0000,QUIET,25
dibba,2013-10-19,0,0,,,10,28,0.0000,False,,NODATA,25
dibba,2013-10-20,28,0,-0.2801,-0.3997,10,28,1.0000,True,0.0000,QUIET,25
dibba,2013-10-21,0,0,,,10,28,0.0000,False,,NODATA,25
dibba,2013-10-22,0,0,,,10,28,0.0000,False,,NODATA,25
dibba,2013-10-23,0,0,,,10,28,0.0000,False,,NODATA,25
dibba,2013-10-24,0,0,,,10,28,0.0000,False,,NODATA,25
dibba,2013-10-25,19,0,0.0153,-0.4140,10,28,0.6786,True,0.0000,QUIET,25
dibba,2013-10-26,0,0,,,10,28,0.0000,False,,NODATA,25
dibba,2013-10-27,27,0,0.2059,-0.3578,10,28,0.9643,True,0.0000,QUIET,25
dibba,2013-10-28,0,0,,,10,28,0.0000,False,,NODATA,25
dibba,2013-10-29,0,0,,,10,28,0.0000,False,,NODATA,25
dibba,2013-10-30,0,0,,,10,28,0.0000,False,,NODATA,25
dibba,2013-10-31,0,0,,,10,28,0.0000,False,,NODATA,25
dibba,2013-11-01,0,0,,,11,28,0.0000,False,,NODATA,25
dibba,2013-11-02,0,0,,,11,28,0.0000,False,,NODATA,25
dibba,2013-11-03,0,0,,,11,28,0.0000,False,,NODATA,25
dibba,2013-11-04,0,0,,,11,28,0.0000,False,,NODATA,25
dibba,2013-11-05,23,0,-0.1047,-0.0868,11,28,0.8214,True,0.0000,QUIET,25
dibba,2013-11-06,0,0,,,11,28,0.0000,False,,NODATA,25
dibba,2013-11-07,27,0,-0.1727,-0.1869,11,28,0.9643,True,0.0000,QUIET,25
dibba,2013-11-08,9,0,-0.6352,-0.2390,11,28,0.3214,True,0.0000,QUIET,25
dibba,2013-11-09,26,0,-0.9360,-0.3997,11,28,0.9286,True,0.0000,QUIET,25
dibba,2013-11-10,24,0,-0.5771,-0.2481,11,28,0.8571,True,0.0000,QUIET,25
dibba,2013-11-11,15,0,-0.8795,-0.3844,11,28,0.5357,True,0.0000,QUIET,25
dibba,2013-11-12,27,0,0.1195,-0.1675,11,28,0.9643,True,0.0000,QUIET,25
dibba,2013-11-13,0,0,,,11,28,0.0000,False,,NODATA,25
dibba,2013-11-14,0,0,,,11,28,0.0000,False,,NODATA,25
dibba,2013-11-15,0,0,,,11,28,0.0000,False,,NODATA,25
dibba,2013-11-16,0,0,,,11,28,0.0000,False,,NODATA,25
dibba,2013-11-17,0,0,,,11,28,0.0000,False,,NODATA,25
dibba,2013-11-18,0,0,,,11,28,0.0000,False,,NODATA,25
dibba,2013-11-19,3,0,-0.4228,-0.2317,11,28,0.1071,True,0.0000,QUIET,25
dibba,2013-11-20,0,0,,,11,28,0.0000,False,,NODATA,25
dibba,2013-11-21,0,0,,,11,28,0.0000,False,,NODATA,25
dibba,2013-11-22,0,0,,,11,28,0.0000,False,,NODATA,25
dibba,2013-11-23,0,0,,,11,28,0.0000,False,,NODATA,25
dibba,2013-11-24,0,0,,,11,28,0.0000,False,,NODATA,25
dibba,2013-11-25,26,0,-0.4931,-0.1971,11,28,0.9286,True,0.0000,QUIET,25
dibba,2013-11-26,25,0,0.4892,0.0780,11,28,0.8929,True,0.0000,QUIET,25
dibba,2013-11-27,16,0,-0.6085,-0.2689,11,28,0.5714,True,0.0000,QUIET,25
dibba,2013-11-28,8,2,2.9396,0.1309,11,28,0.2857,True,0.2500,QUIET,25
dibba,2013-11-29,0,0,,,11,28,0.0000,False,,NODATA,25
dibba,2013-11-30,27,1,2.2338,-0.0039,11,28,0.9643,True,0.0370,QUIET,25
dibba,2013-12-01,0,0,,,12,27,0.0000,False,,NODATA,25
dibba,2013-12-02,27,0,0.4654,-0.0411,12,27,1.0000,True,0.0000,QUIET,25
dibba,2013-12-03,3,2,3.2360,1.1425,12,27,0.1111,True,0.6667,EXCEED,25
dibba,2013-12-04,0,0,,,12,27,0.0000,False,,NODATA,25
dibba,2013-12-05,0,0,,,12,27,0.0000,False,,NODATA,25
dibba,2013-12-06,0,0,,,12,27,0.0000,False,,NODATA,25
dibba,2013-12-07,25,13,3.6925,1.1456,12,27,0.9259,True,0.5200,ALERT,25
dibba,2013-12-08,0,0,,,12,27,0.0000,False,,NODATA,25
dibba,2013-12-09,27,0,1.5475,0.3295,12,27,1.0000,True,0.0000,QUIET,25
dibba,2013-12-10,0,0,,,12,27,0.0000,False,,NODATA,25
dibba,2013-12-11,17,0,1.0520,0.1475,12,27,0.6296,True,0.0000,QUIET,25
dibba,2013-12-12,1,1,3.3242,1.1671,12,27,0.0370,False,,NODATA,25
dibba,2013-12-13,0,0,,,12,27,0.0000,False,,NODATA,25
dibba,2013-12-14,24,16,4.6676,1.1052,12,27,0.8889,True,0.6667,ALERT,25
dibba,2013-12-15,0,0,,,12,27,0.0000,False,,NODATA,25
dibba,2013-12-16,21,3,2.7014,0.3113,12,27,0.7778,True,0.1429,QUIET,25
dibba,2013-12-17,0,0,,,12,27,0.0000,False,,NODATA,25
dibba,2013-12-18,0,0,,,12,27,0.0000,False,,NODATA,25
dibba,2013-12-19,0,0,,,12,27,0.0000,False,,NODATA,25
dibba,2013-12-20,0,0,,,12,27,0.0000,False,,NODATA,25
dibba,2013-12-21,0,0,,,12,27,0.0000,False,,NODATA,25
dibba,2013-12-22,0,0,,,12,27,0.0000,False,,NODATA,25
dibba,2013-12-23,0,0,,,12,27,0.0000,False,,NODATA,25
dibba,2013-12-24,0,0,,,12,27,0.0000,False,,NODATA,25
dibba,2013-12-25,27,0,1.2117,0.0792,12,27,1.0000,True,0.0000,QUIET,25
dibba,2013-12-26,14,3,5.0076,0.7702,12,27,0.5185,True,0.2143,QUIET,25
dibba,2013-12-27,26,0,0.4956,0.0476,12,27,0.9630,True,0.0000,QUIET,25
dibba,2013-12-28,24,2,2.7369,0.2183,12,27,0.8889,True,0.0833,QUIET,25
dibba,2013-12-29,1,0,-0.5379,-0.0544,12,27,0.0370,False,,NODATA,25
dibba,2013-12-30,27,0,0.6785,0.1424,12,27,1.0000,True,0.0000,QUIET,25
dibba,2013-12-31,0,0,,,12,27,0.0000,False,,NODATA,25
dibba,2014-01-01,25,0,1.2428,0.2363,1,27,0.9259,True,0.0000,QUIET,25
dibba,2014-01-02,0,0,,,1,27,0.0000,False,,NODATA,25
dibba,2014-01-03,16,0,0.2068,-0.1442,1,27,0.5926,True,0.0000,QUIET,25
dibba,2014-01-04,14,0,0.7749,0.0101,1,27,0.5185,True,0.0000,QUIET,25
dibba,2014-01-05,15,0,0.6642,-0.2890,1,27,0.5556,True,0.0000,QUIET,25
dibba,2014-01-06,0,0,,,1,27,0.0000,False,,NODATA,25
dibba,2014-01-07,0,0,,,1,27,0.0000,False,,NODATA,25
dibba,2014-01-08,20,0,-1.0036,-0.3700,1,27,0.7407,True,0.0000,QUIET,25
dibba,2014-01-09,0,0,,,1,27,0.0000,False,,NODATA,25
dibba,2014-01-10,2,0,-0.5507,-0.2427,1,27,0.0741,False,,NODATA,25
dibba,2014-01-11,0,0,,,1,27,0.0000,False,,NODATA,25
dibba,2014-01-12,0,0,,,1,27,0.0000,False,,NODATA,25
dibba,2014-01-13,1,0,-0.8074,-0.2206,1,27,0.0370,False,,NODATA,25
dibba,2014-01-14,0,0,,,1,27,0.0000,False,,NODATA,25
dibba,2014-01-15,27,0,0.2598,-0.0043,1,27,1.0000,True,0.0000,QUIET,25
dibba,2014-01-16,0,0,,,1,27,0.0000,False,,NODATA,25
dibba,2014-01-17,23,0,1.9690,0.5681,1,27,0.8519,True,0.0000,QUIET,25
dibba,2014-01-18,0,0,,,1,27,0.0000,False,,NODATA,25
dibba,2014-01-19,0,0,,,1,27,0.0000,False,,NODATA,25
dibba,2014-01-20,0,0,,,1,27,0.0000,False,,NODATA,25
dibba,2014-01-21,20,3,2.4908,0.0359,1,27,0.7407,True,0.1500,QUIET,25
dibba,2014-01-22,27,2,3.1522,-0.0076,1,27,1.0000,True,0.0741,QUIET,25
dibba,2014-01-23,0,0,,,1,27,0.0000,False,,NODATA,25
dibba,2014-01-24,0,0,,,1,27,0.0000,False,,NODATA,25
dibba,2014-01-25,0,0,,,1,27,0.0000,False,,NODATA,25
dibba,2014-01-26,25,1,2.0576,0.2939,1,27,0.9259,True,0.0400,QUIET,25
dibba,2014-01-27,0,0,,,1,27,0.0000,False,,NODATA,25
dibba,2014-01-28,24,5,3.5701,0.4290,1,27,0.8889,True,0.2083,QUIET,25
dibba,2014-01-29,0,0,,,1,27,0.0000,False,,NODATA,25
dibba,2014-01-30,0,0,,,1,27,0.0000,False,,NODATA,25
dibba,2014-01-31,0,0,,,1,27,0.0000,False,,NODATA,25
dibba,2014-02-01,0,0,,,2,27,0.0000,False,,NODATA,25
dibba,2014-02-02,0,0,,,2,27,0.0000,False,,NODATA,25
dibba,2014-02-03,0,0,,,2,27,0.0000,False,,NODATA,25
dibba,2014-02-04,0,0,,,2,27,0.0000,False,,NODATA,25
dibba,2014-02-05,0,0,,,2,27,0.0000,False,,NODATA,25
dibba,2014-02-06,7,0,0.6733,0.6135,2,27,0.2593,True,0.0000,QUIET,25
dibba,2014-02-07,26,1,2.6824,0.6769,2,27,0.9630,True,0.0385,QUIET,25
dibba,2014-02-08,0,0,,,2,27,0.0000,False,,NODATA,25
dibba,2014-02-09,0,0,,,2,27,0.0000,False,,NODATA,25
dibba,2014-02-10,0,0,,,2,27,0.0000,False,,NODATA,25
dibba,2014-02-11,23,0,-0.2366,0.0031,2,27,0.8519,True,0.0000,QUIET,25
dibba,2014-02-12,0,0,,,2,27,0.0000,False,,NODATA,25
dibba,2014-02-13,25,0,-0.2630,0.0038,2,27,0.9259,True,0.0000,QUIET,25
dibba,2014-02-14,12,0,0.8456,0.4455,2,27,0.4444,True,0.0000,QUIET,25
dibba,2014-02-15,15,0,-0.3849,-0.1077,2,27,0.5556,True,0.0000,QUIET,25
dibba,2014-02-16,27,0,-0.1896,0.0284,2,27,1.0000,True,0.0000,QUIET,25
dibba,2014-02-17,0,0,,,2,27,0.0000,False,,NODATA,25
dibba,2014-02-18,0,0,,,2,27,0.0000,False,,NODATA,25
dibba,2014-02-19,0,0,,,2,27,0.0000,False,,NODATA,25
dibba,2014-02-20,27,0,0.0848,-0.1263,2,27,1.0000,True,0.0000,QUIET,25
dibba,2014-02-21,0,0,,,2,27,0.0000,False,,NODATA,25
dibba,2014-02-22,22,0,-0.1494,0.0181,2,27,0.8148,True,0.0000,QUIET,25
dibba,2014-02-23,26,0,0.6978,0.2696,2,27,0.9630,True,0.0000,QUIET,25
dibba,2014-02-24,0,0,,,2,27,0.0000,False,,NODATA,25
dibba,2014-02-25,23,0,1.8216,0.8654,2,27,0.8519,True,0.0000,QUIET,25
dibba,2014-02-26,0,0,,,2,27,0.0000,False,,NODATA,25
dibba,2014-02-27,7,0,0.9295,0.7500,2,27,0.2593,True,0.0000,QUIET,25
dibba,2014-02-28,0,0,,,2,27,0.0000,False,,NODATA,25
dibba,2014-03-01,0,0,,,3,27,0.0000,False,,NODATA,25
dibba,2014-03-02,6,3,2.7044,1.2208,3,27,0.2222,True,0.5000,EXCEED,25
dibba,2014-03-03,0,0,,,3,27,0.0000,False,,NODATA,25
dibba,2014-03-04,0,0,,,3,27,0.0000,False,,NODATA,25
dibba,2014-03-05,0,0,,,3,27,0.0000,False,,NODATA,25
dibba,2014-03-06,5,3,3.0628,1.4236,3,27,0.1852,True,0.6000,ALERT,25
dibba,2014-03-07,0,0,,,3,27,0.0000,False,,NODATA,25
dibba,2014-03-08,0,0,,,3,27,0.0000,False,,NODATA,25
dibba,2014-03-09,1,0,1.9256,1.2290,3,27,0.0370,False,,NODATA,25
dibba,2014-03-10,0,0,,,3,27,0.0000,False,,NODATA,25
dibba,2014-03-11,0,0,,,3,27,0.0000,False,,NODATA,25
dibba,2014-03-12,0,0,,,3,27,0.0000,False,,NODATA,25
dibba,2014-03-13,0,0,,,3,27,0.0000,False,,NODATA,25
dibba,2014-03-14,0,0,,,3,27,0.0000,False,,NODATA,25
dibba,2014-03-15,0,0,,,3,27,0.0000,False,,NODATA,25
dibba,2014-03-16,0,0,,,3,27,0.0000,False,,NODATA,25
dibba,2014-03-17,24,0,-0.1190,0.0556,3,27,0.8889,True,0.0000,QUIET,25
dibba,2014-03-18,24,0,1.7173,0.7251,3,27,0.8889,True,0.0000,QUIET,25
dibba,2014-03-19,13,0,0.9875,0.5085,3,27,0.4815,True,0.0000,QUIET,25
dibba,2014-03-20,0,0,,,3,27,0.0000,False,,NODATA,25
dibba,2014-03-21,0,0,,,3,27,0.0000,False,,NODATA,25
dibba,2014-03-22,0,0,,,3,27,0.0000,False,,NODATA,25
dibba,2014-03-23,0,0,,,3,27,0.0000,False,,NODATA,25
dibba,2014-03-24,0,0,,,3,27,0.0000,False,,NODATA,25
dibba,2014-03-25,0,0,,,3,27,0.0000,False,,NODATA,25
dibba,2014-03-26,0,0,,,3,27,0.0000,False,,NODATA,25
dibba,2014-03-27,23,0,0.8291,0.3468,3,27,0.8519,True,0.0000,QUIET,25
dibba,2014-03-28,7,0,-0.1791,0.1079,3,27,0.2593,True,0.0000,QUIET,25
dibba,2014-03-29,27,2,2.4328,0.8251,3,27,1.0000,True,0.0741,QUIET,25
dibba,2014-03-30,0,0,,,3,27,0.0000,False,,NODATA,25
dibba,2014-03-31,0,0,,,3,27,0.0000,False,,NODATA,25
dibba,2014-04-01,0,0,,,4,27,0.0000,False,,NODATA,25
dibba,2014-04-02,0,0,,,4,27,0.0000,False,,NODATA,25
dibba,2014-04-03,0,0,,,4,27,0.0000,False,,NODATA,25
dibba,2014-04-04,0,0,,,4,27,0.0000,False,,NODATA,25
dibba,2014-04-05,21,6,2.9880,0.3848,4,27,0.7778,True,0.2857,QUIET,25
dibba,2014-04-06,0,0,,,4,27,0.0000,False,,NODATA,25
dibba,2014-04-07,6,5,2.4931,0.4756,4,27,0.2222,True,0.8333,EXCEED,25
dibba,2014-04-08,0,0,,,4,27,0.0000,False,,NODATA,25
dibba,2014-04-09,0,0,,,4,27,0.0000,False,,NODATA,25
dibba,2014-04-10,0,0,,,4,27,0.0000,False,,NODATA,25
dibba,2014-04-11,0,0,,,4,27,0.0000,False,,NODATA,25
dibba,2014-04-12,0,0,,,4,27,0.0000,False,,NODATA,25
dibba,2014-04-13,0,0,,,4,27,0.0000,False,,NODATA,25
dibba,2014-04-14,4,0,0.4203,-0.0608,4,27,0.1481,True,0.0000,QUIET,25
dibba,2014-04-15,0,0,,,4,27,0.0000,False,,NODATA,25
dibba,2014-04-16,0,0,,,4,27,0.0000,False,,NODATA,25
dibba,2014-04-17,0,0,,,4,27,0.0000,False,,NODATA,25
dibba,2014-04-18,0,0,,,4,27,0.0000,False,,NODATA,25
dibba,2014-04-19,0,0,,,4,27,0.0000,False,,NODATA,25
dibba,2014-04-20,0,0,,,4,27,0.0000,False,,NODATA,25
dibba,2014-04-21,0,0,,,4,27,0.0000,False,,NODATA,25
dibba,2014-04-22,0,0,,,4,27,0.0000,False,,NODATA,25
dibba,2014-04-23,0,0,,,4,27,0.0000,False,,NODATA,25
dibba,2014-04-24,0,0,,,4,27,0.0000,False,,NODATA,25
dibba,2014-04-25,0,0,,,4,27,0.0000,False,,NODATA,25
dibba,2014-04-26,18,0,0.3290,-0.1086,4,27,0.6667,True,0.0000,QUIET,25
dibba,2014-04-27,0,0,,,4,27,0.0000,False,,NODATA,25
dibba,2014-04-28,14,0,0.8232,-0.3379,4,27,0.5185,True,0.0000,QUIET,25
dibba,2014-04-29,0,0,,,4,27,0.0000,False,,NODATA,25
dibba,2014-04-30,0,0,,,4,27,0.0000,False,,NODATA,25
dibba,2014-05-01,0,0,,,5,17,0.0000,False,,NODATA,25
dibba,2014-05-02,0,0,,,5,17,0.0000,False,,NODATA,25
dibba,2014-05-03,0,0,,,5,17,0.0000,False,,NODATA,25
dibba,2014-05-04,0,0,,,5,17,0.0000,False,,NODATA,25
dibba,2014-05-05,16,3,8.4033,-0.1791,5,17,0.9412,True,0.1875,QUIET,25
dibba,2014-05-06,10,0,0.1477,-0.4117,5,17,0.5882,True,0.0000,QUIET,25
dibba,2014-05-07,15,0,0.2574,-0.4959,5,17,0.8824,True,0.0000,QUIET,25
dibba,2014-05-08,0,0,,,5,17,0.0000,False,,NODATA,25
dibba,2014-05-09,0,0,,,5,17,0.0000,False,,NODATA,25
dibba,2014-05-10,0,0,,,5,17,0.0000,False,,NODATA,25
dibba,2014-05-11,0,0,,,5,17,0.0000,False,,NODATA,25
dibba,2014-05-12,0,0,,,5,17,0.0000,False,,NODATA,25
dibba,2014-05-13,0,0,,,5,17,0.0000,False,,NODATA,25
dibba,2014-05-14,0,0,,,5,17,0.0000,False,,NODATA,25
dibba,2014-05-15,0,0,,,5,17,0.0000,False,,NODATA,25
dibba,2014-05-16,0,0,,,5,17,0.0000,False,,NODATA,25
dibba,2014-05-17,0,0,,,5,17,0.0000,False,,NODATA,25
dibba,2014-05-18,0,0,,,5,17,0.0000,False,,NODATA,25
dibba,2014-05-19,0,0,,,5,17,0.0000,False,,NODATA,25
dibba,2014-05-20,0,0,,,5,17,0.0000,False,,NODATA,25
dibba,2014-05-21,0,0,,,5,17,0.0000,False,,NODATA,25
dibba,2014-05-22,0,0,,,5,17,0.0000,False,,NODATA,25
dibba,2014-05-23,0,0,,,5,17,0.0000,False,,NODATA,25
dibba,2014-05-24,0,0,,,5,17,0.0000,False,,NODATA,25
dibba,2014-05-25,0,0,,,5,17,0.0000,False,,NODATA,25
dibba,2014-05-26,0,0,,,5,17,0.0000,False,,NODATA,25
dibba,2014-05-27,0,0,,,5,17,0.0000,False,,NODATA,25
dibba,2014-05-28,0,0,,,5,17,0.0000,False,,NODATA,25
dibba,2014-05-29,0,0,,,5,17,0.0000,False,,NODATA,25
dibba,2014-05-30,17,0,1.7165,-0.3609,5,17,1.0000,True,0.0000,QUIET,25
dibba,2014-05-31,0,0,,,5,17,0.0000,False,,NODATA,25
dibba,2014-06-01,12,0,1.1131,-0.4847,6,14,0.8571,True,0.0000,QUIET,25
dibba,2014-06-02,0,0,,,6,14,0.0000,False,,NODATA,25
dibba,2014-06-03,0,0,,,6,14,0.0000,False,,NODATA,25
dibba,2014-06-04,0,0,,,6,14,0.0000,False,,NODATA,25
dibba,2014-06-05,0,0,,,6,14,0.0000,False,,NODATA,25
dibba,2014-06-06,14,5,7.7730,-0.3104,6,14,1.0000,True,0.3571,QUIET,25
dibba,2014-06-07,0,0,,,6,14,0.0000,False,,NODATA,25
dibba,2014-06-08,14,0,1.2666,-0.6929,6,14,1.0000,True,0.0000,QUIET,25
dibba,2014-06-09,0,0,,,6,14,0.0000,False,,NODATA,25
dibba,2014-06-10,0,0,,,6,14,0.0000,False,,NODATA,25
dibba,2014-06-11,0,0,,,6,14,0.0000,False,,NODATA,25
dibba,2014-06-12,0,0,,,6,14,0.0000,False,,NODATA,25
dibba,2014-06-13,0,0,,,6,14,0.0000,False,,NODATA,25
dibba,2014-06-14,0,0,,,6,14,0.0000,False,,NODATA,25
dibba,2014-06-15,14,0,0.6570,-0.6036,6,14,1.0000,True,0.0000,QUIET,25
dibba,2014-06-16,0,0,,,6,14,0.0000,False,,NODATA,25
dibba,2014-06-17,0,0,,,6,14,0.0000,False,,NODATA,25
dibba,2014-06-18,0,0,,,6,14,0.0000,False,,NODATA,25
dibba,2014-06-19,0,0,,,6,14,0.0000,False,,NODATA,25
dibba,2014-06-20,0,0,,,6,14,0.0000,False,,NODATA,25
dibba,2014-06-21,0,0,,,6,14,0.0000,False,,NODATA,25
dibba,2014-06-22,0,0,,,6,14,0.0000,False,,NODATA,25
dibba,2014-06-23,0,0,,,6,14,0.0000,False,,NODATA,25
dibba,2014-06-24,0,0,,,6,14,0.0000,False,,NODATA,25
dibba,2014-06-25,0,0,,,6,14,0.0000,False,,NODATA,25
dibba,2014-06-26,0,0,,,6,14,0.0000,False,,NODATA,25
dibba,2014-06-27,0,0,,,6,14,0.0000,False,,NODATA,25
dibba,2014-06-28,0,0,,,6,14,0.0000,False,,NODATA,25
dibba,2014-06-29,0,0,,,6,14,0.0000,False,,NODATA,25
dibba,2014-06-30,0,0,,,6,14,0.0000,False,,NODATA,25
dibba,2014-07-01,0,0,,,7,0,0.0000,False,,NODATA,25
dibba,2014-07-02,0,0,,,7,0,0.0000,False,,NODATA,25
dibba,2014-07-03,0,0,,,7,0,0.0000,False,,NODATA,25
dibba,2014-07-04,0,0,,,7,0,0.0000,False,,NODATA,25
dibba,2014-07-05,0,0,,,7,0,0.0000,False,,NODATA,25
dibba,2014-07-06,0,0,,,7,0,0.0000,False,,NODATA,25
dibba,2014-07-07,0,0,,,7,0,0.0000,False,,NODATA,25
dibba,2014-07-08,0,0,,,7,0,0.0000,False,,NODATA,25
dibba,2014-07-09,0,0,,,7,0,0.0000,False,,NODATA,25
dibba,2014-07-10,0,0,,,7,0,0.0000,False,,NODATA,25
dibba,2014-07-11,0,0,,,7,0,0.0000,False,,NODATA,25
dibba,2014-07-12,0,0,,,7,0,0.0000,False,,NODATA,25
dibba,2014-07-13,0,0,,,7,0,0.0000,False,,NODATA,25
dibba,2014-07-14,0,0,,,7,0,0.0000,False,,NODATA,25
dibba,2014-07-15,0,0,,,7,0,0.0000,False,,NODATA,25
dibba,2014-07-16,0,0,,,7,0,0.0000,False,,NODATA,25
dibba,2014-07-17,0,0,,,7,0,0.0000,False,,NODATA,25
dibba,2014-07-18,0,0,,,7,0,0.0000,False,,NODATA,25
dibba,2014-07-19,0,0,,,7,0,0.0000,False,,NODATA,25
dibba,2014-07-20,0,0,,,7,0,0.0000,False,,NODATA,25
dibba,2014-07-21,0,0,,,7,0,0.0000,False,,NODATA,25
dibba,2014-07-22,0,0,,,7,0,0.0000,False,,NODATA,25
dibba,2014-07-23,0,0,,,7,0,0.0000,False,,NODATA,25
dibba,2014-07-24,0,0,,,7,0,0.0000,False,,NODATA,25
dibba,2014-07-25,0,0,,,7,0,0.0000,False,,NODATA,25
dibba,2014-07-26,0,0,,,7,0,0.0000,False,,NODATA,25
dibba,2014-07-27,0,0,,,7,0,0.0000,False,,NODATA,25
dibba,2014-07-28,0,0,,,7,0,0.0000,False,,NODATA,25
dibba,2014-07-29,0,0,,,7,0,0.0000,False,,NODATA,25
dibba,2014-07-30,0,0,,,7,0,0.0000,False,,NODATA,25
dibba,2014-07-31,0,0,,,7,0,0.0000,False,,NODATA,25
dibba,2014-08-01,0,0,,,8,0,0.0000,False,,NODATA,25
dibba,2014-08-02,0,0,,,8,0,0.0000,False,,NODATA,25
dibba,2014-08-03,0,0,,,8,0,0.0000,False,,NODATA,25
dibba,2014-08-04,0,0,,,8,0,0.0000,False,,NODATA,25
dibba,2014-08-05,0,0,,,8,0,0.0000,False,,NODATA,25
dibba,2014-08-06,0,0,,,8,0,0.0000,False,,NODATA,25
dibba,2014-08-07,0,0,,,8,0,0.0000,False,,NODATA,25
dibba,2014-08-08,0,0,,,8,0,0.0000,False,,NODATA,25
dibba,2014-08-09,0,0,,,8,0,0.0000,False,,NODATA,25
dibba,2014-08-10,0,0,,,8,0,0.0000,False,,NODATA,25
dibba,2014-08-11,0,0,,,8,0,0.0000,False,,NODATA,25
dibba,2014-08-12,0,0,,,8,0,0.0000,False,,NODATA,25
dibba,2014-08-13,0,0,,,8,0,0.0000,False,,NODATA,25
dibba,2014-08-14,0,0,,,8,0,0.0000,False,,NODATA,25
dibba,2014-08-15,0,0,,,8,0,0.0000,False,,NODATA,25
dibba,2014-08-16,0,0,,,8,0,0.0000,False,,NODATA,25
dibba,2014-08-17,0,0,,,8,0,0.0000,False,,NODATA,25
dibba,2014-08-18,0,0,,,8,0,0.0000,False,,NODATA,25
dibba,2014-08-19,0,0,,,8,0,0.0000,False,,NODATA,25
dibba,2014-08-20,0,0,,,8,0,0.0000,False,,NODATA,25
dibba,2014-08-21,0,0,,,8,0,0.0000,False,,NODATA,25
dibba,2014-08-22,0,0,,,8,0,0.0000,False,,NODATA,25
dibba,2014-08-23,0,0,,,8,0,0.0000,False,,NODATA,25
dibba,2014-08-24,0,0,,,8,0,0.0000,False,,NODATA,25
dibba,2014-08-25,0,0,,,8,0,0.0000,False,,NODATA,25
dibba,2014-08-26,0,0,,,8,0,0.0000,False,,NODATA,25
dibba,2014-08-27,0,0,,,8,0,0.0000,False,,NODATA,25
dibba,2014-08-28,0,0,,,8,0,0.0000,False,,NODATA,25
dibba,2014-08-29,0,0,,,8,0,0.0000,False,,NODATA,25
dibba,2014-08-30,0,0,,,8,0,0.0000,False,,NODATA,25
dibba,2014-08-31,0,0,,,8,0,0.0000,False,,NODATA,25
dibba,2014-09-01,0,0,,,9,21,0.0000,False,,NODATA,25
dibba,2014-09-02,0,0,,,9,21,0.0000,False,,NODATA,25
dibba,2014-09-03,9,0,-0.6191,-0.4728,9,21,0.4286,True,0.0000,QUIET,25
dibba,2014-09-04,0,0,,,9,21,0.0000,False,,NODATA,25
dibba,2014-09-05,17,0,-0.8189,-0.5166,9,21,0.8095,True,0.0000,QUIET,25
dibba,2014-09-06,0,0,,,9,21,0.0000,False,,NODATA,25
dibba,2014-09-07,0,0,,,9,21,0.0000,False,,NODATA,25
dibba,2014-09-08,0,0,,,9,21,0.0000,False,,NODATA,25
dibba,2014-09-09,0,0,,,9,21,0.0000,False,,NODATA,25
dibba,2014-09-10,0,0,,,9,21,0.0000,False,,NODATA,25
dibba,2014-09-11,0,0,,,9,21,0.0000,False,,NODATA,25
dibba,2014-09-12,0,0,,,9,21,0.0000,False,,NODATA,25
dibba,2014-09-13,0,0,,,9,21,0.0000,False,,NODATA,25
dibba,2014-09-14,0,0,,,9,21,0.0000,False,,NODATA,25
dibba,2014-09-15,0,0,,,9,21,0.0000,False,,NODATA,25
dibba,2014-09-16,0,0,,,9,21,0.0000,False,,NODATA,25
dibba,2014-09-17,0,0,,,9,21,0.0000,False,,NODATA,25
dibba,2014-09-18,0,0,,,9,21,0.0000,False,,NODATA,25
dibba,2014-09-19,0,0,,,9,21,0.0000,False,,NODATA,25
dibba,2014-09-20,0,0,,,9,21,0.0000,False,,NODATA,25
dibba,2014-09-21,17,0,1.2410,-0.1413,9,21,0.8095,True,0.0000,QUIET,25
dibba,2014-09-22,0,0,,,9,21,0.0000,False,,NODATA,25
dibba,2014-09-23,0,0,,,9,21,0.0000,False,,NODATA,25
dibba,2014-09-24,0,0,,,9,21,0.0000,False,,NODATA,25
dibba,2014-09-25,0,0,,,9,21,0.0000,False,,NODATA,25
dibba,2014-09-26,0,0,,,9,21,0.0000,False,,NODATA,25
dibba,2014-09-27,0,0,,,9,21,0.0000,False,,NODATA,25
dibba,2014-09-28,21,0,0.8085,0.0020,9,21,1.0000,True,0.0000,QUIET,25
dibba,2014-09-29,0,0,,,9,21,0.0000,False,,NODATA,25
dibba,2014-09-30,21,0,1.7749,0.1848,9,21,1.0000,True,0.0000,QUIET,25
dibba,2014-10-01,0,0,,,10,28,0.0000,False,,NODATA,25
dibba,2014-10-02,0,0,,,10,28,0.0000,False,,NODATA,25
dibba,2014-10-03,0,0,,,10,28,0.0000,False,,NODATA,25
dibba,2014-10-04,0,0,,,10,28,0.0000,False,,NODATA,25
dibba,2014-10-05,0,0,,,10,28,0.0000,False,,NODATA,25
dibba,2014-10-06,0,0,,,10,28,0.0000,False,,NODATA,25
dibba,2014-10-07,0,0,,,10,28,0.0000,False,,NODATA,25
dibba,2014-10-08,0,0,,,10,28,0.0000,False,,NODATA,25
dibba,2014-10-09,0,0,,,10,28,0.0000,False,,NODATA,25
dibba,2014-10-10,0,0,,,10,28,0.0000,False,,NODATA,25
dibba,2014-10-11,0,0,,,10,28,0.0000,False,,NODATA,25
dibba,2014-10-12,17,0,1.3138,-0.2528,10,28,0.6071,True,0.0000,QUIET,25
dibba,2014-10-13,0,0,,,10,28,0.0000,False,,NODATA,25
dibba,2014-10-14,27,0,1.9280,0.0268,10,28,0.9643,True,0.0000,QUIET,25
dibba,2014-10-15,0,0,,,10,28,0.0000,False,,NODATA,25
dibba,2014-10-16,0,0,,,10,28,0.0000,False,,NODATA,25
dibba,2014-10-17,0,0,,,10,28,0.0000,False,,NODATA,25
dibba,2014-10-18,0,0,,,10,28,0.0000,False,,NODATA,25
dibba,2014-10-19,0,0,,,10,28,0.0000,False,,NODATA,25
dibba,2014-10-20,23,0,0.4394,-0.2636,10,28,0.8214,True,0.0000,QUIET,25
dibba,2014-10-21,8,0,0.4861,-0.1464,10,28,0.2857,True,0.0000,QUIET,25
dibba,2014-10-22,0,0,,,10,28,0.0000,False,,NODATA,25
dibba,2014-10-23,28,0,1.7138,-0.1001,10,28,1.0000,True,0.0000,QUIET,25
dibba,2014-10-24,0,0,,,10,28,0.0000,False,,NODATA,25
dibba,2014-10-25,22,0,0.0910,-0.2850,10,28,0.7857,True,0.0000,QUIET,25
dibba,2014-10-26,0,0,,,10,28,0.0000,False,,NODATA,25
dibba,2014-10-27,0,0,,,10,28,0.0000,False,,NODATA,25
dibba,2014-10-28,25,0,1.7002,-0.1516,10,28,0.8929,True,0.0000,QUIET,25
dibba,2014-10-29,0,0,,,10,28,0.0000,False,,NODATA,25
dibba,2014-10-30,0,0,,,10,28,0.0000,False,,NODATA,25
dibba,2014-10-31,0,0,,,10,28,0.0000,False,,NODATA,25
dibba,2014-11-01,0,0,,,11,28,0.0000,False,,NODATA,25
dibba,2014-11-02,0,0,,,11,28,0.0000,False,,NODATA,25
dibba,2014-11-03,27,0,0.2760,-0.0410,11,28,0.9643,True,0.0000,QUIET,25
dibba,2014-11-04,0,0,,,11,28,0.0000,False,,NODATA,25
dibba,2014-11-05,0,0,,,11,28,0.0000,False,,NODATA,25
dibba,2014-11-06,0,0,,,11,28,0.0000,False,,NODATA,25
dibba,2014-11-07,0,0,,,11,28,0.0000,False,,NODATA,25
dibba,2014-11-08,0,0,,,11,28,0.0000,False,,NODATA,25
dibba,2014-11-09,0,0,,,11,28,0.0000,False,,NODATA,25
dibba,2014-11-10,27,0,0.1329,-0.0080,11,28,0.9643,True,0.0000,QUIET,25
dibba,2014-11-11,18,0,0.7192,0.2656,11,28,0.6429,True,0.0000,QUIET,25
dibba,2014-11-12,26,0,0.0604,-0.1525,11,28,0.9286,True,0.0000,QUIET,25
dibba,2014-11-13,22,0,1.3125,0.0152,11,28,0.7857,True,0.0000,QUIET,25
dibba,2014-11-14,20,0,-0.1688,-0.0975,11,28,0.7143,True,0.0000,QUIET,25
dibba,2014-11-15,27,0,0.4842,0.1825,11,28,0.9643,True,0.0000,QUIET,25
dibba,2014-11-16,0,0,,,11,28,0.0000,False,,NODATA,25
dibba,2014-11-17,0,0,,,11,28,0.0000,False,,NODATA,25
dibba,2014-11-18,0,0,,,11,28,0.0000,False,,NODATA,25
dibba,2014-11-19,6,0,0.0510,0.0718,11,28,0.2143,True,0.0000,QUIET,25
dibba,2014-11-20,0,0,,,11,28,0.0000,False,,NODATA,25
dibba,2014-11-21,12,0,-0.3621,-0.2473,11,28,0.4286,True,0.0000,QUIET,25
dibba,2014-11-22,20,0,1.4094,0.4923,11,28,0.7143,True,0.0000,QUIET,25
dibba,2014-11-23,0,0,,,11,28,0.0000,False,,NODATA,25
dibba,2014-11-24,18,0,0.7016,0.2136,11,28,0.6429,True,0.0000,QUIET,25
dibba,2014-11-25,0,0,,,11,28,0.0000,False,,NODATA,25
dibba,2014-11-26,8,0,0.7219,0.2805,11,28,0.2857,True,0.0000,QUIET,25
dibba,2014-11-27,0,0,,,11,28,0.0000,False,,NODATA,25
dibba,2014-11-28,18,0,1.4868,0.2573,11,28,0.6429,True,0.0000,QUIET,25
dibba,2014-11-29,24,4,3.1282,0.8174,11,28,0.8571,True,0.1667,QUIET,25
dibba,2014-11-30,20,0,0.4106,0.0835,11,28,0.7143,True,0.0000,QUIET,25
dibba,2014-12-01,1,0,0.3739,0.1718,12,27,0.0370,False,,NODATA,25
dibba,2014-12-02,0,0,,,12,27,0.0000,False,,NODATA,25
dibba,2014-12-03,27,0,0.3458,0.0889,12,27,1.0000,True,0.0000,QUIET,25
dibba,2014-12-04,0,0,,,12,27,0.0000,False,,NODATA,25
dibba,2014-12-05,27,0,-0.5693,-0.1527,12,27,1.0000,True,0.0000,QUIET,25
dibba,2014-12-06,19,6,4.9980,0.6804,12,27,0.7037,True,0.3158,QUIET,25
dibba,2014-12-07,23,0,0.3003,0.0028,12,27,0.8519,True,0.0000,QUIET,25
dibba,2014-12-08,19,16,5.4811,1.2028,12,27,0.7037,True,0.8421,EXCEED,25
dibba,2014-12-09,0,0,,,12,27,0.0000,False,,NODATA,25
dibba,2014-12-10,27,0,1.7263,0.4904,12,27,1.0000,True,0.0000,QUIET,25
dibba,2014-12-11,0,0,,,12,27,0.0000,False,,NODATA,25
dibba,2014-12-12,27,0,0.0951,0.0117,12,27,1.0000,True,0.0000,QUIET,25
dibba,2014-12-13,0,0,,,12,27,0.0000,False,,NODATA,25
dibba,2014-12-14,26,5,3.6216,0.2664,12,27,0.9630,True,0.1923,QUIET,25
dibba,2014-12-15,0,0,,,12,27,0.0000,False,,NODATA,25
dibba,2014-12-16,0,0,,,12,27,0.0000,False,,NODATA,25
dibba,2014-12-17,27,22,3.9899,1.2458,12,27,1.0000,True,0.8148,EXCEED,25
dibba,2014-12-18,0,0,,,12,27,0.0000,False,,NODATA,25
dibba,2014-12-19,27,5,3.1573,0.7076,12,27,1.0000,True,0.1852,QUIET,25
dibba,2014-12-20,0,0,,,12,27,0.0000,False,,NODATA,25
dibba,2014-12-21,10,1,2.1718,0.3500,12,27,0.3704,True,0.1000,QUIET,25
dibba,2014-12-22,0,0,,,12,27,0.0000,False,,NODATA,25
dibba,2014-12-23,0,0,,,12,27,0.0000,False,,NODATA,25
dibba,2014-12-24,20,17,4.9206,1.2632,12,27,0.7407,True,0.8500,ALERT,25
dibba,2014-12-25,13,0,0.7114,0.0709,12,27,0.4815,True,0.0000,QUIET,25
dibba,2014-12-26,27,11,3.4742,0.8667,12,27,1.0000,True,0.4074,QUIET,25
dibba,2014-12-27,0,0,,,12,27,0.0000,False,,NODATA,25
dibba,2014-12-28,27,0,1.2873,0.3437,12,27,1.0000,True,0.0000,QUIET,25
dibba,2014-12-29,0,0,,,12,27,0.0000,False,,NODATA,25
dibba,2014-12-30,0,0,,,12,27,0.0000,False,,NODATA,25
dibba,2014-12-31,0,0,,,12,27,0.0000,False,,NODATA,25
